file	module	kind	sha256	status	note
.github/workflows/cmake-multi-platform.yml	.github	config	0cd475b4de04da9ca593c6afb6e33ca9fa9dc229025210058702d72083917e3a	reviewed	-
.github/workflows/wiki-pages.yml	.github	config	ae5880295c8efaef9384d0e7a6d68be25022a7085c1c731c549ae32c3b60adfa	reviewed	-
CMakeLists.txt	CMakeLists.txt	config	adf88ea55fcceacdd86aa0e54165057c3cadef3c1f596cbb592eb497f7b9b072	reviewed	-
docs/pygments_zr/pyproject.toml	docs/pygments_zr	config	4643d9d9b06a901003ba03ce68aeeed081da13ded380ea27d6c6710ae067372d	reviewed	-
docs/pygments_zr/zr_pygments/__init__.py	docs/pygments_zr	code	cc78725f63c5df870bccf98d20c67794ca94466deeaa19b9f92d5ccc70274ecd	reviewed	-
docs/pygments_zr/zr_pygments/lexer.py	docs/pygments_zr	code	a0c950fddb3edd40705544287f89cc9d2b4076aa1bc203832f7201f43d76cb47	reviewed	-
docs/wiki/manifest.json	docs/wiki	config	b66189b1cb50812d630ac01ff26ee2dcded755ea892fcdd8e23b53413b351c83	reviewed	-
docs/wiki/stylesheets/extra.css	docs/wiki	code	84577057eb14fcce166b281eb8cc4c936b9147e584f7dd9d0d3432273e6b5a38	reviewed	-
requirements-docs.txt	requirements-docs.txt	config	3ee192fade4dd75d0e5590f6e54fc63119e5ac57c7d901e80a0085508356ce50	reviewed	-
scripts/audit_magic_constants.py	scripts	script	7fe877568fa0815fcac662badf6bd7051817c307df63e6ed8f49729507689473	reviewed	-
scripts/benchmark/aggregate_benchmark_summary.py	scripts	script	df98d428e51a6bd182f4767f885f74504ed304e33d688249154c4bfae1e62802	reviewed	-
scripts/benchmark/benchmark_compare_viewer.html	scripts	script	f1523ed2f161338928df6808ff0b8c476135f941127e0ac4a5f7ceba2870dc28	reviewed	-
scripts/benchmark/benchmark_environment_capture.py	scripts	script	639f3b51e298571da08d1a1e2c076b3c43d56a0be7f59629ee85528ad78fe2ba	reviewed	-
scripts/benchmark/benchmark_environment_contract.py	scripts	script	2de08bc0f173ce8478496491b5c433290cddf7055141ab6f6515e6c63b5454be	reviewed	-
scripts/benchmark/benchmark_environment_schema.py	scripts	script	9ef96ce07404c5c1fc47355b033b433ebf52a309d8bc8aa959e413787d0b66e8	reviewed	-
scripts/benchmark/benchmark_execution_plan.py	scripts	script	7ebabfcf379b091bf312618c7572c942f32b05314f492ab4c95ee0892660b6cf	reviewed	-
scripts/benchmark/benchmark_report_publisher.py	scripts	script	0a3802da0e258f53aec983afb0888808797191e0bcf79e4154c26706455fb5cf	reviewed	-
scripts/benchmark/benchmark_reports_to_csv.py	scripts	script	a9c637d612ac63e7c29bbb941c96dffa72d024ebedef57ecf9d7d70e87391f05	reviewed	-
scripts/benchmark/benchmark_source_identity.py	scripts	script	35a66ef23f43469c32f7ff41c011031f2ce35cf8b3d5ad3ded3792bb013f054c	reviewed	-
scripts/benchmark/benchmark_statistics.py	scripts	script	584f39552b6bfb163f0a2e81a7ec30bf32ed576d3c96e23c763bac4bb3c8477c	reviewed	-
scripts/benchmark/benchmark_task4_contract.py	scripts	script	f2e60d0d902ddc47f352edc899a489245ea778fe74e761197e8f6dd9adcb9d2a	reviewed	-
scripts/benchmark/build_benchmark_release.ps1	scripts	script	42d1390181c7a222dbab1f8fe095e7a510130acbe6be67febc64fee31560f883	reviewed	-
scripts/benchmark/build_benchmark_release.sh	scripts	script	f47a45089a17f0bcb9fd6ae57293ccd73c334d3a604877ac73dd18f9e26d13d9	reviewed	-
scripts/benchmark/capture_benchmark_environment.sh	scripts	script	1392539b0dc13e4c065ac5297ac779931cd3fe969cb962c62cc20f9889829467	reviewed	-
scripts/benchmark/run_gc_overhead_stress.sh	scripts	script	9863221fcf71aed614901f8c3d547379cc28d962b453666d4f5e0776421a9526	reviewed	-
scripts/benchmark/run_typed_opcode_perf_closure.sh	scripts	script	56d7700da62349fbb323018e06160d144a4a773743e31bbc83ab49fdc0dd3ac7	reviewed	-
scripts/benchmark/run_wsl_benchmarks_report_csv.sh	scripts	script	2197eacd5b09890911bb306110be8df5aa84e7719c2dd08a7d42ae6bcbbdffc6	reviewed	-
scripts/code_review_inventory.py	scripts	script	b53d122a91bc83df8ad6862798c474131cd35adebe5259d34385df4e5ef01f8d	reviewed	coverage/review_tooling.tsv; batch anchor validator independent review and negative cases
scripts/codegen/generate_execbc_patterns.py	scripts	script	1c89f7969ab2df95714e8010d4d62fbd4fbba12b72cfc00d809f6e063160bd66	reviewed	-
scripts/syntax_migration_inventory.py	scripts	script	994971db29a74121fe6bd46a7bce256ca4a58070baac4a5e50de6dd747f45c01	reviewed	-
scripts/syntax_status_records.py	scripts	script	b0e34890224d28581a0ea2615c7f25bd6c8c753ec0bafd92070a893bf7bd3786	reviewed	-
scripts/validate_wiki.py	scripts	script	b3c6029413efb23bb3d520f3f14f07206d4364295ec36f431c7ad64fb532e6bf	reviewed	wiki source validation: 31 units; independent review; tests 5/5
tests/CMakeLists.txt	tests/CMakeLists.txt	config	2a3ef5419009e1631695be6bf7058811ad1847f5f915ce0d20cd20301abc621e	pending	-
tests/artifact/test_io_source_lifetime_cases.h	tests/artifact	test	5a486a7239ef9a22b1455b6edd06688807801775d2ec4992aecb4853774efdf1	reviewed	17 单元调用链与失败路径已独立审查
tests/artifact/test_manifest_roundtrip.c	tests/artifact	test	458e2fa00bbd8e1bc3a5a0aab97a9a6a3e57675f88a4156bcac78a49f2670095	reviewed	17 单元调用链与失败路径已独立审查
tests/benchmarks/aot_runner/aot_coverage.c	tests/benchmarks	test	a62703f2f0795de4b7d730b1d796507e96e136dd0ed2c76a4645c29c7b7d8b33	reviewed	-
tests/benchmarks/aot_runner/aot_coverage.h	tests/benchmarks	test	f9091914c0484ddf68afded304a330f451d7cada19f55c2fe8fb514e5b0c965b	reviewed	-
tests/benchmarks/aot_runner/aot_runner.c	tests/benchmarks	test	7db0a0678e0dbb0ad58fd850abdbda133cbb537144171ec4a20c4c43917bb4bc	reviewed	-
tests/benchmarks/aot_runner/aot_runner.h	tests/benchmarks	test	5eb821e05ec5ad12c5e86702f73d46cda05f5b0f6b7678d48fc80f6dbcc48d4c	reviewed	-
tests/benchmarks/aot_runner/main.c	tests/benchmarks	test	dbce418d620b75369a3141574555413664a14ab882abebb77326dfffd3fc5cdb	reviewed	-
tests/benchmarks/call_binding_measurement.c	tests/benchmarks	test	62bc1b1dd9db869a7180b8f7c14e15a93b51aab62cfdd714e449a53c634b8ad7	reviewed	-
tests/benchmarks/cases/array_index_dense/c/benchmark_case.c	tests/benchmarks	test	d75036fd9bc8abff088eb4c369537677e8d6ccba7f29ba90d1056650d1eee30a	reviewed	-
tests/benchmarks/cases/array_index_dense/java/benchmark_case.java	tests/benchmarks	test	ffedcbdae2e94139377959f4798f84356cf218204ea4b9aa6b74da5a04f48ea1	reviewed	-
tests/benchmarks/cases/array_index_dense/node/main.js	tests/benchmarks	test	8fb52fa084614b2e72ec2e56a0fe046e2cfb350ddbe99f1cd6aa253a8db852fe	reviewed	-
tests/benchmarks/cases/array_index_dense/python/main.py	tests/benchmarks	test	503e607ad37f4614bcd7f59d8000c676294f58eee50f26e9353af014ab786b69	reviewed	-
tests/benchmarks/cases/array_index_dense/zr/benchmark_array_index_dense.zrp	tests/benchmarks	test	9f0638917d39e78b05907b33905ff8a48f0f52026fbeb6769b277cc2b6c51685	reviewed	-
tests/benchmarks/cases/array_index_dense/zr/src/main.zr	tests/benchmarks	test	ece2dfe2e72d65b2223fb2036339ac0f041a8a285af1e1f8aff96d299114f00d	reviewed	-
tests/benchmarks/cases/branch_jump_dense/c/benchmark_case.c	tests/benchmarks	test	580bae3ae1f40b8c6e61d389b44646bd51654b5979e94fdd50953897ccd42301	reviewed	-
tests/benchmarks/cases/branch_jump_dense/java/benchmark_case.java	tests/benchmarks	test	5d575d0606cabda2edcd9848556891b83d27829a6eaf4dd724710fe1cf272fa1	reviewed	-
tests/benchmarks/cases/branch_jump_dense/node/main.js	tests/benchmarks	test	dad6157bc58aeeed3a9a6fc87dc3ff5aa5703596a9f7527776e5187eee76f0d8	reviewed	-
tests/benchmarks/cases/branch_jump_dense/python/main.py	tests/benchmarks	test	b578057af178fc0132138d3a4683d3a912de6b501b0f4fabbb988bf91034803a	reviewed	-
tests/benchmarks/cases/branch_jump_dense/zr/benchmark_branch_jump_dense.zrp	tests/benchmarks	test	665a60d331deb759579f11464ac85599bad48ea11605ed26b7979fce8ef6b046	reviewed	-
tests/benchmarks/cases/branch_jump_dense/zr/src/main.zr	tests/benchmarks	test	36a59872523ce447d5555b2c474cfd6a8af30006ce5f6e1579aed072eb87706a	reviewed	-
tests/benchmarks/cases/call_chain_polymorphic/c/benchmark_case.c	tests/benchmarks	test	8ec6786a3ea295eadfea050b3c3115afbc718ccaeaf95d5b758545e38fa81198	reviewed	-
tests/benchmarks/cases/call_chain_polymorphic/java/benchmark_case.java	tests/benchmarks	test	63683c551fc718524dc00f179abdefbf2cc1e9ef94986107c293f02f7ed1a4af	reviewed	-
tests/benchmarks/cases/call_chain_polymorphic/node/main.js	tests/benchmarks	test	c3d1c6243527b4999439262eef15f8f01290f40189a85936b23ea4ab26869c36	reviewed	-
tests/benchmarks/cases/call_chain_polymorphic/python/main.py	tests/benchmarks	test	23214ada7a1d1da790a7bd5beaa78157c5fb3cd0a97e6f463a47caae75d6ff4b	reviewed	-
tests/benchmarks/cases/call_chain_polymorphic/zr/benchmark_call_chain_polymorphic.zrp	tests/benchmarks	test	c85067702064c060f3730b9cec6e13378f3e3c6d1029a70ab6bb2bb81d9f24cc	reviewed	-
tests/benchmarks/cases/call_chain_polymorphic/zr/src/main.zr	tests/benchmarks	test	223e19d9a69e54caf71b590ebc2a1c594523f6a4ab3168cecb5f2593653ea11b	reviewed	-
tests/benchmarks/cases/container_pipeline/c/benchmark_case.c	tests/benchmarks	test	e557684ebc5cca228f292a8a29e25365679dab692e02407b17efd177145d663f	reviewed	-
tests/benchmarks/cases/container_pipeline/dotnet/benchmark_case.cs	tests/benchmarks	test	599e27ff71945d1f75ff96ab9966c22b20dff9d7539991ad84eef49db6e7d0c1	reviewed	-
tests/benchmarks/cases/container_pipeline/java/benchmark_case.java	tests/benchmarks	test	7c2d9159c9681534f34365119c20a341eae6b95a477c591fd450eadfb67cd4a1	reviewed	-
tests/benchmarks/cases/container_pipeline/lua/main.lua	tests/benchmarks	test	684058994c3946942b7356dff8fc397cbb27f94fc380c2f6de69dc83e1e36598	reviewed	-
tests/benchmarks/cases/container_pipeline/node/main.js	tests/benchmarks	test	a1f2b947efb9cc211bce11f8ba14d7bb6fed4b0d0d425e437d4f77a8a81e0712	reviewed	-
tests/benchmarks/cases/container_pipeline/python/main.py	tests/benchmarks	test	69c30cd621ba35712f09eef58552f1e061ef07d54dfc76a7c3117b147821a348	reviewed	-
tests/benchmarks/cases/container_pipeline/qjs/main.js	tests/benchmarks	test	1d4ff625131b5b1b5de1e6d764a7fbd7a2ad86164280e3b26e105766968beb0f	reviewed	-
tests/benchmarks/cases/container_pipeline/rust/mod.rs	tests/benchmarks	test	9393432548546bd2bcc9798007ff3e5606fa35a44db5930a14acca624e6a5a27	reviewed	-
tests/benchmarks/cases/container_pipeline/zr/benchmark_container_pipeline.zrp	tests/benchmarks	test	6e5cecb253e039a5a7d19688e2ff01b4bab268593710e7d36904a7aa89394a03	reviewed	-
tests/benchmarks/cases/container_pipeline/zr/src/bench_config.zr	tests/benchmarks	test	ba391d80a0e1b5c78e826b845d97c67f90e3fd404445e3a6bf20ac2fb4d121aa	reviewed	-
tests/benchmarks/cases/container_pipeline/zr/src/main.zr	tests/benchmarks	test	ec43349860080080e5ab6105d17b1088f542ae0ea992de42c9bc1faa6e0cb715	reviewed	-
tests/benchmarks/cases/dispatch_loops/c/benchmark_case.c	tests/benchmarks	test	df86df24f15b4ac95eb6b46c1934e13730863a5cbfd9059d228a668a53b54efe	reviewed	-
tests/benchmarks/cases/dispatch_loops/dotnet/benchmark_case.cs	tests/benchmarks	test	cfffdfd347aaca17f79320c2bfa24bbfdd16afe1a8123b14c6fafa4b8b80c6ba	reviewed	-
tests/benchmarks/cases/dispatch_loops/java/benchmark_case.java	tests/benchmarks	test	c702a8e88f16e89e5cbbfa8392f0189d6b82ae86de408ce0b3e289521e3e29f5	reviewed	-
tests/benchmarks/cases/dispatch_loops/lua/main.lua	tests/benchmarks	test	dcd41bba63e71a613fe86c7540af9df40236849498115491411387a0bdb5452c	reviewed	-
tests/benchmarks/cases/dispatch_loops/node/main.js	tests/benchmarks	test	47db73cab1f68bc0b559d2e5d6aa501cfabe0ac8446702f5784109c74ce30642	reviewed	-
tests/benchmarks/cases/dispatch_loops/python/main.py	tests/benchmarks	test	53e0f19ba8f281a3cc08c9b36916f9dcba99fb3f9e493dd4b6c2617bc697f0f6	reviewed	-
tests/benchmarks/cases/dispatch_loops/qjs/main.js	tests/benchmarks	test	749ff3f3f2257f90b047104f1f4b5fdc7434bf316561b937a8604d51c2a94144	reviewed	-
tests/benchmarks/cases/dispatch_loops/rust/mod.rs	tests/benchmarks	test	fd1be1d608cd62e7bf461fc1c78ec46a504f342e819315081d63e6860756162b	reviewed	-
tests/benchmarks/cases/dispatch_loops/zr/benchmark_dispatch_loops.zrp	tests/benchmarks	test	4afe82e4a6da0d39dc8ad4e1dc9f4a7be58266dfd7977cfc36ed6ac20d01719f	reviewed	-
tests/benchmarks/cases/dispatch_loops/zr/src/bench_config.zr	tests/benchmarks	test	ba391d80a0e1b5c78e826b845d97c67f90e3fd404445e3a6bf20ac2fb4d121aa	reviewed	-
tests/benchmarks/cases/dispatch_loops/zr/src/main.zr	tests/benchmarks	test	62feee47b56f95bff986c2e973a8688ac7af8ac646edfdbdc616b579a3c78296	reviewed	-
tests/benchmarks/cases/fib_recursive/c/benchmark_case.c	tests/benchmarks	test	09b4984bb21a26fc9925b71d6c18ddfea05389933e95e7049fa5f3f31e8e504a	reviewed	-
tests/benchmarks/cases/fib_recursive/java/benchmark_case.java	tests/benchmarks	test	0d9ef29e0e176d73217e1c5e4126c9c303884873cb52d70072fef4dcd329cab5	reviewed	-
tests/benchmarks/cases/fib_recursive/node/main.js	tests/benchmarks	test	267bc1f03dcaf5b98ad1adf4526babc22e329a6b9fe26b42f60e000b7ee76931	reviewed	-
tests/benchmarks/cases/fib_recursive/python/main.py	tests/benchmarks	test	66df361936920c0d206679e3ff6f06eaf2c9b37309fafb70de4f8bf76974161b	reviewed	-
tests/benchmarks/cases/fib_recursive/zr/benchmark_fib_recursive.zrp	tests/benchmarks	test	d537f69d39df861d96a4edeb5efb024fe4a18669c0865b4b8d662e0455fc6150	reviewed	-
tests/benchmarks/cases/fib_recursive/zr/src/main.zr	tests/benchmarks	test	c5782ad4b74d195a70b38babfb3f74cac95d6d6a17dd736f70237d1536b9c6e4	reviewed	-
tests/benchmarks/cases/gc_fragment_baseline/c/benchmark_case.c	tests/benchmarks	test	efd67a8014cf33fd6ae01a7226a52966e52674612941e17cf0f44ec753d235f8	reviewed	-
tests/benchmarks/cases/gc_fragment_baseline/java/benchmark_case.java	tests/benchmarks	test	57ceff532f93d69153869b39c8719049e433de5866ba52f86bdefe133c5ddcc5	reviewed	-
tests/benchmarks/cases/gc_fragment_baseline/node/main.js	tests/benchmarks	test	5db0ca3ba809218336d4728e395cbfcf2ac2b9046d56faa3e893dfc8cb0e000b	reviewed	-
tests/benchmarks/cases/gc_fragment_baseline/python/main.py	tests/benchmarks	test	758709667fe46355334726e04786b27fd3fa484b8c6a0644889a01ca0c032dcd	reviewed	-
tests/benchmarks/cases/gc_fragment_baseline/zr/benchmark_gc_fragment_baseline.zrp	tests/benchmarks	test	b149d19478e0fdbbcfe0f2c0ff20487cad3bba243c4a8fdcdf106dd1805ffbd9	reviewed	-
tests/benchmarks/cases/gc_fragment_baseline/zr/src/bench_config.zr	tests/benchmarks	test	ba391d80a0e1b5c78e826b845d97c67f90e3fd404445e3a6bf20ac2fb4d121aa	reviewed	-
tests/benchmarks/cases/gc_fragment_baseline/zr/src/main.zr	tests/benchmarks	test	bbd6b54c4e3d1812c11b885ac1ffa64f1969a62d5b32aef630a4a1ad4e528b68	reviewed	-
tests/benchmarks/cases/gc_fragment_stress/c/benchmark_case.c	tests/benchmarks	test	b2da3799cdf18a58717b1390843835d87ef820855548397ce6ea29c34eb3e075	reviewed	-
tests/benchmarks/cases/gc_fragment_stress/java/benchmark_case.java	tests/benchmarks	test	73305b5f5ea2febe08d1712a53fd1fc091496b7f0ab76064642b235e853e2341	reviewed	-
tests/benchmarks/cases/gc_fragment_stress/node/main.js	tests/benchmarks	test	ac40d1c971c6d63fa746c95f22c07d248bcafa7849f953efea88982dae460124	reviewed	-
tests/benchmarks/cases/gc_fragment_stress/python/main.py	tests/benchmarks	test	3442993a1d730d5d76ec0a0da2abf2339d0b3e99b12598179e625bf9a473876b	reviewed	-
tests/benchmarks/cases/gc_fragment_stress/zr/benchmark_gc_fragment_stress.zrp	tests/benchmarks	test	83bd844d50e6ccad0520fcdc3d00795603d497edeaaa37bc3cc23c427f7b64b7	reviewed	-
tests/benchmarks/cases/gc_fragment_stress/zr/src/bench_config.zr	tests/benchmarks	test	ba391d80a0e1b5c78e826b845d97c67f90e3fd404445e3a6bf20ac2fb4d121aa	reviewed	-
tests/benchmarks/cases/gc_fragment_stress/zr/src/main.zr	tests/benchmarks	test	60711c0c67bc6e90ee6a16329251bb5b68380a8d584043e96ad3ae73fb7b3ac8	reviewed	-
tests/benchmarks/cases/map_object_access/c/benchmark_case.c	tests/benchmarks	test	07732b623bc0ffadff39d981eed2e21b22d265801af207dfa73e0c10eec9603a	reviewed	-
tests/benchmarks/cases/map_object_access/dotnet/benchmark_case.cs	tests/benchmarks	test	aa639a7028087bd03715e41d928ae9b356fab1bf8553859b2f7ad6eaab842a91	reviewed	-
tests/benchmarks/cases/map_object_access/java/benchmark_case.java	tests/benchmarks	test	4df129cbe127ba03ce69b203422d2dbf35e6d8493f9ce1d417296b2fb85cb74e	reviewed	-
tests/benchmarks/cases/map_object_access/lua/main.lua	tests/benchmarks	test	28d6f6bedccd012df8a5b872595ebd75bcdc213a03d1e2c8a25cfefa5bc08621	reviewed	-
tests/benchmarks/cases/map_object_access/node/main.js	tests/benchmarks	test	41319b3cba6508f475400b899678dc25f3f8ade977bf7d7f329bb5a24acbddaf	reviewed	-
tests/benchmarks/cases/map_object_access/python/main.py	tests/benchmarks	test	70fef8deb8d414bef9c7f638acfc3a189d536469fca3b3c440b6e755c0519080	reviewed	-
tests/benchmarks/cases/map_object_access/qjs/main.js	tests/benchmarks	test	06b363bf4665af73f1694ade2f81ef0ea57b52569ef51b54a4251863c74e4de1	reviewed	-
tests/benchmarks/cases/map_object_access/rust/mod.rs	tests/benchmarks	test	1fc783657e1d3d29373e17397f8fb9bb57869b06be6116dddc12fd1975711468	reviewed	-
tests/benchmarks/cases/map_object_access/zr/benchmark_map_object_access.zrp	tests/benchmarks	test	3c0798f00eebb804b5733cf53396183657e0f8a951408f2832193606752aea2e	reviewed	-
tests/benchmarks/cases/map_object_access/zr/src/bench_config.zr	tests/benchmarks	test	ba391d80a0e1b5c78e826b845d97c67f90e3fd404445e3a6bf20ac2fb4d121aa	reviewed	-
tests/benchmarks/cases/map_object_access/zr/src/main.zr	tests/benchmarks	test	a4213c624104015effd1c3378a1b3cd29d8a6b89785577f55da460b1d24af804	reviewed	-
tests/benchmarks/cases/matrix_add_2d/c/benchmark_case.c	tests/benchmarks	test	1b91ce4804364abe8ee513a4084f252e10c8fed2b99e752b4b10c9d444fb65c2	reviewed	-
tests/benchmarks/cases/matrix_add_2d/dotnet/benchmark_case.cs	tests/benchmarks	test	c733d07b4d83dffdff54e3ce68da5b13c94d96bdd938b211d310f5662352f59b	reviewed	-
tests/benchmarks/cases/matrix_add_2d/java/benchmark_case.java	tests/benchmarks	test	ee05449924025b4b3bcb51c109c0f6e81f51fca826d5bbb4fd231a0c1e5c2782	reviewed	-
tests/benchmarks/cases/matrix_add_2d/lua/main.lua	tests/benchmarks	test	27f2f67c66e8123889387bbea89ca5eec04395f62a445c45bf814bfd3d41a7bc	reviewed	-
tests/benchmarks/cases/matrix_add_2d/node/main.js	tests/benchmarks	test	540cf0b303b49b89869d65460ddbb70c130d13f03073a97e68685dcae4ff06dd	reviewed	-
tests/benchmarks/cases/matrix_add_2d/python/main.py	tests/benchmarks	test	20f9d452cb32e04fd1dc86cbb135fd33f6fc308e38c6d6c14e2b42927993898c	reviewed	-
tests/benchmarks/cases/matrix_add_2d/qjs/main.js	tests/benchmarks	test	55f62f355632e274f0b6adf33ede83f221db63bf2a35d3c8142fa0436ac956f2	reviewed	-
tests/benchmarks/cases/matrix_add_2d/rust/mod.rs	tests/benchmarks	test	dcde041c10cbab9f0b4f617c3023d0754ecdedc359c58f6cc0c08025041b7a93	reviewed	-
tests/benchmarks/cases/matrix_add_2d/zr/benchmark_matrix_add_2d.zrp	tests/benchmarks	test	818e00b46009148b9b19a04e8cef41f092a03477246c7cca773ec24b5d4fbc99	reviewed	-
tests/benchmarks/cases/matrix_add_2d/zr/src/bench_config.zr	tests/benchmarks	test	ba391d80a0e1b5c78e826b845d97c67f90e3fd404445e3a6bf20ac2fb4d121aa	reviewed	-
tests/benchmarks/cases/matrix_add_2d/zr/src/main.zr	tests/benchmarks	test	9761cb18c88eab2fa41ea8a241106db8739ac412664b86fb2801701b81d723b2	reviewed	-
tests/benchmarks/cases/mixed_service_loop/c/benchmark_case.c	tests/benchmarks	test	8b011590d443b5f4ff6d5af8ad40954df6623c79d1f25144470ce0917fda1a5f	reviewed	-
tests/benchmarks/cases/mixed_service_loop/java/benchmark_case.java	tests/benchmarks	test	f9db8d061fbea3b3fee87d8e0e31e0d8d460b791f38cf708e5d50e8e6b6f7f92	reviewed	-
tests/benchmarks/cases/mixed_service_loop/node/main.js	tests/benchmarks	test	3943d64ab78878791564218bcbd921cb5e6b51c01b8cf0296f73c09e8aa8dfca	reviewed	-
tests/benchmarks/cases/mixed_service_loop/python/main.py	tests/benchmarks	test	fd539481828f2a3ba26d6355c277a3c09e39f7ffe361e71069579ae62ae20ef2	reviewed	-
tests/benchmarks/cases/mixed_service_loop/zr/benchmark_mixed_service_loop.zrp	tests/benchmarks	test	b4f68722169e9a776cdcd669855f18f93b46efbabc83acd8fbd686d91d40cea7	reviewed	-
tests/benchmarks/cases/mixed_service_loop/zr/src/main.zr	tests/benchmarks	test	85ca66c258d997cb019bf96ec8f49aa22d10c5b8842d93cb1fb3485d867e2187	reviewed	-
tests/benchmarks/cases/numeric_loops/c/benchmark_case.c	tests/benchmarks	test	99ac7697d54fb1acf2c0bf858767e20fc54a521533365225f731455dfab375bd	reviewed	-
tests/benchmarks/cases/numeric_loops/dotnet/benchmark_case.cs	tests/benchmarks	test	45d576230d6266ba99afb6ddaf9236d6b1bc4cbbfa076c8c9455686f5afff5e4	reviewed	-
tests/benchmarks/cases/numeric_loops/java/benchmark_case.java	tests/benchmarks	test	f2c262a3f5526a7f591f3c11b8f71d18bed601d92f1844d017b2f2d498297e72	reviewed	-
tests/benchmarks/cases/numeric_loops/lua/main.lua	tests/benchmarks	test	5699f31e0ecd9403949c187de89e587cfa93aca4613a1c30384b0c031b7510c2	reviewed	-
tests/benchmarks/cases/numeric_loops/node/main.js	tests/benchmarks	test	0019e7160bb684de17db9a5c28643b87e2abc0d62da3106f0ee31de61c38585e	reviewed	-
tests/benchmarks/cases/numeric_loops/python/main.py	tests/benchmarks	test	92ec6ea7d33fd80d6bb1e29ab0332ca22abc2b62fd57c74cb5df2b0311b88aba	reviewed	-
tests/benchmarks/cases/numeric_loops/qjs/main.js	tests/benchmarks	test	89b87f9abe5336994c7dd5c8e760cc0388d98d482e41099dac182aa1b7f87ad9	reviewed	-
tests/benchmarks/cases/numeric_loops/rust/mod.rs	tests/benchmarks	test	df36bd1aa48049fe3252ad45e33076d2ddd4bbf9d2989674c54806c48b36567e	reviewed	-
tests/benchmarks/cases/numeric_loops/zr/benchmark_numeric_loops.zrp	tests/benchmarks	test	bffd6a0809f565911cabf1f29920191f4d7324810bd3ad8e5e2a4ef3b486b69f	reviewed	-
tests/benchmarks/cases/numeric_loops/zr/src/bench_config.zr	tests/benchmarks	test	ba391d80a0e1b5c78e826b845d97c67f90e3fd404445e3a6bf20ac2fb4d121aa	reviewed	-
tests/benchmarks/cases/numeric_loops/zr/src/main.zr	tests/benchmarks	test	67be96f93e4e1ca9035e8e703762db605502ab692d3e0e7d6fa5b9308937198b	reviewed	-
tests/benchmarks/cases/object_field_hot/c/benchmark_case.c	tests/benchmarks	test	0143f491c8b489a5b73c12d425a4092e4b772e3c34a860273b6dfd872501d7d9	reviewed	-
tests/benchmarks/cases/object_field_hot/java/benchmark_case.java	tests/benchmarks	test	f10878cac8f0427338aa70c834151ad301014abcd2415e5f2076f5e0f6fb82c3	reviewed	-
tests/benchmarks/cases/object_field_hot/node/main.js	tests/benchmarks	test	b44d8635048dd96afe6507496ccceed92c1cdd3af15f7f498d431bc8fe5184f3	reviewed	-
tests/benchmarks/cases/object_field_hot/python/main.py	tests/benchmarks	test	075f374d4cdf0e03e464a1cf4b426e85fb271ff34947205da0f82bb1cd5753d5	reviewed	-
tests/benchmarks/cases/object_field_hot/zr/benchmark_object_field_hot.zrp	tests/benchmarks	test	5378f6bf19b2c1e445bfa28bd58901ac0bc77738f6c248b4754a5b5390f1f849	reviewed	-
tests/benchmarks/cases/object_field_hot/zr/src/main.zr	tests/benchmarks	test	715eb2671a7eb4f673ce19f3f2a7ddc76217b8e2e86e92b1d212e11c81549bd9	reviewed	-
tests/benchmarks/cases/prime_trial_division/c/benchmark_case.c	tests/benchmarks	test	bb2d84a0e1f51f1d78ba1e7d4f23eb70131189bf34f2275a32a38b0904d00ba5	reviewed	-
tests/benchmarks/cases/prime_trial_division/dotnet/benchmark_case.cs	tests/benchmarks	test	a07862fc3fa09ebc21767cc1f343e5992686f355110bdc3263a8b9d2e0f30d04	reviewed	-
tests/benchmarks/cases/prime_trial_division/java/benchmark_case.java	tests/benchmarks	test	d62ba5795a7a4c9e4e42323ae07d91212855630d754fd6eced0489b95e8c36fa	reviewed	-
tests/benchmarks/cases/prime_trial_division/lua/main.lua	tests/benchmarks	test	8ea3ec69188b36386e176139393344a3bc2bcc0651045cf39903020b785cbb76	reviewed	-
tests/benchmarks/cases/prime_trial_division/node/main.js	tests/benchmarks	test	fece1ef554f300912aa0372391efe7a24b87010575c12965b067bf0c010cdff4	reviewed	-
tests/benchmarks/cases/prime_trial_division/python/main.py	tests/benchmarks	test	b10a3851dbb45f0cb37ecba8dac3462dfef9db4f9eb97a4565d37b87654481bd	reviewed	-
tests/benchmarks/cases/prime_trial_division/qjs/main.js	tests/benchmarks	test	34e38fc3460f1e77444e82e913d80b8ee05745e0e90ecde610ea7844da29f9a4	reviewed	-
tests/benchmarks/cases/prime_trial_division/rust/mod.rs	tests/benchmarks	test	d42de44f820087b37f9a7da2f675e830851e2a5e5d12279f79c15f0f3cf0eb1d	reviewed	-
tests/benchmarks/cases/prime_trial_division/zr/benchmark_prime_trial_division.zrp	tests/benchmarks	test	bb17ecbba7b82d28d4d4362f2568667f540e22b2fd99ae1f2b069ead3305052f	reviewed	-
tests/benchmarks/cases/prime_trial_division/zr/src/bench_config.zr	tests/benchmarks	test	ba391d80a0e1b5c78e826b845d97c67f90e3fd404445e3a6bf20ac2fb4d121aa	reviewed	-
tests/benchmarks/cases/prime_trial_division/zr/src/main.zr	tests/benchmarks	test	dbcfed51e8b059573e8c56c7ce1cc7ea27cac85897bab9d84dfcfe6ee203bf5b	reviewed	-
tests/benchmarks/cases/sort_array/c/benchmark_case.c	tests/benchmarks	test	211f1b0b5b850e0190d1509d15974e98f375b2372abe8d22b66f50610fdb8f6e	reviewed	-
tests/benchmarks/cases/sort_array/dotnet/benchmark_case.cs	tests/benchmarks	test	d924f39bf702c4f2f26b06fbfe31b6c280332f53e9c7e5869e7dfa5d4c002821	reviewed	-
tests/benchmarks/cases/sort_array/java/benchmark_case.java	tests/benchmarks	test	bc689c7e34d85e8e9b438b8912385af2427144deac9e14c13790e41e8807bbad	reviewed	-
tests/benchmarks/cases/sort_array/lua/main.lua	tests/benchmarks	test	8ad38f45f7f0b812d9f37236b8743a023281b1823b471249fd40797008195b97	reviewed	-
tests/benchmarks/cases/sort_array/node/main.js	tests/benchmarks	test	4816c96bed0c0cca78c445ea42855c220d52d1412077c95a5a17143efd77a9bc	reviewed	-
tests/benchmarks/cases/sort_array/python/main.py	tests/benchmarks	test	51fd48a6c392c22c2934df789a6daaaa32432aa2aaafff08611a535971f33cca	reviewed	-
tests/benchmarks/cases/sort_array/qjs/main.js	tests/benchmarks	test	12f0952af905471866f0441f7fa94faf4babe33c3fd602dee54317a88dae625e	reviewed	-
tests/benchmarks/cases/sort_array/rust/mod.rs	tests/benchmarks	test	e6563798e0c9399dd9f0b41be9a510041814b4385dcb84a968fb2f1e0bad1055	reviewed	-
tests/benchmarks/cases/sort_array/zr/benchmark_sort_array.zrp	tests/benchmarks	test	9586d5f983deedb81c2a51493fdfd1109eb19a636c29121c265a4bfa8c0eb4ae	reviewed	-
tests/benchmarks/cases/sort_array/zr/src/bench_config.zr	tests/benchmarks	test	ba391d80a0e1b5c78e826b845d97c67f90e3fd404445e3a6bf20ac2fb4d121aa	reviewed	-
tests/benchmarks/cases/sort_array/zr/src/main.zr	tests/benchmarks	test	a8276bb215724e54625f67995af0a401f42633c2e31f820647d6720193dc3163	reviewed	-
tests/benchmarks/cases/string_build/c/benchmark_case.c	tests/benchmarks	test	210bb091a6403535ad50abdf6d8f30fbe9c4cff15ad18ad9c7e6aeb8044d8329	reviewed	-
tests/benchmarks/cases/string_build/dotnet/benchmark_case.cs	tests/benchmarks	test	7a973251d49124dc5c891806231c8345a3b2dc51aac08728751192aef1d467cf	reviewed	-
tests/benchmarks/cases/string_build/java/benchmark_case.java	tests/benchmarks	test	a73bff87cacc4ed3f59a11d812ba5b517c03b71506a90b7a49b0b8d02b0a242c	reviewed	-
tests/benchmarks/cases/string_build/lua/main.lua	tests/benchmarks	test	127ae7047a909e7e53f9c857cfe35140dacacb24a94f61cc736ceea74065b219	reviewed	-
tests/benchmarks/cases/string_build/node/main.js	tests/benchmarks	test	1f715eb490e0aa19a5bd8abada877bac9da2cfb1b2ac03a37d38268915da0cf3	reviewed	-
tests/benchmarks/cases/string_build/python/main.py	tests/benchmarks	test	ba81bd610965e510c202b0aa5204f6b7c97f262826b4e0069195a5aa209d0f56	reviewed	-
tests/benchmarks/cases/string_build/qjs/main.js	tests/benchmarks	test	42384a9b58ef1fbfc5c57fcfec54472d011a30e0c49af9294501c89b003a571e	reviewed	-
tests/benchmarks/cases/string_build/rust/mod.rs	tests/benchmarks	test	aa4ff090a20498c15947f18dfae89f653afd3807458fdf7d5a51ce257f32efb1	reviewed	-
tests/benchmarks/cases/string_build/zr/benchmark_string_build.zrp	tests/benchmarks	test	b15b793f8456c42593fa84b10834465a7370174b786d2c8c3e02b808d1d4a694	reviewed	-
tests/benchmarks/cases/string_build/zr/src/bench_config.zr	tests/benchmarks	test	ba391d80a0e1b5c78e826b845d97c67f90e3fd404445e3a6bf20ac2fb4d121aa	reviewed	-
tests/benchmarks/cases/string_build/zr/src/main.zr	tests/benchmarks	test	7bb5c628713d7f34e0c6a39c3c9476f285b47187a8de1e669e4e2fca096cf48a	reviewed	-
tests/benchmarks/common/lua/benchmark_runner.lua	tests/benchmarks	test	dc8252b30cec395bd2407bc4816f7339d2ac9adbe33e918a7977d9547e093311	reviewed	-
tests/benchmarks/common/node/benchmark_runner.js	tests/benchmarks	test	4890717643d4cc0a702fe7ea2716193ccd46d970dd741fcba62c2470ef191171	reviewed	-
tests/benchmarks/common/python/benchmark_runner.py	tests/benchmarks	test	7739892eb5b25dc198dc1f52fe0cc2d7af224699246ad76eeed287db86d780fb	reviewed	-
tests/benchmarks/common/qjs/benchmark_runner.js	tests/benchmarks	test	344ee6f8159ef60f114bc97f4a7c94d66b35ae1b5d752e4d3fd4806f88b89522	reviewed	-
tests/benchmarks/dotnet_runner/BenchmarkRunner.csproj	tests/benchmarks	config	eda625bdb1db862f39dc52b49a79794beaa132833f19eacbf3275f09ee032b2c	reviewed	-
tests/benchmarks/dotnet_runner/BenchmarkSupport.cs	tests/benchmarks	test	9e36fc6c3dd00359063f97ee116fdb4950953cfd2da1a94d10b11ef90960f951	reviewed	-
tests/benchmarks/dotnet_runner/Program.cs	tests/benchmarks	test	f4d6657deb2cf20b54a405c26bbe916263a32fc56a170ef531be38a08ce548c4	reviewed	-
tests/benchmarks/java_runner/src/BenchmarkRunner.java	tests/benchmarks	test	8c2dcc8f680b40c4a5352d1257b4844c959c692f2df8235d905c46e40bbfb6f6	reviewed	-
tests/benchmarks/java_runner/src/BenchmarkSupport.java	tests/benchmarks	test	3359bc3908d84ee45a6bd218f4387febfeb618acf829c3a25d1dbfbb7afb4bc7	reviewed	-
tests/benchmarks/native_runner/benchmark_case.h	tests/benchmarks	test	b56a724ac22d63814af124f27937d6124a404a1989f9cfb4e023ac7142c15629	reviewed	-
tests/benchmarks/native_runner/benchmark_support.c	tests/benchmarks	test	f0be1738b48f7845bb3acc9fbc2fda563325865514764732b2ed77c40f38ed8b	reviewed	-
tests/benchmarks/native_runner/benchmark_support.h	tests/benchmarks	test	f1a16c70b8617698b8cb5c4ea1a2e5411e72cb49aa239e2cccae56e12e9883ba	reviewed	-
tests/benchmarks/native_runner/main.c	tests/benchmarks	test	d5bade7603398af0d01387baa3b9a0f70c970c78a12cda41829bf6a5f4b8bb3a	reviewed	-
tests/benchmarks/registry.cmake	tests/benchmarks	config	c70b47fa02b044ff650d95dbb4a6f906c6f8500937a6fea19d43dd532f86b1f0	reviewed	-
tests/benchmarks/rust_runner/Cargo.toml	tests/benchmarks	config	ab7f9f168bfc4c06cec1b06afb69976f4c36fad0278f806c387e93d34b604e12	reviewed	-
tests/benchmarks/rust_runner/src/main.rs	tests/benchmarks	test	d12f781aaa2acd640b34275faddbc7549bb6be7994c8944d68efaf255f766e47	reviewed	-
tests/benchmarks/rust_runner/src/support.rs	tests/benchmarks	test	1203550f267eec9a145f17be3e6b10ee71c96816e9a037960630db155cdf0dcb	reviewed	-
tests/benchmarks/scripts/hotspot_summary.py	tests/benchmarks	test	d0a9bec731e82bf7c21673f1eecc73745d2b73e558c97fc33b80051ae2597480	reviewed	-
tests/benchmarks/test_benchmark_environment_contract.py	tests/benchmarks	test	45878b452284ef252fc865023924e6956f9e30194a8b0c95b1c4cc34b68efea1	reviewed	-
tests/benchmarks/test_benchmark_execution_plan.py	tests/benchmarks	test	c2feb55e5a7abc2991d97e3cba1f5ea232e041b829f024ddd4a63b28d839d8ad	reviewed	-
tests/benchmarks/test_benchmark_registry.c	tests/benchmarks	test	b5c509d25e377be29118e8a72c5f3b7b646d5cf0912063eb51f4fee0b09135bb	reviewed	-
tests/benchmarks/test_benchmark_statistics.py	tests/benchmarks	test	0e45f334aa1856406cb7dc408241a5b7b8914d66e6d9f1005a82e4c90221b142	reviewed	-
tests/benchmarks/test_benchmark_support.c	tests/benchmarks	test	86793df95dbdf83705d360ed37c9a48bd04ddf58055c47b43783eae15645be46	reviewed	-
tests/benchmarks/test_benchmark_task3_report_consumers.py	tests/benchmarks	test	883cae27481489edbaaa9225056c953a9f677317db04584f485352b7e9946204	reviewed	-
tests/benchmarks/test_benchmark_task4_integration.py	tests/benchmarks	test	75b82f021ff52ce2487d99c04ee8e7a42003140590cfbd23cb9b12df5581e071	reviewed	-
tests/benchmarks/test_ssa_aot_runner_coverage.c	tests/benchmarks	test	b3381fe09ba5a00b35dd5dbd76ed1ddc68378990f0c0740d63de4339acabf585	reviewed	-
tests/benchmarks/test_ssa_baseline_metrics.c	tests/benchmarks	test	e7c2f4bff3c72fce6d36e92d3b35e18a4ea8035e313e89a569620ba4fe5552eb	reviewed	-
tests/benchmarks/zr_runner/benchmark_server.c	tests/benchmarks	test	d737ccec30fb38f02057bfcce33943606f817ca7126893569343b0e47b1abe7d	reviewed	-
tests/cli/repl_expression_aggregate_smoke.js	tests/cli	test	5401e701baf58ed4d0fb23bdbdd70d791e8a449ab04ddce9db57d5cb349b7752	reviewed	-
tests/cli/repl_expression_array_display_smoke.js	tests/cli	test	99232343c41cb3d0d3a75c2866cd5cdfc9c92c686d7fc19e0563929b0d27e1bd	reviewed	-
tests/cli/repl_expression_assignment_context_smoke.js	tests/cli	test	efd4e88fdcdc139ec981911fec685396286743093516c6fe9cc6442b283a51d4	reviewed	-
tests/cli/repl_expression_object_smoke.js	tests/cli	test	80a6b4ceec8c6299cbce6231ad7c50f4a0ec087b870a707da8de9ccbcd668826	reviewed	-
tests/cli/repl_type_call_member_smoke.js	tests/cli	test	db4696868ef39f1584b7e83427a8d1e7250fa1d3d321c7391e0aa109caed4c8b	reviewed	-
tests/cli/repl_type_call_reference_smoke.js	tests/cli	test	df39f7b8519e44e27cd82e91bf4037686123bacb708e81429b03b57128874ce9	reviewed	-
tests/cli/repl_type_conditional_branch_smoke.js	tests/cli	test	e0ae9d4195b033db3fd6eb97000324ac224a563dd3482e972d6330cb961ac329	reviewed	-
tests/cli/repl_type_expression_fact_smoke.js	tests/cli	test	2446d1ea83b3b8aeaf4ade801973621372bf11f4fbacd3b972e3ee417958e5e3	reviewed	-
tests/cli/repl_type_lambda_body_fact_smoke.js	tests/cli	test	f64a35966d48ca683a14fe1293084d6cab1b9cf8d0265331e7ed56dcedfe9dd9	reviewed	-
tests/cli/repl_type_lambda_local_fact_smoke.js	tests/cli	test	636171473c678e9cc30696ae92dac2cd21d26c9b4c93a856fb70889ba0f121c0	reviewed	-
tests/cli/repl_type_logical_comparison_smoke.js	tests/cli	test	44f9de29a76dab3c7959f48482b9f0898275b07920a9345ad23a22437f52c5c9	reviewed	-
tests/cli/repl_type_member_receiver_fact_smoke.js	tests/cli	test	9e4f2a9731f0b5648d24934d66d2c774588ceed27f9e952193afc3eff53a32d9	reviewed	-
tests/cli/repl_type_nested_expression_fact_smoke.js	tests/cli	test	f3d86da6aba450c91cc200b8617cc735eca6c3b87fcf1b20b3252044ba512810	reviewed	-
tests/cli/repl_type_nested_numeric_smoke.js	tests/cli	test	ac1b1cf21c222e287709a7e0bf542ac6ce1b05a1471c8d5845b32a5c0f7ac70d	reviewed	-
tests/cli/repl_type_nested_ownership_smoke.js	tests/cli	test	b888bb4d8928e31935c25448575979b6c0761baec36f5c176efaf629daa10b7a	reviewed	-
tests/cli/repl_type_ownership_smoke.js	tests/cli	test	47ee74711f1cf7817ee2e47ff4585574520b5b85522d0e2a1bd3ad200eb82476	reviewed	-
tests/cli/repl_type_query_reference_smoke.js	tests/cli	test	e2128d9c7c636c77ebfb81c1db2fc1b163401baec15539c85d266d7596fcaac6	reviewed	-
tests/cli/repl_type_reachability_smoke.js	tests/cli	test	6c41b83dc65dbe73b8fc76dd0302c8bb13bf4347ff6f670cafd814dac68d95b0	reviewed	-
tests/cli/syntax_migration_smoke.js	tests/cli	test	7839bdfce1694b46136db3ba6ca54f8974ed6123978f50aec967f3aaadc7e3f3	reviewed	-
tests/cli/test_cli_aot_compacted_metadata_sidecar.c	tests/cli	test	b23d9fd7e24561f3daa487ca257f35cf96eb418096097833d4ec4f92352a380e	reviewed	-
tests/cli/test_cli_aot_writer_options.c	tests/cli	test	5590e11c414058299f2e95fab55b2e03774b0657c88c92b064822930ab7d9554	reviewed	-
tests/cli/test_cli_args.c	tests/cli	test	c3d87812d879378463f0a35e89afc2bb73813197ccbe6a68bff5d5dad06109a0	reviewed	-
tests/cli/test_cli_comptime_cache_incremental_cases.h	tests/cli	test	20a53e1709a667b5c6ecdecd0f5cdff76483bb39b9d4bfa4b4791d2160014885	reviewed	-
tests/cli/test_cli_debug_e2e.c	tests/cli	test	6e2da660b377fdcac1d609f3c97f3ef9abace265e4ee7e85d15e1e7e0c76db0a	reviewed	-
tests/cli/test_cli_import_basic_fixture.c	tests/cli	test	0efae14ee9cace83c3613335b42a3db38d89732f0b709e002d2c7875a97298ec	reviewed	-
tests/cli/test_cli_project_incremental.c	tests/cli	test	78d0bd940ae27e788103c1be263025b592e04cb0b6b857310db2c61a309d2f9e	reviewed	-
tests/cli/test_cli_repl_e2e.c	tests/cli	test	f65bbecd05feba141631da8c00257be9729852c1253da95877ee001760e0b4a7	reviewed	-
tests/cli/test_cli_syntax_migration.c	tests/cli	test	b3e72f07db6254f4f8a2bd918b59ead6c19985e6c76c077fa47dad735eb0e58d	reviewed	-
tests/cli/test_cli_zrm_fixture.c	tests/cli	test	1db0085a05209be183e69eff7c75302e62c74f6d6fe825cf1c1d240494af2a21	reviewed	-
tests/cli/test_cli_zrp_metadata_dump.c	tests/cli	test	bb55be1b6cbf314a12818d1af96af38bc639eee4908ca105453f2c6238aa5b5c	reviewed	-
tests/cmake/benchmark_measurement_contract.cmake	tests/cmake	config	4be44718be86aa3b513404a3a559733ac30e2b2c0848e6a2e1ceb5c8a8c6c188	reviewed	基准计时与环境契约调用链复核
tests/cmake/benchmark_persistent_commands.cmake	tests/cmake	config	49827f68dea2b9d7fface17707c52c5fc8e8eaea85b44805d8d245b602a15dd7	reviewed	基准计时与环境契约调用链复核
tests/cmake/benchmark_registry_contract_fixture.cmake	tests/cmake	config	2815fcb2cc8e007f68c17a42bff90f88e7f8ddcd1906d605938eea8f6df00f2d	reviewed	-
tests/cmake/benchmark_task3_case_assembly.cmake	tests/cmake	config	15f15bb2cad8c196bb61e0e8fab893633e37a136c230b2d33747133f02f42ce1	reviewed	-
tests/cmake/benchmark_task3_suite.cmake	tests/cmake	config	e9c93f391493c706a8a97087aba6000c0142c8786c8a679516eab33dfa5060a2	reviewed	基准计时与环境契约调用链复核
tests/cmake/benchmark_task4_environment.cmake	tests/cmake	config	41babbf1a64a4de066cbb60c95a4261a0331608221f9e9a96b97d5805609a712	reviewed	基准计时与环境契约调用链复核
tests/cmake/run_benchmark_registry_contract_test.cmake	tests/cmake	config	110e89c5102fe097c5322c78483322840760f3468151af8cd26883ba4ac5baad	reviewed	-
tests/cmake/run_benchmark_registry_test.cmake	tests/cmake	config	bcdb543fbe040bc7ce926f0778d0d89866023606ffdc1d46d22525e00f8b4f60	reviewed	-
tests/cmake/run_benchmark_support_test.cmake	tests/cmake	config	9e1bde117e3ae4b5ec88d63a7e315df143c7104712914528536b84323aede748	reviewed	-
tests/cmake/run_benchmark_task3_suite_contract_test.cmake	tests/cmake	config	758f7ac6c5314c129331989eb18c366603f203fe5a577319b08e79d0c2005de2	reviewed	-
tests/cmake/run_benchmark_task4_environment_contract_test.cmake	tests/cmake	config	520ef76bc0d9e188542dea5c2b2b71d7413f748c5559ac9c77a7aed40d771679	reviewed	-
tests/cmake/run_cli_suite.cmake	tests/cmake	config	3fe24348c3b108b1f40fd7cfae3d2332b5865cefe2dd4a2de148fe70e06e577d	reviewed	-
tests/cmake/run_executable_suite.cmake	tests/cmake	config	39c87f84232d7c707df3d123a2e514e4c312039d1248666d5498b4c59192e1bc	reviewed	测试入口与宿主环境调用链复核
tests/cmake/run_perf_runner_persistent_protocol_test.cmake	tests/cmake	config	094e468727e2d1840f5c13495240906b3b767db2f3e0aa8ad4269600e1b57f5d	reviewed	-
tests/cmake/run_performance_suite.cmake	tests/cmake	config	986cf0d597d78245225aa7e88adb016b1d39cab3b3f779f0a209434b402950b8	reviewed	-
tests/cmake/run_projects_suite.cmake	tests/cmake	config	8ee71ad40dca81254068cdaf92524821eb7fe920f55434f4658fdbf46de03292	reviewed	-
tests/cmake/run_testing_reference.cmake	tests/cmake	config	a3927a302997bf48b3c2e6fb0e52bf9e46216956ad0b0cc2417f9b328bbf5944	reviewed	测试入口与宿主环境调用链复核
tests/cmake/ssa-builder-tests.cmake	tests/cmake	config	bdb775b4b75c87dca1224a5924fb5ef2b98bd20e49ac3e45847202fbf7156c45	pending	-
tests/cmake/ssa-cleanup-tests.cmake	tests/cmake	config	135acbdc3c14861b45c5897a454207d4096abf8c6e2590e72c66939190cb17d1	pending	-
tests/cmake/ssa-coverage-manifest.cmake	tests/cmake	config	8acf8ef6744e5eb275113f3f86d204b0a893ccb2ade1abda3fd2b6e41f04396a	pending	-
tests/cmake/ssa-platform-matrix.cmake	tests/cmake	config	2b5544c918eb27441e39d5a1af99a7a5af1b814bcdfa0fcc549c11b9740fa30a	pending	-
tests/cmake/ssa-source-cfg-fault-tests.cmake	tests/cmake	config	0b017fd1d581b7ff4f7886db48e421e41da645a440cb6cef84a32f7a527f8889	pending	-
tests/cmake/ssa-source-straight-line-tests.cmake	tests/cmake	config	f4f8a2bba94d3d7655c013b79b89f720b78589af11dd92e3296bbcaa060ecb89	pending	-
tests/cmake/ssa-tests.cmake	tests/cmake	config	988a2e78a8b44b9528995ae3d1cd5df22049563655cf0443ca562e39c6ee1a0f	pending	-
tests/cmake/ssa-value-facts-tests.cmake	tests/cmake	config	5b185ab15b4ade3be25eb658800059859d3762bbc9c7e26ace230c5c69f41b3b	pending	-
tests/cmake/verify_test_log_failure.cmake	tests/cmake	config	9292fc07cd01c4f1b3a270a94a459c5577063b0aba304a3fa03e5f7629c38b08	reviewed	测试入口与宿主环境调用链复核
tests/cmake/zr_vm_binary_metadata_source_tests.cmake	tests/cmake	config	a3b0cf11c858d2c4cf9c0f6d943de353e9d9dc9c709521368a4418977471212b	reviewed	-
tests/cmake/zr_vm_call_binding_artifact_tests.cmake	tests/cmake	config	12241ca252551c0100eb837d45e4c72bb5c9557b8e5dac2b483e2a1be1d3b11d	reviewed	-
tests/cmake/zr_vm_call_binding_tests.cmake	tests/cmake	config	91ec3633f491d2d3587199e5f09725d9bc0eff139d5e1411f8212e0d4b03cc47	reviewed	-
tests/cmake/zr_vm_cast_operand_tests.cmake	tests/cmake	config	12dff8f37492502988e0481b7fded8b761402c00fa502dc9da46f4dc93c04281	pending	-
tests/cmake/zr_vm_compile_time_import_ownership_tests.cmake	tests/cmake	config	bafbe870f3b94d7bee5079efd030734d3282721fd72416f2c3a64972af948a06	reviewed	-
tests/cmake/zr_vm_file_list_tests.cmake	tests/cmake	config	7c08f7fa47a86a2a6d62c4a222ec6cea1f2bd7497382c4c4b2f55aa6301ce0fb	reviewed	-
tests/cmake/zr_vm_lsp_cancellation_tests.cmake	tests/cmake	config	0c6a3b04d09a6ccfd854ba15a37e6347e7f2fcfd14827ecae2a90d10db5038a6	pending	-
tests/cmake/zr_vm_lsp_stdio_handler_tests.cmake	tests/cmake	config	7e1a0782c62715edf6ca663b1ee9f8369d51675825341bfaabc4d86bff514b7b	pending	-
tests/cmake/zr_vm_lsp_stdio_parse_tests.cmake	tests/cmake	config	640d0900d1f42841eae50df9cb276f463023d2b5eee4ed9c6af5c9273790de65	pending	-
tests/cmake/zr_vm_lsp_stdio_progress_tests.cmake	tests/cmake	config	18751ea0ee35e6f4c749ef7cb0a7910ca91ad3ab96b6dc6bbdbd0749999b1f2f	pending	-
tests/cmake/zr_vm_lsp_type_use_tests.cmake	tests/cmake	config	db037ab1b6884ffd111cd74faf59c8cece407db281057ae408e131abc4e19569	pending	-
tests/cmake/zr_vm_lsp_wasm_response_tests.cmake	tests/cmake	config	1f446c5fff0b0902213bf2132940adef51628dedca88b261362ae008cd3e1305	pending	-
tests/cmake/zr_vm_parser_recovery_tests.cmake	tests/cmake	config	553c9c9fc4a1651de996035df011c1fca6eca63643c99cac2ea591b2e4996c3e	reviewed	-
tests/cmake/zr_vm_register_executable_suite.cmake	tests/cmake	config	a08040adb6480f633c6306a3dba4d895c8b40dd82241e592fdb37e882de71d59	reviewed	测试入口与宿主环境调用链复核
tests/cmake/zr_vm_test_host_env.cmake	tests/cmake	config	f52ddb90716e86ac1139bef91f8b001a6979097709402b295c25f53cd2040707	reviewed	测试入口与宿主环境调用链复核
tests/cmake/zr_vm_write_ffi_fixture_path.cmake	tests/cmake	config	939579fcca124289b8aeffffcc75198fe57cff2773b82db22baa309c2f328523	reviewed	测试入口与宿主环境调用链复核
tests/compileTime/CMakeLists.txt	tests/compileTime	config	2631e5c0caa0ac875b82e2a956ea53f5f3efcfc2cc00d60ad1dd9cbfd42ed03f	reviewed	剩余测试入口与失败路径调用链复核
tests/compileTime/test_attribute_contract.c	tests/compileTime	test	f2aeb6bab2a00651c775c6095e70e8d35a85b552dc2166585720163162426fda	reviewed	剩余测试入口与失败路径调用链复核
tests/compileTime/test_compile_time_declaration_patch_transaction_cases.h	tests/compileTime	test	d9dfd1cfbd78d78112f374dad7469af73e5fb9e5ff38f13bb22076d333e85763	reviewed	剩余测试入口与失败路径调用链复核
tests/compileTime/test_compile_time_declaration_patch_transaction_hash_cases.h	tests/compileTime	test	daf90fbd83ea4860fce75f186e4adcd485ce097c51d80c9f784e31c6acf94871	reviewed	剩余测试入口与失败路径调用链复核
tests/compileTime/test_compile_time_decorator_shape_retention_cases.h	tests/compileTime	test	ec657a75c8fc05c956cd90d986e3912eb1b717ee3476ab1dfcbfb80074819ac8	reviewed	剩余测试入口与失败路径调用链复核
tests/compileTime/test_compile_time_execution.c	tests/compileTime	test	1168a40e99fc972835a5bfc8404cfe349981062c6711b16323d691da1f58f334	reviewed	剩余测试入口与失败路径调用链复核
tests/compileTime/test_compile_tool_artifact_resolution_cases.h	tests/compileTime	test	9f349050d0d85b9a6f5f47b9a8daf8069afce6b04874eba4cbfb31f1f4df3e7a	reviewed	剩余测试入口与失败路径调用链复核
tests/compileTime/test_comptime_cache_snapshot_cases.h	tests/compileTime	test	955ca30550688cb13458a9e421f2fff0042768592b407f575b44f1b155535a02	reviewed	剩余测试入口与失败路径调用链复核
tests/compileTime/test_comptime_contract.c	tests/compileTime	test	c85f756c69237f5170c0ca39a79d76b7df876ab26230c70ec15a7d83040cb9a2	reviewed	剩余测试入口与失败路径调用链复核
tests/compileTime/test_comptime_runtime_contract.c	tests/compileTime	test	2e27f98d36b62f545bbbc29a7ba2fabc138ed2d88c5feed975d3d6891a140662	reviewed	剩余测试入口与失败路径调用链复核
tests/compileTime/test_declaration_transform_contract.c	tests/compileTime	test	d4eeb5fcfe40b582bd629cff168ec126744e78fb3457fa003425cf74384f507c	reviewed	剩余测试入口与失败路径调用链复核
tests/container/container_test_common.c	tests/container	test	e209fdf479f4a7b4419bd83e8876c22a9c3f1ef7cfc1e2b9539f4c180e6d0d0d	reviewed	容器回归调用链与约束复核
tests/container/container_test_common.h	tests/container	test	7fd0f21a874ca8d6659862042160dc3a388229b6da1beb73da0adb35d16da405	reviewed	容器回归调用链与约束复核
tests/container/gdb_inline_pair_array_add.gdb	tests/container	test	4f04c47cce77fd5365998f9614a6439118c34e767ac2fc5d318cb23d2cc7f472	reviewed	容器回归调用链与约束复核
tests/container/gdb_inline_pair_constructor.gdb	tests/container	test	85e00da198e287dc196157a79bae2cc355dee1cc6aecf2e397f5d92bf001d94e	reviewed	容器回归调用链与约束复核
tests/container/gdb_super_array_fill_capacity.gdb	tests/container	test	e5a590c9db0b1cf14837f9603842471f0d34848ac2e04bb660d9d57ce9a721e8	reviewed	容器回归调用链与约束复核
tests/container/test_container_metadata.c	tests/container	test	345b570b238c9cf5f0a971f5e4458238def380b12774467967903f48003fde6e	reviewed	容器回归调用链与约束复核
tests/container/test_container_runtime.c	tests/container	test	9b9d830588f3a8c948a215c9885969c8bccc7817bbe969d2945ef8289bdff0c2	reviewed	容器回归调用链与约束复核
tests/container/test_container_type_inference.c	tests/container	test	4bd12b191f12e2791d2fb998f2c8ccb30ef7b7ceb054f192dd72859bdbc5756b	reviewed	容器回归调用链与约束复核
tests/container/test_generational_pool.c	tests/container	test	5f25873831f1d7c98958e2472076d179e0a329b19171f99dc066ea0ee4bc506d	reviewed	容器回归调用链与约束复核
tests/container/test_generational_pool_artifact.c	tests/container	test	c5de9b0574043be7f0c3886d36827428ca9601711cb7b2688a6d2ddff16d0712	reviewed	容器回归调用链与约束复核
tests/container/test_generational_pool_gc_stress.c	tests/container	test	6850aea4f6a7c71c945f2b003da05bfed6f921c472f59805461ce4bfba0472f8	reviewed	容器回归调用链与约束复核
tests/container/test_generational_pool_performance_matrix.c	tests/container	test	15f4c46d0926ef4ffb2965ca2359111ee3c21b8b62afae67d9fd9df29751afd0	reviewed	容器回归调用链与约束复核
tests/container/test_generational_pool_type_layout.c	tests/container	test	0b6d0c8ffa429d825fe5ded34d6af4b2bb7f3f3a593c70940ceb44816b6729bd	reviewed	容器回归调用链与约束复核
tests/container/test_pooling_closed_type_runtime.c	tests/container	test	96c0a4f4feba2b02d8c1a6768376ff7c29c1ddcd39c715c009c108cc299f53ad	reviewed	容器回归调用链与约束复核
tests/container/test_temp_value_root.c	tests/container	test	5bbbc8de21e776d19b59b062545be2ee8f56dc75bd108c198b00b45e9238aba6	reviewed	容器回归调用链与约束复核
tests/core/frame_slot_layout_initialization_tests.inc	tests/core	test	9692705e8cecdb9b7f438f0f9a8b99239370384a885a665d5cd9173adbd4d76e	reviewed	-
tests/core/gdb_clang_execution_dispatch_assert.gdb	tests/core	test	914e636230ae436bf113f9086b02461cd8d861168d8a1e982b78735319512dc0	reviewed	-
tests/core/gdb_map_object_access_cached_dispatch_wrapper_regression.gdb	tests/core	test	b7f5c3584555ef7d7284727bb259c67321dd12fb236b441c347e355d60273e45	reviewed	-
tests/core/gdb_map_object_access_concat_types.gdb	tests/core	test	507bed244e3f19269a29852c9013cdc8188e66f2065fcfb9fc8cb6ce667e283a	reviewed	-
tests/core/gdb_map_object_access_temp_root_begin.gdb	tests/core	test	1302282ea6cc4de80662a79b8301505be823682af12c4fc2661c52bf86326145	reviewed	-
tests/core/gdb_object_call_cached_dispatch_wrapper_release_failure.gdb	tests/core	test	f69a2d3b69946a347203a9732a390da94ee2507e77a8b9f029b3afa465b16aff	reviewed	-
tests/core/gdb_object_call_fast_wrapper_debug.gdb	tests/core	test	02290cd3b82c62b71999bc8010b0f4a44378c7436c23da339765efe8f5679068	reviewed	-
tests/core/gdb_object_call_known_native_fast_failure.gdb	tests/core	test	5526b120850c7708bb79a05df121ee98a97c97cc48d2dd88b58bbdb9593f490a	reviewed	-
tests/core/gdb_object_call_known_native_fast_slots.gdb	tests/core	test	09a254ed30292038c2f45a4a4edb54242b5a5d0f582b17602b74fe0d48f8377d	reviewed	-
tests/core/gdb_tmp_bench_literal_create_hits.gdb	tests/core	test	cdfbca5bba85906225c0185d542f3897f2a2447ced360df45c70aa1e9768dfb2	reviewed	-
tests/core/gdb_tmp_concat_pair_hits.gdb	tests/core	test	689464e95409b346a926d31450d9c8d854e7654558dc5dd0d03207e9808ade5e	reviewed	-
tests/core/gdb_tmp_concat_pair_map.gdb	tests/core	test	93467ab4fa8feb6f494dc3a72d7845bfe4b2b648ffe4098f91a940160ec3f012	reviewed	-
tests/core/gdb_tmp_dispatch_cached_descriptor_get.gdb	tests/core	test	b402337d41110a7599ff85f273d100e64767f47f062c0e642c1cc738361f600b	reviewed	-
tests/core/gdb_tmp_dispatch_member_get_cached_1493.gdb	tests/core	test	195fa787f77c0901322226b1c2c9bdb71aa80d75126ae9ba8f6a4a9cf47ac904	reviewed	-
tests/core/gdb_tmp_dispatch_member_get_cached_sample.gdb	tests/core	test	882a107942fdebdc4d51842c8f9dc17c98828537b8fb16a99c2c5587393be77d	reviewed	-
tests/core/gdb_tmp_dispatch_member_object_get.gdb	tests/core	test	f8066cf4ffc5eceae4c1f7f4ed09389bb0bf6706ce9597e648e322090b596615	reviewed	-
tests/core/gdb_tmp_dispatch_member_set_cached_1541.gdb	tests/core	test	88f3fdbe63b095f880cf2a13beed9605af9c672f08dc1bf06e7fff0819154b05	reviewed	-
tests/core/gdb_tmp_dispatch_object_get_by_name.gdb	tests/core	test	59938c557c93a8567de2483f7a7affb0ddf8b16e01126575857c82ee3bfa49e0	reviewed	-
tests/core/gdb_tmp_dispatch_object_get_by_name_late.gdb	tests/core	test	6cecb02c0119f76ed5093ee93d5088299507376bf822d95d53940d91fd6a950b	reviewed	-
tests/core/gdb_tmp_dispatch_resolve_known_vm_874.gdb	tests/core	test	a9b01c6561abab5f491cb5956b17218bebda600d00fd26c9e46ec0cc27e97666	reviewed	-
tests/core/gdb_tmp_known_vm_member_stack_get_watch.gdb	tests/core	test	af182f996b3f26acf415f271513a28ecc825746bd082cbdda592a1d948a9b0f2	reviewed	-
tests/core/gdb_tmp_string_create_hits.gdb	tests/core	test	1f984117f4c262ea23660a7d7f315563e129509b90201b3e9c3c3b64cf676fd1	reviewed	-
tests/core/gdb_tmp_string_create_short_hits.gdb	tests/core	test	d2c07ff993c52917e6e0bb66fe49e48b9f4509a33bfdbe892d291b9409a051a9	reviewed	-
tests/core/ssa_runtime_objects_concurrency.c	tests/core	test	cad26604807c85698dfe90569dd98c42efe9ba4ea7caacf372cd4530678703cc	pending	-
tests/core/ssa_runtime_objects_concurrency.h	tests/core	test	e5624ff4110a2a65e48a24a225f804d03b15b691483e228fca1171215c48e548	pending	-
tests/core/ssa_runtime_objects_faults.c	tests/core	test	d47f0d92ec9a066a3b88e2787849e7ecb1559bc9583bb0fe1d6e068c11ee4fba	pending	-
tests/core/ssa_runtime_objects_faults.h	tests/core	test	b128d0648c4f82c5f3b51d06e29b698de6b9e2039f062d96fc99b3567750d1b9	pending	-
tests/core/test_aot_gc_root_frame.c	tests/core	test	abe39ae4c1cc85edef45b7d35d4de458a98052e5a3f9f8a74670b1c51c1b10ed	reviewed	-
tests/core/test_call_binding_runtime.c	tests/core	test	c9af8294a082ef6d593ddd7594d0f53186abc4170f1dfff7445b881d6bd6c226	reviewed	-
tests/core/test_execution_add_stack_relocation.c	tests/core	test	73c2d17a205c795728ead8228662f434f591d65ac2e7f9b462a95f958cdd584e	reviewed	-
tests/core/test_execution_dispatch_callable_metadata.c	tests/core	test	f0c3b24a2be1c75418b13dbada74051e64908462fc6f8c5e44a42439cf5825a9	reviewed	-
tests/core/test_execution_member_access_fast_paths.c	tests/core	test	1feabef0a2dd25c5ae1e23260a4ee058e91c380263aa5059527f0f5faafdd9dd	reviewed	-
tests/core/test_execution_member_access_ownership_cases.h	tests/core	test	ef8357d665b45fd4a22daf4f2b2158cc4e936e7556375924553a9aa5b9ee3e87	reviewed	-
tests/core/test_execution_numeric_fast_paths.c	tests/core	test	32eff607f56672df0f04ff10c0a338bd5d533232e07f4d76bc241988952540c0	reviewed	-
tests/core/test_execution_unsigned_bitwise.c	tests/core	test	d3d8b354ed49ea5b49e1ad3bacfad10a4332d18ba3a5a319bdb0d33d5efea09a	reviewed	-
tests/core/test_frame_slot_layout_lookup.c	tests/core	test	023543b080d29ad2e486c626c43fa481982214e7bfab9abf1dad6af1d3d0f241	reviewed	-
tests/core/test_gc_concurrent_major.c	tests/core	test	c0f4f83396a95c89e00787d08d49b6805ceba864fe39bdeac002fd8fc3c24ec9	reviewed	-
tests/core/test_gc_domain_bridge.c	tests/core	test	f9a94ee8f22a35e1f0f9bc38aee8a7a9d73b3c046e4ba1710a9c551d16a0cc27	reviewed	-
tests/core/test_gc_domain_multimutator.c	tests/core	test	eeeda5ceb6f460229251e2d324c00d5e02fbbc8c4d8c11cb367a15efdf2e3c3e	reviewed	-
tests/core/test_hash_set_dense_paths.c	tests/core	test	b190f9b509267ef747d8d2c9bc342ff15e5cca2a2fce6f097dd5c145ba0fd523	reviewed	-
tests/core/test_inline_struct_array_layout.c	tests/core	test	63f790c7e588828bfa4abd5c3856a3bfcf67ad205c147789f251513a8edd7ff5	reviewed	-
tests/core/test_native_closure_value.c	tests/core	test	3ecbaabfe0e0cd354ac7810a43d43d1560f8bae7c33e5103d7d414db2f0efc68	reviewed	-
tests/core/test_native_inline_span_dispatch.c	tests/core	test	63a28d4fe61839ff8c462f5c53c7d3d25b53f8a5cac2546c88e0a74869a7e9ba	reviewed	-
tests/core/test_object_call_known_native_fast_path.c	tests/core	test	35f97c811e79129b3cdd81f8868c1fe37712edcd95593bc15584c58129c7e439	reviewed	-
tests/core/test_object_shape_transition_cache.c	tests/core	test	7169875ccd87d8ed559dbaf19d660d87074659af84c86949d185e6abbb1352ff	reviewed	-
tests/core/test_postcall_fast_paths.c	tests/core	test	46b2afde8206ffa7b5e31ca0ef56452dd8b4cdec6d943f031bab4e16de66bde1	reviewed	-
tests/core/test_precall_frame_slot_reset.c	tests/core	test	52b08dbd3c372e133b5c3ffe9826fbcd93e689392f7875edaab3c334898f28d9	reviewed	-
tests/core/test_resource_cross_domain_transfer.c	tests/core	test	190ed4973a9a57acd02e603214b85b2cd00ffd9ef6c3f95a1cd1c93f01f12515	reviewed	-
tests/core/test_resource_cross_domain_transfer_races.c	tests/core	test	0b137969e13eccf949389fe62f2a523c49328d51dbf44639a3c0d94c8164b05d	reviewed	-
tests/core/test_resource_cross_domain_transfer_review_cases.h	tests/core	test	6d75737e29454c5cd192c9d71b73b3414e5a089090a5add022c7e5815793ca8e	reviewed	-
tests/core/test_resource_cross_domain_transfer_value_copy_cases.h	tests/core	test	334e01bf24f9867e83ab37e46460dbc2bb81a93b7d02a4e9a0e8f3c7086436df	reviewed	-
tests/core/test_resource_same_domain_handoff.c	tests/core	test	0bc49ef7049dcab97dd0547cb06316029e5efa5b829496cbad0604b657a890a1	reviewed	-
tests/core/test_runtime_crash_recovery.c	tests/core	test	4356c4fe055a142aae73ec5264d31a95561736fa3317afad524406c54452f383	reviewed	-
tests/core/test_session_checkpoint.c	tests/core	test	040ca7404f83c55037b4e4fd64aa9174e5b7dba7c64d72e784da3bda0b9741c5	reviewed	-
tests/core/test_ssa_arrays_slices.c	tests/core	test	cab6b0dca170ac4230054ff2dd5e886f7375cccc25b4bb2fcdb4158bdd34c7e6	pending	-
tests/core/test_ssa_backend_service.c	tests/core	test	9be148da753c0488422ed7d14a420d2712f7e63ba2b3b46e2abbe275d1abdb9d	pending	-
tests/core/test_ssa_call_return_tail.c	tests/core	test	0f1ad29df20d85a43e24458f51e400233e0224a4e0732aec5c6208c5b4cf11ae	pending	-
tests/core/test_ssa_cross_domain_clone.c	tests/core	test	0100b82c6819aa0c6bca987e09d87f1e7666a574f64fa1d2244acd691d8b6f16	pending	-
tests/core/test_ssa_differential_harness.c	tests/core	test	59467a2e44c04655c78b1b6f31afe18a49c7a478d1616ede3423d44acd05e052	pending	-
tests/core/test_ssa_dispatch_boundaries.c	tests/core	test	22488f12f05bccd289e60ece157dabc536341b61b4dcbe878b3246ba8478eedf	pending	-
tests/core/test_ssa_domain_sharing.c	tests/core	test	914a8253ffa199b8e0cdc971bfad45f87e270bbbf50e9ca76882e5d86714d3e0	pending	-
tests/core/test_ssa_frame_layout.c	tests/core	test	bd1f4c8e17b59efbda7ed0704e3b936c37589bc832b1a38fa77eccf3bbe0e0b8	pending	-
tests/core/test_ssa_generation_publication.c	tests/core	test	0d699316b99584680fab7c35f006bf66e4782e77c467a3ea58a2987f67d1de3d	pending	-
tests/core/test_ssa_guarded_caches.c	tests/core	test	9871697daa82ff2bcbcf80e0f70facf75f4acfe75d36d748dcd20e01c8dfaaa1	pending	-
tests/core/test_ssa_host_baseline_jit.c	tests/core	test	4d9b3c316df506ffdff3f07234243a527455affc1b3bc5deda16bda1c8468318	pending	-
tests/core/test_ssa_host_jit_optional.c	tests/core	test	86cc16906b993204c1d57b24ba80b9c81255e54575a459811f38bc902be18255	pending	-
tests/core/test_ssa_major_budget.c	tests/core	test	3364c8cd8a9bcc90512458b0dc2f37343cb038198852641d698d64b250d15c76	pending	-
tests/core/test_ssa_major_budget_runtime.c	tests/core	test	5a2bed98d7df42815dff748e7ce96ef1acddaca0ce46b97a35b2b70ed38d2806	pending	-
tests/core/test_ssa_maps_strings.c	tests/core	test	9831e501910aabc2c8f8fd91f85f3aec67fc1f70457b96c9dc64547bb26204e8	pending	-
tests/core/test_ssa_objects_layout_maps.c	tests/core	test	670466e851118fa1dcfc7e40f626ceb79b6a2ae900e85c5b040c9537633c7c21	pending	-
tests/core/test_ssa_platform_matrix.c	tests/core	test	90d4bbe7071c653773de6e4f04741ee9c52e6d4a57ca4c96ff0787fac14e9ef1	pending	-
tests/core/test_ssa_release_acceptance.c	tests/core	test	8388b9bf9f9c9aa7e463857c334b647c23ac0b43fca82f4e500be3f6cff9a96d	pending	-
tests/core/test_ssa_roots_observation.c	tests/core	test	a1ac578dbd1a53f1cac72d8ae905eb228f14e16becbaa90ee8158ad25cbbd9a9	pending	-
tests/core/test_ssa_runtime_objects.c	tests/core	test	030b7bf47ce9683216563279777644139007f78185dd14e1283550a1b099e15c	pending	-
tests/core/test_ssa_young_allocation.c	tests/core	test	c46d3344aa8a2a5889daf608cd28a5db131821edf6055da8a835d4e5c0112f56	pending	-
tests/core/test_stateless_function_closure_cache.c	tests/core	test	1ae167f9c59de5ef9a1c4fe70ffc437e2dfc5f6539002647ec29b963dbd20466	reviewed	-
tests/core/test_string_builder.c	tests/core	test	aa549aff626f98ed0792b2fa4802f6950d36abdfb838ef49ac14a9363c4c3ccf	reviewed	-
tests/core/test_string_layout.c	tests/core	test	dfda1cec50dc5e35ce4bc3d7c573dce435a5b391d3a4ac5bcc564d9a86daa8ea	reviewed	-
tests/core/test_super_array_raw_int_canonical_storage.c	tests/core	test	c27160087377f0bf020f3e84c9e77caef934dc313e6167f5f00aec9200305701	reviewed	-
tests/core/test_tail_reuse_callinfo_reset.c	tests/core	test	eefe1388a3b0366675edb8725c4dac55759eb3d2306d442d2aa72eb3eb257674	reviewed	-
tests/core/test_type_layout_inline_copy.c	tests/core	test	4b214c210e60c475dd447f8214c06e72d0f559ced183c5b6ccf91e710f21839b	reviewed	-
tests/core/test_type_layout_metadata_contracts.c	tests/core	test	49dab8a745b7c85348b49f624b777f955a7e88d68292d654f1ac37db9a11ca7f	reviewed	-
tests/core/test_value_construction_profile.c	tests/core	test	6de128f003f256eb9217c0e78ec30a600433be4563217f96ab25c44dc513b0be	reviewed	-
tests/core/test_value_copy_fast_paths.c	tests/core	test	df19b257b5c651fa064b662de8f7c9b106b6706883c082b5686ef61a74496a85	reviewed	-
tests/core/test_vm_closure_precall.c	tests/core	test	39d8f58a21147082869ded35d410a7ceeda8caeaf75b6ff38cad872e6992da02	reviewed	-
tests/core/tmp_member_getter_debug.gdb	tests/core	test	c13d01df4ba3778b3aed158fa4c0b999629d011d1ef823e8c554bc579a55ea24	reviewed	-
tests/debug/projects/gdb_classes_full_exports.gdb	tests/debug	test	fbcf5de983267815417e9eea7c7894a3c11c4f06780bbc7c54ee50b04b5b001c	reviewed	-
tests/debug/projects/gdb_classes_full_precall.gdb	tests/debug	test	876c07c24eaff83cae5890996127c255035e2ee1e9bafa007ce53137f0a6ae8a	reviewed	-
tests/debug/projects/gdb_classes_properties_postcall.gdb	tests/debug	test	a51580930a13180812443c0c52ea4ab0a5bc7b1eede16494ecbacb87dc1b7e22	reviewed	-
tests/debug/projects/gdb_compile_decorator_compile_time_import_aliases.gdb	tests/debug	test	ce078357798d91813137d61ac3b989fae8c1c52006315c7decc706c3eb7c3bc5	reviewed	-
tests/debug/projects/gdb_decorator_compile_time_binary_import.gdb	tests/debug	test	4612c04900f83134a044cf60ab37d9bd16e610491c104061ed9eea02058c8b61	reviewed	-
tests/debug/projects/gdb_decorator_compile_time_import_clang.gdb	tests/debug	test	e4e7dc7f113834627073e1b5a0f6ea5d5205554f5f44ce50d042a0d28ad5cc12	reviewed	-
tests/debug/projects/gdb_decorator_compile_time_import_clang_detail.gdb	tests/debug	test	56315b28dfeee99aa4c48a6beb4f9cf34cbacd308c1853b6477fedd9aa8823a1	reviewed	-
tests/debug/test_debug_agent.c	tests/debug	test	a16f8e70424561a197aa485bf8a7b00c96da864bda0e47fd4a1bfa8b6482f5a5	reviewed	-
tests/debug/test_debug_agent_protocol.c	tests/debug	test	f9fde6780ffa12e675ca43b749c75cdf796e1882da1c064b389054aee8deeae6	reviewed	-
tests/debug/test_debug_breakpoint_condition_cases.h	tests/debug	test	40883185df83316a8ac90e0dc65c6caf18c8c9f441c9adc9c6f5bafca8242b11	reviewed	-
tests/debug/test_debug_breakpoint_logpoint_cases.h	tests/debug	test	9dc0a75ed396c479dd78dc5c9761af4945c89138cb42c9cfff28ef27937dc90c	reviewed	-
tests/debug/test_debug_canonical_binding_cases.h	tests/debug	test	cee85655b5aec8ce5e67406cc2ddc76c5ffddcfeac9f8206db9709783d3a8b39	reviewed	-
tests/debug/test_debug_data_breakpoint.c	tests/debug	test	994e5bdcadd54267cbf20e12d72b16e6d4ce03472994e6888452f4d15ec3a5e5	reviewed	-
tests/debug/test_debug_evaluate_failure_transport_cases.h	tests/debug	test	3489300529037584182687dd458ba2525a79c0f74d83251434485c8ab6fc4787	reviewed	-
tests/debug/test_debug_evaluate_result_transport_cases.h	tests/debug	test	716b1b95ef69ea47d4c9a3812d2ccb92381b61c922ef66e9218781e203d60d93	reviewed	-
tests/debug/test_debug_evaluation_effect_policy_cases.h	tests/debug	test	6f737c4a9b5413aada47c5d8990b10c9b649d3db0ff07cec7af2e3e16d20b4bc	reviewed	-
tests/debug/test_debug_expression_diagnostics.c	tests/debug	test	e1cc458b5aae2aa5703554bac71ea0f33c732520c1bcbb236ab0c5c7d07b1af2	reviewed	-
tests/debug/test_debug_formal_evaluation_cases.h	tests/debug	test	93d62ed9b225e8ea21670aad9cf9befd5692c1294e43572712396352a0ff1976	reviewed	-
tests/debug/test_debug_hook_core.c	tests/debug	test	1fafbb205c275b01f7661f930414e2f82ca8cd0b37de87e8e605c7f340361180	reviewed	-
tests/debug/test_debug_introspection.c	tests/debug	test	d32db733f157e4dd27cfe16a494a8575ba067580facbdc7adbbeae4c4793fe51	reviewed	-
tests/debug/test_debug_metadata.c	tests/debug	test	9ae60d808f9ae4747ccafa3705aaddb90e4466db1df49626bc7158635493d451	reviewed	-
tests/debug/test_debug_snapshot_contracts.c	tests/debug	test	c3395c9ae40666dbe8d235664ccd86d7e75fd331365f2ec9b6a1eaa20f997faa	reviewed	-
tests/debug/test_debug_step_edges.c	tests/debug	test	2be774012ee1fbfb2bd0b8c178032e8fce569aec55b2853ce0f1ffe64800fd0c	reviewed	-
tests/debug/test_debug_threads.c	tests/debug	test	01e5b93c7d0327e623f9fd7d253d846564b3f304949123ffc6151703c727105d	reviewed	-
tests/debug/test_debug_trace.c	tests/debug	test	e7650dd545ee95ba8f951bb1fd604666aa9bf13a1065c0e3a4993aed915080ae	reviewed	-
tests/debug/test_debug_traceback.c	tests/debug	test	65d2570a233e577395637ea2bd24d1f444595fa81bfd4125c93c9eab1346a956	reviewed	-
tests/debug/test_debug_truncation.c	tests/debug	test	baaa17e5b01fb5ad32a6e2213f5bfc717fff28ec746a759cb74b11949733fa04	reviewed	-
tests/debug/test_debug_variable_child_shape.c	tests/debug	test	b15043225c62013d00be8ab3df794b78cd9bf36a5c962457b9d5a6c459ae196f	reviewed	-
tests/debug/test_disassemble.c	tests/debug	test	2ccf7212dbab51753dd22eba6b384395f32abd36fe1bf8a43b002a17cba70837	reviewed	-
tests/debug/test_heap_summary.c	tests/debug	test	039491767ef88229eb4de49ba298afd18530c2dbb069bd16336ca53022b83bf0	reviewed	-
tests/decorators/test_compile_time_member_decorators.c	tests/decorators	test	9d9393e6da94a3aee37a4d1182db85d4853d526d7ead874aded5bc62d053be7b	reviewed	24 单元小边界调用链与失败路径已独立复核；中文译文再复核
tests/exceptions/CMakeLists.txt	tests/exceptions	config	988a19284cbf211df6fb3e3995f584e9d9c879b98e1381c06b619fa65c8d886e	reviewed	31 单元异常测试调用链与构建入口已独立复核；中文译文再复核
tests/exceptions/test_exceptions.c	tests/exceptions	test	c1347774342d372f7d216b8e55e6c2bceec46ec283e796f3dfd194b883652357	reviewed	31 单元异常测试调用链与构建入口已独立复核；中文译文再复核
tests/ffi/debug_ffi_close_probe.c	tests/ffi	test	0a0030d31db8799675e3654166ec3db6b3f2f1182abb9d769cc5048c4f28e1f4	reviewed	183 项 FFI 回归单元完成调用链审查并经独立复核
tests/ffi/ffi_fixture.c	tests/ffi	test	6d74e6dea1f1d0d34a1f32d9feed8f1f1dbd91d85eb4186938b93de992962d7b	reviewed	183 项 FFI 回归单元完成调用链审查并经独立复核
tests/ffi/ffi_source_extern_add_manual.zr	tests/ffi	test	aa33f9cc93acc50d0dee25272b6fdeae188dc2a6d1003632d965fc0b30d34b5e	reviewed	183 项 FFI 回归单元完成调用链审查并经独立复核；样例无需新增注释
tests/ffi/gdb_ffi_load_failure_probe.gdb	tests/ffi	test	e74d814022fdd99d42835386edc5f14807148d1261178a26dbb84a46a1dc69dd	reviewed	183 项 FFI 回归单元完成调用链审查并经独立复核
tests/ffi/gdb_source_extern_compile_error.gdb	tests/ffi	test	e49c4935337fb102667e443cb8e6e33ad44f3e7d370a2b8b3e07a6cc0cd6204d	reviewed	183 项 FFI 回归单元完成调用链审查并经独立复核
tests/ffi/gdb_source_extern_crash.gdb	tests/ffi	test	fd03a7665be910449e2f36fc098f320d2cef00790e7c16548727a52d65b926e6	reviewed	183 项 FFI 回归单元完成调用链审查并经独立复核
tests/ffi/gdb_source_extern_ffi_error.gdb	tests/ffi	test	807174fc1b19da651c7bcbfd248b84f127c0bd55dd0ddc9e9dfb29cbb045e62a	reviewed	183 项 FFI 回归单元完成调用链审查并经独立复核
tests/ffi/gdb_source_extern_longjmp.gdb	tests/ffi	test	fc4547ec9f96aa05bd271121e452b41e12fe3779de9a9c6627e4f4a175cbe429	reviewed	183 项 FFI 回归单元完成调用链审查并经独立复核
tests/ffi/gdb_source_extern_runtime_signature.gdb	tests/ffi	test	efec340f3d727daaf64bc644f2add2feeb18e55fdbc00696f7c26e7a7e072dbc	reviewed	183 项 FFI 回归单元完成调用链审查并经独立复核
tests/ffi/gdb_source_extern_signature.gdb	tests/ffi	test	15c9a261ff553aee374ce479af34240d814d9865562c1775171bd80f2b669eff	reviewed	183 项 FFI 回归单元完成调用链审查并经独立复核
tests/ffi/gdb_source_extern_throw.gdb	tests/ffi	test	452647e6083aef6468b68e587c4abbbccfa9460e20e39feed26f33147027ac16	reviewed	183 项 FFI 回归单元完成调用链审查并经独立复核
tests/ffi/gdb_zr_vm_ffi_close_crash.gdb	tests/ffi	test	3f6bb7e58082078d7e346f9e261e9f216713f687a1a9760e68c8b1fbffc108ea	reviewed	183 项 FFI 回归单元完成调用链审查并经独立复核
tests/ffi/test_ffi_module.c	tests/ffi	test	78f17e2e13297d29184988977b936f47f8323464af609239c62a25a051348e60	reviewed	183 项 FFI 回归单元完成调用链审查并经独立复核
tests/ffi/test_ffi_native_call_pin_contract.c	tests/ffi	test	298f1a9e624ba5867b3c6edbd2f92da357e5f23d2892e49a7842c2d6a4d7776f	reviewed	183 项 FFI 回归单元完成调用链审查并经独立复核
tests/ffi/test_native_extern_contract.c	tests/ffi	test	7046940852ca555068db0ec8447bf72532e36e48195e8e3cc18cda075ae3f781	reviewed	183 项 FFI 回归单元完成调用链审查并经独立复核
tests/ffi/test_ssa_native_abi.c	tests/ffi	test	e57c89d8f5158c880c07da8b44f6640e0f56d8e67433fb0049b2c11f7f127d09	reviewed	183 项 FFI 回归单元完成调用链审查并经独立复核
tests/fixtures/parser/test_char_literals.zr	tests/fixtures	fixture	050d6267bd5dfddfb32899d9f40751d67092c32972838068d5ebd4cc94a90a82	reviewed	168 项 reference/parser fixture 单元完成调用链审查并经独立复核
tests/fixtures/parser/test_prototype_class.zr	tests/fixtures	fixture	eefa2a7691e67cbf9fdf50af3ce3948c05bac9170e38be3baf378c255e89d77e	reviewed	168 项 reference/parser fixture 单元完成调用链审查并经独立复核
tests/fixtures/parser/test_prototype_export.zr	tests/fixtures	fixture	c5e0826203defba20720a43c36bf50ffa7450934f21751bb8fb4372da241bc67	reviewed	168 项 reference/parser fixture 单元完成调用链审查并经独立复核
tests/fixtures/parser/test_prototype_struct.zr	tests/fixtures	fixture	90335e3ea07e372b2f3700ced203407e5e3363b9c373ccc437e38570dee49d68	reviewed	168 项 reference/parser fixture 单元完成调用链审查并经独立复核
tests/fixtures/parser/test_simple.zr	tests/fixtures	fixture	1fbcc824a9edea7e9c8438fc8d10be27d10ee3cab8b15f50134602afd4d72fdc	reviewed	168 项 reference/parser fixture 单元完成调用链审查并经独立复核
tests/fixtures/parser/test_string_escapes.zr	tests/fixtures	fixture	d8770bf1c147f343a6f5763a3c47ca60db5240a766436d75ad1b3661f12a1c63	reviewed	168 项 reference/parser fixture 单元完成调用链审查并经独立复核
tests/fixtures/parser/test_type_cast_basic.zr	tests/fixtures	fixture	6dfed60d4733504a27be24f28a9d3aa75099f24785e46240a01cb605c8487d36	reviewed	168 项 reference/parser fixture 单元完成调用链审查并经独立复核
tests/fixtures/parser/test_type_cast_class.zr	tests/fixtures	fixture	47976386d566be2b92f46a7f1176d20f5ef2569ec1dd7a2c046bc95e5545cde0	reviewed	168 项 reference/parser fixture 单元完成调用链审查并经独立复核
tests/fixtures/parser/test_type_cast_struct.zr	tests/fixtures	fixture	f2e3f6f8399cd3c2ee47672dda02bf3c27d6896e090069028d15af1aaa746930	reviewed	168 项 reference/parser fixture 单元完成调用链审查并经独立复核
tests/fixtures/projects/benchmark_container_pipeline/benchmark_container_pipeline.zrp	tests/fixtures	fixture	6e5cecb253e039a5a7d19688e2ff01b4bab268593710e7d36904a7aa89394a03	reviewed	229 项项目 fixture 单元完成调用链审查并经独立复核
tests/fixtures/projects/benchmark_container_pipeline/src/main.zr	tests/fixtures	fixture	6e86ecdae61ab6b016a763572e1d9911803e5554a8e0facbfcac4d567a9c69e4	reviewed	229 项项目 fixture 单元完成调用链审查并经独立复核
tests/fixtures/projects/benchmark_dispatch_loops/benchmark_dispatch_loops.zrp	tests/fixtures	fixture	4afe82e4a6da0d39dc8ad4e1dc9f4a7be58266dfd7977cfc36ed6ac20d01719f	reviewed	229 项项目 fixture 单元完成调用链审查并经独立复核
tests/fixtures/projects/benchmark_dispatch_loops/src/main.zr	tests/fixtures	fixture	b6ca956d9894e1a8a6fec776e522e8ab3331abdf4db12fc64fb5c176d94f14fb	reviewed	229 项项目 fixture 单元完成调用链审查并经独立复核
tests/fixtures/projects/benchmark_known_call/benchmark_known_call.zrp	tests/fixtures	fixture	f1c80440d68246032423d1e61fa65ed43fcfb986470aa2d6b3ea5ed3d39509c8	reviewed	229 项项目 fixture 单元完成调用链审查并经独立复核
tests/fixtures/projects/benchmark_known_call/src/bench_config.zr	tests/fixtures	fixture	05a8f025204e37cfe5ace49160350578b28f4d15b21faa43b50c88b1b509715d	reviewed	229 项项目 fixture 单元完成调用链审查并经独立复核
tests/fixtures/projects/benchmark_known_call/src/main.zr	tests/fixtures	fixture	e54af5055547faf3c6d9f06826fedbef332292ef3b01905002011e2cfc693e19	reviewed	229 项项目 fixture 单元完成调用链审查并经独立复核
tests/fixtures/projects/benchmark_numeric_loops/benchmark_numeric_loops.zrp	tests/fixtures	fixture	bffd6a0809f565911cabf1f29920191f4d7324810bd3ad8e5e2a4ef3b486b69f	reviewed	229 项项目 fixture 单元完成调用链审查并经独立复核
tests/fixtures/projects/benchmark_numeric_loops/src/main.zr	tests/fixtures	fixture	7ae71f311ab76dd390e71b461d112c6d98d617ca4d93bd0fe8e5cda6d35e5a9c	reviewed	229 项项目 fixture 单元完成调用链审查并经独立复核
tests/fixtures/projects/benchmark_string_build/benchmark_string_build.zrp	tests/fixtures	fixture	b15b793f8456c42593fa84b10834465a7370174b786d2c8c3e02b808d1d4a694	reviewed	229 项项目 fixture 单元完成调用链审查并经独立复核
tests/fixtures/projects/benchmark_string_build/src/bench_config.zr	tests/fixtures	fixture	ba391d80a0e1b5c78e826b845d97c67f90e3fd404445e3a6bf20ac2fb4d121aa	reviewed	229 项项目 fixture 单元完成调用链审查并经独立复核
tests/fixtures/projects/benchmark_string_build/src/main.zr	tests/fixtures	fixture	4e49865f50cd2b8ae151a6f2397fd865f2887550984bfbe6a09d9acfe52d11a2	reviewed	229 项项目 fixture 单元完成调用链审查并经独立复核
tests/fixtures/projects/benchmark_typed_equality/benchmark_typed_equality.zrp	tests/fixtures	fixture	45fbd39a9ded56e5ae44539405357b5b269594f4a0b1701323bf47c74aa5d703	reviewed	229 项项目 fixture 单元完成调用链审查并经独立复核
tests/fixtures/projects/benchmark_typed_equality/src/bench_config.zr	tests/fixtures	fixture	05a8f025204e37cfe5ace49160350578b28f4d15b21faa43b50c88b1b509715d	reviewed	229 项项目 fixture 单元完成调用链审查并经独立复核
tests/fixtures/projects/benchmark_typed_equality/src/main.zr	tests/fixtures	fixture	b7ad67c891823a71d24478621057db558453c27b3c22856f260aa5dd0d1dc44a	reviewed	229 项项目 fixture 单元完成调用链审查并经独立复核
tests/fixtures/projects/benchmark_unsigned_arithmetic/benchmark_unsigned_arithmetic.zrp	tests/fixtures	fixture	503138b0c4aea5b7a2c6d6eba0995b8caa33df2ea3655235b3eabd6b2ad3d188	reviewed	229 项项目 fixture 单元完成调用链审查并经独立复核
tests/fixtures/projects/benchmark_unsigned_arithmetic/src/bench_config.zr	tests/fixtures	fixture	05a8f025204e37cfe5ace49160350578b28f4d15b21faa43b50c88b1b509715d	reviewed	229 项项目 fixture 单元完成调用链审查并经独立复核
tests/fixtures/projects/benchmark_unsigned_arithmetic/src/main.zr	tests/fixtures	fixture	03eb521a841d1b21c8a0a22e23f320fe7382bc309654ce948c3dee46c539a2d3	reviewed	229 项项目 fixture 单元完成调用链审查并经独立复核
tests/fixtures/projects/binary_module_graph_pipeline/binary_module_graph_pipeline.zrp	tests/fixtures	fixture	10e6780583986dfa686a81495002d299cf871afd4bae383812349ced46d26893	reviewed	229 项项目 fixture 单元完成调用链审查并经独立复核
tests/fixtures/projects/binary_module_graph_pipeline/fixtures/graph_binary_stage_source.zr	tests/fixtures	fixture	aa7516e121b5af5a1253e4d0a6b578265c8fda172bb9714b241cb9cf5d7920a2	reviewed	229 项项目 fixture 单元完成调用链审查并经独立复核
tests/fixtures/projects/binary_module_graph_pipeline/src/graph_stage_a.zr	tests/fixtures	fixture	22b68050bf8e9023325720c46c910f64cbbb2a65e098ca0f560b0b0895c19d28	reviewed	229 项项目 fixture 单元完成调用链审查并经独立复核
tests/fixtures/projects/binary_module_graph_pipeline/src/graph_stage_b.zr	tests/fixtures	fixture	2a9089113d9eb9bfbe280589971ae65d2caeb6594d9a55250c08156484435fcd	reviewed	229 项项目 fixture 单元完成调用链审查并经独立复核
tests/fixtures/projects/binary_module_graph_pipeline/src/main.zr	tests/fixtures	fixture	9faa31768a3b1c0d34411d2d6f7ef56dc5d9cb83f8afd243e2c4d9e9f6ee8c87	reviewed	229 项项目 fixture 单元完成调用链审查并经独立复核
tests/fixtures/projects/classes/classes.zrp	tests/fixtures	fixture	13bb559247ff25b42e363c5d2e05e2e0264d48d2c8553b1fdf7cac5991e2c711	reviewed	229 项项目 fixture 单元完成调用链审查并经独立复核
tests/fixtures/projects/classes/src/main.zr	tests/fixtures	fixture	efa968bfc51b03aac65dba7e33e854ae07584c83b7a61642f819c0daa17c0446	reviewed	229 项项目 fixture 单元完成调用链审查并经独立复核
tests/fixtures/projects/classes/src/math.zr	tests/fixtures	fixture	ceed02f4ddba74e0a12fcb936542fbd8ec3df2df748bd5c72cfab382a8fa3bef	reviewed	229 项项目 fixture 单元完成调用链审查并经独立复核
tests/fixtures/projects/classes_full/classes_full.zrp	tests/fixtures	fixture	eb846ebcbb5a070e4077acf67b436ce545b0146470004469a521b2d13f61fd45	reviewed	229 项项目 fixture 单元完成调用链审查并经独立复核
tests/fixtures/projects/classes_full/src/hero.zr	tests/fixtures	fixture	cf4dc564733486e3761b2f55199e1b8b8f26408bd2f55a3a1dd96dfd4b8f879c	reviewed	229 项项目 fixture 单元完成调用链审查并经独立复核
tests/fixtures/projects/classes_full/src/main.zr	tests/fixtures	fixture	f1503ce8bda37a496c02870c0a4bdf21982cc92faa38385a2288060e3e683e10	reviewed	229 项项目 fixture 单元完成调用链审查并经独立复核
tests/fixtures/projects/classes_properties/classes_properties.zrp	tests/fixtures	fixture	80e4b4ee88cae03aa39e06dce3cd0ef5d3d26a21691fa70f519ac48075ab72f2	reviewed	229 项项目 fixture 单元完成调用链审查并经独立复核
tests/fixtures/projects/classes_properties/src/main.zr	tests/fixtures	fixture	34edd3e663f55f0c482f62893dcc9c7beb38c5737d6802e81531de008a30b31a	reviewed	229 项项目 fixture 单元完成调用链审查并经独立复核
tests/fixtures/projects/classes_static/classes_static.zrp	tests/fixtures	fixture	dec1618ea4bddb674998177ba664853938f907ad7bdba9414a24afc2557fc593	reviewed	229 项项目 fixture 单元完成调用链审查并经独立复核
tests/fixtures/projects/classes_static/src/main.zr	tests/fixtures	fixture	c60c3187a1bf2ea344f66f4e8b69e1231af46b0e1be2846418e0482c8d571f2e	reviewed	229 项项目 fixture 单元完成调用链审查并经独立复核
tests/fixtures/projects/classes_super/classes_super.zrp	tests/fixtures	fixture	fbb16498deae3ce7451d2c961dfe1470bf6131c547012eb6479d48e8b0e51bbb	reviewed	229 项项目 fixture 单元完成调用链审查并经独立复核
tests/fixtures/projects/classes_super/src/main.zr	tests/fixtures	fixture	a52439b0f7674b1ed40747ede3ec4ff6131e9eecf0a19143ea63e90bed90b926	reviewed	229 项项目 fixture 单元完成调用链审查并经独立复核
tests/fixtures/projects/cli_args/cli_args.zrp	tests/fixtures	fixture	1097fa5fcfd536e95b23262028b76bbedb3cce71de534b73abc1c58cdca13a3b	reviewed	229 项项目 fixture 单元完成调用链审查并经独立复核
tests/fixtures/projects/cli_args/src/main.zr	tests/fixtures	fixture	374df02be013d856718f5edce379dc6eedef6ff9070027d0290fcb20b073624c	reviewed	229 项项目 fixture 单元完成调用链审查并经独立复核
tests/fixtures/projects/cli_args/src/tools/seed.zr	tests/fixtures	fixture	069f844a5617fcf82169e6f6f00c0387635ff67d679aba47037c4f695dc76d01	reviewed	229 项项目 fixture 单元完成调用链审查并经独立复核
tests/fixtures/projects/container_matrix/container_matrix.zrp	tests/fixtures	fixture	05be88c34a9e17fccba4d302bfdda4e29dc7a52b5e1a43d912734473a95d2d81	reviewed	229 项项目 fixture 单元完成调用链审查并经独立复核
tests/fixtures/projects/container_matrix/src/aggregate_stage.zr	tests/fixtures	fixture	78b7440be7751434d0a8fce1928b0796420d9e57d5c3e9a406def7ae55f1d42b	reviewed	229 项项目 fixture 单元完成调用链审查并经独立复核
tests/fixtures/projects/container_matrix/src/dedupe_stage.zr	tests/fixtures	fixture	b3f98596c4c2f6f6b225da9c81a1d8f7dde9ac35e18e020004d23ad9d617a835	reviewed	229 项项目 fixture 单元完成调用链审查并经独立复核
tests/fixtures/projects/container_matrix/src/fixed_input.zr	tests/fixtures	fixture	bd372f0efb31e04190e4463c4a731acd8a256d4bc264b58e4cfbc7e116a45673	reviewed	229 项项目 fixture 单元完成调用链审查并经独立复核
tests/fixtures/projects/container_matrix/src/main.zr	tests/fixtures	fixture	ef99d5ab6d3b88ab2102d0d4f5d24d34b454926a45d97029958d716143eceaf9	reviewed	229 项项目 fixture 单元完成调用链审查并经独立复核
tests/fixtures/projects/container_matrix/src/queue_stage.zr	tests/fixtures	fixture	df14f5c973cbf1ac0a69ee1f401c22ebca7a2e80e8e2adcf36fd7f50f73704e0	reviewed	229 项项目 fixture 单元完成调用链审查并经独立复核
tests/fixtures/projects/decorator_compile_time/decorator_compile_time.zrp	tests/fixtures	fixture	c79676d4e89bdbb76a1fd0f73b35a4d11f4d3cb5e78fe7068822b37e68a55b84	reviewed	229 项项目 fixture 单元完成调用链审查并经独立复核
tests/fixtures/projects/decorator_compile_time/src/decorated_user.zr	tests/fixtures	fixture	58bde12fdc0db7ca838b334113120e950883f7227bf2cdc6ef36c435e9372e19	reviewed	229 项项目 fixture 单元完成调用链审查并经独立复核
tests/fixtures/projects/decorator_compile_time/src/main.zr	tests/fixtures	fixture	2b5f356be9f71b3eb95c16c614a841022de27c6f9db837196151fc97e5a7aa60	reviewed	229 项项目 fixture 单元完成调用链审查并经独立复核
tests/fixtures/projects/decorator_compile_time_binary/.manual_prepare/prepare.zrp	tests/fixtures	fixture	328b4c5fd4e4d3a84812ca586bc7f3f24047ce74dfed7c033aac8abc5095b60e	reviewed	229 项项目 fixture 单元完成调用链审查并经独立复核
tests/fixtures/projects/decorator_compile_time_binary/.manual_prepare/src/decorated_user.zr	tests/fixtures	fixture	58bde12fdc0db7ca838b334113120e950883f7227bf2cdc6ef36c435e9372e19	reviewed	229 项项目 fixture 单元完成调用链审查并经独立复核
tests/fixtures/projects/decorator_compile_time_binary/decorator_compile_time_binary.zrp	tests/fixtures	fixture	139b7f61eec1f7e95f5d61546d5ba3d16a7a449c1adfd0a3ece7574f0c17265d	reviewed	229 项项目 fixture 单元完成调用链审查并经独立复核
tests/fixtures/projects/decorator_compile_time_binary/fixtures/decorated_user_module/decorated_user.zr	tests/fixtures	fixture	58bde12fdc0db7ca838b334113120e950883f7227bf2cdc6ef36c435e9372e19	reviewed	229 项项目 fixture 单元完成调用链审查并经独立复核
tests/fixtures/projects/decorator_compile_time_binary/src/main.zr	tests/fixtures	fixture	2b5f356be9f71b3eb95c16c614a841022de27c6f9db837196151fc97e5a7aa60	reviewed	229 项项目 fixture 单元完成调用链审查并经独立复核
tests/fixtures/projects/decorator_compile_time_deep_import/decorator_compile_time_deep_import.zrp	tests/fixtures	fixture	6ffcd30dbfc3cab1af2c6fd7ed385c65cdeffbcc34a6dacc80602067843832da	reviewed	229 项项目 fixture 单元完成调用链审查并经独立复核
tests/fixtures/projects/decorator_compile_time_deep_import/src/decorated_user.zr	tests/fixtures	fixture	b0ea4064f76d12ae6d9dcf022369f31c504089c5bb777b3b7c52fc2698b7a0b4	reviewed	229 项项目 fixture 单元完成调用链审查并经独立复核
tests/fixtures/projects/decorator_compile_time_deep_import/src/decorators.zr	tests/fixtures	fixture	573319b9d979a18d4700268d1ef4657c0b71787157c05e81cc2e29dc103450fa	reviewed	229 项项目 fixture 单元完成调用链审查并经独立复核
tests/fixtures/projects/decorator_compile_time_deep_import/src/helper.zr	tests/fixtures	fixture	f9b9abaf17516259afcd40a46aa1d5e4b393e4810ba82f84cc65c2d5c862034b	reviewed	229 项项目 fixture 单元完成调用链审查并经独立复核
tests/fixtures/projects/decorator_compile_time_deep_import/src/main.zr	tests/fixtures	fixture	2b5f356be9f71b3eb95c16c614a841022de27c6f9db837196151fc97e5a7aa60	reviewed	229 项项目 fixture 单元完成调用链审查并经独立复核
tests/fixtures/projects/decorator_compile_time_deep_import_binary/decorator_compile_time_deep_import_binary.zrp	tests/fixtures	fixture	cc21ae8b674f0f253c507cbf79cc9773f7804e6b08f1e90163ac53b3b0818102	reviewed	229 项项目 fixture 单元完成调用链审查并经独立复核
tests/fixtures/projects/decorator_compile_time_deep_import_binary/fixtures/decorated_user_module/decorated_user.zr	tests/fixtures	fixture	b0ea4064f76d12ae6d9dcf022369f31c504089c5bb777b3b7c52fc2698b7a0b4	reviewed	229 项项目 fixture 单元完成调用链审查并经独立复核
tests/fixtures/projects/decorator_compile_time_deep_import_binary/fixtures/decorated_user_module/decorators.zr	tests/fixtures	fixture	573319b9d979a18d4700268d1ef4657c0b71787157c05e81cc2e29dc103450fa	reviewed	229 项项目 fixture 单元完成调用链审查并经独立复核
tests/fixtures/projects/decorator_compile_time_deep_import_binary/fixtures/decorated_user_module/helper.zr	tests/fixtures	fixture	f9b9abaf17516259afcd40a46aa1d5e4b393e4810ba82f84cc65c2d5c862034b	reviewed	229 项项目 fixture 单元完成调用链审查并经独立复核
tests/fixtures/projects/decorator_compile_time_deep_import_binary/src/main.zr	tests/fixtures	fixture	2b5f356be9f71b3eb95c16c614a841022de27c6f9db837196151fc97e5a7aa60	reviewed	229 项项目 fixture 单元完成调用链审查并经独立复核
tests/fixtures/projects/decorator_compile_time_import/decorator_compile_time_import.zrp	tests/fixtures	fixture	529277a8372badc548eb2272d63dcb1ca232572444c6cc83b05c73735d69f2e3	reviewed	229 项项目 fixture 单元完成调用链审查并经独立复核
tests/fixtures/projects/decorator_compile_time_import/src/decorated_user.zr	tests/fixtures	fixture	4cbca5ff94e4b81779ab21418fff9bfd8147fb63d0ed9ad0aa9f3e79ced472f7	reviewed	229 项项目 fixture 单元完成调用链审查并经独立复核
tests/fixtures/projects/decorator_compile_time_import/src/decorators.zr	tests/fixtures	fixture	6c6cb7d8e84e8478d079fd6cdee5523e5629d59bcb0d4a8a89fea7aa499da399	reviewed	229 项项目 fixture 单元完成调用链审查并经独立复核
tests/fixtures/projects/decorator_compile_time_import/src/main.zr	tests/fixtures	fixture	2b5f356be9f71b3eb95c16c614a841022de27c6f9db837196151fc97e5a7aa60	reviewed	229 项项目 fixture 单元完成调用链审查并经独立复核
tests/fixtures/projects/decorator_compile_time_import_binary/.manual_prepare/prepare.zrp	tests/fixtures	fixture	ab390eb4fb9e126ad803479b70df1005706c0f584af4ffc5a89e398ef1cea7a8	reviewed	229 项项目 fixture 单元完成调用链审查并经独立复核
tests/fixtures/projects/decorator_compile_time_import_binary/.manual_prepare/src/provider.zr	tests/fixtures	fixture	4dd396d87ba254b88dc4cd1cbda86bcd0b5229aae6fd6fcbf4facb6e94f72383	reviewed	229 项项目 fixture 单元完成调用链审查并经独立复核
tests/fixtures/projects/decorator_compile_time_import_binary/decorator_compile_time_import_binary.zrp	tests/fixtures	fixture	23e7789486ddca437959ae4d341e6ec2281fe2577ac46e3b07d1cf3a24748294	reviewed	229 项项目 fixture 单元完成调用链审查并经独立复核
tests/fixtures/projects/decorator_compile_time_import_binary/fixtures/provider_module/provider.zr	tests/fixtures	fixture	4dd396d87ba254b88dc4cd1cbda86bcd0b5229aae6fd6fcbf4facb6e94f72383	reviewed	229 项项目 fixture 单元完成调用链审查并经独立复核
tests/fixtures/projects/decorator_compile_time_import_binary/src/decorated_user.zr	tests/fixtures	fixture	b3951db012a473d3e724d77ce5e2c0089ed6da873909be498d56dad3aa98686c	reviewed	229 项项目 fixture 单元完成调用链审查并经独立复核
tests/fixtures/projects/decorator_compile_time_import_binary/src/main.zr	tests/fixtures	fixture	fee9143dcc81b77b3bed539e74cd4c05a8a786c8cbec77abec8d847e91f2c1f3	reviewed	229 项项目 fixture 单元完成调用链审查并经独立复核
tests/fixtures/projects/decorator_compile_time_parameter_import/decorator_compile_time_parameter_import.zrp	tests/fixtures	fixture	fdf25e1d63c2d0f482c77a9471bbd0775c2d0121985d75441a9b024b2ae1cd99	reviewed	229 项项目 fixture 单元完成调用链审查并经独立复核
tests/fixtures/projects/decorator_compile_time_parameter_import/src/main.zr	tests/fixtures	fixture	7ede751d26652beaf95f6209cdcfb203e88587dc9c82eb9c9de44b7779446418	reviewed	229 项项目 fixture 单元完成调用链审查并经独立复核
tests/fixtures/projects/decorator_compile_time_parameter_import/src/provider.zr	tests/fixtures	fixture	35d310e25f7ee5814ad9812b3cc920d6fdb7548488e78f110d08a76957c751e9	reviewed	229 项项目 fixture 单元完成调用链审查并经独立复核
tests/fixtures/projects/decorator_compile_time_parameter_import_binary/decorator_compile_time_parameter_import_binary.zrp	tests/fixtures	fixture	bfd05a4585ddfda12cddc7b80763404a0c1391c90e0df2e70046a616bd702749	reviewed	229 项项目 fixture 单元完成调用链审查并经独立复核
tests/fixtures/projects/decorator_compile_time_parameter_import_binary/fixtures/provider_module/provider.zr	tests/fixtures	fixture	35d310e25f7ee5814ad9812b3cc920d6fdb7548488e78f110d08a76957c751e9	reviewed	229 项项目 fixture 单元完成调用链审查并经独立复核
tests/fixtures/projects/decorator_compile_time_parameter_import_binary/src/main.zr	tests/fixtures	fixture	7ede751d26652beaf95f6209cdcfb203e88587dc9c82eb9c9de44b7779446418	reviewed	229 项项目 fixture 单元完成调用链审查并经独立复核
tests/fixtures/projects/decorator_compile_time_provider_import/decorator_compile_time_provider_import.zrp	tests/fixtures	fixture	fa893c3a9193da880b554442922b4f22eb1d23bf99a75c1252cdeeaef211d54b	reviewed	229 项项目 fixture 单元完成调用链审查并经独立复核
tests/fixtures/projects/decorator_compile_time_provider_import/src/decorated_user.zr	tests/fixtures	fixture	f3b4c8939816b69c73a260c62030ae390141789032ba99a5e28910f8f6d6323e	reviewed	229 项项目 fixture 单元完成调用链审查并经独立复核
tests/fixtures/projects/decorator_compile_time_provider_import/src/decorators.zr	tests/fixtures	fixture	58c21c50fc991d6ead736297cc98c35d7b6ef7cd419feb5383a24a797dce9bb1	reviewed	229 项项目 fixture 单元完成调用链审查并经独立复核
tests/fixtures/projects/decorator_compile_time_provider_import/src/main.zr	tests/fixtures	fixture	9cfa9c8c64c84b2a801a266e9ae7db744ad71e7fd3480b3f713a465aec5cdf1c	reviewed	229 项项目 fixture 单元完成调用链审查并经独立复核
tests/fixtures/projects/decorator_compile_time_provider_import/src/provider.zr	tests/fixtures	fixture	4dd396d87ba254b88dc4cd1cbda86bcd0b5229aae6fd6fcbf4facb6e94f72383	reviewed	229 项项目 fixture 单元完成调用链审查并经独立复核
tests/fixtures/projects/decorator_compile_time_provider_import_binary/decorator_compile_time_provider_import_binary.zrp	tests/fixtures	fixture	fe40c9bac7b48f9a2cdcdf50f65eee74b1cf3d610aa42bbb28e912a2fac9e67a	reviewed	229 项项目 fixture 单元完成调用链审查并经独立复核
tests/fixtures/projects/decorator_compile_time_provider_import_binary/fixtures/decorated_user_module/decorated_user.zr	tests/fixtures	fixture	f3b4c8939816b69c73a260c62030ae390141789032ba99a5e28910f8f6d6323e	reviewed	229 项项目 fixture 单元完成调用链审查并经独立复核
tests/fixtures/projects/decorator_compile_time_provider_import_binary/fixtures/decorated_user_module/decorators.zr	tests/fixtures	fixture	58c21c50fc991d6ead736297cc98c35d7b6ef7cd419feb5383a24a797dce9bb1	reviewed	229 项项目 fixture 单元完成调用链审查并经独立复核
tests/fixtures/projects/decorator_compile_time_provider_import_binary/fixtures/decorated_user_module/provider.zr	tests/fixtures	fixture	4dd396d87ba254b88dc4cd1cbda86bcd0b5229aae6fd6fcbf4facb6e94f72383	reviewed	229 项项目 fixture 单元完成调用链审查并经独立复核
tests/fixtures/projects/decorator_compile_time_provider_import_binary/src/main.zr	tests/fixtures	fixture	9cfa9c8c64c84b2a801a266e9ae7db744ad71e7fd3480b3f713a465aec5cdf1c	reviewed	229 项项目 fixture 单元完成调用链审查并经独立复核
tests/fixtures/projects/decorator_import/decorator_import.zrp	tests/fixtures	fixture	f54dae801aee39b257e99e4f80a8f9727520a0ee84493acb5a29f9f72ad4d65d	reviewed	229 项项目 fixture 单元完成调用链审查并经独立复核
tests/fixtures/projects/decorator_import/src/decorated_user.zr	tests/fixtures	fixture	12eca582c36049dad2cab93a92d065fd567d82d94e36d4ea6ec0f2a9356ed4b7	reviewed	229 项项目 fixture 单元完成调用链审查并经独立复核
tests/fixtures/projects/decorator_import/src/decorators.zr	tests/fixtures	fixture	494e5a7dc55ad52c8c355053e160889f43db4132877606b0b656a37097d4831e	reviewed	229 项项目 fixture 单元完成调用链审查并经独立复核
tests/fixtures/projects/decorator_import/src/main.zr	tests/fixtures	fixture	2b5f356be9f71b3eb95c16c614a841022de27c6f9db837196151fc97e5a7aa60	reviewed	229 项项目 fixture 单元完成调用链审查并经独立复核
tests/fixtures/projects/decorator_import_binary/decorator_import_binary.zrp	tests/fixtures	fixture	617e8d32a0cbba5cb3ad6386768d0aff7de4ee25f33dc75135eec16784e22521	reviewed	229 项项目 fixture 单元完成调用链审查并经独立复核
tests/fixtures/projects/decorator_import_binary/fixtures/decorated_user_module/decorated_user.zr	tests/fixtures	fixture	d697024ee9607b58c32444e46673bb271b340607380b242d2ea5e9d96486c24f	reviewed	229 项项目 fixture 单元完成调用链审查并经独立复核
tests/fixtures/projects/decorator_import_binary/fixtures/decorated_user_module/decorators.zr	tests/fixtures	fixture	494e5a7dc55ad52c8c355053e160889f43db4132877606b0b656a37097d4831e	reviewed	229 项项目 fixture 单元完成调用链审查并经独立复核
tests/fixtures/projects/decorator_import_binary/src/main.zr	tests/fixtures	fixture	2b5f356be9f71b3eb95c16c614a841022de27c6f9db837196151fc97e5a7aa60	reviewed	229 项项目 fixture 单元完成调用链审查并经独立复核
tests/fixtures/projects/gc_fragment_stress/gc_fragment_stress.zrp	tests/fixtures	fixture	64edc2941f6a3ec286fbb80320e2df358f79d77e426340055840a61594069e2a	reviewed	108 项中段项目 fixture 单元完成调用链审查并经独立复核
tests/fixtures/projects/gc_fragment_stress/src/main.zr	tests/fixtures	fixture	08a79791efd0638fd797a57b4f14f532198fbc3133d167f15d6c5b5593112a0e	reviewed	108 项中段项目 fixture 单元完成调用链审查并经独立复核
tests/fixtures/projects/hello_world/hello_world.zrp	tests/fixtures	fixture	a0dd2089a3b030bab9c1cdff0d72bbb2341a1754c58b3eaddfe5c0ac1b9bc262	reviewed	108 项中段项目 fixture 单元完成调用链审查并经独立复核
tests/fixtures/projects/hello_world/src/main.zr	tests/fixtures	fixture	32fc7bc784d6e9b6b29ab9c14e50bdf46ee407d8e1f73020ef70672f934a78fd	reviewed	108 项中段项目 fixture 单元完成调用链审查并经独立复核
tests/fixtures/projects/import_basic/.vscode/settings.json	tests/fixtures	config	95176cb6034279a88a6230fd200a06e3624f7e40c960d4a39241ee16e9b46ab9	reviewed	108 项中段项目 fixture 单元完成调用链审查并经独立复核
tests/fixtures/projects/import_basic/import_basic.zrp	tests/fixtures	fixture	115d46f22f84df3274a437d31e4bf21f368c2c7806905bf457b5acda50135121	reviewed	108 项中段项目 fixture 单元完成调用链审查并经独立复核
tests/fixtures/projects/import_basic/src/classes_full_smoke.zr	tests/fixtures	fixture	39489fda3c31f84cf492001b602b61b2daa06ba45ecf448fa3488cfb2fa1597d	reviewed	108 项中段项目 fixture 单元完成调用链审查并经独立复核
tests/fixtures/projects/import_basic/src/greet.zr	tests/fixtures	fixture	97ac099aade77fa446989a8cf61db89805b9d4ea24db3144b2dcf4b42232fa9f	reviewed	108 项中段项目 fixture 单元完成调用链审查并经独立复核
tests/fixtures/projects/import_basic/src/main.zr	tests/fixtures	fixture	59611c1e23d6ba27869acf5a473e2c91dc093f0829ed18479d9196f8ed77d742	reviewed	108 项中段项目 fixture 单元完成调用链审查并经独立复核
tests/fixtures/projects/import_binary/fixtures/greet_binary_source.zr	tests/fixtures	fixture	445ec6973b1b2d9f45dad04affb3e6931c84405c28e76ddaca065d0a5d001c71	reviewed	108 项中段项目 fixture 单元完成调用链审查并经独立复核
tests/fixtures/projects/import_binary/import_binary.zrp	tests/fixtures	fixture	a79aa82f6f967b08c6de2c78abe54296fdca27f7a368617f18725a5acbc2d7c6	reviewed	108 项中段项目 fixture 单元完成调用链审查并经独立复核
tests/fixtures/projects/import_binary/src/main.zr	tests/fixtures	fixture	a3ced6083a13fbc0c95cd505993e6520cf4ae3020378028bc8bad6e739a5f9d9	reviewed	108 项中段项目 fixture 单元完成调用链审查并经独立复核
tests/fixtures/projects/import_binary_const/fixtures/greet_binary_source.zr	tests/fixtures	fixture	3fe71efcd4c35d9efd0b37c897cad55fa5780714dd023ddbc9190756c23e77b1	reviewed	108 项中段项目 fixture 单元完成调用链审查并经独立复核
tests/fixtures/projects/import_binary_const/import_binary_const.zrp	tests/fixtures	fixture	f34cf74b3f6711f5fef2ecfa3afe8a7f6aa125b70f0769975ec72639b153b522	reviewed	108 项中段项目 fixture 单元完成调用链审查并经独立复核
tests/fixtures/projects/import_binary_const/src/main.zr	tests/fixtures	fixture	99386dfcc8d5c4d4002c0599e2eb187fb593e542cba5c1ff24b5ee7acebb2b25	reviewed	108 项中段项目 fixture 单元完成调用链审查并经独立复核
tests/fixtures/projects/import_capture_native/import_capture_native.zrp	tests/fixtures	fixture	33c308699dde82af5a55f19aa70450fd1ffab656476146a5fd91e3e8b59c3434	reviewed	108 项中段项目 fixture 单元完成调用链审查并经独立复核
tests/fixtures/projects/import_capture_native/src/main.zr	tests/fixtures	fixture	7273e359b71949f646586861fd78d9c7e33c3cc29ab879c5986d03d33f2d942c	reviewed	108 项中段项目 fixture 单元完成调用链审查并经独立复核
tests/fixtures/projects/import_capture_native/src/ops.zr	tests/fixtures	fixture	9b809a971061152c605fdf3b18b74349ce74d32d625b23cdc6175ab26f243d74	reviewed	108 项中段项目 fixture 单元完成调用链审查并经独立复核
tests/fixtures/projects/import_capture_vector3/import_capture_vector3.zrp	tests/fixtures	fixture	435a189956e55048d3facfb44eedd53c27cfe0606dab7ef4be792e36588c7b4a	reviewed	108 项中段项目 fixture 单元完成调用链审查并经独立复核
tests/fixtures/projects/import_capture_vector3/src/main.zr	tests/fixtures	fixture	7273e359b71949f646586861fd78d9c7e33c3cc29ab879c5986d03d33f2d942c	reviewed	108 项中段项目 fixture 单元完成调用链审查并经独立复核
tests/fixtures/projects/import_capture_vector3/src/ops.zr	tests/fixtures	fixture	6e7e2f4f78bf06853ac5da54c54893a9ae134ea126ba4464a79f2674ac7c4dac	reviewed	108 项中段项目 fixture 单元完成调用链审查并经独立复核
tests/fixtures/projects/import_pub_function/import_pub_function.zrp	tests/fixtures	fixture	a19fbff22c8db65ca6bc16db238ab01eec23f2a03637ee305328120fcf0b4e84	reviewed	108 项中段项目 fixture 单元完成调用链审查并经独立复核
tests/fixtures/projects/import_pub_function/src/greet.zr	tests/fixtures	fixture	b7435effc95c6140e90c16ece643e8a456f9ce132a07684b8b246863e3eb4461	reviewed	108 项中段项目 fixture 单元完成调用链审查并经独立复核
tests/fixtures/projects/import_pub_function/src/main.zr	tests/fixtures	fixture	a3ced6083a13fbc0c95cd505993e6520cf4ae3020378028bc8bad6e739a5f9d9	reviewed	108 项中段项目 fixture 单元完成调用链审查并经独立复核
tests/fixtures/projects/import_pub_function/src/secondary.zr	tests/fixtures	fixture	4c7413cdac5e19bc20a085aaa98111f9a751dead96e81ca9fce08c18e1cf4464	reviewed	108 项中段项目 fixture 单元完成调用链审查并经独立复核
tests/fixtures/projects/language_debug_gauntlet/language_debug_gauntlet.zrp	tests/fixtures	fixture	fc95d7b1bfbf517f3c4ea847da19ea4b22070ec33fcaae5aa869a8233063c40a	reviewed	108 项中段项目 fixture 单元完成调用链审查并经独立复核
tests/fixtures/projects/language_debug_gauntlet/src/audit.zr	tests/fixtures	fixture	a7ae2c31a0df4ea2ee0648316c4ab8f54ed4904240d43d36341e37f71e4d9cac	reviewed	108 项中段项目 fixture 单元完成调用链审查并经独立复核
tests/fixtures/projects/language_debug_gauntlet/src/fixed_data.zr	tests/fixtures	fixture	84ff03a6e60bae79f44d5cd1b508227f601d860dff669c1a88c8675b2934a28e	reviewed	108 项中段项目 fixture 单元完成调用链审查并经独立复核
tests/fixtures/projects/language_debug_gauntlet/src/helper.zr	tests/fixtures	fixture	8e3727018b36ad8d64e03309ce77eb27f84a119236a73d37b6dd412f87c618ce	reviewed	108 项中段项目 fixture 单元完成调用链审查并经独立复核
tests/fixtures/projects/language_debug_gauntlet/src/main.zr	tests/fixtures	fixture	a725236568c1ffc93e5edc9ef19ed2ee7e2d6f0aa7046a80bae23247d17461e9	reviewed	108 项中段项目 fixture 单元完成调用链审查并经独立复核
tests/fixtures/projects/language_debug_gauntlet/src/sizing.zr	tests/fixtures	fixture	8e0d42cdd54c0993da5759723f093dc8eba3fb43cb947647bf6d5d68b493a3eb	reviewed	108 项中段项目 fixture 单元完成调用链审查并经独立复核
tests/fixtures/projects/lsp_discovery_ambiguous/alpha.zrp	tests/fixtures	fixture	de8b1f279add8f91e2a3169674d632bcf6519e70235af1ca3c82aad1069f9288	pending	-
tests/fixtures/projects/lsp_discovery_ambiguous/beta.zrp	tests/fixtures	fixture	022a6ab8979b054e62c034278e626b1c372315cff18887171229650525e2f824	pending	-
tests/fixtures/projects/lsp_discovery_ambiguous/src/helper.zr	tests/fixtures	fixture	eccb9b95bf8a092b478af190aa7f2a0bcc0c77ece10cd378c8effad2a49b8962	pending	-
tests/fixtures/projects/lsp_discovery_ambiguous/src/main.zr	tests/fixtures	fixture	96ec6036a89de7f1d046dac23bc34aa3a1acf7571a67ad037e4a45db352fdfce	pending	-
tests/fixtures/projects/lsp_discovery_nested/nested/nested.zrp	tests/fixtures	fixture	00d69f6683643edb0a5f2b2cf6a344cfeb43a18b66e543e5cc60cfa04616dbdd	pending	-
tests/fixtures/projects/lsp_discovery_nested/nested/src/helper.zr	tests/fixtures	fixture	3edb9924f03d6d2f272b2b8c2025c4165a45f48bb79c9b02c922fa8555d109c0	pending	-
tests/fixtures/projects/lsp_discovery_nested/nested/src/main.zr	tests/fixtures	fixture	96ec6036a89de7f1d046dac23bc34aa3a1acf7571a67ad037e4a45db352fdfce	pending	-
tests/fixtures/projects/lsp_discovery_nested/outer.zrp	tests/fixtures	fixture	543061d4a767778379b8d53b2e524304fa2cface9b09aeaeb5b6ef48c605a233	pending	-
tests/fixtures/projects/lsp_discovery_nested/outer_src/outer.zr	tests/fixtures	fixture	dcbea0a6240f5516b3913dc6bdfc984794c5cf534e308b752c6ffffeab37fe24	pending	-
tests/fixtures/projects/lsp_language_feature_matrix/lsp_language_feature_matrix.zrp	tests/fixtures	fixture	258eb0e3b82cf03be80c3923f8cab40e3613c265a625a68ef95703492432ff7b	pending	-
tests/fixtures/projects/lsp_language_feature_matrix/src/async_native.zr	tests/fixtures	fixture	05d204a034e26e2f8f51f46937a11332e2ac55a740110ad43d6e13e00314fff3	pending	-
tests/fixtures/projects/lsp_language_feature_matrix/src/core_semantics.zr	tests/fixtures	fixture	1891c7b46ec9a504f7d4aab8eb582b07ac82581a5497680e773ef3b03109c601	pending	-
tests/fixtures/projects/lsp_language_feature_matrix/src/main.zr	tests/fixtures	fixture	16c85b825586a956a46c06b0b0ae806997d49638a642718955c0e8fce792dae6	pending	-
tests/fixtures/projects/lsp_language_feature_matrix/src/oop_meta.zr	tests/fixtures	fixture	0baa10c648e698c04f57746a8f278c3ac8795ebeba67064871e9164c595a87c0	pending	-
tests/fixtures/projects/lsp_language_feature_matrix_copy/lsp_language_feature_matrix.zrp	tests/fixtures	fixture	a8848833aec91b29e2d49ea3e5aa9b5a0c185ebc4f0d85eb96b67c1d4c1fc929	pending	-
tests/fixtures/projects/lsp_language_feature_matrix_copy/src/async_native.zr	tests/fixtures	fixture	2e1684fcba18e812cd0eb085f9402febecd713ac4eefac734d1734575a60c3c9	pending	-
tests/fixtures/projects/lsp_language_feature_matrix_copy/src/core_semantics.zr	tests/fixtures	fixture	1891c7b46ec9a504f7d4aab8eb582b07ac82581a5497680e773ef3b03109c601	pending	-
tests/fixtures/projects/lsp_language_feature_matrix_copy/src/main.zr	tests/fixtures	fixture	16c85b825586a956a46c06b0b0ae806997d49638a642718955c0e8fce792dae6	pending	-
tests/fixtures/projects/lsp_language_feature_matrix_copy/src/oop_meta.zr	tests/fixtures	fixture	0baa10c648e698c04f57746a8f278c3ac8795ebeba67064871e9164c595a87c0	pending	-
tests/fixtures/projects/lsp_ownership/lsp_ownership.zrp	tests/fixtures	fixture	eb978876934fc687e89422651ef8b6bd6c7db0fbbbf2ecc457cda0ff9abbd737	pending	-
tests/fixtures/projects/lsp_ownership/src/main.zr	tests/fixtures	fixture	94554e58d3123fa502075d32cd4dd442ee4635f77e96786d1c212667bfe204d2	pending	-
tests/fixtures/projects/lsp_snapshot_transitive/lsp_snapshot_transitive.zrp	tests/fixtures	fixture	eb30c788e3a5494dc35b2e6779773e306481bd3fac545d3fdf9b0531dc3eca2f	pending	-
tests/fixtures/projects/lsp_snapshot_transitive/src/direct.zr	tests/fixtures	fixture	d142e79e7e7e428526e5498c5dac1becbc65c0fdbd7e4652f4f86231e5f9ed3f	pending	-
tests/fixtures/projects/lsp_snapshot_transitive/src/main.zr	tests/fixtures	fixture	347a4ef4ad15df54e963b6fd2914ef1a22da90e9eacfe023975f184499b5d287	pending	-
tests/fixtures/projects/lsp_snapshot_transitive/src/transitive.zr	tests/fixtures	fixture	103c181df34fd8a34b58c3226c42e6597eec45454747b0a40bc1cabe866d5ac0	pending	-
tests/fixtures/projects/native_chain_calls/native_chain_calls.zrp	tests/fixtures	fixture	61eece86c92b7991997173f34335285d1b5e275449551fc9bda0551c32e7e80e	reviewed	108 项中段项目 fixture 单元完成调用链审查并经独立复核
tests/fixtures/projects/native_chain_calls/src/main.zr	tests/fixtures	fixture	ed0d6f70a08d3648c0c724baa1034406a1bcfedaa419c1ea52bf7f20d136bda9	reviewed	108 项中段项目 fixture 单元完成调用链审查并经独立复核
tests/fixtures/projects/native_complex_capture_probe/native_complex_capture_probe.zrp	tests/fixtures	fixture	0357508e6472b80b1dd024f3c8f200051b1187318869d484a7f1b0edd52bec2d	reviewed	108 项中段项目 fixture 单元完成调用链审查并经独立复核
tests/fixtures/projects/native_complex_capture_probe/src/main.zr	tests/fixtures	fixture	9abb468e2ffb54a67b6914ecc65f8cab46d9d7a5e78b92eaab1d33a02c47c378	reviewed	108 项中段项目 fixture 单元完成调用链审查并经独立复核
tests/fixtures/projects/native_complex_capture_probe/src/ops.zr	tests/fixtures	fixture	b84b7c62950d46207376b67a64e3ab0c6bb37c43b7ed1ce3ec9d4fcde66d2bb3	reviewed	108 项中段项目 fixture 单元完成调用链审查并经独立复核
tests/fixtures/projects/native_math_export_probe/native_math_export_probe.zrp	tests/fixtures	fixture	023e93afce1400c8e1b7d324f8466ce0ba6359fb6002e0d7f273661f49d8b055	reviewed	108 项中段项目 fixture 单元完成调用链审查并经独立复核
tests/fixtures/projects/native_math_export_probe/src/main.zr	tests/fixtures	fixture	5cac9fba64d1cbdad49913c3b171b74cdac566589ac968da5d26dc1715a04432	reviewed	108 项中段项目 fixture 单元完成调用链审查并经独立复核
tests/fixtures/projects/native_numeric_pipeline/native_numeric_pipeline.zrp	tests/fixtures	fixture	ef8afdb32abb3e4435aaa21df12a09d77cee05d3e3cea414542db74931293768	reviewed	108 项中段项目 fixture 单元完成调用链审查并经独立复核
tests/fixtures/projects/native_numeric_pipeline/native_numeric_pipeline_probe.zrp	tests/fixtures	fixture	ba84024c0c6bc8c11fd63e5681bc357912c2ae2589be054b8297e4130fbe2828	reviewed	108 项中段项目 fixture 单元完成调用链审查并经独立复核
tests/fixtures/projects/native_numeric_pipeline/src/callbacks.zr	tests/fixtures	fixture	49edc0a36abd84dcb7e512d4cff7ef861de4d1702e2b4fa30039859d0bbfff3b	reviewed	108 项中段项目 fixture 单元完成调用链审查并经独立复核
tests/fixtures/projects/native_numeric_pipeline/src/lin_alg.zr	tests/fixtures	fixture	989901bb1f780995a951ed12a48d65ffd0df85138f2ac79aca47f7ab1d8b0710	reviewed	108 项中段项目 fixture 单元完成调用链审查并经独立复核
tests/fixtures/projects/native_numeric_pipeline/src/main.zr	tests/fixtures	fixture	5dfcf3aa05bb50ca67976b482a4cffbc4b3e5fad60cb8d49d7b727aaa580adfa	reviewed	108 项中段项目 fixture 单元完成调用链审查并经独立复核
tests/fixtures/projects/native_numeric_pipeline/src/probe_callbacks.zr	tests/fixtures	fixture	59b9a79b35e36de15906668a69200f1ca078362f7f097e4b2336548fde72735e	reviewed	108 项中段项目 fixture 单元完成调用链审查并经独立复核
tests/fixtures/projects/native_numeric_pipeline/src/probe_main.zr	tests/fixtures	fixture	c0486ef8132dedd46541aabc02d36de45fb60fb5bdc5212e902a11a941136cbd	reviewed	108 项中段项目 fixture 单元完成调用链审查并经独立复核
tests/fixtures/projects/native_numeric_pipeline/src/signal.zr	tests/fixtures	fixture	6a162fff46a008b16cea44eaaf5e28596d5adb8cf6ac1f8038454083f122e292	reviewed	108 项中段项目 fixture 单元完成调用链审查并经独立复核
tests/fixtures/projects/native_numeric_pipeline/src/system_io.zr	tests/fixtures	fixture	1d1918e7aadee3f79a1cf7b6482ac7a221b8642841b0e1d05462843cf12e36af	reviewed	108 项中段项目 fixture 单元完成调用链审查并经独立复核
tests/fixtures/projects/native_numeric_pipeline/src/tensor_pipeline.zr	tests/fixtures	fixture	7ee94700bebfa5497975b7bd940fb424dcec88c5c3b5ddd520b9b66c6e3f40f2	reviewed	108 项中段项目 fixture 单元完成调用链审查并经独立复核
tests/fixtures/projects/native_vector3_capture_probe/native_vector3_capture_probe.zrp	tests/fixtures	fixture	3031b87a4957bcbffb6f70806db0794756d99734eafe9e13806df8357027534e	reviewed	108 项中段项目 fixture 单元完成调用链审查并经独立复核
tests/fixtures/projects/native_vector3_capture_probe/src/main.zr	tests/fixtures	fixture	e38f09329b3beb60ad4094d7b92f30744cd3b5ca2ce7c883711294242f0279eb	reviewed	108 项中段项目 fixture 单元完成调用链审查并经独立复核
tests/fixtures/projects/native_vector3_capture_probe/src/ops.zr	tests/fixtures	fixture	37777e2abc3faf6a990e331e53d09fd6cfe17a8a1a3ed92916ec5e1fa2550ed7	reviewed	108 项中段项目 fixture 单元完成调用链审查并经独立复核
tests/fixtures/projects/native_vector3_export_probe/native_vector3_export_probe.zrp	tests/fixtures	fixture	e92785abcca99ef41057838f27fa4ad22b3670aea722d2762f609a33046864c9	reviewed	108 项中段项目 fixture 单元完成调用链审查并经独立复核
tests/fixtures/projects/native_vector3_export_probe/src/main.zr	tests/fixtures	fixture	336dc671dbcab7b117c920c64f38847385de83cb6b06b5ff83ed6b226fb31fe1	reviewed	108 项中段项目 fixture 单元完成调用链审查并经独立复核
tests/fixtures/projects/network_import_root_probe/network_import_root_probe.zrp	tests/fixtures	fixture	9f085af0bd5a77d5441a55e7fd62092a8c2c4146a3481b634845aaf20527c670	reviewed	140 项后期项目 fixture 单元完成调用链审查并经独立复核
tests/fixtures/projects/network_loopback/.vscode/launch.json	tests/fixtures	config	27a25de4b5d44b63dfafa90e8a4a93b00d314c480553dea12f29525c81e12281	reviewed	140 项后期项目 fixture 单元完成调用链审查并经独立复核
tests/fixtures/projects/network_loopback/network_loopback.zrp	tests/fixtures	fixture	e50894a545938819d2da1382a52f5be6b6279dfaaf2f14a60281c7b435873f8c	reviewed	140 项后期项目 fixture 单元完成调用链审查并经独立复核
tests/fixtures/projects/network_loopback/src/lib.zr	tests/fixtures	fixture	69e371429a09d09db310f0cc1c62a48bd0aebb20e2fcd6331b5f5e19221bc622	reviewed	140 项后期项目 fixture 单元完成调用链审查并经独立复核
tests/fixtures/projects/network_loopback/src/main.zr	tests/fixtures	fixture	484f5411f33ed171f19cbed39fa83f985399d6b9eafde8e4b01d4d503be8a3b0	reviewed	140 项后期项目 fixture 单元完成调用链审查并经独立复核
tests/fixtures/projects/project_pair_shadowing/project_pair_shadowing.zrp	tests/fixtures	fixture	4fe40e7b5cd9fe6b6c5a6791b7db4dbf6790002f7d65df27141260e72e6944fa	reviewed	140 项后期项目 fixture 单元完成调用链审查并经独立复核
tests/fixtures/projects/project_pair_shadowing/src/local_pair.zr	tests/fixtures	fixture	f866cd8f4ee202e9fcf1e100412cfb80db14287dc76839e5a43095b119635f21	reviewed	140 项后期项目 fixture 单元完成调用链审查并经独立复核
tests/fixtures/projects/project_pair_shadowing/src/main.zr	tests/fixtures	fixture	7c8ee04d6de60d1e64326577cea060482bc47e5c3faaf04138f06699a886ba9d	reviewed	140 项后期项目 fixture 单元完成调用链审查并经独立复核
tests/fixtures/projects/project_pair_shadowing/src/native_imports.zr	tests/fixtures	fixture	04503c583f08d19a8db994c3eb8134a9d57f21094cbb71a74391f80e79cfe9a2	reviewed	140 项后期项目 fixture 单元完成调用链审查并经独立复核
tests/fixtures/projects/syntax_reference_v1/native/syntax_reference_native.c	tests/fixtures	fixture	d2aeaec5575e099d2ee0c759d87a3f0518b8fe04f2fe66c5495c3958ce34633e	reviewed	140 项后期项目 fixture 单元完成调用链审查并经独立复核
tests/fixtures/projects/syntax_reference_v1/negative/function_delimiters.zr	tests/fixtures	fixture	ade1e47d72c641bf3aa7c8da3a043d1b86ac509a141cbb597ff1210cb7d57b13	reviewed	140 项后期项目 fixture 单元完成调用链审查并经独立复核
tests/fixtures/projects/syntax_reference_v1/negative/legacy_percent_surface.zr	tests/fixtures	fixture	033bceb8a0fc5c89739037dd1c5013a74f2e2553e27fe0d2b4430a04a5cb90d9	reviewed	140 项后期项目 fixture 单元完成调用链审查并经独立复核
tests/fixtures/projects/syntax_reference_v1/packages/fixturedep/fixturedep.zrp	tests/fixtures	fixture	9b381c36a085c253438a2f69a1418b2f9900be588d64fda5057103431fb6114b	reviewed	140 项后期项目 fixture 单元完成调用链审查并经独立复核
tests/fixtures/projects/syntax_reference_v1/packages/fixturedep/src/index.zr	tests/fixtures	fixture	4fc751ec8a798bc502bd346b993e27187211b32925a565916a0d37cdfd7efd9c	reviewed	140 项后期项目 fixture 单元完成调用链审查并经独立复核
tests/fixtures/projects/syntax_reference_v1/packages/fixturedep/src/tool.zr	tests/fixtures	fixture	3f9f4cc3ce539fc58584c75ce3c72d4c3062c02f6df2e4071e1e539284f59de1	reviewed	140 项后期项目 fixture 单元完成调用链审查并经独立复核
tests/fixtures/projects/syntax_reference_v1/src/algorithms.zr	tests/fixtures	fixture	e8ab8fad9a89a727b05edbe079e0dbb4ceaec6f273a330a604b0b28f037e2d9c	reviewed	140 项后期项目 fixture 单元完成调用链审查并经独立复核
tests/fixtures/projects/syntax_reference_v1/src/anonymous_expression_arrow.zr	tests/fixtures	fixture	a74d79a46ce2251d3f38659da9a2d571497a5c72532b9b5071e08aca428298be	reviewed	140 项后期项目 fixture 单元完成调用链审查并经独立复核
tests/fixtures/projects/syntax_reference_v1/src/async_jobs.zr	tests/fixtures	fixture	fd18f16909596202bacedfd3756adafc28b2c78cd8e8a637ae4d6c07d5fbdd02	reviewed	140 项后期项目 fixture 单元完成调用链审查并经独立复核
tests/fixtures/projects/syntax_reference_v1/src/callables.zr	tests/fixtures	fixture	e95f877ffe6155c7b25f172afb29439cd59013a84f0023ee8adcb7c9bcea4728	reviewed	140 项后期项目 fixture 单元完成调用链审查并经独立复核
tests/fixtures/projects/syntax_reference_v1/src/compile_time_and_attributes.zr	tests/fixtures	fixture	543ebdccd5d6264efee83d8e7cb81b6924553733b0a5676aa0a4c0651f7f95d3	reviewed	140 项后期项目 fixture 单元完成调用链审查并经独立复核
tests/fixtures/projects/syntax_reference_v1/src/effects.zr	tests/fixtures	fixture	96393dce1e3df25a93c8392b4e0bceb9085558132968c6481a235c2078b86b68	reviewed	140 项后期项目 fixture 单元完成调用链审查并经独立复核
tests/fixtures/projects/syntax_reference_v1/src/engine/render.zr	tests/fixtures	fixture	7eddee7668f4aa770ebdb222d7bd29671ec738a0b6d1258328f33adad77608ae	reviewed	140 项后期项目 fixture 单元完成调用链审查并经独立复核
tests/fixtures/projects/syntax_reference_v1/src/host.min.zr	tests/fixtures	fixture	f47f09fb4b85bf96fa1352b4f7f71e22f98d0de7b3753e68f2b6ac96b40f5eb1	reviewed	140 项后期项目 fixture 单元完成调用链审查并经独立复核
tests/fixtures/projects/syntax_reference_v1/src/host.zr	tests/fixtures	fixture	6f290fa0181b15cfdbe0b2418bb57a456bfbf580eeec01793337de3fb18dd612	reviewed	140 项后期项目 fixture 单元完成调用链审查并经独立复核
tests/fixtures/projects/syntax_reference_v1/src/iterators.zr	tests/fixtures	fixture	f59ddf9a0ccf2220416826b33c129552281e730d41e7a61b0404c842879a9f23	reviewed	140 项后期项目 fixture 单元完成调用链审查并经独立复核
tests/fixtures/projects/syntax_reference_v1/src/main.zr	tests/fixtures	fixture	3a03a854815702fb493aeebf2b87684a94b1a170243aa3382afebe3d49b1838b	reviewed	140 项后期项目 fixture 单元完成调用链审查并经独立复核
tests/fixtures/projects/syntax_reference_v1/src/model.zr	tests/fixtures	fixture	1833bd9d2d7175da66161e15c72c675fc334403917fa52403c1407156bb7b125	reviewed	140 项后期项目 fixture 单元完成调用链审查并经独立复核
tests/fixtures/projects/syntax_reference_v1/src/modules.zr	tests/fixtures	fixture	bdc03168cfcbd319713bbd9ce470d230c8d96360ef7a2c10e664a4f9d1d7cfb3	reviewed	140 项后期项目 fixture 单元完成调用链审查并经独立复核
tests/fixtures/projects/syntax_reference_v1/src/native_ffi.zr	tests/fixtures	fixture	603ad2bb3ef1eb5e87ef7185bacf256701c16244625635a8ee73e60788775cb8	reviewed	140 项后期项目 fixture 单元完成调用链审查并经独立复核
tests/fixtures/projects/syntax_reference_v1/src/object_model.zr	tests/fixtures	fixture	909e9257d0fbff019a5166aade5e39dbf09fd0abbb05e89b3b65546525553b4c	reviewed	140 项后期项目 fixture 单元完成调用链审查并经独立复核
tests/fixtures/projects/syntax_reference_v1/src/ownership.zr	tests/fixtures	fixture	e8a32be65bfb76d5575c639e77d270c4d99de3cee1fccb3fd1e7429a9f9b7219	reviewed	140 项后期项目 fixture 单元完成调用链审查并经独立复核
tests/fixtures/projects/syntax_reference_v1/src/pooling.zr	tests/fixtures	fixture	5c5f3d5b7aaefcdf8eff46da47785642c46e1a2cdd2ac15e1a64400826c9374b	reviewed	140 项后期项目 fixture 单元完成调用链审查并经独立复核
tests/fixtures/projects/syntax_reference_v1/src/reflection.zr	tests/fixtures	fixture	64e08da07e43106a6bcc355f930577bc5ef914f4c8c2ecd9b820c1a8aa58a8f1	reviewed	140 项后期项目 fixture 单元完成调用链审查并经独立复核
tests/fixtures/projects/syntax_reference_v1/src/semicolon_explicit.zr	tests/fixtures	fixture	becef6496ce3e18486989c302a2c5b9abc2604a0a494474ad8aa576d9e03f63a	reviewed	140 项后期项目 fixture 单元完成调用链审查并经独立复核
tests/fixtures/projects/syntax_reference_v1/surface/lexical_and_literals.zr	tests/fixtures	fixture	212d511ab837d36531ce737a8562851f3571d4aa9669f074353216b127c6ca7b	reviewed	140 项后期项目 fixture 单元完成调用链审查并经独立复核
tests/fixtures/projects/syntax_reference_v1/syntax_reference_v1.zrp	tests/fixtures	fixture	fbd09fb559e346d960ac23d5bc112398cf30dc28b383ffc9fc7bb2e8f7ee9e6b	reviewed	140 项后期项目 fixture 单元完成调用链审查并经独立复核
tests/fixtures/projects/syntax_reference_v1/tests/syntax_tests.zr	tests/fixtures	fixture	0e6262a858ad0016fc7b57010ed8bea908ea7962c6029bd68a7cfe9b8b3b6f95	reviewed	140 项后期项目 fixture 单元完成调用链审查并经独立复核
tests/fixtures/projects/testing_reference/negative/failure.zr	tests/fixtures	fixture	c74783a9bafe015b6efd9237a709995fb19849dfd847beac9c7cb956daad1c75	reviewed	140 项后期项目 fixture 单元完成调用链审查并经独立复核
tests/fixtures/projects/testing_reference/negative/timeout.zr	tests/fixtures	fixture	aaa93f5658f77563db51290e8f223e58ff8b57f40d4066ac1da16591192b2ed4	reviewed	140 项后期项目 fixture 单元完成调用链审查并经独立复核
tests/fixtures/projects/testing_reference/src/main.zr	tests/fixtures	fixture	b6eff8944b4438505b260bd613fc4566a3b7a73262fb74396a9b2590cc4de2d7	reviewed	140 项后期项目 fixture 单元完成调用链审查并经独立复核
tests/fixtures/projects/testing_reference/src/secondary.zr	tests/fixtures	fixture	1f473ac5cc394d1b8eca15e8a94c68a88995faf770e9d298c6d7c92a95104df1	reviewed	140 项后期项目 fixture 单元完成调用链审查并经独立复核
tests/fixtures/projects/testing_reference/testing_reference.zrp	tests/fixtures	fixture	e23264847c25000d5a5d461d6039abcf76dde73b3d17e3654ba0ca44ca32bd25	reviewed	140 项后期项目 fixture 单元完成调用链审查并经独立复核
tests/fixtures/projects/using_edge_matrix/src/main.zr	tests/fixtures	fixture	77a831af7dbf8bdfd934eca6297b7d5b6368ac6b2cd1278ef934f0f3ee2d824c	reviewed	140 项后期项目 fixture 单元完成调用链审查并经独立复核
tests/fixtures/projects/using_edge_matrix/using_edge_matrix.zrp	tests/fixtures	fixture	f9b5a8c5960fa031e7bd11602bee08c5bb30c8ab62fd1bda538a70a0f0e97bb3	reviewed	140 项后期项目 fixture 单元完成调用链审查并经独立复核
tests/fixtures/projects/using_feature_matrix/src/main.zr	tests/fixtures	fixture	859e2a2306373e0b3d7246de376478903a926f351f3f831ca1b0905c5253c35b	reviewed	140 项后期项目 fixture 单元完成调用链审查并经独立复核
tests/fixtures/projects/using_feature_matrix/using_feature_matrix.zrp	tests/fixtures	fixture	095eb0e0a9f67659e6261089608ec5dba7d1749ba02c47cc4f50ae64a40c5c03	reviewed	140 项后期项目 fixture 单元完成调用链审查并经独立复核
tests/fixtures/projects/using_real_world_checkout/src/catalog.zr	tests/fixtures	fixture	ec7410158ea74b49aa4cda63a60cb21182b6fe9eccc0aecfb9aff73f7139c84c	reviewed	140 项后期项目 fixture 单元完成调用链审查并经独立复核
tests/fixtures/projects/using_real_world_checkout/src/edge_cases.zr	tests/fixtures	fixture	5bd3da9f84c9b687f2a7afd8d1d50c3d2c908c0a506694798188e69a58a79538	reviewed	140 项后期项目 fixture 单元完成调用链审查并经独立复核
tests/fixtures/projects/using_real_world_checkout/src/main.zr	tests/fixtures	fixture	e43cb992c0df343f4eaa9646496041e32c2200280472f139f84d3f51e1b0d069	reviewed	140 项后期项目 fixture 单元完成调用链审查并经独立复核
tests/fixtures/projects/using_real_world_checkout/src/normal.zr	tests/fixtures	fixture	d63d77bdaf9fea24ca40c65def8fcda4b328460f798b32acb1d7dffacc8126ec	reviewed	140 项后期项目 fixture 单元完成调用链审查并经独立复核
tests/fixtures/projects/using_real_world_checkout/using_real_world_checkout.zrp	tests/fixtures	fixture	2aee1da4b4d13c9cbf64efdf1c64e88720d3145df7c4946e36743909dd03d87a	reviewed	140 项后期项目 fixture 单元完成调用链审查并经独立复核
tests/fixtures/projects/using_real_world_checkout/using_union_edge_cases.zrp	tests/fixtures	fixture	1599a4824c7bda7c8d6e7b708704d355297ffb28d857ab632353c65650bcadef	reviewed	140 项后期项目 fixture 单元完成调用链审查并经独立复核
tests/fixtures/projects/using_real_world_checkout/using_union_normal.zrp	tests/fixtures	fixture	1dc511f095b2f13154a03d9e0d6bb67ffbf0b1096a7270dad1d0abb269b7dccc	reviewed	140 项后期项目 fixture 单元完成调用链审查并经独立复核
tests/fixtures/reference/core_semantics/calls/manifest.json	tests/fixtures	config	248bba10ac9b5dc984edc48ee990fd2bf846efed420e9dfeab8b977a6b59e3ff	reviewed	168 项 reference/parser fixture 单元完成调用链审查并经独立复核
tests/fixtures/reference/core_semantics/calls/named_arguments_defaults_pass.zr	tests/fixtures	fixture	210f8fd59cdfc34eb545cecf377272c553a44a452fd7a99186b565cce1403b71	reviewed	168 项 reference/parser fixture 单元完成调用链审查并经独立复核
tests/fixtures/reference/core_semantics/calls_named_default_varargs/duplicate_named_fail.zr	tests/fixtures	fixture	1faa47bd3b9898330a9dad12d2f6114f5e146537ebd869602160939ba3b44515	reviewed	168 项 reference/parser fixture 单元完成调用链审查并经独立复核
tests/fixtures/reference/core_semantics/calls_named_default_varargs/manifest.json	tests/fixtures	config	5c905b8515667ad7d6b8a7fb0748660e2b8d7c6706077e3be24c86d3dad842b0	reviewed	168 项 reference/parser fixture 单元完成调用链审查并经独立复核
tests/fixtures/reference/core_semantics/calls_named_default_varargs/overload_ambiguity_fail.zr	tests/fixtures	fixture	27e2d8523ea795d002de641c71263770c981b46590d938bc958a64c364c8b8ba	reviewed	168 项 reference/parser fixture 单元完成调用链审查并经独立复核
tests/fixtures/reference/core_semantics/calls_named_default_varargs/positional_after_named_fail.zr	tests/fixtures	fixture	bbf9cbbf41f5071e470147f11c1b3719141a7169ef40a2301e78d802df2ee9ad	reviewed	168 项 reference/parser fixture 单元完成调用链审查并经独立复核
tests/fixtures/reference/core_semantics/calls_named_default_varargs/unexpected_named_fail.zr	tests/fixtures	fixture	7d4cc59ccdc5fa3eb08714be4b129793ecf6c16ff2f7ba01e56019a2711cb876	reviewed	168 项 reference/parser fixture 单元完成调用链审查并经独立复核
tests/fixtures/reference/core_semantics/casts-and-const/const_else_if_paths_pass.zr	tests/fixtures	fixture	8bf3c06cec9e8b413b6194dcdd45ffe22f7bce121b2ea029d6041191b2aa98cd	reviewed	168 项 reference/parser fixture 单元完成调用链审查并经独立复核
tests/fixtures/reference/core_semantics/casts-and-const/const_if_missing_branch_fail.zr	tests/fixtures	fixture	f18a2506b1fcadf109960a7c0c4b4c037fba3fedc767f33c26f8fc858e28cb26	reviewed	168 项 reference/parser fixture 单元完成调用链审查并经独立复核
tests/fixtures/reference/core_semantics/casts-and-const/const_reassign_fail.zr	tests/fixtures	fixture	60612ea9b37b006a4e04d90de7569f32dcddd926ce18afb9e51c924838c8c75a	reviewed	168 项 reference/parser fixture 单元完成调用链审查并经独立复核
tests/fixtures/reference/core_semantics/casts-and-const/const_switch_missing_default_fail.zr	tests/fixtures	fixture	d2369bb3f6ed3c594f4588dacef5704249449b5de2c6063a5bb3d423839d8408	reviewed	168 项 reference/parser fixture 单元完成调用链审查并经独立复核
tests/fixtures/reference/core_semantics/casts-and-const/const_switch_paths_pass.zr	tests/fixtures	fixture	9d6c5bf253e362cf5de83bce227505c887deac44861aa8ed0b2cc339f37c41bc	reviewed	168 项 reference/parser fixture 单元完成调用链审查并经独立复核
tests/fixtures/reference/core_semantics/casts-and-const/const_ternary_missing_branch_fail.zr	tests/fixtures	fixture	425f60f51992ad6090ff1f22133acc8a64d86e6222ae4e17c16dcd6d33bbe01b	reviewed	168 项 reference/parser fixture 单元完成调用链审查并经独立复核
tests/fixtures/reference/core_semantics/casts-and-const/const_ternary_paths_pass.zr	tests/fixtures	fixture	cb815e347a00c17a82548846a91c040eb1001c5e342cb6c717b9c194b59551d2	reviewed	168 项 reference/parser fixture 单元完成调用链审查并经独立复核
tests/fixtures/reference/core_semantics/casts-and-const/manifest.json	tests/fixtures	config	0395ba3bdd9afb6502e3e942600bfc0f309918bc3b66963f54bf0a735d7c2585	reviewed	168 项 reference/parser fixture 单元完成调用链审查并经独立复核
tests/fixtures/reference/core_semantics/diagnostics/manifest.json	tests/fixtures	config	246e47cf80770bcf045bf4b91c9b9a103366b9a93c18bfb657521d98cf9fe426	reviewed	168 项 reference/parser fixture 单元完成调用链审查并经独立复核
tests/fixtures/reference/core_semantics/exceptions_gc_native_stress/manifest.json	tests/fixtures	config	07faa12fd61a2b3f103757597d36339777c7be7d0c91789f8c9afbc5f599d936	reviewed	168 项 reference/parser fixture 单元完成调用链审查并经独立复核
tests/fixtures/reference/core_semantics/expressions/manifest.json	tests/fixtures	config	39fc9f35b9fae1b19a9616d50461e654ce8a708360b11640a8a073b8125d12a5	reviewed	168 项 reference/parser fixture 单元完成调用链审查并经独立复核
tests/fixtures/reference/core_semantics/expressions_precedence_chains/arithmetic_precedence_pass.zr	tests/fixtures	fixture	9bd568a2169177124021cde875c8e5108a4e50ff6dab2f60950b9202b3b8c340	reviewed	168 项 reference/parser fixture 单元完成调用链审查并经独立复核
tests/fixtures/reference/core_semantics/expressions_precedence_chains/manifest.json	tests/fixtures	config	1873b90ee30298907a7a0935685037a5c11307ff2f0b46f237804e49ba3e8965	reviewed	168 项 reference/parser fixture 单元完成调用链审查并经独立复核
tests/fixtures/reference/core_semantics/expressions_precedence_chains/member_index_call_chain_pass.zr	tests/fixtures	fixture	a950d035130e183491467d214a7826eccaee9e52ad88a7f6bb52f09be7365c24	reviewed	168 项 reference/parser fixture 单元完成调用链审查并经独立复核
tests/fixtures/reference/core_semantics/expressions_precedence_chains/missing_conditional_branch_fail.zr	tests/fixtures	fixture	def7212d281801364f366821c56a9c3c71f0c86b12a55684231056d970bde131	reviewed	168 项 reference/parser fixture 单元完成调用链审查并经独立复核
tests/fixtures/reference/core_semantics/expressions_precedence_chains/nested_conditional_grouping_pass.zr	tests/fixtures	fixture	8bb84f984e3cc77eb9a1e6dd8791e22a684496ea696f972e69cff2d7ebdbbf9d	reviewed	168 项 reference/parser fixture 单元完成调用链审查并经独立复核
tests/fixtures/reference/core_semantics/imports/manifest.json	tests/fixtures	config	9ed1d8a800559301472d9f42ab3914b9fa4641daa3f05096204c4b87e8c4f050	reviewed	168 项 reference/parser fixture 单元完成调用链审查并经独立复核
tests/fixtures/reference/core_semantics/imports/native_root_member_chain_pass.zr	tests/fixtures	fixture	25054105f7a31fb8f9e5dbf31fc1039ff833a9f0b9a6ca5ea54d7811fc64ae58	reviewed	168 项 reference/parser fixture 单元完成调用链审查并经独立复核
tests/fixtures/reference/core_semantics/lexing_literals_diagnostics/invalid_char_width_fail.zr	tests/fixtures	fixture	a383329a1fded2afe2ccdbadf6e32b130d5a7067e1e3cd2ecff941c3da7ea77a	reviewed	168 项 reference/parser fixture 单元完成调用链审查并经独立复核
tests/fixtures/reference/core_semantics/lexing_literals_diagnostics/invalid_hex_escape_fail.zr	tests/fixtures	fixture	3ee0acb34dd7851d9d6e05519df0b221b16687ae704d52a0f122829673eeaf27	reviewed	168 项 reference/parser fixture 单元完成调用链审查并经独立复核
tests/fixtures/reference/core_semantics/lexing_literals_diagnostics/manifest.json	tests/fixtures	config	074318812ed7378af5e7fa3609717d74a5610fc5f381e7abe16a63f482c8d041	reviewed	168 项 reference/parser fixture 单元完成调用链审查并经独立复核
tests/fixtures/reference/core_semantics/lexing_literals_diagnostics/multiline_literal_reject_fail.zr	tests/fixtures	fixture	7ec07220db695c23673259f3a45937103e80fac44834090a045cc923a4208617	reviewed	168 项 reference/parser fixture 单元完成调用链审查并经独立复核
tests/fixtures/reference/core_semantics/literals/manifest.json	tests/fixtures	config	368de5cf2d7950d30fa4f218b166f954e6e049bfa49e1afb810771c1271abdf0	reviewed	168 项 reference/parser fixture 单元完成调用链审查并经独立复核
tests/fixtures/reference/core_semantics/literals/unclosed_string_fail.zr	tests/fixtures	fixture	4366b69ee89a939d4d41564c01e769c11ebb3d897915f1ebe6f8016a5c538b1b	reviewed	168 项 reference/parser fixture 单元完成调用链审查并经独立复核
tests/fixtures/reference/core_semantics/modules_imports_artifacts/binary_metadata_roundtrip_import.zr	tests/fixtures	fixture	75e28141130a9b4eb580620c6d127c5d53c1928a27fdd065995fab29006ac469	reviewed	168 项 reference/parser fixture 单元完成调用链审查并经独立复核
tests/fixtures/reference/core_semantics/modules_imports_artifacts/binary_metadata_roundtrip_module.zr	tests/fixtures	fixture	c1e1c4610fd51dca1a7a826325764bd7a425c905fdcd6f1e88a427178764426a	reviewed	168 项 reference/parser fixture 单元完成调用链审查并经独立复核
tests/fixtures/reference/core_semantics/modules_imports_artifacts/hidden_internal_import_api_reject.zr	tests/fixtures	fixture	e1c97d8d878031ca97187b116d73947157d197d409e98729007d7dcda2648e97	reviewed	168 项 reference/parser fixture 单元完成调用链审查并经独立复核
tests/fixtures/reference/core_semantics/modules_imports_artifacts/manifest.json	tests/fixtures	config	f6bea4086f1c6cabdb1efcc523da3f5e46963c94a6973f13d9cf99cb69125d28	reviewed	168 项 reference/parser fixture 单元完成调用链审查并经独立复核
tests/fixtures/reference/core_semantics/modules_imports_artifacts/source_binary_same_logical_path_module.zr	tests/fixtures	fixture	6f0308a98c73beda0b3fa11f850d5fd4b8fa67456560ddb50268a76ae997a890	reviewed	168 项 reference/parser fixture 单元完成调用链审查并经独立复核
tests/fixtures/reference/core_semantics/object_member_index_construct_target/array_map_plain_index_split.zr	tests/fixtures	fixture	8af04273e5c43c2cffa6e34106576fc1d1ab155179914c976ec7b74fae5d53fa	reviewed	168 项 reference/parser fixture 单元完成调用链审查并经独立复核
tests/fixtures/reference/core_semantics/object_member_index_construct_target/manifest.json	tests/fixtures	config	8705f825508fa069103c44c5e99f6f0de706345e2daa04839315f4b4f3dac21b	reviewed	168 项 reference/parser fixture 单元完成调用链审查并经独立复核
tests/fixtures/reference/core_semantics/object_member_index_construct_target/member_vs_string_index_split.zr	tests/fixtures	fixture	b2b7627338f597afa8dfd92af64d8e31e7341eb5418f162a6b4426989c2f9561	reviewed	168 项 reference/parser fixture 单元完成调用链审查并经独立复核
tests/fixtures/reference/core_semantics/object_member_index_construct_target/missing_member_vs_missing_key.zr	tests/fixtures	fixture	ab0c56850db259ff404b8da75b2c98cf4617350525d8f8ba07a482e90eb56d4b	reviewed	168 项 reference/parser fixture 单元完成调用链审查并经独立复核
tests/fixtures/reference/core_semantics/object_member_index_construct_target/new_misuse_reject_fail.zr	tests/fixtures	fixture	943ae527a319fb1b789d80129f4e8a220f55f9e6613ae0fde37474c3f7552cfa	reviewed	168 项 reference/parser fixture 单元完成调用链审查并经独立复核
tests/fixtures/reference/core_semantics/object_member_index_construct_target/property_getter_setter_precedence.zr	tests/fixtures	fixture	8079ee54842f95d751a2e5eb176f1b26a8ef3f871c0619e2f8e3308ee935d019	reviewed	168 项 reference/parser fixture 单元完成调用链审查并经独立复核
tests/fixtures/reference/core_semantics/object_member_index_construct_target/prototype_misuse_reject_fail.zr	tests/fixtures	fixture	d31700bc6bf55f330793b14f5f69408669abc1921f94f2724588567f56f2d32c	reviewed	168 项 reference/parser fixture 单元完成调用链审查并经独立复核
tests/fixtures/reference/core_semantics/oop_inheritance_descriptors/manifest.json	tests/fixtures	config	d4bd03ee608753c4ab03bd961c7766eb1dd9250ffffe7943aa03bb274e23b2cb	reviewed	168 项 reference/parser fixture 单元完成调用链审查并经独立复核
tests/fixtures/reference/core_semantics/ownership_using_resource_lifecycle/generic_session_lifecycle_pass.zr	tests/fixtures	fixture	3c7d7a4cf89e755ccc7266a084090bdbda8793e67819b78fa11e218c903edb1c	reviewed	168 项 reference/parser fixture 单元完成调用链审查并经独立复核
tests/fixtures/reference/core_semantics/ownership_using_resource_lifecycle/manifest.json	tests/fixtures	config	c32164676d987844724560fa6ffa951a8840c322252eb5c931c9228d414ac2c4	reviewed	168 项 reference/parser fixture 单元完成调用链审查并经独立复核
tests/fixtures/reference/core_semantics/protocols_iteration_comparable/arraylike_indexable_combination.zr	tests/fixtures	fixture	22d57cebc6790b2439496f614e501e85e78081a6ba33277d657347064eb5b0a9	reviewed	168 项 reference/parser fixture 单元完成调用链审查并经独立复核
tests/fixtures/reference/core_semantics/protocols_iteration_comparable/comparable_hashable_consistency.zr	tests/fixtures	fixture	88d562c4c455a6b55e27afd97a352eb231db258f450ae504a9273e51547844bf	reviewed	168 项 reference/parser fixture 单元完成调用链审查并经独立复核
tests/fixtures/reference/core_semantics/protocols_iteration_comparable/empty_iterator_boundary.zr	tests/fixtures	fixture	e87b6167b5203f92c768cecd1681aa6e0ac4ee93aa103ac4c836cd8cd02f9f08	reviewed	168 项 reference/parser fixture 单元完成调用链审查并经独立复核
tests/fixtures/reference/core_semantics/protocols_iteration_comparable/foreach_contract_lowering.zr	tests/fixtures	fixture	31d6ac0834ed4b9b907ad694fb52abd81ae18658bd9663cf6d20e9f2a13a8dbe	reviewed	168 项 reference/parser fixture 单元完成调用链审查并经独立复核
tests/fixtures/reference/core_semantics/protocols_iteration_comparable/manifest.json	tests/fixtures	config	9ecc8434abd25163c10b75ca547f557ab519c4a3dd349374a08bb7c2d0f39d9f	reviewed	168 项 reference/parser fixture 单元完成调用链审查并经独立复核
tests/fixtures/reference/core_semantics/protocols_iteration_comparable/native_iterable_pass.zr	tests/fixtures	fixture	5b02b63dc9638ad12a08eef0d7be212c4ca67e129568b3ed0a7f3da344b03cb4	reviewed	168 项 reference/parser fixture 单元完成调用链审查并经独立复核
tests/fixtures/reference/core_semantics/protocols_iteration_comparable/nested_foreach_regression.zr	tests/fixtures	fixture	1c1da643cfe6cf23ae6f413432d8fbf466dcf53d8b3577ba3ebbc670f9e1421e	reviewed	168 项 reference/parser fixture 单元完成调用链审查并经独立复核
tests/fixtures/reference/core_semantics/protocols_iteration_comparable/singleton_iterator_boundary.zr	tests/fixtures	fixture	b8040c29c282875c685d9d19b200c8d9b5343729992738a2aa4331bcb4fec170	reviewed	168 项 reference/parser fixture 单元完成调用链审查并经独立复核
tests/fixtures/reference/core_semantics/types_casts_const/cast_inside_default_expression_pass.zr	tests/fixtures	fixture	f8b6be536c229b6576a4696c6d3c6695e1501bd9a43efb3c7571fdea084b4780	reviewed	168 项 reference/parser fixture 单元完成调用链审查并经独立复核
tests/fixtures/reference/core_semantics/types_casts_const/explicit_narrowing_boundary_pass.zr	tests/fixtures	fixture	d5bdd2c91ea92637b91eb8ff9b1bd046fe479ade06b8a5eb34708462c57b79e4	reviewed	168 项 reference/parser fixture 单元完成调用链审查并经独立复核
tests/fixtures/reference/core_semantics/types_casts_const/implicit_narrowing_reject_fail.zr	tests/fixtures	fixture	333ee70cccef7a226d9a64725c09c3fcf122c3672ee5c72dfaee0f813a2c6288	reviewed	168 项 reference/parser fixture 单元完成调用链审查并经独立复核
tests/fixtures/reference/core_semantics/types_casts_const/manifest.json	tests/fixtures	config	a7123cbabc58a0a57d5589ff142060f278d06c762c824492cf493eb52b4451d5	reviewed	168 项 reference/parser fixture 单元完成调用链审查并经独立复核
tests/fixtures/syntax_migration_frontend/input/machine_forms.zr	tests/fixtures	fixture	da3eea56506769f55480ad1f6b45d0aae8a203e17226f7453028d765724b3426	reviewed	168 项 reference/parser fixture 单元完成调用链审查并经独立复核
tests/fixtures/syntax_migration_frontend/input/review_and_blocked_forms.zr	tests/fixtures	fixture	fa9e6788d0388bd07921b6870cd86bde900e4a0fec9acfe916d1f06c8593303f	reviewed	168 项 reference/parser fixture 单元完成调用链审查并经独立复核
tests/fixtures/syntax_migration_inventory/embedded/embedded_legacy_fixture.c	tests/fixtures	fixture	02c8042c057fdf7c6b210024f47716eaf267ca1f5e4002229f7bdc6bc99f39a4	reviewed	168 项 reference/parser fixture 单元完成调用链审查并经独立复核
tests/fixtures/syntax_migration_inventory/source/current_forms.zr	tests/fixtures	fixture	c6e7488b9c84dc437d2bfb27a363cdfbc2361db059c470af51023e9bcf6a14ef	reviewed	168 项 reference/parser fixture 单元完成调用链审查并经独立复核
tests/fixtures/syntax_migration_inventory/source/ignored_forms.zr	tests/fixtures	fixture	603fd7cab8085af4332c529a02f9a4fb9bb1d837a523069fa2ae62bdc3308372	reviewed	168 项 reference/parser fixture 单元完成调用链审查并经独立复核
tests/fixtures/syntax_migration_inventory/source/legacy_forms.zr	tests/fixtures	fixture	12300d627fc0093a883ee87db98d46b1f54a685bb49f4177a22471829fe7dd4a	reviewed	168 项 reference/parser fixture 单元完成调用链审查并经独立复核
tests/function/CMakeLists.txt	tests/function	config	6f9bd9a85ec509c3480e679127060d3d2fb5261e48a94383c9f21a16226ee030	reviewed	剩余测试入口与失败路径调用链复核
tests/function/gdb_function_tail_call.gdb	tests/function	test	3a474ba353e5fa55bcd1ecc0869cdc65d131c3a762f5a380593446908f1f7059	reviewed	剩余测试入口与失败路径调用链复核
tests/function/gdb_import_capture_abort_slots.gdb	tests/function	test	6b50f7d9b18857668632ea2e6ebec909db04343163345dd3cce96de6d879fd16	reviewed	剩余测试入口与失败路径调用链复核
tests/function/gdb_import_capture_create_closure.gdb	tests/function	test	5da3432d5ab131c740cc57542c30e46e6dd25969fb7a61d0c7d41db133b667d0	reviewed	剩余测试入口与失败路径调用链复核
tests/function/gdb_import_capture_native.gdb	tests/function	test	8d51c3facfef8bf8a97bf954b293b0afdfecedc89d1ad5a90a47633c7704075f	reviewed	剩余测试入口与失败路径调用链复核
tests/function/gdb_import_capture_slots.gdb	tests/function	test	c51c476bff8c48f723d06d14ee2841983a7e692c7d29884266dd5f72b0e05d64	reviewed	剩余测试入口与失败路径调用链复核
tests/function/gdb_module_export_ops.gdb	tests/function	test	504b01b55ac9ef67e37c45d8322d4cf32a9a566185c7ad39d4da6fbbc770dfa4	reviewed	剩余测试入口与失败路径调用链复核
tests/function/gdb_native_import_materialize_trace.gdb	tests/function	test	802364f581568312ed33b70d1342c026d0216f7e990ab3791bd96a5f588c67d7	reviewed	剩余测试入口与失败路径调用链复核
tests/function/gdb_native_vector3_capture_probe.gdb	tests/function	test	47ab48b1ef6ac6f2ba915a0e4bd810ca3030cbb8ef2a5f3fbb51c240ba26c4a6	reviewed	剩余测试入口与失败路径调用链复核
tests/function/test_named_arguments.c	tests/function	test	637cd373d2b6b378d17f89566f7c5239ae8a40e198d59c7c2bcd8b375ddb70e8	reviewed	剩余测试入口与失败路径调用链复核
tests/gc/CMakeLists.txt	tests/gc	config	acee920061bc86be5737348c9f627b92c37132dcd29f8ba14f1f07732e76fdf2	reviewed	121 项 GC 回归单元完成调用链审查并经独立复核
tests/gc/gc_test_utils.c	tests/gc	test	32ec43975dee8acc6a6950df8c0f1bde6ebf8db098913950599f72202e424068	reviewed	121 项 GC 回归单元完成调用链审查并经独立复核
tests/gc/gc_test_utils.h	tests/gc	test	e3ec882a8539de8b48e08ea4589a5b085eb3e2ddb64f2715b970c2c4a4dc98e9	reviewed	121 项 GC 回归单元完成调用链审查并经独立复核
tests/gc/gc_tests.c	tests/gc	test	699080e9d0e8399f9f28e31f89e76520faef93a8e77bde1ec0917f770446fd5e	reviewed	121 项 GC 回归单元完成调用链审查并经独立复核
tests/gc/gdb_bench_array_plus_map_abort_inspect.gdb	tests/gc	test	e7a219e1076569178b1c74a9e0738048e24021013ea0bf70c87757e4c9f20794	reviewed	121 项 GC 回归单元完成调用链审查并经独立复核
tests/gc/gdb_bench_s8_159_abort_inspect.gdb	tests/gc	test	51d47c5ba47fa238affe212fde130e4e58a7fb7f0d6165d4766e346bdc08cf98	reviewed	121 项 GC 回归单元完成调用链审查并经独立复核
tests/gc/gdb_bench_s8_159_heap.gdb	tests/gc	test	298366600820faa0e2ae1a374dcf8013eca830f912b514c37f23cea98b8f7e38	reviewed	121 项 GC 回归单元完成调用链审查并经独立复核
tests/gc/gdb_benchscale9_debug.gdb	tests/gc	test	bce54cf89d7b654a77c40359bca355a58aef676eada28033199f1034d2e66b5c	reviewed	121 项 GC 回归单元完成调用链审查并经独立复核
tests/gc/gdb_benchscale9_pair2.gdb	tests/gc	test	d2c699c99b4cd1e5f26a9d4ed8c8f8d126c2226e6225fcdb6e0a5b4979c29ff1	reviewed	121 项 GC 回归单元完成调用链审查并经独立复核
tests/gc/gdb_gc_fragment_cycle126_relwithdebinfo.gdb	tests/gc	test	6c8bbbd90d2e44e82436c7c0af6d3478f2992bf4a0776a46c0173e3e78d4f1ee	reviewed	121 项 GC 回归单元完成调用链审查并经独立复核
tests/gc/gdb_gc_fragment_items_mismatch.gdb	tests/gc	test	21def17b40b8f6f2083095aaa5bbe889da6f4c3ab6b310f29c978f55b8263bd7	reviewed	121 项 GC 回归单元完成调用链审查并经独立复核
tests/gc/gdb_gc_fragment_stress_abort.gdb	tests/gc	test	b6042aea1f8d4a1b8cd11be80ab3ac0752bc01b378254e409e589928a0d0bced	reviewed	121 项 GC 回归单元完成调用链审查并经独立复核
tests/gc/gdb_gc_fragment_stress_benchmark_case.gdb	tests/gc	test	16debea532dfcaf7c2df424618fc82076c83e3ebe9b5c4ae8621cd2dee96a00a	reviewed	121 项 GC 回归单元完成调用链审查并经独立复核
tests/gc/gdb_gc_fragment_stress_project.gdb	tests/gc	test	9d121d845908d49385f8014c23cb2c36a5ffe291833fd8e81c2d0dc00d62fedc	reviewed	121 项 GC 回归单元完成调用链审查并经独立复核
tests/gc/gdb_gc_fragment_stress_sigsegv_current.gdb	tests/gc	test	c1b2ee5744808c98ae08ffc9b53052e8d4369715f0914b03f001f26b1cab9265	reviewed	121 项 GC 回归单元完成调用链审查并经独立复核
tests/gc/gdb_gc_snapshot_shape.gdb	tests/gc	test	145fcc10f7f8990a5f40eabc85355432c4807bccc6b1b19a11816033f26a0794	reviewed	121 项 GC 回归单元完成调用链审查并经独立复核
tests/gc/gdb_tmp_clang_hello_crash.gdb	tests/gc	test	4a504efb7ad169c305fbbe185c546c3224f2212c0eb485f40fae2090e7aeffc8	reviewed	121 项 GC 回归单元完成调用链审查并经独立复核
tests/gc/gdb_tmp_forwarding_check.gdb	tests/gc	test	afef28cbdc3b3b9d64f26ba004e9befdb4fb6b524182914e3ee4f4207418b7b8	reviewed	121 项 GC 回归单元完成调用链审查并经独立复核
tests/gc/gdb_tmp_gc_queue.gdb	tests/gc	test	359102a74716dfbbfdefbaad6c9ae1695fd090752ec5688eba3ee95253452069	reviewed	121 项 GC 回归单元完成调用链审查并经独立复核
tests/gc/gdb_tmp_owner_mark.gdb	tests/gc	test	3653ebdd2772959aaa765cd8b601f31363b0a6b959bdec6a357c6bdc520e7c39	reviewed	121 项 GC 回归单元完成调用链审查并经独立复核
tests/gc/gdb_tmp_propagate_limit.gdb	tests/gc	test	7efb1c118f34c2c16eaa5e5751cc2fdbd8462aa1d8cda2dd72d010435aaf3979	reviewed	121 项 GC 回归单元完成调用链审查并经独立复核
tests/harness/aot_c_link_support.h	tests/harness	test	68cc6383b0c6f396c4291217c57e7a4c4884b13de668b9cfc3089adac194f1b5	reviewed	195 项 harness 单元完成调用链审查并经独立复核
tests/harness/module_fixture_support.h	tests/harness	test	0297a8c9145878488931b5e070dfcfd1667b1abde9112339b399e242bd018aa1	reviewed	195 项 harness 单元完成调用链审查并经独立复核
tests/harness/path_support.c	tests/harness	test	67d119f6987de2b915872e1e98611f5fd3e0cc439a6827547aa41f40c444a6b3	reviewed	195 项 harness 单元完成调用链审查并经独立复核
tests/harness/path_support.h	tests/harness	test	9d0481c2cdacff066b56eecf45dace3e53c65434c8611afbad5e800825386aad	reviewed	195 项 harness 单元完成调用链审查并经独立复核
tests/harness/reference_support.c	tests/harness	test	ef23a2607cec07420844d5fb5c0c3b63834ef3f2528794ab058f9f7a027a4307	reviewed	195 项 harness 单元完成调用链审查并经独立复核
tests/harness/reference_support.h	tests/harness	test	7559484e6227be71763531d46a399683f95d2b06dc5452ff079c504921f185d9	reviewed	195 项 harness 单元完成调用链审查并经独立复核
tests/harness/runtime_support.c	tests/harness	test	b7fd630388f490b3f26d2d90415a85561e777737a0d92cadd2eeab61802aca5e	reviewed	195 项 harness 单元完成调用链审查并经独立复核
tests/harness/runtime_support.h	tests/harness	test	ec719b4a2ea16b0b82cd6e5545f67ca9df7a32582d081948b170ed85faf2b983	reviewed	195 项 harness 单元完成调用链审查并经独立复核
tests/harness/ssa_differential_support.c	tests/harness	test	3d630a79a13b7c52b75abc05cb84a4ef2d603080540381526bb56e3f9cda8d3f	reviewed	195 项 harness 单元完成调用链审查并经独立复核
tests/harness/ssa_differential_support.h	tests/harness	test	2fb70a6a3b2c8c586fc8c6837f60ae6ddcc5cdf99a9ba8f5e208ed1cab584147	reviewed	195 项 harness 单元完成调用链审查并经独立复核
tests/harness/test_zr_test_log_failure_probe.c	tests/harness	test	24dc0b7df48e52684392a0fd6468c617b76f0ca309336302f9622f4c18b68f03	reviewed	195 项 harness 单元完成调用链审查并经独立复核
tests/harness/unity_crash_guard.c	tests/harness	test	69d2f73d040d943083e8ea80451605f8fa1dca29b63b9e6fdc8ebb5dbbe075fa	reviewed	195 项 harness 单元完成调用链审查并经独立复核
tests/harness/unity_crash_guard.h	tests/harness	test	008aa4b0ad0e5ff34350ba2bd61def011d9f83c945651466fdfce28b1a3fbc53	reviewed	195 项 harness 单元完成调用链审查并经独立复核
tests/harness/zr_test_log_macros.h	tests/harness	test	987a7e3e5fd9c893cba98cd08ca2d6447c935472d3f752ad579461ea235e5657	reviewed	195 项 harness 单元完成调用链审查并经独立复核
tests/instructions/CMakeLists.txt	tests/instructions	config	385c734c418e8fd18612c3560442b31d5a0f4258a08f973e0dc403c5d1103e9d	reviewed	剩余测试入口与失败路径调用链复核
tests/instructions/test_instructions.c	tests/instructions	test	4450b3c237272e5a21a7e92c8aa093cb337e8b747ec1a5828f2d15885baf7066	reviewed	剩余测试入口与失败路径调用链复核
tests/iterator/test_enumerator_protocol.c	tests/iterator	test	b92bec12c33724ad04b773ee598b9cd4771a8257957420b215a3ec5662cac415	reviewed	176 项 iterator/task 回归单元完成调用链审查并经独立复核
tests/iterator/test_iterator_gc_drop.c	tests/iterator	test	9fd5822222dfc60f19522fdfc60610e597aefba3aed6671382a1da4b32f3ae23	reviewed	176 项 iterator/task 回归单元完成调用链审查并经独立复核
tests/iterator/test_iterator_runtime.c	tests/iterator	test	84cbbef62f886b6ddc4d4843da9f26bf316bfcb9e46f75485148d389e98f8b4d	reviewed	176 项 iterator/task 回归单元完成调用链审查并经独立复核
tests/iterator/test_iterator_semantic_ir.c	tests/iterator	test	38a5a7884a05b34b948719b00cbe0d41560452a42753ac0e4fce1725813893cf	reviewed	176 项 iterator/task 回归单元完成调用链审查并经独立复核
tests/iterator/test_yield_semantic.c	tests/iterator	test	30466844e117d0c3b99107ee39577da4f1155fa011e848146d673202de66690b	reviewed	176 项 iterator/task 回归单元完成调用链审查并经独立复核
tests/iterator/test_yield_syntax.c	tests/iterator	test	7588c28adbaf415cdbffabda819cc7d09b974589d9d14161867e2e9387890d77	reviewed	176 项 iterator/task 回归单元完成调用链审查并经独立复核
tests/language_server/CMakeLists.txt	tests/language_server	config	2354e4615c1c4307d8f17fcfa1aaf71d7956dfe0a8e301d98864159d6a7220e5	pending	-
tests/language_server/collect_lsp_baseline.js	tests/language_server	test	81d70488a58f93f31b88ff9ba0d30b212e45aaace9fcfa05c2ec5cf7480650db	pending	-
tests/language_server/collect_lsp_baseline_test.js	tests/language_server	test	bb8d495acc302a78ed63554fa1e962184586a94ab0e9fef1b6422ae90c78e7b8	pending	-
tests/language_server/descriptor_plugin_fixture_float.c	tests/language_server	test	ab73c2ae41601bd0702eabb3efbdbd0f2039f556b4133bdf96e254cd1cc6d13e	pending	-
tests/language_server/descriptor_plugin_fixture_int.c	tests/language_server	test	8ce2a5de24115ca04679ea2248253fc6b6c2c2d4ebddc55a65b3f0e9d8a36d36	pending	-
tests/language_server/gdb_lsp_matrix_cli_abort_bt.gdb	tests/language_server	test	17176c49bcc38761fcbe9c38b0720b1e2ad4c4e9a2ec598567f3ee38a770bf80	pending	-
tests/language_server/gdb_lsp_project_features_segfault.gdb	tests/language_server	test	50b52f7335dd0c17ff347af21896d676a9d4d6bbce7fdacbd29115f6cf32f920	pending	-
tests/language_server/gdb_module_init_core_semantics_trace.gdb	tests/language_server	test	ad65e1f2e8ed24c54c2d30a2cf67c198b9fb09628463714667d946c3d283c700	pending	-
tests/language_server/lsp_bitwise_zero_minus_shift_supported_count_range_query_test_support.c	tests/language_server	test	3db828821903d01b4a5186f0e9996dae1208fd28e0e823c8e7798870efe1d2ba	pending	-
tests/language_server/lsp_bitwise_zero_minus_shift_supported_count_range_query_test_support.h	tests/language_server	test	bd03f92e73e9df0615c3a556344065dc2dc7f795d4e2bb5913df4699cbce1253	pending	-
tests/language_server/lsp_capability_inventory_probe.c	tests/language_server	test	c1016dbec1763eed248410974414a03a110cb5a6aea87a38dd5c3a3d5045ca14	pending	-
tests/language_server/lsp_native_inventory_contract.js	tests/language_server	test	3da643ba2c1b26a940e2ccc4645c607c6b28adcdbe5983ad7993df8208c011ad	pending	-
tests/language_server/lsp_native_inventory_mutations.js	tests/language_server	test	452818f59d67cf0d7bce444d6efbea8b535949ead1caadced66c56e5557c94fa	pending	-
tests/language_server/lsp_native_virtual_fixture.h	tests/language_server	test	468f244516c74ef92fcdfefd38a59f24480f796804946e7e0c8ae9e2bf210223	pending	-
tests/language_server/lsp_numeric_range_query_test_support.c	tests/language_server	test	10cdfcf29d97751d041879eb1878616e54cbefbb71d551ed66dd75fd835b7f14	pending	-
tests/language_server/lsp_numeric_range_query_test_support.h	tests/language_server	test	cafb2f5645bdc8304377dfc1783f67baa22137f2a460eebee1c356549a430902	pending	-
tests/language_server/lsp_query_result_cleanup.h	tests/language_server	test	935f9ef16fa9145948b116fc2cb3adebdbfe339df3c4d9b2600a022ffa63fc00	pending	-
tests/language_server/lsp_wasm_worker_probe.js	tests/language_server	test	554d8b2e89acc54e23a0b8f4ac6039f9914ddd5134ddb97c98f6752d269f5d4f	pending	-
tests/language_server/stdio_assignment_ownership_diagnostic_smoke.js	tests/language_server	test	8379c99642d8dc23f4af0558e015e67cdfb4c8645634ed00198a1be55ba91385	pending	-
tests/language_server/stdio_capability_snapshot.js	tests/language_server	test	ebf5dddf7c65a82f3943532456e93be9f5e4bd21e26a6f11fe672b305fc94449	pending	-
tests/language_server/stdio_client_commands_smoke.js	tests/language_server	test	570f448b4387f3003bb456c3284b51756a28d2e99ae5ebf22b6966d314c20f10	pending	-
tests/language_server/stdio_color_capability_smoke.js	tests/language_server	test	0a761c08c362e8d19cba2850661396d77314d1da5851aeaa95ced16426b2b88f	pending	-
tests/language_server/stdio_const_assignment_diagnostic_smoke.js	tests/language_server	test	31eec597d0e14c7bff7d0d7c872232a78b939ffaf9f68c0669288365dad2f67a	pending	-
tests/language_server/stdio_cyclic_import_smoke.js	tests/language_server	test	dbd32b124203fdea2dabc529a14f455bcef6d50b80cd0696036f9e747386ae71	pending	-
tests/language_server/stdio_diagnostic_fix_smoke.js	tests/language_server	test	219320147ef8b02371176cc1be2bd4e50012bc7043479ad5f1e34b24e2fc6373	pending	-
tests/language_server/stdio_diagnostics_generation_smoke.js	tests/language_server	test	8cfaa6f34eb78229550efc54e1709e89304dbd20ecd6f3dd5d059b790d4bbbfb	pending	-
tests/language_server/stdio_document_sync_conformance.js	tests/language_server	test	5c5cfee4ccc64680d8ee2f52cb8f70eebdb39d97ff93658c97fab779fe419762	pending	-
tests/language_server/stdio_duplicate_type_diagnostic_smoke.js	tests/language_server	test	056eeb158cc2dfa356a8817333cbf2d6b142cfd957b4d66d674d117832a297e2	pending	-
tests/language_server/stdio_exact_type_diagnostic_smoke.js	tests/language_server	test	07f1b2448267438beafc83ee4993d108d1967b869818ad2c9793eaaa8425dec9	pending	-
tests/language_server/stdio_extern_enum_decorator_diagnostic_smoke.js	tests/language_server	test	ceb4fb113ef1a2d987c2c3e593b3e2dc4b6e45908a93b2de751caf1bd31753e1	pending	-
tests/language_server/stdio_extern_parameter_decorator_diagnostic_smoke.js	tests/language_server	test	40f61c51d95e30c922506fe510dd699f834f35c4c41774675b8a9b063a142d65	pending	-
tests/language_server/stdio_extern_struct_decorator_diagnostic_smoke.js	tests/language_server	test	0cbb5ea45562ccfbfc9828b6ecac0258f6c730a722335aa8d1119915ad52562b	pending	-
tests/language_server/stdio_ffi_wrapper_decorator_diagnostic_smoke.js	tests/language_server	test	788f376bbfa7028d5343258d0182ff44366accaf4d60f0fac0bef06657f432ae	pending	-
tests/language_server/stdio_file_operation_capabilities_smoke.js	tests/language_server	test	682b1baae00319db00290059a5fb7b867a9412d182e3b45254fcaf54957e3edd	pending	-
tests/language_server/stdio_initializer_annotation_diagnostic_smoke.js	tests/language_server	test	b589e0b1066a41d167578b7c73a0bbaca4912a62fd18f375e40ee7c701926187	pending	-
tests/language_server/stdio_inlay_canonical_declaration_smoke.js	tests/language_server	test	55f3caba7b8094149740747448c091389c13057b4581b4483a27b809508436d1	pending	-
tests/language_server/stdio_inline_value_semantic_smoke.js	tests/language_server	test	bc64e0280e336e2304f23b3bd2f4e3ed966745b03d0f6293cff0588dff9b9e1b	pending	-
tests/language_server/stdio_interface_const_field_diagnostic_smoke.js	tests/language_server	test	b9b4e53f7c73e5438658e728396e48ba7502f125e90dddf400ad32a92322266a	pending	-
tests/language_server/stdio_minimal_open_smoke.js	tests/language_server	test	92433b2e0fddebd44e85af2d572556e838bec74310929e82857c622027ae3929	pending	-
tests/language_server/stdio_named_call_ownership_diagnostic_smoke.js	tests/language_server	test	cbb6bd390121b350e3029ebc1a175343a626bc235494569591dd93e578de8896	pending	-
tests/language_server/stdio_navigation_capabilities_smoke.js	tests/language_server	test	c2d04a77a9c816b154dd5bbb6c4fa04e564748a0ae249e462323763f6edd2445	pending	-
tests/language_server/stdio_optional_capabilities_smoke.js	tests/language_server	test	9606febc1336668e9e5cdafd752d5fc11e12c1e5659de61dc84bd67aa15bbaca	pending	-
tests/language_server/stdio_position_encoding_smoke.js	tests/language_server	test	f409844020faf70610bb55460ad484f1663a66d18159eb2b2fff0947585d76b8	pending	-
tests/language_server/stdio_protocol_client.js	tests/language_server	test	7abf0fbe669029e24fd30bbebdb798911cf9211a004ee326e32e558ea0d96e41	pending	-
tests/language_server/stdio_protocol_conformance.js	tests/language_server	test	6f8e444ad4208de3109beef4cadf54e9bc7050c730920c92c884ca4579bf4cd3	pending	-
tests/language_server/stdio_protocol_envelope_mutations.js	tests/language_server	test	207f9a1a7ffc5dc2769610e314f6b8488da484ae6c22cd72a424929232193162	pending	-
tests/language_server/stdio_protocol_inventory.js	tests/language_server	test	196f1817863e1406039161de4e9516c9f7ce60f57a284dd93842d4305f5c209d	pending	-
tests/language_server/stdio_reachability_diagnostic_smoke.js	tests/language_server	test	8b617b9a2fd87c5abb5b27eec8023d777be46634f75c42437f48b4164e49cb5f	pending	-
tests/language_server/stdio_resolve_capabilities_smoke.js	tests/language_server	test	eb5d17b4c4d8f0337918576a00a83b0e33b180b49ab9e3d053b0434ae4af81c2	pending	-
tests/language_server/stdio_return_type_diagnostic_smoke.js	tests/language_server	test	33d0bb46b8d27a3e30a3bdce92c53a7f644cc0482c5eaa65b64d7386d3dd1e0e	pending	-
tests/language_server/stdio_save_capabilities_smoke.js	tests/language_server	test	68711fee4a078b7e0b6ea3b7a17b390b38b14a2f5ac36cca2bd1bebd40fd557f	pending	-
tests/language_server/stdio_smoke.js	tests/language_server	test	16d0cc528795760547cecee7a43ac8189571a15caa58fab13294e94196a839c3	pending	-
tests/language_server/stdio_smoke_outcome.test.js	tests/language_server	test	152e2900a900a0fad4fa366dbe33ef4d690f8b342bbc63cd3549d696eadf62e1	pending	-
tests/language_server/stdio_snapshot_workspace_diagnostics_smoke.js	tests/language_server	test	086d40b45f9dd5cfabb78d82614411ec4801c232824fa4c23530ce4da4ab01fa	pending	-
tests/language_server/stdio_type_hierarchy_smoke.js	tests/language_server	test	1f7ffc4929d3621dc3d25183084bd4c38975a32d2617454ce1338e0d58ecf77a	pending	-
tests/language_server/stdio_unresolved_reference_diagnostic_smoke.js	tests/language_server	test	995543917e2f3b63dc8569e00a558732476e148924ab6754404fc1a750b239ff	pending	-
tests/language_server/stdio_variance_diagnostic_smoke.js	tests/language_server	test	0dc9f28a9e79e3d43dd05f742cbb888b8758d3cf7c5d998b5512cfca89821106	pending	-
tests/language_server/stdio_workspace_folders_smoke.js	tests/language_server	test	96dfd786a61a184595bf3f6cd10a07abcd12fd4ebce11f0034f6268b7f4a4799	pending	-
tests/language_server/test_incremental_parser.c	tests/language_server	test	87195741eaaf824ac4d97173dff62d8b45e18ee705fb249971a9443e186dd16f	pending	-
tests/language_server/test_lsp_advanced_editor_features.c	tests/language_server	test	9ef1133b49d8cf2a9f424e88fb877b2561826d0ce81b6a139c6ec0020b7e489e	pending	-
tests/language_server/test_lsp_analysis_provider_generation_cases.h	tests/language_server	test	c12d748dbd607861c1cab16e4e12a8c38da712e117e80f6d58ac52b0443870f2	pending	-
tests/language_server/test_lsp_bitwise_zero_minus_rhs_range_query.c	tests/language_server	test	fd63517ed601cbbe04a8c5ef1497ab2c2b339e1524e2b9a7681c6fa2b95b31f5	pending	-
tests/language_server/test_lsp_bitwise_zero_minus_shift_exact_zero_count_range_query.c	tests/language_server	test	1a810c6b0da93bed753f522075236d5589887c6e64623a149c759f5f63641119	pending	-
tests/language_server/test_lsp_bitwise_zero_minus_shift_supported_count_range_query.c	tests/language_server	test	f7a1acc7b6618640fcb5e133976119f50278367f2499d16d898bdaccc09f4a25	pending	-
tests/language_server/test_lsp_bitwise_zero_minus_shift_supported_count_wrapped_bitwise_not_range_query.c	tests/language_server	test	16f5ccb95c163bd995190966ac23d5570ebcc01b6981cced429abaeff5b242d8	pending	-
tests/language_server/test_lsp_bitwise_zero_minus_unary_rhs_range_query.c	tests/language_server	test	8abfb2e8ba5e744de2b9d124fcbf0c14fc823ba014b897357598b4d5faeec1cd	pending	-
tests/language_server/test_lsp_bitwise_zero_wrapper_range_query.c	tests/language_server	test	03efee7a614cb16aa3b462d9d7063590df71e0ce267ab2f0697b03e76bfb96e3	pending	-
tests/language_server/test_lsp_bzms_all_ones_count_range_query.c	tests/language_server	test	e3d8b5aee0b8ef6984c48166c7dbcb26332172220af5149b091d238a65cdb847	pending	-
tests/language_server/test_lsp_bzms_double_neg_count_query.c	tests/language_server	test	2fd56e13acc1adde6c8b42de775bf51e318a4ab1cf9eb93b7817201ed78b587b	pending	-
tests/language_server/test_lsp_bzms_double_not_count_query.c	tests/language_server	test	3769078495541cc5a4b4595b4492ba8237b495a7de066b7dde756284def1f88c	pending	-
tests/language_server/test_lsp_bzms_double_zm_count_query.c	tests/language_server	test	90abeac2d8689f9cfc48f2bac3bb36f16e200b4a9a24e970722749ab168c5d40	pending	-
tests/language_server/test_lsp_bzms_neg_not_count_query.c	tests/language_server	test	a4d9f733770fbba5606a9f3fa21c1b398aea092db7dfe71ec052f9d8419a0f11	pending	-
tests/language_server/test_lsp_bzms_not_unary_count_query.c	tests/language_server	test	e05c6001daafb7daff729ab920a977a9cfe33b0af410db8fc1f4beea569784c4	pending	-
tests/language_server/test_lsp_bzms_not_zm_count_query.c	tests/language_server	test	deca0901c0043e2051c0683a830edfb731c86d17f19672475715a4f24e66e914	pending	-
tests/language_server/test_lsp_bzms_private_not_mask_count_query.c	tests/language_server	test	335bccd04d6888567a5bb82755a3f0762f92473c438bd00a91ea997edb684825	pending	-
tests/language_server/test_lsp_bzms_private_not_mask_or_counterpart_deep_query_cases.c	tests/language_server	test	5e35f407129585e8f44ff89b56d447596f92c23c5606b02d977c209800e4d8a1	pending	-
tests/language_server/test_lsp_bzms_private_not_mask_or_counterpart_deep_query_cases.h	tests/language_server	test	63efc7dff585ad02418d6d266e6433f2ed9b4ec5533f435c9538b3e6eefa86b1	pending	-
tests/language_server/test_lsp_bzms_private_not_mask_or_counterpart_query_cases.c	tests/language_server	test	930d5ab6dd62f2bb6dbcdc79449ae02b14571000ed36c9ef661eed50deb98b56	pending	-
tests/language_server/test_lsp_bzms_private_not_mask_or_counterpart_query_cases.h	tests/language_server	test	63714f1babea244b2bf5593e3549a235987690a8b22c3d4c2c9540cfbaa5ff77	pending	-
tests/language_server/test_lsp_bzms_unary_zm_count_query.c	tests/language_server	test	115813052d67a350c2c580eca5697c8bbe086768de43fa558a4bbcc7f978dec7	pending	-
tests/language_server/test_lsp_bzms_zm_unary_count_query.c	tests/language_server	test	837de98f81db10037baf6ec97c6cec4dbc18f204c67c29f5361e445b72b11152	pending	-
tests/language_server/test_lsp_call_member_semantic_query.c	tests/language_server	test	1bdebab574445fba8d7f06acd1388e2ef9810a3e4eed22ce12482fc0fd51a832	pending	-
tests/language_server/test_lsp_canonical_completion_cases.h	tests/language_server	test	830dc2caa8b7aeaeeae481ad975b0d76ac71d23d9dc1418bf5d7ed621cd77f61	pending	-
tests/language_server/test_lsp_canonical_receiver_member_type_cases.h	tests/language_server	test	1563dc939fe1f7c20f2cc1c782f54aabfbec619e50f31aeff6837084575c152d	pending	-
tests/language_server/test_lsp_capability_registry.c	tests/language_server	test	f5c1609132060342dd33252d458cdb607349e466e0f8e164e0dd19b532b5f64a	pending	-
tests/language_server/test_lsp_cast_operand_facts.c	tests/language_server	test	5b29d8194feca73a8c282969b4688a69755256e9b886c90413da7ebb82b98432	pending	-
tests/language_server/test_lsp_class_member_parser_diagnostics.c	tests/language_server	test	41cfaab8f12204bc6f378ce5db7e740966672d34573dbc5fd88350ad199980e2	pending	-
tests/language_server/test_lsp_code_lens_utf16_ranges.c	tests/language_server	test	a2ede1753c4c87ff23d36105f4de6cb8eda1d2521c53d6fde1b8644cee0f09b4	pending	-
tests/language_server/test_lsp_compile_tool_projection_cases.h	tests/language_server	test	06586cc6dbc070a20ef3064dd9f60ad4a0f29b0b51cf6c5a9788c8fe1aab7197	pending	-
tests/language_server/test_lsp_completion_snapshot_fact_cases.h	tests/language_server	test	fed6f6c14779793e3362dd4e041657dbc8327f8bf8a0ceaad56a794b0f26a49f	pending	-
tests/language_server/test_lsp_computed_member_hover.c	tests/language_server	test	91caa85864374913188fa6f86ad3b925cc9d534dc5ad42a429365f1af20c8d5c	pending	-
tests/language_server/test_lsp_cross_snapshot_external_reference_cases.h	tests/language_server	test	d354c4f36e65574c4cd04bbb379f726e1ddef50de41e848d2be2598783332e0f	pending	-
tests/language_server/test_lsp_current_syntax_formatting_cases.h	tests/language_server	test	58184f495c4c704e03c936a387b0b12f2a84f04ab98afc032f5e9a9ee121c8b3	pending	-
tests/language_server/test_lsp_declaration_parser_diagnostics.c	tests/language_server	test	75a60e3b12817be912989db5443ac56d60e7b772062780a8e9aa7ed8df17d0ca	pending	-
tests/language_server/test_lsp_declared_primitive_type_identity_cases.h	tests/language_server	test	da55085c5516a4bc68792ffc20175c640ef21127e8b6051092c14d55b94d1f88	pending	-
tests/language_server/test_lsp_decorator_utf16_ranges.c	tests/language_server	test	e07fd2668fc672f9bd88a8ca3503b16e5b28fc2fdf9f8809503b93fd21f26e60	pending	-
tests/language_server/test_lsp_diagnostic_safe_fix_cases.h	tests/language_server	test	7daa49374c9ec7246bf09509dad7c0a1cd87c1275cd5e0639a62797eb5ee4cd7	pending	-
tests/language_server/test_lsp_duplicate_definition_diagnostic_cases.h	tests/language_server	test	ca39f363594a5ea417e83cc651324f569b2e274c8b0a4c6e2cc0d164afe4256b	pending	-
tests/language_server/test_lsp_expression_fact_hover.c	tests/language_server	test	f264ee7a4132d2aa4c695347f520d10986edf52a18ae56bb8201d7a8b6fa0143	pending	-
tests/language_server/test_lsp_external_member_reference_identity_cases.h	tests/language_server	test	401ba78ae9212d6a2d67931315234aa85c4f6ac429b8e324a626dea7d59f70da	pending	-
tests/language_server/test_lsp_field_reference_cases.h	tests/language_server	test	22b8fe57167cc1d9d6aa3a9d1fc15247ae4fdad7baf5e45dd46c50f73540af33	pending	-
tests/language_server/test_lsp_incremental_equivalence.c	tests/language_server	test	cd6ad7eaca6d0d0bff25c01a9c2cb52c2a084073a6d654cec8adfda3a87dada8	pending	-
tests/language_server/test_lsp_inlay_canonical_declaration_cases.h	tests/language_server	test	a649dcbed0e6e36b270143546b93903920d955309d331d152415ea3591557728	pending	-
tests/language_server/test_lsp_inlay_semantic_facts.c	tests/language_server	test	efc67b6f33b744504b84ec758c85dd343b215a590bf312c1ad6760143954a4c4	pending	-
tests/language_server/test_lsp_interface.c	tests/language_server	test	5cf6a0aeeebaff434134be05f2e8a25618f55e8eb92f19180977a4c2acd91445	pending	-
tests/language_server/test_lsp_language_feature_matrix.c	tests/language_server	test	cdd4650da6485b6ef027ac18f21f81ec4fafb7b4f8068697a650cf2eaf40c587	pending	-
tests/language_server/test_lsp_local_semantic_dependency_cases.h	tests/language_server	test	37acf6b05d51e744758e007c0a6b14aaf514e73fdd13d506e724b413a35e9a03	pending	-
tests/language_server/test_lsp_local_semantic_hover.c	tests/language_server	test	f26e290d43523e19d0546e10fc2c9bb0c53faa4e2b14972710b70db88b4fc060	pending	-
tests/language_server/test_lsp_local_semantic_query.c	tests/language_server	test	09358047110594a11fd28499cb92ba33d4912c558768a46a6049b8620061ec88	pending	-
tests/language_server/test_lsp_local_semantic_receiver_dependency_cases.h	tests/language_server	test	e2902cffcc9ab55625efbcc9fdb48bcd7b30bf5ff863192c6ee789e659800402	pending	-
tests/language_server/test_lsp_local_semantic_scope_cases.h	tests/language_server	test	5649910c6d6c657668e0fc90623534beea0d36b742868cbefa5cfcaf19c53a35	pending	-
tests/language_server/test_lsp_local_semantic_snapshot_cases.h	tests/language_server	test	004390f6494d4bc6db73b450a757d4960dc7a882f732fe5698a75b02cb886bc7	pending	-
tests/language_server/test_lsp_logical_semantic_query.c	tests/language_server	test	ffc4966ef925689b8f1cf28f96e7f53777557b36e29c516e657245aeb1b679b8	pending	-
tests/language_server/test_lsp_multi_project_provider_generation_cases.h	tests/language_server	test	bd99d1f8de09466cefc7d00b43eec2f83465bcf7fcc4f370342be5614e9f08b2	pending	-
tests/language_server/test_lsp_native_construct_receiver_fact_cases.h	tests/language_server	test	3231ed8f6224c70bcd068c14d2b674396243c7896d798f0a12d49f8cc2bcaa66	pending	-
tests/language_server/test_lsp_native_type_member_identity_cases.h	tests/language_server	test	ad694bb86de955d5fed8afb4c1bb5828c88b0a8f68016ac83536180a19d887a1	pending	-
tests/language_server/test_lsp_native_virtual_provider_scope_cases.h	tests/language_server	test	485d245e0a215d376f6e2aceae86e07dc9ed7903b9c5eaf5060ca9d7d41c8623	pending	-
tests/language_server/test_lsp_numeric_branch_assignment_semantic_query.c	tests/language_server	test	71252f6f9cbe59b7b181611053d72ceee55cea95baefbe8e362645311f4dafff	pending	-
tests/language_server/test_lsp_numeric_branch_semantic_query.c	tests/language_server	test	10ef801cb4eaea7df50637ece45a9c1506d7bafc50c933e9a0fc73db492e6158	pending	-
tests/language_server/test_lsp_numeric_for_header_assignment_semantic_query.c	tests/language_server	test	7f68965b0f38f07cb9d82e84b98dbb38b6015e81f7ba0aaf5aed78ba1502f904	pending	-
tests/language_server/test_lsp_numeric_foreach_cardinality_semantic_query.c	tests/language_server	test	dc771286d719107759ffc79c3d3b6c460ed371aeb89a68fe854ab2b8f0629d71	pending	-
tests/language_server/test_lsp_numeric_loop_constant_condition_semantic_query.c	tests/language_server	test	b18e9f356ca2e66b64553532d3a8e0ef74096aa8ae1ceb1d323d5f12e3f09521	pending	-
tests/language_server/test_lsp_numeric_loop_self_dependency_conditional_delta_bitwise_offset_semantic_query.c	tests/language_server	test	1b24c1c8cfe05c40609859efac4cec97d337f373c90296fee9fbec2b1137376c	pending	-
tests/language_server/test_lsp_numeric_loop_self_dependency_conditional_delta_bitwise_unary_offset_semantic_query.c	tests/language_server	test	068a1b60e22b06afb37d3ff44ee5003e1c966790036ea5fce2d570d6ea8a8e1f	pending	-
tests/language_server/test_lsp_numeric_loop_self_dependency_conditional_delta_negative_offset_expression_semantic_query.c	tests/language_server	test	2e504b4d616b85ec48a3d7ccfef6202a53d366c8004bc38b2746ed5bb87e817d	pending	-
tests/language_server/test_lsp_numeric_loop_self_dependency_conditional_delta_negative_offset_identity_semantic_query.c	tests/language_server	test	1c4312a346c188aea0df8a430f0508c6052d8191326b83d503d406fb5cc3a055	pending	-
tests/language_server/test_lsp_numeric_loop_self_dependency_conditional_delta_negative_offset_product_semantic_query.c	tests/language_server	test	2695e1640c3aa1e709132539d9be7a6a8a69b23a221048494eeee299530f9697	pending	-
tests/language_server/test_lsp_numeric_loop_self_dependency_conditional_delta_negative_offset_zero_inclusive_additive_semantic_query.c	tests/language_server	test	9e30dd774000cce59cdaccaa08b75f78c8038eaf436217c5be9fb719cec595ee	pending	-
tests/language_server/test_lsp_numeric_loop_self_dependency_conditional_delta_negative_offset_zero_inclusive_difference_semantic_query.c	tests/language_server	test	74ec76aee40c1e6f9062d5bd355f8281749c9673e59a814f063f6f53d2e4b411	pending	-
tests/language_server/test_lsp_numeric_loop_self_dependency_conditional_delta_negative_offset_zero_inclusive_identity_semantic_query.c	tests/language_server	test	6ace130de310b71015c9d45a5ed512eb9e7e28a804e985795c34695298cacb82	pending	-
tests/language_server/test_lsp_numeric_loop_self_dependency_conditional_delta_negative_offset_zero_inclusive_product_semantic_query.c	tests/language_server	test	046fba166d95ade1fb91a1e4cb4d93fb7a47a2b04dff2831b0c0bbe1564eb7af	pending	-
tests/language_server/test_lsp_numeric_loop_self_dependency_conditional_delta_negative_offset_zero_inclusive_semantic_query.c	tests/language_server	test	2203a31e804c8c35c53d40e0087eeb0ed31a59133bb05f80ce55f73bc4eea53b	pending	-
tests/language_server/test_lsp_numeric_loop_self_dependency_conditional_delta_negative_offset_zero_inclusive_subtractive_semantic_query.c	tests/language_server	test	b05a8f6aff066f14b190a88d26731d90a25165df2669837d5c09170b03f43c71	pending	-
tests/language_server/test_lsp_numeric_loop_self_dependency_conditional_delta_negative_offset_zero_inclusive_sum_semantic_query.c	tests/language_server	test	0d03fccad119150216df71e38ffa3cabfb779d7df029e210cfacfc5758a4e686	pending	-
tests/language_server/test_lsp_numeric_loop_self_dependency_conditional_delta_negative_offset_zero_inclusive_unary_semantic_query.c	tests/language_server	test	b21cf15efd8215818d47dbf12568eb80c36652e07ac67a2bf40e67fb0e25002b	pending	-
tests/language_server/test_lsp_numeric_loop_self_dependency_conditional_delta_semantic_query.c	tests/language_server	test	e0fffeb79bad221f65267c58ef04266f750bf7e0fd54ea3988165373ab0675ed	pending	-
tests/language_server/test_lsp_numeric_loop_self_dependency_conditional_delta_target_positive_semantic_query.c	tests/language_server	test	86c49b68bd3f37b0ba382e2394cd4b94d1bd0a893e6ec98961b564744f6a530b	pending	-
tests/language_server/test_lsp_numeric_loop_self_dependency_conditional_delta_target_unary_semantic_query.c	tests/language_server	test	bb5fde4e1542ed0576094b4d5a73eb517167a560f8aec679c73327a96de7da34	pending	-
tests/language_server/test_lsp_numeric_loop_self_dependency_semantic_query.c	tests/language_server	test	6aecc3ec05dafad6513f6f3ab0b63d8314774909629fe670b3e5ca51b8ccb95d	pending	-
tests/language_server/test_lsp_numeric_loop_self_dependency_symbolic_coeff_cross_deeper_scale_semantic_query.c	tests/language_server	test	3bc5bbecc42df3af0c24cddeb356e665a731c3293ad77f83f28438337e66c50a	pending	-
tests/language_server/test_lsp_numeric_loop_self_dependency_symbolic_coeff_cross_five_additional_scale_semantic_query.c	tests/language_server	test	c4d78a8f4be5f1a1790a12d26ecc61d808ac79909bbe4b7d1bdb2e84104cc17d	pending	-
tests/language_server/test_lsp_numeric_loop_self_dependency_symbolic_coeff_cross_four_additional_scale_reader_semantic_query.c	tests/language_server	test	fe6480558e72d05dbc26eda091a259944efa23c997fd4838a9efa43baf61c2a5	pending	-
tests/language_server/test_lsp_numeric_loop_self_dependency_symbolic_coeff_cross_four_additional_scale_semantic_query.c	tests/language_server	test	6983554012547c820d0c684666b02b9a82d0ba75d8e5728610159711494aff27	pending	-
tests/language_server/test_lsp_numeric_loop_self_dependency_symbolic_coeff_cross_seven_additional_scale_semantic_query.c	tests/language_server	test	ce40f047142d2a6b710e3b0e368a858eb68378bbc80914352b44e34912543d4a	pending	-
tests/language_server/test_lsp_numeric_loop_self_dependency_symbolic_coeff_cross_six_additional_scale_semantic_query.c	tests/language_server	test	d794e89a1a807d2eb242c570386a0f0b0333b3a3ee512ef1b0f3483047fa6ab7	pending	-
tests/language_server/test_lsp_numeric_loop_self_dependency_symbolic_coeff_cross_three_additional_scale_semantic_query.c	tests/language_server	test	b7450ef3a27c37463f61630faa84090d89147be062e3cef36d6eed265e81e282	pending	-
tests/language_server/test_lsp_numeric_loop_self_dependency_symbolic_coefficient_cross_semantic_query.c	tests/language_server	test	0d0edb2d162492ce6781d4e62d2f49b179babaee959f3ce7f528cbc0948497fc	pending	-
tests/language_server/test_lsp_numeric_loop_self_dependency_symbolic_coefficient_semantic_query.c	tests/language_server	test	00d4b02036439f119c2845442fdf5766421c99c33660edc688541f550bcc4248	pending	-
tests/language_server/test_lsp_numeric_loop_self_dependency_symbolic_product_semantic_query.c	tests/language_server	test	7aaf17c6d920df2d5757b882e793ad150d2d6c47f035bf73b70913e20a6265f9	pending	-
tests/language_server/test_lsp_numeric_loop_self_dependency_symbolic_semantic_query.c	tests/language_server	test	c96bff24afb69eb1c87e08c1aa77c1ecca72b04561de38ee5b48bac270a74b6b	pending	-
tests/language_server/test_lsp_numeric_nested_loop_assignment_semantic_query.c	tests/language_server	test	7a2d17957f10ee274aa0c68a9bf5e8e211763c302e917eec4d99a668c70e811e	pending	-
tests/language_server/test_lsp_numeric_semantic_query.c	tests/language_server	test	d5022118678a8a69be21cf2abaf1f31293c5c49ee97e7f304d5c163468fdb8fe	pending	-
tests/language_server/test_lsp_parser_diagnostics.c	tests/language_server	test	ecca0f93692790e06dcb10fdcfca117a1d47ca8b015a52511284d94f9c950fce	pending	-
tests/language_server/test_lsp_position_fuzz.c	tests/language_server	test	f838081e882a1829810df1ebb2eb3e6b0bec309b97f26ff54f09c92868999f5e	pending	-
tests/language_server/test_lsp_position_mapping.c	tests/language_server	test	cf1378c93c0f33fa1d1e79c0c3caed1e75588786e670a3a03e55f7616f8fe745	pending	-
tests/language_server/test_lsp_project_canonical_symbol_type_cases.h	tests/language_server	test	f3144cb1afb7238244267e6b45094b2a37640fa9bc3a8a4eafb8ab4ad62c3c51	pending	-
tests/language_server/test_lsp_project_features.c	tests/language_server	test	06e4072026ab3b66e4abc731f0b864b80ca9237e50ebf7d8a7f46bada2aff44a	pending	-
tests/language_server/test_lsp_project_module_identity_edge_cases.h	tests/language_server	test	4ad4b50df2ff5d864e506daf3505119f6582fa03e483a147e9418a0928fe13a0	pending	-
tests/language_server/test_lsp_project_module_summary_range_cases.h	tests/language_server	test	697b779b838c9ff1de7b1127292a5b458d7a0276d44cbd6248313d0bb619550a	pending	-
tests/language_server/test_lsp_project_native_callable_signature_cases.h	tests/language_server	test	4638a4655b6fcff3e812101bea4179c8c5a5ca59f7001f75d46964e7a1e420ce	pending	-
tests/language_server/test_lsp_project_native_receiver_callable_cases.h	tests/language_server	test	5475a767dc2025f5e9f97b4cd5fc55153d7d7cff355a2ae650ceaecdba663599	pending	-
tests/language_server/test_lsp_project_public_contract_cases.h	tests/language_server	test	fcac03cb126e3ce6fbdd97da0bdcc5fdf40ca6481545523eea577f8a6f84791d	pending	-
tests/language_server/test_lsp_project_source_rename_edit_cases.h	tests/language_server	test	1fe91e4c909f1fb86a5ee9637339a236fc2d930aea511c76f66c623ac1524da2	pending	-
tests/language_server/test_lsp_project_utf16_ranges.c	tests/language_server	test	dbb25bbb41fddd12af6e52d7a12ef6629ec2f0cb2be53d160034823cf645ffc2	pending	-
tests/language_server/test_lsp_property_contract_cases.h	tests/language_server	test	65abbce12569c01d75762d51462f39e3e34d6db19a1a69394e8ed9cc3168688b	pending	-
tests/language_server/test_lsp_property_incremental_cases.h	tests/language_server	test	d06585cd0a187e009431212d0f0f5ed171d1c164806e2c180cea6598ab225db3	pending	-
tests/language_server/test_lsp_property_refactor_cases.h	tests/language_server	test	f59272dae25de366359d3193a426074c30a3f545e0e88f5fb14f5f91640fb81f	pending	-
tests/language_server/test_lsp_provider_cancellation.c	tests/language_server	test	2541803942a10ba804f17a71ce2e4a752bedb95c3bd6e3ee250241fa6eb51a31	pending	-
tests/language_server/test_lsp_reachability_semantic_query.c	tests/language_server	test	e977ab438692ceeceda79b32290a45a527e4a63f75f18cda134fca11ef9a8c8c	pending	-
tests/language_server/test_lsp_reaching_definition_navigation.c	tests/language_server	test	997eb7056260c84993736dc71560379b31e88ebc0e72673ce4cf3af05ec05eeb	pending	-
tests/language_server/test_lsp_receiver_completion_projection_cases.h	tests/language_server	test	ed99833e248b552dbf55395aa2df7e7ac74cf8b23db57161ae39619e63849b02	pending	-
tests/language_server/test_lsp_reference_callable_consumer_cases.h	tests/language_server	test	e82cbd6dc826fb1a747ef92e7795ba8b4bb05d4257bb7d0e9aa2ba664c0e13d1	pending	-
tests/language_server/test_lsp_selfdep_bitwise_idempotent_wrapper_offset_query.c	tests/language_server	test	f9ec6dec73e28068fb41ed0a83e732f0f835ff0702546a377d25bbe9ccb46997	pending	-
tests/language_server/test_lsp_selfdep_neg_zero_product_unary_same_diff_query.c	tests/language_server	test	6770fa0276050c699a14d4ec9aaef311b935cdc9efdee327c17f706252023653	pending	-
tests/language_server/test_lsp_semantic_call_hierarchy_cases.h	tests/language_server	test	39f6244396aaee01c642efcc38541c73a9c1038e19f178d3b34b2e07267f109e	pending	-
tests/language_server/test_lsp_semantic_query_diagnostic_replacement_cases.h	tests/language_server	test	8b8f510b359a18e8904180f9b40ba6a1705b0fa23919aea6d8f09d213bc972d9	pending	-
tests/language_server/test_lsp_semantic_query_diagnostics.c	tests/language_server	test	157905a2c96ee4223bbc86cc60f78fee8055597edf185a7ab88c2f58f1e56a1f	pending	-
tests/language_server/test_lsp_semantic_query_parity.c	tests/language_server	test	d3a430aad39102f7877bc5c40523deee06bb874f5ccdb133e530e0592bf0e8cd	pending	-
tests/language_server/test_lsp_semantic_snapshot.c	tests/language_server	test	0a80c03b7fb0e3fd5ff236b09fe8674984cd3a361d1822e8cb10ecf92f3b0f91	pending	-
tests/language_server/test_lsp_signature_snapshot_fact_cases.h	tests/language_server	test	6a79655e2e4a8387b8dadb883539e639d288dab5dee37e4318a4f0a345ec3cb2	pending	-
tests/language_server/test_lsp_snapshot_cache_cases.h	tests/language_server	test	59efa1f6019aa7eeab3548606ba3a68ba058bba327be036b437568d03ef845a7	pending	-
tests/language_server/test_lsp_source_contract_canonical_completion_cases.h	tests/language_server	test	07ee2e5553bef8f3496a2b5af40396b53a6ecc02743bc8a290b134c33c3abd6b	pending	-
tests/language_server/test_lsp_source_contract_code_lens_declaration_cases.h	tests/language_server	test	6c4a7278387f3ca90f1dda2f16c44841d32fdc81e5312c565ff5f1925c5762e9	pending	-
tests/language_server/test_lsp_source_contract_completion_snapshot_cases.h	tests/language_server	test	56876a86e3341c187a95731d17d664ca2c686c1c9e72f4e811adb34b914f81c1	pending	-
tests/language_server/test_lsp_source_contract_duplicate_diagnostic_cases.h	tests/language_server	test	0099fd7d6bbafde1c25ca4acd9610b530b097aceaeecd886d5ef5f248e9966d5	pending	-
tests/language_server/test_lsp_source_contract_exact_type_diagnostic_cases.h	tests/language_server	test	68e17ef3206cf0afa541ca26361d98498d3e867c60e2a443722fd3a4d17497f0	pending	-
tests/language_server/test_lsp_source_contract_extern_enum_decorator_cases.h	tests/language_server	test	feb070e9e01b0438d4f0fb4b52a2c2b1802f5083350aa1041bc5fa07aca51d87	pending	-
tests/language_server/test_lsp_source_contract_extern_parameter_decorator_cases.h	tests/language_server	test	dce1be290a4123f8faac26ac325260ef6cce0666d69721ee2d2a3ffde685dc27	pending	-
tests/language_server/test_lsp_source_contract_extern_struct_decorator_cases.h	tests/language_server	test	5061b5bf4a79a2ca01fdfb9c7a5c45ac0307f351097c2a89fc3eebd6010d3270	pending	-
tests/language_server/test_lsp_source_contract_ffi_wrapper_decorator_cases.h	tests/language_server	test	b2ae318d04c163f9023eb5b3fe78851ac758c8a48cb124cdecd7edb70940f49f	pending	-
tests/language_server/test_lsp_source_contract_initializer_annotation_cases.h	tests/language_server	test	aca004fd050aa9193e61a747ce91d8daf22bf101cba06b6494fedca36302ec69	pending	-
tests/language_server/test_lsp_source_contract_inlay_declaration_cases.h	tests/language_server	test	4df5009d1b8c7b0567b2c3df3ff9944a41808037657b1256d9c1dabd537036a9	pending	-
tests/language_server/test_lsp_source_contract_local_query_snapshot_cases.h	tests/language_server	test	3c7cf7883da4508cc9cb8d64a53d296cde7bd4c8b32ad869a27d47cf067c247c	pending	-
tests/language_server/test_lsp_source_contract_no_local_diagnostic_api_cases.h	tests/language_server	test	eed07b85b0acd7990b1ec9b69cf282b7a53cb2a32f29e1df0737c5c7d40280de	pending	-
tests/language_server/test_lsp_source_contract_no_local_reference_collection_cases.h	tests/language_server	test	d1c4d5cb05ee469d289d30ad40b873285dc204079b9970fc894e6376977bb05c	pending	-
tests/language_server/test_lsp_source_contract_return_type_cases.h	tests/language_server	test	333e1b8d746d25b49ed482acdc4e230e74f886ce0c7aff9786e245e50a2a9b91	pending	-
tests/language_server/test_lsp_source_contract_signature_snapshot_cases.h	tests/language_server	test	9e8b0607db611c808f5e73f5d164ce8a4ec4fcf7914a24896fa65a6ad6586ebb	pending	-
tests/language_server/test_lsp_source_contracts.c	tests/language_server	test	a80796820ce4effe75bca823c51c9732710a3cb1a03a1e57867fbe26c20f4a7c	pending	-
tests/language_server/test_lsp_stable_slot_contract_cases.h	tests/language_server	test	cd817c385e090133aa2e455a8edbb0c3ac08aa1fa4d15451616980c145b87a9b	pending	-
tests/language_server/test_lsp_statement_parser_diagnostics.c	tests/language_server	test	0e65209cccc6885b1bde3caa7023050a094796433c4d82340019b055d6ac3c83	pending	-
tests/language_server/test_lsp_super_utf16_ranges.c	tests/language_server	test	2b200899c2c486d3d649696ee2259464534b7cd568d8e14f9c6423c51833d436	pending	-
tests/language_server/test_lsp_symbol_projection_cases.h	tests/language_server	test	03edf06f6bfe8ea8c84599baa520178e990fe5cab4c0c64a069dc518761971df	pending	-
tests/language_server/test_lsp_token_metadata_utf16_ranges.c	tests/language_server	test	4ae10c989f585c98d48cec802df107638d0978b0de45f0d20acec544ff0a3891	pending	-
tests/language_server/test_lsp_type_mismatch_diagnostic_cases.h	tests/language_server	test	04295fde37bf6d62720f14c8754db6db1e208e3c8db554443e30e7252e97bac0	pending	-
tests/language_server/test_lsp_type_use.c	tests/language_server	test	14e524d4f0083f9887797d21e964800a94083b7805165da67dca2e3f6ab1c342	pending	-
tests/language_server/test_lsp_unresolved_callable_display_cases.h	tests/language_server	test	aaac5b8c574a4bc69dec0ce6798a2de8c61eb11f69f4417aa3ef6b75303299f3	pending	-
tests/language_server/test_lsp_uri.c	tests/language_server	test	df1e568c89face74ee820c6143fa57bd3a8b3adf13f978df6ce691112cb67470	pending	-
tests/language_server/test_lsp_virtual_declaration_projection_cases.h	tests/language_server	test	2f15e70157f278d2327e93a2317384c2256b25a9214966b2d6980e23334942b8	pending	-
tests/language_server/test_lsp_virtual_document_identity_cases.h	tests/language_server	test	371f5c2e4ab4b9556a43502930ba2eb382631e8eb385acc6136f2c61437e53eb	pending	-
tests/language_server/test_lsp_virtual_module_link_target_cases.h	tests/language_server	test	8d2a7cda2ec2590670417187176a212f4104130ff5d3b00a98607747e4e13582	pending	-
tests/language_server/test_ownership_diagnostics.c	tests/language_server	test	67766e5e2ccbf5e4b5aa7bcac164a54edce0dcf085da70cf3042da2071e3a7e4	pending	-
tests/language_server/test_ownership_diagnostics_owner_set_cases.h	tests/language_server	test	763d1e8e52b567fe19af37e78a361e07f167093ccc403802abedc51a97480a79	pending	-
tests/language_server/test_ownership_diagnostics_region_cases.h	tests/language_server	test	4f07a9e0fef4aa69733a4608e1e1051bf6bfb11abefe42909fde7f0c490404a0	pending	-
tests/language_server/test_ownership_diagnostics_using_body_cases.h	tests/language_server	test	838cd7f3586d847a2a164eb18caca0f25b076069dbb2520b12129159aa532c24	pending	-
tests/language_server/test_ownership_diagnostics_weak_receiver_cases.h	tests/language_server	test	e2397a0d2b2b3418f620b20b091ffd52d27083a97763acd591ab8478b1f85cda	pending	-
tests/language_server/test_reference_tracker.c	tests/language_server	test	a2c02c753252420fe0f3b9f5d89cba3b3d00b3fbaee2d8e8d2ddbe111ddfb276	pending	-
tests/language_server/test_semantic_analyzer.c	tests/language_server	test	16d9c700008050a64a3bc1d26188eb3118b4fce86a15aa20cdc9d6d27f6e3c35	pending	-
tests/language_server/test_semantic_analyzer_diagnostic_golden_parity_cases.h	tests/language_server	test	ce06bf672e84796428a847004be8f551d8779de16d4cd7036e2c156b1c75fd67	pending	-
tests/language_server/test_semantic_analyzer_exact_type_cases.h	tests/language_server	test	ebbf50ff906e3861cbefb9bcf82c8e4059c1bbe96450e1c6e2c173ca06d5eeb0	pending	-
tests/language_server/test_semantic_analyzer_exact_type_diagnostic_cases.h	tests/language_server	test	ddc46472a41309b203aa865e14b15d0b31b44554b9be3d1b000c370e62c6f688	pending	-
tests/language_server/test_semantic_analyzer_extern_enum_decorator_cases.h	tests/language_server	test	ef786e98b489cbbf4523434c5697f39c1957caca0ce186f7f2b7a3b04cb081dd	pending	-
tests/language_server/test_semantic_analyzer_extern_parameter_decorator_cases.h	tests/language_server	test	bfe616b7f179b77bdf99bef71f5d6aeebebb484b208a16fb52824e3783a374ea	pending	-
tests/language_server/test_semantic_analyzer_extern_struct_decorator_cases.h	tests/language_server	test	f42919e4b057a9493eb36662ce7f35e8b45ca27bb110506cc70271635250a532	pending	-
tests/language_server/test_semantic_analyzer_ffi_wrapper_decorator_cases.h	tests/language_server	test	061a5d14bb8dc7ab1e28083f013bc30e47a10904dcb9431f2a4398f98d3d7ef0	pending	-
tests/language_server/test_semantic_analyzer_local_binding_identity_cases.h	tests/language_server	test	af9dfe762946a5b4b56f668a3a8ab4969cff524e62bef801aa1ec8ba7bd8ee33	pending	-
tests/language_server/test_semantic_analyzer_source_metadata_cases.h	tests/language_server	test	23f80a67f53029a0fa9285a65fc0afaedc426ec3f2f620f3e35124307b377eb9	pending	-
tests/language_server/test_stdio_diagnostic_json.c	tests/language_server	test	fffe7aeb84305e3248fa68e5f72380ee60c2d1e602a1bb0e832666f2fe05fa02	pending	-
tests/language_server/test_stdio_diagnostic_publication.c	tests/language_server	test	68fd557688fd513cc38cc05dc04b5a238ffe4376f130ef9f0177fb174dd0bb0b	pending	-
tests/language_server/test_stdio_document_close.c	tests/language_server	test	7b0caf985eeca9c59f01bee679d029732e90ed983694ab98b6a4e6eeba491719	pending	-
tests/language_server/test_stdio_handler_cancellation.c	tests/language_server	test	30ef79276759d65df2f010a0dc3f3a5f2cad692a591f4236503b1426ed60b7b3	pending	-
tests/language_server/test_stdio_initialize.c	tests/language_server	test	70d54785637a1175015c6174fdf22da028b590d3bf7b59b5d34b31300b9de4fe	pending	-
tests/language_server/test_stdio_lsp_parse.c	tests/language_server	test	0bfff0e6f1e2ee9bcf580a9aa564d4e98c0434f9fac46c2160e834c12d691fb5	reviewed	docs/code-review/coverage/zr_vm_language_server_stdio_parse_memory.tsv
tests/language_server/test_stdio_optional_capability_allocations.c	tests/language_server	test	d0448b450710f8892b0e1c27b638bc3ec8123bd821e667854b47a08a7f508a1f	pending	-
tests/language_server/test_stdio_request_progress.c	tests/language_server	test	63d408fe434d00a51faf304be8ecc974833cb4b88fd16586ab4d231576bacb6b	pending	-
tests/language_server/test_stdio_server_lifecycle.c	tests/language_server	test	4cc1614974720d490218d2679717146eb244d9b81cbf3104df9f814f8ee5e7c8	reviewed	docs/code-review/coverage/tests_language_server_stdio_lifecycle.tsv
tests/language_server/test_stdio_transport_output.c	tests/language_server	test	0ed256af9b7a91486f3101ea97057dcd1d310c5ea66a3956fb0815764ad3b79e	reviewed	docs/code-review/coverage/tests_language_server_stdio_transport_output.tsv
tests/language_server/test_symbol_table.c	tests/language_server	test	28a6fc8a79b52f0c533ff7fd6c494772aa00b7cd521bf18a7abbeb34860de2a6	pending	-
tests/language_server/test_union_pattern_diagnostics.c	tests/language_server	test	2de6c8a3d00399f8b7f6f8aea3e957700f111ef46e7cf24388ac257864d00369	pending	-
tests/language_server/test_wasm_exports.c	tests/language_server	test	a3bb9ee4a8ec33a9d1162504141af587517a2ccc2dc86dcb126341acb88b6872	pending	-
tests/language_server/test_wasm_response.c	tests/language_server	test	34bb8da4d7e4a2fe748828d8d634f71c969db02584dba95c8b78dd4c903ebc1e	pending	-
tests/language_server/wasm_capability_inventory.js	tests/language_server	test	1487b254c0510710b0e1feab103543e14daa72d82b8c3f50a9890003cf3051e3	pending	-
tests/language_server/wasm_capability_inventory_test.js	tests/language_server	test	bcc0b59219c46f68b6f285fcc1c1acad4a60c8257d6de44822daab3aec93f834	pending	-
tests/language_server/wasm_diagnostic_projection_smoke.js	tests/language_server	test	0a9b8d6b28c2b355c4167b3c0fae4a5f8b3f06bc96f4467930c8ad1ce1ca13c5	pending	-
tests/language_server/wasm_linked_capability_inventory_test.js	tests/language_server	test	6a3de85417f557a2d80577d5f60c5712cafa26c44ebdb7c051d04bf8305f465a	pending	-
tests/library/ssa_hotpatch_fault_cases.h	tests/library	test	d938e36510828e77df7c953d1925303092f200d0dc6289ea4df81cbc5898e183	reviewed	-
tests/library/test_call_binding_module.c	tests/library	test	99e1d909d727d8204e9dfc656880c53cf278a5eae014cc7126876d36b2903a9f	reviewed	-
tests/library/test_call_binding_native_registry.c	tests/library	test	d80996b54d8c8824cce9835e504972125a7cfd7899684360c17c19262b048c68	reviewed	-
tests/library/test_call_binding_relocation.c	tests/library	test	14218759ae6e1ca918b7317e5fb208c0c406b9e6448fa4e1461a4c9fa949209d	reviewed	-
tests/library/test_debug_library.c	tests/library	test	721a5b3dd05e93a8f077e80a25c34919163e8e7b684e7f14183dff035aa18c29	reviewed	-
tests/library/test_file_list.c	tests/library	test	162ad82a0d3846456b4be2308b940599e78f06db31a257dc2197817b80222fdb	reviewed	-
tests/library/test_native_binding_direct_call.c	tests/library	test	2b08920de36c57f9d35bd9938ff7a7737f2f8f31edfb2beb81d914f43ded5680	reviewed	-
tests/library/test_native_registry_descriptor_invalidation.c	tests/library	test	5a863875d5a051a5607a6fe0733cd6f53640bc1f4de3f17c734b9833ca732e01	reviewed	-
tests/library/test_official_provider_convergence.c	tests/library	test	4c85b68e400567c29ef1a4008ddc7f306a61d2245b252b19c51a7554f94eb179	reviewed	-
tests/library/test_project_import_aot_provider_runtime.c	tests/library	test	73e8b17af00bd52d1d638362a5623a737f7df3f9b5448b16e612889b7b4057a9	reviewed	-
tests/library/test_project_import_provider_version_selection.c	tests/library	test	e87f34edbe6653fb9c50711cd4b78aa73021f1c04a1bf13d05bec3d7cf78acee	reviewed	-
tests/library/test_project_import_resolver.c	tests/library	test	87a1286c0848e0fc522b98036b29b3ff5eba14a8bef2455b02d7f18385c2a29b	reviewed	-
tests/library/test_project_manifest_normalization.c	tests/library	test	236da334d9b4523f11785d79138ebd9495d9714ad2cd0942e7722075f38d5085	reviewed	-
tests/library/test_project_manifest_v2.c	tests/library	test	8d1bde3c249b1bb32bee6d1a3db157a3314a21d86df1b96da10cf3d7962988eb	reviewed	-
tests/library/test_project_module_specifier.c	tests/library	test	71cb3cdd5b454207b1dde71eca251eb2a9596f2deb8b8124158bbb4cd28f0410	reviewed	-
tests/library/test_ssa_batch_vectorization.c	tests/library	test	fe7e9af463f6934e9a09d391d01d3222bc55834d18cfd0132515eef33e527284	reviewed	-
tests/library/test_ssa_capability_validation.c	tests/library	test	06d08f9797c97d13875b0bc9f0bab857ea8a1a179250864b742b8ce3c840eac5	reviewed	-
tests/library/test_ssa_rollback_restricted.c	tests/library	test	18284c699e3ecd0a119566d7216cef598df89333bcb19036d1a7b18f241e83d6	reviewed	-
tests/library/test_ssa_schema_relocation.c	tests/library	test	b41060f205a0348ce39575b8a7a7fa2dfced56b8e3df460915ac9a07d685c5dc	reviewed	-
tests/library/test_zrm_container.c	tests/library	test	ded6f3b9c444f4b8102a77d2f7807a6bb566c4da232d9b61ac447c223a00e9a8	reviewed	-
tests/meta/CMakeLists.txt	tests/meta	config	abaa67c29cee0eae927e27c24207d92d00cb278b38eb2a4aedb6a75da8f95e99	reviewed	元数据测试目标边界和调用链复核
tests/meta/test_meta.c	tests/meta	test	92ce9a33bfa1d0ff36a44bd94576f0a28b758d52332ce0d8ceac8cd8a1b4cfaa	reviewed	元数据测试目标边界和调用链复核
tests/migration/test_percent_test_migration.c	tests/migration	test	9ea38a5c2580b6505813adddae90a01f82c2e3eadee8075ffb5a1afd3e12dcc3	reviewed	24 单元小边界调用链与失败路径已独立复核；中文译文再复核
tests/module/CMakeLists.txt	tests/module	config	f4afbfea15107b10cf0c779ba4d2c82ecc8a2efb285ea9ff62274e0e4881b5fd	reviewed	-
tests/module/gdb_module_preinstalled_callable_abort.gdb	tests/module	test	2ea748820e6600076b92e761e1d97219dfc73c85d4aeead93bc43de6399afabe	reviewed	-
tests/module/gdb_module_preinstalled_callable_capture_closure_state.gdb	tests/module	test	2f56095f2ed7c58e060c0d1aef6aca1472f4c8e616394b01b638d1f69eb8079f	reviewed	-
tests/module/gdb_module_preinstalled_callable_capture_state.gdb	tests/module	test	fbfae1c383ce9f9f6ccb028e382c7aa0a93b92c55d0262a0079080ecd6d4f943	reviewed	-
tests/module/gdb_module_preinstalled_callable_capture_watch.gdb	tests/module	test	78e7704db51dc052e7c7ffcbfe0c6bdcb56bef6dbfe74e268196391badc2fd91	reviewed	-
tests/module/gdb_module_preinstalled_callable_runprobe_close_watch.gdb	tests/module	test	363074caa230eda19eaeae73d3da0a2a803ef16b121ee059bd92609373a26879	reviewed	-
tests/module/test_aot_runtime_direct_core_identity_cases.h	tests/module	test	c50486612ddf87e0ce0927ee3aeba8940468c26cde782a775a0d9bec2317339a	reviewed	-
tests/module/test_aot_runtime_typed_direct_call_compatibility.c	tests/module	test	4a5bee36f4083818b1a61a3a9ac0674d6b31ebc9d3db6870483edf2ecc01b7d3	reviewed	-
tests/module/test_metadata_module_hash_golden.c	tests/module	test	c93b0a18cc923248270fc60629285e2203970b263b6a72e56fbce16fa5b98ec0	reviewed	-
tests/module/test_metadata_runtime_binding_compatibility.c	tests/module	test	90881c102037153fd2b16d2ab2931296fb6df5dff65abca4944ab1c30727cd6e	reviewed	-
tests/module/test_metadata_runtime_manifest_exports.c	tests/module	test	7c12c3d63a26de4fe9a96e69fd7acd438946490d65907c0597b086e57a862722	reviewed	-
tests/module/test_metadata_runtime_method_binding.c	tests/module	test	8c287c9df598c24e16a8daa1090d85f88dd235806b043a1f2376bab77e548f69	reviewed	-
tests/module/test_metadata_runtime_query.c	tests/module	test	d0e933dd0d7ca833e422ff9239f2971f6da0db5668a5f0ce7feb099ab4c2b0a2	reviewed	-
tests/module/test_metadata_runtime_type_layout.c	tests/module	test	aa971fb5a80fcde2d78407752a7207949ebfb04adca7134b1d067767a44f0971	reviewed	-
tests/module/test_metadata_runtime_typespec_layout.c	tests/module	test	129147e410f93920193ed3335c9073ea48c47c4663c1fcb714a036cbc0d3f935	reviewed	-
tests/module/test_metadata_token_model.c	tests/module	test	2b06726ba01a3a440617bde5b1030a2a79d6314beb5e26c0be46cd7018aa8b58	reviewed	-
tests/module/test_metadata_type_ref_binding.c	tests/module	test	414fc6361d895a2ab1ed092de5cea44124b147836ff5c0ddc3555e0ab022ac89	reviewed	-
tests/module/test_module_system.c	tests/module	test	61aa8c4dd9e680557e892794665ca52aa3fb768f7fe787b54c18ed9d15b12fb1	reviewed	-
tests/module/test_reflection_dynamic_generic_cross_module.h	tests/module	test	6efe8b0ed01504857f6abaeebca897855b8c6c596d5c5c5c6a3a33fe223a05d3	reviewed	-
tests/module/test_reflection_dynamic_generic_instance.c	tests/module	test	31b731e1c5940d10b2512d98ad161f3f58eca733018b1fe076a98289f650d411	reviewed	-
tests/module/test_reflection_dynamic_generic_instance_assertions.h	tests/module	test	da2d0b86102c7d6d47f3c256b8ea23c467db88c6a22e02f7d02dd9e7ea67520d	reviewed	-
tests/module/test_reflection_dynamic_generic_instance_interpreter.h	tests/module	test	f305b1d421b609cc06acae2469cb2f05c5ddc6600674e253da2e26af219db7c9	reviewed	-
tests/module/test_reflection_dynamic_generic_method_context.h	tests/module	test	fadf3f90efd13a8616821dacfd9d0e762aee62420a05801a6da30c2eee05f8b9	reviewed	-
tests/module/test_reflection_dynamic_generic_method_make.h	tests/module	test	1f3c0eb5cbc34b81b9e0e204bad9fae21f047dde664630f9ec89fbaedc2e5bb7	reviewed	-
tests/module/test_reflection_method_invoke.c	tests/module	test	d585f9834230c754ea729d8093fb352bd10622781b0be8b615695b61adaf9716	reviewed	-
tests/module/test_reflection_runtime_module_import.h	tests/module	test	ce5dcb50a273660c88bd38a6de7d816bc31e87b4d8d112d9bfa1d843f7651067	reviewed	-
tests/module/test_reflection_runtime_module_import_allocator.h	tests/module	test	13964a8d6d4e32a11f9662882dc09a1430ea4a6bde54c8f0cda1c90ba5d40c4b	reviewed	-
tests/module/test_reflection_token_resolve.c	tests/module	test	bb2704fff616ba67441592d0e7f8bb5e2147a5c48ff46900960a98c09f91726e	reviewed	-
tests/module/test_zrp_metadata_format.c	tests/module	test	ef1ccb80ac7f967a3240e2d94dbb1c8abf89e4d21cd997ec77bee735f295956f	reviewed	-
tests/parser/aot_c_ownership_call_result_projection_cases.h	tests/parser	test	0a4111c1b63b8caf06a50e9d968189243b2b9bf91c3addc3b9df250d5a82b350	reviewed	-
tests/parser/aot_c_ownership_member_result_cases.h	tests/parser	test	24ad7c4148d9fac9a596ac8bba7a36f9075928073df0ec430be75e5d42b481f6	reviewed	-
tests/parser/aot_c_typed_call_contract_cases.h	tests/parser	test	84042f3d9295a30bce2363e33b79ff70d3b0d6160aa44ff2bc7106f7ad96e40b	reviewed	-
tests/parser/aot_c_typed_call_contract_support.h	tests/parser	test	8f65bdc817bfddf82c990e4f455d663ff0dee11a4a9447ef90a11cf8ff286641	reviewed	-
tests/parser/aot_c_typed_direct_call_arithmetic_smoke_support.h	tests/parser	test	f8edb65f124dee70a2d284400648e13e2fd60df1bb24b045428491715c39ccb3	reviewed	-
tests/parser/aot_c_typed_direct_call_bitwise_smoke_support.h	tests/parser	test	7d40ae063140ed82876ee7004ca343cf3f7d96f48476ced1ef9484be577d965b	reviewed	-
tests/parser/aot_c_typed_direct_call_bool_smoke_support.h	tests/parser	test	799830b6f8e33c249736358c36258052bf246f3a1f278e5c75fe998f193b4c28	reviewed	-
tests/parser/aot_c_typed_direct_call_f64_smoke_support.h	tests/parser	test	db60f67f0a474a8284d42dff6085ff9fd88ded0d404548a17a67280b9e8a1ea5	reviewed	-
tests/parser/aot_c_typed_direct_call_i64_smoke_support.h	tests/parser	test	8026b06b42ece1f20d6f76b3d01afefdcf5deb310f61abc27c051620b380e0ee	reviewed	-
tests/parser/aot_c_typed_direct_call_u64_smoke_support.h	tests/parser	test	539118801f9c658899ac0775041f7d2f84ea339e801a74429093403eca0934c9	reviewed	-
tests/parser/aot_source_contract_match.h	tests/parser	test	565e0a296852d98a4ea08b2579e4f37905d9977545b3243042163707ba88e4d9	reviewed	-
tests/parser/bitwise_zero_minus_shift_supported_count_private_not_mask_or_deep_leaf_cases.c	tests/parser	test	be2d011eb6ec61b6754fa493d532364c98b6aa4cb5ce36c2da89fd3fdac19a39	pending	-
tests/parser/bitwise_zero_minus_shift_supported_count_private_not_mask_or_deep_leaf_cases.h	tests/parser	test	3fb84cb46ca3b82cacd434145ec1ead0264a9d31dc82cc10435c31b752296776	pending	-
tests/parser/bitwise_zero_minus_shift_supported_count_private_not_mask_or_leaf_cases.c	tests/parser	test	3d888fc8048b552ad4cf84a9e71ae410bc28e901be29c0bbd901704d4bd2ae88	pending	-
tests/parser/bitwise_zero_minus_shift_supported_count_private_not_mask_or_leaf_cases.h	tests/parser	test	51b447121fb468992c95da99ad7f1e96f81d135e7ddce777863fc9b892341c41	pending	-
tests/parser/bitwise_zero_minus_shift_supported_count_range_test_support.c	tests/parser	test	900d298b3910d75d8fe23af14da3ae8ef0d6a4621428069f691eaaf58cb02364	pending	-
tests/parser/bitwise_zero_minus_shift_supported_count_range_test_support.h	tests/parser	test	cc4da6c55d0fb5a811e78a470a4d03e311db0c18ec4c513aba6eafab1c745f1b	pending	-
tests/parser/call_binding_aot_module_cases.h	tests/parser	test	e7e5520205db82c56c7fea8009d6a2783ab2a32d1115a0c332887ab2bf2ef11e	reviewed	-
tests/parser/call_chain_polymorphic_compile_fixture.c	tests/parser	test	603f6cdc13cd4ef36739542f49f85ff543edca07d4a991b5548fdb1202247774	reviewed	-
tests/parser/call_chain_polymorphic_compile_fixture.h	tests/parser	test	954e021d898c99e3d3a2a55c1b5e674452e880cf57fb5f526461881826c8e047	reviewed	-
tests/parser/gdb_pending_owner_return.gdb	tests/parser	test	6d74c7d8bfa7d4c32bab851834ec019f3a4b43393dbeb70f418936d858b48a4a	reviewed	-
tests/parser/gdb_ssa_source_straight_line_cfg.gdb	tests/parser	test	8b42e2d6c4aa95e8ffe37b324f594a24b81ea8880b21bd0d0b419f5595a625a9	pending	-
tests/parser/gdb_ssa_state_map_liveness.gdb	tests/parser	test	dc02df2db77c62573d627d3bc7b54e877df1c73fe17b408d2b63d6e0fef6f1ac	pending	-
tests/parser/gdb_type_inference_literal_double_free.gdb	tests/parser	test	5739a97f1bd4fb199106246429934f8b0350ad87d8a7bffa19a7c76c6e7569a1	reviewed	-
tests/parser/gdb_value_type_assert_fail.gdb	tests/parser	test	d973edf4e1b4e6adf14d2e6a78c3021d6916f85cf74fc8bb7e79b9302b7bf2de	reviewed	-
tests/parser/gdb_value_type_call_error_context.gdb	tests/parser	test	26df07ba444b68ea8bc748be978c31f481868672e96ed01d1942549643e9007a	reviewed	-
tests/parser/gdb_value_type_clang_native_close.gdb	tests/parser	test	a047b8f0ce03505b7e2602e1fb1bc62272e203692f31dfae78926e518bff6b26	reviewed	-
tests/parser/gdb_value_type_clang_stack_closure_watch.gdb	tests/parser	test	1ed7bc8ae6a82def97c93ed34a6cc17f43ad7dd4c4c223b0bc0468d3e7f77578	reviewed	-
tests/parser/gdb_value_type_constructor_copyback.gdb	tests/parser	test	964c3e9d0dd6c27b06050ed49269a95a276f3f37fa122e3dcea610a8bf0d6537	reviewed	-
tests/parser/gdb_value_type_constructor_copyback_dest.gdb	tests/parser	test	ce9fe2ec3567be164d728cff32ec5fd662b32cadd498f807d9aa5dea1045273d	reviewed	-
tests/parser/gdb_value_type_constructor_copyback_detail.gdb	tests/parser	test	d6e6e38eebd13e0bfecf3219d13c97924aaa43fb4b0bd4168d6fb7b12aac050c	reviewed	-
tests/parser/gdb_value_type_constructor_entry.gdb	tests/parser	test	c897b2396d91c1189a945ab90dc270ac2bfbae6b44aa191295ad7eebebd3dd9b	reviewed	-
tests/parser/gdb_value_type_constructor_set_stack_flow.gdb	tests/parser	test	d71f35e514b82220ccc9a7fd13a27cc1b8fe3956f94a43fc7b0cf529fc8efbbb	reviewed	-
tests/parser/gdb_value_type_copy_slot_trace.gdb	tests/parser	test	527570cf83e9b991764062375b38ed25aef164db46cc7ec913ba1a5232b6acd2	reviewed	-
tests/parser/gdb_value_type_instruction_window.gdb	tests/parser	test	fd23fce99cd671666f3c72633fb2bb9257e622bf464ce17c93d4c7ce0d286088	reviewed	-
tests/parser/gdb_value_type_known_call_assert.gdb	tests/parser	test	da3c498634142ff3939099da030a9598b2aac48b5dd859da406c032f72ac1ab8	reviewed	-
tests/parser/gdb_value_type_known_call_invalid.gdb	tests/parser	test	22105119262d0fef3bfa083adfae1adca65bcbacba8c94d5dc4f6acddd5ed2b8	reviewed	-
tests/parser/gdb_value_type_known_call_invalid_line.gdb	tests/parser	test	4b332614e7eb24d8471d7fa8c9636a6779c16b89cc95e039a89039f57e18c533	reviewed	-
tests/parser/gdb_value_type_known_vm_call_slot.gdb	tests/parser	test	ed3c20a45f223c846d734597c15a9bed1053e32b16cf5f71ed228fe18a0de3c4	reviewed	-
tests/parser/gdb_value_type_materialization_trace.gdb	tests/parser	test	695682c5fca46f9530c15874d89eb2479e6f631999c1d7fdf65d53cfe5806f2d	reviewed	-
tests/parser/gdb_value_type_post_call_return.gdb	tests/parser	test	0d748c75ece0781691c0b041a2bd97cc9ca82f6e16963643b179b73349a05a45	reviewed	-
tests/parser/gdb_value_type_receiver_layout_current.gdb	tests/parser	test	a5284810b81cbd11a52d1a491da7c7c2a065c925c712c934524021a00a58b770	reviewed	-
tests/parser/gdb_value_type_runtime_error.gdb	tests/parser	test	b332e3865a5ae65b3e2322218e4f81efac38183a66c94df0dd8a649db2dd3db8	reviewed	-
tests/parser/gdb_value_type_set_member_frame_place.gdb	tests/parser	test	443b1b2d4da6fe30f3189c6b077e8cee514fb88426b4562152fa57c4aa61d323	reviewed	-
tests/parser/gdb_value_type_set_member_trace.gdb	tests/parser	test	3c35443569c33760af6373aacf386bc86645180801279d3dcee7d03ee9f9c4cc	reviewed	-
tests/parser/gdb_value_type_set_stack_trace.gdb	tests/parser	test	e31aa936b86457c88e4123a578256b0a336375736c35397ceb935fad899dbc08	reviewed	-
tests/parser/gdb_value_type_slot4_flow.gdb	tests/parser	test	b38ece4e4e554b4b7136847da4f080a35fff74507befc96cfb4ef43785421db6	reviewed	-
tests/parser/gdb_value_type_string_assert.gdb	tests/parser	test	d199fd3ebfa6dbac2b620fb92e5bfa7c298009d53933c080371ea61e4b565889	reviewed	-
tests/parser/gdb_value_type_string_get_member.gdb	tests/parser	test	c3249cd3c4fd4c5731218dcaa5ecddfcbdc0cb659a8445756982d0bb7d9409a0	reviewed	-
tests/parser/gdb_value_type_string_trace_slots.gdb	tests/parser	test	5b6d4fc9494b16d039fa5a5fb6d7419f1afa37d3e81f9edce14dd9ed19e3fc27	reviewed	-
tests/parser/gdb_value_type_target_function_layout.gdb	tests/parser	test	d1c72a68bc86c6b4d8ebcb127f270f28601910a7cf505dc3b09c216a1fc27f52	reviewed	-
tests/parser/gdb_value_type_typed_local_this.gdb	tests/parser	test	2143a0710d65c37197a015d073771d5715c79fe5c53f44d00d67e185e4459b40	reviewed	-
tests/parser/matrix_add_2d_compile_fixture.c	tests/parser	test	34c03fd5df397de4995ebaad254760d860d48c35b1f41f69d0f589ac4ee875fa	reviewed	-
tests/parser/matrix_add_2d_compile_fixture.h	tests/parser	test	8cdaa2d964a1b1b9218dbebf2d9d7427d166c054cd278927d26d1fc115855180	reviewed	-
tests/parser/reference_loan_nll_test_support.h	tests/parser	test	624e979995537ca3c9bc04617324bbe66221ddfb6a667a4713bdd4d36edd1943	pending	-
tests/parser/ssa_deopt_aggregate_fault_allocator.c	tests/parser	test	7fed3b4244e213cefe4376a3a6c066efdb13bb89b7e0056132a8f74f220cc274	pending	-
tests/parser/ssa_deopt_aggregate_fault_allocator.h	tests/parser	test	1cc680340e1daaf7f50377e536337eab02d462d55d809cabba9c8b86716d2d6e	pending	-
tests/parser/ssa_escape_aggregate_cases.h	tests/parser	test	525dd3a3e61cde28b45b658e37cc701ebf1bfa604aa9f58753ecf6090cc4c258	pending	-
tests/parser/ssa_oracle_resume_fault_allocator.c	tests/parser	test	d9a5b590f8022efee5f689af22b4be6ddf0e11fb80bd829c4fe4615a74b994e5	pending	-
tests/parser/ssa_oracle_resume_fault_allocator.h	tests/parser	test	01e48bad20cdde6de49d836c91c3fc573545cb1a6de158ab3fba9d644c461fe1	pending	-
tests/parser/ssa_owner_fault_allocator.c	tests/parser	test	13fa1ac7e6e919847d661ad856d28341dd7f623be5a71fc1fd1248f4ed6cce56	pending	-
tests/parser/ssa_owner_fault_allocator.h	tests/parser	test	392249001fc4cc815a14d2d62d738bcaf77374d3cba6661f3f4762b5550be1ef	pending	-
tests/parser/ssa_source_cfg_faults.c	tests/parser	test	2f83808c185446b65ee86bd546267187ec02e90630ff0c9f96a210c1c0b3ff94	pending	-
tests/parser/ssa_source_cfg_faults.h	tests/parser	test	ab716088eadfc8d373baab0b1f9085d47d4bbbf6b7c0423d4580ac2b4ae35266	pending	-
tests/parser/ssa_state_map_fixture.h	tests/parser	test	c1c427f125fd72a37a299d3712872fe88b8d888b388d2b559fbcfd37921d7757	pending	-
tests/parser/test_aot_c_call_contracts.c	tests/parser	test	d7990ab7946df1a016cd597ff33594c7e35857bc6924c95760a11d206e0cae56	reviewed	-
tests/parser/test_aot_c_call_shared_library_smoke.c	tests/parser	test	dcc9b9b255e1c6b996fe0ca0b265bdb2be817804b631adc11fc6fa5aee2ff20b	reviewed	-
tests/parser/test_aot_c_code_stripping.c	tests/parser	test	bd35c35f5c1d7d02d6aa474459a93a6c617df9936444587126da5949675124d6	reviewed	-
tests/parser/test_aot_c_constant_contracts.c	tests/parser	test	4f22e6927ada423db64bbc8ee6a023304340b4bab061a64dea045968c5bfa8ad	reviewed	-
tests/parser/test_aot_c_control_contracts.c	tests/parser	test	b0a9841f3c8a9060096554480f359f21ce6ee9f8c52690d79821d3cabda209a5	reviewed	-
tests/parser/test_aot_c_control_shared_library_smoke.c	tests/parser	test	346aa1b57405c93b8d76c3319516b6043a8da3e370abe404ad7fe4a4e7c18167	reviewed	-
tests/parser/test_aot_c_descriptor_diagnostics.c	tests/parser	test	0a9fb1314d777f298c56a2bec2e238b1513a41193062ae08006606bff78e5a3b	reviewed	-
tests/parser/test_aot_c_direct_inline_return_layout_projection_cases.h	tests/parser	test	51e9c217f4c9723dce3e61e7b049ae37146a13a2d8d72e46cf914a9e62ee62b3	reviewed	-
tests/parser/test_aot_c_dynamic_deopt_bridge_smoke.c	tests/parser	test	4de202ceaecc3f4aba245193533a64e6a655e7441a9afae4c191e6f27a93523d	reviewed	-
tests/parser/test_aot_c_float_contracts.c	tests/parser	test	27857f3a22cbc5b10a906a1afae0a771290fb9832afe3464e268be68b6a44777	reviewed	-
tests/parser/test_aot_c_float_shared_library_smoke.c	tests/parser	test	c8fd3ba2ed9026072fa7c6368fd148ca38094d4a0f493a277ca630bf16e2160c	reviewed	-
tests/parser/test_aot_c_frame_setup_contracts.c	tests/parser	test	1fa293439eb030d0251211f886d0d6c139d9f73e374f5e6a141bf511e646635f	reviewed	-
tests/parser/test_aot_c_generic_bool_equality_local_smoke.c	tests/parser	test	fa3fb5e0ec35e6d14902c01079fba771e07aaba9a01a8a2710f3df2c96b46ad3	reviewed	-
tests/parser/test_aot_c_generic_call_result_stack_copy_equality_local_smoke.c	tests/parser	test	be6299f14f18a7a23cdee3b3097ffb8e0917287edc838b663a463fbe0193c27a	reviewed	-
tests/parser/test_aot_c_generic_call_typed.c	tests/parser	test	8c7c3f02363c894ab53e35ae360a6ef1a597ce12e468357243c0e64e9b8204e3	reviewed	-
tests/parser/test_aot_c_generic_call_typed_default_declaration_cases.h	tests/parser	test	51aa67299242007389626e94f84779c4de41d9764d5e8f4738b8975001d5061f	reviewed	-
tests/parser/test_aot_c_generic_call_typed_parameter_layout_cases.h	tests/parser	test	b749f7ce801785da0274112d0b55106cd3a867c1f561b127494b04481c696de1	reviewed	-
tests/parser/test_aot_c_generic_equality_stack_copy_local_smoke.c	tests/parser	test	29286f8995d461bbf335ceccfb3ef9e58cdc3b8c7eba30fcbf4c79844f4e4604	reviewed	-
tests/parser/test_aot_c_generic_jump_if_bool_local_smoke.c	tests/parser	test	49722447b942df79dc827f4ae016a4a0d4988c2d23318b4d4de3abaaba714a8a	reviewed	-
tests/parser/test_aot_c_generic_logical_not_numeric_local_smoke.c	tests/parser	test	c4c62728d6dbb28b12fc4d53bdf78960194f990355a9947987c0eba85bf1ffa5	reviewed	-
tests/parser/test_aot_c_generic_monomorphization.c	tests/parser	test	2ab97a0bfa945e3205cbe6fa2b3ae4248de5c292b33b19d05d0a5eaffaa34fa2	reviewed	-
tests/parser/test_aot_c_generic_not_equal_stack_copy_jump_if_local_smoke.c	tests/parser	test	939679abf04c0c9597fbae4791c9373f735aa0273a5d23cda2e7b32270d96678	reviewed	-
tests/parser/test_aot_c_generic_numeric_contracts.c	tests/parser	test	caf1a054f59183cafe2f6b0723883e1793dcd67aef03143d7c524b1e76553931	reviewed	-
tests/parser/test_aot_c_generic_numeric_shared_library_smoke.c	tests/parser	test	4b20e44c22238f1a9583cd61425ec055aefb8d08252d0a9cbee7ef4ab4c2fa5f	reviewed	-
tests/parser/test_aot_c_generic_reference_sharing.c	tests/parser	test	275f194e3e798d3b87d92ffa440de0d49f3cde2fc6d21d1928be0b4b0dc02b29	reviewed	-
tests/parser/test_aot_c_global_contracts.c	tests/parser	test	411551f4edcb2153a987bcd1615f5f8b61792f4eb04712d77575782d5b03c579	reviewed	-
tests/parser/test_aot_c_global_shared_library_smoke.c	tests/parser	test	516603c9d0bb0dbcb071c0870fd4ecf031b75e1dae4d2a14002ab7691c2935a6	reviewed	-
tests/parser/test_aot_c_golden_scalar_smoke.c	tests/parser	test	7b4add972f55024dc17b9431b832d39d12b6f0b5acc01fcea01c0a8e8b451fe0	reviewed	-
tests/parser/test_aot_c_guardrail_contracts.c	tests/parser	test	b260f156b128c0516ca165b2a8dcdd183299ee4cb0f39cb1af3d482807a298c5	reviewed	-
tests/parser/test_aot_c_iterator_contracts.c	tests/parser	test	65fb469659ec430eafe7a028cdab601fc8c55381f177577002692fad569a5134	reviewed	-
tests/parser/test_aot_c_iterator_shared_library_smoke.c	tests/parser	test	62a05ffd95242db00b3c2535fb6cbd316cb507d8d8844cf5b287a46329b5f37d	reviewed	-
tests/parser/test_aot_c_load_const_scalar.c	tests/parser	test	f66eeb3fce667921d14da546ddec0dbc3abc9c8f207656ccb2d67dbc991b12cd	reviewed	-
tests/parser/test_aot_c_logical_contracts.c	tests/parser	test	44dd58450979181451a549cf783a1a494abd8b02f09f180600662ff9df6bc629	reviewed	-
tests/parser/test_aot_c_logical_shared_library_smoke.c	tests/parser	test	bdee535f0ceaf18d5afcdf1d098d50f37e132320fd10fce7a6926c3b44f10bc3	reviewed	-
tests/parser/test_aot_c_metadata_binding_loader.c	tests/parser	test	dbe8720782e4556f159df789cd86421565b786733f05756714b6a76fb23a666e	reviewed	-
tests/parser/test_aot_c_method_info_return_projection_cases.h	tests/parser	test	24b36240df4958f83534110ea07c91adcd83ccf740f5457c281a84785de2de83	reviewed	-
tests/parser/test_aot_c_method_info_signature.c	tests/parser	test	dc197ccfebdc9b837e21a06c6e69a9183b55ce8404a5b4c43bb614e9be4f03af	reviewed	-
tests/parser/test_aot_c_ownership_contracts.c	tests/parser	test	e5ca278b3ee26f18ce2690a8c30a4bc39e67e0776f6be112daf65cd5003b54a6	reviewed	-
tests/parser/test_aot_c_ownership_shared_library_smoke.c	tests/parser	test	f700b7db461baa67268d88e58996b4f58a9f1534f1096259a32f4eb556d3a645	reviewed	-
tests/parser/test_aot_c_parameter_passing_form_projection_cases.h	tests/parser	test	cd0456e4394b323d11661a295c86d49bdbca46afff0278cb29293e5bffe06b01	reviewed	-
tests/parser/test_aot_c_power_contracts.c	tests/parser	test	39c1a267049fb7c961bf881eb9712f1c585461f718e49a8554235729c16f07c3	reviewed	-
tests/parser/test_aot_c_power_shared_library_smoke.c	tests/parser	test	a22aa1a05ef2f7deab993fd8d1fc8fda36f4509ba1a9debe35a354c5f269fc57	reviewed	-
tests/parser/test_aot_c_provider_shared_library_smoke.c	tests/parser	test	ced8380f2042436a6440de7aba318d7cda9518614328355254d47f0ac1956b19	reviewed	-
tests/parser/test_aot_c_reflection_annotation_preserve.c	tests/parser	test	bfb352578fa9d0529228949dc472eeae3af7a13926959aeeb9cad5c1f50220b6	reviewed	-
tests/parser/test_aot_c_reflection_construction_shared_library.c	tests/parser	test	d82f3dfbaf15bc8ac682bd51bd4f6fc5ec1d5fc4c41ab1e0fad2da0b7ca0e2bd	reviewed	-
tests/parser/test_aot_c_return_contracts.c	tests/parser	test	252f5427b558a471e4f67823f8f99e364201288936722c8f039756ef58252ff3	reviewed	-
tests/parser/test_aot_c_scope_contracts.c	tests/parser	test	696e8e3a2e6d6178f14154bf47df179ebe2dba1817f7ed7a45338142e94e72e4	reviewed	-
tests/parser/test_aot_c_scope_shared_library_smoke.c	tests/parser	test	23ee1c63c3dc1ed2eee04357cd8be85b69d09d5f38f894d89de1d18ba73535eb	reviewed	-
tests/parser/test_aot_c_shared_library_smoke.c	tests/parser	test	825db7237a87ae772b87941403570c1bdf4b2165a38c4384cd17323c4b706d7d	reviewed	-
tests/parser/test_aot_c_shift_contracts.c	tests/parser	test	701f95a7112d5103377ab60225c85146d6a9c60f987a6ead33a40a4e7aaf1824	reviewed	-
tests/parser/test_aot_c_source_contracts.c	tests/parser	test	b5dab418a6f39466f9a9d2d7b93cfd1a945543fc215880ee48d462d28e57228b	reviewed	-
tests/parser/test_aot_c_super_array_contracts.c	tests/parser	test	d048bb25cca8b36a3f1189e31d6884f1a2111101b75bc01213ced0c90d9eb334	reviewed	-
tests/parser/test_aot_c_super_array_shared_library_smoke.c	tests/parser	test	f2b3ddf53a0740d315d3c8b50b55f315f107f7eff5312d9d9d255f1f53075803	reviewed	-
tests/parser/test_aot_c_type_layout_contracts.c	tests/parser	test	fa1fd095c5499962a743fbf9fe63b70d14eb1f96313bb61e86a7d8f476439dfb	reviewed	-
tests/parser/test_aot_c_typed_call_bool_contracts.c	tests/parser	test	8ff7b2aff40d73aa2a21ac0e16a28a3e500cfed37eab07bc04572a093e845ce7	reviewed	-
tests/parser/test_aot_c_typed_call_contracts.c	tests/parser	test	64a0a2c3f50fac1da527b5e1db42a4d10506d701b2ac1c30e0940a8729c591fd	reviewed	-
tests/parser/test_aot_c_typed_call_f64_contracts.c	tests/parser	test	c8dbf5e62e536f91448e3cfc943b8977259260f456fd68092e46692b36428b2a	reviewed	-
tests/parser/test_aot_c_typed_call_i64_contracts.c	tests/parser	test	57c49aad7787fb85850df6879f0990d3942253836690f33cb8d3c83518f8cb9c	reviewed	-
tests/parser/test_aot_c_typed_call_u64_contracts.c	tests/parser	test	5dd3fd8fa98e05e1afdde0376318bfc020f1797c7d9e41bd449ceed540de4eaf	reviewed	-
tests/parser/test_aot_c_typed_direct_call_arithmetic_shared_library_smoke.c	tests/parser	test	b51ced41a8add69abb1833d38ece13bdeafba52107522e2149ba08a9ca3d9d2d	reviewed	-
tests/parser/test_aot_c_typed_direct_call_bitwise_shared_library_smoke.c	tests/parser	test	4e681a0d3bcfbd313e9715207e384e27525e1ea87c3c377bafcc30d74fe25d85	reviewed	-
tests/parser/test_aot_c_typed_direct_call_bool_shared_library_smoke.c	tests/parser	test	998f5b669b935bbe57f5382777361fce7ecc31e6bbfd2fb7180e97103e86f180	reviewed	-
tests/parser/test_aot_c_typed_direct_call_f64_shared_library_smoke.c	tests/parser	test	5c3b32dbc1e93f760647755f866d786565e0689de5887dbcccd77afd40173c5a	reviewed	-
tests/parser/test_aot_c_typed_direct_call_i64_three_arg_shared_library_smoke.c	tests/parser	test	ce3067911e79838eacbd5c12631a0163df1d8393b2db84cd20e5460006bf1866	reviewed	-
tests/parser/test_aot_c_typed_direct_call_shared_library_smoke.c	tests/parser	test	9cc83dc4103140ec6e53cfe0f27439f9224eba996d58965d62114fddf97d0452	reviewed	-
tests/parser/test_aot_c_typed_direct_call_u64_shared_library_smoke.c	tests/parser	test	59ee9aaeb24d772f49c72c2db66b977fb86e7ea72e4551b3c32f480f741ea011	reviewed	-
tests/parser/test_aot_c_typed_scalar.c	tests/parser	test	99edd1c88767d4964a93c4c89701d24d2572f74c283e8b2107289ec963702b64	reviewed	-
tests/parser/test_aot_c_value_construction_guardrail.c	tests/parser	test	2fa21aab706f64a7657e778109c0273e0fe0ba28786c380027f59b28d305ec48	reviewed	-
tests/parser/test_aot_c_value_semir_contracts.c	tests/parser	test	52b1d63a2d7c99ecb538cea241795c3a326a70b6fac2881b3c1a9676e94294f3	reviewed	-
tests/parser/test_aot_c_value_type_shared_library_smoke.c	tests/parser	test	e5603160b49c5f0764ae44ff97a6df8248edd830913efe8c05bf41c2a451d72d	reviewed	-
tests/parser/test_aot_c_zrp_metadata_export_token_remap.c	tests/parser	test	68e970023affd3375dc7db4adeb35621cef571dae1f67db6925214327b9419de	reviewed	-
tests/parser/test_aot_c_zrp_metadata_methodspec_pruning.c	tests/parser	test	03b6b5c3a52f6b6e2aafec8ee0d14ff2b0a427bd9a357965aae27457eca8c4c0	reviewed	-
tests/parser/test_aot_c_zrp_metadata_module_ref_pruning.c	tests/parser	test	3a24f8b5b4d39b5ac5442a8eed5cf636655e538aba1919d42caeeeaa1114007c	reviewed	-
tests/parser/test_aot_c_zrp_metadata_pool_pruning.c	tests/parser	test	eb1b6ea43a46c52fa52334f4c6193ffa6fe28c3648e467aa4fbe9768d62fedde	reviewed	-
tests/parser/test_aot_c_zrp_metadata_pruning.c	tests/parser	test	aa14482f2a144b3c648a67abff831f3b9063430fc5b8f2dc204acd88fadacd54	reviewed	-
tests/parser/test_aot_c_zrp_metadata_publication.c	tests/parser	test	bd9ef5aff539ff837aa1bb9d64d5c7de7789fe548dc3d36e0b7cc791c0bb0f1e	reviewed	-
tests/parser/test_aot_c_zrp_metadata_size_deltas.c	tests/parser	test	7b75f45b4c66805ba3a91e681e1bfd0d9444fd7b459e35ac3334e0869b538556	reviewed	-
tests/parser/test_aot_c_zrp_metadata_typedef_pruning.c	tests/parser	test	72685215c794282cbba6a3270e59d32e75513b4de1a71071d2065153c493a858	reviewed	-
tests/parser/test_aot_c_zrp_metadata_typespec_pruning.c	tests/parser	test	585d11d75d4e5d85e13092a51adf836f9b31455d445b4e91e1b663930966295b	reviewed	-
tests/parser/test_aot_llvm_symbol_stripping.c	tests/parser	test	e8f1a422bf26c359af9be85d7e889aec3285032b645d83474f6f29692a9ab590	reviewed	-
tests/parser/test_aot_parameter_passing_form_roundtrip_cases.h	tests/parser	test	db5a25b4e74b2d56f43ceacbd5cc7b538e602b56d607e47001a7293e89487168	reviewed	-
tests/parser/test_aot_reachability.c	tests/parser	test	43ed9d1de20703f0b6fdc0c3baa6a2e1e1eecaa0c23c0a4ff7ebd549f3df51f6	reviewed	-
tests/parser/test_aot_receiver_guard_shared_library.c	tests/parser	test	d2e29bff11d06349925645bfe5b5da7fd1087826be948a14c59766a3f0dac118	reviewed	-
tests/parser/test_aot_static_direct_call_identity_source_contract_cases.h	tests/parser	test	af0a3c3bcb6b5ade020a1d1f1c353887ad5cea8b3997258b2f3745990c46b709	reviewed	-
tests/parser/test_artifact_schema.c	tests/parser	test	ba283ae41d26075165f537397df09eaf9d31f84548f54d52bf6285c3bc8bdc7d	reviewed	-
tests/parser/test_artifact_schema_metadata_graph.c	tests/parser	test	da1aeb6d56b85873acabe21ce1ffa6c3a0e899f35531222f14adfdbeb3ba03a8	reviewed	-
tests/parser/test_artifact_schema_source_roundtrip.c	tests/parser	test	efdbfe8316580a43268993669da3365556adf933b17fdc5f5f7093637fa49df9	reviewed	-
tests/parser/test_assignment_reference_diagnostic_cases.h	tests/parser	test	d8833a78eff4b312cedee88ce4ec63f050788c4445d0ba92eaf1e619e55abebc	pending	-
tests/parser/test_binary_metadata_source.c	tests/parser	test	00283ad05c816a2063287f4fe187de4031d26153dfc3cc1e29b107158a691665	reviewed	-
tests/parser/test_bitwise_zero_minus_rhs_range_inference.c	tests/parser	test	906231ac7e213a60308cc4dd0285df642eb499646aace2b584d91131cb8de567	pending	-
tests/parser/test_bitwise_zero_minus_shift_exact_zero_count_range_inference.c	tests/parser	test	b58caa48b26aedbc0d9b3741dfbf77ec6d5a9f618441a82a79937ea9987b3c80	pending	-
tests/parser/test_bitwise_zero_minus_shift_supported_count_nested_bitwise_not_range_inference.c	tests/parser	test	ca8e0ea79e8a0a7e60d3e6da8cbfbb1ad7e494f61097036c139290a92afdf968	pending	-
tests/parser/test_bitwise_zero_minus_shift_supported_count_private_bitwise_not_mask_operand_range_inference.c	tests/parser	test	bbf57aa289603005f2d8eaa8205e2e32e76749cd7b3636a16303cdd475c0ec93	pending	-
tests/parser/test_bitwise_zero_minus_shift_supported_count_range_inference.c	tests/parser	test	b24d010de36188510ae1f734809babfd5478b54f4f48842e44dd2a92c84fc30a	pending	-
tests/parser/test_bitwise_zero_minus_unary_rhs_range_inference.c	tests/parser	test	cf5948a706f0e9a754e711a5f594bcd48f2684f79b122c4ae0f3efcbb6822847	pending	-
tests/parser/test_bitwise_zero_wrapper_range_inference.c	tests/parser	test	1e3a65a6229de40a842e437ef134cb0204ad344ad5edfeaa08cdc6af6aa6447d	pending	-
tests/parser/test_buffer_pool_ffi.c	tests/parser	test	72c14cd165743118f1705873631d15c41fe147a524beb582d549922f63be8493	reviewed	-
tests/parser/test_bzms_all_ones_count_range_inference.c	tests/parser	test	ff4bf4dbf3f4a5090a6cc1325e925a47489303dd300be07da08ead3f6fee3b90	reviewed	docs/code-review/coverage/tests_parser_bzms_range_variants.tsv
tests/parser/test_bzms_double_neg_count_range.c	tests/parser	test	3a0c865f1f999ec7ba5e79780e1dbf3ec179fafe836f49205d782a8fcfe23d3c	reviewed	docs/code-review/coverage/tests_parser_bzms_range_variants.tsv
tests/parser/test_bzms_double_not_count_range.c	tests/parser	test	2083cf51aba75788ea6027e8b9edc3f81b743689914a6d99aa12c06e42606669	reviewed	docs/code-review/coverage/tests_parser_bzms_range_variants.tsv
tests/parser/test_bzms_double_zm_count_range.c	tests/parser	test	7d6e6d852c0e4fe49d39d0491915e3e359f4563f89dfabc588205f6d5cdaa072	reviewed	docs/code-review/coverage/tests_parser_bzms_range_variants.tsv
tests/parser/test_bzms_neg_not_count_range.c	tests/parser	test	072be3f0d596bfd05f2cfae953b497715c56b89cf7f857acb50e515a5064cb37	reviewed	docs/code-review/coverage/tests_parser_bzms_range_variants.tsv
tests/parser/test_bzms_not_unary_count_range.c	tests/parser	test	3e039ca772d8c398fc4e48dd25b87acad49ec123abff082b15a9c274ca501d68	reviewed	docs/code-review/coverage/tests_parser_bzms_range_variants.tsv
tests/parser/test_bzms_not_zm_count_range.c	tests/parser	test	550e6f41541d6267c5d23ff8884edc8f618c79602614299435a97f14c69c8ac5	reviewed	docs/code-review/coverage/tests_parser_bzms_range_variants.tsv
tests/parser/test_bzms_unary_zm_count_range.c	tests/parser	test	682f41c3edbbbe9dc81428fd2535350e1937d7bbc9af56fb4c6e938d86642308	reviewed	docs/code-review/coverage/tests_parser_bzms_range_variants.tsv
tests/parser/test_bzms_zm_unary_count_range.c	tests/parser	test	1a9c4b7311376f05230bde26af7560e8ed1e81fdc4cb06292e35d069abdc1515	reviewed	docs/code-review/coverage/tests_parser_bzms_range_variants.tsv
tests/parser/test_call_binding_aot_projection.c	tests/parser	test	f3c0e4e113de26096b1296272ab0409151e22ebba595fdd0804bbe4b939afc40	reviewed	-
tests/parser/test_call_binding_artifact.c	tests/parser	test	1e2d2698c6d62381deb72dc0535b71572518daf89d177e5ff89dc1b9b9e60228	reviewed	-
tests/parser/test_call_binding_pipeline.c	tests/parser	test	14a87367e71be46519c9111885e72e1d048af0fff79c70ee6b6febd5b9b31919	reviewed	docs/code-review/coverage/tests_parser_import_call_binding.tsv
tests/parser/test_call_spread.c	tests/parser	test	37921eee28b3084fb4b441018182626b0caaaccc65d80fb8d21b57c1354f0fb8	reviewed	-
tests/parser/test_canonical_consumers.c	tests/parser	test	42b3cd2c5eeec107a24086824664718b375be9e360546a92d0d3af7d8aa8ddea	pending	-
tests/parser/test_canonical_type_graph.c	tests/parser	test	8fbf941df8253db2b76d7f9458ee1b26fe22f1235cf187da0a099d51d0b0a1d2	pending	-
tests/parser/test_canonical_type_graph_semantic_cases.h	tests/parser	test	b07b3bc9cdabf77c4d860056c8f64d654cfc24362e3e31c8a29d2dceace11b3d	pending	-
tests/parser/test_canonical_type_graph_union_cases.h	tests/parser	test	1fedb338568349eddef0a92e14e5db15881eb15311da899beb5506a0cd0934dc	pending	-
tests/parser/test_cast_operand_facts.c	tests/parser	test	4f4e05b35cbe68ad1d789386cde3e22a9da46cc784efbf4565c48e55fa29791d	reviewed	docs/code-review/coverage/tests_parser_expression_fact_focus.tsv
tests/parser/test_cfg_constant_conditions.c	tests/parser	test	ce1f40ccb1c69ffb58f4d65def234ca2308d08a4f126c83f506d0010c2084bdb	reviewed	docs/code-review/coverage/tests_parser_cfg_constant_conditions.tsv
tests/parser/test_cfg_finally_abrupt.c	tests/parser	test	07e545e762d41dda7dcdd36ee4360027c797b01955a6162a65511ba111a7676b	reviewed	docs/code-review/coverage/tests_parser_cfg_finally_abrupt.tsv
tests/parser/test_cfg_float_arithmetic_conditions.c	tests/parser	test	e70f0d42d7e14ebf46f7b2865be508cc24354b0792309497728b2f385b3c7bb3	reviewed	docs/code-review/coverage/tests_parser_cfg_numeric_conditions.tsv
tests/parser/test_cfg_integer_bitwise_conditions.c	tests/parser	test	f6b6de0ed82c97ed12aac7fcbaf0c9031d31f381f2b8597b5552aacdd198ed6f	reviewed	docs/code-review/coverage/tests_parser_cfg_numeric_conditions.tsv
tests/parser/test_cfg_reachability.c	tests/parser	test	d23ec2c0f2342856fe16a54a9b20fe9b0e913ff87bbc824cf7e28bcef85b1754	pending	-
tests/parser/test_cfg_switch_constants.c	tests/parser	test	79e8559aa76bd5412dae60ae48d8d0398e2dd7a84498debf5508c2095f84db56	reviewed	docs/code-review/coverage/tests_parser_cfg_switch_union_throw.tsv
tests/parser/test_cfg_throw_effects.c	tests/parser	test	ea4a0672dcf1c0d2ce395594514039bbdc0771c3322540b3934e375849616f39	reviewed	docs/code-review/coverage/tests_parser_cfg_switch_union_throw.tsv
tests/parser/test_cfg_try_catch_edges.c	tests/parser	test	1f76b494fdeb1a74ed54ac5ab86f2a9db9fdf9831fde44715489cdeca964d315	pending	-
tests/parser/test_cfg_typed_catch_branch_flow.c	tests/parser	test	3302fffb0efa8e90a3876cdf57ee2ecacfdd4db727ff689dee72741dc10c765f	pending	-
tests/parser/test_cfg_typed_catch_flow.c	tests/parser	test	1b0cfcb3389222fe5d52aaa3e18985afb90c2029864459cf3d93587bd3c32ec9	pending	-
tests/parser/test_cfg_typed_catch_loop_flow.c	tests/parser	test	1c0390c6945c3a9d403ae81c6b0d9a300e2c1ce4cb78d085022363e5942f82e0	pending	-
tests/parser/test_cfg_typed_catch_switch_flow.c	tests/parser	test	78ff6efb649e3f131d4d6a84918802312a2e4a60d6eeb29a4384ac731642c234	pending	-
tests/parser/test_cfg_union_exhaustiveness.c	tests/parser	test	ed592584d1f1751e044253be8ae6d94859d6a1e018b767c9495c1dfb44198fc7	reviewed	docs/code-review/coverage/tests_parser_cfg_switch_union_throw.tsv
tests/parser/test_char_and_type_cast.c	tests/parser	test	0762de988a67b40b2156f537f86249ae8a696d493bc1266f7c303ba5a9d79f1b	reviewed	-
tests/parser/test_closure_capture_runtime.c	tests/parser	test	79b512371e198abb3fc2da07cca4f3f7359ce766dca4d21a7d021bd3280e137c	reviewed	-
tests/parser/test_compile_time_import_ownership.c	tests/parser	test	4c1aea8b56551cc7d2781f72e5f144d57d8f403f7b914706fd2328b57b43c573	reviewed	docs/code-review/coverage/tests_parser_import_call_binding.tsv
tests/parser/test_compile_tool_project_import.c	tests/parser	test	1a1f07a58b7d4aa2b65ec20e2a8a3d31e3784126cf96e64a85fe7989f89c3b31	reviewed	-
tests/parser/test_compiler_call_lowering_focus_main.c	tests/parser	test	e796bdff3d62256184ef4a3b0bed5be5190c0565eeadbb79372650ec1f4a3bc0	reviewed	docs/code-review/coverage/tests_parser_compiler_suite_mains.tsv
tests/parser/test_compiler_const_assignment_query_producer.c	tests/parser	test	141a2988d3b212f735e5bc75fb136c38f9c3e2b2f16712735c5ec6c3c31e1949	reviewed	docs/code-review/coverage/tests_parser_const_query_producers.tsv
tests/parser/test_compiler_features.c	tests/parser	test	80ed0cc544260576152c1feb31bfe9be31e5e5bacd40f8b1e7ecbfd792b38ff7	pending	-
tests/parser/test_compiler_integration_main.c	tests/parser	test	4d0a81d5999e467715f635d3d7e6bdef87928ae0b9a720a42f6d5c3fb6f01018	reviewed	docs/code-review/coverage/tests_parser_compiler_suite_mains.tsv
tests/parser/test_compiler_interface_const_query_producer.c	tests/parser	test	9f183d9c0025b34274a1adc6cac3edbe7d8c5bbc7dcadce9e3a3a88cb1edf972	reviewed	docs/code-review/coverage/tests_parser_const_query_producers.tsv
tests/parser/test_compiler_regressions.c	tests/parser	test	b8849900932d586769f69073c3d09046fd3ef41651b25d3a1add9d5985b933f6	reviewed	docs/code-review/coverage/tests_parser_compiler_regressions.tsv
tests/parser/test_compiler_return_ownership_diagnostics.c	tests/parser	test	e99afaf87badaa9176b5453611e98a9c8089716557c139c713e01c4ba14274cd	pending	-
tests/parser/test_compiler_semantic_query_diagnostics.c	tests/parser	test	b7471fc787bdc956e9398c8930580621a0fe33bed3c95480743c8b1e6b95e389	pending	-
tests/parser/test_compiler_variance_query_diagnostics.c	tests/parser	test	8e3d29196ebb7b7e77906b662c36fb3ec44b4b5618b930dfdb016373185f0797	reviewed	docs/code-review/coverage/tests_parser_ffi_variance_diagnostics.tsv
tests/parser/test_compiler_w2_performance_quickening.c	tests/parser	test	9475a65b3f387f076e72d089e14fe10a51bf32f3e9f136d26a2fa87a4eaad7d8	reviewed	-
tests/parser/test_compiler_w2_performance_quickening_main.c	tests/parser	test	8980b0f48c2c07baa4bed4bebcf0bf0a675b47a6c1648c62b28ac55f57650b11	reviewed	-
tests/parser/test_const_keyword.c	tests/parser	test	96e5fd550213bc98a4329a58e6542e038a798f3a8330e6215e5f865caa7b5161	reviewed	-
tests/parser/test_dataflow_engine.c	tests/parser	test	9fd09c28615dfec5e7e1224baa6b503ec164e0838dbd63cc5f0525855e178c1f	pending	-
tests/parser/test_escape_metadata_pipeline.c	tests/parser	test	8a1eb1afc591697ac39614b2c8c427807f5caf37f28281ec0d09912e2b76e19d	reviewed	-
tests/parser/test_escape_metadata_pipeline_main.c	tests/parser	test	7627d8d5b2e016ce94843e5e252ae92eaf76ab076f183bb6d3eb601b50a7dbd4	reviewed	-
tests/parser/test_expression_fact_emission.c	tests/parser	test	095e9614d931d81854b0527c2400bd2f8c7487eef6548025809472b2ac690dd1	pending	-
tests/parser/test_expression_fragment_parser.c	tests/parser	test	0e91fc5ab246802b135c0561aef4de5007b4c7e3a008249eea9f097b3e4bf056	reviewed	docs/code-review/coverage/tests_parser_reference_expression_fragment.tsv
tests/parser/test_extern_enum_decorator_query_diagnostics.c	tests/parser	test	efd595c52f9e409281fc5fe2c620700ac6d9b95a2b551f56c2d4915859afbfd3	reviewed	docs/code-review/coverage/tests_parser_extern_decorator_diagnostics.tsv
tests/parser/test_extern_parameter_decorator_query_diagnostics.c	tests/parser	test	81ae540d6954b16ec2e0849a63548d58ae0268f1c5452ac559286bb3c5cdd3d1	reviewed	docs/code-review/coverage/tests_parser_extern_decorator_diagnostics.tsv
tests/parser/test_extern_struct_decorator_query_diagnostics.c	tests/parser	test	71d51b273bebd76abe51d80f5919ee9aee295c2842ceac35439fa3da00f3a7c3	reviewed	docs/code-review/coverage/tests_parser_extern_decorator_diagnostics.tsv
tests/parser/test_ffi_wrapper_decorator_query_diagnostics.c	tests/parser	test	679f11e0ba726fb140b4b57d9b54c3115bf4c6a564469941739d51c52b36363c	reviewed	docs/code-review/coverage/tests_parser_ffi_variance_diagnostics.tsv
tests/parser/test_generic_constraints.c	tests/parser	test	8573fb926a573ebba80b2481346fa6df61b523bbbb0adc64e6b837708e0a84e5	reviewed	docs/code-review/coverage/tests_parser_generic_contracts.tsv
tests/parser/test_generic_instantiation.c	tests/parser	test	9bcd64b15f24bded793fb19b637b9ece1496b6117c56eb3d173978700bbd4849	reviewed	docs/code-review/coverage/tests_parser_generic_contracts.tsv
tests/parser/test_instruction_execution.c	tests/parser	test	e4046f3d968b8054d41ad61f6e7a843566db86c130d6fcd510d7519b75cb56a6	pending	-
tests/parser/test_legacy_migration.c	tests/parser	test	21f7f90f6f14af502ee6d66377a37a262b79ef2f42f9fb31d4782d75900ed104	reviewed	-
tests/parser/test_lexer_parser_compiler_execution.c	tests/parser	test	99780b1e2864f3d7a6f95957b4e2caba6a7e93f22dd20989629af91c1da22705	reviewed	-
tests/parser/test_literal_surface_main.c	tests/parser	test	059cb0cc8c2ac48289426d5b92a45929f90d363040abbc42a1189fe2ba188f9a	reviewed	-
tests/parser/test_logical_fact_emission.c	tests/parser	test	72e11085b510fa6d26480ad863ccfe42f9dd231506219864f5b92e8cf93eaec2	reviewed	docs/code-review/coverage/tests_parser_expression_fact_focus.tsv
tests/parser/test_numeric_branch_assignment_dataflow.c	tests/parser	test	bafa2b3b89c5de4051d303423dbaa6f328abaca010b183dd101a81be6db377b7	pending	-
tests/parser/test_numeric_branch_refinement.c	tests/parser	test	6ab533aa97e2224cb0b08817106f58a5d1f39bdca8b169955c121485a151e9d3	pending	-
tests/parser/test_numeric_branch_segment_sets.c	tests/parser	test	ad80ad2798912ef4241f0de1dab154e71849c30bded9a50d79263eed5069658e	pending	-
tests/parser/test_numeric_for_header_assignment_dataflow.c	tests/parser	test	d0b7b3149666a781221b5a4a5cb7e7764d6209f8a3fbc54191ff391b920b8454	reviewed	docs/code-review/coverage/tests_parser_numeric_assignment_dataflow.tsv
tests/parser/test_numeric_foreach_cardinality_dataflow.c	tests/parser	test	37184cde438cb9524c620babc22629acf16a83f7270c5c9e5c2429e6e6987dbf	reviewed	docs/code-review/coverage/tests_parser_numeric_cardinality_symbolic.tsv
tests/parser/test_numeric_loop_assignment_dataflow.c	tests/parser	test	75f461d025e558247382f184c9288167b94e69e3856846bb416141a523bc2659	pending	-
tests/parser/test_numeric_loop_constant_condition_dataflow.c	tests/parser	test	169e2625bdfa50f154b4e113dac72a58ada0d50aa189c4eeeb31013e2cf681f7	pending	-
tests/parser/test_numeric_loop_self_dependency_conditional_delta_bitwise_arithmetic_offset_dataflow.c	tests/parser	test	eee96864f9c209c3ac50ef5e9a43f953eb22c5a8f94eb38e030485b17d33cc2d	pending	-
tests/parser/test_numeric_loop_self_dependency_conditional_delta_bitwise_offset_expression_dataflow.c	tests/parser	test	ba3a794c627607fe1930d33867ad27f391587db353cce9970dc3dfaccec054dd	pending	-
tests/parser/test_numeric_loop_self_dependency_conditional_delta_dataflow.c	tests/parser	test	3c613189c716e4c0dbc81ea623330fc1ee76853df12feff768e323760d65d7ba	pending	-
tests/parser/test_numeric_loop_self_dependency_conditional_delta_negative_offset_expression_dataflow.c	tests/parser	test	230c9b5def9b9260b507667e4df89ca10b475fb1296e669973f6c7c6ece37972	pending	-
tests/parser/test_numeric_loop_self_dependency_conditional_delta_negative_offset_product_dataflow.c	tests/parser	test	7858346788d38ec474b9b9e4da53ea35da9df0ff256cf9d9dd4b44f030c643e8	pending	-
tests/parser/test_numeric_loop_self_dependency_conditional_delta_negative_offset_zero_inclusive_additive_dataflow.c	tests/parser	test	1057e5650494fcb11a5e38051fceb1ffb2c3bd6a9730e257351db22846e4a543	pending	-
tests/parser/test_numeric_loop_self_dependency_conditional_delta_negative_offset_zero_inclusive_difference_dataflow.c	tests/parser	test	d8e8c4a93dfda44bb73ab178d27ea0fbb823894ea72da6700f98e01515054f1d	pending	-
tests/parser/test_numeric_loop_self_dependency_conditional_delta_negative_offset_zero_inclusive_identity_dataflow.c	tests/parser	test	83dd24eae518cd54c2bc955fb995e8c4b8eed0e46679b8fb86c19225e3c555a2	pending	-
tests/parser/test_numeric_loop_self_dependency_conditional_delta_negative_offset_zero_inclusive_product_dataflow.c	tests/parser	test	09ab4158a358f568aa26043cac72f08590255c7bf00765b2907d015e648ba088	pending	-
tests/parser/test_numeric_loop_self_dependency_conditional_delta_negative_offset_zero_inclusive_subtractive_dataflow.c	tests/parser	test	ca82114ec31fb2022c1e38dc976e8fe046d3fcbfabaa73c5b7aa8cfc128b6a78	pending	-
tests/parser/test_numeric_loop_self_dependency_conditional_delta_negative_offset_zero_inclusive_sum_dataflow.c	tests/parser	test	a90f1af4dc0883369800ea85e9b268c16a676e7e878eaca17e5810a11eed0730	pending	-
tests/parser/test_numeric_loop_self_dependency_conditional_delta_negative_offset_zero_inclusive_unary_dataflow.c	tests/parser	test	fcce37555b0a165abf1b7bf687751f812ee5f1bdf962bde70655bafbe99b1f1d	pending	-
tests/parser/test_numeric_loop_self_dependency_conditional_delta_offset_expression_dataflow.c	tests/parser	test	f8d8f33dac836475ec1890f122101d58dcbdb2128a675983e6941d0b1d6e63e0	pending	-
tests/parser/test_numeric_loop_self_dependency_conditional_delta_target_positive_dataflow.c	tests/parser	test	b527d14db582c3c3a1c5741ad85cac1eab554c61edf9798d80fb61aa64bc0d64	pending	-
tests/parser/test_numeric_loop_self_dependency_conditional_delta_target_unary_dataflow.c	tests/parser	test	ddb4c89046c1f6cf4fecccc9cba14f630d8fc1c8ef80472aa29eee4cb92bd6c2	pending	-
tests/parser/test_numeric_loop_self_dependency_dataflow.c	tests/parser	test	f2be64c88bb9e1ead6b4fbbf66e92434bf67d1cf84ab61e4ec4ecbd460c48e68	pending	-
tests/parser/test_numeric_loop_self_dependency_symbolic_coeff_cross_deeper_scale_dataflow.c	tests/parser	test	99b31ba05145a4d09e1930029b5cf50593357ec906ecc15c6eb207778162d342	pending	-
tests/parser/test_numeric_loop_self_dependency_symbolic_coeff_cross_five_additional_scale_dataflow.c	tests/parser	test	b72bb0a19a49d8d8f8de26ed216faa8dd6126c59950568d6feaac6776985446d	pending	-
tests/parser/test_numeric_loop_self_dependency_symbolic_coeff_cross_four_additional_scale_dataflow.c	tests/parser	test	1409a59993258696fe4005ae07391bb85b8fd025c79812aa35894ee60e906a66	pending	-
tests/parser/test_numeric_loop_self_dependency_symbolic_coeff_cross_four_additional_scale_reader_dataflow.c	tests/parser	test	96f677fd98bedd7a8a1aaefd4b3537357fdafd1dd0b5311ef36cff6d1c8d363e	reviewed	docs/code-review/coverage/tests_parser_numeric_cardinality_symbolic.tsv
tests/parser/test_numeric_loop_self_dependency_symbolic_coeff_cross_seven_additional_scale_dataflow.c	tests/parser	test	1605ef983e548a97b50006a6ee7cd95e7b2ee11af91ebe30736b0676d1ecb5ca	pending	-
tests/parser/test_numeric_loop_self_dependency_symbolic_coeff_cross_six_additional_scale_dataflow.c	tests/parser	test	173cef0c48c5bb8d0d72fa3c10cfbf685760c05174e968ad3031e09ab8933d0d	pending	-
tests/parser/test_numeric_loop_self_dependency_symbolic_coeff_cross_three_additional_scale_dataflow.c	tests/parser	test	4d480df5c301dac499efa8e2bb73ab679b13a1616246411e99e241f994dd41ec	pending	-
tests/parser/test_numeric_loop_self_dependency_symbolic_coefficient_cross_dataflow.c	tests/parser	test	1aaaf52b3ed5aec24c8bd2f1fd359b5d019bf435be98aced210f8e3a230e2e8a	pending	-
tests/parser/test_numeric_loop_self_dependency_symbolic_coefficient_dataflow.c	tests/parser	test	6f164deafcbf2608ee048a4587d6ad8ce459977ee38ff9b29d274cfe3d71638c	pending	-
tests/parser/test_numeric_loop_self_dependency_symbolic_dataflow.c	tests/parser	test	f6288587fbdf6f6e9e95ad3e8f7cc601bd34a8f8a0aa55787f9997c506644480	pending	-
tests/parser/test_numeric_loop_self_dependency_symbolic_product_dataflow.c	tests/parser	test	f4e567f8ad5317ef195102577b4f4cffb3e8cbaa9a323827793b516f07218592	pending	-
tests/parser/test_numeric_nested_loop_assignment_dataflow.c	tests/parser	test	d1045eb691f5d97465866ec657c76e708e69e4ca735a16bd0666d204648dfce0	reviewed	docs/code-review/coverage/tests_parser_numeric_assignment_dataflow.tsv
tests/parser/test_numeric_range_inference.c	tests/parser	test	4ad45910d5574fd3231856a6a2593d33f3b6e19d77ce23ba767b80eeff7cc033	pending	-
tests/parser/test_object_literal_key_lowering.c	tests/parser	test	6aabe38a6dca9e04628547e41468a3cda40c902552292bb5c1c5e5ce28823390	reviewed	-
tests/parser/test_ownership_abrupt_parity_cases.h	tests/parser	test	a28302fca0c1e1e8d336aab40fa750f26a845c6704c3e48e864cbd2a85b7d50f	pending	-
tests/parser/test_ownership_abrupt_roundtrip_cases.h	tests/parser	test	fe4f0fff7a8e3ffedd45aed426fa3c1f279d060b03171acd4ca1d7d20b391de7	pending	-
tests/parser/test_ownership_aot_pending_cases.h	tests/parser	test	880cbb8e6a6c2bd0eeacdb0ba7853039da3eae4b7d3f7dfb3aa5bac13d7c7292	pending	-
tests/parser/test_ownership_artifact_roundtrip_cases.h	tests/parser	test	8e2e1836e426d32af9637cdc12bb850c484f82479c7ec744645c6f5837fc9ed8	reviewed	-
tests/parser/test_ownership_drop_failure_cases.h	tests/parser	test	3a4fb1274878afe75c47cf944f3c450c1d65d78148f483174e23b44047b5e741	pending	-
tests/parser/test_ownership_intrinsic_member_separation.c	tests/parser	test	8baeb39dd2cff4b122f0dd45c2556fa01d16a7173c8df3c48e95657783225c0f	pending	-
tests/parser/test_ownership_loop_finally_cases.h	tests/parser	test	7b7d0a464f2af1ed82d0c1d647fa854bfa2ca816e9162d521c9a51de8a5207a4	pending	-
tests/parser/test_ownership_member_cache_null_cases.h	tests/parser	test	ae0a7ccc2fbafd8702a5de2ac85a93faf25359c4ab6e94f853cbc64a163024f2	pending	-
tests/parser/test_ownership_nested_finally_pending_cases.h	tests/parser	test	39ff40757affe7783fe57f58a1d8d44ae532ebaff45748670ae06523d6e97eaf	pending	-
tests/parser/test_ownership_optional_callable_cases.h	tests/parser	test	812c9d062aaf2c9e4d7e6030cd5d2bf802bdc2e1e91593f00731077604235377	pending	-
tests/parser/test_ownership_pending_control_cases.h	tests/parser	test	19352d72e08d9e3429f73a17931dfad8ca125619e6436c0b7a007ae5de33fe6c	pending	-
tests/parser/test_ownership_receiver_guard_contract_cases.h	tests/parser	test	cf106954e74b17726da2c8cd0270bdd5b6b02f0abb668670cc8a4d8853ae2d5e	pending	-
tests/parser/test_ownership_receiver_guard_performance.c	tests/parser	test	56da302af5ed5b708ed19d956214a839173ee93fba60c272abf25faad498b410	pending	-
tests/parser/test_ownership_release_domain_cases.h	tests/parser	test	70afc34561e883651075fb61943000d3df7f6dabe6d264a0f390f6d506da2b63	pending	-
tests/parser/test_ownership_suspended_roots_cases.h	tests/parser	test	70f65b85f9ee10861272fe761d8375b08370fab7bf22a1227add0990a73b77e0	pending	-
tests/parser/test_ownership_task_callback_cases.h	tests/parser	test	d043d6a0e7b84f17f5894ea2942f17f8f2ffde69d29760f3f4e0add2e5171462	pending	-
tests/parser/test_parser.c	tests/parser	test	da9a5d9a3b8e6985e51807bb7b33507074271a78eb71079cb1ca26192c94ae98	reviewed	-
tests/parser/test_parser_extern.c	tests/parser	test	ebe905b3ed02329892b44b34a8c03e14fa11c42b9d5c4d8e9133cbdb6165f692	reviewed	-
tests/parser/test_parser_recovery_ownership.c	tests/parser	test	8698f8f6cc55a46a41ef4b1c5984ae01d27b5702404983385c86864abf8833bd	reviewed	-
tests/parser/test_percent_syntax_cutover.c	tests/parser	test	c34868de02b407a8d71a06c7cc678dc59846bf160e55e20d53aa7eb6ec94c881	reviewed	-
tests/parser/test_place_cfg_graph.c	tests/parser	test	8fe64afd36ba0e35e303ee2aeadaed3b70cc209b41b331f2049807da41e5eb98	pending	-
tests/parser/test_pre_semantic_ir.c	tests/parser	test	3be8d6a8d7406de225e943c43cbefb529ca7d538edad8217da46e23a0852f29a	pending	-
tests/parser/test_pre_semantic_ir_branch_exit_cfg.inc	tests/parser	test	4aefe80e305493e8350da9d92fa080f3d0810835a63a146528acdadbe20fdd25	pending	-
tests/parser/test_pre_semantic_ir_catch_abrupt.inc	tests/parser	test	3ca43fbc607f43c579a2a5f8ac332adffd52a539b982c3e7abf48490bea88249	pending	-
tests/parser/test_pre_semantic_ir_catch_name_preflight.inc	tests/parser	test	36479d2aa19206e6b1ec0618e01f0d96c1745baa0d9d0d8cc1421459ac636ee5	pending	-
tests/parser/test_pre_semantic_ir_exception_fallback.inc	tests/parser	test	eede4563a76b5718d394413a5bc7b7254b6a7cfe44cc430b94653ccd4917ebf9	pending	-
tests/parser/test_pre_semantic_ir_foreach_cfg.inc	tests/parser	test	6e877b51f48db12e615920f1a8d0233f43080d4a0ff7908255caf8e5888192c2	pending	-
tests/parser/test_pre_semantic_ir_general_call.inc	tests/parser	test	2e8ae56ee45258ca72ffe91e4f70dec64a9424713ca5c32153ad7ef0f1d1e84e	pending	-
tests/parser/test_pre_semantic_ir_infinite_for_cfg.inc	tests/parser	test	2b6aa1a8981ada73464d9d2b25478ef6bc4aa24c72d04dfc5851211a8ee04cd5	pending	-
tests/parser/test_pre_semantic_ir_loop_exit_cfg.inc	tests/parser	test	258ce16137dbe80ff40d824699fcc59f8aced99bf511b5c70491cfaf808af818	pending	-
tests/parser/test_pre_semantic_ir_multi_catch.inc	tests/parser	test	ce0c6b0e8d9bc99861069fe1e30c10deddcdaf8a578553ee02f970c07fa350e5	pending	-
tests/parser/test_pre_semantic_ir_optional_value.inc	tests/parser	test	38b08647e981d836f94dda1402d2c9a723c9e09c60548bb7c6e2a631cf127dd9	pending	-
tests/parser/test_pre_semantic_ir_return_cfg.inc	tests/parser	test	df6a533278d7d543b36252da459d0192a2dc7f7e972efc63a73ff076b47c7432	pending	-
tests/parser/test_pre_semantic_ir_source_cfg.inc	tests/parser	test	49a63b6c283802ec7288b38540a33737914b4e44054ab55a3eb37db4345ec684	pending	-
tests/parser/test_pre_semantic_ir_throw_cfg.inc	tests/parser	test	61547b75958660111b54147785472e2fa57daf6c4a1139e43f64abee83df05b9	pending	-
tests/parser/test_pre_semantic_ir_typed_catch.inc	tests/parser	test	ea7c8324d7d6441abaf59f623c4b2a5694bede8f3a563905875d2914ae26c785	pending	-
tests/parser/test_project_import_canonicalization.c	tests/parser	test	6b393b089483ebbefa860762c4b9adb833a6279100e23ce4c2813f6023090db7	reviewed	-
tests/parser/test_property_access_lowering.c	tests/parser	test	6865ebb8a219a19b398928518ef8fd51833e9f82904c2422abcbcf5ab5a3a6a8	pending	-
tests/parser/test_property_consumer_contracts.c	tests/parser	test	9f2813927e6d3a200179a875db9fe55c7729277182dfbbaa5fd9e8ec382ad85e	pending	-
tests/parser/test_property_consumer_runtime_bootstrap_cases.h	tests/parser	test	44b8f86079dd2722bb40106592a48b9b7cdde46c9eaaae41a898d65fbbea7e45	pending	-
tests/parser/test_property_consumer_stripping_cases.h	tests/parser	test	80985d735bfc2ebf79c1fca945259c60f08d46b04a64631556732d7718520c13	pending	-
tests/parser/test_property_explicit_field_init.c	tests/parser	test	8e776a890b3c4dbaf0622fa2098fb4a84051ce927ad6c0e99fca16e93ed324a4	pending	-
tests/parser/test_property_ref_return.c	tests/parser	test	f95d759b01a0f606732831351adddc27a869d45c534e3e2c63374a3a6da073d0	pending	-
tests/parser/test_property_unified_ast.c	tests/parser	test	bc66a481c75982e4a2d8e855208dbc5b07377f040eef754a3a49029029a9a0ce	pending	-
tests/parser/test_prototype.c	tests/parser	test	b2932e9b7fc3db302f42d79dc33f6493141d828f2f61abc6264f1d37ac99928a	reviewed	-
tests/parser/test_ref_struct_restrictions.c	tests/parser	test	eb09e1a846e70083d756d3ac90c2783bb29e0697724369a7d25356d87532829b	pending	-
tests/parser/test_reference_callable_consumers.c	tests/parser	test	e2d934117a0d2b2f342169fa6a5bec87b8ae6a9c627039d416b1e6922f16ff15	pending	-
tests/parser/test_reference_escape_closure_suspension.c	tests/parser	test	ab69a240421fda9d096be64c08a51f77554dbf0511f332741c644826b45ee644	pending	-
tests/parser/test_reference_fact_emission.c	tests/parser	test	abb72ab7bfe48e9581a8ff4a416563840ae67da6857f8292ec03c702793f4eac	pending	-
tests/parser/test_reference_field_fact_cases.h	tests/parser	test	3db72e93531674113f687ebe773db6214a9cae639fd960b1734f4454d27d9661	pending	-
tests/parser/test_reference_loan_nll.c	tests/parser	test	4c041f39b218b933c31f49caf0e3f5e36997229c6775835a2a3c1256a21076bc	pending	-
tests/parser/test_reference_place_out_flow.c	tests/parser	test	c787c5d7330a0f6c12e0153a5996ef7a71c6e5be5d31ba140f92200c705fd75f	pending	-
tests/parser/test_reference_receiver_call_boundary.c	tests/parser	test	dab61e10828d8ea383ddb499fef13ab6ad5d33993a26708a7226164f178bb1e1	pending	-
tests/parser/test_reference_syntax_contract.c	tests/parser	test	898f5809b9b5e3391855cce980aa3dd2bf14b034b70a0df0e0683927ea96d203	reviewed	docs/code-review/coverage/tests_parser_reference_expression_fragment.tsv
tests/parser/test_reflection_type_stress.c	tests/parser	test	a407341c083aa0a47c0baf6439796dda11f4ff5bb6771f074da5550664c979cb	reviewed	-
tests/parser/test_reflection_type_surface.c	tests/parser	test	8bc0aa02d54f1c6fe506dc8f4fb603790fc71b51c2c10eb0bc60e95b88b30b50	pending	-
tests/parser/test_repl_submission_bindings.c	tests/parser	test	b27177f6ccbf67cfd35e8126e0d1df837da4e7d35161593e95ee60c5c80e1574	pending	-
tests/parser/test_resource_owner_borrow_receiver.c	tests/parser	test	7c3f53424ca83b48f9147376ed63d4a4e4b2583984e4fafff456c8d79b763f7a	pending	-
tests/parser/test_resource_shared_weak.c	tests/parser	test	8ddf0cda724be1a55fb79851990e635ad1a22f3d76088aa3a15d288f5c01713f	pending	-
tests/parser/test_resource_unique_drop.c	tests/parser	test	d4d8a5658f1d38ffd8de5c1cdea0d26e66363ed62e60a1ba9e8795c4707eca1a	pending	-
tests/parser/test_selfdep_bitwise_idempotent_wrapper_offset.c	tests/parser	test	06ffbe72efdae766236cee8c007c62ab84ad8c0720202425ce2265a07734f263	pending	-
tests/parser/test_selfdep_neg_zero_product_unary_same_diff.c	tests/parser	test	9a7f108cff3c62c187bc043ad35e1782cb191cf2d8c96f522ed00b8e0402510f	pending	-
tests/parser/test_semantic_declaration_binding_cases.h	tests/parser	test	6fe49d7dc680af8934dd6340e9945694160e8439234907175f79c24652af7106	pending	-
tests/parser/test_semantic_display.c	tests/parser	test	f44866778d384d22525ea24d03ff10a4c495d899a383f2e017238f6f3eb96b01	pending	-
tests/parser/test_semantic_display_generic_alias_cases.h	tests/parser	test	32cefa113a85d590f7c94d0bc1cb56fcb9032203c6ed6dd865985450f535cbeb	pending	-
tests/parser/test_semantic_display_nominal_alias_cases.h	tests/parser	test	d9e6c93fc9cd723864c5f3fe5a6ef86868cedc4de8c3b29019efa717aa524980	pending	-
tests/parser/test_semantic_display_owner_cases.h	tests/parser	test	f0f1b4af0fbbfa71a48e2f22dbf37a57c75f19c236ab6c8615e109641e4bb379	pending	-
tests/parser/test_semantic_display_source_generic_cases.h	tests/parser	test	68480e17ba7233fa941a674d184f6758bdd47765ef6938029b7152d689424340	pending	-
tests/parser/test_semantic_display_unresolved_cases.h	tests/parser	test	be3a13c7b876d22c5104e883bfe303ca0a67a093009f66803a75e9a417ddd686	pending	-
tests/parser/test_semantic_external_provider_generation_cases.h	tests/parser	test	3c11d04a3b52f2b5f48395ca8c00f709d0bbe28dc589c995e7076ac7f6338403	pending	-
tests/parser/test_semantic_facts.c	tests/parser	test	05ab0e1ef2d126b1f1b5d727ef3c3d45cba42fb8221a403ff978bf2515566e03	pending	-
tests/parser/test_semantic_query.c	tests/parser	test	e98b1d7d6d4899e5881335fc5da59ec8781308d8644a5a0adc563249bad4d77a	pending	-
tests/parser/test_semantic_query_call_argument_mapping_cases.h	tests/parser	test	7982a90e6ee1c3478e6d9765934021aac17d5c90e7c565cf24e2b8ae3108dd54	pending	-
tests/parser/test_semantic_query_call_caller_identity_cases.h	tests/parser	test	b3d34ec4eac934249da9e9c34f1905b102f4ee897badf4f92a0b778f540705d1	pending	-
tests/parser/test_semantic_query_call_candidate_consistency_cases.h	tests/parser	test	91c76b5853a8e9d69936bc83d7c371a983ad982cbf3aa2938c775191764437af	pending	-
tests/parser/test_semantic_query_call_edge_refinement_cases.h	tests/parser	test	a901c52b0690b2d3e6e7e79d4b4ee73a4971c486604bd4a271ddc69ffb939806	pending	-
tests/parser/test_semantic_query_call_expression_refinement_cases.h	tests/parser	test	dc041aa9d0c0233b6005ab4482f2a70917a2a358d62bec033d86fffa0edbe402	pending	-
tests/parser/test_semantic_query_call_selection_cases.h	tests/parser	test	e83d52bafe19b9773150798c52e8742258ba6f368d8e22c0de1ca60759ddd027	pending	-
tests/parser/test_semantic_query_call_source_identity_cases.h	tests/parser	test	bd9016e1f6f9cbffd6e75d66161234c4fd33a99294b7f2178e44bfe68e84535b	pending	-
tests/parser/test_semantic_query_call_type_lifetime_cases.h	tests/parser	test	f94a0019b9fc4054cefadb666d4bf7b533e524e1f5727284e469de90feb40bc4	pending	-
tests/parser/test_semantic_query_call_unresolved_reason_cases.h	tests/parser	test	f19187e99e2ec0401b5cdda38e5b70e04adbdcd672dc61fda01ccdad558150a8	pending	-
tests/parser/test_semantic_query_calls.c	tests/parser	test	c40ee3c5548adcab456c4ce61c99409e00cdb44ad24a154f75f3bdd59a9020aa	pending	-
tests/parser/test_semantic_query_contract.c	tests/parser	test	f3c7bb24148fbee3361cc68f0bfd1b823018408739b9545f036a69b5606fe678	pending	-
tests/parser/test_semantic_query_declared_symbol_cases.h	tests/parser	test	2a375f61b4b1307199da66de5ad12a6fd8b5259b7a63327990d94786eff48d74	pending	-
tests/parser/test_semantic_query_diagnostics.c	tests/parser	test	ea5fc8ca47428a0aafaf29d6ed12401409f736cda4971d3d8b4a5be5e842ba5a	pending	-
tests/parser/test_semantic_query_meta_override_cases.h	tests/parser	test	959012d97d763e4e3176381334ab0ab16224ca7b7c30f01e3ae7847293eb6f3d	pending	-
tests/parser/test_semantic_query_public_contract_cases.h	tests/parser	test	c7fae797f0cf4d5b9d64d68b7227e3fcb2b3d368aad703ab713e263ad2067221	pending	-
tests/parser/test_semantic_query_relation_canonical_identity_matrix_cases.h	tests/parser	test	f518e18d5c48b217ba10a183f508a2a5787743e8e0f2533092337dd6cc23392b	pending	-
tests/parser/test_semantic_query_relation_endpoint_identity_cases.h	tests/parser	test	31421cb5c2dea2739cf7afff5f70daa8afe876ac0165dab8ae73c217058c1344	pending	-
tests/parser/test_semantic_query_relation_provider_generation_cases.h	tests/parser	test	4f5d328f93388f94985c0b703e6b4520cf4619b1ed7ad94e38532f8a165e538b	pending	-
tests/parser/test_semantic_query_relation_source_identity_cases.h	tests/parser	test	95a82a639d5d69c1f69eb7b1f496a9c5d551cd93c51c08f2e071ff359310c763	pending	-
tests/parser/test_semantic_query_relations.c	tests/parser	test	553bb13564295b80223c77ad2011692649c6ea5b898fbccaa459deb54ed51a47	pending	-
tests/parser/test_semantic_query_symbol_specialization_cases.h	tests/parser	test	36864b9224a4ffabd5b72f83d987591d32099abdd3d9ed71d1b177d63cb9f42d	pending	-
tests/parser/test_semantic_query_symbols.c	tests/parser	test	2c0d1bb476ce05eeb6fdf37067590ff6c6a77a3d4bd529200cb9d80a8d746b5a	pending	-
tests/parser/test_semantic_query_type_use_cases.h	tests/parser	test	0c5e8747539e4b57baeac830722f95ffda0b2ee846756eeffb69681536da89d9	pending	-
tests/parser/test_semantic_scope_symbol_lifetime_cases.h	tests/parser	test	740fefc9d79bcda10050b8e1a882752de2f1295664647d7e83e2e9f4ea657435	pending	-
tests/parser/test_semantic_value_facts.c	tests/parser	test	d6c1bd538a469f95d80b06242c5d86f730181a3c8e43fb0b7ea47ff9f248dc2d	pending	-
tests/parser/test_semir_dynamic_arithmetic_deopt.c	tests/parser	test	7a490b6be8a51e259226aba6b51dcbaf8a08fcaf4697bd597a94888fc21df71c	reviewed	docs/code-review/coverage/tests_parser_semir_dynamic_deopt.tsv
tests/parser/test_semir_dynamic_call_deopt.c	tests/parser	test	0bec627594ee08e4c272f3908e6dc8b258daff70f4349d8e550650d0c3db9b53	reviewed	docs/code-review/coverage/tests_parser_semir_dynamic_deopt.tsv
tests/parser/test_semir_dynamic_index_deopt.c	tests/parser	test	393734b3fcf11eb94ab33272e412cb1e93b427bc3d62d2be458eb903ef99acc2	reviewed	docs/code-review/coverage/tests_parser_semir_dynamic_deopt.tsv
tests/parser/test_semir_dynamic_iter_deopt.c	tests/parser	test	7e231a405b949c6e69fdd66fc6850e73b93be235a5716243db0bbdef0e79979a	reviewed	docs/code-review/coverage/tests_parser_semir_dynamic_deopt.tsv
tests/parser/test_semir_dynamic_member_deopt.c	tests/parser	test	2e6c4b6c97e63cb684cd409c2ab44c21b4ec0b60dd43f592a243aa18e5f6a7f4	reviewed	docs/code-review/coverage/tests_parser_semir_dynamic_deopt.tsv
tests/parser/test_semir_pipeline.c	tests/parser	test	92a8c2b3371472c666e533b3426b1bc198a7339a43654d678ce4b2184dfde1d1	pending	-
tests/parser/test_semir_static_c_types.c	tests/parser	test	1c4dc17b97a9a894e470b88b3e01ceabed9d5c49eef4150b01114c2a8ee0d7f5	pending	-
tests/parser/test_semir_type_conflict_deopt.c	tests/parser	test	736de416c5f49e07aa05f50cabd172b34656481c5104929e31dd796fe3165286	reviewed	docs/code-review/coverage/tests_parser_semir_dynamic_deopt.tsv
tests/parser/test_semir_typed_opcode_guardrails.c	tests/parser	test	bbf0cc1de4f35f7acd56c6942dcbea08964c14216986c7818b8d8f4d4c6d8285	pending	-
tests/parser/test_span_core.c	tests/parser	test	82396d533b415af0c1fe01e4d68b4d337e1a65d3452f433f71d34aadcb254fd6	reviewed	docs/code-review/coverage/tests_parser_span_gc.tsv
tests/parser/test_span_gc_cases.c	tests/parser	test	9a1d052bb00ff6e47bbaf7d78cbbcae13a6da6c292afd1adb41f945df86bf874	reviewed	docs/code-review/coverage/tests_parser_span_gc.tsv
tests/parser/test_span_gc_cases.h	tests/parser	test	b23c02d92f0ea8d4a1905630f2d2f7d742e4323b3447f82a49de0421d36a3987	reviewed	docs/code-review/coverage/tests_parser_span_gc.tsv
tests/parser/test_span_semantic_ir_cases.c	tests/parser	test	e89e2fcbd7417d81950e5dcead73fd10fc154c10eec154b6abe6c80153334e86	pending	-
tests/parser/test_span_semantic_ir_cases.h	tests/parser	test	72db15b763453e2064e83b3608643ca38cf55b5f98fac20390d997b07fdfc512	pending	-
tests/parser/test_ssa_aggregate_soa.c	tests/parser	test	d402ed8e5fa5f0d6370dde1d660dc2051ed2e2eafcfe5b00b2ef2e54c0160ca6	pending	-
tests/parser/test_ssa_aot_backend_adapters.c	tests/parser	test	7805951160d7b36f9b06e75fefe3e72b29b4beb410274181bc5de3ec77b970be	pending	-
tests/parser/test_ssa_aot_projection_descriptor.c	tests/parser	test	e9098a6e5f16c070ab065bad27adb3fe546f3475574f29c47956387112ed779a	pending	-
tests/parser/test_ssa_aotir_contract.c	tests/parser	test	8d49474113e74aaf11e397cb7925fded1610191265219cd1d0d246fa7f7b1559	pending	-
tests/parser/test_ssa_aotir_state_map.c	tests/parser	test	6759ee18a79e5b072596176e302b3b70c0a6b2972a2ca6300cc3e68b3edb9d83	pending	-
tests/parser/test_ssa_build_profiles.c	tests/parser	test	07072b1bf1979808b72d6920f095cf6d258d62f59cae91f814f10a11f0419d12	pending	-
tests/parser/test_ssa_builder_cfg.c	tests/parser	test	216b44f4fd535d9b9ea5db0e184c384b7ec8473313cfb3a2568236cdf759f3ae	pending	-
tests/parser/test_ssa_builder_cleanup_dispatch.c	tests/parser	test	c2025c932e2c896bf0ef462186b013801ed6ca215ed29d4cb4eb76892aae35ed	pending	-
tests/parser/test_ssa_builder_control_edges.c	tests/parser	test	8796a649716da392a3ad3aa334814188a241c485d4733cad579e433f164fab6b	pending	-
tests/parser/test_ssa_builder_dominance.c	tests/parser	test	7831fc36f90d650bfda6dbf798b0d38dd7369ce09d65ed802f3a33ba0341b9fd	pending	-
tests/parser/test_ssa_builder_fact_identity.c	tests/parser	test	ee5c7b9da94e7f4c9922db9787b22c241b078514d147649fac783689dacc2694	pending	-
tests/parser/test_ssa_builder_iterator_invokes.c	tests/parser	test	5bd3ec247acdf7c4636e80b16756a7c80dd6d5c421b8712d62ff1a9e0bc95020	pending	-
tests/parser/test_ssa_c_llvm_lowering.c	tests/parser	test	6537069fee8f4ff27fe68cbbdfd8cd5722db98cf967699ab9108d65602f586b6	pending	-
tests/parser/test_ssa_cfg_effects_builder.c	tests/parser	test	9bc3511e066efe0ea4f1d90224820b4396fe57054d025e0b36da55a0d885fdab	pending	-
tests/parser/test_ssa_cleanup_exception_state.c	tests/parser	test	f185705deb92c8bc67f59bcd379a6e31a68e27c7bbddeb2d45c793115e54160b	pending	-
tests/parser/test_ssa_conditional_cleanup.c	tests/parser	test	e0958255223af2ee16faa6a2f3eb3db27f8723804553cf5c8c69541e8426c23c	pending	-
tests/parser/test_ssa_construction.c	tests/parser	test	53bab892400e49a95c45048485d3afb1491f1911f8c1e8d1f5a43fa2af3ccc75	pending	-
tests/parser/test_ssa_container_specialize.c	tests/parser	test	748f5731e1d327d8fdb12fe0dc078a6f3a82763db6fb632e9646276d5e5cf21f	pending	-
tests/parser/test_ssa_contract_freeze.c	tests/parser	test	045115d36a512e7afacc250b7e7c26e1e80b802a4e44e1c5d640ad65d2156c68	pending	-
tests/parser/test_ssa_core_model.c	tests/parser	test	89a7a9fafa9f1062ade947bd452af11b8d1fda5278ef3112e39f708901d2a6c0	pending	-
tests/parser/test_ssa_deopt_aggregates.c	tests/parser	test	a1ec99c27d7b4929475c6b55d96a4af91c76e05ca579dc946d7dbf82edfca7b1	pending	-
tests/parser/test_ssa_deopt_validation.c	tests/parser	test	c96c2dc76f53123a158a9546d031aa8bed4e33b0d18dfd78f102aeca08ac4c5a	pending	-
tests/parser/test_ssa_dominator_cfg.c	tests/parser	test	3da23225086c562cfdb3c7f3bb92cf84070f458d01768fd28794182141eac23a	pending	-
tests/parser/test_ssa_effects_verifier.c	tests/parser	test	2cb055f644f668ff848a0d54a8dfb3eadd79e297217bfd3c1411f47dda4a38fb	pending	-
tests/parser/test_ssa_escape_ownership.c	tests/parser	test	bbaf144f737dd87997a3a417446a1f6792654464047729da655c1f55de6ccd60	pending	-
tests/parser/test_ssa_execbc_place.c	tests/parser	test	2b837df17c8398f6e1ad70418b2ad9a8f236cebb6456317a25e9d3bbc4eca8a5	pending	-
tests/parser/test_ssa_frame_layout.c	tests/parser	test	c2e70430d132fe7a3d162117483ed1dee0bbd6e1b4561684278db64488b6175d	pending	-
tests/parser/test_ssa_generated_fusion.c	tests/parser	test	ad49a973133d238255a3ef3dc3a17956dd15fd79e6261e10f9626052173d082c	pending	-
tests/parser/test_ssa_generics_lto_pgo.c	tests/parser	test	215793fbad5889540274baacb8270ef0d0525ea389da2b1679044e6d8744b845	pending	-
tests/parser/test_ssa_gvn_range.c	tests/parser	test	fa86a9781440c8f60b893085cc4275d4fbf4258e1e5f318578cee92273251f61	pending	-
tests/parser/test_ssa_inferred_protocols.c	tests/parser	test	d33a63f571f2ab913b2895c33999b5cead4578fa9781b2d60da1375be08cc97a	pending	-
tests/parser/test_ssa_interprocedural_inlining.c	tests/parser	test	3d71940743dc28ef456464ee4a1d7a37dfee4bdb01705a20b1557fbe0a599a41	pending	-
tests/parser/test_ssa_linear_effects_builder.c	tests/parser	test	3f1410e3d5f07821f8e1e215db59fc57c1072e009e7a8de7807abddcc9993d0b	pending	-
tests/parser/test_ssa_loops_specialization.c	tests/parser	test	f7bfca7d1825adab2a0da1eca1af5a867e08b5e69b4e8bbe16565de91c41dd5b	pending	-
tests/parser/test_ssa_numeric_vector_ir.c	tests/parser	test	94aabe7223443d3494fe32807c13fd8929288ff2683b4f587ae31b1cae220977	pending	-
tests/parser/test_ssa_optimization_remarks.c	tests/parser	test	f2fc551e229f84422a0e5223a1133985aea4cb0c940ae946e9af30f55cd0025d	pending	-
tests/parser/test_ssa_optimization_remarks_projection.c	tests/parser	test	1344b86fbe70fdf740dae8673933bf391d0011cd2eb0f014e92bec8715df9b90	pending	-
tests/parser/test_ssa_oracle_barrier_differential.c	tests/parser	test	3312b657dd7941cb36710a631db6cad80bee94697c40e831f51a14a09796ba64	pending	-
tests/parser/test_ssa_oracle_call_differential.c	tests/parser	test	646ace157450711b9538a6d9c52982a6d0ee2b603730509d1b72f1ebf2d66dd5	pending	-
tests/parser/test_ssa_oracle_drop_differential.c	tests/parser	test	5e49bd9f59eb11cc08d0f6e5f0fc89bd1997c99a2af7608a3e724dcf2afdda6e	pending	-
tests/parser/test_ssa_oracle_invoke_differential.c	tests/parser	test	a896b1811d7d156a3224c1040acf2e19facd6b94efbc32ec02cf5e693bf03ddd	pending	-
tests/parser/test_ssa_oracle_iterator_differential.c	tests/parser	test	7612b486d4e99f41d712a4c978f090af45e71489b982864d1e6f7ec91c8e856c	pending	-
tests/parser/test_ssa_oracle_memory_differential.c	tests/parser	test	df3349b32a37da2441bb40bf6be02b863efc2586a179e67b2f2104b49ea214f1	pending	-
tests/parser/test_ssa_oracle_parallel_edges.c	tests/parser	test	d25a38e849c2260f6781fb96aab239c9b48bf940dc1a7da8842846735ee298b3	pending	-
tests/parser/test_ssa_oracle_projections.c	tests/parser	test	73846a09c8fd114d003101a80e7e198c418e6426bfc8d8fb4ba9be48f7e22cd7	pending	-
tests/parser/test_ssa_oracle_resume.c	tests/parser	test	d8e1eee89a137aa7dff51cdbda902f81bff2e94fa9bd8ec96a42b9b360831708	pending	-
tests/parser/test_ssa_oracle_suspend_differential.c	tests/parser	test	eb393a15995ad10cd4444caec840db5abeee461dca4f824557cfb2abd778d7ae	pending	-
tests/parser/test_ssa_oracle_throw_differential.c	tests/parser	test	a32292671fa4b5bcab511cf2a3e352068be2b13bf1c21120a97a6041b27d6357	pending	-
tests/parser/test_ssa_pass_manager_scalar.c	tests/parser	test	aee1a8cf904f39f1f4d337d6dfe0bd2c0364f155c8a1d5f5c4b950a85e39236d	pending	-
tests/parser/test_ssa_place_eligibility.c	tests/parser	test	8522d3b6073f0314858b2e1015f85a391768047aa8a4a91e0dea6792b4277762	pending	-
tests/parser/test_ssa_place_promotion.c	tests/parser	test	89808029e7176a83dce1426331c8a48e550d815ecb44c4f70c0aab80eb692567	pending	-
tests/parser/test_ssa_roots_observation.c	tests/parser	test	c9010bcd41b43ce384f012a1569e6bb8c964811e0d6b9e09298001e092cd2aa2	pending	-
tests/parser/test_ssa_source_cfg_faults.c	tests/parser	test	12fb9faaedc50abc31b413900a9968858b5b48914b1c912502a47c5d5defa953	pending	-
tests/parser/test_ssa_source_cleanup_cfg.c	tests/parser	test	c100d0fc6e90aaadf8175c8e62e81559f3d3002eb5319368e4d29a926d8fcfde	pending	-
tests/parser/test_ssa_source_cleanup_cfg_exceptional.inc	tests/parser	test	8c2d0be7f446c8576b586a40647142fc37fd8811f4b4b9022dd07fb035b92179	pending	-
tests/parser/test_ssa_source_cleanup_cfg_loop.inc	tests/parser	test	33e1349db5d21ee0f22ee0454302077de5c6821488236340ec0209da04c6efe3	pending	-
tests/parser/test_ssa_source_for_short_circuit.c	tests/parser	test	f79993b1d008acc532b5efedb1310df265f41103e1135a0746603d26eec34d41	pending	-
tests/parser/test_ssa_source_straight_line_cfg.c	tests/parser	test	27a6465cd110806a4e42fa73d2563afc3d19949f6dacbd3f39be07b7ae483ab7	pending	-
tests/parser/test_ssa_source_value_facts.c	tests/parser	test	0d527b3cbae256204e8beae2d837d02381d9fd43321668673c17871af18200aa	pending	-
tests/parser/test_ssa_source_while_short_circuit.c	tests/parser	test	848e15f6221b4649d769db4e1b9af035ab9adc90f8b7c20afb7364c8ed769150	pending	-
tests/parser/test_ssa_state_map_liveness.c	tests/parser	test	a0ab154e1c49f9b7ddccd233e2aa65ba3a34e07d6e7a9ecb1a7bc2f2eb61489f	pending	-
tests/parser/test_ssa_state_map_ownership.c	tests/parser	test	d76e05ec68207f30920a8d47300bb7b622f14f77d3da407fa8bf4fcef3f02f6a	pending	-
tests/parser/test_ssa_state_maps.c	tests/parser	test	745957d1d8efa47066648909f6fddcda7e2eb0ea0058a53349ee9bd3c4079a26	pending	-
tests/parser/test_ssa_static_binding_facts.c	tests/parser	test	470d10aa3bacd3e569e2a8bc29ec0fcfa7563a61581589f354b0b515208311cb	pending	-
tests/parser/test_ssa_value_validation.c	tests/parser	test	abc7642b667598581b68d21103965ce02afec49f9825a8bbc74b0d4820911d03	pending	-
tests/parser/test_ssa_vectorize_pass.c	tests/parser	test	ff81113f0e51000b199064836f89d31d1e7fad878e16d851e70f955cb9d6764f	pending	-
tests/parser/test_struct_value_init.c	tests/parser	test	5b401fc5e4542a205eff3d875e212aad38d727e5f938f9dcd45846f92c0e4d95	pending	-
tests/parser/test_syntax_reference_v1.c	tests/parser	test	56df98993ab9a0be688b4f5a2991c06d1ebe7168dcc8d912db9082410ca1696e	pending	-
tests/parser/test_type_inference.c	tests/parser	test	54c6cfe2206a0063ee7fd3ae9324b36e0138d55213292a716623526b3bc87ef9	pending	-
tests/parser/test_typed_bool_conditional_jump.c	tests/parser	test	2616fcef5b200d46f1a24311ea40463dc251bd7f4ef1694498019b553b67ea0e	reviewed	docs/code-review/coverage/tests_parser_typed_bool_neg.tsv
tests/parser/test_typed_bool_logical_not.c	tests/parser	test	0afc3c313dfdbdbb689a6344388ec232db740714944b999bb10cf89f2d9a6bda	reviewed	docs/code-review/coverage/tests_parser_typed_bool_neg.tsv
tests/parser/test_typed_call_binding.c	tests/parser	test	cf8eabbf0698d615ef2d7c3db45232a077a34933226fe4a368ef1c36510dfaad	pending	-
tests/parser/test_typed_numeric_conversion.c	tests/parser	test	71e8ba703265ddc130a37360fdbdff345e85a58669ddc13536ca0fea2c518f19	pending	-
tests/parser/test_typed_numeric_neg.c	tests/parser	test	253cbf7e3674619f11c4a24c169a24b93f3c0329e7ab72de10d5f3d96a733361	reviewed	docs/code-review/coverage/tests_parser_typed_bool_neg.tsv
tests/parser/test_union.c	tests/parser	test	071073fb8b98c9bd7876ac82862f58aaafd894a7a509909800846989390165f6	pending	-
tests/parser/test_value_type_runtime.c	tests/parser	test	137fe725ac7c41d05bed8e4036f3d9d7cc0d24731e9ca6d2215c3daa3ff46c36	reviewed	-
tests/performance/perf_backend_metrics.h	tests/performance	test	6423d457bbff5278c8f45922a88797e6eff0a9c92f38f6fb6ac9f9ef6ce9ee1b	reviewed	性能测试采样与进程协议复核
tests/performance/perf_process.c	tests/performance	test	aefc63a56f3bede4a605f58ecc196a1934ceb29b037f28e9e4d0375dedad7ee1	reviewed	性能测试采样与进程协议复核
tests/performance/perf_process.h	tests/performance	test	52a464c02d563a024b5b2de7589adfebab9803af7dc6ddfbee4af2a5a4e869f8	reviewed	性能测试采样与进程协议复核
tests/performance/perf_report.c	tests/performance	test	324bc285f5d7c9175cbc974883084ff10aa2f503c9c83dd37704eb7827de8de2	reviewed	性能测试采样与进程协议复核
tests/performance/perf_report.h	tests/performance	test	c7583d16e7c8258c848d5df0c42a2a3e0065f88f7276b9f18685363b7a8c3d65	reviewed	性能测试采样与进程协议复核
tests/performance/perf_runner.c	tests/performance	test	a190936016ab9b23e35b77d90a90026216ebb5f802c81fbbab4725337eaf2d3d	reviewed	性能测试采样与进程协议复核
tests/performance/perf_ssa_metrics.c	tests/performance	test	80aa86ca88e34b933896d8466e1244c65d1f9d51be879d086c0dc10e83d90de2	reviewed	性能测试采样与进程协议复核
tests/performance/perf_statistics.c	tests/performance	test	2f8af755a5e7f23905760c020269082f5746992af9220ae038d7bf38e6eacb87	reviewed	性能测试采样与进程协议复核
tests/performance/perf_statistics.h	tests/performance	test	10460008dbe67d7750361301871c4e9e77dc72edc974e5bd23745467a3495761	reviewed	性能测试采样与进程协议复核
tests/performance/persistent_protocol.c	tests/performance	test	40a7d0ee758e103f8fd0e47e0cf123f48d3edb0fd1a19c0e0dfc11181e523585	reviewed	性能测试采样与进程协议复核
tests/performance/persistent_protocol.h	tests/performance	test	100499b3a607beb1accaa29fa664ccebc15b714ece7a251fe814d974d01c4ea6	reviewed	性能测试采样与进程协议复核
tests/performance/test_perf_report.c	tests/performance	test	bf1d732e2fbc926707083b25586cf8683d787d12c2cf8ae18fb7b17acd727599	reviewed	性能测试采样与进程协议复核
tests/performance/test_perf_runner_persistent_protocol.c	tests/performance	test	81e0fd3734fa418f677b1ba39bb93425deed48dcec3e2a61448bd114acfaa180	reviewed	性能测试采样与进程协议复核
tests/performance/test_perf_statistics.c	tests/performance	test	005379800949e9fc20b180fff01dbcd514815d14c117a11ad4d4ffa7c23bc21b	reviewed	性能测试采样与进程协议复核
tests/profile/test_coverage.c	tests/profile	test	f7ea9ddf36d3794feef8a97d6d776a7b263b311fcfb353e92a0bc075d4d7b3e6	reviewed	-
tests/profile/test_profile_deterministic.c	tests/profile	test	1e56bd344d39dc6ffc0ef43523dc88a59d2e2d04fd48e3a9da3bd70ad55eab20	reviewed	-
tests/projects/gdb_decorator_import_member_cache.gdb	tests/projects	test	c283e9985285e3f98229a16d56c95f51b68b63088ca49433da37c97cc80cf05f	reviewed	24 单元小边界调用链与失败路径已独立复核；中文译文再复核
tests/reference/test_reference_manifest_contracts.c	tests/reference	test	b660acf1aae5911fd2caa219305cb253b28208fb07de3980d0d183122a96d4cd	reviewed	24 单元小边界调用链与失败路径已独立复核；中文译文再复核
tests/rust_binding/execution_budget_cases.h	tests/rust_binding	test	208823359212b10804a3ee7721a60956d51f81c0ebb8da0bb8665928b4db190a	reviewed	剩余测试入口与失败路径调用链复核
tests/rust_binding/test_rust_binding_api.c	tests/rust_binding	test	3543c96ce74286f801ed01c77fe8a8698f481746033377eaf221bd70d9028163	reviewed	剩余测试入口与失败路径调用链复核
tests/scripts/audit_naming_conventions.ps1	tests/scripts	test	5663ca2c081a1b5e7017debb28d0b379c28acc743ac381bd5cb3c8141e581fda	reviewed	-
tests/scripts/test_syntax_migration_inventory.py	tests/scripts	test	c89f7adefdb8aa8b5949d657a223d28652f273e09021de28006753525f134d2c	reviewed	-
tests/scripts/test_syntax_status_records.py	tests/scripts	test	3c8eb0188a579401f1f71f4f7fa588841e6f863fc6c7b1d8414fd9f18fa1edd2	reviewed	-
tests/scripts/test_validate_wiki.py	tests/scripts	test	3342a34491fa9afb38b291a093c5fa30f9cd73dd5a4665042fd8d0b6ed50200b	reviewed	wiki source validation: 31 units; independent review; tests 5/5
tests/scripts/test_wiki_theme_assets.py	tests/scripts	test	5128e44a5b16eacbdf6d28dd546b62b1cef54a6cddc6f53cc23e3a2145432293	reviewed	-
tests/scripts/test_zr_pygments.py	tests/scripts	test	088c199c7b06124dbb41125aad5d630e12df14117610394cef2903953884ad86	reviewed	-
tests/suite_manifests/language_pipeline-Debug.cmake	tests/suite_manifests	config	12ba10aa6ed2737b7b7299ebbaaae8b45158b04fb552a9cde2bd6ed3522feaa1	reviewed	生成快照仅登记来源和未被外部构建直接调用的边界
tests/system/gdb_system_fs_handle_id_fault.gdb	tests/system	test	b7009005e0fd35f05e9728481beb3205b2961890189eeed4b400da5e273556a1	reviewed	剩余测试入口与失败路径调用链复核
tests/system/test_system_assembly_module.c	tests/system	test	b8a44803f734ff6dab0d03bce276a85fee37497b6360621bcbae370d1c4ab5da	reviewed	剩余测试入口与失败路径调用链复核
tests/system/test_system_fs_module.c	tests/system	test	4903663b899a26a3fd74266d33bb58ddfa2b3ee3bbd41ce10391e4731459fb5d	reviewed	剩余测试入口与失败路径调用链复核
tests/task/test_ssa_async_frame_budget.c	tests/task	test	d94578285565d9abeb3ef0fe11845d5f07335a28167be15fdc8ed05b7372d4f9	reviewed	176 项 iterator/task 回归单元完成调用链审查并经独立复核
tests/task/test_task_frame_runtime.c	tests/task	test	a506e1349dc337249131f433d889ccc9449bd336105cc4bfe7ec2aff4fd34956	reviewed	176 项 iterator/task 回归单元完成调用链审查并经独立复核
tests/task/test_task_job_scheduler.c	tests/task	test	f0833c22f1cb804c4f1d25af5943e1e4f6f0da15e4ee72ec254380b6ae3becf9	reviewed	176 项 iterator/task 回归单元完成调用链审查并经独立复核
tests/task/test_task_runtime.c	tests/task	test	ddf53d732647cdb3b925bd1d7e7d58ef86ea6a54e203b044e9a55933e444f916	reviewed	176 项 iterator/task 回归单元完成调用链审查并经独立复核
tests/test_runner.c	tests/test_runner.c	test	be3edc5e0f19004b1157f87c65b91db8a79c9456fe93ae5c742ec0df23bbadfa	reviewed	剩余测试入口与失败路径调用链复核
tests/test_support.h	tests/test_support.h	test	5626d981c5f7ff767f07ac5b856544612459e04807e54b5cbaeeea85549843f5	reviewed	剩余测试入口与失败路径调用链复核
tests/testing/test_assertions.c	tests/testing	test	fa058fefbcff986700fa0c72b590d8bdb3d4cc9b5adc9672eec577e3ceb2190b	reviewed	53 单元调用链及失败路径已独立复核
tests/testing/test_runner.c	tests/testing	test	03ae9f84955ca169b9f079c57b0e3bcd7f881593d210db23fb21f7bcfc123cbb	reviewed	53 单元调用链及失败路径已独立复核
tests/testing/test_test_role_binding.c	tests/testing	test	9d1b1ae23150d492c390259df6be5cc2aec9aa14c2bcdd15f3ff2482b79cd934	reviewed	53 单元调用链及失败路径已独立复核
tests/thread/test_thread_runtime.c	tests/thread	test	782c34ef3f3b1ef69e612685f62b541d5633774f40d92be5b2e6f78e2a02a8f9	reviewed	剩余测试入口与失败路径调用链复核
tests/unity_config.h	tests/unity_config.h	test	45a7953baa66de43b9d2088e320fa136b0fc7de034b08a82d9ccb205a0e4a484	reviewed	剩余测试入口与失败路径调用链复核
tests/unity_lifecycle_noop.c	tests/unity_lifecycle_noop.c	test	51a98177a3d52517b11a71bb5c2f37fe9234d37ac22b7f6a22faf28d0162a645	reviewed	剩余测试入口与失败路径调用链复核
zensical.toml	zensical.toml	config	de6e2aac1d0fc7cd8c8a2afde06070291b941e195bca555e9a5f0f5f66cc9316	reviewed	-
zr_vm_aot/scripts/benchmark/callgrind_aot_c.sh	zr_vm_aot	code	12219ec7f8b8d5e93edd2f833aff86cfa98ae10a87a918671b6c4cc99be13b09	reviewed	-
zr_vm_aot/scripts/benchmark/run_perf_aot_only.sh	zr_vm_aot	code	33f9c435550b70d441cd744d3a5bcbb3c5533aba945efd142300317abc8e2a22	reviewed	-
zr_vm_aot/scripts/benchmark/time_numeric_loops_interp_vs_aot.sh	zr_vm_aot	code	456a4ed369d58318f1190b22db41c6a40a83392897722bc0e096f72faa032b20	reviewed	-
zr_vm_aot/scripts/benchmark/time_numeric_loops_scale_sweep.sh	zr_vm_aot	code	bd65fb6ab3bdf673505b5fb39fc0ca97b5ebd1d48b06e33206a86dc9895ab5eb	reviewed	-
zr_vm_aot/tests/fixtures/projects/aot_dynamic_meta_ownership_lab/aot_dynamic_meta_ownership_lab.zrp	zr_vm_aot	code	695856596e087cc5b587947a3cb4d5965741bc3f988c95db008fa7f29816462b	reviewed	-
zr_vm_aot/tests/fixtures/projects/aot_dynamic_meta_ownership_lab/src/main.zr	zr_vm_aot	code	7d45736bf7c2e2b8bb97d3e85e0dc392afed6c61acd36f8aa1e5e04168e3aa35	reviewed	-
zr_vm_aot/tests/fixtures/projects/aot_eh_tail_gc_stress/aot_eh_tail_gc_stress.zrp	zr_vm_aot	code	53bab59d35907fcb38e88717dba87af745ebfe5c865003f26679009a86a39985	reviewed	-
zr_vm_aot/tests/fixtures/projects/aot_eh_tail_gc_stress/src/main.zr	zr_vm_aot	code	b6a9c28cc54f0eeada70d52a727379abe5daf65c3af161862be182034fd01c4d	reviewed	-
zr_vm_aot/tests/fixtures/projects/aot_module_graph_pipeline/aot_module_graph_pipeline.zrp	zr_vm_aot	code	d2cd41b589a4160117e052a3821c6eacb8d3e7f9d6c184b0368fdde42db5d674	reviewed	-
zr_vm_aot/tests/fixtures/projects/aot_module_graph_pipeline/fixtures/graph_binary_stage_source.zr	zr_vm_aot	code	69baca9d14a7b9b17121da343159ed759f39902d01b083fc5f4f1805139793c8	reviewed	-
zr_vm_aot/tests/fixtures/projects/aot_module_graph_pipeline/src/graph_stage_a.zr	zr_vm_aot	code	9f203c2121bfc78c3e432c765e66c33c2f6aae078f13bd758eb1f5165cd432de	reviewed	-
zr_vm_aot/tests/fixtures/projects/aot_module_graph_pipeline/src/graph_stage_b.zr	zr_vm_aot	code	9f5a055560fcfa0e190341e4fe5d6f2c1c0c01b3152c1a0c852b5d5c1cb9d36b	reviewed	-
zr_vm_aot/tests/fixtures/projects/aot_module_graph_pipeline/src/main.zr	zr_vm_aot	code	a4a633463a1119e07dbafae90943dff22f98bbf036b29744ed5acdfdcb18f23f	reviewed	-
zr_vm_aot/tests/fixtures/scripts/aot_closure_export.zr	zr_vm_aot	code	6a04829bf5424cb90199c5bc56b4761c601c3e16295c9807e87bf941ff85f9cf	reviewed	-
zr_vm_aot/tests/parser/gdb_execbc_string_build_roundtrip_abort.gdb	zr_vm_aot	code	3dee51243da4657d3b2d01c8e8d309afda4e61af5204c88f17b1e85ca5dc74cc	reviewed	-
zr_vm_aot/tests/parser/gdb_execbc_string_build_runtime_panic.gdb	zr_vm_aot	code	68b2924c2d9ce73f78c3c82709d9fd3754ad9abcbfb28b816f67c8abc08cc730	reviewed	-
zr_vm_aot/tests/parser/nested_member_slot_debug.gdb	zr_vm_aot	code	3bc4ede3c1c308a4959f682a691ffa702fcf9a7ca7e372b5ccdbd417fdd419ce	reviewed	-
zr_vm_aot/tests/parser/test_dynamic_iteration_pipeline.c	zr_vm_aot	code	fa935be496c4aaa1b08e8d4f287009ec141eec17f5b6258199c244d1d4c96abb	reviewed	-
zr_vm_aot/tests/parser/test_execbc_aot_manual_opcode_sync.c	zr_vm_aot	code	f08441366fcce26ecf0fc962c9ef44a0445bb90734153886b50f2f20ddb0bad0	reviewed	-
zr_vm_aot/tests/parser/test_execbc_aot_pipeline.c	zr_vm_aot	code	619db869adc142cbff52ef3356219d590ba646a7c0f3b2a240d2bd6c45d146f4	reviewed	-
zr_vm_aot/tests/parser/test_known_call_pipeline.c	zr_vm_aot	code	a91dcbe4ca117a7ed2b3e193fd2b032824cd29abd1c17ab7ba70b630ee0432e8	reviewed	-
zr_vm_aot/tests/parser/test_meta_call_pipeline.c	zr_vm_aot	code	a2c39e17994597f7c0c9ffe6fe359a13e34a65d1bdf8c7aa8e25ddb3326ea930	reviewed	-
zr_vm_aot/tests/parser/test_tail_call_pipeline.c	zr_vm_aot	code	ec4820d3b7c08ec72551c940deec447c07310ac87be10eb23c8ad5e9bf3e42ac	reviewed	-
zr_vm_aot/tests/projects/gdb_aot_eh_tail_gc_stress.gdb	zr_vm_aot	code	8fd0cb0cf978ef314e84cf1098d5ab26a573ef5743cb92a57cf4f99b4697515c	reviewed	-
zr_vm_aot/tests/projects/gdb_aot_eh_tail_gc_stress_ownership_timeline.gdb	zr_vm_aot	code	70029f05acb9d17251a154c04a725a5f7f51dd069557203e09997feeee3fcacd	reviewed	-
zr_vm_aot/tests/projects/gdb_aot_eh_tail_gc_stress_ownupgrade.gdb	zr_vm_aot	code	df03fde1e97c163d3264c4a3c8233b201e80e6a4bef2c64962191670d4774dae	reviewed	-
zr_vm_aot/tests/scripts/CMakeLists.txt	zr_vm_aot	config	ab760743af5083f035417d0e8e19afa82ca7277933a24f27745f3be0553f0182	reviewed	-
zr_vm_aot/tests/scripts/test_artifact_golden.c	zr_vm_aot	code	4a1327e32bb15030426c45993622dee6d52f58657fdc4c319afdcc1b722f096b	reviewed	-
zr_vm_aot/tests/scripts/test_utils.c	zr_vm_aot	code	9bdc971e7da037fb444ffdc4b83df500a8b7442f79256d66e301de1fbafa20a3	reviewed	-
zr_vm_aot/tests/scripts/test_utils.h	zr_vm_aot	code	c4aabadb5bf866917441b259c1ed3d2b5bb11a802217c778f3b2d2d5f4b07836	reviewed	-
zr_vm_aot/zr_vm_common/include/zr_vm_common/zr_aot_abi.h	zr_vm_aot	code	0e9a767ec8428759ff7e48870cf3545655738fb92d62761d94b1ea6071bff70e	reviewed	-
zr_vm_aot/zr_vm_library/include/zr_vm_library/aot_runtime.h	zr_vm_aot	code	02671537911ef366199f9f41229a3ae64877d9cbe378d24eba537df2c82a9418	reviewed	-
zr_vm_aot/zr_vm_library/src/zr_vm_library/aot_runtime.c	zr_vm_aot	code	377d1f4c99c95b57c13f9cb6daf06e800a27c69ddaabc976d69a8c1a4d3f7025	reviewed	-
zr_vm_aot/zr_vm_parser/src/zr_vm_parser/backend_aot/backend_aot.c	zr_vm_aot	code	067b152f98c04d995b152eaf0de8f4e756cfe53b9299a88f6546a017fe31bcbe	reviewed	-
zr_vm_aot/zr_vm_parser/src/zr_vm_parser/backend_aot/backend_aot_c_annotation_warnings.c	zr_vm_aot	code	5f84ef95e157d0197485c2bbcf825b9b41834ed140f95536f5068cc7dd51c691	reviewed	-
zr_vm_aot/zr_vm_parser/src/zr_vm_parser/backend_aot/backend_aot_c_annotation_warnings.h	zr_vm_aot	code	4f09f28f7e7ddac937a092a713961f5cbe6dbc4aa723c8f44048ffc5f90521f7	reviewed	-
zr_vm_aot/zr_vm_parser/src/zr_vm_parser/backend_aot/backend_aot_c_call_bindings.c	zr_vm_aot	code	e89d9204c431d05b8f599df295fe9b5b95d48d98d3df51eb6937b5e2609242f8	reviewed	-
zr_vm_aot/zr_vm_parser/src/zr_vm_parser/backend_aot/backend_aot_c_call_bindings.h	zr_vm_aot	code	f637d7400eb31eef914d91610261b1b70d83ed5fa9f2cb3ee2f3b6b55e942010	reviewed	-
zr_vm_aot/zr_vm_parser/src/zr_vm_parser/backend_aot/backend_aot_c_call_boundaries.c	zr_vm_aot	code	27563c0c7d2db98dad0491e4b5bf91390d89e69c8d5b82f6f3f9881aabfda266	reviewed	-
zr_vm_aot/zr_vm_parser/src/zr_vm_parser/backend_aot/backend_aot_c_constant_consumers.c	zr_vm_aot	code	aabcb59a16d8bf14f0b9df14234c9c2cc97599e529a83ff8d6e9d2cf798b2766	reviewed	-
zr_vm_aot/zr_vm_parser/src/zr_vm_parser/backend_aot/backend_aot_c_debug_sidecar_manifest.c	zr_vm_aot	code	e72a05b6b9af49002c09f0a7565e1bc85b4c5bedb9501d4b20d826e898d05ba2	reviewed	-
zr_vm_aot/zr_vm_parser/src/zr_vm_parser/backend_aot/backend_aot_c_debug_sidecar_manifest.h	zr_vm_aot	code	4f6593a349db9a0c3392a77e603986148d447df3d7305838ca50b25c518f98e3	reviewed	-
zr_vm_aot/zr_vm_parser/src/zr_vm_parser/backend_aot/backend_aot_c_emitter.c	zr_vm_aot	code	bcdbf66fa6653dd3bde16c403851ae1e051dd66ac37f2c4869dc39d39fd60f9f	reviewed	-
zr_vm_aot/zr_vm_parser/src/zr_vm_parser/backend_aot/backend_aot_c_emitter.h	zr_vm_aot	code	e53ee78602f80b1928dda9aa96ec1d41a129f3885b713856a704cb0beed480c0	reviewed	-
zr_vm_aot/zr_vm_parser/src/zr_vm_parser/backend_aot/backend_aot_c_frame_cleanup.c	zr_vm_aot	code	67faa3b1b31a172217c31c3e5ca6c10e6901c987c92fcb83da600882b3e3f7fb	reviewed	-
zr_vm_aot/zr_vm_parser/src/zr_vm_parser/backend_aot/backend_aot_c_frame_cleanup.h	zr_vm_aot	code	3b6541aa4d7a253a542143bde753d46ac3a3a3f1b1bc0aa8bff382a274747ceb	reviewed	-
zr_vm_aot/zr_vm_parser/src/zr_vm_parser/backend_aot/backend_aot_c_frame_descriptor.c	zr_vm_aot	code	2621e54963880da0ff5c390d1cdfa0945694e5476eabcbf637281e2b6f9b549b	reviewed	-
zr_vm_aot/zr_vm_parser/src/zr_vm_parser/backend_aot/backend_aot_c_frame_descriptor.h	zr_vm_aot	code	269eaa79ba56d6f65d45f03f837bbe3ebfa42884cd4def607888bdcc65cd8e68	reviewed	-
zr_vm_aot/zr_vm_parser/src/zr_vm_parser/backend_aot/backend_aot_c_frame_layout_manifest.c	zr_vm_aot	code	b3c0a6bc85d80c5d83e38ebae3e6cbd9c1f33b85273a48e91f8567a8b0ffe7ec	reviewed	-
zr_vm_aot/zr_vm_parser/src/zr_vm_parser/backend_aot/backend_aot_c_frame_layout_manifest.h	zr_vm_aot	code	f1b0f91ee1a20c96967971c4fdfa40922aa42d9d1250ceb9b28ca98963a819ac	reviewed	-
zr_vm_aot/zr_vm_parser/src/zr_vm_parser/backend_aot/backend_aot_c_frame_setup.c	zr_vm_aot	code	caf49467164914fdaf1699e8612297c96d3fc4c04f20c6b9e18ad040fb3b4d9c	reviewed	-
zr_vm_aot/zr_vm_parser/src/zr_vm_parser/backend_aot/backend_aot_c_frame_setup.h	zr_vm_aot	code	f78141a753a443f2e45e1fe1c9ef14dad2fec8c71171ebcc4a09206934cdd9dd	reviewed	-
zr_vm_aot/zr_vm_parser/src/zr_vm_parser/backend_aot/backend_aot_c_function_body.c	zr_vm_aot	code	13ab49ba26ae09dec3e8c4c37f738e00198819fbad9f0f66ca19f49c1b1eb8c2	reviewed	-
zr_vm_aot/zr_vm_parser/src/zr_vm_parser/backend_aot/backend_aot_c_function_body.h	zr_vm_aot	code	7559c0e7768c098dae5974d67d5721979cb8792c95544000fd99eb04cf046c23	reviewed	-
zr_vm_aot/zr_vm_parser/src/zr_vm_parser/backend_aot/backend_aot_c_generic_monomorphization.c	zr_vm_aot	code	bab43d3800dddaff1ab946a03fb0757df2899a3b6ed98c7043947e24de366a63	reviewed	-
zr_vm_aot/zr_vm_parser/src/zr_vm_parser/backend_aot/backend_aot_c_generic_monomorphization.h	zr_vm_aot	code	a75b0a0be235dea6ddd69ce8ba7a750839df48fae5c47c16ae7594f6f9bdc887	reviewed	-
zr_vm_aot/zr_vm_parser/src/zr_vm_parser/backend_aot/backend_aot_c_generic_sharing.c	zr_vm_aot	code	8ecac68e2d00bf1b462ab29f49ad3e6e3ca8cbb9b091d0af314d56e7f6abc548	reviewed	-
zr_vm_aot/zr_vm_parser/src/zr_vm_parser/backend_aot/backend_aot_c_generic_sharing.h	zr_vm_aot	code	3b7d4435214b7b82f7c57499fcb225e4187f4ef5c80f357a3a2ca98782d0ce33	reviewed	-
zr_vm_aot/zr_vm_parser/src/zr_vm_parser/backend_aot/backend_aot_c_lowering_calls.c	zr_vm_aot	code	39ea2d0c11f2813a4b5388aa108a939f4a93d6144a9452c902b3f540b32e7904	reviewed	-
zr_vm_aot/zr_vm_parser/src/zr_vm_parser/backend_aot/backend_aot_c_lowering_control.c	zr_vm_aot	code	7855f4faf51caf27b0103097d97e0511415b82a12e318c95e8e09e0675564b7f	reviewed	-
zr_vm_aot/zr_vm_parser/src/zr_vm_parser/backend_aot/backend_aot_c_lowering_exports.c	zr_vm_aot	code	9504f328f15aee8624b5bb4e0b9c91828108d3a55622c6354825b126f745c846	reviewed	-
zr_vm_aot/zr_vm_parser/src/zr_vm_parser/backend_aot/backend_aot_c_lowering_generic_conversion.c	zr_vm_aot	code	1851ab87ef79e07152ab707534a37210b7567d1ef796e509288b468cd3318af5	reviewed	-
zr_vm_aot/zr_vm_parser/src/zr_vm_parser/backend_aot/backend_aot_c_lowering_generic_logical.c	zr_vm_aot	code	9cd7eeab100b4cb42311a1e5fb70d245538ca9773a7fbb3b621ec6c1c5725ae4	reviewed	-
zr_vm_aot/zr_vm_parser/src/zr_vm_parser/backend_aot/backend_aot_c_lowering_generic_numeric_arithmetic.c	zr_vm_aot	code	8c0739731be9bf32086e70c6df67c18d60ef12daa342d1810fde6ddc5bdc3877	reviewed	-
zr_vm_aot/zr_vm_parser/src/zr_vm_parser/backend_aot/backend_aot_c_lowering_generic_power.c	zr_vm_aot	code	c172d27b4e3963340ab89d1b05c150aad35894e1164546ed857f86741643128a	reviewed	-
zr_vm_aot/zr_vm_parser/src/zr_vm_parser/backend_aot/backend_aot_c_lowering_iterators.c	zr_vm_aot	code	78d0e053dcd048fc5c95841c9f34f210c6dc777e4dad201009eceb901a4b5e2b	reviewed	-
zr_vm_aot/zr_vm_parser/src/zr_vm_parser/backend_aot/backend_aot_c_lowering_legacy_int_arithmetic.c	zr_vm_aot	code	fa47b6a9eeab32867c82842a7c8cf1cb22cbaac37289989a4643769ce3e8a695	reviewed	-
zr_vm_aot/zr_vm_parser/src/zr_vm_parser/backend_aot/backend_aot_c_lowering_meta_calls.c	zr_vm_aot	code	eb3cced7eeeb00b1778846fb5eaf8f29b69cdbcd1f951792d96fd66e407e848f	reviewed	-
zr_vm_aot/zr_vm_parser/src/zr_vm_parser/backend_aot/backend_aot_c_lowering_scope.c	zr_vm_aot	code	cfcbc90e35faef3e22b44dd7c35b5a0d25f6a46f0739c8507417c9956d4c5760	reviewed	-
zr_vm_aot/zr_vm_parser/src/zr_vm_parser/backend_aot/backend_aot_c_lowering_super_array.c	zr_vm_aot	code	26295586153aeaf4d6d107a938cbc905b1dbc25eeb97c7f8654f3ac9ab07fcd4	reviewed	-
zr_vm_aot/zr_vm_parser/src/zr_vm_parser/backend_aot/backend_aot_c_lowering_typed_arithmetic.c	zr_vm_aot	code	16d67a5ffc3378172801a6ef07e79f1345bc981e53aacf1ad2c41864d19273c1	reviewed	-
zr_vm_aot/zr_vm_parser/src/zr_vm_parser/backend_aot/backend_aot_c_lowering_typed_arithmetic_load_const.c	zr_vm_aot	code	3d4de4229b8201db0f4328efc81489a85908072dde6809af247ee3191555cd5b	reviewed	-
zr_vm_aot/zr_vm_parser/src/zr_vm_parser/backend_aot/backend_aot_c_lowering_typed_arithmetic_load_stack.c	zr_vm_aot	code	a706f4ec23bc17d60441c6e2a12cf6fbf5cf4551b12e28f82b8d0df99181be4c	reviewed	-
zr_vm_aot/zr_vm_parser/src/zr_vm_parser/backend_aot/backend_aot_c_lowering_typed_bitwise.c	zr_vm_aot	code	300036407bcfb8904c02d4fc9b55d0fbaa566bd9cb3601b3a01ff1a0099c508b	reviewed	-
zr_vm_aot/zr_vm_parser/src/zr_vm_parser/backend_aot/backend_aot_c_lowering_typed_bool_calls.c	zr_vm_aot	code	1a783eb8d74010b1a9a639034ca77ab233b10b05d5eca1ed9c1cd6f92dbcfeb7	reviewed	-
zr_vm_aot/zr_vm_parser/src/zr_vm_parser/backend_aot/backend_aot_c_lowering_typed_conversion.c	zr_vm_aot	code	c61a13bba51406dd7d0f102c63ef98471ec2d6a4699b8c612a720cc97133ab45	reviewed	-
zr_vm_aot/zr_vm_parser/src/zr_vm_parser/backend_aot/backend_aot_c_lowering_typed_float_mod.c	zr_vm_aot	code	73b242c377b48584b30b21624bcee7c661380eea5c02a1d6484273d12221d88f	reviewed	-
zr_vm_aot/zr_vm_parser/src/zr_vm_parser/backend_aot/backend_aot_c_lowering_typed_logical.c	zr_vm_aot	code	2060d654d96e5106beb379a5bac0f9dfe7ad8043d73d7be15fc3023bd44c8551	reviewed	-
zr_vm_aot/zr_vm_parser/src/zr_vm_parser/backend_aot/backend_aot_c_lowering_typed_power.c	zr_vm_aot	code	9ca9b32dacc5812695397a23d05c8887796e45729940442e9bc77f51edb9dded	reviewed	-
zr_vm_aot/zr_vm_parser/src/zr_vm_parser/backend_aot/backend_aot_c_lowering_values.c	zr_vm_aot	code	6a17a27bd8315a30272a3b3017bb29d7d7fae838fc4b399eea2125f2a1edfcd7	reviewed	-
zr_vm_aot/zr_vm_parser/src/zr_vm_parser/backend_aot/backend_aot_c_method_metadata.c	zr_vm_aot	code	ab50e8711595254992a56f2d49bc3000dfac9ffd569e863cb3822b6b8c04b315	reviewed	-
zr_vm_aot/zr_vm_parser/src/zr_vm_parser/backend_aot/backend_aot_c_method_metadata.h	zr_vm_aot	code	5d165ae93933fa3ab474f43913c279bdb4c9d9406fddc630aa797c8960da942f	reviewed	-
zr_vm_aot/zr_vm_parser/src/zr_vm_parser/backend_aot/backend_aot_c_native_imports.c	zr_vm_aot	code	521bedbc798fd07b872caf4b3bcd97f7eff1fc24f4bdb5ef93b1bd5d9d75d61f	reviewed	-
zr_vm_aot/zr_vm_parser/src/zr_vm_parser/backend_aot/backend_aot_c_native_imports.h	zr_vm_aot	code	30ab2b15a49eb623e42d0aa58e20ec7360e7ae76abde6e096308b46237ac9602	reviewed	-
zr_vm_aot/zr_vm_parser/src/zr_vm_parser/backend_aot/backend_aot_c_reference_locals.c	zr_vm_aot	code	755a66822a03e0bc7ad8f5abcc2d10a656d40d0d731eee6b8a8f2b6d7a13d70b	reviewed	-
zr_vm_aot/zr_vm_parser/src/zr_vm_parser/backend_aot/backend_aot_c_reference_locals.h	zr_vm_aot	code	d7ee98ddb18da40adce56b7c721f6a13e2d7aa3fa63da2fc60ccd8b46fb68dca	reviewed	-
zr_vm_aot/zr_vm_parser/src/zr_vm_parser/backend_aot/backend_aot_c_reflection_bool_numeric_invokers.c	zr_vm_aot	code	a8d6466013bab6f4ef92fd98110d391d9da50cc6dac51d5063c07dac0d190e65	reviewed	-
zr_vm_aot/zr_vm_parser/src/zr_vm_parser/backend_aot/backend_aot_c_reflection_bool_numeric_invokers.h	zr_vm_aot	code	b8b1ed40bab5fa3c5cfc499f05f7b28d79f5c061616d54498f09899aab08e049	reviewed	-
zr_vm_aot/zr_vm_parser/src/zr_vm_parser/backend_aot/backend_aot_c_reflection_bool_three_arg_invokers.c	zr_vm_aot	code	cddb24e5a3b84de70c1cb44fefa58c6eed6158882b5dab8854980a2d35341142	reviewed	-
zr_vm_aot/zr_vm_parser/src/zr_vm_parser/backend_aot/backend_aot_c_reflection_bool_three_arg_invokers.h	zr_vm_aot	code	c02ee625c83fb73f2aaf65ca0d6766c56b810f83c3a982496b9bfc3ecc8d1c6a	reviewed	-
zr_vm_aot/zr_vm_parser/src/zr_vm_parser/backend_aot/backend_aot_c_reflection_invokers.c	zr_vm_aot	code	9b6efa5a7dee822e886505b2ab2486c97bea90436eb2d595954c37d6dc823593	reviewed	-
zr_vm_aot/zr_vm_parser/src/zr_vm_parser/backend_aot/backend_aot_c_reflection_invokers.h	zr_vm_aot	code	874ef8a855b51d8557754f91ee003bd20ebf0a3cbb7558f7c4cc6f37b725d635	reviewed	-
zr_vm_aot/zr_vm_parser/src/zr_vm_parser/backend_aot/backend_aot_c_reflection_numeric_three_arg_invokers.c	zr_vm_aot	code	56bb89d17147866844c614806693272d7dae34507076fe7bee59765c3b5db2f0	reviewed	-
zr_vm_aot/zr_vm_parser/src/zr_vm_parser/backend_aot/backend_aot_c_reflection_numeric_three_arg_invokers.h	zr_vm_aot	code	11d7ba0f923780a2ccc9fb44964b73cab2130268d8e09c8fe0d7b44b5e84b5c1	reviewed	-
zr_vm_aot/zr_vm_parser/src/zr_vm_parser/backend_aot/backend_aot_c_runtime_fallback.c	zr_vm_aot	code	d300af5a27ecdfb0165700ad1cfa83424be2f340232b245a479df4bb94b2568f	reviewed	-
zr_vm_aot/zr_vm_parser/src/zr_vm_parser/backend_aot/backend_aot_c_runtime_fallback.h	zr_vm_aot	code	93fe22fae8a4c84e13937497e4af2d143625a369e82b2f15d88ce724923c9fd1	reviewed	-
zr_vm_aot/zr_vm_parser/src/zr_vm_parser/backend_aot/backend_aot_c_scalar_binary.c	zr_vm_aot	code	1739dcc672334b5cb5c0fe044b8bb1079854da54252c23f6d6d7592fb1fdee45	reviewed	-
zr_vm_aot/zr_vm_parser/src/zr_vm_parser/backend_aot/backend_aot_c_scalar_binary.h	zr_vm_aot	code	99cc4ae7cf6b0577b214d5ccf214b7ec585c55f1d530d270721f7ec5c10862a4	reviewed	-
zr_vm_aot/zr_vm_parser/src/zr_vm_parser/backend_aot/backend_aot_c_scalar_bitwise.c	zr_vm_aot	code	e64421d6d4dc35fc04c5520b640216ea906d2810cdb69e13d0662f35c01873ac	reviewed	-
zr_vm_aot/zr_vm_parser/src/zr_vm_parser/backend_aot/backend_aot_c_scalar_bitwise.h	zr_vm_aot	code	14cd1288da7068eb7c74bd421296aedbe64ad4faee4d0110e4585b505cc4f5ff	reviewed	-
zr_vm_aot/zr_vm_parser/src/zr_vm_parser/backend_aot/backend_aot_c_scalar_call_result.c	zr_vm_aot	code	40aedba2315ea8956fc4d586683188850f0bf286f6513ef59c07fe106775873c	reviewed	-
zr_vm_aot/zr_vm_parser/src/zr_vm_parser/backend_aot/backend_aot_c_scalar_call_result.h	zr_vm_aot	code	99daae7a110d6783243c9996d8d33642d22c534e7eea61b940926d68ce13ffea	reviewed	-
zr_vm_aot/zr_vm_parser/src/zr_vm_parser/backend_aot/backend_aot_c_scalar_conversion.c	zr_vm_aot	code	55fceec8f85d9aa82456a55cb75edd5e764495d9be9e65073d86f609cb897aa7	reviewed	-
zr_vm_aot/zr_vm_parser/src/zr_vm_parser/backend_aot/backend_aot_c_scalar_conversion.h	zr_vm_aot	code	c868c4c0c9104628bdb62083cbf74157cde0bc863d0eb5f643dfb1125686e145	reviewed	-
zr_vm_aot/zr_vm_parser/src/zr_vm_parser/backend_aot/backend_aot_c_scalar_locals.c	zr_vm_aot	code	f167adae6d340bc3587c3e308aa2aac0b34f122155ccb8671af3d2543bfbe788	reviewed	-
zr_vm_aot/zr_vm_parser/src/zr_vm_parser/backend_aot/backend_aot_c_scalar_locals.h	zr_vm_aot	code	430ec41b7217a49d608e676f6c877a9b55638fa142513a79a3f013065970fe1e	reviewed	-
zr_vm_aot/zr_vm_parser/src/zr_vm_parser/backend_aot/backend_aot_c_scalar_semir.c	zr_vm_aot	code	5426ee529bbb687ab511517313b48613de33362ef85a82925ee70f602e2edff5	reviewed	-
zr_vm_aot/zr_vm_parser/src/zr_vm_parser/backend_aot/backend_aot_c_scalar_semir.h	zr_vm_aot	code	825a72d87896b51916aa0f5066bfa7bd35d1955e81c8e6bee099b8320fc05fb2	reviewed	-
zr_vm_aot/zr_vm_parser/src/zr_vm_parser/backend_aot/backend_aot_c_scalar_stack_copy.c	zr_vm_aot	code	f58b63c3ceb580a6e0b370a1e58efa785457612d048ef7f4ed4075a55fee4999	reviewed	-
zr_vm_aot/zr_vm_parser/src/zr_vm_parser/backend_aot/backend_aot_c_scalar_stack_copy.h	zr_vm_aot	code	d8c5936c36c7db8c968630026d5e66217393cabf85edad7381e1043fc38c7083	reviewed	-
zr_vm_aot/zr_vm_parser/src/zr_vm_parser/backend_aot/backend_aot_c_type_layout_metadata_roots.c	zr_vm_aot	code	609d6a3ae4c544d7d103c55cfd025010a490cc670952ad9a500a2a839958175e	reviewed	-
zr_vm_aot/zr_vm_parser/src/zr_vm_parser/backend_aot/backend_aot_c_type_layout_metadata_roots.h	zr_vm_aot	code	ae382e0bf6f80620302b52e5924e4e9f1c1d3dccf3c3fa64700f2db80d3c333c	reviewed	-
zr_vm_aot/zr_vm_parser/src/zr_vm_parser/backend_aot/backend_aot_c_type_layout_reachability.c	zr_vm_aot	code	3924b6f16e1aa812a7b23d0853cf403d8333c214c5c3d6d563b00bfcca2dbeca	reviewed	-
zr_vm_aot/zr_vm_parser/src/zr_vm_parser/backend_aot/backend_aot_c_type_layout_reachability.h	zr_vm_aot	code	f30aeb5399d9b2b0e549d4e2dcbc0aa9da6672c2fccc51600b05360d8dd83e86	reviewed	-
zr_vm_aot/zr_vm_parser/src/zr_vm_parser/backend_aot/backend_aot_c_type_layout_tokens.c	zr_vm_aot	code	fa6e1d59851d24d257d2da04565d5ebee73458443fda5abc85bc6fc021b5a662	reviewed	-
zr_vm_aot/zr_vm_parser/src/zr_vm_parser/backend_aot/backend_aot_c_type_layouts.c	zr_vm_aot	code	225c55e2b4cb060c6a756503968ff43bc9ea2128e6a285fc921042581bcb30b6	reviewed	-
zr_vm_aot/zr_vm_parser/src/zr_vm_parser/backend_aot/backend_aot_c_type_layouts.h	zr_vm_aot	code	4397635e738d2b6cab248c4068ecd28d798fd255742de09c9255fe240cb31eb9	reviewed	-
zr_vm_aot/zr_vm_parser/src/zr_vm_parser/backend_aot/backend_aot_c_typed_bool_three_arg_thunks.c	zr_vm_aot	code	f283ec950444c712f16ff91a17cef11938acd6f1a13d5ab11491cbce2226b66f	reviewed	-
zr_vm_aot/zr_vm_parser/src/zr_vm_parser/backend_aot/backend_aot_c_typed_bool_three_arg_thunks.h	zr_vm_aot	code	46c84c057a98d99985aedbbcbf1f7c0dcdf9aa0d1756848ffbed8e52ed25cae4	reviewed	-
zr_vm_aot/zr_vm_parser/src/zr_vm_parser/backend_aot/backend_aot_c_typed_bool_thunks.c	zr_vm_aot	code	6852a21767e14d3dd3a39739198cd9db75fd7079068e0fc7552a7c870e50a14b	reviewed	-
zr_vm_aot/zr_vm_parser/src/zr_vm_parser/backend_aot/backend_aot_c_typed_bool_thunks.h	zr_vm_aot	code	f5f03aa56682707dded1380fda0a7bc9b03e7145f52e78728d10f440d653274d	reviewed	-
zr_vm_aot/zr_vm_parser/src/zr_vm_parser/backend_aot/backend_aot_c_typed_bool_two_arg_thunks.c	zr_vm_aot	code	486b66a1279d0365c1c4941c9d878c4f70b63b2a62093e6e3a912001efde928e	reviewed	-
zr_vm_aot/zr_vm_parser/src/zr_vm_parser/backend_aot/backend_aot_c_typed_bool_two_arg_thunks.h	zr_vm_aot	code	6acd70334ab4d6f6f9f8fbaf9878c616bee5bc3780e742179169ece1afc5f878	reviewed	-
zr_vm_aot/zr_vm_parser/src/zr_vm_parser/backend_aot/backend_aot_c_typed_direct_bool_calls.c	zr_vm_aot	code	9c709010aa007bd30c6c0cb5aa3319ff659572dc658652c72aa2570571ee1d67	reviewed	-
zr_vm_aot/zr_vm_parser/src/zr_vm_parser/backend_aot/backend_aot_c_typed_direct_bool_calls.h	zr_vm_aot	code	a838897071b1c63ef583f0a6a0214dcee4d3e777d186c9f5df6dc1fbed67fa5e	reviewed	-
zr_vm_aot/zr_vm_parser/src/zr_vm_parser/backend_aot/backend_aot_c_typed_direct_calls.c	zr_vm_aot	code	db25103cb7a0f0cd47539d508d04adf958f0a3d9e57a13f208a65557b249ceca	reviewed	-
zr_vm_aot/zr_vm_parser/src/zr_vm_parser/backend_aot/backend_aot_c_typed_direct_calls.h	zr_vm_aot	code	11a3e2db2c64f4d3c807366089fd8a663bb97c7b646d85c48fd53abe9b578ce8	reviewed	-
zr_vm_aot/zr_vm_parser/src/zr_vm_parser/backend_aot/backend_aot_c_typed_direct_f64_calls.c	zr_vm_aot	code	da34173abeb48a2ae575b27a1b7a3cbb04c29bfc15127d8c80239bc43069a248	reviewed	-
zr_vm_aot/zr_vm_parser/src/zr_vm_parser/backend_aot/backend_aot_c_typed_direct_f64_calls.h	zr_vm_aot	code	6f9d5cc434f59b327f9b19628bc5ae28af39b4d370ed66d32ebec72629c0b757	reviewed	-
zr_vm_aot/zr_vm_parser/src/zr_vm_parser/backend_aot/backend_aot_c_typed_direct_i64_calls.c	zr_vm_aot	code	b0f73b7586b06bf7231e926161b00f9421b331e28a2f643278b50b9cd9d3fbbd	reviewed	-
zr_vm_aot/zr_vm_parser/src/zr_vm_parser/backend_aot/backend_aot_c_typed_direct_i64_calls.h	zr_vm_aot	code	d206169e1e22f5557eb98e677dc73896735c9fea1686327d030f26d66721f3a1	reviewed	-
zr_vm_aot/zr_vm_parser/src/zr_vm_parser/backend_aot/backend_aot_c_typed_direct_u64_calls.c	zr_vm_aot	code	a10208d1109c066be26069aa860229b5802edcf39a9765796b200bc27da2967e	reviewed	-
zr_vm_aot/zr_vm_parser/src/zr_vm_parser/backend_aot/backend_aot_c_typed_direct_u64_calls.h	zr_vm_aot	code	25338d64596c0ce43f0ac00758f778b8daa025e14a3b4ab234e5e9e90b1ca864	reviewed	-
zr_vm_aot/zr_vm_parser/src/zr_vm_parser/backend_aot/backend_aot_c_typed_f64_three_arg_shapes.c	zr_vm_aot	code	94cff86bf58d3c232afb51ee294bd9851ee85fb76822e4e8fcb65466a699e6f0	reviewed	-
zr_vm_aot/zr_vm_parser/src/zr_vm_parser/backend_aot/backend_aot_c_typed_f64_three_arg_shapes.h	zr_vm_aot	code	eac2dc8b927fb0e4255b349d85c303f6ced72adc97fec43664afc9992b9232a1	reviewed	-
zr_vm_aot/zr_vm_parser/src/zr_vm_parser/backend_aot/backend_aot_c_typed_f64_thunk_shapes.c	zr_vm_aot	code	175d345b451bb9202c12118e35c2c8b2f490a0059bb9140da54c0d6afd65a712	reviewed	-
zr_vm_aot/zr_vm_parser/src/zr_vm_parser/backend_aot/backend_aot_c_typed_f64_thunk_shapes.h	zr_vm_aot	code	a58686b87583fa5a6f3dd1a8bb2c3e8b73c43c9a21cb8888010e5d82760c23eb	reviewed	-
zr_vm_aot/zr_vm_parser/src/zr_vm_parser/backend_aot/backend_aot_c_typed_f64_thunks.c	zr_vm_aot	code	32eeed77d54c230b4ff2fc24a15f6cd5f0d5e06db55036b7a3c62e8e72c626f0	reviewed	-
zr_vm_aot/zr_vm_parser/src/zr_vm_parser/backend_aot/backend_aot_c_typed_f64_thunks.h	zr_vm_aot	code	117ea90bbc4a8bbe98c6c2e46f97c35ddd08822e81b4abc6c6c475b3e5334c13	reviewed	-
zr_vm_aot/zr_vm_parser/src/zr_vm_parser/backend_aot/backend_aot_c_typed_i64_loop_thunks.c	zr_vm_aot	code	7d20643f61b8f0b308e8a85804262eea8bead49c006b5cf7612d6f7134db38a1	reviewed	-
zr_vm_aot/zr_vm_parser/src/zr_vm_parser/backend_aot/backend_aot_c_typed_i64_loop_thunks.h	zr_vm_aot	code	9d6f33ecf8f74b97cfcbca2f4071e73846ade0ebd3ae622914aa851048e343ae	reviewed	-
zr_vm_aot/zr_vm_parser/src/zr_vm_parser/backend_aot/backend_aot_c_typed_i64_thunk_shapes.c	zr_vm_aot	code	f4cc1b4d5597fe4729d60e90ca3dbc59df9b7d52e8654bfd3288d6074cd0b62d	reviewed	-
zr_vm_aot/zr_vm_parser/src/zr_vm_parser/backend_aot/backend_aot_c_typed_i64_thunk_shapes.h	zr_vm_aot	code	c3aab6001b11b72032585038ce3091ffca46665e7db03df68e059dada667e279	reviewed	-
zr_vm_aot/zr_vm_parser/src/zr_vm_parser/backend_aot/backend_aot_c_typed_i64_thunks.c	zr_vm_aot	code	cc7a79272ecb26dd4002633ec0ae644858f4d70c016980e9f46bdcd23d9edcf1	reviewed	-
zr_vm_aot/zr_vm_parser/src/zr_vm_parser/backend_aot/backend_aot_c_typed_i64_thunks.h	zr_vm_aot	code	04e9beccd031fbe684b3e061fb9c0a79dfd9e9b08dc0312a4e6ade0634950489	reviewed	-
zr_vm_aot/zr_vm_parser/src/zr_vm_parser/backend_aot/backend_aot_c_typed_return.c	zr_vm_aot	code	f83dc0272ebf4c63574948a0c78dade0666cc8428e216c4a94ff0adb2a0f3c74	reviewed	-
zr_vm_aot/zr_vm_parser/src/zr_vm_parser/backend_aot/backend_aot_c_typed_return.h	zr_vm_aot	code	29301f2791ae21a67e6b60c6c8afa55e17f74d318e4c6a5a98e92186a8c86e28	reviewed	-
zr_vm_aot/zr_vm_parser/src/zr_vm_parser/backend_aot/backend_aot_c_typed_u64_three_arg_thunks.c	zr_vm_aot	code	5820952249227040372dca63576fdb045a1f00c86a7cfbc2a7380ee9d55d1da1	reviewed	-
zr_vm_aot/zr_vm_parser/src/zr_vm_parser/backend_aot/backend_aot_c_typed_u64_three_arg_thunks.h	zr_vm_aot	code	473a59e0a420fbbcce3af7da0d1a194ac923e1572e2dff1a82da75c1c8382d56	reviewed	-
zr_vm_aot/zr_vm_parser/src/zr_vm_parser/backend_aot/backend_aot_c_typed_u64_thunk_shapes.c	zr_vm_aot	code	49d67a436d6270bdf31ede8f10c456e76d5398aecaa32b0c7aedcda2914856c6	reviewed	-
zr_vm_aot/zr_vm_parser/src/zr_vm_parser/backend_aot/backend_aot_c_typed_u64_thunk_shapes.h	zr_vm_aot	code	1dabb7736df2ae64711a3a372f7e7e37354fa2505628716928dba52d18db6d41	reviewed	-
zr_vm_aot/zr_vm_parser/src/zr_vm_parser/backend_aot/backend_aot_c_typed_u64_thunks.c	zr_vm_aot	code	2948221d134fecd0cb215c40287dbc568fd87676f4be407324b12bc623618d58	reviewed	-
zr_vm_aot/zr_vm_parser/src/zr_vm_parser/backend_aot/backend_aot_c_typed_u64_thunks.h	zr_vm_aot	code	3b40955a8d5523edb5dabe317249d3a2f2a342feffe9a1d5f8dbe317c0871381	reviewed	-
zr_vm_aot/zr_vm_parser/src/zr_vm_parser/backend_aot/backend_aot_c_value_access_boundaries.c	zr_vm_aot	code	f757e51102545fc97e88522e134d9f29f0b918013d19d27eae32db482938e626	reviewed	-
zr_vm_aot/zr_vm_parser/src/zr_vm_parser/backend_aot/backend_aot_c_value_semir.c	zr_vm_aot	code	06d4dfc2908d0c8f05e8e4c4015c2709359729070fc3b098bcc37d8df45ae42c	reviewed	-
zr_vm_aot/zr_vm_parser/src/zr_vm_parser/backend_aot/backend_aot_c_value_semir.h	zr_vm_aot	code	8a5c6f3f141a1a88404c3d67a2d5934a4b4096854f797d245824733f8255198e	reviewed	-
zr_vm_aot/zr_vm_parser/src/zr_vm_parser/backend_aot/backend_aot_c_value_semir_calls.c	zr_vm_aot	code	e2a371fedae79daf2a09ab31379ad601c7c0045610af7baeb37391fbaa479ebf	reviewed	-
zr_vm_aot/zr_vm_parser/src/zr_vm_parser/backend_aot/backend_aot_c_value_semir_calls.h	zr_vm_aot	code	edec527a8baacdd773f269b797992d454615d69b58744d90772d6f198d0d9701	reviewed	-
zr_vm_aot/zr_vm_parser/src/zr_vm_parser/backend_aot/backend_aot_c_value_semir_field_scalar_locals.c	zr_vm_aot	code	50a66c94cf30611c2e0f02cfdfd9c967e4a374f8ab48074259f28db2d4f2506c	reviewed	-
zr_vm_aot/zr_vm_parser/src/zr_vm_parser/backend_aot/backend_aot_c_value_semir_field_scalar_locals.h	zr_vm_aot	code	e4df9c37ca35000691836b83f3a4bf5aff8fdff3318845d6a81572dbdd4a2a85	reviewed	-
zr_vm_aot/zr_vm_parser/src/zr_vm_parser/backend_aot/backend_aot_c_value_semir_fields.c	zr_vm_aot	code	283d8d9ec0377a03a24c04fc8ff8cd6a00e39b9dee19082568822fd44ef44eb3	reviewed	-
zr_vm_aot/zr_vm_parser/src/zr_vm_parser/backend_aot/backend_aot_c_value_semir_fields.h	zr_vm_aot	code	f8928401262ca98251a1be7183e6fa73c6296052749d8f99b030b19f75b7cc26	reviewed	-
zr_vm_aot/zr_vm_parser/src/zr_vm_parser/backend_aot/backend_aot_c_zrp_metadata_constant_pool.c	zr_vm_aot	code	60a02b41046ce951ed2d8379f5ae671cbcce1b131f901ad40d89298ed613830a	reviewed	-
zr_vm_aot/zr_vm_parser/src/zr_vm_parser/backend_aot/backend_aot_c_zrp_metadata_constant_pool.h	zr_vm_aot	code	c8e42cc508a27f2824d5cc59983896e0c0b6131d185e7568088a7c5d55b5159e	reviewed	-
zr_vm_aot/zr_vm_parser/src/zr_vm_parser/backend_aot/backend_aot_c_zrp_metadata_manifest_export.c	zr_vm_aot	code	ae7bda543c2ad4f1dd3178526782a5d67ff8f56c4076e94c8145b143ca2fa006	reviewed	-
zr_vm_aot/zr_vm_parser/src/zr_vm_parser/backend_aot/backend_aot_c_zrp_metadata_manifest_export.h	zr_vm_aot	code	955c21b245ba9c5ba0866d7faed2234a0a8e2228002ed82d5cc19c9b18bc6609	reviewed	-
zr_vm_aot/zr_vm_parser/src/zr_vm_parser/backend_aot/backend_aot_c_zrp_metadata_member_token.c	zr_vm_aot	code	86c11e1c67da182a870bb38bde01c90e617cb59b1a27f32ead6f8257a0eb5001	reviewed	-
zr_vm_aot/zr_vm_parser/src/zr_vm_parser/backend_aot/backend_aot_c_zrp_metadata_member_token.h	zr_vm_aot	code	7feff517902b5a4ff030476fbd954ac7a17318ae94cb044317139bc1c2c8bc78	reviewed	-
zr_vm_aot/zr_vm_parser/src/zr_vm_parser/backend_aot/backend_aot_c_zrp_metadata_module_ref.c	zr_vm_aot	code	c8a89e5a12d516dcb95a84f0b4ecdbbb625772a72022cf8d5fb5b402b5940c94	reviewed	-
zr_vm_aot/zr_vm_parser/src/zr_vm_parser/backend_aot/backend_aot_c_zrp_metadata_module_ref.h	zr_vm_aot	code	58ae30796de89f2505ad163fa02cd8a74f0b391ce145c7410bc8b6fd0b8049a3	reviewed	-
zr_vm_aot/zr_vm_parser/src/zr_vm_parser/backend_aot/backend_aot_c_zrp_metadata_prune.c	zr_vm_aot	code	436ecfb271c79433788d2d76f9cced4feebc8fee4ef9ddae92e9f068fafd8f7d	reviewed	-
zr_vm_aot/zr_vm_parser/src/zr_vm_parser/backend_aot/backend_aot_c_zrp_metadata_prune.h	zr_vm_aot	code	78b35a2b1369740b46adf625da33af01fde4984ff4b715502fd7a2c39787dba8	reviewed	-
zr_vm_aot/zr_vm_parser/src/zr_vm_parser/backend_aot/backend_aot_c_zrp_metadata_publication.c	zr_vm_aot	code	7f4c399ea9373712ffce959b3f0ee789b5e85744256f66bf0614fd71e8c4676e	reviewed	-
zr_vm_aot/zr_vm_parser/src/zr_vm_parser/backend_aot/backend_aot_c_zrp_metadata_publication.h	zr_vm_aot	code	a3f9ff9d7a568b66b637759dfcb960781d79ffb42dc70c1f9ded26cca0b4ec3d	reviewed	-
zr_vm_aot/zr_vm_parser/src/zr_vm_parser/backend_aot/backend_aot_c_zrp_metadata_remap.c	zr_vm_aot	code	cf8f0afff9af82ebdada2fdefe544f3b3365ea36246f80deb9a87268f857a3c2	reviewed	-
zr_vm_aot/zr_vm_parser/src/zr_vm_parser/backend_aot/backend_aot_c_zrp_metadata_remap.h	zr_vm_aot	code	99d421f6154bae7351cab27962a4645379a4263067ad437183c7aa72b0114924	reviewed	-
zr_vm_aot/zr_vm_parser/src/zr_vm_parser/backend_aot/backend_aot_c_zrp_metadata_sections.c	zr_vm_aot	code	8536359f76d2ebf3c0843091c6d220412731e8af0933e4549516d4f07f28a3bb	reviewed	-
zr_vm_aot/zr_vm_parser/src/zr_vm_parser/backend_aot/backend_aot_c_zrp_metadata_sections.h	zr_vm_aot	code	4d504016e0488581b2f0460bdc8cc28d72b4362ee2bb6e75bb0ce3c5d87d7919	reviewed	-
zr_vm_aot/zr_vm_parser/src/zr_vm_parser/backend_aot/backend_aot_c_zrp_metadata_signature.c	zr_vm_aot	code	13126becb12b0f9ddff092f970f54ed0644bb58c9bdc828b008f66999c84700c	reviewed	-
zr_vm_aot/zr_vm_parser/src/zr_vm_parser/backend_aot/backend_aot_c_zrp_metadata_signature.h	zr_vm_aot	code	a1c34a582b31901769b7073e749970844d57966fcb692215ef6b7246da386ff2	reviewed	-
zr_vm_aot/zr_vm_parser/src/zr_vm_parser/backend_aot/backend_aot_c_zrp_metadata_size.c	zr_vm_aot	code	6b9a63fccba8176af1f113618a5ef614838dff4a4a1077f33ea9c61ca49a4845	reviewed	-
zr_vm_aot/zr_vm_parser/src/zr_vm_parser/backend_aot/backend_aot_c_zrp_metadata_size.h	zr_vm_aot	code	297d68978bdd8a2008f8814a0f02268c566b15b45d2f67b433da67e2289ff2e3	reviewed	-
zr_vm_aot/zr_vm_parser/src/zr_vm_parser/backend_aot/backend_aot_c_zrp_metadata_string_pool.c	zr_vm_aot	code	43f861dbbe913acfd009577ccfa81c25a55e6eac48994a7f01183356f5f63b1e	reviewed	-
zr_vm_aot/zr_vm_parser/src/zr_vm_parser/backend_aot/backend_aot_c_zrp_metadata_string_pool.h	zr_vm_aot	code	0ba8dca87447ce13cfc2a305f29fa5ae928ba1b09133ba09064ba6a8e12b0be3	reviewed	-
zr_vm_aot/zr_vm_parser/src/zr_vm_parser/backend_aot/backend_aot_c_zrp_metadata_type_def.c	zr_vm_aot	code	0a16d770ef58ca1bb8a8f6f650966f619890e9c937d666c2e4938240bbc98183	reviewed	-
zr_vm_aot/zr_vm_parser/src/zr_vm_parser/backend_aot/backend_aot_c_zrp_metadata_type_def.h	zr_vm_aot	code	ec8b13751d65fc89eda42c2abea9847d96545b3558a0a328318daec2ff9196a2	reviewed	-
zr_vm_aot/zr_vm_parser/src/zr_vm_parser/backend_aot/backend_aot_c_zrp_metadata_type_spec.c	zr_vm_aot	code	0f4860b6d3a6f7bd8c35576ffea25106278f8aebbad47d2492d83750cab09270	reviewed	-
zr_vm_aot/zr_vm_parser/src/zr_vm_parser/backend_aot/backend_aot_c_zrp_metadata_type_spec.h	zr_vm_aot	code	7ce9f25f5bee74eee7e0dddfb09dd12c400f84a5d72fe5d9b823ecbecaec5ee9	reviewed	-
zr_vm_aot/zr_vm_parser/src/zr_vm_parser/backend_aot/backend_aot_callable_provenance.c	zr_vm_aot	code	3bd3ec8cef56f3a2aed10dcaa2c96daa3339b35a15aa6e1d0f887e2e09f6f907	reviewed	-
zr_vm_aot/zr_vm_parser/src/zr_vm_parser/backend_aot/backend_aot_callable_provenance.h	zr_vm_aot	code	851e117bd2369a83083e16b383457da7eeea2fa37ccdbf0332ac20655b8a760b	reviewed	-
zr_vm_aot/zr_vm_parser/src/zr_vm_parser/backend_aot/backend_aot_canonical_artifact.c	zr_vm_aot	code	43b294262ef087dd490909590ae8109d88eefac6516019b5bb55674d5470ca90	reviewed	-
zr_vm_aot/zr_vm_parser/src/zr_vm_parser/backend_aot/backend_aot_canonical_artifact.h	zr_vm_aot	code	a02467ac0c09f6a8fdf68e6e9f00c92c93f221a83222c3cfca2a0c1e2b19d09c	reviewed	-
zr_vm_aot/zr_vm_parser/src/zr_vm_parser/backend_aot/backend_aot_disabled_stub.c	zr_vm_aot	code	301af50082b00665764811767b2e7665fb457e333b21ca1a4ce956890b5a1a5e	reviewed	-
zr_vm_aot/zr_vm_parser/src/zr_vm_parser/backend_aot/backend_aot_exec_ir.c	zr_vm_aot	code	352136559c8edc8b9e546fa5eea5350ad028082d0ca7b62c542849763665ca09	reviewed	-
zr_vm_aot/zr_vm_parser/src/zr_vm_parser/backend_aot/backend_aot_exec_ir.h	zr_vm_aot	code	5204aa5809d6bf48b09aca725d41065b6c91397e5875fa5421e660574f6b10b2	reviewed	-
zr_vm_aot/zr_vm_parser/src/zr_vm_parser/backend_aot/backend_aot_exec_ir_frame.c	zr_vm_aot	code	4eb8941c8af3e5cfa18902aef252098adc4533ea72d3c0f4f9a4791b62691e5a	reviewed	-
zr_vm_aot/zr_vm_parser/src/zr_vm_parser/backend_aot/backend_aot_exec_ir_frame.h	zr_vm_aot	code	8780033bb91c48eea5dbf8b78ee5d3c5945cf0fe5f51c750adb28e493fc30c79	reviewed	-
zr_vm_aot/zr_vm_parser/src/zr_vm_parser/backend_aot/backend_aot_exec_ir_return_layout.c	zr_vm_aot	code	025009983311583b98b40d93d11b87c5f8ba20822a49726537a3f701c65006ee	reviewed	-
zr_vm_aot/zr_vm_parser/src/zr_vm_parser/backend_aot/backend_aot_exec_ir_return_layout.h	zr_vm_aot	code	f5e4a8ae88ac4a92757702429792e946ef706e952571096c95c9741f3071257e	reviewed	-
zr_vm_aot/zr_vm_parser/src/zr_vm_parser/backend_aot/backend_aot_exec_ir_source_location.c	zr_vm_aot	code	cddd309c363fbc5d8a84aa12fdb9f075d3c9eefd05b638ae051990c0be3178ed	reviewed	-
zr_vm_aot/zr_vm_parser/src/zr_vm_parser/backend_aot/backend_aot_exec_ir_source_location.h	zr_vm_aot	code	e6ae57ed42b696aad75103c1f532bcdd48a4b9a49f6069b51d07c983506a0796	reviewed	-
zr_vm_aot/zr_vm_parser/src/zr_vm_parser/backend_aot/backend_aot_function_table.c	zr_vm_aot	code	8b897e209d6a953a5894bfde6c7647f173751d77a00c166c89fedc6eafe4327c	reviewed	-
zr_vm_aot/zr_vm_parser/src/zr_vm_parser/backend_aot/backend_aot_function_table.h	zr_vm_aot	code	6401bccecae9100032e40e5332b6e870dfd4afab78fa8157adb77f94f698115c	reviewed	-
zr_vm_aot/zr_vm_parser/src/zr_vm_parser/backend_aot/backend_aot_internal.h	zr_vm_aot	code	94b4473f8d2c4f2c56ffcf4d4712b1a4157bf0d0710d30c0f79989992d05ff0e	reviewed	-
zr_vm_aot/zr_vm_parser/src/zr_vm_parser/backend_aot/backend_aot_ir_adapter.c	zr_vm_aot	code	889e9b817ec52dc54bc0b3b2d8c639669283633a97fd49985c5468eaf281e8fd	reviewed	-
zr_vm_aot/zr_vm_parser/src/zr_vm_parser/backend_aot/backend_aot_ir_adapter.h	zr_vm_aot	code	28191c24580ccedb973ceac0292ad09b0e7fe18ec7c5e9d75fa78ccad768817a	reviewed	-
zr_vm_aot/zr_vm_parser/src/zr_vm_parser/backend_aot/backend_aot_ir_c.c	zr_vm_aot	code	de63591f35157aa4f3d7c41df55743269ab0676358a8a0e733006239e044f4f0	reviewed	-
zr_vm_aot/zr_vm_parser/src/zr_vm_parser/backend_aot/backend_aot_ir_coverage.c	zr_vm_aot	code	cfb8bb708cdc5b51161bc445ff818e11118ee4bc955be34329995fa1231e1fe0	reviewed	-
zr_vm_aot/zr_vm_parser/src/zr_vm_parser/backend_aot/backend_aot_ir_coverage.h	zr_vm_aot	code	67115911d488a836d36e43f671c0fe1b74f96d98259616c520f3073261567f04	reviewed	-
zr_vm_aot/zr_vm_parser/src/zr_vm_parser/backend_aot/backend_aot_ir_llvm.c	zr_vm_aot	code	e1639e431d9a9a1a4aaf63d19c8b138cbfa2090548c8bcdf772bab98a36fa784	reviewed	-
zr_vm_aot/zr_vm_parser/src/zr_vm_parser/backend_aot/backend_aot_link_profile.c	zr_vm_aot	code	4cd6368c20e1f3ae351fee77864d013e11ceee74a03f9531a1d0062e6e9f6ee5	reviewed	-
zr_vm_aot/zr_vm_parser/src/zr_vm_parser/backend_aot/backend_aot_link_profile.h	zr_vm_aot	code	ddf2b666d0259dcfb8bb6edd485cea67dec0d32adc9e541f350892f37c547301	reviewed	-
zr_vm_aot/zr_vm_parser/src/zr_vm_parser/backend_aot/backend_aot_llvm_call_bindings.c	zr_vm_aot	code	3dd9ce31854657ffba23e4107186deb1b764ed9a7df8447ea05fc0780db52a8f	reviewed	-
zr_vm_aot/zr_vm_parser/src/zr_vm_parser/backend_aot/backend_aot_llvm_call_bindings.h	zr_vm_aot	code	e2be25493e90a115d63f44ae471d50737a395ec78d056ddda9f0810a40f91fbc	reviewed	-
zr_vm_aot/zr_vm_parser/src/zr_vm_parser/backend_aot/backend_aot_llvm_emitter.c	zr_vm_aot	code	ad849a7d4f48763150f94569c5835c21cd54c827a15184a9e83c437f9f653091	reviewed	-
zr_vm_aot/zr_vm_parser/src/zr_vm_parser/backend_aot/backend_aot_llvm_emitter.h	zr_vm_aot	code	1a7441a69f5dd74bf028b15aac7452cef2a55befd49d334bb78d06912d07ea16	reviewed	-
zr_vm_aot/zr_vm_parser/src/zr_vm_parser/backend_aot/backend_aot_llvm_function_body.c	zr_vm_aot	code	b6ec734b04e3f5be28c561bebd827aa34bc8c881fca9d70f967c02e5c86dc948	reviewed	-
zr_vm_aot/zr_vm_parser/src/zr_vm_parser/backend_aot/backend_aot_llvm_function_body.h	zr_vm_aot	code	e44f4cf1f91c599ad052c321eae975bb0fe9b33606094a796ff36cd1cd1efeb8	reviewed	-
zr_vm_aot/zr_vm_parser/src/zr_vm_parser/backend_aot/backend_aot_llvm_lowering_arithmetic.c	zr_vm_aot	code	c52e48801f22896303ca2d90a17e597146463ad325a75e2c0a00fb6f14af02fa	reviewed	-
zr_vm_aot/zr_vm_parser/src/zr_vm_parser/backend_aot/backend_aot_llvm_lowering_branch_control.c	zr_vm_aot	code	362a371e54522f4f3b8d2d7f86f1ab124a78ce613e117eb1b40966ea712af2da	reviewed	-
zr_vm_aot/zr_vm_parser/src/zr_vm_parser/backend_aot/backend_aot_llvm_lowering_calls.c	zr_vm_aot	code	7c60c083167a98683ca39acc02e4910a48ae80d33d176546d7daae422528f244	reviewed	-
zr_vm_aot/zr_vm_parser/src/zr_vm_parser/backend_aot/backend_aot_llvm_lowering_closure_slots.c	zr_vm_aot	code	288ee351901fc4ccc47c80fd686fcce34ce8af3de30bb09f6be07d4988875267	reviewed	-
zr_vm_aot/zr_vm_parser/src/zr_vm_parser/backend_aot/backend_aot_llvm_lowering_closures.c	zr_vm_aot	code	08a0caf511cb0f8f637098e8241f2194d56f9d16cb5fcc85fb5118649391f35a	reviewed	-
zr_vm_aot/zr_vm_parser/src/zr_vm_parser/backend_aot/backend_aot_llvm_lowering_constant_comparison.c	zr_vm_aot	code	ad1aa189d7621b8680f1d41bd9760039cd207c25a712ce55db6c865fdd302d46	reviewed	-
zr_vm_aot/zr_vm_parser/src/zr_vm_parser/backend_aot/backend_aot_llvm_lowering_constants.c	zr_vm_aot	code	d37a2e16856688c2595b8dd0de439479d817546fcb0a04ce688b132b83f65c54	reviewed	-
zr_vm_aot/zr_vm_parser/src/zr_vm_parser/backend_aot/backend_aot_llvm_lowering_control.c	zr_vm_aot	code	3a1c38159b881da1b47e79508f7dcca2f9b369a97790b089d138fbcd132dcbce	reviewed	-
zr_vm_aot/zr_vm_parser/src/zr_vm_parser/backend_aot/backend_aot_llvm_lowering_creations.c	zr_vm_aot	code	1a185fccc76bd91ff735e074ff42cd3c70fa41e79eb3a43aff25fa520d72f657	reviewed	-
zr_vm_aot/zr_vm_parser/src/zr_vm_parser/backend_aot/backend_aot_llvm_lowering_exception_control.c	zr_vm_aot	code	a3f819f365623e48898191d095b1503eda39039c8bb38dc86301d0f9077d531f	reviewed	-
zr_vm_aot/zr_vm_parser/src/zr_vm_parser/backend_aot/backend_aot_llvm_lowering_function_calls.c	zr_vm_aot	code	96536f1428181c2839cc1ed653ccc7d3c955b51f1b249277059c7998f9cd7247	reviewed	-
zr_vm_aot/zr_vm_parser/src/zr_vm_parser/backend_aot/backend_aot_llvm_lowering_globals.c	zr_vm_aot	code	ff5a479d1b60a1d168125e7d8fa3350bac4b7cc219267fd109718f16a2516ba6	reviewed	-
zr_vm_aot/zr_vm_parser/src/zr_vm_parser/backend_aot/backend_aot_llvm_lowering_index_access.c	zr_vm_aot	code	8bdb86e12d97ad649b382c979fc9017bf7df97e506164811ea297467b79299e3	reviewed	-
zr_vm_aot/zr_vm_parser/src/zr_vm_parser/backend_aot/backend_aot_llvm_lowering_iterators.c	zr_vm_aot	code	d64cf2909f2cfb296c0e605caaba44d4b2ec3e93ef3f25fba2ff1346c7145f54	reviewed	-
zr_vm_aot/zr_vm_parser/src/zr_vm_parser/backend_aot/backend_aot_llvm_lowering_member_access.c	zr_vm_aot	code	72e62b87950c411cd3a88a33e70254f1a4f7d0b178909982d652f77f1de3eeb4	reviewed	-
zr_vm_aot/zr_vm_parser/src/zr_vm_parser/backend_aot/backend_aot_llvm_lowering_member_index.c	zr_vm_aot	code	fc68614a2356e6ed311b5bf4b3e4e324bcfb0d3718845c442b7763df45c92dd5	reviewed	-
zr_vm_aot/zr_vm_parser/src/zr_vm_parser/backend_aot/backend_aot_llvm_lowering_meta_access.c	zr_vm_aot	code	e1e1164c2fb47eed382d8d2bd41a17874e772019d3ab81fd4b2a39094745d285	reviewed	-
zr_vm_aot/zr_vm_parser/src/zr_vm_parser/backend_aot/backend_aot_llvm_lowering_meta_calls.c	zr_vm_aot	code	a6984fc83b61b5b1772f1a701a986cfb65fb660fb5b1ea584991fd3b4f298456	reviewed	-
zr_vm_aot/zr_vm_parser/src/zr_vm_parser/backend_aot/backend_aot_llvm_lowering_object_meta_owning.c	zr_vm_aot	code	8e4edea6658a8ff894ae7e36191600ee99369a20a7dbb25ae345c10585393d9a	reviewed	-
zr_vm_aot/zr_vm_parser/src/zr_vm_parser/backend_aot/backend_aot_llvm_lowering_objects.c	zr_vm_aot	code	00d847d9be5d5e33aa52f1278d5143cb7581c6e3a3a0fecbf42d8b104e372fd6	reviewed	-
zr_vm_aot/zr_vm_parser/src/zr_vm_parser/backend_aot/backend_aot_llvm_lowering_ownership.c	zr_vm_aot	code	918a58cc15ae2238185657db7ca3fbea14277cb71c4459c2943bc7e64e79ed73	reviewed	-
zr_vm_aot/zr_vm_parser/src/zr_vm_parser/backend_aot/backend_aot_llvm_lowering_stack_slots.c	zr_vm_aot	code	2a3df062f79667a0d5e199f80272d239b039f2851b42d32b0db6c15776e5e3a2	reviewed	-
zr_vm_aot/zr_vm_parser/src/zr_vm_parser/backend_aot/backend_aot_llvm_lowering_type_conversions.c	zr_vm_aot	code	39cd89ee963b68b001cd1c6f159bcde02a21496a3439781b09d7981b263da102	reviewed	-
zr_vm_aot/zr_vm_parser/src/zr_vm_parser/backend_aot/backend_aot_llvm_lowering_values.c	zr_vm_aot	code	d40596478cefcfbf4f95a61c7383044056bfc28b700eb158cc28aed46dd5a89c	reviewed	-
zr_vm_aot/zr_vm_parser/src/zr_vm_parser/backend_aot/backend_aot_llvm_module_artifacts.c	zr_vm_aot	code	6d6597bffa083a67f3425873c1dc05c5f2315ed0adceaf2c5abab0ba03e3a280	reviewed	-
zr_vm_aot/zr_vm_parser/src/zr_vm_parser/backend_aot/backend_aot_llvm_module_artifacts.h	zr_vm_aot	code	cd60512080ee53323976d24439fd4b7f629ed21374b0ae709eb6bfbf6aa42fa1	reviewed	-
zr_vm_aot/zr_vm_parser/src/zr_vm_parser/backend_aot/backend_aot_llvm_module_prelude.c	zr_vm_aot	code	f655e875c8bfccc05750d566211d7dc163c804b8c96dd4c9d1ffd91b2e73b89b	reviewed	-
zr_vm_aot/zr_vm_parser/src/zr_vm_parser/backend_aot/backend_aot_llvm_module_prelude.h	zr_vm_aot	code	02cf00031bd0027184b2ff1167bf476411f6d3418018a00f264464905253cf48	reviewed	-
zr_vm_aot/zr_vm_parser/src/zr_vm_parser/backend_aot/backend_aot_llvm_text_call_result.c	zr_vm_aot	code	7ea72c30e2ec00e7809eca14bf25ef03910a950d18a87d444430b43d7c720c8c	reviewed	-
zr_vm_aot/zr_vm_parser/src/zr_vm_parser/backend_aot/backend_aot_llvm_text_call_result.h	zr_vm_aot	code	a19e1e2858b4517c2d275e6019886ae61f7217809d6bd73a2335169ca3623933	reviewed	-
zr_vm_aot/zr_vm_parser/src/zr_vm_parser/backend_aot/backend_aot_llvm_text_emit.c	zr_vm_aot	code	6e23faebb28ef4b2af57fc884d8e9e41382b0f280a6c08634e6fabc8aae84181	reviewed	-
zr_vm_aot/zr_vm_parser/src/zr_vm_parser/backend_aot/backend_aot_llvm_text_emit.h	zr_vm_aot	code	c9dc022ffc45dbc486c2f93faf333e827ef6de79b44fc91fef2859cdd7dcf1c4	reviewed	-
zr_vm_aot/zr_vm_parser/src/zr_vm_parser/backend_aot/backend_aot_llvm_text_flow.c	zr_vm_aot	code	74d911516b510d42658822e90bbf117301396a2e8ee2350f737c7a6e98fa6afd	reviewed	-
zr_vm_aot/zr_vm_parser/src/zr_vm_parser/backend_aot/backend_aot_llvm_text_flow.h	zr_vm_aot	code	ba46e648040d38810ac5acba27e2765b8089d05e60f8ed107e1f3c3a88117670	reviewed	-
zr_vm_aot/zr_vm_parser/src/zr_vm_parser/backend_aot/backend_aot_llvm_text_terminal.c	zr_vm_aot	code	e54c83b6c6312af05069553d2d27559964c524a314b6fb2acb25385f493dbbdf	reviewed	-
zr_vm_aot/zr_vm_parser/src/zr_vm_parser/backend_aot/backend_aot_llvm_text_terminal.h	zr_vm_aot	code	caeb47d9166a12bed2dbf8c59d83110697e0ee48eb1ae274b932e43090eb77a4	reviewed	-
zr_vm_aot/zr_vm_parser/src/zr_vm_parser/backend_aot/backend_aot_reachability.c	zr_vm_aot	code	fce28e4ae30e986cdebc3000d24e536cc6e538b0c81b5084618aca51c84bb4a1	reviewed	-
zr_vm_aot/zr_vm_parser/src/zr_vm_parser/backend_aot/backend_aot_reachability.h	zr_vm_aot	code	b5f023f4eca77224e164e64b00b437513e78d29c1182b6e559e8a64340c5b9ff	reviewed	-
zr_vm_aot/zr_vm_parser/src/zr_vm_parser/backend_aot/backend_aot_reachability_function_graph.c	zr_vm_aot	code	05d99f4b1e66974d57e55c394a99d19321f8736be17bc88f9ebf5ab3a7efcc0a	reviewed	-
zr_vm_aot/zr_vm_parser/src/zr_vm_parser/backend_aot/backend_aot_reachability_function_graph.h	zr_vm_aot	code	d8a00639c557f91b625cb7a54fd592aab4073179437e264ac6dda54211f5a06f	reviewed	-
zr_vm_cli/CMakeLists.txt	zr_vm_cli	config	1e0818eb37c630351f1bd69d1b86f47abc2a4abc0b415675d128b104ec8f9b3f	reviewed	-
zr_vm_cli/include/zr_vm_cli.h	zr_vm_cli	code	4ffa16c68319308eadb76a6e9ece05b7dfea9f237e01e67ab9e8c1107189fffa	reviewed	-
zr_vm_cli/include/zr_vm_cli/conf.h	zr_vm_cli	code	df79733c7f10cfd81965e090dda3c4db67b1a1683d47f9b7ecd99391cc9bed4f	reviewed	-
zr_vm_cli/src/zr_vm_cli.c	zr_vm_cli	code	2637b973fb81a568f3cbda1edb7dc882ad709cc98503e9c025bcaa3bec08ddad	reviewed	-
zr_vm_cli/src/zr_vm_cli/app/app.c	zr_vm_cli	code	427dec71b91a189ea08d58c30fc6a462b73fb87418e8b5b266ddf0e0147c8dba	reviewed	-
zr_vm_cli/src/zr_vm_cli/app/app.h	zr_vm_cli	code	24c55a3bc20224873a1d8502a0f3934fe5625e4a3a00c0520c2a1d7550aac881	reviewed	-
zr_vm_cli/src/zr_vm_cli/command/command.c	zr_vm_cli	code	40399ee44f9b241ed49d2190c1e79ebc12a322af371806a21293bf1df037aaa9	reviewed	-
zr_vm_cli/src/zr_vm_cli/command/command.h	zr_vm_cli	code	4e2dbfc8823f684ee71282f8cd87d561992be30c4085294138197ea5ed5ecd80	reviewed	-
zr_vm_cli/src/zr_vm_cli/commands/explain_optimize_command.c	zr_vm_cli	code	e2047dfa09276c8ee336c22340e18341fd4d12fba9fe000a57af201219ee8795	reviewed	-
zr_vm_cli/src/zr_vm_cli/commands/explain_optimize_command.h	zr_vm_cli	code	e152e9cd346d0ed8d0b41381b76d6575f06a3aba8c0a01b4edf4c66e5baf3d86	reviewed	-
zr_vm_cli/src/zr_vm_cli/commands/test_command.c	zr_vm_cli	code	061a700984787b0ccaf4584da59ac53dbadaf77c0e592c93aafdf987374a8596	reviewed	-
zr_vm_cli/src/zr_vm_cli/commands/test_command.h	zr_vm_cli	code	744443e8661145f0308132f423d7fa14ed56622b52bdcbc202c4ffb252092ea0	reviewed	-
zr_vm_cli/src/zr_vm_cli/compiler/compiler.c	zr_vm_cli	code	b4c52b71ce179d82c80de0f22380d252e5a6a85cbc88e34c91bfc5b060cc7edc	reviewed	-
zr_vm_cli/src/zr_vm_cli/compiler/compiler.h	zr_vm_cli	code	5c2439a8573fd7885265b3db37f083f2e64cca13267df0061a44409c1160ca1f	reviewed	-
zr_vm_cli/src/zr_vm_cli/compiler/compiler_aot.c	zr_vm_cli	code	5957f6a9e03701ee030687d7249c9b3d84d2afdc5e41541f51b9a2666b79d519	reviewed	-
zr_vm_cli/src/zr_vm_cli/compiler/compiler_aot.h	zr_vm_cli	code	e924704cb8e6dbbd819f046f843bb8a8538a1a8c00cbf8e187a5ba688f8f7ee5	reviewed	-
zr_vm_cli/src/zr_vm_cli/compiler/compiler_aot_exports.c	zr_vm_cli	code	2d343cb3bb0ef1b4e3b54207099f6aa0a8301828c24b6ded309bf8dde4181182	reviewed	-
zr_vm_cli/src/zr_vm_cli/compiler/compiler_aot_exports.h	zr_vm_cli	code	db55293d44612148b9ae0aad035dcf6aea8baf8380b3ad3a52839441c8b7f50a	reviewed	-
zr_vm_cli/src/zr_vm_cli/metadata/zrp_metadata_dump.c	zr_vm_cli	code	ba128b78092c205f09f60fdc05026a0aa5bdbf6f1601e4ab155552c7122bbb44	reviewed	元数据三种模式及调用链已审查
zr_vm_cli/src/zr_vm_cli/metadata/zrp_metadata_dump.h	zr_vm_cli	code	ef022904bb487932995f8c62f0b67c7ffe05ee5c9e42219abe09641fa01b1739	reviewed	公开接口与输入格式契约已审查
zr_vm_cli/src/zr_vm_cli/migration/migration.c	zr_vm_cli	code	a2df0a8f022f4df89080ed4e43b05bf062fd23344e69c04b3843667392f69254	reviewed	-
zr_vm_cli/src/zr_vm_cli/migration/migration.h	zr_vm_cli	code	9f9cc9cf02a3aaba367ffd012a2f32e800b46ae26aeb61b19a6148d25b1aba22	reviewed	-
zr_vm_cli/src/zr_vm_cli/project/project.c	zr_vm_cli	code	3fac421825b595b02559c9bce8d536a0e75130f9dd43d236a89a391bb5081239	reviewed	-
zr_vm_cli/src/zr_vm_cli/project/project.h	zr_vm_cli	code	749272afeb564a5aee87b0f3a31b3e48c1aa97f245d00c2d113a18f91535c386	reviewed	-
zr_vm_cli/src/zr_vm_cli/repl/repl.c	zr_vm_cli	code	1d4cf6e886c73f87c7d87a54ccbc337ceef3063410d780a92e5e9fa6c9afa8a6	reviewed	-
zr_vm_cli/src/zr_vm_cli/repl/repl.h	zr_vm_cli	code	97093017c0966e9c0488e7f38c605fba7e064084f31547ae45f5b7a22a5189ee	reviewed	-
zr_vm_cli/src/zr_vm_cli/repl/repl_input_scan.c	zr_vm_cli	code	01e81fcd0ae205b25e0ebf3aa3a7df2893f5d7a05fbe65dc0170f210e000abea	reviewed	-
zr_vm_cli/src/zr_vm_cli/repl/repl_input_scan.h	zr_vm_cli	code	2a23b1d84773a096921bdb27346bfac6426483779eac1df04b4cdbde47c93a97	reviewed	-
zr_vm_cli/src/zr_vm_cli/repl/repl_semantic_expression_walk.c	zr_vm_cli	code	77ec09aa921bafff1e433a8d504b096705ce6cf143c19f3ea646ae2b3969250f	reviewed	-
zr_vm_cli/src/zr_vm_cli/repl/repl_semantic_expression_walk.h	zr_vm_cli	code	7e0bd607a04741bafbe16033dc253c504643f6530b2fb857502bdfbca3eb0001	reviewed	-
zr_vm_cli/src/zr_vm_cli/repl/repl_semantic_fact_walkers.c	zr_vm_cli	code	a697474d991ccfde02ebf9d4bd1cf0492e5d42211527fc3ddcec566c89837263	reviewed	-
zr_vm_cli/src/zr_vm_cli/repl/repl_semantic_facts.c	zr_vm_cli	code	ac6bdd6d433d60c9894395d70a58776c0912b641fdea8cc48ca01ec3dad44d4c	reviewed	-
zr_vm_cli/src/zr_vm_cli/repl/repl_semantic_facts.h	zr_vm_cli	code	c92fce06f4b4e0314e46a102e41f3741d87360fb48318542a45532313be2ac9e	reviewed	-
zr_vm_cli/src/zr_vm_cli/repl/repl_session.c	zr_vm_cli	code	e7425b0274be0f58eae5bc2f3abf1be07d53dfc0cb89c907ed0768b6b0d981c6	reviewed	-
zr_vm_cli/src/zr_vm_cli/repl/repl_session.h	zr_vm_cli	code	ff617583c28a17906902619fe6b4879f53dc2502a490ac2f2a27fc55a9699e62	reviewed	-
zr_vm_cli/src/zr_vm_cli/runtime/runtime.c	zr_vm_cli	code	a45f580d479f9ae7fe54e49b994874e0c0801096eaee0d516e59ea2816e9fd6a	reviewed	-
zr_vm_cli/src/zr_vm_cli/runtime/runtime.h	zr_vm_cli	code	b63df6d2b9293a4a87d392dcdf2d9b1cefefaba1636680bad5d434f37eab89da	reviewed	-
zr_vm_cli/src/zr_vm_cli/testing/test_process.c	zr_vm_cli	code	ad573281f62361aba8df95c92f92d54537bd9a23b4af3e1d44f50d91c0b833d9	reviewed	-
zr_vm_cli/src/zr_vm_cli/testing/test_process.h	zr_vm_cli	code	4de2042bb49092cdfda0bbc044e7e9e45ee3432b6175100d821a126c07088cd8	reviewed	-
zr_vm_cli/src/zr_vm_cli/testing/test_runner.c	zr_vm_cli	code	cba3989a68802020f4ec5d1acc4430e134123f879248cf1a36167ca5129b9348	reviewed	-
zr_vm_cli/src/zr_vm_cli/testing/test_runner.h	zr_vm_cli	code	baa9c893eb70507764f4fb1d7c55a271dba1d65c6c81acc9ce6acbbd939fb61c	reviewed	-
zr_vm_common/CMakeLists.txt	zr_vm_common	config	eabc5dcbe9363457c8a532e5bc60d718b10ce58509b90b8c8c6306566a0a801b	reviewed	-
zr_vm_common/CommonMacros.cmake	zr_vm_common	config	cdd3c30deb745111c26311a9283696c389c86da2adc1a78017551a9b0204fe4e	reviewed	-
zr_vm_common/ThirdPartyMacros.cmake	zr_vm_common	config	94f1b02eda8b233c089767fc80d45777e8f8e38cdba3d1f11504829641cca471	reviewed	-
zr_vm_common/include/zr_vm_common.h	zr_vm_common	code	749d5399b098c77a60cfad160efb8ed4ff8d2dce302867b5943a54defd631d6c	reviewed	-
zr_vm_common/include/zr_vm_common/ssa_platform_contract.h	zr_vm_common	code	70877d001b575136454112f453c064b8e96de9ebac129c490e21ba01a3213915	reviewed	-
zr_vm_common/include/zr_vm_common/zr_abi_conf.h	zr_vm_common	code	ac3843f2695163151b7175ef709a75f2079c387ec0e651c261673e57562a82a2	reviewed	-
zr_vm_common/include/zr_vm_common/zr_aot_abi.h	zr_vm_common	code	705015ff7907809c9b755454ad362cbfbab4210e082af9342ddb978cdc74db85	reviewed	-
zr_vm_common/include/zr_vm_common/zr_api_conf.h	zr_vm_common	code	83163914e6c44e905963b24faff05c19974de8305c857750cc418f568a3c75e0	reviewed	-
zr_vm_common/include/zr_vm_common/zr_array_conf.h	zr_vm_common	code	ecdcd7693937e93f2a924db3bd4a2914bc407cb708d627df38627e5392a7d4d7	reviewed	-
zr_vm_common/include/zr_vm_common/zr_ast_constants.h	zr_vm_common	code	a3cde788d32dc9957d6c5153f9226bff07501b3025a39d02abeb317c66fafffc	reviewed	-
zr_vm_common/include/zr_vm_common/zr_common_conf.h	zr_vm_common	code	a5b7bd4d0d9468074b51aa978c62ed877f0f1151fc9608df7d9bd3ca8a9f5e10	reviewed	-
zr_vm_common/include/zr_vm_common/zr_constant_reference_conf.h	zr_vm_common	code	0694bce9f5f763d4594c735e2f50f3280a034c7aff454c597c3f32d2042e8853	reviewed	-
zr_vm_common/include/zr_vm_common/zr_contract_conf.h	zr_vm_common	code	e5ef8c699c5e1ad0571a9403eaf24095c54f04c61080fef76e5d66ba61c454f6	reviewed	-
zr_vm_common/include/zr_vm_common/zr_debug_conf.h	zr_vm_common	code	7c6d00cf0a44152bed9a789914d6d3c7d14e9636cb87198f61e052de42f0e293	reviewed	-
zr_vm_common/include/zr_vm_common/zr_ffi_contract.h	zr_vm_common	code	ad45f66c6533d50219b4fcfe12e7b722e45c55803ea186b516ebe26e391aa362	reviewed	-
zr_vm_common/include/zr_vm_common/zr_gc_internal_conf.h	zr_vm_common	code	a8f1f37b5199417dbcc00ed500f3809b6a2eafc8c359d36855c16faf6c15f521	reviewed	-
zr_vm_common/include/zr_vm_common/zr_hash_conf.h	zr_vm_common	code	a7258583642208ca2de7c705be202d5b0b5f2b6a6b31a218eeaceca839d2205b	reviewed	-
zr_vm_common/include/zr_vm_common/zr_instruction_conf.h	zr_vm_common	code	a2f4e2fc8a53c644950bbe9f059325ae2c3870f9f53471d64d4b1d7bae02014b	reviewed	-
zr_vm_common/include/zr_vm_common/zr_io_conf.h	zr_vm_common	code	88649a4bf85ddc1755015e6e6987692479558a2f63d3d68208b6d2904900912a	reviewed	-
zr_vm_common/include/zr_vm_common/zr_log_conf.h	zr_vm_common	code	7893a4c5e2748133407edb6939680a02bd0aa77661857bf6fc17cd5e9f7a8c13	reviewed	-
zr_vm_common/include/zr_vm_common/zr_memory_conf.h	zr_vm_common	code	1ce23967709c46e91c8b4a3268a0181d2efab7b2b049441462af7bf86d88153e	reviewed	-
zr_vm_common/include/zr_vm_common/zr_meta_conf.h	zr_vm_common	code	f45e65e7211a5b20a32a4a132db14fb787cd7efd805921c677099af21fd76089	reviewed	-
zr_vm_common/include/zr_vm_common/zr_object_conf.h	zr_vm_common	code	09149c8012d56ed97e565d52ed290f459551186f975b118779cc9af14e3a3ea5	reviewed	-
zr_vm_common/include/zr_vm_common/zr_parser_conf.h	zr_vm_common	code	dcec9583f4f77d7ae93ff2eb1d4d92403b5e3b568882de1c86b9be55f15cd37e	reviewed	-
zr_vm_common/include/zr_vm_common/zr_path_conf.h	zr_vm_common	code	12d4c43f93284ec6a3319956d861cd04ffa02af91d1e5744d13c43e5707ce70f	reviewed	-
zr_vm_common/include/zr_vm_common/zr_runtime_limits_conf.h	zr_vm_common	code	1348cd793c7664c323682a20c6ca0eac418f2ed8e4c35f579c314fbc7edf0dd2	reviewed	-
zr_vm_common/include/zr_vm_common/zr_runtime_sentinel_conf.h	zr_vm_common	code	c382f76b504aff3f47364a796edc63c358bbfc063c4db2d38c3af268cc93483c	reviewed	-
zr_vm_common/include/zr_vm_common/zr_string_conf.h	zr_vm_common	code	56744b3c5859bd04e76246541316804a649c9f14c6417e37498c0d1140dfb5c6	reviewed	-
zr_vm_common/include/zr_vm_common/zr_thread_conf.h	zr_vm_common	code	a88d4ec80275ce5796c3f06e4a8363981d4823f897e2b3378dbb5d09605ffccc	reviewed	-
zr_vm_common/include/zr_vm_common/zr_type_conf.h	zr_vm_common	code	a53c5118b7c3d451ef75ce696a84272b4e4a5d787b1ed624352231a2c644b7a1	reviewed	-
zr_vm_common/include/zr_vm_common/zr_version_info.h	zr_vm_common	code	b270cc690e9c43a80f2110b7dc66249fba4388a61dc491595c41660216f365f3	reviewed	-
zr_vm_common/include/zr_vm_common/zr_vm_conf.h	zr_vm_common	code	affc609a2e1e6088589198beda7e58e8292aaeee228c65af0ddcc822880673c1	reviewed	-
zr_vm_common/src/zr_vm_common/ssa_platform_contract.c	zr_vm_common	code	a2da5ebe7a97461bbb354b0846a458a145cdb88442c6b99741efc98532915a6f	reviewed	-
zr_vm_core/CMakeLists.txt	zr_vm_core	config	d618ac5ac1b56877cea9644c267db60cc115653344337ff2713a6b112b30ede5	pending	-
zr_vm_core/include/zr_vm_core.h	zr_vm_core	code	5a865a0948551041162f7288eaa1beeadb582555c63eca3f35244b6091821808	pending	-
zr_vm_core/include/zr_vm_core/aot_ir.h	zr_vm_core	code	2a486fee47ffa985fa8ad257c44aa820a3d61eeea76213d3296b123ecbe00d79	pending	-
zr_vm_core/include/zr_vm_core/array.h	zr_vm_core	code	c4dda2ba07a964326346328d5522c0c5aa68d7bc1ebe5864f3d80d88fffc7baf	reviewed	docs/code-review/coverage/zr_vm_core_array_api.tsv
zr_vm_core/include/zr_vm_core/artifact_exec_ir.h	zr_vm_core	code	1efdead4f94f626b293fcfdd20e6d1f6233a11f5e68a0645be649529ac2daa3a	reviewed	docs/code-review/coverage/zr_vm_core_artifact_public_contracts.tsv
zr_vm_core/include/zr_vm_core/artifact_schema.h	zr_vm_core	code	dd3ee4bcb152040e05bfc58f7cce4f979ef639c454df14597bb20b49ba0224bf	reviewed	docs/code-review/coverage/zr_vm_core_artifact_public_contracts.tsv
zr_vm_core/include/zr_vm_core/async_frame_budget.h	zr_vm_core	code	95cd83968e85fe62d7df9ddf908937b9eaad6bdbdbab856094cf22c295d309ad	reviewed	docs/code-review/coverage/zr_vm_core_execution_budget.tsv
zr_vm_core/include/zr_vm_core/batch_contract.h	zr_vm_core	code	1e7fb79000bdc2be69e047572f6c9415eb106219f1d02b1b2eafbaa6616cf093	reviewed	docs/code-review/coverage/zr_vm_core_batch_contract.tsv
zr_vm_core/include/zr_vm_core/bridge.h	zr_vm_core	code	ee0c567c2b0d10d81e9ced6cb92a86a5942e59ec62588d39f225713cef7b4c05	reviewed	-
zr_vm_core/include/zr_vm_core/call_binding.h	zr_vm_core	code	22639ce971899cc3c2a0f613137c0103f5f9eb32d87892633a4664ef646c340a	reviewed	-
zr_vm_core/include/zr_vm_core/call_info.h	zr_vm_core	code	de37741106f25464894a0a8a5efd744ca93d79b794cd6b6907d355fe354f887d	reviewed	docs/code-review/coverage/zr_vm_core_call_info.tsv
zr_vm_core/include/zr_vm_core/callback.h	zr_vm_core	code	84f62bb0b3d7a710d93ad648a11fb0edfbe058d875164cdd3ffcda0733ce1e3e	reviewed	docs/code-review/coverage/zr_vm_core_io_callback_exception.tsv
zr_vm_core/include/zr_vm_core/canonical_consumer.h	zr_vm_core	code	1c89d342fd147577c87262dfa192264596d7149df0447ea74ba298c98214817d	reviewed	docs/code-review/coverage/zr_vm_core_canonical_consumer.tsv
zr_vm_core/include/zr_vm_core/capability_manifest.h	zr_vm_core	code	b9671147a5584df467acaa479c95dd992010e41fc846519c899a10c039914aed	reviewed	-
zr_vm_core/include/zr_vm_core/closure.h	zr_vm_core	code	54055502d1244f6d5ce0b1d1aa0b78cb545f26a771fc35df6ddc88b3fad4fc56	reviewed	docs/code-review/coverage/zr_vm_core_closure_identity.tsv
zr_vm_core/include/zr_vm_core/conf.h	zr_vm_core	code	96f08362b627788e3345f6a47fdec37ca82e5cf33e9458edbad1926c267107ef	reviewed	docs/code-review/coverage/zr_vm_core_parser_api_conf.tsv
zr_vm_core/include/zr_vm_core/constant_reference.h	zr_vm_core	code	0b7ab39ec71f011ca36c10277d625f7af3e7902b441c6796eeb99cddb130bdae	reviewed	docs/code-review/coverage/zr_vm_core_constant_reference.tsv
zr_vm_core/include/zr_vm_core/container_storage_contract.h	zr_vm_core	code	c373a311288eebf11710c431f49f4dbc2564630ba468c62f8eecf51f7b707827	reviewed	docs/code-review/coverage/zr_vm_core_container_storage_contract.tsv
zr_vm_core/include/zr_vm_core/contiguous_view.h	zr_vm_core	code	ae685ae5dff7df470e871d98bf26193fe7f3a793724c219ee4ce45a7cb26e9ab	reviewed	docs/code-review/coverage/zr_vm_core_contiguous_view.tsv
zr_vm_core/include/zr_vm_core/conversion.h	zr_vm_core	code	b482ab06eadd2454fbf36e5a0b714c8954e87e9ad13872d1a0bae1da4601f2af	reviewed	docs/code-review/coverage/zr_vm_core_math_conversion.tsv
zr_vm_core/include/zr_vm_core/debug.h	zr_vm_core	code	51f2cabf7ccf470801931ae4b17f45e076ff9d138cc2d9267844094e9e1db152	reviewed	docs/code-review/coverage/zr_vm_core_debug_native_log.tsv
zr_vm_core/include/zr_vm_core/exception.h	zr_vm_core	code	eec7e4d74802a69a49153f7152aade7b9073a02e4775dda8e3dd12f94e0872bc	reviewed	docs/code-review/coverage/zr_vm_core_io_callback_exception.tsv
zr_vm_core/include/zr_vm_core/exec_ir.h	zr_vm_core	code	f94b6e143bfb26aed4398228dad477b9716244781f0bc80340a81bdbf5301e21	pending	-
zr_vm_core/include/zr_vm_core/exec_ir_interpreter.h	zr_vm_core	code	cea9ceb9159f0124ca06515f454dbb7ca118de414c697ea7e4274df40cb9005a	pending	-
zr_vm_core/include/zr_vm_core/exec_ir_numeric.h	zr_vm_core	code	4469a55dd567037492d5b49628187960de235d9fbe1dce683c1b2773ede72a37	pending	-
zr_vm_core/include/zr_vm_core/exec_ir_opcode.def	zr_vm_core	code	1fe090cc0298e022c677ca7d6fda4eb2618b504500b0ec455c7d0a3ab4b80d07	pending	-
zr_vm_core/include/zr_vm_core/exec_ir_owner_state.h	zr_vm_core	code	837bb7fa9dadc49d5ac31898d597406715eaad7ac7cf5e4b4e1807d0a83e7dfb	pending	-
zr_vm_core/include/zr_vm_core/exec_ir_runtime.h	zr_vm_core	code	c6f7baafb0b0d701b82bf05caedbd24915593bfd7bc5c22fb6e54c02404ba8b6	pending	-
zr_vm_core/include/zr_vm_core/exec_ir_state_map.h	zr_vm_core	code	ebf29769ebcb86deef9bacd778cbe158bfb950d06f148e663802cbfda4e2cd30	pending	-
zr_vm_core/include/zr_vm_core/exec_ir_state_map_liveness.h	zr_vm_core	code	0bca235a23407e5828d151083961f88dec7f5ebb514c77be09e1f41ee351e821	pending	-
zr_vm_core/include/zr_vm_core/execbc_verify.h	zr_vm_core	code	30d2e386f402ab76d7f687d32a42427c92d60c42f805df46fe20892ed671b7cf	pending	-
zr_vm_core/include/zr_vm_core/execution.h	zr_vm_core	code	32766c6da9161bded7990b0b08e0d2d2b7cc78f7b3459b976950402d755f596f	pending	-
zr_vm_core/include/zr_vm_core/execution_async_wait.h	zr_vm_core	code	404e2229a834763ad14b08a30eb586f057d06cd20d7bf3dc17cbe452fdcffafc	pending	-
zr_vm_core/include/zr_vm_core/execution_backend.h	zr_vm_core	code	c4cec14c4077edfed6c3379aefec052365e6de52bde4450b430f864e8b9f93e6	pending	-
zr_vm_core/include/zr_vm_core/execution_binding_guard.h	zr_vm_core	code	d0ef45e3330639f608eb525a0c68b49664c01fa8d001dd44b305214f00f983dd	pending	-
zr_vm_core/include/zr_vm_core/execution_budget.h	zr_vm_core	code	c1f99d737d2df47b7d13bf6e020b28dbeda19fe00deb4a7b89a5fbda2f63b03d	reviewed	docs/code-review/coverage/zr_vm_core_execution_budget.tsv
zr_vm_core/include/zr_vm_core/execution_call_transfer.h	zr_vm_core	code	104b56ddf79a7dccac530792a8ae9fd653eae145abee5db96f34b411c4d63a82	pending	-
zr_vm_core/include/zr_vm_core/execution_compile_queue.h	zr_vm_core	code	8bd564577f6751f5d5d1be82d15004b8b66e10d1690b9d98513dd3a99ee7dcd1	pending	-
zr_vm_core/include/zr_vm_core/execution_context.h	zr_vm_core	code	9c298c609ff18c51f8a5dd30d6025c64a2776cc8e7eb79b2943233dda30e4ca4	pending	-
zr_vm_core/include/zr_vm_core/execution_contract.h	zr_vm_core	code	bb26ff81213a562096d643a87853ab2455db620973a854aee322b1c73dfbf2f0	pending	-
zr_vm_core/include/zr_vm_core/execution_control.h	zr_vm_core	code	ee978416671830094b310523835a7245691a55402ba1bf0deced94495f7fad44	pending	-
zr_vm_core/include/zr_vm_core/execution_frame_layout.h	zr_vm_core	code	cfea58253597fccd9047da25ccc865df175e68a6a5de357a4fb3a5d8e576c08c	pending	-
zr_vm_core/include/zr_vm_core/function.h	zr_vm_core	code	307c6ec44f3414bc9c2487f589242f85a8aa7302eaf8460e5e68dee5da4fbe2e	pending	-
zr_vm_core/include/zr_vm_core/function_call_spread.h	zr_vm_core	code	6e2d3975fa5efe142f79c4ae46878f899b09346761f78fb14fab68e9da28137b	reviewed	docs/code-review/coverage/zr_vm_core_function_call_spread.tsv
zr_vm_core/include/zr_vm_core/function_identity.h	zr_vm_core	code	f4ea753c1df0308f6d81ee6946ffaba2bcf1ed219be14914b2ba34331ada34c0	reviewed	docs/code-review/coverage/zr_vm_core_closure_identity.tsv
zr_vm_core/include/zr_vm_core/gc.h	zr_vm_core	code	70496715cf0438af49b415c9a6beaad7eb14f7e7ded306abd14bafc3f2fbbff0	reviewed	docs/code-review/coverage/zr_vm_core_gc_main.tsv
zr_vm_core/include/zr_vm_core/gc_budget_contract.h	zr_vm_core	code	32c60d6dbbd7df7390ede776ad18c36d32afb350eb2994932a58d5815fb7deec	reviewed	docs/code-review/coverage/zr_vm_core_gc_budget.tsv
zr_vm_core/include/zr_vm_core/gc_compact.h	zr_vm_core	code	4eb580ff0d337677c6368f83a444482d1d3f4d6f3f3368953a166f491db371c2	pending	-
zr_vm_core/include/zr_vm_core/gc_domain.h	zr_vm_core	code	c9d44c8683dfe3e64be20d21ca6b607ace4e1b1fd8854eb7dd724cc00a421c35	reviewed	docs/code-review/coverage/zr_vm_core_gc_domain_public_contracts.tsv
zr_vm_core/include/zr_vm_core/gc_domain_clone.h	zr_vm_core	code	2f051bb64c482b97dad83f186354e158bdb7e7c1515a8c5f37925ec920583ae6	reviewed	docs/code-review/coverage/zr_vm_core_gc_domain_public_contracts.tsv
zr_vm_core/include/zr_vm_core/gc_major.h	zr_vm_core	code	6554e6a8daa0498634f8d260fe775f52bd51f70d527b0bd33764851b90016157	pending	-
zr_vm_core/include/zr_vm_core/gc_young_allocation.h	zr_vm_core	code	8f374defe5eb981e50b8a4f765f0e2e198599a1a9bc267469573157baf2e76c7	pending	-
zr_vm_core/include/zr_vm_core/global.h	zr_vm_core	code	98c5e1e3460b093d9c911457da98b6406801834e0e6673411a4238e115efb765	pending	-
zr_vm_core/include/zr_vm_core/hash.h	zr_vm_core	code	8dc4a746913dde38cdbabb585c2f206066b4eb5f629c68fd1a21b46f6a1db43a	reviewed	-
zr_vm_core/include/zr_vm_core/hash_set.h	zr_vm_core	code	b25ab31d8bbb8e5a674e554e9cf51dab19116712368ccc518a909b795febd968	reviewed	docs/code-review/coverage/zr_vm_core_hash_set_string_builder.tsv
zr_vm_core/include/zr_vm_core/host_baseline_jit.h	zr_vm_core	code	69ed96cc85451e4e7273acdf348f7b97a3fa548001a3c8ac995b7a71f8866ecc	pending	-
zr_vm_core/include/zr_vm_core/hotpatch.h	zr_vm_core	code	cb8df9970ad68e5547ffac1bb395ddf02282d85bd51f7e5cad62f591e6e14ab8	reviewed	-
zr_vm_core/include/zr_vm_core/hotpatch_capability.h	zr_vm_core	code	edb4bd7ec70942f4a666e079d2e7b4a0aedce5db951ac5573678750cc07f8c97	reviewed	-
zr_vm_core/include/zr_vm_core/hotpatch_generation.h	zr_vm_core	code	2b8932917389e003087cd488948d83cb9e2b5e0c5503684633923eb0b607ea2f	reviewed	-
zr_vm_core/include/zr_vm_core/hotpatch_profile.h	zr_vm_core	code	b8ea9d9dc7bc3cefaba06d63019132ca6531068e28cfcc7c33a4689650f7ec15	reviewed	-
zr_vm_core/include/zr_vm_core/hotpatch_publish.h	zr_vm_core	code	4458ab64b9ebfe8d7b47d249858f7be13916a597ba1406c56bf3e8ea374de7c2	reviewed	-
zr_vm_core/include/zr_vm_core/hotpatch_retire.h	zr_vm_core	code	4d2220a1b4f0bdfca1c0ac3f4edce3ea0c964d89537852e5d55fb17edd9e92b2	reviewed	-
zr_vm_core/include/zr_vm_core/hotpatch_rollback.h	zr_vm_core	code	9f1214ae623eca83fa9dcaaa75e051c65d1474676fcf3a0ac25d1d29a97c2620	reviewed	-
zr_vm_core/include/zr_vm_core/io.h	zr_vm_core	code	e1818b8e9bd3e110c6d4ff66840e127db2ac59dce985b21e6aa5dddfb70b4274	reviewed	docs/code-review/coverage/zr_vm_core_io_callback_exception.tsv
zr_vm_core/include/zr_vm_core/iterator_runtime.h	zr_vm_core	code	baf841cf17b2ce9f01d4df5bb651cc6ae7eee3cafef47826058edca6d54f3786	reviewed	-
zr_vm_core/include/zr_vm_core/log.h	zr_vm_core	code	0617946ecfbd3d04f9ac497c8ccc4350040fb385cfc01963f6db3d72e32c20dd	reviewed	docs/code-review/coverage/zr_vm_core_debug_native_log.tsv
zr_vm_core/include/zr_vm_core/math.h	zr_vm_core	code	2fe9c0640672f7d932ff80ad6b9d36aa2d96aa5bf3d673785dc276f8143a5dbb	reviewed	docs/code-review/coverage/zr_vm_core_math_conversion.tsv
zr_vm_core/include/zr_vm_core/memory.h	zr_vm_core	code	7b6fe8730e4d93577c77675f9e6f650a2394284a9cbeef56ed8c70a12540cc98	reviewed	docs/code-review/coverage/zr_vm_core_memory.tsv
zr_vm_core/include/zr_vm_core/meta.h	zr_vm_core	code	852bb186bd67ad3f436bebb48cba9a256bcd2efa848156dbe472ae20b7e04d1d	reviewed	docs/code-review/coverage/zr_vm_core_type_meta_entry.tsv
zr_vm_core/include/zr_vm_core/metadata_runtime.h	zr_vm_core	code	eea74978e6e6551e6a6d8af41ee8076c7bba7b0681d6fcd833930ea549adfd6a	pending	-
zr_vm_core/include/zr_vm_core/metadata_token.h	zr_vm_core	code	c716f7ab65bee2fbdb1db613f2c1d3ca29fc37be4b5d3611e2f5205dc9c2debe	reviewed	docs/code-review/coverage/zr_vm_core_metadata_format_headers.tsv
zr_vm_core/include/zr_vm_core/module.h	zr_vm_core	code	a8620c6c24d62fd72224e1e0e354364f33116aa353d1877566cd97d9f6676d19	pending	-
zr_vm_core/include/zr_vm_core/module_call_binding.h	zr_vm_core	code	0bb7d2f3e722f6dce843dfcfb1a8b01c6974e783083eac2664d4faac307cc828	reviewed	-
zr_vm_core/include/zr_vm_core/native.h	zr_vm_core	code	85b7d45023839eedfa7837a5b20174c74d347519a32c49c13e2b426b9e22f919	reviewed	docs/code-review/coverage/zr_vm_core_debug_native_log.tsv
zr_vm_core/include/zr_vm_core/native_call_contract.h	zr_vm_core	code	fcc5845c21adf3180b2ddceb922d0eefb5c44424ee34ba8f1f7a58b773cf0746	reviewed	docs/code-review/coverage/zr_vm_core_debug_native_log.tsv
zr_vm_core/include/zr_vm_core/object.h	zr_vm_core	code	5ddc17b808958d6f19a08cfdb913d4b5113c67035e220758d2677e991bc94e38	pending	-
zr_vm_core/include/zr_vm_core/object_known_native_dispatch.h	zr_vm_core	code	15e41459435731d7fae70fefa00ba29d4b693afcd935c8af413eeac9fc8dde3d	pending	-
zr_vm_core/include/zr_vm_core/object_layout_map.h	zr_vm_core	code	966037829a9b4660d9df11321706f8886a3cab88c5d1b63df94be52c9e993232	reviewed	docs/code-review/coverage/zr_vm_core_object_layout_map.tsv
zr_vm_core/include/zr_vm_core/optimization_remark.h	zr_vm_core	code	48dac14d6c77befc70f45c886af7e547910c81552552b53990169657d6259138	reviewed	docs/code-review/coverage/zr_vm_core_optimization_remark.tsv
zr_vm_core/include/zr_vm_core/ownership.h	zr_vm_core	code	362549c821f61d338cff312c911dac5e9bba17d309737c81555bfa695ff98e10	reviewed	docs/code-review/coverage/zr_vm_core_ownership_core.tsv
zr_vm_core/include/zr_vm_core/ownership_transfer.h	zr_vm_core	code	1a3c8e1aa7c5a9b4b234a608649e7e430de9aca58794ec2a7d058cbb222001c5	pending	-
zr_vm_core/include/zr_vm_core/profile.h	zr_vm_core	code	12e07e55c01f0d2e16020dc6a5a11fcbe0d0724cc050746fdeacf04fffcdaebe	pending	-
zr_vm_core/include/zr_vm_core/property_reference.h	zr_vm_core	code	c120b0f93550bd9ee3669e14c6cd2eeef0d9bfeac8ff3366301317a1db1c83e2	reviewed	docs/code-review/coverage/zr_vm_core_property_reference.tsv
zr_vm_core/include/zr_vm_core/raw_object.h	zr_vm_core	code	d0edfc612a329beb3f983a2237264ba69dd1cb3d0c4b3fa746387ac4315bec26	pending	-
zr_vm_core/include/zr_vm_core/reflection.h	zr_vm_core	code	65581163613f2ff85f185af71f7e0e490d039518fcf56883b3dc8c7c1f9b3839	pending	-
zr_vm_core/include/zr_vm_core/session_checkpoint.h	zr_vm_core	code	b009c670d1f4a051cfacfd6dd9016c931a6df668fae9df751cdafba0d83c3146	reviewed	docs/code-review/coverage/zr_vm_core_session_checkpoint.tsv
zr_vm_core/include/zr_vm_core/stack.h	zr_vm_core	code	79954a8e1aa0ef2c2e0a12daf5ad491814b3a5a7845cb0a333633b3eaed85555	pending	-
zr_vm_core/include/zr_vm_core/state.h	zr_vm_core	code	0d7d1ac120e2a6015b6e7e0b83f4d1e948668c47465aabb37a0ccd320879dffb	pending	-
zr_vm_core/include/zr_vm_core/string.h	zr_vm_core	code	f1d647898d9b8417e4eca3c4ba7fcc4eeda01557967b4bf3d747ebf4eddb793d	reviewed	docs/code-review/coverage/zr_vm_core_string.tsv
zr_vm_core/include/zr_vm_core/string_builder.h	zr_vm_core	code	a9d0860a9b97f2a2acbf9d9929ac3e6c677e0361881960c5a17d5a294677492d	reviewed	docs/code-review/coverage/zr_vm_core_hash_set_string_builder.tsv
zr_vm_core/include/zr_vm_core/task_frame_runtime.h	zr_vm_core	code	5d92423ef2a39a790c4693a011171d355474129f0404c837b63aeaee29597261	pending	-
zr_vm_core/include/zr_vm_core/task_runtime.h	zr_vm_core	code	7ba6c5b0da9121b548cb8f62df6c3e5b4cd36c3cb4d95aa77adf1912ac566c86	pending	-
zr_vm_core/include/zr_vm_core/type.h	zr_vm_core	code	9f71ece197b82b3be204a5553b20a82dd860d155ffccba11b7e7f319429781ca	reviewed	docs/code-review/coverage/zr_vm_core_type_meta_entry.tsv
zr_vm_core/include/zr_vm_core/type_layout.h	zr_vm_core	code	81d69c697e96a922f2c2ace67a0c921e77d2c5485f87db68cfc3b4dbdf8ec917	reviewed	docs/code-review/coverage/zr_vm_core_type_layout.tsv
zr_vm_core/include/zr_vm_core/typed_call_binding.h	zr_vm_core	code	a924c4767eee5d896e6be0f5ab8548690bd57f8617512dd01d21d5a8b02e663e	reviewed	-
zr_vm_core/include/zr_vm_core/utf8.h	zr_vm_core	code	7d38bc8da3c904eeced99e741cac82a7c22c3849572a7ac1855820c5eb493be5	reviewed	-
zr_vm_core/include/zr_vm_core/value.h	zr_vm_core	code	a494ccbc9c9b6147d6906f2fb0229f6e39945b37505046f40ea3068ca3f81bfc	pending	-
zr_vm_core/include/zr_vm_core/zrp_metadata.h	zr_vm_core	code	55e5e6e96e779b79d3b3001f76f62ff4b548be53d8695f58fde41895eb143938	reviewed	docs/code-review/coverage/zr_vm_core_metadata_format_headers.tsv
zr_vm_core/src/zr_vm_core.c	zr_vm_core	code	112f8b59aa5aa727318534b9fb99a6a9ef7c98e8c53e204bd762d2da935d3456	reviewed	docs/code-review/coverage/zr_vm_core_type_meta_entry.tsv
zr_vm_core/src/zr_vm_core/aot_ir.c	zr_vm_core	code	33a7f2a3936b6b9b99c8e0aeb01ebd46c8c5c6ed932aed2fb2ed97603f9366d2	pending	-
zr_vm_core/src/zr_vm_core/artifact_call_binding.c	zr_vm_core	code	a538dfb26859fb3dac4b9cf49074c4f61fa8f9189335cdeb690da611b0e9d902	reviewed	-
zr_vm_core/src/zr_vm_core/artifact_encoding.c	zr_vm_core	code	77082c8ab93440267f0449b52a11d43a8d699c8b2ce41ecb6edea33086d0c18f	reviewed	docs/code-review/coverage/zr_vm_core_artifact_encoding_identity.tsv
zr_vm_core/src/zr_vm_core/artifact_exec_ir.c	zr_vm_core	code	6e2563630dbd3420cf33ecbe6645f7aa22dadf7d39dbde0213d5134105a85581	reviewed	docs/code-review/coverage/zr_vm_core_artifact_exec_ir_internal.tsv
zr_vm_core/src/zr_vm_core/artifact_identity.c	zr_vm_core	code	5e1cee793959dde919817f1eedd79777633dbf06cf77ee567e8964e1e1f0a1c1	reviewed	docs/code-review/coverage/zr_vm_core_artifact_encoding_identity.tsv
zr_vm_core/src/zr_vm_core/artifact_rows.c	zr_vm_core	code	e5827e1780a08964abf436a0dd4393348313bf210b806429ee53fd1ffe9e439c	reviewed	docs/code-review/coverage/zr_vm_core_artifact_rows.tsv
zr_vm_core/src/zr_vm_core/artifact_schema.c	zr_vm_core	code	b0dbf7d2ff8da35a9b8ce099109292dfd66f943dbf0c5f380c9e406562fa3f0d	pending	-
zr_vm_core/src/zr_vm_core/artifact_schema_internal.h	zr_vm_core	code	0ac862472ada18e0fd758e97b7a76f8332a6047b59b57cccb9b071db5428e514	reviewed	docs/code-review/coverage/zr_vm_core_artifact_exec_ir_internal.tsv
zr_vm_core/src/zr_vm_core/artifact_schema_metadata_graph.c	zr_vm_core	code	c834c823611211aca900446f3bb98a69e8c0339f1cfcf56fa10ea34c368d64ec	pending	-
zr_vm_core/src/zr_vm_core/artifact_signature.c	zr_vm_core	code	014e3ec612e2285b0bb89c5486a46cac22fc1fd291060ce9c570bca2cc8271d3	reviewed	docs/code-review/coverage/zr_vm_core_artifact_signature_text.tsv
zr_vm_core/src/zr_vm_core/artifact_text.c	zr_vm_core	code	00f6c49374c593bdb845c71462e343824d0db7f95b9aa9a9d9ef14dbbf6d8003	reviewed	docs/code-review/coverage/zr_vm_core_artifact_signature_text.tsv
zr_vm_core/src/zr_vm_core/batch_contract.c	zr_vm_core	code	9d544bbd21d362aa23c305fab5c86ff130370c563def2eeb2dedc3c649f86e02	reviewed	docs/code-review/coverage/zr_vm_core_batch_contract.tsv
zr_vm_core/src/zr_vm_core/bridge.c	zr_vm_core	code	e9e96ad8bf30f06f2bf1fc39d324764dd01bf56f985999fa710fed3072025834	reviewed	-
zr_vm_core/src/zr_vm_core/call_binding.c	zr_vm_core	code	59825008aea9aaca14f4c4b023678327d6146099590622b6f9764df2ea0f4d90	reviewed	-
zr_vm_core/src/zr_vm_core/call_binding_encoding.c	zr_vm_core	code	00375fb0522e3351d971fa6fc1e9a2b2762cc23c6c06577b6c76a5da0586387c	reviewed	-
zr_vm_core/src/zr_vm_core/call_binding_graph.c	zr_vm_core	code	0b537315f787c9b45e78afc86673801ef51d357cc2a49dc842da49a714f08104	reviewed	-
zr_vm_core/src/zr_vm_core/call_binding_layout.c	zr_vm_core	code	31fe86602cb8fa1ad951ba7fb0bbad8011e9e89a2dea08b576c3f361202f904e	reviewed	-
zr_vm_core/src/zr_vm_core/call_binding_link.c	zr_vm_core	code	d8142b4a0533690a7759d1a1b0e7a61125f13e79e7d7ab26da3eb9b846206304	reviewed	-
zr_vm_core/src/zr_vm_core/call_binding_member.c	zr_vm_core	code	fb40128d3ea448d79c04c3b7e0706309bdfdc2d4432a624ebb0e1dce0083fc72	reviewed	-
zr_vm_core/src/zr_vm_core/call_binding_signature.c	zr_vm_core	code	23edf12160db9bb5fa737166597cb828812e9120d8c0a04e9a6f09aed5e5878e	reviewed	-
zr_vm_core/src/zr_vm_core/call_binding_site.c	zr_vm_core	code	2145504a60e20d198df14cb87a6f4d7270c53ad6a344072fafa5b2cc8d0538b3	reviewed	-
zr_vm_core/src/zr_vm_core/call_binding_site.h	zr_vm_core	code	90c667e94b120b6e15150bba654aff5c90aadc44860c33093cee18332bfe8f43	reviewed	-
zr_vm_core/src/zr_vm_core/call_info.c	zr_vm_core	code	e5e70448cab9ee8114832f4749e9d38e0b1eee13d4c9d72c5a7d018199adf84c	reviewed	docs/code-review/coverage/zr_vm_core_call_info.tsv
zr_vm_core/src/zr_vm_core/callback.c	zr_vm_core	code	0527676b62330d3d93525f60c18b71df4e8a1a35b7f80fb431bfbe94d1224536	reviewed	docs/code-review/coverage/zr_vm_core_io_callback_exception.tsv
zr_vm_core/src/zr_vm_core/canonical_consumer.c	zr_vm_core	code	b0dae766a0e79488709b046e622b2de251aa72f62a3b5a952142fee37aee586a	reviewed	docs/code-review/coverage/zr_vm_core_canonical_consumer.tsv
zr_vm_core/src/zr_vm_core/closure.c	zr_vm_core	code	95afb7f882b3de60c1beae0ff4de7446f1e3319bd39364726524600d962daf85	reviewed	docs/code-review/coverage/zr_vm_core_closure_identity.tsv
zr_vm_core/src/zr_vm_core/constant_reference.c	zr_vm_core	code	ef5c5988ff4ec45ddbabd19dacceec5e50510a1aeb7a1c3d3f1d7965b187bce9	reviewed	docs/code-review/coverage/zr_vm_core_constant_reference.tsv
zr_vm_core/src/zr_vm_core/debug.c	zr_vm_core	code	695ffac735df423edea133696592ce92c7e89f203622c82e9997926afc3845f1	reviewed	docs/code-review/coverage/zr_vm_core_debug_native_log.tsv
zr_vm_core/src/zr_vm_core/debug_artifact.c	zr_vm_core	code	337044326563fc0f0c8d1fdc53760d1c051036dca7b24981d14369cf4193a9e9	reviewed	docs/code-review/coverage/zr_vm_core_debug_native_log.tsv
zr_vm_core/src/zr_vm_core/debug_evaluation_closure.c	zr_vm_core	code	54817715d1975e872cffc02ee92b0ebfe88608d7a3a4ddbc63572d0f9c12d87d	reviewed	docs/code-review/coverage/zr_vm_core_debug_native_log.tsv
zr_vm_core/src/zr_vm_core/debug_evaluation_context.c	zr_vm_core	code	f08b954a68426ebbbf1e4329a63bd5f0f8fd70681ca8762ed0d43e3be1ca80d2	reviewed	docs/code-review/coverage/zr_vm_core_debug_native_log.tsv
zr_vm_core/src/zr_vm_core/debug_evaluation_context_internal.h	zr_vm_core	code	470c01c6ba17b1add7d62a2e255f2976c3c05b139557650cfad33bbfe66c8124	reviewed	docs/code-review/coverage/zr_vm_core_debug_native_log.tsv
zr_vm_core/src/zr_vm_core/debug_heap.c	zr_vm_core	code	f3de6f41a13f2ef22a80792568bcce66255ef2fb0832e64490de6f411400c463	reviewed	docs/code-review/coverage/zr_vm_core_debug_native_log.tsv
zr_vm_core/src/zr_vm_core/debug_traceback.c	zr_vm_core	code	11cbb0c20bda3f7ce1534a48ebcc466ccbc58eeef6f54f813aba2870435c78e7	reviewed	docs/code-review/coverage/zr_vm_core_debug_native_log.tsv
zr_vm_core/src/zr_vm_core/exception.c	zr_vm_core	code	519573479583d58b7a00dd79450687148ca6ee4c9e1552d5d3b596e0f9a8c105	reviewed	docs/code-review/coverage/zr_vm_core_io_callback_exception.tsv
zr_vm_core/src/zr_vm_core/exec_ir/exec_ir.c	zr_vm_core	code	157126f87d76c0d222a304f9ba6614dab689a9b2f35ad56ec4754155300aee5e	pending	-
zr_vm_core/src/zr_vm_core/exec_ir/exec_ir_deopt_aggregate.c	zr_vm_core	code	d42453db780331f0ac2292f0fcb562c84cf3d9946e2254fb0135b463e61e83b5	pending	-
zr_vm_core/src/zr_vm_core/exec_ir/exec_ir_deopt_aggregate.h	zr_vm_core	code	272963b37eacc998c9a57f8f721280ccd401d1ef2372ebe383603b9b3412a63c	pending	-
zr_vm_core/src/zr_vm_core/exec_ir/exec_ir_interpreter.c	zr_vm_core	code	18901b6912c1719b3cc8a750cf3f99da1b7341399d9f0e918aacf0201d839ff7	pending	-
zr_vm_core/src/zr_vm_core/exec_ir/exec_ir_interpreter_internal.h	zr_vm_core	code	5dc8b7aeafe73088e42ecb05ae891a5504a3ff34c2ad6b5d9eba14cf5323548a	pending	-
zr_vm_core/src/zr_vm_core/exec_ir/exec_ir_interpreter_phi.c	zr_vm_core	code	c609976db8665b2210f10855684556212f62a1500206e2c448a02f644197d8a5	pending	-
zr_vm_core/src/zr_vm_core/exec_ir/exec_ir_interpreter_resume.c	zr_vm_core	code	a918a8599d4032e1bed97cf1efab000159cbbd35c22613a16299c639e01ef969	pending	-
zr_vm_core/src/zr_vm_core/exec_ir/exec_ir_interpreter_run.c	zr_vm_core	code	59d9394a45704ba30fa72e5865347b44a824fc0d5b1c7554f2c2a349fbcb4e93	pending	-
zr_vm_core/src/zr_vm_core/exec_ir/exec_ir_interpreter_validate.c	zr_vm_core	code	0e48de7a0225a22d91fd778ae6bf68bf1c554a80522b2a3eaaca434fa9fdb276	pending	-
zr_vm_core/src/zr_vm_core/exec_ir/exec_ir_materialize.c	zr_vm_core	code	03e8ff3c6611228e7ad6d89ec0a15c066a707109ddc4f6648199a37bc9286e32	pending	-
zr_vm_core/src/zr_vm_core/exec_ir/exec_ir_materialize_objects.c	zr_vm_core	code	a1c9fe5a04689fc96e72315a6b1656f52aba439cf6680575556c67a9a556a03b	pending	-
zr_vm_core/src/zr_vm_core/exec_ir/exec_ir_materialize_owners.c	zr_vm_core	code	db2419783d7098acd785341210c3c439b123164915bf0989ce353224cbac7842	pending	-
zr_vm_core/src/zr_vm_core/exec_ir/exec_ir_materialize_owners.h	zr_vm_core	code	0a5750aa179aaf661fb71c944695e9ac39976d27a43b4ccacad1eb913a95229d	pending	-
zr_vm_core/src/zr_vm_core/exec_ir/exec_ir_owner_state.c	zr_vm_core	code	ee19de76aa3c3a7b2c7673ff49f5e630ae8a4a2eb1b5e007b95889b9b8f9ebd6	pending	-
zr_vm_core/src/zr_vm_core/exec_ir/exec_ir_state_map_liveness.c	zr_vm_core	code	fa6da50bc4c93767bdbf2ef1ea5f399c9a80824ba2511c0c6e8124d6f36dfd1e	pending	-
zr_vm_core/src/zr_vm_core/exec_ir/exec_ir_state_map_storage.c	zr_vm_core	code	d1b8d887efa9df86df5446b689447a9918bdbd71f0acb2c46e3973f48a10e81d	pending	-
zr_vm_core/src/zr_vm_core/exec_ir/exec_ir_state_map_storage.h	zr_vm_core	code	f033ed8f393ecee114816ee4a9fa54d1c7c65660e52ea85993b330c8c8fadea7	pending	-
zr_vm_core/src/zr_vm_core/exec_ir/exec_ir_verify.c	zr_vm_core	code	8624b15563bc756835cd8aec7c61a09d32482a5185caaadaf86b0d52c459467c	pending	-
zr_vm_core/src/zr_vm_core/exec_ir/exec_ir_verify_effect_backedges.c	zr_vm_core	code	3667ef260fa2c56545e8749fc100a8a14e1c3769531a283a92492ea9a7530155	pending	-
zr_vm_core/src/zr_vm_core/exec_ir/exec_ir_verify_effect_backedges.h	zr_vm_core	code	c1568008ca0f0a682664c24f5c23f938e39dec61ee553cad26517a2de02d81e0	pending	-
zr_vm_core/src/zr_vm_core/exec_ir/exec_ir_verify_effects.c	zr_vm_core	code	003a43ebaccbf0b569e86940e620ea334b7578eefe755a8f806601aff1cedb79	pending	-
zr_vm_core/src/zr_vm_core/exec_ir/exec_ir_verify_ssa.c	zr_vm_core	code	bc42d9721b21b1cb7376f9d69b1b8d6daa28d9e585e368ef70d1221c72d7542c	pending	-
zr_vm_core/src/zr_vm_core/exec_ir/exec_ir_verify_ssa.h	zr_vm_core	code	ad1221ca1e0879b5da70673cb6e40af8e23b435af2603311ca794646eab360e5	pending	-
zr_vm_core/src/zr_vm_core/exec_ir/execbc_verify.c	zr_vm_core	code	660177818ee974e5852f5335fc05a1a7dc7370fb901c394ef30125ced95174bf	pending	-
zr_vm_core/src/zr_vm_core/execution/execution_async_wait.c	zr_vm_core	code	5d86df2aa5dfe185d70bb51357249f56f2cce76efff4807daee6edb7a80561eb	pending	-
zr_vm_core/src/zr_vm_core/execution/execution_backend.c	zr_vm_core	code	744be0196a36bac956286113ef9f20c69e14fbee78b2aeeef287579506ffd7c4	pending	-
zr_vm_core/src/zr_vm_core/execution/execution_backend_internal.h	zr_vm_core	code	0769b0c79b22024802ebcfa7c0290da3c0202a60c4f57be1fe989a54de54e2a2	pending	-
zr_vm_core/src/zr_vm_core/execution/execution_binding_guard.c	zr_vm_core	code	a500c365c397d3df0d642e4ef422bc636f6cf73f615c6326fd71cb8dacc5afbe	pending	-
zr_vm_core/src/zr_vm_core/execution/execution_budget.c	zr_vm_core	code	39d4e738327adb4ce7dc447c08aceb9aa128555df78878d3be35da2e186e4c0a	reviewed	docs/code-review/coverage/zr_vm_core_execution_budget.tsv
zr_vm_core/src/zr_vm_core/execution/execution_call_transfer.c	zr_vm_core	code	acda27c50cd4106513409d11234f871ffa2ef35618737ff976d9f479020d2cde	pending	-
zr_vm_core/src/zr_vm_core/execution/execution_code_handle.c	zr_vm_core	code	13c93bf90e2c98db0d424576bf4744851f0fd591267bc56b4252f2c4f1fc909c	pending	-
zr_vm_core/src/zr_vm_core/execution/execution_cold.c	zr_vm_core	code	efef32b7e135e34c54b4718664dc1a2220cef0c57ebc4e7c31b88567c3c98f2d	pending	-
zr_vm_core/src/zr_vm_core/execution/execution_compile_queue.c	zr_vm_core	code	d55fe2a7129012ce51a33df7abc50d5f3359573f80e72a5e2e20dfa634ea36db	pending	-
zr_vm_core/src/zr_vm_core/execution/execution_context.h	zr_vm_core	code	410d0fda98b32b14b7434b90fb817e31d765be33d52572808729be702d83b4b0	pending	-
zr_vm_core/src/zr_vm_core/execution/execution_control.c	zr_vm_core	code	5a038c30b614fa4ea4e2dff14e36818647777b86d229a799850d3c2ed3bd28ee	pending	-
zr_vm_core/src/zr_vm_core/execution/execution_dispatch.c	zr_vm_core	code	c0e18891b22d991f1e92336bf10b9aac46e962a8b9fe0147f630d0764c704b98	pending	-
zr_vm_core/src/zr_vm_core/execution/execution_frame_observation.c	zr_vm_core	code	763130ab9c6c04e7d71e90efd6fd1be9d2f14dc5ffe95a16c8e6e6cfeb3e777e	pending	-
zr_vm_core/src/zr_vm_core/execution/execution_frame_roots.c	zr_vm_core	code	28ac710e31113459ce8aa0bbe1ebd3e58ae25f4fa8d856bc0c15b0dd4f310d3c	pending	-
zr_vm_core/src/zr_vm_core/execution/execution_frame_value_slot_fast.h	zr_vm_core	code	5e7777b4aad6ce4176a9da06d1e2cf1670240bf41cba449923cbbf39903b1598	pending	-
zr_vm_core/src/zr_vm_core/execution/execution_inline_frame.c	zr_vm_core	code	1b328ba57e3bd00041b7ce46dd1a17fa9ecc98c18b223ba5444ca85f94421847	pending	-
zr_vm_core/src/zr_vm_core/execution/execution_inline_frame_copy_fast.h	zr_vm_core	code	e1e9ddd2508ec004980abc2e99670fbdf3120e6245457a8896ffb8848d9c43e4	pending	-
zr_vm_core/src/zr_vm_core/execution/execution_internal.h	zr_vm_core	code	80a1992f78ac06bb1a51b356e60d11e49cc4f89536d8a52e425fc7c095e0e19c	pending	-
zr_vm_core/src/zr_vm_core/execution/execution_member_access.c	zr_vm_core	code	025675f6425ab9b3e6cc4ec4b4e70947ad449e701d2281dc1f719c10c5d61756	pending	-
zr_vm_core/src/zr_vm_core/execution/execution_memory.c	zr_vm_core	code	d4af0f497c8b7724bc7ba6c1f5e6edced66af06ac6349640954f1ed8e022f05c	reviewed	docs/code-review/coverage/zr_vm_core_memory.tsv
zr_vm_core/src/zr_vm_core/execution/execution_meta_access.c	zr_vm_core	code	e5a626a7218014e08bc7cd90a69312b3de293db8525a186011a58e3f11169cff	pending	-
zr_vm_core/src/zr_vm_core/execution/execution_numeric.c	zr_vm_core	code	3351ba665b8e7855c3ec47ef1015862c20215c0c628cdae52a336554040f4a42	pending	-
zr_vm_core/src/zr_vm_core/execution/execution_object.c	zr_vm_core	code	b77625a436c8c79639c211b14aabcab4a8965f53450995c9103e64e489fb8ed0	pending	-
zr_vm_core/src/zr_vm_core/execution/execution_safepoint.c	zr_vm_core	code	a5e5dc3aa77b222a019f2fa6f66c086e3917361aba34a921b15791ef820e1fe4	pending	-
zr_vm_core/src/zr_vm_core/execution/execution_tail_call.c	zr_vm_core	code	c391c1479cc0c4f721ed4675207441255ee8921bcd1add2a2bb3b7937a9c0204	pending	-
zr_vm_core/src/zr_vm_core/execution/host_baseline_jit.c	zr_vm_core	code	4f3bc2b98a927e41744a176795ccd2a916bfb95ac3e414eb0e19a05a62e55cbb	pending	-
zr_vm_core/src/zr_vm_core/execution_contract.c	zr_vm_core	code	d7d5240be5ec2de58ee4a45fb277d9bfc135d0c9c7f1fc3a806a603c5ef369c2	pending	-
zr_vm_core/src/zr_vm_core/function.c	zr_vm_core	code	df5e6022986d65c6511546557f79fbab57dc0816dfe30ffaf73288aacddb7890	pending	-
zr_vm_core/src/zr_vm_core/function_call_spread.c	zr_vm_core	code	4ffd4b710c2e39b49a9233eb91cd0f3d5970a970664e6e0c75cdbea42ad559ec	reviewed	docs/code-review/coverage/zr_vm_core_function_call_spread.tsv
zr_vm_core/src/zr_vm_core/function_call_spread_internal.h	zr_vm_core	code	456de0b862bf65ce8ac93a412c8f3d51969d54922f1ef51e1a4eec81473e051c	reviewed	docs/code-review/coverage/zr_vm_core_function_call_spread.tsv
zr_vm_core/src/zr_vm_core/function_closure_identity.c	zr_vm_core	code	ecd6aa0feb552b8c656e644bb0a7919d1f459ea75790066aa96deb35c48c5623	reviewed	docs/code-review/coverage/zr_vm_core_closure_identity.tsv
zr_vm_core/src/zr_vm_core/function_frame_place.c	zr_vm_core	code	41de319e89615626ded95165720dbb68643c2d1b267de0e352dd5270870c5448	pending	-
zr_vm_core/src/zr_vm_core/function_graph.c	zr_vm_core	code	ffbad6628781759eb469d905a8151ce661abac8a2c2447eafc8f6f58633ba5b1	reviewed	docs/code-review/coverage/zr_vm_core_function_graph.tsv
zr_vm_core/src/zr_vm_core/function_identity.c	zr_vm_core	code	e650e7effafe94659c5eb204613015447a24ab14b363d48b3f1cf66f26c63926	reviewed	docs/code-review/coverage/zr_vm_core_closure_identity.tsv
zr_vm_core/src/zr_vm_core/function_metadata_binding.c	zr_vm_core	code	b3ae585b7c696dae87f3860b24bfc29550811cc58eb63045716b30d497adf04f	pending	-
zr_vm_core/src/zr_vm_core/function_metadata_query.c	zr_vm_core	code	105243e9796b942f8ff3c8b3680b293ccc1b57e7a4da17960985742444f65e2b	reviewed	docs/code-review/coverage/zr_vm_core_metadata_runtime_queries.tsv
zr_vm_core/src/zr_vm_core/function_precall_internal.h	zr_vm_core	code	34c8186564a8d1c26ed4564c301a1ea68b3b372639f358acfd51b92dac018ac3	pending	-
zr_vm_core/src/zr_vm_core/function_type_layout.c	zr_vm_core	code	e345c586aead7a3b19c47b229fce0035805135da85367bfb9171248ccc14b5e9	pending	-
zr_vm_core/src/zr_vm_core/gc/gc.c	zr_vm_core	code	a294366708620646d4cd59fd612c2a9366c576555a4cbf4e2f0e58c260c3ff4b	reviewed	docs/code-review/coverage/zr_vm_core_gc_main.tsv
zr_vm_core/src/zr_vm_core/gc/gc_budget.c	zr_vm_core	code	e8b8cf041298571cfc1e786442a08eba0ed2c6351a66d32f0e5366f0f42381e5	reviewed	docs/code-review/coverage/zr_vm_core_gc_auxiliary.tsv
zr_vm_core/src/zr_vm_core/gc/gc_budget_contract.c	zr_vm_core	code	1a80fe5a500e93be46b13d57a746487c99917a6bfef1d78db659e5cc7a1f0f15	reviewed	docs/code-review/coverage/zr_vm_core_gc_budget.tsv
zr_vm_core/src/zr_vm_core/gc/gc_budget_runtime.c	zr_vm_core	code	c7a504f37f35cb030d4e71e3d1d70b5068a9d60a7926c6adeedbdd481a55fa9a	reviewed	docs/code-review/coverage/zr_vm_core_gc_budget.tsv
zr_vm_core/src/zr_vm_core/gc/gc_compact.c	zr_vm_core	code	b2b60f461aecf043451e38d63e5103e609d7df216abe29d67a7f59e9bedad9c9	pending	-
zr_vm_core/src/zr_vm_core/gc/gc_concurrent_major.c	zr_vm_core	code	46c85763633f228013e669d73875720244db26c90d3b6679392046d218c8f0ef	pending	-
zr_vm_core/src/zr_vm_core/gc/gc_cycle.c	zr_vm_core	code	2fd20fbc2225c0a6218ef6f25fa1f2345d66809314af3e34f12110ba92a2514a	pending	-
zr_vm_core/src/zr_vm_core/gc/gc_domain.c	zr_vm_core	code	047e54d53dfc8c8ab941c1bc2307265dd58670a26e5826ffe58ef3ff02dd2308	pending	-
zr_vm_core/src/zr_vm_core/gc/gc_domain_clone.c	zr_vm_core	code	2c2ef0d37007f2a5c6445834ff631c920ef6f31e5ec1986b9372ace86731a616	pending	-
zr_vm_core/src/zr_vm_core/gc/gc_domain_internal.h	zr_vm_core	code	11aa19356c4159dcf0f752043399ba49657d2bb5aea009c82380e01b54d704d7	pending	-
zr_vm_core/src/zr_vm_core/gc/gc_domain_mutator.c	zr_vm_core	code	8871e603da0e491fd443a8e0efc8e4e3dc6a6fe7c3f76e50fbfa5661270d2491	pending	-
zr_vm_core/src/zr_vm_core/gc/gc_domain_share.c	zr_vm_core	code	76092150f2aa795aef5375278cbd638d72cc9743d8268af7fe8eafd0b86b8312	reviewed	docs/code-review/coverage/zr_vm_core_gc_auxiliary.tsv
zr_vm_core/src/zr_vm_core/gc/gc_domain_telemetry.c	zr_vm_core	code	d470f75d2008ce2355078fcc2094d8feaaea9517e95499bf9fc875f172c9c36b	reviewed	docs/code-review/coverage/zr_vm_core_gc_auxiliary.tsv
zr_vm_core/src/zr_vm_core/gc/gc_internal.h	zr_vm_core	code	161b71ee1499b5f785a0fbd1d6c902a82fbb834cdb6781e6f0858b6eddf09b36	pending	-
zr_vm_core/src/zr_vm_core/gc/gc_major.c	zr_vm_core	code	67d8efef0e935527f8a6826511d6f2b239270d8c4fa897bd657d0136b6027c4c	pending	-
zr_vm_core/src/zr_vm_core/gc/gc_mark.c	zr_vm_core	code	a475371b8df4b148f476891db428ab7221f54c9aba52511a30094b007f83577d	pending	-
zr_vm_core/src/zr_vm_core/gc/gc_minor.c	zr_vm_core	code	ada652fbe8c04779ce24c4e25c299cff8b6bc2164389c4e6a493f5722222d043	pending	-
zr_vm_core/src/zr_vm_core/gc/gc_object.c	zr_vm_core	code	01200de3c6819cb7588e131c1b89a8689d7b431f5c02790942a6617766e717ea	pending	-
zr_vm_core/src/zr_vm_core/gc/gc_remembered_set.c	zr_vm_core	code	247c06cf6edb1e182a05f2170e3cf3edf459765df13241e7ab6d03f70f45e561	pending	-
zr_vm_core/src/zr_vm_core/gc/gc_sweep.c	zr_vm_core	code	a2a35e4e50d46366e0cc6adcfce59d3ef508f014df4cb0ce1f9f74ced890d580	reviewed	docs/code-review/coverage/zr_vm_core_gc_auxiliary.tsv
zr_vm_core/src/zr_vm_core/gc/gc_tlab.c	zr_vm_core	code	9e8ef0e95628743ecb3088340c7e38b1db0456c390555d8b8f4384603b37808b	pending	-
zr_vm_core/src/zr_vm_core/global.c	zr_vm_core	code	c73d50fc8206be3fcb70c9abca09f24d70d00f597c9e86e3de956faff6b0d149	pending	-
zr_vm_core/src/zr_vm_core/hash.c	zr_vm_core	code	6736da847c6a6933765f427770d7875bccedbbee34e5d6edb774c6819bbdfa0a	reviewed	-
zr_vm_core/src/zr_vm_core/hash_set.c	zr_vm_core	code	7239e21ca61c6c1c9f2d718cc51bcf51ee2973384438f5df815a264df5afed70	reviewed	docs/code-review/coverage/zr_vm_core_hash_set_string_builder.tsv
zr_vm_core/src/zr_vm_core/hotpatch/hotpatch_capability.c	zr_vm_core	code	b84f96a1d5d55ac85d031d9cdcb304199e4d0cac7aef85e10a0be4f514857973	reviewed	-
zr_vm_core/src/zr_vm_core/hotpatch/hotpatch_generation.c	zr_vm_core	code	f0829ef616447d3cc4feb00b8bf10da2a465561ab5826cbbf1a06025e08d281a	reviewed	-
zr_vm_core/src/zr_vm_core/hotpatch/hotpatch_profile.c	zr_vm_core	code	44943321c3cc293fb2e2ae9a44e435f81f6f2d687d39753c4a9796183d8d6ce5	reviewed	-
zr_vm_core/src/zr_vm_core/hotpatch/hotpatch_publish.c	zr_vm_core	code	c924eba1faec6d19a902b98509bbe99f32750d971cd7f5706c91dfeddb0ca5b1	reviewed	-
zr_vm_core/src/zr_vm_core/hotpatch/hotpatch_retire.c	zr_vm_core	code	44fdb3df1a58e5c6b29a115cba48d72c863946d88764f5329f24ad9586a66289	reviewed	-
zr_vm_core/src/zr_vm_core/hotpatch/hotpatch_rollback.c	zr_vm_core	code	a0d4ea1afc70c72c813abfd2ce9e09c04147e0b1c3ed0e14c9f3cd6a28164dd7	reviewed	-
zr_vm_core/src/zr_vm_core/hotpatch/hotpatch_validate.c	zr_vm_core	code	6734eb9e9d9f57709b9d7cc9d2ea9759bbe890db7eaf72c0a88f2884ce2804f8	reviewed	-
zr_vm_core/src/zr_vm_core/io.c	zr_vm_core	code	b5857c834dde856fc5d649021f32010f565179eb6d1ea19166eca4052ed7fdb5	reviewed	docs/code-review/coverage/zr_vm_core_io_callback_exception.tsv
zr_vm_core/src/zr_vm_core/io_call_binding.c	zr_vm_core	code	08150aeaa8bfdea0d467887717498654c77a661770274e5894ec17c3e42af9bd	reviewed	-
zr_vm_core/src/zr_vm_core/io_runtime.c	zr_vm_core	code	cca5c3e804db2f9a87cb010c60ae722c9d531f5542d71fe58c13de13aacdadbc	reviewed	docs/code-review/coverage/zr_vm_core_io_callback_exception.tsv
zr_vm_core/src/zr_vm_core/io_source_free.c	zr_vm_core	code	60a64542d808ff8590aeda3ddd0b15b6ad2aac1d8b2418f6a8c8ff3554dcc90c	reviewed	docs/code-review/coverage/zr_vm_core_io_callback_exception.tsv
zr_vm_core/src/zr_vm_core/iterator/dispatch.c	zr_vm_core	code	bc2f42e433bf4c4750b7fe93bfffe87d0e68774f931a107d3c0ca13789546bd4	reviewed	-
zr_vm_core/src/zr_vm_core/iterator/frame.c	zr_vm_core	code	d095ad3c9ae744b4912f691395be65062bc56707b2158790b2292a577e2f7b77	reviewed	-
zr_vm_core/src/zr_vm_core/log.c	zr_vm_core	code	f006980f5450366defec9165c7efe936fc36f236cb00a488b23074cfb57114b6	reviewed	docs/code-review/coverage/zr_vm_core_debug_native_log.tsv
zr_vm_core/src/zr_vm_core/memory.c	zr_vm_core	code	fcf36e1890e839b9489bdb929bf74f1fe5b83ab469e9b73b39b5cea54ffd16c8	reviewed	docs/code-review/coverage/zr_vm_core_memory.tsv
zr_vm_core/src/zr_vm_core/meta.c	zr_vm_core	code	58fb1017773881c414afea5745be51678f48efd4d84413d0eba14f07f8882225	pending	-
zr_vm_core/src/zr_vm_core/metadata_runtime.c	zr_vm_core	code	3ae339cb351d797bb9b28ed3edfb0b03c8e27e01ceee7872173b77303240a5ea	pending	-
zr_vm_core/src/zr_vm_core/metadata_runtime_binding_compatibility.c	zr_vm_core	code	71a5e2163c88a834ebfd65d4c69cc5a4a66843cc67c8fca335f2c968fe0f4f82	pending	-
zr_vm_core/src/zr_vm_core/metadata_runtime_generic_params.c	zr_vm_core	code	e3ec7c03d48fee49b2eb0ba8b0e0636af275dd3dc24bfdb9b6ad0e55b25fc7db	pending	-
zr_vm_core/src/zr_vm_core/metadata_runtime_layout_binding.c	zr_vm_core	code	b1efbc367d4dca850b8ac01e22b7ed0913aaf61de421f020af4e4971211df5bb	pending	-
zr_vm_core/src/zr_vm_core/metadata_runtime_manifest_exports.c	zr_vm_core	code	e06da2383e3caa85a25b3eff39cbcb24259c85987e75b20ce0e5ff0f26f0b238	reviewed	docs/code-review/coverage/zr_vm_core_metadata_runtime_queries.tsv
zr_vm_core/src/zr_vm_core/metadata_runtime_method_binding.c	zr_vm_core	code	04d9a0df5b476055a34c7882eba6def31961f61cde2380af994cdb35c6aac4e8	pending	-
zr_vm_core/src/zr_vm_core/metadata_runtime_type_node_binding.c	zr_vm_core	code	ec348e14f67d63695792a76ea49d70912f499ce21147279bb270739748d19e56	reviewed	docs/code-review/coverage/zr_vm_core_metadata_runtime_queries.tsv
zr_vm_core/src/zr_vm_core/module/module.c	zr_vm_core	code	9fd294b7dbbcc08bdfc49e9b94489b7adf8a32c31d002fd30b0f8f9e40cab759	reviewed	-
zr_vm_core/src/zr_vm_core/module/module_artifact.c	zr_vm_core	code	ef0c6b9ef3919d8bead55bc64734815f89bf20adbd3e5bd5a7da78810e6a93e7	reviewed	-
zr_vm_core/src/zr_vm_core/module/module_call_binding.c	zr_vm_core	code	3e4ef117823a9552ca6d44f6cb6267bd7386fc2a354c128f2935245c7513ccd1	reviewed	-
zr_vm_core/src/zr_vm_core/module/module_import_signature.c	zr_vm_core	code	6434e0adb49103479a94495a57bf2701372016cd6b88490e2cb05806a5ce4cc5	reviewed	-
zr_vm_core/src/zr_vm_core/module/module_import_signature.h	zr_vm_core	code	ca81afd25160a216c0e57a9d35844db3f04db05fe2049f78ff2f4ae3bdf700ed	reviewed	-
zr_vm_core/src/zr_vm_core/module/module_import_signature_binding.c	zr_vm_core	code	3ad2d3624cc80009710653ebef4bc2779cc32f14f20216b3c8a4c3fe81e55953	reviewed	-
zr_vm_core/src/zr_vm_core/module/module_import_signature_binding.h	zr_vm_core	code	0a9fc2c0dae4ea8e3329e39be3d3dd2b0d86c91c52fdc90b32befc1e72afc530	reviewed	-
zr_vm_core/src/zr_vm_core/module/module_import_signature_manifest_export.c	zr_vm_core	code	3c6ff47b92695c1456eb7cbc91909f74461f1ef1d84586881b1f36c649aee7e7	reviewed	-
zr_vm_core/src/zr_vm_core/module/module_import_signature_manifest_export.h	zr_vm_core	code	7ee86c287dff602b2694aa61f39a9d64453595e170caf707592c12d01b00f39e	reviewed	-
zr_vm_core/src/zr_vm_core/module/module_interface_dispatch.c	zr_vm_core	code	44ba8aaeda6e7bcfa43279c9debc555bcbad0250dd4835e30e52473c7f3acfd6	reviewed	-
zr_vm_core/src/zr_vm_core/module/module_internal.h	zr_vm_core	code	26cd41b0e4005686ee52458ae738c570f0cb5a32b744ebbd78495a10eb45a076	reviewed	-
zr_vm_core/src/zr_vm_core/module/module_loader.c	zr_vm_core	code	c132aee76064914a0086e8e7301c62e2b8e4a5e3a7c164dfd0ab346b46d85192	reviewed	-
zr_vm_core/src/zr_vm_core/module/module_prototype.c	zr_vm_core	code	068f88673d79dbcee20f2f268110060c1b7f3835e85b430c9b0f58d66822e909	reviewed	-
zr_vm_core/src/zr_vm_core/module/module_reflection_import.c	zr_vm_core	code	900d6bbac4acb64ea53b1a5191be7953ac7060f1e8a05bf9c4372f51d345d531	reviewed	-
zr_vm_core/src/zr_vm_core/module/module_reflection_import.h	zr_vm_core	code	68a1ab1622a5bf7059f532e358a228f327356293bdb0d1e2427bd7740e166870	reviewed	-
zr_vm_core/src/zr_vm_core/native_call_callback.c	zr_vm_core	code	6b9a6f31dcaf3579b61ab79d2feb77712f634b5e42da5ee87c401cfedebac0b5	reviewed	docs/code-review/coverage/zr_vm_core_debug_native_log.tsv
zr_vm_core/src/zr_vm_core/native_call_contract.c	zr_vm_core	code	ad4ed77df5314fa461a3597be987d97c55358ab29884d91ac59751795d04f25f	reviewed	docs/code-review/coverage/zr_vm_core_debug_native_log.tsv
zr_vm_core/src/zr_vm_core/native_call_lease.c	zr_vm_core	code	b870774fa73275e9d3290788dcf74330e1702e07693d23cd95052a4c16dd8560	reviewed	docs/code-review/coverage/zr_vm_core_debug_native_log.tsv
zr_vm_core/src/zr_vm_core/native_call_marshalling.c	zr_vm_core	code	3d36ec768b93d799b92cfaaa2895c2c79b2506bd0187c05dc95c3b7b97f17905	reviewed	docs/code-review/coverage/zr_vm_core_debug_native_log.tsv
zr_vm_core/src/zr_vm_core/object/container_storage_contract.c	zr_vm_core	code	59e19cf3d1f3eeb69fd48ebc9d25f41a30e500bf821c664ebac0643e8705530d	reviewed	docs/code-review/coverage/zr_vm_core_container_storage_contract.tsv
zr_vm_core/src/zr_vm_core/object/contiguous_view.c	zr_vm_core	code	7b3d96132aa6f0ad32f55797bd4315dd368c6bf9a251ec019451df9a350db054	reviewed	docs/code-review/coverage/zr_vm_core_contiguous_view.tsv
zr_vm_core/src/zr_vm_core/object/object.c	zr_vm_core	code	c91c1eef952045d346b0f086b1a81a2bf928858c963c57241b0ea54262de1e5b	pending	-
zr_vm_core/src/zr_vm_core/object/object_call.c	zr_vm_core	code	902cebf13c910ef12d9c60737ecbd97046a4e1f1bfaeebbc0e2892b70f8d7e49	pending	-
zr_vm_core/src/zr_vm_core/object/object_call_internal.h	zr_vm_core	code	d1ba96a3df1fa830c9557916c1aa333ef91ba5042c67746e00a65015a5c8aab2	pending	-
zr_vm_core/src/zr_vm_core/object/object_index_contract_direct_binding.c	zr_vm_core	code	1c8545cf49ec6e3dbe473a47581ab00e0edc223cdd1e4c46ce6c4ff3f5f78702	pending	-
zr_vm_core/src/zr_vm_core/object/object_inline_array.c	zr_vm_core	code	ef51dd67aea10f1b81f9d3d9d4092a768149f82f368a63acb18d8ef504569389	pending	-
zr_vm_core/src/zr_vm_core/object/object_internal.h	zr_vm_core	code	519ad3f673d9ef9a69db0e3b326e069dfd950ce63f8ab5ae0ff6bce824f70adc	pending	-
zr_vm_core/src/zr_vm_core/object/object_layout_map.c	zr_vm_core	code	bd77416a2eb425d3c9c8c6ff3dca1130d0555705a25d4ce5f2caa5ba75bea7df	reviewed	docs/code-review/coverage/zr_vm_core_object_layout_map.tsv
zr_vm_core/src/zr_vm_core/object/object_super_array.c	zr_vm_core	code	5a63603f8416815d0c0acd6c62fce48e6d737bbee25e1d0b66d9029a2bb2f192	pending	-
zr_vm_core/src/zr_vm_core/object/object_super_array_internal.h	zr_vm_core	code	c18c1df814e3f685ea1e4b53b9db81442f0a4a0b7c056a2177a42a88ca331f19	pending	-
zr_vm_core/src/zr_vm_core/optimization_remark.c	zr_vm_core	code	ecaed63fa9fd6b9aca94c89f50f4ffc31001807470c48d5114c3a77dc297124a	reviewed	docs/code-review/coverage/zr_vm_core_optimization_remark.tsv
zr_vm_core/src/zr_vm_core/ownership.c	zr_vm_core	code	73cf4f920d874bf77d498d4876c9e647acf734a178d0554ac5ee650dca03e75c	reviewed	docs/code-review/coverage/zr_vm_core_ownership_core.tsv
zr_vm_core/src/zr_vm_core/ownership_resource.c	zr_vm_core	code	6d167b6600a0ae41ad6776e1a1edf06bc6bdff19ce939a4c5670ff9162588573	pending	-
zr_vm_core/src/zr_vm_core/ownership_resource_internal.h	zr_vm_core	code	c3440b9f58097a4b37e33e0d7d32466b7ba9d8af975717e9b188de61c85b50c8	pending	-
zr_vm_core/src/zr_vm_core/ownership_shared.c	zr_vm_core	code	856df21d791f702ba88e43262f4e67ccf719983df6b53f0b2a792e14e49ad793	pending	-
zr_vm_core/src/zr_vm_core/ownership_shared_internal.h	zr_vm_core	code	23ff3d2ff4d58bf20beb4ce3dceb8bdb0713a8fcacf49e3d7b72e2183d4054fb	pending	-
zr_vm_core/src/zr_vm_core/ownership_transfer.c	zr_vm_core	code	064fbf021b7a81f0669dc16f1f61842aa1a8074458194244ffc5d25bcb548cd7	pending	-
zr_vm_core/src/zr_vm_core/ownership_transfer_commit.c	zr_vm_core	code	236dec6c9d577a12ad67ddda36f47676f4d75de6cfc18879603946527eb7d520	pending	-
zr_vm_core/src/zr_vm_core/ownership_transfer_cross_domain.c	zr_vm_core	code	2f4147f54286027d5992d37c080f17146d4c85d6fdad9eb251264caa4d7c7bb7	pending	-
zr_vm_core/src/zr_vm_core/ownership_transfer_cross_domain_internal.h	zr_vm_core	code	2c55d5315202bda6a3d406ee39ca66be1f951d58bc945b989a0be15bf13d0d0b	pending	-
zr_vm_core/src/zr_vm_core/ownership_transfer_internal.h	zr_vm_core	code	ef2ad318d616d8540a2b2eaf6d761f069f5998284c7de5701b7720e3256f303b	pending	-
zr_vm_core/src/zr_vm_core/ownership_transfer_lifecycle.c	zr_vm_core	code	e94955d9e9354d63adad7564d53e3b0822f74101bf8ca8f82086f51cfc6db71f	pending	-
zr_vm_core/src/zr_vm_core/ownership_transfer_value_copy.c	zr_vm_core	code	060ef6403e66e7dc395207778dda7fcff25845d51ff798b0608e8d91cef38e77	pending	-
zr_vm_core/src/zr_vm_core/profile.c	zr_vm_core	code	b8f17e683dc08d0a9d944a70e94fe56f24c053b05e9e03cb529fc4c3e2732116	pending	-
zr_vm_core/src/zr_vm_core/property_reference.c	zr_vm_core	code	d438fe3d48cf590ca40d2bf8dc20f7b678837bb631d70bcaca3e10b4be326792	reviewed	docs/code-review/coverage/zr_vm_core_property_reference.tsv
zr_vm_core/src/zr_vm_core/reflection.c	zr_vm_core	code	63af38733b00084d78e3a80e0d6087b11e56544272c7af4a052de3961bacf909	pending	-
zr_vm_core/src/zr_vm_core/reflection_artifact.c	zr_vm_core	code	7a8d191b183992fcf66a28942e9f62527629a29bf25edd71299e531465827de4	pending	-
zr_vm_core/src/zr_vm_core/reflection_bound_runtime_native.c	zr_vm_core	code	948d16b291b81a67fb05a7fac2f5b3f2f5385e7f7dff74d41522a12d78332c06	pending	-
zr_vm_core/src/zr_vm_core/reflection_bound_runtime_native_internal.h	zr_vm_core	code	493debb3b5bbc96b9229066ada49554c450cf40ea8e979b462be405534681add	pending	-
zr_vm_core/src/zr_vm_core/reflection_construction.c	zr_vm_core	code	e31b52866f51cdeb441811bb568b7d40fbf852a30a86961cb9883f46effde079	pending	-
zr_vm_core/src/zr_vm_core/reflection_construction_native.c	zr_vm_core	code	e5836d3ac2a16a00b5321819e92bb6d6644e400b809a36a823aa5c1fed926ee3	pending	-
zr_vm_core/src/zr_vm_core/reflection_construction_native_internal.h	zr_vm_core	code	88269c56c3e782cab00a46aedc20190c673f7067fff8cd5e71a3d1a248ed5b5c	pending	-
zr_vm_core/src/zr_vm_core/reflection_descriptor_native.c	zr_vm_core	code	e5b31ff5e324fc90a5646d93ff32869bff1c2af1d826d87eb1c875d2a60ccd48	pending	-
zr_vm_core/src/zr_vm_core/reflection_descriptor_native_internal.h	zr_vm_core	code	cacef5e7222aa182b9887a5ceaf9fb3ab64cb5adf4e5209b218b97a9c6bd5fe7	pending	-
zr_vm_core/src/zr_vm_core/reflection_field_value.c	zr_vm_core	code	810d1f42673a608d7d51f752d4f4b4f0d87e1726ec04d08558a30d80af708cf7	pending	-
zr_vm_core/src/zr_vm_core/reflection_field_value_nested.c	zr_vm_core	code	0037672828c8432d1821cdd9f009d3b9b2ae35fa79040156545e204bad530ada	pending	-
zr_vm_core/src/zr_vm_core/reflection_field_value_nested.h	zr_vm_core	code	38845471617e752c092fd00202338acd7c03ced2dd890f29cd676640ff37a8e8	pending	-
zr_vm_core/src/zr_vm_core/reflection_field_value_primitive.c	zr_vm_core	code	7a33a3bf415173310739bfe3555cb96572908cec516c31022ef0b9503d1ea564	pending	-
zr_vm_core/src/zr_vm_core/reflection_field_value_primitive.h	zr_vm_core	code	318f964d404a221dbf30d13a74f2a6311feadf34496d62cff214400de5bad271	pending	-
zr_vm_core/src/zr_vm_core/reflection_generic_argument_internal.h	zr_vm_core	code	e4bfa0ea404f99052faef9b55091b4d478b3158e1ecad601dd584d6ef65a7cab	pending	-
zr_vm_core/src/zr_vm_core/reflection_generic_argument_object.c	zr_vm_core	code	3460c35cb53c2f415e9c30f6090d050c77660601f3d18235cbf36d086e24f943	pending	-
zr_vm_core/src/zr_vm_core/reflection_generic_instance.c	zr_vm_core	code	53f3cf69bed81c936fd078f4c299ef6a85ee06ab9bbb9bba4df5880b62e27a5b	pending	-
zr_vm_core/src/zr_vm_core/reflection_generic_method.c	zr_vm_core	code	a26ca2ade5995b28d0ad728edaba0e0aa29befed09912350da381a3ac89a8877	pending	-
zr_vm_core/src/zr_vm_core/reflection_generic_method_native.c	zr_vm_core	code	98d50e39256d8893e19e275c3f5788534a5bc1affc21e7c7b72743cd496bed08	pending	-
zr_vm_core/src/zr_vm_core/reflection_generic_method_native_internal.h	zr_vm_core	code	4e1c0f104cacc15168d9604a4f05fda52ef1deeb96e97c14db034bd4eb5fdab7	pending	-
zr_vm_core/src/zr_vm_core/reflection_generic_method_object.c	zr_vm_core	code	feb707de27049e97466e6c1dd60d986a457571b63d776442d35decf8040613e0	pending	-
zr_vm_core/src/zr_vm_core/reflection_generic_type_object.c	zr_vm_core	code	cd96df8cb8904b5a139442b740bdf44d5fdb15c74871ae721b40b3f2d7332351	pending	-
zr_vm_core/src/zr_vm_core/reflection_interpreter_generic_instance.c	zr_vm_core	code	37640ce82603e2ef54a9b50d36a72f77a09ed1f712399e2d89a1d49e2984e668	pending	-
zr_vm_core/src/zr_vm_core/reflection_member_query.c	zr_vm_core	code	cab87ac3267735ed41cb72c06020b7a74e15ca936097429d247c02d695bdd3dd	pending	-
zr_vm_core/src/zr_vm_core/reflection_module.c	zr_vm_core	code	e95c011e5985a95d76f6db5ffef4f7aca3fbd6f1e9d8491a214f065a49de0df3	pending	-
zr_vm_core/src/zr_vm_core/reflection_module_cache.c	zr_vm_core	code	b27eb98c5aa9693de76a3a00e92e65f7005c55750193e43e5ca97367ff589c78	pending	-
zr_vm_core/src/zr_vm_core/reflection_module_internal.h	zr_vm_core	code	b8ae40c3956cdca5e8a4759fc530869ab294d27a97790297583f9053fae27b83	pending	-
zr_vm_core/src/zr_vm_core/reflection_object_internal.c	zr_vm_core	code	fe5531a10590046f176f161e604d75295b085b1041f4faa044585df9b6b083ad	pending	-
zr_vm_core/src/zr_vm_core/reflection_object_internal.h	zr_vm_core	code	bdb39a92dcaa2428a02e2b1262e7f2dcfc9303f187c6151b161c6a1d20ce993c	pending	-
zr_vm_core/src/zr_vm_core/reflection_property.c	zr_vm_core	code	f1713d9a4b833a7482d18527d3fd4a4423df3c964704bf25ae1aea5af7f7746f	pending	-
zr_vm_core/src/zr_vm_core/reflection_property_internal.h	zr_vm_core	code	777ce2f9078d7cc106537d19bdaa52e7971995b2c2a75c1b5f2bdcff661ab51e	pending	-
zr_vm_core/src/zr_vm_core/reflection_token_resolve.c	zr_vm_core	code	befa02ab25c758e7f6a9d10d14364b2a56f23a6c142b4fc7b4f45037fefa981a	pending	-
zr_vm_core/src/zr_vm_core/reflection_type_identity.c	zr_vm_core	code	d7b820164604b9f2ecd9eceefb004ab0683ab52f6e5d557bc51082fbe2dba5a5	pending	-
zr_vm_core/src/zr_vm_core/reflection_type_resolve_native.c	zr_vm_core	code	3f9afddb43a5f42e42a7e4e2ca3b5cb279391b91d271701fa33c539f2baaa4a2	pending	-
zr_vm_core/src/zr_vm_core/reflection_type_resolve_native_internal.h	zr_vm_core	code	75f0476ad50110ee0cb93e3fbd9da673ded7cf90bd5f9b66268527ab8fb242b3	pending	-
zr_vm_core/src/zr_vm_core/session_checkpoint.c	zr_vm_core	code	0a7d0bf1dac763b555b4f2166bf883b0d0bbb583253cf51fe543caa5777fd7ca	reviewed	docs/code-review/coverage/zr_vm_core_session_checkpoint.tsv
zr_vm_core/src/zr_vm_core/stack.c	zr_vm_core	code	83ab07d540658f139807709a5b370b19e4bc74f661121e7b73c278e9ec188cc3	pending	-
zr_vm_core/src/zr_vm_core/state.c	zr_vm_core	code	fd3fac38dde07f27c426b521d203e62c149366f71f993b665aa1040e9a8f5e39	pending	-
zr_vm_core/src/zr_vm_core/string.c	zr_vm_core	code	268aa5cc4fcd72d28a5ad852d558e0369da1c540deff9d645af2bc6a3a9b7475	reviewed	docs/code-review/coverage/zr_vm_core_string.tsv
zr_vm_core/src/zr_vm_core/string_builder.c	zr_vm_core	code	6b367b4a2e76c49ac4d159251dba075cb3c58f9d58bfbab591c60b552231dc1f	reviewed	docs/code-review/coverage/zr_vm_core_hash_set_string_builder.tsv
zr_vm_core/src/zr_vm_core/task_frame_runtime.c	zr_vm_core	code	43f3ec60f593224202504ce29a161ecc3670eb8b290ea4524d0c685495e0d385	pending	-
zr_vm_core/src/zr_vm_core/type.c	zr_vm_core	code	53e56fb38817ccdf2a05dcd100522281a9f55bb67367c17a11764f9190970383	reviewed	docs/code-review/coverage/zr_vm_core_type_meta_entry.tsv
zr_vm_core/src/zr_vm_core/type_layout.c	zr_vm_core	code	b890b2216856a6a23c5cf0b2f1f6c414756092e86d772f71ac84f8cf8f0eab09	reviewed	docs/code-review/coverage/zr_vm_core_type_layout.tsv
zr_vm_core/src/zr_vm_core/type_layout_initialization.c	zr_vm_core	code	39ee858693d9f6b9c3a94b29c8e113bff78056434043839b63c6b5c514798017	reviewed	docs/code-review/coverage/zr_vm_core_type_layout.tsv
zr_vm_core/src/zr_vm_core/typed_call_binding.c	zr_vm_core	code	e2283f03ccde1d99d0c973f703ed6c0e8d9ac34751bb88813ea421d5eb3979ff	reviewed	-
zr_vm_core/src/zr_vm_core/utf8.c	zr_vm_core	code	d30e14ba14ed3da259c72aeb00785ee381fd3fcd69efd4e6ff618be1d6e8595a	reviewed	-
zr_vm_core/src/zr_vm_core/value.c	zr_vm_core	code	b49dcddcf265992d6315296bc3610afe4af58ca6900c3c4d444e9da64104c0d1	pending	-
zr_vm_core/src/zr_vm_core/zrp_metadata.c	zr_vm_core	code	1c6a3063befdc73d355df6aaf43155c42d614437e73c60401695ce29d3245efa	pending	-
zr_vm_jit/CMakeLists.txt	zr_vm_jit	config	a3f6bd38b36d70513e0a130968d7f08b4097cd2dfdb1636500be1312e7e35f39	reviewed	-
zr_vm_jit/include/zr_vm_jit/backend.h	zr_vm_jit	code	04eff5999b62af4d0b0b44613480b76b49c7ca4ba5f3361278accbc2e8071ac9	reviewed	-
zr_vm_jit/src/jit_state_maps.cpp	zr_vm_jit	code	801b8368e6bae56ee848bea99a774d2a1182366794765b52d3341e23df706470	reviewed	-
zr_vm_jit/src/orc_backend.cpp	zr_vm_jit	code	e9c1baf54f06ac792fbe136985a1a48ec4da8e3170859827e6bcd7e9c36f974f	reviewed	-
zr_vm_language_server/CMakeLists.txt	zr_vm_language_server	config	b6b9c2d586bae76349ad2709507ffa70153495bdbc967d83186c3c363f676a6b	pending	-
zr_vm_language_server/include/zr_vm_language_server.h	zr_vm_language_server	code	0bb572b2f8a51e8cf34e593527d9fb82522df56b5180e0da3e0f31434cd99eda	pending	-
zr_vm_language_server/include/zr_vm_language_server/conf.h	zr_vm_language_server	code	b74d1bd47c8ebef9c7ff665c460d3a42681a4a1fb9646cb81b839bb8691720fc	pending	-
zr_vm_language_server/include/zr_vm_language_server/incremental_parser.h	zr_vm_language_server	code	44193b9457ac45adb880292116b26c39befea1edcdda480b5b65f80c2a8cbfb3	pending	-
zr_vm_language_server/include/zr_vm_language_server/lsp_capability_registry.h	zr_vm_language_server	code	ba35a5f2626f41de25ed91bf6a96b586e043d299e377e7864c35169d39c81c84	pending	-
zr_vm_language_server/include/zr_vm_language_server/lsp_diagnostic_store.h	zr_vm_language_server	code	a87e1bce3b5a4a8ec4f1c0dfe37c91f901fb82f28d0653c104a8be6f1396c2f6	pending	-
zr_vm_language_server/include/zr_vm_language_server/lsp_interface.h	zr_vm_language_server	code	e3874fb7a533652909b065b2d1257258a379d8add5df4b57ae3a951ce0f6c38a	pending	-
zr_vm_language_server/include/zr_vm_language_server/lsp_semantic_snapshot.h	zr_vm_language_server	code	886b6fbdfa683ccc6e5514abca82cd9bdb6f011a51766ffc4214a3a5a10da23c	pending	-
zr_vm_language_server/include/zr_vm_language_server/lsp_uri.h	zr_vm_language_server	code	c0761f994f4c914c906c047a21bb10c1872a4d714064350604384367a7e3bc00	pending	-
zr_vm_language_server/include/zr_vm_language_server/reference_tracker.h	zr_vm_language_server	code	0e0cb41b8395ed240ce260a68db7487ee37b11dc8c6553fbbaeff977fba2f972	pending	-
zr_vm_language_server/include/zr_vm_language_server/semantic_analyzer.h	zr_vm_language_server	code	32f271f11ea720db71bead59bca1c2b19edf8dae0f73cd26de448cd2759d47dd	pending	-
zr_vm_language_server/include/zr_vm_language_server/symbol_table.h	zr_vm_language_server	code	73f632b8127b6101ea74e32ce32e1f1b30ad12733b7cbf5e8f8195f312510fa8	pending	-
zr_vm_language_server/src/zr_vm_language_server.c	zr_vm_language_server	code	e8774f67ff4a932c9a660c28eb1c4bb650cef9a25bfe98e0b582d4220c586407	pending	-
zr_vm_language_server/src/zr_vm_language_server/diagnostics/lsp_diagnostic_store.c	zr_vm_language_server	code	c0bc3ceaac060c980e6963de533948162c790ee2f578bc2201ea68de911b8faf	pending	-
zr_vm_language_server/src/zr_vm_language_server/incremental/incremental_declaration_index.c	zr_vm_language_server	code	754ebab1f35737c4e91a33924659f6f2bf125622862175533199c9701f11aa3e	pending	-
zr_vm_language_server/src/zr_vm_language_server/incremental/incremental_declaration_index.h	zr_vm_language_server	code	771dea67e3c368c88513c0e35aa52dc0c1f59903879fce71a2d8e0a28864fc4c	pending	-
zr_vm_language_server/src/zr_vm_language_server/incremental/incremental_syntax_reparse.c	zr_vm_language_server	code	efacbaa7cbe88a79803e9f3211fbb1c2d12c8d93b1346f3dba361dd26fedd9cb	pending	-
zr_vm_language_server/src/zr_vm_language_server/incremental/incremental_syntax_reparse.h	zr_vm_language_server	code	f88b349191ab73e37038112f95abdddf4e2b127ef942e0f7ba735ac588dd1fac	pending	-
zr_vm_language_server/src/zr_vm_language_server/incremental_change.c	zr_vm_language_server	code	1aa126d5958747b896aeb1f6282ab08e9c387fed6e781fcd64c2331a85fb0a1b	pending	-
zr_vm_language_server/src/zr_vm_language_server/incremental_change.h	zr_vm_language_server	code	f90f8f7dfa693cf675afe27550f71ab63cd20663a5a311158e78d9e6ff61ff9b	pending	-
zr_vm_language_server/src/zr_vm_language_server/incremental_parser.c	zr_vm_language_server	code	a00d830f1804d14af3c162fb023375d5cd76ea2b82d37dafcce81d0b726e1936	pending	-
zr_vm_language_server/src/zr_vm_language_server/incremental_token_equivalence.c	zr_vm_language_server	code	09ef6744104312164bf1a22568591b08d77d4bdb39e8fb41c8a7e1f283ca031e	pending	-
zr_vm_language_server/src/zr_vm_language_server/incremental_token_equivalence.h	zr_vm_language_server	code	61f4720748790e4b724738deb4aecab1c741c367003fbf50722bb59ba681291d	pending	-
zr_vm_language_server/src/zr_vm_language_server/interface/lsp_binary_metadata_coordinates.c	zr_vm_language_server	code	d19989cc2593063942ac954457af58e0da67c9f61d7e87f2ddde97e4c8942d90	pending	-
zr_vm_language_server/src/zr_vm_language_server/interface/lsp_canonical_symbol_display.c	zr_vm_language_server	code	c50619bb175b0ec3a267ce38f7a1fea50aea6e5c0ac876e36ab4366f6009bc07	pending	-
zr_vm_language_server/src/zr_vm_language_server/interface/lsp_canonical_symbol_display.h	zr_vm_language_server	code	4fbb5f74be86b04892df247e97fd8eb648bf61f68bdd55ac29bfef0c34360f40	pending	-
zr_vm_language_server/src/zr_vm_language_server/interface/lsp_completion_semantic_facts.c	zr_vm_language_server	code	1d047de7cda882df5c1573d4565d89814dd6cec3cb1c7aeaae6e7e57fae76917	pending	-
zr_vm_language_server/src/zr_vm_language_server/interface/lsp_descriptor_metadata_coordinates.c	zr_vm_language_server	code	686543502f0f07db07d6bc532eb9802c0cc3028fd8120f5e4b023dafd1ce6ab0	pending	-
zr_vm_language_server/src/zr_vm_language_server/interface/lsp_diagnostic_fixes.c	zr_vm_language_server	code	c788e73c492eb24b47b11b1b7f4066ee17592e64d5842725655134d21909f9e7	pending	-
zr_vm_language_server/src/zr_vm_language_server/interface/lsp_diagnostic_fixes.h	zr_vm_language_server	code	1d77473fb51876c8b21eb0a2562b096f636bf2094a3f1024014c99017476eb91	pending	-
zr_vm_language_server/src/zr_vm_language_server/interface/lsp_diagnostic_projection.c	zr_vm_language_server	code	db3a931f1a662cd3a1970ededd37bc17b2336cb9fd64cd61cf244c1bf2cbee5b	pending	-
zr_vm_language_server/src/zr_vm_language_server/interface/lsp_inlay_hints.c	zr_vm_language_server	code	dfa1dfa156baaa3fa15d0804b7845f738a7657c4205287a023d41aaf803c07e2	pending	-
zr_vm_language_server/src/zr_vm_language_server/interface/lsp_interface.c	zr_vm_language_server	code	82881da2fb146800d63956e135c67ff9b6417df963c5b3e2ecf8f56a4e312472	pending	-
zr_vm_language_server/src/zr_vm_language_server/interface/lsp_interface_internal.h	zr_vm_language_server	code	a3d5f40bb9859c6d1e1096e0fabf3384eaca47d7832d286c85ed2045f3ed0305	pending	-
zr_vm_language_server/src/zr_vm_language_server/interface/lsp_interface_position.c	zr_vm_language_server	code	55a4619da366c96128e36ce70a7ad78b6c56e6651f719464be58a400e833dcbc	pending	-
zr_vm_language_server/src/zr_vm_language_server/interface/lsp_interface_support.c	zr_vm_language_server	code	de06ac8492d4d29cafb7af4ddc59ac12f01cb832af8d4a283cd742f397a1a3f8	pending	-
zr_vm_language_server/src/zr_vm_language_server/interface/lsp_position_codec.c	zr_vm_language_server	code	6df9409689566fec3eb7f58e6e69759502dc05389472ede153fbb2ac1b7c93ec	pending	-
zr_vm_language_server/src/zr_vm_language_server/interface/lsp_position_codec.h	zr_vm_language_server	code	edb12a8e05ce88b957e713f89cd1d66c7bc9cce30ca984019a5d2891eb5cd7a2	pending	-
zr_vm_language_server/src/zr_vm_language_server/interface/lsp_semantic_cache_lru.c	zr_vm_language_server	code	1af0bdfbecfd86cd94e98822933dc8734804d2fb27d0f099b5c8b5ad0a78f1dc	pending	-
zr_vm_language_server/src/zr_vm_language_server/interface/lsp_semantic_cache_lru.h	zr_vm_language_server	code	8af9d406437281bab63c601b54002c270e8fb2ad8d760cc56f35e95f508d5660	pending	-
zr_vm_language_server/src/zr_vm_language_server/interface/lsp_semantic_snapshot_cache.c	zr_vm_language_server	code	b67c36b82d649db8086bb1f2247a35a55ecc5dfa5d88d85dfa8b544277879a0c	pending	-
zr_vm_language_server/src/zr_vm_language_server/interface/lsp_semantic_snapshot_cache.h	zr_vm_language_server	code	62c9a2fda32d183ff8b04fde6b30325ad3a99621fdda0df8a6f5b97d5fcf94b5	pending	-
zr_vm_language_server/src/zr_vm_language_server/interface/lsp_signature_semantic_facts.c	zr_vm_language_server	code	36615d7add2f1a08a2c008278cb9e7dd420d3e66c3f97fea54c07f593358ba2d	pending	-
zr_vm_language_server/src/zr_vm_language_server/interface/lsp_source_spans.c	zr_vm_language_server	code	d9da29c4b3763e00b46b741f0923ceddcec7000b0d7bad541237f87f499fd00c	pending	-
zr_vm_language_server/src/zr_vm_language_server/interface/lsp_workspace_edit_snapshot.c	zr_vm_language_server	code	402a2237271f8a7b2a6036232275f48dcd668ba455e5c9130a013d207549a9fa	pending	-
zr_vm_language_server/src/zr_vm_language_server/interface/lsp_workspace_edit_snapshot.h	zr_vm_language_server	code	57fb49bc0a8664cf4a3df328f5c4ef971bb7cf9791ace62c0d8be04a818f0884	pending	-
zr_vm_language_server/src/zr_vm_language_server/lsp_canonical_signature_help.c	zr_vm_language_server	code	af9fb55cf91f5001ecd7deaec1899bd01ba28c6dc5dca212b410f934b1e853a4	pending	-
zr_vm_language_server/src/zr_vm_language_server/lsp_canonical_signature_help.h	zr_vm_language_server	code	a8d9312728b6f248158d6c0c7920e391aa2057ff13484044ea0df829d1dd9bf8	pending	-
zr_vm_language_server/src/zr_vm_language_server/lsp_code_action_imports.c	zr_vm_language_server	code	210d3683bfd70f065b3c45ab9e6956df128fc5b06575eac763c4486e0da4b3f4	pending	-
zr_vm_language_server/src/zr_vm_language_server/lsp_code_actions.c	zr_vm_language_server	code	2f3c0517920959930e5f2bef54236924951bf7c54e5f7959bc1dbbd9b4890ec4	pending	-
zr_vm_language_server/src/zr_vm_language_server/lsp_code_actions_internal.h	zr_vm_language_server	code	0a5b82b4ab7229f61e77d64869a8d88e48a64146defaf62fbd42d672d70b1566	pending	-
zr_vm_language_server/src/zr_vm_language_server/lsp_code_lens.c	zr_vm_language_server	code	6a4cd3419ce08c14963073915542dee711bf5bd64b9c5e85942239fac25dda16	pending	-
zr_vm_language_server/src/zr_vm_language_server/lsp_decorator_navigation.c	zr_vm_language_server	code	682a9cec3cf4c7466231b8958f8a5bcfd12d885b741cbdc197e6f0c076032113	pending	-
zr_vm_language_server/src/zr_vm_language_server/lsp_document_links.c	zr_vm_language_server	code	d075079024c88c1ded5c778f6533e41611759551460bff5fe7b83bed1039448e	pending	-
zr_vm_language_server/src/zr_vm_language_server/lsp_editor_features.c	zr_vm_language_server	code	10a131bad980e75063df15571a55571b2b074c91b88d0d23f861b7d24bec6b98	pending	-
zr_vm_language_server/src/zr_vm_language_server/lsp_editor_features_internal.h	zr_vm_language_server	code	977f11b022c54615aec9ba852f63fc401b6b19e91b12d8be80dd8622b8448283	pending	-
zr_vm_language_server/src/zr_vm_language_server/lsp_external_callable_signature_help.c	zr_vm_language_server	code	7a78015feea65a7562214057156cd098a260ba6d125fe68bbd1841cdd98f3976	pending	-
zr_vm_language_server/src/zr_vm_language_server/lsp_external_callable_signature_help.h	zr_vm_language_server	code	18cd71f024970cbbf3ed4185e9c830e6ff24b87ce7ede8a061f53fd78187faac	pending	-
zr_vm_language_server/src/zr_vm_language_server/lsp_folding_ranges.c	zr_vm_language_server	code	73da9d2917d7abc3a4ed03257d7c68b774af04563968876345f966dd26b24f87	pending	-
zr_vm_language_server/src/zr_vm_language_server/lsp_hierarchy.c	zr_vm_language_server	code	fbea45f50dc47c728d7bf23701964e78b09660cb9f9693af8dc64bccfbbe49bc	pending	-
zr_vm_language_server/src/zr_vm_language_server/lsp_property_code_actions.c	zr_vm_language_server	code	7f45e8436a66b327f3346109ae4e9ed89072538389b1bae064267742c4993c0e	pending	-
zr_vm_language_server/src/zr_vm_language_server/lsp_property_code_actions.h	zr_vm_language_server	code	8b7eada5ac2a704f1597db3a8c79e7b7c9e33cfb18dfafdf2a968c1493e63440	pending	-
zr_vm_language_server/src/zr_vm_language_server/lsp_signature_help.c	zr_vm_language_server	code	5461144c817daa301452f3f28272e1dad7cecd67f0536eceee84d90ef761a640	pending	-
zr_vm_language_server/src/zr_vm_language_server/lsp_signature_help_internal.h	zr_vm_language_server	code	66064f343a37f5a7348eb28edc6fd7c24c8eb19e9b8a3c7195b4bbd12b5b06a8	pending	-
zr_vm_language_server/src/zr_vm_language_server/lsp_super_navigation.c	zr_vm_language_server	code	c1b8b36ff762c969bf2eab6c63e324eff60ad2ea1468cde158c164f20221f8b4	pending	-
zr_vm_language_server/src/zr_vm_language_server/lsp_token_metadata.c	zr_vm_language_server	code	28ead1631a72475788930a66ad9881d27cfbe8e30ac97d176abde1e022ad964e	pending	-
zr_vm_language_server/src/zr_vm_language_server/lsp_virtual_documents.c	zr_vm_language_server	code	5132ababfa134532baa9ecb01b909c6ffe9deaf0756d596de4083b942547c729	pending	-
zr_vm_language_server/src/zr_vm_language_server/lsp_virtual_documents.h	zr_vm_language_server	code	d44e8e5603c0eeb86b0d3b2f9f31ea28bea83763beece320ec0e0daecdfb3404	pending	-
zr_vm_language_server/src/zr_vm_language_server/metadata/lsp_external_metadata_identity.c	zr_vm_language_server	code	3417230b39412f3142a456257677b6b672b7d1166034e5da29459a402b40ed0b	pending	-
zr_vm_language_server/src/zr_vm_language_server/metadata/lsp_external_metadata_identity.h	zr_vm_language_server	code	6d73ee092e92e5f4d6b6701d907ac00c5186d22bd21e97091ae58ba884980939	pending	-
zr_vm_language_server/src/zr_vm_language_server/metadata/lsp_metadata_provider.c	zr_vm_language_server	code	7f777ac5ebae5842e6142c1661cba127f724148b2b194efec6b30ae8a0c04624	pending	-
zr_vm_language_server/src/zr_vm_language_server/metadata/lsp_metadata_provider.h	zr_vm_language_server	code	70ca699b2762a8573ee231cca9894dafef5c1f39bd7d10250c6dc618c3b42ac3	pending	-
zr_vm_language_server/src/zr_vm_language_server/metadata/lsp_native_declaration_projection.c	zr_vm_language_server	code	7460a64dd1da7b1221b93c6e4e859e749912c7f7027bd6540edca16ee5176581	pending	-
zr_vm_language_server/src/zr_vm_language_server/metadata/lsp_native_declaration_projection.h	zr_vm_language_server	code	b459ff4a4dc9875f05c97399d6ab482a04a5b5881d36e68366f68fd82de9fec4	pending	-
zr_vm_language_server/src/zr_vm_language_server/metadata/lsp_virtual_document_identity.c	zr_vm_language_server	code	a2b2f763a07421a0130f4ea0114ca5ee2bac4a7841d8096ff72c2da94fb4447b	pending	-
zr_vm_language_server/src/zr_vm_language_server/metadata/lsp_virtual_document_identity.h	zr_vm_language_server	code	1242a86d8a82165daef4228ec4d7745fc36dcc16340cfbf6409a53f957704e3d	pending	-
zr_vm_language_server/src/zr_vm_language_server/module/lsp_compile_tool_projection.c	zr_vm_language_server	code	fd0d5257df816bd3b127a580a8a2251921fd53db4f6371e52aede87e49643570	pending	-
zr_vm_language_server/src/zr_vm_language_server/module/lsp_compile_tool_projection.h	zr_vm_language_server	code	16ff89a89c5d76a5799be8121b831dfc07f8fdae3121fe7a9918e54b0a5875f9	pending	-
zr_vm_language_server/src/zr_vm_language_server/module/lsp_module_metadata.c	zr_vm_language_server	code	0af681a7776af11e07a36289cea225f1cca3123fe49f7684f78fe894ad8cfd65	pending	-
zr_vm_language_server/src/zr_vm_language_server/module/lsp_module_metadata.h	zr_vm_language_server	code	0282a4c2d48e8830ecd7128973bbed06b652e86778c09c415b86f9eba49aeb99	pending	-
zr_vm_language_server/src/zr_vm_language_server/project/lsp_project.c	zr_vm_language_server	code	aff70a6ce66ae3c35eb48635e4c8b514cd4b5b3dc4bf20cc4ef10afa5d640566	pending	-
zr_vm_language_server/src/zr_vm_language_server/project/lsp_project_diagnostics.c	zr_vm_language_server	code	3b10e922b5c613993b95794130669c24a3ff213587f94524acf349275370439b	pending	-
zr_vm_language_server/src/zr_vm_language_server/project/lsp_project_imports.c	zr_vm_language_server	code	9e17ef0c8473bbae70485beaca67bfa54db37f03894b7a0ec63c3c5eb302a860	pending	-
zr_vm_language_server/src/zr_vm_language_server/project/lsp_project_internal.h	zr_vm_language_server	code	dc62147ddacb1111ede6e01b3599293739ff8bfee2cbb9cca3b0faba77eb02b0	pending	-
zr_vm_language_server/src/zr_vm_language_server/project/lsp_project_module_ranges.c	zr_vm_language_server	code	bea261551465c32785ee10659f8a643760495d87d36fb6a9999a6986dbe9238b	pending	-
zr_vm_language_server/src/zr_vm_language_server/project/lsp_project_navigation.c	zr_vm_language_server	code	9a59a90149c933e0c99ac48f58fb0f04ea80495a68fdaa6a8a147b11ace3c09f	pending	-
zr_vm_language_server/src/zr_vm_language_server/project/lsp_project_public_contract.c	zr_vm_language_server	code	5a9265ca2d82d38dce00333267469217aedbed3d7382903e184225de54c88290	pending	-
zr_vm_language_server/src/zr_vm_language_server/project/lsp_project_source_rename.c	zr_vm_language_server	code	1f5b752f1cc08efcfd1aa0f295f33734c2f0a4c433d5b1d8694fdf146ffde6a2	pending	-
zr_vm_language_server/src/zr_vm_language_server/project/lsp_workspace.c	zr_vm_language_server	code	910f4c4e9cfb6c45aca6bae5981fa5d9e5a2321b3a00ca6e91e537701c310f74	pending	-
zr_vm_language_server/src/zr_vm_language_server/project/lsp_workspace.h	zr_vm_language_server	code	39e22e82c6444d7f4ca0c5a57c7c7a7eac0d83a9be206c19ae0e252e49d18afb	pending	-
zr_vm_language_server/src/zr_vm_language_server/protocol/lsp_capability_registry.c	zr_vm_language_server	code	e5ccfb915a776f47fee52e032c3ad55bc7508e4893873e8b977075b72fe9a655	pending	-
zr_vm_language_server/src/zr_vm_language_server/protocol/lsp_uri.c	zr_vm_language_server	code	37d8bc51db21354a4e77b2688835e525d960fa53d634717c03db606361bf6d80	pending	-
zr_vm_language_server/src/zr_vm_language_server/reference_tracker.c	zr_vm_language_server	code	5b64fdb31d121694544f032688c766e9568604bf3922c508118c9d492265502d	pending	-
zr_vm_language_server/src/zr_vm_language_server/semantic/lsp_canonical_completion.c	zr_vm_language_server	code	cbf910d34af3e55165de978d0723d54bcd7bd74acaf7e61ee69b8740f5a5492f	pending	-
zr_vm_language_server/src/zr_vm_language_server/semantic/lsp_canonical_completion.h	zr_vm_language_server	code	144a43284d15126e1bdc5c673ab811fecc5361b3fa76c0308bf4ad7f9b682847	pending	-
zr_vm_language_server/src/zr_vm_language_server/semantic/lsp_canonical_hover.c	zr_vm_language_server	code	850caf9de1ea4dd42ca5761cbb23cd678060ebdd6e31acc96397e8bc7066a28c	pending	-
zr_vm_language_server/src/zr_vm_language_server/semantic/lsp_canonical_hover.h	zr_vm_language_server	code	050305913a0f1e7804c1e9f0cfebea3ff95f8b479bc8c6ea69fb7c36d97459dd	pending	-
zr_vm_language_server/src/zr_vm_language_server/semantic/lsp_cross_snapshot_references.c	zr_vm_language_server	code	91eaf8a11cf523f229a6b95ef1bd37ed01c73cbc873ff00a73b68fccdf344828	pending	-
zr_vm_language_server/src/zr_vm_language_server/semantic/lsp_cross_snapshot_references.h	zr_vm_language_server	code	14e32f7a33b335681bd0a209cfa0a15c31193da0320a419ea8617cb0cb431bde	pending	-
zr_vm_language_server/src/zr_vm_language_server/semantic/lsp_external_callable_contract.c	zr_vm_language_server	code	f149fdd03f21cffa26f838d94b6852c463c27694e1df1e8a21dba37df907ddb8	pending	-
zr_vm_language_server/src/zr_vm_language_server/semantic/lsp_external_callable_contract.h	zr_vm_language_server	code	5c6cd30b7f661382a4bb1c7caa6d4af1f2a3fdfcf2432a16ce2441cd987ef487	pending	-
zr_vm_language_server/src/zr_vm_language_server/semantic/lsp_external_target_identity.c	zr_vm_language_server	code	eb4fafdcf9aa268673b1a1eed6db7ce860f015e1c312a3b8439a4fb67eb26a57	pending	-
zr_vm_language_server/src/zr_vm_language_server/semantic/lsp_external_target_identity.h	zr_vm_language_server	code	48cd62f83769702bb2fd23901098642a2bb618d0277a0505ccc25f5aede7d578	pending	-
zr_vm_language_server/src/zr_vm_language_server/semantic/lsp_local_semantic_expression_text.c	zr_vm_language_server	code	fe0495b6ffed6971b7b41d419dbd0c1246569c06f193311c23189bcf1898cb7e	pending	-
zr_vm_language_server/src/zr_vm_language_server/semantic/lsp_local_semantic_expression_text.h	zr_vm_language_server	code	7af8ac9eeb8478628a84f9d76e513d247c6d213ae8ce1c66427c2b59df237312	pending	-
zr_vm_language_server/src/zr_vm_language_server/semantic/lsp_local_semantic_hover_text.c	zr_vm_language_server	code	427c40bd2d9f11a47cdd5b770e3f12ae1dfe6ccef8a29f61110a23dcc6d631ce	pending	-
zr_vm_language_server/src/zr_vm_language_server/semantic/lsp_local_semantic_hover_text.h	zr_vm_language_server	code	430063731b8a72a4811548faef04e8f7eda7ed446fba0db8ba550e365138c647	pending	-
zr_vm_language_server/src/zr_vm_language_server/semantic/lsp_local_semantic_query.c	zr_vm_language_server	code	4adec35a9dc68d3e453c3275ac3fb1231477aa3b7abf584c3d0afbaed3d31ab4	pending	-
zr_vm_language_server/src/zr_vm_language_server/semantic/lsp_local_semantic_query.h	zr_vm_language_server	code	e82dca2cbb570509e857a724c2ee5a034e43588dad5e934e21107644e1131eae	pending	-
zr_vm_language_server/src/zr_vm_language_server/semantic/lsp_numeric_range_text.c	zr_vm_language_server	code	665319cb3a2f97e2411050f6af75f574ff7cc63198b1fcbb15c4cd10f8fa1e2c	pending	-
zr_vm_language_server/src/zr_vm_language_server/semantic/lsp_numeric_range_text.h	zr_vm_language_server	code	038264b9d8c704adc1881fafa8fd573020aaa18fcc2be578c8e91a766526c976	pending	-
zr_vm_language_server/src/zr_vm_language_server/semantic/lsp_optimization_remarks.c	zr_vm_language_server	code	9276e95a75c38b184523df106744f80226e133eb123d156d06e141e9a3e08cd7	pending	-
zr_vm_language_server/src/zr_vm_language_server/semantic/lsp_optimization_remarks.h	zr_vm_language_server	code	27c10546e6b41ab461998794950a66e2e55621e98bdbe9d0f8b64bb4e931452a	pending	-
zr_vm_language_server/src/zr_vm_language_server/semantic/lsp_property_contract.c	zr_vm_language_server	code	af447e2307ddc5e75f8b610436e23bb743029b9ae31fca5c287d1bbbfe21f833	pending	-
zr_vm_language_server/src/zr_vm_language_server/semantic/lsp_property_contract.h	zr_vm_language_server	code	25bf3ef6cf10e619c8130ab41b6b4f2f4ee16b427f922253b60a2b778b4fc660	pending	-
zr_vm_language_server/src/zr_vm_language_server/semantic/lsp_scheduler_contract.c	zr_vm_language_server	code	5ba6cf3aa311b1ececfb593765283b3ea9ea06361e4e61ea303c9084d15bb22c	pending	-
zr_vm_language_server/src/zr_vm_language_server/semantic/lsp_scheduler_contract.h	zr_vm_language_server	code	33f5916ee2cb5a141bc79ecee6f50afb2b1e488803f56f3029edaad7892d4186	pending	-
zr_vm_language_server/src/zr_vm_language_server/semantic/lsp_semantic_call_hierarchy.c	zr_vm_language_server	code	d50d4e0613c25ae7954dddfc60e04e9465e2ec655463903561862596111ae367	pending	-
zr_vm_language_server/src/zr_vm_language_server/semantic/lsp_semantic_call_hierarchy.h	zr_vm_language_server	code	cd6cf70c85cf4e0aafa02dcbb3a5e45081f32c0a6d4bca9275d20ad951af09ea	pending	-
zr_vm_language_server/src/zr_vm_language_server/semantic/lsp_semantic_definition_query.c	zr_vm_language_server	code	2acd13df0efa6495ced4792c9e38016aaa1e17ae634a4970b878b1b3885697f2	pending	-
zr_vm_language_server/src/zr_vm_language_server/semantic/lsp_semantic_definition_query.h	zr_vm_language_server	code	4bc48509d750d9599def9c0c3cff5ca1669070e4445fe21368a7224b82aee186	pending	-
zr_vm_language_server/src/zr_vm_language_server/semantic/lsp_semantic_implementation_query.c	zr_vm_language_server	code	8bdbf4b60772ff0a4b8cf1489d36d393dd74cfe805c05c35138952de2be70971	pending	-
zr_vm_language_server/src/zr_vm_language_server/semantic/lsp_semantic_implementation_query.h	zr_vm_language_server	code	b0338b299da241c37664a3cd7c45148871e42469a84669768e6f340d9a4d37ca	pending	-
zr_vm_language_server/src/zr_vm_language_server/semantic/lsp_semantic_import_chain.c	zr_vm_language_server	code	8288da87d33fa1416eeff43c0d1889ef656a70b66e61a481145438d89fafecfe	pending	-
zr_vm_language_server/src/zr_vm_language_server/semantic/lsp_semantic_import_chain.h	zr_vm_language_server	code	c4a619242c8eb8e9a19130bafb78ed661022cdece90e3f3bf007d1299b21b53a	pending	-
zr_vm_language_server/src/zr_vm_language_server/semantic/lsp_semantic_query.c	zr_vm_language_server	code	fb533d3d75df9dd7c020bc7c57b67af2927359a288eabdd640086d7790ff3a43	pending	-
zr_vm_language_server/src/zr_vm_language_server/semantic/lsp_semantic_query.h	zr_vm_language_server	code	71b5e1f4d8043b0db67a939b82694bd5414c6d64783f3c78e237796edf4de677	pending	-
zr_vm_language_server/src/zr_vm_language_server/semantic/lsp_semantic_reference_query.c	zr_vm_language_server	code	d1442f1fc3f9cfc04d1701791ca9a8a2ef58eef9596dfc6c040292f14cadfa6e	pending	-
zr_vm_language_server/src/zr_vm_language_server/semantic/lsp_semantic_reference_query.h	zr_vm_language_server	code	6fb0a74b5be7cb3bc3a7b217f7d57e90fd9c204ecc327e1b0b495f381943994b	pending	-
zr_vm_language_server/src/zr_vm_language_server/semantic/lsp_semantic_relation_query.c	zr_vm_language_server	code	32e91627ddcebe41ba2d79318fee73894605b9427c1eeeb433323042083ab2b7	pending	-
zr_vm_language_server/src/zr_vm_language_server/semantic/lsp_semantic_relation_query.h	zr_vm_language_server	code	1fc9a6e33bc8fe48e98251bfb86b8aa4e8fe70f07159d8e1281ba9bf156f5294	pending	-
zr_vm_language_server/src/zr_vm_language_server/semantic/lsp_semantic_token_canonical.c	zr_vm_language_server	code	1fd70e7ed367a489f1a891f2ed60b919528705dc5c2604a0b22dfb479262a507	pending	-
zr_vm_language_server/src/zr_vm_language_server/semantic/lsp_semantic_token_canonical.h	zr_vm_language_server	code	363e7c7fc93919121b7ec7a351345249150f90bad965840122af07fbd984dcaf	pending	-
zr_vm_language_server/src/zr_vm_language_server/semantic/lsp_semantic_token_entries.c	zr_vm_language_server	code	50a882ce06cc9b480546ea06adf70db992b42527116c81212e12a581cf7cb92d	pending	-
zr_vm_language_server/src/zr_vm_language_server/semantic/lsp_semantic_token_entries.h	zr_vm_language_server	code	00a4fdf2a51ce4884c2b74f247944ee5adeeab775ca8014f2bb1a5ca74cb7d68	pending	-
zr_vm_language_server/src/zr_vm_language_server/semantic/lsp_semantic_tokens.c	zr_vm_language_server	code	01da27caf1d4ce9783d2a808d822be42f2f8daac63b63cc3bc5f70bf40d7c601	pending	-
zr_vm_language_server/src/zr_vm_language_server/semantic/lsp_semantic_type_hierarchy.c	zr_vm_language_server	code	3dd65db8683853ffcea2ea2136bc69f892334e4e7f169d46b1fdcfe395e9c784	pending	-
zr_vm_language_server/src/zr_vm_language_server/semantic/lsp_semantic_type_hierarchy.h	zr_vm_language_server	code	8d8835f687a4511c45d95e4853bca2d07e531aadf0d8517c360621586392d685	pending	-
zr_vm_language_server/src/zr_vm_language_server/semantic/lsp_stable_slot_contract.c	zr_vm_language_server	code	2c7851d6e62be45648c5f7099be14e96148c6c3dcad5d1e87fc7d93150a7602a	pending	-
zr_vm_language_server/src/zr_vm_language_server/semantic/lsp_stable_slot_contract.h	zr_vm_language_server	code	f6c3c69f97dc5d2e19d791dcd8a8ec178108a6cf47a6234140f569b0f336c3b7	pending	-
zr_vm_language_server/src/zr_vm_language_server/semantic/semantic_analyzer.c	zr_vm_language_server	code	7ec8cc0115d6b4e821d11ba9608eaa6f5ca8e6752ffc2a7ff2749f732e374fab	pending	-
zr_vm_language_server/src/zr_vm_language_server/semantic/semantic_analyzer_analysis.c	zr_vm_language_server	code	044ba151e17b7c76b321e3b926e45d34ef74413ed582658e7e69a29e2440f99c	pending	-
zr_vm_language_server/src/zr_vm_language_server/semantic/semantic_analyzer_change.c	zr_vm_language_server	code	33a12c55a2a329b3005870aa1f3ff1fd6b612c8f2ded79207f57a7167aab7ced	pending	-
zr_vm_language_server/src/zr_vm_language_server/semantic/semantic_analyzer_constant_condition.c	zr_vm_language_server	code	8b99000fcd75d414f00dbec686f4684f51decc425c8c72586165575b1d77d03e	pending	-
zr_vm_language_server/src/zr_vm_language_server/semantic/semantic_analyzer_declaration_binding.c	zr_vm_language_server	code	ce6b5c720ffbdbc1cd2e10777bab75b63921b195ad1ca7ec5293b2834ea7da8a	pending	-
zr_vm_language_server/src/zr_vm_language_server/semantic/semantic_analyzer_diagnostic_fixes.c	zr_vm_language_server	code	234f31250818e9912477536d4751cae9f26bc8aab2d57286affeef44c7df47cd	pending	-
zr_vm_language_server/src/zr_vm_language_server/semantic/semantic_analyzer_diagnostic_projection.c	zr_vm_language_server	code	4a461444b4aebdb9daddb4c12a4d569d339f620cee67d6050b046803194458e3	pending	-
zr_vm_language_server/src/zr_vm_language_server/semantic/semantic_analyzer_expression_query.c	zr_vm_language_server	code	3413b1102c5103f3f8af0838257b5b4761d6d5ee1252320c3d1d9e7e7f2067db	pending	-
zr_vm_language_server/src/zr_vm_language_server/semantic/semantic_analyzer_extern_bindings.c	zr_vm_language_server	code	3143093ec9f0e32b6fa58656809ea57075a8cd2bad144d2eed0029918c7087b3	pending	-
zr_vm_language_server/src/zr_vm_language_server/semantic/semantic_analyzer_internal.h	zr_vm_language_server	code	83e08d99e73e23ba62af71d11994bf7a921d813ea0da0ae459fe334a2f49b26a	pending	-
zr_vm_language_server/src/zr_vm_language_server/semantic/semantic_analyzer_query_diagnostics.c	zr_vm_language_server	code	180d29c2e4e4162417978d2e95f7efc7e9c3ea0140d897626c1dd94b716b966b	pending	-
zr_vm_language_server/src/zr_vm_language_server/semantic/semantic_analyzer_query_source.c	zr_vm_language_server	code	4fc49b26660ada22f258e8c3b2720756fcf00740c98e2bbb81835bf80c7cfb7b	pending	-
zr_vm_language_server/src/zr_vm_language_server/semantic/semantic_analyzer_query_source.h	zr_vm_language_server	code	67a718a047b5dfc617e5126558ab7f483178e30c08627cff8177bfca0ccbb4af	pending	-
zr_vm_language_server/src/zr_vm_language_server/semantic/semantic_analyzer_reachability.c	zr_vm_language_server	code	b36fa88fc3606a1ce7d46a5d88bd4f50399c9339b40bfd4268cab1d5eaef0639	pending	-
zr_vm_language_server/src/zr_vm_language_server/semantic/semantic_analyzer_scope.c	zr_vm_language_server	code	043d7738c29cc7da30fd3ffa1d1efb0192c36f16e19e1ccfe8147d6701062c65	pending	-
zr_vm_language_server/src/zr_vm_language_server/semantic/semantic_analyzer_scope_cache.c	zr_vm_language_server	code	6057a3ffb3ba4c768c7b23ee15185cb210de43965c10e72ffc6ffb7311265551	pending	-
zr_vm_language_server/src/zr_vm_language_server/semantic/semantic_analyzer_support.c	zr_vm_language_server	code	46b17124e7d02baf37aec57ab901201754e9bd3fbe788d9172e12f310244f1ab	pending	-
zr_vm_language_server/src/zr_vm_language_server/semantic/semantic_analyzer_symbols.c	zr_vm_language_server	code	79b67d3dc8c199869771520b0a236049cdd606e4f740c2f9f9401a17f34f339b	pending	-
zr_vm_language_server/src/zr_vm_language_server/semantic/semantic_analyzer_typecheck.c	zr_vm_language_server	code	6e1f4b698e1ad2a58e5d6aa2e4cc351b522a40ab51d80322a2986ba69fff5aa8	pending	-
zr_vm_language_server/src/zr_vm_language_server/semantic/semantic_analyzer_typecheck_bindings.c	zr_vm_language_server	code	bfe6878395800ecc156d0407458c5eba04f6ca5e9d72120c42caa915194dfa33	pending	-
zr_vm_language_server/src/zr_vm_language_server/semantic/semantic_analyzer_union_patterns.c	zr_vm_language_server	code	331244bd9b6833a751feb3d80253c65820ec6add4c08b568806cc17fccb50ec4	pending	-
zr_vm_language_server/src/zr_vm_language_server/semantic/semantic_analyzer_union_patterns.h	zr_vm_language_server	code	ab623ea7753822559d2976f366d1e69d1c1e8fa61c02e63040c735edc5aa3d50	pending	-
zr_vm_language_server/src/zr_vm_language_server/semantic/semantic_analyzer_value_children.c	zr_vm_language_server	code	6244dbd584a9ebe8cd8797ce498c87f2c13e92daaf4f97bb52952165449c0adf	pending	-
zr_vm_language_server/src/zr_vm_language_server/semantic/semantic_type_format.c	zr_vm_language_server	code	e5fe367fe1d73006f3d6a0ff296c61fbdcc1631e51812b84c977fc7ffce73c41	pending	-
zr_vm_language_server/src/zr_vm_language_server/semantic_type_prototypes.c	zr_vm_language_server	code	78d594e46131c436494358753aa0e0a709d4ea55edef1a1f03784ce5eb34bd28	pending	-
zr_vm_language_server/src/zr_vm_language_server/snapshot/lsp_semantic_snapshot.c	zr_vm_language_server	code	c448beae186cedcea368263b85a41e854a40cba9db9c0b0eda9730b596dca72f	pending	-
zr_vm_language_server/src/zr_vm_language_server/symbol_table.c	zr_vm_language_server	code	7a6b5610d8a03706493274d3769912061c9e8c15b92aef503f5194e259a28ccf	pending	-
zr_vm_language_server/stdio/stdio_completion.c	zr_vm_language_server	code	b96c730e2c30e285f7e048c267f03c26823347d1a0effa025bac3b6f5d241154	pending	-
zr_vm_language_server/stdio/stdio_completion_json.c	zr_vm_language_server	code	d82389ce63271a80d198c44473795be655306d638a9e350b1018f67d8a9fd858	pending	-
zr_vm_language_server/stdio/stdio_diagnostic_json.c	zr_vm_language_server	code	2ba93fc40186de583cacc558d48faee58e3ff1447649d12d6eaef40ff70f8e52	pending	-
zr_vm_language_server/stdio/stdio_diagnostics.c	zr_vm_language_server	code	ee894b8defcf04e831c3d9e81547ea57f4bc803cda50d1e02c82eeb60063cd45	pending	-
zr_vm_language_server/stdio/stdio_document_content.c	zr_vm_language_server	code	a8b0e4a10c946daf2a9bc2339765065ddd1817d5a33670275d695416bfc9efb8	pending	-
zr_vm_language_server/stdio/stdio_document_file.c	zr_vm_language_server	code	2e765fb0e82f997060b97466a45dc57f74380a82443318d47da339e1a7e53329	pending	-
zr_vm_language_server/stdio/stdio_documents.c	zr_vm_language_server	code	fb251ef0b1ec44902a69b00714fa1e5802175c5ec1ea9c2a0925ad732871e95a	pending	-
zr_vm_language_server/stdio/stdio_editing.c	zr_vm_language_server	code	c243678a988adc4d6da02315bc279deeb15fe91f94b1f622c2433ef8bcd57c40	pending	-
zr_vm_language_server/stdio/stdio_editing_json.c	zr_vm_language_server	code	66b7cef760023e84128f2859e19ab787eaa8ad3704d7f53a3dc8abe1955b2b6a	pending	-
zr_vm_language_server/stdio/stdio_editor_features.c	zr_vm_language_server	code	96211d11f14f3cafa60ee7c8a58afc35dac1294f02c04c18401684daf82c6013	pending	-
zr_vm_language_server/stdio/stdio_editor_features_json.c	zr_vm_language_server	code	b1593140326e2a6fb5a25a0797eb6861afc76baa2e09dff25919b3b59647e946	pending	-
zr_vm_language_server/stdio/stdio_frame_reader.c	zr_vm_language_server	code	0074f0701f19d59da65ec61e4b59ad4e150f02648b14e0367ddaf07dcb0e51dc	reviewed	docs/code-review/coverage/zr_vm_language_server_stdio_frame_envelope.tsv
zr_vm_language_server/stdio/stdio_frame_reader.h	zr_vm_language_server	code	e614f6d4bb600a6dfe6b300759252efb9d892a39e979bfb85366c3beea4ee48c	reviewed	docs/code-review/coverage/zr_vm_language_server_stdio_frame_envelope.tsv
zr_vm_language_server/stdio/stdio_handler_result.h	zr_vm_language_server	code	366c19b749cb539547aad93fd6434759a2f095f64573b7322ef705ebcd072306	pending	-
zr_vm_language_server/stdio/stdio_hierarchy.c	zr_vm_language_server	code	e80a359b324db04140f01cbc632e495c51510528632aaf81f6e62886a28f50d6	pending	-
zr_vm_language_server/stdio/stdio_initialize.c	zr_vm_language_server	code	fa72024218a6459b5d38ec88023e5b7eb27c28bb4d4d5ed1511157046de81452	pending	-
zr_vm_language_server/stdio/stdio_initialize_capabilities.c	zr_vm_language_server	code	939ffb7baa408c09c3bf2ea47dabf975cc70d8e96ca55b360ca1f0eab28fbbd5	pending	-
zr_vm_language_server/stdio/stdio_inline_completion.c	zr_vm_language_server	code	aa73cb635d4e6fbbf4654939516a6ecd6d8879006e990e5dafe954ea2b9729e8	pending	-
zr_vm_language_server/stdio/stdio_inline_value.c	zr_vm_language_server	code	a8a81257c4de0ba75560b5d43dd27afa2e25686f4dbfa9aefc993704d553e90a	pending	-
zr_vm_language_server/stdio/stdio_inline_value_scan.c	zr_vm_language_server	code	307a4400ae8a1c38d60cf2c893d8741db13fa6198c050315c41831e7e30d7dec	pending	-
zr_vm_language_server/stdio/stdio_inline_value_scan.h	zr_vm_language_server	code	cfe9524e962eb4077ff87e2592cd70a156ffc5ee6de0f62130a63106852cfbe0	pending	-
zr_vm_language_server/stdio/stdio_inline_value_semantic_text.c	zr_vm_language_server	code	332fd64a927692816f8eb5ee5cdc807678066492e494030c12464d3189fa19aa	pending	-
zr_vm_language_server/stdio/stdio_inline_value_semantic_text.h	zr_vm_language_server	code	af19abeba48ebb2ce467b9ded4b4c6fce64631754e762015275417756f7aa62d	pending	-
zr_vm_language_server/stdio/stdio_json.c	zr_vm_language_server	code	2f1995aa2214e0f7e73555dab2e2260a343e3b54c7664a20b795980b059dd6b0	reviewed	docs/code-review/coverage/zr_vm_language_server_stdio_parse_memory.tsv
zr_vm_language_server/stdio/stdio_json_builder.h	zr_vm_language_server	code	0ae05f42af455d694363ea360745f8ca06936c7215d1d3212769209abc6fb4ad	pending	-
zr_vm_language_server/stdio/stdio_json_rpc.c	zr_vm_language_server	code	37f078736c43a695048422306db604655ac977e7b8a2fa9bd994fc7db3dade30	reviewed	docs/code-review/coverage/zr_vm_language_server_stdio_frame_envelope.tsv
zr_vm_language_server/stdio/stdio_json_rpc.h	zr_vm_language_server	code	44e6e17b82e895906878530e404cb15c1aca4009285ffcd84cf33cc30fe210fb	reviewed	docs/code-review/coverage/zr_vm_language_server_stdio_frame_envelope.tsv
zr_vm_language_server/stdio/stdio_lifecycle.c	zr_vm_language_server	code	685873f24ee58a6144be849b8c0d7f9c0c9d949945ad79a81c628e9a5d42ab23	reviewed	docs/code-review/coverage/zr_vm_language_server_stdio_lifecycle.tsv
zr_vm_language_server/stdio/stdio_lifecycle.h	zr_vm_language_server	code	ea7cbe279716933e0f1cc74b5157449588af2b41bfd0354b9fd1de7ef13702d0	reviewed	docs/code-review/coverage/zr_vm_language_server_stdio_lifecycle.tsv
zr_vm_language_server/stdio/stdio_linked_editing.c	zr_vm_language_server	code	146d67c0e07df683f3e18a898aad134568979ae0f5d0c47c0efdb63874d4a7fa	pending	-
zr_vm_language_server/stdio/stdio_lsp_memory.c	zr_vm_language_server	code	d5ef48da43926ad3947d7d79b42b0622c62a869e8acb584d8839c361aa43e431	reviewed	docs/code-review/coverage/zr_vm_language_server_stdio_parse_memory.tsv
zr_vm_language_server/stdio/stdio_lsp_parse.c	zr_vm_language_server	code	e9b3f3d95894798ba7e80fb8b4906f93c17f526e2673b32b929ff6883cc9e92d	reviewed	docs/code-review/coverage/zr_vm_language_server_stdio_parse_memory.tsv
zr_vm_language_server/stdio/stdio_moniker.c	zr_vm_language_server	code	416b62b2cb901760122333a2ffae6690f50a494ea866bd5f4746fe5fd98dd455	pending	-
zr_vm_language_server/stdio/stdio_navigation.c	zr_vm_language_server	code	a25ff70dddd33b736c78cf7b217b69fca0e24176acb2600f33acdd3086f931f6	pending	-
zr_vm_language_server/stdio/stdio_navigation_json.c	zr_vm_language_server	code	1d05d0bf4a9e7ed9177406f4fce157d85d1934bdd43a6c766bf467a2847dd5d8	pending	-
zr_vm_language_server/stdio/stdio_position_encoding.c	zr_vm_language_server	code	9188c46ead73a8b2f872ea5171f30127f69b339af334a9e8de18f5c71eb9b039	pending	-
zr_vm_language_server/stdio/stdio_project.c	zr_vm_language_server	code	be172189afbdb257bcf77b467a7b02e61a5f0ff40951da83395998d1c5acda73	pending	-
zr_vm_language_server/stdio/stdio_rename.c	zr_vm_language_server	code	8bc9f8fed057289052cbaa6c5a54a43d13924f0b9d5b42fb9234d21735e25383	pending	-
zr_vm_language_server/stdio/stdio_request_dispatch.c	zr_vm_language_server	code	2e3e9aab5f8dfadee63ab2f8ebc70d1c3110933b7e58ae2f919f332f3b92a94f	pending	-
zr_vm_language_server/stdio/stdio_request_progress.c	zr_vm_language_server	code	c58b65f3653f49367ed5710c17b224b9cc33e3eea7e9d923b18fbb0020ce078f	pending	-
zr_vm_language_server/stdio/stdio_request_progress.h	zr_vm_language_server	code	c13efabbb1bb8e3a84d4187487c913801e25a49501af59b395e45993c4d0617f	pending	-
zr_vm_language_server/stdio/stdio_request_registry.c	zr_vm_language_server	code	d5719d68e57d45efbf1699b64031d358f251274bcf80447833157f5ae2a7fc2f	pending	-
zr_vm_language_server/stdio/stdio_request_registry.h	zr_vm_language_server	code	d177631675cace402429ddeec20f89edb7c0076911aa31f5d637602573cdd1e9	pending	-
zr_vm_language_server/stdio/stdio_requests.c	zr_vm_language_server	code	db25713957532964a5598169aea8acaeec3bc47d6f0c5795888e74835e55772b	pending	-
zr_vm_language_server/stdio/stdio_semantic_tokens.c	zr_vm_language_server	code	d9c81f0858b98097b42db8c5c7ea982ebe116f92c57c13c92acc678ef330c175	pending	-
zr_vm_language_server/stdio/stdio_semantic_tokens_cache.c	zr_vm_language_server	code	b3f86d189ba826bf5c1998fe6c0bca07156de79aad5e3c2fc0514f7b73b45377	pending	-
zr_vm_language_server/stdio/stdio_semantic_tokens_json.c	zr_vm_language_server	code	079685313c26d9ce87c7cf23720d68488021a85c139e52b435cde5e5d0d19ae6	pending	-
zr_vm_language_server/stdio/stdio_server.c	zr_vm_language_server	code	8d8169fe074f812b376201eafc743e1b9f59ed7d687c1f4c4e35293197299958	pending	-
zr_vm_language_server/stdio/stdio_server.h	zr_vm_language_server	code	2ab5c832916dbd90f68a44ef98a702498a36dadfd661d4b8f6d3422d12e96394	pending	-
zr_vm_language_server/stdio/stdio_transport.c	zr_vm_language_server	code	b041c0399ee2aeb773a69d71eceac90d9727235d8742bdb869e07bfa81e2b188	reviewed	docs/code-review/coverage/zr_vm_language_server_stdio_transport.tsv
zr_vm_language_server/stdio/stdio_workspace_files.c	zr_vm_language_server	code	fb47261c0e011dffa1f94bf7531eb9136039012a8ebbebf103ecdb2660672ff3	pending	-
zr_vm_language_server/stdio/zr_vm_language_server_stdio.c	zr_vm_language_server	code	b554f6dbf734962e988b7ea77f09e0f7b429a760ca4b4b959d0a5fabcc27b02a	pending	-
zr_vm_language_server/stdio/zr_vm_language_server_stdio_internal.h	zr_vm_language_server	code	12d0a8938825da5d0fe6d1824aa338cd684f0b114425c2c7f7e34d339e0816e1	pending	-
zr_vm_language_server/wasm/wasm_diagnostic_json.cpp	zr_vm_language_server	code	9e29329c7fabf4cf18fc1905b276d07e85cade945340b8aafcb7d2f7e14798f6	pending	-
zr_vm_language_server/wasm/wasm_diagnostic_json.h	zr_vm_language_server	code	2f5c9a5a78eb1530a1fecf029ad63ec3885fff6c54a434e3289f743efd8fe562	pending	-
zr_vm_language_server/wasm/wasm_exports.cpp	zr_vm_language_server	code	ff3051dce5f0ec04df32c16c2b0efaabace7fa82b23424a187e72ad94f785bcf	pending	-
zr_vm_language_server/wasm/wasm_exports.h	zr_vm_language_server	code	dd168bbfe5cf327ea65ab67d36c7c87970825f4c2be2731b1076d73f1cf6ae95	pending	-
zr_vm_language_server/wasm/wasm_response.c	zr_vm_language_server	code	b30aaf2a20167c630d951e706b9443d0a0d21abbc07502d4719897512cbb34ca	pending	-
zr_vm_language_server/wasm/wasm_response.h	zr_vm_language_server	code	47dedd53c160acaff7cdca5aced0699baee8974e1543ea7c0ec0a00aad764444	pending	-
zr_vm_language_server_extension/.vscodeignore	zr_vm_language_server_extension	config	cfd1342b0d8348b8dbe70c1e7d2f03a8c4f85e9af28f2e1d7c8a64dc63168249	pending	-
zr_vm_language_server_extension/asset-layout.json	zr_vm_language_server_extension	config	266366c52f2e597a47e5ef328a953082f3b16af02e7d3f63a4b3b551d13e5e17	pending	-
zr_vm_language_server_extension/language-configuration.json	zr_vm_language_server_extension	config	448dbf190935db3fc8850acaa017903c6714bfd90ec57991ad690050d5823067	pending	-
zr_vm_language_server_extension/package.json	zr_vm_language_server_extension	config	a0f9e634ae4f7db4b1d6fc158ce54f4d390c317426ef59574f9097c8407e7e1c	pending	-
zr_vm_language_server_extension/pnpm-lock.yaml	zr_vm_language_server_extension	config	c93f76288098a07ff41db33e26a8de3908ef3c737bed8958adcda857d9c37069	pending	-
zr_vm_language_server_extension/schemas/zrp.schema.json	zr_vm_language_server_extension	config	d61293ceb96b8965099e0057bb77612925861fe0abd34ef6102956065a33b3ca	pending	-
zr_vm_language_server_extension/scripts/artifact-layout.js	zr_vm_language_server_extension	code	4d430ff52e071c3efab0c49587612eca44342b829838e7330e90c279a6a19527	pending	-
zr_vm_language_server_extension/scripts/build-native-server.js	zr_vm_language_server_extension	code	b1c0d926431cd8598e6d88e0bff246acb97d06306ebf7c5cc276968d40ee1018	pending	-
zr_vm_language_server_extension/scripts/build-wasm-server.js	zr_vm_language_server_extension	code	bc1a1a7bbec34337a3c24e210f948f3ddae788d3f5cd3848e624bb34c09c9db9	pending	-
zr_vm_language_server_extension/scripts/build-web-worker.js	zr_vm_language_server_extension	code	f629ee652258f9d95b88c9b00e4c4a66bb27445c8b4bb97bdb6649a215e581a6	pending	-
zr_vm_language_server_extension/scripts/clean-output.js	zr_vm_language_server_extension	code	35a5f721c85785d683602e47286cba4bd9e8a6bbe3dbc2b073079945e56ecaa5	pending	-
zr_vm_language_server_extension/scripts/native-asset-selection.js	zr_vm_language_server_extension	code	dfe5e17a13bbd8aff5458b29bbd095b909df8f6a2202a86552639bd533657c2c	pending	-
zr_vm_language_server_extension/scripts/package-vsix.ps1	zr_vm_language_server_extension	code	f5fb9a475f9782b2cd4ceef1b21b097f02f257aeddf2a87ae0801785de513ba3	pending	-
zr_vm_language_server_extension/scripts/run-electron-smoke.js	zr_vm_language_server_extension	code	03e8539333cce1f06b1e6af4b55aded7a28a212d15b2f8378b6920c2f3a0ad04	pending	-
zr_vm_language_server_extension/scripts/run-web-smoke.js	zr_vm_language_server_extension	code	f5f74c06b68fe03390492c300eab390dc5dba4b4e6818aa19a5ccad8fb81bec7	pending	-
zr_vm_language_server_extension/scripts/sync-native-server.js	zr_vm_language_server_extension	code	d54852b1b91f4f765d7e5c49386838331ed6f41cd5801cb4876de3011cf9d51f	pending	-
zr_vm_language_server_extension/scripts/sync-wasm-server.js	zr_vm_language_server_extension	code	028856362c573788842aa264c19ffbb43a71c9642c3c72551899ca89ba9ac0f6	pending	-
zr_vm_language_server_extension/src/browser.ts	zr_vm_language_server_extension	code	9be86b98aee586c68d1232505de899e9db2eaad09ef92bdb9f6864c0bf270bdd	pending	-
zr_vm_language_server_extension/src/browser/worker/document-sync.ts	zr_vm_language_server_extension	code	b512fa78d0090e3e6381bc5fe2a59e4b0161e3e48a007b336a895fd645619875	pending	-
zr_vm_language_server_extension/src/browser/worker/server-worker.ts	zr_vm_language_server_extension	code	98b0e75a564a9e0982a5ef8a1c5a0de82c1fc811bcb17ee5f686c9ebce41faea	pending	-
zr_vm_language_server_extension/src/browser/worker/wasm-bridge.ts	zr_vm_language_server_extension	code	10ef21ec5752657244ab1e29c93c51a3a195f22e321c574a4aae509dccb53a75	pending	-
zr_vm_language_server_extension/src/browser/worker/wasm-response.ts	zr_vm_language_server_extension	code	2ec9985acf8faf5ead67370af3f95283c552dab3b4b7ae009c2e92dcbc5bfdc2	pending	-
zr_vm_language_server_extension/src/debug/breakpointReplay.ts	zr_vm_language_server_extension	code	8e9dc50f20f81164c95639d158a1b867996cc1c23fc30b5ac5e04e6632444bf1	pending	-
zr_vm_language_server_extension/src/debug/cliLauncher.ts	zr_vm_language_server_extension	code	48774ffbbde9bd0087164e425ab7ac48b80ddd1c8551509bf396c44f3939ef65	pending	-
zr_vm_language_server_extension/src/debug/configProvider.ts	zr_vm_language_server_extension	code	f1789855ec613fc44bbb2c1d227518334ab739c1d7e8fc9fe1cd734004874818	pending	-
zr_vm_language_server_extension/src/debug/constants.ts	zr_vm_language_server_extension	code	9c41420e44ed3ace4160dd5c7fbda43d3fa2dff34ae326f829d8e820f378e837	pending	-
zr_vm_language_server_extension/src/debug/dapSession.ts	zr_vm_language_server_extension	code	6bbcf43d4131047e2962244f2559dead47b70d2faf4bedd8c3d604ba45b2e738	pending	-
zr_vm_language_server_extension/src/debug/types.ts	zr_vm_language_server_extension	code	0ab998803cc4b0b358f76a953b5eb4a94ef4476d59a48960c1ea01cd4b233556	pending	-
zr_vm_language_server_extension/src/debug/webSupport.ts	zr_vm_language_server_extension	code	416fa50746d541f9e20688bfd126545e478c5f5359779fcc6b54547307d86f2b	pending	-
zr_vm_language_server_extension/src/debug/zrdbgClient.ts	zr_vm_language_server_extension	code	53080573366daaff4a813948757f76ddd8ce6d33e729c67f5c29777c911aa62d	pending	-
zr_vm_language_server_extension/src/executablePath.ts	zr_vm_language_server_extension	code	5c0e525bbdb174c804a9fd4abeeecbd5858c72cfe1084d056f36d328769d40f2	pending	-
zr_vm_language_server_extension/src/extension.ts	zr_vm_language_server_extension	code	6fc4db85e6aa395a17bfac275cafc54be7752aac2cb03388e788be44cde8a84a	pending	-
zr_vm_language_server_extension/src/languageClientLifecycle.ts	zr_vm_language_server_extension	code	2102e8171fcdb7700eb77ecf76876296d61ce8f9fd7820004145d2d336ee8f62	pending	-
zr_vm_language_server_extension/src/languageClientRequests.ts	zr_vm_language_server_extension	code	4332ebad6b6bf1f300e2c71e26fa4a2528aa111eb0526f0b825c4fd070607c23	reviewed	docs/code-review/coverage/zr_vm_language_server_extension_client_virtual_documents.tsv
zr_vm_language_server_extension/src/languageServerSession.ts	zr_vm_language_server_extension	code	05c94c69d3ea16081e748f5f4cbba2d68a0a1ab7496f298378df2f7b83b1a51f	pending	-
zr_vm_language_server_extension/src/nativeAssets.ts	zr_vm_language_server_extension	code	c3c73b3ca530907486aa3efa9c7b44224b020eeb16bf63726c0db5ca8d6bcc73	pending	-
zr_vm_language_server_extension/src/nativePathSelection.ts	zr_vm_language_server_extension	code	1d5c4d478e3050801c3d6a4f82e14f668a8e0377632481293a98e62c3200ca32	pending	-
zr_vm_language_server_extension/src/organizeImports.ts	zr_vm_language_server_extension	code	5b8e23ddacd21fb5042563da9700c45edec7855392e087ba6cae3ad5cc0e28d8	pending	-
zr_vm_language_server_extension/src/projectActionConstants.ts	zr_vm_language_server_extension	code	93471e636a4e42ffc9ddeed4fb6632f9d9f79e324b5ebbca9c4a0e95c462493b	pending	-
zr_vm_language_server_extension/src/projectActions.ts	zr_vm_language_server_extension	code	d6370fdb2918d94513994ad32619b10f0323ff68a7c9efe37d1a26938012f54c	pending	-
zr_vm_language_server_extension/src/projectActionsWeb.ts	zr_vm_language_server_extension	code	07ec2e6650b341ddc2bd76de22234f67a7b079dad2d99cd67ab18b1a22b63d75	pending	-
zr_vm_language_server_extension/src/projectSupport.ts	zr_vm_language_server_extension	code	2fde5c802c0f12e66618362709f6f4ad17f28233168512f5feaa7d479f33f802	pending	-
zr_vm_language_server_extension/src/referenceCodeLens.ts	zr_vm_language_server_extension	code	aeda7b12224bae4cea7a0110931e47edd0e45a61045364150908153416c11cfe	pending	-
zr_vm_language_server_extension/src/richHover.ts	zr_vm_language_server_extension	code	031b99af7423584cc0da061a615c4dc15c5f182a4b20a68dc71993850b9d106c	pending	-
zr_vm_language_server_extension/src/richHoverShared.ts	zr_vm_language_server_extension	code	dd1b92d29cba17f165e261a0cc167c096f23b04d7907c7aa010decf66a24cd54	pending	-
zr_vm_language_server_extension/src/selectedProjectSync.ts	zr_vm_language_server_extension	code	e8a24abf8f5e3872d4fe1acbd04d9ff670c3266074ccd49acda0bb6bec6f07ef	pending	-
zr_vm_language_server_extension/src/structure.ts	zr_vm_language_server_extension	code	6e41e7a9c9f922c262f2b37bfaab219ccc05f24531d8a77d903a062c48deab09	pending	-
zr_vm_language_server_extension/src/structure/builtinModules.ts	zr_vm_language_server_extension	code	cb877ee366c5e807a28c9987f8374b684eaa4e4df95de2944f6baa4382763b00	pending	-
zr_vm_language_server_extension/src/virtualDocuments.ts	zr_vm_language_server_extension	code	7d48cdf7f26e760c92f190422e3e63e7dbae6f6cda86fd3e5373674559ec64ff	reviewed	docs/code-review/coverage/zr_vm_language_server_extension_client_virtual_documents.tsv
zr_vm_language_server_extension/src/workspaceProjects.ts	zr_vm_language_server_extension	code	ec5ebad9083f89041ca6088d4933bc804503cfb242cf1b8733ca8ddda781e875	pending	-
zr_vm_language_server_extension/src/zrpSupport.ts	zr_vm_language_server_extension	code	e44ed168a6bdcffe91a5f892083acde61fecf14afe1e257b9274a2b460eade08	pending	-
zr_vm_language_server_extension/syntaxes/zr.tmLanguage.json	zr_vm_language_server_extension	config	9a41557f14a5712a345eb2373bf2ea50ebe574a45c2dd692c4d328c6ddac9c76	pending	-
zr_vm_language_server_extension/test/builtinModules.test.js	zr_vm_language_server_extension	code	39c763eba21615a06f2f979ae18c781b85fb638a49aa39cc31bb4a61622745df	pending	-
zr_vm_language_server_extension/test/dapSessionBreakpoints.test.js	zr_vm_language_server_extension	code	5302b8eff28c3ce08fb65965a52277d6e0db3469f753bb4124d66d2c12606572	pending	-
zr_vm_language_server_extension/test/extensionContributions.test.js	zr_vm_language_server_extension	code	822e4953ccccbb7d8b46977bf9c7bb03d4ae0a945cfc1cc685d575fc78a80481	pending	-
zr_vm_language_server_extension/test/extensionRestart.test.js	zr_vm_language_server_extension	code	f4f557b5e9d1e171736558752a9a9336eb7603a356fb969b12ca982854f51a86	pending	-
zr_vm_language_server_extension/test/helpers/extensionHost.js	zr_vm_language_server_extension	code	a8da65b0a4a87cc9f9511917773cc087c56326c84c802025d26225a7b971198a	pending	-
zr_vm_language_server_extension/test/helpers/workerHost.js	zr_vm_language_server_extension	code	14e643d7df943fd7a7cd095d5ee3230f4accb7d5e723563eb26eacb8d6b3baa3	pending	-
zr_vm_language_server_extension/test/languageClientLifecycle.test.js	zr_vm_language_server_extension	code	f25ce3361af2c757b4fe66e8bed4dfd03fc0635314ec47c2f6e17eb640e2a4e7	pending	-
zr_vm_language_server_extension/test/languageClientRequests.test.js	zr_vm_language_server_extension	code	ea4366e2ed73620b1cdbb35a4e2a04d0d6028c5f499383c37843c6cf3059d492	reviewed	docs/code-review/coverage/zr_vm_language_server_extension_client_virtual_documents.tsv
zr_vm_language_server_extension/test/nativeAssets.test.js	zr_vm_language_server_extension	code	f470b7a4e9689c54d26e2548406df7e53342f652fc4d2c76a6f807f55c576d61	pending	-
zr_vm_language_server_extension/test/projectSupport.test.js	zr_vm_language_server_extension	code	dbcb012ec30d43030cc880c49e721b73a170b4b4a8798c979b34179a9b19aaf0	pending	-
zr_vm_language_server_extension/test/richHover.test.js	zr_vm_language_server_extension	code	dc7e3e4eb7a7824a24887689c708b2cc65bb6706c47bd2b1c30f0f0d2dcd7f4b	pending	-
zr_vm_language_server_extension/test/serverCapabilities.test.js	zr_vm_language_server_extension	code	b2f8489b83a2a2da375f0cf1dbdd4b30e3942f01db68b38ca63be7c9f4e0de34	pending	-
zr_vm_language_server_extension/test/serverDiagnostics.test.js	zr_vm_language_server_extension	code	116fe8c6ab018dbea99e6f6a041f08da3a1c76a3135ca09b2e80a75d3adb2f01	pending	-
zr_vm_language_server_extension/test/smoke/browserRunner.js	zr_vm_language_server_extension	code	4c0ce04ba8975f31d38ae4f585185c7e33390dd2540e7fe8d6bfa8c77aa64759	pending	-
zr_vm_language_server_extension/test/smoke/electronRunner.js	zr_vm_language_server_extension	code	ee44cbe661c1ae8faa2e1f93428e65dd3513683f00e483c9d62bc2e8e5bf1831	pending	-
zr_vm_language_server_extension/test/smoke/restartProbe.js	zr_vm_language_server_extension	code	86f6d29e52975a6ee4db9eb99bc6b197cdc75826fc3e099d3431b533d2a656c9	pending	-
zr_vm_language_server_extension/test/smoke/smokeSuite.js	zr_vm_language_server_extension	code	26fd02f83ffc1540ea297b356c13badba84b2c0ef7e4d05ee8a7f32ef6808e05	pending	-
zr_vm_language_server_extension/test/syncWasmServer.test.js	zr_vm_language_server_extension	code	77c93918026916ca9f2f50d1a940ab3d15016fbf107fe50bb452c4e26847cf3f	pending	-
zr_vm_language_server_extension/test/syntaxGrammar.test.js	zr_vm_language_server_extension	code	a1f38f2268cc8e9c571c4caa543f44bc48e97aaf3b86aae5decc914f0ce74d99	pending	-
zr_vm_language_server_extension/test/syntaxTokenization.test.js	zr_vm_language_server_extension	code	ffed3595366c82156e89fa32f0e06f82f5bfbc0ee88a54a03bea482e315fbb34	pending	-
zr_vm_language_server_extension/test/virtualDocuments.test.js	zr_vm_language_server_extension	code	e20d3a9b9a2bd3d78cf8b62694464beef000b3691a65371e78fa8c25a44ebe1e	reviewed	docs/code-review/coverage/zr_vm_language_server_extension_client_virtual_documents.tsv
zr_vm_language_server_extension/test/webDocumentSync.test.js	zr_vm_language_server_extension	code	a9334bd11a402b8b42725fdc9884af00c346309e50a28db69496685ec57f8ac4	pending	-
zr_vm_language_server_extension/test/webStructure.test.js	zr_vm_language_server_extension	code	071419e55e7a7bd9b79ce24348a24d3156ea6f7d8cb31df8e1fef1f0cf610e2c	pending	-
zr_vm_language_server_extension/test/workspaceProjects.test.js	zr_vm_language_server_extension	code	61a8dcf990b9ae381cd3a621c6389df066b3e97e524eeeb1feae758dcb6694e4	pending	-
zr_vm_language_server_extension/tsconfig.json	zr_vm_language_server_extension	config	37b1bdae42452672bf0c9f475a038c40c36ba03ec8014e44662c48b01c239c82	pending	-
zr_vm_language_server_extension/tsconfig.worker.json	zr_vm_language_server_extension	config	9f2b5cbcdb3389aeae4283c40783270c1bcfe9a7f959ee89e2b5ef0f5105c0f7	pending	-
zr_vm_language_server_extension/webpack.config.js	zr_vm_language_server_extension	code	431a6cf67134a3e27d1d1bb5f3e06b6c5f2ac45ef7e7aba2accea1d36b8eb728	pending	-
zr_vm_lib_container/CMakeLists.txt	zr_vm_lib_container	config	ccf6f2fc3a532348b2843cbc2b91c3f4758fb6d626c1a58a72a0d5a43438e746	reviewed	container review: 458 units; GCC build; 55 tests pass, 7 baseline failures
zr_vm_lib_container/include/zr_vm_lib_container/conf.h	zr_vm_lib_container	code	859d0a8caaca9742b87fcabce989a0a05df4abac6855fa44ddc9bea6b889cc5f	reviewed	container review: 458 units; GCC build; 55 tests pass, 7 baseline failures
zr_vm_lib_container/include/zr_vm_lib_container/generational_pool.h	zr_vm_lib_container	code	28370eb983d3b189e2033bcd11b7fff6305cdce173fa813e9f7487166988acb2	reviewed	container review: 458 units; GCC build; 55 tests pass, 7 baseline failures
zr_vm_lib_container/include/zr_vm_lib_container/module.h	zr_vm_lib_container	code	3d4c5333423a3911f9d67dba35d4bbcc51583d0cec8b8be7d63d4845b88e572c	reviewed	container review: 458 units; GCC build; 55 tests pass, 7 baseline failures
zr_vm_lib_container/src/zr_vm_lib_container/contiguous_view.c	zr_vm_lib_container	code	176e0a62cd21469a1e6d6739163cf739d9a34340310c5043abfae1eabf25b953	reviewed	container review: 458 units; GCC build; 55 tests pass, 7 baseline failures
zr_vm_lib_container/src/zr_vm_lib_container/contiguous_view.h	zr_vm_lib_container	code	1f792185621ed1fa0cf6e0761a523dcfab299da6c909d16e4f8cb2902062b1e9	reviewed	container review: 458 units; GCC build; 55 tests pass, 7 baseline failures
zr_vm_lib_container/src/zr_vm_lib_container/generational_pool.c	zr_vm_lib_container	code	94b2a17bf51c1e2907ac8c85ff05b61384f340d59478399e9ef7ea5381cea682	reviewed	container review: 458 units; GCC build; 55 tests pass, 7 baseline failures
zr_vm_lib_container/src/zr_vm_lib_container/generational_pool_internal.h	zr_vm_lib_container	code	106eaf30837f8b2c627ffac9296822060a004151a5813b6170512ca73851bb1a	reviewed	container review: 458 units; GCC build; 55 tests pass, 7 baseline failures
zr_vm_lib_container/src/zr_vm_lib_container/generational_pool_type_layout.c	zr_vm_lib_container	code	11db7a83e3ba6b303eee61919774e667ec2ca8a2cd27b8cddecac1760d19554d	reviewed	container review: 458 units; GCC build; 55 tests pass, 7 baseline failures
zr_vm_lib_container/src/zr_vm_lib_container/module.c	zr_vm_lib_container	code	2898e58253b033a6f0da44f37767de31501956fc760207a876579d95c721401e	reviewed	container review: 458 units; GCC build; 55 tests pass, 7 baseline failures
zr_vm_lib_container/src/zr_vm_lib_container/pooling.c	zr_vm_lib_container	code	3d3e48924d314ccef0b891a001b90c4910b97329fce6d68b8828d7aee5dc3b9d	reviewed	container review: 458 units; GCC build; 55 tests pass, 7 baseline failures
zr_vm_lib_container/src/zr_vm_lib_container/pooling.h	zr_vm_lib_container	code	79d10bcaaa0ec4bdf2843918b541198893e05ab253f4dd84c409fe7ee7a9fd30	reviewed	container review: 458 units; GCC build; 55 tests pass, 7 baseline failures
zr_vm_lib_container/src/zr_vm_lib_container/pooling_generational_runtime.c	zr_vm_lib_container	code	a2e82df991077faa48de1181df782daddfc8d9853301a78709e992eb66119369	reviewed	container review: 458 units; GCC build; 55 tests pass, 7 baseline failures
zr_vm_lib_container/src/zr_vm_lib_container/pooling_generational_runtime.h	zr_vm_lib_container	code	748b4111777b82a1f3e73c0b6d97a54e5bf302f8c19cb7f38ca7bcf86e857b7f	reviewed	container review: 458 units; GCC build; 55 tests pass, 7 baseline failures
zr_vm_lib_debug/CMakeLists.txt	zr_vm_lib_debug	config	dbc574c2b0d9c55fb4eaf8c9b8d78da03c0cbfecd997c01cf621d0c743b19d28	reviewed	-
zr_vm_lib_debug/include/zr_vm_debug/debug.h	zr_vm_lib_debug	code	1f6e0bce63797e6456de7be258741289db56daa2f063c017474653a57f6ba0d1	reviewed	-
zr_vm_lib_debug/include/zr_vm_lib_debug/conf.h	zr_vm_lib_debug	code	0505b39ad8bb3a47d31899b638bdc36f5d694ba9235ce0296ab0c9400d6002b4	reviewed	-
zr_vm_lib_debug/include/zr_vm_lib_debug/coverage.h	zr_vm_lib_debug	code	c4d72cf6034f27a683d2bc6452fe01116b956292b3a53332c8fecad85c04242c	reviewed	-
zr_vm_lib_debug/include/zr_vm_lib_debug/debug.h	zr_vm_lib_debug	code	3a3b130200571a71a86dac417595dc7629c52630ed79a62189ae1024300e69f4	reviewed	-
zr_vm_lib_debug/include/zr_vm_lib_debug/module.h	zr_vm_lib_debug	code	778d890d0af173e1a2c7c6ab742f9ab4460596f68869b1f1db19c0a532726642	reviewed	-
zr_vm_lib_debug/include/zr_vm_lib_debug/profile.h	zr_vm_lib_debug	code	99e1ddce1f4d0fe9ce0d1aeb73fbec75f2228650e1f81b391e029bbba0d89aa5	reviewed	-
zr_vm_lib_debug/src/zr_vm_lib_debug/coverage.c	zr_vm_lib_debug	code	c60667e1b52d389ae71ec72affc1350be509f3d28826a7e9e740c450b8c29d1f	reviewed	-
zr_vm_lib_debug/src/zr_vm_lib_debug/debug.c	zr_vm_lib_debug	code	40c4c12f40cecdb10f3dbfc39f21adffbd717070386316ac848f00e41a26e3d2	reviewed	-
zr_vm_lib_debug/src/zr_vm_lib_debug/debug_breakpoint_condition.c	zr_vm_lib_debug	code	e90f579767d2e3370f04983f1ff75e4ed445ea4f2dd54b7c116f70e3ef143614	reviewed	-
zr_vm_lib_debug/src/zr_vm_lib_debug/debug_breakpoint_condition.h	zr_vm_lib_debug	code	a5585d3817090c0fcee2b770bb14773e8918b068977f3e9bc49c7bbc1031ae0d	reviewed	-
zr_vm_lib_debug/src/zr_vm_lib_debug/debug_breakpoint_logpoint.c	zr_vm_lib_debug	code	e38c5ab5ac7394c38394fb459ff63fa92f66084c978d0140d6e679fa77d4eb59	reviewed	-
zr_vm_lib_debug/src/zr_vm_lib_debug/debug_breakpoint_logpoint.h	zr_vm_lib_debug	code	6c24e010a1fe0fbce84727309ef14fbc0c6357842a56489363342a63f3692b9f	reviewed	-
zr_vm_lib_debug/src/zr_vm_lib_debug/debug_child_shape.c	zr_vm_lib_debug	code	3b92a86f9812a66fc617ff5bb2a17ba24d9e8a349f8c721fa3e46891f6dc8cd7	reviewed	-
zr_vm_lib_debug/src/zr_vm_lib_debug/debug_eval.c	zr_vm_lib_debug	code	bbf9b7d420dcc13e44fd0f5a513215a70a87f70cb8c20f65390685642a64b80e	reviewed	-
zr_vm_lib_debug/src/zr_vm_lib_debug/debug_eval_diagnostics.c	zr_vm_lib_debug	code	ad2484a4121f9771bd553c246238ce22bf8d109930c19e17bf2a48d61f394535	reviewed	-
zr_vm_lib_debug/src/zr_vm_lib_debug/debug_eval_internal.h	zr_vm_lib_debug	code	3e36696ec7631800a4594b0c4f1db992434e4b5e0041e25180d31b7af0494dfe	reviewed	-
zr_vm_lib_debug/src/zr_vm_lib_debug/debug_evaluation_effect.c	zr_vm_lib_debug	code	f3438b8c87214a946b5e48ac3e2d0dfcb54977cc39b1aa88830d9ad93de13ed2	reviewed	-
zr_vm_lib_debug/src/zr_vm_lib_debug/debug_evaluation_effect_internal.h	zr_vm_lib_debug	code	5ef9a6346634f6b409eb3a3e98cd61ab0c4cf9bc984d18acfba21cc08158cb57	reviewed	-
zr_vm_lib_debug/src/zr_vm_lib_debug/debug_formal_evaluation.c	zr_vm_lib_debug	code	bb640299c38b096df994ad4a4fc7d62b08ec2a02f662be9ea34783544e197def	reviewed	-
zr_vm_lib_debug/src/zr_vm_lib_debug/debug_formal_evaluation_execute.c	zr_vm_lib_debug	code	4860c9c739cac3fcc75c861dd12c65b7b05bbc89155f5dc6750e8e62aaef22f8	reviewed	-
zr_vm_lib_debug/src/zr_vm_lib_debug/debug_internal.h	zr_vm_lib_debug	code	a8bfcecb4cc162d12326728739e704a0525ba7d6176779821d88ca19f4ee2bce	reviewed	-
zr_vm_lib_debug/src/zr_vm_lib_debug/debug_protocol.c	zr_vm_lib_debug	code	3a11416e13788df6e33e8f3e0fb31004d01adcff1758c456d5912c97bbe9fe71	reviewed	-
zr_vm_lib_debug/src/zr_vm_lib_debug/debug_protocol_evaluate.c	zr_vm_lib_debug	code	92ab8d400bcbe5d7788a4b4223bf462e64715c4fab876612acf75f3687795b47	reviewed	-
zr_vm_lib_debug/src/zr_vm_lib_debug/debug_protocol_evaluate.h	zr_vm_lib_debug	code	ece3d8a48b14f187b09d764bc4f34de10ad3d872cbac1117c815c31c99dd8894	reviewed	-
zr_vm_lib_debug/src/zr_vm_lib_debug/debug_reference_summary.c	zr_vm_lib_debug	code	c5d98a8910ca667f1ef40b232d61b43da44504fa4840fee0b86407393b55dad0	reviewed	-
zr_vm_lib_debug/src/zr_vm_lib_debug/debug_semantic_bindings.c	zr_vm_lib_debug	code	667f3b697470870c483f45141dd2e780ccdc696680454e761161e4c6e90d0b4a	reviewed	-
zr_vm_lib_debug/src/zr_vm_lib_debug/debug_semantic_facts.c	zr_vm_lib_debug	code	333920ff0b7dc22f7eb11b22a7f861fd2440ad0e1a72be4fd7f6a2dac9dc5d73	reviewed	-
zr_vm_lib_debug/src/zr_vm_lib_debug/debug_snapshot.c	zr_vm_lib_debug	code	2cf60eda62337c3ba5157b4d98b10bb457961b8d22ccba144ab119d715ab2959	reviewed	-
zr_vm_lib_debug/src/zr_vm_lib_debug/debug_union.c	zr_vm_lib_debug	code	be70ae5fb2bc7709e071110b0303a48371bf76c362a973b350e15d3215a122c6	reviewed	-
zr_vm_lib_debug/src/zr_vm_lib_debug/module.c	zr_vm_lib_debug	code	d5d89418a7c2274307bd67fc56b848cfee0b8f3c06c4ee621e2eed8a4ad7160b	reviewed	-
zr_vm_lib_debug/src/zr_vm_lib_debug/profile.c	zr_vm_lib_debug	code	e1f40a0ec1be9c7d113159cea7a6e27fe0e90ea77573d3db1aa78fb90959837c	reviewed	-
zr_vm_lib_ffi/CMakeLists.txt	zr_vm_lib_ffi	config	a53e0f536d904ec21aca2abf973aaae96c7b5202b9cfa490e7461524f5281daf	reviewed	-
zr_vm_lib_ffi/cmake/fficonfig_x86_win64.h.in	zr_vm_lib_ffi	code	751b5daf5e9cac7937c3e8679b2dc89b8d50db067c6717b3d915c7568f5a4c1b	reviewed	-
zr_vm_lib_ffi/cmake/preprocess_libffi_asm.cmake	zr_vm_lib_ffi	config	7386fa0aee5926c8971414d528f4670329ddc63d3e7fedf15e77a2fd05a6f44b	reviewed	-
zr_vm_lib_ffi/include/zr_vm_lib_ffi/conf.h	zr_vm_lib_ffi	code	7fc925d125abad98bb5493210cee84e9d25547a623131d20b19011fce8f2f6aa	reviewed	-
zr_vm_lib_ffi/include/zr_vm_lib_ffi/module.h	zr_vm_lib_ffi	code	97601256bd5c75ff041b714f2daa49736564a665773f82c788193f6de3dbc4f5	reviewed	-
zr_vm_lib_ffi/include/zr_vm_lib_ffi/runtime.h	zr_vm_lib_ffi	code	76c0e7ac34a5398a456e748f682421fb2b213215162198f031fdc5e91bede27a	reviewed	-
zr_vm_lib_ffi/src/zr_vm_lib_ffi/ffi_runtime/ffi_runtime_callback.c	zr_vm_lib_ffi	code	22387c94028c4fc9390e6376493010c4fcbefbe5bef48ddff822f4abedda8eac	reviewed	-
zr_vm_lib_ffi/src/zr_vm_lib_ffi/ffi_runtime/ffi_runtime_contract.c	zr_vm_lib_ffi	code	01f9ba733ecf9fa4f1c5e9d2410645df6b4260bca01d07494bead1f3bbff224e	reviewed	-
zr_vm_lib_ffi/src/zr_vm_lib_ffi/ffi_runtime/ffi_runtime_internal.h	zr_vm_lib_ffi	code	b6f30a70c0692fdaa969dccd54d70eaa370ccf4503dddecc7628423c72511985	reviewed	-
zr_vm_lib_ffi/src/zr_vm_lib_ffi/ffi_runtime/ffi_runtime_invoke.c	zr_vm_lib_ffi	code	213026e16a1f352239d3e01b63b03efc0619cf65e1f6398c3f7f4df5f85fb274	reviewed	-
zr_vm_lib_ffi/src/zr_vm_lib_ffi/ffi_runtime/ffi_runtime_pointer_view.c	zr_vm_lib_ffi	code	6343fe7e7d28b9fd53e49cc00259bfff4cc4a9ebae4c89b10411d04d4be56c54	reviewed	-
zr_vm_lib_ffi/src/zr_vm_lib_ffi/ffi_runtime/ffi_runtime_support.c	zr_vm_lib_ffi	code	9f2bc2f59b1137586f14ab6dcabb69b87489ee8f3a415d2392e645c838477621	reviewed	-
zr_vm_lib_ffi/src/zr_vm_lib_ffi/ffi_runtime/ffi_runtime_types.c	zr_vm_lib_ffi	code	3119d34557fc67c22ad9c8bf000b473a04a8e2839dbd7f3237cd61508ade2036	reviewed	-
zr_vm_lib_ffi/src/zr_vm_lib_ffi/module.c	zr_vm_lib_ffi	code	a2d7c85b89b63a929050e6e9d7cfa53f30a1eb4c2e7e75f6d7929308c3f91ff2	reviewed	-
zr_vm_lib_ffi/src/zr_vm_lib_ffi/runtime.c	zr_vm_lib_ffi	code	fd16f6685790a35f549071d5d09f6b101180624d14500afeab948f9603ead09d	reviewed	-
zr_vm_lib_iteration/CMakeLists.txt	zr_vm_lib_iteration	config	27ff3848e4b1d614cd60f7fb06894edd7f15958806f429ca4b19af7c4cb0701f	reviewed	构建入口和装载契约已审查
zr_vm_lib_iteration/include/zr_vm_lib_iteration/module.h	zr_vm_lib_iteration	code	646dc8d8778baaa32c154ee9f85945d7d548acc61d0b2eae7f59c019a1436fd1	reviewed	公开接口调用与所有权已审查
zr_vm_lib_iteration/src/zr_vm_lib_iteration/module.c	zr_vm_lib_iteration	code	509b9d999619a0feb74f91ba742cfe73b859fd329fb7477f0c48b61c8b7cf6ce	reviewed	注册链和插件入口已审查
zr_vm_lib_iteration/src/zr_vm_lib_iteration/runtime/descriptor.c	zr_vm_lib_iteration	code	dd17902f56e48a2fa5c4b3ed178cb5c8baa858216e9ae3de605fc5471261bbb4	reviewed	静态协议表及可写性疑问已审查
zr_vm_lib_math/CMakeLists.txt	zr_vm_lib_math	config	cd8dc338b2d6d77bd17d4849179054441d000ea1661d54207e8e205813c8d85d	reviewed	math review: 262 units; independent review; GCC shared, Clang syntax, plugin smoke pass
zr_vm_lib_math/include/zr_vm_lib_math/complex.h	zr_vm_lib_math	code	7fd22f3ca7cd47246e7d9587028e3611610920e888d6d1fd175ab7a57932dd19	reviewed	math review: 262 units; independent review; GCC shared, Clang syntax, plugin smoke pass
zr_vm_lib_math/include/zr_vm_lib_math/complex_registry.h	zr_vm_lib_math	code	904f5397dc37745e95d1a3861d842f64b0ec25319200147ec8e7bec84b13a95c	reviewed	math review: 262 units; independent review; GCC shared, Clang syntax, plugin smoke pass
zr_vm_lib_math/include/zr_vm_lib_math/conf.h	zr_vm_lib_math	code	7cc4cf0d1424cd85603822326716c61d16a6672cb817ba5393de80fa30547d24	reviewed	math review: 262 units; independent review; GCC shared, Clang syntax, plugin smoke pass
zr_vm_lib_math/include/zr_vm_lib_math/math_common.h	zr_vm_lib_math	code	495108794c0ec64f87a2519462f8373dd1811c7f9a749671f4ecfd319e36a423	reviewed	math review: 262 units; independent review; GCC shared, Clang syntax, plugin smoke pass
zr_vm_lib_math/include/zr_vm_lib_math/matrix3x3.h	zr_vm_lib_math	code	ebeeaeaee2467bfd0d2d4d904bd03e92a79fdbe12dc38ded2d3b8689de800cab	reviewed	math review: 262 units; independent review; GCC shared, Clang syntax, plugin smoke pass
zr_vm_lib_math/include/zr_vm_lib_math/matrix3x3_registry.h	zr_vm_lib_math	code	5c93c5a1713e229428191674d444c8fc94f8d494575cca018b41bc2abdf32508	reviewed	math review: 262 units; independent review; GCC shared, Clang syntax, plugin smoke pass
zr_vm_lib_math/include/zr_vm_lib_math/matrix4x4.h	zr_vm_lib_math	code	51383c8dcbf74e9443db1239af01dd516365b7f9c3b0f6ba9f7b06cb172fd6f3	reviewed	math review: 262 units; independent review; GCC shared, Clang syntax, plugin smoke pass
zr_vm_lib_math/include/zr_vm_lib_math/matrix4x4_registry.h	zr_vm_lib_math	code	bae20c98f7470066889883b2f1ce2f5877c833abeaeef7f170f20d51f48199b5	reviewed	math review: 262 units; independent review; GCC shared, Clang syntax, plugin smoke pass
zr_vm_lib_math/include/zr_vm_lib_math/module.h	zr_vm_lib_math	code	c4a27a102ec976c10700b1ddac4a52b3aac1b75d30beccfdb7a9686fb2bb9c33	reviewed	math review: 262 units; independent review; GCC shared, Clang syntax, plugin smoke pass
zr_vm_lib_math/include/zr_vm_lib_math/quaternion.h	zr_vm_lib_math	code	55ef9d8d3f43414927c356f775c947b7018c2ccdf04f4f5035c35544a35d16e6	reviewed	math review: 262 units; independent review; GCC shared, Clang syntax, plugin smoke pass
zr_vm_lib_math/include/zr_vm_lib_math/quaternion_registry.h	zr_vm_lib_math	code	15f0f3ed2f59e2fd37ee87a25c8aefb6dddcdb2758b4d2fcac03f8c7c84891fb	reviewed	math review: 262 units; independent review; GCC shared, Clang syntax, plugin smoke pass
zr_vm_lib_math/include/zr_vm_lib_math/scalar.h	zr_vm_lib_math	code	5317e38538b6b0a5b2aec845f5909aeed34fbe480f547278cb4819e816780620	reviewed	math review: 262 units; independent review; GCC shared, Clang syntax, plugin smoke pass
zr_vm_lib_math/include/zr_vm_lib_math/scalar_registry.h	zr_vm_lib_math	code	0ae381a8c5bbb957273638bc62de34d0932ef6b67a2ef43106889c1c9c9b1f62	reviewed	math review: 262 units; independent review; GCC shared, Clang syntax, plugin smoke pass
zr_vm_lib_math/include/zr_vm_lib_math/tensor.h	zr_vm_lib_math	code	4f913561bfcbafc327a7d9e7c28ffbf5cd97cffc4bca8c0fc2871139a44da994	reviewed	math review: 262 units; independent review; GCC shared, Clang syntax, plugin smoke pass
zr_vm_lib_math/include/zr_vm_lib_math/tensor_registry.h	zr_vm_lib_math	code	4a9815654c8277f3c607742a3b49963db91425502c975b0851e5cb6bb70cb548	reviewed	math review: 262 units; independent review; GCC shared, Clang syntax, plugin smoke pass
zr_vm_lib_math/include/zr_vm_lib_math/vector2.h	zr_vm_lib_math	code	a3a563fc9620d367bab733d49893c3ebabea0d57bc242f6cff85607452608271	reviewed	math review: 262 units; independent review; GCC shared, Clang syntax, plugin smoke pass
zr_vm_lib_math/include/zr_vm_lib_math/vector2_registry.h	zr_vm_lib_math	code	e0b72691ceb0b474fa437c92c0c19e27a8a580062a409963e9d6e8f3387235b8	reviewed	math review: 262 units; independent review; GCC shared, Clang syntax, plugin smoke pass
zr_vm_lib_math/include/zr_vm_lib_math/vector3.h	zr_vm_lib_math	code	7886f478999a0d594bb040fe7b0e8aaae8755ef22a26ae32da4c47af5ff734d8	reviewed	math review: 262 units; independent review; GCC shared, Clang syntax, plugin smoke pass
zr_vm_lib_math/include/zr_vm_lib_math/vector3_registry.h	zr_vm_lib_math	code	81dc62c28a6a2675f981a0fe76be38d261c5d562481f0de8e7c64c023a44f276	reviewed	math review: 262 units; independent review; GCC shared, Clang syntax, plugin smoke pass
zr_vm_lib_math/include/zr_vm_lib_math/vector4.h	zr_vm_lib_math	code	ef735666fd61a19a50aa5c03d38025349b27622efbb4f6ed0f79a0d4ed08d32a	reviewed	math review: 262 units; independent review; GCC shared, Clang syntax, plugin smoke pass
zr_vm_lib_math/include/zr_vm_lib_math/vector4_registry.h	zr_vm_lib_math	code	2c540793e3e16d59953cc03c6ccf58168bb7b89e2d7df5f421c1ca393004d105	reviewed	math review: 262 units; independent review; GCC shared, Clang syntax, plugin smoke pass
zr_vm_lib_math/src/zr_vm_lib_math/common.c	zr_vm_lib_math	code	b075d9a8dc3eca67f5ca0451712dfdbb6f909ff92d597c5bb71fa89bc5950b66	reviewed	math review: 262 units; independent review; GCC shared, Clang syntax, plugin smoke pass
zr_vm_lib_math/src/zr_vm_lib_math/complex/complex.c	zr_vm_lib_math	code	0fd158d67d042375b727c74c4525579a83b89235651446a332d2737cfc483615	reviewed	math review: 262 units; independent review; GCC shared, Clang syntax, plugin smoke pass
zr_vm_lib_math/src/zr_vm_lib_math/complex/complex_registry.c	zr_vm_lib_math	code	208c2304efb75c485a7dce68c4597be55bbb23729fb1d962853a42d2607f645e	reviewed	math review: 262 units; independent review; GCC shared, Clang syntax, plugin smoke pass
zr_vm_lib_math/src/zr_vm_lib_math/matrix/matrix3x3.c	zr_vm_lib_math	code	9625d234f1e9d3ad0e621b31cc6a850a0bfeb0754dab40d0e37be04903f0b835	reviewed	math review: 262 units; independent review; GCC shared, Clang syntax, plugin smoke pass
zr_vm_lib_math/src/zr_vm_lib_math/matrix/matrix3x3_registry.c	zr_vm_lib_math	code	ca6eb4d209fe102e137d0497af128d6cafe9d0c3a56a23e46b826a513e9be530	reviewed	math review: 262 units; independent review; GCC shared, Clang syntax, plugin smoke pass
zr_vm_lib_math/src/zr_vm_lib_math/matrix/matrix4x4.c	zr_vm_lib_math	code	07a77528dfdaa1fb0a98d8f4dcc96a72fa604b1c18d4af7edf6224bfafa6c191	reviewed	math review: 262 units; independent review; GCC shared, Clang syntax, plugin smoke pass
zr_vm_lib_math/src/zr_vm_lib_math/matrix/matrix4x4_registry.c	zr_vm_lib_math	code	4cc9aca68d1d968c94383bcd08676dd0b6560c24a83c02da5f59a2c391b52f92	reviewed	math review: 262 units; independent review; GCC shared, Clang syntax, plugin smoke pass
zr_vm_lib_math/src/zr_vm_lib_math/module.c	zr_vm_lib_math	code	4a1317554a5b9aaa4b83c57bbee3f3d595ecbf0bd741acbf61e4cd3c39cc3d43	reviewed	math review: 262 units; independent review; GCC shared, Clang syntax, plugin smoke pass
zr_vm_lib_math/src/zr_vm_lib_math/quaternion/quaternion.c	zr_vm_lib_math	code	e9ab4cd76cd655bf0f12c894f1689f28ae7dbe647030f84425ca7fc8c7e4fe47	reviewed	math review: 262 units; independent review; GCC shared, Clang syntax, plugin smoke pass
zr_vm_lib_math/src/zr_vm_lib_math/quaternion/quaternion_registry.c	zr_vm_lib_math	code	e06226da1f79647cf9ccd7c398cadaa1218858812836a872b3e082ff0d4c83b9	reviewed	math review: 262 units; independent review; GCC shared, Clang syntax, plugin smoke pass
zr_vm_lib_math/src/zr_vm_lib_math/scalar/scalar.c	zr_vm_lib_math	code	e53efe10b541f1819c6f2cc82a9edd740f825143b7190e550e5203105c9bcd43	reviewed	math review: 262 units; independent review; GCC shared, Clang syntax, plugin smoke pass
zr_vm_lib_math/src/zr_vm_lib_math/scalar/scalar_registry.c	zr_vm_lib_math	code	a5c677217174604399cb7dcd560fad7203f44d47fe9b26bf323de77fa5607ea0	reviewed	math review: 262 units; independent review; GCC shared, Clang syntax, plugin smoke pass
zr_vm_lib_math/src/zr_vm_lib_math/tensor/tensor.c	zr_vm_lib_math	code	b86a22c29a3897e20aafe3b3cef57cccaba466f5e00f89e1fb309c243f37c2a0	reviewed	math review: 262 units; independent review; GCC shared, Clang syntax, plugin smoke pass
zr_vm_lib_math/src/zr_vm_lib_math/tensor/tensor_registry.c	zr_vm_lib_math	code	3131004205f46b2e9c6458b9fa8e7dee04fbdc0a386ec373b4f5775d06844d5a	reviewed	math review: 262 units; independent review; GCC shared, Clang syntax, plugin smoke pass
zr_vm_lib_math/src/zr_vm_lib_math/vector/vector2.c	zr_vm_lib_math	code	ee289a9b1e05516ca7833812b738c8bb47b0aa6ca7d5efca489a332e6a915ef2	reviewed	math review: 262 units; independent review; GCC shared, Clang syntax, plugin smoke pass
zr_vm_lib_math/src/zr_vm_lib_math/vector/vector2_registry.c	zr_vm_lib_math	code	ab8681d7255efc7a05de90d7bba1989453e7cffecffab75ca2f3c998df824637	reviewed	math review: 262 units; independent review; GCC shared, Clang syntax, plugin smoke pass
zr_vm_lib_math/src/zr_vm_lib_math/vector/vector3.c	zr_vm_lib_math	code	731b29e95797b4b77d991b0ea59750f3919fec2ae5ae8c4997d21a5920ec59ea	reviewed	math review: 262 units; independent review; GCC shared, Clang syntax, plugin smoke pass
zr_vm_lib_math/src/zr_vm_lib_math/vector/vector3_registry.c	zr_vm_lib_math	code	9b25040695b46b9d62d69e9e7091805ebc92be6c050d7c82f7d4dab4d3fd3b40	reviewed	math review: 262 units; independent review; GCC shared, Clang syntax, plugin smoke pass
zr_vm_lib_math/src/zr_vm_lib_math/vector/vector4.c	zr_vm_lib_math	code	654a5214c50500d41e64efab92b57ae5f8547b0745880a8c1e926a4965463e3b	reviewed	math review: 262 units; independent review; GCC shared, Clang syntax, plugin smoke pass
zr_vm_lib_math/src/zr_vm_lib_math/vector/vector4_registry.c	zr_vm_lib_math	code	bac7b117277b3261eedb1696a3d89b4f8bf58a02076687c7090f6073cc64753a	reviewed	math review: 262 units; independent review; GCC shared, Clang syntax, plugin smoke pass
zr_vm_lib_network/CMakeLists.txt	zr_vm_lib_network	config	f3131cc81d5158d69122b533ca4c02e6218aa4a255962b414cc47efde26962e5	reviewed	-
zr_vm_lib_network/include/zr_vm_lib_network/conf.h	zr_vm_lib_network	code	3a3ff6e684138aed6b07501d5384cd9eb1a63d2ba7ac864d476697775f20cd33	reviewed	-
zr_vm_lib_network/include/zr_vm_lib_network/module.h	zr_vm_lib_network	code	1b9663591b815ab9741fbee3f8f5da34fb74abaa5ea70739a1a3a67b74ae7889	reviewed	-
zr_vm_lib_network/include/zr_vm_lib_network/network.h	zr_vm_lib_network	code	8fa83634ca17bd99c6cd4e9ff90f1b02efedafc280680f2262e70d05abb0480f	reviewed	-
zr_vm_lib_network/include/zr_vm_lib_network/tcp_registry.h	zr_vm_lib_network	code	8303db746505c5a3509f0e19b4ec5e145f01493c4afb923c34f76a89431cb6fd	reviewed	-
zr_vm_lib_network/include/zr_vm_lib_network/udp_registry.h	zr_vm_lib_network	code	b735ee9ae76b4d4be1dded5e882d774deb88e350d472b1d083fdb8df01967554	reviewed	-
zr_vm_lib_network/include/zr_vm_network/network.h	zr_vm_lib_network	code	d50c3b041af84e4bf6865a99f7f32830fedce957f29d0843e1b50c245444e5b1	reviewed	-
zr_vm_lib_network/src/zr_vm_lib_network/module.c	zr_vm_lib_network	code	58dff2a8f8d6e3b6157866e11168eeb0735988e764e1d8610c548ff0accd1caf	reviewed	-
zr_vm_lib_network/src/zr_vm_lib_network/module_support.c	zr_vm_lib_network	code	25c0811a282fb6a4af9c645e3a5b161abffb7aa331e59dc71500e8158915ff21	reviewed	-
zr_vm_lib_network/src/zr_vm_lib_network/network/network.c	zr_vm_lib_network	code	547bd407d546015b788ea85f00607ba544b0ee701e53ea86969208afc838cfff	reviewed	-
zr_vm_lib_network/src/zr_vm_lib_network/network/network_internal.h	zr_vm_lib_network	code	bc7c8f6400cf0a18b6685a43248ca339c7a052592deff1089fea2e525580b070	reviewed	-
zr_vm_lib_network/src/zr_vm_lib_network/registry/tcp_registry.c	zr_vm_lib_network	code	d1cba6acbd483aa8cffc73dc140dceccc4919ef4be2d3b0fb3bde39b0d4559c9	reviewed	-
zr_vm_lib_network/src/zr_vm_lib_network/registry/udp_registry.c	zr_vm_lib_network	code	9daef1b17152258357b851ee260e9e11b1fdcdfb032d3c234a1dae67e266d1a8	reviewed	-
zr_vm_lib_system/CMakeLists.txt	zr_vm_lib_system	config	d346a74588c849566045b35bc117052f610138b39c612f9be9085417c737d2d5	reviewed	-
zr_vm_lib_system/include/zr_vm_lib_system/assembly.h	zr_vm_lib_system	code	ee76390b070a26f0ec8129bf25915846e0e275b2bf07e45937270eb0585c2d58	reviewed	-
zr_vm_lib_system/include/zr_vm_lib_system/assembly_registry.h	zr_vm_lib_system	code	de716746dfa325c2aaedd01765dd2668ded74ba1c24d210744b0d96baf20f032	reviewed	-
zr_vm_lib_system/include/zr_vm_lib_system/conf.h	zr_vm_lib_system	code	43e8507b1c4c2923ea2a87e6c963857f72a562bce7567d0414e83aa229e8717f	reviewed	-
zr_vm_lib_system/include/zr_vm_lib_system/console.h	zr_vm_lib_system	code	a1ef30f7cacd8263783ec281934bfc68ac7a02ec60a07760f0698312f514ed0b	reviewed	-
zr_vm_lib_system/include/zr_vm_lib_system/console_registry.h	zr_vm_lib_system	code	5ac104a40a958921b281f75a8682010c372b52613b0f6a9410513608e7bf9f76	reviewed	-
zr_vm_lib_system/include/zr_vm_lib_system/env.h	zr_vm_lib_system	code	603ca6de2b567aadb0cc78c66190d051b65aa1b997010ee4a2a2189f35e44f5e	reviewed	-
zr_vm_lib_system/include/zr_vm_lib_system/env_registry.h	zr_vm_lib_system	code	157f1719ce98775ea52009b43e3dc0158deb4dcad95225ed0f8ca7e05d1c4d9f	reviewed	-
zr_vm_lib_system/include/zr_vm_lib_system/exception.h	zr_vm_lib_system	code	d91d474f9873cad3744acb896d47c4dd5d29ddb9b31106ddfa47b9ba3b867e33	reviewed	-
zr_vm_lib_system/include/zr_vm_lib_system/exception_registry.h	zr_vm_lib_system	code	56ae31340a4c812e75cb19b4d1cd5fd25a0646ecfedb7c9b1bcf6dbe1c4409e7	reviewed	-
zr_vm_lib_system/include/zr_vm_lib_system/fs.h	zr_vm_lib_system	code	332de7c9acda490d7a6c1da86bfe37d2dc74c36fe89d42c6dd3c0dd6aa326b05	reviewed	-
zr_vm_lib_system/include/zr_vm_lib_system/fs_registry.h	zr_vm_lib_system	code	7127bbff1b3283b0e8c18ba7d4d361b3a00a677f5825a457091c0b6a3556a65f	reviewed	-
zr_vm_lib_system/include/zr_vm_lib_system/gc.h	zr_vm_lib_system	code	bcfa0c0d7db35b1416785e4e672dc42aac6f0d95e6301cd1bb551e95c227ab71	reviewed	-
zr_vm_lib_system/include/zr_vm_lib_system/gc_registry.h	zr_vm_lib_system	code	a37078aa1272c4cdbcd72cbe515ac6f4168e54e8f90bd200abc372525b3ae76d	reviewed	-
zr_vm_lib_system/include/zr_vm_lib_system/module.h	zr_vm_lib_system	code	6e9300158decd924a9e6fe5be91af8f2d8a3fa31fb64354063364e6b2ba1c343	reviewed	-
zr_vm_lib_system/include/zr_vm_lib_system/process.h	zr_vm_lib_system	code	4a176592ae308fe011f9228806f4c19d22b2fe0276010b1fd3a3fd13a0999d7f	reviewed	-
zr_vm_lib_system/include/zr_vm_lib_system/process_registry.h	zr_vm_lib_system	code	c17acc1ff47026bbb6acddabce2762409196e1140537613352b5a25abafcc61c	reviewed	-
zr_vm_lib_system/include/zr_vm_lib_system/vm.h	zr_vm_lib_system	code	d18a0d2e6b7ec2589f258be61fce3dcfa9c13d26aab8771f671300a7841c8759	reviewed	-
zr_vm_lib_system/include/zr_vm_lib_system/vm_registry.h	zr_vm_lib_system	code	2dbcf188f5632222b492c5c3e0ccc441c396fb7f5dc45d662d2190a64b7cb75f	reviewed	-
zr_vm_lib_system/src/zr_vm_lib_system/assembly/assembly.c	zr_vm_lib_system	code	f827b48775d0ec02eba6b11539b27f5c279a6064f4621d6586790767ace09b78	reviewed	-
zr_vm_lib_system/src/zr_vm_lib_system/assembly/assembly_registry.c	zr_vm_lib_system	code	c61ebac0c4e5c36c01606e3f63d89a77680b0054ddf9113c61fe4e98a60e7fb6	reviewed	-
zr_vm_lib_system/src/zr_vm_lib_system/console/console.c	zr_vm_lib_system	code	687d5d5d8f70a8747e039676228aedf46e2014a61f381528c3348e3f7d8269f6	reviewed	-
zr_vm_lib_system/src/zr_vm_lib_system/console/console_registry.c	zr_vm_lib_system	code	565a50d530dccafcd714743cdb516d0153912e3a509a82bc469896f096213fa1	reviewed	-
zr_vm_lib_system/src/zr_vm_lib_system/env/env.c	zr_vm_lib_system	code	298af8444a51a5d596efee79f8bf0ec862afd45a8549b0b28bf48571333e4ae8	reviewed	-
zr_vm_lib_system/src/zr_vm_lib_system/env/env_registry.c	zr_vm_lib_system	code	51abc5a4bd322b3c96489645ce405a9449147c4a8e016aa7ba4119d1a66af5d9	reviewed	-
zr_vm_lib_system/src/zr_vm_lib_system/exception/exception.c	zr_vm_lib_system	code	6d0eb62bed9eb0a16824a9ea735d5868ec4f420c118ab1e4aff0e7751038b2aa	reviewed	-
zr_vm_lib_system/src/zr_vm_lib_system/exception/exception_registry.c	zr_vm_lib_system	code	b0a9b360d27c27d464a011377ad115f17b48862f4965dff1a07c7b71d37786d4	reviewed	-
zr_vm_lib_system/src/zr_vm_lib_system/fs/fs_common.c	zr_vm_lib_system	code	5b69d53226280045f41135d0b03f5a457d31d0339609bb0d0440fa42924b3716	reviewed	-
zr_vm_lib_system/src/zr_vm_lib_system/fs/fs_entry.c	zr_vm_lib_system	code	84f4fc4ad16cd55b491f5c56965e1d860d26c3af6a4c8261617dbe23cb195b49	reviewed	-
zr_vm_lib_system/src/zr_vm_lib_system/fs/fs_internal.h	zr_vm_lib_system	code	0259c4b56d76f4d2c3f6ffcd1149894287cdac2f847f556052fbfed9313bc465	reviewed	-
zr_vm_lib_system/src/zr_vm_lib_system/fs/fs_registry.c	zr_vm_lib_system	code	77708fd280dcf6e6357482a31830a10a59387438900354d78b499c8d890645c0	reviewed	-
zr_vm_lib_system/src/zr_vm_lib_system/fs/fs_stream.c	zr_vm_lib_system	code	7ddb7b04af305df7196c0e6dbe1a6f0fe022f489fb81442a0458b3e354ca8e27	reviewed	-
zr_vm_lib_system/src/zr_vm_lib_system/gc/gc.c	zr_vm_lib_system	code	2471bb2adef89d5565ec74a761fb7dabd4ab55e76b26cb29750d00b741a6a264	reviewed	-
zr_vm_lib_system/src/zr_vm_lib_system/gc/gc_registry.c	zr_vm_lib_system	code	9dc0b148ca149a4d1d53f650bc821ff4da1f5aee2704353a100a67d6838bcdc1	reviewed	-
zr_vm_lib_system/src/zr_vm_lib_system/module.c	zr_vm_lib_system	code	d904937a1965dacff377dc6a9ee048fafdbe3466d024875424c53fe75d6fb972	reviewed	-
zr_vm_lib_system/src/zr_vm_lib_system/process/process.c	zr_vm_lib_system	code	c9385bd901b00b389717ece8104b849a31a1131dda8f4da3ff499b5b66c270e7	reviewed	-
zr_vm_lib_system/src/zr_vm_lib_system/process/process_registry.c	zr_vm_lib_system	code	19fada58661150de2b57f1c8e7b6d5f170c110952914c57cf2f793fc52a97afe	reviewed	-
zr_vm_lib_system/src/zr_vm_lib_system/vm/vm.c	zr_vm_lib_system	code	3d694c56443e8f561c8dcc068cfbc76d56a0aba2ef6860dc9be57a2b3ce3f6cd	reviewed	-
zr_vm_lib_system/src/zr_vm_lib_system/vm/vm_registry.c	zr_vm_lib_system	code	1937548c9ccf30edc34f81b4a2af24864040335fb1fcd4cffe3d4c9a357f45ff	reviewed	-
zr_vm_lib_task/CMakeLists.txt	zr_vm_lib_task	config	0d1767bf2c42df4a7d7ef149f98f8db5e6890de009b1705e34134e4228c941f4	reviewed	legacy task review: 225 units; independent review; standalone GCC syntax detects pre-existing API drift
zr_vm_lib_task/include/zr_vm_lib_task/conf.h	zr_vm_lib_task	code	51855a8f3a61606d8a37c14c2e56706ef884f2d566c972543033c828ca99cd43	reviewed	legacy task review: 225 units; independent review; standalone GCC syntax detects pre-existing API drift
zr_vm_lib_task/include/zr_vm_lib_task/module.h	zr_vm_lib_task	code	213902bcc56b1056e8a48f78e1fa144363e61b964aa18a2c117cb69539265700	reviewed	legacy task review: 225 units; independent review; standalone GCC syntax detects pre-existing API drift
zr_vm_lib_task/include/zr_vm_lib_task/runtime.h	zr_vm_lib_task	code	c458116d1d578bf3f28995bbf2018262e8cadf53e3de8d530d88fced7fe0f20c	reviewed	legacy task review: 225 units; independent review; standalone GCC syntax detects pre-existing API drift
zr_vm_lib_task/src/zr_vm_lib_task/module.c	zr_vm_lib_task	code	e5ecb0c98c331f61e65b5f1d059b9d1b3df0973c15cc66f11a75e2b7c16acd8d	reviewed	legacy task review: 225 units; independent review; standalone GCC syntax detects pre-existing API drift
zr_vm_lib_task/src/zr_vm_lib_task/runtime/runtime.c	zr_vm_lib_task	code	1422cd5cf981c917f089201e9791a89b05314f1ed1479cddfacba9e16ac448e7	reviewed	legacy task review: 225 units; independent review; standalone GCC syntax detects pre-existing API drift
zr_vm_lib_task/src/zr_vm_lib_task/runtime/runtime_internal.h	zr_vm_lib_task	code	2138569072710eaea6fd91780f7bd6b9700220e31d488811425654bcc2e7cc6b	reviewed	legacy task review: 225 units; independent review; standalone GCC syntax detects pre-existing API drift
zr_vm_lib_task/src/zr_vm_lib_task/runtime/runtime_transport.c	zr_vm_lib_task	code	1da27e92ad3df22a5277b9061d025a625e2f3b1cac3a47bae04097d1bdf8b62a	reviewed	legacy task review: 225 units; independent review; standalone GCC syntax detects pre-existing API drift
zr_vm_lib_task/src/zr_vm_lib_task/runtime/runtime_workers.c	zr_vm_lib_task	code	c44c44c50225cb30d9fa07b92ee6c22158615cb14d8e908523908976b68634f1	reviewed	legacy task review: 225 units; independent review; standalone GCC syntax detects pre-existing API drift
zr_vm_lib_task/src/zr_vm_lib_task/runtime/runtime_wrappers.c	zr_vm_lib_task	code	f333e2de8ea8eb756dbdf39aeee0bb539be309321420ef515d6124c6bab37add	reviewed	legacy task review: 225 units; independent review; standalone GCC syntax detects pre-existing API drift
zr_vm_lib_testing/CMakeLists.txt	zr_vm_lib_testing	config	c8f549c1c61026159b6f108b0f5db58958888c77c724ef37412d438639f5fe09	reviewed	68 单元调用链及宏观契约已独立审查
zr_vm_lib_testing/include/zr_vm_lib_testing/module.h	zr_vm_lib_testing	code	4bb9247f5168815e810cd57ca52a5c2c121a12aa0c8d3efcc711b7491b77e6c5	reviewed	68 单元调用链及宏观契约已独立审查
zr_vm_lib_testing/src/zr_vm_lib_testing/module.c	zr_vm_lib_testing	code	1ddc4a1b9703af188ae2342aa1fced6142ee7f29cc3ba28c0b349edf67f0b36a	reviewed	68 单元调用链及宏观契约已独立审查
zr_vm_lib_testing/src/zr_vm_lib_testing/runtime/assertions.c	zr_vm_lib_testing	code	49edb45161cf4571995a6410bf6a9ab8c0c598dae840f630129b618da3c549bf	reviewed	68 单元调用链及宏观契约已独立审查
zr_vm_lib_testing/src/zr_vm_lib_testing/runtime/descriptor.c	zr_vm_lib_testing	code	fd1b318bc95ae0ecf09de18e0f216a6396cf6e0dbc918545f20b992a79273736	reviewed	68 单元调用链及宏观契约已独立审查
zr_vm_lib_testing/src/zr_vm_lib_testing/runtime/runtime_internal.h	zr_vm_lib_testing	code	0893db3c592dace3ff2c4efc19ebffa869d724b1e1e269bcfd5d00acae5506b2	reviewed	68 单元调用链及宏观契约已独立审查
zr_vm_lib_thread/CMakeLists.txt	zr_vm_lib_thread	config	407b2c1f2000f51f97e916c737c6adbea61a711eccfe6acc8c958900144ca8f7	reviewed	-
zr_vm_lib_thread/include/zr_vm_lib_thread/conf.h	zr_vm_lib_thread	code	01e9f903da2d6b529ee060e7d8b94bb56c8ba12943c4aa2c208f8e39e05f7dea	reviewed	-
zr_vm_lib_thread/include/zr_vm_lib_thread/module.h	zr_vm_lib_thread	code	53c44b8ea5ae74bce5007c551c5798726a289808573266f2ffc15f99f635a980	reviewed	-
zr_vm_lib_thread/include/zr_vm_lib_thread/runtime.h	zr_vm_lib_thread	code	5a2cdf71f32c2975d8745b13194b26175053a73dae04f4cbe9681692ecbc5cfa	reviewed	-
zr_vm_lib_thread/src/zr_vm_lib_thread/module.c	zr_vm_lib_thread	code	08ca31482642fbe4d84d6936e1c5370dca88dcf67bc5203e33050f311795c9aa	reviewed	-
zr_vm_lib_thread/src/zr_vm_lib_thread/runtime/runtime.c	zr_vm_lib_thread	code	d5f436b673d247f37948f018d71f59fbb656a71bd1c82025214c185575f822c0	reviewed	-
zr_vm_lib_thread/src/zr_vm_lib_thread/runtime/runtime_internal.h	zr_vm_lib_thread	code	ef70c82cc5a201cedd347e3382d10404b7ef8cdc85cb88283a080c9a7508009b	reviewed	-
zr_vm_lib_thread/src/zr_vm_lib_thread/runtime/runtime_isolated_domain.c	zr_vm_lib_thread	code	df8d0fe780258a1735874dd90bdae35b49983bdf905c49b92af36270cd3ee9d6	reviewed	-
zr_vm_lib_thread/src/zr_vm_lib_thread/runtime/runtime_transport.c	zr_vm_lib_thread	code	0f91f199764acfcac6194e54c341823d45ef7f7b41dab1ab4f81a7cbd908a029	reviewed	-
zr_vm_lib_thread/src/zr_vm_lib_thread/runtime/runtime_workers.c	zr_vm_lib_thread	code	bdfa5e3e0374e53d7dbedb8bd08f8efc48d6dc89a60c029880ea0406a6627b1d	reviewed	-
zr_vm_lib_thread/src/zr_vm_lib_thread/runtime/runtime_wrappers.c	zr_vm_lib_thread	code	ae9192bb6c364926d274d1a4764431a96313ae7174415c5ed5386192fe4ddb21	reviewed	-
zr_vm_library/CMakeLists.txt	zr_vm_library	config	e2bb4ef87551584af34c88378d7102003144a13caf4d2390fccab0498ef6f916	reviewed	312 单元基础 library 调用链与契约已独立复核
zr_vm_library/include/zr_vm_library.h	zr_vm_library	code	4cc9a4ad4691ba7bbffabace3a70d9dbc8774e47a76ac5198be990fd31beec0f	reviewed	312 单元基础 library 调用链与契约已独立复核
zr_vm_library/include/zr_vm_library/aot_runtime.h	zr_vm_library	code	edca792200b46df1dce646411311e1f3bd03e763082c762c5b98e8be36409163	reviewed	624 单元 AOT 调用链与风险已独立复核
zr_vm_library/include/zr_vm_library/batch_protocol.h	zr_vm_library	code	83bdcadb8a67c8f522fb3c550c6bfe40cb1047ae82114da312aca3d21ecb1116	reviewed	312 单元基础 library 调用链与契约已独立复核
zr_vm_library/include/zr_vm_library/common_state.h	zr_vm_library	code	614e308ee134463ff2e2d2ae03b34a1cd32b9ea75a4b6f8b522a9b55fbb2da20	reviewed	312 单元基础 library 调用链与契约已独立复核
zr_vm_library/include/zr_vm_library/conf.h	zr_vm_library	code	709e546f83e9922623b85e26586beb0e31239da63cb36a3773b25381f0f8d175	reviewed	312 单元基础 library 调用链与契约已独立复核
zr_vm_library/include/zr_vm_library/container_storage_contract.h	zr_vm_library	code	c432c0e4fa7f12152d4dca6d765fd49522fa098e61cf197323b1cad5b5467ad0	reviewed	312 单元基础 library 调用链与契约已独立复核
zr_vm_library/include/zr_vm_library/file.h	zr_vm_library	code	7bd94871dd5f591b1bd0d7e3cb6fa6bf7ad6297cbdac32772c04c7bb0842e0a1	reviewed	312 单元基础 library 调用链与契约已独立复核
zr_vm_library/include/zr_vm_library/native_binding.h	zr_vm_library	code	30289111ff3239b1bc37207df2e7a283654f1824f7ed77d8584568bc1ba630c4	reviewed	664 项 Native binding 单元完成调用链审查并经独立复核
zr_vm_library/include/zr_vm_library/native_binding_call_binding.h	zr_vm_library	code	bef80a119533f301fb26063f2eee56fc11d122a1a0be73849f1814afe349b088	reviewed	664 项 Native binding 单元完成调用链审查并经独立复核
zr_vm_library/include/zr_vm_library/native_call_plan.h	zr_vm_library	code	bc0ac59e67f579a4b56f86c18ff5cdae55a2d4a0e14a221bd7c13fef94cc5a17	reviewed	664 项 Native binding 单元完成调用链审查并经独立复核
zr_vm_library/include/zr_vm_library/native_hints.h	zr_vm_library	code	5f4386f2ac7329776ad0a1473a857f791bf7d066fd8801882966dd7cc15bd8bc	reviewed	664 项 Native binding 单元完成调用链审查并经独立复核
zr_vm_library/include/zr_vm_library/native_registry.h	zr_vm_library	code	404e9ef5a3baa48a1fd3458e543ddfedec21e7ba751e5d7947a0557df27f734f	reviewed	664 项 Native binding 单元完成调用链审查并经独立复核
zr_vm_library/include/zr_vm_library/project.h	zr_vm_library	code	03624afe07c17a66969eb200d42313b1b871e86f31941c098beaf17a28836e85	reviewed	-
zr_vm_library/include/zr_vm_library/task_runtime.h	zr_vm_library	code	743ee13de67eb061216222e56e4f7093964dd181afd2ec8ad67747fcfff6006c	reviewed	312 单元基础 library 调用链与契约已独立复核
zr_vm_library/include/zr_vm_library/zrm.h	zr_vm_library	code	69008fb175e69bb069b4e0825291b83c89e9172b70493fad2f9d636fb1306463	reviewed	zrm 公开契约及结构已逐单元审查
zr_vm_library/src/zr_vm_library/aot_runtime.c	zr_vm_library	code	b8ce67e22eb2342a743e0397d14d8f2c81ca45c454467ca89d20de717b641743	reviewed	624 单元 AOT 调用链与风险已独立复核
zr_vm_library/src/zr_vm_library/aot_runtime/aot_runtime_cleanup_registration.c	zr_vm_library	code	8dc44224f31d2bc1904fe470fffd6063aec7db017ff1e0e7f9a366aa45f56e78	reviewed	624 单元 AOT 调用链与风险已独立复核
zr_vm_library/src/zr_vm_library/aot_runtime/aot_runtime_cleanup_registration.h	zr_vm_library	code	d38e3c5d92d52a536322799cad3ff29fd84dbe6c1ba28bd41e39e31a7d01595c	reviewed	624 单元 AOT 调用链与风险已独立复核
zr_vm_library/src/zr_vm_library/aot_runtime/aot_runtime_generic_dictionary.c	zr_vm_library	code	ffe312fcdb5626c29d51e55568266d2687c413993486d200453acaf7c8ae2dc0	reviewed	624 单元 AOT 调用链与风险已独立复核
zr_vm_library/src/zr_vm_library/aot_runtime/aot_runtime_internal.h	zr_vm_library	code	d4df4e69d5322b2be644da8849d251b45738439c2b6a1b7e1e09bed8c9b2eba0	reviewed	624 单元 AOT 调用链与风险已独立复核
zr_vm_library/src/zr_vm_library/aot_runtime/aot_runtime_return.c	zr_vm_library	code	dd205e9ade237c17d711c7f9e325835deff71bf0422c74e753de341f8174b358	reviewed	624 单元 AOT 调用链与风险已独立复核
zr_vm_library/src/zr_vm_library/aot_runtime/aot_runtime_sync.c	zr_vm_library	code	f920fb5684590311bd7405a69470cff2964a49da8623a61c27b92af2221c6811	reviewed	624 单元 AOT 调用链与风险已独立复核
zr_vm_library/src/zr_vm_library/aot_runtime/aot_runtime_values.c	zr_vm_library	code	12d8307d8822e6f8c694889ff41f9efaa22df13abd748abce21a7bcf93858d72	reviewed	624 单元 AOT 调用链与风险已独立复核
zr_vm_library/src/zr_vm_library/aot_typed_call_binding.c	zr_vm_library	code	b6aa5b1286ce1b5405ba626413159d4ee150ac1e1b6166c6353245e2f3875c9c	reviewed	624 单元 AOT 调用链与风险已独立复核
zr_vm_library/src/zr_vm_library/aot_typed_call_binding.h	zr_vm_library	code	a49b1d6e0ad5a531088e5fc112f2c30d53ddfa486938760f353eedd707bee470	reviewed	624 单元 AOT 调用链与风险已独立复核
zr_vm_library/src/zr_vm_library/batch_protocol.c	zr_vm_library	code	dc50ceb798b0a18e43b01fd9d75b3fad2708987c3b6f73753fd4124ff0f4f202	reviewed	312 单元基础 library 调用链与契约已独立复核
zr_vm_library/src/zr_vm_library/builtin_module.c	zr_vm_library	code	202889c34deef2499d5e962606e0791f28bd8ae72dae3acffc0f180f872e0407	reviewed	312 单元基础 library 调用链与契约已独立复核
zr_vm_library/src/zr_vm_library/common_state.c	zr_vm_library	code	951ea4c1cd34dd64229d9772a571ab9388ed6286b39d6dc500e0efa091077203	reviewed	312 单元基础 library 调用链与契约已独立复核
zr_vm_library/src/zr_vm_library/container_storage_contract.c	zr_vm_library	code	1642dd54270a1a3ffe45d40bae8b23e30e573aabd28eaf7b134ccf8c1b9448b4	reviewed	312 单元基础 library 调用链与契约已独立复核
zr_vm_library/src/zr_vm_library/file.c	zr_vm_library	code	ef1aa80ba992cf1155e8b22b14348c59c2ff32586d48c23f070b74d8dadad31b	reviewed	312 单元基础 library 调用链与契约已独立复核
zr_vm_library/src/zr_vm_library/native_binding/native_binding.c	zr_vm_library	code	0cffab0e3461494a268473d4261aaf3db979e930cde61a2a30d0a61484a0854b	reviewed	664 项 Native binding 单元完成调用链审查并经独立复核
zr_vm_library/src/zr_vm_library/native_binding/native_binding_argument_view.c	zr_vm_library	code	3569654cac9b66d14e09334b798e6f1a9a125c677a23829d1521f89f7e68b979	reviewed	664 项 Native binding 单元完成调用链审查并经独立复核
zr_vm_library/src/zr_vm_library/native_binding/native_binding_call_binding.c	zr_vm_library	code	d8a53a5689160ef599497c053f9ffe44842a72e279a7ab05766db10b133238e2	reviewed	664 项 Native binding 单元完成调用链审查并经独立复核
zr_vm_library/src/zr_vm_library/native_binding/native_binding_call_binding_hash.c	zr_vm_library	code	6bd9bab419fea60edcf42a94eeffa9eb565ed9b4911452bdf0e4107585aa9bca	reviewed	664 项 Native binding 单元完成调用链审查并经独立复核
zr_vm_library/src/zr_vm_library/native_binding/native_binding_contract_validation.c	zr_vm_library	code	a10d85ff36ee317199fd73af90793ce312cfdda1b3b01286b484a7bd6ee814dd	reviewed	664 项 Native binding 单元完成调用链审查并经独立复核
zr_vm_library/src/zr_vm_library/native_binding/native_binding_dispatch.c	zr_vm_library	code	af01ae32177685d47c2e1fab472e8ee63d0f46f8b4a8fbd88b56940503a347e0	reviewed	664 项 Native binding 单元完成调用链审查并经独立复核
zr_vm_library/src/zr_vm_library/native_binding/native_binding_dispatch_cached.c	zr_vm_library	code	ab2f52a9b233e52bf774aff7ca0538cfcdc7b912d6a6c13f6b22d2829ae77da1	reviewed	664 项 Native binding 单元完成调用链审查并经独立复核
zr_vm_library/src/zr_vm_library/native_binding/native_binding_dispatch_lanes.c	zr_vm_library	code	8ac09cb51513f513ae2398f6850c921487da1df6312043084e8d1d5881e51824	reviewed	664 项 Native binding 单元完成调用链审查并经独立复核
zr_vm_library/src/zr_vm_library/native_binding/native_binding_dispatch_lanes.h	zr_vm_library	code	a04f394fdbbe44b80f808a4a59980c559e28aa4a75c0edfd3b27b48e882affa8	reviewed	664 项 Native binding 单元完成调用链审查并经独立复核
zr_vm_library/src/zr_vm_library/native_binding/native_binding_internal.h	zr_vm_library	code	c0a9a73fb99b5dae72642754335313701c751b1f55a4cb63d4d469f2903d10d5	reviewed	664 项 Native binding 单元完成调用链审查并经独立复核
zr_vm_library/src/zr_vm_library/native_binding/native_binding_metadata.c	zr_vm_library	code	6d1a5b0441e7230171bacebeaf58c874d206f48ec3773dd45c84f6eb2be0748e	reviewed	664 项 Native binding 单元完成调用链审查并经独立复核
zr_vm_library/src/zr_vm_library/native_binding/native_binding_official_inventory.c	zr_vm_library	code	105d7069ce46cad9b052fd4b6b91334b534ce5ec05ca3a7bf817e1cfccbcb703	reviewed	664 项 Native binding 单元完成调用链审查并经独立复核
zr_vm_library/src/zr_vm_library/native_binding/native_binding_reflection_contract.c	zr_vm_library	code	d938b15798b62433f493eda33f474a876c1397c3632f02bc3dbf92fa2c8c55ae	reviewed	664 项 Native binding 单元完成调用链审查并经独立复核
zr_vm_library/src/zr_vm_library/native_binding/native_binding_registry_plugin.c	zr_vm_library	code	f1354e2e3409b061482e236fbf681ef6fd4be8bb33edd66a9e198a7c4b7ac560	reviewed	664 项 Native binding 单元完成调用链审查并经独立复核
zr_vm_library/src/zr_vm_library/native_binding/native_binding_runtime_metadata.c	zr_vm_library	code	b044b9e8acb3f95e4a12c51857dab73212c105f521390f763a82c3d5c6e91080	reviewed	664 项 Native binding 单元完成调用链审查并经独立复核
zr_vm_library/src/zr_vm_library/native_binding/native_binding_support.c	zr_vm_library	code	c75d2a5890651ac551479ac970f628ee5e5058ab71914112ef5f0a2606c8fdec	reviewed	664 项 Native binding 单元完成调用链审查并经独立复核
zr_vm_library/src/zr_vm_library/native_binding/native_binding_typed_call.c	zr_vm_library	code	59cc45bbf0d637326b5a14c648bd60b8ef6c06029564aaa546a2f3682465e3da	reviewed	664 项 Native binding 单元完成调用链审查并经独立复核
zr_vm_library/src/zr_vm_library/native_binding/native_call_plan.c	zr_vm_library	code	c147f4e9785fd9c1439e0d2be264a0dcf832e4aca75e730680ca24dd4d7e1d6e	reviewed	664 项 Native binding 单元完成调用链审查并经独立复核
zr_vm_library/src/zr_vm_library/project/project.c	zr_vm_library	code	1c1748e2f6d9dda6651e7f356485c9c4020694e44367bc5cb7e8cf2b41aee12d	reviewed	-
zr_vm_library/src/zr_vm_library/project/project_aot_options.c	zr_vm_library	code	22321e548c2bad5f2e219226e36d113f82366921c700354a6da5f868a153ef51	reviewed	-
zr_vm_library/src/zr_vm_library/project/project_aot_options.h	zr_vm_library	code	587d77931abd229d8183146188f5bc9a863a5c7723ebaf7dac1268428649ea2a	reviewed	-
zr_vm_library/src/zr_vm_library/project/project_exports.c	zr_vm_library	code	fd36fe4456165dbfc96500937bae9dfa68f71803b613f83d657c5ffc70d528ee	reviewed	-
zr_vm_library/src/zr_vm_library/project/project_exports.h	zr_vm_library	code	a300503cf5d20c924f18bae9af7d61b779b714e8439ab8fb398541f02f166800	reviewed	-
zr_vm_library/src/zr_vm_library/project/project_features.c	zr_vm_library	code	979447c10c86b8529bfac2905379fd220d6eb62cf8a479699d23044597aa4b63	reviewed	-
zr_vm_library/src/zr_vm_library/project/project_features.h	zr_vm_library	code	0383c98a14941dad80de0f7c7d98d990c34a864dc1aa39b910822edcfd8232c6	reviewed	-
zr_vm_library/src/zr_vm_library/project/project_import_provider_location.c	zr_vm_library	code	c4965f50925166bde3cd0e40f7c76c82fc0589756f784c3c722683b640c50c84	reviewed	-
zr_vm_library/src/zr_vm_library/project/project_import_resolver.c	zr_vm_library	code	808f5633bb354465f193ab9ea0cf706b3327113f31fcdebf58937fd73ae0321d	reviewed	-
zr_vm_library/src/zr_vm_library/project/project_manifest_v2.c	zr_vm_library	code	68832fb0925a034814a49f4d8862d30041b36527f80bfb93a86c3a22a6a7e835	reviewed	-
zr_vm_library/src/zr_vm_library/project/project_manifest_v2.h	zr_vm_library	code	587b08819f01ddc723881c788106455802be4a30bbd6e0580fc44c49fcb82cb6	reviewed	-
zr_vm_library/src/zr_vm_library/project/project_manifest_v2_lock.c	zr_vm_library	code	ac4d233d58ff464d1dde70d5c9d35cb182b9e28e407341aa26eb15cdc8fc60aa	reviewed	-
zr_vm_library/src/zr_vm_library/project/project_module_specifier.c	zr_vm_library	code	cd7211c07539d23cc6db84c0d6052b7386cbe3bd3cdd74cb99f0c6055458eb23	reviewed	-
zr_vm_library/src/zr_vm_library/project/project_preserve.c	zr_vm_library	code	b5e173350f657ae87ed524a5bf37e179e74bc3cec41dad95725fd5c7d39444df	reviewed	-
zr_vm_library/src/zr_vm_library/project/project_preserve.h	zr_vm_library	code	5eeeb057a0327d546760199f862a53ea68b0323a978b62cb0b81d08363f2b65a	reviewed	-
zr_vm_library/src/zr_vm_library/task_runtime.c	zr_vm_library	code	20af554df13e96e092a051969df1dea33fd0ce07029886ca202eca371d567160	reviewed	312 单元基础 library 调用链与契约已独立复核
zr_vm_library/src/zr_vm_library/zrm.c	zr_vm_library	code	4d79ab7335da016124eb4b4c3269aa7e402883bb09c2c80665420044ce22de5f	reviewed	zrm 实现及关键语句块已逐单元审查
zr_vm_parser/CMakeLists.txt	zr_vm_parser	config	5d8b2428eab5d1ed733fb44dba831872d27505248e1a59c916c5b1fef6c50498	pending	-
zr_vm_parser/include/zr_vm_parser.h	zr_vm_parser	code	81a6fd84e9b2430809fdf491fd66ca073193076636d7a4ceaae84aae91795ee3	pending	-
zr_vm_parser/include/zr_vm_parser/aot_generic_policy.h	zr_vm_parser	code	a7907136d7a9b086f5b498688bcccfaa993f85fa4797780a08b5a85c1d836838	pending	-
zr_vm_parser/include/zr_vm_parser/aot_ir_lowering.h	zr_vm_parser	code	0212c27c9db21588f0bac1d6ab64a1c40180f93fb834695cca16a638c8fc51fa	pending	-
zr_vm_parser/include/zr_vm_parser/aot_ir_projection_descriptor.h	zr_vm_parser	code	6ff662c90c020bf1ba65564e35617d8cf923458e3ec9baa35756fda3efb7f996	pending	-
zr_vm_parser/include/zr_vm_parser/artifact_exec_ir.h	zr_vm_parser	code	c0e644b40a8431b8fbddf90f11e70f576cca38f08150f452d8a706018fff5017	pending	-
zr_vm_parser/include/zr_vm_parser/artifact_projection.h	zr_vm_parser	code	9760b9e0148f27f0ad0292f556859fe9ae7af083f8a3ace6ac50c6b1627624d9	pending	-
zr_vm_parser/include/zr_vm_parser/ast.h	zr_vm_parser	code	6614a7fbc20e1e47281576237bb70ea927af6d59f10b715e656200aa0b667074	pending	-
zr_vm_parser/include/zr_vm_parser/attribute_contract.h	zr_vm_parser	code	79b67d81f8759f6b3aaad9b574ebe99f2853fd98957c67223f5a3018097bb446	pending	-
zr_vm_parser/include/zr_vm_parser/bound_expression.h	zr_vm_parser	code	f3b44193addccde060bfca233d9a162ce5965d97e77131310da36da4b72d5949	pending	-
zr_vm_parser/include/zr_vm_parser/canonical_type.h	zr_vm_parser	code	40538692a23a4a02acb2b1e88836f5d4852739f12f5021a8fe9cc1f40f9c7621	pending	-
zr_vm_parser/include/zr_vm_parser/cfg.h	zr_vm_parser	code	f444c6b6179b98567fe1d504e07353b85d00164ec7c5433f056b2dc4db8fda2d	pending	-
zr_vm_parser/include/zr_vm_parser/compile_ir_cache.h	zr_vm_parser	code	45e42fb3a59eadaf58a7b0d99c9aef3055f2b50ccce81d13d45fa8a675ebe818	pending	-
zr_vm_parser/include/zr_vm_parser/compile_optimization_profile.h	zr_vm_parser	code	dcf76a045005f626652d7c3ede57d810837d5e534a9328688055148fc800dc3b	pending	-
zr_vm_parser/include/zr_vm_parser/compile_tool.h	zr_vm_parser	code	4ec0ad3542159318ae7c41fd7371cc95460a7e48abe6ebf4bb9092fedde83d14	pending	-
zr_vm_parser/include/zr_vm_parser/compiler.h	zr_vm_parser	code	0977cd1197f32ad615826944432fe19da3e57fa4650186fa03488caa26318f21	pending	-
zr_vm_parser/include/zr_vm_parser/comptime_cache.h	zr_vm_parser	code	9628704c9f9955c0698a2ba3af417bf11d8fbcccf101324a8597a9183e8c3d42	pending	-
zr_vm_parser/include/zr_vm_parser/comptime_contract.h	zr_vm_parser	code	09f4fef3c3aa44214f098ccb4f16e4f7fbe690919154f06dc251c7812e6c30ab	pending	-
zr_vm_parser/include/zr_vm_parser/conf.h	zr_vm_parser	code	44bbfef1bab054e7719f51f111e4ae382c76abcb170bf1819b727d610adf2e7f	reviewed	docs/code-review/coverage/zr_vm_core_parser_api_conf.tsv
zr_vm_parser/include/zr_vm_parser/const_assignment.h	zr_vm_parser	code	33e69fd40db6d52c8bd5e37ae6e832854ba513a95547a4214cbc84e4affedbe3	pending	-
zr_vm_parser/include/zr_vm_parser/declaration_transform_contract.h	zr_vm_parser	code	4535cfe754fa9ab9969d141b29eb0d5cc5574589c21224f13d00fda5b4b752ee	pending	-
zr_vm_parser/include/zr_vm_parser/diagnostic_builder.h	zr_vm_parser	code	409daa4e2de566b73a70aef92ebf61f1d7f9da7e178691aa8998186d8804c6f6	pending	-
zr_vm_parser/include/zr_vm_parser/diagnostic_messages.h	zr_vm_parser	code	7a19d35f94c45135148f82a0cb02f3f8449da114f1b0eb0f9b7f248c10f4b642	reviewed	docs/code-review/coverage/zr_vm_parser_diagnostic_catalog.tsv
zr_vm_parser/include/zr_vm_parser/diagnostic_registry.h	zr_vm_parser	code	dc22d2015da45c47fb8c50fc7fc5e5d893b27a4f60014dab47e853a27b801f11	reviewed	docs/code-review/coverage/zr_vm_parser_diagnostic_catalog.tsv
zr_vm_parser/include/zr_vm_parser/exec_ir_aggregate_layout.h	zr_vm_parser	code	14ee048f2a7278f72490cfb22e00e989ba6a40bad37fcfb89a89c6411c6e61d7	pending	-
zr_vm_parser/include/zr_vm_parser/exec_ir_alias.h	zr_vm_parser	code	0c4dfd507146902e979e888008593d4c09bde67c4ed0c9b00d8b187fefdb38ac	pending	-
zr_vm_parser/include/zr_vm_parser/exec_ir_allocation.h	zr_vm_parser	code	1a7555dcdbc9c2c38a7caf771b63757e8afee632656cf0f3d191554c8685c9ca	pending	-
zr_vm_parser/include/zr_vm_parser/exec_ir_array_lowering.h	zr_vm_parser	code	392c4e93d9fc7e1b8bd802f4b324d35e186da6cf97967748dbeafca21d4fc441	pending	-
zr_vm_parser/include/zr_vm_parser/exec_ir_binding_facts.h	zr_vm_parser	code	09c24cd1569a4b85342d9dc12911eb2e5d6aa1e247cbb0d225192bb3cc75296b	pending	-
zr_vm_parser/include/zr_vm_parser/exec_ir_builder.h	zr_vm_parser	code	13859ac7b39c7d7bcae1b85d03f0fba8daf93d5f98df3ffc4919acb91b55e6e1	pending	-
zr_vm_parser/include/zr_vm_parser/exec_ir_call_transfer.h	zr_vm_parser	code	303824a6d9fbdf0bcfa5c97a3f1c143dbc5ef3e4c6f9bf85057d0da22a0525d4	pending	-
zr_vm_parser/include/zr_vm_parser/exec_ir_container_specialize.h	zr_vm_parser	code	14e3968ae6c011c65800386a575b20c9da60488a98bd006db9465590a375f050	pending	-
zr_vm_parser/include/zr_vm_parser/exec_ir_escape.h	zr_vm_parser	code	d13e82cd62e84e4771e48b5db9115d67a1198263ab181243272c07bf5c193a71	pending	-
zr_vm_parser/include/zr_vm_parser/exec_ir_execbc.h	zr_vm_parser	code	17c77de0cdbcaca19808ec520a6961275f3a099898d1d640eb82f24ceabe8bf8	pending	-
zr_vm_parser/include/zr_vm_parser/exec_ir_frame_layout.h	zr_vm_parser	code	87fca0f0776230eb352eb494c4877af260b579b90111281ee704595aa6a98584	pending	-
zr_vm_parser/include/zr_vm_parser/exec_ir_frame_roots.h	zr_vm_parser	code	cfef2eed903ab1ff65bcb3dd9402b911b417e7b030cfff491778720e5b045490	pending	-
zr_vm_parser/include/zr_vm_parser/exec_ir_fusion.h	zr_vm_parser	code	882b8b84ae87bee75b894580bc15087854b33b20ce55350746d8bd3b2eb3a6e6	pending	-
zr_vm_parser/include/zr_vm_parser/exec_ir_gvn.h	zr_vm_parser	code	d6168beabc227935757faae256df03c6cd555587a68115bd41c1575892291736	pending	-
zr_vm_parser/include/zr_vm_parser/exec_ir_interprocedural.h	zr_vm_parser	code	47374ce1a55a77f9e6f35deec9a07cf2330120339bf461f5df8f18cb61150cdb	pending	-
zr_vm_parser/include/zr_vm_parser/exec_ir_layout_visibility.h	zr_vm_parser	code	2748049e5d89a601526ea636ee5fae7f06132d244232af81ac9b863563b03fc6	pending	-
zr_vm_parser/include/zr_vm_parser/exec_ir_loops.h	zr_vm_parser	code	f530368e2bd47817eae293e509682e92c09e7c184a3d940c5314e7e525af6695	pending	-
zr_vm_parser/include/zr_vm_parser/exec_ir_oracle.h	zr_vm_parser	code	c04c6a5e7c4946af54a498e6156c536010f343c6bb69b830d2bb70ecd61fe287	pending	-
zr_vm_parser/include/zr_vm_parser/exec_ir_ownership_elision.h	zr_vm_parser	code	cbdb99800dc335c2db430baecb2c8749a8a4be0ece88eab0e622b714f2c0bfd0	pending	-
zr_vm_parser/include/zr_vm_parser/exec_ir_pass_manager.h	zr_vm_parser	code	449abd26ec12db74d3c77fe52b3d0295ae86457cb7aec22c27fe9e98d6d28b65	pending	-
zr_vm_parser/include/zr_vm_parser/exec_ir_profile.h	zr_vm_parser	code	dde21f7e5d1bb87e25dca9e0ee463057427788faaebcd16ddc8b66ea49737d5f	pending	-
zr_vm_parser/include/zr_vm_parser/exec_ir_projections.h	zr_vm_parser	code	1a9f7f2285e2a371a3b26b85ec38652eccd5920069e0dd6786e26c88f2e1e800	pending	-
zr_vm_parser/include/zr_vm_parser/exec_ir_ranges.h	zr_vm_parser	code	b1e105d96c0877cebfcafe068f00443aa031b40ece086d386c3fc51cd64e087c	pending	-
zr_vm_parser/include/zr_vm_parser/exec_ir_send_sync.h	zr_vm_parser	code	46f43691f772a5594082ca358c67827ab9a3a3231281930fa1a6aee5b490aece	pending	-
zr_vm_parser/include/zr_vm_parser/exec_ir_state_maps.h	zr_vm_parser	code	0f86c5fb2cd57d2edabf04217b753eeab51d3215035fff6496bd1e348aed45a0	pending	-
zr_vm_parser/include/zr_vm_parser/exec_ir_vectorize.h	zr_vm_parser	code	22b352e184b7bc112b42951454c704bc13a2c94ff05bc3913fe86c24d519bec5	pending	-
zr_vm_parser/include/zr_vm_parser/ffi_contract.h	zr_vm_parser	code	37b6f44b040287b351f2e5208f2f523be1fee6b114db19e8d2d41bca8ccf83b1	pending	-
zr_vm_parser/include/zr_vm_parser/generic_instantiation.h	zr_vm_parser	code	b128719e724568e79e461d29aec9dbeb0923c1ec1a50f05f0a672946fe72845f	pending	-
zr_vm_parser/include/zr_vm_parser/interface_contract.h	zr_vm_parser	code	2c34953c8d6b1f8d8e9ededfcfd9bd2218874310d15c9e8dc70b52adb36e1b45	pending	-
zr_vm_parser/include/zr_vm_parser/iteration_contract.h	zr_vm_parser	code	f05aa86743ecc3bc6da36df948518438111956aca918631b33e0568ddd0f38cc	pending	-
zr_vm_parser/include/zr_vm_parser/legacy_migration.h	zr_vm_parser	code	756d8f67e93d23f9f3ccf7922dcf3fb690cefc4e1bd265dbd79ca730458247d8	pending	-
zr_vm_parser/include/zr_vm_parser/lexer.h	zr_vm_parser	code	f628beecef3f4e0619ab5144d852181099232931d156abbb5fb724163a828e31	reviewed	docs/code-review/coverage/zr_vm_parser_public_lexer_entry.tsv
zr_vm_parser/include/zr_vm_parser/location.h	zr_vm_parser	code	4655bbaac57a6c8cf432f98dcbb6bc2722db4d64d7b0ac2c702607c1b7ad6a09	reviewed	docs/code-review/coverage/zr_vm_parser_public_lexer_entry.tsv
zr_vm_parser/include/zr_vm_parser/optimization_facts.h	zr_vm_parser	code	389a4e74826694207beb96fba77fdf9878af600664ed8e7aae17e89f35d3db49	pending	-
zr_vm_parser/include/zr_vm_parser/optimization_remarks.h	zr_vm_parser	code	a8726609767525f4fabb094516f1bd9bb32e049465d37834680b042124946aad	pending	-
zr_vm_parser/include/zr_vm_parser/parser.h	zr_vm_parser	code	e1d8cad5d603849148c832ffa89dde2b811c80503de1ab868291e7bc8bc11f52	reviewed	docs/code-review/coverage/zr_vm_parser_public_lexer_entry.tsv
zr_vm_parser/include/zr_vm_parser/place.h	zr_vm_parser	code	5ad38f3b221485969f4f30561955cbea47d9ee48f84b9323a6fa8f9db1bae9ec	pending	-
zr_vm_parser/include/zr_vm_parser/project_imports.h	zr_vm_parser	code	c9a5c0b699776bbb3925b6da8a53aaade09dcc035307a7cacc6686ed1d266361	pending	-
zr_vm_parser/include/zr_vm_parser/receiver_call.h	zr_vm_parser	code	f41efa89e0c6efdeb12df9df6c617eaa317f38befce3f39cb982704a8ca5b8bf	pending	-
zr_vm_parser/include/zr_vm_parser/semantic.h	zr_vm_parser	code	66963bfce5debe36a56eec7871b8605f4ac257b48a02a6519c785a308c143d36	pending	-
zr_vm_parser/include/zr_vm_parser/semantic_calls.h	zr_vm_parser	code	24dac81834520d7e5b285bb0f7009fcdc1aec2f3a0fb7f05f405ccff6849fbab	pending	-
zr_vm_parser/include/zr_vm_parser/semantic_display.h	zr_vm_parser	code	b2ceadaffcad59572b5200b4b84fa977dbd6413e859400e169c15ca80dd613e4	pending	-
zr_vm_parser/include/zr_vm_parser/semantic_facts.h	zr_vm_parser	code	772b8c9d65a4d12fd5167cb82c3cd422926282188286ee12eb6e45a3750064ad	pending	-
zr_vm_parser/include/zr_vm_parser/semantic_ir.h	zr_vm_parser	code	8e2fc95d4f2cdd7f7ce82d7a04aaf9d01dcf07e6d11497fb6be9e702f05d4220	pending	-
zr_vm_parser/include/zr_vm_parser/semantic_query.h	zr_vm_parser	code	91dabf637ff270bdb5dbc8f8ed00659c42228ef126b608c821bae7fc8c4fa8ab	pending	-
zr_vm_parser/include/zr_vm_parser/semantic_relations.h	zr_vm_parser	code	6bfdec186a482c44364938c17e8e3257677fb6506b83b16a149836c7d7340ed3	pending	-
zr_vm_parser/include/zr_vm_parser/semantic_source_metadata.h	zr_vm_parser	code	ffec7e36b76664e77b2088e58620b5496380479c888de68348ec584ea0e28c80	pending	-
zr_vm_parser/include/zr_vm_parser/semantic_type_use.h	zr_vm_parser	code	5b5379218744ed6d1ac38133f6d7504b1797efb4a2d82427a4d5afd78dfff5bb	pending	-
zr_vm_parser/include/zr_vm_parser/semantic_value_facts.h	zr_vm_parser	code	f1460d1c4b752abbb76f00b19155c02dfb45af8288ba96f0fbc887b810868316	pending	-
zr_vm_parser/include/zr_vm_parser/syntax_contract.h	zr_vm_parser	code	ace3c579214553c71861e6c0a88ce5ff6bb77906e832a18e6c5924baf16f9429	pending	-
zr_vm_parser/include/zr_vm_parser/test_contract.h	zr_vm_parser	code	6d459a7cd70a769cd57662052af29e5bc402ab579ab71f87f30f38ec2cb82766	pending	-
zr_vm_parser/include/zr_vm_parser/type_inference.h	zr_vm_parser	code	e0e5fcee69096d153ba151a2051d999117ea28d38c36f93638854aa86d3cf1b7	pending	-
zr_vm_parser/include/zr_vm_parser/type_system.h	zr_vm_parser	code	8de0fe1dd413a44d0fd7ed2f73f245db44dc3dd6e6462d307bd9a86c5c9429db	pending	-
zr_vm_parser/include/zr_vm_parser/variance.h	zr_vm_parser	code	c018c549ee5a91b4f9e46f961c6ab29c8e737436062c351d63fc1337ca0f680e	pending	-
zr_vm_parser/include/zr_vm_parser/writer.h	zr_vm_parser	code	18ac4138959b6b2be2e2a4f3ed724d91bc44fbbc92036c0980e63f2877956da5	pending	-
zr_vm_parser/src/zr_vm_parser/artifact_call_binding_projection.c	zr_vm_parser	code	aba62e91cd12be84ecf90efef3e944c6c1ce0632905c82d4d45cd9941979d7ff	reviewed	docs/code-review/coverage/zr_vm_parser_artifact_projections.tsv
zr_vm_parser/src/zr_vm_parser/artifact_metadata_projection.c	zr_vm_parser	code	9d6900a9edcec3f5704b9ce16e8031662290835affa8716bebfa9ab2380fb298	reviewed	docs/code-review/coverage/zr_vm_parser_artifact_projections.tsv
zr_vm_parser/src/zr_vm_parser/artifact_projection.c	zr_vm_parser	code	ff45b2a5691221679cd486f0f3e1764798f787dd03227c12cc98342da7c815ff	pending	-
zr_vm_parser/src/zr_vm_parser/ast.c	zr_vm_parser	code	c446a1e2b6ac8086c7774289df7f646afe5bfa9d13230f73b087207f14a8870e	pending	-
zr_vm_parser/src/zr_vm_parser/attribute_contract.c	zr_vm_parser	code	c8378f68a0b23d86a30ee9715bf68bdf727e824dd4be87f3ed8d5cfcf793d369	pending	-
zr_vm_parser/src/zr_vm_parser/bound_expression.c	zr_vm_parser	code	4fe21ed00fb28d6dfb32f152daa2f391a47a09d3a3c10771bb5ce5c8b7a07c5c	pending	-
zr_vm_parser/src/zr_vm_parser/canonical_type.c	zr_vm_parser	code	8e976561ac0b1d5cd2cef1c553299b50a8ddaf7ba37a7f44498c87123109b4b7	pending	-
zr_vm_parser/src/zr_vm_parser/canonical_type_adapter.c	zr_vm_parser	code	efff1ab82234c9acb784cfedb2e381d4c6f9a64d5fe4f4dd90380525b9fe5edb	pending	-
zr_vm_parser/src/zr_vm_parser/canonical_type_definition.c	zr_vm_parser	code	5715d38c5c951bafc136f95a0a7ba1d0efd7a6d12336df62362378d009a5cd13	pending	-
zr_vm_parser/src/zr_vm_parser/canonical_type_definition_internal.h	zr_vm_parser	code	3773cd56460d2b697e06d471503aa7890f5ec3d9d04012caee4c4c7ddfe82d40	pending	-
zr_vm_parser/src/zr_vm_parser/canonical_type_format.c	zr_vm_parser	code	bfd4f2dceef0a94fa42ae4e1e529e4ffde97f51dd62630609e225112e2e684ec	pending	-
zr_vm_parser/src/zr_vm_parser/canonical_type_format_internal.h	zr_vm_parser	code	7fe5ed853e63cda217f55a465f86069cefa243a3217247c390a7f8afd0fde7fa	pending	-
zr_vm_parser/src/zr_vm_parser/canonical_type_index.c	zr_vm_parser	code	7c4d141fca730d6cf5a6684d49ada1c30764b3474833a023f46e596473867e53	pending	-
zr_vm_parser/src/zr_vm_parser/canonical_type_lifecycle.c	zr_vm_parser	code	1dd9dfa277b082c3a833428d822f56a3186295e8c6c8537b5e554a9cdf7d46ce	pending	-
zr_vm_parser/src/zr_vm_parser/canonical_type_projection.c	zr_vm_parser	code	d5e6f065c80bca92d049abbcb3f1e3e2aeba0cac8475dd8515052c04539320f7	pending	-
zr_vm_parser/src/zr_vm_parser/compiler.c	zr_vm_parser	code	53d764639ed801b310bc9dc02629e83ecebadc6860adb4061dba51c8bc2b8972	pending	-
zr_vm_parser/src/zr_vm_parser/compiler/compile_expression.c	zr_vm_parser	code	013714a415000050b69f5fe8a8c834a86c2a724330c24a07abf4f3a9382d777b	pending	-
zr_vm_parser/src/zr_vm_parser/compiler/compile_expression_call.c	zr_vm_parser	code	332481e1db54f118016dc05c60a515859120c855726645ef0e183d9a5d1ebf31	pending	-
zr_vm_parser/src/zr_vm_parser/compiler/compile_expression_contiguous_view.c	zr_vm_parser	code	e893e08c979e15482d15850eb4ac776e1cfdeb09f69fb40a5768d664baa8ef07	pending	-
zr_vm_parser/src/zr_vm_parser/compiler/compile_expression_contiguous_view.h	zr_vm_parser	code	0952fb7338f855253683c4212b251fe3bda71afa7e09a57978210c4ad4215b52	pending	-
zr_vm_parser/src/zr_vm_parser/compiler/compile_expression_internal.h	zr_vm_parser	code	b14ab34e0266f6e31d4f0c2679ff8618ca29cbfbe94c1fa90673b93218129fc2	pending	-
zr_vm_parser/src/zr_vm_parser/compiler/compile_expression_lambda.c	zr_vm_parser	code	96dead29ed2b433c4995415a1e097e2486c9522686a30018540e99bc1f14c079	pending	-
zr_vm_parser/src/zr_vm_parser/compiler/compile_expression_logical.c	zr_vm_parser	code	1a796fce16e2081964437a51e540b43887677c48a946ccdb3342894faa471960	pending	-
zr_vm_parser/src/zr_vm_parser/compiler/compile_expression_ownership_intrinsic.c	zr_vm_parser	code	b9d8f335595488112d755c960ce25f0710863a146626a9ff4978e738e280758f	pending	-
zr_vm_parser/src/zr_vm_parser/compiler/compile_expression_receiver_guard.c	zr_vm_parser	code	650f8e678b3df4ababab15564a38ef93593ba41393ab9894ddc61013d02e1f5d	pending	-
zr_vm_parser/src/zr_vm_parser/compiler/compile_expression_spread.c	zr_vm_parser	code	d149ff4d2cce9b03fc99631e0f87d3e7ee49b8f4151a3a62791d35f364517799	pending	-
zr_vm_parser/src/zr_vm_parser/compiler/compile_expression_support.c	zr_vm_parser	code	f402a1c48141281c92a0ed462412f883515062604693b6f07a0774a860a2ae98	pending	-
zr_vm_parser/src/zr_vm_parser/compiler/compile_expression_types.c	zr_vm_parser	code	fd319ccb1256053dc63676e1cba42077dc76529e3b3fe7562dd47bc6907e2007	pending	-
zr_vm_parser/src/zr_vm_parser/compiler/compile_expression_union.c	zr_vm_parser	code	cc4a393773bde251690dd9fa97b44eccb541c3ecac8a72e92442945cf641c593	pending	-
zr_vm_parser/src/zr_vm_parser/compiler/compile_expression_value_construct.c	zr_vm_parser	code	a4dd353fb413bca9a1467d8835d025fc3c39de109d97e88c1dc9a53d8ca4bfcf	pending	-
zr_vm_parser/src/zr_vm_parser/compiler/compile_expression_values.c	zr_vm_parser	code	024ab845cf633a6640b0755b34c1c8d5056f5559e29bd20027b9f92dfde93f73	pending	-
zr_vm_parser/src/zr_vm_parser/compiler/compile_ir_cache.c	zr_vm_parser	code	bf887907431b53f5393160b1463d6eef7f5f044dc36283039a108c4cd1970cb1	pending	-
zr_vm_parser/src/zr_vm_parser/compiler/compile_optimization_profile.c	zr_vm_parser	code	0a6885e256d5a00674d5486dab3c4390d4afeb951d6fe0190828330e7c5da21f	pending	-
zr_vm_parser/src/zr_vm_parser/compiler/compile_statement.c	zr_vm_parser	code	3d0d7ad6d983f5b2840ec0849bc67fd3e5d1b330e26772a6c0f834024945e723	pending	-
zr_vm_parser/src/zr_vm_parser/compiler/compile_statement_flow.c	zr_vm_parser	code	8708e4a9e12411851ca9a33a8812e50ccb1ba0b21faf4799f590aecd5efec7d1	pending	-
zr_vm_parser/src/zr_vm_parser/compiler/compile_statement_for.c	zr_vm_parser	code	a8239807f1e665e6e83c712dd3b88d434314c095324b147818c46fcf7ef0751b	pending	-
zr_vm_parser/src/zr_vm_parser/compiler/compile_statement_foreach.c	zr_vm_parser	code	91592978e99790b9470f5575c96e692c6afd6c81594893cf2d71afce8d103afd	pending	-
zr_vm_parser/src/zr_vm_parser/compiler/compile_statement_internal.h	zr_vm_parser	code	2bd5402034156b4a52fa3730a2b43c858aa263d3a961d44a2fc582a4f469f83a	pending	-
zr_vm_parser/src/zr_vm_parser/compiler/compile_statement_try.c	zr_vm_parser	code	4816df349de1c2ea28d521e6f27e8965d7a146bcdb7dd430b1fc6a93af0eb50e	pending	-
zr_vm_parser/src/zr_vm_parser/compiler/compile_statement_union_switch_validation.c	zr_vm_parser	code	2b952081f88dca274aea0c597985bc07e067ecf31627c0f9befd041b105a47e6	pending	-
zr_vm_parser/src/zr_vm_parser/compiler/compile_statement_union_switch_validation.h	zr_vm_parser	code	ee653569fcc446f6292a20f3f03a11c69fb62d3e7d28dfaa2ccdd7fed7384973	pending	-
zr_vm_parser/src/zr_vm_parser/compiler/compile_statement_while.c	zr_vm_parser	code	e084575ad5af0ee5a9bf9ddabe59ecee1ab09d9c05c9e47bf9289326df8ba18e	pending	-
zr_vm_parser/src/zr_vm_parser/compiler/compile_time_binding_metadata.c	zr_vm_parser	code	834fc699839cff6f8c93895db8fdda9ed8fb23208738e8190a4d41f01cccfcb9	pending	-
zr_vm_parser/src/zr_vm_parser/compiler/compile_time_binding_metadata.h	zr_vm_parser	code	f8dfcb682826cc2e87b46c24c14465d1f7a64efd4585152871041b3945698d4e	pending	-
zr_vm_parser/src/zr_vm_parser/compiler/compile_time_declaration_patch_attributes.c	zr_vm_parser	code	0a3510e5a529d3137c54d18a2c3b1ccde24be0eb7ada6502fb71494a133107eb	pending	-
zr_vm_parser/src/zr_vm_parser/compiler/compile_time_declaration_patch_attributes.h	zr_vm_parser	code	8a3cee20fd7aadd6c153647ac72da97b6094cdb2874fadc75c0544a10429ebe6	pending	-
zr_vm_parser/src/zr_vm_parser/compiler/compile_time_declaration_patch_diagnostics.c	zr_vm_parser	code	29ec91ff9a4b45e3bde44b45e6281bb3d1f2f831129d9cf476ac97f8f7f6ddde	pending	-
zr_vm_parser/src/zr_vm_parser/compiler/compile_time_declaration_patch_diagnostics.h	zr_vm_parser	code	bcbc0aaadfc08592e199a353a1d129a790e4619e1912eed2cc782a856bae37a1	pending	-
zr_vm_parser/src/zr_vm_parser/compiler/compile_time_declaration_patch_interfaces.c	zr_vm_parser	code	fedc3b40ac80ad72c126e09248ebd7ae995f1b655c1306a1578dd46f0f0d51bf	pending	-
zr_vm_parser/src/zr_vm_parser/compiler/compile_time_declaration_patch_interfaces.h	zr_vm_parser	code	2745854f6f12d28ad53adf9ebe32bdfba5bc6fcedc94c111eadb5d16276e3deb	pending	-
zr_vm_parser/src/zr_vm_parser/compiler/compile_time_declaration_patch_transaction.c	zr_vm_parser	code	8e071c9032a0d108fbd424d72d5f264584407c80239efc4352b3ee8dca4905aa	pending	-
zr_vm_parser/src/zr_vm_parser/compiler/compile_time_declaration_patch_transaction.h	zr_vm_parser	code	6efdf040f654164cd450ef580f321c367f298d3041ef63d421e959772ce9ae17	pending	-
zr_vm_parser/src/zr_vm_parser/compiler/compile_time_decorator_identity.c	zr_vm_parser	code	926b8be385097609a68daf8f365e2aa7c5e476afeb6efafb22c0b38b5e2a1a66	pending	-
zr_vm_parser/src/zr_vm_parser/compiler/compile_time_decorator_identity.h	zr_vm_parser	code	f67caddfb1baae13bff810b649f6aed96ae9ee4f8d0445d79827f2fc153ed881	pending	-
zr_vm_parser/src/zr_vm_parser/compiler/compile_time_executor.c	zr_vm_parser	code	a386ab1c6389e7b2571f702925cffa31a39d8a723422a8f2f7d1b7c4b2f7b5d7	pending	-
zr_vm_parser/src/zr_vm_parser/compiler/compile_time_executor_internal.h	zr_vm_parser	code	ff5544d51b2872b81a5cff50556b0bd52f4e725f3414238510e6a5f6bc2a673d	pending	-
zr_vm_parser/src/zr_vm_parser/compiler/compile_time_executor_support.c	zr_vm_parser	code	98c9d170697a19ab6bc2dcf1255fed95c7447055d9725f537df6400da6ee5f20	pending	-
zr_vm_parser/src/zr_vm_parser/compiler/compile_time_import.h	zr_vm_parser	code	0985648805c16346a00089468edc3dbe4e03a8515d7faabcd2c2f5fc216a9f3b	pending	-
zr_vm_parser/src/zr_vm_parser/compiler/compile_time_late_check.c	zr_vm_parser	code	f07ef115a7f72c4689506796e3f4d53c84c43e48171f8281319819d2dc45d833	pending	-
zr_vm_parser/src/zr_vm_parser/compiler/compile_tool_artifact.c	zr_vm_parser	code	be6088bd1d1267b2e1430c05e7c37d6f1729e9fe1f8c6a44523bef9ce5f68c59	pending	-
zr_vm_parser/src/zr_vm_parser/compiler/compile_tool_binding.c	zr_vm_parser	code	0851279d7454bbd3233060a060457620aeb05d0e4b6332e626c66f609c664287	pending	-
zr_vm_parser/src/zr_vm_parser/compiler/compile_tool_binding.h	zr_vm_parser	code	1139181cc9912b55eb525746026ee03a8965f4355bfa2ede3e89dd0f11cd836a	pending	-
zr_vm_parser/src/zr_vm_parser/compiler/compile_tool_content_hash.c	zr_vm_parser	code	024faf22b3f744ad17421c42750e34842d876de437e39345d2dacdc74d5e8f53	pending	-
zr_vm_parser/src/zr_vm_parser/compiler/compile_tool_content_hash.h	zr_vm_parser	code	a63f5f08a8effaa2ce2e6e1b9bae9c434812eb311e8f8a7d5320fd8e15a4227c	pending	-
zr_vm_parser/src/zr_vm_parser/compiler/compile_tool_descriptor.c	zr_vm_parser	code	a7cb4b809f81f3edf5443cd490991df26e4f8747446dc688a2e283ae8e6ac1af	pending	-
zr_vm_parser/src/zr_vm_parser/compiler/compile_tool_evaluator.c	zr_vm_parser	code	3fee87be700adfaa8ab90eb9001b8cee08c7a00bac7c0b72e0ca5d735af58354	pending	-
zr_vm_parser/src/zr_vm_parser/compiler/compile_tool_evaluator.h	zr_vm_parser	code	58ba30d9f149716e4332624c771987c0512eaf1fa6c7974651a5ac716912e0d0	pending	-
zr_vm_parser/src/zr_vm_parser/compiler/compile_tool_execution_scope.c	zr_vm_parser	code	a80bb46d2b77f6bb443554e3b8d95e3094b2ea43d8dd47830470f95c6fd03fd3	pending	-
zr_vm_parser/src/zr_vm_parser/compiler/compile_tool_execution_scope.h	zr_vm_parser	code	89d4fe8f3d251fb27385061e415f77912bb60aa03147b437052394ef42444b7c	pending	-
zr_vm_parser/src/zr_vm_parser/compiler/compile_tool_project_provider.c	zr_vm_parser	code	9a04fd0777e5c9e15f124c4752ad44384b2f4f23d35dc8de25d4d47e8bcb8868	pending	-
zr_vm_parser/src/zr_vm_parser/compiler/compile_tool_project_provider.h	zr_vm_parser	code	36f7a72e1f91dd44f92c94704a0d7260bf750fe391f14d7598ba495e1afdf67d	pending	-
zr_vm_parser/src/zr_vm_parser/compiler/compiler_attribute_binding.c	zr_vm_parser	code	342e39d69c03deaaa27bd1b6638c03b979f63d18ae9519657166ecbb72d26acf	pending	-
zr_vm_parser/src/zr_vm_parser/compiler/compiler_attribute_binding.h	zr_vm_parser	code	8c44314a415998984ac13312917739c60d04720bb931b57242955d0a6829b094	pending	-
zr_vm_parser/src/zr_vm_parser/compiler/compiler_bindings.c	zr_vm_parser	code	2238c497c5a720b6e46654b64f2c337f0fe553bb6283665c8043b09c0a56e0a5	pending	-
zr_vm_parser/src/zr_vm_parser/compiler/compiler_call_binding.c	zr_vm_parser	code	d8c5d921aa5dd978f017823bc921329b1f45390d443702cefa0c1baa07bd7919	pending	-
zr_vm_parser/src/zr_vm_parser/compiler/compiler_call_binding.h	zr_vm_parser	code	b126da1a7119083a3b2488d11cb1494f8196dbea3116eadf0a0bc5b0dffc99ff	pending	-
zr_vm_parser/src/zr_vm_parser/compiler/compiler_callable_binding_refinement.c	zr_vm_parser	code	1eaacf76ebcce4539e368b6a660d8af730c777931c89f31389a411ebdc57613c	pending	-
zr_vm_parser/src/zr_vm_parser/compiler/compiler_callable_return_inference.c	zr_vm_parser	code	c47fdadc0292aea764950f030f9e453746f18871a195c17096c5cc23694714ea	pending	-
zr_vm_parser/src/zr_vm_parser/compiler/compiler_class.c	zr_vm_parser	code	ce434c60425efe6605a7ded2f3feb75d0fec0d9d7f15c97a955ad077b49c9b2c	pending	-
zr_vm_parser/src/zr_vm_parser/compiler/compiler_class_member.c	zr_vm_parser	code	1de8cc6c506108d8d6712e8ae4f36d44b85bbf1ea18301a2e87b2063b8fb963a	pending	-
zr_vm_parser/src/zr_vm_parser/compiler/compiler_class_ownership.c	zr_vm_parser	code	1524be412f1a16b5a04237e4cea6fd132ce6be1aa99ab432090ba8d7fc251840	pending	-
zr_vm_parser/src/zr_vm_parser/compiler/compiler_class_support.c	zr_vm_parser	code	c79f9161f002129b3e8c58de3f32cda693bc8b6aaf9bdbcf708127029c012232	pending	-
zr_vm_parser/src/zr_vm_parser/compiler/compiler_closure.c	zr_vm_parser	code	02ea9df0fbe84699e1c7838acc725ced0e31a4b940eedb3f9320786234897ae8	pending	-
zr_vm_parser/src/zr_vm_parser/compiler/compiler_control_flow.c	zr_vm_parser	code	691ba58ae304d0e613a9cd1af3b3c4eaa0a9a0ba8078ba9cd236facc2673dd1d	pending	-
zr_vm_parser/src/zr_vm_parser/compiler/compiler_declaration_transform.c	zr_vm_parser	code	8d22d8beef82dd8620d1b559091a13cbfa16a9e4177c4445f3449f1ac80f3049	pending	-
zr_vm_parser/src/zr_vm_parser/compiler/compiler_declaration_transform.h	zr_vm_parser	code	2e774827d0dbdccf2b01a25b99da951e4a25a1bf72a2806ee62f9c9d6f726532	pending	-
zr_vm_parser/src/zr_vm_parser/compiler/compiler_decorator_contract.c	zr_vm_parser	code	35035299c6c7f55248cf97b586b2aa209b58d8cae52d1ff7e73a387c78f0dab8	pending	-
zr_vm_parser/src/zr_vm_parser/compiler/compiler_decorator_contract.h	zr_vm_parser	code	3678cda41b0a6dca1496bf9c3e0a026c68ff61d0bd741b34a6b2ba1701925876	pending	-
zr_vm_parser/src/zr_vm_parser/compiler/compiler_diagnostics.c	zr_vm_parser	code	b4d2d2099b140e3f0e22f4c9112608e873f4ccbe9b84584d934c1efbd85888b5	pending	-
zr_vm_parser/src/zr_vm_parser/compiler/compiler_extern_callable_decorators.c	zr_vm_parser	code	5d4087ad335113d18ad3c511c61c14c14ff6f240a6bcaeb2daadebea86abdfac	pending	-
zr_vm_parser/src/zr_vm_parser/compiler/compiler_extern_declaration.c	zr_vm_parser	code	4d4be2bafc0855eda12263e6b676e2b848c4617b85b93dc0be022617879e728c	pending	-
zr_vm_parser/src/zr_vm_parser/compiler/compiler_extern_decorator_diagnostics.c	zr_vm_parser	code	6528c3319b42ba7ff8455f0d1b482118a070796ec1ab5037e91a068ea93c8a1c	pending	-
zr_vm_parser/src/zr_vm_parser/compiler/compiler_extern_decorator_diagnostics.h	zr_vm_parser	code	569acdad5f69c1ec6f189255b35f3f42407601f7326a139377118a5d2b543724	pending	-
zr_vm_parser/src/zr_vm_parser/compiler/compiler_extern_descriptors.c	zr_vm_parser	code	4329aab84ef6dbab3c13580254a26db5a7e19ee5e0aca06dbf42a486c43d8ec0	pending	-
zr_vm_parser/src/zr_vm_parser/compiler/compiler_extern_emit.c	zr_vm_parser	code	0717376afa197adc7b1b666709a61f152884ad5601f8ab2ca0c5a185ec7a4ab1	pending	-
zr_vm_parser/src/zr_vm_parser/compiler/compiler_extern_enum_decorators.c	zr_vm_parser	code	dd48189c7fba7e3b31594bece60310acf70986dbbe39221f072388b013070f1c	pending	-
zr_vm_parser/src/zr_vm_parser/compiler/compiler_extern_helpers.c	zr_vm_parser	code	13198d92b0da35e6a43e095a7b0ed530ad258a6bc75e79be7e9395a6f0baf59d	pending	-
zr_vm_parser/src/zr_vm_parser/compiler/compiler_extern_parameter_decorators.c	zr_vm_parser	code	8b2252fc5f30708c58f738a3873aa36b7b03f757a059595d6e50c9098399e5bf	pending	-
zr_vm_parser/src/zr_vm_parser/compiler/compiler_extern_parameter_decorators.h	zr_vm_parser	code	61cbd46436606317dc6325e176d5a2023df88eb7260a6960a3165eab2ca30574	pending	-
zr_vm_parser/src/zr_vm_parser/compiler/compiler_extern_struct_decorators.c	zr_vm_parser	code	7d0a084d666fff5baad52dbef81d7a58f080b12f8fa8c9d3126cc551acfe5cfe	pending	-
zr_vm_parser/src/zr_vm_parser/compiler/compiler_ffi_callable_contract.c	zr_vm_parser	code	3f58f92c13a9dbca7eaa7c8fa7e6bef162ca74c1b0c0c82812f87e1ebe82f20b	pending	-
zr_vm_parser/src/zr_vm_parser/compiler/compiler_ffi_callable_contract.h	zr_vm_parser	code	34ebf4270f71d81ecddcb531da2c76fb3993ea8b9596703c3809de9e27a97c52	pending	-
zr_vm_parser/src/zr_vm_parser/compiler/compiler_ffi_contract.c	zr_vm_parser	code	a95c7affe36d9f3de705e99bfaf2db9e655a755fcbd640716c44877810db6953	pending	-
zr_vm_parser/src/zr_vm_parser/compiler/compiler_ffi_wrapper_decorators.c	zr_vm_parser	code	5a8c11e4f8f00e0ad9890b8ec77c245db0fd9657afa166b512fa65511d13ec5d	pending	-
zr_vm_parser/src/zr_vm_parser/compiler/compiler_ffi_wrapper_decorators.h	zr_vm_parser	code	073eba1c32f87063bb7b5507ac72ad703cfd5d6c798ff9c0fdb4264f1cf7231f	pending	-
zr_vm_parser/src/zr_vm_parser/compiler/compiler_function.c	zr_vm_parser	code	46bdf3531cbc0141506332742b8ab6869fa2039cdaf7bbad3492c564cb2f71b4	pending	-
zr_vm_parser/src/zr_vm_parser/compiler/compiler_function_assembly.c	zr_vm_parser	code	91a3fdc481b0aca005ab6ee3c3ab35adb8876178f46eb1b769101b2b8a4a68d8	pending	-
zr_vm_parser/src/zr_vm_parser/compiler/compiler_generic_semantics.c	zr_vm_parser	code	7faa17de41b3f21545739775011fe801d2c3e38356b05646bffe6925c49dc7fc	pending	-
zr_vm_parser/src/zr_vm_parser/compiler/compiler_instruction.c	zr_vm_parser	code	355f122bfd8a12738e4855a893e2524c8866b3df3e0576eed02a3fbea933512d	pending	-
zr_vm_parser/src/zr_vm_parser/compiler/compiler_interface.c	zr_vm_parser	code	fea55aab851622b739d0fc3183731c2325a20cf8b2c390d3405955c5da683547	pending	-
zr_vm_parser/src/zr_vm_parser/compiler/compiler_interface_contracts.c	zr_vm_parser	code	c26141e898e5f8bf0286a931d306c47d7a9fcaae929a9660ce23474a60dfc6a7	pending	-
zr_vm_parser/src/zr_vm_parser/compiler/compiler_interface_contracts.h	zr_vm_parser	code	cbfebf3e110d2703089e208bb716d36dda3003802d2c6c558f16cf29952f2daa	pending	-
zr_vm_parser/src/zr_vm_parser/compiler/compiler_internal.h	zr_vm_parser	code	a84cc395e1536b782ed7db516ba23ec33555ab4e4faace975507127a22abe477	pending	-
zr_vm_parser/src/zr_vm_parser/compiler/compiler_locals.c	zr_vm_parser	code	f1315412bf566f8f9cb56b28d8a0fbf921f5077680850d970ceb0ad0651080c2	pending	-
zr_vm_parser/src/zr_vm_parser/compiler/compiler_meta_function.c	zr_vm_parser	code	e9d60f9d592e1928e9abd89f0914f449057ab7b6b26497083a25be1a9900c9d6	pending	-
zr_vm_parser/src/zr_vm_parser/compiler/compiler_metadata_module_hash.c	zr_vm_parser	code	f7ecac1c197c1d4dc6e00eefcdc62484df535f88c27664be7d7ed52777e92061	pending	-
zr_vm_parser/src/zr_vm_parser/compiler/compiler_metadata_module_hash.h	zr_vm_parser	code	4cbe491b4c7384952e64035471f39d4cb0223259803522c708407232e1e2fe39	pending	-
zr_vm_parser/src/zr_vm_parser/compiler/compiler_metadata_module_record.c	zr_vm_parser	code	f93e3c100f467e3fc08ab67369aeffc5fbed48de9220bd1c2c29cf3a6fb79c9f	pending	-
zr_vm_parser/src/zr_vm_parser/compiler/compiler_metadata_module_record.h	zr_vm_parser	code	8b9d7c4d915f9fb32da4625fcf1672a80e178ccc7b6a5c464c43cc2b3a3603eb	pending	-
zr_vm_parser/src/zr_vm_parser/compiler/compiler_metadata_ref.c	zr_vm_parser	code	965206ccc51fd25e2c6605db47a9e55fe7e81dc15bbbeef8568067b83b571d01	pending	-
zr_vm_parser/src/zr_vm_parser/compiler/compiler_metadata_ref.h	zr_vm_parser	code	75076c953f6dbe482abb2403714279835ee81048fe4d60d294bd5e770ae2d61b	pending	-
zr_vm_parser/src/zr_vm_parser/compiler/compiler_metadata_signature.c	zr_vm_parser	code	3131d0f8ffab683091f583d9339b1b2e50a2e607b9495d8a1ba84acf802e842e	pending	-
zr_vm_parser/src/zr_vm_parser/compiler/compiler_metadata_signature.h	zr_vm_parser	code	52166625fac2d9264b71e8aab56ee3f687c79a034b1032d0c543291cf20c2746	pending	-
zr_vm_parser/src/zr_vm_parser/compiler/compiler_metadata_token.c	zr_vm_parser	code	eda539d52b53a0dc4ede9ee97cc856684d186ca82d933514cc2e85617d10d476	pending	-
zr_vm_parser/src/zr_vm_parser/compiler/compiler_metadata_type_def.c	zr_vm_parser	code	18dd5271b73c6ed16e61c6014cb0b632d85212b03f53e8db166cb9867088a001	pending	-
zr_vm_parser/src/zr_vm_parser/compiler/compiler_metadata_type_def.h	zr_vm_parser	code	d9a1fb7974ebc3a52f34cce50f8e1e494417891acf8a7b69f6f2f06a4c0ed7a1	pending	-
zr_vm_parser/src/zr_vm_parser/compiler/compiler_metadata_type_def_layout.c	zr_vm_parser	code	a372271d396f3560e992efb146253524c987204351f201dab0b6a4bfa4b50bf4	pending	-
zr_vm_parser/src/zr_vm_parser/compiler/compiler_metadata_type_def_layout.h	zr_vm_parser	code	ff4dcdab4b80e1edd7ea0a279634cadfb63d81a5e95b7892b4b7686adad266e1	pending	-
zr_vm_parser/src/zr_vm_parser/compiler/compiler_metadata_type_ref.c	zr_vm_parser	code	981b0bff536d7f831d3f2f6d6d6485823585ca6deb0ca9a0c919f416219f5efd	pending	-
zr_vm_parser/src/zr_vm_parser/compiler/compiler_metadata_type_ref.h	zr_vm_parser	code	6b26ce19aabb7def3aad245a9c05006bb6ec6d0bb246b07dc0e316374752c8a4	pending	-
zr_vm_parser/src/zr_vm_parser/compiler/compiler_metadata_type_spec.c	zr_vm_parser	code	a25f6b268d769c7641d68122320681f6237d9d78121fa973953853a8b1579f21	pending	-
zr_vm_parser/src/zr_vm_parser/compiler/compiler_metadata_type_spec.h	zr_vm_parser	code	2dd4e880b71453b53dfa15c473a31c196a3156748ee2ee21c9cf46a09dec9789	pending	-
zr_vm_parser/src/zr_vm_parser/compiler/compiler_module_call_binding.c	zr_vm_parser	code	892d5c5d0ab1cbc8427ed9e2add7a16d81f64e4636e7da8dc890ee5793434596	pending	-
zr_vm_parser/src/zr_vm_parser/compiler/compiler_native_call_binding.c	zr_vm_parser	code	c139320217be49abc147dc8cf8af687dde1caca3107f1c3a8823223bba6a749e	pending	-
zr_vm_parser/src/zr_vm_parser/compiler/compiler_native_call_binding.h	zr_vm_parser	code	c43e615a7adc4cc080bfe541c54a45b0fbc178c12eab4b84529bdd07c28fbfa5	pending	-
zr_vm_parser/src/zr_vm_parser/compiler/compiler_optimize.c	zr_vm_parser	code	c90f266bb85bff52f8133e50ebba33f0b3f16e6dfd6dfd340ee39b0168aabb98	pending	-
zr_vm_parser/src/zr_vm_parser/compiler/compiler_out_definite_assignment.c	zr_vm_parser	code	8a580b7e889895b0b2d30bb6e63670a8f7c8d4fde1bb7fcf492c76ee5095b3ae	pending	-
zr_vm_parser/src/zr_vm_parser/compiler/compiler_out_definite_assignment_flow.c	zr_vm_parser	code	fad06909c0aa4b5cead0bc616f82c3c29506ea695d6675d07bd52e02143a9607	pending	-
zr_vm_parser/src/zr_vm_parser/compiler/compiler_out_definite_assignment_internal.h	zr_vm_parser	code	8ed04933f757c140032912de2e62f0b5e1ce0b1a94dedbfdbc007b6deb9e0b25	pending	-
zr_vm_parser/src/zr_vm_parser/compiler/compiler_parameter_metadata.c	zr_vm_parser	code	573d9488d3d90f85b88b78dda23def53dc39a1815bc59b5ffc98c862eca6ca40	pending	-
zr_vm_parser/src/zr_vm_parser/compiler/compiler_parameter_metadata.h	zr_vm_parser	code	83f163435c892e0191b918dbc15964c1024d47a12709cd8353cf0d9073d55ef5	pending	-
zr_vm_parser/src/zr_vm_parser/compiler/compiler_property.c	zr_vm_parser	code	68c6f868947999439d5dbf9a2fbf041be3bb8d26c51524abb693f1fe6126b019	pending	-
zr_vm_parser/src/zr_vm_parser/compiler/compiler_property.h	zr_vm_parser	code	d0b5cefd81825600b2ba40f6fa799196b71650f0f1acebb90a673e021a705bf8	pending	-
zr_vm_parser/src/zr_vm_parser/compiler/compiler_property_requirements.c	zr_vm_parser	code	b60b2f5aa8fd47634a8b4fc5a4694abdaca633aaac5ff0d023ea654b5afd556f	pending	-
zr_vm_parser/src/zr_vm_parser/compiler/compiler_quickening.c	zr_vm_parser	code	d5b449d7f4d005c0f8a81e396345d8f4df0791b04a4e93f2460b74d9e751ef9f	pending	-
zr_vm_parser/src/zr_vm_parser/compiler/compiler_receiver_effect.c	zr_vm_parser	code	32f6f37555b700e770905f6d1db9376c60818e6a7eba737ea4d073bb74d4d1cd	pending	-
zr_vm_parser/src/zr_vm_parser/compiler/compiler_ref_struct_rules.c	zr_vm_parser	code	17cd66e7308eae0ba5346dace3a11f0380e7f658e0d3744114157d33b64f99a9	pending	-
zr_vm_parser/src/zr_vm_parser/compiler/compiler_reference_escape.c	zr_vm_parser	code	4f37b6fdd073279763493b40685b23f999f27881c2c1303f646562ea7bce64b3	pending	-
zr_vm_parser/src/zr_vm_parser/compiler/compiler_reference_escape_internal.h	zr_vm_parser	code	4a191d1a04c12c6f12d06da50e28b68556a35d5720e44ad2029f850c5da250a0	pending	-
zr_vm_parser/src/zr_vm_parser/compiler/compiler_reference_escape_statements.c	zr_vm_parser	code	b2f913ded8c96497ba9863502498b9de997915fa65db5edd18b9521aec81fff5	pending	-
zr_vm_parser/src/zr_vm_parser/compiler/compiler_scheduler_artifact.c	zr_vm_parser	code	c1cf1fd8945fa6111c287153856506a07d91c0bd115c229b9d05f16f1c83c926	pending	-
zr_vm_parser/src/zr_vm_parser/compiler/compiler_scope.c	zr_vm_parser	code	1628783fbfd6e388163446276159524809a67c545cf97ffd125b754248631db9	pending	-
zr_vm_parser/src/zr_vm_parser/compiler/compiler_semantic_cfg.c	zr_vm_parser	code	761b9ff4862761bb16132980343ddb156217b08fc88570091aa25055065914fd	pending	-
zr_vm_parser/src/zr_vm_parser/compiler/compiler_semantic_cfg_catch_dispatch.c	zr_vm_parser	code	51a7dfa031fb15c566602c50f1e7a9385db67c792ac0fbf5cde610173e8153ee	pending	-
zr_vm_parser/src/zr_vm_parser/compiler/compiler_semantic_cfg_finalize.c	zr_vm_parser	code	671fd8ad7445d80ee1feb2a084584ac8ada0f693e3bd8e73c965411b8023bab6	pending	-
zr_vm_parser/src/zr_vm_parser/compiler/compiler_semantic_cfg_finally.c	zr_vm_parser	code	331c13f45b711f37f48d3174a93c3419f2fe5ee6045558f88df7226be9b06450	pending	-
zr_vm_parser/src/zr_vm_parser/compiler/compiler_semantic_cfg_loop.c	zr_vm_parser	code	ad2818ae9ab2bc30c65d4f3331eca49c49a0de1655b02298f23944559ce9cca1	pending	-
zr_vm_parser/src/zr_vm_parser/compiler/compiler_semantic_cfg_try.c	zr_vm_parser	code	2d0aeba2995be875a78a82530c15d5aff4a3759a0a0cbc32c36fb4dd2bb0c2a1	pending	-
zr_vm_parser/src/zr_vm_parser/compiler/compiler_semantic_ir.c	zr_vm_parser	code	1172e5636c0262bf2b95b9afd96c489b28eaeb921ee14fa67fb87ebf39968a8a	pending	-
zr_vm_parser/src/zr_vm_parser/compiler/compiler_semantic_ir_call.c	zr_vm_parser	code	810409abc24a6da99ed40cd2da9325aaafe6ddffa5b54139855f916875a0a0c3	pending	-
zr_vm_parser/src/zr_vm_parser/compiler/compiler_semantic_ir_optional.c	zr_vm_parser	code	385c1a4a4b292cbb0a87682f3943ed61c4120cbeef95ec8fc5b7262fcb6c8fec	pending	-
zr_vm_parser/src/zr_vm_parser/compiler/compiler_semantic_query_diagnostics.c	zr_vm_parser	code	15308f578be55e4bf621a73f856ce4bb6e7a782b7c30a57753e5f632c8191043	pending	-
zr_vm_parser/src/zr_vm_parser/compiler/compiler_semantic_relations.c	zr_vm_parser	code	145d6669c74de8986011ac3ac3cec1f3b759aa5ecb8504140e870708d3ed20b0	pending	-
zr_vm_parser/src/zr_vm_parser/compiler/compiler_semir.c	zr_vm_parser	code	1f6ad1ad5ccee4c83478d43825554e7739df40a98e40872ebaf25a4b42325a4f	pending	-
zr_vm_parser/src/zr_vm_parser/compiler/compiler_state.c	zr_vm_parser	code	c2fef97ee6447bff8dbc34a9b8ca70496e516073d0d1fbd9b9f52dd298fee18e	pending	-
zr_vm_parser/src/zr_vm_parser/compiler/compiler_struct.c	zr_vm_parser	code	fb376fa4e6af4ec09f38c562968cc82b4728303c16ed1a68762b84abd72eb681	pending	-
zr_vm_parser/src/zr_vm_parser/compiler/compiler_submission.c	zr_vm_parser	code	e931d4773606d359ccb5b5754c1e56e72b21d4742396d06ed05d05ed5a6dfcdb	pending	-
zr_vm_parser/src/zr_vm_parser/compiler/compiler_task_effects.c	zr_vm_parser	code	12d612b75323458d63ffcd2d688504f219ad6f11cb91813b19aabd9bdbf54d50	pending	-
zr_vm_parser/src/zr_vm_parser/compiler/compiler_task_effects_declarations.c	zr_vm_parser	code	f2f967442274dc5c802329f63c15270ec16477049deb8251b68d85eaac48f1bd	pending	-
zr_vm_parser/src/zr_vm_parser/compiler/compiler_task_effects_internal.h	zr_vm_parser	code	5676a443e866bd2cbd1239671a363d55932df0ceb1f21af8ca8bae06423b6223	pending	-
zr_vm_parser/src/zr_vm_parser/compiler/compiler_test.c	zr_vm_parser	code	c645a7e35006ac73e8260826c788e34ccac70d6eb56375f5a64627f856191cd8	pending	-
zr_vm_parser/src/zr_vm_parser/compiler/compiler_top_level_duplicate.c	zr_vm_parser	code	d2e0cfbd90d794da0303b4f6347ea92707334f97915cbd2a4d3ed62d17e66ba8	pending	-
zr_vm_parser/src/zr_vm_parser/compiler/compiler_top_level_duplicate.h	zr_vm_parser	code	28831beeeb45dda38f4edc377ee985899531291cda2e5a828f2aef398a1eb27e	pending	-
zr_vm_parser/src/zr_vm_parser/compiler/compiler_type_member.c	zr_vm_parser	code	cb94b53c13b19361c94be8c83038c52eadf582f2e236ec07e33768a618ff46bf	pending	-
zr_vm_parser/src/zr_vm_parser/compiler/compiler_typed_call_binding.c	zr_vm_parser	code	476efdfd2c09c8891c80384a50d43d0309445756127a167c62e6039a658837e1	pending	-
zr_vm_parser/src/zr_vm_parser/compiler/compiler_typed_call_binding.h	zr_vm_parser	code	334b7af0584f043821fde51e35212d6ff6bf22115bd5255bcc98d5fc4e87b8bd	pending	-
zr_vm_parser/src/zr_vm_parser/compiler/compiler_typed_closure_metadata.c	zr_vm_parser	code	3c6559fdbf172a535579d8e2de243836dad294d6849d72796d8e92ccb7dfd500	pending	-
zr_vm_parser/src/zr_vm_parser/compiler/compiler_typed_export_generics.c	zr_vm_parser	code	2aecb8438714e551e6daaadf75a43d11704a4d6a5bbf328b089f241685ef26b5	pending	-
zr_vm_parser/src/zr_vm_parser/compiler/compiler_typed_export_generics.h	zr_vm_parser	code	86acda9db85e1066e58aa3a3cb7ddcc607150507e8fe7f09c6cfdd08eecf5aa3	pending	-
zr_vm_parser/src/zr_vm_parser/compiler/compiler_typed_metadata.c	zr_vm_parser	code	28d748451449d5cba825498241f28c2e65d6cc5669d6d70580d78279f78e6e2b	pending	-
zr_vm_parser/src/zr_vm_parser/compiler/compiler_union.c	zr_vm_parser	code	d776ab49ed44a5772e61ff6240f7b01933d2e8b8c9acf327f792637d7cf288c3	pending	-
zr_vm_parser/src/zr_vm_parser/compiler/compiler_union_canonical.c	zr_vm_parser	code	a66e1337068226ec24d3e9417fafd7377031ce49a0a7cc99664206f16a45b950	pending	-
zr_vm_parser/src/zr_vm_parser/compiler/compiler_union_canonical.h	zr_vm_parser	code	d627e38a77d8909b54ce9b47fa1d8b82df751b1fe411d627fd44361f951f0ae4	pending	-
zr_vm_parser/src/zr_vm_parser/compiler/compiler_using_plugin_guard_escape.c	zr_vm_parser	code	3b75377184e5f48af29e6e0d9f406bea0c8a5eaa2b4878b65902a06263ce887c	pending	-
zr_vm_parser/src/zr_vm_parser/compiler/compiler_using_plugin_guard_escape.h	zr_vm_parser	code	d824c609dde353ea054bdae7135de0640d0b96b8e6adebfb5c67282f55b2d248	pending	-
zr_vm_parser/src/zr_vm_parser/compiler/compiler_using_plugin_guard_escape_expression.c	zr_vm_parser	code	af21794e378f9f717621c55396945b23f6995fac55bda25609a9a9c9d262246c	pending	-
zr_vm_parser/src/zr_vm_parser/compiler/compiler_using_plugin_guard_escape_internal.h	zr_vm_parser	code	7a0dde07992e12c18914b4cb1af9b642198da8366351708b6fcb825d8d8ff4c9	pending	-
zr_vm_parser/src/zr_vm_parser/compiler/compiler_using_plugin_guard_escape_statement.c	zr_vm_parser	code	c8d8fe240ca302f71d2bbf3eceb76ed602164833adbc6910446d6e26bbd24037	pending	-
zr_vm_parser/src/zr_vm_parser/compiler/comptime_runtime_contract.c	zr_vm_parser	code	4856600b23566bbeaca96085de3384eab7b7d1e5525a5e29e74e71cde58bc60f	pending	-
zr_vm_parser/src/zr_vm_parser/compiler/comptime_runtime_contract.h	zr_vm_parser	code	504bdc8389b62d841a1d8c5d22bde1f10b94c3e28848c578bef1b1f4f6fe68be	pending	-
zr_vm_parser/src/zr_vm_parser/compiler/enumerator_binding.c	zr_vm_parser	code	296644195e9d7fd7f5700ffe1a6aa7cef1359cf037e38d4ec0b41ec41b690cce	pending	-
zr_vm_parser/src/zr_vm_parser/compiler/iterator_semantic.c	zr_vm_parser	code	a5018262f7e78762b5bbb23ddae377140ee7a09579a15383fc5d2ee12f6b7a2d	pending	-
zr_vm_parser/src/zr_vm_parser/compiler/module_init_analysis.c	zr_vm_parser	code	b22cd34b43235067b083870261a3e72f51d455c4ac144a718e47a46b4262bc75	pending	-
zr_vm_parser/src/zr_vm_parser/compiler/module_init_analysis.h	zr_vm_parser	code	2d6b4de23ace26d6e985a0b2c33613e0207284279db7acef14fe8c9f4dd94212	pending	-
zr_vm_parser/src/zr_vm_parser/compiler/module_init_binary_metadata.c	zr_vm_parser	code	4c8d4591bfc74ff54c48924b197e510f05eb5892d59c66aef9a5dfbb63395d14	pending	-
zr_vm_parser/src/zr_vm_parser/comptime_contract.c	zr_vm_parser	code	20ef37d19318084366f979ac9b77db92ad47f80c3d6bf49a494f27c6b61f1b5b	pending	-
zr_vm_parser/src/zr_vm_parser/declaration_transform_contract.c	zr_vm_parser	code	ab4e36f2fee90c0db40cb2cbe66a699412ad9db3e9944892c65cbf4773425cd1	pending	-
zr_vm_parser/src/zr_vm_parser/diagnostics/diagnostic_builder.c	zr_vm_parser	code	b84d10870ea4fe2071a70d1da219d63d088e9b58e3c9a25f9446d59d620b64d0	reviewed	-
zr_vm_parser/src/zr_vm_parser/diagnostics/diagnostic_builder_fix_disposition.c	zr_vm_parser	code	b65a78ec2dc00f6b6e3bb7670c89015e1a3639f5f439c1d5b16387365cb71d92	reviewed	-
zr_vm_parser/src/zr_vm_parser/diagnostics/diagnostic_builder_fixes.c	zr_vm_parser	code	ef999653c2643bdbbfae8e15fb42c7b1e885e5a801d2f94fb4837d979c1a5869	reviewed	-
zr_vm_parser/src/zr_vm_parser/diagnostics/diagnostic_builder_ownership.c	zr_vm_parser	code	593401222dcb3db09898e38edf1c660bc9a4c468fee97d9557f1eb7ebabb1a0b	reviewed	-
zr_vm_parser/src/zr_vm_parser/diagnostics/diagnostic_builder_type_mismatch.c	zr_vm_parser	code	7443368f10c6861632164a8b98026649fd1967635b76f9a3a35b89bf9e09b7c0	reviewed	-
zr_vm_parser/src/zr_vm_parser/diagnostics/diagnostic_copy.c	zr_vm_parser	code	decd833902e51c796b99d28ff3990ef2268800a35dc895cf3e6f22ca34ef2474	reviewed	-
zr_vm_parser/src/zr_vm_parser/diagnostics/diagnostic_messages.c	zr_vm_parser	code	bec1d526dd8d8781d7265468785bcebcc869f7c3b9da152628a5b951dd43dd42	reviewed	-
zr_vm_parser/src/zr_vm_parser/diagnostics/diagnostic_registry.c	zr_vm_parser	code	26818fab2de47aef8927683fcce16ece29fdb316a4ffd9745fbc2dfd024980e5	reviewed	-
zr_vm_parser/src/zr_vm_parser/diagnostics/optimization_remarks.c	zr_vm_parser	code	a2dfcbe8d0469b69159ac0ae0384a27c0bfbb3bb7906c0f017c3211fa204407c	pending	-
zr_vm_parser/src/zr_vm_parser/exec_ir/analysis/exec_ir_alias.c	zr_vm_parser	code	8ca80770aa83296eb011e03ee02e491c707c0b29aaa80e614532246893e5f93c	pending	-
zr_vm_parser/src/zr_vm_parser/exec_ir/analysis/exec_ir_call_graph.c	zr_vm_parser	code	28b13311ddac3876bc4f4b1189703b6ab2c5cab7e6f845ed032f06e8687031b8	pending	-
zr_vm_parser/src/zr_vm_parser/exec_ir/analysis/exec_ir_escape.c	zr_vm_parser	code	b8fa5121863253876293fba7730441194ce3bc355fd86ef7cd76602a60171080	pending	-
zr_vm_parser/src/zr_vm_parser/exec_ir/analysis/exec_ir_escape_hash.c	zr_vm_parser	code	2d46d0c9295b6d6eb56956e46b9f7169a81f6368eaa7ffb40c1205e2073dfbcd	pending	-
zr_vm_parser/src/zr_vm_parser/exec_ir/analysis/exec_ir_escape_summary.c	zr_vm_parser	code	38400d6f2fe1c8bb98f0a94640bd5f18cbf1041b933a075f1a46477009510a52	pending	-
zr_vm_parser/src/zr_vm_parser/exec_ir/analysis/exec_ir_layout_visibility.c	zr_vm_parser	code	62e82fda663d81408e53cc58599b5e0446cca08f40fa68986355cd097564a75d	pending	-
zr_vm_parser/src/zr_vm_parser/exec_ir/analysis/exec_ir_loops.c	zr_vm_parser	code	5df715508fad4c716428a54e675da66240c4e21b0ed700dc3c4643f5b58c3ddf	pending	-
zr_vm_parser/src/zr_vm_parser/exec_ir/analysis/exec_ir_ranges.c	zr_vm_parser	code	c0a0c4cde5bc373a288f044cc3562ec13e86b7c120db41df8ce9817244eb1606	pending	-
zr_vm_parser/src/zr_vm_parser/exec_ir/analysis/exec_ir_send_sync.c	zr_vm_parser	code	2a031c1ccad56d149bd32b755f1bc745172285c96933675faac1d457a4612d30	pending	-
zr_vm_parser/src/zr_vm_parser/exec_ir/exec_ir_aot_lowering.c	zr_vm_parser	code	204ae786faa003dbbd78a04ba7e178f276a94732cf5715cfc327ba3172d95fdc	pending	-
zr_vm_parser/src/zr_vm_parser/exec_ir/exec_ir_aot_projection_descriptor.c	zr_vm_parser	code	3e9c95cde685dd0d682a55e88aa230ed5cc9e5b7e01678a0726c8ed6f46da60c	pending	-
zr_vm_parser/src/zr_vm_parser/exec_ir/exec_ir_array_lowering.c	zr_vm_parser	code	9b9abf061e008973b3d35f3ca542c1c9257bdf838b13f0b60ac134fe60c2d3cc	pending	-
zr_vm_parser/src/zr_vm_parser/exec_ir/exec_ir_binding_facts.c	zr_vm_parser	code	b4dcf2c47ead20e8c0e28a0bff1405adc2124ff1bfb2c3ae68ba5ce03b62de39	pending	-
zr_vm_parser/src/zr_vm_parser/exec_ir/exec_ir_build.c	zr_vm_parser	code	a31d2da85d656b20686aba6f132b7ba495efcd275a2b971adc0dd50b2a68e9b8	pending	-
zr_vm_parser/src/zr_vm_parser/exec_ir/exec_ir_build_control_edges.c	zr_vm_parser	code	a5ba98298bcb77f2f7a5144af379d718fbcf381339e22738f4eabd3238395bfe	pending	-
zr_vm_parser/src/zr_vm_parser/exec_ir/exec_ir_call_transfer.c	zr_vm_parser	code	1ea2a5921f65980b7e611fafb84f5afb35ceffd48d92804fd0e57843e687c43b	pending	-
zr_vm_parser/src/zr_vm_parser/exec_ir/exec_ir_cfg.c	zr_vm_parser	code	8833f413e2994f14aba7d1e9632e1c3fbeee4dd3f6ad9051072aed5cd5dfff82	pending	-
zr_vm_parser/src/zr_vm_parser/exec_ir/exec_ir_cleanup_drops.c	zr_vm_parser	code	2876b616741f5f8831fa7c33c8e526d1f2653c2e0698e6f915ff3d8c48b91fb5	pending	-
zr_vm_parser/src/zr_vm_parser/exec_ir/exec_ir_effect_loops.c	zr_vm_parser	code	304997b9378e9746e48a3b5602582cf1e289a70323257b9401b0e3f1f2742fac	pending	-
zr_vm_parser/src/zr_vm_parser/exec_ir/exec_ir_effects.c	zr_vm_parser	code	68394ba3c96d05008e8da648809559e2cb4e1fddd7005f5fb830a9377a5fa958	pending	-
zr_vm_parser/src/zr_vm_parser/exec_ir/exec_ir_effects_internal.h	zr_vm_parser	code	f713af748e4fc948a6af5df63f66660ac904969e94e15f5d51f6adb7e1916a3e	pending	-
zr_vm_parser/src/zr_vm_parser/exec_ir/exec_ir_effects_linear.c	zr_vm_parser	code	bde18e8a7fde9ac00c7419ea9032571654b81568d3b1ee47af7e378354f62d6f	pending	-
zr_vm_parser/src/zr_vm_parser/exec_ir/exec_ir_execbc.c	zr_vm_parser	code	f246aba6d1e2086c3adfba8c0fcb5f11e0fb362dee8b70f9f28a876f925744cc	pending	-
zr_vm_parser/src/zr_vm_parser/exec_ir/exec_ir_frame_layout.c	zr_vm_parser	code	365a6ce75e8b38c0e975eb24315e2303434fa6d83ff0aa0226a2d0a05b81f0d3	pending	-
zr_vm_parser/src/zr_vm_parser/exec_ir/exec_ir_frame_roots.c	zr_vm_parser	code	74126b19621f437e42487ffba50f1a3a12e0c18a4acf4755fb1dc63d926276cd	pending	-
zr_vm_parser/src/zr_vm_parser/exec_ir/exec_ir_fusion.c	zr_vm_parser	code	ec783c4000b1f74e8bbbfa45d492fd2f5757fe12318c7ecc4d0366c4b654f9c1	pending	-
zr_vm_parser/src/zr_vm_parser/exec_ir/exec_ir_fusion_contract.c	zr_vm_parser	code	29c7aa5bb78fdfa1fe5c6a646794d597b8472fd7d045a89d158a9185b9b29f9b	pending	-
zr_vm_parser/src/zr_vm_parser/exec_ir/exec_ir_fusion_internal.h	zr_vm_parser	code	59081addf97fb9095667e21857d18b9c9d111602df4eece828bbff390e1cce40	pending	-
zr_vm_parser/src/zr_vm_parser/exec_ir/exec_ir_fusion_lifecycle.c	zr_vm_parser	code	f03abbd2b877347583eee8c766516e157892eaefd2815477cef7a4982b52cfa7	pending	-
zr_vm_parser/src/zr_vm_parser/exec_ir/exec_ir_fusion_match.c	zr_vm_parser	code	de2a17c2b19b84c5073bca9f8d6514ebe7fbc80e0af2c9019f9118dc3d856e23	pending	-
zr_vm_parser/src/zr_vm_parser/exec_ir/exec_ir_generic_policy.c	zr_vm_parser	code	52f4fa1863c6561fa7f80ae8213baa0030e59ccdea273d6859072e0573ee1109	pending	-
zr_vm_parser/src/zr_vm_parser/exec_ir/exec_ir_internal.h	zr_vm_parser	code	b59bff49eee670c14df59267d939ff91b03ca911105b9e94cbf650c3f979ff4a	pending	-
zr_vm_parser/src/zr_vm_parser/exec_ir/exec_ir_lower_aot.c	zr_vm_parser	code	de7c96bc150cce3a75577c22f2ef04186c11d5cb93bf918bc6025c5795fc73eb	pending	-
zr_vm_parser/src/zr_vm_parser/exec_ir/exec_ir_lower_execbc.c	zr_vm_parser	code	eae861a21d4a55222959a5a08c9ee00d3a99c2e00825b4071dcc75ebab1a3c88	pending	-
zr_vm_parser/src/zr_vm_parser/exec_ir/exec_ir_materialization_map.c	zr_vm_parser	code	970608a194ab25a6508818e5beb4bfbefd7534c98a69888176b7bd30dfba1fc7	pending	-
zr_vm_parser/src/zr_vm_parser/exec_ir/exec_ir_normalize_cfg.c	zr_vm_parser	code	2dc97972bf408591c4391f451f6fd77eb9527c62251d0e10e174757b5d930976	pending	-
zr_vm_parser/src/zr_vm_parser/exec_ir/exec_ir_numeric_policy.c	zr_vm_parser	code	a15af3a341d4899b28e577c5ee0420dda4ffcb96846dd010a48c5d9b216c6883	pending	-
zr_vm_parser/src/zr_vm_parser/exec_ir/exec_ir_oracle.c	zr_vm_parser	code	34fb754f344d90313e282b09b5a17b7866bf6f39c826c873465ae9aa53740c5b	pending	-
zr_vm_parser/src/zr_vm_parser/exec_ir/exec_ir_pass_internal.h	zr_vm_parser	code	bb7217379aa9a84a5dade86ee27e2bb693e776efb394f7ed9c9df02d08406ee0	pending	-
zr_vm_parser/src/zr_vm_parser/exec_ir/exec_ir_pass_manager.c	zr_vm_parser	code	8fff3a728794081859d23bd461779c647d3ae0b09eb047d4e2d5587baf7c0da7	pending	-
zr_vm_parser/src/zr_vm_parser/exec_ir/exec_ir_place_eligibility.c	zr_vm_parser	code	fa93ba42fc801fade6e048e1073414004214664e4c13337d73526f050c1edc6a	pending	-
zr_vm_parser/src/zr_vm_parser/exec_ir/exec_ir_profile.c	zr_vm_parser	code	74bbfd2f09ee49b2a13ada0e726ac486c197706b17efbe5430e64641e87977cd	pending	-
zr_vm_parser/src/zr_vm_parser/exec_ir/exec_ir_projection_common.c	zr_vm_parser	code	8784778cb418d0c118478ca6f718c2a258494af2ca1ad2f234ad2d21ffe2b4f9	pending	-
zr_vm_parser/src/zr_vm_parser/exec_ir/exec_ir_projection_consumer.c	zr_vm_parser	code	d20317318a86609fca427077d0d5117fe86dfa310fbc8d145aec9e5da18b3f8c	pending	-
zr_vm_parser/src/zr_vm_parser/exec_ir/exec_ir_projection_phi.c	zr_vm_parser	code	5daccb5a1b7577fbda8e4b101f1054e558438457346fbb6b577848363fbea9e5	pending	-
zr_vm_parser/src/zr_vm_parser/exec_ir/exec_ir_projection_phi.h	zr_vm_parser	code	dea3f6d9ed11165b7c99011ea7d110a5541f1f5f3152333800cf8574e7e7af39	pending	-
zr_vm_parser/src/zr_vm_parser/exec_ir/exec_ir_protocols.c	zr_vm_parser	code	a625b0476d06d098cac4b3a9174f3ecb70fd954b0041bfcb00dafcae59f7ebae	pending	-
zr_vm_parser/src/zr_vm_parser/exec_ir/exec_ir_ssa.c	zr_vm_parser	code	a7560195f3b5e6723a00a30cafb267a825467c1f16a24c8a56003ad980dcbac2	pending	-
zr_vm_parser/src/zr_vm_parser/exec_ir/exec_ir_ssa_promotion.c	zr_vm_parser	code	2557d977bac9757acb3e284a744b442f4a286f4db350b64d8dc0f29f167475e0	pending	-
zr_vm_parser/src/zr_vm_parser/exec_ir/exec_ir_state_maps.c	zr_vm_parser	code	70522a51efee7253df498a31792fc7b67f139d644c172ecaedc9b9b220033aa8	pending	-
zr_vm_parser/src/zr_vm_parser/exec_ir/exec_ir_vector_legalize.c	zr_vm_parser	code	cad6c936389f8be14eb91c1534995af9746f179f3d7bfb9a3b13af356169b5c8	pending	-
zr_vm_parser/src/zr_vm_parser/exec_ir/execbc_fusion_patterns.def	zr_vm_parser	code	d1e098e3dfd708a45007f99148399255e0759c0ba2a49c24250001583fb5f02a	pending	-
zr_vm_parser/src/zr_vm_parser/exec_ir/execbc_patterns.def	zr_vm_parser	code	f881f70c6ab80cb7a08849022f883b9011e9edd5fdb0e7382e0c0aa0ceb903f0	pending	-
zr_vm_parser/src/zr_vm_parser/exec_ir/passes/exec_ir_allocation.c	zr_vm_parser	code	501cf6d8b07276cd98ecee1c64f3baa390196fb8c2179e0d46650b4ecb9c5be9	pending	-
zr_vm_parser/src/zr_vm_parser/exec_ir/passes/exec_ir_container_specialize.c	zr_vm_parser	code	300b6aa7a855de2f6db8d16a060996b2c525b5b13cf276a6256ed11488f02c2b	pending	-
zr_vm_parser/src/zr_vm_parser/exec_ir/passes/exec_ir_data_layout.c	zr_vm_parser	code	a3d160d57076251505c4bec3b9c1e9344d47b12263c1cc07d7771da0bd143d57	pending	-
zr_vm_parser/src/zr_vm_parser/exec_ir/passes/exec_ir_dce.c	zr_vm_parser	code	480b0a4f37bbd1c09866cee60cdea3368779e054aece3cdaf0e0c60b5f81d34e	pending	-
zr_vm_parser/src/zr_vm_parser/exec_ir/passes/exec_ir_devirtualize.c	zr_vm_parser	code	5e87812680ac27959250e558997723d7e996beb5c2d1eee8eba052b4fa175ff1	pending	-
zr_vm_parser/src/zr_vm_parser/exec_ir/passes/exec_ir_gvn.c	zr_vm_parser	code	983dff7b33c0883a1ef9efbf76724dccf3990afd5062da9ef8b624bde3d5e9aa	pending	-
zr_vm_parser/src/zr_vm_parser/exec_ir/passes/exec_ir_inline.c	zr_vm_parser	code	974cec9ec221099dce938f704e883bcf8bf6ee925789d33417d35a32d8abf50a	pending	-
zr_vm_parser/src/zr_vm_parser/exec_ir/passes/exec_ir_licm.c	zr_vm_parser	code	f591f2dd22fc84b2f8b98bee227c63bbe888b945ef645bd2b2a6ff59011b84fc	pending	-
zr_vm_parser/src/zr_vm_parser/exec_ir/passes/exec_ir_ownership_elision.c	zr_vm_parser	code	17d3341b7ef296c651acdef906bbdd46c554885764d8b597cc3c6ef1001e9dcc	pending	-
zr_vm_parser/src/zr_vm_parser/exec_ir/passes/exec_ir_sccp.c	zr_vm_parser	code	0b9d319b9806c7ecd355047abdb4af59b106916003896d58c88547215999add1	pending	-
zr_vm_parser/src/zr_vm_parser/exec_ir/passes/exec_ir_sroa.c	zr_vm_parser	code	2ad85e5af600f845045a4fcb52de55a6c7a55a8913f6676b101c72c8d7b608df	pending	-
zr_vm_parser/src/zr_vm_parser/exec_ir/passes/exec_ir_vectorize.c	zr_vm_parser	code	1c3bd67982b237525098772617654041b2f8c6855a8f3249bc626795971439f3	pending	-
zr_vm_parser/src/zr_vm_parser/generic_instantiation.c	zr_vm_parser	code	dfc3fdd3f64b46007a6e38ccc4ae06d104db6e93b9aba4bbce4c462fd26e5d83	pending	-
zr_vm_parser/src/zr_vm_parser/lexer.c	zr_vm_parser	code	5a753107110831f9df7bfeae2f6ad8530944909ff62b914c749a18936e6e4629	reviewed	docs/code-review/coverage/zr_vm_parser_public_lexer_entry.tsv
zr_vm_parser/src/zr_vm_parser/location.c	zr_vm_parser	code	c928a12cd0ba588a68fe5f1196db3150e6dd747202bc75b7e70e507a5b98850d	reviewed	docs/code-review/coverage/zr_vm_parser_public_lexer_entry.tsv
zr_vm_parser/src/zr_vm_parser/migration/legacy_migration.c	zr_vm_parser	code	00d200686711a85d75c3672e2cb53091b9ad026129ad181fdebfbc936b13699d	reviewed	-
zr_vm_parser/src/zr_vm_parser/migration/legacy_migration_module_specifier.c	zr_vm_parser	code	0eb91977cf0dc1a08161c8fd363c748689187880f6c280f797b219fb88753a97	reviewed	-
zr_vm_parser/src/zr_vm_parser/migration/legacy_migration_module_specifier.h	zr_vm_parser	code	8fd2c484991de694b8db204ea906a7846469e454cc32512a7d14592c4abec997	reviewed	-
zr_vm_parser/src/zr_vm_parser/parser.c	zr_vm_parser	code	aa698465c629e11038451ec6a81e0916236a2838bde50ab33c8d95461cb7b3c9	reviewed	docs/code-review/coverage/zr_vm_parser_public_lexer_entry.tsv
zr_vm_parser/src/zr_vm_parser/parser/parser_ast_free.c	zr_vm_parser	code	5f3589234fe7c8afea68a9f81fb9deffcfdeba6256292a3cb233948bdd6ff17f	reviewed	-
zr_vm_parser/src/zr_vm_parser/parser/parser_braced_primary_member.c	zr_vm_parser	code	b0efc63aca581eec2762cd96bcf93ffac86e290cca27a8968f0fa7b05ec28f9c	reviewed	-
zr_vm_parser/src/zr_vm_parser/parser/parser_call_arguments.c	zr_vm_parser	code	a0cbb908191b7fe397e71564007bea01f4a69939581994b5fce27c419fedf42d	reviewed	-
zr_vm_parser/src/zr_vm_parser/parser/parser_class.c	zr_vm_parser	code	d306ca7ce038cde2e2f85507ed5bd0f8c88160d1e481d4aa6e53f8423d506281	reviewed	-
zr_vm_parser/src/zr_vm_parser/parser/parser_declarations.c	zr_vm_parser	code	174b0ad02c41a55705958fd246db17ddcffc7e0be10c027386a69e3d1de23665	reviewed	-
zr_vm_parser/src/zr_vm_parser/parser/parser_diagnostics.c	zr_vm_parser	code	71ca6a51b526edcd20b0c45f3057236aecf53ac051871f3fdd54578c21ccb831	reviewed	-
zr_vm_parser/src/zr_vm_parser/parser/parser_expression_fragment.c	zr_vm_parser	code	382f50fdf43c1bea2a5cff1ade648f3f4933ed57958520928f30a997fb88f122	reviewed	-
zr_vm_parser/src/zr_vm_parser/parser/parser_expression_primary.c	zr_vm_parser	code	064161f7e72ad5c148e21cd7bc6299aba1de201a6e3f88660cb8ecb27ac97b69	reviewed	-
zr_vm_parser/src/zr_vm_parser/parser/parser_expressions.c	zr_vm_parser	code	fbb9aa83841b45c0fc7b7458cff9806175df621c6aa94d0666f04558666bda03	reviewed	-
zr_vm_parser/src/zr_vm_parser/parser/parser_extern.c	zr_vm_parser	code	f31e74d7385831c74f7be8db37519aa1512bc03308ddb5801384c6fdd99174f3	reviewed	-
zr_vm_parser/src/zr_vm_parser/parser/parser_function_syntax.c	zr_vm_parser	code	a6ae4d767051a6d969c05893b1820632c193d0acd0ec84691155d6a3c637c7c9	reviewed	-
zr_vm_parser/src/zr_vm_parser/parser/parser_interface.c	zr_vm_parser	code	62931b0b117f257d732cec6e01afb2f03f70b8e062ffd3aaeea41e677d5b3a43	reviewed	-
zr_vm_parser/src/zr_vm_parser/parser/parser_internal.h	zr_vm_parser	code	803d4949714a4c74b758b21055ffe5c80d1ef3aa860a31ace07443a793ed3b57	reviewed	-
zr_vm_parser/src/zr_vm_parser/parser/parser_literals.c	zr_vm_parser	code	346fd4735fedde36c005b9d3c559715fd4643cb8343c1aa9a431291221e9da13	reviewed	-
zr_vm_parser/src/zr_vm_parser/parser/parser_loops.c	zr_vm_parser	code	b80e1d3c33178c8e2884c165a163aab666fe088dc8c67df6db24e19cd8a26c61	reviewed	-
zr_vm_parser/src/zr_vm_parser/parser/parser_ownership_intrinsic.c	zr_vm_parser	code	882f83f1c0e36c7a6d9cc8ff21e8167a8aee5555fd151a60357e57e573ef278d	reviewed	-
zr_vm_parser/src/zr_vm_parser/parser/parser_postfix_call.c	zr_vm_parser	code	8583a75b63f10c6a222a98696fa00cfdbc2527deef2721850b5ebae9af4e1c15	reviewed	-
zr_vm_parser/src/zr_vm_parser/parser/parser_property.c	zr_vm_parser	code	8ad5c1ead6919c706b6b6b0f20e44f38bd605dda8a4474d7324b026cbfb32b90	reviewed	-
zr_vm_parser/src/zr_vm_parser/parser/parser_property_migration.c	zr_vm_parser	code	eff39053b16d9734545e9168739020d07b971336865e3d05ae6af18bd919bc7e	reviewed	-
zr_vm_parser/src/zr_vm_parser/parser/parser_property_migration.h	zr_vm_parser	code	0801366fdfe2f3125dbcd1999b11d506ebce05234ee42db0a4136c9f6f272644	reviewed	-
zr_vm_parser/src/zr_vm_parser/parser/parser_reference_syntax.c	zr_vm_parser	code	795f85ee74594d9dd63faaf42bc7167106fd3672116db3be192a0da4a7828446	reviewed	-
zr_vm_parser/src/zr_vm_parser/parser/parser_reserved_task.c	zr_vm_parser	code	127f0c97e8767976840807ed3eb8d6c2f4b4239004a7858c60a6f15f856904f4	reviewed	-
zr_vm_parser/src/zr_vm_parser/parser/parser_state.c	zr_vm_parser	code	adc89015bbce7ec670f12dc13d9adf286d5e5dfce5dbbe50888df968b1e332bc	reviewed	-
zr_vm_parser/src/zr_vm_parser/parser/parser_statements.c	zr_vm_parser	code	92de8ca7c7928cc439ab6d9ea734d1d62cf1880aa039f1bd921a935fbeff47cf	reviewed	-
zr_vm_parser/src/zr_vm_parser/parser/parser_struct.c	zr_vm_parser	code	2b95ed9bd4e21144aad40d35947d530c5b84f97909bdd3bdabaa87fc38e0a700	reviewed	-
zr_vm_parser/src/zr_vm_parser/parser/parser_struct_init.c	zr_vm_parser	code	43e2899c7954cb1c058a40ee1e6bed3c0f3ff6a0298ac299cbdcf9a59003a001	reviewed	-
zr_vm_parser/src/zr_vm_parser/parser/parser_switch_patterns.c	zr_vm_parser	code	7847c150c333376e208c3295fe1e88e547cd610e7b6371d5776fa35615091f0e	reviewed	-
zr_vm_parser/src/zr_vm_parser/parser/parser_types.c	zr_vm_parser	code	418e7abe1c86aa5cdad01b7f1cdf9591ed73397e5cd136007610c1289bcec0cc	reviewed	-
zr_vm_parser/src/zr_vm_parser/parser/parser_union.c	zr_vm_parser	code	745bfd007707d78b45b2c79d8e23cd44bd8f3b555acdba34c44f5dc5b1a25a87	reviewed	-
zr_vm_parser/src/zr_vm_parser/parser/parser_yield.c	zr_vm_parser	code	24821d9981b9cad256181925799146afc15c46e3f77e1c02f87fa59a215169f5	reviewed	-
zr_vm_parser/src/zr_vm_parser/place.c	zr_vm_parser	code	5424d67c3590307e290055bf1f66317959c720868a2a7efca30ab4aed5a15fab	pending	-
zr_vm_parser/src/zr_vm_parser/project_imports.c	zr_vm_parser	code	eab1b5610b6a20756e7e9cca80bff68d618c4f9db4721780e1a1d536646f856f	pending	-
zr_vm_parser/src/zr_vm_parser/receiver_call.c	zr_vm_parser	code	316a514f0744bc8085aaccf860338cd346d3bb37f37d0bb918db3980a6461341	pending	-
zr_vm_parser/src/zr_vm_parser/semantic.c	zr_vm_parser	code	fea417bfc0a23a515262bcfbf82c92530d92824ea12045d536559c55b92877b2	pending	-
zr_vm_parser/src/zr_vm_parser/semantic/const_assignment.c	zr_vm_parser	code	8eea301d834ae90d195aad6e8f6ef26b368608459c14962e064d122a5895dcfe	pending	-
zr_vm_parser/src/zr_vm_parser/semantic/interface_contract.c	zr_vm_parser	code	0b17a2edc54c4526e54304a9baf5ea40dbc8ae929bc96dc53ae4a6c3d2d3e601	pending	-
zr_vm_parser/src/zr_vm_parser/semantic/semantic_calls.c	zr_vm_parser	code	27d8a0fea9fe4abe73fc7581b44af2a8321a198035fbc8ec8e99e5b627ebb1d1	pending	-
zr_vm_parser/src/zr_vm_parser/semantic/semantic_display.c	zr_vm_parser	code	aff4a996f11cdcc13eb4d8180d518cccc1fa0383b4fe14550c5d6427af5d255d	pending	-
zr_vm_parser/src/zr_vm_parser/semantic/semantic_display_source_type.c	zr_vm_parser	code	1d5bbefb6d50093351f9953ee4c7ad03a4e8b78017c5cca8716a000a396c3aed	pending	-
zr_vm_parser/src/zr_vm_parser/semantic/semantic_facts.c	zr_vm_parser	code	3905fde759019fa736812ff2157a9ac34656e2acb59a3e614712f798680ecc76	pending	-
zr_vm_parser/src/zr_vm_parser/semantic/semantic_property_contract.c	zr_vm_parser	code	770340ea5f165117b3da1e85c17b227838cb277045a2833e4d82578e36f1d95f	pending	-
zr_vm_parser/src/zr_vm_parser/semantic/semantic_query.c	zr_vm_parser	code	5df150ba4273da210ee67d9750c10bba9c871c5020219b583cf131f8fd8665f6	pending	-
zr_vm_parser/src/zr_vm_parser/semantic/semantic_query_canonical.c	zr_vm_parser	code	6cf99550fc6a1eacff2bdb18e757562fb4f58bcc84ced0b2c81cdc61ba341781	pending	-
zr_vm_parser/src/zr_vm_parser/semantic/semantic_query_imports.c	zr_vm_parser	code	a4692e3993411b8b29413de2f859a95684140b80e66c8b2626e8159c564f02c2	pending	-
zr_vm_parser/src/zr_vm_parser/semantic/semantic_query_ownership_diagnostics.c	zr_vm_parser	code	eb80e8dc8398937567e5d2ce3cb853f0726432b0a9b96e745a80576cbe54e345	pending	-
zr_vm_parser/src/zr_vm_parser/semantic/semantic_query_ownership_diagnostics.h	zr_vm_parser	code	00b933792d4a6a1f454b66a272a1058c085a695c806f54d2aaa96d590e14254c	pending	-
zr_vm_parser/src/zr_vm_parser/semantic/semantic_query_property.c	zr_vm_parser	code	e1ef8249ec9eddd849ef25a4e08c7b111308d2a6e278f47ef8b1f79a4dd47eb5	pending	-
zr_vm_parser/src/zr_vm_parser/semantic/semantic_query_public_contract.c	zr_vm_parser	code	50bfd80ca7512f7259ae93d771e3b3f63814f7aa2bf1b0d887b4438cf16e50f9	pending	-
zr_vm_parser/src/zr_vm_parser/semantic/semantic_query_published_diagnostics.c	zr_vm_parser	code	22c37951a6d939d08fa2f71e596c26a85128770cccc6aa236f4694fb76f32d12	pending	-
zr_vm_parser/src/zr_vm_parser/semantic/semantic_query_published_diagnostics.h	zr_vm_parser	code	b81f5c0453d9260cc06b762f2952d699ab19931cd11974616bd54b6b47e97ef6	pending	-
zr_vm_parser/src/zr_vm_parser/semantic/semantic_query_symbols.c	zr_vm_parser	code	0d24037b3ae5045836fffc91ebb91b930f7ff15f6f5126d9ab3c1856347b34c2	pending	-
zr_vm_parser/src/zr_vm_parser/semantic/semantic_query_unresolved_diagnostics.c	zr_vm_parser	code	9177df88c7f3d156490689020cb32718f4480d61c5b3e6df41ec56fedf47496e	pending	-
zr_vm_parser/src/zr_vm_parser/semantic/semantic_query_unresolved_diagnostics.h	zr_vm_parser	code	b86428f17461b83bc68fcaad15bc43141e411a976237e92d7220b64043460dfd	pending	-
zr_vm_parser/src/zr_vm_parser/semantic/semantic_relations.c	zr_vm_parser	code	8606ab8e4fde90b1f7791ac60ecb1f4d8f61621c021f83bdeb95f806c1cf3edf	pending	-
zr_vm_parser/src/zr_vm_parser/semantic/semantic_relations_identity.c	zr_vm_parser	code	ca337a96d63e085103f7ebc65a5b73d7e0c8c48855c20c548a65a0324715a1b6	pending	-
zr_vm_parser/src/zr_vm_parser/semantic/semantic_relations_identity.h	zr_vm_parser	code	c981e9501c7376b85a6b221f4c0b3d9cc0697e02f780f04e4e932370ba9dd8c8	pending	-
zr_vm_parser/src/zr_vm_parser/semantic/semantic_relations_order.c	zr_vm_parser	code	f981658f755d3afb137c8da9960371b3e1644999bb685199e7d38dc0b3b5b997	pending	-
zr_vm_parser/src/zr_vm_parser/semantic/semantic_relations_order.h	zr_vm_parser	code	a54e8ce5da9ef0370ef6b0de2e24c2946ddcd9ac3d299976add5c64af595ed02	pending	-
zr_vm_parser/src/zr_vm_parser/semantic/semantic_scope_facts.c	zr_vm_parser	code	1235682f33fc592b3766fdeceeb4150a6d24d5990e235f209116733c6b8364c3	pending	-
zr_vm_parser/src/zr_vm_parser/semantic/semantic_scope_facts.h	zr_vm_parser	code	d5c210bd5d9c3c19fe7eed55a8959c5011c38bcf8dbffd1c9e8b8c0fac5a8aaa	pending	-
zr_vm_parser/src/zr_vm_parser/semantic/semantic_source_metadata.c	zr_vm_parser	code	0a666b227cefad7ed1e36a3f527c51c1d12116b1e230012e56d5af4c33a3a878	pending	-
zr_vm_parser/src/zr_vm_parser/semantic/semantic_type_use.c	zr_vm_parser	code	63beecc52aa66630ab81c9a71779a8717ca2155a0d4da3df782517503fb0043a	pending	-
zr_vm_parser/src/zr_vm_parser/semantic_ir.c	zr_vm_parser	code	c112f2ea9e8b75ea80526fe41be0e4f4cafdeb986c00f668fd6dc2005a6fd2ac	pending	-
zr_vm_parser/src/zr_vm_parser/semantic_ir_flow.c	zr_vm_parser	code	54943845a55572135a87b6936e7d7ea130e65ead7b90bcfd97184f5ae0f09be1	pending	-
zr_vm_parser/src/zr_vm_parser/semantic_ir_flow_internal.h	zr_vm_parser	code	f5c3dd1ea8b986b0e4a2b8860961ff2c9ae10adf632ecf0eca4dfbb5134bb5b3	pending	-
zr_vm_parser/src/zr_vm_parser/semantic_ir_format.c	zr_vm_parser	code	bb0f274a18d95770def4e5e0844086fd8e3df6d4af65aaf5eec2d6d8fe6195cf	pending	-
zr_vm_parser/src/zr_vm_parser/semantic_ir_loan_activation.c	zr_vm_parser	code	1c482625bc8bea6ad91de342003f9afd2886d7b6eafd979f9bace2e9f03e0bb7	pending	-
zr_vm_parser/src/zr_vm_parser/semantic_ir_loan_conflicts.c	zr_vm_parser	code	33215a7f3ec190b21f4787e0d6d1140823589b5cd04b29d357fbbdf35c6b65f1	pending	-
zr_vm_parser/src/zr_vm_parser/semantic_ir_loan_facts.c	zr_vm_parser	code	188817d1cfc1df985a360587800ea02ad1cf0404b5e698c2aaaa84070a174800	pending	-
zr_vm_parser/src/zr_vm_parser/semantic_ir_loan_liveness.c	zr_vm_parser	code	05e509028af948f0e197703f7c13d5d5dc528a1f9fd15e6fedbad4ba2feb2383	pending	-
zr_vm_parser/src/zr_vm_parser/semantic_ir_value_facts.c	zr_vm_parser	code	7f77a2af2cf666b5977aea6395e1d9a788e921ddd344e1d6b2e4eb034c080042	pending	-
zr_vm_parser/src/zr_vm_parser/syntax_contract.c	zr_vm_parser	code	cc3c63ea7993a61770a28658df0f7de868f9aff389c5db2e9d024a79ed23057a	pending	-
zr_vm_parser/src/zr_vm_parser/test_contract.c	zr_vm_parser	code	d1cff5bd3c97d8ffd1b354da9f734e8c9b3defddc66b59b40fe73675b0edc8b1	pending	-
zr_vm_parser/src/zr_vm_parser/type_environment_bindings.c	zr_vm_parser	code	e5d25c42689e53a980b947c27416b29c477ffb0ac5597bb906ffb1d6351c5774	pending	-
zr_vm_parser/src/zr_vm_parser/type_environment_types.c	zr_vm_parser	code	124d6341a72c090482e9e965cb7fa1ee4723099dd18346ea19e1000dbcab04f1	pending	-
zr_vm_parser/src/zr_vm_parser/type_inference.c	zr_vm_parser	code	39a16804e021a580ab07599034633d24e05fbd7a15323bfd1205082652b72ef9	pending	-
zr_vm_parser/src/zr_vm_parser/type_inference/cfg.c	zr_vm_parser	code	b11a3fb689eede31a66d6c2883e4169cb005cf7d000b32bd3fe72da87fa7462f	pending	-
zr_vm_parser/src/zr_vm_parser/type_inference/cfg_catch.c	zr_vm_parser	code	c4aa3f16095e9ec5351d4e02674b9daaa44945f4dc49e668dc25f02cb71fa724	pending	-
zr_vm_parser/src/zr_vm_parser/type_inference/cfg_cleanup.c	zr_vm_parser	code	6291af995f64b196c0f4dd123d695f18282a3921bd0114b4c2f877f010a86d1e	pending	-
zr_vm_parser/src/zr_vm_parser/type_inference/cfg_constants.c	zr_vm_parser	code	e10f56443614ddd4cea492480d4ea69239d1544481af7a17673b1e16c08208b7	pending	-
zr_vm_parser/src/zr_vm_parser/type_inference/cfg_control_flow.c	zr_vm_parser	code	6704e5645681952c48810217548075655ac34fdd2ba0fc3b2b43da862d8cd31e	pending	-
zr_vm_parser/src/zr_vm_parser/type_inference/cfg_graph.c	zr_vm_parser	code	9f6ffeaa2eb2eb671a1ec868a155d353e73f8b37dda18722068223be93082788	pending	-
zr_vm_parser/src/zr_vm_parser/type_inference/cfg_internal.h	zr_vm_parser	code	cdb77a1b8c983699e8cb4885a8449235900bfcbd77441f40f97cd05cc409ee74	pending	-
zr_vm_parser/src/zr_vm_parser/type_inference/cfg_loops.c	zr_vm_parser	code	e59f25602636b30aa80e9e4ddb24520e1d8b993cd248713ea6e973cbbe4a66e5	pending	-
zr_vm_parser/src/zr_vm_parser/type_inference/cfg_throw_bindings.c	zr_vm_parser	code	ad2ded4feda1cc7cc61c8deeb33d84638b34c69453944f53c0e246801446c152	pending	-
zr_vm_parser/src/zr_vm_parser/type_inference/cfg_throw_branch_bindings.c	zr_vm_parser	code	091f80ea23c2a36bb6cb8a8a1212e31d5e7f33ac10b2d7a52215b39dac75e398	pending	-
zr_vm_parser/src/zr_vm_parser/type_inference/cfg_throw_loop_bindings.c	zr_vm_parser	code	03af50fee6a6f1fcaddd622426cb729611938032bc4254a2de196a1c69c8c781	pending	-
zr_vm_parser/src/zr_vm_parser/type_inference/cfg_throw_profile.c	zr_vm_parser	code	4e7530726387dbd7c38bad8f458f17e129e6bb4640536a8d6d51ffc7f99f64f7	pending	-
zr_vm_parser/src/zr_vm_parser/type_inference/cfg_throw_switch_bindings.c	zr_vm_parser	code	9d3c58d35279ad1fe3f566042cfde1d9b526f432590f2641661d52163477e47d	pending	-
zr_vm_parser/src/zr_vm_parser/type_inference/cfg_throw_types.c	zr_vm_parser	code	5c2a94afc60df008c370d0f601b336843dd87ac2ff99f88394cea818cdf9f5fe	pending	-
zr_vm_parser/src/zr_vm_parser/type_inference/cfg_using.c	zr_vm_parser	code	b3cbaf00222166d1ba3900545534366a7762dec2427b3355949a2b7f34a9b4d6	pending	-
zr_vm_parser/src/zr_vm_parser/type_inference/dataflow.c	zr_vm_parser	code	44bbb8f80d669a6c264dbe37256d8ac3c4f476d02acd0ae5389f114129f83b56	pending	-
zr_vm_parser/src/zr_vm_parser/type_inference/dataflow.h	zr_vm_parser	code	b7b52847b2cb45d2e2b4525ad48b9b0523160f8841a5f3483833c5626d2d4c89	pending	-
zr_vm_parser/src/zr_vm_parser/type_inference/dataflow_definite_assignment.c	zr_vm_parser	code	629725d572b60fc400e5c98caa37ff0cce9e584f0460b76a82dd5d1c599df804	pending	-
zr_vm_parser/src/zr_vm_parser/type_inference/dataflow_definite_assignment.h	zr_vm_parser	code	885f3301bcc052f2c90c19ae60e2020b62d2d823e940d34433a88be8d8ab6e47	pending	-
zr_vm_parser/src/zr_vm_parser/type_inference/dataflow_ownership.c	zr_vm_parser	code	46f33ac267e402ebfd12a9e411e73adcd2b692cb1437796264d7d2edac1812fe	pending	-
zr_vm_parser/src/zr_vm_parser/type_inference/dataflow_ownership_moves.c	zr_vm_parser	code	e42521ee58fc396917d02d62d2eb4fa26d802a4e754d75d507efd524dd61204c	pending	-
zr_vm_parser/src/zr_vm_parser/type_inference/dataflow_ownership_moves.h	zr_vm_parser	code	1b8c2ac1483f89c2738d78b1bb98a24f34c274ef09886912c459ba86d9a8f5f2	pending	-
zr_vm_parser/src/zr_vm_parser/type_inference/dataflow_ownership_observations.c	zr_vm_parser	code	7451b76a9c3eabe8c6ff445fbb458cba3e65e5ae9d172525c0faf12fb70dbe46	pending	-
zr_vm_parser/src/zr_vm_parser/type_inference/dataflow_ownership_observations.h	zr_vm_parser	code	4f16ee194213353d5dd2ca4a494cd2a174ada2019c3b99ba9af17471843c197e	pending	-
zr_vm_parser/src/zr_vm_parser/type_inference/dataflow_ownership_owner_sets.c	zr_vm_parser	code	38386cb66fde2a241fcf23ad0704485606db810318f5d2695b1bef00ea09bb42	pending	-
zr_vm_parser/src/zr_vm_parser/type_inference/dataflow_ownership_owner_sets.h	zr_vm_parser	code	a3a16cda36fadf058c4b1ff60c08cb711fcd73ee4c0411e5fd194c2824f4a061	pending	-
zr_vm_parser/src/zr_vm_parser/type_inference/dataflow_ownership_regions.c	zr_vm_parser	code	662a7a4ec24769a80a5bef3d538b6735bbfb8e0c0f03473de3a5e7cfcab37e05	pending	-
zr_vm_parser/src/zr_vm_parser/type_inference/dataflow_ownership_regions.h	zr_vm_parser	code	be3aa6ac6e0df4131fa01f6f4dcc29bb66c3c46e07eb43992d230da709a01902	pending	-
zr_vm_parser/src/zr_vm_parser/type_inference/dataflow_ownership_statements.c	zr_vm_parser	code	49ebb8295e8d42ee7bcac3c4f058bf0f418d8d5ea5c81c77fa73aae2d41e48b8	pending	-
zr_vm_parser/src/zr_vm_parser/type_inference/dataflow_ownership_statements.h	zr_vm_parser	code	dc7e48f802bafa5f51d77121be02da032cbc5eb3a0297b61742ba3a6e42e0763	pending	-
zr_vm_parser/src/zr_vm_parser/type_inference/dataflow_ownership_symbols.c	zr_vm_parser	code	2d5d97114a0e238b81787405de5a2b1884c1484d332f8eb63e7a269cd9f8d35b	pending	-
zr_vm_parser/src/zr_vm_parser/type_inference/dataflow_ownership_symbols.h	zr_vm_parser	code	0d453cdfe47639fbfec206c1bc8a85214307e4bb1e8fa611a8e7b1c23ce8c1e0	pending	-
zr_vm_parser/src/zr_vm_parser/type_inference/semantic_definite_assignment.c	zr_vm_parser	code	f0c9733ca9ad37eba7590d5a11bc092989d805c1e5d4a6dc093148f728b67273	pending	-
zr_vm_parser/src/zr_vm_parser/type_inference/semantic_reaching_definitions.c	zr_vm_parser	code	622a0a589e5840d186c769ec86962f70437580fb1e3c2660bdec213347de08cb	pending	-
zr_vm_parser/src/zr_vm_parser/type_inference/type_environment_declaration_binding.h	zr_vm_parser	code	581200d3c4cd5ac9868434336b2b995e167346796b89734da345d3db8e49f1c1	pending	-
zr_vm_parser/src/zr_vm_parser/type_inference/type_inference_array_diagnostics.c	zr_vm_parser	code	804025a0b67460ff92e794b3a7befb57a1b5a188aff50b8267e7dd2b4a27e26e	pending	-
zr_vm_parser/src/zr_vm_parser/type_inference/type_inference_bitwise_identity.c	zr_vm_parser	code	4116ccafdb6a0bfc8ba6d45cc015c5e8d46e6a014956c4342cc2466d2cb12369	pending	-
zr_vm_parser/src/zr_vm_parser/type_inference/type_inference_bitwise_identity_bitwise_not_or_counterpart.c	zr_vm_parser	code	d76bff5aaca57b8cd2669ca84d7d02aa51e3c3a3c5701a0cd1e40962229c3ef8	pending	-
zr_vm_parser/src/zr_vm_parser/type_inference/type_inference_bitwise_identity_bitwise_not_or_counterpart.h	zr_vm_parser	code	1b57710e777f161591e227a9001128ffa7303f8b3b949b13996f4a3c8065accb	pending	-
zr_vm_parser/src/zr_vm_parser/type_inference/type_inference_bitwise_identity_bitwise_not_or_counterpart_deep.c	zr_vm_parser	code	f12a8611ca2b8ea8be3b9dec5a7ecc923a2a060353881522ae61417ca9f2448b	pending	-
zr_vm_parser/src/zr_vm_parser/type_inference/type_inference_bitwise_identity_bitwise_not_or_counterpart_deep.h	zr_vm_parser	code	7b352f263cb827dee6758aea608dd0cbc4368273438a34b4fe7cb40937196f6e	pending	-
zr_vm_parser/src/zr_vm_parser/type_inference/type_inference_bitwise_identity_bitwise_not_range.c	zr_vm_parser	code	512a12df926a0f7a6069dad61ce799fbd7a28c1a9a0de85133b9086687f5a371	pending	-
zr_vm_parser/src/zr_vm_parser/type_inference/type_inference_bitwise_identity_direct_range.c	zr_vm_parser	code	e5fabe36ca97ed70d2ef65b6b5749605ae550cda9dc99ea415ab73c5973b2424	pending	-
zr_vm_parser/src/zr_vm_parser/type_inference/type_inference_bitwise_identity_direct_range.h	zr_vm_parser	code	aaa1e17d35af3ea19e68fb7c20905fd78d5b9af96f8393605a13f0bdf806b91a	pending	-
zr_vm_parser/src/zr_vm_parser/type_inference/type_inference_bitwise_identity_supported_count.c	zr_vm_parser	code	30b7b8ad8644a89fae163265a07d0ee6b8275f0dea66fb6b410e1ec5b8abf2ee	pending	-
zr_vm_parser/src/zr_vm_parser/type_inference/type_inference_bitwise_identity_supported_count_all_ones_side.c	zr_vm_parser	code	dbfe0e95170097b0f725d959a827b45dcaf8b1e649d2a57c63be05286ad0ecfc	pending	-
zr_vm_parser/src/zr_vm_parser/type_inference/type_inference_bitwise_identity_supported_count_all_ones_side.h	zr_vm_parser	code	a116cff07443d29e010b7ca82ea2c44c31853a3d8f99bef3c7606e9f5122a43e	pending	-
zr_vm_parser/src/zr_vm_parser/type_inference/type_inference_bitwise_identity_supported_count_wrapped.c	zr_vm_parser	code	e211df62c442ca4fe94de1e161a7c53a5c2e6843070e3fecce267c5c44d0cf05	pending	-
zr_vm_parser/src/zr_vm_parser/type_inference/type_inference_bitwise_identity_supported_count_wrapped.h	zr_vm_parser	code	44bdb261b5a269aaf63f971bb32c345b5cac777b96e9b55f610a89dda27048c4	pending	-
zr_vm_parser/src/zr_vm_parser/type_inference/type_inference_branch_assignment_join.c	zr_vm_parser	code	ef6f9b124342d24ea05523959a9489b71c01266d57b579fef4c862f9c13e9857	pending	-
zr_vm_parser/src/zr_vm_parser/type_inference/type_inference_branch_assignment_segments.c	zr_vm_parser	code	228c60b6b3a4a0ea4e4e2f1e17d67738c0be6e9a4055e309c9754459c5c44fb2	pending	-
zr_vm_parser/src/zr_vm_parser/type_inference/type_inference_branch_assignment_segments.h	zr_vm_parser	code	7f46bde8884d14971edc526a1e2ffea929a41a22b4c34f64a6dc951e3ce78a3c	pending	-
zr_vm_parser/src/zr_vm_parser/type_inference/type_inference_branch_refinement.c	zr_vm_parser	code	23cdcfdf76d80751df1c80e1bba38a871c8005793ccfb3a457526cdd8928e544	pending	-
zr_vm_parser/src/zr_vm_parser/type_inference/type_inference_call_argument_semantic_facts.c	zr_vm_parser	code	f4f3fc2d8f216d5ee8c5d3afc50b3f16d29d94dc7d3ef8dcd03bafbc4015d23e	pending	-
zr_vm_parser/src/zr_vm_parser/type_inference/type_inference_call_diagnostics.c	zr_vm_parser	code	ba280337776f0a10477274252abefc7a1e338b254c83b899d304bdbb89ee4ecf	pending	-
zr_vm_parser/src/zr_vm_parser/type_inference/type_inference_call_diagnostics.h	zr_vm_parser	code	7ad3d757d03f07f00cfc605af4ec5e967e067a2d47373ecc9acc054600d787cf	pending	-
zr_vm_parser/src/zr_vm_parser/type_inference/type_inference_call_semantic_facts.c	zr_vm_parser	code	804be63c51604ad5478347ef49b0aa9f315d37cfc052f275a783bf8450fbf70e	pending	-
zr_vm_parser/src/zr_vm_parser/type_inference/type_inference_callable_member.c	zr_vm_parser	code	6573b2f88ff2e2b5af4f7decd739d51936404e50366c7261e45f86a851e6f722	pending	-
zr_vm_parser/src/zr_vm_parser/type_inference/type_inference_cast.c	zr_vm_parser	code	28f8b9a2bbe5f07ce22a78c59708042879c2e289cf60f9cde9d2c0ab95247c78	pending	-
zr_vm_parser/src/zr_vm_parser/type_inference/type_inference_cast.h	zr_vm_parser	code	87c1485ee27ad70dfc3b430785dac64a0ee9ee32afb0e0fe45124f6ad3771a58	pending	-
zr_vm_parser/src/zr_vm_parser/type_inference/type_inference_constant_eval.c	zr_vm_parser	code	52208c5d0f737bc65d54ff472de46762fdeb51f570d1cb4b1cfd5ebbb0019f9a	pending	-
zr_vm_parser/src/zr_vm_parser/type_inference/type_inference_constant_eval.h	zr_vm_parser	code	2751672f003a6df9f506cb80e52c9308ee5328c61c0015fb283e6adcd04ea580	pending	-
zr_vm_parser/src/zr_vm_parser/type_inference/type_inference_construct_semantic_member.c	zr_vm_parser	code	b98af7eff5ad4121eed7cd72611e545aedd23f7be1a676b26155cbd1a8c30d00	pending	-
zr_vm_parser/src/zr_vm_parser/type_inference/type_inference_core.c	zr_vm_parser	code	2dfbd6b8183d83e2a095df7f0f30cdd8a114db5b8b6ad87f013c36b61742ea52	pending	-
zr_vm_parser/src/zr_vm_parser/type_inference/type_inference_ffi.c	zr_vm_parser	code	3d27ab7f6f055334e3672a48e0a59f64e9b4e54aa92ac6c5299cc1c0d6546cf4	pending	-
zr_vm_parser/src/zr_vm_parser/type_inference/type_inference_generic_calls.c	zr_vm_parser	code	67ed0d1f29ccedfa1178c1f8bca322f509756aaaf135523a7b27bbe0d3f8445c	pending	-
zr_vm_parser/src/zr_vm_parser/type_inference/type_inference_identifier_facts.c	zr_vm_parser	code	412abd768ac203ace981dd5685357be5a333af0330a36857aa6e344211cccec3	pending	-
zr_vm_parser/src/zr_vm_parser/type_inference/type_inference_import_call_binding.c	zr_vm_parser	code	a610fce20a7b3f090acc3430b8e64b2bf149545f502218fbb0eec1bd97836e35	pending	-
zr_vm_parser/src/zr_vm_parser/type_inference/type_inference_import_call_binding.h	zr_vm_parser	code	3eab73f29789ef41b6aa95f3deef4a9b8fb2499acc7375f3f9cd8b2fb3810204	pending	-
zr_vm_parser/src/zr_vm_parser/type_inference/type_inference_import_metadata.c	zr_vm_parser	code	b42dac13d0ae23c471960f4dc8bb774aa2e68e4b12525b4b8c5daa9a47938741	pending	-
zr_vm_parser/src/zr_vm_parser/type_inference/type_inference_internal.h	zr_vm_parser	code	2c3856cd8a5890fbf9e1fcb58998d6fa016a08dafe2cf19dd39cfc1c867932e5	pending	-
zr_vm_parser/src/zr_vm_parser/type_inference/type_inference_interval_logic.c	zr_vm_parser	code	790e9c4c9ac308cb50a45c63a7255c2ff01c22717c5acbe4737c8d72bab2d798	pending	-
zr_vm_parser/src/zr_vm_parser/type_inference/type_inference_loop_assignment_delta_expression.c	zr_vm_parser	code	b961a469457fb576a557fda6f53ed3cb1c1b0913dd65a8d869f05e17e7188027	pending	-
zr_vm_parser/src/zr_vm_parser/type_inference/type_inference_loop_assignment_delta_product.c	zr_vm_parser	code	75eb7fb7b9798fe334674d68434b28063e0fb83621803639a4ac546a693c8773	pending	-
zr_vm_parser/src/zr_vm_parser/type_inference/type_inference_loop_assignment_delta_product.h	zr_vm_parser	code	76a2a1e21d577f670550d80ee95cc054aa05f1f60cc8695e8646773100852122	pending	-
zr_vm_parser/src/zr_vm_parser/type_inference/type_inference_loop_assignment_entry.c	zr_vm_parser	code	d2d23182c36b3c0f9c449a3fd51fc39c535a43196bb2955336352ff09a6b7166	pending	-
zr_vm_parser/src/zr_vm_parser/type_inference/type_inference_loop_assignment_join.c	zr_vm_parser	code	0c76e92dd21fae7eeeaf98c7687fc8effab953cc84db22a6b6b77a605136bea2	pending	-
zr_vm_parser/src/zr_vm_parser/type_inference/type_inference_loop_assignment_join_internal.h	zr_vm_parser	code	5297165501179ec6e650115a7a9ab7606fe6f17892084a0e31df2aa508ae55d0	pending	-
zr_vm_parser/src/zr_vm_parser/type_inference/type_inference_loop_assignment_nested_if.c	zr_vm_parser	code	ffd6d0af80455c57bb6ef6551e18daf221bacdd7ff0891f302f14835c2082ead	pending	-
zr_vm_parser/src/zr_vm_parser/type_inference/type_inference_loop_assignment_nested_if.h	zr_vm_parser	code	96093246aa1347b2c90ba41b2b000abd255242d2736f36b6bfa3e6feac513df8	pending	-
zr_vm_parser/src/zr_vm_parser/type_inference/type_inference_loop_assignment_nested_loop.c	zr_vm_parser	code	043d89e0b43071dce062b464259832692c123af8a528fc4807dd0d3946def545	pending	-
zr_vm_parser/src/zr_vm_parser/type_inference/type_inference_loop_assignment_nested_loop.h	zr_vm_parser	code	b6ca242988df6ddba56b33fe7ff05627a26e2d04fec88f0e407a0510e98c4f24	pending	-
zr_vm_parser/src/zr_vm_parser/type_inference/type_inference_loop_assignment_prefix_negative_offset.c	zr_vm_parser	code	18d247795f28d65a7bf00536920215a35896217bf07a6c9980a0104d79e98f6f	pending	-
zr_vm_parser/src/zr_vm_parser/type_inference/type_inference_loop_assignment_prefix_offset.c	zr_vm_parser	code	09e294b786af4c947c051b2d8d37fc648a48dc46623d4abc407ba11f0ec631d7	pending	-
zr_vm_parser/src/zr_vm_parser/type_inference/type_inference_loop_assignment_prefix_offset.h	zr_vm_parser	code	f690d3a70dd866098e5fd61f29d37701a8e9581eab7bf9cd91541a37e2a47a3b	pending	-
zr_vm_parser/src/zr_vm_parser/type_inference/type_inference_loop_assignment_prefix_reader.c	zr_vm_parser	code	9029b90e35030e70f1feb339ae21ab65fcc19eb2998df45c404c0317621dba86	pending	-
zr_vm_parser/src/zr_vm_parser/type_inference/type_inference_loop_assignment_prefix_reader.h	zr_vm_parser	code	5efb6b6267baba7d002dbd451279ee2f429496010732f821a533601b254a088e	pending	-
zr_vm_parser/src/zr_vm_parser/type_inference/type_inference_loop_assignment_prefix_target_guard.c	zr_vm_parser	code	15b41a994a08644ae7e216f363716ce7aab549f577b75f004f00994e56fc3f27	pending	-
zr_vm_parser/src/zr_vm_parser/type_inference/type_inference_loop_assignment_prefix_target_guard.h	zr_vm_parser	code	d00403cf190ee2d0e2fd2bea47e2e32cf75715b4cc0c8d182ff81770909490fc	pending	-
zr_vm_parser/src/zr_vm_parser/type_inference/type_inference_loop_assignment_prefix_zero_inclusive_negative.c	zr_vm_parser	code	3f1ebf69a83d2692fad25a27f7b322ba31c0e8d2c794c5d4cc283c8d5f2b6898	pending	-
zr_vm_parser/src/zr_vm_parser/type_inference/type_inference_loop_assignment_prefix_zero_inclusive_negative.h	zr_vm_parser	code	df808cdd272055dbd43c6f9122edac53286560442b09619b2964da925a11c7a8	pending	-
zr_vm_parser/src/zr_vm_parser/type_inference/type_inference_loop_assignment_replay.c	zr_vm_parser	code	bb3e4e5d3c565b2b578f7b0d1d1b68107cb58a1e94d6805c176aa34b3a5c6023	pending	-
zr_vm_parser/src/zr_vm_parser/type_inference/type_inference_loop_assignment_scope.c	zr_vm_parser	code	bc372289be008168f7e353ce7a275ee2cbd35277bc496a0eda55904e32cdb6a4	pending	-
zr_vm_parser/src/zr_vm_parser/type_inference/type_inference_loop_assignment_self_dependency.c	zr_vm_parser	code	e65cffb780744cb3e12d4f54d0f339e58380a4704e32e71585a3be800c569ea4	pending	-
zr_vm_parser/src/zr_vm_parser/type_inference/type_inference_loop_assignment_self_dependency.h	zr_vm_parser	code	a378930bc26f0bf0332f2baa9ae601def9fd1c2d474fc06cbb2775c9176d49ab	pending	-
zr_vm_parser/src/zr_vm_parser/type_inference/type_inference_loop_assignment_sequence.c	zr_vm_parser	code	c7fba7a8811433f31fd3dc19fbb4de064703dd9c471e9c04061806f870b2d50b	pending	-
zr_vm_parser/src/zr_vm_parser/type_inference/type_inference_loop_assignment_sequence.h	zr_vm_parser	code	6e3b102c1f5602b0ead239ef97ebae15e2c80d55a23cad0c1fbaa0b18ec8ffd5	pending	-
zr_vm_parser/src/zr_vm_parser/type_inference/type_inference_loop_assignment_sequence_symbolic_coefficient.c	zr_vm_parser	code	64d8c62d596eb9fc67d481d3bf9762d0befdf8b037f1684fffc4dcc93d746a01	pending	-
zr_vm_parser/src/zr_vm_parser/type_inference/type_inference_loop_assignment_sequence_symbolic_coefficient.h	zr_vm_parser	code	e631093d6fd0bd149d30b625b3a81c796e6300be6a65818d23d5fe58c8847b1b	pending	-
zr_vm_parser/src/zr_vm_parser/type_inference/type_inference_loop_assignment_sequence_symbolic_delta.c	zr_vm_parser	code	63d84fd2fd33e00d62b0786a03aff81c77b17cc1b865a5adfbd5627191ef6656	pending	-
zr_vm_parser/src/zr_vm_parser/type_inference/type_inference_loop_assignment_sequence_symbolic_delta.h	zr_vm_parser	code	58daf06524f8b994c4bb2b9f60ac44f96281ef10ed46a16d8d14dc6159f9a2d3	pending	-
zr_vm_parser/src/zr_vm_parser/type_inference/type_inference_loop_assignment_sequence_symbolic_delta_terms.c	zr_vm_parser	code	f19dd57b67ae04485d87280e949184835e2b5438879c294acc1beeaa2339191c	pending	-
zr_vm_parser/src/zr_vm_parser/type_inference/type_inference_loop_assignment_sequence_symbolic_delta_terms.h	zr_vm_parser	code	59a76243674dbce76045284c08f02040df9520f4752d55b44cee51ed95e2bb8f	pending	-
zr_vm_parser/src/zr_vm_parser/type_inference/type_inference_loop_assignment_symbolic_math.c	zr_vm_parser	code	9c6ab7da8e6b36022a8c38dd4f3d1ade84614e56230db66d73917e38f06f100e	pending	-
zr_vm_parser/src/zr_vm_parser/type_inference/type_inference_loop_assignment_symbolic_math.h	zr_vm_parser	code	a78563fbe8eee68227ba788488197fd29cb2cf8c1b9ca27946c7ba3327807331	pending	-
zr_vm_parser/src/zr_vm_parser/type_inference/type_inference_loop_assignment_syntax.c	zr_vm_parser	code	a247e63259ca6c6974ebdaea17adbfe7cccda1d64dcc6d88b08931330c1f1fee	pending	-
zr_vm_parser/src/zr_vm_parser/type_inference/type_inference_loop_assignment_syntax.h	zr_vm_parser	code	1c0fb23acf34cc538c302a3a03af77add0857a59fab857c1a1aae283926eb6e1	pending	-
zr_vm_parser/src/zr_vm_parser/type_inference/type_inference_loop_assignment_target_zero.c	zr_vm_parser	code	666feb8d1b4fce0b305b0e14b32742eb04e9f398c069d0f5d20644001cfaee7f	pending	-
zr_vm_parser/src/zr_vm_parser/type_inference/type_inference_loop_assignment_target_zero.h	zr_vm_parser	code	195d1a5c71f17b527f50bded8018346fa92fa6cccbfd55d81c1408100fff1080	pending	-
zr_vm_parser/src/zr_vm_parser/type_inference/type_inference_member_facts.c	zr_vm_parser	code	dfd4d50754e0bb1c92e0e3841e79bf9f461c6fc22399a36ba265269b8f7a031b	pending	-
zr_vm_parser/src/zr_vm_parser/type_inference/type_inference_member_resolution.c	zr_vm_parser	code	890e125164817cc8bfac401754879fa1d3c654e61e67300742858bdfa58065ea	pending	-
zr_vm_parser/src/zr_vm_parser/type_inference/type_inference_native.c	zr_vm_parser	code	64ee3da1c8ff3259b53ac68525f7d5e195caf989dc7e52e7a0e9e4555eaa5e01	pending	-
zr_vm_parser/src/zr_vm_parser/type_inference/type_inference_numeric_range.c	zr_vm_parser	code	23c798981b966ee019144a0d9f68811358fce76154ad08cc167d4984c2998b19	pending	-
zr_vm_parser/src/zr_vm_parser/type_inference/type_inference_numeric_range.h	zr_vm_parser	code	723a3d343a6d4fdc362e81dab1e49f44b9d67cc5347c1c9192a744a8011de82a	pending	-
zr_vm_parser/src/zr_vm_parser/type_inference/type_inference_ownership_intrinsic.c	zr_vm_parser	code	5d07b0bfd580b557bc00897050bd2e286d15c2598e309f29f7f31bf5a642506c	pending	-
zr_vm_parser/src/zr_vm_parser/type_inference/type_inference_passing_modes.c	zr_vm_parser	code	406f5b581b0124216d6d7564d5bbaaed020df401aa5f6fab613d01fff1832970	pending	-
zr_vm_parser/src/zr_vm_parser/type_inference/type_inference_receiver_guard.c	zr_vm_parser	code	cb062a02d80c528ff2371853c58cb495e2366176c15a6ff3b0eeed355e0606d9	pending	-
zr_vm_parser/src/zr_vm_parser/type_inference/type_inference_reflection_surface.c	zr_vm_parser	code	d3288776df15fc99c540695185adb73445b71273f30b2ce07a5367bbe73fc418	pending	-
zr_vm_parser/src/zr_vm_parser/type_inference/type_inference_reflection_surface.h	zr_vm_parser	code	67fbdf8bbf9b9607c651359e86ec4c84998aeb9485a6e05b21ca9a1f65c8e054	pending	-
zr_vm_parser/src/zr_vm_parser/type_inference/type_inference_semantic_facts.c	zr_vm_parser	code	e62be58f9a07ff0883507a2b05ad8976c37cf86e9f56f4145edf7dd4b3d2075b	pending	-
zr_vm_parser/src/zr_vm_parser/type_inference/type_inference_semantic_facts.h	zr_vm_parser	code	93e3cc62e4f1543509024f8ff542a380ed707e84784ab546a919347b21f5153d	pending	-
zr_vm_parser/src/zr_vm_parser/type_inference/type_inference_super_constructor_semantic_facts.c	zr_vm_parser	code	934a7fe43ec3fb43b2ef8a6a7f614c23c4d93b056ab67eca613c966a7eb79dbd	pending	-
zr_vm_parser/src/zr_vm_parser/type_inference/type_inference_tuple.c	zr_vm_parser	code	7bec5f6622be05cc06b4ee2d533fa2b8a4e8c5a7f051e9ccd56e825374de0662	pending	-
zr_vm_parser/src/zr_vm_parser/type_inference/type_inference_type_display_alias.c	zr_vm_parser	code	3094f52685c0914f04f04fb36cee6005148730f8fb7e00e3d5208c7588782761	pending	-
zr_vm_parser/src/zr_vm_parser/type_inference/type_inference_type_display_alias.h	zr_vm_parser	code	9ed59d681b2ccabcbdda76d0ed739682f6b2310c091dcc6cb27079a45ea557e9	pending	-
zr_vm_parser/src/zr_vm_parser/type_system.c	zr_vm_parser	code	635783850e1702411f44be152ae754d4cc7b32cd445890148c31b2b33f913fdf	pending	-
zr_vm_parser/src/zr_vm_parser/type_system_numeric_segments.c	zr_vm_parser	code	6c03cb2940e22bf2257032aa975874b598a75538daa11300b721e72c11c9fe66	pending	-
zr_vm_parser/src/zr_vm_parser/writer.c	zr_vm_parser	code	e9a109b3da3974d2318a3dd49c0949ac09debd14956bfc6214daa6ffc1063fbd	pending	-
zr_vm_parser/src/zr_vm_parser/writer/writer_binary.c	zr_vm_parser	code	ebfdc558330b23c2f6396825b20afb6803ddf62bcc5139938f131bef8dfacce3	reviewed	-
zr_vm_parser/src/zr_vm_parser/writer/writer_binary_internal.h	zr_vm_parser	code	52c66b1e6abaeb89258d0f40415b4833945a69b2806c1e622ece450c31783c5f	reviewed	-
zr_vm_parser/src/zr_vm_parser/writer/writer_call_binding.c	zr_vm_parser	code	d3d3171b494c1d63d7caf5f3931a2e1815e8bf04c3889e3deb0f39705f8f4e2b	reviewed	-
zr_vm_parser/src/zr_vm_parser/writer/writer_exec_ir.c	zr_vm_parser	code	567bac10e4d9a126e6b70ddea09c52accebe4c79507ef753bc0f97777b74174a	pending	-
zr_vm_parser/src/zr_vm_parser/writer/writer_intermediate.c	zr_vm_parser	code	ecdd97aba501424e4103be28a3ff031ca10356235014ec6a6994782495d97af0	reviewed	-
zr_vm_parser/src/zr_vm_parser/writer/writer_intermediate_generated_source_map.c	zr_vm_parser	code	18ece8da299c40af31103c3240fd4f8c1fab3c3981d1e48f9e1bf2d5f5738fe9	reviewed	-
zr_vm_parser/src/zr_vm_parser/writer/writer_intermediate_generated_source_map.h	zr_vm_parser	code	24cd28f908cce8510272a60ef23f2cf107dc0c3144bce47b688239f1bd6421ee	reviewed	-
zr_vm_parser/src/zr_vm_parser/writer/writer_scheduler_artifact.c	zr_vm_parser	code	0abddbbcda446e89d5c8d5ed94eb597bf7534997d0660fed9145562d9d35673b	pending	-
zr_vm_parser/src/zr_vm_parser/writer/writer_syntax_tree.c	zr_vm_parser	code	4d496faa6c930d4871041479c79f31996026d6cbede7e34283c850ce42b6a695	reviewed	-
zr_vm_parser/tests/test_parser.c	zr_vm_parser	code	529c44bcfcee37e614c043ef103728ef918b8a4a5051d59d6af0b4a71e1a0235	pending	-
zr_vm_rust_binding/CMakeLists.txt	zr_vm_rust_binding	config	cf655384bbaaf830abd26b3880737f8b66ffd51f59c2e17c297f0f8eea421efb	reviewed	826 单元调用链、所有权与问题标签已独立审查
zr_vm_rust_binding/include/zr_vm_rust_binding.h	zr_vm_rust_binding	code	84d156baf190e7b48feb978ed46cea0e76f9410a90d69bff2f00d9b856e29477	reviewed	826 单元调用链、所有权与问题标签已独立审查
zr_vm_rust_binding/include/zr_vm_rust_binding/conf.h	zr_vm_rust_binding	code	1c708ded2c57ce198f5033e489a864c2145644cca81e3193faec54d850ae1812	reviewed	826 单元调用链、所有权与问题标签已独立审查
zr_vm_rust_binding/rust/Cargo.toml	zr_vm_rust_binding	config	9d0ab57f2bc06c49375793593b88666dffb801e371a7531034bf22509e71420e	reviewed	826 单元调用链、所有权与问题标签已独立审查
zr_vm_rust_binding/rust/zr_vm_rust_binding/Cargo.toml	zr_vm_rust_binding	config	09e97c0a9e5527af9da4a48d9eeed8d604081077384c409129e9fd6bb29fbc47	reviewed	826 单元调用链、所有权与问题标签已独立审查
zr_vm_rust_binding/rust/zr_vm_rust_binding/src/execution_budget.rs	zr_vm_rust_binding	code	3f5264643b780ae9941a2b9d21c3bff0ad45e29d297801217d8789a94a8b848b	reviewed	826 单元调用链、所有权与问题标签已独立审查
zr_vm_rust_binding/rust/zr_vm_rust_binding/src/gc.rs	zr_vm_rust_binding	code	cedb32e00d12b9d157b93b8e1d5bd67ba042d2ff2fdc7c4c6e6ea5aa844ef266	reviewed	826 单元调用链、所有权与问题标签已独立审查
zr_vm_rust_binding/rust/zr_vm_rust_binding/src/lib.rs	zr_vm_rust_binding	code	db598b1d00e7bb789c2fa91f6a9a7be2570b8a51c5b226fed07ddaacf4ab8302	reviewed	826 单元调用链、所有权与问题标签已独立审查
zr_vm_rust_binding/rust/zr_vm_rust_binding/src/native.rs	zr_vm_rust_binding	code	d304e3f49ae3e2f104dec1fcc2b6c03a5548b8ae520743c5a3529703d58fa91f	reviewed	826 单元调用链、所有权与问题标签已独立审查
zr_vm_rust_binding/rust/zr_vm_rust_binding/src/native_argument_view.rs	zr_vm_rust_binding	code	f59bf0a0814a0134a1dcf17bb750ceea1562df21c5f129fdd896be88aaf01be8	reviewed	826 单元调用链、所有权与问题标签已独立审查
zr_vm_rust_binding/rust/zr_vm_rust_binding/src/project_session_checkpoint.rs	zr_vm_rust_binding	code	deccb775bd44fe405d0079699291609c23300169a0ba52745446839673158d44	reviewed	826 单元调用链、所有权与问题标签已独立审查
zr_vm_rust_binding/rust/zr_vm_rust_binding/tests/execution_budget.rs	zr_vm_rust_binding	code	67d465ca4b90ad4d82586321c533a9b0bb54631a6558a818024f9eba9aa59438	reviewed	826 单元调用链、所有权与问题标签已独立审查
zr_vm_rust_binding/rust/zr_vm_rust_binding/tests/native_registration.rs	zr_vm_rust_binding	code	a864b0730ccea1d8c0c6b42f182a83bfda5be3266db7965f08ef94bf7f8bb734	reviewed	826 单元调用链、所有权与问题标签已独立审查
zr_vm_rust_binding/rust/zr_vm_rust_binding/tests/project_session_checkpoint.rs	zr_vm_rust_binding	code	72739478110e6b60a9dc92a5b52cf8cffbb4b0ec139f5a938f48ea813ff163c2	reviewed	826 单元调用链、所有权与问题标签已独立审查
zr_vm_rust_binding/rust/zr_vm_rust_binding_sys/Cargo.toml	zr_vm_rust_binding	config	37cf76955f12237446141612930ec84fbd96f00e1e07977b129be841b65e4276	reviewed	826 单元调用链、所有权与问题标签已独立审查
zr_vm_rust_binding/rust/zr_vm_rust_binding_sys/build.rs	zr_vm_rust_binding	code	f45e3a4e1e2e6810d1a483ef7fa1ee70dcf6ffee153b6483ea6afe27be84126f	reviewed	826 单元调用链、所有权与问题标签已独立审查
zr_vm_rust_binding/rust/zr_vm_rust_binding_sys/src/execution_budget.rs	zr_vm_rust_binding	code	03fdcafc1b3bd9cce29834768b22113fd81ede2ed9ba79f609f68e7b70ab7192	reviewed	826 单元调用链、所有权与问题标签已独立审查
zr_vm_rust_binding/rust/zr_vm_rust_binding_sys/src/lib.rs	zr_vm_rust_binding	code	50237f1a8ec6aef605d24d9f009bb302c5a098932b038b5151ed4093cb66cba7	reviewed	826 单元调用链、所有权与问题标签已独立审查
zr_vm_rust_binding/rust/zr_vm_rust_binding_sys/src/native.rs	zr_vm_rust_binding	code	76db1ac5de6ee9f582d54d5abd5cbb778d6572aac6bf1749e17fc4b57337d5af	reviewed	826 单元调用链、所有权与问题标签已独立审查
zr_vm_rust_binding/rust/zr_vm_rust_binding_sys/src/project_session_checkpoint.rs	zr_vm_rust_binding	code	4d95cd6fce52ae257b2a941fa90a0a2ba0f90f84f666e22e41abfb2c6d06ca8b	reviewed	826 单元调用链、所有权与问题标签已独立审查
zr_vm_rust_binding/src/zr_vm_rust_binding/api.c	zr_vm_rust_binding	code	7b230c64c5034494e6fc4e88f0ce085e984b55d0b8467fa9ec24ab64ad52437d	reviewed	826 单元调用链、所有权与问题标签已独立审查
zr_vm_rust_binding/src/zr_vm_rust_binding/execution_budget.c	zr_vm_rust_binding	code	76de4a9e09de5b999130753a62a46e02ee9f1a315e63fefe8ddd5fc500f844fc	reviewed	826 单元调用链、所有权与问题标签已独立审查
zr_vm_rust_binding/src/zr_vm_rust_binding/internal.h	zr_vm_rust_binding	code	8942ca1fcda4001231a88386ee1b517be864d8a5015e4c3780d446525224ab9c	reviewed	826 单元调用链、所有权与问题标签已独立审查
zr_vm_rust_binding/src/zr_vm_rust_binding/native.c	zr_vm_rust_binding	code	ace571727791f3131db4433fb4120e943bcad32d0d6589a37fa303f816445587	reviewed	826 单元调用链、所有权与问题标签已独立审查
zr_vm_rust_binding/src/zr_vm_rust_binding/native_argument_view.c	zr_vm_rust_binding	code	cc3b35163284de1dec87c7786317133f7a5256ef70f50f4e1b110a900ce8224a	reviewed	826 单元调用链、所有权与问题标签已独立审查
zr_vm_rust_binding/src/zr_vm_rust_binding/native_call_context_internal.h	zr_vm_rust_binding	code	22d61842caf7615e8cb343a2ce557eacb7e0258b073374186e5bbcba01b4b007	reviewed	826 单元调用链、所有权与问题标签已独立审查
zr_vm_rust_binding/src/zr_vm_rust_binding/project_session_checkpoint.c	zr_vm_rust_binding	code	e62f635590815ae21df04115ed017aa20322eedd8e29dc864b9eac8a5c6f65fa	reviewed	826 单元调用链、所有权与问题标签已独立审查
zr_vm_rust_binding/src/zr_vm_rust_binding/value.c	zr_vm_rust_binding	code	34dc8d192147b3790fc1d163e58289cbabe87ec07d4159df3dcbc7027b23e7d7	reviewed	826 单元调用链、所有权与问题标签已独立审查
