file	unit	kind	callers	intent	constraints	evidence	decision	reason
scripts/audit_magic_constants.py	ROOT	state	collect_matches; main	从脚本文件定位仓库根，供不同工作目录的 CLI 与文档调用	所有 AuditRule.path 均相对该根	scripts/audit_magic_constants.py:collect_matches; docs/reference-alignment/project-magic-constants-inventory.md	commented	避免调用工作目录改变审计目标
scripts/audit_magic_constants.py	AuditRule	type	MIGRATED_RULES; BACKLOG_RULES; collect_matches; run_rules	将待禁用旧模式与目标常量边界、归属层、说明绑定	pattern 为 Python 正则，path 相对 ROOT	scripts/audit_magic_constants.py:MIGRATED_RULES; collect_matches	commented	明确规则不是自动替换指令
scripts/audit_magic_constants.py	Exemption	type	EXEMPTIONS; main	保存不应提升为配置常量的类别理由	只输出，不影响规则命中与退出码	scripts/audit_magic_constants.py:EXEMPTIONS; main	commented	澄清豁免不跳过规则检查
scripts/audit_magic_constants.py	MIGRATED_RULES	state	main -> run_rules -> collect_matches	已完成常量收敛的回归规则清单	只查列出路径与模式；不能证明全仓无其他裸常量	docs/reference-alignment/project-magic-constants-inventory.md; scripts/audit_magic_constants.py:main	commented	说明清单的覆盖上限
scripts/audit_magic_constants.py	BACKLOG_RULES	state	main -> run_rules	保留待迁移规则在输出协议中的位置	当前为空；backlog 命中不决定退出码	scripts/audit_magic_constants.py:main; payload.backlog	commented	解释空表仍存在的协议目的
scripts/audit_magic_constants.py	EXEMPTIONS	state	main JSON payload; main text output	列出定义绑定及局部算法值的豁免理由	仅报告；不改变 migrated 检查	scripts/audit_magic_constants.py:main; docs/reference-alignment/project-magic-constants-inventory.md	commented	区分审计边界说明与机器规则
scripts/audit_magic_constants.py	read_text	function	collect_matches	以 UTF-8 读取指定源码供正则审计	errors=ignore 会忽略无效字节；不承担编码校验	scripts/audit_magic_constants.py:collect_matches	commented	说明读取策略的边界
scripts/audit_magic_constants.py	line_number	function	collect_matches	将正则 offset 转成报告用一基行号	只按换行计数，列号未纳入此报告	scripts/audit_magic_constants.py:collect_matches; print_results	commented	说明位置语义
scripts/audit_magic_constants.py	collect_matches	function	run_rules	读取单规则目标并产生命中位置或缺文件命中	缺文件记 fail；正则扫描整段文本含注释	scripts/audit_magic_constants.py:run_rules; re.finditer	commented	描述改名和源码扫描的失败链
scripts/audit_magic_constants.py	run_rules	function	main	把各规则命中汇总为统一 pass/fail 记录	不抛弃命中细节，供 JSON/text 双出口	scripts/audit_magic_constants.py:main; collect_matches	commented	说明报告与退出码共用状态
scripts/audit_magic_constants.py	print_results	function	main text mode	在人读输出中列出规则目标和定位信息	仅文本模式调用；JSON 直接序列化结果	scripts/audit_magic_constants.py:main	commented	说明与 JSON 输出的分工
scripts/audit_magic_constants.py	main	function	__main__; docs/reference-alignment/project-magic-constants-inventory.md	运行常量回归审计并选择文本或 JSON 结果	migrated 命中退出 1；backlog 仅计数；当前基线 199 条中 7 条命中	scripts/audit_magic_constants.py:run_rules; docs/reference-alignment/project-magic-constants-inventory.md	commented	标明门禁与非门禁结果
scripts/audit_magic_constants.py	__main__ guard	block	python scripts/audit_magic_constants.py	将 main 返回码交给 shell/CI	导入模块只暴露函数和规则，不自动执行	scripts/audit_magic_constants.py:main; docs/reference-alignment/project-magic-constants-inventory.md	no-comment	惯用入口写法与调用关系已由 main 注释说明
scripts/syntax_status_records.py	EXPECTED_DIRECTORY_COUNTS	state	validate_syntax_status_records	冻结 55 份状态记录按编号目录的分布	新增/移动记录需同步审查合同	scripts/syntax_status_records.py:validate_syntax_status_records; tests/scripts/test_syntax_status_records.py:test_repository_matches_frozen_55_record_contract	commented	说明分布表是文档门禁
scripts/syntax_status_records.py	EXPECTED_RECORD_COUNT	state	validate_syntax_status_records	冻结应选状态记录总数	不是自动发现的动态计数	scripts/syntax_status_records.py:validate_syntax_status_records; docs/plans/syntax	commented	明确 55 的审查来源
scripts/syntax_status_records.py	_EXCLUDED_SUPPORT_RECORD	state	_selected_markdown_paths	排除 05 目录的支撑计划而非里程碑记录	仅该相对路径排除	scripts/syntax_status_records.py:_selected_markdown_paths; docs/plans/syntax/05-property-unified-ast/m5-task4-property-import-bootstrap.md	commented	解释特例与总数关系
scripts/syntax_status_records.py	_STATUS_PATTERN	state	collect_syntax_status_records -> _first_match	提取中英文 Markdown 列表状态	取首个匹配行；正文普通叙述不匹配	scripts/syntax_status_records.py:_first_match; tests/scripts/test_syntax_status_records.py:test_status_parser_accepts_chinese_and_qualified_completion	commented	与时间正则共用输入协议说明
scripts/syntax_status_records.py	_TIME_PATTERN	state	collect_syntax_status_records -> _first_match	提取完成时间列表项	缺失保留 None，由 validate 报告	scripts/syntax_status_records.py:collect_syntax_status_records; validate_syntax_status_records	commented	说明缺失值失败链
scripts/syntax_status_records.py	_ENGLISH_COMPLETION_PATTERN	state	SyntaxStatusRecord.is_complete	识别 completed 前缀并允许附加说明	不等同于任意包含 completed 的文本	scripts/syntax_status_records.py:SyntaxStatusRecord.is_complete; tests/scripts/test_syntax_status_records.py:test_status_parser_accepts_chinese_and_qualified_completion	commented	明确英文完成判定范围
scripts/syntax_status_records.py	SyntaxStatusRecord	type	collect_syntax_status_records; SyntaxStatusReport.to_json	保存单文件路径、目录、状态和完成时间	缺失字段为 None；相对路径基于 docs/plans/syntax	scripts/syntax_status_records.py:collect_syntax_status_records; to_json	commented	记录缺失字段的报告意义
scripts/syntax_status_records.py	SyntaxStatusRecord.is_complete	function	SyntaxStatusReport.complete_count; collect_syntax_status_records	统一中英文完成判定	中文包含已完成；英文 completed 前缀	scripts/syntax_status_records.py:collect_syntax_status_records; tests/scripts/test_syntax_status_records.py:test_status_parser_accepts_chinese_and_qualified_completion	commented	与主报告共用判定
scripts/syntax_status_records.py	SyntaxStatusReport	type	collect_syntax_status_records; main	保存记录、目录计数及所有问题分区	问题由收集阶段分类，validate 再比对冻结合同	scripts/syntax_status_records.py:collect_syntax_status_records; validate_syntax_status_records	commented	解释报告不是简单成功布尔值
scripts/syntax_status_records.py	SyntaxStatusReport.complete_count	function	SyntaxStatusReport.to_json; _format_text	从逐记录完成属性生成总数	不将缺失状态计入完成	scripts/syntax_status_records.py:SyntaxStatusReport.to_json; _format_text	commented	防止格式分支计数口径分叉
scripts/syntax_status_records.py	SyntaxStatusReport.to_json	function	main --format json	提供机器可读的 55 项状态报告	即使 validate 发现问题也输出记录；退出码另由 main 决定	scripts/syntax_status_records.py:main; tests/scripts/test_syntax_status_records.py	commented	区分序列化和门禁
scripts/syntax_status_records.py	_selected_markdown_paths	function	collect_syntax_status_records	选择编号目录中的里程碑 Markdown	排除 implementation plan 与特定支持记录；固定路径排序	scripts/syntax_status_records.py:collect_syntax_status_records; tests/scripts/test_syntax_status_records.py:test_selector_uses_numbered_directories_and_excludes_support_records	commented	说明选择规则及稳定性
scripts/syntax_status_records.py	_first_match	function	collect_syntax_status_records	从状态文档列表行提取首个字段值	未匹配返回 None，交由报告处理	scripts/syntax_status_records.py:collect_syntax_status_records	commented	解释不覆盖后续正文
scripts/syntax_status_records.py	collect_syntax_status_records	function	main; tests/scripts/test_syntax_status_records.py	只读收集状态与完成时间并构建全量问题报告	按 UTF-8 读取；文件缺失/读错会向 CLI 冒异常	scripts/syntax_status_records.py:main; tests/scripts/test_syntax_status_records.py:test_repository_matches_frozen_55_record_contract	commented	说明收集先于验证
scripts/syntax_status_records.py	validate_syntax_status_records	function	main; tests/scripts/test_syntax_status_records.py	对比冻结总数、目录分布与各记录完成状态	返回全部问题而非首错	scripts/syntax_status_records.py:main; tests/scripts/test_syntax_status_records.py:test_validation_rejects_non_complete_or_drifted_record_sets	commented	说明门禁范围
scripts/syntax_status_records.py	_format_text	function	main text mode	把报告与问题呈现为固定键/ERROR 行	仅改变输出形式，不负责重新校验	scripts/syntax_status_records.py:main	commented	与 JSON 分支共用问题集
scripts/syntax_status_records.py	main	function	__main__; docs/parser-and-semantics/current-syntax-convergence.md	执行文档状态 gate 并选择 JSON/text	存在问题退出 1；无问题退出 0	scripts/syntax_status_records.py:collect_syntax_status_records; validate_syntax_status_records; tests/scripts/test_syntax_status_records.py	commented	说明呈现与退出码关系
scripts/syntax_status_records.py	__main__ guard	block	python scripts/syntax_status_records.py	将 main 状态交给 shell	导入供测试使用时不自动扫描仓库	scripts/syntax_status_records.py:main; tests/scripts/test_syntax_status_records.py	no-comment	惯用入口语义由 main 注释覆盖
scripts/syntax_migration_inventory.py	SourceKind	type	ScannedFile; InventoryFinding; _repository_source_kind	报告区分 .zr、嵌入宿主与当前文档	JSON 值为稳定 schema 名称	scripts/syntax_migration_inventory.py:SourceKind; InventoryReport.to_json	commented	解释报告协议与调用边界
scripts/syntax_migration_inventory.py	MigrationClassification	type	MigrationRule; _classification_counts	对旧形式给迁移自动化与责任级别	不触发自动改写	scripts/syntax_migration_inventory.py:_MIGRATION_RULES; InventoryReport.to_json	commented	解释报告协议与调用边界
scripts/syntax_migration_inventory.py	SourcePosition	type	SourceRange; _position_at	保存一基源文件行列	嵌入宿主片段需映射回物理位置	scripts/syntax_migration_inventory.py:_position_at; tests/scripts/test_syntax_migration_inventory.py:test_lexes_legacy_forms_without_scanning_comments_strings_or_modulo	commented	解释报告协议与调用边界
scripts/syntax_migration_inventory.py	SourceRange	type	InventoryFinding; InventoryReviewedCurrentFinding; _range_for	保存 finding 起止源坐标	始终使用同一源坐标系	scripts/syntax_migration_inventory.py:_range_for; InventoryReport.to_json	commented	解释报告协议与调用边界
scripts/syntax_migration_inventory.py	ScannedFile	type	build_inventory; build_repository_inventory	即使无旧形式也记录进入扫描的文件	路径相对 root	scripts/syntax_migration_inventory.py:build_repository_inventory; InventoryReport.to_json	commented	解释报告协议与调用边界
scripts/syntax_migration_inventory.py	InventoryFinding	type	_append_finding; build_repository_inventory	绑定位置、旧写法、分类与目标计划	规则分类不等于允许自动迁移	scripts/syntax_migration_inventory.py:_append_finding; _MIGRATION_RULES	commented	解释报告协议与调用边界
scripts/syntax_migration_inventory.py	InventoryExclusion	type	build_repository_inventory	公开候选排除理由	所选路径不静默丢弃	scripts/syntax_migration_inventory.py:_repository_exclusion_reason; InventoryReport.to_json	commented	解释报告协议与调用边界
scripts/syntax_migration_inventory.py	InventoryAllowlistedFinding	type	build_repository_inventory	保存负向测试中的预期旧写法	file/column/form 联合键，行号可变化	scripts/syntax_migration_inventory.py:_REPOSITORY_FINDING_ALLOWLIST; build_repository_inventory	commented	解释报告协议与调用边界
scripts/syntax_migration_inventory.py	InventoryReviewedCurrentFinding	type	build_repository_inventory	单列词面相似但当前已允许的形式	不能当作待迁移 finding	scripts/syntax_migration_inventory.py:_REPOSITORY_REVIEWED_CURRENT_FORMS; build_repository_inventory	commented	解释报告协议与调用边界
scripts/syntax_migration_inventory.py	MigrationRule	type	_MIGRATION_RULES; _append_finding	给每类旧形式确定分类、目标计划和理由	具体语义证明留给人工/目标计划	scripts/syntax_migration_inventory.py:_MIGRATION_RULES; _append_finding	commented	解释报告协议与调用边界
scripts/syntax_migration_inventory.py	InventoryReport	type	build_inventory; build_repository_inventory; main	同一扫描快照输出 JSON、人读文本和 fixture 合同	成员在构造端排序，扫描不改源文件	scripts/syntax_migration_inventory.py:build_repository_inventory; InventoryReport.to_json	commented	解释报告协议与调用边界
scripts/syntax_migration_inventory.py	InventoryReport.to_json	function	main; tests/scripts/test_syntax_migration_inventory.py	序列化机器可读仓库报告	固定 schemaVersion/排序/LF，跨主机基线比较	scripts/syntax_migration_inventory.py:InventoryReport; main	commented	注明上游消费和失败边界
scripts/syntax_migration_inventory.py	InventoryReport.to_text	function	main --format text	呈现分类、目标计划与每个旧写法的位置	只做展示，不重新扫描	scripts/syntax_migration_inventory.py:InventoryReport; main	commented	注明上游消费和失败边界
scripts/syntax_migration_inventory.py	InventoryReport.to_fixture_json	function	tests/scripts/test_syntax_migration_inventory.py	冻结合成 fixture 每种旧形式的唯一分类合同	同形不同合同抛 ValueError	scripts/syntax_migration_inventory.py:build_inventory; tests/scripts/test_syntax_migration_inventory.py	commented	注明上游消费和失败边界
scripts/syntax_migration_inventory.py	_source_kind_for	function	build_inventory	将合成 fixture 路径映射到 .zr、宿主和文档来源	embedded/docs 目录约定仅适用于 fixture 模式	scripts/syntax_migration_inventory.py:build_inventory; tests/fixtures/syntax_migration_inventory	commented	注明上游消费和失败边界
scripts/syntax_migration_inventory.py	_classification_counts	function	InventoryReport.to_json; to_text; to_fixture_json	统一分类计数	零命中类别仍保留	scripts/syntax_migration_inventory.py:InventoryReport; MigrationClassification	commented	注明上游消费和失败边界
scripts/syntax_migration_inventory.py	_target_plan_counts	function	InventoryReport.to_json; to_text	汇总目标计划以支持人工迁移排期	结果按计划名排序	scripts/syntax_migration_inventory.py:InventoryReport; InventoryFinding.target_plan	commented	注明上游消费和失败边界
scripts/syntax_migration_inventory.py	_iter_files	function	build_inventory	遍历合成 fixture 根目录而不依赖 Git	仓库模式使用 _tracked_files	scripts/syntax_migration_inventory.py:build_inventory; repository_candidate_paths	commented	注明上游消费和失败边界
scripts/syntax_migration_inventory.py	_position_at	function	_range_for; _iter_embedded_string_payloads	将片段 offset 映射到一基源坐标	后续换行不继承基点列号	scripts/syntax_migration_inventory.py:_range_for; SourcePosition	commented	注明上游消费和失败边界
scripts/syntax_migration_inventory.py	_range_for	function	_append_finding	集中生成 finding 的起止范围	依赖传入片段与基点处于同一坐标系	scripts/syntax_migration_inventory.py:_append_finding; _position_at	commented	注明上游消费和失败边界
scripts/syntax_migration_inventory.py	_code_mask	function	_scan_zr_text	屏蔽注释和字符串以减少旧形式误报	保留原长度与换行；非完整 Zr lexer	scripts/syntax_migration_inventory.py:_scan_zr_text; tests/scripts/test_syntax_migration_inventory.py:test_lexes_legacy_forms_without_scanning_comments_strings_or_modulo	commented	注明上游消费和失败边界
scripts/syntax_migration_inventory.py	_append_finding	function	_scan_zr_text	将匹配命中与迁移规则表合成为 finding	未知 legacy_form 缺键时失败，规则表须完备	scripts/syntax_migration_inventory.py:_MIGRATION_RULES; _scan_zr_text	commented	注明上游消费和失败边界
scripts/syntax_migration_inventory.py	_callable_open_before_arrow	function	_scan_zr_text	为箭头分类回溯局部 callable 括号	遇语句/块分隔符停止	scripts/syntax_migration_inventory.py:_scan_zr_text legacyDefinitionArrow	commented	注明上游消费和失败边界
scripts/syntax_migration_inventory.py	_word_before_offset	function	_scan_zr_text	识别箭头前 callable 名称以区分当前 fn	只读取掩码文本中的词	scripts/syntax_migration_inventory.py:_scan_zr_text legacyFunctionTypeArrow	commented	注明上游消费和失败边界
scripts/syntax_migration_inventory.py	_scan_zr_text	function	_scan_path; _scan_documentation	从三类来源提取旧形式候选	只做启发式扫描，不作完整绑定判断	scripts/syntax_migration_inventory.py:_PERCENT_FORMS; _MIGRATION_RULES; tests/scripts/test_syntax_migration_inventory.py	commented	注明上游消费和失败边界
scripts/syntax_migration_inventory.py	_iter_embedded_string_payloads	function	_scan_path	提取宿主字符串中的 Zr 源输入片段	仅实现少量转义；当前解码换行坐标失真	scripts/syntax_migration_inventory.py:_scan_path; SourcePosition	BUG	同一物理行 source="%foo\n%await" 将 %await 报在第 2 行第 1 列；已通过直接调用复现
scripts/syntax_migration_inventory.py	_embedded_context_is_zr_input	function	_scan_path	只接纳具有 source/parse 等上下文与 Zr 开头的宿主片段	启发式 256 字符前缀，可能需随宿主调用模式更新	scripts/syntax_migration_inventory.py:_scan_path; tests/scripts/test_syntax_migration_inventory.py:test_embedded_context_recognizes_content_named_lsp_source_inputs	commented	注明上游消费和失败边界
scripts/syntax_migration_inventory.py	_scan_path	function	build_inventory; build_repository_inventory	按来源分派纯 .zr、宿主字面量与文档围栏扫描	repository 模式开启上下文过滤；UTF-8 读取	scripts/syntax_migration_inventory.py:build_repository_inventory; _scan_zr_text	commented	注明上游消费和失败边界
scripts/syntax_migration_inventory.py	_scan_documentation	function	_scan_path	仅扫描 Markdown 的 zr fenced code	当前 5 处 wiki 形成旧形式 finding；须确定示例意图	scripts/syntax_migration_inventory.py:_scan_path; tests/scripts/test_syntax_migration_inventory.py:test_repository_inventory_is_closed_deterministic_and_excludes_non_source_inputs	TODO	当前 5 处 wiki finding 导致零残留测试失败；需核其是否反例/过时示例
scripts/syntax_migration_inventory.py	build_inventory	function	tests/scripts/test_syntax_migration_inventory.py	构建合成 fixture 词法与分类报告	扫描本地目录，未套用仓库排除规则	scripts/syntax_migration_inventory.py:_iter_files; _scan_path; tests/fixtures/syntax_migration_inventory	commented	注明上游消费和失败边界
scripts/syntax_migration_inventory.py	_repository_inventory_signature	function	build_repository_inventory	以候选文件元数据标记进程内缓存快照	相同元数据改写无法察觉，强一致合同待核实	scripts/syntax_migration_inventory.py:_repository_inventory_cache; build_repository_inventory	commented	注明上游消费和失败边界
scripts/syntax_migration_inventory.py	_tracked_files	function	repository_candidate_paths	读取 Git 跟踪路径以限制仓库报告输入	git 子进程失败抛异常	scripts/syntax_migration_inventory.py:repository_candidate_paths; git ls-files -z	commented	注明上游消费和失败边界
scripts/syntax_migration_inventory.py	_is_repository_candidate	function	repository_candidate_paths	宽选当前 Zr 源、宿主、文档及二进制	历史/第三方由 exclusion 后续分类	scripts/syntax_migration_inventory.py:_REPOSITORY_SELECTED_ROOTS; repository_candidate_paths	commented	注明上游消费和失败边界
scripts/syntax_migration_inventory.py	repository_candidate_paths	function	build_repository_inventory; tests/scripts/test_syntax_migration_inventory.py	排序仓库候选且跳过工作树缺失跟踪路径	不含未跟踪源文件	scripts/syntax_migration_inventory.py:_tracked_files; _is_repository_candidate	commented	注明上游消费和失败边界
scripts/syntax_migration_inventory.py	_repository_exclusion_reason	function	build_repository_inventory	给历史计划、二进制和负向 fixture 等候选稳定排除理由	按路径名与后缀分类	scripts/syntax_migration_inventory.py:build_repository_inventory; InventoryExclusion	commented	注明上游消费和失败边界
scripts/syntax_migration_inventory.py	_repository_source_kind	function	build_repository_inventory	把已过滤候选映射到三种扫描入口	后缀前提由 _is_repository_candidate 保证	scripts/syntax_migration_inventory.py:build_repository_inventory; _scan_path	commented	注明上游消费和失败边界
scripts/syntax_migration_inventory.py	build_repository_inventory	function	main; tests/scripts/test_syntax_migration_inventory.py	生成 Git 候选的 scanned/excluded/finding 完整分区	缓存按元数据失效；五处当前 wiki finding 使零残留 gate 失败	scripts/syntax_migration_inventory.py:repository_candidate_paths; _REPOSITORY_FINDING_ALLOWLIST; tests/scripts/test_syntax_migration_inventory.py	commented	注明上游消费和失败边界
scripts/syntax_migration_inventory.py	main	function	__main__; docs/parser-and-semantics/syntax-migration-inventory.md	只读输出 JSON 或文本迁移报告	--output 仅写指定报告文件；不以 finding 数决定退出码	scripts/syntax_migration_inventory.py:build_repository_inventory; tests/scripts/test_syntax_migration_inventory.py	commented	注明上游消费和失败边界
scripts/syntax_migration_inventory.py	_PERCENT_FORMS	state	_scan_zr_text	把已知百分号指令映射稳定旧形式名	未知形式进入 blocked	scripts/syntax_migration_inventory.py:_scan_zr_text	commented	解释清单/缓存与输出合同
scripts/syntax_migration_inventory.py	_MIGRATION_RULES	state	_append_finding; _scan_zr_text	维护每类旧形式的迁移等级与目标计划	规则分类不批准改写	scripts/syntax_migration_inventory.py:_append_finding; tests/fixtures/syntax_migration_inventory/expected/inventory.json	commented	解释清单/缓存与输出合同
scripts/syntax_migration_inventory.py	_REPOSITORY_SELECTED_ROOTS	state	InventoryReport.selected_roots; build_repository_inventory	公开仓库扫描范围声明	实际候选还受后缀和 Git 约束	scripts/syntax_migration_inventory.py:build_repository_inventory; InventoryReport.to_json	commented	解释清单/缓存与输出合同
scripts/syntax_migration_inventory.py	_BINARY_ARTIFACT_SUFFIXES	state	_is_repository_candidate; _repository_exclusion_reason	让二进制进入候选后保留排除记录	不读取二进制内容	scripts/syntax_migration_inventory.py:_repository_exclusion_reason	commented	解释清单/缓存与输出合同
scripts/syntax_migration_inventory.py	_EMBEDDED_HOST_SUFFIXES	state	_is_repository_candidate	限定可能含 Zr 源字面量的宿主扩展名	只有 tests/examples/extensions 下生效	scripts/syntax_migration_inventory.py:_is_repository_candidate	commented	解释清单/缓存与输出合同
scripts/syntax_migration_inventory.py	_REPOSITORY_FINDING_ALLOWLIST	state	build_repository_inventory	稳定识别预期负向测试旧写法	键使用 file/column/form，新增同位内容需重审	scripts/syntax_migration_inventory.py:build_repository_inventory; tests/scripts/test_syntax_migration_inventory.py	commented	解释清单/缓存与输出合同
scripts/syntax_migration_inventory.py	_REPOSITORY_REVIEWED_CURRENT_FORMS	state	build_repository_inventory	隔离已晋升当前语法的裸类型调用/new	仍保留 reviewedCurrentFindings 审查记录	scripts/syntax_migration_inventory.py:build_repository_inventory	commented	解释清单/缓存与输出合同
scripts/syntax_migration_inventory.py	_repository_inventory_cache	state	build_repository_inventory	同进程复用重复请求的仓库快照	元数据签名未变化则重用报告	scripts/syntax_migration_inventory.py:_repository_inventory_signature; tests/scripts/test_syntax_migration_inventory.py:test_repository_inventory_reuses_unchanged_snapshot_and_invalidates_changes	commented	解释清单/缓存与输出合同
scripts/syntax_migration_inventory.py	__main__ guard	block	python scripts/syntax_migration_inventory.py	将 CLI 返回值交给 shell	导入模块供测试时不扫描仓库	scripts/syntax_migration_inventory.py:main; tests/scripts/test_syntax_migration_inventory.py	no-comment	标准入口写法由 main 说明
scripts/benchmark/aggregate_benchmark_summary.py	MEASUREMENT_FIELDS	state	_implementation_contract_issue; run_wsl_benchmarks_report_csv.sh -> aggregate_benchmark_summary.main	报告测量契约与 CSV 导出共用字段和合法值，比较映射绑定目标运行时名。	不重算输入比值；身份、状态或 scope 不合格时清空并记录移除路径	scripts/benchmark/aggregate_benchmark_summary.py:20; tests/benchmarks/test_benchmark_task3_report_consumers.py; tests/benchmarks/test_benchmark_task4_integration.py	commented	中文注释说明跨层职责或契约
scripts/benchmark/aggregate_benchmark_summary.py	VALID_MEASUREMENT_SCOPES	state	_implementation_contract_issue; run_wsl_benchmarks_report_csv.sh -> aggregate_benchmark_summary.main	定义版本、字段或算法常量，供序列化与校验共用	不重算输入比值；身份、状态或 scope 不合格时清空并记录移除路径	scripts/benchmark/aggregate_benchmark_summary.py:27; tests/benchmarks/test_benchmark_task3_report_consumers.py; tests/benchmarks/test_benchmark_task4_integration.py	no-comment	常量名称和值直接给出版本或字段合同；组级注释已说明用途
scripts/benchmark/aggregate_benchmark_summary.py	VALID_PREPARE_SCOPES	state	_implementation_contract_issue; run_wsl_benchmarks_report_csv.sh -> aggregate_benchmark_summary.main	定义版本、字段或算法常量，供序列化与校验共用	不重算输入比值；身份、状态或 scope 不合格时清空并记录移除路径	scripts/benchmark/aggregate_benchmark_summary.py:28; tests/benchmarks/test_benchmark_task3_report_consumers.py; tests/benchmarks/test_benchmark_task4_integration.py	no-comment	常量名称和值直接给出版本或字段合同；组级注释已说明用途
scripts/benchmark/aggregate_benchmark_summary.py	COMPARISON_IMPLEMENTATION_NAMES	state	_gate_comparison_ratios; run_wsl_benchmarks_report_csv.sh -> aggregate_benchmark_summary.main	定义版本、字段或算法常量，供序列化与校验共用	不重算输入比值；身份、状态或 scope 不合格时清空并记录移除路径	scripts/benchmark/aggregate_benchmark_summary.py:38; tests/benchmarks/test_benchmark_task3_report_consumers.py; tests/benchmarks/test_benchmark_task4_integration.py	no-comment	常量名称和值直接给出版本或字段合同；组级注释已说明用途
scripts/benchmark/aggregate_benchmark_summary.py	_record_name_is_valid	function	_duplicate_record_names; _gate_benchmark_relative_to_c; _gate_comparison_ratios; _validate_benchmark_measurement_contract; _validate_comparison_identity_contract; run_wsl_benchmarks_report_csv.sh -> aggregate_benchmark_summary.main	确认报告记录有可用的非空名称	不重算输入比值；身份、状态或 scope 不合格时清空并记录移除路径	scripts/benchmark/aggregate_benchmark_summary.py:50; tests/benchmarks/test_benchmark_task3_report_consumers.py; tests/benchmarks/test_benchmark_task4_integration.py	no-comment	名称、局部逻辑及现有模块说明足以解释此单元，无额外跨层约束
scripts/benchmark/aggregate_benchmark_summary.py	_duplicate_record_names	function	_gate_benchmark_relative_to_c; _gate_comparison_ratios; _validate_benchmark_measurement_contract; _validate_comparison_identity_contract; run_wsl_benchmarks_report_csv.sh -> aggregate_benchmark_summary.main	找出同层报告记录的重复身份	不重算输入比值；身份、状态或 scope 不合格时清空并记录移除路径	scripts/benchmark/aggregate_benchmark_summary.py:58; tests/benchmarks/test_benchmark_task3_report_consumers.py; tests/benchmarks/test_benchmark_task4_integration.py	no-comment	名称、局部逻辑及现有模块说明足以解释此单元，无额外跨层约束
scripts/benchmark/aggregate_benchmark_summary.py	_read_json_optional	function	_build_summary; run_wsl_benchmarks_report_csv.sh -> aggregate_benchmark_summary.main	读取可选 JSON 报告，缺失或损坏时记录警告	不重算输入比值；身份、状态或 scope 不合格时清空并记录移除路径	scripts/benchmark/aggregate_benchmark_summary.py:69; tests/benchmarks/test_benchmark_task3_report_consumers.py; tests/benchmarks/test_benchmark_task4_integration.py	no-comment	名称、局部逻辑及现有模块说明足以解释此单元，无额外跨层约束
scripts/benchmark/aggregate_benchmark_summary.py	_implementation_contract_issue	function	_contract_is_comparable; _validate_benchmark_measurement_contract; run_wsl_benchmarks_report_csv.sh -> aggregate_benchmark_summary.main	收集单条实现记录的缺失或非法测量字段	不重算输入比值；身份、状态或 scope 不合格时清空并记录移除路径	scripts/benchmark/aggregate_benchmark_summary.py:80; tests/benchmarks/test_benchmark_task3_report_consumers.py; tests/benchmarks/test_benchmark_task4_integration.py	BUG	复现：完整报告的 measurement_scope=[]；_build_summary 在集合检查抛 TypeError，无法输出无效契约与清空比值
scripts/benchmark/aggregate_benchmark_summary.py	_validate_benchmark_measurement_contract	function	_build_summary; run_wsl_benchmarks_report_csv.sh -> aggregate_benchmark_summary.main	逐 case 验证基准报告的五字段测量契约与身份唯一性	不重算输入比值；身份、状态或 scope 不合格时清空并记录移除路径	scripts/benchmark/aggregate_benchmark_summary.py:105; tests/benchmarks/test_benchmark_task3_report_consumers.py; tests/benchmarks/test_benchmark_task4_integration.py	no-comment	名称、局部逻辑及现有模块说明足以解释此单元，无额外跨层约束
scripts/benchmark/aggregate_benchmark_summary.py	_validate_comparison_identity_contract	function	_build_summary; run_wsl_benchmarks_report_csv.sh -> aggregate_benchmark_summary.main	确认比较报告的 case 身份和比例对象可用	不重算输入比值；身份、状态或 scope 不合格时清空并记录移除路径	scripts/benchmark/aggregate_benchmark_summary.py:153; tests/benchmarks/test_benchmark_task3_report_consumers.py; tests/benchmarks/test_benchmark_task4_integration.py	no-comment	名称、局部逻辑及现有模块说明足以解释此单元，无额外跨层约束
scripts/benchmark/aggregate_benchmark_summary.py	_task3_record_is_comparable	function	_contract_is_comparable; run_wsl_benchmarks_report_csv.sh -> aggregate_benchmark_summary.main	兼容旧报告并遵守新报告的稳定性与门控拒绝标记	不重算输入比值；身份、状态或 scope 不合格时清空并记录移除路径	scripts/benchmark/aggregate_benchmark_summary.py:181; tests/benchmarks/test_benchmark_task3_report_consumers.py; tests/benchmarks/test_benchmark_task4_integration.py	no-comment	名称、局部逻辑及现有模块说明足以解释此单元，无额外跨层约束
scripts/benchmark/aggregate_benchmark_summary.py	_contract_is_comparable	function	_gate_benchmark_relative_to_c; _gate_comparison_ratios; tests/benchmarks/test_benchmark_task3_report_consumers.py:assert_consumer_result; run_wsl_benchmarks_report_csv.sh -> aggregate_benchmark_summary.main	判定两条基准记录的状态和测量范围是否允许比较	不重算输入比值；身份、状态或 scope 不合格时清空并记录移除路径	scripts/benchmark/aggregate_benchmark_summary.py:191; tests/benchmarks/test_benchmark_task3_report_consumers.py; tests/benchmarks/test_benchmark_task4_integration.py	no-comment	名称、局部逻辑及现有模块说明足以解释此单元，无额外跨层约束
scripts/benchmark/aggregate_benchmark_summary.py	_gate_benchmark_relative_to_c	function	_build_summary; run_wsl_benchmarks_report_csv.sh -> aggregate_benchmark_summary.main	汇总只撤销不可信比值，不重新计算；原报告供追溯，副本供查看器消费。	不重算输入比值；身份、状态或 scope 不合格时清空并记录移除路径	scripts/benchmark/aggregate_benchmark_summary.py:202; tests/benchmarks/test_benchmark_task3_report_consumers.py; tests/benchmarks/test_benchmark_task4_integration.py	commented	中文注释说明跨层职责或契约
scripts/benchmark/aggregate_benchmark_summary.py	_gate_comparison_ratios	function	_build_summary; run_wsl_benchmarks_report_csv.sh -> aggregate_benchmark_summary.main	比较报告的比例必须能对应唯一基准 case、唯一实现及相同测量范围。	不重算输入比值；身份、状态或 scope 不合格时清空并记录移除路径	scripts/benchmark/aggregate_benchmark_summary.py:240; tests/benchmarks/test_benchmark_task3_report_consumers.py; tests/benchmarks/test_benchmark_task4_integration.py	commented	中文注释说明跨层职责或契约
scripts/benchmark/aggregate_benchmark_summary.py	_build_summary	function	main; tests/benchmarks/test_benchmark_task4_integration.py:test_aggregate_baseline_summary_is_fail_closed; run_wsl_benchmarks_report_csv.sh -> aggregate_benchmark_summary.main	缺失或损坏的可选报告仍写入诊断汇总；比例门控使用已读取的基准记录。	不重算输入比值；身份、状态或 scope 不合格时清空并记录移除路径	scripts/benchmark/aggregate_benchmark_summary.py:312; tests/benchmarks/test_benchmark_task3_report_consumers.py; tests/benchmarks/test_benchmark_task4_integration.py	commented	中文注释说明跨层职责或契约
scripts/benchmark/aggregate_benchmark_summary.py	_inject_bundle	function	main; run_wsl_benchmarks_report_csv.sh -> aggregate_benchmark_summary.main	将汇总 JSON 编码后嵌入 HTML 查看器模板	不重算输入比值；身份、状态或 scope 不合格时清空并记录移除路径	scripts/benchmark/aggregate_benchmark_summary.py:396; tests/benchmarks/test_benchmark_task3_report_consumers.py; tests/benchmarks/test_benchmark_task4_integration.py	no-comment	名称、局部逻辑及现有模块说明足以解释此单元，无额外跨层约束
scripts/benchmark/aggregate_benchmark_summary.py	main	function	run_wsl_benchmarks_report_csv.sh -> aggregate_benchmark_summary.main	解析命令行、执行本脚本的用户入口并返回退出状态	不重算输入比值；身份、状态或 scope 不合格时清空并记录移除路径	scripts/benchmark/aggregate_benchmark_summary.py:405; tests/benchmarks/test_benchmark_task3_report_consumers.py; tests/benchmarks/test_benchmark_task4_integration.py	no-comment	名称、局部逻辑及现有模块说明足以解释此单元，无额外跨层约束
scripts/benchmark/benchmark_environment_capture.py	PROBE_SUBPROCESS_TIMEOUT_SECONDS	state	_first_output_line; benchmark_environment_contract capture/finalize/cache-key	探测超时与 CMake/运行时字段清单界定捕获范围，失败记录为不可用。	构建证据可用后捕获 IN_PROGRESS；完成阶段重采源码并计算指纹	scripts/benchmark/benchmark_environment_capture.py:31; tests/benchmarks/test_benchmark_environment_contract.py	commented	中文注释说明跨层职责或契约
scripts/benchmark/benchmark_environment_capture.py	_BUILD_FLAG_NAMES	state	build_contract_from_cache; benchmark_environment_contract capture/finalize/cache-key	定义版本、字段或算法常量，供序列化与校验共用	构建证据可用后捕获 IN_PROGRESS；完成阶段重采源码并计算指纹	scripts/benchmark/benchmark_environment_capture.py:32; tests/benchmarks/test_benchmark_environment_contract.py	no-comment	常量名称和值直接给出版本或字段合同；组级注释已说明用途
scripts/benchmark/benchmark_environment_capture.py	_RUNTIME_PROBES	state	_capture_runtimes; benchmark_environment_contract capture/finalize/cache-key	定义版本、字段或算法常量，供序列化与校验共用	构建证据可用后捕获 IN_PROGRESS；完成阶段重采源码并计算指纹	scripts/benchmark/benchmark_environment_capture.py:40; tests/benchmarks/test_benchmark_environment_contract.py	no-comment	常量名称和值直接给出版本或字段合同；组级注释已说明用途
scripts/benchmark/benchmark_environment_capture.py	_SANITIZER_PATTERN	state	build_contract_from_cache; benchmark_environment_contract capture/finalize/cache-key	定义版本、字段或算法常量，供序列化与校验共用	构建证据可用后捕获 IN_PROGRESS；完成阶段重采源码并计算指纹	scripts/benchmark/benchmark_environment_capture.py:51; tests/benchmarks/test_benchmark_environment_contract.py	no-comment	常量名称和值直接给出版本或字段合同；组级注释已说明用途
scripts/benchmark/benchmark_environment_capture.py	_ABI_RUNTIME_MARKERS	state	build_contract_from_cache; benchmark_environment_contract capture/finalize/cache-key	定义版本、字段或算法常量，供序列化与校验共用	构建证据可用后捕获 IN_PROGRESS；完成阶段重采源码并计算指纹	scripts/benchmark/benchmark_environment_capture.py:54; tests/benchmarks/test_benchmark_environment_contract.py	no-comment	常量名称和值直接给出版本或字段合同；组级注释已说明用途
scripts/benchmark/benchmark_environment_capture.py	parse_cmake_cache	function	capture_environment; scripts/benchmark/benchmark_environment_contract.py:_main_cache_key; benchmark_environment_contract capture/finalize/cache-key	解析 CMakeCache 文本并拒绝重复键	构建证据可用后捕获 IN_PROGRESS；完成阶段重采源码并计算指纹	scripts/benchmark/benchmark_environment_capture.py:65; tests/benchmarks/test_benchmark_environment_contract.py	no-comment	名称、局部逻辑及现有模块说明足以解释此单元，无额外跨层约束
scripts/benchmark/benchmark_environment_capture.py	_sha256_file	function	_toolchain_file_identity; benchmark_environment_contract capture/finalize/cache-key	按块计算工具链文件的 SHA-256 摘要	构建证据可用后捕获 IN_PROGRESS；完成阶段重采源码并计算指纹	scripts/benchmark/benchmark_environment_capture.py:82; tests/benchmarks/test_benchmark_environment_contract.py	no-comment	名称、局部逻辑及现有模块说明足以解释此单元，无额外跨层约束
scripts/benchmark/benchmark_environment_capture.py	_cache_records	function	build_contract_from_cache; benchmark_environment_contract capture/finalize/cache-key	按稳定键顺序提取匹配的缓存记录	构建证据可用后捕获 IN_PROGRESS；完成阶段重采源码并计算指纹	scripts/benchmark/benchmark_environment_capture.py:93; tests/benchmarks/test_benchmark_environment_contract.py	no-comment	名称、局部逻辑及现有模块说明足以解释此单元，无额外跨层约束
scripts/benchmark/benchmark_environment_capture.py	_toolchain_file_identity	function	build_contract_from_cache; benchmark_environment_contract capture/finalize/cache-key	解析工具链文件路径并记录内容摘要	构建证据可用后捕获 IN_PROGRESS；完成阶段重采源码并计算指纹	scripts/benchmark/benchmark_environment_capture.py:101; tests/benchmarks/test_benchmark_environment_contract.py	no-comment	名称、局部逻辑及现有模块说明足以解释此单元，无额外跨层约束
scripts/benchmark/benchmark_environment_capture.py	_replace_root	function	_normalize_compile_entry; benchmark_environment_contract capture/finalize/cache-key	将编译命令中的绝对根路径归一化	构建证据可用后捕获 IN_PROGRESS；完成阶段重采源码并计算指纹	scripts/benchmark/benchmark_environment_capture.py:119; tests/benchmarks/test_benchmark_environment_contract.py	no-comment	名称、局部逻辑及现有模块说明足以解释此单元，无额外跨层约束
scripts/benchmark/benchmark_environment_capture.py	_normalize_compile_entry	function	_target_compile_evidence; benchmark_environment_contract capture/finalize/cache-key	把仓库和构建绝对路径替换为稳定标记，编译命令的其余差异仍进入指纹。	构建证据可用后捕获 IN_PROGRESS；完成阶段重采源码并计算指纹	scripts/benchmark/benchmark_environment_capture.py:131; tests/benchmarks/test_benchmark_environment_contract.py	commented	中文注释说明跨层职责或契约
scripts/benchmark/benchmark_environment_capture.py	_target_compile_evidence	function	build_contract_from_cache; benchmark_environment_contract capture/finalize/cache-key	compile_commands 是目标实际编译配置的证据；缺失时显式标为不可用。	构建证据可用后捕获 IN_PROGRESS；完成阶段重采源码并计算指纹	scripts/benchmark/benchmark_environment_capture.py:166; tests/benchmarks/test_benchmark_environment_contract.py	commented	中文注释说明跨层职责或契约
scripts/benchmark/benchmark_environment_capture.py	build_contract_from_cache	function	capture_environment; scripts/benchmark/benchmark_environment_contract.py:_main_cache_key; benchmark_environment_contract capture/finalize/cache-key	从 CMake 缓存提取会影响性能的构建选项，并附上目标编译命令摘要。	构建证据可用后捕获 IN_PROGRESS；完成阶段重采源码并计算指纹	scripts/benchmark/benchmark_environment_capture.py:192; tests/benchmarks/test_benchmark_environment_contract.py	commented	中文注释说明跨层职责或契约
scripts/benchmark/benchmark_environment_capture.py	parse_cpu_list	function	select_allowed_cpu; benchmark_environment_contract capture/finalize/cache-key	解析 Linux CPU 列表并拒绝重叠范围	构建证据可用后捕获 IN_PROGRESS；完成阶段重采源码并计算指纹	scripts/benchmark/benchmark_environment_capture.py:257; tests/benchmarks/test_benchmark_environment_contract.py	no-comment	名称、局部逻辑及现有模块说明足以解释此单元，无额外跨层约束
scripts/benchmark/benchmark_environment_capture.py	_read_topology_integer	function	select_allowed_cpu; benchmark_environment_contract capture/finalize/cache-key	读取并校验 sysfs 拓扑整数	构建证据可用后捕获 IN_PROGRESS；完成阶段重采源码并计算指纹	scripts/benchmark/benchmark_environment_capture.py:280; tests/benchmarks/test_benchmark_environment_contract.py	no-comment	名称、局部逻辑及现有模块说明足以解释此单元，无额外跨层约束
scripts/benchmark/benchmark_environment_capture.py	select_allowed_cpu	function	capture_environment; scripts/benchmark/benchmark_environment_contract.py:_main_select_cpu; benchmark_environment_contract capture/finalize/cache-key	只从允许且在线的逻辑 CPU 中挑选，要求 sysfs 拓扑能验证其身份。	构建证据可用后捕获 IN_PROGRESS；完成阶段重采源码并计算指纹	scripts/benchmark/benchmark_environment_capture.py:290; tests/benchmarks/test_benchmark_environment_contract.py	commented	中文注释说明跨层职责或契约
scripts/benchmark/benchmark_environment_capture.py	_load_average	function	capture_environment; finalize_environment; benchmark_environment_contract capture/finalize/cache-key	采样系统负载，平台不支持时返回零值占位	构建证据可用后捕获 IN_PROGRESS；完成阶段重采源码并计算指纹	scripts/benchmark/benchmark_environment_capture.py:343; tests/benchmarks/test_benchmark_environment_contract.py	no-comment	名称、局部逻辑及现有模块说明足以解释此单元，无额外跨层约束
scripts/benchmark/benchmark_environment_capture.py	_utc_now	function	capture_environment; finalize_environment; benchmark_environment_contract capture/finalize/cache-key	生成环境捕获用 UTC 时间戳	构建证据可用后捕获 IN_PROGRESS；完成阶段重采源码并计算指纹	scripts/benchmark/benchmark_environment_capture.py:350; tests/benchmarks/test_benchmark_environment_contract.py	no-comment	名称、局部逻辑及现有模块说明足以解释此单元，无额外跨层约束
scripts/benchmark/benchmark_environment_capture.py	_first_output_line	function	_capture_runtimes; capture_environment; benchmark_environment_contract capture/finalize/cache-key	限时执行版本探针并提取首个非空输出行	构建证据可用后捕获 IN_PROGRESS；完成阶段重采源码并计算指纹	scripts/benchmark/benchmark_environment_capture.py:354; tests/benchmarks/test_benchmark_environment_contract.py	no-comment	名称、局部逻辑及现有模块说明足以解释此单元，无额外跨层约束
scripts/benchmark/benchmark_environment_capture.py	_resolve_executable	function	capture_environment; benchmark_environment_contract capture/finalize/cache-key	解析编译器或运行时可执行文件的真实路径	构建证据可用后捕获 IN_PROGRESS；完成阶段重采源码并计算指纹	scripts/benchmark/benchmark_environment_capture.py:379; tests/benchmarks/test_benchmark_environment_contract.py	no-comment	名称、局部逻辑及现有模块说明足以解释此单元，无额外跨层约束
scripts/benchmark/benchmark_environment_capture.py	_capture_runtimes	function	capture_environment; benchmark_environment_contract capture/finalize/cache-key	逐项探测版本；探测失败保留 unavailable，而不猜测外部运行时身份。	构建证据可用后捕获 IN_PROGRESS；完成阶段重采源码并计算指纹	scripts/benchmark/benchmark_environment_capture.py:389; tests/benchmarks/test_benchmark_environment_contract.py	commented	中文注释说明跨层职责或契约
scripts/benchmark/benchmark_environment_capture.py	_cpu_model	function	capture_environment; benchmark_environment_contract capture/finalize/cache-key	从 procfs 获取 CPU 型号并提供平台回退值	构建证据可用后捕获 IN_PROGRESS；完成阶段重采源码并计算指纹	scripts/benchmark/benchmark_environment_capture.py:413; tests/benchmarks/test_benchmark_environment_contract.py	no-comment	名称、局部逻辑及现有模块说明足以解释此单元，无额外跨层约束
scripts/benchmark/benchmark_environment_capture.py	_wsl_release	function	capture_environment; benchmark_environment_contract capture/finalize/cache-key	从内核版本识别 WSL 代际	构建证据可用后捕获 IN_PROGRESS；完成阶段重采源码并计算指纹	scripts/benchmark/benchmark_environment_capture.py:428; tests/benchmarks/test_benchmark_environment_contract.py	no-comment	名称、局部逻辑及现有模块说明足以解释此单元，无额外跨层约束
scripts/benchmark/benchmark_environment_capture.py	_capture_governor	function	capture_environment; benchmark_environment_contract capture/finalize/cache-key	读取选中 CPU 的频率调度器状态	构建证据可用后捕获 IN_PROGRESS；完成阶段重采源码并计算指纹	scripts/benchmark/benchmark_environment_capture.py:435; tests/benchmarks/test_benchmark_environment_contract.py	no-comment	名称、局部逻辑及现有模块说明足以解释此单元，无额外跨层约束
scripts/benchmark/benchmark_environment_capture.py	capture_environment	function	scripts/benchmark/benchmark_environment_contract.py:_main_capture; benchmark_environment_contract capture/finalize/cache-key	先核实构建与源码起点，再写 IN_PROGRESS；包装脚本运行完才可 finalize。	构建证据可用后捕获 IN_PROGRESS；完成阶段重采源码并计算指纹	scripts/benchmark/benchmark_environment_capture.py:447; tests/benchmarks/test_benchmark_environment_contract.py	commented	中文注释说明跨层职责或契约
scripts/benchmark/benchmark_environment_capture.py	finalize_environment	function	scripts/benchmark/benchmark_environment_contract.py:_main_finalize; benchmark_environment_contract capture/finalize/cache-key	仅接受未完成快照；补齐结束时的源码与负载后，才设置 COMPLETE 并计算指纹。	构建证据可用后捕获 IN_PROGRESS；完成阶段重采源码并计算指纹	scripts/benchmark/benchmark_environment_capture.py:534; tests/benchmarks/test_benchmark_environment_contract.py	commented	中文注释说明跨层职责或契约
scripts/benchmark/benchmark_environment_contract.py	__all__	state	capture_benchmark_environment.sh; build_benchmark_release.sh; run_wsl_benchmarks_report_csv.sh	CLI 与测试共用此门面；固定导出面汇合捕获、schema 和源码身份 API。	CLI 错误返回 2；JSON 写出通过同目录临时文件替换	scripts/benchmark/benchmark_environment_contract.py:53; tests/benchmarks/test_benchmark_environment_contract.py; tests/benchmarks/test_benchmark_task4_integration.py	commented	中文注释说明跨层职责或契约
scripts/benchmark/benchmark_environment_contract.py	_read_json_file	function	_main_finalize; capture_benchmark_environment.sh; build_benchmark_release.sh; run_wsl_benchmarks_report_csv.sh	严格读取环境或报告 JSON，文件错误归一化为值错误	CLI 错误返回 2；JSON 写出通过同目录临时文件替换	scripts/benchmark/benchmark_environment_contract.py:90; tests/benchmarks/test_benchmark_environment_contract.py; tests/benchmarks/test_benchmark_task4_integration.py	no-comment	名称、局部逻辑及现有模块说明足以解释此单元，无额外跨层约束
scripts/benchmark/benchmark_environment_contract.py	_main_capture	function	_argument_parser; capture_benchmark_environment.sh; build_benchmark_release.sh; run_wsl_benchmarks_report_csv.sh	把 CLI capture 参数传给环境捕获并原子写出	CLI 错误返回 2；JSON 写出通过同目录临时文件替换	scripts/benchmark/benchmark_environment_contract.py:97; tests/benchmarks/test_benchmark_environment_contract.py; tests/benchmarks/test_benchmark_task4_integration.py	no-comment	名称、局部逻辑及现有模块说明足以解释此单元，无额外跨层约束
scripts/benchmark/benchmark_environment_contract.py	_main_finalize	function	_argument_parser; capture_benchmark_environment.sh; build_benchmark_release.sh; run_wsl_benchmarks_report_csv.sh	读取未完成环境并写出完成快照	CLI 错误返回 2；JSON 写出通过同目录临时文件替换	scripts/benchmark/benchmark_environment_contract.py:111; tests/benchmarks/test_benchmark_environment_contract.py; tests/benchmarks/test_benchmark_task4_integration.py	no-comment	名称、局部逻辑及现有模块说明足以解释此单元，无额外跨层约束
scripts/benchmark/benchmark_environment_contract.py	_main_select_cpu	function	_argument_parser; capture_benchmark_environment.sh; build_benchmark_release.sh; run_wsl_benchmarks_report_csv.sh	输出可用于亲和性绑定的 CPU	CLI 错误返回 2；JSON 写出通过同目录临时文件替换	scripts/benchmark/benchmark_environment_contract.py:116; tests/benchmarks/test_benchmark_environment_contract.py; tests/benchmarks/test_benchmark_task4_integration.py	no-comment	名称、局部逻辑及现有模块说明足以解释此单元，无额外跨层约束
scripts/benchmark/benchmark_environment_contract.py	_parse_flag_argument	function	_argument_parser; capture_benchmark_environment.sh; build_benchmark_release.sh; run_wsl_benchmarks_report_csv.sh	把 NAME=VALUE CLI 参数转换为有序构建标志	CLI 错误返回 2；JSON 写出通过同目录临时文件替换	scripts/benchmark/benchmark_environment_contract.py:124; tests/benchmarks/test_benchmark_environment_contract.py; tests/benchmarks/test_benchmark_task4_integration.py	no-comment	名称、局部逻辑及现有模块说明足以解释此单元，无额外跨层约束
scripts/benchmark/benchmark_environment_contract.py	_main_cache_key	function	_argument_parser; capture_benchmark_environment.sh; build_benchmark_release.sh; run_wsl_benchmarks_report_csv.sh	有构建目录时纳入实际 target evidence；缺失时缓存身份仍可生成但不可比。	CLI 错误返回 2；JSON 写出通过同目录临时文件替换	scripts/benchmark/benchmark_environment_contract.py:133; tests/benchmarks/test_benchmark_environment_contract.py; tests/benchmarks/test_benchmark_task4_integration.py	commented	中文注释说明跨层职责或契约
scripts/benchmark/benchmark_environment_contract.py	_argument_parser	function	main; capture_benchmark_environment.sh; build_benchmark_release.sh; run_wsl_benchmarks_report_csv.sh	注册环境捕获、完成、CPU 选择和缓存键子命令	CLI 错误返回 2；JSON 写出通过同目录临时文件替换	scripts/benchmark/benchmark_environment_contract.py:166; tests/benchmarks/test_benchmark_environment_contract.py; tests/benchmarks/test_benchmark_task4_integration.py	no-comment	名称、局部逻辑及现有模块说明足以解释此单元，无额外跨层约束
scripts/benchmark/benchmark_environment_contract.py	main	function	capture_benchmark_environment.sh; build_benchmark_release.sh; run_wsl_benchmarks_report_csv.sh	shell 包装器与发布流水线调用此 CLI；验证失败统一以状态码 2 报出。	CLI 错误返回 2；JSON 写出通过同目录临时文件替换	scripts/benchmark/benchmark_environment_contract.py:220; tests/benchmarks/test_benchmark_environment_contract.py; tests/benchmarks/test_benchmark_task4_integration.py	commented	中文注释说明跨层职责或契约
scripts/benchmark/benchmark_environment_schema.py	ENVIRONMENT_SCHEMA_VERSION	state	stable_environment_payload; benchmark_environment_contract; benchmark_task4_contract	版本与必填字段同时约束缓存身份、稳定指纹和捕获状态机。	稳定字段参与指纹；易变字段仅作证据；无效输入返回诊断码或抛契约错误	scripts/benchmark/benchmark_environment_schema.py:18; tests/benchmarks/test_benchmark_environment_contract.py; tests/benchmarks/test_benchmark_task4_integration.py	commented	中文注释说明跨层职责或契约
scripts/benchmark/benchmark_environment_schema.py	BUILD_CONTRACT_VERSION	state	normalize_build_contract; benchmark_environment_contract; benchmark_task4_contract	定义版本、字段或算法常量，供序列化与校验共用	稳定字段参与指纹；易变字段仅作证据；无效输入返回诊断码或抛契约错误	scripts/benchmark/benchmark_environment_schema.py:19; tests/benchmarks/test_benchmark_environment_contract.py; tests/benchmarks/test_benchmark_task4_integration.py	no-comment	常量名称和值直接给出版本或字段合同；组级注释已说明用途
scripts/benchmark/benchmark_environment_schema.py	SOURCE_IDENTITY_CONTRACT_VERSION	state	_validate_source_snapshot; benchmark_environment_contract; benchmark_task4_contract	定义版本、字段或算法常量，供序列化与校验共用	稳定字段参与指纹；易变字段仅作证据；无效输入返回诊断码或抛契约错误	scripts/benchmark/benchmark_environment_schema.py:20; tests/benchmarks/test_benchmark_environment_contract.py; tests/benchmarks/test_benchmark_task4_integration.py	no-comment	常量名称和值直接给出版本或字段合同；组级注释已说明用途
scripts/benchmark/benchmark_environment_schema.py	FINGERPRINT_ALGORITHM	state	environment_with_fingerprint; validate_environment_contract; benchmark_environment_contract; benchmark_task4_contract	定义版本、字段或算法常量，供序列化与校验共用	稳定字段参与指纹；易变字段仅作证据；无效输入返回诊断码或抛契约错误	scripts/benchmark/benchmark_environment_schema.py:21; tests/benchmarks/test_benchmark_environment_contract.py; tests/benchmarks/test_benchmark_task4_integration.py	no-comment	常量名称和值直接给出版本或字段合同；组级注释已说明用途
scripts/benchmark/benchmark_environment_schema.py	FINGERPRINT_CONTRACT_VERSION	state	environment_with_fingerprint; validate_environment_contract; benchmark_environment_contract; benchmark_task4_contract	定义版本、字段或算法常量，供序列化与校验共用	稳定字段参与指纹；易变字段仅作证据；无效输入返回诊断码或抛契约错误	scripts/benchmark/benchmark_environment_schema.py:22; tests/benchmarks/test_benchmark_environment_contract.py; tests/benchmarks/test_benchmark_task4_integration.py	no-comment	常量名称和值直接给出版本或字段合同；组级注释已说明用途
scripts/benchmark/benchmark_environment_schema.py	CACHE_CONTRACT_VERSION	state	benchmark_environment_contract; benchmark_task4_contract	定义版本、字段或算法常量，供序列化与校验共用	稳定字段参与指纹；易变字段仅作证据；无效输入返回诊断码或抛契约错误	scripts/benchmark/benchmark_environment_schema.py:23; tests/benchmarks/test_benchmark_environment_contract.py; tests/benchmarks/test_benchmark_task4_integration.py	no-comment	常量名称和值直接给出版本或字段合同；组级注释已说明用途
scripts/benchmark/benchmark_environment_schema.py	CAPTURE_STATUS_IN_PROGRESS	state	benchmark_environment_contract; benchmark_task4_contract	定义版本、字段或算法常量，供序列化与校验共用	稳定字段参与指纹；易变字段仅作证据；无效输入返回诊断码或抛契约错误	scripts/benchmark/benchmark_environment_schema.py:24; tests/benchmarks/test_benchmark_environment_contract.py; tests/benchmarks/test_benchmark_task4_integration.py	no-comment	常量名称和值直接给出版本或字段合同；组级注释已说明用途
scripts/benchmark/benchmark_environment_schema.py	CAPTURE_STATUS_COMPLETE	state	stable_environment_payload; benchmark_environment_contract; benchmark_task4_contract	定义版本、字段或算法常量，供序列化与校验共用	稳定字段参与指纹；易变字段仅作证据；无效输入返回诊断码或抛契约错误	scripts/benchmark/benchmark_environment_schema.py:25; tests/benchmarks/test_benchmark_environment_contract.py; tests/benchmarks/test_benchmark_task4_integration.py	no-comment	常量名称和值直接给出版本或字段合同；组级注释已说明用途
scripts/benchmark/benchmark_environment_schema.py	REQUIRED_RUNTIME_NAMES	state	_runtime_versions; benchmark_environment_contract; benchmark_task4_contract	定义版本、字段或算法常量，供序列化与校验共用	稳定字段参与指纹；易变字段仅作证据；无效输入返回诊断码或抛契约错误	scripts/benchmark/benchmark_environment_schema.py:26; tests/benchmarks/test_benchmark_environment_contract.py; tests/benchmarks/test_benchmark_task4_integration.py	no-comment	常量名称和值直接给出版本或字段合同；组级注释已说明用途
scripts/benchmark/benchmark_environment_schema.py	REQUIRED_BUILD_IDENTITY_FIELDS	state	normalize_build_contract; benchmark_environment_contract; benchmark_task4_contract	定义版本、字段或算法常量，供序列化与校验共用	稳定字段参与指纹；易变字段仅作证据；无效输入返回诊断码或抛契约错误	scripts/benchmark/benchmark_environment_schema.py:37; tests/benchmarks/test_benchmark_environment_contract.py; tests/benchmarks/test_benchmark_task4_integration.py	no-comment	常量名称和值直接给出版本或字段合同；组级注释已说明用途
scripts/benchmark/benchmark_environment_schema.py	REQUIRED_PERFORMANCE_OPTION_FIELDS	state	_normalize_performance_options; benchmark_environment_contract; benchmark_task4_contract	定义版本、字段或算法常量，供序列化与校验共用	稳定字段参与指纹；易变字段仅作证据；无效输入返回诊断码或抛契约错误	scripts/benchmark/benchmark_environment_schema.py:46; tests/benchmarks/test_benchmark_environment_contract.py; tests/benchmarks/test_benchmark_task4_integration.py	no-comment	常量名称和值直接给出版本或字段合同；组级注释已说明用途
scripts/benchmark/benchmark_environment_schema.py	_HEX_DIGEST_PATTERN	state	_normalize_target_evidence; _normalize_toolchain_file; _validate_source_snapshot; validate_environment_contract; benchmark_environment_contract; benchmark_task4_contract	定义版本、字段或算法常量，供序列化与校验共用	稳定字段参与指纹；易变字段仅作证据；无效输入返回诊断码或抛契约错误	scripts/benchmark/benchmark_environment_schema.py:56; tests/benchmarks/test_benchmark_environment_contract.py; tests/benchmarks/test_benchmark_task4_integration.py	no-comment	常量名称和值直接给出版本或字段合同；组级注释已说明用途
scripts/benchmark/benchmark_environment_schema.py	_COMMIT_PATTERN	state	_validate_source_snapshot; benchmark_environment_contract; benchmark_task4_contract	定义版本、字段或算法常量，供序列化与校验共用	稳定字段参与指纹；易变字段仅作证据；无效输入返回诊断码或抛契约错误	scripts/benchmark/benchmark_environment_schema.py:57; tests/benchmarks/test_benchmark_environment_contract.py; tests/benchmarks/test_benchmark_task4_integration.py	no-comment	常量名称和值直接给出版本或字段合同；组级注释已说明用途
scripts/benchmark/benchmark_environment_schema.py	EnvironmentContractError	type	_boolean; _identity; _integer; _mapping; _normalize_performance_options; _normalize_target_evidence; _normalize_toolchain_file; _ordered_name_values; _path_identity; _runtime_versions; _validate_source; _validate_source_snapshot; normalize_build_contract; stable_environment_payload; validate_environment_contract; scripts/benchmark/benchmark_environment_capture.py:finalize_environment; benchmark_environment_contract; benchmark_task4_contract	保留稳定错误码，CLI 与比较器据此区分缺失、无效和未完成的环境证据。	稳定字段参与指纹；易变字段仅作证据；无效输入返回诊断码或抛契约错误	scripts/benchmark/benchmark_environment_schema.py:61; tests/benchmarks/test_benchmark_environment_contract.py; tests/benchmarks/test_benchmark_task4_integration.py	commented	中文注释说明跨层职责或契约
scripts/benchmark/benchmark_environment_schema.py	EnvironmentContractError.__init__	function	benchmark_environment_contract; benchmark_task4_contract	保存契约错误码供调用方和 CLI 诊断	稳定字段参与指纹；易变字段仅作证据；无效输入返回诊断码或抛契约错误	scripts/benchmark/benchmark_environment_schema.py:62; tests/benchmarks/test_benchmark_environment_contract.py; tests/benchmarks/test_benchmark_task4_integration.py	no-comment	名称、局部逻辑及现有模块说明足以解释此单元，无额外跨层约束
scripts/benchmark/benchmark_environment_schema.py	_reject_json_constant	function	strict_json_loads; benchmark_environment_contract; benchmark_task4_contract	拒绝 NaN 和 Infinity 等非标准 JSON 常量	稳定字段参与指纹；易变字段仅作证据；无效输入返回诊断码或抛契约错误	scripts/benchmark/benchmark_environment_schema.py:67; tests/benchmarks/test_benchmark_environment_contract.py; tests/benchmarks/test_benchmark_task4_integration.py	no-comment	名称、局部逻辑及现有模块说明足以解释此单元，无额外跨层约束
scripts/benchmark/benchmark_environment_schema.py	_object_without_duplicate_keys	function	strict_json_loads; benchmark_environment_contract; benchmark_task4_contract	拒绝任何嵌套层级中的重复 JSON 键	稳定字段参与指纹；易变字段仅作证据；无效输入返回诊断码或抛契约错误	scripts/benchmark/benchmark_environment_schema.py:71; tests/benchmarks/test_benchmark_environment_contract.py; tests/benchmarks/test_benchmark_task4_integration.py	no-comment	名称、局部逻辑及现有模块说明足以解释此单元，无额外跨层约束
scripts/benchmark/benchmark_environment_schema.py	strict_json_loads	function	scripts/benchmark/benchmark_environment_capture.py:_target_compile_evidence; scripts/benchmark/benchmark_environment_contract.py:_read_json_file; scripts/benchmark/benchmark_task4_contract.py:_load_json; benchmark_environment_contract; benchmark_task4_contract	使用严格钩子解析 JSON	稳定字段参与指纹；易变字段仅作证据；无效输入返回诊断码或抛契约错误	scripts/benchmark/benchmark_environment_schema.py:80; tests/benchmarks/test_benchmark_environment_contract.py; tests/benchmarks/test_benchmark_task4_integration.py	no-comment	名称、局部逻辑及现有模块说明足以解释此单元，无额外跨层约束
scripts/benchmark/benchmark_environment_schema.py	canonical_json_bytes	function	atomic_write_json; stable_environment_fingerprint; scripts/benchmark/benchmark_environment_capture.py:_target_compile_evidence; scripts/benchmark/benchmark_environment_contract.py:_main_cache_key; scripts/benchmark/benchmark_source_identity.py:compute_cache_identity; scripts/benchmark/benchmark_source_identity.py:compute_dirty_tree_digest; benchmark_environment_contract; benchmark_task4_contract	生成排序、紧凑且只含 ASCII 的确定性 JSON 字节	稳定字段参与指纹；易变字段仅作证据；无效输入返回诊断码或抛契约错误	scripts/benchmark/benchmark_environment_schema.py:88; tests/benchmarks/test_benchmark_environment_contract.py; tests/benchmarks/test_benchmark_task4_integration.py	no-comment	名称、局部逻辑及现有模块说明足以解释此单元，无额外跨层约束
scripts/benchmark/benchmark_environment_schema.py	atomic_write_json	function	scripts/benchmark/benchmark_environment_contract.py:_main_cache_key; scripts/benchmark/benchmark_environment_contract.py:_main_capture; scripts/benchmark/benchmark_environment_contract.py:_main_finalize; scripts/benchmark/benchmark_task4_contract.py:finalize_report_directory; benchmark_environment_contract; benchmark_task4_contract	临时文件与目标同目录；落盘后替换，失败时清除尚未发布的文件。	稳定字段参与指纹；易变字段仅作证据；无效输入返回诊断码或抛契约错误	scripts/benchmark/benchmark_environment_schema.py:99; tests/benchmarks/test_benchmark_environment_contract.py; tests/benchmarks/test_benchmark_task4_integration.py	commented	中文注释说明跨层职责或契约
scripts/benchmark/benchmark_environment_schema.py	_mapping	function	_normalize_performance_options; _normalize_target_evidence; _normalize_toolchain_file; _ordered_name_values; _runtime_versions; environment_with_fingerprint; normalize_build_contract; stable_environment_payload; validate_environment_contract; benchmark_environment_contract; benchmark_task4_contract	验证对象结构并用稳定错误码报告失败	稳定字段参与指纹；易变字段仅作证据；无效输入返回诊断码或抛契约错误	scripts/benchmark/benchmark_environment_schema.py:127; tests/benchmarks/test_benchmark_environment_contract.py; tests/benchmarks/test_benchmark_task4_integration.py	no-comment	名称、局部逻辑及现有模块说明足以解释此单元，无额外跨层约束
scripts/benchmark/benchmark_environment_schema.py	_identity	function	_normalize_performance_options; _ordered_name_values; _runtime_versions; normalize_build_contract; stable_environment_payload; benchmark_environment_contract; benchmark_task4_contract	校验并规范身份字符串	稳定字段参与指纹；易变字段仅作证据；无效输入返回诊断码或抛契约错误	scripts/benchmark/benchmark_environment_schema.py:133; tests/benchmarks/test_benchmark_environment_contract.py; tests/benchmarks/test_benchmark_task4_integration.py	no-comment	名称、局部逻辑及现有模块说明足以解释此单元，无额外跨层约束
scripts/benchmark/benchmark_environment_schema.py	_path_identity	function	_normalize_toolchain_file; benchmark_environment_contract; benchmark_task4_contract	规范路径分隔符与外围空白	稳定字段参与指纹；易变字段仅作证据；无效输入返回诊断码或抛契约错误	scripts/benchmark/benchmark_environment_schema.py:141; tests/benchmarks/test_benchmark_environment_contract.py; tests/benchmarks/test_benchmark_task4_integration.py	no-comment	名称、局部逻辑及现有模块说明足以解释此单元，无额外跨层约束
scripts/benchmark/benchmark_environment_schema.py	_integer	function	_normalize_target_evidence; stable_environment_payload; benchmark_environment_contract; benchmark_task4_contract	拒绝布尔值并校验整数下界	稳定字段参与指纹；易变字段仅作证据；无效输入返回诊断码或抛契约错误	scripts/benchmark/benchmark_environment_schema.py:149; tests/benchmarks/test_benchmark_environment_contract.py; tests/benchmarks/test_benchmark_task4_integration.py	no-comment	名称、局部逻辑及现有模块说明足以解释此单元，无额外跨层约束
scripts/benchmark/benchmark_environment_schema.py	_boolean	function	_validate_source; _validate_source_snapshot; benchmark_environment_contract; benchmark_task4_contract	要求严格的 JSON 布尔类型	稳定字段参与指纹；易变字段仅作证据；无效输入返回诊断码或抛契约错误	scripts/benchmark/benchmark_environment_schema.py:155; tests/benchmarks/test_benchmark_environment_contract.py; tests/benchmarks/test_benchmark_task4_integration.py	no-comment	名称、局部逻辑及现有模块说明足以解释此单元，无额外跨层约束
scripts/benchmark/benchmark_environment_schema.py	_ordered_name_values	function	_normalize_performance_options; normalize_build_flags; benchmark_environment_contract; benchmark_task4_contract	校验无重名的有序名称和值记录	稳定字段参与指纹；易变字段仅作证据；无效输入返回诊断码或抛契约错误	scripts/benchmark/benchmark_environment_schema.py:161; tests/benchmarks/test_benchmark_environment_contract.py; tests/benchmarks/test_benchmark_task4_integration.py	no-comment	名称、局部逻辑及现有模块说明足以解释此单元，无额外跨层约束
scripts/benchmark/benchmark_environment_schema.py	normalize_build_flags	function	normalize_build_contract; scripts/benchmark/benchmark_source_identity.py:compute_cache_identity; benchmark_environment_contract; benchmark_task4_contract	把构建标志规范为版本化记录列表	稳定字段参与指纹；易变字段仅作证据；无效输入返回诊断码或抛契约错误	scripts/benchmark/benchmark_environment_schema.py:189; tests/benchmarks/test_benchmark_environment_contract.py; tests/benchmarks/test_benchmark_task4_integration.py	no-comment	名称、局部逻辑及现有模块说明足以解释此单元，无额外跨层约束
scripts/benchmark/benchmark_environment_schema.py	_runtime_versions	function	stable_environment_payload; benchmark_environment_contract; benchmark_task4_contract	验证必需运行时的可用状态和版本	稳定字段参与指纹；易变字段仅作证据；无效输入返回诊断码或抛契约错误	scripts/benchmark/benchmark_environment_schema.py:193; tests/benchmarks/test_benchmark_environment_contract.py; tests/benchmarks/test_benchmark_task4_integration.py	no-comment	名称、局部逻辑及现有模块说明足以解释此单元，无额外跨层约束
scripts/benchmark/benchmark_environment_schema.py	_normalize_performance_options	function	normalize_build_contract; benchmark_environment_contract; benchmark_task4_contract	规范影响性能的 CMake 构建选项	稳定字段参与指纹；易变字段仅作证据；无效输入返回诊断码或抛契约错误	scripts/benchmark/benchmark_environment_schema.py:216; tests/benchmarks/test_benchmark_environment_contract.py; tests/benchmarks/test_benchmark_task4_integration.py	no-comment	名称、局部逻辑及现有模块说明足以解释此单元，无额外跨层约束
scripts/benchmark/benchmark_environment_schema.py	_normalize_toolchain_file	function	normalize_build_contract; benchmark_environment_contract; benchmark_task4_contract	验证工具链路径与摘要配对	稳定字段参与指纹；易变字段仅作证据；无效输入返回诊断码或抛契约错误	scripts/benchmark/benchmark_environment_schema.py:253; tests/benchmarks/test_benchmark_environment_contract.py; tests/benchmarks/test_benchmark_task4_integration.py	no-comment	名称、局部逻辑及现有模块说明足以解释此单元，无额外跨层约束
scripts/benchmark/benchmark_environment_schema.py	_normalize_target_evidence	function	normalize_build_contract; benchmark_environment_contract; benchmark_task4_contract	验证目标编译命令的可用状态和摘要	稳定字段参与指纹；易变字段仅作证据；无效输入返回诊断码或抛契约错误	scripts/benchmark/benchmark_environment_schema.py:267; tests/benchmarks/test_benchmark_environment_contract.py; tests/benchmarks/test_benchmark_task4_integration.py	no-comment	名称、局部逻辑及现有模块说明足以解释此单元，无额外跨层约束
scripts/benchmark/benchmark_environment_schema.py	normalize_build_contract	function	stable_environment_payload; scripts/benchmark/benchmark_source_identity.py:compute_cache_identity; benchmark_environment_contract; benchmark_task4_contract	统一缓存键与环境指纹使用的实际构建身份；缺少目标编译证据默认拒绝。	稳定字段参与指纹；易变字段仅作证据；无效输入返回诊断码或抛契约错误	scripts/benchmark/benchmark_environment_schema.py:290; tests/benchmarks/test_benchmark_environment_contract.py; tests/benchmarks/test_benchmark_task4_integration.py	commented	中文注释说明跨层职责或契约
scripts/benchmark/benchmark_environment_schema.py	stable_environment_payload	function	compare_environment_contracts; stable_environment_fingerprint; validate_environment_contract; benchmark_environment_contract; benchmark_task4_contract	只保留影响跨运行可比性的稳定维度；路径、时间和选中 CPU 留在外围证据。	稳定字段参与指纹；易变字段仅作证据；无效输入返回诊断码或抛契约错误	scripts/benchmark/benchmark_environment_schema.py:320; tests/benchmarks/test_benchmark_environment_contract.py; tests/benchmarks/test_benchmark_task4_integration.py	commented	中文注释说明跨层职责或契约
scripts/benchmark/benchmark_environment_schema.py	stable_environment_fingerprint	function	environment_with_fingerprint; validate_environment_contract; benchmark_environment_contract; benchmark_task4_contract	对稳定环境载荷生成 SHA-256 指纹	稳定字段参与指纹；易变字段仅作证据；无效输入返回诊断码或抛契约错误	scripts/benchmark/benchmark_environment_schema.py:386; tests/benchmarks/test_benchmark_environment_contract.py; tests/benchmarks/test_benchmark_task4_integration.py	no-comment	名称、局部逻辑及现有模块说明足以解释此单元，无额外跨层约束
scripts/benchmark/benchmark_environment_schema.py	environment_with_fingerprint	function	scripts/benchmark/benchmark_environment_capture.py:finalize_environment; benchmark_environment_contract; benchmark_task4_contract	对深拷贝重算指纹，防止旧 stable_fingerprint 自身参与哈希。	稳定字段参与指纹；易变字段仅作证据；无效输入返回诊断码或抛契约错误	scripts/benchmark/benchmark_environment_schema.py:391; tests/benchmarks/test_benchmark_environment_contract.py; tests/benchmarks/test_benchmark_task4_integration.py	commented	中文注释说明跨层职责或契约
scripts/benchmark/benchmark_environment_schema.py	_validate_source_snapshot	function	_validate_source; benchmark_environment_contract; benchmark_task4_contract	校验单次源码身份快照的提交与脏树字段	稳定字段参与指纹；易变字段仅作证据；无效输入返回诊断码或抛契约错误	scripts/benchmark/benchmark_environment_schema.py:403; tests/benchmarks/test_benchmark_environment_contract.py; tests/benchmarks/test_benchmark_task4_integration.py	no-comment	名称、局部逻辑及现有模块说明足以解释此单元，无额外跨层约束
scripts/benchmark/benchmark_environment_schema.py	_source_snapshot	function	_validate_source; benchmark_environment_contract; benchmark_task4_contract	只取用于开始结束比较的源码字段	稳定字段参与指纹；易变字段仅作证据；无效输入返回诊断码或抛契约错误	scripts/benchmark/benchmark_environment_schema.py:426; tests/benchmarks/test_benchmark_environment_contract.py; tests/benchmarks/test_benchmark_task4_integration.py	no-comment	名称、局部逻辑及现有模块说明足以解释此单元，无额外跨层约束
scripts/benchmark/benchmark_environment_schema.py	_validate_source	function	validate_environment_contract; benchmark_environment_contract; benchmark_task4_contract	比对开始与结束的源码快照；变化本身保留为可诊断问题码。	稳定字段参与指纹；易变字段仅作证据；无效输入返回诊断码或抛契约错误	scripts/benchmark/benchmark_environment_schema.py:438; tests/benchmarks/test_benchmark_environment_contract.py; tests/benchmarks/test_benchmark_task4_integration.py	commented	中文注释说明跨层职责或契约
scripts/benchmark/benchmark_environment_schema.py	_validate_volatile	function	validate_environment_contract; benchmark_environment_contract; benchmark_task4_contract	校验路径、时间、进程和负载等非指纹证据	稳定字段参与指纹；易变字段仅作证据；无效输入返回诊断码或抛契约错误	scripts/benchmark/benchmark_environment_schema.py:463; tests/benchmarks/test_benchmark_environment_contract.py; tests/benchmarks/test_benchmark_task4_integration.py	no-comment	名称、局部逻辑及现有模块说明足以解释此单元，无额外跨层约束
scripts/benchmark/benchmark_environment_schema.py	validate_environment_contract	function	compare_environment_contracts; scripts/benchmark/benchmark_task4_contract.py:_environment_attachment; benchmark_environment_contract; benchmark_task4_contract	稳定载荷与外围证据分层验证，返回问题码供最终报告和基线比较使用。	稳定字段参与指纹；易变字段仅作证据；无效输入返回诊断码或抛契约错误	scripts/benchmark/benchmark_environment_schema.py:489; tests/benchmarks/test_benchmark_environment_contract.py; tests/benchmarks/test_benchmark_task4_integration.py	commented	中文注释说明跨层职责或契约
scripts/benchmark/benchmark_environment_schema.py	_STABLE_COMPARISON_FIELDS	state	compare_environment_contracts; benchmark_environment_contract; benchmark_task4_contract	字段差异各自对应稳定的诊断码，供基线比较器说明不可比原因。	稳定字段参与指纹；易变字段仅作证据；无效输入返回诊断码或抛契约错误	scripts/benchmark/benchmark_environment_schema.py:546; tests/benchmarks/test_benchmark_environment_contract.py; tests/benchmarks/test_benchmark_task4_integration.py	commented	中文注释说明跨层职责或契约
scripts/benchmark/benchmark_environment_schema.py	_nested_value	function	compare_environment_contracts; benchmark_environment_contract; benchmark_task4_contract	按字段路径读取稳定载荷的比较值	稳定字段参与指纹；易变字段仅作证据；无效输入返回诊断码或抛契约错误	scripts/benchmark/benchmark_environment_schema.py:567; tests/benchmarks/test_benchmark_environment_contract.py; tests/benchmarks/test_benchmark_task4_integration.py	no-comment	名称、局部逻辑及现有模块说明足以解释此单元，无额外跨层约束
scripts/benchmark/benchmark_environment_schema.py	compare_environment_contracts	function	scripts/benchmark/benchmark_task4_contract.py:compare_benchmark_summaries; benchmark_environment_contract; benchmark_task4_contract	任一侧无效先停止字段比较，避免把损坏输入误判成可比环境。	稳定字段参与指纹；易变字段仅作证据；无效输入返回诊断码或抛契约错误	scripts/benchmark/benchmark_environment_schema.py:574; tests/benchmarks/test_benchmark_environment_contract.py; tests/benchmarks/test_benchmark_task4_integration.py	commented	中文注释说明跨层职责或契约
scripts/benchmark/benchmark_execution_plan.py	EXECUTION_PLAN_SCHEMA_VERSION	state	create_execution_plan; run_performance_suite.cmake -> benchmark_execution_plan.main	计划把洗牌算法与随机源版本显式序列化，避免将来实现变化重排旧种子。	先验证再筛选再洗牌；固定 seed 和算法版本应产生相同字节	scripts/benchmark/benchmark_execution_plan.py:20; tests/benchmarks/test_benchmark_execution_plan.py; tests/cmake/run_performance_suite.cmake	commented	中文注释说明跨层职责或契约
scripts/benchmark/benchmark_execution_plan.py	SHUFFLE_ALGORITHM	state	create_execution_plan; run_performance_suite.cmake -> benchmark_execution_plan.main	定义版本、字段或算法常量，供序列化与校验共用	先验证再筛选再洗牌；固定 seed 和算法版本应产生相同字节	scripts/benchmark/benchmark_execution_plan.py:21; tests/benchmarks/test_benchmark_execution_plan.py; tests/cmake/run_performance_suite.cmake	no-comment	常量名称和值直接给出版本或字段合同；组级注释已说明用途
scripts/benchmark/benchmark_execution_plan.py	SHUFFLE_VERSION	state	create_execution_plan; run_performance_suite.cmake -> benchmark_execution_plan.main	定义版本、字段或算法常量，供序列化与校验共用	先验证再筛选再洗牌；固定 seed 和算法版本应产生相同字节	scripts/benchmark/benchmark_execution_plan.py:22; tests/benchmarks/test_benchmark_execution_plan.py; tests/cmake/run_performance_suite.cmake	no-comment	常量名称和值直接给出版本或字段合同；组级注释已说明用途
scripts/benchmark/benchmark_execution_plan.py	_validate_identity	function	_validate_filter; validate_jobs; run_performance_suite.cmake -> benchmark_execution_plan.main	校验作业身份字符串且不接受外围空白	先验证再筛选再洗牌；固定 seed 和算法版本应产生相同字节	scripts/benchmark/benchmark_execution_plan.py:25; tests/benchmarks/test_benchmark_execution_plan.py; tests/cmake/run_performance_suite.cmake	no-comment	名称、局部逻辑及现有模块说明足以解释此单元，无额外跨层约束
scripts/benchmark/benchmark_execution_plan.py	validate_jobs	function	create_execution_plan; filter_jobs; shuffle_jobs; run_performance_suite.cmake -> benchmark_execution_plan.main	case 与 implementation 的组合是作业身份，重复项会破坏执行次数契约。	先验证再筛选再洗牌；固定 seed 和算法版本应产生相同字节	scripts/benchmark/benchmark_execution_plan.py:31; tests/benchmarks/test_benchmark_execution_plan.py; tests/cmake/run_performance_suite.cmake	commented	中文注释说明跨层职责或契约
scripts/benchmark/benchmark_execution_plan.py	_validate_filter	function	create_execution_plan; filter_jobs; run_performance_suite.cmake -> benchmark_execution_plan.main	校验筛选器列表并拒绝重复项	先验证再筛选再洗牌；固定 seed 和算法版本应产生相同字节	scripts/benchmark/benchmark_execution_plan.py:70; tests/benchmarks/test_benchmark_execution_plan.py; tests/cmake/run_performance_suite.cmake	no-comment	名称、局部逻辑及现有模块说明足以解释此单元，无额外跨层约束
scripts/benchmark/benchmark_execution_plan.py	_filter_validated_jobs	function	create_execution_plan; filter_jobs; run_performance_suite.cmake -> benchmark_execution_plan.main	先过滤再洗牌，种子对同一筛选结果才有稳定含义；返回新记录保护输入。	先验证再筛选再洗牌；固定 seed 和算法版本应产生相同字节	scripts/benchmark/benchmark_execution_plan.py:86; tests/benchmarks/test_benchmark_execution_plan.py; tests/cmake/run_performance_suite.cmake	commented	中文注释说明跨层职责或契约
scripts/benchmark/benchmark_execution_plan.py	filter_jobs	function	run_performance_suite.cmake -> benchmark_execution_plan.main	对已验证作业应用 case 与 implementation 筛选	先验证再筛选再洗牌；固定 seed 和算法版本应产生相同字节	scripts/benchmark/benchmark_execution_plan.py:110; tests/benchmarks/test_benchmark_execution_plan.py; tests/cmake/run_performance_suite.cmake	no-comment	名称、局部逻辑及现有模块说明足以解释此单元，无额外跨层约束
scripts/benchmark/benchmark_execution_plan.py	_shuffle_validated_jobs	function	create_execution_plan; shuffle_jobs; run_performance_suite.cmake -> benchmark_execution_plan.main	使用版本化 SplitMix64 驱动 Fisher–Yates，顺序须与 CMake 执行入口一致。	先验证再筛选再洗牌；固定 seed 和算法版本应产生相同字节	scripts/benchmark/benchmark_execution_plan.py:129; tests/benchmarks/test_benchmark_execution_plan.py; tests/cmake/run_performance_suite.cmake	commented	中文注释说明跨层职责或契约
scripts/benchmark/benchmark_execution_plan.py	shuffle_jobs	function	tests/benchmarks/test_benchmark_execution_plan.py:test_shuffle_jobs_matches_fixed_fisher_yates_vector; run_performance_suite.cmake -> benchmark_execution_plan.main	对输入作业使用给定种子进行确定性洗牌	先验证再筛选再洗牌；固定 seed 和算法版本应产生相同字节	scripts/benchmark/benchmark_execution_plan.py:145; tests/benchmarks/test_benchmark_execution_plan.py; tests/cmake/run_performance_suite.cmake	no-comment	名称、局部逻辑及现有模块说明足以解释此单元，无额外跨层约束
scripts/benchmark/benchmark_execution_plan.py	create_execution_plan	function	serialize_execution_plan; tests/benchmarks/test_benchmark_execution_plan.py:test_different_seeds_change_nontrivial_order_and_preserve_each_job_once; tests/benchmarks/test_benchmark_execution_plan.py:test_filtering_happens_before_shuffle; tests/benchmarks/test_benchmark_execution_plan.py:test_rejects_invalid_seed_and_filters; tests/benchmarks/test_benchmark_execution_plan.py:test_rejects_malformed_duplicate_and_empty_job_identities; tests/benchmarks/test_benchmark_execution_plan.py:test_same_seed_reproduces_order_without_mutating_input; run_performance_suite.cmake -> benchmark_execution_plan.main	计划保留筛选条件、随机算法版本与结果顺序，供套件复跑和审计。	先验证再筛选再洗牌；固定 seed 和算法版本应产生相同字节	scripts/benchmark/benchmark_execution_plan.py:149; tests/benchmarks/test_benchmark_execution_plan.py; tests/cmake/run_performance_suite.cmake	commented	中文注释说明跨层职责或契约
scripts/benchmark/benchmark_execution_plan.py	build_execution_plan	state	run_performance_suite.cmake -> benchmark_execution_plan.main	兼容调用方保留旧入口名，与主构造函数共享同一实现。	先验证再筛选再洗牌；固定 seed 和算法版本应产生相同字节	scripts/benchmark/benchmark_execution_plan.py:192; tests/benchmarks/test_benchmark_execution_plan.py; tests/cmake/run_performance_suite.cmake	commented	中文注释说明跨层职责或契约
scripts/benchmark/benchmark_execution_plan.py	_serialize_payload	function	serialize_execution_plan; run_performance_suite.cmake -> benchmark_execution_plan.main	把结果编码成稳定顺序的 JSON 行	先验证再筛选再洗牌；固定 seed 和算法版本应产生相同字节	scripts/benchmark/benchmark_execution_plan.py:195; tests/benchmarks/test_benchmark_execution_plan.py; tests/cmake/run_performance_suite.cmake	no-comment	名称、局部逻辑及现有模块说明足以解释此单元，无额外跨层约束
scripts/benchmark/benchmark_execution_plan.py	serialize_execution_plan	function	main; tests/benchmarks/test_benchmark_execution_plan.py:test_serialized_plan_is_byte_identical_for_the_same_seed; run_performance_suite.cmake -> benchmark_execution_plan.main	序列化已构造的执行计划	先验证再筛选再洗牌；固定 seed 和算法版本应产生相同字节	scripts/benchmark/benchmark_execution_plan.py:206; tests/benchmarks/test_benchmark_execution_plan.py; tests/cmake/run_performance_suite.cmake	no-comment	名称、局部逻辑及现有模块说明足以解释此单元，无额外跨层约束
scripts/benchmark/benchmark_execution_plan.py	_reject_json_constant	function	_parse_request; run_performance_suite.cmake -> benchmark_execution_plan.main	拒绝 NaN 和 Infinity 等非标准 JSON 常量	先验证再筛选再洗牌；固定 seed 和算法版本应产生相同字节	scripts/benchmark/benchmark_execution_plan.py:223; tests/benchmarks/test_benchmark_execution_plan.py; tests/cmake/run_performance_suite.cmake	no-comment	名称、局部逻辑及现有模块说明足以解释此单元，无额外跨层约束
scripts/benchmark/benchmark_execution_plan.py	_object_without_duplicate_keys	function	_parse_request; run_performance_suite.cmake -> benchmark_execution_plan.main	拒绝任何嵌套层级中的重复 JSON 键	先验证再筛选再洗牌；固定 seed 和算法版本应产生相同字节	scripts/benchmark/benchmark_execution_plan.py:227; tests/benchmarks/test_benchmark_execution_plan.py; tests/cmake/run_performance_suite.cmake	no-comment	名称、局部逻辑及现有模块说明足以解释此单元，无额外跨层约束
scripts/benchmark/benchmark_execution_plan.py	_parse_request	function	main; run_performance_suite.cmake -> benchmark_execution_plan.main	拒绝重复键、未知字段和非标准常量，避免 CLI 与 API 解读不一致。	先验证再筛选再洗牌；固定 seed 和算法版本应产生相同字节	scripts/benchmark/benchmark_execution_plan.py:236; tests/benchmarks/test_benchmark_execution_plan.py; tests/cmake/run_performance_suite.cmake	commented	中文注释说明跨层职责或契约
scripts/benchmark/benchmark_execution_plan.py	_read_input	function	main; run_performance_suite.cmake -> benchmark_execution_plan.main	从标准输入或指定路径读取请求字节	先验证再筛选再洗牌；固定 seed 和算法版本应产生相同字节	scripts/benchmark/benchmark_execution_plan.py:276; tests/benchmarks/test_benchmark_execution_plan.py; tests/cmake/run_performance_suite.cmake	no-comment	名称、局部逻辑及现有模块说明足以解释此单元，无额外跨层约束
scripts/benchmark/benchmark_execution_plan.py	_write_output	function	main; run_performance_suite.cmake -> benchmark_execution_plan.main	向标准输出或指定路径写出结果字节	先验证再筛选再洗牌；固定 seed 和算法版本应产生相同字节	scripts/benchmark/benchmark_execution_plan.py:282; tests/benchmarks/test_benchmark_execution_plan.py; tests/cmake/run_performance_suite.cmake	no-comment	名称、局部逻辑及现有模块说明足以解释此单元，无额外跨层约束
scripts/benchmark/benchmark_execution_plan.py	main	function	run_performance_suite.cmake -> benchmark_execution_plan.main	解析命令行、执行本脚本的用户入口并返回退出状态	先验证再筛选再洗牌；固定 seed 和算法版本应产生相同字节	scripts/benchmark/benchmark_execution_plan.py:291; tests/benchmarks/test_benchmark_execution_plan.py; tests/cmake/run_performance_suite.cmake	no-comment	名称、局部逻辑及现有模块说明足以解释此单元，无额外跨层约束
scripts/benchmark/benchmark_report_publisher.py	_REPORT_EXTENSIONS	state	_is_report_file; run_wsl_benchmarks_report_csv.sh -> benchmark_report_publisher.main	发布白名单只接受可阅读报告格式，排除执行文件和中间构建产物。	只复制白名单文件；先公布完整 run 目录再原子更新 LATEST	scripts/benchmark/benchmark_report_publisher.py:18; tests/benchmarks/test_benchmark_task4_integration.py	commented	中文注释说明跨层职责或契约
scripts/benchmark/benchmark_report_publisher.py	_sha256	function	publish_report_bundle; run_wsl_benchmarks_report_csv.sh -> benchmark_report_publisher.main	按块计算已复制报告文件的 SHA-256	只复制白名单文件；先公布完整 run 目录再原子更新 LATEST	scripts/benchmark/benchmark_report_publisher.py:21; tests/benchmarks/test_benchmark_task4_integration.py	no-comment	名称、局部逻辑及现有模块说明足以解释此单元，无额外跨层约束
scripts/benchmark/benchmark_report_publisher.py	_is_report_file	function	publish_report_bundle; run_wsl_benchmarks_report_csv.sh -> benchmark_report_publisher.main	只允许报告格式及指定 performance 子目录，避免把构建二进制纳入发布包。	只复制白名单文件；先公布完整 run 目录再原子更新 LATEST	scripts/benchmark/benchmark_report_publisher.py:29; tests/benchmarks/test_benchmark_task4_integration.py	commented	中文注释说明跨层职责或契约
scripts/benchmark/benchmark_report_publisher.py	_default_run_id	function	publish_report_bundle; run_wsl_benchmarks_report_csv.sh -> benchmark_report_publisher.main	用 UTC 秒时间戳生成默认发布目录名	只复制白名单文件；先公布完整 run 目录再原子更新 LATEST	scripts/benchmark/benchmark_report_publisher.py:41; tests/benchmarks/test_benchmark_task4_integration.py	no-comment	名称、局部逻辑及现有模块说明足以解释此单元，无额外跨层约束
scripts/benchmark/benchmark_report_publisher.py	publish_report_bundle	function	main; run_wsl_benchmarks_report_csv.sh -> benchmark_report_publisher.main	在目标目录内完整复制并生成校验清单，再用重命名公布不可变 run 目录。	只复制白名单文件；先公布完整 run 目录再原子更新 LATEST	scripts/benchmark/benchmark_report_publisher.py:45; tests/benchmarks/test_benchmark_task4_integration.py	commented	中文注释说明跨层职责或契约
scripts/benchmark/benchmark_report_publisher.py	main	function	run_wsl_benchmarks_report_csv.sh -> benchmark_report_publisher.main	解析命令行、执行本脚本的用户入口并返回退出状态	只复制白名单文件；先公布完整 run 目录再原子更新 LATEST	scripts/benchmark/benchmark_report_publisher.py:105; tests/benchmarks/test_benchmark_task4_integration.py	no-comment	名称、局部逻辑及现有模块说明足以解释此单元，无额外跨层约束
scripts/benchmark/benchmark_reports_to_csv.py	MEASUREMENT_FIELDS	state	_implementation_contract_valid; run_wsl_benchmarks_report_csv.sh -> benchmark_reports_to_csv.main	保留完整测量契约并按运行时名查找基准记录，比例只转录合格输入。	只转录已存在比值；身份或测量契约不合格时对应单元格留空	scripts/benchmark/benchmark_reports_to_csv.py:17; tests/benchmarks/test_benchmark_task3_report_consumers.py	commented	中文注释说明跨层职责或契约
scripts/benchmark/benchmark_reports_to_csv.py	VALID_MEASUREMENT_SCOPES	state	_implementation_contract_valid; run_wsl_benchmarks_report_csv.sh -> benchmark_reports_to_csv.main	定义版本、字段或算法常量，供序列化与校验共用	只转录已存在比值；身份或测量契约不合格时对应单元格留空	scripts/benchmark/benchmark_reports_to_csv.py:24; tests/benchmarks/test_benchmark_task3_report_consumers.py	no-comment	常量名称和值直接给出版本或字段合同；组级注释已说明用途
scripts/benchmark/benchmark_reports_to_csv.py	VALID_PREPARE_SCOPES	state	_implementation_contract_valid; run_wsl_benchmarks_report_csv.sh -> benchmark_reports_to_csv.main	定义版本、字段或算法常量，供序列化与校验共用	只转录已存在比值；身份或测量契约不合格时对应单元格留空	scripts/benchmark/benchmark_reports_to_csv.py:25; tests/benchmarks/test_benchmark_task3_report_consumers.py	no-comment	常量名称和值直接给出版本或字段合同；组级注释已说明用途
scripts/benchmark/benchmark_reports_to_csv.py	COMPARISON_IMPLEMENTATION_NAMES	state	_gated_comparison_ratio; run_wsl_benchmarks_report_csv.sh -> benchmark_reports_to_csv.main	定义版本、字段或算法常量，供序列化与校验共用	只转录已存在比值；身份或测量契约不合格时对应单元格留空	scripts/benchmark/benchmark_reports_to_csv.py:35; tests/benchmarks/test_benchmark_task3_report_consumers.py	no-comment	常量名称和值直接给出版本或字段合同；组级注释已说明用途
scripts/benchmark/benchmark_reports_to_csv.py	_record_name_is_valid	function	_duplicate_record_names; _implementations_by_name; _write_benchmark_timings; _write_comparison; run_wsl_benchmarks_report_csv.sh -> benchmark_reports_to_csv.main	确认报告记录有可用的非空名称	只转录已存在比值；身份或测量契约不合格时对应单元格留空	scripts/benchmark/benchmark_reports_to_csv.py:47; tests/benchmarks/test_benchmark_task3_report_consumers.py	no-comment	名称、局部逻辑及现有模块说明足以解释此单元，无额外跨层约束
scripts/benchmark/benchmark_reports_to_csv.py	_duplicate_record_names	function	_implementations_by_name; _write_benchmark_timings; _write_comparison; run_wsl_benchmarks_report_csv.sh -> benchmark_reports_to_csv.main	找出同层报告记录的重复身份	只转录已存在比值；身份或测量契约不合格时对应单元格留空	scripts/benchmark/benchmark_reports_to_csv.py:55; tests/benchmarks/test_benchmark_task3_report_consumers.py	no-comment	名称、局部逻辑及现有模块说明足以解释此单元，无额外跨层约束
scripts/benchmark/benchmark_reports_to_csv.py	_implementation_contract_valid	function	_records_are_comparable; run_wsl_benchmarks_report_csv.sh -> benchmark_reports_to_csv.main	判定实现记录的五字段测量契约是否完整合法	只转录已存在比值；身份或测量契约不合格时对应单元格留空	scripts/benchmark/benchmark_reports_to_csv.py:66; tests/benchmarks/test_benchmark_task3_report_consumers.py	BUG	复现：完整五字段的 measurement_scope=[]；CLI 经 _write_benchmark_timings 抛 TypeError，退出码 1 且无 CSV
scripts/benchmark/benchmark_reports_to_csv.py	_task3_record_is_comparable	function	_records_are_comparable; run_wsl_benchmarks_report_csv.sh -> benchmark_reports_to_csv.main	兼容旧报告并遵守新报告的稳定性与门控拒绝标记	只转录已存在比值；身份或测量契约不合格时对应单元格留空	scripts/benchmark/benchmark_reports_to_csv.py:83; tests/benchmarks/test_benchmark_task3_report_consumers.py	no-comment	名称、局部逻辑及现有模块说明足以解释此单元，无额外跨层约束
scripts/benchmark/benchmark_reports_to_csv.py	_records_are_comparable	function	_gated_comparison_ratio; _gated_relative_to_c; tests/benchmarks/test_benchmark_task3_report_consumers.py:assert_consumer_result; run_wsl_benchmarks_report_csv.sh -> benchmark_reports_to_csv.main	要求两条实现记录合格、通过且测量范围一致	只转录已存在比值；身份或测量契约不合格时对应单元格留空	scripts/benchmark/benchmark_reports_to_csv.py:93; tests/benchmarks/test_benchmark_task3_report_consumers.py	no-comment	名称、局部逻辑及现有模块说明足以解释此单元，无额外跨层约束
scripts/benchmark/benchmark_reports_to_csv.py	_implementations_by_name	function	_gated_comparison_ratio; _gated_relative_to_c; run_wsl_benchmarks_report_csv.sh -> benchmark_reports_to_csv.main	在身份唯一时按实现名称建立索引	只转录已存在比值；身份或测量契约不合格时对应单元格留空	scripts/benchmark/benchmark_reports_to_csv.py:104; tests/benchmarks/test_benchmark_task3_report_consumers.py	no-comment	名称、局部逻辑及现有模块说明足以解释此单元，无额外跨层约束
scripts/benchmark/benchmark_reports_to_csv.py	_gated_relative_to_c	function	_write_benchmark_timings; run_wsl_benchmarks_report_csv.sh -> benchmark_reports_to_csv.main	原报告比例只能在实现及 C 基线均满足测量契约时进入 CSV。	只转录已存在比值；身份或测量契约不合格时对应单元格留空	scripts/benchmark/benchmark_reports_to_csv.py:117; tests/benchmarks/test_benchmark_task3_report_consumers.py	commented	中文注释说明跨层职责或契约
scripts/benchmark/benchmark_reports_to_csv.py	_gated_comparison_ratio	function	_write_comparison; run_wsl_benchmarks_report_csv.sh -> benchmark_reports_to_csv.main	比较 case 自己声明的 scope 也须与 ZR interp 一致，不能由基准记录代填。	只转录已存在比值；身份或测量契约不合格时对应单元格留空	scripts/benchmark/benchmark_reports_to_csv.py:128; tests/benchmarks/test_benchmark_task3_report_consumers.py	commented	中文注释说明跨层职责或契约
scripts/benchmark/benchmark_reports_to_csv.py	_bytes_to_mib	function	_write_benchmark_timings; run_wsl_benchmarks_report_csv.sh -> benchmark_reports_to_csv.main	把字节数转换为 CSV 所需的 MiB 文本	只转录已存在比值；身份或测量契约不合格时对应单元格留空	scripts/benchmark/benchmark_reports_to_csv.py:152; tests/benchmarks/test_benchmark_task3_report_consumers.py	no-comment	名称、局部逻辑及现有模块说明足以解释此单元，无额外跨层约束
scripts/benchmark/benchmark_reports_to_csv.py	_one_shot_compile_excluded_from_wall_ms	function	_write_benchmark_timings; run_wsl_benchmarks_report_csv.sh -> benchmark_reports_to_csv.main	标示 binary 模式的预先编译时间不计入墙钟值	只转录已存在比值；身份或测量契约不合格时对应单元格留空	scripts/benchmark/benchmark_reports_to_csv.py:164; tests/benchmarks/test_benchmark_task3_report_consumers.py	no-comment	名称、局部逻辑及现有模块说明足以解释此单元，无额外跨层约束
scripts/benchmark/benchmark_reports_to_csv.py	_scalar	function	_write_benchmark_timings; _write_comparison; run_wsl_benchmarks_report_csv.sh -> benchmark_reports_to_csv.main	把 JSON 标量转成 CSV 单元格文本	只转录已存在比值；身份或测量契约不合格时对应单元格留空	scripts/benchmark/benchmark_reports_to_csv.py:172; tests/benchmarks/test_benchmark_task3_report_consumers.py	no-comment	名称、局部逻辑及现有模块说明足以解释此单元，无额外跨层约束
scripts/benchmark/benchmark_reports_to_csv.py	_write_benchmark_timings	function	main; run_wsl_benchmarks_report_csv.sh -> benchmark_reports_to_csv.main	保留原测量字段与非比例统计量，只对 C 基线比值执行可信度门控。	只转录已存在比值；身份或测量契约不合格时对应单元格留空	scripts/benchmark/benchmark_reports_to_csv.py:186; tests/benchmarks/test_benchmark_task3_report_consumers.py	commented	中文注释说明跨层职责或契约
scripts/benchmark/benchmark_reports_to_csv.py	_write_comparison	function	main; run_wsl_benchmarks_report_csv.sh -> benchmark_reports_to_csv.main	比较 CSV 的身份关联从基准报告读取；重复或缺失身份使对应比例留空。	只转录已存在比值；身份或测量契约不合格时对应单元格留空	scripts/benchmark/benchmark_reports_to_csv.py:296; tests/benchmarks/test_benchmark_task3_report_consumers.py	commented	中文注释说明跨层职责或契约
scripts/benchmark/benchmark_reports_to_csv.py	main	function	run_wsl_benchmarks_report_csv.sh -> benchmark_reports_to_csv.main	解析命令行、执行本脚本的用户入口并返回退出状态	只转录已存在比值；身份或测量契约不合格时对应单元格留空	scripts/benchmark/benchmark_reports_to_csv.py:367; tests/benchmarks/test_benchmark_task3_report_consumers.py	no-comment	名称、局部逻辑及现有模块说明足以解释此单元，无额外跨层约束
scripts/benchmark/benchmark_source_identity.py	DEFAULT_GIT_SUBPROCESS_TIMEOUT_SECONDS	state	compute_cache_identity; compute_dirty_tree_digest; source_identity; benchmark_environment_capture; benchmark_environment_contract.cache-key	Git 探测须有上限；流式哈希块大小不改变带长度前缀的摘要协议。	Git 命令限时；带长度前缀的记录覆盖差异、未跟踪和子模块内容	scripts/benchmark/benchmark_source_identity.py:26; tests/benchmarks/test_benchmark_environment_contract.py	commented	中文注释说明跨层职责或契约
scripts/benchmark/benchmark_source_identity.py	HASH_CHUNK_SIZE	state	_hash_stream_record; benchmark_environment_capture; benchmark_environment_contract.cache-key	定义版本、字段或算法常量，供序列化与校验共用	Git 命令限时；带长度前缀的记录覆盖差异、未跟踪和子模块内容	scripts/benchmark/benchmark_source_identity.py:27; tests/benchmarks/test_benchmark_environment_contract.py	no-comment	常量名称和值直接给出版本或字段合同；组级注释已说明用途
scripts/benchmark/benchmark_source_identity.py	_COMMIT_PATTERN	state	source_identity; benchmark_environment_capture; benchmark_environment_contract.cache-key	定义版本、字段或算法常量，供序列化与校验共用	Git 命令限时；带长度前缀的记录覆盖差异、未跟踪和子模块内容	scripts/benchmark/benchmark_source_identity.py:28; tests/benchmarks/test_benchmark_environment_contract.py	no-comment	常量名称和值直接给出版本或字段合同；组级注释已说明用途
scripts/benchmark/benchmark_source_identity.py	_validated_git_command	function	_git_output; _stream_tracked_diff; compute_dirty_tree_digest; source_identity; benchmark_environment_capture; benchmark_environment_contract.cache-key	校验 Git 命令向量以便安全执行子进程	Git 命令限时；带长度前缀的记录覆盖差异、未跟踪和子模块内容	scripts/benchmark/benchmark_source_identity.py:31; tests/benchmarks/test_benchmark_environment_contract.py	no-comment	名称、局部逻辑及现有模块说明足以解释此单元，无额外跨层约束
scripts/benchmark/benchmark_source_identity.py	_validate_timeout	function	_git_output; _stream_tracked_diff; compute_dirty_tree_digest; source_identity; benchmark_environment_capture; benchmark_environment_contract.cache-key	校验 Git 子进程的超时配置	Git 命令限时；带长度前缀的记录覆盖差异、未跟踪和子模块内容	scripts/benchmark/benchmark_source_identity.py:41; tests/benchmarks/test_benchmark_environment_contract.py	no-comment	名称、局部逻辑及现有模块说明足以解释此单元，无额外跨层约束
scripts/benchmark/benchmark_source_identity.py	_git_output	function	_gitlink_entries; compute_dirty_tree_digest; source_identity; benchmark_environment_capture; benchmark_environment_contract.cache-key	执行 Git 命令并统一报告超时与退出错误	Git 命令限时；带长度前缀的记录覆盖差异、未跟踪和子模块内容	scripts/benchmark/benchmark_source_identity.py:51; tests/benchmarks/test_benchmark_environment_contract.py	no-comment	名称、局部逻辑及现有模块说明足以解释此单元，无额外跨层约束
scripts/benchmark/benchmark_source_identity.py	_hash_field	function	_hash_bytes_record; _hash_stream_record; benchmark_environment_capture; benchmark_environment_contract.cache-key	给哈希字段加长度前缀以避免拼接歧义	Git 命令限时；带长度前缀的记录覆盖差异、未跟踪和子模块内容	scripts/benchmark/benchmark_source_identity.py:79; tests/benchmarks/test_benchmark_environment_contract.py	no-comment	名称、局部逻辑及现有模块说明足以解释此单元，无额外跨层约束
scripts/benchmark/benchmark_source_identity.py	_hash_bytes_record	function	compute_dirty_tree_digest; benchmark_environment_capture; benchmark_environment_contract.cache-key	把类型、路径、模式和正文加入摘要	Git 命令限时；带长度前缀的记录覆盖差异、未跟踪和子模块内容	scripts/benchmark/benchmark_source_identity.py:84; tests/benchmarks/test_benchmark_environment_contract.py	no-comment	名称、局部逻辑及现有模块说明足以解释此单元，无额外跨层约束
scripts/benchmark/benchmark_source_identity.py	_hash_stream_record	function	_stream_tracked_diff; compute_dirty_tree_digest; benchmark_environment_capture; benchmark_environment_contract.cache-key	内容按块进入带长度前缀的记录；读取字节数变化时拒绝不稳定快照。	Git 命令限时；带长度前缀的记录覆盖差异、未跟踪和子模块内容	scripts/benchmark/benchmark_source_identity.py:95; tests/benchmarks/test_benchmark_environment_contract.py	commented	中文注释说明跨层职责或契约
scripts/benchmark/benchmark_source_identity.py	_stream_tracked_diff	function	compute_dirty_tree_digest; benchmark_environment_capture; benchmark_environment_contract.cache-key	固定 Git diff 选项及输出顺序，使用户 Git 配置不改变脏树摘要。	Git 命令限时；带长度前缀的记录覆盖差异、未跟踪和子模块内容	scripts/benchmark/benchmark_source_identity.py:118; tests/benchmarks/test_benchmark_environment_contract.py	commented	中文注释说明跨层职责或契约
scripts/benchmark/benchmark_source_identity.py	_gitlink_entries	function	compute_dirty_tree_digest; benchmark_environment_capture; benchmark_environment_contract.cache-key	解析索引里的子模块 gitlink 身份	Git 命令限时；带长度前缀的记录覆盖差异、未跟踪和子模块内容	scripts/benchmark/benchmark_source_identity.py:192; tests/benchmarks/test_benchmark_environment_contract.py	no-comment	名称、局部逻辑及现有模块说明足以解释此单元，无额外跨层约束
scripts/benchmark/benchmark_source_identity.py	compute_dirty_tree_digest	function	source_identity; benchmark_environment_capture; benchmark_environment_contract.cache-key	覆盖已跟踪差异、未跟踪内容及递归子模块；干净树以 None 表示。	Git 命令限时；带长度前缀的记录覆盖差异、未跟踪和子模块内容	scripts/benchmark/benchmark_source_identity.py:220; tests/benchmarks/test_benchmark_environment_contract.py	commented	中文注释说明跨层职责或契约
scripts/benchmark/benchmark_source_identity.py	source_identity	function	compute_cache_identity; scripts/benchmark/benchmark_environment_capture.py:capture_environment; scripts/benchmark/benchmark_environment_capture.py:finalize_environment; benchmark_environment_capture; benchmark_environment_contract.cache-key	提交号与脏树摘要共同标识构建时源码，供环境捕获及缓存键复用。	Git 命令限时；带长度前缀的记录覆盖差异、未跟踪和子模块内容	scripts/benchmark/benchmark_source_identity.py:327; tests/benchmarks/test_benchmark_environment_contract.py	commented	中文注释说明跨层职责或契约
scripts/benchmark/benchmark_source_identity.py	_slug	function	compute_cache_identity; benchmark_environment_capture; benchmark_environment_contract.cache-key	把工具链标签转换成可用于目录的短名	Git 命令限时；带长度前缀的记录覆盖差异、未跟踪和子模块内容	scripts/benchmark/benchmark_source_identity.py:360; tests/benchmarks/test_benchmark_environment_contract.py	no-comment	名称、局部逻辑及现有模块说明足以解释此单元，无额外跨层约束
scripts/benchmark/benchmark_source_identity.py	_identity	function	compute_cache_identity; benchmark_environment_capture; benchmark_environment_contract.cache-key	校验并规范身份字符串	Git 命令限时；带长度前缀的记录覆盖差异、未跟踪和子模块内容	scripts/benchmark/benchmark_source_identity.py:365; tests/benchmarks/test_benchmark_environment_contract.py	no-comment	名称、局部逻辑及现有模块说明足以解释此单元，无额外跨层约束
scripts/benchmark/benchmark_source_identity.py	_resolved_executable	function	compute_cache_identity; benchmark_environment_capture; benchmark_environment_contract.cache-key	定位编译器可执行文件的真实路径	Git 命令限时；带长度前缀的记录覆盖差异、未跟踪和子模块内容	scripts/benchmark/benchmark_source_identity.py:371; tests/benchmarks/test_benchmark_environment_contract.py	no-comment	名称、局部逻辑及现有模块说明足以解释此单元，无额外跨层约束
scripts/benchmark/benchmark_source_identity.py	_default_build_contract	function	compute_cache_identity; benchmark_environment_capture; benchmark_environment_contract.cache-key	构造缺少目标编译证据时的不可比构建合同	Git 命令限时；带长度前缀的记录覆盖差异、未跟踪和子模块内容	scripts/benchmark/benchmark_source_identity.py:381; tests/benchmarks/test_benchmark_environment_contract.py	no-comment	名称、局部逻辑及现有模块说明足以解释此单元，无额外跨层约束
scripts/benchmark/benchmark_source_identity.py	compute_cache_identity	function	scripts/benchmark/benchmark_environment_contract.py:_main_cache_key; benchmark_environment_capture; benchmark_environment_contract.cache-key	分离源码键和工具链键；无实际构建证据时仍可寻址，但标记不可比。	Git 命令限时；带长度前缀的记录覆盖差异、未跟踪和子模块内容	scripts/benchmark/benchmark_source_identity.py:410; tests/benchmarks/test_benchmark_environment_contract.py	commented	中文注释说明跨层职责或契约
scripts/benchmark/benchmark_statistics.py	UINT64_MASK	state	_validate_seed; next_uint64; benchmark_statistics.main; benchmark_execution_plan.SplitMix64	SplitMix64 与 bootstrap 的常量构成可复现序列协议，修改需同步版本和向量测试。	正有限样本、uint64 种子及固定 PRNG 版本决定可复现统计结果	scripts/benchmark/benchmark_statistics.py:15; tests/benchmarks/test_benchmark_statistics.py; benchmark_execution_plan.SplitMix64	commented	中文注释说明跨层职责或契约
scripts/benchmark/benchmark_statistics.py	SPLITMIX64_INCREMENT	state	next_uint64; benchmark_statistics.main; benchmark_execution_plan.SplitMix64	定义版本、字段或算法常量，供序列化与校验共用	正有限样本、uint64 种子及固定 PRNG 版本决定可复现统计结果	scripts/benchmark/benchmark_statistics.py:16; tests/benchmarks/test_benchmark_statistics.py; benchmark_execution_plan.SplitMix64	no-comment	常量名称和值直接给出版本或字段合同；组级注释已说明用途
scripts/benchmark/benchmark_statistics.py	SPLITMIX64_MULTIPLIER_1	state	next_uint64; benchmark_statistics.main; benchmark_execution_plan.SplitMix64	定义版本、字段或算法常量，供序列化与校验共用	正有限样本、uint64 种子及固定 PRNG 版本决定可复现统计结果	scripts/benchmark/benchmark_statistics.py:17; tests/benchmarks/test_benchmark_statistics.py; benchmark_execution_plan.SplitMix64	no-comment	常量名称和值直接给出版本或字段合同；组级注释已说明用途
scripts/benchmark/benchmark_statistics.py	SPLITMIX64_MULTIPLIER_2	state	next_uint64; benchmark_statistics.main; benchmark_execution_plan.SplitMix64	定义版本、字段或算法常量，供序列化与校验共用	正有限样本、uint64 种子及固定 PRNG 版本决定可复现统计结果	scripts/benchmark/benchmark_statistics.py:18; tests/benchmarks/test_benchmark_statistics.py; benchmark_execution_plan.SplitMix64	no-comment	常量名称和值直接给出版本或字段合同；组级注释已说明用途
scripts/benchmark/benchmark_statistics.py	SPLITMIX64_ALGORITHM	state	benchmark_statistics.main; benchmark_execution_plan.SplitMix64	定义版本、字段或算法常量，供序列化与校验共用	正有限样本、uint64 种子及固定 PRNG 版本决定可复现统计结果	scripts/benchmark/benchmark_statistics.py:19; tests/benchmarks/test_benchmark_statistics.py; benchmark_execution_plan.SplitMix64	no-comment	常量名称和值直接给出版本或字段合同；组级注释已说明用途
scripts/benchmark/benchmark_statistics.py	SPLITMIX64_VERSION	state	benchmark_statistics.main; benchmark_execution_plan.SplitMix64	定义版本、字段或算法常量，供序列化与校验共用	正有限样本、uint64 种子及固定 PRNG 版本决定可复现统计结果	scripts/benchmark/benchmark_statistics.py:20; tests/benchmarks/test_benchmark_statistics.py; benchmark_execution_plan.SplitMix64	no-comment	常量名称和值直接给出版本或字段合同；组级注释已说明用途
scripts/benchmark/benchmark_statistics.py	STATISTICS_SCHEMA_VERSION	state	calculate_statistics; benchmark_statistics.main; benchmark_execution_plan.SplitMix64	定义版本、字段或算法常量，供序列化与校验共用	正有限样本、uint64 种子及固定 PRNG 版本决定可复现统计结果	scripts/benchmark/benchmark_statistics.py:22; tests/benchmarks/test_benchmark_statistics.py; benchmark_execution_plan.SplitMix64	no-comment	常量名称和值直接给出版本或字段合同；组级注释已说明用途
scripts/benchmark/benchmark_statistics.py	BOOTSTRAP_ALGORITHM	state	bootstrap_median_confidence_interval; benchmark_statistics.main; benchmark_execution_plan.SplitMix64	定义版本、字段或算法常量，供序列化与校验共用	正有限样本、uint64 种子及固定 PRNG 版本决定可复现统计结果	scripts/benchmark/benchmark_statistics.py:23; tests/benchmarks/test_benchmark_statistics.py; benchmark_execution_plan.SplitMix64	no-comment	常量名称和值直接给出版本或字段合同；组级注释已说明用途
scripts/benchmark/benchmark_statistics.py	BOOTSTRAP_VERSION	state	bootstrap_median_confidence_interval; benchmark_statistics.main; benchmark_execution_plan.SplitMix64	定义版本、字段或算法常量，供序列化与校验共用	正有限样本、uint64 种子及固定 PRNG 版本决定可复现统计结果	scripts/benchmark/benchmark_statistics.py:24; tests/benchmarks/test_benchmark_statistics.py; benchmark_execution_plan.SplitMix64	no-comment	常量名称和值直接给出版本或字段合同；组级注释已说明用途
scripts/benchmark/benchmark_statistics.py	DEFAULT_BOOTSTRAP_RESAMPLES	state	bootstrap_median_confidence_interval; benchmark_statistics.main; benchmark_execution_plan.SplitMix64	定义版本、字段或算法常量，供序列化与校验共用	正有限样本、uint64 种子及固定 PRNG 版本决定可复现统计结果	scripts/benchmark/benchmark_statistics.py:25; tests/benchmarks/test_benchmark_statistics.py; benchmark_execution_plan.SplitMix64	no-comment	常量名称和值直接给出版本或字段合同；组级注释已说明用途
scripts/benchmark/benchmark_statistics.py	DEFAULT_STABILITY_THRESHOLD	state	_parse_request; calculate_statistics; is_stable; serialize_statistics; benchmark_statistics.main; benchmark_execution_plan.SplitMix64	定义版本、字段或算法常量，供序列化与校验共用	正有限样本、uint64 种子及固定 PRNG 版本决定可复现统计结果	scripts/benchmark/benchmark_statistics.py:26; tests/benchmarks/test_benchmark_statistics.py; benchmark_execution_plan.SplitMix64	no-comment	常量名称和值直接给出版本或字段合同；组级注释已说明用途
scripts/benchmark/benchmark_statistics.py	MAX_SAMPLE_COUNT	state	validate_samples; benchmark_statistics.main; benchmark_execution_plan.SplitMix64	定义版本、字段或算法常量，供序列化与校验共用	正有限样本、uint64 种子及固定 PRNG 版本决定可复现统计结果	scripts/benchmark/benchmark_statistics.py:27; tests/benchmarks/test_benchmark_statistics.py; benchmark_execution_plan.SplitMix64	no-comment	常量名称和值直接给出版本或字段合同；组级注释已说明用途
scripts/benchmark/benchmark_statistics.py	SplitMix64	type	bootstrap_median_confidence_interval; scripts/benchmark/benchmark_execution_plan.py:_shuffle_validated_jobs; tests/benchmarks/test_benchmark_statistics.py:test_splitmix64_matches_the_version_one_sequence; benchmark_statistics.main; benchmark_execution_plan.SplitMix64	随机序列是执行计划与 bootstrap 共享的版本化协议状态。	正有限样本、uint64 种子及固定 PRNG 版本决定可复现统计结果	scripts/benchmark/benchmark_statistics.py:31; tests/benchmarks/test_benchmark_statistics.py; benchmark_execution_plan.SplitMix64	commented	中文注释说明跨层职责或契约
scripts/benchmark/benchmark_statistics.py	SplitMix64.__init__	function	benchmark_statistics.main; benchmark_execution_plan.SplitMix64	以 uint64 种子初始化固定随机序列状态	正有限样本、uint64 种子及固定 PRNG 版本决定可复现统计结果	scripts/benchmark/benchmark_statistics.py:34; tests/benchmarks/test_benchmark_statistics.py; benchmark_execution_plan.SplitMix64	no-comment	名称、局部逻辑及现有模块说明足以解释此单元，无额外跨层约束
scripts/benchmark/benchmark_statistics.py	SplitMix64.next_uint64	function	bootstrap_median_confidence_interval; benchmark_statistics.main; benchmark_execution_plan.SplitMix64	产生下一个版本化 SplitMix64 随机值	正有限样本、uint64 种子及固定 PRNG 版本决定可复现统计结果	scripts/benchmark/benchmark_statistics.py:37; tests/benchmarks/test_benchmark_statistics.py; benchmark_execution_plan.SplitMix64	no-comment	名称、局部逻辑及现有模块说明足以解释此单元，无额外跨层约束
scripts/benchmark/benchmark_statistics.py	_validate_seed	function	__init__; bootstrap_median_confidence_interval; calculate_statistics; benchmark_statistics.main; benchmark_execution_plan.SplitMix64	限制随机种子为非布尔 uint64 整数	正有限样本、uint64 种子及固定 PRNG 版本决定可复现统计结果	scripts/benchmark/benchmark_statistics.py:45; tests/benchmarks/test_benchmark_statistics.py; benchmark_execution_plan.SplitMix64	no-comment	名称、局部逻辑及现有模块说明足以解释此单元，无额外跨层约束
scripts/benchmark/benchmark_statistics.py	_validate_positive_finite_number	function	validate_samples; benchmark_statistics.main; benchmark_execution_plan.SplitMix64	拒绝非正或非有限的样本	正有限样本、uint64 种子及固定 PRNG 版本决定可复现统计结果	scripts/benchmark/benchmark_statistics.py:53; tests/benchmarks/test_benchmark_statistics.py; benchmark_execution_plan.SplitMix64	no-comment	名称、局部逻辑及现有模块说明足以解释此单元，无额外跨层约束
scripts/benchmark/benchmark_statistics.py	validate_samples	function	bootstrap_median_confidence_interval; calculate_statistics; coefficient_of_variation; median; median_absolute_deviation; sample_standard_deviation; benchmark_statistics.main; benchmark_execution_plan.SplitMix64	验证样本类型、数量和每个值	正有限样本、uint64 种子及固定 PRNG 版本决定可复现统计结果	scripts/benchmark/benchmark_statistics.py:65; tests/benchmarks/test_benchmark_statistics.py; benchmark_execution_plan.SplitMix64	no-comment	名称、局部逻辑及现有模块说明足以解释此单元，无额外跨层约束
scripts/benchmark/benchmark_statistics.py	_median_validated	function	bootstrap_median_confidence_interval; calculate_statistics; median; median_absolute_deviation; benchmark_statistics.main; benchmark_execution_plan.SplitMix64	偶数样本先尝试常规平均，溢出时分项折半以保留有限结果。	正有限样本、uint64 种子及固定 PRNG 版本决定可复现统计结果	scripts/benchmark/benchmark_statistics.py:78; tests/benchmarks/test_benchmark_statistics.py; benchmark_execution_plan.SplitMix64	commented	中文注释说明跨层职责或契约
scripts/benchmark/benchmark_statistics.py	median	function	benchmark_statistics.main; benchmark_execution_plan.SplitMix64	在校验样本后计算中位数	正有限样本、uint64 种子及固定 PRNG 版本决定可复现统计结果	scripts/benchmark/benchmark_statistics.py:92; tests/benchmarks/test_benchmark_statistics.py; benchmark_execution_plan.SplitMix64	no-comment	名称、局部逻辑及现有模块说明足以解释此单元，无额外跨层约束
scripts/benchmark/benchmark_statistics.py	_mean_validated	function	_sample_standard_deviation_validated; calculate_statistics; coefficient_of_variation; benchmark_statistics.main; benchmark_execution_plan.SplitMix64	先按最大样本缩放，再求和，避免大有限值相加时的中间溢出。	正有限样本、uint64 种子及固定 PRNG 版本决定可复现统计结果	scripts/benchmark/benchmark_statistics.py:96; tests/benchmarks/test_benchmark_statistics.py; benchmark_execution_plan.SplitMix64	commented	中文注释说明跨层职责或契约
scripts/benchmark/benchmark_statistics.py	_sample_standard_deviation_validated	function	calculate_statistics; coefficient_of_variation; sample_standard_deviation; benchmark_statistics.main; benchmark_execution_plan.SplitMix64	用欧氏范数计算样本标准差并检查有限结果	正有限样本、uint64 种子及固定 PRNG 版本决定可复现统计结果	scripts/benchmark/benchmark_statistics.py:107; tests/benchmarks/test_benchmark_statistics.py; benchmark_execution_plan.SplitMix64	no-comment	名称、局部逻辑及现有模块说明足以解释此单元，无额外跨层约束
scripts/benchmark/benchmark_statistics.py	sample_standard_deviation	function	tests/benchmarks/test_benchmark_statistics.py:test_known_sample_standard_deviation_and_mad; tests/benchmarks/test_benchmark_statistics.py:test_large_finite_samples_do_not_overflow_intermediate_calculations; benchmark_statistics.main; benchmark_execution_plan.SplitMix64	在校验样本后计算样本标准差	正有限样本、uint64 种子及固定 PRNG 版本决定可复现统计结果	scripts/benchmark/benchmark_statistics.py:119; tests/benchmarks/test_benchmark_statistics.py; benchmark_execution_plan.SplitMix64	no-comment	名称、局部逻辑及现有模块说明足以解释此单元，无额外跨层约束
scripts/benchmark/benchmark_statistics.py	median_absolute_deviation	function	tests/benchmarks/test_benchmark_statistics.py:test_known_sample_standard_deviation_and_mad; benchmark_statistics.main; benchmark_execution_plan.SplitMix64	计算相对中位数的绝对偏差中位数	正有限样本、uint64 种子及固定 PRNG 版本决定可复现统计结果	scripts/benchmark/benchmark_statistics.py:124; tests/benchmarks/test_benchmark_statistics.py; benchmark_execution_plan.SplitMix64	no-comment	名称、局部逻辑及现有模块说明足以解释此单元，无额外跨层约束
scripts/benchmark/benchmark_statistics.py	coefficient_of_variation	function	is_stable; tests/benchmarks/test_benchmark_statistics.py:test_known_sample_standard_deviation_and_mad; benchmark_statistics.main; benchmark_execution_plan.SplitMix64	计算标准差与均值的比率	正有限样本、uint64 种子及固定 PRNG 版本决定可复现统计结果	scripts/benchmark/benchmark_statistics.py:130; tests/benchmarks/test_benchmark_statistics.py; benchmark_execution_plan.SplitMix64	no-comment	名称、局部逻辑及现有模块说明足以解释此单元，无额外跨层约束
scripts/benchmark/benchmark_statistics.py	_validate_stability_threshold	function	calculate_statistics; is_stable; benchmark_statistics.main; benchmark_execution_plan.SplitMix64	验证稳定性阈值为正有限值	正有限样本、uint64 种子及固定 PRNG 版本决定可复现统计结果	scripts/benchmark/benchmark_statistics.py:136; tests/benchmarks/test_benchmark_statistics.py; benchmark_execution_plan.SplitMix64	no-comment	名称、局部逻辑及现有模块说明足以解释此单元，无额外跨层约束
scripts/benchmark/benchmark_statistics.py	is_stable	function	benchmark_statistics.main; benchmark_execution_plan.SplitMix64	按变异系数与阈值判定稳定性	正有限样本、uint64 种子及固定 PRNG 版本决定可复现统计结果	scripts/benchmark/benchmark_statistics.py:148; tests/benchmarks/test_benchmark_statistics.py; benchmark_execution_plan.SplitMix64	no-comment	名称、局部逻辑及现有模块说明足以解释此单元，无额外跨层约束
scripts/benchmark/benchmark_statistics.py	bootstrap_median_confidence_interval	function	calculate_statistics; benchmark_statistics.main; benchmark_execution_plan.SplitMix64	固定 PRNG、重采样次数和分位索引构成跨运行可复现的统计协议。	正有限样本、uint64 种子及固定 PRNG 版本决定可复现统计结果	scripts/benchmark/benchmark_statistics.py:153; tests/benchmarks/test_benchmark_statistics.py; benchmark_execution_plan.SplitMix64	commented	中文注释说明跨层职责或契约
scripts/benchmark/benchmark_statistics.py	calculate_statistics	function	serialize_statistics; tests/benchmarks/test_benchmark_statistics.py:test_adjacent_subnormal_values_do_not_underflow_the_median; tests/benchmarks/test_benchmark_statistics.py:test_constant_samples_have_zero_dispersion_and_exact_bootstrap_interval; tests/benchmarks/test_benchmark_statistics.py:test_cv_threshold_marks_stable_and_unstable_samples; tests/benchmarks/test_benchmark_statistics.py:test_large_finite_samples_do_not_overflow_intermediate_calculations; tests/benchmarks/test_benchmark_statistics.py:test_smallest_positive_finite_samples_do_not_underflow_the_mean; tests/benchmarks/test_benchmark_statistics.py:test_statistics_reject_malformed_samples_seed_and_threshold; benchmark_statistics.main; benchmark_execution_plan.SplitMix64	一次校验后复用样本，输出离散度、稳定性和种子固定的置信区间。	正有限样本、uint64 种子及固定 PRNG 版本决定可复现统计结果	scripts/benchmark/benchmark_statistics.py:181; tests/benchmarks/test_benchmark_statistics.py; benchmark_execution_plan.SplitMix64	commented	中文注释说明跨层职责或契约
scripts/benchmark/benchmark_statistics.py	_serialize_payload	function	serialize_statistics; benchmark_statistics.main; benchmark_execution_plan.SplitMix64	把结果编码成稳定顺序的 JSON 行	正有限样本、uint64 种子及固定 PRNG 版本决定可复现统计结果	scripts/benchmark/benchmark_statistics.py:219; tests/benchmarks/test_benchmark_statistics.py; benchmark_execution_plan.SplitMix64	no-comment	名称、局部逻辑及现有模块说明足以解释此单元，无额外跨层约束
scripts/benchmark/benchmark_statistics.py	serialize_statistics	function	main; tests/benchmarks/test_benchmark_statistics.py:test_serialized_statistics_are_byte_identical_for_the_same_seed; benchmark_statistics.main; benchmark_execution_plan.SplitMix64	以稳定 JSON 编码样本统计结果	正有限样本、uint64 种子及固定 PRNG 版本决定可复现统计结果	scripts/benchmark/benchmark_statistics.py:230; tests/benchmarks/test_benchmark_statistics.py; benchmark_execution_plan.SplitMix64	no-comment	名称、局部逻辑及现有模块说明足以解释此单元，无额外跨层约束
scripts/benchmark/benchmark_statistics.py	_reject_json_constant	function	_parse_request; benchmark_statistics.main; benchmark_execution_plan.SplitMix64	拒绝 NaN 和 Infinity 等非标准 JSON 常量	正有限样本、uint64 种子及固定 PRNG 版本决定可复现统计结果	scripts/benchmark/benchmark_statistics.py:245; tests/benchmarks/test_benchmark_statistics.py; benchmark_execution_plan.SplitMix64	no-comment	名称、局部逻辑及现有模块说明足以解释此单元，无额外跨层约束
scripts/benchmark/benchmark_statistics.py	_object_without_duplicate_keys	function	_parse_request; benchmark_statistics.main; benchmark_execution_plan.SplitMix64	拒绝任何嵌套层级中的重复 JSON 键	正有限样本、uint64 种子及固定 PRNG 版本决定可复现统计结果	scripts/benchmark/benchmark_statistics.py:249; tests/benchmarks/test_benchmark_statistics.py; benchmark_execution_plan.SplitMix64	no-comment	名称、局部逻辑及现有模块说明足以解释此单元，无额外跨层约束
scripts/benchmark/benchmark_statistics.py	_parse_request	function	main; benchmark_statistics.main; benchmark_execution_plan.SplitMix64	CLI 输入拒绝重复键和非标准 JSON 常量，避免同一请求有多种解释。	正有限样本、uint64 种子及固定 PRNG 版本决定可复现统计结果	scripts/benchmark/benchmark_statistics.py:258; tests/benchmarks/test_benchmark_statistics.py; benchmark_execution_plan.SplitMix64	commented	中文注释说明跨层职责或契约
scripts/benchmark/benchmark_statistics.py	_read_input	function	main; benchmark_statistics.main; benchmark_execution_plan.SplitMix64	从标准输入或指定路径读取请求字节	正有限样本、uint64 种子及固定 PRNG 版本决定可复现统计结果	scripts/benchmark/benchmark_statistics.py:288; tests/benchmarks/test_benchmark_statistics.py; benchmark_execution_plan.SplitMix64	no-comment	名称、局部逻辑及现有模块说明足以解释此单元，无额外跨层约束
scripts/benchmark/benchmark_statistics.py	_write_output	function	main; benchmark_statistics.main; benchmark_execution_plan.SplitMix64	向标准输出或指定路径写出结果字节	正有限样本、uint64 种子及固定 PRNG 版本决定可复现统计结果	scripts/benchmark/benchmark_statistics.py:294; tests/benchmarks/test_benchmark_statistics.py; benchmark_execution_plan.SplitMix64	no-comment	名称、局部逻辑及现有模块说明足以解释此单元，无额外跨层约束
scripts/benchmark/benchmark_statistics.py	main	function	benchmark_statistics.main; benchmark_execution_plan.SplitMix64	解析命令行、执行本脚本的用户入口并返回退出状态	正有限样本、uint64 种子及固定 PRNG 版本决定可复现统计结果	scripts/benchmark/benchmark_statistics.py:303; tests/benchmarks/test_benchmark_statistics.py; benchmark_execution_plan.SplitMix64	no-comment	名称、局部逻辑及现有模块说明足以解释此单元，无额外跨层约束
scripts/benchmark/benchmark_task4_contract.py	COMPARISON_ALGORITHM	state	compare_benchmark_summaries; run_wsl_benchmarks_report_csv.sh -> benchmark_task4_contract.main; aggregate_benchmark_summary.compare_benchmark_summaries	非致命环境变化保留报告但撤销门控，比较算法只消费同范围合格中位数。	环境或 runner 门控失败时撤销比值；基线比较要求双方合同一致	scripts/benchmark/benchmark_task4_contract.py:21; tests/benchmarks/test_benchmark_task4_integration.py	commented	中文注释说明跨层职责或契约
scripts/benchmark/benchmark_task4_contract.py	_NONFATAL_ENVIRONMENT_ISSUES	state	_environment_attachment; run_wsl_benchmarks_report_csv.sh -> benchmark_task4_contract.main; aggregate_benchmark_summary.compare_benchmark_summaries	定义版本、字段或算法常量，供序列化与校验共用	环境或 runner 门控失败时撤销比值；基线比较要求双方合同一致	scripts/benchmark/benchmark_task4_contract.py:22; tests/benchmarks/test_benchmark_task4_integration.py	no-comment	常量名称和值直接给出版本或字段合同；组级注释已说明用途
scripts/benchmark/benchmark_task4_contract.py	_RATIO_FIELDS	state	_null_ratios_and_gates; run_wsl_benchmarks_report_csv.sh -> benchmark_task4_contract.main; aggregate_benchmark_summary.compare_benchmark_summaries	定义版本、字段或算法常量，供序列化与校验共用	环境或 runner 门控失败时撤销比值；基线比较要求双方合同一致	scripts/benchmark/benchmark_task4_contract.py:23; tests/benchmarks/test_benchmark_task4_integration.py	no-comment	常量名称和值直接给出版本或字段合同；组级注释已说明用途
scripts/benchmark/benchmark_task4_contract.py	_VALID_MEASUREMENT_SCOPES	state	_record_is_gate_eligible; run_wsl_benchmarks_report_csv.sh -> benchmark_task4_contract.main; aggregate_benchmark_summary.compare_benchmark_summaries	定义版本、字段或算法常量，供序列化与校验共用	环境或 runner 门控失败时撤销比值；基线比较要求双方合同一致	scripts/benchmark/benchmark_task4_contract.py:29; tests/benchmarks/test_benchmark_task4_integration.py	no-comment	常量名称和值直接给出版本或字段合同；组级注释已说明用途
scripts/benchmark/benchmark_task4_contract.py	_unique	function	_environment_attachment; compare_benchmark_summaries; run_wsl_benchmarks_report_csv.sh -> benchmark_task4_contract.main; aggregate_benchmark_summary.compare_benchmark_summaries	按首次出现顺序去重诊断码	环境或 runner 门控失败时撤销比值；基线比较要求双方合同一致	scripts/benchmark/benchmark_task4_contract.py:32; tests/benchmarks/test_benchmark_task4_integration.py	no-comment	名称、局部逻辑及现有模块说明足以解释此单元，无额外跨层约束
scripts/benchmark/benchmark_task4_contract.py	_load_json	function	finalize_report_directory; run_wsl_benchmarks_report_csv.sh -> benchmark_task4_contract.main; aggregate_benchmark_summary.compare_benchmark_summaries	严格读取报告文件并归一化文件错误	环境或 runner 门控失败时撤销比值；基线比较要求双方合同一致	scripts/benchmark/benchmark_task4_contract.py:36; tests/benchmarks/test_benchmark_task4_integration.py	no-comment	名称、局部逻辑及现有模块说明足以解释此单元，无额外跨层约束
scripts/benchmark/benchmark_task4_contract.py	_remove_untrusted_speedups	function	attach_environment_contract; finalize_report_directory; run_wsl_benchmarks_report_csv.sh -> benchmark_task4_contract.main; aggregate_benchmark_summary.compare_benchmark_summaries	递归删除报告中的旧 speedup 字段	环境或 runner 门控失败时撤销比值；基线比较要求双方合同一致	scripts/benchmark/benchmark_task4_contract.py:43; tests/benchmarks/test_benchmark_task4_integration.py	no-comment	名称、局部逻辑及现有模块说明足以解释此单元，无额外跨层约束
scripts/benchmark/benchmark_task4_contract.py	_null_ratios_and_gates	function	attach_environment_contract; finalize_report_directory; scripts/benchmark/aggregate_benchmark_summary.py:_build_summary; run_wsl_benchmarks_report_csv.sh -> benchmark_task4_contract.main; aggregate_benchmark_summary.compare_benchmark_summaries	环境不可比时递归撤销比值与门控资格，避免旧 speedup 泄漏到报告。	环境或 runner 门控失败时撤销比值；基线比较要求双方合同一致	scripts/benchmark/benchmark_task4_contract.py:55; tests/benchmarks/test_benchmark_task4_integration.py	commented	中文注释说明跨层职责或契约
scripts/benchmark/benchmark_task4_contract.py	_record_median	function	_recompute_benchmark_ratios; _record_is_gate_eligible; run_wsl_benchmarks_report_csv.sh -> benchmark_task4_contract.main; aggregate_benchmark_summary.compare_benchmark_summaries	读取正有限的中位墙钟时间	环境或 runner 门控失败时撤销比值；基线比较要求双方合同一致	scripts/benchmark/benchmark_task4_contract.py:71; tests/benchmarks/test_benchmark_task4_integration.py	no-comment	名称、局部逻辑及现有模块说明足以解释此单元，无额外跨层约束
scripts/benchmark/benchmark_task4_contract.py	_record_is_gate_eligible	function	_recompute_benchmark_ratios; run_wsl_benchmarks_report_csv.sh -> benchmark_task4_contract.main; aggregate_benchmark_summary.compare_benchmark_summaries	保留 runner 已认可且同测量契约的门控记录	环境或 runner 门控失败时撤销比值；基线比较要求双方合同一致	scripts/benchmark/benchmark_task4_contract.py:80; tests/benchmarks/test_benchmark_task4_integration.py	no-comment	名称、局部逻辑及现有模块说明足以解释此单元，无额外跨层约束
scripts/benchmark/benchmark_task4_contract.py	_recompute_benchmark_ratios	function	attach_environment_contract; finalize_report_directory; run_wsl_benchmarks_report_csv.sh -> benchmark_task4_contract.main; aggregate_benchmark_summary.compare_benchmark_summaries	环境合格也不提升 runner 拒绝的样本；只为原本合格且同 scope 的记录重算比值。	环境或 runner 门控失败时撤销比值；基线比较要求双方合同一致	scripts/benchmark/benchmark_task4_contract.py:93; tests/benchmarks/test_benchmark_task4_integration.py	commented	中文注释说明跨层职责或契约
scripts/benchmark/benchmark_task4_contract.py	_environment_attachment	function	attach_environment_contract; run_wsl_benchmarks_report_csv.sh -> benchmark_task4_contract.main; aggregate_benchmark_summary.compare_benchmark_summaries	结构损坏为硬错误；隔离不足、源码变动或 profile 作为不可比原因随报告保留。	环境或 runner 门控失败时撤销比值；基线比较要求双方合同一致	scripts/benchmark/benchmark_task4_contract.py:136; tests/benchmarks/test_benchmark_task4_integration.py	commented	中文注释说明跨层职责或契约
scripts/benchmark/benchmark_task4_contract.py	attach_environment_contract	function	finalize_report_directory; run_wsl_benchmarks_report_csv.sh -> benchmark_task4_contract.main; aggregate_benchmark_summary.compare_benchmark_summaries	在报告副本上附环境判定，先去掉不可信 speedup，再按资格撤销或重算比值。	环境或 runner 门控失败时撤销比值；基线比较要求双方合同一致	scripts/benchmark/benchmark_task4_contract.py:174; tests/benchmarks/test_benchmark_task4_integration.py	commented	中文注释说明跨层职责或契约
scripts/benchmark/benchmark_task4_contract.py	finalize_report_directory	function	_main_attach; run_wsl_benchmarks_report_csv.sh -> benchmark_task4_contract.main; aggregate_benchmark_summary.compare_benchmark_summaries	先完成主基准报告，再将同一环境附件写入其他报告以统一可比性判定。	环境或 runner 门控失败时撤销比值；基线比较要求双方合同一致	scripts/benchmark/benchmark_task4_contract.py:202; tests/benchmarks/test_benchmark_task4_integration.py	commented	中文注释说明跨层职责或契约
scripts/benchmark/benchmark_task4_contract.py	_summary_report	function	compare_benchmark_summaries; run_wsl_benchmarks_report_csv.sh -> benchmark_task4_contract.main; aggregate_benchmark_summary.compare_benchmark_summaries	从汇总中定位必需报告或记录缺失原因	环境或 runner 门控失败时撤销比值；基线比较要求双方合同一致	scripts/benchmark/benchmark_task4_contract.py:241; tests/benchmarks/test_benchmark_task4_integration.py	no-comment	名称、局部逻辑及现有模块说明足以解释此单元，无额外跨层约束
scripts/benchmark/benchmark_task4_contract.py	_identity	function	_index_report; run_wsl_benchmarks_report_csv.sh -> benchmark_task4_contract.main; aggregate_benchmark_summary.compare_benchmark_summaries	校验并规范身份字符串	环境或 runner 门控失败时撤销比值；基线比较要求双方合同一致	scripts/benchmark/benchmark_task4_contract.py:257; tests/benchmarks/test_benchmark_task4_integration.py	no-comment	名称、局部逻辑及现有模块说明足以解释此单元，无额外跨层约束
scripts/benchmark/benchmark_task4_contract.py	_index_report	function	compare_benchmark_summaries; run_wsl_benchmarks_report_csv.sh -> benchmark_task4_contract.main; aggregate_benchmark_summary.compare_benchmark_summaries	以 case/implementation 组成比较键；重复身份另记原因，阻止错误配对。	环境或 runner 门控失败时撤销比值；基线比较要求双方合同一致	scripts/benchmark/benchmark_task4_contract.py:267; tests/benchmarks/test_benchmark_task4_integration.py	commented	中文注释说明跨层职责或契约
scripts/benchmark/benchmark_task4_contract.py	_statistical_algorithm	function	compare_benchmark_summaries; run_wsl_benchmarks_report_csv.sh -> benchmark_task4_contract.main; aggregate_benchmark_summary.compare_benchmark_summaries	抽取统计策略字段供两侧比较	环境或 runner 门控失败时撤销比值；基线比较要求双方合同一致	scripts/benchmark/benchmark_task4_contract.py:304; tests/benchmarks/test_benchmark_task4_integration.py	no-comment	名称、局部逻辑及现有模块说明足以解释此单元，无额外跨层约束
scripts/benchmark/benchmark_task4_contract.py	_record_reasons	function	compare_benchmark_summaries; run_wsl_benchmarks_report_csv.sh -> benchmark_task4_contract.main; aggregate_benchmark_summary.compare_benchmark_summaries	收集状态、稳定性和门控资格失败原因	环境或 runner 门控失败时撤销比值；基线比较要求双方合同一致	scripts/benchmark/benchmark_task4_contract.py:314; tests/benchmarks/test_benchmark_task4_integration.py	no-comment	名称、局部逻辑及现有模块说明足以解释此单元，无额外跨层约束
scripts/benchmark/benchmark_task4_contract.py	_median	function	compare_benchmark_summaries; run_wsl_benchmarks_report_csv.sh -> benchmark_task4_contract.main; aggregate_benchmark_summary.compare_benchmark_summaries	读取比较用中位数并写入具体失败原因	环境或 runner 门控失败时撤销比值；基线比较要求双方合同一致	scripts/benchmark/benchmark_task4_contract.py:327; tests/benchmarks/test_benchmark_task4_integration.py	no-comment	名称、局部逻辑及现有模块说明足以解释此单元，无额外跨层约束
scripts/benchmark/benchmark_task4_contract.py	compare_benchmark_summaries	function	scripts/benchmark/aggregate_benchmark_summary.py:_build_summary; run_wsl_benchmarks_report_csv.sh -> benchmark_task4_contract.main; aggregate_benchmark_summary.compare_benchmark_summaries	环境、策略、记录集合与门控资格全部一致后，才用原始中位数计算加速比。	环境或 runner 门控失败时撤销比值；基线比较要求双方合同一致	scripts/benchmark/benchmark_task4_contract.py:340; tests/benchmarks/test_benchmark_task4_integration.py	commented	中文注释说明跨层职责或契约
scripts/benchmark/benchmark_task4_contract.py	_main_attach	function	main; run_wsl_benchmarks_report_csv.sh -> benchmark_task4_contract.main; aggregate_benchmark_summary.compare_benchmark_summaries	执行 attach CLI 并输出环境可比状态	环境或 runner 门控失败时撤销比值；基线比较要求双方合同一致	scripts/benchmark/benchmark_task4_contract.py:418; tests/benchmarks/test_benchmark_task4_integration.py	no-comment	名称、局部逻辑及现有模块说明足以解释此单元，无额外跨层约束
scripts/benchmark/benchmark_task4_contract.py	main	function	run_wsl_benchmarks_report_csv.sh -> benchmark_task4_contract.main; aggregate_benchmark_summary.compare_benchmark_summaries	解析命令行、执行本脚本的用户入口并返回退出状态	环境或 runner 门控失败时撤销比值；基线比较要求双方合同一致	scripts/benchmark/benchmark_task4_contract.py:423; tests/benchmarks/test_benchmark_task4_integration.py	no-comment	名称、局部逻辑及现有模块说明足以解释此单元，无额外跨层约束
scripts/benchmark/benchmark_environment_capture.py	_target_compile_evidence/compile_entry_sort_key	function	sorted; benchmark_environment_contract capture/finalize/cache-key	使用规范 JSON 字节作为编译记录排序键，以消除输入顺序差异	构建证据可用后捕获 IN_PROGRESS；完成阶段重采源码并计算指纹	scripts/benchmark/benchmark_environment_capture.py:184; tests/benchmarks/test_benchmark_environment_contract.py	no-comment	短 lambda 的用途由所属函数和传入迭代器或排序器的位置直接说明
scripts/benchmark/benchmark_environment_capture.py	build_contract_from_cache/sanitizer_predicate	function	_cache_records; benchmark_environment_contract capture/finalize/cache-key	提取匹配 sanitizer 标记的 CMake 项	构建证据可用后捕获 IN_PROGRESS；完成阶段重采源码并计算指纹	scripts/benchmark/benchmark_environment_capture.py:225; tests/benchmarks/test_benchmark_environment_contract.py	no-comment	短 lambda 的用途由所属函数和传入迭代器或排序器的位置直接说明
scripts/benchmark/benchmark_environment_capture.py	build_contract_from_cache/abi_runtime_predicate	function	_cache_records; benchmark_environment_contract capture/finalize/cache-key	提取 ABI 和 runtime 相关的 CMake 项	构建证据可用后捕获 IN_PROGRESS；完成阶段重采源码并计算指纹	scripts/benchmark/benchmark_environment_capture.py:229; tests/benchmarks/test_benchmark_environment_contract.py	no-comment	短 lambda 的用途由所属函数和传入迭代器或排序器的位置直接说明
scripts/benchmark/benchmark_environment_capture.py	build_contract_from_cache/compile_definitions_predicate	function	_cache_records; benchmark_environment_contract capture/finalize/cache-key	提取项目 compile definitions 项	构建证据可用后捕获 IN_PROGRESS；完成阶段重采源码并计算指纹	scripts/benchmark/benchmark_environment_capture.py:233; tests/benchmarks/test_benchmark_environment_contract.py	no-comment	短 lambda 的用途由所属函数和传入迭代器或排序器的位置直接说明
scripts/benchmark/benchmark_environment_capture.py	build_contract_from_cache/compile_features_predicate	function	_cache_records; benchmark_environment_contract capture/finalize/cache-key	提取项目 compile features 项	构建证据可用后捕获 IN_PROGRESS；完成阶段重采源码并计算指纹	scripts/benchmark/benchmark_environment_capture.py:237; tests/benchmarks/test_benchmark_environment_contract.py	no-comment	短 lambda 的用途由所属函数和传入迭代器或排序器的位置直接说明
scripts/benchmark/benchmark_environment_capture.py	build_contract_from_cache/compile_options_predicate	function	_cache_records; benchmark_environment_contract capture/finalize/cache-key	提取项目 compile options 项	构建证据可用后捕获 IN_PROGRESS；完成阶段重采源码并计算指纹	scripts/benchmark/benchmark_environment_capture.py:241; tests/benchmarks/test_benchmark_environment_contract.py	no-comment	短 lambda 的用途由所属函数和传入迭代器或排序器的位置直接说明
scripts/benchmark/benchmark_report_publisher.py	_sha256/chunk_reader	function	iter; run_wsl_benchmarks_report_csv.sh -> benchmark_report_publisher.main	按块读取报告正文供 SHA-256 计算	只复制白名单文件；先公布完整 run 目录再原子更新 LATEST	scripts/benchmark/benchmark_report_publisher.py:24; tests/benchmarks/test_benchmark_task4_integration.py	no-comment	短 lambda 的用途由所属函数和传入迭代器或排序器的位置直接说明
scripts/benchmark/benchmark_report_publisher.py	publish_report_bundle/relative_path_sort_key	function	sorted; run_wsl_benchmarks_report_csv.sh -> benchmark_report_publisher.main	按源目录相对路径稳定排序校验清单条目	只复制白名单文件；先公布完整 run 目录再原子更新 LATEST	scripts/benchmark/benchmark_report_publisher.py:71; tests/benchmarks/test_benchmark_task4_integration.py	no-comment	短 lambda 的用途由所属函数和传入迭代器或排序器的位置直接说明
scripts/benchmark/benchmark_report_publisher.py	publish_report_bundle/LATEST原子指针	block	publish_report_bundle	run 目录先发布，LATEST 在写入并 fsync 后替换；更新失败时既有 run 仍可按目录访问	只复制白名单文件；先公布完整 run 目录再原子更新 LATEST	scripts/benchmark/benchmark_report_publisher.py:84; tests/benchmarks/test_benchmark_task4_integration.py	commented	对应紧邻 latest_fd 的顺序注释
scripts/benchmark/benchmark_source_identity.py	compute_dirty_tree_digest/未跟踪路径哈希	block	compute_dirty_tree_digest	路径、文件模式和正文一起进入脏树摘要，防止同内容的重命名或权限变化被忽略	Git 命令限时；带长度前缀的记录覆盖差异、未跟踪和子模块内容	scripts/benchmark/benchmark_source_identity.py:261; tests/benchmarks/test_benchmark_environment_contract.py	commented	对应未跟踪路径循环前的注释
scripts/benchmark/aggregate_benchmark_summary.py	_implementation_contract_issue/measurement_scope集合检查	block	_build_summary	JSON 数组作为 measurement_scope 时抛 TypeError，中断诊断汇总	不重算输入比值；身份、状态或 scope 不合格时清空并记录移除路径	scripts/benchmark/aggregate_benchmark_summary.py:90; manual reproduction: measurement_scope=[]	BUG	复现：完整 benchmark_report 中 measurement_scope=[]；调用 _build_summary 抛 TypeError
scripts/benchmark/benchmark_reports_to_csv.py	_implementation_contract_valid/measurement_scope集合检查	block	_write_benchmark_timings -> main	JSON 数组作为 measurement_scope 时抛 TypeError，中断 CSV 导出	只转录已存在比值；身份或测量契约不合格时对应单元格留空	scripts/benchmark/benchmark_reports_to_csv.py:72; manual reproduction: measurement_scope=[]	BUG	复现：完整 benchmark_report 中 measurement_scope=[]；CSV CLI 返回 1 和 TypeError
scripts/benchmark/benchmark_compare_viewer.html	viewer::template_DOM	state	浏览器 DOM 解析;viewer::IIFE	提供文件选择器、元数据、错误区和各报告容器	可执行 script 位于所有固定 id 元素之后	benchmark_compare_viewer.html:128-169;viewer::$	no-comment	静态 id 与随后读取关系直观；不在 DOM 内补注释以免改变页面内容
scripts/benchmark/benchmark_compare_viewer.html	viewer::embedded_payload	state	aggregate_benchmark_summary.py::_inject_bundle;parseMaybeBundle	以 text/plain script 保存生成页的 base64 JSON	原模板保留占位符；打包器全局替换该文本	benchmark_compare_viewer.html:128;aggregate_benchmark_summary.py:390-396	no-comment	标记与 type 已表达用途；全局替换缺陷在 parseMaybeBundle 登记
scripts/benchmark/benchmark_compare_viewer.html	viewer::IIFE	block	浏览器解析末尾 script	隔离局部函数并在加载时绑定文件选择器、尝试读取嵌入数据	DOM 元素已在脚本前声明	benchmark_compare_viewer.html:128,169,465-489	no-comment	入口和 DOM 顺序直观；关键嵌入契约另行登记
scripts/benchmark/benchmark_compare_viewer.html	viewer::$	function	showError;renderFilteredMatrix;renderAll;renderMatrix;renderBars;renderZrVs;IIFE	按 id 读取页面元素	调用方使用模板内固定 id	benchmark_compare_viewer.html:171;页面 id	no-comment	名称与单行实现足够
scripts/benchmark/benchmark_compare_viewer.html	viewer::showError	function	parseMaybeBundle;renderAll;FileReader.onload	用文本设置错误区域并切换隐藏状态	文本使用 textContent 不解释 HTML	benchmark_compare_viewer.html:173-177,217,324,474-479	no-comment	名称、textContent 和 hidden 已表达失败语义
scripts/benchmark/benchmark_compare_viewer.html	viewer::normalizePayload	function	parseMaybeBundle;FileReader.onload	兼容聚合摘要与单份性能/比较报告	聚合摘要可能仅有 comparison_report	aggregate_benchmark_summary.py:322-326,356-365;benchmark_compare_viewer.html:181-201,340-350	BUG	只含 comparison_report 的合法聚合摘要被拒绝；已在判断处标注
scripts/benchmark/benchmark_compare_viewer.html	viewer::parseMaybeBundle	function	IIFE 初始调用;aggregate_benchmark_summary.py::_inject_bundle	读取模板中的 base64 摘要并自动渲染	打包器对模板所有占位符执行全局替换	aggregate_benchmark_summary.py:390-396;benchmark_compare_viewer.html:128,205-219	BUG	生成页的检测字面量也被替换，t.indexOf(t) 恒成立；已标注
scripts/benchmark/benchmark_compare_viewer.html	viewer::parseMaybeBundle::UTF8_decode	block	parseMaybeBundle	将嵌入的 JSON 字节转成可解析文本	当前自动载入先被占位符条件阻断；修复后须用非 ASCII 字段验证	aggregate_benchmark_summary.py:391-392;benchmark_compare_viewer.html:210-214;Latin1 解码示例产生乱码	TODO	atob 不执行 UTF-8 解码；先修复前置阻断，再以生成页核验中文字段
scripts/benchmark/benchmark_compare_viewer.html	viewer::ratioColor	function	renderFilteredMatrix;renderMatrix;renderBars	把相对慢速比例映射为绿色到红色的 HSL	调用点传入归一化比例	benchmark_compare_viewer.html:221-225,310-311,400-401,427	no-comment	名称及公式足以说明
scripts/benchmark/benchmark_compare_viewer.html	viewer::implCategory	function	renderFilteredMatrix	将实现名称归入解释器或机器码组	必须和性能套件写入的实现名称完全一致	run_performance_suite.cmake:859-860;benchmark_compare_viewer.html:227-254	BUG	套件写 C#/.NET，函数只识别 .NET；分组遗漏，已标注
scripts/benchmark/benchmark_compare_viewer.html	viewer::renderFilteredMatrix	function	renderAll	按解释器/原生组生成独立矩阵，颜色以组内最短值为基准	只展示 PASS 数值；其他显示占位符	benchmark_compare_viewer.html:256-320,335-339	commented	组内比较意图跨越筛选、最小值和呈现，已补宏观注释
scripts/benchmark/benchmark_compare_viewer.html	viewer::renderFilteredMatrix::map_callback	function	renderFilteredMatrix::implNames.map	从当前行提取各实现的毫秒值	缺少实现时返回 undefined，后续 filter 排除	benchmark_compare_viewer.html:297-300	no-comment	一行读取表达式与后续过滤足够说明
scripts/benchmark/benchmark_compare_viewer.html	viewer::renderFilteredMatrix::filter_callback	function	renderFilteredMatrix::values.filter	只保留数值耗时参与最小值计算	SKIP/FAIL 值为 null 或缺失	benchmark_compare_viewer.html:297-300	no-comment	类型判断直接表达筛选条件
scripts/benchmark/benchmark_compare_viewer.html	viewer::renderAll	function	parseMaybeBundle;FileReader.onload	依据可用报告刷新所有展示区域	缺失报告需清除上一次选择的内容	benchmark_compare_viewer.html:322-352,477	commented	已补充重置旧区域的时序意图；元数据注入问题另记
scripts/benchmark/benchmark_compare_viewer.html	viewer::renderAll::metadata_innerHTML	block	renderAll;文件选择器	显示聚合时间、目录和报告清单	从选定 JSON 读取的 aggregated_at_utc 未转义	benchmark_compare_viewer.html:329-333,465-483	BUG	用户提供的字段可作为 HTML 事件属性插入页面；已标注
scripts/benchmark/benchmark_compare_viewer.html	viewer::escapeHtml	function	renderFilteredMatrix;renderAll;renderMatrix;renderBars;renderZrVs	转义放入 innerHTML 文本位置的动态字段	调用点仅在 HTML 文本节点中使用其输出	benchmark_compare_viewer.html:354-360,292,332-333,381,424,456	no-comment	函数名与替换列表直观；遗漏调用点另记
scripts/benchmark/benchmark_compare_viewer.html	viewer::renderMatrix	function	renderAll	按所有实现生成 case 平均耗时矩阵	PASS 且 mean_wall_ms 为 number 才显示数值	benchmark_compare_viewer.html:362-410,335-339	no-comment	UI 标题和函数名已说明
scripts/benchmark/benchmark_compare_viewer.html	viewer::renderMatrix::map_callback	function	renderMatrix::implNames.map	从当前行提取各实现的毫秒值	缺少实现时返回 undefined，后续 filter 排除	benchmark_compare_viewer.html:387-390	no-comment	一行读取表达式与后续过滤足够说明
scripts/benchmark/benchmark_compare_viewer.html	viewer::renderMatrix::filter_callback	function	renderMatrix::values.filter	只保留数值耗时参与最小值计算	SKIP/FAIL 值为 null 或缺失	benchmark_compare_viewer.html:387-390	no-comment	类型判断直接表达筛选条件
scripts/benchmark/benchmark_compare_viewer.html	viewer::renderBars	function	renderAll	按 case 耗时升序生成柱形比较	只纳入 PASS 数值；空集合显示提示	benchmark_compare_viewer.html:412-436,339	no-comment	排序及空状态代码可直接读出
scripts/benchmark/benchmark_compare_viewer.html	viewer::renderBars::sort_callback	function	renderBars::items.sort	按耗时升序比较项目	输入来自 PASS 数值	benchmark_compare_viewer.html:416-422	no-comment	单行比较器无需重复注释
scripts/benchmark/benchmark_compare_viewer.html	viewer::renderZrVs	function	renderAll	显示 comparison_report 给出的 ZR interp 对各语言比值	空比值显示横线；动态值走 escapeHtml	benchmark_compare_viewer.html:438-463,347-350	no-comment	表头和分支足以说明
scripts/benchmark/benchmark_compare_viewer.html	viewer::file_input_change	function	IIFE::addEventListener(change)	异步读取本地 JSON 并交给 normalizePayload 和 renderAll	用户可选择任意 JSON；解析失败显示错误	benchmark_compare_viewer.html:465-483	no-comment	FileReader 调用链与报错文案清晰
scripts/benchmark/benchmark_compare_viewer.html	viewer::FileReader.onload	function	viewer::file_input_change;浏览器 FileReader	解析文件内容，拒绝未知结构，展示有效报告	FileReader.readAsText 指定 UTF-8	benchmark_compare_viewer.html:469-482	no-comment	已包含在文件变更回调的直观控制流中
scripts/benchmark/build_benchmark_release.ps1	build_benchmark_release.ps1::Find-RepoRoot	function	顶层默认 RepoRoot 分支	从脚本目录逐级寻找含 CMakeLists 和 tests 的仓库根	找不到时抛错，调用方随 ErrorActionPreference Stop 退出	build_benchmark_release.ps1:37-51,131-135	no-comment	名称和判定条件足够
scripts/benchmark/build_benchmark_release.ps1	build_benchmark_release.ps1::Convert-ToWslPath	function	顶层 gcc/clang 分支	把 Windows 根路径转换为 WSL 绝对路径	wslpath 失败或空结果时抛错	build_benchmark_release.ps1:53-61,151-153	commented	跨系统路径契约已补注释
scripts/benchmark/build_benchmark_release.ps1	build_benchmark_release.ps1::Import-VsDevCmdEnvironment	function	顶层 msvc 分支在 cmake 不可用时调用	导入 VsDevCmd 输出的环境变量供当前 PowerShell 调用 CMake	按候选路径查找；cmd 失败抛错	build_benchmark_release.ps1:63-106,157-161	commented	环境在子进程创建又写回本进程的目的非显然
scripts/benchmark/build_benchmark_release.ps1	build_benchmark_release.ps1::Get-PreferredVisualStudioGenerator	function	顶层 msvc 分支	从 CMake capabilities 选择最高版本的 Visual Studio 生成器	无可用生成器或命令失败抛错	build_benchmark_release.ps1:108-129,161	commented	补充能力探测而非固定路径的选择契约
scripts/benchmark/build_benchmark_release.ps1	build_benchmark_release.ps1::root_jobs_setup	block	脚本命令入口	解析仓库路径和默认并行任务数	-Jobs 小于等于零取处理器数	build_benchmark_release.ps1:23-35,131-145	no-comment	参数帮助和条件表达已足够
scripts/benchmark/build_benchmark_release.ps1	build_benchmark_release.ps1::wsl_dispatch	block	-Toolchain gcc|clang 命令入口	在 WSL 中运行 Bash 构建脚本	RepoRoot 允许有效路径中的单引号；拼接的 shell 单引号未转义	build_benchmark_release.ps1:147-156;Windows 路径支持单引号	BUG	含单引号路径破坏 cd 命令；已在最贴近拼接处标注
scripts/benchmark/build_benchmark_release.ps1	build_benchmark_release.ps1::wsl_jobs	block	-Jobs 参数;wsl_dispatch	向 Linux 构建传递用户要求的并行数	Bash 脚本只读 ZR_VM_BUILD_JOBS；PowerShell 分支未设置或转发	build_benchmark_release.ps1:29,137-139,153-155;build_benchmark_release.sh:34-41	BUG	gcc/clang 分支忽略 -Jobs；已标注
scripts/benchmark/build_benchmark_release.ps1	build_benchmark_release.ps1::msvc_configure_build	block	-Toolchain msvc 命令入口	配置并构建 MSVC Release 产物，随后提示 CTest	performance_report 仅在 ZR_VM_REGISTER_PERFORMANCE_CTEST=ON 时注册且默认 OFF	build_benchmark_release.ps1:157-176;tests/CMakeLists.txt:22-24,8531-8551	BUG	全新配置的后续 CTest 命令无目标测试；已标注
scripts/benchmark/build_benchmark_release.ps1	build_benchmark_release.ps1::completion	block	gcc/clang 与 msvc 分支成功返回	报告耗时并以零退出	外部命令非零已在各分支提前退出	build_benchmark_release.ps1:179-183	no-comment	成功提示和退出码语义直接
scripts/benchmark/build_benchmark_release.sh	build_benchmark_release.sh::args_toolchain	block	用户 Bash 命令入口;PowerShell WSL 转发	限制 gcc/clang 并设置编译器与构建生成器	错误工具链退出 1；ninja 缺失回退 Makefiles	build_benchmark_release.sh:14-52;build_benchmark_release.ps1:147-155	no-comment	usage 与分支可读
scripts/benchmark/build_benchmark_release.sh	build_benchmark_release.sh::bootstrap_configure	block	命令入口的 cache-key 准备阶段	先配置临时构建树以取得有效 CMake 缓存和编译数据库	CTest 性能测试注册开关默认 OFF，未由参数启用	build_benchmark_release.sh:65-74;tests/CMakeLists.txt:22-24,8533-8551	BUG	新建缓存不会注册 performance_report；已标注
scripts/benchmark/build_benchmark_release.sh	build_benchmark_release.sh::cache_identity	block	bootstrap_configure 后续;benchmark_environment_contract.py cache-key	从源码与实际构建契约计算 source_key/toolchain_key	要求 Python、Git、编译器和可比的目标编译证据	build_benchmark_release.sh:75-97;benchmark_source_identity.py:404-489	no-comment	文件头已有完整键控缓存意图，变量和脚本入口明确
scripts/benchmark/build_benchmark_release.sh	build_benchmark_release.sh::cache_hit_or_miss	block	cache_identity 后续	命中时校验相对身份并复用；未命中时在最终目录重新配置并编译	禁用复用或缺少身份文件即退出 2；命中不重新编译	build_benchmark_release.sh:99-130;benchmark-task4-environment-cache-publishing.md:58-66	commented	探针目录不能搬移且命中不编译的取舍已补注释
scripts/benchmark/build_benchmark_release.sh	build_benchmark_release.sh::final_identity	block	cache_hit_or_miss 后续	重新读取最终构建契约，确保缓存路径的键仍一致	身份不一致退出 2；验证文件再覆盖正式身份文件	build_benchmark_release.sh:131-155	no-comment	现有英文注释已准确解释原因
scripts/benchmark/build_benchmark_release.sh	build_benchmark_release.sh::completion	block	final_identity 成功分支	输出耗时和下一个报告命令	调用者需用输出的 ZR_VM_CMAKE_BUILD_DIR 指向键控缓存	build_benchmark_release.sh:157-163;run_wsl_benchmarks_report_csv.sh:45-49	no-comment	提示文本已直接表达后续入口
scripts/benchmark/capture_benchmark_environment.sh	capture_benchmark_environment.sh::usage	function	参数解析错误和必需参数校验	打印包装器命令格式	错误输出写 stderr	capture_benchmark_environment.sh:15-17,19-60	no-comment	单行用法文案足够
scripts/benchmark/capture_benchmark_environment.sh	capture_benchmark_environment.sh::argument_parser	block	WSL 报告脚本;命令行入口	区分仓库、构建、输出路径和 -- 后的原始子命令	缺少参数或非法参数退出 2	capture_benchmark_environment.sh:6-60;run_wsl_benchmarks_report_csv.sh:124-126	no-comment	case 和 usage 已自述
scripts/benchmark/capture_benchmark_environment.sh	capture_benchmark_environment.sh::linux_preflight	block	argument_parser 后续	确保 Python、Linux proc 状态和 CPU 掩码可用	缺少依赖或掩码时退出 2，不执行子命令	capture_benchmark_environment.sh:53-70	no-comment	错误消息与检查一一对应
scripts/benchmark/capture_benchmark_environment.sh	capture_benchmark_environment.sh::run_captured_command	function	pinned/fallback/disable/taskset 分支	先写未完成环境，再执行子命令并最终化身份	最终化失败返回 2；否则保留子命令退出码；中断留下 IN_PROGRESS	capture_benchmark_environment.sh:72-116;test_benchmark_environment_contract.py:1365-1457	commented	环境生命周期与退出码优先级已补注释
scripts/benchmark/capture_benchmark_environment.sh	capture_benchmark_environment.sh::pinned_child	block	taskset 重入后的脚本入口	核对实际亲和性掩码，决定 ISOLATED 或 NON_ISOLATED	仅十进制单 CPU 且观测掩码相等算隔离	capture_benchmark_environment.sh:118-129;test_benchmark_environment_contract.py:1313-1363	commented	重入验证原因已补注释
scripts/benchmark/capture_benchmark_environment.sh	capture_benchmark_environment.sh::affinity_fallback	block	未固定的入口	亲和性禁用或 taskset 不可用时仍运行且标记非隔离	报告不可比较但子命令原有退出码保留	capture_benchmark_environment.sh:131-139;benchmark-task4-environment-cache-publishing.md:42-47	no-comment	条件和 isolation_reason 已清楚
scripts/benchmark/capture_benchmark_environment.sh	capture_benchmark_environment.sh::cpu_selection_and_reentry	block	未禁用亲和性的入口	从允许 CPU 中选择逻辑核，探测 taskset 后在固定核上重入	选择/探测失败回退非隔离；子进程再次核对 mask	capture_benchmark_environment.sh:141-165;test_benchmark_environment_contract.py:1276-1363	commented	探测与重入顺序的可靠性意图已补注释
scripts/benchmark/run_gc_overhead_stress.sh	run_gc_overhead_stress.sh::defaults	block	用户命令入口	设置构建目录、可执行文件、stress tier 和 GC 成对 case	可用环境变量覆盖 tier、case 和实现	run_gc_overhead_stress.sh:1-35;registry.cmake:341-355	no-comment	脚本头已说明入口、默认值和输出
scripts/benchmark/run_gc_overhead_stress.sh	run_gc_overhead_stress.sh::direct_cmake_run	block	defaults 后续	绕过 CTest 的 1800 秒整体超时直接运行 CMake 性能套件	必需可执行文件和 benchmark 目录由 CMake 脚本验证	run_gc_overhead_stress.sh:2-4,36-46;tests/CMakeLists.txt:8546-8550;run_performance_suite.cmake:1-46	no-comment	现有头注释明确解释直接调用的原因
scripts/benchmark/run_gc_overhead_stress.sh	run_gc_overhead_stress.sh::report_outputs	block	direct_cmake_run 成功后	生成 GC overhead Markdown 和 JSON	报告路径由 GENERATED_DIR/performance 决定	run_gc_overhead_stress.sh:13-15,27;run_performance_suite.cmake:1336-1337,1448-1461	no-comment	现有输出说明已足够
scripts/benchmark/run_typed_opcode_perf_closure.sh	run_typed_opcode_perf_closure.sh::setup	block	用户命令入口	选择 build/repo/out 路径，要求 CLI 和 Callgrind 工具，建立报告	规模参数从环境变量读取；工具缺失退出 1	run_typed_opcode_perf_closure.sh:1-52;typed-opcode-second-wave-perf-closure.md:49-57	no-comment	头部 usage 与错误文案已充分
scripts/benchmark/run_typed_opcode_perf_closure.sh	run_typed_opcode_perf_closure.sh::check_regex_present	function	当前脚本内无直接调用方	要求中间产物匹配正则	被调用且 grep 失败时脚本退出 1	run_typed_opcode_perf_closure.sh:54-62;当前 run_case 仅调用 fixed_present 和 regex_absent	no-comment	名称和错误消息足够；文本检索无调用不能单独证明废弃
scripts/benchmark/run_typed_opcode_perf_closure.sh	run_typed_opcode_perf_closure.sh::check_fixed_present	function	run_case typed_equality;unsigned_arithmetic;known_call	确保特化 opcode 已生成	固定字符串匹配；未命中退出 1	run_typed_opcode_perf_closure.sh:64-72,177-198	no-comment	名称和检查调用点足够
scripts/benchmark/run_typed_opcode_perf_closure.sh	run_typed_opcode_perf_closure.sh::check_fixed_absent	function	run_case Callgrind 检查	拒绝热路径报告中的退化 helper	固定字符串命中退出 1	run_typed_opcode_perf_closure.sh:74-82,228-230	no-comment	名称和错误消息足够
scripts/benchmark/run_typed_opcode_perf_closure.sh	run_typed_opcode_perf_closure.sh::check_regex_absent	function	run_case opcode 验证	拒绝通用 opcode 或有符号家族回退	正则命中退出 1	run_typed_opcode_perf_closure.sh:84-92,184-195	no-comment	名称和检查调用点足够
scripts/benchmark/run_typed_opcode_perf_closure.sh	run_typed_opcode_perf_closure.sh::top_function_lines	function	run_case 报告阶段	从 Ir file:function 表截取前八个函数	遇首个空行或八行后停止	run_typed_opcode_perf_closure.sh:94-108,232-252;hotspot_summary.py:64-90	commented	Callgrind 表边界与报告压缩意图已补注释
scripts/benchmark/run_typed_opcode_perf_closure.sh	run_typed_opcode_perf_closure.sh::write_known_call_source	function	run_case known_call 分支	生成大量静态已知调用以放大专用指令热路径	scale 应为可用于 Bash 算术的整数；生成文件覆盖临时 main.zr	run_typed_opcode_perf_closure.sh:109-140,166-168	commented	重复源代码与外部 scale 的基准目的已补注释
scripts/benchmark/run_typed_opcode_perf_closure.sh	run_typed_opcode_perf_closure.sh::run_case	function	顶层三次 run_case 调用	复制 fixture、注入规模、编译校验、执行并采集 Callgrind 报告	CLI、Valgrind 或校验失败时 set -e 退出	run_typed_opcode_perf_closure.sh:142-258,260-276	commented	跨构建与采样阶段的意图已补注释
scripts/benchmark/run_typed_opcode_perf_closure.sh	run_typed_opcode_perf_closure.sh::run_case::cleanup	block	run_case;set -e 失败路径	尝试清理 mktemp 工程	RETURN trap 只在函数返回时触发，set -e 导致 shell 退出时不触发	run_typed_opcode_perf_closure.sh:156-157,256-257;Bash set -e/RETURN 退出复现	BUG	编译或校验失败会遗留临时工程；已标注
scripts/benchmark/run_typed_opcode_perf_closure.sh	run_typed_opcode_perf_closure.sh::run_case::opcode_contract	block	run_case 编译后	检查特化 opcode 出现、通用回退指令缺席	每个 fixture 有专门的指令集合	run_typed_opcode_perf_closure.sh:175-203;typed-opcode-second-wave-perf-closure.md:13-16	no-comment	case 分支和 opcode 名称直接记录预期
scripts/benchmark/run_typed_opcode_perf_closure.sh	run_typed_opcode_perf_closure.sh::run_case::callgrind_contract	block	run_case 正确性验证后	采集 Ir 并拒绝退化 helper，输出总量与 top functions	先检查运行 banner 再采集；工具失败由 set -e 终止	run_typed_opcode_perf_closure.sh:205-254;typed-opcode-second-wave-perf-closure.md:90-99	no-comment	已有命令与报告字段已直接表达检查目的
scripts/benchmark/run_typed_opcode_perf_closure.sh	run_typed_opcode_perf_closure.sh::case_dispatch	block	脚本命令入口末尾	依次执行 typed equality、unsigned arithmetic、known call 三类 fixture	任一 run_case 非零导致 set -e 停止后续	run_typed_opcode_perf_closure.sh:260-276	no-comment	参数列表和最终提示足够
scripts/benchmark/run_wsl_benchmarks_report_csv.sh	run_wsl_benchmarks_report_csv.sh::zr_vm_resolve_cmake_build_dir	function	脚本命令入口	按显式参数、环境、默认路径顺序选第一个 CMake 构建目录	必须存在 CMakeCache.txt；找不到时返回 1	run_wsl_benchmarks_report_csv.sh:35-81	commented	候选优先级和后续共用目录的约束已补注释
scripts/benchmark/run_wsl_benchmarks_report_csv.sh	run_wsl_benchmarks_report_csv.sh::preflight	block	脚本命令入口	检查 ctest、Python、capture 包装器并确定报告路径	capture 工具须可执行；build_dir 须含 CMakeCache	run_wsl_benchmarks_report_csv.sh:81-113	no-comment	错误提示和路径变量已足够
scripts/benchmark/run_wsl_benchmarks_report_csv.sh	run_wsl_benchmarks_report_csv.sh::dual_profile_pass	block	BENCHMARK_DUAL_CTEST 默认 1	profile+Callgrind 测量后附加环境并归档	profile 失败即退出；report_dir 必须生成	run_wsl_benchmarks_report_csv.sh:117-148;tests/benchmarks/README.md:278	no-comment	脚本头 5-9 行与输出目录解释充分
scripts/benchmark/run_wsl_benchmarks_report_csv.sh	run_wsl_benchmarks_report_csv.sh::dual_timing_pass	block	dual_profile_pass 成功后	关闭 Callgrind，以 timing tier 产生主报告	capture 子进程返回码保存为 ctest_rc	run_wsl_benchmarks_report_csv.sh:149-162	no-comment	脚本头与分支消息明确
scripts/benchmark/run_wsl_benchmarks_report_csv.sh	run_wsl_benchmarks_report_csv.sh::single_timing_pass	block	BENCHMARK_DUAL_CTEST=0	仅运行一次计时套件	ctest -R 没有匹配测试时仍可返回 0；旧报告可能仍在	run_wsl_benchmarks_report_csv.sh:162-174,184-194;CTest 空目录复现 exit=0	BUG	未确认本次真的执行测试，可能将旧报告附上新环境；顶层 ctest 分支已标注
scripts/benchmark/run_wsl_benchmarks_report_csv.sh	run_wsl_benchmarks_report_csv.sh::post_ctest_validation	block	dual/single/skip CTest 分支汇合	拒绝非零 CTest、缺少报告或缺少最终环境	skip 模式仍要求已存在最终环境和报告	run_wsl_benchmarks_report_csv.sh:175-194	commented	补充后处理只能使用带环境报告的计时产物
scripts/benchmark/run_wsl_benchmarks_report_csv.sh	run_wsl_benchmarks_report_csv.sh::attach_csv_aggregate	block	post_ctest_validation 成功后	附加环境契约、导出 CSV、汇总 JSON 和嵌入 HTML	profile 归档单独汇总；baseline 可选	run_wsl_benchmarks_report_csv.sh:193-215;README.md:266-278	no-comment	工具名、输出参数和顶部流程说明足够
scripts/benchmark/run_wsl_benchmarks_report_csv.sh	run_wsl_benchmarks_report_csv.sh::publish	block	环境变量 ZR_VM_BENCHMARK_REPORT_DESTINATION 非空	将报告包复制到目标并写运行标识	publisher 自身校验路径与不可变运行目录	run_wsl_benchmarks_report_csv.sh:217-222;benchmark-task4-environment-cache-publishing.md:68-73	no-comment	调用参数直接说明
scripts/benchmark/run_wsl_benchmarks_report_csv.sh	run_wsl_benchmarks_report_csv.sh::completion	block	所有后处理成功后	输出主报告、查看器和归档路径	可选发布与 Callgrind 输出只在对应模式出现	run_wsl_benchmarks_report_csv.sh:224-238	no-comment	终端提示已充足
