file	unit	kind	callers	intent	constraints	evidence	decision	reason
zr_vm_parser/include/zr_vm_parser/location.h	SZrFilePosition	type	parser position helpers; LSP position codec	统一携带源字节偏移和行列	解析器行列从1起; LSP可用0作占位	zr_vm_parser/include/zr_vm_parser/location.h:13;zr_vm_language_server/src/zr_vm_language_server/interface/lsp_position_codec.c:169	commented	Doxygen 说明坐标基数及占位例外
zr_vm_parser/include/zr_vm_parser/location.h	SZrFileRange	type	parser AST location; LSP diagnostics; semantic analyzer	组合起止位置和借用源名	常规范围半开; source由VM持有	zr_vm_parser/include/zr_vm_parser/location.h:21;zr_vm_parser/src/zr_vm_parser/parser/parser_ast_free.c:92	commented	Doxygen 说明同源和所有权
zr_vm_parser/include/zr_vm_parser/location.h	ZrParser_FilePosition_Create	interface	tests/compileTime/test_comptime_runtime_contract.c(2); tests/language_server/test_lsp_interface.c(3); tests/language_server/test_lsp_position_fuzz.c(2); tests/language_server/test_lsp_position_mapping.c(1); tests/language_server/test_lsp_project_utf16_ranges.c(4); tests/language_server/test_lsp_snapshot_cache_cases.h(6); tests/language_server/test_ownership_diagnostics.c(1); tests/language_server/test_reference_tracker.c(34); tests/language_server/test_semantic_analyzer.c(3); tests/language_server/test_symbol_table.c(8); tests/parser/test_compiler_semantic_query_diagnostics.c(96); tests/parser/test_property_consumer_contracts.c(2); tests/parser/test_repl_submission_bindings.c(6); zr_vm_language_server/src/zr_vm_language_server/incremental_change.c::incremental_change_range(2); zr_vm_language_server/src/zr_vm_language_server/incremental_parser.c::ZrLanguageServer_FileVersion_New(2); zr_vm_language_server/src/zr_vm_language_server/interface/lsp_binary_metadata_coordinates.c::ZrLanguageServer_Lsp_TryFilePositionFromBinaryMetadataCoordinates(2); zr_vm_language_server/src/zr_vm_language_server/interface/lsp_interface_support.c::lsp_interface_support_file_position_from_offset(1); zr_vm_language_server/src/zr_vm_language_server/interface/lsp_interface_support.c::receiver_project_member_declaration_range(2); zr_vm_language_server/src/zr_vm_language_server/interface/lsp_interface_support.c::receiver_project_member_lookup_range(2); zr_vm_language_server/src/zr_vm_language_server/interface/lsp_interface_support.c::ZrLanguageServer_Lsp_GetSymbolLookupRange(2); zr_vm_language_server/src/zr_vm_language_server/interface/lsp_interface.c::lsp_file_position_from_offset(2); zr_vm_language_server/src/zr_vm_language_server/interface/lsp_interface.c::ZrLanguageServer_Lsp_GetDiagnostics(2); zr_vm_language_server/src/zr_vm_language_server/interface/lsp_interface.c::ZrLanguageServer_Lsp_GetDocumentFilePosition(1); zr_vm_language_server/src/zr_vm_language_server/interface/lsp_interface.c::ZrLanguageServer_Lsp_GetProjectModules(2); zr_vm_language_server/src/zr_vm_language_server/interface/lsp_position_codec.c::ZrLanguageServer_LspPositionCodec_ByteOffsetToFilePosition(2); zr_vm_language_server/src/zr_vm_language_server/lsp_token_metadata.c::token_metadata_file_position_from_offset(2); zr_vm_language_server/src/zr_vm_language_server/lsp_virtual_documents.c::virtual_documents_record_compact_type_members(4); zr_vm_language_server/src/zr_vm_language_server/lsp_virtual_documents.c::ZrLanguageServer_LspVirtualDocuments_ModuleEntryRange(1); zr_vm_language_server/src/zr_vm_language_server/metadata/lsp_metadata_provider.c::metadata_provider_file_position_from_offset(2); zr_vm_language_server/src/zr_vm_language_server/metadata/lsp_metadata_provider.c::metadata_provider_module_entry_range(1); zr_vm_language_server/src/zr_vm_language_server/metadata/lsp_metadata_provider.c::metadata_provider_native_type_member_declaration_range(2); zr_vm_language_server/src/zr_vm_language_server/metadata/lsp_metadata_provider.c::metadata_provider_type_member_declaration_range(2); zr_vm_language_server/src/zr_vm_language_server/metadata/lsp_native_declaration_projection.c::virtual_builder_position(2); zr_vm_language_server/src/zr_vm_language_server/module/lsp_module_metadata.c::module_metadata_binary_export_symbol_try_range(4); zr_vm_language_server/src/zr_vm_language_server/module/lsp_module_metadata.c::ZrLanguageServer_LspModuleMetadata_ResolveBinaryExportDeclaration(2); zr_vm_language_server/src/zr_vm_language_server/project/lsp_project_diagnostics.c::project_diagnostic_ensure_location_source(2); zr_vm_language_server/src/zr_vm_language_server/project/lsp_project_diagnostics.c::project_diagnostic_find_effect_for_location(2); zr_vm_language_server/src/zr_vm_language_server/project/lsp_project_diagnostics.c::project_diagnostic_module_entry_location(1); zr_vm_language_server/src/zr_vm_language_server/project/lsp_project_imports.c::ZrLanguageServer_LspProject_CollectImportBindings(6); zr_vm_language_server/src/zr_vm_language_server/project/lsp_project_module_ranges.c::ZrLanguageServer_LspProject_GetSourceModuleEntryRange(1); zr_vm_language_server/src/zr_vm_language_server/project/lsp_project_navigation.c::project_navigation_binary_export_symbol_try_range(2); zr_vm_language_server/src/zr_vm_language_server/project/lsp_project_navigation.c::project_navigation_metadata_file_entry_range(1); zr_vm_language_server/src/zr_vm_language_server/semantic/lsp_local_semantic_query.c::local_query_hover_range(2); zr_vm_language_server/src/zr_vm_language_server/semantic/lsp_local_semantic_query.c::ZrLanguageServer_LspLocalSemanticQuery_Clear(2); zr_vm_language_server/src/zr_vm_language_server/semantic/lsp_semantic_token_canonical.c::ZrLanguageServer_LspSemanticToken_ResolveCanonical(2); zr_vm_language_server/src/zr_vm_language_server/semantic/lsp_semantic_tokens.c::semantic_token_append_import_alias_binding(4); zr_vm_language_server/src/zr_vm_language_server/semantic/semantic_analyzer_change.c::semantic_change_reset_declaration(1); zr_vm_language_server/src/zr_vm_language_server/semantic/semantic_analyzer_extern_bindings.c::extern_parameter_diagnostic_location(2); zr_vm_language_server/src/zr_vm_language_server/semantic/semantic_analyzer_symbols.c::compute_extern_callable_name_range(2); zr_vm_language_server/src/zr_vm_language_server/semantic/semantic_analyzer_symbols.c::get_class_property_selection_range(2); zr_vm_language_server/src/zr_vm_language_server/semantic/semantic_analyzer_symbols.c::register_imported_destructured_type_aliases(2); zr_vm_language_server/src/zr_vm_language_server/semantic/semantic_analyzer_symbols.c::semantic_parameter_diagnostic_location(2); zr_vm_language_server/src/zr_vm_language_server/semantic/semantic_analyzer_symbols.c::semantic_scope_range_for_node(2); zr_vm_language_server/src/zr_vm_language_server/semantic/semantic_analyzer_typecheck.c::semantic_reachability_fact_range_for_node(2); zr_vm_language_server/src/zr_vm_language_server/semantic/semantic_analyzer_typecheck.c::semantic_typecheck_register_variable_binding(2); zr_vm_language_server/src/zr_vm_language_server/semantic/semantic_analyzer.c::ZrLanguageServer_SemanticAnalyzer_ClearCache(2); zr_vm_language_server/src/zr_vm_language_server/semantic/semantic_analyzer.c::ZrLanguageServer_SemanticAnalyzer_EnsureCacheStorage(2); zr_vm_language_server/src/zr_vm_language_server/symbol_table.c::get_symbol_match_range(2); zr_vm_language_server/src/zr_vm_language_server/symbol_table.c::ZrLanguageServer_SymbolTable_New(2); zr_vm_parser/src/zr_vm_parser/compiler/compiler_class.c::compiler_class_validate_required_members_recursive(4); zr_vm_parser/src/zr_vm_parser/migration/legacy_migration.c::legacy_migration_position_from_offset(1); zr_vm_parser/src/zr_vm_parser/parser.c::ZrParser_State_Init(2); zr_vm_parser/src/zr_vm_parser/parser/parser_state.c::file_position_create_from_cached_line(1); zr_vm_parser/src/zr_vm_parser/parser/parser_state.c::get_current_location(2); zr_vm_parser/src/zr_vm_parser/parser/parser_state.c::get_current_token_location(1); zr_vm_parser/src/zr_vm_parser/parser/parser_state.c::get_file_position_from_offset(2)	包装偏移及行列	不校验越界或基数	zr_vm_parser/include/zr_vm_parser/location.h:28;zr_vm_parser/src/zr_vm_parser/location.c:7	commented	Doxygen 说明不校验
zr_vm_parser/include/zr_vm_parser/location.h	ZrParser_FileRange_Create	interface	tests/language_server/test_lsp_canonical_completion_cases.h(1); tests/language_server/test_lsp_cast_operand_facts.c(2); tests/language_server/test_lsp_declared_primitive_type_identity_cases.h(3); tests/language_server/test_lsp_interface.c(4); tests/language_server/test_lsp_local_semantic_snapshot_cases.h(1); tests/language_server/test_lsp_native_construct_receiver_fact_cases.h(5); tests/language_server/test_lsp_position_mapping.c(1); tests/language_server/test_lsp_project_features.c(1); tests/language_server/test_lsp_project_module_identity_edge_cases.h(1); tests/language_server/test_lsp_project_native_callable_signature_cases.h(1); tests/language_server/test_lsp_project_native_receiver_callable_cases.h(2); tests/language_server/test_lsp_project_utf16_ranges.c(2); tests/language_server/test_lsp_property_contract_cases.h(2); tests/language_server/test_lsp_property_incremental_cases.h(1); tests/language_server/test_lsp_receiver_completion_projection_cases.h(1); tests/language_server/test_lsp_reference_callable_consumer_cases.h(8); tests/language_server/test_lsp_semantic_query_parity.c(5); tests/language_server/test_lsp_signature_snapshot_fact_cases.h(1); tests/language_server/test_lsp_snapshot_cache_cases.h(3); tests/language_server/test_lsp_symbol_projection_cases.h(1); tests/language_server/test_lsp_type_use.c(2); tests/language_server/test_ownership_diagnostics.c(1); tests/language_server/test_reference_tracker.c(17); tests/language_server/test_semantic_analyzer.c(2); tests/language_server/test_symbol_table.c(4); tests/parser/test_compiler_semantic_query_diagnostics.c(46); tests/parser/test_property_consumer_contracts.c(2); tests/parser/test_repl_submission_bindings.c(3); zr_vm_language_server/src/zr_vm_language_server/incremental_change.c::incremental_change_range(1); zr_vm_language_server/src/zr_vm_language_server/incremental_parser.c::ZrLanguageServer_FileVersion_New(1); zr_vm_language_server/src/zr_vm_language_server/interface/lsp_interface_support.c::copy_type_text_from_reference_fact(1); zr_vm_language_server/src/zr_vm_language_server/interface/lsp_interface_support.c::lookup_receiver_symbol_at_offset(1); zr_vm_language_server/src/zr_vm_language_server/interface/lsp_interface_support.c::receiver_project_member_declaration_range(1); zr_vm_language_server/src/zr_vm_language_server/interface/lsp_interface_support.c::receiver_project_member_lookup_range(1); zr_vm_language_server/src/zr_vm_language_server/interface/lsp_interface_support.c::receiver_project_try_member_name_range(1); zr_vm_language_server/src/zr_vm_language_server/interface/lsp_interface_support.c::resolve_receiver_imported_type_at_offset(1); zr_vm_language_server/src/zr_vm_language_server/interface/lsp_interface_support.c::ZrLanguageServer_Lsp_GetSymbolLookupRange(1); zr_vm_language_server/src/zr_vm_language_server/interface/lsp_interface_support.c::ZrLanguageServer_Lsp_TryResolveReceiverProjectMember(2); zr_vm_language_server/src/zr_vm_language_server/interface/lsp_interface.c::lsp_try_get_identifier_range_at_position(1); zr_vm_language_server/src/zr_vm_language_server/interface/lsp_interface.c::ZrLanguageServer_Lsp_GetDiagnostics(1); zr_vm_language_server/src/zr_vm_language_server/interface/lsp_interface.c::ZrLanguageServer_Lsp_GetHover(1); zr_vm_language_server/src/zr_vm_language_server/interface/lsp_interface.c::ZrLanguageServer_Lsp_GetProjectModules(1); zr_vm_language_server/src/zr_vm_language_server/lsp_decorator_navigation.c::ZrLanguageServer_Lsp_TryGetDecoratorDefinition(1); zr_vm_language_server/src/zr_vm_language_server/lsp_decorator_navigation.c::ZrLanguageServer_Lsp_TryGetDecoratorHover(1); zr_vm_language_server/src/zr_vm_language_server/lsp_property_code_actions.c::ZrLanguageServer_LspPropertyCodeActions_Append(1); zr_vm_language_server/src/zr_vm_language_server/lsp_signature_help.c::ZrLanguageServer_Lsp_GetSignatureHelp(1); zr_vm_language_server/src/zr_vm_language_server/lsp_super_navigation.c::super_navigation_find_super_token_range(1); zr_vm_language_server/src/zr_vm_language_server/lsp_super_navigation.c::ZrLanguageServer_Lsp_TryFindSuperConstructorReferences(1); zr_vm_language_server/src/zr_vm_language_server/lsp_super_navigation.c::ZrLanguageServer_Lsp_TryGetSuperConstructorDefinition(1); zr_vm_language_server/src/zr_vm_language_server/lsp_super_navigation.c::ZrLanguageServer_Lsp_TryGetSuperConstructorDocumentHighlights(1); zr_vm_language_server/src/zr_vm_language_server/lsp_token_metadata.c::ZrLanguageServer_Lsp_TryGetMetaMethodHover(1); zr_vm_language_server/src/zr_vm_language_server/lsp_virtual_documents.c::virtual_documents_record_compact_type_members(2); zr_vm_language_server/src/zr_vm_language_server/lsp_virtual_documents.c::ZrLanguageServer_LspVirtualDocuments_ModuleEntryRange(1); zr_vm_language_server/src/zr_vm_language_server/metadata/lsp_metadata_provider.c::metadata_provider_module_entry_range(1); zr_vm_language_server/src/zr_vm_language_server/metadata/lsp_metadata_provider.c::metadata_provider_native_type_member_declaration_range(1); zr_vm_language_server/src/zr_vm_language_server/metadata/lsp_metadata_provider.c::metadata_provider_try_member_name_range(1); zr_vm_language_server/src/zr_vm_language_server/metadata/lsp_metadata_provider.c::metadata_provider_type_member_declaration_range(1); zr_vm_language_server/src/zr_vm_language_server/metadata/lsp_native_declaration_projection.c::virtual_builder_record_name(1); zr_vm_language_server/src/zr_vm_language_server/module/lsp_module_metadata.c::module_metadata_binary_export_symbol_try_range(2); zr_vm_language_server/src/zr_vm_language_server/module/lsp_module_metadata.c::ZrLanguageServer_LspModuleMetadata_ResolveBinaryExportDeclaration(1); zr_vm_language_server/src/zr_vm_language_server/project/lsp_project_diagnostics.c::project_diagnostic_find_effect_for_location(1); zr_vm_language_server/src/zr_vm_language_server/project/lsp_project_diagnostics.c::project_diagnostic_module_entry_location(1); zr_vm_language_server/src/zr_vm_language_server/project/lsp_project_imports.c::ZrLanguageServer_LspProject_CollectImportBindings(3); zr_vm_language_server/src/zr_vm_language_server/project/lsp_project_module_ranges.c::ZrLanguageServer_LspProject_GetSourceModuleEntryRange(1); zr_vm_language_server/src/zr_vm_language_server/project/lsp_project_navigation.c::project_navigation_binary_export_symbol_try_range(1); zr_vm_language_server/src/zr_vm_language_server/project/lsp_project_navigation.c::project_navigation_metadata_file_entry_range(1); zr_vm_language_server/src/zr_vm_language_server/project/lsp_project_navigation.c::project_navigation_try_find_binary_export_declaration_at(1); zr_vm_language_server/src/zr_vm_language_server/semantic/lsp_local_semantic_query.c::local_query_hover_range(1); zr_vm_language_server/src/zr_vm_language_server/semantic/lsp_local_semantic_query.c::local_query_position_range(1); zr_vm_language_server/src/zr_vm_language_server/semantic/lsp_local_semantic_query.c::ZrLanguageServer_LspLocalSemanticQuery_Clear(1); zr_vm_language_server/src/zr_vm_language_server/semantic/lsp_semantic_call_hierarchy.c::ZrLanguageServer_LspSemanticCallHierarchy_Prepare(1); zr_vm_language_server/src/zr_vm_language_server/semantic/lsp_semantic_query.c::ZrLanguageServer_LspSemanticQuery_CollectCompletionItems(2); zr_vm_language_server/src/zr_vm_language_server/semantic/lsp_semantic_query.c::ZrLanguageServer_LspSemanticQuery_ResolveAtPosition(1); zr_vm_language_server/src/zr_vm_language_server/semantic/lsp_semantic_token_canonical.c::ZrLanguageServer_LspSemanticToken_ResolveCanonical(1); zr_vm_language_server/src/zr_vm_language_server/semantic/lsp_semantic_tokens.c::semantic_token_append_import_alias_binding(2); zr_vm_language_server/src/zr_vm_language_server/semantic/lsp_semantic_type_hierarchy.c::ZrLanguageServer_LspSemanticTypeHierarchy_Prepare(1); zr_vm_language_server/src/zr_vm_language_server/semantic/semantic_analyzer_change.c::semantic_change_reset_declaration(1); zr_vm_language_server/src/zr_vm_language_server/semantic/semantic_analyzer_extern_bindings.c::extern_parameter_diagnostic_location(1); zr_vm_language_server/src/zr_vm_language_server/semantic/semantic_analyzer_symbols.c::compute_extern_callable_name_range(1); zr_vm_language_server/src/zr_vm_language_server/semantic/semantic_analyzer_symbols.c::get_class_property_selection_range(1); zr_vm_language_server/src/zr_vm_language_server/semantic/semantic_analyzer_symbols.c::register_imported_destructured_type_aliases(1); zr_vm_language_server/src/zr_vm_language_server/semantic/semantic_analyzer_symbols.c::semantic_parameter_diagnostic_location(1); zr_vm_language_server/src/zr_vm_language_server/semantic/semantic_analyzer_symbols.c::semantic_scope_range_for_node(1); zr_vm_language_server/src/zr_vm_language_server/semantic/semantic_analyzer_typecheck.c::semantic_reachability_fact_range_for_node(1); zr_vm_language_server/src/zr_vm_language_server/semantic/semantic_analyzer_typecheck.c::semantic_typecheck_register_variable_binding(1); zr_vm_language_server/src/zr_vm_language_server/semantic/semantic_analyzer.c::ZrLanguageServer_SemanticAnalyzer_ClearCache(1); zr_vm_language_server/src/zr_vm_language_server/semantic/semantic_analyzer.c::ZrLanguageServer_SemanticAnalyzer_EnsureCacheStorage(1); zr_vm_language_server/src/zr_vm_language_server/symbol_table.c::get_symbol_match_range(1); zr_vm_language_server/src/zr_vm_language_server/symbol_table.c::ZrLanguageServer_SymbolTable_New(1); zr_vm_parser/src/zr_vm_parser/compiler/compiler_class.c::compiler_class_validate_required_members_recursive(2); zr_vm_parser/src/zr_vm_parser/migration/legacy_migration.c::legacy_migration_range(1); zr_vm_parser/src/zr_vm_parser/parser.c::ZrParser_State_Init(1); zr_vm_parser/src/zr_vm_parser/parser/parser_diagnostics.c::missing_semicolon_fix_location(2); zr_vm_parser/src/zr_vm_parser/parser/parser_state.c::get_current_location(1); zr_vm_parser/src/zr_vm_parser/parser/parser_state.c::get_current_token_location(2)	包装范围与源名	源名借用;位置应同源	zr_vm_parser/include/zr_vm_parser/location.h:31;zr_vm_parser/src/zr_vm_parser/location.c:15	commented	Doxygen 说明同源前提
zr_vm_parser/include/zr_vm_parser/location.h	ZrParser_FileRange_Merge	interface	zr_vm_language_server/src/zr_vm_language_server/semantic/semantic_analyzer_typecheck.c::semantic_reachability_fact_range_for_node(3); zr_vm_parser/src/zr_vm_parser/parser.c::parse_script(1); zr_vm_parser/src/zr_vm_parser/parser/parser_call_arguments.c::parse_call_argument_expression(1); zr_vm_parser/src/zr_vm_parser/parser/parser_class.c::parse_class_declaration(1); zr_vm_parser/src/zr_vm_parser/parser/parser_class.c::parse_class_field(1); zr_vm_parser/src/zr_vm_parser/parser/parser_class.c::parse_class_meta_function(2); zr_vm_parser/src/zr_vm_parser/parser/parser_class.c::parse_class_method(1); zr_vm_parser/src/zr_vm_parser/parser/parser_class.c::parse_class_property(1); zr_vm_parser/src/zr_vm_parser/parser/parser_class.c::parse_property_get(1); zr_vm_parser/src/zr_vm_parser/parser/parser_class.c::parse_property_set(1); zr_vm_parser/src/zr_vm_parser/parser/parser_declarations.c::parse_function_declaration(1); zr_vm_parser/src/zr_vm_parser/parser/parser_declarations.c::parse_module_declaration(1); zr_vm_parser/src/zr_vm_parser/parser/parser_expression_primary.c::parse_construct_expression(1); zr_vm_parser/src/zr_vm_parser/parser/parser_expression_primary.c::parse_generic_construct_target(1); zr_vm_parser/src/zr_vm_parser/parser/parser_expression_primary.c::parse_member_access(4); zr_vm_parser/src/zr_vm_parser/parser/parser_expression_primary.c::parse_primary_expression(1); zr_vm_parser/src/zr_vm_parser/parser/parser_expression_primary.c::parse_prototype_path_expression(1); zr_vm_parser/src/zr_vm_parser/parser/parser_expression_primary.c::parse_reference_expression(1); zr_vm_parser/src/zr_vm_parser/parser/parser_expression_primary.c::parse_reserved_import_expression(1); zr_vm_parser/src/zr_vm_parser/parser/parser_expression_primary.c::parse_resource_own_expression(1); zr_vm_parser/src/zr_vm_parser/parser/parser_expression_primary.c::reject_legacy_ownership_generic_call(1); zr_vm_parser/src/zr_vm_parser/parser/parser_expression_primary.c::try_parse_unambiguous_type_literal_expression(1); zr_vm_parser/src/zr_vm_parser/parser/parser_expressions.c::parse_reflection_type_query_expression(1); zr_vm_parser/src/zr_vm_parser/parser/parser_expressions.c::parse_type_literal_expression(1); zr_vm_parser/src/zr_vm_parser/parser/parser_expressions.c::parse_unary_expression(2); zr_vm_parser/src/zr_vm_parser/parser/parser_expressions.c::parser_expression_node_range(1); zr_vm_parser/src/zr_vm_parser/parser/parser_extern.c::parse_compile_time_declaration(1); zr_vm_parser/src/zr_vm_parser/parser/parser_extern.c::parse_enum_declaration(1); zr_vm_parser/src/zr_vm_parser/parser/parser_extern.c::parse_enum_member(1); zr_vm_parser/src/zr_vm_parser/parser/parser_extern.c::parse_extern_block(1); zr_vm_parser/src/zr_vm_parser/parser/parser_extern.c::parse_extern_delegate_declaration(1); zr_vm_parser/src/zr_vm_parser/parser/parser_extern.c::parse_extern_function_declaration(1); zr_vm_parser/src/zr_vm_parser/parser/parser_extern.c::parse_generator_expression(2); zr_vm_parser/src/zr_vm_parser/parser/parser_function_syntax.c::parse_fn_expression(1); zr_vm_parser/src/zr_vm_parser/parser/parser_interface.c::parse_interface_declaration(1); zr_vm_parser/src/zr_vm_parser/parser/parser_interface.c::parse_interface_field_declaration(1); zr_vm_parser/src/zr_vm_parser/parser/parser_interface.c::parse_interface_meta_signature(1); zr_vm_parser/src/zr_vm_parser/parser/parser_interface.c::parse_interface_method_signature(1); zr_vm_parser/src/zr_vm_parser/parser/parser_interface.c::parse_interface_property_signature(1); zr_vm_parser/src/zr_vm_parser/parser/parser_literals.c::parse_array_literal(1); zr_vm_parser/src/zr_vm_parser/parser/parser_literals.c::parse_object_literal(3); zr_vm_parser/src/zr_vm_parser/parser/parser_loops.c::parse_for_loop(1); zr_vm_parser/src/zr_vm_parser/parser/parser_loops.c::parse_foreach_loop(1); zr_vm_parser/src/zr_vm_parser/parser/parser_ownership_intrinsic.c::parse_ownership_intrinsic_expression(2); zr_vm_parser/src/zr_vm_parser/parser/parser_postfix_call.c::parse_postfix_call_segment(2); zr_vm_parser/src/zr_vm_parser/parser/parser_property_migration.c::legacy_property_publish_diagnostic(1); zr_vm_parser/src/zr_vm_parser/parser/parser_property.c::parse_property_accessor(2); zr_vm_parser/src/zr_vm_parser/parser/parser_property.c::parse_property_declaration(1); zr_vm_parser/src/zr_vm_parser/parser/parser_reference_syntax.c::parse_parameter_source_passing_form(1); zr_vm_parser/src/zr_vm_parser/parser/parser_reserved_task.c::parse_await_expression(1); zr_vm_parser/src/zr_vm_parser/parser/parser_reserved_task.c::parse_reserved_async_function_declaration(1); zr_vm_parser/src/zr_vm_parser/parser/parser_state.c::parse_normalized_dotted_module_path(1); zr_vm_parser/src/zr_vm_parser/parser/parser_statements.c::parse_block_impl(1); zr_vm_parser/src/zr_vm_parser/parser/parser_statements.c::parse_if_expression(1); zr_vm_parser/src/zr_vm_parser/parser/parser_statements.c::parse_out_statement(1); zr_vm_parser/src/zr_vm_parser/parser/parser_statements.c::parse_switch_expression(1); zr_vm_parser/src/zr_vm_parser/parser/parser_statements.c::parse_try_catch_finally_statement(2); zr_vm_parser/src/zr_vm_parser/parser/parser_statements.c::parse_using_array_destructuring_pattern(1); zr_vm_parser/src/zr_vm_parser/parser/parser_statements.c::parse_using_binding_identifier(1); zr_vm_parser/src/zr_vm_parser/parser/parser_statements.c::parse_using_object_destructuring_pattern(2); zr_vm_parser/src/zr_vm_parser/parser/parser_statements.c::parse_while_loop(1); zr_vm_parser/src/zr_vm_parser/parser/parser_struct_init.c::parse_struct_init_expression(1); zr_vm_parser/src/zr_vm_parser/parser/parser_struct.c::parse_struct_declaration(1); zr_vm_parser/src/zr_vm_parser/parser/parser_struct.c::parse_struct_field(1); zr_vm_parser/src/zr_vm_parser/parser/parser_struct.c::parse_struct_meta_function(1); zr_vm_parser/src/zr_vm_parser/parser/parser_struct.c::parse_struct_method(1); zr_vm_parser/src/zr_vm_parser/parser/parser_switch_patterns.c::parse_switch_binding_identifier(1); zr_vm_parser/src/zr_vm_parser/parser/parser_switch_patterns.c::parse_switch_struct_move_payload_pattern(2); zr_vm_parser/src/zr_vm_parser/parser/parser_switch_patterns.c::parse_switch_tuple_move_payload_pattern(1); zr_vm_parser/src/zr_vm_parser/parser/parser_types.c::parse_decorator_expression(1); zr_vm_parser/src/zr_vm_parser/parser/parser_types.c::parse_destructuring_array(1); zr_vm_parser/src/zr_vm_parser/parser/parser_types.c::parse_destructuring_object(1); zr_vm_parser/src/zr_vm_parser/parser/parser_types.c::parse_destructuring_object_entry(1); zr_vm_parser/src/zr_vm_parser/parser/parser_types.c::parse_function_type(1); zr_vm_parser/src/zr_vm_parser/parser/parser_types.c::parse_generic_type(2); zr_vm_parser/src/zr_vm_parser/parser/parser_types.c::parse_meta_identifier(1); zr_vm_parser/src/zr_vm_parser/parser/parser_types.c::parse_tuple_type(1); zr_vm_parser/src/zr_vm_parser/parser/parser_union.c::parse_union_declaration(1); zr_vm_parser/src/zr_vm_parser/parser/parser_union.c::parse_union_field(1); zr_vm_parser/src/zr_vm_parser/parser/parser_union.c::parse_union_variant(1); zr_vm_parser/src/zr_vm_parser/parser/parser_yield.c::parse_yield_statement(1); zr_vm_parser/src/zr_vm_parser/type_inference/type_inference_call_argument_semantic_facts.c::call_argument_range(1); zr_vm_parser/src/zr_vm_parser/type_inference/type_inference_native.c::publish_removed_ownership_member_diagnostic(1)	合并同源范围	只按offset比较;源名取首个	zr_vm_parser/include/zr_vm_parser/location.h:35;zr_vm_parser/src/zr_vm_parser/location.c:23;zr_vm_language_server/src/zr_vm_language_server/semantic/semantic_analyzer_typecheck.c:71	commented	Doxygen 说明比较和同源前提
zr_vm_parser/include/zr_vm_parser/lexer.h	ZR_FIRST_RESERVED	macro	EZrToken enum; ZrParser_Lexer_TokenToString	划分单字节与保留token编号	既有枚举ID须稳定	zr_vm_parser/include/zr_vm_parser/lexer.h:15;zr_vm_parser/src/zr_vm_parser/lexer.c:1190	commented	宏前注释说明ABI限制
zr_vm_parser/include/zr_vm_parser/lexer.h	EZrToken	type	lexer llex; parser dispatch; LSP token equivalence	共享词法种类编号	追加枚举项避免编号漂移;未知字节小于256	zr_vm_parser/include/zr_vm_parser/lexer.h:18;zr_vm_parser/include/zr_vm_parser/lexer.h:132;zr_vm_parser/src/zr_vm_parser/lexer.c:661	commented	Doxygen 说明编号契约
zr_vm_parser/include/zr_vm_parser/lexer.h	TZrSemInfo	type	read_number; read_string; parser_literals	携带token语义值	仅对应token种类的字段有效;字符串归VM	zr_vm_parser/include/zr_vm_parser/lexer.h:136;zr_vm_parser/src/zr_vm_parser/lexer.c:290;zr_vm_parser/src/zr_vm_parser/parser/parser_literals.c:49	commented	Doxygen 说明联合式有效域
zr_vm_parser/include/zr_vm_parser/lexer.h	SZrToken	type	Lexer_Next; Lexer_Lookahead; parser_state	绑定种类值与词法错误	错误消息借用报告方文本;复制不接管字符串	zr_vm_parser/include/zr_vm_parser/lexer.h:145;zr_vm_parser/src/zr_vm_parser/lexer.c:985;zr_vm_parser/src/zr_vm_parser/parser/parser_state.c:40	commented	Doxygen 说明错误载荷
zr_vm_parser/include/zr_vm_parser/lexer.h	SZrLexState	type	parser state; LSP incremental token scanning	保存源游标当前token和前瞻快照	source借用;buffer自有;快照字段成组恢复	zr_vm_parser/include/zr_vm_parser/lexer.h:155;zr_vm_parser/src/zr_vm_parser/lexer.c:968;zr_vm_language_server/src/zr_vm_language_server/incremental/incremental_syntax_reparse.c:71	commented	Doxygen 说明所有权和状态不变量
zr_vm_parser/include/zr_vm_parser/lexer.h	ZrParser_Lexer_Init	interface	tests/iterator/test_yield_syntax.c(1); tests/parser/test_lexer_parser_compiler_execution.c(4); tests/parser/test_ownership_intrinsic_member_separation.c(2); tests/parser/test_reference_syntax_contract.c(1); tests/parser/test_reflection_type_surface.c(1); zr_vm_parser/src/zr_vm_parser/parser.c::ZrParser_State_Init(1)	初始化并预读token	源切片借用;无错误返回;初始缓冲OOM风险	zr_vm_parser/include/zr_vm_parser/lexer.h:193;zr_vm_parser/src/zr_vm_parser/parser.c:28;zr_vm_parser/src/zr_vm_parser/lexer.c:932	commented	Doxygen 说明生命周期和失败接口限制
zr_vm_parser/include/zr_vm_parser/lexer.h	ZrParser_Lexer_Free	interface	tests/iterator/test_yield_syntax.c(1); tests/parser/test_lexer_parser_compiler_execution.c(4); tests/parser/test_ownership_intrinsic_member_separation.c(2); tests/parser/test_reference_syntax_contract.c(1); tests/parser/test_reflection_type_surface.c(1); zr_vm_parser/src/zr_vm_parser/parser.c::ZrParser_State_Free(1)	释放词法器自有缓冲	不释放源与VM字符串	zr_vm_parser/include/zr_vm_parser/lexer.h:196;zr_vm_parser/src/zr_vm_parser/parser.c:43	commented	Doxygen 说明释放边界
zr_vm_parser/include/zr_vm_parser/lexer.h	ZrParser_Lexer_Next	interface	tests/parser/test_ownership_intrinsic_member_separation.c(3); tests/parser/test_parser.c(2); tests/parser/test_reference_syntax_contract.c(3); tests/parser/test_reflection_type_surface.c(1); zr_vm_language_server/src/zr_vm_language_server/incremental_token_equivalence.c::ZrLanguageServer_IncrementalTokenStreams_AreEquivalent(2); zr_vm_parser/src/zr_vm_parser/lexer.c::ZrParser_Lexer_Init(1); zr_vm_parser/src/zr_vm_parser/parser.c::parse_script(5); zr_vm_parser/src/zr_vm_parser/parser.c::ZrParser_State_SeekToTokenStart(1); zr_vm_parser/src/zr_vm_parser/parser/parser_call_arguments.c::parse_argument_list(2); zr_vm_parser/src/zr_vm_parser/parser/parser_call_arguments.c::parse_call_argument_expression(1); zr_vm_parser/src/zr_vm_parser/parser/parser_call_arguments.c::parse_call_argument_marker(2); zr_vm_parser/src/zr_vm_parser/parser/parser_class.c::classify_class_member_from_current(2); zr_vm_parser/src/zr_vm_parser/parser/parser_class.c::parse_class_declaration(2); zr_vm_parser/src/zr_vm_parser/parser/parser_class.c::parse_class_field(5); zr_vm_parser/src/zr_vm_parser/parser/parser_class.c::parse_class_meta_function(5); zr_vm_parser/src/zr_vm_parser/parser/parser_class.c::parse_class_method(5); zr_vm_parser/src/zr_vm_parser/parser/parser_class.c::parse_class_property(1); zr_vm_parser/src/zr_vm_parser/parser/parser_class.c::parse_property_get(1); zr_vm_parser/src/zr_vm_parser/parser/parser_class.c::parse_property_set(2); zr_vm_parser/src/zr_vm_parser/parser/parser_declarations.c::parse_function_declaration(3); zr_vm_parser/src/zr_vm_parser/parser/parser_declarations.c::parse_variable_declaration_impl(1); zr_vm_parser/src/zr_vm_parser/parser/parser_diagnostics.c::missing_semicolon_fix_location(1); zr_vm_parser/src/zr_vm_parser/parser/parser_expression_primary.c::is_lambda_expression_after_lparen(2); zr_vm_parser/src/zr_vm_parser/parser/parser_expression_primary.c::parse_construct_expression(1); zr_vm_parser/src/zr_vm_parser/parser/parser_expression_primary.c::parse_member_access(1); zr_vm_parser/src/zr_vm_parser/parser/parser_expression_primary.c::parse_member_name(1); zr_vm_parser/src/zr_vm_parser/parser/parser_expression_primary.c::parse_primary_expression(2); zr_vm_parser/src/zr_vm_parser/parser/parser_expression_primary.c::parse_reference_expression(1); zr_vm_parser/src/zr_vm_parser/parser/parser_expression_primary.c::parse_reserved_import_expression(1); zr_vm_parser/src/zr_vm_parser/parser/parser_expression_primary.c::parse_resource_own_expression(1); zr_vm_parser/src/zr_vm_parser/parser/parser_expressions.c::parse_additive_expression(1); zr_vm_parser/src/zr_vm_parser/parser/parser_expressions.c::parse_assignment_expression(1); zr_vm_parser/src/zr_vm_parser/parser/parser_expressions.c::parse_binary_and_expression(1); zr_vm_parser/src/zr_vm_parser/parser/parser_expressions.c::parse_binary_or_expression(1); zr_vm_parser/src/zr_vm_parser/parser/parser_expressions.c::parse_binary_xor_expression(1); zr_vm_parser/src/zr_vm_parser/parser/parser_expressions.c::parse_conditional_expression(1); zr_vm_parser/src/zr_vm_parser/parser/parser_expressions.c::parse_equality_expression(1); zr_vm_parser/src/zr_vm_parser/parser/parser_expressions.c::parse_logical_and_expression(1); zr_vm_parser/src/zr_vm_parser/parser/parser_expressions.c::parse_logical_or_expression(1); zr_vm_parser/src/zr_vm_parser/parser/parser_expressions.c::parse_multiplicative_expression(1); zr_vm_parser/src/zr_vm_parser/parser/parser_expressions.c::parse_reflection_type_query_expression(1); zr_vm_parser/src/zr_vm_parser/parser/parser_expressions.c::parse_relational_expression(1); zr_vm_parser/src/zr_vm_parser/parser/parser_expressions.c::parse_shift_expression(1); zr_vm_parser/src/zr_vm_parser/parser/parser_expressions.c::parse_unary_expression(3); zr_vm_parser/src/zr_vm_parser/parser/parser_extern.c::parse_compile_time_declaration(1); zr_vm_parser/src/zr_vm_parser/parser/parser_extern.c::parse_enum_declaration(3); zr_vm_parser/src/zr_vm_parser/parser/parser_extern.c::parse_enum_member(1); zr_vm_parser/src/zr_vm_parser/parser/parser_extern.c::parse_extern_block(3); zr_vm_parser/src/zr_vm_parser/parser/parser_extern.c::parse_extern_delegate_declaration(2); zr_vm_parser/src/zr_vm_parser/parser/parser_extern.c::parse_extern_function_declaration(1); zr_vm_parser/src/zr_vm_parser/parser/parser_extern.c::parse_extern_member_declaration_impl(1); zr_vm_parser/src/zr_vm_parser/parser/parser_extern.c::parse_generator_expression(2); zr_vm_parser/src/zr_vm_parser/parser/parser_function_syntax.c::parse_fn_expression(3); zr_vm_parser/src/zr_vm_parser/parser/parser_interface.c::parse_interface_declaration(4); zr_vm_parser/src/zr_vm_parser/parser/parser_interface.c::parse_interface_field_declaration(5); zr_vm_parser/src/zr_vm_parser/parser/parser_interface.c::parse_interface_meta_signature(2); zr_vm_parser/src/zr_vm_parser/parser/parser_interface.c::parse_interface_method_signature(3); zr_vm_parser/src/zr_vm_parser/parser/parser_interface.c::parse_interface_property_signature(4); zr_vm_parser/src/zr_vm_parser/parser/parser_literals.c::parse_array_literal(3); zr_vm_parser/src/zr_vm_parser/parser/parser_literals.c::parse_identifier(1); zr_vm_parser/src/zr_vm_parser/parser/parser_literals.c::parse_literal(10); zr_vm_parser/src/zr_vm_parser/parser/parser_literals.c::parse_object_literal(5); zr_vm_parser/src/zr_vm_parser/parser/parser_loops.c::parse_for_loop(1); zr_vm_parser/src/zr_vm_parser/parser/parser_loops.c::parse_foreach_loop(2); zr_vm_parser/src/zr_vm_parser/parser/parser_ownership_intrinsic.c::parse_member_identifier(1); zr_vm_parser/src/zr_vm_parser/parser/parser_ownership_intrinsic.c::parse_ownership_intrinsic_expression(5); zr_vm_parser/src/zr_vm_parser/parser/parser_property.c::parse_property_accessor(4); zr_vm_parser/src/zr_vm_parser/parser/parser_property.c::parse_property_declaration(3); zr_vm_parser/src/zr_vm_parser/parser/parser_property.c::property_consume_accessor_keyword(1); zr_vm_parser/src/zr_vm_parser/parser/parser_reference_syntax.c::parse_parameter_source_passing_form(5); zr_vm_parser/src/zr_vm_parser/parser/parser_reserved_task.c::parse_await_expression(1); zr_vm_parser/src/zr_vm_parser/parser/parser_reserved_task.c::parse_reserved_async_function_declaration(1); zr_vm_parser/src/zr_vm_parser/parser/parser_state.c::consume_token(1); zr_vm_parser/src/zr_vm_parser/parser/parser_state.c::consume_type_closing_angle(2); zr_vm_parser/src/zr_vm_parser/parser/parser_state.c::parse_declaration_modifier_flags(1); zr_vm_parser/src/zr_vm_parser/parser/parser_state.c::parse_normalized_dotted_module_path(1); zr_vm_parser/src/zr_vm_parser/parser/parser_state.c::parse_normalized_module_path(1); zr_vm_parser/src/zr_vm_parser/parser/parser_state.c::report_removed_legacy_syntax(1); zr_vm_parser/src/zr_vm_parser/parser/parser_state.c::report_removed_percent_syntax(2); zr_vm_parser/src/zr_vm_parser/parser/parser_state.c::skip_balanced_after_open_paren(1); zr_vm_parser/src/zr_vm_parser/parser/parser_state.c::skip_to_semicolon_or_eos(2); zr_vm_parser/src/zr_vm_parser/parser/parser_statements.c::parse_block_impl(1); zr_vm_parser/src/zr_vm_parser/parser/parser_statements.c::parse_break_continue_statement(1); zr_vm_parser/src/zr_vm_parser/parser/parser_statements.c::parse_if_expression(1); zr_vm_parser/src/zr_vm_parser/parser/parser_statements.c::parse_out_statement(1); zr_vm_parser/src/zr_vm_parser/parser/parser_statements.c::parse_resource_class_declaration(1); zr_vm_parser/src/zr_vm_parser/parser/parser_statements.c::parse_return_statement(2); zr_vm_parser/src/zr_vm_parser/parser/parser_statements.c::parse_statement(8); zr_vm_parser/src/zr_vm_parser/parser/parser_statements.c::parse_switch_expression(5); zr_vm_parser/src/zr_vm_parser/parser/parser_statements.c::parse_throw_statement(1); zr_vm_parser/src/zr_vm_parser/parser/parser_statements.c::parse_top_level_statement(1); zr_vm_parser/src/zr_vm_parser/parser/parser_statements.c::parse_try_catch_finally_statement(1); zr_vm_parser/src/zr_vm_parser/parser/parser_statements.c::parse_using_array_destructuring_pattern(1); zr_vm_parser/src/zr_vm_parser/parser/parser_statements.c::parse_using_binding_identifier(1); zr_vm_parser/src/zr_vm_parser/parser/parser_statements.c::parse_using_object_destructuring_pattern(2); zr_vm_parser/src/zr_vm_parser/parser/parser_statements.c::parse_while_loop(1); zr_vm_parser/src/zr_vm_parser/parser/parser_statements.c::parser_async_function_declaration_starts_here(1); zr_vm_parser/src/zr_vm_parser/parser/parser_statements.c::parser_brace_starts_object_literal_statement(5); zr_vm_parser/src/zr_vm_parser/parser/parser_statements.c::parser_for_header_should_parse_foreach(4); zr_vm_parser/src/zr_vm_parser/parser/parser_statements.c::parser_keywordless_function_declaration_starts_here(4); zr_vm_parser/src/zr_vm_parser/parser/parser_statements.c::parser_native_extern_starts_here(1); zr_vm_parser/src/zr_vm_parser/parser/parser_struct_init.c::parse_struct_init_expression(3); zr_vm_parser/src/zr_vm_parser/parser/parser_struct.c::parse_struct_declaration(6); zr_vm_parser/src/zr_vm_parser/parser/parser_struct.c::parse_struct_field(5); zr_vm_parser/src/zr_vm_parser/parser/parser_struct.c::parse_struct_meta_function(3); zr_vm_parser/src/zr_vm_parser/parser/parser_struct.c::parse_struct_method(5); zr_vm_parser/src/zr_vm_parser/parser/parser_struct.c::parser_struct_declaration_starts_here(2); zr_vm_parser/src/zr_vm_parser/parser/parser_switch_patterns.c::parse_switch_binding_identifier(1); zr_vm_parser/src/zr_vm_parser/parser/parser_switch_patterns.c::parse_switch_struct_move_payload_pattern(1); zr_vm_parser/src/zr_vm_parser/parser/parser_switch_patterns.c::switch_case_header_has_move_binding_marker(1); zr_vm_parser/src/zr_vm_parser/parser/parser_types.c::parse_access_modifier(3); zr_vm_parser/src/zr_vm_parser/parser/parser_types.c::parse_array_size_constraint(2); zr_vm_parser/src/zr_vm_parser/parser/parser_types.c::parse_decorator_expression(2); zr_vm_parser/src/zr_vm_parser/parser/parser_types.c::parse_destructuring_array(2); zr_vm_parser/src/zr_vm_parser/parser/parser_types.c::parse_destructuring_object(2); zr_vm_parser/src/zr_vm_parser/parser/parser_types.c::parse_function_type(1); zr_vm_parser/src/zr_vm_parser/parser/parser_types.c::parse_function_type_parameter(2); zr_vm_parser/src/zr_vm_parser/parser/parser_types.c::parse_generic_argument_list_with_closing_range(1); zr_vm_parser/src/zr_vm_parser/parser/parser_types.c::parse_generic_declaration(1); zr_vm_parser/src/zr_vm_parser/parser/parser_types.c::parse_generic_parameter(2); zr_vm_parser/src/zr_vm_parser/parser/parser_types.c::parse_meta_identifier(1); zr_vm_parser/src/zr_vm_parser/parser/parser_types.c::parse_optional_where_clauses(6); zr_vm_parser/src/zr_vm_parser/parser/parser_types.c::parse_parameter(2); zr_vm_parser/src/zr_vm_parser/parser/parser_types.c::parse_tuple_type(2); zr_vm_parser/src/zr_vm_parser/parser/parser_types.c::parse_type_internal(6); zr_vm_parser/src/zr_vm_parser/parser/parser_union.c::parse_union_declaration(3); zr_vm_parser/src/zr_vm_parser/parser/parser_union.c::parse_union_struct_fields(2); zr_vm_parser/src/zr_vm_parser/parser/parser_union.c::parse_union_tuple_fields(1); zr_vm_parser/src/zr_vm_parser/parser/parser_union.c::parse_union_variant(1); zr_vm_parser/src/zr_vm_parser/parser/parser_yield.c::parse_yield_statement(1)	推进当前token或消费前瞻	缓存分支须恢复完整游标	zr_vm_parser/include/zr_vm_parser/lexer.h:199;zr_vm_parser/src/zr_vm_parser/lexer.c:968;zr_vm_parser/src/zr_vm_parser/parser/parser_state.c:17	commented	Doxygen 说明消费语义
zr_vm_parser/include/zr_vm_parser/lexer.h	ZrParser_Lexer_Lookahead	interface	zr_vm_parser/src/zr_vm_parser/parser/parser_state.c::peek_token(1)	窥视后续token	不消费当前token;扫描可产生副作用	zr_vm_parser/include/zr_vm_parser/lexer.h:203;zr_vm_parser/src/zr_vm_parser/parser/parser_state.c:25;zr_vm_parser/src/zr_vm_parser/lexer.c:996	commented	Doxygen 说明前瞻副作用
zr_vm_parser/include/zr_vm_parser/lexer.h	ZrParser_Lexer_SyntaxError	interface	zr_vm_parser/src/zr_vm_parser/lexer.c::read_char(3); zr_vm_parser/src/zr_vm_parser/lexer.c::read_string(4); zr_vm_parser/src/zr_vm_parser/lexer.c::read_template_string(1)	登记词法错误并打印位置	msg借用至token使用结束;直接stdout且不受parser抑制标志控制	zr_vm_parser/include/zr_vm_parser/lexer.h:208;zr_vm_parser/src/zr_vm_parser/lexer.c:1143	commented	Doxygen 说明现状与调用方限制
zr_vm_parser/include/zr_vm_parser/lexer.h	ZrParser_Lexer_TokenToString	interface	zr_vm_parser/src/zr_vm_parser/parser/parser_declarations.c::parse_variable_declaration_impl(1); zr_vm_parser/src/zr_vm_parser/parser/parser_expression_primary.c::parse_member_name(1); zr_vm_parser/src/zr_vm_parser/parser/parser_expressions.c::parse_additive_expression(1); zr_vm_parser/src/zr_vm_parser/parser/parser_expressions.c::parse_assignment_expression(1); zr_vm_parser/src/zr_vm_parser/parser/parser_expressions.c::parse_binary_and_expression(1); zr_vm_parser/src/zr_vm_parser/parser/parser_expressions.c::parse_binary_or_expression(1); zr_vm_parser/src/zr_vm_parser/parser/parser_expressions.c::parse_binary_xor_expression(1); zr_vm_parser/src/zr_vm_parser/parser/parser_expressions.c::parse_equality_expression(1); zr_vm_parser/src/zr_vm_parser/parser/parser_expressions.c::parse_multiplicative_expression(1); zr_vm_parser/src/zr_vm_parser/parser/parser_expressions.c::parse_relational_expression(1); zr_vm_parser/src/zr_vm_parser/parser/parser_expressions.c::parse_shift_expression(1); zr_vm_parser/src/zr_vm_parser/parser/parser_expressions.c::parse_unary_expression(1); zr_vm_parser/src/zr_vm_parser/parser/parser_ownership_intrinsic.c::parse_member_identifier(1); zr_vm_parser/src/zr_vm_parser/parser/parser_state.c::expect_token(2); zr_vm_parser/src/zr_vm_parser/parser/parser_state.c::get_current_token_length(1); zr_vm_parser/src/zr_vm_parser/parser/parser_state.c::report_error_with_token(1)	返回诊断拼写	单字符返回共享静态缓冲;下次同类调用覆盖	zr_vm_parser/include/zr_vm_parser/lexer.h:212;zr_vm_parser/src/zr_vm_parser/parser/parser_state.c:5;zr_vm_parser/src/zr_vm_parser/lexer.c:1187	commented	Doxygen 说明返回值有效期
zr_vm_parser/include/zr_vm_parser/parser.h	TZrParserErrorCallback	type	parser_state::report_error_with_token; compiler error capture	把文本错误交给宿主	location和message仅调用期间借用	zr_vm_parser/include/zr_vm_parser/parser.h:15;zr_vm_parser/src/zr_vm_parser/parser/parser_state.c:841;zr_vm_parser/src/zr_vm_parser/compiler.c:1271	commented	Doxygen 说明借用时间
zr_vm_parser/include/zr_vm_parser/parser.h	TZrParserStructuredErrorCallback	type	parser diagnostics; LSP collector; migration collector	把结构化错误交给宿主	回调返回后diagnostic数组可释放	zr_vm_parser/include/zr_vm_parser/parser.h:21;zr_vm_parser/src/zr_vm_parser/parser/parser_diagnostics.c:60;zr_vm_language_server/src/zr_vm_language_server/incremental_parser.c:775	commented	Doxygen 说明回调所有权
zr_vm_parser/include/zr_vm_parser/parser.h	SZrParserState	type	compiler; LSP full parse and incremental reparse; migration	保存lexer与可配置诊断接收端	lexer自有;源和AST非本状态所有;errorMessage可借临时内存	zr_vm_parser/include/zr_vm_parser/parser.h:29;zr_vm_parser/src/zr_vm_parser/parser.c:4;zr_vm_language_server/src/zr_vm_language_server/incremental_parser.c:757	commented	Doxygen 说明状态与资源边界
zr_vm_parser/include/zr_vm_parser/parser.h	ZrParser_State_Init	interface	tests/debug/test_debug_canonical_binding_cases.h(3); tests/function/test_named_arguments.c(1); tests/iterator/test_yield_syntax.c(1); tests/module/test_module_system.c(1); tests/parser/test_char_and_type_cast.c(2); tests/parser/test_expression_fragment_parser.c(5); tests/parser/test_ownership_intrinsic_member_separation.c(3); tests/parser/test_parser_recovery_ownership.c(1); tests/parser/test_parser.c(2); tests/parser/test_percent_syntax_cutover.c(3); tests/parser/test_property_consumer_contracts.c(2); tests/parser/test_property_unified_ast.c(5); tests/parser/test_ref_struct_restrictions.c(1); tests/parser/test_reference_escape_closure_suspension.c(2); tests/parser/test_reference_receiver_call_boundary.c(2); tests/parser/test_reference_syntax_contract.c(1); tests/parser/test_resource_unique_drop.c(1); tests/parser/test_struct_value_init.c(1); tests/parser/test_union.c(1); tests/task/test_task_runtime.c(1); zr_vm_cli/src/zr_vm_cli/repl/repl_session.c::ZrCli_ReplSession_TypeQuery(1); zr_vm_language_server/src/zr_vm_language_server/incremental_parser.c::ZrLanguageServer_IncrementalParser_Parse(1); zr_vm_language_server/src/zr_vm_language_server/incremental_token_equivalence.c::ZrLanguageServer_IncrementalTokenStreams_AreEquivalent(2); zr_vm_language_server/src/zr_vm_language_server/incremental/incremental_syntax_reparse.c::ZrLanguageServer_IncrementalSyntaxReparse_TryDeclaration(1); zr_vm_lib_debug/src/zr_vm_lib_debug/debug_formal_evaluation.c::zr_debug_formal_prepare_expression_with_failure(1); zr_vm_lib_debug/src/zr_vm_lib_debug/debug_semantic_facts.c::zr_debug_append_expression_facts(1); zr_vm_parser/src/zr_vm_parser/compiler.c::zr_parser_source_compile_mode(1); zr_vm_parser/src/zr_vm_parser/migration/legacy_migration.c::legacy_migration_capture_property_facts(1); zr_vm_parser/src/zr_vm_parser/parser.c::ZrParser_Parse(1); zr_vm_parser/src/zr_vm_parser/parser/parser_diagnostics.c::missing_semicolon_fix_location(1); zr_vm_parser/src/zr_vm_parser/parser/parser_literals.c::parse_embedded_expression(1)	创建状态并预读首token	只检查lexer状态对象OOM;回调安装晚于预读	zr_vm_parser/include/zr_vm_parser/parser.h:46;zr_vm_parser/src/zr_vm_parser/parser.c:4;zr_vm_language_server/src/zr_vm_language_server/incremental_parser.c:764	commented	Doxygen 限定成功与预读时序
zr_vm_parser/include/zr_vm_parser/parser.h	ZrParser_State_Free	interface	tests/debug/test_debug_canonical_binding_cases.h(5); tests/function/test_named_arguments.c(1); tests/iterator/test_yield_syntax.c(1); tests/module/test_module_system.c(1); tests/parser/test_char_and_type_cast.c(2); tests/parser/test_expression_fragment_parser.c(14); tests/parser/test_ownership_intrinsic_member_separation.c(3); tests/parser/test_parser_recovery_ownership.c(1); tests/parser/test_parser.c(2); tests/parser/test_percent_syntax_cutover.c(3); tests/parser/test_property_consumer_contracts.c(5); tests/parser/test_ref_struct_restrictions.c(1); tests/parser/test_reference_escape_closure_suspension.c(2); tests/parser/test_reference_receiver_call_boundary.c(2); tests/parser/test_reference_syntax_contract.c(1); tests/parser/test_resource_unique_drop.c(1); tests/parser/test_struct_value_init.c(1); tests/parser/test_union.c(1); tests/task/test_task_runtime.c(1); zr_vm_cli/src/zr_vm_cli/repl/repl_session.c::ZrCli_ReplSession_TypeQuery(2); zr_vm_language_server/src/zr_vm_language_server/incremental_parser.c::ZrLanguageServer_IncrementalParser_Free(1); zr_vm_language_server/src/zr_vm_language_server/incremental_parser.c::ZrLanguageServer_IncrementalParser_Parse(2); zr_vm_language_server/src/zr_vm_language_server/incremental_token_equivalence.c::ZrLanguageServer_IncrementalTokenStreams_AreEquivalent(2); zr_vm_language_server/src/zr_vm_language_server/incremental/incremental_syntax_reparse.c::ZrLanguageServer_IncrementalSyntaxReparse_TryDeclaration(3); zr_vm_lib_debug/src/zr_vm_lib_debug/debug_formal_evaluation.c::zr_debug_formal_free_prepared_expression(1); zr_vm_lib_debug/src/zr_vm_lib_debug/debug_semantic_facts.c::zr_debug_append_expression_facts(1); zr_vm_parser/src/zr_vm_parser/compiler.c::zr_parser_source_compile_mode(2); zr_vm_parser/src/zr_vm_parser/migration/legacy_migration.c::legacy_migration_capture_property_facts(1); zr_vm_parser/src/zr_vm_parser/parser.c::ZrParser_Parse(1); zr_vm_parser/src/zr_vm_parser/parser/parser_diagnostics.c::missing_semicolon_fix_location(1); zr_vm_parser/src/zr_vm_parser/parser/parser_literals.c::parse_embedded_expression(1)	回收parser自有lexer	AST和source由调用方保管	zr_vm_parser/include/zr_vm_parser/parser.h:49;zr_vm_parser/src/zr_vm_parser/parser.c:38;zr_vm_language_server/src/zr_vm_language_server/incremental_parser.c:779	commented	Doxygen 说明释放边界
zr_vm_parser/include/zr_vm_parser/parser.h	ZrParser_ParseWithState	interface	tests/function/test_named_arguments.c(1); tests/iterator/test_yield_syntax.c(1); tests/module/test_module_system.c(1); tests/parser/test_char_and_type_cast.c(2); tests/parser/test_expression_fragment_parser.c(4); tests/parser/test_ownership_intrinsic_member_separation.c(3); tests/parser/test_parser_recovery_ownership.c(1); tests/parser/test_parser.c(1); tests/parser/test_percent_syntax_cutover.c(3); tests/parser/test_property_consumer_contracts.c(2); tests/parser/test_property_unified_ast.c(5); tests/parser/test_ref_struct_restrictions.c(1); tests/parser/test_reference_escape_closure_suspension.c(2); tests/parser/test_reference_receiver_call_boundary.c(2); tests/parser/test_reference_syntax_contract.c(1); tests/parser/test_resource_unique_drop.c(1); tests/parser/test_struct_value_init.c(1); tests/parser/test_union.c(1); tests/task/test_task_runtime.c(1); zr_vm_cli/src/zr_vm_cli/repl/repl_session.c::ZrCli_ReplSession_TypeQuery(1); zr_vm_language_server/src/zr_vm_language_server/incremental_parser.c::ZrLanguageServer_IncrementalParser_Parse(1); zr_vm_parser/src/zr_vm_parser/compiler.c::zr_parser_source_compile_mode(1); zr_vm_parser/src/zr_vm_parser/migration/legacy_migration.c::legacy_migration_capture_property_facts(1); zr_vm_parser/src/zr_vm_parser/parser.c::ZrParser_Parse(1)	用已配置状态解析脚本	普通错误可恢复并返回AST;fatal旧语法返回空	zr_vm_parser/include/zr_vm_parser/parser.h:54;zr_vm_parser/src/zr_vm_parser/parser.c:169;zr_vm_parser/src/zr_vm_parser/compiler.c:1273	commented	Doxygen 说明结果所有权与错误语义
zr_vm_parser/include/zr_vm_parser/parser.h	ZrParser_State_SeekToTokenStart	interface	zr_vm_language_server/src/zr_vm_language_server/incremental/incremental_syntax_reparse.c::ZrLanguageServer_IncrementalSyntaxReparse_TryDeclaration(1)	前向定位精确token起点	不可倒退;空白注释和EOS失败	zr_vm_parser/include/zr_vm_parser/parser.h:58;zr_vm_parser/src/zr_vm_parser/parser.c:187;zr_vm_language_server/src/zr_vm_language_server/incremental/incremental_syntax_reparse.c:74	commented	Doxygen 说明限制
zr_vm_parser/include/zr_vm_parser/parser.h	ZrParser_ParseTopLevelStatementWithState	interface	zr_vm_language_server/src/zr_vm_language_server/incremental/incremental_syntax_reparse.c::ZrLanguageServer_IncrementalSyntaxReparse_TryDeclaration(1)	解析一个声明替换节点	失败释放半成品;成功节点归调用者	zr_vm_parser/include/zr_vm_parser/parser.h:64;zr_vm_parser/src/zr_vm_parser/parser.c:205;zr_vm_language_server/src/zr_vm_language_server/incremental/incremental_syntax_reparse.c:79	commented	Doxygen 说明单节点所有权
zr_vm_parser/include/zr_vm_parser/parser.h	ZrParser_ParseExpressionWithState	interface	tests/debug/test_debug_canonical_binding_cases.h(3); tests/parser/test_expression_fragment_parser.c(1); zr_vm_lib_debug/src/zr_vm_lib_debug/debug_formal_evaluation.c::zr_debug_formal_prepare_expression_with_failure(1); zr_vm_lib_debug/src/zr_vm_lib_debug/debug_semantic_facts.c::zr_debug_append_expression_facts(1)	要求整个流为一条表达式	多余token时释放节点并返回空	zr_vm_parser/include/zr_vm_parser/parser.h:68;zr_vm_parser/src/zr_vm_parser/parser/parser_expression_fragment.c:20	commented	Doxygen 与当前实现一致
zr_vm_parser/include/zr_vm_parser/parser.h	ZrParser_Parse	interface	tests/compileTime/test_compile_time_execution.c(25); tests/compileTime/test_comptime_runtime_contract.c(1); tests/container/test_container_metadata.c(1); tests/container/test_container_type_inference.c(1); tests/container/test_generational_pool.c(1); tests/ffi/test_ffi_module.c(1); tests/ffi/test_native_extern_contract.c(1); tests/function/test_named_arguments.c(6); tests/iterator/test_enumerator_protocol.c(2); tests/iterator/test_yield_semantic.c(1); tests/iterator/test_yield_syntax.c(1); tests/language_server/test_ownership_diagnostics_owner_set_cases.h(1); tests/language_server/test_ownership_diagnostics_region_cases.h(8); tests/language_server/test_ownership_diagnostics_using_body_cases.h(2); tests/language_server/test_ownership_diagnostics_weak_receiver_cases.h(2); tests/language_server/test_ownership_diagnostics.c(6); tests/language_server/test_semantic_analyzer_diagnostic_golden_parity_cases.h(6); tests/language_server/test_semantic_analyzer_exact_type_cases.h(2); tests/language_server/test_semantic_analyzer_exact_type_diagnostic_cases.h(1); tests/language_server/test_semantic_analyzer_extern_enum_decorator_cases.h(1); tests/language_server/test_semantic_analyzer_extern_parameter_decorator_cases.h(3); tests/language_server/test_semantic_analyzer_extern_struct_decorator_cases.h(1); tests/language_server/test_semantic_analyzer_ffi_wrapper_decorator_cases.h(1); tests/language_server/test_semantic_analyzer_local_binding_identity_cases.h(3); tests/language_server/test_semantic_analyzer_source_metadata_cases.h(2); tests/language_server/test_semantic_analyzer.c(46); tests/language_server/test_union_pattern_diagnostics.c(1); tests/module/test_metadata_module_hash_golden.c(1); tests/module/test_metadata_token_model.c(12); tests/module/test_metadata_type_ref_binding.c(5); tests/module/test_module_system.c(3); tests/parser/bitwise_zero_minus_shift_supported_count_range_test_support.c(1); tests/parser/test_aot_c_reflection_construction_shared_library.c(1); tests/parser/test_artifact_schema_source_roundtrip.c(2); tests/parser/test_assignment_reference_diagnostic_cases.h(1); tests/parser/test_bitwise_zero_minus_rhs_range_inference.c(1); tests/parser/test_bitwise_zero_minus_shift_exact_zero_count_range_inference.c(1); tests/parser/test_bitwise_zero_minus_unary_rhs_range_inference.c(1); tests/parser/test_bitwise_zero_wrapper_range_inference.c(1); tests/parser/test_call_binding_pipeline.c(1); tests/parser/test_call_spread.c(2); tests/parser/test_canonical_consumers.c(14); tests/parser/test_canonical_type_graph_union_cases.h(6); tests/parser/test_canonical_type_graph.c(1); tests/parser/test_cast_operand_facts.c(1); tests/parser/test_cfg_throw_effects.c(1); tests/parser/test_cfg_union_exhaustiveness.c(1); tests/parser/test_char_and_type_cast.c(10); tests/parser/test_compile_time_import_ownership.c(1); tests/parser/test_compile_tool_project_import.c(2); tests/parser/test_compiler_const_assignment_query_producer.c(2); tests/parser/test_compiler_features.c(52); tests/parser/test_compiler_interface_const_query_producer.c(1); tests/parser/test_compiler_return_ownership_diagnostics.c(2); tests/parser/test_compiler_semantic_query_diagnostics.c(31); tests/parser/test_compiler_variance_query_diagnostics.c(1); tests/parser/test_const_keyword.c(1); tests/parser/test_expression_fact_emission.c(28); tests/parser/test_extern_enum_decorator_query_diagnostics.c(1); tests/parser/test_extern_parameter_decorator_query_diagnostics.c(1); tests/parser/test_extern_struct_decorator_query_diagnostics.c(1); tests/parser/test_ffi_wrapper_decorator_query_diagnostics.c(1); tests/parser/test_generic_constraints.c(1); tests/parser/test_instruction_execution.c(27); tests/parser/test_legacy_migration.c(2); tests/parser/test_lexer_parser_compiler_execution.c(10); tests/parser/test_logical_fact_emission.c(3); tests/parser/test_numeric_branch_assignment_dataflow.c(9); tests/parser/test_numeric_branch_refinement.c(15); tests/parser/test_numeric_branch_segment_sets.c(3); tests/parser/test_numeric_for_header_assignment_dataflow.c(1); tests/parser/test_numeric_foreach_cardinality_dataflow.c(1); tests/parser/test_numeric_loop_assignment_dataflow.c(15); tests/parser/test_numeric_loop_constant_condition_dataflow.c(3); tests/parser/test_numeric_loop_self_dependency_conditional_delta_bitwise_arithmetic_offset_dataflow.c(5); tests/parser/test_numeric_loop_self_dependency_conditional_delta_bitwise_offset_expression_dataflow.c(10); tests/parser/test_numeric_loop_self_dependency_conditional_delta_dataflow.c(10); tests/parser/test_numeric_loop_self_dependency_conditional_delta_negative_offset_expression_dataflow.c(1); tests/parser/test_numeric_loop_self_dependency_conditional_delta_negative_offset_product_dataflow.c(1); tests/parser/test_numeric_loop_self_dependency_conditional_delta_negative_offset_zero_inclusive_additive_dataflow.c(1); tests/parser/test_numeric_loop_self_dependency_conditional_delta_negative_offset_zero_inclusive_difference_dataflow.c(1); tests/parser/test_numeric_loop_self_dependency_conditional_delta_negative_offset_zero_inclusive_identity_dataflow.c(1); tests/parser/test_numeric_loop_self_dependency_conditional_delta_negative_offset_zero_inclusive_product_dataflow.c(1); tests/parser/test_numeric_loop_self_dependency_conditional_delta_negative_offset_zero_inclusive_subtractive_dataflow.c(1); tests/parser/test_numeric_loop_self_dependency_conditional_delta_negative_offset_zero_inclusive_sum_dataflow.c(1); tests/parser/test_numeric_loop_self_dependency_conditional_delta_negative_offset_zero_inclusive_unary_dataflow.c(1); tests/parser/test_numeric_loop_self_dependency_conditional_delta_offset_expression_dataflow.c(10); tests/parser/test_numeric_loop_self_dependency_conditional_delta_target_positive_dataflow.c(12); tests/parser/test_numeric_loop_self_dependency_conditional_delta_target_unary_dataflow.c(11); tests/parser/test_numeric_loop_self_dependency_dataflow.c(17); tests/parser/test_numeric_loop_self_dependency_symbolic_coeff_cross_deeper_scale_dataflow.c(1); tests/parser/test_numeric_loop_self_dependency_symbolic_coeff_cross_five_additional_scale_dataflow.c(7); tests/parser/test_numeric_loop_self_dependency_symbolic_coeff_cross_four_additional_scale_dataflow.c(13); tests/parser/test_numeric_loop_self_dependency_symbolic_coeff_cross_four_additional_scale_reader_dataflow.c(1); tests/parser/test_numeric_loop_self_dependency_symbolic_coeff_cross_seven_additional_scale_dataflow.c(7); tests/parser/test_numeric_loop_self_dependency_symbolic_coeff_cross_six_additional_scale_dataflow.c(7); tests/parser/test_numeric_loop_self_dependency_symbolic_coeff_cross_three_additional_scale_dataflow.c(1); tests/parser/test_numeric_loop_self_dependency_symbolic_coefficient_cross_dataflow.c(8); tests/parser/test_numeric_loop_self_dependency_symbolic_coefficient_dataflow.c(16); tests/parser/test_numeric_loop_self_dependency_symbolic_dataflow.c(16); tests/parser/test_numeric_loop_self_dependency_symbolic_product_dataflow.c(10); tests/parser/test_numeric_nested_loop_assignment_dataflow.c(1); tests/parser/test_numeric_range_inference.c(9); tests/parser/test_object_literal_key_lowering.c(1); tests/parser/test_ownership_intrinsic_member_separation.c(1); tests/parser/test_ownership_receiver_guard_contract_cases.h(1); tests/parser/test_parser_extern.c(6); tests/parser/test_parser.c(67); tests/parser/test_pre_semantic_ir.c(2); tests/parser/test_property_access_lowering.c(1); tests/parser/test_property_consumer_contracts.c(3); tests/parser/test_property_explicit_field_init.c(1); tests/parser/test_property_ref_return.c(1); tests/parser/test_property_unified_ast.c(1); tests/parser/test_reference_callable_consumers.c(1); tests/parser/test_reference_fact_emission.c(7); tests/parser/test_reference_field_fact_cases.h(4); tests/parser/test_reference_place_out_flow.c(1); tests/parser/test_reference_receiver_call_boundary.c(1); tests/parser/test_reference_syntax_contract.c(1); tests/parser/test_reflection_type_surface.c(1); tests/parser/test_resource_owner_borrow_receiver.c(1); tests/parser/test_resource_shared_weak.c(2); tests/parser/test_resource_unique_drop.c(1); tests/parser/test_selfdep_bitwise_idempotent_wrapper_offset.c(1); tests/parser/test_selfdep_neg_zero_product_unary_same_diff.c(2); tests/parser/test_semantic_declaration_binding_cases.h(2); tests/parser/test_semantic_display_generic_alias_cases.h(3); tests/parser/test_semantic_display_nominal_alias_cases.h(4); tests/parser/test_semantic_display_source_generic_cases.h(2); tests/parser/test_semantic_display_unresolved_cases.h(1); tests/parser/test_semantic_display.c(5); tests/parser/test_semantic_external_provider_generation_cases.h(1); tests/parser/test_semantic_facts.c(5); tests/parser/test_semantic_query_call_argument_mapping_cases.h(2); tests/parser/test_semantic_query_call_candidate_consistency_cases.h(3); tests/parser/test_semantic_query_calls.c(7); tests/parser/test_semantic_query_meta_override_cases.h(1); tests/parser/test_semantic_query_relations.c(10); tests/parser/test_semantic_query_symbols.c(17); tests/parser/test_semantic_query_type_use_cases.h(2); tests/parser/test_semantic_scope_symbol_lifetime_cases.h(1); tests/parser/test_span_core.c(1); tests/parser/test_ssa_source_cfg_faults.c(1); tests/parser/test_ssa_source_cleanup_cfg.c(1); tests/parser/test_ssa_source_for_short_circuit.c(1); tests/parser/test_ssa_source_straight_line_cfg.c(1); tests/parser/test_ssa_source_value_facts.c(1); tests/parser/test_ssa_source_while_short_circuit.c(1); tests/parser/test_struct_value_init.c(1); tests/parser/test_syntax_reference_v1.c(5); tests/parser/test_type_inference.c(108); tests/parser/test_union.c(1); tests/system/test_system_fs_module.c(1); tests/task/test_task_runtime.c(1); tests/thread/test_thread_runtime.c(1); zr_vm_aot/tests/parser/test_execbc_aot_pipeline.c::compile_source_without_quickening(1); zr_vm_aot/tests/parser/test_execbc_aot_pipeline.c::test_access_lowering_preserves_explicit_member_and_index_ops(1); zr_vm_aot/tests/parser/test_execbc_aot_pipeline.c::test_aot_backends_lower_benchmark_style_bitwise_xor_paths(1); zr_vm_aot/tests/parser/test_execbc_aot_pipeline.c::test_aot_backends_lower_benchmark_style_generic_mul_paths(1); zr_vm_aot/tests/parser/test_execbc_aot_pipeline.c::test_aot_backends_preserve_runtime_contract_artifacts_under_strict_aot_c(1); zr_vm_aot/tests/parser/test_execbc_aot_pipeline.c::test_aot_c_backend_directly_lowers_local_callable_constants(1); zr_vm_aot/tests/parser/test_execbc_aot_pipeline.c::test_aot_c_backend_directly_lowers_non_export_return(1); zr_vm_aot/tests/parser/test_execbc_aot_pipeline.c::test_aot_c_backend_directly_lowers_primitive_literal_constants(1); zr_vm_aot/tests/parser/test_execbc_aot_pipeline.c::test_aot_c_backend_directly_lowers_static_slot_and_int_ops(1); zr_vm_aot/tests/parser/test_execbc_aot_pipeline.c::test_aot_c_backend_emits_child_thunks_for_callable_constants(1); zr_vm_aot/tests/parser/test_execbc_aot_pipeline.c::test_aot_c_backend_emits_native_entry_descriptor_instead_of_shim_invoke(1); zr_vm_aot/tests/parser/test_execbc_aot_pipeline.c::test_aot_c_backend_lowers_cached_dynamic_tail_calls_with_runtime_prepare(1); zr_vm_aot/tests/parser/test_execbc_aot_pipeline.c::test_aot_c_backend_lowers_cached_meta_calls_with_direct_call_frames(1); zr_vm_aot/tests/parser/test_execbc_aot_pipeline.c::test_aot_c_backend_lowers_generic_add_with_fast_path_and_helper_fallback(1); zr_vm_aot/tests/parser/test_execbc_aot_pipeline.c::test_aot_c_backend_lowers_indexed_child_access_even_with_embedded_blob(1); zr_vm_aot/tests/parser/test_execbc_aot_pipeline.c::test_aot_c_backend_lowers_indexed_child_access_without_embedded_blob(1); zr_vm_aot/tests/parser/test_execbc_aot_pipeline.c::test_aot_c_backend_lowers_indexed_entry_access_even_with_embedded_blob(1); zr_vm_aot/tests/parser/test_execbc_aot_pipeline.c::test_aot_c_backend_lowers_indexed_entry_access_without_embedded_blob(1); zr_vm_aot/tests/parser/test_execbc_aot_pipeline.c::test_aot_c_backend_lowers_signed_compare_div_and_neg_paths(1); zr_vm_aot/tests/parser/test_execbc_aot_pipeline.c::test_aot_c_backend_lowers_to_object_with_runtime_helper(1); zr_vm_aot/tests/parser/test_execbc_aot_pipeline.c::test_aot_c_backend_lowers_to_struct_with_runtime_helper(1); zr_vm_aot/tests/parser/test_execbc_aot_pipeline.c::test_aot_c_backend_statically_lowers_proven_local_aot_function_calls(1); zr_vm_aot/tests/parser/test_execbc_aot_pipeline.c::test_aot_llvm_backend_directly_lowers_static_slot_and_int_ops(1); zr_vm_aot/tests/parser/test_execbc_aot_pipeline.c::test_aot_llvm_backend_lowers_cached_meta_calls_with_direct_call_frames(1); zr_vm_aot/tests/parser/test_execbc_aot_pipeline.c::test_aot_llvm_backend_lowers_closure_capture_access(1); zr_vm_aot/tests/parser/test_execbc_aot_pipeline.c::test_aot_llvm_backend_lowers_generic_add_with_fast_path_and_helper_fallback(1); zr_vm_aot/tests/parser/test_execbc_aot_pipeline.c::test_aot_llvm_backend_lowers_object_creation_path(1); zr_vm_aot/tests/parser/test_execbc_aot_pipeline.c::test_aot_llvm_backend_lowers_simple_entry_execution_path(1); zr_vm_aot/tests/parser/test_execbc_aot_pipeline.c::test_aot_llvm_backend_lowers_static_direct_call_protocol(1); zr_vm_aot/tests/parser/test_execbc_aot_pipeline.c::test_aot_llvm_backend_lowers_to_object_with_runtime_helper(1); zr_vm_aot/tests/parser/test_execbc_aot_pipeline.c::test_execbc_quickens_zero_arg_call_sites_without_changing_semir_contracts(1); zr_vm_aot/tests/parser/test_execbc_aot_pipeline.c::test_execbc_true_aot_lowers_known_native_call_family(1); zr_vm_aot/tests/parser/test_execbc_aot_pipeline.c::test_execbc_true_aot_lowers_typed_signed_unsigned_and_equality_opcodes(1); zr_vm_aot/tests/scripts/test_utils.c::parse_and_compile(1); zr_vm_cli/src/zr_vm_cli/compiler/compiler.c::zr_cli_collect_module_recursive(1); zr_vm_cli/src/zr_vm_cli/migration/migration.c::zr_cli_migration_validate_current_source(1); zr_vm_parser/src/zr_vm_parser/compiler/compile_statement.c::ZrParser_CompileTimeImport_LoadSourceModule(1); zr_vm_parser/src/zr_vm_parser/compiler/module_init_analysis.c::module_init_load_summary_from_source_loader(1); zr_vm_parser/tests/test_parser.c::test_array_literal(1); zr_vm_parser/tests/test_parser.c::test_binary_expression(1); zr_vm_parser/tests/test_parser.c::test_boolean_literal(1); zr_vm_parser/tests/test_parser.c::test_conditional_expression(1); zr_vm_parser/tests/test_parser.c::test_float_literal(1); zr_vm_parser/tests/test_parser.c::test_function_declaration(1); zr_vm_parser/tests/test_parser.c::test_if_statement(1); zr_vm_parser/tests/test_parser.c::test_integer_literal(1); zr_vm_parser/tests/test_parser.c::test_module_declaration(1); zr_vm_parser/tests/test_parser.c::test_object_literal(1); zr_vm_parser/tests/test_parser.c::test_return_statement(1); zr_vm_parser/tests/test_parser.c::test_simple_script(1); zr_vm_parser/tests/test_parser.c::test_simple_zr_file(1); zr_vm_parser/tests/test_parser.c::test_string_literal(1); zr_vm_parser/tests/test_parser.c::test_struct_declaration(1); zr_vm_parser/tests/test_parser.c::test_unary_expression(1); zr_vm_parser/tests/test_parser.c::test_variable_declaration(1)	便利脚本解析入口	临时state已释放;返回AST由调用者释放	zr_vm_parser/include/zr_vm_parser/parser.h:72;zr_vm_parser/src/zr_vm_parser/parser.c:228;zr_vm_parser/src/zr_vm_parser/compiler/module_init_analysis.c:3794	commented	Doxygen 说明结果所有权
zr_vm_parser/include/zr_vm_parser/parser.h	ZrParser_Ast_Free	interface	tests/compileTime/test_compile_time_execution.c(25); tests/compileTime/test_comptime_runtime_contract.c(7); tests/container/test_container_metadata.c(2); tests/container/test_container_type_inference.c(15); tests/container/test_generational_pool.c(3); tests/debug/test_debug_canonical_binding_cases.h(3); tests/ffi/test_ffi_module.c(1); tests/ffi/test_native_extern_contract.c(34); tests/function/test_named_arguments.c(15); tests/iterator/test_enumerator_protocol.c(2); tests/iterator/test_yield_semantic.c(3); tests/iterator/test_yield_syntax.c(2); tests/language_server/test_incremental_parser.c(6); tests/language_server/test_ownership_diagnostics_owner_set_cases.h(3); tests/language_server/test_ownership_diagnostics_region_cases.h(30); tests/language_server/test_ownership_diagnostics_using_body_cases.h(6); tests/language_server/test_ownership_diagnostics_weak_receiver_cases.h(6); tests/language_server/test_ownership_diagnostics.c(26); tests/language_server/test_semantic_analyzer_diagnostic_golden_parity_cases.h(30); tests/language_server/test_semantic_analyzer_exact_type_cases.h(5); tests/language_server/test_semantic_analyzer_exact_type_diagnostic_cases.h(6); tests/language_server/test_semantic_analyzer_extern_enum_decorator_cases.h(5); tests/language_server/test_semantic_analyzer_extern_parameter_decorator_cases.h(9); tests/language_server/test_semantic_analyzer_extern_struct_decorator_cases.h(5); tests/language_server/test_semantic_analyzer_ffi_wrapper_decorator_cases.h(5); tests/language_server/test_semantic_analyzer_local_binding_identity_cases.h(3); tests/language_server/test_semantic_analyzer_source_metadata_cases.h(2); tests/language_server/test_semantic_analyzer.c(200); tests/language_server/test_union_pattern_diagnostics.c(26); tests/module/test_metadata_module_hash_golden.c(1); tests/module/test_metadata_token_model.c(12); tests/module/test_metadata_type_ref_binding.c(5); tests/module/test_module_system.c(4); tests/parser/bitwise_zero_minus_shift_supported_count_range_test_support.c(1); tests/parser/test_aot_c_reflection_construction_shared_library.c(1); tests/parser/test_artifact_schema_source_roundtrip.c(2); tests/parser/test_assignment_reference_diagnostic_cases.h(1); tests/parser/test_bitwise_zero_minus_rhs_range_inference.c(1); tests/parser/test_bitwise_zero_minus_shift_exact_zero_count_range_inference.c(1); tests/parser/test_bitwise_zero_minus_unary_rhs_range_inference.c(1); tests/parser/test_bitwise_zero_wrapper_range_inference.c(1); tests/parser/test_call_binding_pipeline.c(1); tests/parser/test_call_spread.c(2); tests/parser/test_canonical_consumers.c(14); tests/parser/test_canonical_type_graph_union_cases.h(6); tests/parser/test_canonical_type_graph.c(1); tests/parser/test_cast_operand_facts.c(1); tests/parser/test_cfg_constant_conditions.c(22); tests/parser/test_cfg_finally_abrupt.c(7); tests/parser/test_cfg_float_arithmetic_conditions.c(2); tests/parser/test_cfg_integer_bitwise_conditions.c(5); tests/parser/test_cfg_reachability.c(29); tests/parser/test_cfg_switch_constants.c(4); tests/parser/test_cfg_throw_effects.c(3); tests/parser/test_cfg_try_catch_edges.c(11); tests/parser/test_cfg_typed_catch_branch_flow.c(2); tests/parser/test_cfg_typed_catch_flow.c(8); tests/parser/test_cfg_typed_catch_loop_flow.c(6); tests/parser/test_cfg_typed_catch_switch_flow.c(5); tests/parser/test_cfg_union_exhaustiveness.c(1); tests/parser/test_char_and_type_cast.c(14); tests/parser/test_compile_time_import_ownership.c(1); tests/parser/test_compile_tool_project_import.c(8); tests/parser/test_compiler_const_assignment_query_producer.c(2); tests/parser/test_compiler_features.c(27); tests/parser/test_compiler_interface_const_query_producer.c(1); tests/parser/test_compiler_return_ownership_diagnostics.c(2); tests/parser/test_compiler_semantic_query_diagnostics.c(31); tests/parser/test_compiler_variance_query_diagnostics.c(1); tests/parser/test_const_keyword.c(1); tests/parser/test_dataflow_engine.c(5); tests/parser/test_expression_fact_emission.c(28); tests/parser/test_expression_fragment_parser.c(12); tests/parser/test_extern_enum_decorator_query_diagnostics.c(2); tests/parser/test_extern_parameter_decorator_query_diagnostics.c(2); tests/parser/test_extern_struct_decorator_query_diagnostics.c(2); tests/parser/test_ffi_wrapper_decorator_query_diagnostics.c(3); tests/parser/test_generic_constraints.c(1); tests/parser/test_instruction_execution.c(46); tests/parser/test_legacy_migration.c(2); tests/parser/test_lexer_parser_compiler_execution.c(13); tests/parser/test_logical_fact_emission.c(3); tests/parser/test_numeric_branch_assignment_dataflow.c(9); tests/parser/test_numeric_branch_refinement.c(15); tests/parser/test_numeric_branch_segment_sets.c(3); tests/parser/test_numeric_for_header_assignment_dataflow.c(1); tests/parser/test_numeric_foreach_cardinality_dataflow.c(1); tests/parser/test_numeric_loop_assignment_dataflow.c(15); tests/parser/test_numeric_loop_constant_condition_dataflow.c(3); tests/parser/test_numeric_loop_self_dependency_conditional_delta_bitwise_arithmetic_offset_dataflow.c(5); tests/parser/test_numeric_loop_self_dependency_conditional_delta_bitwise_offset_expression_dataflow.c(10); tests/parser/test_numeric_loop_self_dependency_conditional_delta_dataflow.c(10); tests/parser/test_numeric_loop_self_dependency_conditional_delta_negative_offset_expression_dataflow.c(1); tests/parser/test_numeric_loop_self_dependency_conditional_delta_negative_offset_product_dataflow.c(1); tests/parser/test_numeric_loop_self_dependency_conditional_delta_negative_offset_zero_inclusive_additive_dataflow.c(1); tests/parser/test_numeric_loop_self_dependency_conditional_delta_negative_offset_zero_inclusive_difference_dataflow.c(1); tests/parser/test_numeric_loop_self_dependency_conditional_delta_negative_offset_zero_inclusive_identity_dataflow.c(1); tests/parser/test_numeric_loop_self_dependency_conditional_delta_negative_offset_zero_inclusive_product_dataflow.c(1); tests/parser/test_numeric_loop_self_dependency_conditional_delta_negative_offset_zero_inclusive_subtractive_dataflow.c(1); tests/parser/test_numeric_loop_self_dependency_conditional_delta_negative_offset_zero_inclusive_sum_dataflow.c(1); tests/parser/test_numeric_loop_self_dependency_conditional_delta_negative_offset_zero_inclusive_unary_dataflow.c(1); tests/parser/test_numeric_loop_self_dependency_conditional_delta_offset_expression_dataflow.c(10); tests/parser/test_numeric_loop_self_dependency_conditional_delta_target_positive_dataflow.c(12); tests/parser/test_numeric_loop_self_dependency_conditional_delta_target_unary_dataflow.c(11); tests/parser/test_numeric_loop_self_dependency_dataflow.c(17); tests/parser/test_numeric_loop_self_dependency_symbolic_coeff_cross_deeper_scale_dataflow.c(1); tests/parser/test_numeric_loop_self_dependency_symbolic_coeff_cross_five_additional_scale_dataflow.c(7); tests/parser/test_numeric_loop_self_dependency_symbolic_coeff_cross_four_additional_scale_dataflow.c(13); tests/parser/test_numeric_loop_self_dependency_symbolic_coeff_cross_four_additional_scale_reader_dataflow.c(1); tests/parser/test_numeric_loop_self_dependency_symbolic_coeff_cross_seven_additional_scale_dataflow.c(7); tests/parser/test_numeric_loop_self_dependency_symbolic_coeff_cross_six_additional_scale_dataflow.c(7); tests/parser/test_numeric_loop_self_dependency_symbolic_coeff_cross_three_additional_scale_dataflow.c(1); tests/parser/test_numeric_loop_self_dependency_symbolic_coefficient_cross_dataflow.c(8); tests/parser/test_numeric_loop_self_dependency_symbolic_coefficient_dataflow.c(16); tests/parser/test_numeric_loop_self_dependency_symbolic_dataflow.c(16); tests/parser/test_numeric_loop_self_dependency_symbolic_product_dataflow.c(10); tests/parser/test_numeric_nested_loop_assignment_dataflow.c(1); tests/parser/test_numeric_range_inference.c(9); tests/parser/test_object_literal_key_lowering.c(1); tests/parser/test_ownership_intrinsic_member_separation.c(21); tests/parser/test_ownership_optional_callable_cases.h(3); tests/parser/test_ownership_receiver_guard_contract_cases.h(3); tests/parser/test_parser_extern.c(6); tests/parser/test_parser_recovery_ownership.c(1); tests/parser/test_parser.c(85); tests/parser/test_percent_syntax_cutover.c(2); tests/parser/test_place_cfg_graph.c(4); tests/parser/test_pre_semantic_ir.c(2); tests/parser/test_property_access_lowering.c(1); tests/parser/test_property_consumer_contracts.c(8); tests/parser/test_property_explicit_field_init.c(6); tests/parser/test_property_ref_return.c(4); tests/parser/test_property_unified_ast.c(18); tests/parser/test_ref_struct_restrictions.c(5); tests/parser/test_reference_callable_consumers.c(1); tests/parser/test_reference_escape_closure_suspension.c(5); tests/parser/test_reference_fact_emission.c(7); tests/parser/test_reference_field_fact_cases.h(4); tests/parser/test_reference_place_out_flow.c(3); tests/parser/test_reference_receiver_call_boundary.c(4); tests/parser/test_reference_syntax_contract.c(7); tests/parser/test_reflection_type_surface.c(8); tests/parser/test_resource_owner_borrow_receiver.c(1); tests/parser/test_resource_shared_weak.c(2); tests/parser/test_resource_unique_drop.c(2); tests/parser/test_selfdep_bitwise_idempotent_wrapper_offset.c(1); tests/parser/test_selfdep_neg_zero_product_unary_same_diff.c(2); tests/parser/test_semantic_declaration_binding_cases.h(2); tests/parser/test_semantic_display_generic_alias_cases.h(3); tests/parser/test_semantic_display_nominal_alias_cases.h(4); tests/parser/test_semantic_display_source_generic_cases.h(2); tests/parser/test_semantic_display_unresolved_cases.h(1); tests/parser/test_semantic_display.c(5); tests/parser/test_semantic_external_provider_generation_cases.h(1); tests/parser/test_semantic_facts.c(5); tests/parser/test_semantic_query_call_argument_mapping_cases.h(2); tests/parser/test_semantic_query_call_candidate_consistency_cases.h(3); tests/parser/test_semantic_query_calls.c(7); tests/parser/test_semantic_query_meta_override_cases.h(1); tests/parser/test_semantic_query_relations.c(10); tests/parser/test_semantic_query_symbols.c(17); tests/parser/test_semantic_query_type_use_cases.h(2); tests/parser/test_semantic_scope_symbol_lifetime_cases.h(1); tests/parser/test_span_core.c(4); tests/parser/test_ssa_source_cfg_faults.c(1); tests/parser/test_ssa_source_cleanup_cfg.c(1); tests/parser/test_ssa_source_for_short_circuit.c(1); tests/parser/test_ssa_source_straight_line_cfg.c(1); tests/parser/test_ssa_source_value_facts.c(1); tests/parser/test_ssa_source_while_short_circuit.c(1); tests/parser/test_struct_value_init.c(12); tests/parser/test_syntax_reference_v1.c(5); tests/parser/test_type_inference.c(114); tests/parser/test_union.c(39); tests/system/test_system_fs_module.c(1); tests/task/test_task_runtime.c(9); tests/thread/test_thread_runtime.c(1); zr_vm_aot/tests/parser/test_execbc_aot_pipeline.c::compile_source_without_quickening(5); zr_vm_aot/tests/parser/test_execbc_aot_pipeline.c::test_access_lowering_preserves_explicit_member_and_index_ops(1); zr_vm_aot/tests/parser/test_execbc_aot_pipeline.c::test_aot_backends_lower_benchmark_style_bitwise_xor_paths(1); zr_vm_aot/tests/parser/test_execbc_aot_pipeline.c::test_aot_backends_lower_benchmark_style_generic_mul_paths(1); zr_vm_aot/tests/parser/test_execbc_aot_pipeline.c::test_aot_backends_preserve_runtime_contract_artifacts_under_strict_aot_c(1); zr_vm_aot/tests/parser/test_execbc_aot_pipeline.c::test_aot_c_backend_directly_lowers_local_callable_constants(1); zr_vm_aot/tests/parser/test_execbc_aot_pipeline.c::test_aot_c_backend_directly_lowers_non_export_return(1); zr_vm_aot/tests/parser/test_execbc_aot_pipeline.c::test_aot_c_backend_directly_lowers_primitive_literal_constants(1); zr_vm_aot/tests/parser/test_execbc_aot_pipeline.c::test_aot_c_backend_directly_lowers_static_slot_and_int_ops(1); zr_vm_aot/tests/parser/test_execbc_aot_pipeline.c::test_aot_c_backend_emits_child_thunks_for_callable_constants(1); zr_vm_aot/tests/parser/test_execbc_aot_pipeline.c::test_aot_c_backend_emits_native_entry_descriptor_instead_of_shim_invoke(1); zr_vm_aot/tests/parser/test_execbc_aot_pipeline.c::test_aot_c_backend_lowers_cached_dynamic_tail_calls_with_runtime_prepare(1); zr_vm_aot/tests/parser/test_execbc_aot_pipeline.c::test_aot_c_backend_lowers_cached_meta_calls_with_direct_call_frames(1); zr_vm_aot/tests/parser/test_execbc_aot_pipeline.c::test_aot_c_backend_lowers_generic_add_with_fast_path_and_helper_fallback(1); zr_vm_aot/tests/parser/test_execbc_aot_pipeline.c::test_aot_c_backend_lowers_indexed_child_access_even_with_embedded_blob(1); zr_vm_aot/tests/parser/test_execbc_aot_pipeline.c::test_aot_c_backend_lowers_indexed_child_access_without_embedded_blob(1); zr_vm_aot/tests/parser/test_execbc_aot_pipeline.c::test_aot_c_backend_lowers_indexed_entry_access_even_with_embedded_blob(1); zr_vm_aot/tests/parser/test_execbc_aot_pipeline.c::test_aot_c_backend_lowers_indexed_entry_access_without_embedded_blob(1); zr_vm_aot/tests/parser/test_execbc_aot_pipeline.c::test_aot_c_backend_lowers_signed_compare_div_and_neg_paths(1); zr_vm_aot/tests/parser/test_execbc_aot_pipeline.c::test_aot_c_backend_lowers_to_object_with_runtime_helper(1); zr_vm_aot/tests/parser/test_execbc_aot_pipeline.c::test_aot_c_backend_lowers_to_struct_with_runtime_helper(1); zr_vm_aot/tests/parser/test_execbc_aot_pipeline.c::test_aot_c_backend_statically_lowers_proven_local_aot_function_calls(1); zr_vm_aot/tests/parser/test_execbc_aot_pipeline.c::test_aot_llvm_backend_directly_lowers_static_slot_and_int_ops(1); zr_vm_aot/tests/parser/test_execbc_aot_pipeline.c::test_aot_llvm_backend_lowers_cached_meta_calls_with_direct_call_frames(1); zr_vm_aot/tests/parser/test_execbc_aot_pipeline.c::test_aot_llvm_backend_lowers_closure_capture_access(1); zr_vm_aot/tests/parser/test_execbc_aot_pipeline.c::test_aot_llvm_backend_lowers_generic_add_with_fast_path_and_helper_fallback(1); zr_vm_aot/tests/parser/test_execbc_aot_pipeline.c::test_aot_llvm_backend_lowers_object_creation_path(1); zr_vm_aot/tests/parser/test_execbc_aot_pipeline.c::test_aot_llvm_backend_lowers_simple_entry_execution_path(1); zr_vm_aot/tests/parser/test_execbc_aot_pipeline.c::test_aot_llvm_backend_lowers_static_direct_call_protocol(1); zr_vm_aot/tests/parser/test_execbc_aot_pipeline.c::test_aot_llvm_backend_lowers_to_object_with_runtime_helper(1); zr_vm_aot/tests/parser/test_execbc_aot_pipeline.c::test_execbc_quickens_zero_arg_call_sites_without_changing_semir_contracts(1); zr_vm_aot/tests/parser/test_execbc_aot_pipeline.c::test_execbc_true_aot_lowers_known_native_call_family(1); zr_vm_aot/tests/parser/test_execbc_aot_pipeline.c::test_execbc_true_aot_lowers_typed_signed_unsigned_and_equality_opcodes(1); zr_vm_aot/tests/scripts/test_utils.c::free_test_result(1); zr_vm_cli/src/zr_vm_cli/compiler/compiler.c::zr_cli_collect_module_recursive(3); zr_vm_cli/src/zr_vm_cli/migration/migration.c::zr_cli_migration_validate_current_source(1); zr_vm_cli/src/zr_vm_cli/repl/repl_session.c::ZrCli_ReplSession_TypeQuery(1); zr_vm_language_server/src/zr_vm_language_server/incremental_parser.c::ZrLanguageServer_FileVersion_Free(1); zr_vm_language_server/src/zr_vm_language_server/incremental_parser.c::ZrLanguageServer_IncrementalParser_Parse(3); zr_vm_language_server/src/zr_vm_language_server/incremental/incremental_syntax_reparse.c::ZrLanguageServer_IncrementalSyntaxReparse_TryDeclaration(2); zr_vm_language_server/src/zr_vm_language_server/interface/lsp_interface.c::ZrLanguageServer_Lsp_UpdateDocumentCore(4); zr_vm_language_server/src/zr_vm_language_server/semantic/semantic_analyzer_analysis.c::ZrLanguageServer_SemanticAnalyzer_AnalyzeScope(1); zr_vm_language_server/src/zr_vm_language_server/semantic/semantic_analyzer_scope_cache.c::ZrLanguageServer_SemanticAnalyzer_CommitScopedQueryCachePreservation(3); zr_vm_language_server/src/zr_vm_language_server/semantic/semantic_analyzer.c::ZrLanguageServer_SemanticAnalyzer_Free(1); zr_vm_lib_debug/src/zr_vm_lib_debug/debug_formal_evaluation.c::zr_debug_formal_free_prepared_expression(1); zr_vm_lib_debug/src/zr_vm_lib_debug/debug_semantic_facts.c::zr_debug_append_expression_facts(1); zr_vm_parser/src/zr_vm_parser/compiler.c::zr_parser_source_compile_mode(5); zr_vm_parser/src/zr_vm_parser/compiler/compile_statement.c::ZrParser_CompileTimeImport_LoadSourceModule(4); zr_vm_parser/src/zr_vm_parser/compiler/compile_statement.c::ZrParser_CompileTimeImport_RestoreModules(1); zr_vm_parser/src/zr_vm_parser/compiler/compiler_state.c::ZrParser_CompilerState_Free(1); zr_vm_parser/src/zr_vm_parser/compiler/module_init_analysis.c::module_init_load_summary_from_source_loader(5); zr_vm_parser/src/zr_vm_parser/migration/legacy_migration.c::legacy_migration_capture_property_facts(1); zr_vm_parser/src/zr_vm_parser/parser.c::ZrParser_ParseTopLevelStatementWithState(1); zr_vm_parser/src/zr_vm_parser/parser.c::ZrParser_ParseWithState(1); zr_vm_parser/src/zr_vm_parser/parser/parser_ast_free.c::free_ast_node_array_with_elements(1); zr_vm_parser/src/zr_vm_parser/parser/parser_ast_free.c::free_identifier_node_from_ptr(1); zr_vm_parser/src/zr_vm_parser/parser/parser_ast_free.c::free_parameter_node_from_ptr(1); zr_vm_parser/src/zr_vm_parser/parser/parser_ast_free.c::free_type_info(2); zr_vm_parser/src/zr_vm_parser/parser/parser_ast_free.c::ZrParser_Ast_Free(91); zr_vm_parser/src/zr_vm_parser/parser/parser_call_arguments.c::parse_call_argument_expression(1); zr_vm_parser/src/zr_vm_parser/parser/parser_class.c::parse_class_declaration(1); zr_vm_parser/src/zr_vm_parser/parser/parser_declarations.c::parse_function_declaration(2); zr_vm_parser/src/zr_vm_parser/parser/parser_declarations.c::parse_module_declaration(1); zr_vm_parser/src/zr_vm_parser/parser/parser_declarations.c::parse_variable_declaration_impl(6); zr_vm_parser/src/zr_vm_parser/parser/parser_expression_fragment.c::ZrParser_ParseExpressionWithState(2); zr_vm_parser/src/zr_vm_parser/parser/parser_expression_primary.c::parse_construct_expression(2); zr_vm_parser/src/zr_vm_parser/parser/parser_expression_primary.c::parse_generic_construct_target(1); zr_vm_parser/src/zr_vm_parser/parser/parser_expression_primary.c::parse_member_access(15); zr_vm_parser/src/zr_vm_parser/parser/parser_expression_primary.c::parse_primary_expression(1); zr_vm_parser/src/zr_vm_parser/parser/parser_expression_primary.c::parse_prototype_path_expression(1); zr_vm_parser/src/zr_vm_parser/parser/parser_expression_primary.c::parse_reference_expression(2); zr_vm_parser/src/zr_vm_parser/parser/parser_expression_primary.c::parse_reserved_import_expression(1); zr_vm_parser/src/zr_vm_parser/parser/parser_expression_primary.c::parse_resource_own_expression(2); zr_vm_parser/src/zr_vm_parser/parser/parser_expression_primary.c::try_parse_generic_type_member_root(1); zr_vm_parser/src/zr_vm_parser/parser/parser_expressions.c::parse_additive_expression(1); zr_vm_parser/src/zr_vm_parser/parser/parser_expressions.c::parse_assignment_expression(1); zr_vm_parser/src/zr_vm_parser/parser/parser_expressions.c::parse_binary_and_expression(1); zr_vm_parser/src/zr_vm_parser/parser/parser_expressions.c::parse_binary_or_expression(1); zr_vm_parser/src/zr_vm_parser/parser/parser_expressions.c::parse_binary_xor_expression(1); zr_vm_parser/src/zr_vm_parser/parser/parser_expressions.c::parse_conditional_expression(8); zr_vm_parser/src/zr_vm_parser/parser/parser_expressions.c::parse_equality_expression(1); zr_vm_parser/src/zr_vm_parser/parser/parser_expressions.c::parse_logical_and_expression(1); zr_vm_parser/src/zr_vm_parser/parser/parser_expressions.c::parse_logical_or_expression(1); zr_vm_parser/src/zr_vm_parser/parser/parser_expressions.c::parse_multiplicative_expression(1); zr_vm_parser/src/zr_vm_parser/parser/parser_expressions.c::parse_reflection_type_query_expression(2); zr_vm_parser/src/zr_vm_parser/parser/parser_expressions.c::parse_relational_expression(1); zr_vm_parser/src/zr_vm_parser/parser/parser_expressions.c::parse_shift_expression(1); zr_vm_parser/src/zr_vm_parser/parser/parser_extern.c::parse_extern_block(6); zr_vm_parser/src/zr_vm_parser/parser/parser_function_syntax.c::create_expression_body_block(1); zr_vm_parser/src/zr_vm_parser/parser/parser_function_syntax.c::parse_fn_expression(1); zr_vm_parser/src/zr_vm_parser/parser/parser_interface.c::parse_interface_declaration(2); zr_vm_parser/src/zr_vm_parser/parser/parser_literals.c::parse_array_literal_value_element(1); zr_vm_parser/src/zr_vm_parser/parser/parser_literals.c::parse_object_literal(8); zr_vm_parser/src/zr_vm_parser/parser/parser_literals.c::parse_template_string_literal(1); zr_vm_parser/src/zr_vm_parser/parser/parser_loops.c::free_for_loop_parts(3); zr_vm_parser/src/zr_vm_parser/parser/parser_loops.c::parse_foreach_loop(5); zr_vm_parser/src/zr_vm_parser/parser/parser_ownership_intrinsic.c::parse_ownership_intrinsic_expression(2); zr_vm_parser/src/zr_vm_parser/parser/parser_postfix_call.c::parse_postfix_call_segment(1); zr_vm_parser/src/zr_vm_parser/parser/parser_property_migration.c::parser_property_migration_collection_publish_and_free(1); zr_vm_parser/src/zr_vm_parser/parser/parser_property.c::parse_property_accessor(1); zr_vm_parser/src/zr_vm_parser/parser/parser_property.c::parse_property_declaration(3); zr_vm_parser/src/zr_vm_parser/parser/parser_reserved_task.c::parse_await_expression(1); zr_vm_parser/src/zr_vm_parser/parser/parser_statements.c::parse_decorator_expression_statement(1); zr_vm_parser/src/zr_vm_parser/parser/parser_statements.c::parse_if_expression(4); zr_vm_parser/src/zr_vm_parser/parser/parser_statements.c::parse_switch_expression(9); zr_vm_parser/src/zr_vm_parser/parser/parser_statements.c::parse_top_level_statement(1); zr_vm_parser/src/zr_vm_parser/parser/parser_statements.c::parse_try_catch_finally_statement(5); zr_vm_parser/src/zr_vm_parser/parser/parser_statements.c::parse_using_object_destructuring_pattern(4); zr_vm_parser/src/zr_vm_parser/parser/parser_statements.c::parse_using_statement_body(29); zr_vm_parser/src/zr_vm_parser/parser/parser_statements.c::parse_while_loop(2); zr_vm_parser/src/zr_vm_parser/parser/parser_statements.c::try_parse_function_declaration_from_current(1); zr_vm_parser/src/zr_vm_parser/parser/parser_statements.c::using_no_block_pattern_starts_here(1); zr_vm_parser/src/zr_vm_parser/parser/parser_struct.c::parse_struct_declaration(1); zr_vm_parser/src/zr_vm_parser/parser/parser_switch_patterns.c::parse_switch_struct_move_payload_pattern(4); zr_vm_parser/src/zr_vm_parser/parser/parser_switch_patterns.c::try_parse_switch_move_variant_pattern_case(7); zr_vm_parser/src/zr_vm_parser/parser/parser_switch_patterns.c::try_parse_switch_struct_variant_payload_case(2); zr_vm_parser/src/zr_vm_parser/parser/parser_types.c::parse_decorator_expression(1); zr_vm_parser/src/zr_vm_parser/parser/parser_types.c::parse_destructuring_object_entry(3); zr_vm_parser/src/zr_vm_parser/parser/parser_types.c::parse_function_type(6); zr_vm_parser/src/zr_vm_parser/parser/parser_types.c::parse_function_type_parameter(6); zr_vm_parser/src/zr_vm_parser/parser/parser_types.c::parse_generic_parameter(3); zr_vm_parser/src/zr_vm_parser/parser/parser_types.c::parse_generic_type(2); zr_vm_parser/src/zr_vm_parser/parser/parser_types.c::parse_optional_where_clauses(8); zr_vm_parser/src/zr_vm_parser/parser/parser_types.c::parse_parameter(3); zr_vm_parser/src/zr_vm_parser/parser/parser_types.c::wrap_type_in_task_identifier(1); zr_vm_parser/src/zr_vm_parser/parser/parser_yield.c::parse_yield_statement(1); zr_vm_parser/tests/test_parser.c::test_array_literal(1); zr_vm_parser/tests/test_parser.c::test_binary_expression(1); zr_vm_parser/tests/test_parser.c::test_boolean_literal(1); zr_vm_parser/tests/test_parser.c::test_conditional_expression(1); zr_vm_parser/tests/test_parser.c::test_float_literal(1); zr_vm_parser/tests/test_parser.c::test_function_declaration(1); zr_vm_parser/tests/test_parser.c::test_if_statement(1); zr_vm_parser/tests/test_parser.c::test_integer_literal(1); zr_vm_parser/tests/test_parser.c::test_module_declaration(1); zr_vm_parser/tests/test_parser.c::test_object_literal(1); zr_vm_parser/tests/test_parser.c::test_return_statement(1); zr_vm_parser/tests/test_parser.c::test_simple_script(1); zr_vm_parser/tests/test_parser.c::test_simple_zr_file(1); zr_vm_parser/tests/test_parser.c::test_string_literal(1); zr_vm_parser/tests/test_parser.c::test_struct_declaration(1); zr_vm_parser/tests/test_parser.c::test_unary_expression(1); zr_vm_parser/tests/test_parser.c::test_variable_declaration(1)	递归释放AST子树	VM字符串另由状态管理	zr_vm_parser/include/zr_vm_parser/parser.h:75;zr_vm_parser/src/zr_vm_parser/parser/parser_ast_free.c:29;zr_vm_parser/src/zr_vm_parser/compiler/module_init_analysis.c:3809	commented	Doxygen 说明资源边界
zr_vm_parser/src/zr_vm_parser/location.c	ZrParser_FilePosition_Create	function	tests/compileTime/test_comptime_runtime_contract.c(2); tests/language_server/test_lsp_interface.c(3); tests/language_server/test_lsp_position_fuzz.c(2); tests/language_server/test_lsp_position_mapping.c(1); tests/language_server/test_lsp_project_utf16_ranges.c(4); tests/language_server/test_lsp_snapshot_cache_cases.h(6); tests/language_server/test_ownership_diagnostics.c(1); tests/language_server/test_reference_tracker.c(34); tests/language_server/test_semantic_analyzer.c(3); tests/language_server/test_symbol_table.c(8); tests/parser/test_compiler_semantic_query_diagnostics.c(96); tests/parser/test_property_consumer_contracts.c(2); tests/parser/test_repl_submission_bindings.c(6); zr_vm_language_server/src/zr_vm_language_server/incremental_change.c::incremental_change_range(2); zr_vm_language_server/src/zr_vm_language_server/incremental_parser.c::ZrLanguageServer_FileVersion_New(2); zr_vm_language_server/src/zr_vm_language_server/interface/lsp_binary_metadata_coordinates.c::ZrLanguageServer_Lsp_TryFilePositionFromBinaryMetadataCoordinates(2); zr_vm_language_server/src/zr_vm_language_server/interface/lsp_interface_support.c::lsp_interface_support_file_position_from_offset(1); zr_vm_language_server/src/zr_vm_language_server/interface/lsp_interface_support.c::receiver_project_member_declaration_range(2); zr_vm_language_server/src/zr_vm_language_server/interface/lsp_interface_support.c::receiver_project_member_lookup_range(2); zr_vm_language_server/src/zr_vm_language_server/interface/lsp_interface_support.c::ZrLanguageServer_Lsp_GetSymbolLookupRange(2); zr_vm_language_server/src/zr_vm_language_server/interface/lsp_interface.c::lsp_file_position_from_offset(2); zr_vm_language_server/src/zr_vm_language_server/interface/lsp_interface.c::ZrLanguageServer_Lsp_GetDiagnostics(2); zr_vm_language_server/src/zr_vm_language_server/interface/lsp_interface.c::ZrLanguageServer_Lsp_GetDocumentFilePosition(1); zr_vm_language_server/src/zr_vm_language_server/interface/lsp_interface.c::ZrLanguageServer_Lsp_GetProjectModules(2); zr_vm_language_server/src/zr_vm_language_server/interface/lsp_position_codec.c::ZrLanguageServer_LspPositionCodec_ByteOffsetToFilePosition(2); zr_vm_language_server/src/zr_vm_language_server/lsp_token_metadata.c::token_metadata_file_position_from_offset(2); zr_vm_language_server/src/zr_vm_language_server/lsp_virtual_documents.c::virtual_documents_record_compact_type_members(4); zr_vm_language_server/src/zr_vm_language_server/lsp_virtual_documents.c::ZrLanguageServer_LspVirtualDocuments_ModuleEntryRange(1); zr_vm_language_server/src/zr_vm_language_server/metadata/lsp_metadata_provider.c::metadata_provider_file_position_from_offset(2); zr_vm_language_server/src/zr_vm_language_server/metadata/lsp_metadata_provider.c::metadata_provider_module_entry_range(1); zr_vm_language_server/src/zr_vm_language_server/metadata/lsp_metadata_provider.c::metadata_provider_native_type_member_declaration_range(2); zr_vm_language_server/src/zr_vm_language_server/metadata/lsp_metadata_provider.c::metadata_provider_type_member_declaration_range(2); zr_vm_language_server/src/zr_vm_language_server/metadata/lsp_native_declaration_projection.c::virtual_builder_position(2); zr_vm_language_server/src/zr_vm_language_server/module/lsp_module_metadata.c::module_metadata_binary_export_symbol_try_range(4); zr_vm_language_server/src/zr_vm_language_server/module/lsp_module_metadata.c::ZrLanguageServer_LspModuleMetadata_ResolveBinaryExportDeclaration(2); zr_vm_language_server/src/zr_vm_language_server/project/lsp_project_diagnostics.c::project_diagnostic_ensure_location_source(2); zr_vm_language_server/src/zr_vm_language_server/project/lsp_project_diagnostics.c::project_diagnostic_find_effect_for_location(2); zr_vm_language_server/src/zr_vm_language_server/project/lsp_project_diagnostics.c::project_diagnostic_module_entry_location(1); zr_vm_language_server/src/zr_vm_language_server/project/lsp_project_imports.c::ZrLanguageServer_LspProject_CollectImportBindings(6); zr_vm_language_server/src/zr_vm_language_server/project/lsp_project_module_ranges.c::ZrLanguageServer_LspProject_GetSourceModuleEntryRange(1); zr_vm_language_server/src/zr_vm_language_server/project/lsp_project_navigation.c::project_navigation_binary_export_symbol_try_range(2); zr_vm_language_server/src/zr_vm_language_server/project/lsp_project_navigation.c::project_navigation_metadata_file_entry_range(1); zr_vm_language_server/src/zr_vm_language_server/semantic/lsp_local_semantic_query.c::local_query_hover_range(2); zr_vm_language_server/src/zr_vm_language_server/semantic/lsp_local_semantic_query.c::ZrLanguageServer_LspLocalSemanticQuery_Clear(2); zr_vm_language_server/src/zr_vm_language_server/semantic/lsp_semantic_token_canonical.c::ZrLanguageServer_LspSemanticToken_ResolveCanonical(2); zr_vm_language_server/src/zr_vm_language_server/semantic/lsp_semantic_tokens.c::semantic_token_append_import_alias_binding(4); zr_vm_language_server/src/zr_vm_language_server/semantic/semantic_analyzer_change.c::semantic_change_reset_declaration(1); zr_vm_language_server/src/zr_vm_language_server/semantic/semantic_analyzer_extern_bindings.c::extern_parameter_diagnostic_location(2); zr_vm_language_server/src/zr_vm_language_server/semantic/semantic_analyzer_symbols.c::compute_extern_callable_name_range(2); zr_vm_language_server/src/zr_vm_language_server/semantic/semantic_analyzer_symbols.c::get_class_property_selection_range(2); zr_vm_language_server/src/zr_vm_language_server/semantic/semantic_analyzer_symbols.c::register_imported_destructured_type_aliases(2); zr_vm_language_server/src/zr_vm_language_server/semantic/semantic_analyzer_symbols.c::semantic_parameter_diagnostic_location(2); zr_vm_language_server/src/zr_vm_language_server/semantic/semantic_analyzer_symbols.c::semantic_scope_range_for_node(2); zr_vm_language_server/src/zr_vm_language_server/semantic/semantic_analyzer_typecheck.c::semantic_reachability_fact_range_for_node(2); zr_vm_language_server/src/zr_vm_language_server/semantic/semantic_analyzer_typecheck.c::semantic_typecheck_register_variable_binding(2); zr_vm_language_server/src/zr_vm_language_server/semantic/semantic_analyzer.c::ZrLanguageServer_SemanticAnalyzer_ClearCache(2); zr_vm_language_server/src/zr_vm_language_server/semantic/semantic_analyzer.c::ZrLanguageServer_SemanticAnalyzer_EnsureCacheStorage(2); zr_vm_language_server/src/zr_vm_language_server/symbol_table.c::get_symbol_match_range(2); zr_vm_language_server/src/zr_vm_language_server/symbol_table.c::ZrLanguageServer_SymbolTable_New(2); zr_vm_parser/src/zr_vm_parser/compiler/compiler_class.c::compiler_class_validate_required_members_recursive(4); zr_vm_parser/src/zr_vm_parser/migration/legacy_migration.c::legacy_migration_position_from_offset(1); zr_vm_parser/src/zr_vm_parser/parser.c::ZrParser_State_Init(2); zr_vm_parser/src/zr_vm_parser/parser/parser_state.c::file_position_create_from_cached_line(1); zr_vm_parser/src/zr_vm_parser/parser/parser_state.c::get_current_location(2); zr_vm_parser/src/zr_vm_parser/parser/parser_state.c::get_current_token_location(1); zr_vm_parser/src/zr_vm_parser/parser/parser_state.c::get_file_position_from_offset(2)	按值包装坐标	不分配且不校验	zr_vm_parser/src/zr_vm_parser/location.c:7;zr_vm_parser/include/zr_vm_parser/location.h:27	no-comment	公开声明已有完整契约，定义只是逐字段包装
zr_vm_parser/src/zr_vm_parser/location.c	ZrParser_FileRange_Create	function	tests/language_server/test_lsp_canonical_completion_cases.h(1); tests/language_server/test_lsp_cast_operand_facts.c(2); tests/language_server/test_lsp_declared_primitive_type_identity_cases.h(3); tests/language_server/test_lsp_interface.c(4); tests/language_server/test_lsp_local_semantic_snapshot_cases.h(1); tests/language_server/test_lsp_native_construct_receiver_fact_cases.h(5); tests/language_server/test_lsp_position_mapping.c(1); tests/language_server/test_lsp_project_features.c(1); tests/language_server/test_lsp_project_module_identity_edge_cases.h(1); tests/language_server/test_lsp_project_native_callable_signature_cases.h(1); tests/language_server/test_lsp_project_native_receiver_callable_cases.h(2); tests/language_server/test_lsp_project_utf16_ranges.c(2); tests/language_server/test_lsp_property_contract_cases.h(2); tests/language_server/test_lsp_property_incremental_cases.h(1); tests/language_server/test_lsp_receiver_completion_projection_cases.h(1); tests/language_server/test_lsp_reference_callable_consumer_cases.h(8); tests/language_server/test_lsp_semantic_query_parity.c(5); tests/language_server/test_lsp_signature_snapshot_fact_cases.h(1); tests/language_server/test_lsp_snapshot_cache_cases.h(3); tests/language_server/test_lsp_symbol_projection_cases.h(1); tests/language_server/test_lsp_type_use.c(2); tests/language_server/test_ownership_diagnostics.c(1); tests/language_server/test_reference_tracker.c(17); tests/language_server/test_semantic_analyzer.c(2); tests/language_server/test_symbol_table.c(4); tests/parser/test_compiler_semantic_query_diagnostics.c(46); tests/parser/test_property_consumer_contracts.c(2); tests/parser/test_repl_submission_bindings.c(3); zr_vm_language_server/src/zr_vm_language_server/incremental_change.c::incremental_change_range(1); zr_vm_language_server/src/zr_vm_language_server/incremental_parser.c::ZrLanguageServer_FileVersion_New(1); zr_vm_language_server/src/zr_vm_language_server/interface/lsp_interface_support.c::copy_type_text_from_reference_fact(1); zr_vm_language_server/src/zr_vm_language_server/interface/lsp_interface_support.c::lookup_receiver_symbol_at_offset(1); zr_vm_language_server/src/zr_vm_language_server/interface/lsp_interface_support.c::receiver_project_member_declaration_range(1); zr_vm_language_server/src/zr_vm_language_server/interface/lsp_interface_support.c::receiver_project_member_lookup_range(1); zr_vm_language_server/src/zr_vm_language_server/interface/lsp_interface_support.c::receiver_project_try_member_name_range(1); zr_vm_language_server/src/zr_vm_language_server/interface/lsp_interface_support.c::resolve_receiver_imported_type_at_offset(1); zr_vm_language_server/src/zr_vm_language_server/interface/lsp_interface_support.c::ZrLanguageServer_Lsp_GetSymbolLookupRange(1); zr_vm_language_server/src/zr_vm_language_server/interface/lsp_interface_support.c::ZrLanguageServer_Lsp_TryResolveReceiverProjectMember(2); zr_vm_language_server/src/zr_vm_language_server/interface/lsp_interface.c::lsp_try_get_identifier_range_at_position(1); zr_vm_language_server/src/zr_vm_language_server/interface/lsp_interface.c::ZrLanguageServer_Lsp_GetDiagnostics(1); zr_vm_language_server/src/zr_vm_language_server/interface/lsp_interface.c::ZrLanguageServer_Lsp_GetHover(1); zr_vm_language_server/src/zr_vm_language_server/interface/lsp_interface.c::ZrLanguageServer_Lsp_GetProjectModules(1); zr_vm_language_server/src/zr_vm_language_server/lsp_decorator_navigation.c::ZrLanguageServer_Lsp_TryGetDecoratorDefinition(1); zr_vm_language_server/src/zr_vm_language_server/lsp_decorator_navigation.c::ZrLanguageServer_Lsp_TryGetDecoratorHover(1); zr_vm_language_server/src/zr_vm_language_server/lsp_property_code_actions.c::ZrLanguageServer_LspPropertyCodeActions_Append(1); zr_vm_language_server/src/zr_vm_language_server/lsp_signature_help.c::ZrLanguageServer_Lsp_GetSignatureHelp(1); zr_vm_language_server/src/zr_vm_language_server/lsp_super_navigation.c::super_navigation_find_super_token_range(1); zr_vm_language_server/src/zr_vm_language_server/lsp_super_navigation.c::ZrLanguageServer_Lsp_TryFindSuperConstructorReferences(1); zr_vm_language_server/src/zr_vm_language_server/lsp_super_navigation.c::ZrLanguageServer_Lsp_TryGetSuperConstructorDefinition(1); zr_vm_language_server/src/zr_vm_language_server/lsp_super_navigation.c::ZrLanguageServer_Lsp_TryGetSuperConstructorDocumentHighlights(1); zr_vm_language_server/src/zr_vm_language_server/lsp_token_metadata.c::ZrLanguageServer_Lsp_TryGetMetaMethodHover(1); zr_vm_language_server/src/zr_vm_language_server/lsp_virtual_documents.c::virtual_documents_record_compact_type_members(2); zr_vm_language_server/src/zr_vm_language_server/lsp_virtual_documents.c::ZrLanguageServer_LspVirtualDocuments_ModuleEntryRange(1); zr_vm_language_server/src/zr_vm_language_server/metadata/lsp_metadata_provider.c::metadata_provider_module_entry_range(1); zr_vm_language_server/src/zr_vm_language_server/metadata/lsp_metadata_provider.c::metadata_provider_native_type_member_declaration_range(1); zr_vm_language_server/src/zr_vm_language_server/metadata/lsp_metadata_provider.c::metadata_provider_try_member_name_range(1); zr_vm_language_server/src/zr_vm_language_server/metadata/lsp_metadata_provider.c::metadata_provider_type_member_declaration_range(1); zr_vm_language_server/src/zr_vm_language_server/metadata/lsp_native_declaration_projection.c::virtual_builder_record_name(1); zr_vm_language_server/src/zr_vm_language_server/module/lsp_module_metadata.c::module_metadata_binary_export_symbol_try_range(2); zr_vm_language_server/src/zr_vm_language_server/module/lsp_module_metadata.c::ZrLanguageServer_LspModuleMetadata_ResolveBinaryExportDeclaration(1); zr_vm_language_server/src/zr_vm_language_server/project/lsp_project_diagnostics.c::project_diagnostic_find_effect_for_location(1); zr_vm_language_server/src/zr_vm_language_server/project/lsp_project_diagnostics.c::project_diagnostic_module_entry_location(1); zr_vm_language_server/src/zr_vm_language_server/project/lsp_project_imports.c::ZrLanguageServer_LspProject_CollectImportBindings(3); zr_vm_language_server/src/zr_vm_language_server/project/lsp_project_module_ranges.c::ZrLanguageServer_LspProject_GetSourceModuleEntryRange(1); zr_vm_language_server/src/zr_vm_language_server/project/lsp_project_navigation.c::project_navigation_binary_export_symbol_try_range(1); zr_vm_language_server/src/zr_vm_language_server/project/lsp_project_navigation.c::project_navigation_metadata_file_entry_range(1); zr_vm_language_server/src/zr_vm_language_server/project/lsp_project_navigation.c::project_navigation_try_find_binary_export_declaration_at(1); zr_vm_language_server/src/zr_vm_language_server/semantic/lsp_local_semantic_query.c::local_query_hover_range(1); zr_vm_language_server/src/zr_vm_language_server/semantic/lsp_local_semantic_query.c::local_query_position_range(1); zr_vm_language_server/src/zr_vm_language_server/semantic/lsp_local_semantic_query.c::ZrLanguageServer_LspLocalSemanticQuery_Clear(1); zr_vm_language_server/src/zr_vm_language_server/semantic/lsp_semantic_call_hierarchy.c::ZrLanguageServer_LspSemanticCallHierarchy_Prepare(1); zr_vm_language_server/src/zr_vm_language_server/semantic/lsp_semantic_query.c::ZrLanguageServer_LspSemanticQuery_CollectCompletionItems(2); zr_vm_language_server/src/zr_vm_language_server/semantic/lsp_semantic_query.c::ZrLanguageServer_LspSemanticQuery_ResolveAtPosition(1); zr_vm_language_server/src/zr_vm_language_server/semantic/lsp_semantic_token_canonical.c::ZrLanguageServer_LspSemanticToken_ResolveCanonical(1); zr_vm_language_server/src/zr_vm_language_server/semantic/lsp_semantic_tokens.c::semantic_token_append_import_alias_binding(2); zr_vm_language_server/src/zr_vm_language_server/semantic/lsp_semantic_type_hierarchy.c::ZrLanguageServer_LspSemanticTypeHierarchy_Prepare(1); zr_vm_language_server/src/zr_vm_language_server/semantic/semantic_analyzer_change.c::semantic_change_reset_declaration(1); zr_vm_language_server/src/zr_vm_language_server/semantic/semantic_analyzer_extern_bindings.c::extern_parameter_diagnostic_location(1); zr_vm_language_server/src/zr_vm_language_server/semantic/semantic_analyzer_symbols.c::compute_extern_callable_name_range(1); zr_vm_language_server/src/zr_vm_language_server/semantic/semantic_analyzer_symbols.c::get_class_property_selection_range(1); zr_vm_language_server/src/zr_vm_language_server/semantic/semantic_analyzer_symbols.c::register_imported_destructured_type_aliases(1); zr_vm_language_server/src/zr_vm_language_server/semantic/semantic_analyzer_symbols.c::semantic_parameter_diagnostic_location(1); zr_vm_language_server/src/zr_vm_language_server/semantic/semantic_analyzer_symbols.c::semantic_scope_range_for_node(1); zr_vm_language_server/src/zr_vm_language_server/semantic/semantic_analyzer_typecheck.c::semantic_reachability_fact_range_for_node(1); zr_vm_language_server/src/zr_vm_language_server/semantic/semantic_analyzer_typecheck.c::semantic_typecheck_register_variable_binding(1); zr_vm_language_server/src/zr_vm_language_server/semantic/semantic_analyzer.c::ZrLanguageServer_SemanticAnalyzer_ClearCache(1); zr_vm_language_server/src/zr_vm_language_server/semantic/semantic_analyzer.c::ZrLanguageServer_SemanticAnalyzer_EnsureCacheStorage(1); zr_vm_language_server/src/zr_vm_language_server/symbol_table.c::get_symbol_match_range(1); zr_vm_language_server/src/zr_vm_language_server/symbol_table.c::ZrLanguageServer_SymbolTable_New(1); zr_vm_parser/src/zr_vm_parser/compiler/compiler_class.c::compiler_class_validate_required_members_recursive(2); zr_vm_parser/src/zr_vm_parser/migration/legacy_migration.c::legacy_migration_range(1); zr_vm_parser/src/zr_vm_parser/parser.c::ZrParser_State_Init(1); zr_vm_parser/src/zr_vm_parser/parser/parser_diagnostics.c::missing_semicolon_fix_location(2); zr_vm_parser/src/zr_vm_parser/parser/parser_state.c::get_current_location(1); zr_vm_parser/src/zr_vm_parser/parser/parser_state.c::get_current_token_location(2)	按值包装范围	借用source且不校验同源	zr_vm_parser/src/zr_vm_parser/location.c:15;zr_vm_parser/include/zr_vm_parser/location.h:30	no-comment	公开声明已有完整契约，定义只是逐字段包装
zr_vm_parser/src/zr_vm_parser/location.c	ZrParser_FileRange_Merge	function	zr_vm_language_server/src/zr_vm_language_server/semantic/semantic_analyzer_typecheck.c::semantic_reachability_fact_range_for_node(3); zr_vm_parser/src/zr_vm_parser/parser.c::parse_script(1); zr_vm_parser/src/zr_vm_parser/parser/parser_call_arguments.c::parse_call_argument_expression(1); zr_vm_parser/src/zr_vm_parser/parser/parser_class.c::parse_class_declaration(1); zr_vm_parser/src/zr_vm_parser/parser/parser_class.c::parse_class_field(1); zr_vm_parser/src/zr_vm_parser/parser/parser_class.c::parse_class_meta_function(2); zr_vm_parser/src/zr_vm_parser/parser/parser_class.c::parse_class_method(1); zr_vm_parser/src/zr_vm_parser/parser/parser_class.c::parse_class_property(1); zr_vm_parser/src/zr_vm_parser/parser/parser_class.c::parse_property_get(1); zr_vm_parser/src/zr_vm_parser/parser/parser_class.c::parse_property_set(1); zr_vm_parser/src/zr_vm_parser/parser/parser_declarations.c::parse_function_declaration(1); zr_vm_parser/src/zr_vm_parser/parser/parser_declarations.c::parse_module_declaration(1); zr_vm_parser/src/zr_vm_parser/parser/parser_expression_primary.c::parse_construct_expression(1); zr_vm_parser/src/zr_vm_parser/parser/parser_expression_primary.c::parse_generic_construct_target(1); zr_vm_parser/src/zr_vm_parser/parser/parser_expression_primary.c::parse_member_access(4); zr_vm_parser/src/zr_vm_parser/parser/parser_expression_primary.c::parse_primary_expression(1); zr_vm_parser/src/zr_vm_parser/parser/parser_expression_primary.c::parse_prototype_path_expression(1); zr_vm_parser/src/zr_vm_parser/parser/parser_expression_primary.c::parse_reference_expression(1); zr_vm_parser/src/zr_vm_parser/parser/parser_expression_primary.c::parse_reserved_import_expression(1); zr_vm_parser/src/zr_vm_parser/parser/parser_expression_primary.c::parse_resource_own_expression(1); zr_vm_parser/src/zr_vm_parser/parser/parser_expression_primary.c::reject_legacy_ownership_generic_call(1); zr_vm_parser/src/zr_vm_parser/parser/parser_expression_primary.c::try_parse_unambiguous_type_literal_expression(1); zr_vm_parser/src/zr_vm_parser/parser/parser_expressions.c::parse_reflection_type_query_expression(1); zr_vm_parser/src/zr_vm_parser/parser/parser_expressions.c::parse_type_literal_expression(1); zr_vm_parser/src/zr_vm_parser/parser/parser_expressions.c::parse_unary_expression(2); zr_vm_parser/src/zr_vm_parser/parser/parser_expressions.c::parser_expression_node_range(1); zr_vm_parser/src/zr_vm_parser/parser/parser_extern.c::parse_compile_time_declaration(1); zr_vm_parser/src/zr_vm_parser/parser/parser_extern.c::parse_enum_declaration(1); zr_vm_parser/src/zr_vm_parser/parser/parser_extern.c::parse_enum_member(1); zr_vm_parser/src/zr_vm_parser/parser/parser_extern.c::parse_extern_block(1); zr_vm_parser/src/zr_vm_parser/parser/parser_extern.c::parse_extern_delegate_declaration(1); zr_vm_parser/src/zr_vm_parser/parser/parser_extern.c::parse_extern_function_declaration(1); zr_vm_parser/src/zr_vm_parser/parser/parser_extern.c::parse_generator_expression(2); zr_vm_parser/src/zr_vm_parser/parser/parser_function_syntax.c::parse_fn_expression(1); zr_vm_parser/src/zr_vm_parser/parser/parser_interface.c::parse_interface_declaration(1); zr_vm_parser/src/zr_vm_parser/parser/parser_interface.c::parse_interface_field_declaration(1); zr_vm_parser/src/zr_vm_parser/parser/parser_interface.c::parse_interface_meta_signature(1); zr_vm_parser/src/zr_vm_parser/parser/parser_interface.c::parse_interface_method_signature(1); zr_vm_parser/src/zr_vm_parser/parser/parser_interface.c::parse_interface_property_signature(1); zr_vm_parser/src/zr_vm_parser/parser/parser_literals.c::parse_array_literal(1); zr_vm_parser/src/zr_vm_parser/parser/parser_literals.c::parse_object_literal(3); zr_vm_parser/src/zr_vm_parser/parser/parser_loops.c::parse_for_loop(1); zr_vm_parser/src/zr_vm_parser/parser/parser_loops.c::parse_foreach_loop(1); zr_vm_parser/src/zr_vm_parser/parser/parser_ownership_intrinsic.c::parse_ownership_intrinsic_expression(2); zr_vm_parser/src/zr_vm_parser/parser/parser_postfix_call.c::parse_postfix_call_segment(2); zr_vm_parser/src/zr_vm_parser/parser/parser_property_migration.c::legacy_property_publish_diagnostic(1); zr_vm_parser/src/zr_vm_parser/parser/parser_property.c::parse_property_accessor(2); zr_vm_parser/src/zr_vm_parser/parser/parser_property.c::parse_property_declaration(1); zr_vm_parser/src/zr_vm_parser/parser/parser_reference_syntax.c::parse_parameter_source_passing_form(1); zr_vm_parser/src/zr_vm_parser/parser/parser_reserved_task.c::parse_await_expression(1); zr_vm_parser/src/zr_vm_parser/parser/parser_reserved_task.c::parse_reserved_async_function_declaration(1); zr_vm_parser/src/zr_vm_parser/parser/parser_state.c::parse_normalized_dotted_module_path(1); zr_vm_parser/src/zr_vm_parser/parser/parser_statements.c::parse_block_impl(1); zr_vm_parser/src/zr_vm_parser/parser/parser_statements.c::parse_if_expression(1); zr_vm_parser/src/zr_vm_parser/parser/parser_statements.c::parse_out_statement(1); zr_vm_parser/src/zr_vm_parser/parser/parser_statements.c::parse_switch_expression(1); zr_vm_parser/src/zr_vm_parser/parser/parser_statements.c::parse_try_catch_finally_statement(2); zr_vm_parser/src/zr_vm_parser/parser/parser_statements.c::parse_using_array_destructuring_pattern(1); zr_vm_parser/src/zr_vm_parser/parser/parser_statements.c::parse_using_binding_identifier(1); zr_vm_parser/src/zr_vm_parser/parser/parser_statements.c::parse_using_object_destructuring_pattern(2); zr_vm_parser/src/zr_vm_parser/parser/parser_statements.c::parse_while_loop(1); zr_vm_parser/src/zr_vm_parser/parser/parser_struct_init.c::parse_struct_init_expression(1); zr_vm_parser/src/zr_vm_parser/parser/parser_struct.c::parse_struct_declaration(1); zr_vm_parser/src/zr_vm_parser/parser/parser_struct.c::parse_struct_field(1); zr_vm_parser/src/zr_vm_parser/parser/parser_struct.c::parse_struct_meta_function(1); zr_vm_parser/src/zr_vm_parser/parser/parser_struct.c::parse_struct_method(1); zr_vm_parser/src/zr_vm_parser/parser/parser_switch_patterns.c::parse_switch_binding_identifier(1); zr_vm_parser/src/zr_vm_parser/parser/parser_switch_patterns.c::parse_switch_struct_move_payload_pattern(2); zr_vm_parser/src/zr_vm_parser/parser/parser_switch_patterns.c::parse_switch_tuple_move_payload_pattern(1); zr_vm_parser/src/zr_vm_parser/parser/parser_types.c::parse_decorator_expression(1); zr_vm_parser/src/zr_vm_parser/parser/parser_types.c::parse_destructuring_array(1); zr_vm_parser/src/zr_vm_parser/parser/parser_types.c::parse_destructuring_object(1); zr_vm_parser/src/zr_vm_parser/parser/parser_types.c::parse_destructuring_object_entry(1); zr_vm_parser/src/zr_vm_parser/parser/parser_types.c::parse_function_type(1); zr_vm_parser/src/zr_vm_parser/parser/parser_types.c::parse_generic_type(2); zr_vm_parser/src/zr_vm_parser/parser/parser_types.c::parse_meta_identifier(1); zr_vm_parser/src/zr_vm_parser/parser/parser_types.c::parse_tuple_type(1); zr_vm_parser/src/zr_vm_parser/parser/parser_union.c::parse_union_declaration(1); zr_vm_parser/src/zr_vm_parser/parser/parser_union.c::parse_union_field(1); zr_vm_parser/src/zr_vm_parser/parser/parser_union.c::parse_union_variant(1); zr_vm_parser/src/zr_vm_parser/parser/parser_yield.c::parse_yield_statement(1); zr_vm_parser/src/zr_vm_parser/type_inference/type_inference_call_argument_semantic_facts.c::call_argument_range(1); zr_vm_parser/src/zr_vm_parser/type_inference/type_inference_native.c::publish_removed_ownership_member_diagnostic(1)	取同源最小起点最大终点	offset排序;source取range1	zr_vm_parser/src/zr_vm_parser/location.c:23;zr_vm_parser/include/zr_vm_parser/location.h:33	commented	实现注释说明非显然的源名选择
zr_vm_parser/src/zr_vm_parser/lexer.c	SZrTokenInfo	type	zr_token_info; TokenToString	配对token编号和诊断拼写	name指向常量文本	zr_vm_parser/src/zr_vm_parser/lexer.c:15;zr_vm_parser/src/zr_vm_parser/lexer.c:21	commented	类型前注释说明查找契约
zr_vm_parser/src/zr_vm_parser/lexer.c	zr_token_info	state	ZrParser_Lexer_TokenToString	提供保留token诊断拼写	按token编号线性查找而非索引	zr_vm_parser/src/zr_vm_parser/lexer.c:21;zr_vm_parser/src/zr_vm_parser/lexer.c:1199	commented	表前注释说明查找和用途
zr_vm_parser/src/zr_vm_parser/lexer.c	zr_keywords	state	find_keyword	提供标识符到保留词映射	末项name为空作为终止符	zr_vm_parser/src/zr_vm_parser/lexer.c:134;zr_vm_parser/src/zr_vm_parser/lexer.c:261	commented	表前注释说明哨兵
zr_vm_parser/src/zr_vm_parser/lexer.c	zr_keywords::entry_type	type	zr_keywords; find_keyword	匿名关键字表元素约束名字与token编号成对	name为空作为表尾哨兵	zr_vm_parser/src/zr_vm_parser/lexer.c:134;zr_vm_parser/src/zr_vm_parser/lexer.c:137	commented	与表前契约合并说明匿名结构
zr_vm_parser/src/zr_vm_parser/lexer.c	next_char	function	zr_vm_parser/src/zr_vm_parser/lexer.c::llex(47); zr_vm_parser/src/zr_vm_parser/lexer.c::read_char(16); zr_vm_parser/src/zr_vm_parser/lexer.c::read_identifier(1); zr_vm_parser/src/zr_vm_parser/lexer.c::read_number(10); zr_vm_parser/src/zr_vm_parser/lexer.c::read_string(17); zr_vm_parser/src/zr_vm_parser/lexer.c::read_template_string(10); zr_vm_parser/src/zr_vm_parser/lexer.c::skip_whitespace_and_comments(9); zr_vm_parser/src/zr_vm_parser/lexer.c::ZrParser_Lexer_Init(1)	读取下一源字节并规范换行	按sourceLength限界;CRLF算一行	zr_vm_parser/src/zr_vm_parser/lexer.c:195;zr_vm_parser/src/zr_vm_parser/lexer.c:939	commented	注释说明规范化与行号
zr_vm_parser/src/zr_vm_parser/lexer.c	lexer_record_token_start	function	zr_vm_parser/src/zr_vm_parser/lexer.c::llex(1)	记下跳过 trivia 后的token起点	EOZ用currentPos;普通字节用currentPos-1	zr_vm_parser/src/zr_vm_parser/lexer.c:220;zr_vm_parser/src/zr_vm_parser/lexer.c:666;zr_vm_parser/src/zr_vm_parser/parser.c:197	commented	注释说明范围消费者
zr_vm_parser/src/zr_vm_parser/lexer.c	save_char	function	zr_vm_parser/src/zr_vm_parser/lexer.c::read_identifier(1); zr_vm_parser/src/zr_vm_parser/lexer.c::read_number(10); zr_vm_parser/src/zr_vm_parser/lexer.c::read_string(12); zr_vm_parser/src/zr_vm_parser/lexer.c::read_template_string(8)	积累token拼写到自有缓冲	扩容旧地址失效;分配失败未处理	zr_vm_parser/src/zr_vm_parser/lexer.c:236;zr_vm_parser/src/zr_vm_parser/lexer.c:271;zr_vm_parser/src/zr_vm_parser/lexer.c:382	commented	注释说明临时所有权
zr_vm_parser/src/zr_vm_parser/lexer.c	save_char::grow_oom	block	read_identifier; read_number; string scanners	扩容时复制旧文本	RawMalloc空值后memcpy或写buffer空地址	zr_vm_parser/src/zr_vm_parser/lexer.c:240;zr_vm_core/include/zr_vm_core/memory.h:24	BUG	长字面量触发扩容且分配失败时崩溃
zr_vm_parser/src/zr_vm_parser/lexer.c	reset_buffer	function	zr_vm_parser/src/zr_vm_parser/lexer.c::llex(1); zr_vm_parser/src/zr_vm_parser/lexer.c::read_string(1); zr_vm_parser/src/zr_vm_parser/lexer.c::read_template_string(1)	复用缓冲并清空文本	不释放容量	zr_vm_parser/src/zr_vm_parser/lexer.c:253;zr_vm_parser/src/zr_vm_parser/lexer.c:662	commented	注释说明跨token复用
zr_vm_parser/src/zr_vm_parser/lexer.c	find_keyword	function	zr_vm_parser/src/zr_vm_parser/lexer.c::read_identifier(1)	识别保留词	按长度比较且表以空名结束	zr_vm_parser/src/zr_vm_parser/lexer.c:261;zr_vm_parser/src/zr_vm_parser/lexer.c:278	commented	注释说明无需NUL源终止
zr_vm_parser/src/zr_vm_parser/lexer.c	read_identifier	function	zr_vm_parser/src/zr_vm_parser/lexer.c::llex(2)	扫描ASCII标识符和关键字	标识符创建VM字符串;关键字无需文本所有权	zr_vm_parser/src/zr_vm_parser/lexer.c:271;zr_vm_parser/src/zr_vm_parser/lexer.c:675	commented	注释说明结果归属
zr_vm_parser/src/zr_vm_parser/lexer.c	read_number	function	zr_vm_parser/src/zr_vm_parser/lexer.c::llex(2)	扫描数字并保存拼写和值	八进制另算;其余用strto系列	zr_vm_parser/src/zr_vm_parser/lexer.c:290;zr_vm_parser/src/zr_vm_parser/lexer.c:680;zr_vm_parser/src/zr_vm_parser/parser/parser_literals.c:49	commented	注释说明AST所需双重载荷
zr_vm_parser/src/zr_vm_parser/lexer.c	read_number::octal_bound	block	read_number; parser integer literal	八进制数值换算	07在EOZ时漏末位;07加CRLF时误纳入CR	zr_vm_parser/src/zr_vm_parser/lexer.c:311;zr_vm_parser/src/zr_vm_parser/lexer.c:315	BUG	上界受next_char跨字节推进影响而产生错误整数值
zr_vm_parser/src/zr_vm_parser/lexer.c	read_number::missing_hex_digits	block	zr_vm_parser/src/zr_vm_parser/lexer.c::read_number	检查十六进制前缀后续数字	0x 后零个数字仍返回正常 INTEGER	zr_vm_parser/src/zr_vm_parser/lexer.c:298;docs/wiki/02-language/lexical-structure.md:82	BUG	0x; 可得到数值 0 的 AST 而非词法错误
zr_vm_parser/src/zr_vm_parser/lexer.c	read_number::missing_exponent_digits	block	zr_vm_parser/src/zr_vm_parser/lexer.c::read_number	检查指数后续数字	e 或 e+ 后零个数字仍返回正常 FLOAT	zr_vm_parser/src/zr_vm_parser/lexer.c:340;docs/wiki/02-language/lexical-structure.md:83	BUG	1e; 与 1e+; 可得到数值 1 的 AST 而非词法错误
zr_vm_parser/src/zr_vm_parser/lexer.c	read_number::octal_overflow	block	read_number; parser integer literal	八进制累计	足够长字面量的有符号乘法无范围检查	zr_vm_parser/src/zr_vm_parser/lexer.c:313;zr_vm_parser/src/zr_vm_parser/lexer.c:314	BUG	有符号溢出是C未定义行为
zr_vm_parser/src/zr_vm_parser/lexer.c	read_number::strto_slice	block	read_number; public Lexer_Init; public Parse	转换十进制十六进制和浮点	sourceLength不保证末尾NUL;strto系列要求终止字符串	zr_vm_parser/src/zr_vm_parser/lexer.c:363;zr_vm_parser/src/zr_vm_parser/lexer.c:370;zr_vm_parser/include/zr_vm_parser/lexer.h:191	BUG	恰好位于无终止源切片末端时越界读取
zr_vm_parser/src/zr_vm_parser/lexer.c	read_string	function	zr_vm_parser/src/zr_vm_parser/lexer.c::llex(1)	解码普通字符串并保留VM文本	未闭合和坏转义标记词法错误	zr_vm_parser/src/zr_vm_parser/lexer.c:382;zr_vm_parser/src/zr_vm_parser/lexer.c:689	commented	注释说明错误传递
zr_vm_parser/src/zr_vm_parser/lexer.c	read_string::unicode_escape	block	read_string; VM string creation	处理Unicode转义	当前强制转TZrChar且未核UTF8契约	zr_vm_parser/src/zr_vm_parser/lexer.c:436;zr_vm_parser/src/zr_vm_parser/lexer.c:439	TODO	核语言规范和非ASCII测试后决定编码或拒绝
zr_vm_parser/src/zr_vm_parser/lexer.c	read_template_string	function	zr_vm_parser/src/zr_vm_parser/lexer.c::llex(1)	保留允许跨行的模板文本	插值拆分在parser;VM字符串持有文本	zr_vm_parser/src/zr_vm_parser/lexer.c:487;zr_vm_parser/src/zr_vm_parser/lexer.c:690	commented	注释说明层间职责
zr_vm_parser/src/zr_vm_parser/lexer.c	read_char	function	zr_vm_parser/src/zr_vm_parser/lexer.c::llex(1)	解码单字符字面量	格式错误存当前token	zr_vm_parser/src/zr_vm_parser/lexer.c:540;zr_vm_parser/src/zr_vm_parser/lexer.c:695	commented	注释说明错误传递
zr_vm_parser/src/zr_vm_parser/lexer.c	read_char::unicode_escape	block	read_char; parser char literal	处理字符Unicode转义	当前非ASCII码点缩为TZrChar	zr_vm_parser/src/zr_vm_parser/lexer.c:587;zr_vm_parser/src/zr_vm_parser/lexer.c:588	TODO	核字符类型值域及类型检查器
zr_vm_parser/src/zr_vm_parser/lexer.c	skip_whitespace_and_comments	function	zr_vm_parser/src/zr_vm_parser/lexer.c::llex(1)	跳过空白行注释块注释	换行计数由next_char维护	zr_vm_parser/src/zr_vm_parser/lexer.c:625;zr_vm_parser/src/zr_vm_parser/lexer.c:663	commented	注释说明行号唯一责任
zr_vm_parser/src/zr_vm_parser/lexer.c	skip_whitespace_and_comments::unterminated_block_comment	block	zr_vm_parser/src/zr_vm_parser/lexer.c::skip_whitespace_and_comments;zr_vm_parser/src/zr_vm_parser/lexer.c::llex	块注释到文件末尾的错误判定	当前静默返回并被扫描器变成 EOS	zr_vm_parser/src/zr_vm_parser/lexer.c:652;zr_vm_parser/src/zr_vm_parser/lexer.c:668;docs/wiki/02-language/lexical-structure.md:38	BUG	输入 /* 经公开 Parse 可返回无诊断的空脚本
zr_vm_parser/src/zr_vm_parser/lexer.c	llex	function	zr_vm_parser/src/zr_vm_parser/lexer.c::ZrParser_Lexer_Lookahead(1); zr_vm_parser/src/zr_vm_parser/lexer.c::ZrParser_Lexer_Next(1)	统一扫描并分派token	先重置buffer和跳过trivia;复合符号完整消费	zr_vm_parser/src/zr_vm_parser/lexer.c:661;zr_vm_parser/src/zr_vm_parser/lexer.c:983;zr_vm_parser/src/zr_vm_parser/lexer.c:1013	commented	注释说明扫描层边界
zr_vm_parser/src/zr_vm_parser/lexer.c	ZrParser_Lexer_Init	function	tests/iterator/test_yield_syntax.c(1); tests/parser/test_lexer_parser_compiler_execution.c(4); tests/parser/test_ownership_intrinsic_member_separation.c(2); tests/parser/test_reference_syntax_contract.c(1); tests/parser/test_reflection_type_surface.c(1); zr_vm_parser/src/zr_vm_parser/parser.c::ZrParser_State_Init(1)	建立扫描游标并预读	source借用;buffer自有	zr_vm_parser/src/zr_vm_parser/lexer.c:893;zr_vm_parser/src/zr_vm_parser/parser.c:28	commented	实现注释说明预读及所有权
zr_vm_parser/src/zr_vm_parser/lexer.c	ZrParser_Lexer_Init::initial_buffer_oom	block	ZrParser_State_Init; Lexer_Init	分配初始临时缓冲	分配失败后立即写空buffer	zr_vm_parser/src/zr_vm_parser/lexer.c:932;zr_vm_parser/src/zr_vm_parser/lexer.c:933	BUG	OOM时崩溃且无法设置parser错误
zr_vm_parser/src/zr_vm_parser/lexer.c	ZrParser_Lexer_Free	function	tests/iterator/test_yield_syntax.c(1); tests/parser/test_lexer_parser_compiler_execution.c(4); tests/parser/test_ownership_intrinsic_member_separation.c(2); tests/parser/test_reference_syntax_contract.c(1); tests/parser/test_reflection_type_surface.c(1); zr_vm_parser/src/zr_vm_parser/parser.c::ZrParser_State_Free(1)	释放自有拼写缓冲	不释放源或VM字符串	zr_vm_parser/src/zr_vm_parser/lexer.c:951;zr_vm_parser/src/zr_vm_parser/parser.c:43	commented	实现注释说明所有权边界
zr_vm_parser/src/zr_vm_parser/lexer.c	ZrParser_Lexer_Next	function	tests/parser/test_ownership_intrinsic_member_separation.c(3); tests/parser/test_parser.c(2); tests/parser/test_reference_syntax_contract.c(3); tests/parser/test_reflection_type_surface.c(1); zr_vm_language_server/src/zr_vm_language_server/incremental_token_equivalence.c::ZrLanguageServer_IncrementalTokenStreams_AreEquivalent(2); zr_vm_parser/src/zr_vm_parser/lexer.c::ZrParser_Lexer_Init(1); zr_vm_parser/src/zr_vm_parser/parser.c::parse_script(5); zr_vm_parser/src/zr_vm_parser/parser.c::ZrParser_State_SeekToTokenStart(1); zr_vm_parser/src/zr_vm_parser/parser/parser_call_arguments.c::parse_argument_list(2); zr_vm_parser/src/zr_vm_parser/parser/parser_call_arguments.c::parse_call_argument_expression(1); zr_vm_parser/src/zr_vm_parser/parser/parser_call_arguments.c::parse_call_argument_marker(2); zr_vm_parser/src/zr_vm_parser/parser/parser_class.c::classify_class_member_from_current(2); zr_vm_parser/src/zr_vm_parser/parser/parser_class.c::parse_class_declaration(2); zr_vm_parser/src/zr_vm_parser/parser/parser_class.c::parse_class_field(5); zr_vm_parser/src/zr_vm_parser/parser/parser_class.c::parse_class_meta_function(5); zr_vm_parser/src/zr_vm_parser/parser/parser_class.c::parse_class_method(5); zr_vm_parser/src/zr_vm_parser/parser/parser_class.c::parse_class_property(1); zr_vm_parser/src/zr_vm_parser/parser/parser_class.c::parse_property_get(1); zr_vm_parser/src/zr_vm_parser/parser/parser_class.c::parse_property_set(2); zr_vm_parser/src/zr_vm_parser/parser/parser_declarations.c::parse_function_declaration(3); zr_vm_parser/src/zr_vm_parser/parser/parser_declarations.c::parse_variable_declaration_impl(1); zr_vm_parser/src/zr_vm_parser/parser/parser_diagnostics.c::missing_semicolon_fix_location(1); zr_vm_parser/src/zr_vm_parser/parser/parser_expression_primary.c::is_lambda_expression_after_lparen(2); zr_vm_parser/src/zr_vm_parser/parser/parser_expression_primary.c::parse_construct_expression(1); zr_vm_parser/src/zr_vm_parser/parser/parser_expression_primary.c::parse_member_access(1); zr_vm_parser/src/zr_vm_parser/parser/parser_expression_primary.c::parse_member_name(1); zr_vm_parser/src/zr_vm_parser/parser/parser_expression_primary.c::parse_primary_expression(2); zr_vm_parser/src/zr_vm_parser/parser/parser_expression_primary.c::parse_reference_expression(1); zr_vm_parser/src/zr_vm_parser/parser/parser_expression_primary.c::parse_reserved_import_expression(1); zr_vm_parser/src/zr_vm_parser/parser/parser_expression_primary.c::parse_resource_own_expression(1); zr_vm_parser/src/zr_vm_parser/parser/parser_expressions.c::parse_additive_expression(1); zr_vm_parser/src/zr_vm_parser/parser/parser_expressions.c::parse_assignment_expression(1); zr_vm_parser/src/zr_vm_parser/parser/parser_expressions.c::parse_binary_and_expression(1); zr_vm_parser/src/zr_vm_parser/parser/parser_expressions.c::parse_binary_or_expression(1); zr_vm_parser/src/zr_vm_parser/parser/parser_expressions.c::parse_binary_xor_expression(1); zr_vm_parser/src/zr_vm_parser/parser/parser_expressions.c::parse_conditional_expression(1); zr_vm_parser/src/zr_vm_parser/parser/parser_expressions.c::parse_equality_expression(1); zr_vm_parser/src/zr_vm_parser/parser/parser_expressions.c::parse_logical_and_expression(1); zr_vm_parser/src/zr_vm_parser/parser/parser_expressions.c::parse_logical_or_expression(1); zr_vm_parser/src/zr_vm_parser/parser/parser_expressions.c::parse_multiplicative_expression(1); zr_vm_parser/src/zr_vm_parser/parser/parser_expressions.c::parse_reflection_type_query_expression(1); zr_vm_parser/src/zr_vm_parser/parser/parser_expressions.c::parse_relational_expression(1); zr_vm_parser/src/zr_vm_parser/parser/parser_expressions.c::parse_shift_expression(1); zr_vm_parser/src/zr_vm_parser/parser/parser_expressions.c::parse_unary_expression(3); zr_vm_parser/src/zr_vm_parser/parser/parser_extern.c::parse_compile_time_declaration(1); zr_vm_parser/src/zr_vm_parser/parser/parser_extern.c::parse_enum_declaration(3); zr_vm_parser/src/zr_vm_parser/parser/parser_extern.c::parse_enum_member(1); zr_vm_parser/src/zr_vm_parser/parser/parser_extern.c::parse_extern_block(3); zr_vm_parser/src/zr_vm_parser/parser/parser_extern.c::parse_extern_delegate_declaration(2); zr_vm_parser/src/zr_vm_parser/parser/parser_extern.c::parse_extern_function_declaration(1); zr_vm_parser/src/zr_vm_parser/parser/parser_extern.c::parse_extern_member_declaration_impl(1); zr_vm_parser/src/zr_vm_parser/parser/parser_extern.c::parse_generator_expression(2); zr_vm_parser/src/zr_vm_parser/parser/parser_function_syntax.c::parse_fn_expression(3); zr_vm_parser/src/zr_vm_parser/parser/parser_interface.c::parse_interface_declaration(4); zr_vm_parser/src/zr_vm_parser/parser/parser_interface.c::parse_interface_field_declaration(5); zr_vm_parser/src/zr_vm_parser/parser/parser_interface.c::parse_interface_meta_signature(2); zr_vm_parser/src/zr_vm_parser/parser/parser_interface.c::parse_interface_method_signature(3); zr_vm_parser/src/zr_vm_parser/parser/parser_interface.c::parse_interface_property_signature(4); zr_vm_parser/src/zr_vm_parser/parser/parser_literals.c::parse_array_literal(3); zr_vm_parser/src/zr_vm_parser/parser/parser_literals.c::parse_identifier(1); zr_vm_parser/src/zr_vm_parser/parser/parser_literals.c::parse_literal(10); zr_vm_parser/src/zr_vm_parser/parser/parser_literals.c::parse_object_literal(5); zr_vm_parser/src/zr_vm_parser/parser/parser_loops.c::parse_for_loop(1); zr_vm_parser/src/zr_vm_parser/parser/parser_loops.c::parse_foreach_loop(2); zr_vm_parser/src/zr_vm_parser/parser/parser_ownership_intrinsic.c::parse_member_identifier(1); zr_vm_parser/src/zr_vm_parser/parser/parser_ownership_intrinsic.c::parse_ownership_intrinsic_expression(5); zr_vm_parser/src/zr_vm_parser/parser/parser_property.c::parse_property_accessor(4); zr_vm_parser/src/zr_vm_parser/parser/parser_property.c::parse_property_declaration(3); zr_vm_parser/src/zr_vm_parser/parser/parser_property.c::property_consume_accessor_keyword(1); zr_vm_parser/src/zr_vm_parser/parser/parser_reference_syntax.c::parse_parameter_source_passing_form(5); zr_vm_parser/src/zr_vm_parser/parser/parser_reserved_task.c::parse_await_expression(1); zr_vm_parser/src/zr_vm_parser/parser/parser_reserved_task.c::parse_reserved_async_function_declaration(1); zr_vm_parser/src/zr_vm_parser/parser/parser_state.c::consume_token(1); zr_vm_parser/src/zr_vm_parser/parser/parser_state.c::consume_type_closing_angle(2); zr_vm_parser/src/zr_vm_parser/parser/parser_state.c::parse_declaration_modifier_flags(1); zr_vm_parser/src/zr_vm_parser/parser/parser_state.c::parse_normalized_dotted_module_path(1); zr_vm_parser/src/zr_vm_parser/parser/parser_state.c::parse_normalized_module_path(1); zr_vm_parser/src/zr_vm_parser/parser/parser_state.c::report_removed_legacy_syntax(1); zr_vm_parser/src/zr_vm_parser/parser/parser_state.c::report_removed_percent_syntax(2); zr_vm_parser/src/zr_vm_parser/parser/parser_state.c::skip_balanced_after_open_paren(1); zr_vm_parser/src/zr_vm_parser/parser/parser_state.c::skip_to_semicolon_or_eos(2); zr_vm_parser/src/zr_vm_parser/parser/parser_statements.c::parse_block_impl(1); zr_vm_parser/src/zr_vm_parser/parser/parser_statements.c::parse_break_continue_statement(1); zr_vm_parser/src/zr_vm_parser/parser/parser_statements.c::parse_if_expression(1); zr_vm_parser/src/zr_vm_parser/parser/parser_statements.c::parse_out_statement(1); zr_vm_parser/src/zr_vm_parser/parser/parser_statements.c::parse_resource_class_declaration(1); zr_vm_parser/src/zr_vm_parser/parser/parser_statements.c::parse_return_statement(2); zr_vm_parser/src/zr_vm_parser/parser/parser_statements.c::parse_statement(8); zr_vm_parser/src/zr_vm_parser/parser/parser_statements.c::parse_switch_expression(5); zr_vm_parser/src/zr_vm_parser/parser/parser_statements.c::parse_throw_statement(1); zr_vm_parser/src/zr_vm_parser/parser/parser_statements.c::parse_top_level_statement(1); zr_vm_parser/src/zr_vm_parser/parser/parser_statements.c::parse_try_catch_finally_statement(1); zr_vm_parser/src/zr_vm_parser/parser/parser_statements.c::parse_using_array_destructuring_pattern(1); zr_vm_parser/src/zr_vm_parser/parser/parser_statements.c::parse_using_binding_identifier(1); zr_vm_parser/src/zr_vm_parser/parser/parser_statements.c::parse_using_object_destructuring_pattern(2); zr_vm_parser/src/zr_vm_parser/parser/parser_statements.c::parse_while_loop(1); zr_vm_parser/src/zr_vm_parser/parser/parser_statements.c::parser_async_function_declaration_starts_here(1); zr_vm_parser/src/zr_vm_parser/parser/parser_statements.c::parser_brace_starts_object_literal_statement(5); zr_vm_parser/src/zr_vm_parser/parser/parser_statements.c::parser_for_header_should_parse_foreach(4); zr_vm_parser/src/zr_vm_parser/parser/parser_statements.c::parser_keywordless_function_declaration_starts_here(4); zr_vm_parser/src/zr_vm_parser/parser/parser_statements.c::parser_native_extern_starts_here(1); zr_vm_parser/src/zr_vm_parser/parser/parser_struct_init.c::parse_struct_init_expression(3); zr_vm_parser/src/zr_vm_parser/parser/parser_struct.c::parse_struct_declaration(6); zr_vm_parser/src/zr_vm_parser/parser/parser_struct.c::parse_struct_field(5); zr_vm_parser/src/zr_vm_parser/parser/parser_struct.c::parse_struct_meta_function(3); zr_vm_parser/src/zr_vm_parser/parser/parser_struct.c::parse_struct_method(5); zr_vm_parser/src/zr_vm_parser/parser/parser_struct.c::parser_struct_declaration_starts_here(2); zr_vm_parser/src/zr_vm_parser/parser/parser_switch_patterns.c::parse_switch_binding_identifier(1); zr_vm_parser/src/zr_vm_parser/parser/parser_switch_patterns.c::parse_switch_struct_move_payload_pattern(1); zr_vm_parser/src/zr_vm_parser/parser/parser_switch_patterns.c::switch_case_header_has_move_binding_marker(1); zr_vm_parser/src/zr_vm_parser/parser/parser_types.c::parse_access_modifier(3); zr_vm_parser/src/zr_vm_parser/parser/parser_types.c::parse_array_size_constraint(2); zr_vm_parser/src/zr_vm_parser/parser/parser_types.c::parse_decorator_expression(2); zr_vm_parser/src/zr_vm_parser/parser/parser_types.c::parse_destructuring_array(2); zr_vm_parser/src/zr_vm_parser/parser/parser_types.c::parse_destructuring_object(2); zr_vm_parser/src/zr_vm_parser/parser/parser_types.c::parse_function_type(1); zr_vm_parser/src/zr_vm_parser/parser/parser_types.c::parse_function_type_parameter(2); zr_vm_parser/src/zr_vm_parser/parser/parser_types.c::parse_generic_argument_list_with_closing_range(1); zr_vm_parser/src/zr_vm_parser/parser/parser_types.c::parse_generic_declaration(1); zr_vm_parser/src/zr_vm_parser/parser/parser_types.c::parse_generic_parameter(2); zr_vm_parser/src/zr_vm_parser/parser/parser_types.c::parse_meta_identifier(1); zr_vm_parser/src/zr_vm_parser/parser/parser_types.c::parse_optional_where_clauses(6); zr_vm_parser/src/zr_vm_parser/parser/parser_types.c::parse_parameter(2); zr_vm_parser/src/zr_vm_parser/parser/parser_types.c::parse_tuple_type(2); zr_vm_parser/src/zr_vm_parser/parser/parser_types.c::parse_type_internal(6); zr_vm_parser/src/zr_vm_parser/parser/parser_union.c::parse_union_declaration(3); zr_vm_parser/src/zr_vm_parser/parser/parser_union.c::parse_union_struct_fields(2); zr_vm_parser/src/zr_vm_parser/parser/parser_union.c::parse_union_tuple_fields(1); zr_vm_parser/src/zr_vm_parser/parser/parser_union.c::parse_union_variant(1); zr_vm_parser/src/zr_vm_parser/parser/parser_yield.c::parse_yield_statement(1)	消费下一个token	前瞻缓存时恢复整组位置字段	zr_vm_parser/src/zr_vm_parser/lexer.c:968;zr_vm_parser/src/zr_vm_parser/parser/parser_state.c:17;zr_vm_parser/src/zr_vm_parser/parser.c:109	commented	注释说明缓存状态转移
zr_vm_parser/src/zr_vm_parser/lexer.c	ZrParser_Lexer_Lookahead	function	zr_vm_parser/src/zr_vm_parser/parser/parser_state.c::peek_token(1)	返回下一个token编号	暂存终态并恢复当前游标	zr_vm_parser/src/zr_vm_parser/lexer.c:996;zr_vm_parser/src/zr_vm_parser/parser/parser_state.c:25	commented	注释说明预读事务
zr_vm_parser/src/zr_vm_parser/lexer.c	ZrParser_Lexer_Lookahead::snapshot	block	ZrParser_Lexer_Next	保存前瞻终态与当前态	token及位置字段必须成组恢复	zr_vm_parser/src/zr_vm_parser/lexer.c:1007;zr_vm_parser/src/zr_vm_parser/lexer.c:1029;zr_vm_parser/src/zr_vm_parser/lexer.c:974	commented	独立状态不变量由实现注释说明
zr_vm_parser/src/zr_vm_parser/lexer.c	calculate_column	function	zr_vm_parser/src/zr_vm_parser/lexer.c::ZrParser_Lexer_SyntaxError(1)	回溯诊断列号	裸CR未作为行界	zr_vm_parser/src/zr_vm_parser/lexer.c:1044;zr_vm_parser/src/zr_vm_parser/lexer.c:1163	commented	注释说明必须匹配主扫描器换行规则
zr_vm_parser/src/zr_vm_parser/lexer.c	calculate_column::bare_cr	block	ZrParser_Lexer_SyntaxError	定位词法错误列	next_char认CR换行而回溯仅认LF	zr_vm_parser/src/zr_vm_parser/lexer.c:1049;zr_vm_parser/src/zr_vm_parser/lexer.c:1163	BUG	裸CR后错误列号跨前一行
zr_vm_parser/src/zr_vm_parser/lexer.c	get_line_snippet_lexer	function	zr_vm_parser/src/zr_vm_parser/lexer.c::ZrParser_Lexer_SyntaxError(1)	生成错误片段与插入符列	片段受固定缓冲上限约束	zr_vm_parser/src/zr_vm_parser/lexer.c:1061;zr_vm_parser/src/zr_vm_parser/lexer.c:1168	commented	注释说明摘取职责
zr_vm_parser/src/zr_vm_parser/lexer.c	get_line_snippet_lexer::bare_cr	block	ZrParser_Lexer_SyntaxError	查找当前行边界	只检查LF与next_char的CR规则不同	zr_vm_parser/src/zr_vm_parser/lexer.c:1073;zr_vm_parser/src/zr_vm_parser/lexer.c:1075	BUG	裸CR后错误片段混入上一行
zr_vm_parser/src/zr_vm_parser/lexer.c	get_line_snippet_lexer::long_line	block	ZrParser_Lexer_SyntaxError	为长行聚焦片段	向后移动的起点被重置到行首再截到127字节	zr_vm_parser/src/zr_vm_parser/lexer.c:1109;zr_vm_parser/src/zr_vm_parser/lexer.c:1120;zr_vm_parser/src/zr_vm_parser/lexer.c:1168	BUG	第128列后插入符脱离显示片段
zr_vm_parser/src/zr_vm_parser/lexer.c	ZrParser_Lexer_SyntaxError	function	zr_vm_parser/src/zr_vm_parser/lexer.c::read_char(3); zr_vm_parser/src/zr_vm_parser/lexer.c::read_string(4); zr_vm_parser/src/zr_vm_parser/lexer.c::read_template_string(1)	保存词法错误并输出文本	只记首个token错误;当前直接写stdout	zr_vm_parser/src/zr_vm_parser/lexer.c:1143;zr_vm_parser/src/zr_vm_parser/lexer.c:478;zr_vm_parser/src/zr_vm_parser/lexer.c:531	commented	实现注释说明错误标志传递
zr_vm_parser/src/zr_vm_parser/lexer.c	ZrParser_Lexer_SyntaxError::stdout	block	LSP document update; stdio transport	输出词法诊断	suppressErrorOutput不生效;stdout承载JSON-RPC帧	zr_vm_parser/src/zr_vm_parser/lexer.c:1170;zr_vm_language_server/src/zr_vm_language_server/incremental_parser.c:777;zr_vm_language_server/stdio/stdio_transport.c:382	BUG	未闭合字符串文档使协议输出夹入普通文本
zr_vm_parser/src/zr_vm_parser/lexer.c	ZrParser_Lexer_TokenToString	function	zr_vm_parser/src/zr_vm_parser/parser/parser_declarations.c::parse_variable_declaration_impl(1); zr_vm_parser/src/zr_vm_parser/parser/parser_expression_primary.c::parse_member_name(1); zr_vm_parser/src/zr_vm_parser/parser/parser_expressions.c::parse_additive_expression(1); zr_vm_parser/src/zr_vm_parser/parser/parser_expressions.c::parse_assignment_expression(1); zr_vm_parser/src/zr_vm_parser/parser/parser_expressions.c::parse_binary_and_expression(1); zr_vm_parser/src/zr_vm_parser/parser/parser_expressions.c::parse_binary_or_expression(1); zr_vm_parser/src/zr_vm_parser/parser/parser_expressions.c::parse_binary_xor_expression(1); zr_vm_parser/src/zr_vm_parser/parser/parser_expressions.c::parse_equality_expression(1); zr_vm_parser/src/zr_vm_parser/parser/parser_expressions.c::parse_multiplicative_expression(1); zr_vm_parser/src/zr_vm_parser/parser/parser_expressions.c::parse_relational_expression(1); zr_vm_parser/src/zr_vm_parser/parser/parser_expressions.c::parse_shift_expression(1); zr_vm_parser/src/zr_vm_parser/parser/parser_expressions.c::parse_unary_expression(1); zr_vm_parser/src/zr_vm_parser/parser/parser_ownership_intrinsic.c::parse_member_identifier(1); zr_vm_parser/src/zr_vm_parser/parser/parser_state.c::expect_token(2); zr_vm_parser/src/zr_vm_parser/parser/parser_state.c::get_current_token_length(1); zr_vm_parser/src/zr_vm_parser/parser/parser_state.c::report_error_with_token(1)	获取token显示名	单字符共享缓冲会在下次同类调用覆盖	zr_vm_parser/src/zr_vm_parser/lexer.c:1187;zr_vm_parser/src/zr_vm_parser/parser/parser_state.c:5	commented	实现注释与公开声明说明借用有效期
zr_vm_parser/src/zr_vm_parser/parser.c	ZrParser_State_Init	function	tests/debug/test_debug_canonical_binding_cases.h(3); tests/function/test_named_arguments.c(1); tests/iterator/test_yield_syntax.c(1); tests/module/test_module_system.c(1); tests/parser/test_char_and_type_cast.c(2); tests/parser/test_expression_fragment_parser.c(5); tests/parser/test_ownership_intrinsic_member_separation.c(3); tests/parser/test_parser_recovery_ownership.c(1); tests/parser/test_parser.c(2); tests/parser/test_percent_syntax_cutover.c(3); tests/parser/test_property_consumer_contracts.c(2); tests/parser/test_property_unified_ast.c(5); tests/parser/test_ref_struct_restrictions.c(1); tests/parser/test_reference_escape_closure_suspension.c(2); tests/parser/test_reference_receiver_call_boundary.c(2); tests/parser/test_reference_syntax_contract.c(1); tests/parser/test_resource_unique_drop.c(1); tests/parser/test_struct_value_init.c(1); tests/parser/test_union.c(1); tests/task/test_task_runtime.c(1); zr_vm_cli/src/zr_vm_cli/repl/repl_session.c::ZrCli_ReplSession_TypeQuery(1); zr_vm_language_server/src/zr_vm_language_server/incremental_parser.c::ZrLanguageServer_IncrementalParser_Parse(1); zr_vm_language_server/src/zr_vm_language_server/incremental_token_equivalence.c::ZrLanguageServer_IncrementalTokenStreams_AreEquivalent(2); zr_vm_language_server/src/zr_vm_language_server/incremental/incremental_syntax_reparse.c::ZrLanguageServer_IncrementalSyntaxReparse_TryDeclaration(1); zr_vm_lib_debug/src/zr_vm_lib_debug/debug_formal_evaluation.c::zr_debug_formal_prepare_expression_with_failure(1); zr_vm_lib_debug/src/zr_vm_lib_debug/debug_semantic_facts.c::zr_debug_append_expression_facts(1); zr_vm_parser/src/zr_vm_parser/compiler.c::zr_parser_source_compile_mode(1); zr_vm_parser/src/zr_vm_parser/migration/legacy_migration.c::legacy_migration_capture_property_facts(1); zr_vm_parser/src/zr_vm_parser/parser.c::ZrParser_Parse(1); zr_vm_parser/src/zr_vm_parser/parser/parser_diagnostics.c::missing_semicolon_fix_location(1); zr_vm_parser/src/zr_vm_parser/parser/parser_literals.c::parse_embedded_expression(1)	配置parser状态并启动lexer	lexer对象OOM设hasError;预读先于回调配置	zr_vm_parser/src/zr_vm_parser/parser.c:4;zr_vm_parser/src/zr_vm_parser/compiler.c:1270;zr_vm_language_server/src/zr_vm_language_server/incremental_parser.c:764	commented	注释说明预读时序
zr_vm_parser/src/zr_vm_parser/parser.c	ZrParser_State_Free	function	tests/debug/test_debug_canonical_binding_cases.h(5); tests/function/test_named_arguments.c(1); tests/iterator/test_yield_syntax.c(1); tests/module/test_module_system.c(1); tests/parser/test_char_and_type_cast.c(2); tests/parser/test_expression_fragment_parser.c(14); tests/parser/test_ownership_intrinsic_member_separation.c(3); tests/parser/test_parser_recovery_ownership.c(1); tests/parser/test_parser.c(2); tests/parser/test_percent_syntax_cutover.c(3); tests/parser/test_property_consumer_contracts.c(5); tests/parser/test_ref_struct_restrictions.c(1); tests/parser/test_reference_escape_closure_suspension.c(2); tests/parser/test_reference_receiver_call_boundary.c(2); tests/parser/test_reference_syntax_contract.c(1); tests/parser/test_resource_unique_drop.c(1); tests/parser/test_struct_value_init.c(1); tests/parser/test_union.c(1); tests/task/test_task_runtime.c(1); zr_vm_cli/src/zr_vm_cli/repl/repl_session.c::ZrCli_ReplSession_TypeQuery(2); zr_vm_language_server/src/zr_vm_language_server/incremental_parser.c::ZrLanguageServer_IncrementalParser_Free(1); zr_vm_language_server/src/zr_vm_language_server/incremental_parser.c::ZrLanguageServer_IncrementalParser_Parse(2); zr_vm_language_server/src/zr_vm_language_server/incremental_token_equivalence.c::ZrLanguageServer_IncrementalTokenStreams_AreEquivalent(2); zr_vm_language_server/src/zr_vm_language_server/incremental/incremental_syntax_reparse.c::ZrLanguageServer_IncrementalSyntaxReparse_TryDeclaration(3); zr_vm_lib_debug/src/zr_vm_lib_debug/debug_formal_evaluation.c::zr_debug_formal_free_prepared_expression(1); zr_vm_lib_debug/src/zr_vm_lib_debug/debug_semantic_facts.c::zr_debug_append_expression_facts(1); zr_vm_parser/src/zr_vm_parser/compiler.c::zr_parser_source_compile_mode(2); zr_vm_parser/src/zr_vm_parser/migration/legacy_migration.c::legacy_migration_capture_property_facts(1); zr_vm_parser/src/zr_vm_parser/parser.c::ZrParser_Parse(1); zr_vm_parser/src/zr_vm_parser/parser/parser_diagnostics.c::missing_semicolon_fix_location(1); zr_vm_parser/src/zr_vm_parser/parser/parser_literals.c::parse_embedded_expression(1)	释放lexer对象与buffer	source与AST不在此释放	zr_vm_parser/src/zr_vm_parser/parser.c:38;zr_vm_parser/src/zr_vm_parser/parser.c:43;zr_vm_language_server/src/zr_vm_language_server/incremental_parser.c:779	commented	注释说明资源边界
zr_vm_parser/src/zr_vm_parser/parser.c	parse_script	function	zr_vm_parser/src/zr_vm_parser/parser.c::ZrParser_ParseWithState(1)	解析模块声明和顶层语句并恢复局部错误	成功子树归最终脚本;普通错误可恢复	zr_vm_parser/src/zr_vm_parser/parser.c:52;zr_vm_parser/src/zr_vm_parser/parser.c:177;zr_vm_parser/src/zr_vm_parser/compiler/module_init_analysis.c:3794	commented	注释说明容错与AST归属
zr_vm_parser/src/zr_vm_parser/parser.c	parse_script::module_array_oom	block	parse_script; ZrParser_AstNodeArray_New	为顶层语句分配数组	模块声明已构造时数组分配失败未释放moduleName	zr_vm_parser/src/zr_vm_parser/parser.c:64;zr_vm_parser/src/zr_vm_parser/ast.c:8;zr_vm_parser/src/zr_vm_parser/parser/parser_declarations.c:39	BUG	失败路径泄漏已构造模块子树
zr_vm_parser/src/zr_vm_parser/parser.c	parse_script::error_reset	block	ZrParser_ParseWithState; ZrParser_Parse; module_init_analysis	跨语句恢复以继续收集错误	下一轮清除hasError且AST-only入口仅检查非空	zr_vm_parser/src/zr_vm_parser/parser.c:76;zr_vm_parser/src/zr_vm_parser/parser.c:179;zr_vm_parser/src/zr_vm_parser/compiler/module_init_analysis.c:3794;zr_vm_parser/src/zr_vm_parser/parser/parser_declarations.c:100	BUG	var bad = ; var good = 1;可返回丢失bad的非空AST
zr_vm_parser/src/zr_vm_parser/parser.c	parse_script::array_add_oom	block	parse_script; AstNodeArray_Add	转移语句节点至数组	Add返回void且扩容失败静默;stmtCount仍递增	zr_vm_parser/src/zr_vm_parser/parser.c:84;zr_vm_parser/src/zr_vm_parser/ast.c:26;zr_vm_parser/src/zr_vm_parser/ast.c:34	BUG	OOM时节点泄漏且静默丢语句
zr_vm_parser/src/zr_vm_parser/parser.c	parse_script::recovery	block	parse_script; parser diagnostics	错误后跳过到分号或潜在语句起点	跳过上限及连续错误上限限制恢复	zr_vm_parser/src/zr_vm_parser/parser.c:90;zr_vm_parser/src/zr_vm_parser/parser.c:105;zr_vm_parser/src/zr_vm_parser/parser.c:127	commented	关键同步策略在现有注释与函数契约内说明
zr_vm_parser/src/zr_vm_parser/parser.c	parse_script::root_oom	block	parse_script; ZrParser_AstNodeArray_Free	创建脚本根节点	数组Free仅释放容器;不递归释放已加入语句和模块名	zr_vm_parser/src/zr_vm_parser/parser.c:159;zr_vm_parser/src/zr_vm_parser/ast.c:50;zr_vm_parser/src/zr_vm_parser/parser/parser_ast_free.c:92	BUG	根节点OOM导致子树泄漏
zr_vm_parser/src/zr_vm_parser/parser.c	ZrParser_ParseWithState	function	tests/function/test_named_arguments.c(1); tests/iterator/test_yield_syntax.c(1); tests/module/test_module_system.c(1); tests/parser/test_char_and_type_cast.c(2); tests/parser/test_expression_fragment_parser.c(4); tests/parser/test_ownership_intrinsic_member_separation.c(3); tests/parser/test_parser_recovery_ownership.c(1); tests/parser/test_parser.c(1); tests/parser/test_percent_syntax_cutover.c(3); tests/parser/test_property_consumer_contracts.c(2); tests/parser/test_property_unified_ast.c(5); tests/parser/test_ref_struct_restrictions.c(1); tests/parser/test_reference_escape_closure_suspension.c(2); tests/parser/test_reference_receiver_call_boundary.c(2); tests/parser/test_reference_syntax_contract.c(1); tests/parser/test_resource_unique_drop.c(1); tests/parser/test_struct_value_init.c(1); tests/parser/test_union.c(1); tests/task/test_task_runtime.c(1); zr_vm_cli/src/zr_vm_cli/repl/repl_session.c::ZrCli_ReplSession_TypeQuery(1); zr_vm_language_server/src/zr_vm_language_server/incremental_parser.c::ZrLanguageServer_IncrementalParser_Parse(1); zr_vm_parser/src/zr_vm_parser/compiler.c::zr_parser_source_compile_mode(1); zr_vm_parser/src/zr_vm_parser/migration/legacy_migration.c::legacy_migration_capture_property_facts(1); zr_vm_parser/src/zr_vm_parser/parser.c::ZrParser_Parse(1)	解析并按fatal标志拒绝旧语法	普通错误可返回AST;调用方需诊断	zr_vm_parser/src/zr_vm_parser/parser.c:169;zr_vm_parser/src/zr_vm_parser/compiler.c:1273;zr_vm_language_server/src/zr_vm_language_server/incremental_parser.c:778	commented	注释说明fatal与普通错误差异
zr_vm_parser/src/zr_vm_parser/parser.c	ZrParser_ParseWithState::fatal_cleanup	block	ZrParser_ParseWithState; legacy migration	fatal时释放可恢复AST	migration显式允许保留旧语法解析结果	zr_vm_parser/src/zr_vm_parser/parser.c:177;zr_vm_parser/src/zr_vm_parser/migration/legacy_migration.c:572	commented	关键分支由实现注释解释
zr_vm_parser/src/zr_vm_parser/parser.c	ZrParser_State_SeekToTokenStart	function	zr_vm_language_server/src/zr_vm_language_server/incremental/incremental_syntax_reparse.c::ZrLanguageServer_IncrementalSyntaxReparse_TryDeclaration(1)	前向扫描到精确token边界	不可向后寻找;EOS与非token起点失败	zr_vm_parser/src/zr_vm_parser/parser.c:187;zr_vm_language_server/src/zr_vm_language_server/incremental/incremental_syntax_reparse.c:74	commented	注释说明增量消费场景
zr_vm_parser/src/zr_vm_parser/parser.c	ZrParser_ParseTopLevelStatementWithState	function	zr_vm_language_server/src/zr_vm_language_server/incremental/incremental_syntax_reparse.c::ZrLanguageServer_IncrementalSyntaxReparse_TryDeclaration(1)	解析一个替换声明	错误时释放半成品;成功所有权转移	zr_vm_parser/src/zr_vm_parser/parser.c:205;zr_vm_language_server/src/zr_vm_language_server/incremental/incremental_syntax_reparse.c:79	commented	注释说明失败清理
zr_vm_parser/src/zr_vm_parser/parser.c	ZrParser_Parse	function	tests/compileTime/test_compile_time_execution.c(25); tests/compileTime/test_comptime_runtime_contract.c(1); tests/container/test_container_metadata.c(1); tests/container/test_container_type_inference.c(1); tests/container/test_generational_pool.c(1); tests/ffi/test_ffi_module.c(1); tests/ffi/test_native_extern_contract.c(1); tests/function/test_named_arguments.c(6); tests/iterator/test_enumerator_protocol.c(2); tests/iterator/test_yield_semantic.c(1); tests/iterator/test_yield_syntax.c(1); tests/language_server/test_ownership_diagnostics_owner_set_cases.h(1); tests/language_server/test_ownership_diagnostics_region_cases.h(8); tests/language_server/test_ownership_diagnostics_using_body_cases.h(2); tests/language_server/test_ownership_diagnostics_weak_receiver_cases.h(2); tests/language_server/test_ownership_diagnostics.c(6); tests/language_server/test_semantic_analyzer_diagnostic_golden_parity_cases.h(6); tests/language_server/test_semantic_analyzer_exact_type_cases.h(2); tests/language_server/test_semantic_analyzer_exact_type_diagnostic_cases.h(1); tests/language_server/test_semantic_analyzer_extern_enum_decorator_cases.h(1); tests/language_server/test_semantic_analyzer_extern_parameter_decorator_cases.h(3); tests/language_server/test_semantic_analyzer_extern_struct_decorator_cases.h(1); tests/language_server/test_semantic_analyzer_ffi_wrapper_decorator_cases.h(1); tests/language_server/test_semantic_analyzer_local_binding_identity_cases.h(3); tests/language_server/test_semantic_analyzer_source_metadata_cases.h(2); tests/language_server/test_semantic_analyzer.c(46); tests/language_server/test_union_pattern_diagnostics.c(1); tests/module/test_metadata_module_hash_golden.c(1); tests/module/test_metadata_token_model.c(12); tests/module/test_metadata_type_ref_binding.c(5); tests/module/test_module_system.c(3); tests/parser/bitwise_zero_minus_shift_supported_count_range_test_support.c(1); tests/parser/test_aot_c_reflection_construction_shared_library.c(1); tests/parser/test_artifact_schema_source_roundtrip.c(2); tests/parser/test_assignment_reference_diagnostic_cases.h(1); tests/parser/test_bitwise_zero_minus_rhs_range_inference.c(1); tests/parser/test_bitwise_zero_minus_shift_exact_zero_count_range_inference.c(1); tests/parser/test_bitwise_zero_minus_unary_rhs_range_inference.c(1); tests/parser/test_bitwise_zero_wrapper_range_inference.c(1); tests/parser/test_call_binding_pipeline.c(1); tests/parser/test_call_spread.c(2); tests/parser/test_canonical_consumers.c(14); tests/parser/test_canonical_type_graph_union_cases.h(6); tests/parser/test_canonical_type_graph.c(1); tests/parser/test_cast_operand_facts.c(1); tests/parser/test_cfg_throw_effects.c(1); tests/parser/test_cfg_union_exhaustiveness.c(1); tests/parser/test_char_and_type_cast.c(10); tests/parser/test_compile_time_import_ownership.c(1); tests/parser/test_compile_tool_project_import.c(2); tests/parser/test_compiler_const_assignment_query_producer.c(2); tests/parser/test_compiler_features.c(52); tests/parser/test_compiler_interface_const_query_producer.c(1); tests/parser/test_compiler_return_ownership_diagnostics.c(2); tests/parser/test_compiler_semantic_query_diagnostics.c(31); tests/parser/test_compiler_variance_query_diagnostics.c(1); tests/parser/test_const_keyword.c(1); tests/parser/test_expression_fact_emission.c(28); tests/parser/test_extern_enum_decorator_query_diagnostics.c(1); tests/parser/test_extern_parameter_decorator_query_diagnostics.c(1); tests/parser/test_extern_struct_decorator_query_diagnostics.c(1); tests/parser/test_ffi_wrapper_decorator_query_diagnostics.c(1); tests/parser/test_generic_constraints.c(1); tests/parser/test_instruction_execution.c(27); tests/parser/test_legacy_migration.c(2); tests/parser/test_lexer_parser_compiler_execution.c(10); tests/parser/test_logical_fact_emission.c(3); tests/parser/test_numeric_branch_assignment_dataflow.c(9); tests/parser/test_numeric_branch_refinement.c(15); tests/parser/test_numeric_branch_segment_sets.c(3); tests/parser/test_numeric_for_header_assignment_dataflow.c(1); tests/parser/test_numeric_foreach_cardinality_dataflow.c(1); tests/parser/test_numeric_loop_assignment_dataflow.c(15); tests/parser/test_numeric_loop_constant_condition_dataflow.c(3); tests/parser/test_numeric_loop_self_dependency_conditional_delta_bitwise_arithmetic_offset_dataflow.c(5); tests/parser/test_numeric_loop_self_dependency_conditional_delta_bitwise_offset_expression_dataflow.c(10); tests/parser/test_numeric_loop_self_dependency_conditional_delta_dataflow.c(10); tests/parser/test_numeric_loop_self_dependency_conditional_delta_negative_offset_expression_dataflow.c(1); tests/parser/test_numeric_loop_self_dependency_conditional_delta_negative_offset_product_dataflow.c(1); tests/parser/test_numeric_loop_self_dependency_conditional_delta_negative_offset_zero_inclusive_additive_dataflow.c(1); tests/parser/test_numeric_loop_self_dependency_conditional_delta_negative_offset_zero_inclusive_difference_dataflow.c(1); tests/parser/test_numeric_loop_self_dependency_conditional_delta_negative_offset_zero_inclusive_identity_dataflow.c(1); tests/parser/test_numeric_loop_self_dependency_conditional_delta_negative_offset_zero_inclusive_product_dataflow.c(1); tests/parser/test_numeric_loop_self_dependency_conditional_delta_negative_offset_zero_inclusive_subtractive_dataflow.c(1); tests/parser/test_numeric_loop_self_dependency_conditional_delta_negative_offset_zero_inclusive_sum_dataflow.c(1); tests/parser/test_numeric_loop_self_dependency_conditional_delta_negative_offset_zero_inclusive_unary_dataflow.c(1); tests/parser/test_numeric_loop_self_dependency_conditional_delta_offset_expression_dataflow.c(10); tests/parser/test_numeric_loop_self_dependency_conditional_delta_target_positive_dataflow.c(12); tests/parser/test_numeric_loop_self_dependency_conditional_delta_target_unary_dataflow.c(11); tests/parser/test_numeric_loop_self_dependency_dataflow.c(17); tests/parser/test_numeric_loop_self_dependency_symbolic_coeff_cross_deeper_scale_dataflow.c(1); tests/parser/test_numeric_loop_self_dependency_symbolic_coeff_cross_five_additional_scale_dataflow.c(7); tests/parser/test_numeric_loop_self_dependency_symbolic_coeff_cross_four_additional_scale_dataflow.c(13); tests/parser/test_numeric_loop_self_dependency_symbolic_coeff_cross_four_additional_scale_reader_dataflow.c(1); tests/parser/test_numeric_loop_self_dependency_symbolic_coeff_cross_seven_additional_scale_dataflow.c(7); tests/parser/test_numeric_loop_self_dependency_symbolic_coeff_cross_six_additional_scale_dataflow.c(7); tests/parser/test_numeric_loop_self_dependency_symbolic_coeff_cross_three_additional_scale_dataflow.c(1); tests/parser/test_numeric_loop_self_dependency_symbolic_coefficient_cross_dataflow.c(8); tests/parser/test_numeric_loop_self_dependency_symbolic_coefficient_dataflow.c(16); tests/parser/test_numeric_loop_self_dependency_symbolic_dataflow.c(16); tests/parser/test_numeric_loop_self_dependency_symbolic_product_dataflow.c(10); tests/parser/test_numeric_nested_loop_assignment_dataflow.c(1); tests/parser/test_numeric_range_inference.c(9); tests/parser/test_object_literal_key_lowering.c(1); tests/parser/test_ownership_intrinsic_member_separation.c(1); tests/parser/test_ownership_receiver_guard_contract_cases.h(1); tests/parser/test_parser_extern.c(6); tests/parser/test_parser.c(67); tests/parser/test_pre_semantic_ir.c(2); tests/parser/test_property_access_lowering.c(1); tests/parser/test_property_consumer_contracts.c(3); tests/parser/test_property_explicit_field_init.c(1); tests/parser/test_property_ref_return.c(1); tests/parser/test_property_unified_ast.c(1); tests/parser/test_reference_callable_consumers.c(1); tests/parser/test_reference_fact_emission.c(7); tests/parser/test_reference_field_fact_cases.h(4); tests/parser/test_reference_place_out_flow.c(1); tests/parser/test_reference_receiver_call_boundary.c(1); tests/parser/test_reference_syntax_contract.c(1); tests/parser/test_reflection_type_surface.c(1); tests/parser/test_resource_owner_borrow_receiver.c(1); tests/parser/test_resource_shared_weak.c(2); tests/parser/test_resource_unique_drop.c(1); tests/parser/test_selfdep_bitwise_idempotent_wrapper_offset.c(1); tests/parser/test_selfdep_neg_zero_product_unary_same_diff.c(2); tests/parser/test_semantic_declaration_binding_cases.h(2); tests/parser/test_semantic_display_generic_alias_cases.h(3); tests/parser/test_semantic_display_nominal_alias_cases.h(4); tests/parser/test_semantic_display_source_generic_cases.h(2); tests/parser/test_semantic_display_unresolved_cases.h(1); tests/parser/test_semantic_display.c(5); tests/parser/test_semantic_external_provider_generation_cases.h(1); tests/parser/test_semantic_facts.c(5); tests/parser/test_semantic_query_call_argument_mapping_cases.h(2); tests/parser/test_semantic_query_call_candidate_consistency_cases.h(3); tests/parser/test_semantic_query_calls.c(7); tests/parser/test_semantic_query_meta_override_cases.h(1); tests/parser/test_semantic_query_relations.c(10); tests/parser/test_semantic_query_symbols.c(17); tests/parser/test_semantic_query_type_use_cases.h(2); tests/parser/test_semantic_scope_symbol_lifetime_cases.h(1); tests/parser/test_span_core.c(1); tests/parser/test_ssa_source_cfg_faults.c(1); tests/parser/test_ssa_source_cleanup_cfg.c(1); tests/parser/test_ssa_source_for_short_circuit.c(1); tests/parser/test_ssa_source_straight_line_cfg.c(1); tests/parser/test_ssa_source_value_facts.c(1); tests/parser/test_ssa_source_while_short_circuit.c(1); tests/parser/test_struct_value_init.c(1); tests/parser/test_syntax_reference_v1.c(5); tests/parser/test_type_inference.c(108); tests/parser/test_union.c(1); tests/system/test_system_fs_module.c(1); tests/task/test_task_runtime.c(1); tests/thread/test_thread_runtime.c(1); zr_vm_aot/tests/parser/test_execbc_aot_pipeline.c::compile_source_without_quickening(1); zr_vm_aot/tests/parser/test_execbc_aot_pipeline.c::test_access_lowering_preserves_explicit_member_and_index_ops(1); zr_vm_aot/tests/parser/test_execbc_aot_pipeline.c::test_aot_backends_lower_benchmark_style_bitwise_xor_paths(1); zr_vm_aot/tests/parser/test_execbc_aot_pipeline.c::test_aot_backends_lower_benchmark_style_generic_mul_paths(1); zr_vm_aot/tests/parser/test_execbc_aot_pipeline.c::test_aot_backends_preserve_runtime_contract_artifacts_under_strict_aot_c(1); zr_vm_aot/tests/parser/test_execbc_aot_pipeline.c::test_aot_c_backend_directly_lowers_local_callable_constants(1); zr_vm_aot/tests/parser/test_execbc_aot_pipeline.c::test_aot_c_backend_directly_lowers_non_export_return(1); zr_vm_aot/tests/parser/test_execbc_aot_pipeline.c::test_aot_c_backend_directly_lowers_primitive_literal_constants(1); zr_vm_aot/tests/parser/test_execbc_aot_pipeline.c::test_aot_c_backend_directly_lowers_static_slot_and_int_ops(1); zr_vm_aot/tests/parser/test_execbc_aot_pipeline.c::test_aot_c_backend_emits_child_thunks_for_callable_constants(1); zr_vm_aot/tests/parser/test_execbc_aot_pipeline.c::test_aot_c_backend_emits_native_entry_descriptor_instead_of_shim_invoke(1); zr_vm_aot/tests/parser/test_execbc_aot_pipeline.c::test_aot_c_backend_lowers_cached_dynamic_tail_calls_with_runtime_prepare(1); zr_vm_aot/tests/parser/test_execbc_aot_pipeline.c::test_aot_c_backend_lowers_cached_meta_calls_with_direct_call_frames(1); zr_vm_aot/tests/parser/test_execbc_aot_pipeline.c::test_aot_c_backend_lowers_generic_add_with_fast_path_and_helper_fallback(1); zr_vm_aot/tests/parser/test_execbc_aot_pipeline.c::test_aot_c_backend_lowers_indexed_child_access_even_with_embedded_blob(1); zr_vm_aot/tests/parser/test_execbc_aot_pipeline.c::test_aot_c_backend_lowers_indexed_child_access_without_embedded_blob(1); zr_vm_aot/tests/parser/test_execbc_aot_pipeline.c::test_aot_c_backend_lowers_indexed_entry_access_even_with_embedded_blob(1); zr_vm_aot/tests/parser/test_execbc_aot_pipeline.c::test_aot_c_backend_lowers_indexed_entry_access_without_embedded_blob(1); zr_vm_aot/tests/parser/test_execbc_aot_pipeline.c::test_aot_c_backend_lowers_signed_compare_div_and_neg_paths(1); zr_vm_aot/tests/parser/test_execbc_aot_pipeline.c::test_aot_c_backend_lowers_to_object_with_runtime_helper(1); zr_vm_aot/tests/parser/test_execbc_aot_pipeline.c::test_aot_c_backend_lowers_to_struct_with_runtime_helper(1); zr_vm_aot/tests/parser/test_execbc_aot_pipeline.c::test_aot_c_backend_statically_lowers_proven_local_aot_function_calls(1); zr_vm_aot/tests/parser/test_execbc_aot_pipeline.c::test_aot_llvm_backend_directly_lowers_static_slot_and_int_ops(1); zr_vm_aot/tests/parser/test_execbc_aot_pipeline.c::test_aot_llvm_backend_lowers_cached_meta_calls_with_direct_call_frames(1); zr_vm_aot/tests/parser/test_execbc_aot_pipeline.c::test_aot_llvm_backend_lowers_closure_capture_access(1); zr_vm_aot/tests/parser/test_execbc_aot_pipeline.c::test_aot_llvm_backend_lowers_generic_add_with_fast_path_and_helper_fallback(1); zr_vm_aot/tests/parser/test_execbc_aot_pipeline.c::test_aot_llvm_backend_lowers_object_creation_path(1); zr_vm_aot/tests/parser/test_execbc_aot_pipeline.c::test_aot_llvm_backend_lowers_simple_entry_execution_path(1); zr_vm_aot/tests/parser/test_execbc_aot_pipeline.c::test_aot_llvm_backend_lowers_static_direct_call_protocol(1); zr_vm_aot/tests/parser/test_execbc_aot_pipeline.c::test_aot_llvm_backend_lowers_to_object_with_runtime_helper(1); zr_vm_aot/tests/parser/test_execbc_aot_pipeline.c::test_execbc_quickens_zero_arg_call_sites_without_changing_semir_contracts(1); zr_vm_aot/tests/parser/test_execbc_aot_pipeline.c::test_execbc_true_aot_lowers_known_native_call_family(1); zr_vm_aot/tests/parser/test_execbc_aot_pipeline.c::test_execbc_true_aot_lowers_typed_signed_unsigned_and_equality_opcodes(1); zr_vm_aot/tests/scripts/test_utils.c::parse_and_compile(1); zr_vm_cli/src/zr_vm_cli/compiler/compiler.c::zr_cli_collect_module_recursive(1); zr_vm_cli/src/zr_vm_cli/migration/migration.c::zr_cli_migration_validate_current_source(1); zr_vm_parser/src/zr_vm_parser/compiler/compile_statement.c::ZrParser_CompileTimeImport_LoadSourceModule(1); zr_vm_parser/src/zr_vm_parser/compiler/module_init_analysis.c::module_init_load_summary_from_source_loader(1); zr_vm_parser/tests/test_parser.c::test_array_literal(1); zr_vm_parser/tests/test_parser.c::test_binary_expression(1); zr_vm_parser/tests/test_parser.c::test_boolean_literal(1); zr_vm_parser/tests/test_parser.c::test_conditional_expression(1); zr_vm_parser/tests/test_parser.c::test_float_literal(1); zr_vm_parser/tests/test_parser.c::test_function_declaration(1); zr_vm_parser/tests/test_parser.c::test_if_statement(1); zr_vm_parser/tests/test_parser.c::test_integer_literal(1); zr_vm_parser/tests/test_parser.c::test_module_declaration(1); zr_vm_parser/tests/test_parser.c::test_object_literal(1); zr_vm_parser/tests/test_parser.c::test_return_statement(1); zr_vm_parser/tests/test_parser.c::test_simple_script(1); zr_vm_parser/tests/test_parser.c::test_simple_zr_file(1); zr_vm_parser/tests/test_parser.c::test_string_literal(1); zr_vm_parser/tests/test_parser.c::test_struct_declaration(1); zr_vm_parser/tests/test_parser.c::test_unary_expression(1); zr_vm_parser/tests/test_parser.c::test_variable_declaration(1)	封装临时state初始化和释放	返回AST归调用者	zr_vm_parser/src/zr_vm_parser/parser.c:228;zr_vm_parser/src/zr_vm_parser/compiler/module_init_analysis.c:3794	commented	注释说明状态与AST不同寿命
