file	unit	kind	callers	intent	constraints	evidence	decision	reason
zr_vm_core/include/zr_vm_core/async_frame_budget.h	SZrAsyncFrameDiagnostic	type	tests/task/test_ssa_async_frame_budget.c:110;tests/task/test_ssa_async_frame_budget.c:146;tests/task/test_ssa_async_frame_budget.c:184;tests/task/test_ssa_async_frame_budget.c:215;tests/task/test_ssa_async_frame_budget.c:242;tests/task/test_ssa_async_frame_budget.c:291;tests/task/test_ssa_async_frame_budget.c:344;tests/task/test_ssa_async_frame_budget.c:384;tests/task/test_ssa_async_frame_budget.c:447;tests/task/test_ssa_async_frame_budget.c:495;tests/task/test_ssa_async_frame_budget.c:569;tests/task/ssa_async_compile_contract_cases.inc:12;tests/task/ssa_async_stale_handle_cases.inc:3;tests/task/ssa_async_stale_handle_cases.inc:12;tests/task/ssa_async_stale_handle_cases.inc:92	为预算/等待/编译消费者保存标量身份与寿命契约	借用容器与句柄对象不得提前结束寿命；现有类型Doxygen结合逐field审读	tests/task/test_ssa_async_frame_budget.c:110;tests/task/test_ssa_async_frame_budget.c:146	no-comment	现有职责注释和本次真实消费者契约一致；具体边界见审查记录，无需逐句复述
zr_vm_core/include/zr_vm_core/async_frame_budget.h	SZrAsyncFrameDiagnostic.code	field	zr_vm_core/src/zr_vm_core/execution/execution_async_wait.c:96;zr_vm_core/src/zr_vm_core/execution/execution_async_wait.c:381;zr_vm_core/src/zr_vm_core/execution/execution_compile_queue.c:89;tests/task/test_ssa_async_frame_budget.c:161;tests/task/test_ssa_async_frame_budget.c:197;tests/task/test_ssa_async_frame_budget.c:361;tests/task/test_ssa_async_frame_budget.c:422;tests/task/test_ssa_async_frame_budget.c:465;tests/task/test_ssa_async_frame_budget.c:529;tests/task/test_ssa_async_frame_budget.c:541;tests/task/test_ssa_async_frame_budget.c:596;tests/task/test_ssa_async_frame_budget.c:604;tests/task/test_ssa_async_frame_budget.c:610;tests/task/ssa_async_compile_contract_cases.inc:65;tests/task/ssa_async_compile_contract_cases.inc:72;tests/task/ssa_async_stale_handle_cases.inc:46;tests/task/ssa_async_stale_handle_cases.inc:52;tests/task/ssa_async_stale_handle_cases.inc:57;tests/task/ssa_async_stale_handle_cases.inc:63;tests/task/ssa_async_stale_handle_cases.inc:140;tests/task/ssa_async_stale_handle_cases.inc:143;tests/task/ssa_async_stale_handle_cases.inc:153;tests/task/ssa_async_stale_handle_cases.inc:157;tests/task/ssa_async_stale_handle_cases.inc:164	无错误分类或具体失败分类；常规入口先 clear，拒绝 helper 覆写 code；wrapper 前置拒绝不先 clear 整个 diagnostic	具体所属类型读写与消费方向见field-use-proofs；禁止用同名其他类型字段充当消费者	zr_vm_core/src/zr_vm_core/execution/execution_async_wait.c:96;zr_vm_core/src/zr_vm_core/execution/execution_async_wait.c:381;zr_vm_core/src/zr_vm_core/execution/execution_compile_queue.c:89	no-comment	当前字段读写与类型/API已有宏观说明结合台账已完整解释，无需每字段重复源码
zr_vm_core/include/zr_vm_core/async_frame_budget.h	SZrAsyncFrameDiagnostic.stage	field	zr_vm_core/src/zr_vm_core/execution/execution_async_wait.c:97;zr_vm_core/src/zr_vm_core/execution/execution_compile_queue.c:90	失败实现私有阶段编号；wait与compile编号域独立	具体所属类型读写与消费方向见field-use-proofs；禁止用同名其他类型字段充当消费者	zr_vm_core/src/zr_vm_core/execution/execution_async_wait.c:97;zr_vm_core/src/zr_vm_core/execution/execution_compile_queue.c:90	no-comment	当前字段读写与类型/API已有宏观说明结合台账已完整解释，无需每字段重复源码
zr_vm_core/include/zr_vm_core/async_frame_budget.h	SZrAsyncFrameDiagnostic.state	field	zr_vm_core/src/zr_vm_core/execution/execution_async_wait.c:98;zr_vm_core/src/zr_vm_core/execution/execution_compile_queue.c:91;tests/task/ssa_async_compile_contract_cases.inc:67	失败时采集的所属状态机标量	具体所属类型读写与消费方向见field-use-proofs；禁止用同名其他类型字段充当消费者	zr_vm_core/src/zr_vm_core/execution/execution_async_wait.c:98;zr_vm_core/src/zr_vm_core/execution/execution_compile_queue.c:91;tests/task/ssa_async_compile_contract_cases.inc:67	no-comment	当前字段读写与类型/API已有宏观说明结合台账已完整解释，无需每字段重复源码
zr_vm_core/include/zr_vm_core/async_frame_budget.h	SZrAsyncFrameDiagnostic.sourceId	field	zr_vm_core/src/zr_vm_core/execution/execution_async_wait.c:698;zr_vm_core/src/zr_vm_core/execution/execution_async_wait.c:708;zr_vm_core/src/zr_vm_core/execution/execution_async_wait.c:718	等待资源拒绝时复制请求 sourceId；经过先 clear 的入口其余路径为零；wrapper 前置拒绝不先 clear，保留已有 sourceId	具体所属类型读写与消费方向见field-use-proofs；禁止用同名其他类型字段充当消费者	zr_vm_core/src/zr_vm_core/execution/execution_async_wait.c:698;zr_vm_core/src/zr_vm_core/execution/execution_async_wait.c:708;zr_vm_core/src/zr_vm_core/execution/execution_async_wait.c:718	no-comment	当前字段读写与类型/API已有宏观说明结合台账已完整解释，无需每字段重复源码
zr_vm_core/include/zr_vm_core/async_frame_budget.h	SZrAsyncFrameDiagnostic.instructionId	field	zr_vm_core/src/zr_vm_core/execution/execution_async_wait.c:699;zr_vm_core/src/zr_vm_core/execution/execution_async_wait.c:709;zr_vm_core/src/zr_vm_core/execution/execution_async_wait.c:719	等待资源拒绝时复制请求 instructionId；经过先 clear 的入口其余路径为零；wrapper 前置拒绝不先 clear，保留已有 instructionId	具体所属类型读写与消费方向见field-use-proofs；禁止用同名其他类型字段充当消费者	zr_vm_core/src/zr_vm_core/execution/execution_async_wait.c:699;zr_vm_core/src/zr_vm_core/execution/execution_async_wait.c:709;zr_vm_core/src/zr_vm_core/execution/execution_async_wait.c:719	no-comment	当前字段读写与类型/API已有宏观说明结合台账已完整解释，无需每字段重复源码
zr_vm_core/include/zr_vm_core/async_frame_budget.h	SZrAsyncFrameDiagnostic.expected	field	zr_vm_core/src/zr_vm_core/execution/execution_async_wait.c:99;zr_vm_core/src/zr_vm_core/execution/execution_compile_queue.c:92	本次失败的预期标量	具体所属类型读写与消费方向见field-use-proofs；禁止用同名其他类型字段充当消费者	zr_vm_core/src/zr_vm_core/execution/execution_async_wait.c:99;zr_vm_core/src/zr_vm_core/execution/execution_compile_queue.c:92	no-comment	当前字段读写与类型/API已有宏观说明结合台账已完整解释，无需每字段重复源码
zr_vm_core/include/zr_vm_core/async_frame_budget.h	SZrAsyncFrameDiagnostic.actual	field	zr_vm_core/src/zr_vm_core/execution/execution_async_wait.c:100;zr_vm_core/src/zr_vm_core/execution/execution_async_wait.c:382;zr_vm_core/src/zr_vm_core/execution/execution_compile_queue.c:93	本次失败的实测标量	具体所属类型读写与消费方向见field-use-proofs；禁止用同名其他类型字段充当消费者	zr_vm_core/src/zr_vm_core/execution/execution_async_wait.c:100;zr_vm_core/src/zr_vm_core/execution/execution_async_wait.c:382;zr_vm_core/src/zr_vm_core/execution/execution_compile_queue.c:93	no-comment	当前字段读写与类型/API已有宏观说明结合台账已完整解释，无需每字段重复源码
zr_vm_core/include/zr_vm_core/async_frame_budget.h	SZrAsyncFrameDiagnostic.generation	field	zr_vm_core/src/zr_vm_core/execution/execution_async_wait.c:101;zr_vm_core/src/zr_vm_core/execution/execution_compile_queue.c:94;tests/task/ssa_async_compile_contract_cases.inc:66	失败所属帧/等待/作业代际，不持有对象	具体所属类型读写与消费方向见field-use-proofs；禁止用同名其他类型字段充当消费者	zr_vm_core/src/zr_vm_core/execution/execution_async_wait.c:101;zr_vm_core/src/zr_vm_core/execution/execution_compile_queue.c:94;tests/task/ssa_async_compile_contract_cases.inc:66	no-comment	当前字段读写与类型/API已有宏观说明结合台账已完整解释，无需每字段重复源码
zr_vm_core/include/zr_vm_core/async_frame_budget.h	SZrAsyncFrameBudget	type	tests/task/test_ssa_async_frame_budget.c:109;tests/task/test_ssa_async_frame_budget.c:145;tests/task/test_ssa_async_frame_budget.c:183;tests/task/test_ssa_async_frame_budget.c:214	为预算/等待/编译消费者保存标量身份与寿命契约	借用容器与句柄对象不得提前结束寿命；现有类型Doxygen结合逐field审读	tests/task/test_ssa_async_frame_budget.c:109;tests/task/test_ssa_async_frame_budget.c:145	no-comment	现有职责注释和本次真实消费者契约一致；具体边界见审查记录，无需逐句复述
zr_vm_core/include/zr_vm_core/async_frame_budget.h	SZrAsyncFrameBudget.magic	field	zr_vm_core/src/zr_vm_core/execution/execution_async_wait.c:170;zr_vm_core/src/zr_vm_core/execution/execution_async_wait.c:185;zr_vm_core/src/zr_vm_core/execution/execution_async_wait.c:188	Init设置并由Validate核验ABI标记	具体所属类型读写与消费方向见field-use-proofs；禁止用同名其他类型字段充当消费者	zr_vm_core/src/zr_vm_core/execution/execution_async_wait.c:170;zr_vm_core/src/zr_vm_core/execution/execution_async_wait.c:185;zr_vm_core/src/zr_vm_core/execution/execution_async_wait.c:188	no-comment	当前字段读写与类型/API已有宏观说明结合台账已完整解释，无需每字段重复源码
zr_vm_core/include/zr_vm_core/async_frame_budget.h	SZrAsyncFrameBudget.schemaVersion	field	zr_vm_core/src/zr_vm_core/execution/execution_async_wait.c:171;zr_vm_core/src/zr_vm_core/execution/execution_async_wait.c:191;zr_vm_core/src/zr_vm_core/execution/execution_async_wait.c:195	Init设置并与共享schema版本匹配	具体所属类型读写与消费方向见field-use-proofs；禁止用同名其他类型字段充当消费者	zr_vm_core/src/zr_vm_core/execution/execution_async_wait.c:171;zr_vm_core/src/zr_vm_core/execution/execution_async_wait.c:191;zr_vm_core/src/zr_vm_core/execution/execution_async_wait.c:195	no-comment	当前字段读写与类型/API已有宏观说明结合台账已完整解释，无需每字段重复源码
zr_vm_core/include/zr_vm_core/async_frame_budget.h	SZrAsyncFrameBudget.flags	field	zr_vm_core/src/zr_vm_core/execution/execution_async_wait.c:197;zr_vm_core/src/zr_vm_core/execution/execution_async_wait.c:205;zr_vm_core/src/zr_vm_core/execution/execution_async_wait.c:214;zr_vm_core/src/zr_vm_core/execution/execution_async_wait.c:215;zr_vm_core/src/zr_vm_core/execution/execution_async_wait.c:218;zr_vm_core/src/zr_vm_core/execution/execution_async_wait.c:221;zr_vm_core/src/zr_vm_core/execution/execution_async_wait.c:272;zr_vm_core/src/zr_vm_core/execution/execution_async_wait.c:273;zr_vm_core/src/zr_vm_core/execution/execution_async_wait.c:276;zr_vm_core/src/zr_vm_core/execution/execution_async_wait.c:279;zr_vm_core/src/zr_vm_core/execution/execution_async_wait.c:283;zr_vm_core/src/zr_vm_core/execution/execution_async_wait.c:285;zr_vm_core/src/zr_vm_core/execution/execution_async_wait.c:289;zr_vm_core/src/zr_vm_core/execution/execution_async_wait.c:291;zr_vm_core/src/zr_vm_core/execution/execution_async_wait.c:295;zr_vm_core/src/zr_vm_core/execution/execution_async_wait.c:298;zr_vm_core/src/zr_vm_core/execution/execution_async_wait.c:308;zr_vm_core/src/zr_vm_core/execution/execution_async_wait.c:365;tests/task/test_ssa_async_frame_budget.c:118;tests/task/test_ssa_async_frame_budget.c:154;tests/task/test_ssa_async_frame_budget.c:163;tests/task/test_ssa_async_frame_budget.c:191;tests/task/test_ssa_async_frame_budget.c:222	调用方报告异步许可与活跃资源，Validate拒绝未知位	具体所属类型读写与消费方向见field-use-proofs；禁止用同名其他类型字段充当消费者	zr_vm_core/src/zr_vm_core/execution/execution_async_wait.c:197;zr_vm_core/src/zr_vm_core/execution/execution_async_wait.c:205;zr_vm_core/src/zr_vm_core/execution/execution_async_wait.c:214	no-comment	当前字段读写与类型/API已有宏观说明结合台账已完整解释，无需每字段重复源码
zr_vm_core/include/zr_vm_core/async_frame_budget.h	SZrAsyncFrameBudget.status	field	zr_vm_core/src/zr_vm_core/execution/execution_async_wait.c:172;zr_vm_core/src/zr_vm_core/execution/execution_async_wait.c:187;zr_vm_core/src/zr_vm_core/execution/execution_async_wait.c:193;zr_vm_core/src/zr_vm_core/execution/execution_async_wait.c:199;zr_vm_core/src/zr_vm_core/execution/execution_async_wait.c:204;zr_vm_core/src/zr_vm_core/execution/execution_async_wait.c:210;zr_vm_core/src/zr_vm_core/execution/execution_async_wait.c:217;zr_vm_core/src/zr_vm_core/execution/execution_async_wait.c:224;zr_vm_core/src/zr_vm_core/execution/execution_async_wait.c:240;zr_vm_core/src/zr_vm_core/execution/execution_async_wait.c:242;zr_vm_core/src/zr_vm_core/execution/execution_async_wait.c:243;zr_vm_core/src/zr_vm_core/execution/execution_async_wait.c:246;zr_vm_core/src/zr_vm_core/execution/execution_async_wait.c:265;zr_vm_core/src/zr_vm_core/execution/execution_async_wait.c:266;zr_vm_core/src/zr_vm_core/execution/execution_async_wait.c:268;zr_vm_core/src/zr_vm_core/execution/execution_async_wait.c:269;zr_vm_core/src/zr_vm_core/execution/execution_async_wait.c:275;zr_vm_core/src/zr_vm_core/execution/execution_async_wait.c:282;zr_vm_core/src/zr_vm_core/execution/execution_async_wait.c:288;zr_vm_core/src/zr_vm_core/execution/execution_async_wait.c:294;zr_vm_core/src/zr_vm_core/execution/execution_async_wait.c:300;zr_vm_core/src/zr_vm_core/execution/execution_async_wait.c:305;zr_vm_core/src/zr_vm_core/execution/execution_async_wait.c:312;zr_vm_core/src/zr_vm_core/execution/execution_async_wait.c:333;zr_vm_core/src/zr_vm_core/execution/execution_async_wait.c:336;zr_vm_core/src/zr_vm_core/execution/execution_async_wait.c:338;zr_vm_core/src/zr_vm_core/execution/execution_async_wait.c:339;zr_vm_core/src/zr_vm_core/execution/execution_async_wait.c:369;zr_vm_core/src/zr_vm_core/execution/execution_async_wait.c:385;zr_vm_core/src/zr_vm_core/execution/execution_async_wait.c:388;zr_vm_core/src/zr_vm_core/execution/execution_async_wait.c:410;zr_vm_core/src/zr_vm_core/execution/execution_async_wait.c:418;zr_vm_core/src/zr_vm_core/execution/execution_async_wait.c:434;zr_vm_core/src/zr_vm_core/execution/execution_async_wait.c:435;zr_vm_core/src/zr_vm_core/execution/execution_async_wait.c:437;zr_vm_core/src/zr_vm_core/execution/execution_async_wait.c:438;zr_vm_core/src/zr_vm_core/execution/execution_async_wait.c:443;zr_vm_core/src/zr_vm_core/execution/execution_async_wait.c:446;zr_vm_core/src/zr_vm_core/execution/execution_async_wait.c:460;zr_vm_core/src/zr_vm_core/execution/execution_async_wait.c:461;zr_vm_core/src/zr_vm_core/execution/execution_async_wait.c:462;zr_vm_core/src/zr_vm_core/execution/execution_async_wait.c:463;zr_vm_core/src/zr_vm_core/execution/execution_async_wait.c:465;zr_vm_core/src/zr_vm_core/execution/execution_async_wait.c:466;zr_vm_core/src/zr_vm_core/execution/execution_async_wait.c:471;zr_vm_core/src/zr_vm_core/execution/execution_async_wait.c:474;zr_vm_core/src/zr_vm_core/execution/execution_async_wait.c:486;zr_vm_core/src/zr_vm_core/execution/execution_async_wait.c:487;zr_vm_core/src/zr_vm_core/execution/execution_async_wait.c:489;zr_vm_core/src/zr_vm_core/execution/execution_async_wait.c:490;zr_vm_core/src/zr_vm_core/execution/execution_async_wait.c:495;zr_vm_core/src/zr_vm_core/execution/execution_async_wait.c:511;zr_vm_core/src/zr_vm_core/execution/execution_async_wait.c:526;zr_vm_core/src/zr_vm_core/execution/execution_async_wait.c:527;zr_vm_core/src/zr_vm_core/execution/execution_async_wait.c:528;zr_vm_core/src/zr_vm_core/execution/execution_async_wait.c:529;zr_vm_core/src/zr_vm_core/execution/execution_async_wait.c:531;zr_vm_core/src/zr_vm_core/execution/execution_async_wait.c:532;zr_vm_core/src/zr_vm_core/execution/execution_async_wait.c:547;zr_vm_core/src/zr_vm_core/execution/execution_async_wait.c:549;zr_vm_core/src/zr_vm_core/execution/execution_async_wait.c:550;zr_vm_core/src/zr_vm_core/execution/execution_async_wait.c:554;zr_vm_core/src/zr_vm_core/execution/execution_async_wait.c:557;zr_vm_core/src/zr_vm_core/execution/execution_async_wait.c:560;zr_vm_core/src/zr_vm_core/execution/execution_async_wait.c:571;zr_vm_core/src/zr_vm_core/execution/execution_async_wait.c:574;zr_vm_core/src/zr_vm_core/execution/execution_async_wait.c:575;zr_vm_core/src/zr_vm_core/execution/execution_async_wait.c:577;zr_vm_core/src/zr_vm_core/execution/execution_async_wait.c:578;zr_vm_core/src/zr_vm_core/execution/execution_async_wait.c:583;zr_vm_core/src/zr_vm_core/execution/execution_async_wait.c:586;tests/task/test_ssa_async_frame_budget.c:130;tests/task/test_ssa_async_frame_budget.c:135;tests/task/test_ssa_async_frame_budget.c:172;tests/task/test_ssa_async_frame_budget.c:174;tests/task/test_ssa_async_frame_budget.c:202;tests/task/test_ssa_async_frame_budget.c:205	帧转移门禁；调用者必须串行化普通字段访问	具体所属类型读写与消费方向见field-use-proofs；禁止用同名其他类型字段充当消费者	zr_vm_core/src/zr_vm_core/execution/execution_async_wait.c:172;zr_vm_core/src/zr_vm_core/execution/execution_async_wait.c:187;zr_vm_core/src/zr_vm_core/execution/execution_async_wait.c:193	no-comment	当前字段读写与类型/API已有宏观说明结合台账已完整解释，无需每字段重复源码
zr_vm_core/include/zr_vm_core/async_frame_budget.h	SZrAsyncFrameBudget.suspendReason	field	zr_vm_core/src/zr_vm_core/execution/execution_async_wait.c:173;zr_vm_core/src/zr_vm_core/execution/execution_async_wait.c:200;zr_vm_core/src/zr_vm_core/execution/execution_async_wait.c:247;zr_vm_core/src/zr_vm_core/execution/execution_async_wait.c:370;zr_vm_core/src/zr_vm_core/execution/execution_async_wait.c:389;zr_vm_core/src/zr_vm_core/execution/execution_async_wait.c:419;zr_vm_core/src/zr_vm_core/execution/execution_async_wait.c:447;zr_vm_core/src/zr_vm_core/execution/execution_async_wait.c:475;zr_vm_core/src/zr_vm_core/execution/execution_async_wait.c:558;tests/task/test_ssa_async_frame_budget.c:136	暂停原因，Resume正常分支清NONE；取消恢复保留原原因	具体所属类型读写与消费方向见field-use-proofs；禁止用同名其他类型字段充当消费者	zr_vm_core/src/zr_vm_core/execution/execution_async_wait.c:173;zr_vm_core/src/zr_vm_core/execution/execution_async_wait.c:200;zr_vm_core/src/zr_vm_core/execution/execution_async_wait.c:247	no-comment	当前字段读写与类型/API已有宏观说明结合台账已完整解释，无需每字段重复源码
zr_vm_core/include/zr_vm_core/async_frame_budget.h	SZrAsyncFrameBudget.pendingFlags	field	zr_vm_core/src/zr_vm_core/execution/execution_async_wait.c:249;zr_vm_core/src/zr_vm_core/execution/execution_async_wait.c:356;zr_vm_core/src/zr_vm_core/execution/execution_async_wait.c:359;zr_vm_core/src/zr_vm_core/execution/execution_async_wait.c:390;zr_vm_core/src/zr_vm_core/execution/execution_async_wait.c:420;zr_vm_core/src/zr_vm_core/execution/execution_async_wait.c:448;zr_vm_core/src/zr_vm_core/execution/execution_async_wait.c:536;zr_vm_core/src/zr_vm_core/execution/execution_async_wait.c:559;zr_vm_core/src/zr_vm_core/execution/execution_async_wait.c:587	预算/取消待处理位；WAIT位无实现消费者	具体所属类型读写与消费方向见field-use-proofs；禁止用同名其他类型字段充当消费者	zr_vm_core/src/zr_vm_core/execution/execution_async_wait.c:249;zr_vm_core/src/zr_vm_core/execution/execution_async_wait.c:356;zr_vm_core/src/zr_vm_core/execution/execution_async_wait.c:359	no-comment	当前字段读写与类型/API已有宏观说明结合台账已完整解释，无需每字段重复源码
zr_vm_core/include/zr_vm_core/async_frame_budget.h	SZrAsyncFrameBudget.stateMapId	field	zr_vm_core/src/zr_vm_core/execution/execution_async_wait.c:222;zr_vm_core/src/zr_vm_core/execution/execution_async_wait.c:309;tests/task/test_ssa_async_frame_budget.c:115;tests/task/test_ssa_async_frame_budget.c:151;tests/task/test_ssa_async_frame_budget.c:189;tests/task/test_ssa_async_frame_budget.c:220	STATE_MAP_VALID时要求非零的恢复边界标识	具体所属类型读写与消费方向见field-use-proofs；禁止用同名其他类型字段充当消费者	zr_vm_core/src/zr_vm_core/execution/execution_async_wait.c:222;zr_vm_core/src/zr_vm_core/execution/execution_async_wait.c:309;tests/task/test_ssa_async_frame_budget.c:115	no-comment	当前字段读写与类型/API已有宏观说明结合台账已完整解释，无需每字段重复源码
zr_vm_core/include/zr_vm_core/async_frame_budget.h	SZrAsyncFrameBudget.pinCount	field	zr_vm_core/src/zr_vm_core/execution/execution_async_wait.c:441;zr_vm_core/src/zr_vm_core/execution/execution_async_wait.c:444;zr_vm_core/src/zr_vm_core/execution/execution_async_wait.c:469;zr_vm_core/src/zr_vm_core/execution/execution_async_wait.c:472;zr_vm_core/src/zr_vm_core/execution/execution_async_wait.c:493;zr_vm_core/src/zr_vm_core/execution/execution_async_wait.c:496;zr_vm_core/src/zr_vm_core/execution/execution_async_wait.c:498;zr_vm_core/src/zr_vm_core/execution/execution_async_wait.c:509;zr_vm_core/src/zr_vm_core/execution/execution_async_wait.c:514;zr_vm_core/src/zr_vm_core/execution/execution_async_wait.c:581;zr_vm_core/src/zr_vm_core/execution/execution_async_wait.c:584;tests/task/test_ssa_async_frame_budget.c:165;tests/task/test_ssa_async_frame_budget.c:167	Pin/Unpin维护的终结门禁计数，不注册GC根或持有真实对象	具体所属类型读写与消费方向见field-use-proofs；禁止用同名其他类型字段充当消费者	zr_vm_core/src/zr_vm_core/execution/execution_async_wait.c:441;zr_vm_core/src/zr_vm_core/execution/execution_async_wait.c:444;zr_vm_core/src/zr_vm_core/execution/execution_async_wait.c:469	no-comment	当前字段读写与类型/API已有宏观说明结合台账已完整解释，无需每字段重复源码
zr_vm_core/include/zr_vm_core/async_frame_budget.h	SZrAsyncFrameBudget.frameId	field	zr_vm_core/src/zr_vm_core/execution/execution_async_wait.c:208;zr_vm_core/src/zr_vm_core/execution/execution_async_wait.c:211;tests/task/test_ssa_async_frame_budget.c:113;tests/task/test_ssa_async_frame_budget.c:149;tests/task/test_ssa_async_frame_budget.c:187;tests/task/test_ssa_async_frame_budget.c:218	调用方初始化的非零帧标识	具体所属类型读写与消费方向见field-use-proofs；禁止用同名其他类型字段充当消费者	zr_vm_core/src/zr_vm_core/execution/execution_async_wait.c:208;zr_vm_core/src/zr_vm_core/execution/execution_async_wait.c:211;tests/task/test_ssa_async_frame_budget.c:113	no-comment	当前字段读写与类型/API已有宏观说明结合台账已完整解释，无需每字段重复源码
zr_vm_core/include/zr_vm_core/async_frame_budget.h	SZrAsyncFrameBudget.generation	field	zr_vm_core/src/zr_vm_core/execution/execution_async_wait.c:189;zr_vm_core/src/zr_vm_core/execution/execution_async_wait.c:195;zr_vm_core/src/zr_vm_core/execution/execution_async_wait.c:206;zr_vm_core/src/zr_vm_core/execution/execution_async_wait.c:208;zr_vm_core/src/zr_vm_core/execution/execution_async_wait.c:211;zr_vm_core/src/zr_vm_core/execution/execution_async_wait.c:212;zr_vm_core/src/zr_vm_core/execution/execution_async_wait.c:219;zr_vm_core/src/zr_vm_core/execution/execution_async_wait.c:222;zr_vm_core/src/zr_vm_core/execution/execution_async_wait.c:225;zr_vm_core/src/zr_vm_core/execution/execution_async_wait.c:226;zr_vm_core/src/zr_vm_core/execution/execution_async_wait.c:244;zr_vm_core/src/zr_vm_core/execution/execution_async_wait.c:270;zr_vm_core/src/zr_vm_core/execution/execution_async_wait.c:277;zr_vm_core/src/zr_vm_core/execution/execution_async_wait.c:283;zr_vm_core/src/zr_vm_core/execution/execution_async_wait.c:289;zr_vm_core/src/zr_vm_core/execution/execution_async_wait.c:295;zr_vm_core/src/zr_vm_core/execution/execution_async_wait.c:301;zr_vm_core/src/zr_vm_core/execution/execution_async_wait.c:306;zr_vm_core/src/zr_vm_core/execution/execution_async_wait.c:310;zr_vm_core/src/zr_vm_core/execution/execution_async_wait.c:313;zr_vm_core/src/zr_vm_core/execution/execution_async_wait.c:314;zr_vm_core/src/zr_vm_core/execution/execution_async_wait.c:340;zr_vm_core/src/zr_vm_core/execution/execution_async_wait.c:412;zr_vm_core/src/zr_vm_core/execution/execution_async_wait.c:439;zr_vm_core/src/zr_vm_core/execution/execution_async_wait.c:444;zr_vm_core/src/zr_vm_core/execution/execution_async_wait.c:467;zr_vm_core/src/zr_vm_core/execution/execution_async_wait.c:472;zr_vm_core/src/zr_vm_core/execution/execution_async_wait.c:491;zr_vm_core/src/zr_vm_core/execution/execution_async_wait.c:496;zr_vm_core/src/zr_vm_core/execution/execution_async_wait.c:512;zr_vm_core/src/zr_vm_core/execution/execution_async_wait.c:533;zr_vm_core/src/zr_vm_core/execution/execution_async_wait.c:551;zr_vm_core/src/zr_vm_core/execution/execution_async_wait.c:579;zr_vm_core/src/zr_vm_core/execution/execution_async_wait.c:584;tests/task/test_ssa_async_frame_budget.c:114;tests/task/test_ssa_async_frame_budget.c:150;tests/task/test_ssa_async_frame_budget.c:188;tests/task/test_ssa_async_frame_budget.c:219	调用方初始化的非零代际	具体所属类型读写与消费方向见field-use-proofs；禁止用同名其他类型字段充当消费者	zr_vm_core/src/zr_vm_core/execution/execution_async_wait.c:189;zr_vm_core/src/zr_vm_core/execution/execution_async_wait.c:195;zr_vm_core/src/zr_vm_core/execution/execution_async_wait.c:206	no-comment	当前字段读写与类型/API已有宏观说明结合台账已完整解释，无需每字段重复源码
zr_vm_core/include/zr_vm_core/async_frame_budget.h	SZrAsyncFrameBudget.stateMapGeneration	field	zr_vm_core/src/zr_vm_core/execution/execution_async_wait.c:222;zr_vm_core/src/zr_vm_core/execution/execution_async_wait.c:225;zr_vm_core/src/zr_vm_core/execution/execution_async_wait.c:310;zr_vm_core/src/zr_vm_core/execution/execution_async_wait.c:313;tests/task/test_ssa_async_frame_budget.c:116;tests/task/test_ssa_async_frame_budget.c:152;tests/task/test_ssa_async_frame_budget.c:190;tests/task/test_ssa_async_frame_budget.c:221	声明state map有效时必须等于帧generation	具体所属类型读写与消费方向见field-use-proofs；禁止用同名其他类型字段充当消费者	zr_vm_core/src/zr_vm_core/execution/execution_async_wait.c:222;zr_vm_core/src/zr_vm_core/execution/execution_async_wait.c:225;zr_vm_core/src/zr_vm_core/execution/execution_async_wait.c:310	no-comment	当前字段读写与类型/API已有宏观说明结合台账已完整解释，无需每字段重复源码
zr_vm_core/include/zr_vm_core/async_frame_budget.h	SZrAsyncFrameBudget.maxWorkUnits	field	zr_vm_core/src/zr_vm_core/execution/execution_async_wait.c:352;zr_vm_core/src/zr_vm_core/execution/execution_async_wait.c:353;tests/task/test_ssa_async_frame_budget.c:117;tests/task/test_ssa_async_frame_budget.c:153	零表示无工作量上限，Resume不会清已消费用量	具体所属类型读写与消费方向见field-use-proofs；禁止用同名其他类型字段充当消费者	zr_vm_core/src/zr_vm_core/execution/execution_async_wait.c:352;zr_vm_core/src/zr_vm_core/execution/execution_async_wait.c:353;tests/task/test_ssa_async_frame_budget.c:117	no-comment	当前字段读写与类型/API已有宏观说明结合台账已完整解释，无需每字段重复源码
zr_vm_core/include/zr_vm_core/async_frame_budget.h	SZrAsyncFrameBudget.consumedWorkUnits	field	zr_vm_core/src/zr_vm_core/execution/execution_async_wait.c:250;zr_vm_core/src/zr_vm_core/execution/execution_async_wait.c:346;zr_vm_core/src/zr_vm_core/execution/execution_async_wait.c:348;zr_vm_core/src/zr_vm_core/execution/execution_async_wait.c:350;zr_vm_core/src/zr_vm_core/execution/execution_async_wait.c:353	Poll累积并饱和到UINT64_MAX，Begin清零	具体所属类型读写与消费方向见field-use-proofs；禁止用同名其他类型字段充当消费者	zr_vm_core/src/zr_vm_core/execution/execution_async_wait.c:250;zr_vm_core/src/zr_vm_core/execution/execution_async_wait.c:346;zr_vm_core/src/zr_vm_core/execution/execution_async_wait.c:348	no-comment	当前字段读写与类型/API已有宏观说明结合台账已完整解释，无需每字段重复源码
zr_vm_core/include/zr_vm_core/async_frame_budget.h	SZrAsyncFrameBudget.pollCount	field	zr_vm_core/src/zr_vm_core/execution/execution_async_wait.c:251;zr_vm_core/src/zr_vm_core/execution/execution_async_wait.c:343;zr_vm_core/src/zr_vm_core/execution/execution_async_wait.c:344	RUNNING有效Poll的饱和计数	具体所属类型读写与消费方向见field-use-proofs；禁止用同名其他类型字段充当消费者	zr_vm_core/src/zr_vm_core/execution/execution_async_wait.c:251;zr_vm_core/src/zr_vm_core/execution/execution_async_wait.c:343;zr_vm_core/src/zr_vm_core/execution/execution_async_wait.c:344	no-comment	当前字段读写与类型/API已有宏观说明结合台账已完整解释，无需每字段重复源码
zr_vm_core/include/zr_vm_core/async_frame_budget.h	SZrAsyncFrameBudget.suspensionCount	field	zr_vm_core/src/zr_vm_core/execution/execution_async_wait.c:252;zr_vm_core/src/zr_vm_core/execution/execution_async_wait.c:391;zr_vm_core/src/zr_vm_core/execution/execution_async_wait.c:392;zr_vm_core/src/zr_vm_core/execution/execution_async_wait.c:421;zr_vm_core/src/zr_vm_core/execution/execution_async_wait.c:422;tests/task/test_ssa_async_frame_budget.c:137	成功预算/显式暂停的饱和计数	具体所属类型读写与消费方向见field-use-proofs；禁止用同名其他类型字段充当消费者	zr_vm_core/src/zr_vm_core/execution/execution_async_wait.c:252;zr_vm_core/src/zr_vm_core/execution/execution_async_wait.c:391;zr_vm_core/src/zr_vm_core/execution/execution_async_wait.c:392	no-comment	当前字段读写与类型/API已有宏观说明结合台账已完整解释，无需每字段重复源码
zr_vm_core/include/zr_vm_core/async_frame_budget.h	SZrAsyncFrameBudget.cancellationRequested	field	zr_vm_core/src/zr_vm_core/execution/execution_async_wait.c:201;zr_vm_core/src/zr_vm_core/execution/execution_async_wait.c:202;zr_vm_core/src/zr_vm_core/execution/execution_async_wait.c:248;zr_vm_core/src/zr_vm_core/execution/execution_async_wait.c:354;zr_vm_core/src/zr_vm_core/execution/execution_async_wait.c:535;zr_vm_core/src/zr_vm_core/execution/execution_async_wait.c:553;zr_vm_core/src/zr_vm_core/execution/execution_async_wait.c:588	原子取消位仅接受0或1；其他普通字段仍需外部同步	具体所属类型读写与消费方向见field-use-proofs；禁止用同名其他类型字段充当消费者	zr_vm_core/src/zr_vm_core/execution/execution_async_wait.c:201;zr_vm_core/src/zr_vm_core/execution/execution_async_wait.c:202;zr_vm_core/src/zr_vm_core/execution/execution_async_wait.c:248	no-comment	当前字段读写与类型/API已有宏观说明结合台账已完整解释，无需每字段重复源码
zr_vm_core/include/zr_vm_core/async_frame_budget.h	SZrAsyncFrameBudget.reserved	field	zr_vm_core/src/zr_vm_core/execution/execution_async_wait.c:198	Validate要求为零	具体所属类型读写与消费方向见field-use-proofs；禁止用同名其他类型字段充当消费者	zr_vm_core/src/zr_vm_core/execution/execution_async_wait.c:198	no-comment	当前字段读写与类型/API已有宏观说明结合台账已完整解释，无需每字段重复源码
zr_vm_core/include/zr_vm_core/async_frame_budget.h	SZrAsyncWaitSlot	type	zr_vm_core/src/zr_vm_core/execution/execution_async_wait.c:596;zr_vm_core/src/zr_vm_core/execution/execution_async_wait.c:673;zr_vm_core/src/zr_vm_core/execution/execution_async_wait.c:810;zr_vm_core/src/zr_vm_core/execution/execution_async_wait.c:842;zr_vm_core/src/zr_vm_core/execution/execution_async_wait.c:899;zr_vm_core/src/zr_vm_core/execution/execution_async_wait.c:939;zr_vm_core/src/zr_vm_core/execution/execution_async_wait.c:980;zr_vm_core/src/zr_vm_core/execution/execution_async_wait.c:989;tests/task/test_ssa_async_frame_budget.c:238;tests/task/test_ssa_async_frame_budget.c:287;tests/task/test_ssa_async_frame_budget.c:340;tests/task/ssa_async_stale_handle_cases.inc:7	为预算/等待/编译消费者保存标量身份与寿命契约	借用容器与句柄对象不得提前结束寿命；现有类型Doxygen结合逐field审读	zr_vm_core/src/zr_vm_core/execution/execution_async_wait.c:596;zr_vm_core/src/zr_vm_core/execution/execution_async_wait.c:673	no-comment	现有职责注释和本次真实消费者契约一致；具体边界见审查记录，无需逐句复述
zr_vm_core/include/zr_vm_core/async_frame_budget.h	SZrAsyncWaitSlot.state	field	zr_vm_core/src/zr_vm_core/execution/execution_async_wait.c:607;zr_vm_core/src/zr_vm_core/execution/execution_async_wait.c:609;zr_vm_core/src/zr_vm_core/execution/execution_async_wait.c:635;zr_vm_core/src/zr_vm_core/execution/execution_async_wait.c:655;zr_vm_core/src/zr_vm_core/execution/execution_async_wait.c:734;zr_vm_core/src/zr_vm_core/execution/execution_async_wait.c:761;zr_vm_core/src/zr_vm_core/execution/execution_async_wait.c:772;zr_vm_core/src/zr_vm_core/execution/execution_async_wait.c:776;zr_vm_core/src/zr_vm_core/execution/execution_async_wait.c:778;zr_vm_core/src/zr_vm_core/execution/execution_async_wait.c:819;zr_vm_core/src/zr_vm_core/execution/execution_async_wait.c:823;zr_vm_core/src/zr_vm_core/execution/execution_async_wait.c:854;zr_vm_core/src/zr_vm_core/execution/execution_async_wait.c:858;zr_vm_core/src/zr_vm_core/execution/execution_async_wait.c:909;zr_vm_core/src/zr_vm_core/execution/execution_async_wait.c:924;zr_vm_core/src/zr_vm_core/execution/execution_async_wait.c:956;zr_vm_core/src/zr_vm_core/execution/execution_async_wait.c:960;zr_vm_core/src/zr_vm_core/execution/execution_async_wait.c:983;tests/task/ssa_async_stale_handle_cases.inc:35;tests/task/ssa_async_stale_handle_cases.inc:71	注册、获胜终态与恢复状态的原子门禁	具体所属类型读写与消费方向见field-use-proofs；禁止用同名其他类型字段充当消费者	zr_vm_core/src/zr_vm_core/execution/execution_async_wait.c:607;zr_vm_core/src/zr_vm_core/execution/execution_async_wait.c:609;zr_vm_core/src/zr_vm_core/execution/execution_async_wait.c:635	no-comment	当前字段读写与类型/API已有宏观说明结合台账已完整解释，无需每字段重复源码
zr_vm_core/include/zr_vm_core/async_frame_budget.h	SZrAsyncWaitSlot.resumeCount	field	zr_vm_core/src/zr_vm_core/execution/execution_async_wait.c:654;zr_vm_core/src/zr_vm_core/execution/execution_async_wait.c:760;zr_vm_core/src/zr_vm_core/execution/execution_async_wait.c:926;zr_vm_core/src/zr_vm_core/execution/execution_async_wait.c:928;zr_vm_core/src/zr_vm_core/execution/execution_async_wait.c:971;zr_vm_core/src/zr_vm_core/execution/execution_async_wait.c:990	获胜Resume增加一次；Release/Deinit清零	具体所属类型读写与消费方向见field-use-proofs；禁止用同名其他类型字段充当消费者	zr_vm_core/src/zr_vm_core/execution/execution_async_wait.c:654;zr_vm_core/src/zr_vm_core/execution/execution_async_wait.c:760;zr_vm_core/src/zr_vm_core/execution/execution_async_wait.c:926	no-comment	当前字段读写与类型/API已有宏观说明结合台账已完整解释，无需每字段重复源码
zr_vm_core/include/zr_vm_core/async_frame_budget.h	SZrAsyncWaitSlot.token	field	zr_vm_core/src/zr_vm_core/execution/execution_async_wait.c:606;zr_vm_core/src/zr_vm_core/execution/execution_async_wait.c:610;zr_vm_core/src/zr_vm_core/execution/execution_async_wait.c:650;zr_vm_core/src/zr_vm_core/execution/execution_async_wait.c:756;zr_vm_core/src/zr_vm_core/execution/execution_async_wait.c:952;zr_vm_core/src/zr_vm_core/execution/execution_async_wait.c:957;zr_vm_core/src/zr_vm_core/execution/execution_async_wait.c:967;tests/task/ssa_async_stale_handle_cases.inc:49;tests/task/ssa_async_stale_handle_cases.inc:54;tests/task/ssa_async_stale_handle_cases.inc:66;tests/task/ssa_async_stale_handle_cases.inc:72	同registry生命期单调分配的槽身份；Release清零	具体所属类型读写与消费方向见field-use-proofs；禁止用同名其他类型字段充当消费者	zr_vm_core/src/zr_vm_core/execution/execution_async_wait.c:606;zr_vm_core/src/zr_vm_core/execution/execution_async_wait.c:610;zr_vm_core/src/zr_vm_core/execution/execution_async_wait.c:650	no-comment	当前字段读写与类型/API已有宏观说明结合台账已完整解释，无需每字段重复源码
zr_vm_core/include/zr_vm_core/async_frame_budget.h	SZrAsyncWaitSlot.frameId	field	zr_vm_core/src/zr_vm_core/execution/execution_async_wait.c:651;zr_vm_core/src/zr_vm_core/execution/execution_async_wait.c:757;zr_vm_core/src/zr_vm_core/execution/execution_async_wait.c:968	请求复制的帧标识，不连接真实frame对象	具体所属类型读写与消费方向见field-use-proofs；禁止用同名其他类型字段充当消费者	zr_vm_core/src/zr_vm_core/execution/execution_async_wait.c:651;zr_vm_core/src/zr_vm_core/execution/execution_async_wait.c:757;zr_vm_core/src/zr_vm_core/execution/execution_async_wait.c:968	no-comment	当前字段读写与类型/API已有宏观说明结合台账已完整解释，无需每字段重复源码
zr_vm_core/include/zr_vm_core/async_frame_budget.h	SZrAsyncWaitSlot.generation	field	zr_vm_core/src/zr_vm_core/execution/execution_async_wait.c:606;zr_vm_core/src/zr_vm_core/execution/execution_async_wait.c:652;zr_vm_core/src/zr_vm_core/execution/execution_async_wait.c:758;zr_vm_core/src/zr_vm_core/execution/execution_async_wait.c:953;zr_vm_core/src/zr_vm_core/execution/execution_async_wait.c:969;tests/task/ssa_async_stale_handle_cases.inc:72	请求复制并与handle共同核对的代际	具体所属类型读写与消费方向见field-use-proofs；禁止用同名其他类型字段充当消费者	zr_vm_core/src/zr_vm_core/execution/execution_async_wait.c:606;zr_vm_core/src/zr_vm_core/execution/execution_async_wait.c:652;zr_vm_core/src/zr_vm_core/execution/execution_async_wait.c:758	no-comment	当前字段读写与类型/API已有宏观说明结合台账已完整解释，无需每字段重复源码
zr_vm_core/include/zr_vm_core/async_frame_budget.h	SZrAsyncWaitSlot.deadlineMicros	field	zr_vm_core/src/zr_vm_core/execution/execution_async_wait.c:653;zr_vm_core/src/zr_vm_core/execution/execution_async_wait.c:759;zr_vm_core/src/zr_vm_core/execution/execution_async_wait.c:970	只保存请求期限；Timeout不读取时钟或比较期限	具体所属类型读写与消费方向见field-use-proofs；禁止用同名其他类型字段充当消费者	zr_vm_core/src/zr_vm_core/execution/execution_async_wait.c:653;zr_vm_core/src/zr_vm_core/execution/execution_async_wait.c:759;zr_vm_core/src/zr_vm_core/execution/execution_async_wait.c:970	no-comment	当前字段读写与类型/API已有宏观说明结合台账已完整解释，无需每字段重复源码
zr_vm_core/include/zr_vm_core/async_frame_budget.h	SZrAsyncWaitRegistry	type	tests/task/test_ssa_async_frame_budget.c:239;tests/task/test_ssa_async_frame_budget.c:288;tests/task/test_ssa_async_frame_budget.c:341;tests/task/ssa_async_stale_handle_cases.inc:8	为预算/等待/编译消费者保存标量身份与寿命契约	借用容器与句柄对象不得提前结束寿命；现有类型Doxygen结合逐field审读	tests/task/test_ssa_async_frame_budget.c:239;tests/task/test_ssa_async_frame_budget.c:288	no-comment	现有职责注释和本次真实消费者契约一致；具体边界见审查记录，无需逐句复述
zr_vm_core/include/zr_vm_core/async_frame_budget.h	SZrAsyncWaitRegistry.lock	field	zr_vm_core/src/zr_vm_core/execution/execution_async_wait.c:647;zr_vm_core/src/zr_vm_core/execution/execution_async_wait.c:662;zr_vm_core/src/zr_vm_core/execution/execution_async_wait.c:732;zr_vm_core/src/zr_vm_core/execution/execution_async_wait.c:741;zr_vm_core/src/zr_vm_core/execution/execution_async_wait.c:749;zr_vm_core/src/zr_vm_core/execution/execution_async_wait.c:766;zr_vm_core/src/zr_vm_core/execution/execution_async_wait.c:951;zr_vm_core/src/zr_vm_core/execution/execution_async_wait.c:954;zr_vm_core/src/zr_vm_core/execution/execution_async_wait.c:961;zr_vm_core/src/zr_vm_core/execution/execution_async_wait.c:972	串行化槽领取/Release清身份；不是全API访问寿命锁	具体所属类型读写与消费方向见field-use-proofs；禁止用同名其他类型字段充当消费者	zr_vm_core/src/zr_vm_core/execution/execution_async_wait.c:647;zr_vm_core/src/zr_vm_core/execution/execution_async_wait.c:662;zr_vm_core/src/zr_vm_core/execution/execution_async_wait.c:732	no-comment	当前字段读写与类型/API已有宏观说明结合台账已完整解释，无需每字段重复源码
zr_vm_core/include/zr_vm_core/async_frame_budget.h	SZrAsyncWaitRegistry.nextToken	field	zr_vm_core/src/zr_vm_core/execution/execution_async_wait.c:632;zr_vm_core/src/zr_vm_core/execution/execution_async_wait.c:661;zr_vm_core/src/zr_vm_core/execution/execution_async_wait.c:747;zr_vm_core/src/zr_vm_core/execution/execution_async_wait.c:752;zr_vm_core/src/zr_vm_core/execution/execution_async_wait.c:755	从1分配token，UINT64_MAX之后置零拒绝新请求	具体所属类型读写与消费方向见field-use-proofs；禁止用同名其他类型字段充当消费者	zr_vm_core/src/zr_vm_core/execution/execution_async_wait.c:632;zr_vm_core/src/zr_vm_core/execution/execution_async_wait.c:661;zr_vm_core/src/zr_vm_core/execution/execution_async_wait.c:747	no-comment	当前字段读写与类型/API已有宏观说明结合台账已完整解释，无需每字段重复源码
zr_vm_core/include/zr_vm_core/async_frame_budget.h	SZrAsyncWaitRegistry.slots	field	zr_vm_core/src/zr_vm_core/execution/execution_async_wait.c:599;zr_vm_core/src/zr_vm_core/execution/execution_async_wait.c:605;zr_vm_core/src/zr_vm_core/execution/execution_async_wait.c:630;zr_vm_core/src/zr_vm_core/execution/execution_async_wait.c:648;zr_vm_core/src/zr_vm_core/execution/execution_async_wait.c:650;zr_vm_core/src/zr_vm_core/execution/execution_async_wait.c:651;zr_vm_core/src/zr_vm_core/execution/execution_async_wait.c:652;zr_vm_core/src/zr_vm_core/execution/execution_async_wait.c:653;zr_vm_core/src/zr_vm_core/execution/execution_async_wait.c:654;zr_vm_core/src/zr_vm_core/execution/execution_async_wait.c:655;zr_vm_core/src/zr_vm_core/execution/execution_async_wait.c:659;zr_vm_core/src/zr_vm_core/execution/execution_async_wait.c:678;zr_vm_core/src/zr_vm_core/execution/execution_async_wait.c:734;zr_vm_core/src/zr_vm_core/execution/execution_async_wait.c:736	借用调用方数组；Deinit不释放该存储	具体所属类型读写与消费方向见field-use-proofs；禁止用同名其他类型字段充当消费者	zr_vm_core/src/zr_vm_core/execution/execution_async_wait.c:599;zr_vm_core/src/zr_vm_core/execution/execution_async_wait.c:605;zr_vm_core/src/zr_vm_core/execution/execution_async_wait.c:630	no-comment	当前字段读写与类型/API已有宏观说明结合台账已完整解释，无需每字段重复源码
zr_vm_core/include/zr_vm_core/async_frame_budget.h	SZrAsyncWaitRegistry.capacity	field	zr_vm_core/src/zr_vm_core/execution/execution_async_wait.c:600;zr_vm_core/src/zr_vm_core/execution/execution_async_wait.c:631;zr_vm_core/src/zr_vm_core/execution/execution_async_wait.c:649;zr_vm_core/src/zr_vm_core/execution/execution_async_wait.c:660;zr_vm_core/src/zr_vm_core/execution/execution_async_wait.c:678;zr_vm_core/src/zr_vm_core/execution/execution_async_wait.c:733;zr_vm_core/src/zr_vm_core/execution/execution_async_wait.c:743;zr_vm_core/src/zr_vm_core/execution/execution_async_wait.c:744	Init要求非零的槽数量	具体所属类型读写与消费方向见field-use-proofs；禁止用同名其他类型字段充当消费者	zr_vm_core/src/zr_vm_core/execution/execution_async_wait.c:600;zr_vm_core/src/zr_vm_core/execution/execution_async_wait.c:631;zr_vm_core/src/zr_vm_core/execution/execution_async_wait.c:649	no-comment	当前字段读写与类型/API已有宏观说明结合台账已完整解释，无需每字段重复源码
zr_vm_core/include/zr_vm_core/async_frame_budget.h	SZrAsyncWaitRegistry.reserved	field	仓内未发现真实调用；全仓当前源码查询见symbol-boundary receipts，不排除仓外ABI消费者	Init清零；当前运行入口不读取该字段	具体所属类型读写与消费方向见field-use-proofs；禁止用同名其他类型字段充当消费者	zr_vm_core/include/zr_vm_core/async_frame_budget.h:260	TODO	完整实际消费者读取未发现字段读取入口；初始化写零不等于外部ABI约束，接入适配器时核查
zr_vm_core/include/zr_vm_core/async_frame_budget.h	SZrAsyncWaitHandle	type	tests/task/test_ssa_async_frame_budget.c:240;tests/task/test_ssa_async_frame_budget.c:289;tests/task/test_ssa_async_frame_budget.c:342;tests/task/ssa_async_stale_handle_cases.inc:3;tests/task/ssa_async_stale_handle_cases.inc:9;tests/task/ssa_async_stale_handle_cases.inc:10	为预算/等待/编译消费者保存标量身份与寿命契约	借用容器与句柄对象不得提前结束寿命；现有类型Doxygen结合逐field审读	tests/task/test_ssa_async_frame_budget.c:240;tests/task/test_ssa_async_frame_budget.c:289	no-comment	现有职责注释和本次真实消费者契约一致；具体边界见审查记录，无需逐句复述
zr_vm_core/include/zr_vm_core/async_frame_budget.h	SZrAsyncWaitHandle.registry	field	zr_vm_core/src/zr_vm_core/execution/execution_async_wait.c:598;zr_vm_core/src/zr_vm_core/execution/execution_async_wait.c:599;zr_vm_core/src/zr_vm_core/execution/execution_async_wait.c:600;zr_vm_core/src/zr_vm_core/execution/execution_async_wait.c:605;zr_vm_core/src/zr_vm_core/execution/execution_async_wait.c:951;zr_vm_core/src/zr_vm_core/execution/execution_async_wait.c:954;zr_vm_core/src/zr_vm_core/execution/execution_async_wait.c:961;zr_vm_core/src/zr_vm_core/execution/execution_async_wait.c:972	借用registry；Release和Deinit前结束同槽所有访问	具体所属类型读写与消费方向见field-use-proofs；禁止用同名其他类型字段充当消费者	zr_vm_core/src/zr_vm_core/execution/execution_async_wait.c:598;zr_vm_core/src/zr_vm_core/execution/execution_async_wait.c:599;zr_vm_core/src/zr_vm_core/execution/execution_async_wait.c:600	no-comment	当前字段读写与类型/API已有宏观说明结合台账已完整解释，无需每字段重复源码
zr_vm_core/include/zr_vm_core/async_frame_budget.h	SZrAsyncWaitHandle.slotIndex	field	zr_vm_core/src/zr_vm_core/execution/execution_async_wait.c:600;zr_vm_core/src/zr_vm_core/execution/execution_async_wait.c:605;tests/task/ssa_async_stale_handle_cases.inc:40	槽边界校验，不独自构成身份	具体所属类型读写与消费方向见field-use-proofs；禁止用同名其他类型字段充当消费者	zr_vm_core/src/zr_vm_core/execution/execution_async_wait.c:600;zr_vm_core/src/zr_vm_core/execution/execution_async_wait.c:605;tests/task/ssa_async_stale_handle_cases.inc:40	no-comment	当前字段读写与类型/API已有宏观说明结合台账已完整解释，无需每字段重复源码
zr_vm_core/include/zr_vm_core/async_frame_budget.h	SZrAsyncWaitHandle.token	field	zr_vm_core/src/zr_vm_core/execution/execution_async_wait.c:606;zr_vm_core/src/zr_vm_core/execution/execution_async_wait.c:610;zr_vm_core/src/zr_vm_core/execution/execution_async_wait.c:952;zr_vm_core/src/zr_vm_core/execution/execution_async_wait.c:957;tests/task/ssa_async_stale_handle_cases.inc:42;tests/task/ssa_async_stale_handle_cases.inc:43	与槽token匹配，拒绝重用后的旧handle	具体所属类型读写与消费方向见field-use-proofs；禁止用同名其他类型字段充当消费者	zr_vm_core/src/zr_vm_core/execution/execution_async_wait.c:606;zr_vm_core/src/zr_vm_core/execution/execution_async_wait.c:610;zr_vm_core/src/zr_vm_core/execution/execution_async_wait.c:952	no-comment	当前字段读写与类型/API已有宏观说明结合台账已完整解释，无需每字段重复源码
zr_vm_core/include/zr_vm_core/async_frame_budget.h	SZrAsyncWaitHandle.generation	field	zr_vm_core/src/zr_vm_core/execution/execution_async_wait.c:606;zr_vm_core/src/zr_vm_core/execution/execution_async_wait.c:610;zr_vm_core/src/zr_vm_core/execution/execution_async_wait.c:830;zr_vm_core/src/zr_vm_core/execution/execution_async_wait.c:834;zr_vm_core/src/zr_vm_core/execution/execution_async_wait.c:871;zr_vm_core/src/zr_vm_core/execution/execution_async_wait.c:914;zr_vm_core/src/zr_vm_core/execution/execution_async_wait.c:922;zr_vm_core/src/zr_vm_core/execution/execution_async_wait.c:953;zr_vm_core/src/zr_vm_core/execution/execution_async_wait.c:957;zr_vm_core/src/zr_vm_core/execution/execution_async_wait.c:965;tests/task/ssa_async_stale_handle_cases.inc:41	与槽generation匹配；同代际重用仍靠token区分	具体所属类型读写与消费方向见field-use-proofs；禁止用同名其他类型字段充当消费者	zr_vm_core/src/zr_vm_core/execution/execution_async_wait.c:606;zr_vm_core/src/zr_vm_core/execution/execution_async_wait.c:610;zr_vm_core/src/zr_vm_core/execution/execution_async_wait.c:830	no-comment	当前字段读写与类型/API已有宏观说明结合台账已完整解释，无需每字段重复源码
zr_vm_core/include/zr_vm_core/async_frame_budget.h	SZrAsyncWaitRequest	type	tests/task/test_ssa_async_frame_budget.c:241;tests/task/test_ssa_async_frame_budget.c:290;tests/task/test_ssa_async_frame_budget.c:343;tests/task/ssa_async_stale_handle_cases.inc:11	为预算/等待/编译消费者保存标量身份与寿命契约	借用容器与句柄对象不得提前结束寿命；现有类型Doxygen结合逐field审读	tests/task/test_ssa_async_frame_budget.c:241;tests/task/test_ssa_async_frame_budget.c:290	no-comment	现有职责注释和本次真实消费者契约一致；具体边界见审查记录，无需逐句复述
zr_vm_core/include/zr_vm_core/async_frame_budget.h	SZrAsyncWaitRequest.schemaVersion	field	zr_vm_core/src/zr_vm_core/execution/execution_async_wait.c:682;zr_vm_core/src/zr_vm_core/execution/execution_async_wait.c:686;tests/task/test_ssa_async_frame_budget.c:250;tests/task/test_ssa_async_frame_budget.c:299;tests/task/test_ssa_async_frame_budget.c:352;tests/task/ssa_async_stale_handle_cases.inc:21	Begin校验共享schema	具体所属类型读写与消费方向见field-use-proofs；禁止用同名其他类型字段充当消费者	zr_vm_core/src/zr_vm_core/execution/execution_async_wait.c:682;zr_vm_core/src/zr_vm_core/execution/execution_async_wait.c:686;tests/task/test_ssa_async_frame_budget.c:250	no-comment	当前字段读写与类型/API已有宏观说明结合台账已完整解释，无需每字段重复源码
zr_vm_core/include/zr_vm_core/async_frame_budget.h	SZrAsyncWaitRequest.registry	field	zr_vm_core/src/zr_vm_core/execution/execution_async_wait.c:792;tests/task/test_ssa_async_frame_budget.c:251;tests/task/test_ssa_async_frame_budget.c:300;tests/task/test_ssa_async_frame_budget.c:353;tests/task/ssa_async_stale_handle_cases.inc:22	仅包装入口使用，显式Begin使用形参registry	具体所属类型读写与消费方向见field-use-proofs；禁止用同名其他类型字段充当消费者	zr_vm_core/src/zr_vm_core/execution/execution_async_wait.c:792;tests/task/test_ssa_async_frame_budget.c:251;tests/task/test_ssa_async_frame_budget.c:300	no-comment	当前字段读写与类型/API已有宏观说明结合台账已完整解释，无需每字段重复源码
zr_vm_core/include/zr_vm_core/async_frame_budget.h	SZrAsyncWaitRequest.outHandle	field	zr_vm_core/src/zr_vm_core/execution/execution_async_wait.c:793;tests/task/test_ssa_async_frame_budget.c:252;tests/task/test_ssa_async_frame_budget.c:301;tests/task/test_ssa_async_frame_budget.c:354;tests/task/ssa_async_stale_handle_cases.inc:23	仅包装入口使用，显式Begin使用形参outHandle	具体所属类型读写与消费方向见field-use-proofs；禁止用同名其他类型字段充当消费者	zr_vm_core/src/zr_vm_core/execution/execution_async_wait.c:793;tests/task/test_ssa_async_frame_budget.c:252;tests/task/test_ssa_async_frame_budget.c:301	no-comment	当前字段读写与类型/API已有宏观说明结合台账已完整解释，无需每字段重复源码
zr_vm_core/include/zr_vm_core/async_frame_budget.h	SZrAsyncWaitRequest.frameId	field	zr_vm_core/src/zr_vm_core/execution/execution_async_wait.c:688;zr_vm_core/src/zr_vm_core/execution/execution_async_wait.c:692;zr_vm_core/src/zr_vm_core/execution/execution_async_wait.c:757;tests/task/test_ssa_async_frame_budget.c:253;tests/task/test_ssa_async_frame_budget.c:302;tests/task/test_ssa_async_frame_budget.c:355;tests/task/ssa_async_stale_handle_cases.inc:24	非零标量身份，不保活VM或帧	具体所属类型读写与消费方向见field-use-proofs；禁止用同名其他类型字段充当消费者	zr_vm_core/src/zr_vm_core/execution/execution_async_wait.c:688;zr_vm_core/src/zr_vm_core/execution/execution_async_wait.c:692;zr_vm_core/src/zr_vm_core/execution/execution_async_wait.c:757	no-comment	当前字段读写与类型/API已有宏观说明结合台账已完整解释，无需每字段重复源码
zr_vm_core/include/zr_vm_core/async_frame_budget.h	SZrAsyncWaitRequest.generation	field	zr_vm_core/src/zr_vm_core/execution/execution_async_wait.c:686;zr_vm_core/src/zr_vm_core/execution/execution_async_wait.c:688;zr_vm_core/src/zr_vm_core/execution/execution_async_wait.c:693;zr_vm_core/src/zr_vm_core/execution/execution_async_wait.c:694;zr_vm_core/src/zr_vm_core/execution/execution_async_wait.c:704;zr_vm_core/src/zr_vm_core/execution/execution_async_wait.c:714;zr_vm_core/src/zr_vm_core/execution/execution_async_wait.c:724;zr_vm_core/src/zr_vm_core/execution/execution_async_wait.c:729;zr_vm_core/src/zr_vm_core/execution/execution_async_wait.c:744;zr_vm_core/src/zr_vm_core/execution/execution_async_wait.c:753;zr_vm_core/src/zr_vm_core/execution/execution_async_wait.c:758;zr_vm_core/src/zr_vm_core/execution/execution_async_wait.c:765;tests/task/test_ssa_async_frame_budget.c:254;tests/task/test_ssa_async_frame_budget.c:303;tests/task/test_ssa_async_frame_budget.c:356;tests/task/ssa_async_stale_handle_cases.inc:25	非零标量代际，复制到槽与handle	具体所属类型读写与消费方向见field-use-proofs；禁止用同名其他类型字段充当消费者	zr_vm_core/src/zr_vm_core/execution/execution_async_wait.c:686;zr_vm_core/src/zr_vm_core/execution/execution_async_wait.c:688;zr_vm_core/src/zr_vm_core/execution/execution_async_wait.c:693	no-comment	当前字段读写与类型/API已有宏观说明结合台账已完整解释，无需每字段重复源码
zr_vm_core/include/zr_vm_core/async_frame_budget.h	SZrAsyncWaitRequest.deadlineMicros	field	zr_vm_core/src/zr_vm_core/execution/execution_async_wait.c:759	复制到槽；调用者负责触发Timeout事件	具体所属类型读写与消费方向见field-use-proofs；禁止用同名其他类型字段充当消费者	zr_vm_core/src/zr_vm_core/execution/execution_async_wait.c:759	no-comment	当前字段读写与类型/API已有宏观说明结合台账已完整解释，无需每字段重复源码
zr_vm_core/include/zr_vm_core/async_frame_budget.h	SZrAsyncWaitRequest.sourceId	field	zr_vm_core/src/zr_vm_core/execution/execution_async_wait.c:698;zr_vm_core/src/zr_vm_core/execution/execution_async_wait.c:708;zr_vm_core/src/zr_vm_core/execution/execution_async_wait.c:718	资源拒绝诊断位置标识	具体所属类型读写与消费方向见field-use-proofs；禁止用同名其他类型字段充当消费者	zr_vm_core/src/zr_vm_core/execution/execution_async_wait.c:698;zr_vm_core/src/zr_vm_core/execution/execution_async_wait.c:708;zr_vm_core/src/zr_vm_core/execution/execution_async_wait.c:718	no-comment	当前字段读写与类型/API已有宏观说明结合台账已完整解释，无需每字段重复源码
zr_vm_core/include/zr_vm_core/async_frame_budget.h	SZrAsyncWaitRequest.instructionId	field	zr_vm_core/src/zr_vm_core/execution/execution_async_wait.c:699;zr_vm_core/src/zr_vm_core/execution/execution_async_wait.c:709;zr_vm_core/src/zr_vm_core/execution/execution_async_wait.c:719	资源拒绝诊断位置标识	具体所属类型读写与消费方向见field-use-proofs；禁止用同名其他类型字段充当消费者	zr_vm_core/src/zr_vm_core/execution/execution_async_wait.c:699;zr_vm_core/src/zr_vm_core/execution/execution_async_wait.c:709;zr_vm_core/src/zr_vm_core/execution/execution_async_wait.c:719	no-comment	当前字段读写与类型/API已有宏观说明结合台账已完整解释，无需每字段重复源码
zr_vm_core/include/zr_vm_core/async_frame_budget.h	SZrAsyncWaitRequest.conditionReady	field	zr_vm_core/src/zr_vm_core/execution/execution_async_wait.c:773;zr_vm_core/src/zr_vm_core/execution/execution_async_wait.c:775	初始就绪条件；不覆盖既有terminal winner	具体所属类型读写与消费方向见field-use-proofs；禁止用同名其他类型字段充当消费者	zr_vm_core/src/zr_vm_core/execution/execution_async_wait.c:773;zr_vm_core/src/zr_vm_core/execution/execution_async_wait.c:775	no-comment	当前字段读写与类型/API已有宏观说明结合台账已完整解释，无需每字段重复源码
zr_vm_core/include/zr_vm_core/async_frame_budget.h	SZrAsyncWaitRequest.allowSuspend	field	zr_vm_core/src/zr_vm_core/execution/execution_async_wait.c:689;zr_vm_core/src/zr_vm_core/execution/execution_async_wait.c:693;tests/task/test_ssa_async_frame_budget.c:255;tests/task/test_ssa_async_frame_budget.c:304;tests/task/test_ssa_async_frame_budget.c:357;tests/task/ssa_async_stale_handle_cases.inc:26	Begin必须为真	具体所属类型读写与消费方向见field-use-proofs；禁止用同名其他类型字段充当消费者	zr_vm_core/src/zr_vm_core/execution/execution_async_wait.c:689;zr_vm_core/src/zr_vm_core/execution/execution_async_wait.c:693;tests/task/test_ssa_async_frame_budget.c:255	no-comment	当前字段读写与类型/API已有宏观说明结合台账已完整解释，无需每字段重复源码
zr_vm_core/include/zr_vm_core/async_frame_budget.h	SZrAsyncWaitRequest.holdsBorrow	field	zr_vm_core/src/zr_vm_core/execution/execution_async_wait.c:696	为真拒绝跨等待借用	具体所属类型读写与消费方向见field-use-proofs；禁止用同名其他类型字段充当消费者	zr_vm_core/src/zr_vm_core/execution/execution_async_wait.c:696	no-comment	当前字段读写与类型/API已有宏观说明结合台账已完整解释，无需每字段重复源码
zr_vm_core/include/zr_vm_core/async_frame_budget.h	SZrAsyncWaitRequest.holdsStackAlias	field	zr_vm_core/src/zr_vm_core/execution/execution_async_wait.c:706;tests/task/test_ssa_async_frame_budget.c:358	为真拒绝跨等待栈别名	具体所属类型读写与消费方向见field-use-proofs；禁止用同名其他类型字段充当消费者	zr_vm_core/src/zr_vm_core/execution/execution_async_wait.c:706;tests/task/test_ssa_async_frame_budget.c:358	no-comment	当前字段读写与类型/API已有宏观说明结合台账已完整解释，无需每字段重复源码
zr_vm_core/include/zr_vm_core/async_frame_budget.h	SZrAsyncWaitRequest.holdsLockGuard	field	zr_vm_core/src/zr_vm_core/execution/execution_async_wait.c:716	为真拒绝跨等待锁guard	具体所属类型读写与消费方向见field-use-proofs；禁止用同名其他类型字段充当消费者	zr_vm_core/src/zr_vm_core/execution/execution_async_wait.c:716	no-comment	当前字段读写与类型/API已有宏观说明结合台账已完整解释，无需每字段重复源码
zr_vm_core/include/zr_vm_core/async_frame_budget.h	SZrAsyncWaitRequest.inNativeCritical	field	zr_vm_core/src/zr_vm_core/execution/execution_async_wait.c:726	为真拒绝native临界区等待	具体所属类型读写与消费方向见field-use-proofs；禁止用同名其他类型字段充当消费者	zr_vm_core/src/zr_vm_core/execution/execution_async_wait.c:726	no-comment	当前字段读写与类型/API已有宏观说明结合台账已完整解释，无需每字段重复源码
zr_vm_core/include/zr_vm_core/async_frame_budget.h	SZrAsyncWaitRequest.reserved0	field	仓内未发现真实调用；全仓当前源码查询见symbol-boundary receipts，不排除仓外ABI消费者	当前Begin未读取，外部适配器使用约定待核	具体所属类型读写与消费方向见field-use-proofs；禁止用同名其他类型字段充当消费者	zr_vm_core/include/zr_vm_core/async_frame_budget.h:293	TODO	完整实际消费者读取未发现字段读取入口；初始化写零不等于外部ABI约束，接入适配器时核查
zr_vm_core/include/zr_vm_core/async_frame_budget.h	SZrCompileJobRecord	type	zr_vm_core/src/zr_vm_core/execution/execution_compile_queue.c:111;zr_vm_core/src/zr_vm_core/execution/execution_compile_queue.c:188;zr_vm_core/src/zr_vm_core/execution/execution_compile_queue.c:348;zr_vm_core/src/zr_vm_core/execution/execution_compile_queue.c:387;zr_vm_core/src/zr_vm_core/execution/execution_compile_queue.c:444;zr_vm_core/src/zr_vm_core/execution/execution_compile_queue.c:496;zr_vm_core/src/zr_vm_core/execution/execution_compile_queue.c:566;zr_vm_core/src/zr_vm_core/execution/execution_compile_queue.c:623;zr_vm_core/src/zr_vm_core/execution/execution_compile_queue.c:645;tests/task/test_ssa_async_frame_budget.c:380;tests/task/test_ssa_async_frame_budget.c:443;tests/task/test_ssa_async_frame_budget.c:491;tests/task/test_ssa_async_frame_budget.c:562;tests/task/test_ssa_async_frame_budget.c:563;tests/task/ssa_async_compile_contract_cases.inc:8;tests/task/ssa_async_stale_handle_cases.inc:87	为预算/等待/编译消费者保存标量身份与寿命契约	借用容器与句柄对象不得提前结束寿命；现有类型Doxygen结合逐field审读	zr_vm_core/src/zr_vm_core/execution/execution_compile_queue.c:111;zr_vm_core/src/zr_vm_core/execution/execution_compile_queue.c:188	no-comment	现有职责注释和本次真实消费者契约一致；具体边界见审查记录，无需逐句复述
zr_vm_core/include/zr_vm_core/async_frame_budget.h	SZrCompileJobRecord.state	field	zr_vm_core/src/zr_vm_core/execution/execution_compile_queue.c:122;zr_vm_core/src/zr_vm_core/execution/execution_compile_queue.c:124;zr_vm_core/src/zr_vm_core/execution/execution_compile_queue.c:152;zr_vm_core/src/zr_vm_core/execution/execution_compile_queue.c:169;zr_vm_core/src/zr_vm_core/execution/execution_compile_queue.c:244;zr_vm_core/src/zr_vm_core/execution/execution_compile_queue.c:292;zr_vm_core/src/zr_vm_core/execution/execution_compile_queue.c:359;zr_vm_core/src/zr_vm_core/execution/execution_compile_queue.c:363;zr_vm_core/src/zr_vm_core/execution/execution_compile_queue.c:367;zr_vm_core/src/zr_vm_core/execution/execution_compile_queue.c:409;zr_vm_core/src/zr_vm_core/execution/execution_compile_queue.c:414;zr_vm_core/src/zr_vm_core/execution/execution_compile_queue.c:472;zr_vm_core/src/zr_vm_core/execution/execution_compile_queue.c:519;zr_vm_core/src/zr_vm_core/execution/execution_compile_queue.c:533;zr_vm_core/src/zr_vm_core/execution/execution_compile_queue.c:549;zr_vm_core/src/zr_vm_core/execution/execution_compile_queue.c:558;zr_vm_core/src/zr_vm_core/execution/execution_compile_queue.c:588;zr_vm_core/src/zr_vm_core/execution/execution_compile_queue.c:612;zr_vm_core/src/zr_vm_core/execution/execution_compile_queue.c:637;tests/task/ssa_async_compile_contract_cases.inc:82;tests/task/ssa_async_stale_handle_cases.inc:172	队列锁内发布的原子作业状态	具体所属类型读写与消费方向见field-use-proofs；禁止用同名其他类型字段充当消费者	zr_vm_core/src/zr_vm_core/execution/execution_compile_queue.c:122;zr_vm_core/src/zr_vm_core/execution/execution_compile_queue.c:124;zr_vm_core/src/zr_vm_core/execution/execution_compile_queue.c:152	no-comment	当前字段读写与类型/API已有宏观说明结合台账已完整解释，无需每字段重复源码
zr_vm_core/include/zr_vm_core/async_frame_budget.h	SZrCompileJobRecord.cancellationRequested	field	zr_vm_core/src/zr_vm_core/execution/execution_compile_queue.c:291;zr_vm_core/src/zr_vm_core/execution/execution_compile_queue.c:362;zr_vm_core/src/zr_vm_core/execution/execution_compile_queue.c:413;zr_vm_core/src/zr_vm_core/execution/execution_compile_queue.c:422;zr_vm_core/src/zr_vm_core/execution/execution_compile_queue.c:522;zr_vm_core/src/zr_vm_core/execution/execution_compile_queue.c:532;zr_vm_core/src/zr_vm_core/execution/execution_compile_queue.c:611;tests/task/ssa_async_stale_handle_cases.inc:145;tests/task/ssa_async_stale_handle_cases.inc:158	Cancel标记；RUNNING由Complete确认后才能释放	具体所属类型读写与消费方向见field-use-proofs；禁止用同名其他类型字段充当消费者	zr_vm_core/src/zr_vm_core/execution/execution_compile_queue.c:291;zr_vm_core/src/zr_vm_core/execution/execution_compile_queue.c:362;zr_vm_core/src/zr_vm_core/execution/execution_compile_queue.c:413	no-comment	当前字段读写与类型/API已有宏观说明结合台账已完整解释，无需每字段重复源码
zr_vm_core/include/zr_vm_core/async_frame_budget.h	SZrCompileJobRecord.jobId	field	zr_vm_core/src/zr_vm_core/execution/execution_compile_queue.c:121;zr_vm_core/src/zr_vm_core/execution/execution_compile_queue.c:125;zr_vm_core/src/zr_vm_core/execution/execution_compile_queue.c:281;zr_vm_core/src/zr_vm_core/execution/execution_compile_queue.c:379;zr_vm_core/src/zr_vm_core/execution/execution_compile_queue.c:604;tests/task/ssa_async_stale_handle_cases.inc:146;tests/task/ssa_async_stale_handle_cases.inc:167	非零槽身份，Release清零	具体所属类型读写与消费方向见field-use-proofs；禁止用同名其他类型字段充当消费者	zr_vm_core/src/zr_vm_core/execution/execution_compile_queue.c:121;zr_vm_core/src/zr_vm_core/execution/execution_compile_queue.c:125;zr_vm_core/src/zr_vm_core/execution/execution_compile_queue.c:281	no-comment	当前字段读写与类型/API已有宏观说明结合台账已完整解释，无需每字段重复源码
zr_vm_core/include/zr_vm_core/async_frame_budget.h	SZrCompileJobRecord.requestedGeneration	field	zr_vm_core/src/zr_vm_core/execution/execution_compile_queue.c:282;zr_vm_core/src/zr_vm_core/execution/execution_compile_queue.c:434;zr_vm_core/src/zr_vm_core/execution/execution_compile_queue.c:473;zr_vm_core/src/zr_vm_core/execution/execution_compile_queue.c:525;zr_vm_core/src/zr_vm_core/execution/execution_compile_queue.c:536;zr_vm_core/src/zr_vm_core/execution/execution_compile_queue.c:540;zr_vm_core/src/zr_vm_core/execution/execution_compile_queue.c:546;zr_vm_core/src/zr_vm_core/execution/execution_compile_queue.c:552;zr_vm_core/src/zr_vm_core/execution/execution_compile_queue.c:553;zr_vm_core/src/zr_vm_core/execution/execution_compile_queue.c:595;zr_vm_core/src/zr_vm_core/execution/execution_compile_queue.c:605;tests/task/ssa_async_stale_handle_cases.inc:134	请求复制的代际，用于Complete拒绝过期结果	具体所属类型读写与消费方向见field-use-proofs；禁止用同名其他类型字段充当消费者	zr_vm_core/src/zr_vm_core/execution/execution_compile_queue.c:282;zr_vm_core/src/zr_vm_core/execution/execution_compile_queue.c:434;zr_vm_core/src/zr_vm_core/execution/execution_compile_queue.c:473	no-comment	当前字段读写与类型/API已有宏观说明结合台账已完整解释，无需每字段重复源码
zr_vm_core/include/zr_vm_core/async_frame_budget.h	SZrCompileJobRecord.moduleHash	field	zr_vm_core/src/zr_vm_core/execution/execution_compile_queue.c:283;zr_vm_core/src/zr_vm_core/execution/execution_compile_queue.c:541;zr_vm_core/src/zr_vm_core/execution/execution_compile_queue.c:606	Complete必须匹配的模块契约标量	具体所属类型读写与消费方向见field-use-proofs；禁止用同名其他类型字段充当消费者	zr_vm_core/src/zr_vm_core/execution/execution_compile_queue.c:283;zr_vm_core/src/zr_vm_core/execution/execution_compile_queue.c:541;zr_vm_core/src/zr_vm_core/execution/execution_compile_queue.c:606	no-comment	当前字段读写与类型/API已有宏观说明结合台账已完整解释，无需每字段重复源码
zr_vm_core/include/zr_vm_core/async_frame_budget.h	SZrCompileJobRecord.signatureHash	field	zr_vm_core/src/zr_vm_core/execution/execution_compile_queue.c:284;zr_vm_core/src/zr_vm_core/execution/execution_compile_queue.c:542;zr_vm_core/src/zr_vm_core/execution/execution_compile_queue.c:607	Complete必须匹配的签名契约标量	具体所属类型读写与消费方向见field-use-proofs；禁止用同名其他类型字段充当消费者	zr_vm_core/src/zr_vm_core/execution/execution_compile_queue.c:284;zr_vm_core/src/zr_vm_core/execution/execution_compile_queue.c:542;zr_vm_core/src/zr_vm_core/execution/execution_compile_queue.c:607	no-comment	当前字段读写与类型/API已有宏观说明结合台账已完整解释，无需每字段重复源码
zr_vm_core/include/zr_vm_core/async_frame_budget.h	SZrCompileJobRecord.layoutHash	field	zr_vm_core/src/zr_vm_core/execution/execution_compile_queue.c:285;zr_vm_core/src/zr_vm_core/execution/execution_compile_queue.c:543;zr_vm_core/src/zr_vm_core/execution/execution_compile_queue.c:608	Complete必须匹配的布局契约标量	具体所属类型读写与消费方向见field-use-proofs；禁止用同名其他类型字段充当消费者	zr_vm_core/src/zr_vm_core/execution/execution_compile_queue.c:285;zr_vm_core/src/zr_vm_core/execution/execution_compile_queue.c:543;zr_vm_core/src/zr_vm_core/execution/execution_compile_queue.c:608	no-comment	当前字段读写与类型/API已有宏观说明结合台账已完整解释，无需每字段重复源码
zr_vm_core/include/zr_vm_core/async_frame_budget.h	SZrCompileJobRecord.resultHash	field	zr_vm_core/src/zr_vm_core/execution/execution_compile_queue.c:286;zr_vm_core/src/zr_vm_core/execution/execution_compile_queue.c:557;zr_vm_core/src/zr_vm_core/execution/execution_compile_queue.c:603;tests/task/ssa_async_compile_contract_cases.inc:55;tests/task/ssa_async_compile_contract_cases.inc:69;tests/task/ssa_async_compile_contract_cases.inc:74;tests/task/ssa_async_compile_contract_cases.inc:85;tests/task/ssa_async_stale_handle_cases.inc:155;tests/task/ssa_async_stale_handle_cases.inc:166;tests/task/ssa_async_stale_handle_cases.inc:174	成功Complete保存非零结果标识；没有实际代码安装	具体所属类型读写与消费方向见field-use-proofs；禁止用同名其他类型字段充当消费者	zr_vm_core/src/zr_vm_core/execution/execution_compile_queue.c:286;zr_vm_core/src/zr_vm_core/execution/execution_compile_queue.c:557;zr_vm_core/src/zr_vm_core/execution/execution_compile_queue.c:603	no-comment	当前字段读写与类型/API已有宏观说明结合台账已完整解释，无需每字段重复源码
zr_vm_core/include/zr_vm_core/async_frame_budget.h	SZrCompileJobRecord.snapshot	field	zr_vm_core/src/zr_vm_core/execution/execution_compile_queue.c:166;zr_vm_core/src/zr_vm_core/execution/execution_compile_queue.c:167;zr_vm_core/src/zr_vm_core/execution/execution_compile_queue.c:287;zr_vm_core/src/zr_vm_core/execution/execution_compile_queue.c:482;zr_vm_core/src/zr_vm_core/execution/execution_compile_queue.c:600;zr_vm_core/src/zr_vm_core/execution/execution_compile_queue.c:601;tests/task/ssa_async_compile_contract_cases.inc:77;tests/task/ssa_async_compile_contract_cases.inc:83;tests/task/ssa_async_stale_handle_cases.inc:159;tests/task/ssa_async_stale_handle_cases.inc:168;tests/task/ssa_async_stale_handle_cases.inc:173	队列malloc复制并拥有的IR；Release或静止Deinit释放	具体所属类型读写与消费方向见field-use-proofs；禁止用同名其他类型字段充当消费者	zr_vm_core/src/zr_vm_core/execution/execution_compile_queue.c:166;zr_vm_core/src/zr_vm_core/execution/execution_compile_queue.c:167;zr_vm_core/src/zr_vm_core/execution/execution_compile_queue.c:287	no-comment	当前字段读写与类型/API已有宏观说明结合台账已完整解释，无需每字段重复源码
zr_vm_core/include/zr_vm_core/async_frame_budget.h	SZrCompileJobRecord.snapshotLength	field	zr_vm_core/src/zr_vm_core/execution/execution_compile_queue.c:168;zr_vm_core/src/zr_vm_core/execution/execution_compile_queue.c:288;zr_vm_core/src/zr_vm_core/execution/execution_compile_queue.c:483;zr_vm_core/src/zr_vm_core/execution/execution_compile_queue.c:602;tests/task/ssa_async_compile_contract_cases.inc:78;tests/task/ssa_async_compile_contract_cases.inc:84;tests/task/ssa_async_stale_handle_cases.inc:168;tests/task/ssa_async_stale_handle_cases.inc:173	复制IR字节数，零长度允许空快照	具体所属类型读写与消费方向见field-use-proofs；禁止用同名其他类型字段充当消费者	zr_vm_core/src/zr_vm_core/execution/execution_compile_queue.c:168;zr_vm_core/src/zr_vm_core/execution/execution_compile_queue.c:288;zr_vm_core/src/zr_vm_core/execution/execution_compile_queue.c:483	no-comment	当前字段读写与类型/API已有宏观说明结合台账已完整解释，无需每字段重复源码
zr_vm_core/include/zr_vm_core/async_frame_budget.h	SZrCompileJobRecord.flags	field	zr_vm_core/src/zr_vm_core/execution/execution_compile_queue.c:289;zr_vm_core/src/zr_vm_core/execution/execution_compile_queue.c:609;zr_vm_core/src/zr_vm_core/execution/execution_compile_queue.c:659	请求预热位；IsWarmup查询，不改调度顺序	具体所属类型读写与消费方向见field-use-proofs；禁止用同名其他类型字段充当消费者	zr_vm_core/src/zr_vm_core/execution/execution_compile_queue.c:289;zr_vm_core/src/zr_vm_core/execution/execution_compile_queue.c:609;zr_vm_core/src/zr_vm_core/execution/execution_compile_queue.c:659	no-comment	当前字段读写与类型/API已有宏观说明结合台账已完整解释，无需每字段重复源码
zr_vm_core/include/zr_vm_core/async_frame_budget.h	SZrCompileJobRecord.reserved	field	zr_vm_core/src/zr_vm_core/execution/execution_compile_queue.c:290;zr_vm_core/src/zr_vm_core/execution/execution_compile_queue.c:610	Queue/Release写零；没有运行消费者	具体所属类型读写与消费方向见field-use-proofs；禁止用同名其他类型字段充当消费者	zr_vm_core/src/zr_vm_core/execution/execution_compile_queue.c:290;zr_vm_core/src/zr_vm_core/execution/execution_compile_queue.c:610	no-comment	当前字段读写与类型/API已有宏观说明结合台账已完整解释，无需每字段重复源码
zr_vm_core/include/zr_vm_core/async_frame_budget.h	SZrCompileQueue	type	zr_vm_core/src/zr_vm_core/execution/execution_compile_queue.c:388;zr_vm_core/src/zr_vm_core/execution/execution_compile_queue.c:445;zr_vm_core/src/zr_vm_core/execution/execution_compile_queue.c:497;zr_vm_core/src/zr_vm_core/execution/execution_compile_queue.c:567;zr_vm_core/src/zr_vm_core/execution/execution_compile_queue.c:624;zr_vm_core/src/zr_vm_core/execution/execution_compile_queue.c:646;tests/task/test_ssa_async_frame_budget.c:381;tests/task/test_ssa_async_frame_budget.c:444;tests/task/test_ssa_async_frame_budget.c:492;tests/task/test_ssa_async_frame_budget.c:564;tests/task/test_ssa_async_frame_budget.c:565;tests/task/ssa_async_compile_contract_cases.inc:9;tests/task/ssa_async_stale_handle_cases.inc:88	为预算/等待/编译消费者保存标量身份与寿命契约	借用容器与句柄对象不得提前结束寿命；现有类型Doxygen结合逐field审读	zr_vm_core/src/zr_vm_core/execution/execution_compile_queue.c:388;zr_vm_core/src/zr_vm_core/execution/execution_compile_queue.c:445	no-comment	现有职责注释和本次真实消费者契约一致；具体边界见审查记录，无需逐句复述
zr_vm_core/include/zr_vm_core/async_frame_budget.h	SZrCompileQueue.lock	field	zr_vm_core/src/zr_vm_core/execution/execution_compile_queue.c:163;zr_vm_core/src/zr_vm_core/execution/execution_compile_queue.c:177;zr_vm_core/src/zr_vm_core/execution/execution_compile_queue.c:242;zr_vm_core/src/zr_vm_core/execution/execution_compile_queue.c:251;zr_vm_core/src/zr_vm_core/execution/execution_compile_queue.c:260;zr_vm_core/src/zr_vm_core/execution/execution_compile_queue.c:272;zr_vm_core/src/zr_vm_core/execution/execution_compile_queue.c:297;zr_vm_core/src/zr_vm_core/execution/execution_compile_queue.c:356;zr_vm_core/src/zr_vm_core/execution/execution_compile_queue.c:372;zr_vm_core/src/zr_vm_core/execution/execution_compile_queue.c:380;zr_vm_core/src/zr_vm_core/execution/execution_compile_queue.c:403;zr_vm_core/src/zr_vm_core/execution/execution_compile_queue.c:406;zr_vm_core/src/zr_vm_core/execution/execution_compile_queue.c:415;zr_vm_core/src/zr_vm_core/execution/execution_compile_queue.c:423;zr_vm_core/src/zr_vm_core/execution/execution_compile_queue.c:428;zr_vm_core/src/zr_vm_core/execution/execution_compile_queue.c:435;zr_vm_core/src/zr_vm_core/execution/execution_compile_queue.c:466;zr_vm_core/src/zr_vm_core/execution/execution_compile_queue.c:469;zr_vm_core/src/zr_vm_core/execution/execution_compile_queue.c:478;zr_vm_core/src/zr_vm_core/execution/execution_compile_queue.c:484;zr_vm_core/src/zr_vm_core/execution/execution_compile_queue.c:513;zr_vm_core/src/zr_vm_core/execution/execution_compile_queue.c:516;zr_vm_core/src/zr_vm_core/execution/execution_compile_queue.c:528;zr_vm_core/src/zr_vm_core/execution/execution_compile_queue.c:537;zr_vm_core/src/zr_vm_core/execution/execution_compile_queue.c:554;zr_vm_core/src/zr_vm_core/execution/execution_compile_queue.c:559;zr_vm_core/src/zr_vm_core/execution/execution_compile_queue.c:582;zr_vm_core/src/zr_vm_core/execution/execution_compile_queue.c:585;zr_vm_core/src/zr_vm_core/execution/execution_compile_queue.c:596;zr_vm_core/src/zr_vm_core/execution/execution_compile_queue.c:616;zr_vm_core/src/zr_vm_core/execution/execution_compile_queue.c:634;zr_vm_core/src/zr_vm_core/execution/execution_compile_queue.c:639;zr_vm_core/src/zr_vm_core/execution/execution_compile_queue.c:656;zr_vm_core/src/zr_vm_core/execution/execution_compile_queue.c:662	串行化记录身份与转移；初始化/析构寿命仍需外部静止	具体所属类型读写与消费方向见field-use-proofs；禁止用同名其他类型字段充当消费者	zr_vm_core/src/zr_vm_core/execution/execution_compile_queue.c:163;zr_vm_core/src/zr_vm_core/execution/execution_compile_queue.c:177;zr_vm_core/src/zr_vm_core/execution/execution_compile_queue.c:242	no-comment	当前字段读写与类型/API已有宏观说明结合台账已完整解释，无需每字段重复源码
zr_vm_core/include/zr_vm_core/async_frame_budget.h	SZrCompileQueue.nextJobId	field	zr_vm_core/src/zr_vm_core/execution/execution_compile_queue.c:149;zr_vm_core/src/zr_vm_core/execution/execution_compile_queue.c:176;zr_vm_core/src/zr_vm_core/execution/execution_compile_queue.c:258;zr_vm_core/src/zr_vm_core/execution/execution_compile_queue.c:264;zr_vm_core/src/zr_vm_core/execution/execution_compile_queue.c:280	从1递增且不回绕；耗尽后置零并拒绝Queue	具体所属类型读写与消费方向见field-use-proofs；禁止用同名其他类型字段充当消费者	zr_vm_core/src/zr_vm_core/execution/execution_compile_queue.c:149;zr_vm_core/src/zr_vm_core/execution/execution_compile_queue.c:176;zr_vm_core/src/zr_vm_core/execution/execution_compile_queue.c:258	no-comment	当前字段读写与类型/API已有宏观说明结合台账已完整解释，无需每字段重复源码
zr_vm_core/include/zr_vm_core/async_frame_budget.h	SZrCompileQueue.records	field	zr_vm_core/src/zr_vm_core/execution/execution_compile_queue.c:101;zr_vm_core/src/zr_vm_core/execution/execution_compile_queue.c:120;zr_vm_core/src/zr_vm_core/execution/execution_compile_queue.c:146;zr_vm_core/src/zr_vm_core/execution/execution_compile_queue.c:164;zr_vm_core/src/zr_vm_core/execution/execution_compile_queue.c:166;zr_vm_core/src/zr_vm_core/execution/execution_compile_queue.c:167;zr_vm_core/src/zr_vm_core/execution/execution_compile_queue.c:168;zr_vm_core/src/zr_vm_core/execution/execution_compile_queue.c:169;zr_vm_core/src/zr_vm_core/execution/execution_compile_queue.c:173;zr_vm_core/src/zr_vm_core/execution/execution_compile_queue.c:244;zr_vm_core/src/zr_vm_core/execution/execution_compile_queue.c:246;zr_vm_core/src/zr_vm_core/execution/execution_compile_queue.c:359;zr_vm_core/src/zr_vm_core/execution/execution_compile_queue.c:361	借用固定调用方数组，队列仅拥有其中snapshot	具体所属类型读写与消费方向见field-use-proofs；禁止用同名其他类型字段充当消费者	zr_vm_core/src/zr_vm_core/execution/execution_compile_queue.c:101;zr_vm_core/src/zr_vm_core/execution/execution_compile_queue.c:120;zr_vm_core/src/zr_vm_core/execution/execution_compile_queue.c:146	no-comment	当前字段读写与类型/API已有宏观说明结合台账已完整解释，无需每字段重复源码
zr_vm_core/include/zr_vm_core/async_frame_budget.h	SZrCompileQueue.capacity	field	zr_vm_core/src/zr_vm_core/execution/execution_compile_queue.c:102;zr_vm_core/src/zr_vm_core/execution/execution_compile_queue.c:114;zr_vm_core/src/zr_vm_core/execution/execution_compile_queue.c:147;zr_vm_core/src/zr_vm_core/execution/execution_compile_queue.c:165;zr_vm_core/src/zr_vm_core/execution/execution_compile_queue.c:174;zr_vm_core/src/zr_vm_core/execution/execution_compile_queue.c:243;zr_vm_core/src/zr_vm_core/execution/execution_compile_queue.c:255;zr_vm_core/src/zr_vm_core/execution/execution_compile_queue.c:358;zr_vm_core/src/zr_vm_core/execution/execution_compile_queue.c:398;zr_vm_core/src/zr_vm_core/execution/execution_compile_queue.c:461;zr_vm_core/src/zr_vm_core/execution/execution_compile_queue.c:508;zr_vm_core/src/zr_vm_core/execution/execution_compile_queue.c:577;zr_vm_core/src/zr_vm_core/execution/execution_compile_queue.c:631;zr_vm_core/src/zr_vm_core/execution/execution_compile_queue.c:653	记录数组槽数，Init拒绝零	具体所属类型读写与消费方向见field-use-proofs；禁止用同名其他类型字段充当消费者	zr_vm_core/src/zr_vm_core/execution/execution_compile_queue.c:102;zr_vm_core/src/zr_vm_core/execution/execution_compile_queue.c:114;zr_vm_core/src/zr_vm_core/execution/execution_compile_queue.c:147	no-comment	当前字段读写与类型/API已有宏观说明结合台账已完整解释，无需每字段重复源码
zr_vm_core/include/zr_vm_core/async_frame_budget.h	SZrCompileQueue.activeCount	field	zr_vm_core/src/zr_vm_core/execution/execution_compile_queue.c:175;zr_vm_core/src/zr_vm_core/execution/execution_compile_queue.c:267;zr_vm_core/src/zr_vm_core/execution/execution_compile_queue.c:276;zr_vm_core/src/zr_vm_core/execution/execution_compile_queue.c:293;zr_vm_core/src/zr_vm_core/execution/execution_compile_queue.c:613;zr_vm_core/src/zr_vm_core/execution/execution_compile_queue.c:614;tests/task/ssa_async_compile_contract_cases.inc:54;tests/task/ssa_async_compile_contract_cases.inc:76;tests/task/ssa_async_compile_contract_cases.inc:81;tests/task/ssa_async_stale_handle_cases.inc:126;tests/task/ssa_async_stale_handle_cases.inc:146;tests/task/ssa_async_stale_handle_cases.inc:167;tests/task/ssa_async_stale_handle_cases.inc:172	包括QUEUED/RUNNING和未Release终态的占槽数量	具体所属类型读写与消费方向见field-use-proofs；禁止用同名其他类型字段充当消费者	zr_vm_core/src/zr_vm_core/execution/execution_compile_queue.c:175;zr_vm_core/src/zr_vm_core/execution/execution_compile_queue.c:267;zr_vm_core/src/zr_vm_core/execution/execution_compile_queue.c:276	no-comment	当前字段读写与类型/API已有宏观说明结合台账已完整解释，无需每字段重复源码
zr_vm_core/include/zr_vm_core/async_frame_budget.h	SZrCompileQueue.maxSnapshotBytes	field	zr_vm_core/src/zr_vm_core/execution/execution_compile_queue.c:148;zr_vm_core/src/zr_vm_core/execution/execution_compile_queue.c:223;zr_vm_core/src/zr_vm_core/execution/execution_compile_queue.c:227	单次请求复制字节上限，零仅容许空快照	具体所属类型读写与消费方向见field-use-proofs；禁止用同名其他类型字段充当消费者	zr_vm_core/src/zr_vm_core/execution/execution_compile_queue.c:148;zr_vm_core/src/zr_vm_core/execution/execution_compile_queue.c:223;zr_vm_core/src/zr_vm_core/execution/execution_compile_queue.c:227	no-comment	当前字段读写与类型/API已有宏观说明结合台账已完整解释，无需每字段重复源码
zr_vm_core/include/zr_vm_core/async_frame_budget.h	SZrCompileJobHandle	type	tests/task/test_ssa_async_frame_budget.c:382;tests/task/test_ssa_async_frame_budget.c:445;tests/task/test_ssa_async_frame_budget.c:493;tests/task/test_ssa_async_frame_budget.c:566;tests/task/test_ssa_async_frame_budget.c:567;tests/task/ssa_async_compile_contract_cases.inc:10;tests/task/ssa_async_stale_handle_cases.inc:89;tests/task/ssa_async_stale_handle_cases.inc:90	为预算/等待/编译消费者保存标量身份与寿命契约	借用容器与句柄对象不得提前结束寿命；现有类型Doxygen结合逐field审读	tests/task/test_ssa_async_frame_budget.c:382;tests/task/test_ssa_async_frame_budget.c:445	no-comment	现有职责注释和本次真实消费者契约一致；具体边界见审查记录，无需逐句复述
zr_vm_core/include/zr_vm_core/async_frame_budget.h	SZrCompileJobHandle.queue	field	zr_vm_core/src/zr_vm_core/execution/execution_compile_queue.c:113;zr_vm_core/src/zr_vm_core/execution/execution_compile_queue.c:114;zr_vm_core/src/zr_vm_core/execution/execution_compile_queue.c:120;zr_vm_core/src/zr_vm_core/execution/execution_compile_queue.c:294;zr_vm_core/src/zr_vm_core/execution/execution_compile_queue.c:377;zr_vm_core/src/zr_vm_core/execution/execution_compile_queue.c:392;zr_vm_core/src/zr_vm_core/execution/execution_compile_queue.c:397;zr_vm_core/src/zr_vm_core/execution/execution_compile_queue.c:455;zr_vm_core/src/zr_vm_core/execution/execution_compile_queue.c:460;zr_vm_core/src/zr_vm_core/execution/execution_compile_queue.c:502;zr_vm_core/src/zr_vm_core/execution/execution_compile_queue.c:507;zr_vm_core/src/zr_vm_core/execution/execution_compile_queue.c:571;zr_vm_core/src/zr_vm_core/execution/execution_compile_queue.c:576;zr_vm_core/src/zr_vm_core/execution/execution_compile_queue.c:627;zr_vm_core/src/zr_vm_core/execution/execution_compile_queue.c:630;zr_vm_core/src/zr_vm_core/execution/execution_compile_queue.c:649;zr_vm_core/src/zr_vm_core/execution/execution_compile_queue.c:652	借用队列，调用者保持queue/records存活	具体所属类型读写与消费方向见field-use-proofs；禁止用同名其他类型字段充当消费者	zr_vm_core/src/zr_vm_core/execution/execution_compile_queue.c:113;zr_vm_core/src/zr_vm_core/execution/execution_compile_queue.c:114;zr_vm_core/src/zr_vm_core/execution/execution_compile_queue.c:120	no-comment	当前字段读写与类型/API已有宏观说明结合台账已完整解释，无需每字段重复源码
zr_vm_core/include/zr_vm_core/async_frame_budget.h	SZrCompileJobHandle.slotIndex	field	zr_vm_core/src/zr_vm_core/execution/execution_compile_queue.c:114;zr_vm_core/src/zr_vm_core/execution/execution_compile_queue.c:120;zr_vm_core/src/zr_vm_core/execution/execution_compile_queue.c:295;zr_vm_core/src/zr_vm_core/execution/execution_compile_queue.c:378;zr_vm_core/src/zr_vm_core/execution/execution_compile_queue.c:398;zr_vm_core/src/zr_vm_core/execution/execution_compile_queue.c:461;zr_vm_core/src/zr_vm_core/execution/execution_compile_queue.c:508;zr_vm_core/src/zr_vm_core/execution/execution_compile_queue.c:577;zr_vm_core/src/zr_vm_core/execution/execution_compile_queue.c:631;zr_vm_core/src/zr_vm_core/execution/execution_compile_queue.c:653;tests/task/ssa_async_compile_contract_cases.inc:51;tests/task/ssa_async_stale_handle_cases.inc:132	槽边界检查，必须联合jobId核验	具体所属类型读写与消费方向见field-use-proofs；禁止用同名其他类型字段充当消费者	zr_vm_core/src/zr_vm_core/execution/execution_compile_queue.c:114;zr_vm_core/src/zr_vm_core/execution/execution_compile_queue.c:120;zr_vm_core/src/zr_vm_core/execution/execution_compile_queue.c:295	no-comment	当前字段读写与类型/API已有宏观说明结合台账已完整解释，无需每字段重复源码
zr_vm_core/include/zr_vm_core/async_frame_budget.h	SZrCompileJobHandle.jobId	field	zr_vm_core/src/zr_vm_core/execution/execution_compile_queue.c:121;zr_vm_core/src/zr_vm_core/execution/execution_compile_queue.c:125;zr_vm_core/src/zr_vm_core/execution/execution_compile_queue.c:296;zr_vm_core/src/zr_vm_core/execution/execution_compile_queue.c:379;tests/task/ssa_async_compile_contract_cases.inc:52;tests/task/ssa_async_compile_contract_cases.inc:53;tests/task/ssa_async_stale_handle_cases.inc:133;tests/task/ssa_async_stale_handle_cases.inc:135	与当前记录匹配，拒绝同槽重用后的旧handle	具体所属类型读写与消费方向见field-use-proofs；禁止用同名其他类型字段充当消费者	zr_vm_core/src/zr_vm_core/execution/execution_compile_queue.c:121;zr_vm_core/src/zr_vm_core/execution/execution_compile_queue.c:125;zr_vm_core/src/zr_vm_core/execution/execution_compile_queue.c:296	no-comment	当前字段读写与类型/API已有宏观说明结合台账已完整解释，无需每字段重复源码
zr_vm_core/include/zr_vm_core/async_frame_budget.h	SZrCompileQueueRequest	type	zr_vm_core/src/zr_vm_core/execution/execution_compile_queue.c:324;tests/task/test_ssa_async_frame_budget.c:383;tests/task/test_ssa_async_frame_budget.c:446;tests/task/test_ssa_async_frame_budget.c:494;tests/task/test_ssa_async_frame_budget.c:568;tests/task/ssa_async_compile_contract_cases.inc:11;tests/task/ssa_async_stale_handle_cases.inc:91	为预算/等待/编译消费者保存标量身份与寿命契约	借用容器与句柄对象不得提前结束寿命；现有类型Doxygen结合逐field审读	zr_vm_core/src/zr_vm_core/execution/execution_compile_queue.c:324;tests/task/test_ssa_async_frame_budget.c:383	no-comment	现有职责注释和本次真实消费者契约一致；具体边界见审查记录，无需逐句复述
zr_vm_core/include/zr_vm_core/async_frame_budget.h	SZrCompileQueueRequest.schemaVersion	field	zr_vm_core/src/zr_vm_core/execution/execution_compile_queue.c:207;zr_vm_core/src/zr_vm_core/execution/execution_compile_queue.c:211;tests/task/test_ssa_async_frame_budget.c:397;tests/task/test_ssa_async_frame_budget.c:455;tests/task/test_ssa_async_frame_budget.c:508;tests/task/test_ssa_async_frame_budget.c:586;tests/task/ssa_async_compile_contract_cases.inc:24;tests/task/ssa_async_stale_handle_cases.inc:107	Queue必须匹配共享schema	具体所属类型读写与消费方向见field-use-proofs；禁止用同名其他类型字段充当消费者	zr_vm_core/src/zr_vm_core/execution/execution_compile_queue.c:207;zr_vm_core/src/zr_vm_core/execution/execution_compile_queue.c:211;tests/task/test_ssa_async_frame_budget.c:397	no-comment	当前字段读写与类型/API已有宏观说明结合台账已完整解释，无需每字段重复源码
zr_vm_core/include/zr_vm_core/async_frame_budget.h	SZrCompileQueueRequest.queue	field	zr_vm_core/src/zr_vm_core/execution/execution_compile_queue.c:201;zr_vm_core/src/zr_vm_core/execution/execution_compile_queue.c:309;zr_vm_core/src/zr_vm_core/execution/execution_compile_queue.c:315;zr_vm_core/src/zr_vm_core/execution/execution_compile_queue.c:332;tests/task/test_ssa_async_frame_budget.c:398;tests/task/test_ssa_async_frame_budget.c:456;tests/task/test_ssa_async_frame_budget.c:509;tests/task/test_ssa_async_frame_budget.c:587;tests/task/test_ssa_async_frame_budget.c:598;tests/task/test_ssa_async_frame_budget.c:606;tests/task/ssa_async_compile_contract_cases.inc:25;tests/task/ssa_async_stale_handle_cases.inc:108	必须等于显式Queue/QueueWarmup队列实参	具体所属类型读写与消费方向见field-use-proofs；禁止用同名其他类型字段充当消费者	zr_vm_core/src/zr_vm_core/execution/execution_compile_queue.c:201;zr_vm_core/src/zr_vm_core/execution/execution_compile_queue.c:309;zr_vm_core/src/zr_vm_core/execution/execution_compile_queue.c:315	no-comment	当前字段读写与类型/API已有宏观说明结合台账已完整解释，无需每字段重复源码
zr_vm_core/include/zr_vm_core/async_frame_budget.h	SZrCompileQueueRequest.outHandle	field	zr_vm_core/src/zr_vm_core/execution/execution_compile_queue.c:201;zr_vm_core/src/zr_vm_core/execution/execution_compile_queue.c:309;zr_vm_core/src/zr_vm_core/execution/execution_compile_queue.c:316;zr_vm_core/src/zr_vm_core/execution/execution_compile_queue.c:332;tests/task/test_ssa_async_frame_budget.c:399;tests/task/test_ssa_async_frame_budget.c:457;tests/task/test_ssa_async_frame_budget.c:510;tests/task/test_ssa_async_frame_budget.c:588;tests/task/test_ssa_async_frame_budget.c:599;tests/task/test_ssa_async_frame_budget.c:607;tests/task/ssa_async_compile_contract_cases.inc:26;tests/task/ssa_async_stale_handle_cases.inc:109	必须等于显式输出实参；失败保持旧输出	具体所属类型读写与消费方向见field-use-proofs；禁止用同名其他类型字段充当消费者	zr_vm_core/src/zr_vm_core/execution/execution_compile_queue.c:201;zr_vm_core/src/zr_vm_core/execution/execution_compile_queue.c:309;zr_vm_core/src/zr_vm_core/execution/execution_compile_queue.c:316	no-comment	当前字段读写与类型/API已有宏观说明结合台账已完整解释，无需每字段重复源码
zr_vm_core/include/zr_vm_core/async_frame_budget.h	SZrCompileQueueRequest.irSnapshot	field	zr_vm_core/src/zr_vm_core/execution/execution_compile_queue.c:224;zr_vm_core/src/zr_vm_core/execution/execution_compile_queue.c:239;tests/task/test_ssa_async_frame_budget.c:400;tests/task/test_ssa_async_frame_budget.c:466;tests/task/test_ssa_async_frame_budget.c:511;tests/task/ssa_async_compile_contract_cases.inc:27;tests/task/ssa_async_stale_handle_cases.inc:110	只在Queue复制期间借用源IR；复制前调用者保持稳定	具体所属类型读写与消费方向见field-use-proofs；禁止用同名其他类型字段充当消费者	zr_vm_core/src/zr_vm_core/execution/execution_compile_queue.c:224;zr_vm_core/src/zr_vm_core/execution/execution_compile_queue.c:239;tests/task/test_ssa_async_frame_budget.c:400	no-comment	当前字段读写与类型/API已有宏观说明结合台账已完整解释，无需每字段重复源码
zr_vm_core/include/zr_vm_core/async_frame_budget.h	SZrCompileQueueRequest.irLength	field	zr_vm_core/src/zr_vm_core/execution/execution_compile_queue.c:223;zr_vm_core/src/zr_vm_core/execution/execution_compile_queue.c:224;zr_vm_core/src/zr_vm_core/execution/execution_compile_queue.c:227;zr_vm_core/src/zr_vm_core/execution/execution_compile_queue.c:230;zr_vm_core/src/zr_vm_core/execution/execution_compile_queue.c:232;zr_vm_core/src/zr_vm_core/execution/execution_compile_queue.c:236;zr_vm_core/src/zr_vm_core/execution/execution_compile_queue.c:239;zr_vm_core/src/zr_vm_core/execution/execution_compile_queue.c:288;tests/task/test_ssa_async_frame_budget.c:401;tests/task/test_ssa_async_frame_budget.c:458;tests/task/test_ssa_async_frame_budget.c:512;tests/task/ssa_async_compile_contract_cases.inc:28;tests/task/ssa_async_stale_handle_cases.inc:111	零允许空源；非零须有源且不超过maxSnapshotBytes	具体所属类型读写与消费方向见field-use-proofs；禁止用同名其他类型字段充当消费者	zr_vm_core/src/zr_vm_core/execution/execution_compile_queue.c:223;zr_vm_core/src/zr_vm_core/execution/execution_compile_queue.c:224;zr_vm_core/src/zr_vm_core/execution/execution_compile_queue.c:227	no-comment	当前字段读写与类型/API已有宏观说明结合台账已完整解释，无需每字段重复源码
zr_vm_core/include/zr_vm_core/async_frame_budget.h	SZrCompileQueueRequest.requestedGeneration	field	zr_vm_core/src/zr_vm_core/execution/execution_compile_queue.c:205;zr_vm_core/src/zr_vm_core/execution/execution_compile_queue.c:212;zr_vm_core/src/zr_vm_core/execution/execution_compile_queue.c:216;zr_vm_core/src/zr_vm_core/execution/execution_compile_queue.c:221;zr_vm_core/src/zr_vm_core/execution/execution_compile_queue.c:228;zr_vm_core/src/zr_vm_core/execution/execution_compile_queue.c:237;zr_vm_core/src/zr_vm_core/execution/execution_compile_queue.c:256;zr_vm_core/src/zr_vm_core/execution/execution_compile_queue.c:265;zr_vm_core/src/zr_vm_core/execution/execution_compile_queue.c:277;zr_vm_core/src/zr_vm_core/execution/execution_compile_queue.c:282;zr_vm_core/src/zr_vm_core/execution/execution_compile_queue.c:313;zr_vm_core/src/zr_vm_core/execution/execution_compile_queue.c:336;tests/task/test_ssa_async_frame_budget.c:83;tests/task/test_ssa_async_frame_budget.c:402;tests/task/test_ssa_async_frame_budget.c:459;tests/task/test_ssa_async_frame_budget.c:513;tests/task/test_ssa_async_frame_budget.c:589;tests/task/ssa_async_compile_contract_cases.inc:29;tests/task/ssa_async_stale_handle_cases.inc:112;tests/task/ssa_async_stale_handle_cases.inc:134	非零请求代际，不等于jobId	具体所属类型读写与消费方向见field-use-proofs；禁止用同名其他类型字段充当消费者	zr_vm_core/src/zr_vm_core/execution/execution_compile_queue.c:205;zr_vm_core/src/zr_vm_core/execution/execution_compile_queue.c:212;zr_vm_core/src/zr_vm_core/execution/execution_compile_queue.c:216	no-comment	当前字段读写与类型/API已有宏观说明结合台账已完整解释，无需每字段重复源码
zr_vm_core/include/zr_vm_core/async_frame_budget.h	SZrCompileQueueRequest.moduleHash	field	zr_vm_core/src/zr_vm_core/execution/execution_compile_queue.c:217;zr_vm_core/src/zr_vm_core/execution/execution_compile_queue.c:283;tests/task/test_ssa_async_frame_budget.c:83;tests/task/test_ssa_async_frame_budget.c:403;tests/task/test_ssa_async_frame_budget.c:460;tests/task/test_ssa_async_frame_budget.c:514;tests/task/test_ssa_async_frame_budget.c:590;tests/task/ssa_async_compile_contract_cases.inc:30;tests/task/ssa_async_stale_handle_cases.inc:113	非零模块契约标识	具体所属类型读写与消费方向见field-use-proofs；禁止用同名其他类型字段充当消费者	zr_vm_core/src/zr_vm_core/execution/execution_compile_queue.c:217;zr_vm_core/src/zr_vm_core/execution/execution_compile_queue.c:283;tests/task/test_ssa_async_frame_budget.c:83	no-comment	当前字段读写与类型/API已有宏观说明结合台账已完整解释，无需每字段重复源码
zr_vm_core/include/zr_vm_core/async_frame_budget.h	SZrCompileQueueRequest.signatureHash	field	zr_vm_core/src/zr_vm_core/execution/execution_compile_queue.c:217;zr_vm_core/src/zr_vm_core/execution/execution_compile_queue.c:284;tests/task/test_ssa_async_frame_budget.c:84;tests/task/test_ssa_async_frame_budget.c:404;tests/task/test_ssa_async_frame_budget.c:461;tests/task/test_ssa_async_frame_budget.c:515;tests/task/test_ssa_async_frame_budget.c:591;tests/task/ssa_async_compile_contract_cases.inc:31;tests/task/ssa_async_stale_handle_cases.inc:114	非零签名契约标识	具体所属类型读写与消费方向见field-use-proofs；禁止用同名其他类型字段充当消费者	zr_vm_core/src/zr_vm_core/execution/execution_compile_queue.c:217;zr_vm_core/src/zr_vm_core/execution/execution_compile_queue.c:284;tests/task/test_ssa_async_frame_budget.c:84	no-comment	当前字段读写与类型/API已有宏观说明结合台账已完整解释，无需每字段重复源码
zr_vm_core/include/zr_vm_core/async_frame_budget.h	SZrCompileQueueRequest.layoutHash	field	zr_vm_core/src/zr_vm_core/execution/execution_compile_queue.c:218;zr_vm_core/src/zr_vm_core/execution/execution_compile_queue.c:285;tests/task/test_ssa_async_frame_budget.c:84;tests/task/test_ssa_async_frame_budget.c:405;tests/task/test_ssa_async_frame_budget.c:462;tests/task/test_ssa_async_frame_budget.c:516;tests/task/test_ssa_async_frame_budget.c:592;tests/task/ssa_async_compile_contract_cases.inc:32;tests/task/ssa_async_stale_handle_cases.inc:115	非零布局契约标识	具体所属类型读写与消费方向见field-use-proofs；禁止用同名其他类型字段充当消费者	zr_vm_core/src/zr_vm_core/execution/execution_compile_queue.c:218;zr_vm_core/src/zr_vm_core/execution/execution_compile_queue.c:285;tests/task/test_ssa_async_frame_budget.c:84	no-comment	当前字段读写与类型/API已有宏观说明结合台账已完整解释，无需每字段重复源码
zr_vm_core/include/zr_vm_core/async_frame_budget.h	SZrCompileQueueRequest.flags	field	zr_vm_core/src/zr_vm_core/execution/execution_compile_queue.c:214;zr_vm_core/src/zr_vm_core/execution/execution_compile_queue.c:289;zr_vm_core/src/zr_vm_core/execution/execution_compile_queue.c:339;tests/task/test_ssa_async_frame_budget.c:406;tests/task/ssa_async_stale_handle_cases.inc:129	只接受KNOWN_MASK；Warmup包装按位加预热	具体所属类型读写与消费方向见field-use-proofs；禁止用同名其他类型字段充当消费者	zr_vm_core/src/zr_vm_core/execution/execution_compile_queue.c:214;zr_vm_core/src/zr_vm_core/execution/execution_compile_queue.c:289;zr_vm_core/src/zr_vm_core/execution/execution_compile_queue.c:339	no-comment	当前字段读写与类型/API已有宏观说明结合台账已完整解释，无需每字段重复源码
zr_vm_core/include/zr_vm_core/async_frame_budget.h	SZrCompileQueueRequest.reserved0	field	zr_vm_core/src/zr_vm_core/execution/execution_compile_queue.c:215	Queue要求为零	具体所属类型读写与消费方向见field-use-proofs；禁止用同名其他类型字段充当消费者	zr_vm_core/src/zr_vm_core/execution/execution_compile_queue.c:215	no-comment	当前字段读写与类型/API已有宏观说明结合台账已完整解释，无需每字段重复源码
zr_vm_core/include/zr_vm_core/async_frame_budget.h	SZrCompileQueueRequest.reserved1	field	zr_vm_core/src/zr_vm_core/execution/execution_compile_queue.c:215	Queue要求为零	具体所属类型读写与消费方向见field-use-proofs；禁止用同名其他类型字段充当消费者	zr_vm_core/src/zr_vm_core/execution/execution_compile_queue.c:215	no-comment	当前字段读写与类型/API已有宏观说明结合台账已完整解释，无需每字段重复源码
zr_vm_core/include/zr_vm_core/async_frame_budget.h	SZrCompileQueueRequest.reserved2	field	zr_vm_core/src/zr_vm_core/execution/execution_compile_queue.c:215	Queue要求为零	具体所属类型读写与消费方向见field-use-proofs；禁止用同名其他类型字段充当消费者	zr_vm_core/src/zr_vm_core/execution/execution_compile_queue.c:215	no-comment	当前字段读写与类型/API已有宏观说明结合台账已完整解释，无需每字段重复源码
zr_vm_core/include/zr_vm_core/async_frame_budget.h	SZrCompileQueueRequest.reserved3	field	zr_vm_core/src/zr_vm_core/execution/execution_compile_queue.c:216	Queue要求为零	具体所属类型读写与消费方向见field-use-proofs；禁止用同名其他类型字段充当消费者	zr_vm_core/src/zr_vm_core/execution/execution_compile_queue.c:216	no-comment	当前字段读写与类型/API已有宏观说明结合台账已完整解释，无需每字段重复源码
zr_vm_core/include/zr_vm_core/async_frame_budget.h	EZrAsyncFrameDiagnosticCode	enum	zr_vm_core/src/zr_vm_core/execution/execution_compile_queue.c:521;zr_vm_core/src/zr_vm_core/execution/execution_compile_queue.c:545	限定所属状态机或诊断编号域	COUNT为范围哨兵，不是可转移终态；poll outcome不等于frame status	zr_vm_core/include/zr_vm_core/async_frame_budget.h:18	no-comment	现有职责注释和本次真实消费者契约一致；具体边界见审查记录，无需逐句复述
zr_vm_core/include/zr_vm_core/async_frame_budget.h	ZR_ASYNC_FRAME_DIAGNOSTIC_NONE	enum-member	zr_vm_core/src/zr_vm_core/execution/execution_async_wait.c:118;tests/task/ssa_async_compile_contract_cases.inc:72	零初始化或 clear 后的无错误分类，并由 DiagnosticName 映射为 none；成功场景可检查该值，不是拒绝 helper 发出的错误	与所属enum及实际转移/测试使用绑定；未发现消费者者只保留ABI，不推断可达	zr_vm_core/src/zr_vm_core/execution/execution_async_wait.c:118;tests/task/ssa_async_compile_contract_cases.inc:72	no-comment	枚举所属Doxygen和实际switch/转移已表达用途；个别未消费类别具体见callerproof
zr_vm_core/include/zr_vm_core/async_frame_budget.h	ZR_ASYNC_FRAME_DIAGNOSTIC_INVALID_ARGUMENT	enum-member	zr_vm_core/src/zr_vm_core/execution/execution_compile_queue.c:115;zr_vm_core/src/zr_vm_core/execution/execution_compile_queue.c:141;zr_vm_core/src/zr_vm_core/execution/execution_compile_queue.c:193;zr_vm_core/src/zr_vm_core/execution/execution_compile_queue.c:305;zr_vm_core/src/zr_vm_core/execution/execution_compile_queue.c:328;zr_vm_core/src/zr_vm_core/execution/execution_compile_queue.c:352;zr_vm_core/src/zr_vm_core/execution/execution_compile_queue.c:393;zr_vm_core/src/zr_vm_core/execution/execution_compile_queue.c:399;zr_vm_core/src/zr_vm_core/execution/execution_compile_queue.c:451;zr_vm_core/src/zr_vm_core/execution/execution_compile_queue.c:456;zr_vm_core/src/zr_vm_core/execution/execution_compile_queue.c:462;zr_vm_core/src/zr_vm_core/execution/execution_compile_queue.c:503;zr_vm_core/src/zr_vm_core/execution/execution_compile_queue.c:509;zr_vm_core/src/zr_vm_core/execution/execution_compile_queue.c:572;zr_vm_core/src/zr_vm_core/execution/execution_compile_queue.c:578;zr_vm_core/src/zr_vm_core/execution/execution_async_wait.c:119;zr_vm_core/src/zr_vm_core/execution/execution_async_wait.c:182;zr_vm_core/src/zr_vm_core/execution/execution_async_wait.c:209;zr_vm_core/src/zr_vm_core/execution/execution_async_wait.c:409;zr_vm_core/src/zr_vm_core/execution/execution_async_wait.c:626;zr_vm_core/src/zr_vm_core/execution/execution_async_wait.c:679;zr_vm_core/src/zr_vm_core/execution/execution_async_wait.c:690;zr_vm_core/src/zr_vm_core/execution/execution_async_wait.c:789	由具体拒绝入口写diagnostic.code，DiagnosticName返回对应静态名称；并非自动异常传播	与所属enum及实际转移/测试使用绑定；未发现消费者者只保留ABI，不推断可达	zr_vm_core/src/zr_vm_core/execution/execution_compile_queue.c:115;zr_vm_core/src/zr_vm_core/execution/execution_compile_queue.c:141;zr_vm_core/src/zr_vm_core/execution/execution_compile_queue.c:193	no-comment	枚举所属Doxygen和实际switch/转移已表达用途；个别未消费类别具体见callerproof
zr_vm_core/include/zr_vm_core/async_frame_budget.h	ZR_ASYNC_FRAME_DIAGNOSTIC_INVALID_SCHEMA	enum-member	zr_vm_core/src/zr_vm_core/execution/execution_compile_queue.c:208;zr_vm_core/src/zr_vm_core/execution/execution_async_wait.c:120;zr_vm_core/src/zr_vm_core/execution/execution_async_wait.c:186;zr_vm_core/src/zr_vm_core/execution/execution_async_wait.c:192;zr_vm_core/src/zr_vm_core/execution/execution_async_wait.c:683	由具体拒绝入口写diagnostic.code，DiagnosticName返回对应静态名称；并非自动异常传播	与所属enum及实际转移/测试使用绑定；未发现消费者者只保留ABI，不推断可达	zr_vm_core/src/zr_vm_core/execution/execution_compile_queue.c:208;zr_vm_core/src/zr_vm_core/execution/execution_async_wait.c:120;zr_vm_core/src/zr_vm_core/execution/execution_async_wait.c:186	no-comment	枚举所属Doxygen和实际switch/转移已表达用途；个别未消费类别具体见callerproof
zr_vm_core/include/zr_vm_core/async_frame_budget.h	ZR_ASYNC_FRAME_DIAGNOSTIC_INVALID_FLAGS	enum-member	zr_vm_core/src/zr_vm_core/execution/execution_async_wait.c:121;zr_vm_core/src/zr_vm_core/execution/execution_async_wait.c:203;zr_vm_core/src/zr_vm_core/execution/execution_async_wait.c:216;zr_vm_core/src/zr_vm_core/execution/execution_async_wait.c:274	由具体拒绝入口写diagnostic.code，DiagnosticName返回对应静态名称；并非自动异常传播	与所属enum及实际转移/测试使用绑定；未发现消费者者只保留ABI，不推断可达	zr_vm_core/src/zr_vm_core/execution/execution_async_wait.c:121;zr_vm_core/src/zr_vm_core/execution/execution_async_wait.c:203;zr_vm_core/src/zr_vm_core/execution/execution_async_wait.c:216	no-comment	枚举所属Doxygen和实际switch/转移已表达用途；个别未消费类别具体见callerproof
zr_vm_core/include/zr_vm_core/async_frame_budget.h	ZR_ASYNC_FRAME_DIAGNOSTIC_INVALID_STATE	enum-member	zr_vm_core/src/zr_vm_core/execution/execution_compile_queue.c:431;zr_vm_core/src/zr_vm_core/execution/execution_compile_queue.c:475;zr_vm_core/src/zr_vm_core/execution/execution_compile_queue.c:524;zr_vm_core/src/zr_vm_core/execution/execution_compile_queue.c:592;zr_vm_core/src/zr_vm_core/execution/execution_async_wait.c:122;zr_vm_core/src/zr_vm_core/execution/execution_async_wait.c:241;zr_vm_core/src/zr_vm_core/execution/execution_async_wait.c:267;zr_vm_core/src/zr_vm_core/execution/execution_async_wait.c:304;zr_vm_core/src/zr_vm_core/execution/execution_async_wait.c:337;zr_vm_core/src/zr_vm_core/execution/execution_async_wait.c:381;zr_vm_core/src/zr_vm_core/execution/execution_async_wait.c:436;zr_vm_core/src/zr_vm_core/execution/execution_async_wait.c:464;zr_vm_core/src/zr_vm_core/execution/execution_async_wait.c:488;zr_vm_core/src/zr_vm_core/execution/execution_async_wait.c:530;zr_vm_core/src/zr_vm_core/execution/execution_async_wait.c:548;zr_vm_core/src/zr_vm_core/execution/execution_async_wait.c:576;tests/task/test_ssa_async_frame_budget.c:529	由具体拒绝入口写diagnostic.code，DiagnosticName返回对应静态名称；并非自动异常传播	与所属enum及实际转移/测试使用绑定；未发现消费者者只保留ABI，不推断可达	zr_vm_core/src/zr_vm_core/execution/execution_compile_queue.c:431;zr_vm_core/src/zr_vm_core/execution/execution_compile_queue.c:475;zr_vm_core/src/zr_vm_core/execution/execution_compile_queue.c:524	no-comment	枚举所属Doxygen和实际switch/转移已表达用途；个别未消费类别具体见callerproof
zr_vm_core/include/zr_vm_core/async_frame_budget.h	ZR_ASYNC_FRAME_DIAGNOSTIC_BORROW_ACROSS_SUSPEND	enum-member	zr_vm_core/src/zr_vm_core/execution/execution_async_wait.c:123;zr_vm_core/src/zr_vm_core/execution/execution_async_wait.c:281;zr_vm_core/src/zr_vm_core/execution/execution_async_wait.c:702;tests/task/test_ssa_async_frame_budget.c:161	由具体拒绝入口写diagnostic.code，DiagnosticName返回对应静态名称；并非自动异常传播	与所属enum及实际转移/测试使用绑定；未发现消费者者只保留ABI，不推断可达	zr_vm_core/src/zr_vm_core/execution/execution_async_wait.c:123;zr_vm_core/src/zr_vm_core/execution/execution_async_wait.c:281;zr_vm_core/src/zr_vm_core/execution/execution_async_wait.c:702	no-comment	枚举所属Doxygen和实际switch/转移已表达用途；个别未消费类别具体见callerproof
zr_vm_core/include/zr_vm_core/async_frame_budget.h	ZR_ASYNC_FRAME_DIAGNOSTIC_STACK_ALIAS_ACROSS_SUSPEND	enum-member	zr_vm_core/src/zr_vm_core/execution/execution_async_wait.c:124;zr_vm_core/src/zr_vm_core/execution/execution_async_wait.c:287;zr_vm_core/src/zr_vm_core/execution/execution_async_wait.c:712;tests/task/test_ssa_async_frame_budget.c:361	由具体拒绝入口写diagnostic.code，DiagnosticName返回对应静态名称；并非自动异常传播	与所属enum及实际转移/测试使用绑定；未发现消费者者只保留ABI，不推断可达	zr_vm_core/src/zr_vm_core/execution/execution_async_wait.c:124;zr_vm_core/src/zr_vm_core/execution/execution_async_wait.c:287;zr_vm_core/src/zr_vm_core/execution/execution_async_wait.c:712	no-comment	枚举所属Doxygen和实际switch/转移已表达用途；个别未消费类别具体见callerproof
zr_vm_core/include/zr_vm_core/async_frame_budget.h	ZR_ASYNC_FRAME_DIAGNOSTIC_LOCK_GUARD_ACROSS_SUSPEND	enum-member	zr_vm_core/src/zr_vm_core/execution/execution_async_wait.c:125;zr_vm_core/src/zr_vm_core/execution/execution_async_wait.c:293;zr_vm_core/src/zr_vm_core/execution/execution_async_wait.c:722	由具体拒绝入口写diagnostic.code，DiagnosticName返回对应静态名称；并非自动异常传播	与所属enum及实际转移/测试使用绑定；未发现消费者者只保留ABI，不推断可达	zr_vm_core/src/zr_vm_core/execution/execution_async_wait.c:125;zr_vm_core/src/zr_vm_core/execution/execution_async_wait.c:293;zr_vm_core/src/zr_vm_core/execution/execution_async_wait.c:722	no-comment	枚举所属Doxygen和实际switch/转移已表达用途；个别未消费类别具体见callerproof
zr_vm_core/include/zr_vm_core/async_frame_budget.h	ZR_ASYNC_FRAME_DIAGNOSTIC_NATIVE_CRITICAL	enum-member	zr_vm_core/src/zr_vm_core/execution/execution_async_wait.c:126;zr_vm_core/src/zr_vm_core/execution/execution_async_wait.c:299;zr_vm_core/src/zr_vm_core/execution/execution_async_wait.c:727	由具体拒绝入口写diagnostic.code，DiagnosticName返回对应静态名称；并非自动异常传播	与所属enum及实际转移/测试使用绑定；未发现消费者者只保留ABI，不推断可达	zr_vm_core/src/zr_vm_core/execution/execution_async_wait.c:126;zr_vm_core/src/zr_vm_core/execution/execution_async_wait.c:299;zr_vm_core/src/zr_vm_core/execution/execution_async_wait.c:727	no-comment	枚举所属Doxygen和实际switch/转移已表达用途；个别未消费类别具体见callerproof
zr_vm_core/include/zr_vm_core/async_frame_budget.h	ZR_ASYNC_FRAME_DIAGNOSTIC_STATE_MAP_REQUIRED	enum-member	zr_vm_core/src/zr_vm_core/execution/execution_async_wait.c:127;zr_vm_core/src/zr_vm_core/execution/execution_async_wait.c:223;zr_vm_core/src/zr_vm_core/execution/execution_async_wait.c:311	由具体拒绝入口写diagnostic.code，DiagnosticName返回对应静态名称；并非自动异常传播	与所属enum及实际转移/测试使用绑定；未发现消费者者只保留ABI，不推断可达	zr_vm_core/src/zr_vm_core/execution/execution_async_wait.c:127;zr_vm_core/src/zr_vm_core/execution/execution_async_wait.c:223;zr_vm_core/src/zr_vm_core/execution/execution_async_wait.c:311	no-comment	枚举所属Doxygen和实际switch/转移已表达用途；个别未消费类别具体见callerproof
zr_vm_core/include/zr_vm_core/async_frame_budget.h	ZR_ASYNC_FRAME_DIAGNOSTIC_BUDGET_EXHAUSTED	enum-member	zr_vm_core/src/zr_vm_core/execution/execution_async_wait.c:128	当前仅由 DiagnosticName 映射静态名称 budget-exhausted；没有实际拒绝发码路径，预算耗尽通过 pendingFlags/PollOutcome/暂停原因处理	与所属enum及实际转移/测试使用绑定；未发现消费者者只保留ABI，不推断可达	zr_vm_core/src/zr_vm_core/execution/execution_async_wait.c:128	TODO	当前全仓真实源码只有枚举声明与 DiagnosticName 名称 switch；从未来预算 Poll/调度器或仓外 ABI 适配器入口核查此保留诊断类别的用途，不把名称映射当拒绝发码
zr_vm_core/include/zr_vm_core/async_frame_budget.h	ZR_ASYNC_FRAME_DIAGNOSTIC_ACTIVE_PIN	enum-member	zr_vm_core/src/zr_vm_core/execution/execution_async_wait.c:129;zr_vm_core/src/zr_vm_core/execution/execution_async_wait.c:442;zr_vm_core/src/zr_vm_core/execution/execution_async_wait.c:470;zr_vm_core/src/zr_vm_core/execution/execution_async_wait.c:582;tests/task/test_ssa_async_frame_budget.c:197	由具体拒绝入口写diagnostic.code，DiagnosticName返回对应静态名称；并非自动异常传播	与所属enum及实际转移/测试使用绑定；未发现消费者者只保留ABI，不推断可达	zr_vm_core/src/zr_vm_core/execution/execution_async_wait.c:129;zr_vm_core/src/zr_vm_core/execution/execution_async_wait.c:442;zr_vm_core/src/zr_vm_core/execution/execution_async_wait.c:470	no-comment	枚举所属Doxygen和实际switch/转移已表达用途；个别未消费类别具体见callerproof
zr_vm_core/include/zr_vm_core/async_frame_budget.h	ZR_ASYNC_FRAME_DIAGNOSTIC_PIN_UNDERFLOW	enum-member	zr_vm_core/src/zr_vm_core/execution/execution_async_wait.c:130;zr_vm_core/src/zr_vm_core/execution/execution_async_wait.c:510	由具体拒绝入口写diagnostic.code，DiagnosticName返回对应静态名称；并非自动异常传播	与所属enum及实际转移/测试使用绑定；未发现消费者者只保留ABI，不推断可达	zr_vm_core/src/zr_vm_core/execution/execution_async_wait.c:130;zr_vm_core/src/zr_vm_core/execution/execution_async_wait.c:510	no-comment	枚举所属Doxygen和实际switch/转移已表达用途；个别未消费类别具体见callerproof
zr_vm_core/include/zr_vm_core/async_frame_budget.h	ZR_ASYNC_FRAME_DIAGNOSTIC_WAIT_CAPACITY	enum-member	zr_vm_core/src/zr_vm_core/execution/execution_async_wait.c:131;zr_vm_core/src/zr_vm_core/execution/execution_async_wait.c:742	由具体拒绝入口写diagnostic.code，DiagnosticName返回对应静态名称；并非自动异常传播	与所属enum及实际转移/测试使用绑定；未发现消费者者只保留ABI，不推断可达	zr_vm_core/src/zr_vm_core/execution/execution_async_wait.c:131;zr_vm_core/src/zr_vm_core/execution/execution_async_wait.c:742	no-comment	枚举所属Doxygen和实际switch/转移已表达用途；个别未消费类别具体见callerproof
zr_vm_core/include/zr_vm_core/async_frame_budget.h	ZR_ASYNC_FRAME_DIAGNOSTIC_WAIT_NOT_FOUND	enum-member	zr_vm_core/src/zr_vm_core/execution/execution_compile_queue.c:123;zr_vm_core/src/zr_vm_core/execution/execution_async_wait.c:132;zr_vm_core/src/zr_vm_core/execution/execution_async_wait.c:601;zr_vm_core/src/zr_vm_core/execution/execution_async_wait.c:608;zr_vm_core/src/zr_vm_core/execution/execution_async_wait.c:955;tests/task/ssa_async_stale_handle_cases.inc:46;tests/task/ssa_async_stale_handle_cases.inc:52;tests/task/ssa_async_stale_handle_cases.inc:57;tests/task/ssa_async_stale_handle_cases.inc:63;tests/task/ssa_async_stale_handle_cases.inc:140;tests/task/ssa_async_stale_handle_cases.inc:143;tests/task/ssa_async_stale_handle_cases.inc:153;tests/task/ssa_async_stale_handle_cases.inc:157;tests/task/ssa_async_stale_handle_cases.inc:164	由具体拒绝入口写diagnostic.code，DiagnosticName返回对应静态名称；并非自动异常传播	与所属enum及实际转移/测试使用绑定；未发现消费者者只保留ABI，不推断可达	zr_vm_core/src/zr_vm_core/execution/execution_compile_queue.c:123;zr_vm_core/src/zr_vm_core/execution/execution_async_wait.c:132;zr_vm_core/src/zr_vm_core/execution/execution_async_wait.c:601	no-comment	枚举所属Doxygen和实际switch/转移已表达用途；个别未消费类别具体见callerproof
zr_vm_core/include/zr_vm_core/async_frame_budget.h	ZR_ASYNC_FRAME_DIAGNOSTIC_WAIT_ALREADY_RESUMED	enum-member	zr_vm_core/src/zr_vm_core/execution/execution_async_wait.c:133;zr_vm_core/src/zr_vm_core/execution/execution_async_wait.c:828;zr_vm_core/src/zr_vm_core/execution/execution_async_wait.c:912	由具体拒绝入口写diagnostic.code，DiagnosticName返回对应静态名称；并非自动异常传播	与所属enum及实际转移/测试使用绑定；未发现消费者者只保留ABI，不推断可达	zr_vm_core/src/zr_vm_core/execution/execution_async_wait.c:133;zr_vm_core/src/zr_vm_core/execution/execution_async_wait.c:828;zr_vm_core/src/zr_vm_core/execution/execution_async_wait.c:912	no-comment	枚举所属Doxygen和实际switch/转移已表达用途；个别未消费类别具体见callerproof
zr_vm_core/include/zr_vm_core/async_frame_budget.h	ZR_ASYNC_FRAME_DIAGNOSTIC_WAIT_NOT_READY	enum-member	zr_vm_core/src/zr_vm_core/execution/execution_compile_queue.c:373;zr_vm_core/src/zr_vm_core/execution/execution_async_wait.c:134;zr_vm_core/src/zr_vm_core/execution/execution_async_wait.c:832;zr_vm_core/src/zr_vm_core/execution/execution_async_wait.c:869;zr_vm_core/src/zr_vm_core/execution/execution_async_wait.c:919;zr_vm_core/src/zr_vm_core/execution/execution_async_wait.c:962	由具体拒绝入口写diagnostic.code，DiagnosticName返回对应静态名称；并非自动异常传播	与所属enum及实际转移/测试使用绑定；未发现消费者者只保留ABI，不推断可达	zr_vm_core/src/zr_vm_core/execution/execution_compile_queue.c:373;zr_vm_core/src/zr_vm_core/execution/execution_async_wait.c:134;zr_vm_core/src/zr_vm_core/execution/execution_async_wait.c:832	no-comment	枚举所属Doxygen和实际switch/转移已表达用途；个别未消费类别具体见callerproof
zr_vm_core/include/zr_vm_core/async_frame_budget.h	ZR_ASYNC_FRAME_DIAGNOSTIC_COMPILE_CAPACITY	enum-member	zr_vm_core/src/zr_vm_core/execution/execution_compile_queue.c:253;zr_vm_core/src/zr_vm_core/execution/execution_async_wait.c:135	由具体拒绝入口写diagnostic.code，DiagnosticName返回对应静态名称；并非自动异常传播	与所属enum及实际转移/测试使用绑定；未发现消费者者只保留ABI，不推断可达	zr_vm_core/src/zr_vm_core/execution/execution_compile_queue.c:253;zr_vm_core/src/zr_vm_core/execution/execution_async_wait.c:135	no-comment	枚举所属Doxygen和实际switch/转移已表达用途；个别未消费类别具体见callerproof
zr_vm_core/include/zr_vm_core/async_frame_budget.h	ZR_ASYNC_FRAME_DIAGNOSTIC_INVALID_SNAPSHOT	enum-member	zr_vm_core/src/zr_vm_core/execution/execution_compile_queue.c:225;zr_vm_core/src/zr_vm_core/execution/execution_async_wait.c:136;tests/task/test_ssa_async_frame_budget.c:465	由具体拒绝入口写diagnostic.code，DiagnosticName返回对应静态名称；并非自动异常传播	与所属enum及实际转移/测试使用绑定；未发现消费者者只保留ABI，不推断可达	zr_vm_core/src/zr_vm_core/execution/execution_compile_queue.c:225;zr_vm_core/src/zr_vm_core/execution/execution_async_wait.c:136;tests/task/test_ssa_async_frame_budget.c:465	no-comment	枚举所属Doxygen和实际switch/转移已表达用途；个别未消费类别具体见callerproof
zr_vm_core/include/zr_vm_core/async_frame_budget.h	ZR_ASYNC_FRAME_DIAGNOSTIC_COMPILE_CANCELLED	enum-member	zr_vm_core/src/zr_vm_core/execution/execution_compile_queue.c:523;zr_vm_core/src/zr_vm_core/execution/execution_compile_queue.c:534;zr_vm_core/src/zr_vm_core/execution/execution_async_wait.c:137;tests/task/test_ssa_async_frame_budget.c:541	由具体拒绝入口写diagnostic.code，DiagnosticName返回对应静态名称；并非自动异常传播	与所属enum及实际转移/测试使用绑定；未发现消费者者只保留ABI，不推断可达	zr_vm_core/src/zr_vm_core/execution/execution_compile_queue.c:523;zr_vm_core/src/zr_vm_core/execution/execution_compile_queue.c:534;zr_vm_core/src/zr_vm_core/execution/execution_async_wait.c:137	no-comment	枚举所属Doxygen和实际switch/转移已表达用途；个别未消费类别具体见callerproof
zr_vm_core/include/zr_vm_core/async_frame_budget.h	ZR_ASYNC_FRAME_DIAGNOSTIC_STALE_GENERATION	enum-member	zr_vm_core/src/zr_vm_core/execution/execution_compile_queue.c:547;zr_vm_core/src/zr_vm_core/execution/execution_async_wait.c:138;tests/task/test_ssa_async_frame_budget.c:422	由具体拒绝入口写diagnostic.code，DiagnosticName返回对应静态名称；并非自动异常传播	与所属enum及实际转移/测试使用绑定；未发现消费者者只保留ABI，不推断可达	zr_vm_core/src/zr_vm_core/execution/execution_compile_queue.c:547;zr_vm_core/src/zr_vm_core/execution/execution_async_wait.c:138;tests/task/test_ssa_async_frame_budget.c:422	no-comment	枚举所属Doxygen和实际switch/转移已表达用途；个别未消费类别具体见callerproof
zr_vm_core/include/zr_vm_core/async_frame_budget.h	ZR_ASYNC_FRAME_DIAGNOSTIC_CONTRACT_MISMATCH	enum-member	zr_vm_core/src/zr_vm_core/execution/execution_compile_queue.c:203;zr_vm_core/src/zr_vm_core/execution/execution_compile_queue.c:219;zr_vm_core/src/zr_vm_core/execution/execution_compile_queue.c:311;zr_vm_core/src/zr_vm_core/execution/execution_compile_queue.c:334;zr_vm_core/src/zr_vm_core/execution/execution_compile_queue.c:548;zr_vm_core/src/zr_vm_core/execution/execution_async_wait.c:139;tests/task/test_ssa_async_frame_budget.c:596;tests/task/test_ssa_async_frame_budget.c:604;tests/task/test_ssa_async_frame_budget.c:610;tests/task/ssa_async_compile_contract_cases.inc:65	由具体拒绝入口写diagnostic.code，DiagnosticName返回对应静态名称；并非自动异常传播	与所属enum及实际转移/测试使用绑定；未发现消费者者只保留ABI，不推断可达	zr_vm_core/src/zr_vm_core/execution/execution_compile_queue.c:203;zr_vm_core/src/zr_vm_core/execution/execution_compile_queue.c:219;zr_vm_core/src/zr_vm_core/execution/execution_compile_queue.c:311	no-comment	枚举所属Doxygen和实际switch/转移已表达用途；个别未消费类别具体见callerproof
zr_vm_core/include/zr_vm_core/async_frame_budget.h	ZR_ASYNC_FRAME_DIAGNOSTIC_OUT_OF_MEMORY	enum-member	zr_vm_core/src/zr_vm_core/execution/execution_compile_queue.c:234;zr_vm_core/src/zr_vm_core/execution/execution_async_wait.c:140	由具体拒绝入口写diagnostic.code，DiagnosticName返回对应静态名称；并非自动异常传播	与所属enum及实际转移/测试使用绑定；未发现消费者者只保留ABI，不推断可达	zr_vm_core/src/zr_vm_core/execution/execution_compile_queue.c:234;zr_vm_core/src/zr_vm_core/execution/execution_async_wait.c:140	no-comment	枚举所属Doxygen和实际switch/转移已表达用途；个别未消费类别具体见callerproof
zr_vm_core/include/zr_vm_core/async_frame_budget.h	ZR_ASYNC_FRAME_DIAGNOSTIC_OVERFLOW	enum-member	zr_vm_core/src/zr_vm_core/execution/execution_compile_queue.c:262;zr_vm_core/src/zr_vm_core/execution/execution_compile_queue.c:274;zr_vm_core/src/zr_vm_core/execution/execution_async_wait.c:141;zr_vm_core/src/zr_vm_core/execution/execution_async_wait.c:494;zr_vm_core/src/zr_vm_core/execution/execution_async_wait.c:750	由具体拒绝入口写diagnostic.code，DiagnosticName返回对应静态名称；并非自动异常传播	与所属enum及实际转移/测试使用绑定；未发现消费者者只保留ABI，不推断可达	zr_vm_core/src/zr_vm_core/execution/execution_compile_queue.c:262;zr_vm_core/src/zr_vm_core/execution/execution_compile_queue.c:274;zr_vm_core/src/zr_vm_core/execution/execution_async_wait.c:141	no-comment	枚举所属Doxygen和实际switch/转移已表达用途；个别未消费类别具体见callerproof
zr_vm_core/include/zr_vm_core/async_frame_budget.h	ZR_ASYNC_FRAME_DIAGNOSTIC_COUNT	enum-member	zr_vm_core/src/zr_vm_core/execution/execution_async_wait.c:142	所属enum的边界哨兵，用于范围校验或名称unknown分支	与所属enum及实际转移/测试使用绑定；未发现消费者者只保留ABI，不推断可达	zr_vm_core/src/zr_vm_core/execution/execution_async_wait.c:142	no-comment	枚举所属Doxygen和实际switch/转移已表达用途；个别未消费类别具体见callerproof
zr_vm_core/include/zr_vm_core/async_frame_budget.h	EZrAsyncFrameStatus	enum	仓内未发现真实调用；全仓当前源码查询见symbol-boundary receipts，不排除仓外ABI消费者	限定所属状态机或诊断编号域	COUNT为范围哨兵，不是可转移终态；poll outcome不等于frame status	zr_vm_core/include/zr_vm_core/async_frame_budget.h:59	no-comment	现有职责注释和本次真实消费者契约一致；具体边界见审查记录，无需逐句复述
zr_vm_core/include/zr_vm_core/async_frame_budget.h	ZR_ASYNC_FRAME_STATUS_IDLE	enum-member	zr_vm_core/src/zr_vm_core/execution/execution_async_wait.c:151;zr_vm_core/src/zr_vm_core/execution/execution_async_wait.c:172;zr_vm_core/src/zr_vm_core/execution/execution_async_wait.c:240;zr_vm_core/src/zr_vm_core/execution/execution_async_wait.c:243	Init后的可Begin状态；Validate本身不开始执行	与所属enum及实际转移/测试使用绑定；未发现消费者者只保留ABI，不推断可达	zr_vm_core/src/zr_vm_core/execution/execution_async_wait.c:151;zr_vm_core/src/zr_vm_core/execution/execution_async_wait.c:172;zr_vm_core/src/zr_vm_core/execution/execution_async_wait.c:240	no-comment	枚举所属Doxygen和实际switch/转移已表达用途；个别未消费类别具体见callerproof
zr_vm_core/include/zr_vm_core/async_frame_budget.h	ZR_ASYNC_FRAME_STATUS_RUNNING	enum-member	zr_vm_core/src/zr_vm_core/execution/execution_async_wait.c:152;zr_vm_core/src/zr_vm_core/execution/execution_async_wait.c:246;zr_vm_core/src/zr_vm_core/execution/execution_async_wait.c:265;zr_vm_core/src/zr_vm_core/execution/execution_async_wait.c:269;zr_vm_core/src/zr_vm_core/execution/execution_async_wait.c:336;zr_vm_core/src/zr_vm_core/execution/execution_async_wait.c:339;zr_vm_core/src/zr_vm_core/execution/execution_async_wait.c:434;zr_vm_core/src/zr_vm_core/execution/execution_async_wait.c:438;zr_vm_core/src/zr_vm_core/execution/execution_async_wait.c:466;zr_vm_core/src/zr_vm_core/execution/execution_async_wait.c:486;zr_vm_core/src/zr_vm_core/execution/execution_async_wait.c:490;zr_vm_core/src/zr_vm_core/execution/execution_async_wait.c:532;zr_vm_core/src/zr_vm_core/execution/execution_async_wait.c:560;zr_vm_core/src/zr_vm_core/execution/execution_async_wait.c:574;tests/task/test_ssa_async_frame_budget.c:130	Poll/Complete允许的运行状态；Teardown拒绝	与所属enum及实际转移/测试使用绑定；未发现消费者者只保留ABI，不推断可达	zr_vm_core/src/zr_vm_core/execution/execution_async_wait.c:152;zr_vm_core/src/zr_vm_core/execution/execution_async_wait.c:246;zr_vm_core/src/zr_vm_core/execution/execution_async_wait.c:265	no-comment	枚举所属Doxygen和实际switch/转移已表达用途；个别未消费类别具体见callerproof
zr_vm_core/include/zr_vm_core/async_frame_budget.h	ZR_ASYNC_FRAME_STATUS_SUSPENDED	enum-member	zr_vm_core/src/zr_vm_core/execution/execution_async_wait.c:153;zr_vm_core/src/zr_vm_core/execution/execution_async_wait.c:266;zr_vm_core/src/zr_vm_core/execution/execution_async_wait.c:333;zr_vm_core/src/zr_vm_core/execution/execution_async_wait.c:388;zr_vm_core/src/zr_vm_core/execution/execution_async_wait.c:418;zr_vm_core/src/zr_vm_core/execution/execution_async_wait.c:435;zr_vm_core/src/zr_vm_core/execution/execution_async_wait.c:487;zr_vm_core/src/zr_vm_core/execution/execution_async_wait.c:547;zr_vm_core/src/zr_vm_core/execution/execution_async_wait.c:550;zr_vm_core/src/zr_vm_core/execution/execution_async_wait.c:578;tests/task/test_ssa_async_frame_budget.c:135;tests/task/test_ssa_async_frame_budget.c:202	可Resume，也允许Complete；Poll直接报告暂停且不计工作量	与所属enum及实际转移/测试使用绑定；未发现消费者者只保留ABI，不推断可达	zr_vm_core/src/zr_vm_core/execution/execution_async_wait.c:153;zr_vm_core/src/zr_vm_core/execution/execution_async_wait.c:266;zr_vm_core/src/zr_vm_core/execution/execution_async_wait.c:333	no-comment	枚举所属Doxygen和实际switch/转移已表达用途；个别未消费类别具体见callerproof
zr_vm_core/include/zr_vm_core/async_frame_budget.h	ZR_ASYNC_FRAME_STATUS_RESUMING	enum-member	zr_vm_core/src/zr_vm_core/execution/execution_async_wait.c:154;zr_vm_core/src/zr_vm_core/execution/execution_async_wait.c:557;zr_vm_core/src/zr_vm_core/execution/execution_async_wait.c:575	Resume正常路径的瞬时赋值，立即RUNNING；Teardown拒绝	与所属enum及实际转移/测试使用绑定；未发现消费者者只保留ABI，不推断可达	zr_vm_core/src/zr_vm_core/execution/execution_async_wait.c:154;zr_vm_core/src/zr_vm_core/execution/execution_async_wait.c:557;zr_vm_core/src/zr_vm_core/execution/execution_async_wait.c:575	no-comment	枚举所属Doxygen和实际switch/转移已表达用途；个别未消费类别具体见callerproof
zr_vm_core/include/zr_vm_core/async_frame_budget.h	ZR_ASYNC_FRAME_STATUS_COMPLETED	enum-member	zr_vm_core/src/zr_vm_core/execution/execution_async_wait.c:155;zr_vm_core/src/zr_vm_core/execution/execution_async_wait.c:446;zr_vm_core/src/zr_vm_core/execution/execution_async_wait.c:461;zr_vm_core/src/zr_vm_core/execution/execution_async_wait.c:527;tests/task/test_ssa_async_frame_budget.c:205	成功Complete的终态，RequestCancel/Fault拒绝	与所属enum及实际转移/测试使用绑定；未发现消费者者只保留ABI，不推断可达	zr_vm_core/src/zr_vm_core/execution/execution_async_wait.c:155;zr_vm_core/src/zr_vm_core/execution/execution_async_wait.c:446;zr_vm_core/src/zr_vm_core/execution/execution_async_wait.c:461	no-comment	枚举所属Doxygen和实际switch/转移已表达用途；个别未消费类别具体见callerproof
zr_vm_core/include/zr_vm_core/async_frame_budget.h	ZR_ASYNC_FRAME_STATUS_CANCELLED	enum-member	zr_vm_core/src/zr_vm_core/execution/execution_async_wait.c:156;zr_vm_core/src/zr_vm_core/execution/execution_async_wait.c:369;zr_vm_core/src/zr_vm_core/execution/execution_async_wait.c:462;zr_vm_core/src/zr_vm_core/execution/execution_async_wait.c:528;zr_vm_core/src/zr_vm_core/execution/execution_async_wait.c:554;tests/task/test_ssa_async_frame_budget.c:172	safe-boundary Poll或已取消Resume置此态；仍须Teardown	与所属enum及实际转移/测试使用绑定；未发现消费者者只保留ABI，不推断可达	zr_vm_core/src/zr_vm_core/execution/execution_async_wait.c:156;zr_vm_core/src/zr_vm_core/execution/execution_async_wait.c:369;zr_vm_core/src/zr_vm_core/execution/execution_async_wait.c:462	no-comment	枚举所属Doxygen和实际switch/转移已表达用途；个别未消费类别具体见callerproof
zr_vm_core/include/zr_vm_core/async_frame_budget.h	ZR_ASYNC_FRAME_STATUS_FAULTED	enum-member	zr_vm_core/src/zr_vm_core/execution/execution_async_wait.c:157;zr_vm_core/src/zr_vm_core/execution/execution_async_wait.c:385;zr_vm_core/src/zr_vm_core/execution/execution_async_wait.c:463;zr_vm_core/src/zr_vm_core/execution/execution_async_wait.c:474;zr_vm_core/src/zr_vm_core/execution/execution_async_wait.c:529	显式Fault或预算暂停违反资源契约后置此态；仍须Teardown	与所属enum及实际转移/测试使用绑定；未发现消费者者只保留ABI，不推断可达	zr_vm_core/src/zr_vm_core/execution/execution_async_wait.c:157;zr_vm_core/src/zr_vm_core/execution/execution_async_wait.c:385;zr_vm_core/src/zr_vm_core/execution/execution_async_wait.c:463	no-comment	枚举所属Doxygen和实际switch/转移已表达用途；个别未消费类别具体见callerproof
zr_vm_core/include/zr_vm_core/async_frame_budget.h	ZR_ASYNC_FRAME_STATUS_TORN_DOWN	enum-member	zr_vm_core/src/zr_vm_core/execution/execution_async_wait.c:158;zr_vm_core/src/zr_vm_core/execution/execution_async_wait.c:460;zr_vm_core/src/zr_vm_core/execution/execution_async_wait.c:526;zr_vm_core/src/zr_vm_core/execution/execution_async_wait.c:571;zr_vm_core/src/zr_vm_core/execution/execution_async_wait.c:586;tests/task/test_ssa_async_frame_budget.c:174	Teardown后的标量终态，可重复Teardown	与所属enum及实际转移/测试使用绑定；未发现消费者者只保留ABI，不推断可达	zr_vm_core/src/zr_vm_core/execution/execution_async_wait.c:158;zr_vm_core/src/zr_vm_core/execution/execution_async_wait.c:460;zr_vm_core/src/zr_vm_core/execution/execution_async_wait.c:526	no-comment	枚举所属Doxygen和实际switch/转移已表达用途；个别未消费类别具体见callerproof
zr_vm_core/include/zr_vm_core/async_frame_budget.h	ZR_ASYNC_FRAME_STATUS_COUNT	enum-member	zr_vm_core/src/zr_vm_core/execution/execution_async_wait.c:159;zr_vm_core/src/zr_vm_core/execution/execution_async_wait.c:199	所属enum的边界哨兵，用于范围校验或名称unknown分支	与所属enum及实际转移/测试使用绑定；未发现消费者者只保留ABI，不推断可达	zr_vm_core/src/zr_vm_core/execution/execution_async_wait.c:159;zr_vm_core/src/zr_vm_core/execution/execution_async_wait.c:199	no-comment	枚举所属Doxygen和实际switch/转移已表达用途；个别未消费类别具体见callerproof
zr_vm_core/include/zr_vm_core/async_frame_budget.h	EZrAsyncFrameSuspendReason	enum	仓内未发现真实调用；全仓当前源码查询见symbol-boundary receipts，不排除仓外ABI消费者	限定所属状态机或诊断编号域	COUNT为范围哨兵，不是可转移终态；poll outcome不等于frame status	zr_vm_core/include/zr_vm_core/async_frame_budget.h:75	no-comment	现有职责注释和本次真实消费者契约一致；具体边界见审查记录，无需逐句复述
zr_vm_core/include/zr_vm_core/async_frame_budget.h	ZR_ASYNC_FRAME_SUSPEND_NONE	enum-member	zr_vm_core/src/zr_vm_core/execution/execution_async_wait.c:173;zr_vm_core/src/zr_vm_core/execution/execution_async_wait.c:247;zr_vm_core/src/zr_vm_core/execution/execution_async_wait.c:370;zr_vm_core/src/zr_vm_core/execution/execution_async_wait.c:407;zr_vm_core/src/zr_vm_core/execution/execution_async_wait.c:447;zr_vm_core/src/zr_vm_core/execution/execution_async_wait.c:475;zr_vm_core/src/zr_vm_core/execution/execution_async_wait.c:558	非暂停默认原因；取消Resume不会自动清旧原因	与所属enum及实际转移/测试使用绑定；未发现消费者者只保留ABI，不推断可达	zr_vm_core/src/zr_vm_core/execution/execution_async_wait.c:173;zr_vm_core/src/zr_vm_core/execution/execution_async_wait.c:247;zr_vm_core/src/zr_vm_core/execution/execution_async_wait.c:370	no-comment	枚举所属Doxygen和实际switch/转移已表达用途；个别未消费类别具体见callerproof
zr_vm_core/include/zr_vm_core/async_frame_budget.h	ZR_ASYNC_FRAME_SUSPEND_WAIT	enum-member	zr_vm_core/src/zr_vm_core/execution/execution_async_wait.c:411;tests/task/test_ssa_async_frame_budget.c:200	显式Suspend原因，未自动调用AsyncWait注册	与所属enum及实际转移/测试使用绑定；未发现消费者者只保留ABI，不推断可达	zr_vm_core/src/zr_vm_core/execution/execution_async_wait.c:411;tests/task/test_ssa_async_frame_budget.c:200	no-comment	枚举所属Doxygen和实际switch/转移已表达用途；个别未消费类别具体见callerproof
zr_vm_core/include/zr_vm_core/async_frame_budget.h	ZR_ASYNC_FRAME_SUSPEND_BUDGET	enum-member	zr_vm_core/src/zr_vm_core/execution/execution_async_wait.c:389;tests/task/test_ssa_async_frame_budget.c:136	预算耗尽safe-boundary暂停原因	与所属enum及实际转移/测试使用绑定；未发现消费者者只保留ABI，不推断可达	zr_vm_core/src/zr_vm_core/execution/execution_async_wait.c:389;tests/task/test_ssa_async_frame_budget.c:136	no-comment	枚举所属Doxygen和实际switch/转移已表达用途；个别未消费类别具体见callerproof
zr_vm_core/include/zr_vm_core/async_frame_budget.h	ZR_ASYNC_FRAME_SUSPEND_COMPILE	enum-member	仓内未发现真实调用；全仓当前源码查询见symbol-boundary receipts，不排除仓外ABI消费者	显式Suspend允许的原因，未自动调用CompileQueue	与所属enum及实际转移/测试使用绑定；未发现消费者者只保留ABI，不推断可达	zr_vm_core/include/zr_vm_core/async_frame_budget.h:79	no-comment	枚举所属Doxygen和实际switch/转移已表达用途；个别未消费类别具体见callerproof
zr_vm_core/include/zr_vm_core/async_frame_budget.h	ZR_ASYNC_FRAME_SUSPEND_COUNT	enum-member	zr_vm_core/src/zr_vm_core/execution/execution_async_wait.c:200;zr_vm_core/src/zr_vm_core/execution/execution_async_wait.c:408	所属enum的边界哨兵，用于范围校验或名称unknown分支	与所属enum及实际转移/测试使用绑定；未发现消费者者只保留ABI，不推断可达	zr_vm_core/src/zr_vm_core/execution/execution_async_wait.c:200;zr_vm_core/src/zr_vm_core/execution/execution_async_wait.c:408	no-comment	枚举所属Doxygen和实际switch/转移已表达用途；个别未消费类别具体见callerproof
zr_vm_core/include/zr_vm_core/async_frame_budget.h	EZrAsyncFramePollOutcome	enum	仓内未发现真实调用；全仓当前源码查询见symbol-boundary receipts，不排除仓外ABI消费者	限定所属状态机或诊断编号域	COUNT为范围哨兵，不是可转移终态；poll outcome不等于frame status	zr_vm_core/include/zr_vm_core/async_frame_budget.h:84	no-comment	现有职责注释和本次真实消费者契约一致；具体边界见审查记录，无需逐句复述
zr_vm_core/include/zr_vm_core/async_frame_budget.h	ZR_ASYNC_FRAME_POLL_RUNNING	enum-member	zr_vm_core/src/zr_vm_core/execution/execution_async_wait.c:366;zr_vm_core/src/zr_vm_core/execution/execution_async_wait.c:374;zr_vm_core/src/zr_vm_core/execution/execution_async_wait.c:383;tests/task/test_ssa_async_frame_budget.c:125;tests/task/test_ssa_async_frame_budget.c:129	本次继续运行，包括nativecritical和未达边界	与所属enum及实际转移/测试使用绑定；未发现消费者者只保留ABI，不推断可达	zr_vm_core/src/zr_vm_core/execution/execution_async_wait.c:366;zr_vm_core/src/zr_vm_core/execution/execution_async_wait.c:374;zr_vm_core/src/zr_vm_core/execution/execution_async_wait.c:383	no-comment	枚举所属Doxygen和实际switch/转移已表达用途；个别未消费类别具体见callerproof
zr_vm_core/include/zr_vm_core/async_frame_budget.h	ZR_ASYNC_FRAME_POLL_SUSPENDED	enum-member	zr_vm_core/src/zr_vm_core/execution/execution_async_wait.c:334;zr_vm_core/src/zr_vm_core/execution/execution_async_wait.c:394;tests/task/test_ssa_async_frame_budget.c:134	已暂停或本次预算暂停，不代表wait注册已完成	与所属enum及实际转移/测试使用绑定；未发现消费者者只保留ABI，不推断可达	zr_vm_core/src/zr_vm_core/execution/execution_async_wait.c:334;zr_vm_core/src/zr_vm_core/execution/execution_async_wait.c:394;tests/task/test_ssa_async_frame_budget.c:134	no-comment	枚举所属Doxygen和实际switch/转移已表达用途；个别未消费类别具体见callerproof
zr_vm_core/include/zr_vm_core/async_frame_budget.h	ZR_ASYNC_FRAME_POLL_CANCELLED	enum-member	zr_vm_core/src/zr_vm_core/execution/execution_async_wait.c:371;tests/task/test_ssa_async_frame_budget.c:171;tests/task/test_ssa_async_frame_budget.c:229	本次安全边界置帧CANCELLED	与所属enum及实际转移/测试使用绑定；未发现消费者者只保留ABI，不推断可达	zr_vm_core/src/zr_vm_core/execution/execution_async_wait.c:371;tests/task/test_ssa_async_frame_budget.c:171;tests/task/test_ssa_async_frame_budget.c:229	no-comment	枚举所属Doxygen和实际switch/转移已表达用途；个别未消费类别具体见callerproof
zr_vm_core/include/zr_vm_core/async_frame_budget.h	ZR_ASYNC_FRAME_POLL_COMPLETED	enum-member	仓内未发现真实调用；全仓当前源码查询见symbol-boundary receipts，不排除仓外ABI消费者	当前Poll未返回该值，保留ABI类别待适配器核查	与所属enum及实际转移/测试使用绑定；未发现消费者者只保留ABI，不推断可达	zr_vm_core/include/zr_vm_core/async_frame_budget.h:88	TODO	实际Poll完整返回路径未产生此值且全仓无消费者；接入调度器Poll适配器时核定保留类别用途
zr_vm_core/include/zr_vm_core/async_frame_budget.h	ZR_ASYNC_FRAME_POLL_FAULTED	enum-member	zr_vm_core/src/zr_vm_core/execution/execution_async_wait.c:331;zr_vm_core/src/zr_vm_core/execution/execution_async_wait.c:341;zr_vm_core/src/zr_vm_core/execution/execution_async_wait.c:386	本次不能继续；Validate/invalid-status路径不一定改frame.status	与所属enum及实际转移/测试使用绑定；未发现消费者者只保留ABI，不推断可达	zr_vm_core/src/zr_vm_core/execution/execution_async_wait.c:331;zr_vm_core/src/zr_vm_core/execution/execution_async_wait.c:341;zr_vm_core/src/zr_vm_core/execution/execution_async_wait.c:386	no-comment	枚举所属Doxygen和实际switch/转移已表达用途；个别未消费类别具体见callerproof
zr_vm_core/include/zr_vm_core/async_frame_budget.h	EZrAsyncWaitState	enum	zr_vm_core/src/zr_vm_core/execution/execution_async_wait.c:983;tests/task/test_ssa_async_frame_budget.c:30	限定所属状态机或诊断编号域	COUNT为范围哨兵，不是可转移终态；poll outcome不等于frame status	zr_vm_core/include/zr_vm_core/async_frame_budget.h:231	no-comment	现有职责注释和本次真实消费者契约一致；具体边界见审查记录，无需逐句复述
zr_vm_core/include/zr_vm_core/async_frame_budget.h	ZR_ASYNC_WAIT_STATE_FREE	enum-member	zr_vm_core/src/zr_vm_core/execution/execution_async_wait.c:602;zr_vm_core/src/zr_vm_core/execution/execution_async_wait.c:607;zr_vm_core/src/zr_vm_core/execution/execution_async_wait.c:635;zr_vm_core/src/zr_vm_core/execution/execution_async_wait.c:656;zr_vm_core/src/zr_vm_core/execution/execution_async_wait.c:735;zr_vm_core/src/zr_vm_core/execution/execution_async_wait.c:751;zr_vm_core/src/zr_vm_core/execution/execution_async_wait.c:960;zr_vm_core/src/zr_vm_core/execution/execution_async_wait.c:982;tests/task/ssa_async_stale_handle_cases.inc:35;tests/task/ssa_async_stale_handle_cases.inc:67;tests/task/ssa_async_stale_handle_cases.inc:71	可领取槽位，身份字段已清或尚初始化	与所属enum及实际转移/测试使用绑定；未发现消费者者只保留ABI，不推断可达	zr_vm_core/src/zr_vm_core/execution/execution_async_wait.c:602;zr_vm_core/src/zr_vm_core/execution/execution_async_wait.c:607;zr_vm_core/src/zr_vm_core/execution/execution_async_wait.c:635	no-comment	枚举所属Doxygen和实际switch/转移已表达用途；个别未消费类别具体见callerproof
zr_vm_core/include/zr_vm_core/async_frame_budget.h	ZR_ASYNC_WAIT_STATE_REGISTERING	enum-member	zr_vm_core/src/zr_vm_core/execution/execution_async_wait.c:703;zr_vm_core/src/zr_vm_core/execution/execution_async_wait.c:713;zr_vm_core/src/zr_vm_core/execution/execution_async_wait.c:723;zr_vm_core/src/zr_vm_core/execution/execution_async_wait.c:728;zr_vm_core/src/zr_vm_core/execution/execution_async_wait.c:761;zr_vm_core/src/zr_vm_core/execution/execution_async_wait.c:771;zr_vm_core/src/zr_vm_core/execution/execution_async_wait.c:818;zr_vm_core/src/zr_vm_core/execution/execution_async_wait.c:853;tests/task/test_ssa_async_frame_budget.c:37	身份已发布但注册后的CAS尚未决定WAITING/READY	与所属enum及实际转移/测试使用绑定；未发现消费者者只保留ABI，不推断可达	zr_vm_core/src/zr_vm_core/execution/execution_async_wait.c:703;zr_vm_core/src/zr_vm_core/execution/execution_async_wait.c:713;zr_vm_core/src/zr_vm_core/execution/execution_async_wait.c:723	no-comment	枚举所属Doxygen和实际switch/转移已表达用途；个别未消费类别具体见callerproof
zr_vm_core/include/zr_vm_core/async_frame_budget.h	ZR_ASYNC_WAIT_STATE_WAITING	enum-member	zr_vm_core/src/zr_vm_core/execution/execution_async_wait.c:774;zr_vm_core/src/zr_vm_core/execution/execution_async_wait.c:776;zr_vm_core/src/zr_vm_core/execution/execution_async_wait.c:777;zr_vm_core/src/zr_vm_core/execution/execution_async_wait.c:822;zr_vm_core/src/zr_vm_core/execution/execution_async_wait.c:833;zr_vm_core/src/zr_vm_core/execution/execution_async_wait.c:857;zr_vm_core/src/zr_vm_core/execution/execution_async_wait.c:870;tests/task/test_ssa_async_frame_budget.c:38;tests/task/test_ssa_async_frame_budget.c:258;tests/task/ssa_async_stale_handle_cases.inc:47;tests/task/ssa_async_stale_handle_cases.inc:53	等待Wake/Cancel/Timeout/Recheck争获胜终态	与所属enum及实际转移/测试使用绑定；未发现消费者者只保留ABI，不推断可达	zr_vm_core/src/zr_vm_core/execution/execution_async_wait.c:774;zr_vm_core/src/zr_vm_core/execution/execution_async_wait.c:776;zr_vm_core/src/zr_vm_core/execution/execution_async_wait.c:777	no-comment	枚举所属Doxygen和实际switch/转移已表达用途；个别未消费类别具体见callerproof
zr_vm_core/include/zr_vm_core/async_frame_budget.h	ZR_ASYNC_WAIT_STATE_READY	enum-member	zr_vm_core/src/zr_vm_core/execution/execution_async_wait.c:773;zr_vm_core/src/zr_vm_core/execution/execution_async_wait.c:779;zr_vm_core/src/zr_vm_core/execution/execution_async_wait.c:854;zr_vm_core/src/zr_vm_core/execution/execution_async_wait.c:858;zr_vm_core/src/zr_vm_core/execution/execution_async_wait.c:863;zr_vm_core/src/zr_vm_core/execution/execution_async_wait.c:878;zr_vm_core/src/zr_vm_core/execution/execution_async_wait.c:916;zr_vm_core/src/zr_vm_core/execution/execution_async_wait.c:921;tests/task/test_ssa_async_frame_budget.c:42;tests/task/test_ssa_async_frame_budget.c:263;tests/task/ssa_async_stale_handle_cases.inc:58	就绪获胜，须Resume后才可Release	与所属enum及实际转移/测试使用绑定；未发现消费者者只保留ABI，不推断可达	zr_vm_core/src/zr_vm_core/execution/execution_async_wait.c:773;zr_vm_core/src/zr_vm_core/execution/execution_async_wait.c:779;zr_vm_core/src/zr_vm_core/execution/execution_async_wait.c:854	no-comment	枚举所属Doxygen和实际switch/转移已表达用途；个别未消费类别具体见callerproof
zr_vm_core/include/zr_vm_core/async_frame_budget.h	ZR_ASYNC_WAIT_STATE_CANCELLED	enum-member	zr_vm_core/src/zr_vm_core/execution/execution_async_wait.c:864;zr_vm_core/src/zr_vm_core/execution/execution_async_wait.c:885;zr_vm_core/src/zr_vm_core/execution/execution_async_wait.c:917;tests/task/test_ssa_async_frame_budget.c:43;tests/task/test_ssa_async_frame_budget.c:309	取消获胜，须Resume后才可Release；不自动取消frame/compile	与所属enum及实际转移/测试使用绑定；未发现消费者者只保留ABI，不推断可达	zr_vm_core/src/zr_vm_core/execution/execution_async_wait.c:864;zr_vm_core/src/zr_vm_core/execution/execution_async_wait.c:885;zr_vm_core/src/zr_vm_core/execution/execution_async_wait.c:917	no-comment	枚举所属Doxygen和实际switch/转移已表达用途；个别未消费类别具体见callerproof
zr_vm_core/include/zr_vm_core/async_frame_budget.h	ZR_ASYNC_WAIT_STATE_TIMED_OUT	enum-member	zr_vm_core/src/zr_vm_core/execution/execution_async_wait.c:865;zr_vm_core/src/zr_vm_core/execution/execution_async_wait.c:892;zr_vm_core/src/zr_vm_core/execution/execution_async_wait.c:918;tests/task/test_ssa_async_frame_budget.c:44;tests/task/test_ssa_async_frame_budget.c:318	显式超时获胜，须Resume后才可Release	与所属enum及实际转移/测试使用绑定；未发现消费者者只保留ABI，不推断可达	zr_vm_core/src/zr_vm_core/execution/execution_async_wait.c:865;zr_vm_core/src/zr_vm_core/execution/execution_async_wait.c:892;zr_vm_core/src/zr_vm_core/execution/execution_async_wait.c:918	no-comment	枚举所属Doxygen和实际switch/转移已表达用途；个别未消费类别具体见callerproof
zr_vm_core/include/zr_vm_core/async_frame_budget.h	ZR_ASYNC_WAIT_STATE_RESUMED	enum-member	zr_vm_core/src/zr_vm_core/execution/execution_async_wait.c:826;zr_vm_core/src/zr_vm_core/execution/execution_async_wait.c:866;zr_vm_core/src/zr_vm_core/execution/execution_async_wait.c:910;zr_vm_core/src/zr_vm_core/execution/execution_async_wait.c:925;zr_vm_core/src/zr_vm_core/execution/execution_async_wait.c:959;zr_vm_core/src/zr_vm_core/execution/execution_async_wait.c:964;tests/task/test_ssa_async_frame_budget.c:48;tests/task/ssa_async_stale_handle_cases.inc:64	获胜恢复已执行一次，可Release；不执行用户回调	与所属enum及实际转移/测试使用绑定；未发现消费者者只保留ABI，不推断可达	zr_vm_core/src/zr_vm_core/execution/execution_async_wait.c:826;zr_vm_core/src/zr_vm_core/execution/execution_async_wait.c:866;zr_vm_core/src/zr_vm_core/execution/execution_async_wait.c:910	no-comment	枚举所属Doxygen和实际switch/转移已表达用途；个别未消费类别具体见callerproof
zr_vm_core/include/zr_vm_core/async_frame_budget.h	ZR_ASYNC_WAIT_STATE_COUNT	enum-member	仓内未发现真实调用；全仓当前源码查询见symbol-boundary receipts，不排除仓外ABI消费者	所属enum的边界哨兵，用于范围校验或名称unknown分支	与所属enum及实际转移/测试使用绑定；未发现消费者者只保留ABI，不推断可达	zr_vm_core/include/zr_vm_core/async_frame_budget.h:239	no-comment	枚举所属Doxygen和实际switch/转移已表达用途；个别未消费类别具体见callerproof
zr_vm_core/include/zr_vm_core/async_frame_budget.h	EZrCompileJobState	enum	zr_vm_core/src/zr_vm_core/execution/execution_compile_queue.c:625;zr_vm_core/src/zr_vm_core/execution/execution_compile_queue.c:637;tests/task/test_ssa_async_frame_budget.c:64	限定所属状态机或诊断编号域	COUNT为范围哨兵，不是可转移终态；poll outcome不等于frame status	zr_vm_core/include/zr_vm_core/async_frame_budget.h:362	no-comment	现有职责注释和本次真实消费者契约一致；具体边界见审查记录，无需逐句复述
zr_vm_core/include/zr_vm_core/async_frame_budget.h	ZR_COMPILE_JOB_FREE	enum-member	zr_vm_core/src/zr_vm_core/execution/execution_compile_queue.c:116;zr_vm_core/src/zr_vm_core/execution/execution_compile_queue.c:122;zr_vm_core/src/zr_vm_core/execution/execution_compile_queue.c:142;zr_vm_core/src/zr_vm_core/execution/execution_compile_queue.c:152;zr_vm_core/src/zr_vm_core/execution/execution_compile_queue.c:170;zr_vm_core/src/zr_vm_core/execution/execution_compile_queue.c:194;zr_vm_core/src/zr_vm_core/execution/execution_compile_queue.c:204;zr_vm_core/src/zr_vm_core/execution/execution_compile_queue.c:209;zr_vm_core/src/zr_vm_core/execution/execution_compile_queue.c:220;zr_vm_core/src/zr_vm_core/execution/execution_compile_queue.c:226;zr_vm_core/src/zr_vm_core/execution/execution_compile_queue.c:235;zr_vm_core/src/zr_vm_core/execution/execution_compile_queue.c:245;zr_vm_core/src/zr_vm_core/execution/execution_compile_queue.c:254;zr_vm_core/src/zr_vm_core/execution/execution_compile_queue.c:263;zr_vm_core/src/zr_vm_core/execution/execution_compile_queue.c:275;zr_vm_core/src/zr_vm_core/execution/execution_compile_queue.c:306;zr_vm_core/src/zr_vm_core/execution/execution_compile_queue.c:312;zr_vm_core/src/zr_vm_core/execution/execution_compile_queue.c:329;zr_vm_core/src/zr_vm_core/execution/execution_compile_queue.c:335;zr_vm_core/src/zr_vm_core/execution/execution_compile_queue.c:353;zr_vm_core/src/zr_vm_core/execution/execution_compile_queue.c:374;zr_vm_core/src/zr_vm_core/execution/execution_compile_queue.c:375;zr_vm_core/src/zr_vm_core/execution/execution_compile_queue.c:394;zr_vm_core/src/zr_vm_core/execution/execution_compile_queue.c:400;zr_vm_core/src/zr_vm_core/execution/execution_compile_queue.c:452;zr_vm_core/src/zr_vm_core/execution/execution_compile_queue.c:457;zr_vm_core/src/zr_vm_core/execution/execution_compile_queue.c:463;zr_vm_core/src/zr_vm_core/execution/execution_compile_queue.c:504;zr_vm_core/src/zr_vm_core/execution/execution_compile_queue.c:510;zr_vm_core/src/zr_vm_core/execution/execution_compile_queue.c:573;zr_vm_core/src/zr_vm_core/execution/execution_compile_queue.c:579;zr_vm_core/src/zr_vm_core/execution/execution_compile_queue.c:612;zr_vm_core/src/zr_vm_core/execution/execution_compile_queue.c:625;tests/task/ssa_async_compile_contract_cases.inc:82;tests/task/ssa_async_stale_handle_cases.inc:136;tests/task/ssa_async_stale_handle_cases.inc:172	可领取记录；jobId零或无效handle查询也返回此值	与所属enum及实际转移/测试使用绑定；未发现消费者者只保留ABI，不推断可达	zr_vm_core/src/zr_vm_core/execution/execution_compile_queue.c:116;zr_vm_core/src/zr_vm_core/execution/execution_compile_queue.c:122;zr_vm_core/src/zr_vm_core/execution/execution_compile_queue.c:142	no-comment	枚举所属Doxygen和实际switch/转移已表达用途；个别未消费类别具体见callerproof
zr_vm_core/include/zr_vm_core/async_frame_budget.h	ZR_COMPILE_JOB_QUEUED	enum-member	zr_vm_core/src/zr_vm_core/execution/execution_compile_queue.c:292;zr_vm_core/src/zr_vm_core/execution/execution_compile_queue.c:360;zr_vm_core/src/zr_vm_core/execution/execution_compile_queue.c:375;zr_vm_core/src/zr_vm_core/execution/execution_compile_queue.c:410;zr_vm_core/src/zr_vm_core/execution/execution_compile_queue.c:474;tests/task/test_ssa_async_frame_budget.c:71;tests/task/test_ssa_async_frame_budget.c:469;tests/task/ssa_async_stale_handle_cases.inc:144	已复制快照尚未worker认领；Cancel立即终态	与所属enum及实际转移/测试使用绑定；未发现消费者者只保留ABI，不推断可达	zr_vm_core/src/zr_vm_core/execution/execution_compile_queue.c:292;zr_vm_core/src/zr_vm_core/execution/execution_compile_queue.c:360;zr_vm_core/src/zr_vm_core/execution/execution_compile_queue.c:375	no-comment	枚举所属Doxygen和实际switch/转移已表达用途；个别未消费类别具体见callerproof
zr_vm_core/include/zr_vm_core/async_frame_budget.h	ZR_COMPILE_JOB_RUNNING	enum-member	zr_vm_core/src/zr_vm_core/execution/execution_compile_queue.c:367;zr_vm_core/src/zr_vm_core/execution/execution_compile_queue.c:418;zr_vm_core/src/zr_vm_core/execution/execution_compile_queue.c:433;zr_vm_core/src/zr_vm_core/execution/execution_compile_queue.c:474;zr_vm_core/src/zr_vm_core/execution/execution_compile_queue.c:477;zr_vm_core/src/zr_vm_core/execution/execution_compile_queue.c:520;zr_vm_core/src/zr_vm_core/execution/execution_compile_queue.c:527;tests/task/test_ssa_async_frame_budget.c:75;tests/task/test_ssa_async_frame_budget.c:522;tests/task/test_ssa_async_frame_budget.c:527;tests/task/ssa_async_stale_handle_cases.inc:154	worker借用快照期间；Cancel仅置请求，不允许Release	与所属enum及实际转移/测试使用绑定；未发现消费者者只保留ABI，不推断可达	zr_vm_core/src/zr_vm_core/execution/execution_compile_queue.c:367;zr_vm_core/src/zr_vm_core/execution/execution_compile_queue.c:418;zr_vm_core/src/zr_vm_core/execution/execution_compile_queue.c:433	no-comment	枚举所属Doxygen和实际switch/转移已表达用途；个别未消费类别具体见callerproof
zr_vm_core/include/zr_vm_core/async_frame_budget.h	ZR_COMPILE_JOB_COMPLETED	enum-member	zr_vm_core/src/zr_vm_core/execution/execution_compile_queue.c:558;zr_vm_core/src/zr_vm_core/execution/execution_compile_queue.c:589;zr_vm_core/src/zr_vm_core/execution/execution_compile_queue.c:594;tests/task/test_ssa_async_frame_budget.c:88;tests/task/test_ssa_async_frame_budget.c:95;tests/task/ssa_async_compile_contract_cases.inc:73;tests/task/ssa_async_stale_handle_cases.inc:165	成功保存resultHash，仍占槽且须Release；未安装实际代码	与所属enum及实际转移/测试使用绑定；未发现消费者者只保留ABI，不推断可达	zr_vm_core/src/zr_vm_core/execution/execution_compile_queue.c:558;zr_vm_core/src/zr_vm_core/execution/execution_compile_queue.c:589;zr_vm_core/src/zr_vm_core/execution/execution_compile_queue.c:594	no-comment	枚举所属Doxygen和实际switch/转移已表达用途；个别未消费类别具体见callerproof
zr_vm_core/include/zr_vm_core/async_frame_budget.h	ZR_COMPILE_JOB_CANCELLED	enum-member	zr_vm_core/src/zr_vm_core/execution/execution_compile_queue.c:363;zr_vm_core/src/zr_vm_core/execution/execution_compile_queue.c:414;zr_vm_core/src/zr_vm_core/execution/execution_compile_queue.c:426;zr_vm_core/src/zr_vm_core/execution/execution_compile_queue.c:590;tests/task/test_ssa_async_frame_budget.c:89;tests/task/test_ssa_async_frame_budget.c:96;tests/task/test_ssa_async_frame_budget.c:471	未运行作业取消的终态，可Release	与所属enum及实际转移/测试使用绑定；未发现消费者者只保留ABI，不推断可达	zr_vm_core/src/zr_vm_core/execution/execution_compile_queue.c:363;zr_vm_core/src/zr_vm_core/execution/execution_compile_queue.c:414;zr_vm_core/src/zr_vm_core/execution/execution_compile_queue.c:426	no-comment	枚举所属Doxygen和实际switch/转移已表达用途；个别未消费类别具体见callerproof
zr_vm_core/include/zr_vm_core/async_frame_budget.h	ZR_COMPILE_JOB_DISCARDED	enum-member	zr_vm_core/src/zr_vm_core/execution/execution_compile_queue.c:427;zr_vm_core/src/zr_vm_core/execution/execution_compile_queue.c:533;zr_vm_core/src/zr_vm_core/execution/execution_compile_queue.c:535;zr_vm_core/src/zr_vm_core/execution/execution_compile_queue.c:549;zr_vm_core/src/zr_vm_core/execution/execution_compile_queue.c:551;zr_vm_core/src/zr_vm_core/execution/execution_compile_queue.c:591;tests/task/test_ssa_async_frame_budget.c:90;tests/task/test_ssa_async_frame_budget.c:97;tests/task/test_ssa_async_frame_budget.c:423;tests/task/test_ssa_async_frame_budget.c:542;tests/task/ssa_async_compile_contract_cases.inc:67;tests/task/ssa_async_compile_contract_cases.inc:68	worker确认取消或契约失配的终态，可Release	与所属enum及实际转移/测试使用绑定；未发现消费者者只保留ABI，不推断可达	zr_vm_core/src/zr_vm_core/execution/execution_compile_queue.c:427;zr_vm_core/src/zr_vm_core/execution/execution_compile_queue.c:533;zr_vm_core/src/zr_vm_core/execution/execution_compile_queue.c:535	no-comment	枚举所属Doxygen和实际switch/转移已表达用途；个别未消费类别具体见callerproof
zr_vm_core/include/zr_vm_core/async_frame_budget.h	ZR_COMPILE_JOB_COUNT	enum-member	仓内未发现真实调用；全仓当前源码查询见symbol-boundary receipts，不排除仓外ABI消费者	所属enum的边界哨兵，用于范围校验或名称unknown分支	与所属enum及实际转移/测试使用绑定；未发现消费者者只保留ABI，不推断可达	zr_vm_core/include/zr_vm_core/async_frame_budget.h:369	no-comment	枚举所属Doxygen和实际switch/转移已表达用途；个别未消费类别具体见callerproof
zr_vm_core/include/zr_vm_core/async_frame_budget.h	ZR_VM_CORE_ASYNC_FRAME_BUDGET_H	macro	仓内未发现真实调用；全仓当前源码查询见symbol-boundary receipts，不排除仓外ABI消费者	头文件保护	未知flags由Validate/Queue拒绝；PENDING_WAIT/TEARDOWN别名未见实现读取时仅保留外部入口	zr_vm_core/include/zr_vm_core/async_frame_budget.h:2	no-comment	现有职责注释和本次真实消费者契约一致；具体边界见审查记录，无需逐句复述
zr_vm_core/include/zr_vm_core/async_frame_budget.h	ZR_ASYNC_FRAME_BUDGET_SCHEMA_VERSION	macro	zr_vm_core/src/zr_vm_core/execution/execution_compile_queue.c:207;zr_vm_core/src/zr_vm_core/execution/execution_compile_queue.c:210;zr_vm_core/src/zr_vm_core/execution/execution_async_wait.c:171;zr_vm_core/src/zr_vm_core/execution/execution_async_wait.c:191;zr_vm_core/src/zr_vm_core/execution/execution_async_wait.c:194;zr_vm_core/src/zr_vm_core/execution/execution_async_wait.c:682;zr_vm_core/src/zr_vm_core/execution/execution_async_wait.c:685;tests/task/test_ssa_async_frame_budget.c:250;tests/task/test_ssa_async_frame_budget.c:299;tests/task/test_ssa_async_frame_budget.c:352;tests/task/test_ssa_async_frame_budget.c:397;tests/task/test_ssa_async_frame_budget.c:455;tests/task/test_ssa_async_frame_budget.c:508;tests/task/test_ssa_async_frame_budget.c:586;tests/task/ssa_async_compile_contract_cases.inc:24;tests/task/ssa_async_stale_handle_cases.inc:21;tests/task/ssa_async_stale_handle_cases.inc:107	声明ABI/许可/资源/待处理标记；消费关系按当前实现登记	未知flags由Validate/Queue拒绝；PENDING_WAIT/TEARDOWN别名未见实现读取时仅保留外部入口	zr_vm_core/src/zr_vm_core/execution/execution_compile_queue.c:207;zr_vm_core/src/zr_vm_core/execution/execution_compile_queue.c:210;zr_vm_core/src/zr_vm_core/execution/execution_async_wait.c:171	no-comment	现有职责注释和本次真实消费者契约一致；具体边界见审查记录，无需逐句复述
zr_vm_core/include/zr_vm_core/async_frame_budget.h	ZR_ASYNC_FRAME_BUDGET_MAGIC	macro	zr_vm_core/src/zr_vm_core/execution/execution_async_wait.c:170;zr_vm_core/src/zr_vm_core/execution/execution_async_wait.c:185;zr_vm_core/src/zr_vm_core/execution/execution_async_wait.c:188	声明ABI/许可/资源/待处理标记；消费关系按当前实现登记	未知flags由Validate/Queue拒绝；PENDING_WAIT/TEARDOWN别名未见实现读取时仅保留外部入口	zr_vm_core/src/zr_vm_core/execution/execution_async_wait.c:170;zr_vm_core/src/zr_vm_core/execution/execution_async_wait.c:185;zr_vm_core/src/zr_vm_core/execution/execution_async_wait.c:188	no-comment	现有职责注释和本次真实消费者契约一致；具体边界见审查记录，无需逐句复述
zr_vm_core/include/zr_vm_core/async_frame_budget.h	ZR_ASYNC_FRAME_STATUS_TEARDOWN	macro	仓内未发现真实调用；全仓当前源码查询见symbol-boundary receipts，不排除仓外ABI消费者	声明ABI/许可/资源/待处理标记；消费关系按当前实现登记	未知flags由Validate/Queue拒绝；PENDING_WAIT/TEARDOWN别名未见实现读取时仅保留外部入口	zr_vm_core/include/zr_vm_core/async_frame_budget.h:72	TODO	全仓当前无实际消费者；从未来scheduler wait挂接/旧拼写适配器核实ABI用途，不推断可以删除
zr_vm_core/include/zr_vm_core/async_frame_budget.h	ZR_ASYNC_FRAME_FLAG_ASYNC_CONTRACT	macro	zr_vm_core/src/zr_vm_core/execution/execution_async_wait.c:215;zr_vm_core/src/zr_vm_core/execution/execution_async_wait.c:218;zr_vm_core/src/zr_vm_core/execution/execution_async_wait.c:272;tests/task/test_ssa_async_frame_budget.c:118;tests/task/test_ssa_async_frame_budget.c:154;tests/task/test_ssa_async_frame_budget.c:191;tests/task/test_ssa_async_frame_budget.c:222	声明ABI/许可/资源/待处理标记；消费关系按当前实现登记	未知flags由Validate/Queue拒绝；PENDING_WAIT/TEARDOWN别名未见实现读取时仅保留外部入口	zr_vm_core/src/zr_vm_core/execution/execution_async_wait.c:215;zr_vm_core/src/zr_vm_core/execution/execution_async_wait.c:218;zr_vm_core/src/zr_vm_core/execution/execution_async_wait.c:272	no-comment	现有职责注释和本次真实消费者契约一致；具体边界见审查记录，无需逐句复述
zr_vm_core/include/zr_vm_core/async_frame_budget.h	ZR_ASYNC_FRAME_FLAG_ALLOW_SUSPEND	macro	zr_vm_core/src/zr_vm_core/execution/execution_async_wait.c:214;zr_vm_core/src/zr_vm_core/execution/execution_async_wait.c:273;zr_vm_core/src/zr_vm_core/execution/execution_async_wait.c:276;tests/task/test_ssa_async_frame_budget.c:119;tests/task/test_ssa_async_frame_budget.c:155;tests/task/test_ssa_async_frame_budget.c:192;tests/task/test_ssa_async_frame_budget.c:223	声明ABI/许可/资源/待处理标记；消费关系按当前实现登记	未知flags由Validate/Queue拒绝；PENDING_WAIT/TEARDOWN别名未见实现读取时仅保留外部入口	zr_vm_core/src/zr_vm_core/execution/execution_async_wait.c:214;zr_vm_core/src/zr_vm_core/execution/execution_async_wait.c:273;zr_vm_core/src/zr_vm_core/execution/execution_async_wait.c:276	no-comment	现有职责注释和本次真实消费者契约一致；具体边界见审查记录，无需逐句复述
zr_vm_core/include/zr_vm_core/async_frame_budget.h	ZR_ASYNC_FRAME_FLAG_STATE_MAP_VALID	macro	zr_vm_core/src/zr_vm_core/execution/execution_async_wait.c:221;zr_vm_core/src/zr_vm_core/execution/execution_async_wait.c:308;tests/task/test_ssa_async_frame_budget.c:120;tests/task/test_ssa_async_frame_budget.c:156;tests/task/test_ssa_async_frame_budget.c:193;tests/task/test_ssa_async_frame_budget.c:224	声明ABI/许可/资源/待处理标记；消费关系按当前实现登记	未知flags由Validate/Queue拒绝；PENDING_WAIT/TEARDOWN别名未见实现读取时仅保留外部入口	zr_vm_core/src/zr_vm_core/execution/execution_async_wait.c:221;zr_vm_core/src/zr_vm_core/execution/execution_async_wait.c:308;tests/task/test_ssa_async_frame_budget.c:120	no-comment	现有职责注释和本次真实消费者契约一致；具体边界见审查记录，无需逐句复述
zr_vm_core/include/zr_vm_core/async_frame_budget.h	ZR_ASYNC_FRAME_FLAG_HAS_BORROW	macro	zr_vm_core/src/zr_vm_core/execution/execution_async_wait.c:279;tests/task/test_ssa_async_frame_budget.c:157;tests/task/test_ssa_async_frame_budget.c:163	声明ABI/许可/资源/待处理标记；消费关系按当前实现登记	未知flags由Validate/Queue拒绝；PENDING_WAIT/TEARDOWN别名未见实现读取时仅保留外部入口	zr_vm_core/src/zr_vm_core/execution/execution_async_wait.c:279;tests/task/test_ssa_async_frame_budget.c:157;tests/task/test_ssa_async_frame_budget.c:163	no-comment	现有职责注释和本次真实消费者契约一致；具体边界见审查记录，无需逐句复述
zr_vm_core/include/zr_vm_core/async_frame_budget.h	ZR_ASYNC_FRAME_FLAG_HAS_STACK_ALIAS	macro	zr_vm_core/src/zr_vm_core/execution/execution_async_wait.c:285	声明ABI/许可/资源/待处理标记；消费关系按当前实现登记	未知flags由Validate/Queue拒绝；PENDING_WAIT/TEARDOWN别名未见实现读取时仅保留外部入口	zr_vm_core/src/zr_vm_core/execution/execution_async_wait.c:285	no-comment	现有职责注释和本次真实消费者契约一致；具体边界见审查记录，无需逐句复述
zr_vm_core/include/zr_vm_core/async_frame_budget.h	ZR_ASYNC_FRAME_FLAG_HAS_LOCK_GUARD	macro	zr_vm_core/src/zr_vm_core/execution/execution_async_wait.c:291	声明ABI/许可/资源/待处理标记；消费关系按当前实现登记	未知flags由Validate/Queue拒绝；PENDING_WAIT/TEARDOWN别名未见实现读取时仅保留外部入口	zr_vm_core/src/zr_vm_core/execution/execution_async_wait.c:291	no-comment	现有职责注释和本次真实消费者契约一致；具体边界见审查记录，无需逐句复述
zr_vm_core/include/zr_vm_core/async_frame_budget.h	ZR_ASYNC_FRAME_FLAG_NATIVE_CRITICAL	macro	zr_vm_core/src/zr_vm_core/execution/execution_async_wait.c:298;zr_vm_core/src/zr_vm_core/execution/execution_async_wait.c:365	声明ABI/许可/资源/待处理标记；消费关系按当前实现登记	未知flags由Validate/Queue拒绝；PENDING_WAIT/TEARDOWN别名未见实现读取时仅保留外部入口	zr_vm_core/src/zr_vm_core/execution/execution_async_wait.c:298;zr_vm_core/src/zr_vm_core/execution/execution_async_wait.c:365	no-comment	现有职责注释和本次真实消费者契约一致；具体边界见审查记录，无需逐句复述
zr_vm_core/include/zr_vm_core/async_frame_budget.h	ZR_ASYNC_FRAME_FLAG_KNOWN_MASK	macro	zr_vm_core/src/zr_vm_core/execution/execution_async_wait.c:197;zr_vm_core/src/zr_vm_core/execution/execution_async_wait.c:205	声明ABI/许可/资源/待处理标记；消费关系按当前实现登记	未知flags由Validate/Queue拒绝；PENDING_WAIT/TEARDOWN别名未见实现读取时仅保留外部入口	zr_vm_core/src/zr_vm_core/execution/execution_async_wait.c:197;zr_vm_core/src/zr_vm_core/execution/execution_async_wait.c:205	no-comment	现有职责注释和本次真实消费者契约一致；具体边界见审查记录，无需逐句复述
zr_vm_core/include/zr_vm_core/async_frame_budget.h	ZR_ASYNC_FRAME_PENDING_BUDGET	macro	zr_vm_core/src/zr_vm_core/execution/execution_async_wait.c:356;zr_vm_core/src/zr_vm_core/execution/execution_async_wait.c:390;zr_vm_core/src/zr_vm_core/execution/execution_async_wait.c:420;zr_vm_core/src/zr_vm_core/execution/execution_async_wait.c:559	声明ABI/许可/资源/待处理标记；消费关系按当前实现登记	未知flags由Validate/Queue拒绝；PENDING_WAIT/TEARDOWN别名未见实现读取时仅保留外部入口	zr_vm_core/src/zr_vm_core/execution/execution_async_wait.c:356;zr_vm_core/src/zr_vm_core/execution/execution_async_wait.c:390;zr_vm_core/src/zr_vm_core/execution/execution_async_wait.c:420	no-comment	现有职责注释和本次真实消费者契约一致；具体边界见审查记录，无需逐句复述
zr_vm_core/include/zr_vm_core/async_frame_budget.h	ZR_ASYNC_FRAME_PENDING_CANCEL	macro	zr_vm_core/src/zr_vm_core/execution/execution_async_wait.c:249;zr_vm_core/src/zr_vm_core/execution/execution_async_wait.c:359;zr_vm_core/src/zr_vm_core/execution/execution_async_wait.c:536	声明ABI/许可/资源/待处理标记；消费关系按当前实现登记	未知flags由Validate/Queue拒绝；PENDING_WAIT/TEARDOWN别名未见实现读取时仅保留外部入口	zr_vm_core/src/zr_vm_core/execution/execution_async_wait.c:249;zr_vm_core/src/zr_vm_core/execution/execution_async_wait.c:359;zr_vm_core/src/zr_vm_core/execution/execution_async_wait.c:536	no-comment	现有职责注释和本次真实消费者契约一致；具体边界见审查记录，无需逐句复述
zr_vm_core/include/zr_vm_core/async_frame_budget.h	ZR_ASYNC_FRAME_PENDING_WAIT	macro	仓内未发现真实调用；全仓当前源码查询见symbol-boundary receipts，不排除仓外ABI消费者	声明ABI/许可/资源/待处理标记；消费关系按当前实现登记	未知flags由Validate/Queue拒绝；PENDING_WAIT/TEARDOWN别名未见实现读取时仅保留外部入口	zr_vm_core/include/zr_vm_core/async_frame_budget.h:109	TODO	全仓当前无实际消费者；从未来scheduler wait挂接/旧拼写适配器核实ABI用途，不推断可以删除
zr_vm_core/include/zr_vm_core/async_frame_budget.h	ZR_COMPILE_QUEUE_REQUEST_WARMUP	macro	zr_vm_core/src/zr_vm_core/execution/execution_compile_queue.c:339;zr_vm_core/src/zr_vm_core/execution/execution_compile_queue.c:659;tests/task/test_ssa_async_frame_budget.c:406;tests/task/ssa_async_stale_handle_cases.inc:129	声明ABI/许可/资源/待处理标记；消费关系按当前实现登记	未知flags由Validate/Queue拒绝；PENDING_WAIT/TEARDOWN别名未见实现读取时仅保留外部入口	zr_vm_core/src/zr_vm_core/execution/execution_compile_queue.c:339;zr_vm_core/src/zr_vm_core/execution/execution_compile_queue.c:659;tests/task/test_ssa_async_frame_budget.c:406	no-comment	现有职责注释和本次真实消费者契约一致；具体边界见审查记录，无需逐句复述
zr_vm_core/include/zr_vm_core/async_frame_budget.h	ZR_COMPILE_QUEUE_REQUEST_KNOWN_MASK	macro	zr_vm_core/src/zr_vm_core/execution/execution_compile_queue.c:214	声明ABI/许可/资源/待处理标记；消费关系按当前实现登记	未知flags由Validate/Queue拒绝；PENDING_WAIT/TEARDOWN别名未见实现读取时仅保留外部入口	zr_vm_core/src/zr_vm_core/execution/execution_compile_queue.c:214	no-comment	现有职责注释和本次真实消费者契约一致；具体边界见审查记录，无需逐句复述
zr_vm_core/include/zr_vm_core/async_frame_budget.h	ZrCore_AsyncFrameBudget_DiagnosticClear declaration	declaration	仓内未发现真实调用；全仓当前源码查询见symbol-boundary receipts，不排除仓外ABI消费者	公开消费者使用的ZrCore_AsyncFrameBudget_DiagnosticClear	空指针无操作；非空清全部诊断标量，不持有资源	zr_vm_core/src/zr_vm_core/execution/execution_async_wait.c:108	TODO	已有中文Doxygen准确，新增note只覆盖非显然职责；无仓内真实caller者接入适配器/API ABI用途仍待核
zr_vm_core/include/zr_vm_core/async_frame_budget.h	ZrCore_AsyncFrameBudget_DiagnosticName declaration	declaration	仓内未发现真实调用；全仓当前源码查询见symbol-boundary receipts，不排除仓外ABI消费者	公开消费者使用的ZrCore_AsyncFrameBudget_DiagnosticName	仅返回静态名称；未知/COUNT返回unknown，不分配内存，无当前实际caller	zr_vm_core/src/zr_vm_core/execution/execution_async_wait.c:115	TODO	已有中文Doxygen准确，新增note只覆盖非显然职责；无仓内真实caller者接入适配器/API ABI用途仍待核
zr_vm_core/include/zr_vm_core/async_frame_budget.h	ZrCore_AsyncFrameBudget_StatusName declaration	declaration	仓内未发现真实调用；全仓当前源码查询见symbol-boundary receipts，不排除仓外ABI消费者	公开消费者使用的ZrCore_AsyncFrameBudget_StatusName	仅返回静态状态名称；未知/COUNT返回unknown，无当前实际caller	zr_vm_core/src/zr_vm_core/execution/execution_async_wait.c:149	TODO	已有中文Doxygen准确，新增note只覆盖非显然职责；无仓内真实caller者接入适配器/API ABI用途仍待核
zr_vm_core/include/zr_vm_core/async_frame_budget.h	ZrCore_AsyncFrameBudget_Init declaration	declaration	tests/task/test_ssa_async_frame_budget.c:112;tests/task/test_ssa_async_frame_budget.c:148;tests/task/test_ssa_async_frame_budget.c:186;tests/task/test_ssa_async_frame_budget.c:217	公开消费者使用的ZrCore_AsyncFrameBudget_Init	空frame无操作；非空memset后设置magic/schema/IDLE，适配器还须填frameId/generation；不分配对象	zr_vm_core/src/zr_vm_core/execution/execution_async_wait.c:165;tests/task/test_ssa_async_frame_budget.c:112;tests/task/test_ssa_async_frame_budget.c:148	no-comment	全部真实调用与已有公开说明交叉审读；无需覆盖准确brief
zr_vm_core/include/zr_vm_core/async_frame_budget.h	ZrCore_AsyncFrameBudget_Validate declaration	declaration	zr_vm_core/src/zr_vm_core/execution/execution_async_wait.c:237;zr_vm_core/src/zr_vm_core/execution/execution_async_wait.c:262;zr_vm_core/src/zr_vm_core/execution/execution_async_wait.c:330;zr_vm_core/src/zr_vm_core/execution/execution_async_wait.c:404;zr_vm_core/src/zr_vm_core/execution/execution_async_wait.c:431;zr_vm_core/src/zr_vm_core/execution/execution_async_wait.c:457;zr_vm_core/src/zr_vm_core/execution/execution_async_wait.c:483;zr_vm_core/src/zr_vm_core/execution/execution_async_wait.c:506;zr_vm_core/src/zr_vm_core/execution/execution_async_wait.c:523;zr_vm_core/src/zr_vm_core/execution/execution_async_wait.c:544;zr_vm_core/src/zr_vm_core/execution/execution_async_wait.c:568	公开消费者使用的ZrCore_AsyncFrameBudget_Validate	清可选diagnostic；仅检查标量ABI/范围/代际/flags；失败不改frame，不扫描真实VM资源	zr_vm_core/src/zr_vm_core/execution/execution_async_wait.c:177;zr_vm_core/src/zr_vm_core/execution/execution_async_wait.c:237;zr_vm_core/src/zr_vm_core/execution/execution_async_wait.c:262	no-comment	全部真实调用与已有公开说明交叉审读；无需覆盖准确brief
zr_vm_core/include/zr_vm_core/async_frame_budget.h	ZrCore_AsyncFrameBudget_Begin declaration	declaration	tests/task/test_ssa_async_frame_budget.c:122;tests/task/test_ssa_async_frame_budget.c:158;tests/task/test_ssa_async_frame_budget.c:194;tests/task/test_ssa_async_frame_budget.c:226	公开消费者使用的ZrCore_AsyncFrameBudget_Begin	Validate后须IDLE；失败保帧字段；成功RUNNING并清用量/计数，保预启动取消；不启动真实worker	zr_vm_core/src/zr_vm_core/execution/execution_async_wait.c:232;tests/task/test_ssa_async_frame_budget.c:122;tests/task/test_ssa_async_frame_budget.c:158	no-comment	全部真实调用与已有公开说明交叉审读；无需覆盖准确brief
zr_vm_core/include/zr_vm_core/async_frame_budget.h	ZrCore_AsyncFrameBudget_CanSuspend declaration	declaration	zr_vm_core/src/zr_vm_core/execution/execution_async_wait.c:376;zr_vm_core/src/zr_vm_core/execution/execution_async_wait.c:414;tests/task/test_ssa_async_frame_budget.c:159	公开消费者使用的ZrCore_AsyncFrameBudget_CanSuspend	Validate后仅RUNNING/SUSPENDED；许可/资源/state-map门禁，不检查pinCount；失败不改frame	zr_vm_core/src/zr_vm_core/execution/execution_async_wait.c:257;zr_vm_core/src/zr_vm_core/execution/execution_async_wait.c:376;zr_vm_core/src/zr_vm_core/execution/execution_async_wait.c:414	no-comment	全部真实调用与已有公开说明交叉审读；无需覆盖准确brief
zr_vm_core/include/zr_vm_core/async_frame_budget.h	ZrCore_AsyncFrameBudget_Poll declaration	declaration	tests/task/test_ssa_async_frame_budget.c:123;tests/task/test_ssa_async_frame_budget.c:127;tests/task/test_ssa_async_frame_budget.c:132;tests/task/test_ssa_async_frame_budget.c:169;tests/task/test_ssa_async_frame_budget.c:227	公开消费者使用的ZrCore_AsyncFrameBudget_Poll	RUNNING累积工作量饱和，nativecritical只登记；边界取消优先不检查pin；预算耗尽CanSuspend失败可FAULTED；Validate/invalidstatus的FAULTED outcome不保证修改frame.status；已SUSPENDED直接返回且不累加	zr_vm_core/src/zr_vm_core/execution/execution_async_wait.c:320;tests/task/test_ssa_async_frame_budget.c:123;tests/task/test_ssa_async_frame_budget.c:127	no-comment	全部真实调用与已有公开说明交叉审读；无需覆盖准确brief
zr_vm_core/include/zr_vm_core/async_frame_budget.h	ZrCore_AsyncFrameBudget_Suspend declaration	declaration	tests/task/test_ssa_async_frame_budget.c:199	公开消费者使用的ZrCore_AsyncFrameBudget_Suspend	先Validate合法reason再CanSuspend；失败保帧，成功SUSPENDED/指定reason并清pendingBudget；不注册wait或queue	zr_vm_core/src/zr_vm_core/execution/execution_async_wait.c:398;tests/task/test_ssa_async_frame_budget.c:199	no-comment	全部真实调用与已有公开说明交叉审读；无需覆盖准确brief
zr_vm_core/include/zr_vm_core/async_frame_budget.h	ZrCore_AsyncFrameBudget_Complete declaration	declaration	tests/task/test_ssa_async_frame_budget.c:196;tests/task/test_ssa_async_frame_budget.c:204	公开消费者使用的ZrCore_AsyncFrameBudget_Complete	仅RUNNING/SUSPENDED且pinCount零；失败不转帧，成功COMPLETED/clearReason/clearPending；不释放VM资源	zr_vm_core/src/zr_vm_core/execution/execution_async_wait.c:428;tests/task/test_ssa_async_frame_budget.c:196;tests/task/test_ssa_async_frame_budget.c:204	no-comment	全部真实调用与已有公开说明交叉审读；无需覆盖准确brief
zr_vm_core/include/zr_vm_core/async_frame_budget.h	ZrCore_AsyncFrameBudget_Fault declaration	declaration	仓内未发现真实调用；全仓当前源码查询见symbol-boundary receipts，不排除仓外ABI消费者	公开消费者使用的ZrCore_AsyncFrameBudget_Fault	拒绝已有终态或活跃pin；可从非终态含IDLE转FAULTED/clearReason，保pending；没有当前真实caller	zr_vm_core/src/zr_vm_core/execution/execution_async_wait.c:454	TODO	已有中文Doxygen准确，新增note只覆盖非显然职责；无仓内真实caller者接入适配器/API ABI用途仍待核
zr_vm_core/include/zr_vm_core/async_frame_budget.h	ZrCore_AsyncFrameBudget_Pin declaration	declaration	tests/task/test_ssa_async_frame_budget.c:164;tests/task/test_ssa_async_frame_budget.c:195	公开消费者使用的ZrCore_AsyncFrameBudget_Pin	只在RUNNING/SUSPENDED增标量计数，MAX拒绝；不GC root/retain/验证真实对象	zr_vm_core/src/zr_vm_core/execution/execution_async_wait.c:480;tests/task/test_ssa_async_frame_budget.c:164;tests/task/test_ssa_async_frame_budget.c:195	no-comment	全部真实调用与已有公开说明交叉审读；无需覆盖准确brief
zr_vm_core/include/zr_vm_core/async_frame_budget.h	ZrCore_AsyncFrameBudget_Unpin declaration	declaration	tests/task/test_ssa_async_frame_budget.c:166;tests/task/test_ssa_async_frame_budget.c:198	公开消费者使用的ZrCore_AsyncFrameBudget_Unpin	Validate后只拒绝零计数，无status门禁；只減标量，不释放外部对象	zr_vm_core/src/zr_vm_core/execution/execution_async_wait.c:503;tests/task/test_ssa_async_frame_budget.c:166;tests/task/test_ssa_async_frame_budget.c:198	no-comment	全部真实调用与已有公开说明交叉审读；无需覆盖准确brief
zr_vm_core/include/zr_vm_core/async_frame_budget.h	ZrCore_AsyncFrameBudget_RequestCancel declaration	declaration	tests/task/test_ssa_async_frame_budget.c:168;tests/task/test_ssa_async_frame_budget.c:225	公开消费者使用的ZrCore_AsyncFrameBudget_RequestCancel	Validate后拒绝终态；写原子取消位并普通pendingFlag，未建立跨线程status/flags同步；失败不设置请求	zr_vm_core/src/zr_vm_core/execution/execution_async_wait.c:520;tests/task/test_ssa_async_frame_budget.c:168;tests/task/test_ssa_async_frame_budget.c:225	no-comment	全部真实调用与已有公开说明交叉审读；无需覆盖准确brief
zr_vm_core/include/zr_vm_core/async_frame_budget.h	ZrCore_AsyncFrameBudget_Resume declaration	declaration	tests/task/test_ssa_async_frame_budget.c:203	公开消费者使用的ZrCore_AsyncFrameBudget_Resume	仅SUSPENDED；取消分支CANCELLED并保reason/pending；正常分支RUNNING清reason/pendingBudget，但不重置用量或调用callback	zr_vm_core/src/zr_vm_core/execution/execution_async_wait.c:541;tests/task/test_ssa_async_frame_budget.c:203	no-comment	全部真实调用与已有公开说明交叉审读；无需覆盖准确brief
zr_vm_core/include/zr_vm_core/async_frame_budget.h	ZrCore_AsyncFrameBudget_Teardown declaration	declaration	tests/task/test_ssa_async_frame_budget.c:173;tests/task/test_ssa_async_frame_budget.c:175;tests/task/test_ssa_async_frame_budget.c:206;tests/task/test_ssa_async_frame_budget.c:230	公开消费者使用的ZrCore_AsyncFrameBudget_Teardown	Validate后重复TORN_DOWN成功；RUNNING/RESUMING或活跃pin拒绝；成功只置终态清pending/cancel，不释放对象	zr_vm_core/src/zr_vm_core/execution/execution_async_wait.c:565;tests/task/test_ssa_async_frame_budget.c:173;tests/task/test_ssa_async_frame_budget.c:175	no-comment	全部真实调用与已有公开说明交叉审读；无需覆盖准确brief
zr_vm_core/include/zr_vm_core/async_frame_budget.h	ZrCore_AsyncWaitRegistry_Init declaration	declaration	tests/task/test_ssa_async_frame_budget.c:247;tests/task/test_ssa_async_frame_budget.c:296;tests/task/test_ssa_async_frame_budget.c:349;tests/task/ssa_async_stale_handle_cases.inc:18	公开消费者使用的ZrCore_AsyncWaitRegistry_Init	首次/静止借用数组初始化；无效参数失败不清registry/slots；非零capacity，不分配对象	zr_vm_core/src/zr_vm_core/execution/execution_async_wait.c:617;tests/task/test_ssa_async_frame_budget.c:247;tests/task/test_ssa_async_frame_budget.c:296	no-comment	全部真实调用与已有公开说明交叉审读；无需覆盖准确brief
zr_vm_core/include/zr_vm_core/async_frame_budget.h	ZrCore_AsyncWaitRegistry_Deinit declaration	declaration	tests/task/test_ssa_async_frame_budget.c:279;tests/task/test_ssa_async_frame_budget.c:332;tests/task/test_ssa_async_frame_budget.c:372;tests/task/ssa_async_stale_handle_cases.inc:81	公开消费者使用的ZrCore_AsyncWaitRegistry_Deinit	所有访问停止后清槽/registry；不释放借用slots，不执行等待恢复或帧teardown	zr_vm_core/src/zr_vm_core/execution/execution_async_wait.c:641;tests/task/test_ssa_async_frame_budget.c:279;tests/task/test_ssa_async_frame_budget.c:332	no-comment	全部真实调用与已有公开说明交叉审读；无需覆盖准确brief
zr_vm_core/include/zr_vm_core/async_frame_budget.h	ZrCore_Execution_BeginAsyncWait declaration	declaration	tests/task/test_ssa_async_frame_budget.c:256;tests/task/test_ssa_async_frame_budget.c:305;tests/task/test_ssa_async_frame_budget.c:314;tests/task/test_ssa_async_frame_budget.c:359;tests/task/ssa_async_stale_handle_cases.inc:27;tests/task/ssa_async_stale_handle_cases.inc:38	公开消费者使用的ZrCore_Execution_BeginAsyncWait	从request选择registry/output，空request早拒绝不先clear诊断；不连接CompileQueue或Frame Suspend	zr_vm_core/src/zr_vm_core/execution/execution_async_wait.c:785;tests/task/test_ssa_async_frame_budget.c:256;tests/task/test_ssa_async_frame_budget.c:305	no-comment	全部真实调用与已有公开说明交叉审读；无需覆盖准确brief
zr_vm_core/include/zr_vm_core/async_frame_budget.h	ZrCore_AsyncWait_Begin declaration	declaration	仓内未发现真实调用；全仓当前源码查询见symbol-boundary receipts，不排除仓外ABI消费者	公开消费者使用的ZrCore_AsyncWait_Begin	用显式args选registry/output，不要求request嵌入对象相等；失败不发布槽/输出；reserved0未读取，无当前真实caller	zr_vm_core/src/zr_vm_core/execution/execution_async_wait.c:798	TODO	已有中文Doxygen准确，新增note只覆盖非显然职责；无仓内真实caller者接入适配器/API ABI用途仍待核
zr_vm_core/include/zr_vm_core/async_frame_budget.h	ZrCore_AsyncWait_Recheck declaration	declaration	tests/task/test_ssa_async_frame_budget.c:262;tests/task/ssa_async_stale_handle_cases.inc:51	公开消费者使用的ZrCore_AsyncWait_Recheck	false条件直接成功；true条件尝试READY，既有READY/CANCELLED/TIMED_OUT/RESUMED也成功且保winner，不代表新唤醒已执行	zr_vm_core/src/zr_vm_core/execution/execution_async_wait.c:838;tests/task/test_ssa_async_frame_budget.c:262;tests/task/ssa_async_stale_handle_cases.inc:51	no-comment	全部真实调用与已有公开说明交叉审读；无需覆盖准确brief
zr_vm_core/include/zr_vm_core/async_frame_budget.h	ZrCore_AsyncWait_Wake declaration	declaration	tests/task/test_ssa_async_frame_budget.c:261;tests/task/ssa_async_stale_handle_cases.inc:5;tests/task/ssa_async_stale_handle_cases.inc:29;tests/task/ssa_async_stale_handle_cases.inc:55	公开消费者使用的ZrCore_AsyncWait_Wake	REGISTERING/WAITING争READY；失败保赢家；同槽访问必须在Release前结束，无自动用户callback	zr_vm_core/src/zr_vm_core/execution/execution_async_wait.c:875;tests/task/test_ssa_async_frame_budget.c:261;tests/task/ssa_async_stale_handle_cases.inc:5	no-comment	全部真实调用与已有公开说明交叉审读；无需覆盖准确brief
zr_vm_core/include/zr_vm_core/async_frame_budget.h	ZrCore_AsyncWait_Cancel declaration	declaration	tests/task/test_ssa_async_frame_budget.c:39;tests/task/test_ssa_async_frame_budget.c:307;tests/task/test_ssa_async_frame_budget.c:317;tests/task/ssa_async_stale_handle_cases.inc:5	公开消费者使用的ZrCore_AsyncWait_Cancel	REGISTERING/WAITING争CANCELLED；失败保赢家，不自动取消frame/compilejob	zr_vm_core/src/zr_vm_core/execution/execution_async_wait.c:882;tests/task/test_ssa_async_frame_budget.c:39;tests/task/test_ssa_async_frame_budget.c:307	no-comment	全部真实调用与已有公开说明交叉审读；无需覆盖准确brief
zr_vm_core/include/zr_vm_core/async_frame_budget.h	ZrCore_AsyncWait_Timeout declaration	declaration	tests/task/test_ssa_async_frame_budget.c:308;tests/task/test_ssa_async_frame_budget.c:316;tests/task/ssa_async_stale_handle_cases.inc:5	公开消费者使用的ZrCore_AsyncWait_Timeout	显式争TIMED_OUT，不读时钟/deadline；失败保赢家；期限事件由适配器触发	zr_vm_core/src/zr_vm_core/execution/execution_async_wait.c:889;tests/task/test_ssa_async_frame_budget.c:308;tests/task/test_ssa_async_frame_budget.c:316	no-comment	全部真实调用与已有公开说明交叉审读；无需覆盖准确brief
zr_vm_core/include/zr_vm_core/async_frame_budget.h	ZrCore_AsyncWait_Resume declaration	declaration	tests/task/test_ssa_async_frame_budget.c:45;tests/task/test_ssa_async_frame_budget.c:264;tests/task/test_ssa_async_frame_budget.c:265;tests/task/test_ssa_async_frame_budget.c:310;tests/task/test_ssa_async_frame_budget.c:319;tests/task/ssa_async_stale_handle_cases.inc:30;tests/task/ssa_async_stale_handle_cases.inc:56;tests/task/ssa_async_stale_handle_cases.inc:60	公开消费者使用的ZrCore_AsyncWait_Resume	仅terminal winner争RESUMED并增resumeCount一次；失败保handle/状态；count是CAS消费次数非callback次数	zr_vm_core/src/zr_vm_core/execution/execution_async_wait.c:896;tests/task/test_ssa_async_frame_budget.c:45;tests/task/test_ssa_async_frame_budget.c:264	no-comment	全部真实调用与已有公开说明交叉审读；无需覆盖准确brief
zr_vm_core/include/zr_vm_core/async_frame_budget.h	ZrCore_AsyncWait_Release declaration	declaration	tests/task/test_ssa_async_frame_budget.c:49;tests/task/test_ssa_async_frame_budget.c:267;tests/task/test_ssa_async_frame_budget.c:311;tests/task/test_ssa_async_frame_budget.c:320;tests/task/ssa_async_stale_handle_cases.inc:33;tests/task/ssa_async_stale_handle_cases.inc:62;tests/task/ssa_async_stale_handle_cases.inc:69	公开消费者使用的ZrCore_AsyncWait_Release	RESUMED才可清槽/handle；失败保原handle和槽；所有同槽访问先结束，registry寿命仍外部保持	zr_vm_core/src/zr_vm_core/execution/execution_async_wait.c:936;tests/task/test_ssa_async_frame_budget.c:49;tests/task/test_ssa_async_frame_budget.c:267	no-comment	全部真实调用与已有公开说明交叉审读；无需覆盖准确brief
zr_vm_core/include/zr_vm_core/async_frame_budget.h	ZrCore_AsyncWait_State declaration	declaration	tests/task/test_ssa_async_frame_budget.c:36;tests/task/test_ssa_async_frame_budget.c:40;tests/task/test_ssa_async_frame_budget.c:46;tests/task/test_ssa_async_frame_budget.c:258;tests/task/test_ssa_async_frame_budget.c:263;tests/task/test_ssa_async_frame_budget.c:309;tests/task/test_ssa_async_frame_budget.c:318;tests/task/ssa_async_stale_handle_cases.inc:47;tests/task/ssa_async_stale_handle_cases.inc:53;tests/task/ssa_async_stale_handle_cases.inc:58;tests/task/ssa_async_stale_handle_cases.inc:64;tests/task/ssa_async_stale_handle_cases.inc:67	公开消费者使用的ZrCore_AsyncWait_State	失配/无效返回FREE；不取得注册表锁，不支持与Release/Deinit并发寿命结束	zr_vm_core/src/zr_vm_core/execution/execution_async_wait.c:978;tests/task/test_ssa_async_frame_budget.c:36;tests/task/test_ssa_async_frame_budget.c:40	no-comment	全部真实调用与已有公开说明交叉审读；无需覆盖准确brief
zr_vm_core/include/zr_vm_core/async_frame_budget.h	ZrCore_AsyncWait_ResumeCount declaration	declaration	tests/task/test_ssa_async_frame_budget.c:266;tests/task/ssa_async_stale_handle_cases.inc:31;tests/task/ssa_async_stale_handle_cases.inc:48;tests/task/ssa_async_stale_handle_cases.inc:59;tests/task/ssa_async_stale_handle_cases.inc:61;tests/task/ssa_async_stale_handle_cases.inc:65;tests/task/ssa_async_stale_handle_cases.inc:68	公开消费者使用的ZrCore_AsyncWait_ResumeCount	失配返回0；读取匹配槽原子计数，不指示真实用户callback调用；存储寿命外部保持	zr_vm_core/src/zr_vm_core/execution/execution_async_wait.c:987;tests/task/test_ssa_async_frame_budget.c:266;tests/task/ssa_async_stale_handle_cases.inc:31	no-comment	全部真实调用与已有公开说明交叉审读；无需覆盖准确brief
zr_vm_core/include/zr_vm_core/async_frame_budget.h	ZrCore_CompileQueue_Init declaration	declaration	tests/task/test_ssa_async_frame_budget.c:394;tests/task/test_ssa_async_frame_budget.c:452;tests/task/test_ssa_async_frame_budget.c:505;tests/task/test_ssa_async_frame_budget.c:577;tests/task/test_ssa_async_frame_budget.c:580;tests/task/ssa_async_compile_contract_cases.inc:21;tests/task/ssa_async_stale_handle_cases.inc:104	公开消费者使用的ZrCore_CompileQueue_Init	首次/已静止存储初始化；不覆盖尚持有快照的活动队列；失败不修改queue/records	zr_vm_core/src/zr_vm_core/execution/execution_compile_queue.c:131;tests/task/test_ssa_async_frame_budget.c:394;tests/task/test_ssa_async_frame_budget.c:452	no-comment	全部真实调用与已有公开说明交叉审读；无需覆盖准确brief
zr_vm_core/include/zr_vm_core/async_frame_budget.h	ZrCore_CompileQueue_Deinit declaration	declaration	tests/task/test_ssa_async_frame_budget.c:435;tests/task/test_ssa_async_frame_budget.c:483;tests/task/test_ssa_async_frame_budget.c:554;tests/task/test_ssa_async_frame_budget.c:623;tests/task/test_ssa_async_frame_budget.c:632;tests/task/ssa_async_compile_contract_cases.inc:96;tests/task/ssa_async_stale_handle_cases.inc:184	公开消费者使用的ZrCore_CompileQueue_Deinit	先结束所有worker/handle/其他调用；释放快照但不释放借用records；不通过Cancel/Complete握手	zr_vm_core/src/zr_vm_core/execution/execution_compile_queue.c:157;tests/task/test_ssa_async_frame_budget.c:435;tests/task/test_ssa_async_frame_budget.c:483	no-comment	全部真实调用与已有公开说明交叉审读；无需覆盖准确brief
zr_vm_core/include/zr_vm_core/async_frame_budget.h	ZrCore_Execution_QueueCompilation declaration	declaration	tests/task/test_ssa_async_frame_budget.c:407;tests/task/test_ssa_async_frame_budget.c:463;tests/task/test_ssa_async_frame_budget.c:467;tests/task/test_ssa_async_frame_budget.c:517;tests/task/test_ssa_async_frame_budget.c:608;tests/task/ssa_async_compile_contract_cases.inc:49;tests/task/ssa_async_stale_handle_cases.inc:116;tests/task/ssa_async_stale_handle_cases.inc:130	公开消费者使用的ZrCore_Execution_QueueCompilation	使用request内queue/outHandle；空request等前置拒绝不先清diagnostic，Queue路径才清	zr_vm_core/src/zr_vm_core/execution/execution_compile_queue.c:301;tests/task/test_ssa_async_frame_budget.c:407;tests/task/test_ssa_async_frame_budget.c:463	no-comment	全部真实调用与已有公开说明交叉审读；无需覆盖准确brief
zr_vm_core/include/zr_vm_core/async_frame_budget.h	ZrCore_CompileQueue_Queue declaration	declaration	zr_vm_core/src/zr_vm_core/execution/execution_compile_queue.c:315;zr_vm_core/src/zr_vm_core/execution/execution_compile_queue.c:340;tests/task/test_ssa_async_frame_budget.c:593;tests/task/test_ssa_async_frame_budget.c:600	公开消费者使用的ZrCore_CompileQueue_Queue	输出须可写且不覆盖仍需保管的活动handle；源在调用内稳定；失败不发布记录/输出，诊断更新	zr_vm_core/src/zr_vm_core/execution/execution_compile_queue.c:180;zr_vm_core/src/zr_vm_core/execution/execution_compile_queue.c:315;zr_vm_core/src/zr_vm_core/execution/execution_compile_queue.c:340	no-comment	全部真实调用与已有公开说明交叉审读；无需覆盖准确brief
zr_vm_core/include/zr_vm_core/async_frame_budget.h	ZrCore_CompileQueue_QueueWarmup declaration	declaration	仓内未发现真实调用；全仓当前源码查询见symbol-boundary receipts，不排除仓外ABI消费者	公开消费者使用的ZrCore_CompileQueue_QueueWarmup	前置失败不先清diagnostic；复制请求加WARMUP，不改变领取优先级；身份必须完全一致	zr_vm_core/src/zr_vm_core/execution/execution_compile_queue.c:319	TODO	已有中文Doxygen准确，新增note只覆盖非显然职责；无仓内真实caller者接入适配器/API ABI用途仍待核
zr_vm_core/include/zr_vm_core/async_frame_budget.h	ZrCore_CompileQueue_ClaimNext declaration	declaration	tests/task/test_ssa_async_frame_budget.c:412;tests/task/test_ssa_async_frame_budget.c:520;tests/task/ssa_async_compile_contract_cases.inc:57;tests/task/ssa_async_stale_handle_cases.inc:118;tests/task/ssa_async_stale_handle_cases.inc:148	公开消费者使用的ZrCore_CompileQueue_ClaimNext	从最低槽扫描而非FIFO；失败保持outHandle，取消终态仍占槽直到Release	zr_vm_core/src/zr_vm_core/execution/execution_compile_queue.c:343;tests/task/test_ssa_async_frame_budget.c:412;tests/task/test_ssa_async_frame_budget.c:520	no-comment	全部真实调用与已有公开说明交叉审读；无需覆盖准确brief
zr_vm_core/include/zr_vm_core/async_frame_budget.h	ZrCore_CompileQueue_Cancel declaration	declaration	tests/task/test_ssa_async_frame_budget.c:72;tests/task/test_ssa_async_frame_budget.c:470;tests/task/test_ssa_async_frame_budget.c:526;tests/task/ssa_async_stale_handle_cases.inc:142;tests/task/ssa_async_stale_handle_cases.inc:156	公开消费者使用的ZrCore_CompileQueue_Cancel	QUEUED立即CANCELLED；RUNNING只置取消位；CANCELLED/DISCARDED幂等，COMPLETED拒绝；不触发wait/frame取消	zr_vm_core/src/zr_vm_core/execution/execution_compile_queue.c:384;tests/task/test_ssa_async_frame_budget.c:72;tests/task/test_ssa_async_frame_budget.c:470	no-comment	全部真实调用与已有公开说明交叉审读；无需覆盖准确brief
zr_vm_core/include/zr_vm_core/async_frame_budget.h	ZrCore_CompileQueue_GetSnapshot declaration	declaration	tests/task/test_ssa_async_frame_budget.c:414;tests/task/test_ssa_async_frame_budget.c:530;tests/task/ssa_async_stale_handle_cases.inc:139;tests/task/ssa_async_stale_handle_cases.inc:150	公开消费者使用的ZrCore_CompileQueue_GetSnapshot	只QUEUED/RUNNING借用；失败不写两个输出；QUEUED借用须防并发Cancel+Release，worker应先Claim	zr_vm_core/src/zr_vm_core/execution/execution_compile_queue.c:439;tests/task/test_ssa_async_frame_budget.c:414;tests/task/test_ssa_async_frame_budget.c:530	no-comment	全部真实调用与已有公开说明交叉审读；无需覆盖准确brief
zr_vm_core/include/zr_vm_core/async_frame_budget.h	ZrCore_CompileQueue_Complete declaration	declaration	tests/task/test_ssa_async_frame_budget.c:82;tests/task/test_ssa_async_frame_budget.c:418;tests/task/test_ssa_async_frame_budget.c:537;tests/task/ssa_async_compile_contract_cases.inc:59;tests/task/ssa_async_stale_handle_cases.inc:120;tests/task/ssa_async_stale_handle_cases.inc:152;tests/task/ssa_async_stale_handle_cases.inc:160	公开消费者使用的ZrCore_CompileQueue_Complete	只有RUNNING可确认；取消/哈希不匹配置DISCARDED仍占槽；成功仅存resultHash而非安装机器码；调用后worker结束借用	zr_vm_core/src/zr_vm_core/execution/execution_compile_queue.c:488;tests/task/test_ssa_async_frame_budget.c:82;tests/task/test_ssa_async_frame_budget.c:418	no-comment	全部真实调用与已有公开说明交叉审读；无需覆盖准确brief
zr_vm_core/include/zr_vm_core/async_frame_budget.h	ZrCore_CompileQueue_Release declaration	declaration	tests/task/test_ssa_async_frame_budget.c:98;tests/task/test_ssa_async_frame_budget.c:424;tests/task/test_ssa_async_frame_budget.c:472;tests/task/test_ssa_async_frame_budget.c:528;tests/task/test_ssa_async_frame_budget.c:543;tests/task/ssa_async_compile_contract_cases.inc:79;tests/task/ssa_async_stale_handle_cases.inc:124;tests/task/ssa_async_stale_handle_cases.inc:163;tests/task/ssa_async_stale_handle_cases.inc:170	公开消费者使用的ZrCore_CompileQueue_Release	仅终态回收snapshot并清identity/handle；同一handle对象不可与Release并发；其他handle副本由jobId失效	zr_vm_core/src/zr_vm_core/execution/execution_compile_queue.c:563;tests/task/test_ssa_async_frame_budget.c:98;tests/task/test_ssa_async_frame_budget.c:424	no-comment	全部真实调用与已有公开说明交叉审读；无需覆盖准确brief
zr_vm_core/include/zr_vm_core/async_frame_budget.h	ZrCore_CompileQueue_State declaration	declaration	tests/task/test_ssa_async_frame_budget.c:70;tests/task/test_ssa_async_frame_budget.c:73;tests/task/test_ssa_async_frame_budget.c:86;tests/task/test_ssa_async_frame_budget.c:423;tests/task/test_ssa_async_frame_budget.c:469;tests/task/test_ssa_async_frame_budget.c:471;tests/task/test_ssa_async_frame_budget.c:522;tests/task/test_ssa_async_frame_budget.c:527;tests/task/test_ssa_async_frame_budget.c:542;tests/task/ssa_async_compile_contract_cases.inc:68;tests/task/ssa_async_compile_contract_cases.inc:73;tests/task/ssa_async_stale_handle_cases.inc:136;tests/task/ssa_async_stale_handle_cases.inc:144;tests/task/ssa_async_stale_handle_cases.inc:154;tests/task/ssa_async_stale_handle_cases.inc:165	公开消费者使用的ZrCore_CompileQueue_State	不匹配/无效返回FREE，不区分未提交和已过期；queue存储仍须存活	zr_vm_core/src/zr_vm_core/execution/execution_compile_queue.c:621;tests/task/test_ssa_async_frame_budget.c:70;tests/task/test_ssa_async_frame_budget.c:73	no-comment	全部真实调用与已有公开说明交叉审读；无需覆盖准确brief
zr_vm_core/include/zr_vm_core/async_frame_budget.h	ZrCore_CompileQueue_IsWarmup declaration	declaration	tests/task/test_ssa_async_frame_budget.c:409;tests/task/ssa_async_stale_handle_cases.inc:137;tests/task/ssa_async_stale_handle_cases.inc:138	公开消费者使用的ZrCore_CompileQueue_IsWarmup	匹配记录才读取预热位；标记不是调度优先级；失效返回false	zr_vm_core/src/zr_vm_core/execution/execution_compile_queue.c:643;tests/task/test_ssa_async_frame_budget.c:409;tests/task/ssa_async_stale_handle_cases.inc:137	no-comment	全部真实调用与已有公开说明交叉审读；无需覆盖准确brief
zr_vm_core/include/zr_vm_core/async_frame_budget.h	C linkage export block	include-block	zr_vm_core/include/zr_vm_core.h:46	保持公开声明被C++消费时的C linkage	当前真实操作调用在C fixture与C实现；不据umbrella export冒充生产调用	zr_vm_core/include/zr_vm_core/async_frame_budget.h:10	no-comment	标准__cplusplus externC保护构型清楚，不制造额外源码注释
zr_vm_core/include/zr_vm_core/execution_budget.h	SZrState/SZrGlobalState/SZrCallInfo	类型	核心 VM 定义；本头文件仅前置声明	避免预算头文件依赖完整 VM 布局	实际对象由宿主/VM 保持存活	zr_vm_core/include/zr_vm_core/execution_budget.h:7;zr_vm_core/include/zr_vm_core/execution_budget.h:8;zr_vm_core/include/zr_vm_core/execution_budget.h:9	commented	中文契约说明与当前实现一致
zr_vm_core/include/zr_vm_core/execution_budget.h	SZrExecutionCancelToken	类型	zr_vm_rust_binding/src/zr_vm_rust_binding/execution_budget.c:9	宿主持有取消令牌	调用结束及并发访问停止后释放	zr_vm_core/include/zr_vm_core/execution_budget.h:12;zr_vm_core/src/zr_vm_core/execution/execution_budget.c:17	commented	中文契约说明与当前实现一致
zr_vm_core/include/zr_vm_core/execution_budget.h	EZrExecutionTermination	类型	zr_vm_rust_binding/src/zr_vm_rust_binding/execution_budget.c:84	首次终止原因	宿主撤销 scope 前保持粘性	zr_vm_core/include/zr_vm_core/execution_budget.h:15;zr_vm_core/src/zr_vm_core/execution/execution_budget.c:83	commented	中文契约说明与当前实现一致
zr_vm_core/include/zr_vm_core/execution_budget.h	SZrExecutionBudget	类型	zr_vm_rust_binding/src/zr_vm_rust_binding/execution_budget.c:58	一次导出调用的可选上限与用量	零初始化并临时绑定 state	zr_vm_core/include/zr_vm_core/execution_budget.h:30;zr_vm_rust_binding/src/zr_vm_rust_binding/execution_budget.c:79	commented	中文契约说明与当前实现一致
zr_vm_core/include/zr_vm_core/execution_budget.h	ZrCore_ExecutionCancelToken_New	函数	zr_vm_rust_binding/src/zr_vm_rust_binding/execution_budget.c:10	创建宿主取消信号	失败空指针；宿主释放	zr_vm_core/include/zr_vm_core/execution_budget.h:53;zr_vm_core/src/zr_vm_core/execution/execution_budget.c:21;zr_vm_rust_binding/src/zr_vm_rust_binding/execution_budget.c:10	commented	中文契约说明与当前实现一致
zr_vm_core/include/zr_vm_core/execution_budget.h	ZrCore_ExecutionCancelToken_Cancel	函数	zr_vm_rust_binding/src/zr_vm_rust_binding/execution_budget.c:14	原子发送取消	空指针无操作；可与调用并发	zr_vm_core/include/zr_vm_core/execution_budget.h:55;zr_vm_core/src/zr_vm_core/execution/execution_budget.c:25;zr_vm_rust_binding/src/zr_vm_rust_binding/execution_budget.c:14	commented	中文契约说明与当前实现一致
zr_vm_core/include/zr_vm_core/execution_budget.h	ZrCore_ExecutionCancelToken_IsCancelled	函数	zr_vm_rust_binding/src/zr_vm_rust_binding/execution_budget.c:18	原子读取取消	空指针为假	zr_vm_core/include/zr_vm_core/execution_budget.h:57;zr_vm_core/src/zr_vm_core/execution/execution_budget.c:36;zr_vm_rust_binding/src/zr_vm_rust_binding/execution_budget.c:18	commented	中文契约说明与当前实现一致
zr_vm_core/include/zr_vm_core/execution_budget.h	ZrCore_ExecutionCancelToken_Free	函数	zr_vm_rust_binding/src/zr_vm_rust_binding/execution_budget.c:22	结束后释放令牌	不得与访问并发	zr_vm_core/include/zr_vm_core/execution_budget.h:59;zr_vm_core/src/zr_vm_core/execution/execution_budget.c:47;zr_vm_rust_binding/src/zr_vm_rust_binding/execution_budget.c:22	commented	中文契约说明与当前实现一致
zr_vm_core/include/zr_vm_core/execution_budget.h	ZrCore_ExecutionBudget_NowMicros	函数	zr_vm_rust_binding/src/zr_vm_rust_binding/execution_budget.c:71	单调时间用于期限	失败最大值使期限检查关闭	zr_vm_core/include/zr_vm_core/execution_budget.h:62;zr_vm_core/src/zr_vm_core/execution/execution_budget.c:52;zr_vm_rust_binding/src/zr_vm_rust_binding/execution_budget.c:71	commented	中文契约说明与当前实现一致
zr_vm_core/include/zr_vm_core/execution_budget.h	ZrCore_ExecutionBudget_Poll	函数	zr_vm_core/src/zr_vm_core/execution/execution_dispatch.c:5903;zr_vm_rust_binding/src/zr_vm_rust_binding/execution_budget.c:83	在协作边界检查预算	指令仅 dispatch 前计数；终止粘性	zr_vm_core/include/zr_vm_core/execution_budget.h:69;zr_vm_core/src/zr_vm_core/execution/execution_budget.c:72;zr_vm_core/src/zr_vm_core/execution/execution_dispatch.c:5903;zr_vm_rust_binding/src/zr_vm_rust_binding/execution_budget.c:83	commented	中文契约说明与当前实现一致
zr_vm_core/include/zr_vm_core/execution_budget.h	ZrCore_ExecutionBudget_UnwindVmFrames	函数	zr_vm_core/src/zr_vm_core/execution/execution_dispatch.c:5906	终止时清理 VM 帧	止于 native 边界；跳过 guest handler	zr_vm_core/include/zr_vm_core/execution_budget.h:71;zr_vm_core/src/zr_vm_core/execution/execution_budget.c:168;zr_vm_core/src/zr_vm_core/execution/execution_dispatch.c:5906	commented	中文契约说明与当前实现一致
zr_vm_core/include/zr_vm_core/execution_budget.h	ZrCore_ExecutionBudget_NativeEnter	函数	zr_vm_core/src/zr_vm_core/function.c:3622	native 调用入口收费	同一注册帧经 binding 去重	zr_vm_core/include/zr_vm_core/execution_budget.h:73;zr_vm_core/src/zr_vm_core/execution/execution_budget.c:108;zr_vm_core/src/zr_vm_core/function.c:3622	commented	中文契约说明与当前实现一致
zr_vm_core/include/zr_vm_core/execution_budget.h	ZrCore_ExecutionBudget_GcBegin	函数	zr_vm_core/src/zr_vm_core/gc/gc.c:710	最外层 GC 计时起点	嵌套深度配平	zr_vm_core/include/zr_vm_core/execution_budget.h:75;zr_vm_core/src/zr_vm_core/execution/execution_budget.c:135;zr_vm_core/src/zr_vm_core/gc/gc.c:710	commented	中文契约说明与当前实现一致
zr_vm_core/include/zr_vm_core/execution_budget.h	ZrCore_ExecutionBudget_GcEnd	函数	zr_vm_core/src/zr_vm_core/gc/gc.c:713;zr_vm_rust_binding/src/zr_vm_rust_binding/execution_budget.c:81	最外层 GC 计时与检查	协作边界可能终止	zr_vm_core/include/zr_vm_core/execution_budget.h:77;zr_vm_core/src/zr_vm_core/execution/execution_budget.c:142;zr_vm_core/src/zr_vm_core/gc/gc.c:713;zr_vm_rust_binding/src/zr_vm_rust_binding/execution_budget.c:81	commented	中文契约说明与当前实现一致
zr_vm_core/include/zr_vm_core/execution_budget.h	ZrCore_ExecutionBudget_Allocate	函数	zr_vm_core/src/zr_vm_core/global.c:374	上游分配后记账	绕过 VM allocator 的内存不计入；可暂时超限	zr_vm_core/include/zr_vm_core/execution_budget.h:83;zr_vm_core/src/zr_vm_core/execution/execution_memory.c:60;zr_vm_core/src/zr_vm_core/global.c:374	commented	中文契约说明与当前实现一致
zr_vm_core/include/zr_vm_core/execution_budget.h	ZrCore_ExecutionBudget_BeginMemory	函数	zr_vm_rust_binding/src/zr_vm_rust_binding/execution_budget.c:70	开启调用峰值窗口	以当前全局存量为基线	zr_vm_core/include/zr_vm_core/execution_budget.h:86;zr_vm_core/src/zr_vm_core/execution/execution_memory.c:83;zr_vm_rust_binding/src/zr_vm_rust_binding/execution_budget.c:70	commented	中文契约说明与当前实现一致
zr_vm_core/include/zr_vm_core/execution_budget.h	ZrCore_ExecutionBudget_MemoryPeak	函数	zr_vm_core/src/zr_vm_core/execution/execution_budget.c:78	读取本窗口峰值	供 Poll 比较堆上限	zr_vm_core/include/zr_vm_core/execution_budget.h:88;zr_vm_core/src/zr_vm_core/execution/execution_memory.c:98;zr_vm_core/src/zr_vm_core/execution/execution_budget.c:78	commented	中文契约说明与当前实现一致
zr_vm_core/src/zr_vm_core/execution/execution_budget.c	SZrExecutionCancelToken	类型	zr_vm_rust_binding/src/zr_vm_rust_binding/execution_budget.c:9	只有取消位跨线程原子访问	令牌由宿主释放且须活过调用	zr_vm_core/src/zr_vm_core/execution/execution_budget.c:17;zr_vm_core/src/zr_vm_core/execution/execution_budget.c:32	commented	中文契约说明与当前实现一致
zr_vm_core/src/zr_vm_core/execution/execution_budget.c	ZrCore_ExecutionCancelToken_New	函数	zr_vm_rust_binding/src/zr_vm_rust_binding/execution_budget.c:10	分配零初始化令牌	失败返回空指针	zr_vm_core/src/zr_vm_core/execution/execution_budget.c:21;zr_vm_rust_binding/src/zr_vm_rust_binding/execution_budget.c:10	no-comment	公开声明已有完整所有权契约；实现仅委托 calloc
zr_vm_core/src/zr_vm_core/execution/execution_budget.c	ZrCore_ExecutionCancelToken_Cancel	函数	zr_vm_rust_binding/src/zr_vm_rust_binding/execution_budget.c:14	原子写取消位	空指针无操作	zr_vm_core/src/zr_vm_core/execution/execution_budget.c:25;zr_vm_rust_binding/src/zr_vm_rust_binding/execution_budget.c:14	no-comment	公开声明和原子分支直接说明行为
zr_vm_core/src/zr_vm_core/execution/execution_budget.c	ZrCore_ExecutionCancelToken_IsCancelled	函数	zr_vm_core/src/zr_vm_core/execution/execution_budget.c:84;zr_vm_rust_binding/src/zr_vm_rust_binding/execution_budget.c:18	原子读取取消位	空指针返回假	zr_vm_core/src/zr_vm_core/execution/execution_budget.c:36;zr_vm_core/src/zr_vm_core/execution/execution_budget.c:84;zr_vm_rust_binding/src/zr_vm_rust_binding/execution_budget.c:18	no-comment	公开声明和原子分支直接说明行为
zr_vm_core/src/zr_vm_core/execution/execution_budget.c	ZrCore_ExecutionCancelToken_Free	函数	zr_vm_rust_binding/src/zr_vm_rust_binding/execution_budget.c:22	释放令牌	宿主保证无并发访问	zr_vm_core/src/zr_vm_core/execution/execution_budget.c:47;zr_vm_rust_binding/src/zr_vm_rust_binding/execution_budget.c:22	no-comment	公开声明已说明寿命；实现仅 free
zr_vm_core/src/zr_vm_core/execution/execution_budget.c	ZrCore_ExecutionBudget_NowMicros	函数	zr_vm_rust_binding/src/zr_vm_rust_binding/execution_budget.c:71;zr_vm_core/src/zr_vm_core/execution/execution_budget.c:86	单调时间与失败关闭	时钟故障返回最大值	zr_vm_core/src/zr_vm_core/execution/execution_budget.c:52;zr_vm_rust_binding/src/zr_vm_rust_binding/execution_budget.c:71;zr_vm_core/src/zr_vm_core/execution/execution_budget.c:86	commented	实现注明异常时间值为何不能放行期限
zr_vm_core/src/zr_vm_core/execution/execution_budget.c	ZrCore_ExecutionBudget_Poll	函数	zr_vm_core/src/zr_vm_core/execution/execution_dispatch.c:5903;zr_vm_rust_binding/src/zr_vm_rust_binding/execution_budget.c:83	刷新峰值和锁存终止	无 scope 直接放行；指令按入场计数	zr_vm_core/src/zr_vm_core/execution/execution_budget.c:72;zr_vm_core/src/zr_vm_core/execution/execution_dispatch.c:5903;zr_vm_rust_binding/src/zr_vm_rust_binding/execution_budget.c:83	commented	实现注明首次终止顺序
zr_vm_core/src/zr_vm_core/execution/execution_budget.c	ZrCore_ExecutionBudget_NativeEnter	函数	zr_vm_core/src/zr_vm_core/function.c:3622	检查并计 native 调用	重复 binding 帧不再计数	zr_vm_core/src/zr_vm_core/execution/execution_budget.c:108;zr_vm_core/src/zr_vm_core/function.c:3622	commented	实现注明两个分派层的去重理由
zr_vm_core/src/zr_vm_core/execution/execution_budget.c	ZrCore_ExecutionBudget_GcBegin	函数	zr_vm_core/src/zr_vm_core/gc/gc.c:710	外层 GC 起始时间	嵌套深度配平	zr_vm_core/src/zr_vm_core/execution/execution_budget.c:135;zr_vm_core/src/zr_vm_core/gc/gc.c:710	commented	实现注明嵌套不重复收费
zr_vm_core/src/zr_vm_core/execution/execution_budget.c	ZrCore_ExecutionBudget_GcEnd	函数	zr_vm_core/src/zr_vm_core/gc/gc.c:713;zr_vm_rust_binding/src/zr_vm_rust_binding/execution_budget.c:81	累计最外层 GC 耗时	结束后 Poll	zr_vm_core/src/zr_vm_core/execution/execution_budget.c:142;zr_vm_core/src/zr_vm_core/gc/gc.c:713;zr_vm_rust_binding/src/zr_vm_rust_binding/execution_budget.c:81	no-comment	头文件契约已足够，源实现流程直接
zr_vm_core/src/zr_vm_core/execution/execution_budget.c	execution_budget_release_frame	函数	zr_vm_core/src/zr_vm_core/execution/execution_budget.c:179	在终止回栈时关闭 upvalue 与帧值	TryRun 隔离 C 层清理异常	zr_vm_core/src/zr_vm_core/execution/execution_budget.c:154;zr_vm_core/src/zr_vm_core/execution/execution_budget.c:179	commented	源注释解释栈偏移与关闭时序
zr_vm_core/src/zr_vm_core/execution/execution_budget.c	ZrCore_ExecutionBudget_UnwindVmFrames	函数	zr_vm_core/src/zr_vm_core/execution/execution_dispatch.c:5906	终止时清理至 native 边界	跳过 guest handler；恢复线程状态	zr_vm_core/src/zr_vm_core/execution/execution_budget.c:168;zr_vm_core/src/zr_vm_core/execution/execution_dispatch.c:5906	commented	源注释解释为何不能跨外部回调栈
zr_vm_core/src/zr_vm_core/execution/execution_budget.c	ZrCore_ExecutionBudget_Poll:termination_priority	语句块	zr_vm_core/src/zr_vm_core/execution/execution_dispatch.c:5903;zr_vm_rust_binding/src/zr_vm_rust_binding/execution_budget.c:83	先定首次终止原因，再变更线程状态	取消先于期限，资源先于指令	zr_vm_core/src/zr_vm_core/execution/execution_budget.c:83;zr_vm_core/src/zr_vm_core/execution/execution_budget.c:98	commented	源码注释解释粘性与优先级
zr_vm_core/src/zr_vm_core/execution/execution_budget.c	ZrCore_ExecutionBudget_NativeEnter:duplicate_frame	语句块	zr_vm_core/src/zr_vm_core/function.c:3622;zr_vm_core/src/zr_vm_core/gc/gc_domain_mutator.c:607	合并注册 native 的两层进入	直接 binding 调用独立收费	zr_vm_core/src/zr_vm_core/execution/execution_budget.c:116;zr_vm_core/src/zr_vm_core/execution/execution_budget.c:119	commented	源注释解释去重身份
zr_vm_core/src/zr_vm_core/execution/execution_budget.c	ZrCore_ExecutionBudget_UnwindVmFrames:frame_cleanup	语句块	zr_vm_core/src/zr_vm_core/execution/execution_dispatch.c:5906	逐帧丢弃 handler 与清理所有权	清理异常隔离在 TryRun	zr_vm_core/src/zr_vm_core/execution/execution_budget.c:177;zr_vm_core/src/zr_vm_core/execution/execution_budget.c:179	commented	源注释解释恢复边界
zr_vm_core/src/zr_vm_core/execution/execution_async_wait.c	async_atomic_load	函数	zr_vm_core/src/zr_vm_core/execution/execution_async_wait.c:201;zr_vm_core/src/zr_vm_core/execution/execution_async_wait.c:202;zr_vm_core/src/zr_vm_core/execution/execution_async_wait.c:248;zr_vm_core/src/zr_vm_core/execution/execution_async_wait.c:354;zr_vm_core/src/zr_vm_core/execution/execution_async_wait.c:553;zr_vm_core/src/zr_vm_core/execution/execution_async_wait.c:607;zr_vm_core/src/zr_vm_core/execution/execution_async_wait.c:609;zr_vm_core/src/zr_vm_core/execution/execution_async_wait.c:734;zr_vm_core/src/zr_vm_core/execution/execution_async_wait.c:776;zr_vm_core/src/zr_vm_core/execution/execution_async_wait.c:909;zr_vm_core/src/zr_vm_core/execution/execution_async_wait.c:926;zr_vm_core/src/zr_vm_core/execution/execution_async_wait.c:956;zr_vm_core/src/zr_vm_core/execution/execution_async_wait.c:983;zr_vm_core/src/zr_vm_core/execution/execution_async_wait.c:990	读取已经发布的等待状态或取消位，供状态门禁观察其他操作的结果。	对象和输出由调用方持有;帧普通字段须外部串行化;同槽访问不得与Release/Deinit并发	zr_vm_core/src/zr_vm_core/execution/execution_async_wait.c:21	commented	完整函数及普通guards/loops已读;区分标量状态转移与VM/GC/scheduler实际执行
zr_vm_core/src/zr_vm_core/execution/execution_async_wait.c	async_atomic_store	函数	zr_vm_core/src/zr_vm_core/execution/execution_async_wait.c:76;zr_vm_core/src/zr_vm_core/execution/execution_async_wait.c:535;zr_vm_core/src/zr_vm_core/execution/execution_async_wait.c:588;zr_vm_core/src/zr_vm_core/execution/execution_async_wait.c:635;zr_vm_core/src/zr_vm_core/execution/execution_async_wait.c:654;zr_vm_core/src/zr_vm_core/execution/execution_async_wait.c:655;zr_vm_core/src/zr_vm_core/execution/execution_async_wait.c:760;zr_vm_core/src/zr_vm_core/execution/execution_async_wait.c:761;zr_vm_core/src/zr_vm_core/execution/execution_async_wait.c:928;zr_vm_core/src/zr_vm_core/execution/execution_async_wait.c:971	发布取消、恢复计数或空闲状态；仅这一标量写具有原子同步语义。	对象和输出由调用方持有;帧普通字段须外部串行化;同槽访问不得与Release/Deinit并发	zr_vm_core/src/zr_vm_core/execution/execution_async_wait.c:31	commented	完整函数及普通guards/loops已读;区分标量状态转移与VM/GC/scheduler实际执行
zr_vm_core/src/zr_vm_core/execution/execution_async_wait.c	async_atomic_cas	函数	zr_vm_core/src/zr_vm_core/execution/execution_async_wait.c:67;zr_vm_core/src/zr_vm_core/execution/execution_async_wait.c:772;zr_vm_core/src/zr_vm_core/execution/execution_async_wait.c:778;zr_vm_core/src/zr_vm_core/execution/execution_async_wait.c:819;zr_vm_core/src/zr_vm_core/execution/execution_async_wait.c:823;zr_vm_core/src/zr_vm_core/execution/execution_async_wait.c:854;zr_vm_core/src/zr_vm_core/execution/execution_async_wait.c:858;zr_vm_core/src/zr_vm_core/execution/execution_async_wait.c:924;zr_vm_core/src/zr_vm_core/execution/execution_async_wait.c:960	让竞争事件以一次状态交换认领胜者；失败回写观察值供调用方区分终态。	对象和输出由调用方持有;帧普通字段须外部串行化;同槽访问不得与Release/Deinit并发	zr_vm_core/src/zr_vm_core/execution/execution_async_wait.c:40	commented	完整函数及普通guards/loops已读;区分标量状态转移与VM/GC/scheduler实际执行
zr_vm_core/src/zr_vm_core/execution/execution_async_wait.c	async_lock	函数	zr_vm_core/src/zr_vm_core/execution/execution_async_wait.c:647;zr_vm_core/src/zr_vm_core/execution/execution_async_wait.c:732;zr_vm_core/src/zr_vm_core/execution/execution_async_wait.c:951	串行化槽位身份和分配游标的修改，不能替代调用方的 registry 生命周期管理。	对象和输出由调用方持有;帧普通字段须外部串行化;同槽访问不得与Release/Deinit并发	zr_vm_core/src/zr_vm_core/execution/execution_async_wait.c:59	commented	完整函数及普通guards/loops已读;区分标量状态转移与VM/GC/scheduler实际执行
zr_vm_core/src/zr_vm_core/execution/execution_async_wait.c	async_unlock	函数	zr_vm_core/src/zr_vm_core/execution/execution_async_wait.c:662;zr_vm_core/src/zr_vm_core/execution/execution_async_wait.c:741;zr_vm_core/src/zr_vm_core/execution/execution_async_wait.c:749;zr_vm_core/src/zr_vm_core/execution/execution_async_wait.c:766;zr_vm_core/src/zr_vm_core/execution/execution_async_wait.c:954;zr_vm_core/src/zr_vm_core/execution/execution_async_wait.c:961;zr_vm_core/src/zr_vm_core/execution/execution_async_wait.c:972	在身份与游标写入完成后释放注册表锁，供后续 Begin/Release 复用槽位。	对象和输出由调用方持有;帧普通字段须外部串行化;同槽访问不得与Release/Deinit并发	zr_vm_core/src/zr_vm_core/execution/execution_async_wait.c:74	commented	完整函数及普通guards/loops已读;区分标量状态转移与VM/GC/scheduler实际执行
zr_vm_core/src/zr_vm_core/execution/execution_async_wait.c	async_diag_clear	函数	zr_vm_core/src/zr_vm_core/execution/execution_async_wait.c:110;zr_vm_core/src/zr_vm_core/execution/execution_async_wait.c:180;zr_vm_core/src/zr_vm_core/execution/execution_async_wait.c:329;zr_vm_core/src/zr_vm_core/execution/execution_async_wait.c:624;zr_vm_core/src/zr_vm_core/execution/execution_async_wait.c:676;zr_vm_core/src/zr_vm_core/execution/execution_async_wait.c:813;zr_vm_core/src/zr_vm_core/execution/execution_async_wait.c:845;zr_vm_core/src/zr_vm_core/execution/execution_async_wait.c:902;zr_vm_core/src/zr_vm_core/execution/execution_async_wait.c:942	每次独立操作清除可选诊断，避免调用方把上一次失败当作本次结果。	对象和输出由调用方持有;帧普通字段须外部串行化;同槽访问不得与Release/Deinit并发	zr_vm_core/src/zr_vm_core/execution/execution_async_wait.c:81	commented	完整函数及普通guards/loops已读;区分标量状态转移与VM/GC/scheduler实际执行
zr_vm_core/src/zr_vm_core/execution/execution_async_wait.c	async_fail	函数	zr_vm_core/src/zr_vm_core/execution/execution_async_wait.c:182;zr_vm_core/src/zr_vm_core/execution/execution_async_wait.c:186;zr_vm_core/src/zr_vm_core/execution/execution_async_wait.c:192;zr_vm_core/src/zr_vm_core/execution/execution_async_wait.c:203;zr_vm_core/src/zr_vm_core/execution/execution_async_wait.c:209;zr_vm_core/src/zr_vm_core/execution/execution_async_wait.c:216;zr_vm_core/src/zr_vm_core/execution/execution_async_wait.c:223;zr_vm_core/src/zr_vm_core/execution/execution_async_wait.c:241;zr_vm_core/src/zr_vm_core/execution/execution_async_wait.c:267;zr_vm_core/src/zr_vm_core/execution/execution_async_wait.c:274;zr_vm_core/src/zr_vm_core/execution/execution_async_wait.c:280;zr_vm_core/src/zr_vm_core/execution/execution_async_wait.c:286;zr_vm_core/src/zr_vm_core/execution/execution_async_wait.c:292;zr_vm_core/src/zr_vm_core/execution/execution_async_wait.c:299;zr_vm_core/src/zr_vm_core/execution/execution_async_wait.c:304;zr_vm_core/src/zr_vm_core/execution/execution_async_wait.c:311;zr_vm_core/src/zr_vm_core/execution/execution_async_wait.c:337;zr_vm_core/src/zr_vm_core/execution/execution_async_wait.c:409;zr_vm_core/src/zr_vm_core/execution/execution_async_wait.c:436;zr_vm_core/src/zr_vm_core/execution/execution_async_wait.c:442;zr_vm_core/src/zr_vm_core/execution/execution_async_wait.c:464;zr_vm_core/src/zr_vm_core/execution/execution_async_wait.c:470;zr_vm_core/src/zr_vm_core/execution/execution_async_wait.c:488;zr_vm_core/src/zr_vm_core/execution/execution_async_wait.c:494;zr_vm_core/src/zr_vm_core/execution/execution_async_wait.c:510;zr_vm_core/src/zr_vm_core/execution/execution_async_wait.c:530;zr_vm_core/src/zr_vm_core/execution/execution_async_wait.c:548;zr_vm_core/src/zr_vm_core/execution/execution_async_wait.c:576;zr_vm_core/src/zr_vm_core/execution/execution_async_wait.c:582;zr_vm_core/src/zr_vm_core/execution/execution_async_wait.c:601;zr_vm_core/src/zr_vm_core/execution/execution_async_wait.c:608;zr_vm_core/src/zr_vm_core/execution/execution_async_wait.c:626;zr_vm_core/src/zr_vm_core/execution/execution_async_wait.c:679;zr_vm_core/src/zr_vm_core/execution/execution_async_wait.c:683;zr_vm_core/src/zr_vm_core/execution/execution_async_wait.c:690;zr_vm_core/src/zr_vm_core/execution/execution_async_wait.c:701;zr_vm_core/src/zr_vm_core/execution/execution_async_wait.c:711;zr_vm_core/src/zr_vm_core/execution/execution_async_wait.c:721;zr_vm_core/src/zr_vm_core/execution/execution_async_wait.c:727;zr_vm_core/src/zr_vm_core/execution/execution_async_wait.c:742;zr_vm_core/src/zr_vm_core/execution/execution_async_wait.c:750;zr_vm_core/src/zr_vm_core/execution/execution_async_wait.c:789;zr_vm_core/src/zr_vm_core/execution/execution_async_wait.c:827;zr_vm_core/src/zr_vm_core/execution/execution_async_wait.c:832;zr_vm_core/src/zr_vm_core/execution/execution_async_wait.c:869;zr_vm_core/src/zr_vm_core/execution/execution_async_wait.c:911;zr_vm_core/src/zr_vm_core/execution/execution_async_wait.c:919;zr_vm_core/src/zr_vm_core/execution/execution_async_wait.c:955;zr_vm_core/src/zr_vm_core/execution/execution_async_wait.c:962	统一携带失败阶段及代际差异；不回滚已经完成的状态写入。	对象和输出由调用方持有;帧普通字段须外部串行化;同槽访问不得与Release/Deinit并发	zr_vm_core/src/zr_vm_core/execution/execution_async_wait.c:88	commented	完整函数及普通guards/loops已读;区分标量状态转移与VM/GC/scheduler实际执行
zr_vm_core/src/zr_vm_core/execution/execution_async_wait.c	ZrCore_AsyncFrameBudget_DiagnosticClear	函数	仓内未发现实际调用;公开声明仅作已查入口证据;仓外用途待核	向适配器提供清空可选诊断的入口；不分配或持有输出对象。	对象和输出由调用方持有;帧普通字段须外部串行化;同槽访问不得与Release/Deinit并发	zr_vm_core/src/zr_vm_core/execution/execution_async_wait.c:108	TODO	完整函数及普通guards/loops已读;区分标量状态转移与VM/GC/scheduler实际执行
zr_vm_core/src/zr_vm_core/execution/execution_async_wait.c	ZrCore_AsyncFrameBudget_DiagnosticName	函数	仓内未发现实际调用;公开声明仅作已查入口证据;仓外用途待核	将诊断码映射为借用的静态文本，未知值保留可读回退。	对象和输出由调用方持有;帧普通字段须外部串行化;同槽访问不得与Release/Deinit并发	zr_vm_core/src/zr_vm_core/execution/execution_async_wait.c:115	TODO	完整函数及普通guards/loops已读;区分标量状态转移与VM/GC/scheduler实际执行
zr_vm_core/src/zr_vm_core/execution/execution_async_wait.c	ZrCore_AsyncFrameBudget_StatusName	函数	仓内未发现实际调用;公开声明仅作已查入口证据;仓外用途待核	将状态映射为借用的静态文本，不查询或改变某个帧。	对象和输出由调用方持有;帧普通字段须外部串行化;同槽访问不得与Release/Deinit并发	zr_vm_core/src/zr_vm_core/execution/execution_async_wait.c:149	TODO	完整函数及普通guards/loops已读;区分标量状态转移与VM/GC/scheduler实际执行
zr_vm_core/src/zr_vm_core/execution/execution_async_wait.c	ZrCore_AsyncFrameBudget_Init	函数	tests/task/test_ssa_async_frame_budget.c:112;tests/task/test_ssa_async_frame_budget.c:148;tests/task/test_ssa_async_frame_budget.c:186;tests/task/test_ssa_async_frame_budget.c:217	建立可填充的空闲标量记录；调用方仍需设置身份、代际和暂停许可才能 Begin。	对象和输出由调用方持有;帧普通字段须外部串行化;同槽访问不得与Release/Deinit并发	zr_vm_core/src/zr_vm_core/execution/execution_async_wait.c:165	commented	完整函数及普通guards/loops已读;区分标量状态转移与VM/GC/scheduler实际执行
zr_vm_core/src/zr_vm_core/execution/execution_async_wait.c	ZrCore_AsyncFrameBudget_Validate	函数	zr_vm_core/src/zr_vm_core/execution/execution_async_wait.c:237;zr_vm_core/src/zr_vm_core/execution/execution_async_wait.c:262;zr_vm_core/src/zr_vm_core/execution/execution_async_wait.c:330;zr_vm_core/src/zr_vm_core/execution/execution_async_wait.c:404;zr_vm_core/src/zr_vm_core/execution/execution_async_wait.c:431;zr_vm_core/src/zr_vm_core/execution/execution_async_wait.c:457;zr_vm_core/src/zr_vm_core/execution/execution_async_wait.c:483;zr_vm_core/src/zr_vm_core/execution/execution_async_wait.c:506;zr_vm_core/src/zr_vm_core/execution/execution_async_wait.c:523;zr_vm_core/src/zr_vm_core/execution/execution_async_wait.c:544;zr_vm_core/src/zr_vm_core/execution/execution_async_wait.c:568	验证适配器提交的 ABI 和 state-map 代际，不推导资源实际存活或线程安全性。	对象和输出由调用方持有;帧普通字段须外部串行化;同槽访问不得与Release/Deinit并发	zr_vm_core/src/zr_vm_core/execution/execution_async_wait.c:177	commented	完整函数及普通guards/loops已读;区分标量状态转移与VM/GC/scheduler实际执行
zr_vm_core/src/zr_vm_core/execution/execution_async_wait.c	ZrCore_AsyncFrameBudget_Begin	函数	tests/task/test_ssa_async_frame_budget.c:122;tests/task/test_ssa_async_frame_budget.c:158;tests/task/test_ssa_async_frame_budget.c:194;tests/task/test_ssa_async_frame_budget.c:226	开启一轮计量并保留启动前取消；没有隐式恢复任务或调度器分配。	对象和输出由调用方持有;帧普通字段须外部串行化;同槽访问不得与Release/Deinit并发	zr_vm_core/src/zr_vm_core/execution/execution_async_wait.c:232	commented	完整函数及普通guards/loops已读;区分标量状态转移与VM/GC/scheduler实际执行
zr_vm_core/src/zr_vm_core/execution/execution_async_wait.c	ZrCore_AsyncFrameBudget_CanSuspend	函数	zr_vm_core/src/zr_vm_core/execution/execution_async_wait.c:376;zr_vm_core/src/zr_vm_core/execution/execution_async_wait.c:414;tests/task/test_ssa_async_frame_budget.c:159	要求调用方证明边界且无不可跨暂停资源；pin 计数另用于阻止完成与拆除。	对象和输出由调用方持有;帧普通字段须外部串行化;同槽访问不得与Release/Deinit并发	zr_vm_core/src/zr_vm_core/execution/execution_async_wait.c:257	commented	完整函数及普通guards/loops已读;区分标量状态转移与VM/GC/scheduler实际执行
zr_vm_core/src/zr_vm_core/execution/execution_async_wait.c	ZrCore_AsyncFrameBudget_Poll	函数	tests/task/test_ssa_async_frame_budget.c:123;tests/task/test_ssa_async_frame_budget.c:127;tests/task/test_ssa_async_frame_budget.c:132;tests/task/test_ssa_async_frame_budget.c:169;tests/task/test_ssa_async_frame_budget.c:227	累计工作量，在安全边界兑现取消或预算暂停；临界区只登记事件，取消优先于预算。	对象和输出由调用方持有;帧普通字段须外部串行化;同槽访问不得与Release/Deinit并发	zr_vm_core/src/zr_vm_core/execution/execution_async_wait.c:320	commented	完整函数及普通guards/loops已读;区分标量状态转移与VM/GC/scheduler实际执行
zr_vm_core/src/zr_vm_core/execution/execution_async_wait.c	ZrCore_AsyncFrameBudget_Suspend	函数	tests/task/test_ssa_async_frame_budget.c:199	让 wait/compile 适配器记录暂停原因；只改变帧标量，不注册等待槽或编译任务。	对象和输出由调用方持有;帧普通字段须外部串行化;同槽访问不得与Release/Deinit并发	zr_vm_core/src/zr_vm_core/execution/execution_async_wait.c:398	commented	完整函数及普通guards/loops已读;区分标量状态转移与VM/GC/scheduler实际执行
zr_vm_core/src/zr_vm_core/execution/execution_async_wait.c	ZrCore_AsyncFrameBudget_Complete	函数	tests/task/test_ssa_async_frame_budget.c:196;tests/task/test_ssa_async_frame_budget.c:204	在仍可完成且没有活跃 pin 时终结帧；不自动释放适配器持有的资源。	对象和输出由调用方持有;帧普通字段须外部串行化;同槽访问不得与Release/Deinit并发	zr_vm_core/src/zr_vm_core/execution/execution_async_wait.c:428	commented	完整函数及普通guards/loops已读;区分标量状态转移与VM/GC/scheduler实际执行
zr_vm_core/src/zr_vm_core/execution/execution_async_wait.c	ZrCore_AsyncFrameBudget_Fault	函数	仓内未发现实际调用;公开声明仅作已查入口证据;仓外用途待核	以故障终态停止非终态帧；活跃 pin 仍须由持有者先解除。	对象和输出由调用方持有;帧普通字段须外部串行化;同槽访问不得与Release/Deinit并发	zr_vm_core/src/zr_vm_core/execution/execution_async_wait.c:454	TODO	完整函数及普通guards/loops已读;区分标量状态转移与VM/GC/scheduler实际执行
zr_vm_core/src/zr_vm_core/execution/execution_async_wait.c	ZrCore_AsyncFrameBudget_Pin	函数	tests/task/test_ssa_async_frame_budget.c:164;tests/task/test_ssa_async_frame_budget.c:195	记录适配器持有的一份活跃引用，阻止完成和 teardown；不是 VM GC pin。	对象和输出由调用方持有;帧普通字段须外部串行化;同槽访问不得与Release/Deinit并发	zr_vm_core/src/zr_vm_core/execution/execution_async_wait.c:480	commented	完整函数及普通guards/loops已读;区分标量状态转移与VM/GC/scheduler实际执行
zr_vm_core/src/zr_vm_core/execution/execution_async_wait.c	ZrCore_AsyncFrameBudget_Unpin	函数	tests/task/test_ssa_async_frame_budget.c:166;tests/task/test_ssa_async_frame_budget.c:198	归还一份计数责任，拒绝下溢；不解除对象 GC 根或释放存储。	对象和输出由调用方持有;帧普通字段须外部串行化;同槽访问不得与Release/Deinit并发	zr_vm_core/src/zr_vm_core/execution/execution_async_wait.c:503	commented	完整函数及普通guards/loops已读;区分标量状态转移与VM/GC/scheduler实际执行
zr_vm_core/src/zr_vm_core/execution/execution_async_wait.c	ZrCore_AsyncFrameBudget_RequestCancel	函数	tests/task/test_ssa_async_frame_budget.c:168;tests/task/test_ssa_async_frame_budget.c:225	请求后续边界处理取消；原子取消位不使普通帧字段成为并发安全记录。	对象和输出由调用方持有;帧普通字段须外部串行化;同槽访问不得与Release/Deinit并发	zr_vm_core/src/zr_vm_core/execution/execution_async_wait.c:520	TODO	完整函数及普通guards/loops已读;区分标量状态转移与VM/GC/scheduler实际执行
zr_vm_core/src/zr_vm_core/execution/execution_async_wait.c	ZrCore_AsyncFrameBudget_Resume	函数	tests/task/test_ssa_async_frame_budget.c:203	恢复暂停帧而保留累计预算；已收到取消则转取消终态，不执行回调。	对象和输出由调用方持有;帧普通字段须外部串行化;同槽访问不得与Release/Deinit并发	zr_vm_core/src/zr_vm_core/execution/execution_async_wait.c:541	commented	完整函数及普通guards/loops已读;区分标量状态转移与VM/GC/scheduler实际执行
zr_vm_core/src/zr_vm_core/execution/execution_async_wait.c	ZrCore_AsyncFrameBudget_Teardown	函数	tests/task/test_ssa_async_frame_budget.c:173;tests/task/test_ssa_async_frame_budget.c:175;tests/task/test_ssa_async_frame_budget.c:206;tests/task/test_ssa_async_frame_budget.c:230	标记非运行且无 pin 的帧已收尾；只清标量，不销毁 VM 或等待注册表。	对象和输出由调用方持有;帧普通字段须外部串行化;同槽访问不得与Release/Deinit并发	zr_vm_core/src/zr_vm_core/execution/execution_async_wait.c:565	commented	完整函数及普通guards/loops已读;区分标量状态转移与VM/GC/scheduler实际执行
zr_vm_core/src/zr_vm_core/execution/execution_async_wait.c	async_wait_slot	函数	zr_vm_core/src/zr_vm_core/execution/execution_async_wait.c:814;zr_vm_core/src/zr_vm_core/execution/execution_async_wait.c:846;zr_vm_core/src/zr_vm_core/execution/execution_async_wait.c:903;zr_vm_core/src/zr_vm_core/execution/execution_async_wait.c:943;zr_vm_core/src/zr_vm_core/execution/execution_async_wait.c:980;zr_vm_core/src/zr_vm_core/execution/execution_async_wait.c:989	在有效 registry 寿命内按索引、token 和 generation 拒绝旧句柄；调用方须排除同槽 Release。	对象和输出由调用方持有;帧普通字段须外部串行化;同槽访问不得与Release/Deinit并发	zr_vm_core/src/zr_vm_core/execution/execution_async_wait.c:593	commented	完整函数及普通guards/loops已读;区分标量状态转移与VM/GC/scheduler实际执行
zr_vm_core/src/zr_vm_core/execution/execution_async_wait.c	ZrCore_AsyncWaitRegistry_Init	函数	tests/task/test_ssa_async_frame_budget.c:247;tests/task/test_ssa_async_frame_budget.c:296;tests/task/test_ssa_async_frame_budget.c:349;tests/task/ssa_async_stale_handle_cases.inc:18	借用调用方数组作为固定容量槽位，重置身份空间；不能重初始化仍有访问者的注册表。	对象和输出由调用方持有;帧普通字段须外部串行化;同槽访问不得与Release/Deinit并发	zr_vm_core/src/zr_vm_core/execution/execution_async_wait.c:617	commented	完整函数及普通guards/loops已读;区分标量状态转移与VM/GC/scheduler实际执行
zr_vm_core/src/zr_vm_core/execution/execution_async_wait.c	ZrCore_AsyncWaitRegistry_Deinit	函数	tests/task/test_ssa_async_frame_budget.c:279;tests/task/test_ssa_async_frame_budget.c:332;tests/task/test_ssa_async_frame_budget.c:372;tests/task/ssa_async_stale_handle_cases.inc:81	清空借用数组和注册表入口；先停止全部访问与句柄操作，锁不承担并发销毁保护。	对象和输出由调用方持有;帧普通字段须外部串行化;同槽访问不得与Release/Deinit并发	zr_vm_core/src/zr_vm_core/execution/execution_async_wait.c:641	commented	完整函数及普通guards/loops已读;区分标量状态转移与VM/GC/scheduler实际执行
zr_vm_core/src/zr_vm_core/execution/execution_async_wait.c	async_wait_begin_internal	函数	zr_vm_core/src/zr_vm_core/execution/execution_async_wait.c:792;zr_vm_core/src/zr_vm_core/execution/execution_async_wait.c:803	先验证跨暂停资源声明，再保留身份并发布可竞争状态，避免注册和重检窗口丢唤醒。	对象和输出由调用方持有;帧普通字段须外部串行化;同槽访问不得与Release/Deinit并发	zr_vm_core/src/zr_vm_core/execution/execution_async_wait.c:666	commented	完整函数及普通guards/loops已读;区分标量状态转移与VM/GC/scheduler实际执行
zr_vm_core/src/zr_vm_core/execution/execution_async_wait.c	ZrCore_Execution_BeginAsyncWait	函数	tests/task/test_ssa_async_frame_budget.c:256;tests/task/test_ssa_async_frame_budget.c:305;tests/task/test_ssa_async_frame_budget.c:314;tests/task/test_ssa_async_frame_budget.c:359;tests/task/ssa_async_stale_handle_cases.inc:27;tests/task/ssa_async_stale_handle_cases.inc:38	供请求式入口使用内含 registry/outHandle；成功只注册标量等待，不暂停 VM 或安装回调。	对象和输出由调用方持有;帧普通字段须外部串行化;同槽访问不得与Release/Deinit并发	zr_vm_core/src/zr_vm_core/execution/execution_async_wait.c:785	commented	完整函数及普通guards/loops已读;区分标量状态转移与VM/GC/scheduler实际执行
zr_vm_core/src/zr_vm_core/execution/execution_async_wait.c	ZrCore_AsyncWait_Begin	函数	仓内未发现实际调用;公开声明仅作已查入口证据;仓外用途待核	显式指定注册表与输出槽，复用同一注册门禁；请求内的对应指针不参与这个入口的选取。	对象和输出由调用方持有;帧普通字段须外部串行化;同槽访问不得与Release/Deinit并发	zr_vm_core/src/zr_vm_core/execution/execution_async_wait.c:798	TODO	完整函数及普通guards/loops已读;区分标量状态转移与VM/GC/scheduler实际执行
zr_vm_core/src/zr_vm_core/execution/execution_async_wait.c	async_wait_win	函数	zr_vm_core/src/zr_vm_core/execution/execution_async_wait.c:878;zr_vm_core/src/zr_vm_core/execution/execution_async_wait.c:885;zr_vm_core/src/zr_vm_core/execution/execution_async_wait.c:892	允许唤醒、取消、超时竞争 REGISTERING/WAITING；已经产生的终态不能被后来事件覆盖。	对象和输出由调用方持有;帧普通字段须外部串行化;同槽访问不得与Release/Deinit并发	zr_vm_core/src/zr_vm_core/execution/execution_async_wait.c:807	commented	完整函数及普通guards/loops已读;区分标量状态转移与VM/GC/scheduler实际执行
zr_vm_core/src/zr_vm_core/execution/execution_async_wait.c	ZrCore_AsyncWait_Recheck	函数	tests/task/test_ssa_async_frame_budget.c:262;tests/task/ssa_async_stale_handle_cases.inc:51	注册后重新采样条件；已获胜事件也算重检成功，不承诺返回时仍为 READY。	对象和输出由调用方持有;帧普通字段须外部串行化;同槽访问不得与Release/Deinit并发	zr_vm_core/src/zr_vm_core/execution/execution_async_wait.c:838	commented	完整函数及普通guards/loops已读;区分标量状态转移与VM/GC/scheduler实际执行
zr_vm_core/src/zr_vm_core/execution/execution_async_wait.c	ZrCore_AsyncWait_Wake	函数	tests/task/test_ssa_async_frame_budget.c:261;tests/task/ssa_async_stale_handle_cases.inc:5;tests/task/ssa_async_stale_handle_cases.inc:29;tests/task/ssa_async_stale_handle_cases.inc:55	竞争就绪终态；仅代表事件获胜，实际消费者仍须 Resume 并最终 Release。	对象和输出由调用方持有;帧普通字段须外部串行化;同槽访问不得与Release/Deinit并发	zr_vm_core/src/zr_vm_core/execution/execution_async_wait.c:875	commented	完整函数及普通guards/loops已读;区分标量状态转移与VM/GC/scheduler实际执行
zr_vm_core/src/zr_vm_core/execution/execution_async_wait.c	ZrCore_AsyncWait_Cancel	函数	tests/task/test_ssa_async_frame_budget.c:39;tests/task/test_ssa_async_frame_budget.c:307;tests/task/test_ssa_async_frame_budget.c:317;tests/task/ssa_async_stale_handle_cases.inc:5	竞争取消终态；与唤醒或超时并发时只接受一个胜者，不执行清理回调。	对象和输出由调用方持有;帧普通字段须外部串行化;同槽访问不得与Release/Deinit并发	zr_vm_core/src/zr_vm_core/execution/execution_async_wait.c:882	commented	完整函数及普通guards/loops已读;区分标量状态转移与VM/GC/scheduler实际执行
zr_vm_core/src/zr_vm_core/execution/execution_async_wait.c	ZrCore_AsyncWait_Timeout	函数	tests/task/test_ssa_async_frame_budget.c:308;tests/task/test_ssa_async_frame_budget.c:316;tests/task/ssa_async_stale_handle_cases.inc:5	由外部时钟/调度器显式竞争超时；本入口不读取 deadline 或当前时间。	对象和输出由调用方持有;帧普通字段须外部串行化;同槽访问不得与Release/Deinit并发	zr_vm_core/src/zr_vm_core/execution/execution_async_wait.c:889	commented	完整函数及普通guards/loops已读;区分标量状态转移与VM/GC/scheduler实际执行
zr_vm_core/src/zr_vm_core/execution/execution_async_wait.c	ZrCore_AsyncWait_Resume	函数	tests/task/test_ssa_async_frame_budget.c:45;tests/task/test_ssa_async_frame_budget.c:264;tests/task/test_ssa_async_frame_budget.c:265;tests/task/test_ssa_async_frame_budget.c:310;tests/task/test_ssa_async_frame_budget.c:319;tests/task/ssa_async_stale_handle_cases.inc:30;tests/task/ssa_async_stale_handle_cases.inc:56;tests/task/ssa_async_stale_handle_cases.inc:60	让终态槽只被消费一次；计数只作该次认领的观察，未调用用户回调。	对象和输出由调用方持有;帧普通字段须外部串行化;同槽访问不得与Release/Deinit并发	zr_vm_core/src/zr_vm_core/execution/execution_async_wait.c:896	commented	完整函数及普通guards/loops已读;区分标量状态转移与VM/GC/scheduler实际执行
zr_vm_core/src/zr_vm_core/execution/execution_async_wait.c	ZrCore_AsyncWait_Release	函数	tests/task/test_ssa_async_frame_budget.c:49;tests/task/test_ssa_async_frame_budget.c:267;tests/task/test_ssa_async_frame_budget.c:311;tests/task/test_ssa_async_frame_budget.c:320;tests/task/ssa_async_stale_handle_cases.inc:33;tests/task/ssa_async_stale_handle_cases.inc:62;tests/task/ssa_async_stale_handle_cases.inc:69	消费后归还槽位并清空本句柄；先结束同槽所有访问，借用 registry 必须仍有效。	对象和输出由调用方持有;帧普通字段须外部串行化;同槽访问不得与Release/Deinit并发	zr_vm_core/src/zr_vm_core/execution/execution_async_wait.c:936	commented	完整函数及普通guards/loops已读;区分标量状态转移与VM/GC/scheduler实际执行
zr_vm_core/src/zr_vm_core/execution/execution_async_wait.c	ZrCore_AsyncWait_State	函数	tests/task/test_ssa_async_frame_budget.c:36;tests/task/test_ssa_async_frame_budget.c:40;tests/task/test_ssa_async_frame_budget.c:46;tests/task/test_ssa_async_frame_budget.c:258;tests/task/test_ssa_async_frame_budget.c:263;tests/task/test_ssa_async_frame_budget.c:309;tests/task/test_ssa_async_frame_budget.c:318;tests/task/ssa_async_stale_handle_cases.inc:47;tests/task/ssa_async_stale_handle_cases.inc:53;tests/task/ssa_async_stale_handle_cases.inc:58;tests/task/ssa_async_stale_handle_cases.inc:64;tests/task/ssa_async_stale_handle_cases.inc:67	查询匹配身份的瞬时状态；FREE 同时表示失效句柄，不提供对象寿命保证。	对象和输出由调用方持有;帧普通字段须外部串行化;同槽访问不得与Release/Deinit并发	zr_vm_core/src/zr_vm_core/execution/execution_async_wait.c:978	commented	完整函数及普通guards/loops已读;区分标量状态转移与VM/GC/scheduler实际执行
zr_vm_core/src/zr_vm_core/execution/execution_async_wait.c	ZrCore_AsyncWait_ResumeCount	函数	tests/task/test_ssa_async_frame_budget.c:266;tests/task/ssa_async_stale_handle_cases.inc:31;tests/task/ssa_async_stale_handle_cases.inc:48;tests/task/ssa_async_stale_handle_cases.inc:59;tests/task/ssa_async_stale_handle_cases.inc:61;tests/task/ssa_async_stale_handle_cases.inc:65;tests/task/ssa_async_stale_handle_cases.inc:68	查询匹配槽位的认领次数；失效时零与尚未认领同值，不能单凭它证明身份有效。	对象和输出由调用方持有;帧普通字段须外部串行化;同槽访问不得与Release/Deinit并发	zr_vm_core/src/zr_vm_core/execution/execution_async_wait.c:987	commented	完整函数及普通guards/loops已读;区分标量状态转移与VM/GC/scheduler实际执行
zr_vm_core/src/zr_vm_core/execution/execution_async_wait.c	ASYNC_STAGE_VALIDATE/BEGIN/POLL/PIN/WAIT/COMPILE	枚举	zr_vm_core/src/zr_vm_core/execution/execution_async_wait.c:183;zr_vm_core/src/zr_vm_core/execution/execution_async_wait.c:187;zr_vm_core/src/zr_vm_core/execution/execution_async_wait.c:193;zr_vm_core/src/zr_vm_core/execution/execution_async_wait.c:204;zr_vm_core/src/zr_vm_core/execution/execution_async_wait.c:210;zr_vm_core/src/zr_vm_core/execution/execution_async_wait.c:217;zr_vm_core/src/zr_vm_core/execution/execution_async_wait.c:224;zr_vm_core/src/zr_vm_core/execution/execution_async_wait.c:242;zr_vm_core/src/zr_vm_core/execution/execution_async_wait.c:268;zr_vm_core/src/zr_vm_core/execution/execution_async_wait.c:275;zr_vm_core/src/zr_vm_core/execution/execution_async_wait.c:282;zr_vm_core/src/zr_vm_core/execution/execution_async_wait.c:288;zr_vm_core/src/zr_vm_core/execution/execution_async_wait.c:294;zr_vm_core/src/zr_vm_core/execution/execution_async_wait.c:300;zr_vm_core/src/zr_vm_core/execution/execution_async_wait.c:305;zr_vm_core/src/zr_vm_core/execution/execution_async_wait.c:312;zr_vm_core/src/zr_vm_core/execution/execution_async_wait.c:338;zr_vm_core/src/zr_vm_core/execution/execution_async_wait.c:410;zr_vm_core/src/zr_vm_core/execution/execution_async_wait.c:437;zr_vm_core/src/zr_vm_core/execution/execution_async_wait.c:443;zr_vm_core/src/zr_vm_core/execution/execution_async_wait.c:465;zr_vm_core/src/zr_vm_core/execution/execution_async_wait.c:471;zr_vm_core/src/zr_vm_core/execution/execution_async_wait.c:489;zr_vm_core/src/zr_vm_core/execution/execution_async_wait.c:495;zr_vm_core/src/zr_vm_core/execution/execution_async_wait.c:511;zr_vm_core/src/zr_vm_core/execution/execution_async_wait.c:531;zr_vm_core/src/zr_vm_core/execution/execution_async_wait.c:549;zr_vm_core/src/zr_vm_core/execution/execution_async_wait.c:577;zr_vm_core/src/zr_vm_core/execution/execution_async_wait.c:583;zr_vm_core/src/zr_vm_core/execution/execution_async_wait.c:602;zr_vm_core/src/zr_vm_core/execution/execution_async_wait.c:609;zr_vm_core/src/zr_vm_core/execution/execution_async_wait.c:627;zr_vm_core/src/zr_vm_core/execution/execution_async_wait.c:680;zr_vm_core/src/zr_vm_core/execution/execution_async_wait.c:684;zr_vm_core/src/zr_vm_core/execution/execution_async_wait.c:691;zr_vm_core/src/zr_vm_core/execution/execution_async_wait.c:703;zr_vm_core/src/zr_vm_core/execution/execution_async_wait.c:713;zr_vm_core/src/zr_vm_core/execution/execution_async_wait.c:723;zr_vm_core/src/zr_vm_core/execution/execution_async_wait.c:728;zr_vm_core/src/zr_vm_core/execution/execution_async_wait.c:743;zr_vm_core/src/zr_vm_core/execution/execution_async_wait.c:751;zr_vm_core/src/zr_vm_core/execution/execution_async_wait.c:790;zr_vm_core/src/zr_vm_core/execution/execution_async_wait.c:829;zr_vm_core/src/zr_vm_core/execution/execution_async_wait.c:833;zr_vm_core/src/zr_vm_core/execution/execution_async_wait.c:870;zr_vm_core/src/zr_vm_core/execution/execution_async_wait.c:913;zr_vm_core/src/zr_vm_core/execution/execution_async_wait.c:920;zr_vm_core/src/zr_vm_core/execution/execution_async_wait.c:956;zr_vm_core/src/zr_vm_core/execution/execution_async_wait.c:963	六个member完整覆盖;区分诊断操作类别	COMPILE本文件未使用;编译队列使用另一套COMPILE_STAGE私有枚举	zr_vm_core/src/zr_vm_core/execution/execution_async_wait.c:12;zr_vm_core/src/zr_vm_core/execution/execution_async_wait.c:17	commented	非帧生命周期值;全部六个member含保留COMPILE已核
zr_vm_core/src/zr_vm_core/execution/execution_async_wait.c	ZrCore_AsyncFrameBudget_Poll 计量饱和	语句块	tests/task/test_ssa_async_frame_budget.c:123;tests/task/test_ssa_async_frame_budget.c:127;tests/task/test_ssa_async_frame_budget.c:132;tests/task/test_ssa_async_frame_budget.c:169;tests/task/test_ssa_async_frame_budget.c:227	防止长运行帧的累计工作量回绕而误逃预算；暂停/恢复不重置该累计值。	继承所属函数的身份与寿命前提	zr_vm_core/src/zr_vm_core/execution/execution_async_wait.c:348	commented	独立记录非显然时序/竞争/饱和责任;普通块另附全量所属盘点
zr_vm_core/src/zr_vm_core/execution/execution_async_wait.c	ZrCore_AsyncFrameBudget_Poll 安全边界事件优先	语句块	tests/task/test_ssa_async_frame_budget.c:123;tests/task/test_ssa_async_frame_budget.c:127;tests/task/test_ssa_async_frame_budget.c:132;tests/task/test_ssa_async_frame_budget.c:169;tests/task/test_ssa_async_frame_budget.c:227	native 临界区延后处理；同一安全边界优先兑现取消，预算暂停仍须另通过资源门禁。	继承所属函数的身份与寿命前提	zr_vm_core/src/zr_vm_core/execution/execution_async_wait.c:364	commented	独立记录非显然时序/竞争/饱和责任;普通块另附全量所属盘点
zr_vm_core/src/zr_vm_core/execution/execution_async_wait.c	async_wait_begin_internal token耗尽	语句块	zr_vm_core/src/zr_vm_core/execution/execution_async_wait.c:792;zr_vm_core/src/zr_vm_core/execution/execution_async_wait.c:803	token 耗尽后拒绝新登记而不复用旧身份；否则相同generation的旧句柄可能命中新等待。	继承所属函数的身份与寿命前提	zr_vm_core/src/zr_vm_core/execution/execution_async_wait.c:747	commented	独立记录非显然时序/竞争/饱和责任;普通块另附全量所属盘点
zr_vm_core/src/zr_vm_core/execution/execution_async_wait.c	async_wait_begin_internal 注册发布	语句块	zr_vm_core/src/zr_vm_core/execution/execution_async_wait.c:792;zr_vm_core/src/zr_vm_core/execution/execution_async_wait.c:803	解锁后只从REGISTERING发布WAITING/READY，保持已获胜的wake/cancel/timeout；并非调度器重检条件回调。	继承所属函数的身份与寿命前提	zr_vm_core/src/zr_vm_core/execution/execution_async_wait.c:771	commented	独立记录非显然时序/竞争/饱和责任;普通块另附全量所属盘点
zr_vm_core/src/zr_vm_core/execution/execution_async_wait.c	ZrCore_AsyncWait_Resume 单次认领	语句块	tests/task/test_ssa_async_frame_budget.c:45;tests/task/test_ssa_async_frame_budget.c:264;tests/task/test_ssa_async_frame_budget.c:265;tests/task/test_ssa_async_frame_budget.c:310;tests/task/test_ssa_async_frame_budget.c:319;tests/task/ssa_async_stale_handle_cases.inc:30;tests/task/ssa_async_stale_handle_cases.inc:56;tests/task/ssa_async_stale_handle_cases.inc:60	READY/CANCELLED/TIMED_OUT统一消费，CAS获胜者才计一次；失败者重读状态，不重复恢复。	继承所属函数的身份与寿命前提	zr_vm_core/src/zr_vm_core/execution/execution_async_wait.c:909	commented	独立记录非显然时序/竞争/饱和责任;普通块另附全量所属盘点
zr_vm_core/src/zr_vm_core/execution/execution_async_wait.c	ZrCore_AsyncWait_Release 身份复核与回收	语句块	tests/task/test_ssa_async_frame_budget.c:49;tests/task/test_ssa_async_frame_budget.c:267;tests/task/test_ssa_async_frame_budget.c:311;tests/task/test_ssa_async_frame_budget.c:320;tests/task/ssa_async_stale_handle_cases.inc:33;tests/task/ssa_async_stale_handle_cases.inc:62;tests/task/ssa_async_stale_handle_cases.inc:69	身份清零和FREE发布受registry锁保护，避免Begin复用过程被本次回收覆盖；同槽读者仍须由调用方结束。	继承所属函数的身份与寿命前提	zr_vm_core/src/zr_vm_core/execution/execution_async_wait.c:951	commented	独立记录非显然时序/竞争/饱和责任;普通块另附全量所属盘点
zr_vm_core/src/zr_vm_core/execution/execution_async_wait.c	_MSC_VER 平台原子依赖选择	宏	zr_vm_core/src/zr_vm_core/execution/execution_async_wait.c:24;zr_vm_core/src/zr_vm_core/execution/execution_async_wait.c:33;zr_vm_core/src/zr_vm_core/execution/execution_async_wait.c:44	为原子辅助函数选择Windows Interlocked声明	非MSVC采用编译器atomic内建;保留原预处理分支	zr_vm_core/src/zr_vm_core/execution/execution_async_wait.c:6;zr_vm_core/src/zr_vm_core/execution/execution_async_wait.c:7	no-comment	标准平台include选择目的由三个原子helper注释覆盖;不复制系统API实现说明
zr_vm_core/src/zr_vm_core/execution/execution_compile_queue.c	compile_atomic_load	function	zr_vm_core/src/zr_vm_core/execution/execution_compile_queue.c:122;zr_vm_core/src/zr_vm_core/execution/execution_compile_queue.c:124;zr_vm_core/src/zr_vm_core/execution/execution_compile_queue.c:244;zr_vm_core/src/zr_vm_core/execution/execution_compile_queue.c:359;zr_vm_core/src/zr_vm_core/execution/execution_compile_queue.c:362;zr_vm_core/src/zr_vm_core/execution/execution_compile_queue.c:409;zr_vm_core/src/zr_vm_core/execution/execution_compile_queue.c:472;zr_vm_core/src/zr_vm_core/execution/execution_compile_queue.c:519;zr_vm_core/src/zr_vm_core/execution/execution_compile_queue.c:522;zr_vm_core/src/zr_vm_core/execution/execution_compile_queue.c:532;zr_vm_core/src/zr_vm_core/execution/execution_compile_queue.c:588;zr_vm_core/src/zr_vm_core/execution/execution_compile_queue.c:637	跨MSVC/GNU读取状态发布；volatile本身不提供同步，使用平台原子操作	仅由所属入口按队列锁/平台原子契约调用；完整错误路径见callerproof	zr_vm_core/src/zr_vm_core/execution/execution_compile_queue.c:19;zr_vm_core/src/zr_vm_core/execution/execution_compile_queue.c:122;zr_vm_core/src/zr_vm_core/execution/execution_compile_queue.c:124;zr_vm_core/src/zr_vm_core/execution/execution_compile_queue.c:244	commented	补充实现层设计原因；API契约集中公开header，普通control归函数
zr_vm_core/src/zr_vm_core/execution/execution_compile_queue.c	compile_atomic_store	function	zr_vm_core/src/zr_vm_core/execution/execution_compile_queue.c:70;zr_vm_core/src/zr_vm_core/execution/execution_compile_queue.c:152;zr_vm_core/src/zr_vm_core/execution/execution_compile_queue.c:169;zr_vm_core/src/zr_vm_core/execution/execution_compile_queue.c:291;zr_vm_core/src/zr_vm_core/execution/execution_compile_queue.c:292;zr_vm_core/src/zr_vm_core/execution/execution_compile_queue.c:363;zr_vm_core/src/zr_vm_core/execution/execution_compile_queue.c:367;zr_vm_core/src/zr_vm_core/execution/execution_compile_queue.c:413;zr_vm_core/src/zr_vm_core/execution/execution_compile_queue.c:414;zr_vm_core/src/zr_vm_core/execution/execution_compile_queue.c:422;zr_vm_core/src/zr_vm_core/execution/execution_compile_queue.c:533;zr_vm_core/src/zr_vm_core/execution/execution_compile_queue.c:549;zr_vm_core/src/zr_vm_core/execution/execution_compile_queue.c:558;zr_vm_core/src/zr_vm_core/execution/execution_compile_queue.c:611;zr_vm_core/src/zr_vm_core/execution/execution_compile_queue.c:612	发布状态/锁标量；GNU release与MSVC interlocked保持字段先于状态可见	仅由所属入口按队列锁/平台原子契约调用；完整错误路径见callerproof	zr_vm_core/src/zr_vm_core/execution/execution_compile_queue.c:29;zr_vm_core/src/zr_vm_core/execution/execution_compile_queue.c:70;zr_vm_core/src/zr_vm_core/execution/execution_compile_queue.c:152;zr_vm_core/src/zr_vm_core/execution/execution_compile_queue.c:169	commented	补充实现层设计原因；API契约集中公开header，普通control归函数
zr_vm_core/src/zr_vm_core/execution/execution_compile_queue.c	compile_atomic_cas	function	zr_vm_core/src/zr_vm_core/execution/execution_compile_queue.c:62	锁争用尝试；失败更新expected供调用者决定是否重试	仅由所属入口按队列锁/平台原子契约调用；完整错误路径见callerproof	zr_vm_core/src/zr_vm_core/execution/execution_compile_queue.c:38;zr_vm_core/src/zr_vm_core/execution/execution_compile_queue.c:62	commented	补充实现层设计原因；API契约集中公开header，普通control归函数
zr_vm_core/src/zr_vm_core/execution/execution_compile_queue.c	compile_lock	function	zr_vm_core/src/zr_vm_core/execution/execution_compile_queue.c:163;zr_vm_core/src/zr_vm_core/execution/execution_compile_queue.c:242;zr_vm_core/src/zr_vm_core/execution/execution_compile_queue.c:356;zr_vm_core/src/zr_vm_core/execution/execution_compile_queue.c:403;zr_vm_core/src/zr_vm_core/execution/execution_compile_queue.c:466;zr_vm_core/src/zr_vm_core/execution/execution_compile_queue.c:513;zr_vm_core/src/zr_vm_core/execution/execution_compile_queue.c:582;zr_vm_core/src/zr_vm_core/execution/execution_compile_queue.c:634;zr_vm_core/src/zr_vm_core/execution/execution_compile_queue.c:656	以原子CAS串行化队列记录转移；忙等无公平性/超时，调用者避免递归持锁	仅由所属入口按队列锁/平台原子契约调用；完整错误路径见callerproof	zr_vm_core/src/zr_vm_core/execution/execution_compile_queue.c:57;zr_vm_core/src/zr_vm_core/execution/execution_compile_queue.c:163;zr_vm_core/src/zr_vm_core/execution/execution_compile_queue.c:242;zr_vm_core/src/zr_vm_core/execution/execution_compile_queue.c:356	commented	补充实现层设计原因；API契约集中公开header，普通control归函数
zr_vm_core/src/zr_vm_core/execution/execution_compile_queue.c	compile_unlock	function	zr_vm_core/src/zr_vm_core/execution/execution_compile_queue.c:177;zr_vm_core/src/zr_vm_core/execution/execution_compile_queue.c:251;zr_vm_core/src/zr_vm_core/execution/execution_compile_queue.c:260;zr_vm_core/src/zr_vm_core/execution/execution_compile_queue.c:272;zr_vm_core/src/zr_vm_core/execution/execution_compile_queue.c:297;zr_vm_core/src/zr_vm_core/execution/execution_compile_queue.c:372;zr_vm_core/src/zr_vm_core/execution/execution_compile_queue.c:380;zr_vm_core/src/zr_vm_core/execution/execution_compile_queue.c:406;zr_vm_core/src/zr_vm_core/execution/execution_compile_queue.c:415;zr_vm_core/src/zr_vm_core/execution/execution_compile_queue.c:423;zr_vm_core/src/zr_vm_core/execution/execution_compile_queue.c:428;zr_vm_core/src/zr_vm_core/execution/execution_compile_queue.c:435;zr_vm_core/src/zr_vm_core/execution/execution_compile_queue.c:469;zr_vm_core/src/zr_vm_core/execution/execution_compile_queue.c:478;zr_vm_core/src/zr_vm_core/execution/execution_compile_queue.c:484;zr_vm_core/src/zr_vm_core/execution/execution_compile_queue.c:516;zr_vm_core/src/zr_vm_core/execution/execution_compile_queue.c:528;zr_vm_core/src/zr_vm_core/execution/execution_compile_queue.c:537;zr_vm_core/src/zr_vm_core/execution/execution_compile_queue.c:554;zr_vm_core/src/zr_vm_core/execution/execution_compile_queue.c:559;zr_vm_core/src/zr_vm_core/execution/execution_compile_queue.c:585;zr_vm_core/src/zr_vm_core/execution/execution_compile_queue.c:596;zr_vm_core/src/zr_vm_core/execution/execution_compile_queue.c:616;zr_vm_core/src/zr_vm_core/execution/execution_compile_queue.c:639;zr_vm_core/src/zr_vm_core/execution/execution_compile_queue.c:662	结束记录临界区，发布锁释放	仅由所属入口按队列锁/平台原子契约调用；完整错误路径见callerproof	zr_vm_core/src/zr_vm_core/execution/execution_compile_queue.c:69;zr_vm_core/src/zr_vm_core/execution/execution_compile_queue.c:177;zr_vm_core/src/zr_vm_core/execution/execution_compile_queue.c:251;zr_vm_core/src/zr_vm_core/execution/execution_compile_queue.c:260	commented	补充实现层设计原因；API契约集中公开header，普通control归函数
zr_vm_core/src/zr_vm_core/execution/execution_compile_queue.c	compile_diag_clear	function	zr_vm_core/src/zr_vm_core/execution/execution_compile_queue.c:139;zr_vm_core/src/zr_vm_core/execution/execution_compile_queue.c:190;zr_vm_core/src/zr_vm_core/execution/execution_compile_queue.c:350;zr_vm_core/src/zr_vm_core/execution/execution_compile_queue.c:391;zr_vm_core/src/zr_vm_core/execution/execution_compile_queue.c:449;zr_vm_core/src/zr_vm_core/execution/execution_compile_queue.c:501;zr_vm_core/src/zr_vm_core/execution/execution_compile_queue.c:570	常规入口清诊断；wrapper早拒绝没有经过此清空	仅由所属入口按队列锁/平台原子契约调用；完整错误路径见callerproof	zr_vm_core/src/zr_vm_core/execution/execution_compile_queue.c:74;zr_vm_core/src/zr_vm_core/execution/execution_compile_queue.c:139;zr_vm_core/src/zr_vm_core/execution/execution_compile_queue.c:190;zr_vm_core/src/zr_vm_core/execution/execution_compile_queue.c:350	commented	补充实现层设计原因；API契约集中公开header，普通control归函数
zr_vm_core/src/zr_vm_core/execution/execution_compile_queue.c	compile_fail	function	zr_vm_core/src/zr_vm_core/execution/execution_compile_queue.c:115;zr_vm_core/src/zr_vm_core/execution/execution_compile_queue.c:123;zr_vm_core/src/zr_vm_core/execution/execution_compile_queue.c:141;zr_vm_core/src/zr_vm_core/execution/execution_compile_queue.c:193;zr_vm_core/src/zr_vm_core/execution/execution_compile_queue.c:202;zr_vm_core/src/zr_vm_core/execution/execution_compile_queue.c:208;zr_vm_core/src/zr_vm_core/execution/execution_compile_queue.c:219;zr_vm_core/src/zr_vm_core/execution/execution_compile_queue.c:225;zr_vm_core/src/zr_vm_core/execution/execution_compile_queue.c:234;zr_vm_core/src/zr_vm_core/execution/execution_compile_queue.c:253;zr_vm_core/src/zr_vm_core/execution/execution_compile_queue.c:262;zr_vm_core/src/zr_vm_core/execution/execution_compile_queue.c:274;zr_vm_core/src/zr_vm_core/execution/execution_compile_queue.c:305;zr_vm_core/src/zr_vm_core/execution/execution_compile_queue.c:310;zr_vm_core/src/zr_vm_core/execution/execution_compile_queue.c:328;zr_vm_core/src/zr_vm_core/execution/execution_compile_queue.c:333;zr_vm_core/src/zr_vm_core/execution/execution_compile_queue.c:352;zr_vm_core/src/zr_vm_core/execution/execution_compile_queue.c:373;zr_vm_core/src/zr_vm_core/execution/execution_compile_queue.c:393;zr_vm_core/src/zr_vm_core/execution/execution_compile_queue.c:399;zr_vm_core/src/zr_vm_core/execution/execution_compile_queue.c:431;zr_vm_core/src/zr_vm_core/execution/execution_compile_queue.c:451;zr_vm_core/src/zr_vm_core/execution/execution_compile_queue.c:456;zr_vm_core/src/zr_vm_core/execution/execution_compile_queue.c:462;zr_vm_core/src/zr_vm_core/execution/execution_compile_queue.c:475;zr_vm_core/src/zr_vm_core/execution/execution_compile_queue.c:503;zr_vm_core/src/zr_vm_core/execution/execution_compile_queue.c:509;zr_vm_core/src/zr_vm_core/execution/execution_compile_queue.c:526;zr_vm_core/src/zr_vm_core/execution/execution_compile_queue.c:534;zr_vm_core/src/zr_vm_core/execution/execution_compile_queue.c:550;zr_vm_core/src/zr_vm_core/execution/execution_compile_queue.c:572;zr_vm_core/src/zr_vm_core/execution/execution_compile_queue.c:578;zr_vm_core/src/zr_vm_core/execution/execution_compile_queue.c:592	集中填写阶段/状态/身份失败诊断；返回false不等于所有调用点都保留原状态	仅由所属入口按队列锁/平台原子契约调用；完整错误路径见callerproof	zr_vm_core/src/zr_vm_core/execution/execution_compile_queue.c:81;zr_vm_core/src/zr_vm_core/execution/execution_compile_queue.c:115;zr_vm_core/src/zr_vm_core/execution/execution_compile_queue.c:123;zr_vm_core/src/zr_vm_core/execution/execution_compile_queue.c:141	commented	补充实现层设计原因；API契约集中公开header，普通control归函数
zr_vm_core/src/zr_vm_core/execution/execution_compile_queue.c	compile_queue_valid	function	zr_vm_core/src/zr_vm_core/execution/execution_compile_queue.c:113;zr_vm_core/src/zr_vm_core/execution/execution_compile_queue.c:191;zr_vm_core/src/zr_vm_core/execution/execution_compile_queue.c:326;zr_vm_core/src/zr_vm_core/execution/execution_compile_queue.c:351;zr_vm_core/src/zr_vm_core/execution/execution_compile_queue.c:398;zr_vm_core/src/zr_vm_core/execution/execution_compile_queue.c:461;zr_vm_core/src/zr_vm_core/execution/execution_compile_queue.c:508;zr_vm_core/src/zr_vm_core/execution/execution_compile_queue.c:577;zr_vm_core/src/zr_vm_core/execution/execution_compile_queue.c:631;zr_vm_core/src/zr_vm_core/execution/execution_compile_queue.c:653	只做records和capacity结构检查，不验证queue存储寿命或是否并发Deinit	仅由所属入口按队列锁/平台原子契约调用；完整错误路径见callerproof	zr_vm_core/src/zr_vm_core/execution/execution_compile_queue.c:100;zr_vm_core/src/zr_vm_core/execution/execution_compile_queue.c:113;zr_vm_core/src/zr_vm_core/execution/execution_compile_queue.c:191;zr_vm_core/src/zr_vm_core/execution/execution_compile_queue.c:326	commented	补充实现层设计原因；API契约集中公开header，普通control归函数
zr_vm_core/src/zr_vm_core/execution/execution_compile_queue.c	compile_record_from_handle_locked	function	zr_vm_core/src/zr_vm_core/execution/execution_compile_queue.c:404;zr_vm_core/src/zr_vm_core/execution/execution_compile_queue.c:467;zr_vm_core/src/zr_vm_core/execution/execution_compile_queue.c:514;zr_vm_core/src/zr_vm_core/execution/execution_compile_queue.c:583;zr_vm_core/src/zr_vm_core/execution/execution_compile_queue.c:635;zr_vm_core/src/zr_vm_core/execution/execution_compile_queue.c:657	锁内联合slot/jobId/state核验，防Release清字段或重用槽产生身份错认	仅由所属入口按队列锁/平台原子契约调用；完整错误路径见callerproof	zr_vm_core/src/zr_vm_core/execution/execution_compile_queue.c:108;zr_vm_core/src/zr_vm_core/execution/execution_compile_queue.c:404;zr_vm_core/src/zr_vm_core/execution/execution_compile_queue.c:467;zr_vm_core/src/zr_vm_core/execution/execution_compile_queue.c:514	commented	补充实现层设计原因；API契约集中公开header，普通control归函数
zr_vm_core/src/zr_vm_core/execution/execution_compile_queue.c	ZrCore_CompileQueue_Init	function	tests/task/test_ssa_async_frame_budget.c:394;tests/task/test_ssa_async_frame_budget.c:452;tests/task/test_ssa_async_frame_budget.c:505;tests/task/test_ssa_async_frame_budget.c:577;tests/task/test_ssa_async_frame_budget.c:580;tests/task/ssa_async_compile_contract_cases.inc:21;tests/task/ssa_async_stale_handle_cases.inc:104	首次/已静止存储初始化；不覆盖尚持有快照的活动队列；失败不修改queue/records	首次/已静止存储初始化；不覆盖尚持有快照的活动队列；失败不修改queue/records	zr_vm_core/src/zr_vm_core/execution/execution_compile_queue.c:131;tests/task/test_ssa_async_frame_budget.c:394;tests/task/test_ssa_async_frame_budget.c:452;tests/task/test_ssa_async_frame_budget.c:505	no-comment	公开声明note集中调用者约束；实现没有额外需要重复的逐句解释
zr_vm_core/src/zr_vm_core/execution/execution_compile_queue.c	ZrCore_CompileQueue_Deinit	function	tests/task/test_ssa_async_frame_budget.c:435;tests/task/test_ssa_async_frame_budget.c:483;tests/task/test_ssa_async_frame_budget.c:554;tests/task/test_ssa_async_frame_budget.c:623;tests/task/test_ssa_async_frame_budget.c:632;tests/task/ssa_async_compile_contract_cases.inc:96;tests/task/ssa_async_stale_handle_cases.inc:184	先结束所有worker/handle/其他调用；释放快照但不释放借用records；不通过Cancel/Complete握手	先结束所有worker/handle/其他调用；释放快照但不释放借用records；不通过Cancel/Complete握手	zr_vm_core/src/zr_vm_core/execution/execution_compile_queue.c:157;tests/task/test_ssa_async_frame_budget.c:435;tests/task/test_ssa_async_frame_budget.c:483;tests/task/test_ssa_async_frame_budget.c:554	no-comment	公开声明note集中调用者约束；实现没有额外需要重复的逐句解释
zr_vm_core/src/zr_vm_core/execution/execution_compile_queue.c	ZrCore_CompileQueue_Queue	function	zr_vm_core/src/zr_vm_core/execution/execution_compile_queue.c:315;zr_vm_core/src/zr_vm_core/execution/execution_compile_queue.c:340;tests/task/test_ssa_async_frame_budget.c:593;tests/task/test_ssa_async_frame_budget.c:600	输出须可写且不覆盖仍需保管的活动handle；源在调用内稳定；失败不发布记录/输出，诊断更新	输出须可写且不覆盖仍需保管的活动handle；源在调用内稳定；失败不发布记录/输出，诊断更新	zr_vm_core/src/zr_vm_core/execution/execution_compile_queue.c:180;zr_vm_core/src/zr_vm_core/execution/execution_compile_queue.c:315;zr_vm_core/src/zr_vm_core/execution/execution_compile_queue.c:340;tests/task/test_ssa_async_frame_budget.c:593	no-comment	公开声明note集中调用者约束；实现没有额外需要重复的逐句解释
zr_vm_core/src/zr_vm_core/execution/execution_compile_queue.c	ZrCore_Execution_QueueCompilation	function	tests/task/test_ssa_async_frame_budget.c:407;tests/task/test_ssa_async_frame_budget.c:463;tests/task/test_ssa_async_frame_budget.c:467;tests/task/test_ssa_async_frame_budget.c:517;tests/task/test_ssa_async_frame_budget.c:608;tests/task/ssa_async_compile_contract_cases.inc:49;tests/task/ssa_async_stale_handle_cases.inc:116;tests/task/ssa_async_stale_handle_cases.inc:130	使用request内queue/outHandle；空request等前置拒绝不先清diagnostic，Queue路径才清	使用request内queue/outHandle；空request等前置拒绝不先清diagnostic，Queue路径才清	zr_vm_core/src/zr_vm_core/execution/execution_compile_queue.c:301;tests/task/test_ssa_async_frame_budget.c:407;tests/task/test_ssa_async_frame_budget.c:463;tests/task/test_ssa_async_frame_budget.c:467	no-comment	公开声明note集中调用者约束；实现没有额外需要重复的逐句解释
zr_vm_core/src/zr_vm_core/execution/execution_compile_queue.c	ZrCore_CompileQueue_QueueWarmup	function	仓内未发现真实调用；全仓当前源码查询见symbol-boundary receipts，不排除仓外ABI消费者	前置失败不先清diagnostic；复制请求加WARMUP，不改变领取优先级；身份必须完全一致	前置失败不先清diagnostic；复制请求加WARMUP，不改变领取优先级；身份必须完全一致	zr_vm_core/src/zr_vm_core/execution/execution_compile_queue.c:319	no-comment	公开声明note集中调用者约束；实现没有额外需要重复的逐句解释
zr_vm_core/src/zr_vm_core/execution/execution_compile_queue.c	ZrCore_CompileQueue_ClaimNext	function	tests/task/test_ssa_async_frame_budget.c:412;tests/task/test_ssa_async_frame_budget.c:520;tests/task/ssa_async_compile_contract_cases.inc:57;tests/task/ssa_async_stale_handle_cases.inc:118;tests/task/ssa_async_stale_handle_cases.inc:148	从最低槽扫描而非FIFO；失败保持outHandle，取消终态仍占槽直到Release	从最低槽扫描而非FIFO；失败保持outHandle，取消终态仍占槽直到Release	zr_vm_core/src/zr_vm_core/execution/execution_compile_queue.c:343;tests/task/test_ssa_async_frame_budget.c:412;tests/task/test_ssa_async_frame_budget.c:520;tests/task/ssa_async_compile_contract_cases.inc:57	no-comment	公开声明note集中调用者约束；实现没有额外需要重复的逐句解释
zr_vm_core/src/zr_vm_core/execution/execution_compile_queue.c	ZrCore_CompileQueue_Cancel	function	tests/task/test_ssa_async_frame_budget.c:72;tests/task/test_ssa_async_frame_budget.c:470;tests/task/test_ssa_async_frame_budget.c:526;tests/task/ssa_async_stale_handle_cases.inc:142;tests/task/ssa_async_stale_handle_cases.inc:156	QUEUED立即CANCELLED；RUNNING只置取消位；CANCELLED/DISCARDED幂等，COMPLETED拒绝；不触发wait/frame取消	QUEUED立即CANCELLED；RUNNING只置取消位；CANCELLED/DISCARDED幂等，COMPLETED拒绝；不触发wait/frame取消	zr_vm_core/src/zr_vm_core/execution/execution_compile_queue.c:384;tests/task/test_ssa_async_frame_budget.c:72;tests/task/test_ssa_async_frame_budget.c:470;tests/task/test_ssa_async_frame_budget.c:526	no-comment	公开声明note集中调用者约束；实现没有额外需要重复的逐句解释
zr_vm_core/src/zr_vm_core/execution/execution_compile_queue.c	ZrCore_CompileQueue_GetSnapshot	function	tests/task/test_ssa_async_frame_budget.c:414;tests/task/test_ssa_async_frame_budget.c:530;tests/task/ssa_async_stale_handle_cases.inc:139;tests/task/ssa_async_stale_handle_cases.inc:150	只QUEUED/RUNNING借用；失败不写两个输出；QUEUED借用须防并发Cancel+Release，worker应先Claim	只QUEUED/RUNNING借用；失败不写两个输出；QUEUED借用须防并发Cancel+Release，worker应先Claim	zr_vm_core/src/zr_vm_core/execution/execution_compile_queue.c:439;tests/task/test_ssa_async_frame_budget.c:414;tests/task/test_ssa_async_frame_budget.c:530;tests/task/ssa_async_stale_handle_cases.inc:139	no-comment	公开声明note集中调用者约束；实现没有额外需要重复的逐句解释
zr_vm_core/src/zr_vm_core/execution/execution_compile_queue.c	ZrCore_CompileQueue_Complete	function	tests/task/test_ssa_async_frame_budget.c:82;tests/task/test_ssa_async_frame_budget.c:418;tests/task/test_ssa_async_frame_budget.c:537;tests/task/ssa_async_compile_contract_cases.inc:59;tests/task/ssa_async_stale_handle_cases.inc:120;tests/task/ssa_async_stale_handle_cases.inc:152;tests/task/ssa_async_stale_handle_cases.inc:160	只有RUNNING可确认；取消/哈希不匹配置DISCARDED仍占槽；成功仅存resultHash而非安装机器码；调用后worker结束借用	只有RUNNING可确认；取消/哈希不匹配置DISCARDED仍占槽；成功仅存resultHash而非安装机器码；调用后worker结束借用	zr_vm_core/src/zr_vm_core/execution/execution_compile_queue.c:488;tests/task/test_ssa_async_frame_budget.c:82;tests/task/test_ssa_async_frame_budget.c:418;tests/task/test_ssa_async_frame_budget.c:537	no-comment	公开声明note集中调用者约束；实现没有额外需要重复的逐句解释
zr_vm_core/src/zr_vm_core/execution/execution_compile_queue.c	ZrCore_CompileQueue_Release	function	tests/task/test_ssa_async_frame_budget.c:98;tests/task/test_ssa_async_frame_budget.c:424;tests/task/test_ssa_async_frame_budget.c:472;tests/task/test_ssa_async_frame_budget.c:528;tests/task/test_ssa_async_frame_budget.c:543;tests/task/ssa_async_compile_contract_cases.inc:79;tests/task/ssa_async_stale_handle_cases.inc:124;tests/task/ssa_async_stale_handle_cases.inc:163;tests/task/ssa_async_stale_handle_cases.inc:170	仅终态回收snapshot并清identity/handle；同一handle对象不可与Release并发；其他handle副本由jobId失效	仅终态回收snapshot并清identity/handle；同一handle对象不可与Release并发；其他handle副本由jobId失效	zr_vm_core/src/zr_vm_core/execution/execution_compile_queue.c:563;tests/task/test_ssa_async_frame_budget.c:98;tests/task/test_ssa_async_frame_budget.c:424;tests/task/test_ssa_async_frame_budget.c:472	no-comment	公开声明note集中调用者约束；实现没有额外需要重复的逐句解释
zr_vm_core/src/zr_vm_core/execution/execution_compile_queue.c	ZrCore_CompileQueue_State	function	tests/task/test_ssa_async_frame_budget.c:70;tests/task/test_ssa_async_frame_budget.c:73;tests/task/test_ssa_async_frame_budget.c:86;tests/task/test_ssa_async_frame_budget.c:423;tests/task/test_ssa_async_frame_budget.c:469;tests/task/test_ssa_async_frame_budget.c:471;tests/task/test_ssa_async_frame_budget.c:522;tests/task/test_ssa_async_frame_budget.c:527;tests/task/test_ssa_async_frame_budget.c:542;tests/task/ssa_async_compile_contract_cases.inc:68;tests/task/ssa_async_compile_contract_cases.inc:73;tests/task/ssa_async_stale_handle_cases.inc:136;tests/task/ssa_async_stale_handle_cases.inc:144;tests/task/ssa_async_stale_handle_cases.inc:154;tests/task/ssa_async_stale_handle_cases.inc:165	不匹配/无效返回FREE，不区分未提交和已过期；queue存储仍须存活	不匹配/无效返回FREE，不区分未提交和已过期；queue存储仍须存活	zr_vm_core/src/zr_vm_core/execution/execution_compile_queue.c:621;tests/task/test_ssa_async_frame_budget.c:70;tests/task/test_ssa_async_frame_budget.c:73;tests/task/test_ssa_async_frame_budget.c:86	no-comment	公开声明note集中调用者约束；实现没有额外需要重复的逐句解释
zr_vm_core/src/zr_vm_core/execution/execution_compile_queue.c	ZrCore_CompileQueue_IsWarmup	function	tests/task/test_ssa_async_frame_budget.c:409;tests/task/ssa_async_stale_handle_cases.inc:137;tests/task/ssa_async_stale_handle_cases.inc:138	匹配记录才读取预热位；标记不是调度优先级；失效返回false	匹配记录才读取预热位；标记不是调度优先级；失效返回false	zr_vm_core/src/zr_vm_core/execution/execution_compile_queue.c:643;tests/task/test_ssa_async_frame_budget.c:409;tests/task/ssa_async_stale_handle_cases.inc:137;tests/task/ssa_async_stale_handle_cases.inc:138	no-comment	公开声明note集中调用者约束；实现没有额外需要重复的逐句解释
zr_vm_core/src/zr_vm_core/execution/execution_compile_queue.c	COMPILE_STAGE	enum	zr_vm_core/src/zr_vm_core/execution/execution_compile_queue.c:194;zr_vm_core/src/zr_vm_core/execution/execution_compile_queue.c:204;zr_vm_core/src/zr_vm_core/execution/execution_compile_queue.c:209;zr_vm_core/src/zr_vm_core/execution/execution_compile_queue.c:220;zr_vm_core/src/zr_vm_core/execution/execution_compile_queue.c:226;zr_vm_core/src/zr_vm_core/execution/execution_compile_queue.c:235;zr_vm_core/src/zr_vm_core/execution/execution_compile_queue.c:254;zr_vm_core/src/zr_vm_core/execution/execution_compile_queue.c:263;zr_vm_core/src/zr_vm_core/execution/execution_compile_queue.c:275;zr_vm_core/src/zr_vm_core/execution/execution_compile_queue.c:306;zr_vm_core/src/zr_vm_core/execution/execution_compile_queue.c:312;zr_vm_core/src/zr_vm_core/execution/execution_compile_queue.c:329;zr_vm_core/src/zr_vm_core/execution/execution_compile_queue.c:335	compile_fail私有阶段编号域	不得与async实现同数字阶段视为同含义	zr_vm_core/src/zr_vm_core/execution/execution_compile_queue.c:12	no-comment	现有职责注释和本次真实消费者契约一致；具体边界见审查记录，无需逐句复述
zr_vm_core/src/zr_vm_core/execution/execution_compile_queue.c	COMPILE_STAGE_VALIDATE	enum-member	zr_vm_core/src/zr_vm_core/execution/execution_compile_queue.c:116;zr_vm_core/src/zr_vm_core/execution/execution_compile_queue.c:124;zr_vm_core/src/zr_vm_core/execution/execution_compile_queue.c:142;zr_vm_core/src/zr_vm_core/execution/execution_compile_queue.c:452;zr_vm_core/src/zr_vm_core/execution/execution_compile_queue.c:457;zr_vm_core/src/zr_vm_core/execution/execution_compile_queue.c:463;zr_vm_core/src/zr_vm_core/execution/execution_compile_queue.c:476	诊断阶段选择：COMPILE_STAGE_VALIDATE	只在compile_fail消费，公开diagnostic.stage是原始编号	zr_vm_core/src/zr_vm_core/execution/execution_compile_queue.c:116;zr_vm_core/src/zr_vm_core/execution/execution_compile_queue.c:124;zr_vm_core/src/zr_vm_core/execution/execution_compile_queue.c:142	no-comment	现有职责注释和本次真实消费者契约一致；具体边界见审查记录，无需逐句复述
zr_vm_core/src/zr_vm_core/execution/execution_compile_queue.c	COMPILE_STAGE_QUEUE	enum-member	zr_vm_core/src/zr_vm_core/execution/execution_compile_queue.c:194;zr_vm_core/src/zr_vm_core/execution/execution_compile_queue.c:204;zr_vm_core/src/zr_vm_core/execution/execution_compile_queue.c:209;zr_vm_core/src/zr_vm_core/execution/execution_compile_queue.c:220;zr_vm_core/src/zr_vm_core/execution/execution_compile_queue.c:226;zr_vm_core/src/zr_vm_core/execution/execution_compile_queue.c:235;zr_vm_core/src/zr_vm_core/execution/execution_compile_queue.c:254;zr_vm_core/src/zr_vm_core/execution/execution_compile_queue.c:263;zr_vm_core/src/zr_vm_core/execution/execution_compile_queue.c:275;zr_vm_core/src/zr_vm_core/execution/execution_compile_queue.c:306;zr_vm_core/src/zr_vm_core/execution/execution_compile_queue.c:312;zr_vm_core/src/zr_vm_core/execution/execution_compile_queue.c:329;zr_vm_core/src/zr_vm_core/execution/execution_compile_queue.c:335	诊断阶段选择：COMPILE_STAGE_QUEUE	只在compile_fail消费，公开diagnostic.stage是原始编号	zr_vm_core/src/zr_vm_core/execution/execution_compile_queue.c:194;zr_vm_core/src/zr_vm_core/execution/execution_compile_queue.c:204;zr_vm_core/src/zr_vm_core/execution/execution_compile_queue.c:209	no-comment	现有职责注释和本次真实消费者契约一致；具体边界见审查记录，无需逐句复述
zr_vm_core/src/zr_vm_core/execution/execution_compile_queue.c	COMPILE_STAGE_CLAIM	enum-member	zr_vm_core/src/zr_vm_core/execution/execution_compile_queue.c:353;zr_vm_core/src/zr_vm_core/execution/execution_compile_queue.c:374;zr_vm_core/src/zr_vm_core/execution/execution_compile_queue.c:394;zr_vm_core/src/zr_vm_core/execution/execution_compile_queue.c:400;zr_vm_core/src/zr_vm_core/execution/execution_compile_queue.c:432	诊断阶段选择：COMPILE_STAGE_CLAIM	只在compile_fail消费，公开diagnostic.stage是原始编号	zr_vm_core/src/zr_vm_core/execution/execution_compile_queue.c:353;zr_vm_core/src/zr_vm_core/execution/execution_compile_queue.c:374;zr_vm_core/src/zr_vm_core/execution/execution_compile_queue.c:394	no-comment	现有职责注释和本次真实消费者契约一致；具体边界见审查记录，无需逐句复述
zr_vm_core/src/zr_vm_core/execution/execution_compile_queue.c	COMPILE_STAGE_COMPLETE	enum-member	zr_vm_core/src/zr_vm_core/execution/execution_compile_queue.c:504;zr_vm_core/src/zr_vm_core/execution/execution_compile_queue.c:510;zr_vm_core/src/zr_vm_core/execution/execution_compile_queue.c:526;zr_vm_core/src/zr_vm_core/execution/execution_compile_queue.c:535;zr_vm_core/src/zr_vm_core/execution/execution_compile_queue.c:550;zr_vm_core/src/zr_vm_core/execution/execution_compile_queue.c:573;zr_vm_core/src/zr_vm_core/execution/execution_compile_queue.c:579;zr_vm_core/src/zr_vm_core/execution/execution_compile_queue.c:593	诊断阶段选择：COMPILE_STAGE_COMPLETE	只在compile_fail消费，公开diagnostic.stage是原始编号	zr_vm_core/src/zr_vm_core/execution/execution_compile_queue.c:504;zr_vm_core/src/zr_vm_core/execution/execution_compile_queue.c:510;zr_vm_core/src/zr_vm_core/execution/execution_compile_queue.c:526	no-comment	现有职责注释和本次真实消费者契约一致；具体边界见审查记录，无需逐句复述
zr_vm_core/src/zr_vm_core/execution/execution_compile_queue.c	ZrCore_CompileQueue_Queue::snapshot-copy	block	zr_vm_core/src/zr_vm_core/execution/execution_compile_queue.c:315;zr_vm_core/src/zr_vm_core/execution/execution_compile_queue.c:340;tests/task/test_ssa_async_frame_budget.c:593;tests/task/test_ssa_async_frame_budget.c:600	先复制后抢锁，避免队列锁覆盖宿主分配；拒绝容量/计数后释放临时副本	输出须可写且不覆盖仍需保管的活动handle；源在调用内稳定；失败不发布记录/输出，诊断更新	zr_vm_core/src/zr_vm_core/execution/execution_compile_queue.c:232;zr_vm_core/src/zr_vm_core/execution/execution_compile_queue.c:315;zr_vm_core/src/zr_vm_core/execution/execution_compile_queue.c:340	commented	独立记录非显然顺序/借用/非FIFO设计原因；普通guards/loops仍归函数
zr_vm_core/src/zr_vm_core/execution/execution_compile_queue.c	ZrCore_CompileQueue_Queue::record-publication	block	zr_vm_core/src/zr_vm_core/execution/execution_compile_queue.c:315;zr_vm_core/src/zr_vm_core/execution/execution_compile_queue.c:340;tests/task/test_ssa_async_frame_budget.c:593;tests/task/test_ssa_async_frame_budget.c:600	锁内先发布契约字段、最后QUEUED与handle；失败校验在发布前，jobId耗尽不回绕	输出须可写且不覆盖仍需保管的活动handle；源在调用内稳定；失败不发布记录/输出，诊断更新	zr_vm_core/src/zr_vm_core/execution/execution_compile_queue.c:280;zr_vm_core/src/zr_vm_core/execution/execution_compile_queue.c:315;zr_vm_core/src/zr_vm_core/execution/execution_compile_queue.c:340	commented	独立记录非显然顺序/借用/非FIFO设计原因；普通guards/loops仍归函数
zr_vm_core/src/zr_vm_core/execution/execution_compile_queue.c	ZrCore_CompileQueue_ClaimNext::index-scan	block	tests/task/test_ssa_async_frame_budget.c:412;tests/task/test_ssa_async_frame_budget.c:520;tests/task/ssa_async_compile_contract_cases.inc:57;tests/task/ssa_async_stale_handle_cases.inc:118;tests/task/ssa_async_stale_handle_cases.inc:148	按索引领取首个QUEUED，终态仍占槽；不是FIFO或warmup优先队列	从最低槽扫描而非FIFO；失败保持outHandle，取消终态仍占槽直到Release	zr_vm_core/src/zr_vm_core/execution/execution_compile_queue.c:358;tests/task/test_ssa_async_frame_budget.c:412;tests/task/test_ssa_async_frame_budget.c:520	commented	独立记录非显然顺序/借用/非FIFO设计原因；普通guards/loops仍归函数
zr_vm_core/src/zr_vm_core/execution/execution_compile_queue.c	ZrCore_CompileQueue_Cancel::running-lease	block	tests/task/test_ssa_async_frame_budget.c:72;tests/task/test_ssa_async_frame_budget.c:470;tests/task/test_ssa_async_frame_budget.c:526;tests/task/ssa_async_stale_handle_cases.inc:142;tests/task/ssa_async_stale_handle_cases.inc:156	RUNNING取消只请求，保留worker读快照到Complete握手	QUEUED立即CANCELLED；RUNNING只置取消位；CANCELLED/DISCARDED幂等，COMPLETED拒绝；不触发wait/frame取消	zr_vm_core/src/zr_vm_core/execution/execution_compile_queue.c:418;tests/task/test_ssa_async_frame_budget.c:72;tests/task/test_ssa_async_frame_budget.c:470	commented	独立记录非显然顺序/借用/非FIFO设计原因；普通guards/loops仍归函数
zr_vm_core/src/zr_vm_core/execution/execution_compile_queue.c	ZrCore_CompileQueue_GetSnapshot::borrow-publication	block	tests/task/test_ssa_async_frame_budget.c:414;tests/task/test_ssa_async_frame_budget.c:530;tests/task/ssa_async_stale_handle_cases.inc:139;tests/task/ssa_async_stale_handle_cases.inc:150	锁保证取址时身份一致，不延长解锁后的字节寿命；QUEUED借用另需外部排除取消释放	只QUEUED/RUNNING借用；失败不写两个输出；QUEUED借用须防并发Cancel+Release，worker应先Claim	zr_vm_core/src/zr_vm_core/execution/execution_compile_queue.c:482;tests/task/test_ssa_async_frame_budget.c:414;tests/task/test_ssa_async_frame_budget.c:530	commented	独立记录非显然顺序/借用/非FIFO设计原因；普通guards/loops仍归函数
zr_vm_core/src/zr_vm_core/execution/execution_compile_queue.c	ZrCore_CompileQueue_Complete::terminal-discard	block	tests/task/test_ssa_async_frame_budget.c:82;tests/task/test_ssa_async_frame_budget.c:418;tests/task/test_ssa_async_frame_budget.c:537;tests/task/ssa_async_compile_contract_cases.inc:59;tests/task/ssa_async_stale_handle_cases.inc:120;tests/task/ssa_async_stale_handle_cases.inc:152;tests/task/ssa_async_stale_handle_cases.inc:160	Complete结束worker借用；取消或契约失配false但转终态，仍待Release	只有RUNNING可确认；取消/哈希不匹配置DISCARDED仍占槽；成功仅存resultHash而非安装机器码；调用后worker结束借用	zr_vm_core/src/zr_vm_core/execution/execution_compile_queue.c:532;tests/task/test_ssa_async_frame_budget.c:82;tests/task/test_ssa_async_frame_budget.c:418	commented	独立记录非显然顺序/借用/非FIFO设计原因；普通guards/loops仍归函数
zr_vm_core/src/zr_vm_core/execution/execution_compile_queue.c	ZrCore_CompileQueue_Release::clear-and-free	block	tests/task/test_ssa_async_frame_budget.c:98;tests/task/test_ssa_async_frame_budget.c:424;tests/task/test_ssa_async_frame_budget.c:472;tests/task/test_ssa_async_frame_budget.c:528;tests/task/test_ssa_async_frame_budget.c:543;tests/task/ssa_async_compile_contract_cases.inc:79;tests/task/ssa_async_stale_handle_cases.inc:124;tests/task/ssa_async_stale_handle_cases.inc:163;tests/task/ssa_async_stale_handle_cases.inc:170	先释放快照清身份再FREE，锁保护重用；清本handle不写其他副本	仅终态回收snapshot并清identity/handle；同一handle对象不可与Release并发；其他handle副本由jobId失效	zr_vm_core/src/zr_vm_core/execution/execution_compile_queue.c:600;tests/task/test_ssa_async_frame_budget.c:98;tests/task/test_ssa_async_frame_budget.c:424	commented	独立记录非显然顺序/借用/非FIFO设计原因；普通guards/loops仍归函数
zr_vm_core/src/zr_vm_core/execution/execution_compile_queue.c	platform atomic include	include-block	zr_vm_core/src/zr_vm_core/execution/execution_compile_queue.c:21	MSVC分支提供Interlocked原子操作声明	GNU分支使用compiler builtins；平台选择不是不同作业状态机	zr_vm_core/src/zr_vm_core/execution/execution_compile_queue.c:8	no-comment	直接平台guard/include与完整atomic函数阅读已清楚，无需重复注释
