file	unit	kind	callers	intent	constraints	evidence	decision	reason
zr_vm_core/include/zr_vm_core/execution_backend.h	ZrCore_ExecutionBackend_DiagnosticClear	declaration	仓内未发现调用；当前首方 C/C++/headers/inc/Rust/scripts/CMake/TS/JS 全符号正搜索，声明和定义分开；仓外 ABI 未知	清除可选的标量诊断，供宿主复用输出存储；空指针可直接传入。	仅清零传入可选诊断；不访问服务、租约或 worker，允许 NULL。	zr_vm_core/include/zr_vm_core/execution_backend.h:484	commented	公开或内部契约按当前实现核对；仓内无正上游不判死代码，不授外部集成信用。
zr_vm_core/include/zr_vm_core/execution_backend.h	ZrCore_ExecutionBackend_GenerationKeyIsValid	declaration	仓内未发现调用；当前首方 C/C++/headers/inc/Rust/scripts/CMake/TS/JS 全符号正搜索，声明和定义分开；仓外 ABI 未知	检查可用于精确失效的完整四元键；请求选择后端前允许的零注册身份不属于完整键。	key 必须非空且域、模块、代次、注册身份均非零；不查注册表存活。	zr_vm_core/include/zr_vm_core/execution_backend.h:488	commented	公开或内部契约按当前实现核对；仓内无正上游不判死代码，不授外部集成信用。
zr_vm_core/include/zr_vm_core/execution_backend.h	ZrCore_ExecutionBackend_GenerationKeyEqual	declaration	仓内未发现调用；当前首方 C/C++/headers/inc/Rust/scripts/CMake/TS/JS 全符号正搜索，声明和定义分开；仓外 ABI 未知	比较域、模块、代次和注册身份；相等只表示标量相等，不证明键有效。	两指针都非空才比较四元值；两个无效零键仍可相等，不代表键有效。	zr_vm_core/include/zr_vm_core/execution_backend.h:492	commented	公开或内部契约按当前实现核对；仓内无正上游不判死代码，不授外部集成信用。
zr_vm_core/include/zr_vm_core/execution_backend.h	ZrCore_ExecutionBackend_StatusName	declaration	仓内未发现调用；当前首方 C/C++/headers/inc/Rust/scripts/CMake/TS/JS 全符号正搜索，声明和定义分开；仓外 ABI 未知	取得静态状态名称用于诊断展示；未知值和 COUNT 返回统一错误名称，调用方不释放返回字符串。	枚举范围外及 COUNT 返回静态 backend-error；返回字符串不需要释放。	zr_vm_core/include/zr_vm_core/execution_backend.h:497	commented	公开或内部契约按当前实现核对；仓内无正上游不判死代码，不授外部集成信用。
zr_vm_core/include/zr_vm_core/execution_backend.h	ZrCore_ExecutionBackendService_Init	declaration	tests/core/test_ssa_backend_service.c:334;tests/core/test_ssa_backend_service.c:438;tests/core/test_ssa_backend_service.c:517;tests/core/test_ssa_backend_service.c:542;tests/core/test_ssa_backend_service.c:602;tests/core/test_ssa_backend_service.c:676;tests/core/test_ssa_backend_service.c:715;tests/core/test_ssa_backend_service.c:793	绑定宿主提供的定长注册、作业和代码数组，并清零其内容。; @pre 数组及 service 必须为独立、足够大且可写的存储，覆盖最终关闭与 Deinit；初始化和重初始化由宿主独占执行。; @note 不分配内存、不创建 worker；serviceIdentity 应区分仍可能返回的旧 ticket。resumeUserData 由宿主维持寿命。	宿主独占初始化；service 与三数组须独立、可写、足量且覆盖最终关闭，serviceIdentity 非零；不创建 worker。	zr_vm_core/include/zr_vm_core/execution_backend.h:505;tests/core/test_ssa_backend_service.c:334;tests/core/test_ssa_backend_service.c:438	commented	私有候选意图注释，尚未应用；真实调用已逐类读取。
zr_vm_core/include/zr_vm_core/execution_backend.h	ZrCore_ExecutionBackendService_Deinit	declaration	仓内未发现调用；当前首方 C/C++/headers/inc/Rust/scripts/CMake/TS/JS 全符号正搜索，声明和定义分开；仓外 ABI 未知	在 FinalizeShutdown 已标记 destroyed 后撤销服务的借用指针；未完成关闭时保持原状。; @pre 宿主已停止并发访问，并先解绑默认 facade；本函数不释放数组，也不等待 worker。	只有 destroyed 才撤销借用数组；宿主停止并发并解绑默认指针，不释放数组或等待 worker。	zr_vm_core/include/zr_vm_core/execution_backend.h:520	commented	公开或内部契约按当前实现核对；仓内无正上游不判死代码，不授外部集成信用。
zr_vm_core/include/zr_vm_core/execution_backend.h	ZrCore_ExecutionBackendService_Register	declaration	tests/core/test_ssa_backend_service.c:339;tests/core/test_ssa_backend_service.c:443;tests/core/test_ssa_backend_service.c:522;tests/core/test_ssa_backend_service.c:547;tests/core/test_ssa_backend_service.c:607;tests/core/test_ssa_backend_service.c:681;tests/core/test_ssa_backend_service.c:720;tests/core/test_ssa_backend_service.c:798;zr_vm_core/src/zr_vm_core/execution/execution_backend.c:1669	复制进程内后端描述符，分配单调注册身份供请求选择与精确失效。; @note userData 不被深拷贝；后端必须保持回调和上下文有效，直到 Unregister 或 FinalizeShutdown 调用 destroy。注册成功不代表机器码可用。	描述符须通过版本、目标、已知位及必需回调验证；关闭阶段拒绝，重复目标三 hash 拒绝；userData 不深复制。	zr_vm_core/include/zr_vm_core/execution_backend.h:525;tests/core/test_ssa_backend_service.c:339;tests/core/test_ssa_backend_service.c:443	commented	私有候选意图注释，尚未应用；真实调用已逐类读取。
zr_vm_core/include/zr_vm_core/execution_backend.h	ZrCore_ExecutionBackendService_Unregister	declaration	仓内未发现调用；当前首方 C/C++/headers/inc/Rust/scripts/CMake/TS/JS 全符号正搜索，声明和定义分开；仓外 ABI 未知	在没有引用作业、代码记录或在途回调时撤销注册，并在服务锁外调用 destroy。; @return IN_FLIGHT 或 ACTIVE_LEASE 表示仍需先排空相关状态；失败时保留注册。	须无引用作业、任何非 FREE 代码及在途回调才撤注册；destroy 在锁外调用，拒绝时保留 owner。	zr_vm_core/include/zr_vm_core/execution_backend.h:533	commented	公开或内部契约按当前实现核对；仓内无正上游不判死代码，不授外部集成信用。
zr_vm_core/include/zr_vm_core/execution_backend.h	ZrCore_ExecutionBackendService_CompileAsync	declaration	tests/core/test_ssa_backend_service.c:344;tests/core/test_ssa_backend_service.c:447;tests/core/test_ssa_backend_service.c:526;tests/core/test_ssa_backend_service.c:551;tests/core/test_ssa_backend_service.c:611;tests/core/test_ssa_backend_service.c:626;tests/core/test_ssa_backend_service.c:687;tests/core/test_ssa_backend_service.c:724;tests/core/test_ssa_backend_service.c:740;tests/core/test_ssa_backend_service.c:748;tests/core/test_ssa_backend_service.c:756;tests/core/test_ssa_backend_service.c:762;tests/core/test_ssa_backend_service.c:803;tests/core/test_ssa_backend_service.c:816;zr_vm_core/src/zr_vm_core/execution/execution_backend.c:1680	校验标量不可变请求、选择后端并复制入队；在调用线程上于锁外查询目标能力。; @return PENDING 表示接纳，不表示编译完成；fallback ticket 没有可查询作业身份，diagnostic.status 保留回退原因。; @note 不启动 worker；宿主随后驱动 ProcessNext。查询回调仍可能耗时，不能据此推导实时无阻塞保证。	不可变位、标量键/契约/hash 自洽才入队；目标查询在提交线程执行，QUEUED 在其返回前可见；fallback 无作业身份。	zr_vm_core/include/zr_vm_core/execution_backend.h:541;tests/core/test_ssa_backend_service.c:344;tests/core/test_ssa_backend_service.c:447	commented	私有候选意图注释，尚未应用；真实调用已逐类读取。
zr_vm_core/include/zr_vm_core/execution_backend.h	ZrCore_ExecutionBackendService_ProcessNext	declaration	tests/core/test_ssa_backend_service.c:355;tests/core/test_ssa_backend_service.c:450;tests/core/test_ssa_backend_service.c:529;tests/core/test_ssa_backend_service.c:554;tests/core/test_ssa_backend_service.c:614;tests/core/test_ssa_backend_service.c:629;tests/core/test_ssa_backend_service.c:727;tests/core/test_ssa_backend_service.c:806;tests/core/test_ssa_backend_service.c:819	由宿主调度器取首个排队作业，标为 COMPILING 后在锁外派发编译回调。; @note 同步 OK 走 Complete；PENDING 的后端随后提交完成结果。服务不保存 invocation 指针，异步后端须自行复制所需内容。	只取得 QUEUED；锁外调用已复制 invocation，异步后端须复制其内容；PENDING 不保证当前作业仍 COMPILING。	zr_vm_core/include/zr_vm_core/execution_backend.h:549;tests/core/test_ssa_backend_service.c:355;tests/core/test_ssa_backend_service.c:450	commented	私有候选意图注释，尚未应用；真实调用已逐类读取。
zr_vm_core/include/zr_vm_core/execution_backend.h	ZrCore_ExecutionBackendService_Complete	declaration	tests/core/test_ssa_backend_service.c:365;tests/core/test_ssa_backend_service.c:619;tests/core/test_ssa_backend_service.c:634;tests/core/test_ssa_backend_service.c:735;tests/core/test_ssa_backend_service.c:810;tests/core/test_ssa_backend_service.c:823;zr_vm_core/src/zr_vm_core/execution/execution_backend.c:852	接收 worker 产物并校验完整代次、执行契约、输入 hash 与图声明，建立尚未发布的 READY 记录。; @note 被取消、失配或重复身份的结果走后端清理；过期 ticket 仅在仍能找到注册时尝试清理。失败后通过 QueryTicket 读取实际作业状态，不能仅依赖传入 ticket.state。	只接纳仍 COMPILING 且未取消/关闭的匹配产物；所有拒收清理依赖活跃注册，解锁至清理计数交接仍待核实。	zr_vm_core/include/zr_vm_core/execution_backend.h:555;tests/core/test_ssa_backend_service.c:365;tests/core/test_ssa_backend_service.c:619	commented	私有候选意图注释，尚未应用；真实调用已逐类读取。
zr_vm_core/include/zr_vm_core/execution_backend.h	ZrCore_ExecutionBackendService_Publish	declaration	tests/core/test_ssa_backend_service.c:372;tests/core/test_ssa_backend_service.c:452;tests/core/test_ssa_backend_service.c:556;tests/core/test_ssa_backend_service.c:622;tests/core/test_ssa_backend_service.c:813;tests/core/test_ssa_backend_service.c:826	显式允许 READY 代码被 AcquireCode 取得，同时退休同一完整代次和 targetToken 的旧发布记录。; @note 旧记录仍由已有租约保活；这里只检查已接收的图注册声明，不执行代码或注册平台 GC 图。	作业和代码均 READY、图声明已接收且未关闭才发布；仅退休同 targetToken 和完整键的旧记录，已有租约继续有效。	zr_vm_core/include/zr_vm_core/execution_backend.h:563;tests/core/test_ssa_backend_service.c:372;tests/core/test_ssa_backend_service.c:452	commented	私有候选意图注释，尚未应用；真实调用已逐类读取。
zr_vm_core/include/zr_vm_core/execution_backend.h	ZrCore_ExecutionBackendService_QueryTicket	declaration	tests/core/test_ssa_backend_service.c:349;tests/core/test_ssa_backend_service.c:358;tests/core/test_ssa_backend_service.c:368;tests/core/test_ssa_backend_service.c:374	在锁内复制当前作业状态快照，供宿主观察排队、编译、完成和发布。; @note 失败或取消槽可被下一请求复用；旧 ticket 随后返回 STALE_TICKET。快照本身不持有代码租约。	须服务身份、ticketId 和四元键匹配存活槽；输出为锁内快照，无租约；terminal 槽复用后旧票据失效。	zr_vm_core/include/zr_vm_core/execution_backend.h:570;tests/core/test_ssa_backend_service.c:349;tests/core/test_ssa_backend_service.c:358	commented	私有候选意图注释，尚未应用；真实调用已逐类读取。
zr_vm_core/include/zr_vm_core/execution_backend.h	ZrCore_ExecutionBackendService_Cancel	declaration	仓内未发现调用；当前首方 C/C++/headers/inc/Rust/scripts/CMake/TS/JS 全符号正搜索，声明和定义分开；仓外 ABI 未知	取消排队作业或向编译中后端发送取消请求；READY 和 PUBLISHED 不接受此入口。; @note 后端返回 PENDING 或失败时作业可能仍在编译，cancelRequested 保留；迟到产物仍须通过 Complete 交回清理。	仅 QUEUED/COMPILING 或已 CANCELLED 接受；READY/PUBLISHED 拒绝；后端取消失败或 PENDING 保留取消意图，不等待 worker。	zr_vm_core/include/zr_vm_core/execution_backend.h:578	commented	公开或内部契约按当前实现核对；仓内无正上游不判死代码，不授外部集成信用。
zr_vm_core/include/zr_vm_core/execution_backend.h	ZrCore_ExecutionBackendService_InvalidateGeneration	declaration	tests/core/test_ssa_backend_service.c:386;tests/core/test_ssa_backend_service.c:483;tests/core/test_ssa_backend_service.c:561;tests/core/test_ssa_backend_service.c:642;tests/core/test_ssa_backend_service.c:729;tests/core/test_ssa_backend_service.c:828;zr_vm_core/src/zr_vm_core/execution/execution_backend.c:1691	记录完整四元键的失效墓碑，取消匹配作业并退休匹配代码，阻止之后同键入队。; @return OK 表示墓碑及状态标记已处理，不表示异步取消、租约释放或代码回收已完成；墓碑容量耗尽则不新增失效键。	须完整四元非零键；先录有限墓碑，满时不改变匹配作业/代码；OK 不保证取消完成或租约回收。	zr_vm_core/include/zr_vm_core/execution_backend.h:585;tests/core/test_ssa_backend_service.c:386;tests/core/test_ssa_backend_service.c:483	commented	私有候选意图注释，尚未应用；真实调用已逐类读取。
zr_vm_core/include/zr_vm_core/execution_backend.h	ZrCore_ExecutionBackendService_AcquireCode	declaration	tests/core/test_ssa_backend_service.c:379;tests/core/test_ssa_backend_service.c:454;tests/core/test_ssa_backend_service.c:558;tests/core/test_ssa_backend_service.c:831	从当前 PUBLISHED 作业取得执行租约，并写入带服务、槽位、代码身份和完整键的句柄。; @pre 输出句柄不得覆盖尚未归还的租约；复制句柄不增加计数，不应作为独立租约重复归还。	仅当前 PUBLISHED 作业及代码可新增执行租约；输出先清零，不能覆盖未归还句柄；计数溢出拒绝。	zr_vm_core/include/zr_vm_core/execution_backend.h:592;tests/core/test_ssa_backend_service.c:379;tests/core/test_ssa_backend_service.c:454	commented	私有候选意图注释，尚未应用；真实调用已逐类读取。
zr_vm_core/include/zr_vm_core/execution_backend.h	ZrCore_ExecutionBackendService_AcquireDependencyLease	declaration	tests/core/test_ssa_backend_service.c:457;tests/core/test_ssa_backend_service.c:667	在已持有执行租约的句柄上追加一次依赖租约，保留图与相关后端资源。; @note 同一句柄只能追加一次；退休记录上的现有执行租约仍可使用此入口。	须有效执行句柄且该句柄未持依赖租约；退休记录不被额外拒绝；依赖计数满则不取得。	zr_vm_core/include/zr_vm_core/execution_backend.h:600;tests/core/test_ssa_backend_service.c:457;tests/core/test_ssa_backend_service.c:667	commented	私有候选意图注释，尚未应用；真实调用已逐类读取。
zr_vm_core/include/zr_vm_core/execution_backend.h	ZrCore_ExecutionBackendService_ReleaseDependencyLease	declaration	tests/core/test_ssa_backend_service.c:477;tests/core/test_ssa_backend_service.c:670	归还该句柄的依赖租约，保留执行租约供后续 ReleaseCode。; @note 不直接回收代码；无依赖租约时返回 INVALID_STATE。	须有效执行句柄、dependencyLeased 和记录依赖计数均有效；只减一次依赖计数，不回收代码。	zr_vm_core/include/zr_vm_core/execution_backend.h:607;tests/core/test_ssa_backend_service.c:477;tests/core/test_ssa_backend_service.c:670	commented	私有候选意图注释，尚未应用；真实调用已逐类读取。
zr_vm_core/include/zr_vm_core/execution_backend.h	ZrCore_ExecutionBackendService_ReleaseCode	declaration	tests/core/test_ssa_backend_service.c:394;tests/core/test_ssa_backend_service.c:474;tests/core/test_ssa_backend_service.c:480;tests/core/test_ssa_backend_service.c:569;tests/core/test_ssa_backend_service.c:673;tests/core/test_ssa_backend_service.c:834	归还执行租约并清零句柄；代码退休和回收由失效及 CollectRetired 分别驱动。; @note 记录上任何依赖租约尚存时均返回 ACTIVE_LEASE，包括其他句柄持有的依赖租约。	须有效执行句柄且整个记录依赖计数为零；成功清零句柄，释放不代替退休/Collect。	zr_vm_core/include/zr_vm_core/execution_backend.h:614;tests/core/test_ssa_backend_service.c:394;tests/core/test_ssa_backend_service.c:474	commented	私有候选意图注释，尚未应用；真实调用已逐类读取。
zr_vm_core/include/zr_vm_core/execution_backend.h	ZrCore_ExecutionBackendService_QueryCode	declaration	tests/core/test_ssa_backend_service.c:382;tests/core/test_ssa_backend_service.c:460	在执行租约有效时复制代码状态和两类计数，供宿主观察退休延迟。; @note 快照不新增租约，也不包含可执行地址。	须有效执行租约身份；输出 info/state/两计数只是观察快照，不新增任何租约。	zr_vm_core/include/zr_vm_core/execution_backend.h:621;tests/core/test_ssa_backend_service.c:382;tests/core/test_ssa_backend_service.c:460	commented	私有候选意图注释，尚未应用；真实调用已逐类读取。
zr_vm_core/include/zr_vm_core/execution_backend.h	ZrCore_ExecutionBackendService_LookupEntry	declaration	tests/core/test_ssa_backend_service.c:470	凭有效执行租约在锁外向注册后端查询非零入口地址。; @pre 在使用返回地址的整个期间保留该租约；查询回调的计数只覆盖回调，不代替执行租约。; @note 服务不验证地址对应的机器码或调用 ABI；缺回调和零地址分别拒绝。	须有效执行句柄和活跃 owner 且回调存在；成功入口非零；使用地址期间宿主保留执行租约，服务不核机器码 ABI。	zr_vm_core/include/zr_vm_core/execution_backend.h:630;tests/core/test_ssa_backend_service.c:470	commented	私有候选意图注释，尚未应用；真实调用已逐类读取。
zr_vm_core/include/zr_vm_core/execution_backend.h	ZrCore_ExecutionBackendService_QueryMap	declaration	tests/core/test_ssa_backend_service.c:465	凭有效执行租约查询已声明注册的图 hash；无查询回调时读取记录中的标量 hash。; @note 非零 hash 不证明 GC、unwind 或 deopt 图内容正确，也不返回图的存储指针。	kind 合法且对应注册位已声明；有效执行句柄保活，查询回调可缺省而用记录 hash；返回非零 hash 不验证图内容。	zr_vm_core/include/zr_vm_core/execution_backend.h:638;tests/core/test_ssa_backend_service.c:465	commented	私有候选意图注释，尚未应用；真实调用已逐类读取。
zr_vm_core/include/zr_vm_core/execution_backend.h	ZrCore_ExecutionBackendService_CollectRetired	declaration	tests/core/test_ssa_backend_service.c:390;tests/core/test_ssa_backend_service.c:396;tests/core/test_ssa_backend_service.c:487;tests/core/test_ssa_backend_service.c:573;zr_vm_core/src/zr_vm_core/execution/execution_backend.c:1518	扫描退休或回收失败记录，在两类租约均归零后于锁外撤图，再退休代码。; @note 活跃租约被跳过；其他失败保留 RETIRE_FAILED 与图撤销进度以便重试，outCollected 可包含失败前已成功回收的数量。	只回收 RETIRED/RETIRE_FAILED 且双计数为零的槽；撤图成功才退休；部分成功数量保留，其他失败停止本次扫描。	zr_vm_core/include/zr_vm_core/execution_backend.h:647;tests/core/test_ssa_backend_service.c:390;tests/core/test_ssa_backend_service.c:396	commented	私有候选意图注释，尚未应用；真实调用已逐类读取。
zr_vm_core/include/zr_vm_core/execution_backend.h	ZrCore_ExecutionBackendService_Shutdown	declaration	tests/core/test_ssa_backend_service.c:409;tests/core/test_ssa_backend_service.c:491;tests/core/test_ssa_backend_service.c:531;tests/core/test_ssa_backend_service.c:564;tests/core/test_ssa_backend_service.c:645;tests/core/test_ssa_backend_service.c:692;tests/core/test_ssa_backend_service.c:766;tests/core/test_ssa_backend_service.c:837	停止新注册和入队，取消排队作业、请求编译取消并退休代码。; @return IN_FLIGHT 时保持关闭阶段，待 worker 或回调结束后重试；OK 仍可能有活跃代码租约，需要归还后 FinalizeShutdown。	设置关闭阶段并退休代码；异步取消/在途回调未排空返回 IN_FLIGHT；OK 仍可有活跃租约，不释放数组。	zr_vm_core/include/zr_vm_core/execution_backend.h:654;tests/core/test_ssa_backend_service.c:409;tests/core/test_ssa_backend_service.c:491	commented	私有候选意图注释，尚未应用；真实调用已逐类读取。
zr_vm_core/include/zr_vm_core/execution_backend.h	ZrCore_ExecutionBackendService_FinalizeShutdown	declaration	tests/core/test_ssa_backend_service.c:411;tests/core/test_ssa_backend_service.c:493;tests/core/test_ssa_backend_service.c:534;tests/core/test_ssa_backend_service.c:566;tests/core/test_ssa_backend_service.c:577;tests/core/test_ssa_backend_service.c:647;tests/core/test_ssa_backend_service.c:694;tests/core/test_ssa_backend_service.c:768;tests/core/test_ssa_backend_service.c:839	在关闭阶段排空回调及编译、回收代码，随后在锁外销毁各注册并标记 destroyed。; @note ACTIVE_LEASE 或 RETIRE_FAILED 保留后端清理入口供重试；成功不释放宿主数组，最后由宿主 Deinit。	必须已关闭且无 COMPILING/在途回调；全部代码回收后才 destroy 注册；资源失败可重试，成功仅标 destroyed。	zr_vm_core/include/zr_vm_core/execution_backend.h:660;tests/core/test_ssa_backend_service.c:411;tests/core/test_ssa_backend_service.c:493	commented	私有候选意图注释，尚未应用；真实调用已逐类读取。
zr_vm_core/include/zr_vm_core/execution_backend.h	ZrCore_ExecutionBackendService_ResumeInterpreter	declaration	tests/core/test_ssa_backend_service.c:405;zr_vm_core/src/zr_vm_core/execution/execution_backend.c:1700	将借用的恢复请求在锁外转交宿主提供的解释器回调，并把未定位的失败补为 materialization 诊断。; @note 本层只调度，不检查状态图或重建 VM 帧；回调未安装则返回 unsupported。宿主须保持请求及恢复上下文有效。	request 非空且恢复回调已安装、回调计数未满；不校验请求正文，不检查 shuttingDown/destroyed，关闭时序保留 TODO。	zr_vm_core/include/zr_vm_core/execution_backend.h:666;tests/core/test_ssa_backend_service.c:405;zr_vm_core/src/zr_vm_core/execution/execution_backend.c:1700	commented	私有候选意图注释，尚未应用；真实调用已逐类读取。
zr_vm_core/include/zr_vm_core/execution_backend.h	ZrCore_ExecutionBackend_SetDefaultService	declaration	仓内未发现调用；当前首方 C/C++/headers/inc/Rust/scripts/CMake/TS/JS 全符号正搜索，声明和定义分开；仓外 ABI 未知	设置或清空进程内默认服务的借用指针，供短接口派发。; @pre 宿主协调替换、关闭和释放；默认锁只保护指针读写，不延长 service 寿命。	非 NULL 服务须基本形状有效；默认锁只保护指针读写，宿主协调替换和释放；设置不获得租约。	zr_vm_core/include/zr_vm_core/execution_backend.h:677	commented	公开或内部契约按当前实现核对；仓内无正上游不判死代码，不授外部集成信用。
zr_vm_core/include/zr_vm_core/execution_backend.h	ZrCore_ExecutionBackend_Register	declaration	仓内未发现调用；当前首方 C/C++/headers/inc/Rust/scripts/CMake/TS/JS 全符号正搜索，声明和定义分开；仓外 ABI 未知	向默认服务注册描述符，以 bool 隐去详细状态；需要失败原因时使用显式 service API。	默认指针由宿主保活；仅显式 Register 返回 OK 才为 true，详细诊断被丢弃。	zr_vm_core/include/zr_vm_core/execution_backend.h:681	commented	公开或内部契约按当前实现核对；仓内无正上游不判死代码，不授外部集成信用。
zr_vm_core/include/zr_vm_core/execution_backend.h	ZrCore_ExecutionBackend_CompileAsync	declaration	仓内未发现调用；当前首方 C/C++/headers/inc/Rust/scripts/CMake/TS/JS 全符号正搜索，声明和定义分开；仓外 ABI 未知	向默认服务提交请求；PENDING、ExecBC 或 AOT 回退均返回 true，须继续查看 ticket 而非认为机器码已生成。	默认服务须存活；PENDING 和两类 fallback 均为 true，布尔结果不表示编译完成。	zr_vm_core/include/zr_vm_core/execution_backend.h:685	commented	公开或内部契约按当前实现核对；仓内无正上游不判死代码，不授外部集成信用。
zr_vm_core/include/zr_vm_core/execution_backend.h	ZrCore_ExecutionBackend_InvalidateGeneration	declaration	仓内未发现调用；当前首方 C/C++/headers/inc/Rust/scripts/CMake/TS/JS 全符号正搜索，声明和定义分开；仓外 ABI 未知	向默认服务发起精确键失效，以 bool 返回处理状态；不会等待租约回收。	借用默认服务转交完整键，只有失效入口 OK 为 true；不等待取消或回收。	zr_vm_core/include/zr_vm_core/execution_backend.h:690	commented	公开或内部契约按当前实现核对；仓内无正上游不判死代码，不授外部集成信用。
zr_vm_core/include/zr_vm_core/execution_backend.h	ZrCore_ExecutionBackend_ResumeInterpreter	declaration	仓内未发现调用；当前首方 C/C++/headers/inc/Rust/scripts/CMake/TS/JS 全符号正搜索，声明和定义分开；仓外 ABI 未知	把恢复请求转交当前默认服务；服务缺失或恢复回调失败时返回 false 并填可选诊断。	借用默认服务和 request；缺服务/回调或恢复失败返回 false，宿主负责关闭时序。	zr_vm_core/include/zr_vm_core/execution_backend.h:694	commented	公开或内部契约按当前实现核对；仓内无正上游不判死代码，不授外部集成信用。
zr_vm_core/src/zr_vm_core/execution/execution_backend.c	zr_execution_backend_default_lock_enter	function	zr_vm_core/src/zr_vm_core/execution/execution_backend.c:1648;zr_vm_core/src/zr_vm_core/execution/execution_backend.c:1657	保护默认指针的短暂读写；不得在此锁内调用 service API 或宿主回调。	只用于默认指针短访问；自旋锁不可重入，不保活所指 service。	zr_vm_core/src/zr_vm_core/execution/execution_backend.c:17;zr_vm_core/src/zr_vm_core/execution/execution_backend.c:1648;zr_vm_core/src/zr_vm_core/execution/execution_backend.c:1657	commented	私有候选意图注释，尚未应用；真实调用已逐类读取。
zr_vm_core/src/zr_vm_core/execution/execution_backend.c	zr_execution_backend_default_lock_leave	function	zr_vm_core/src/zr_vm_core/execution/execution_backend.c:1650;zr_vm_core/src/zr_vm_core/execution/execution_backend.c:1659	结束默认指针访问；解锁不提供指针所指服务的寿命保证。	须与默认锁进入配对；解锁后取得的服务指针仍仅借用。	zr_vm_core/src/zr_vm_core/execution/execution_backend.c:29;zr_vm_core/src/zr_vm_core/execution/execution_backend.c:1650;zr_vm_core/src/zr_vm_core/execution/execution_backend.c:1659	commented	私有候选意图注释，尚未应用；真实调用已逐类读取。
zr_vm_core/src/zr_vm_core/execution/execution_backend.c	ZrCore_ExecutionBackend_DiagnosticClear	function	仓内未发现调用；当前首方 C/C++/headers/inc/Rust/scripts/CMake/TS/JS 全符号正搜索，声明和定义分开；仓外 ABI 未知	清除可选的标量诊断，供宿主复用输出存储；空指针可直接传入。	仅清零传入可选诊断；不访问服务、租约或 worker，允许 NULL。	zr_vm_core/src/zr_vm_core/execution/execution_backend.c:37	no-comment	公开或内部契约按当前实现核对；仓内无正上游不判死代码，不授外部集成信用。
zr_vm_core/src/zr_vm_core/execution/execution_backend.c	ZrCore_ExecutionBackend_GenerationKeyIsValid	function	仓内未发现调用；当前首方 C/C++/headers/inc/Rust/scripts/CMake/TS/JS 全符号正搜索，声明和定义分开；仓外 ABI 未知	检查可用于精确失效的完整四元键；请求选择后端前允许的零注册身份不属于完整键。	key 必须非空且域、模块、代次、注册身份均非零；不查注册表存活。	zr_vm_core/src/zr_vm_core/execution/execution_backend.c:42	no-comment	公开或内部契约按当前实现核对；仓内无正上游不判死代码，不授外部集成信用。
zr_vm_core/src/zr_vm_core/execution/execution_backend.c	ZrCore_ExecutionBackend_GenerationKeyEqual	function	仓内未发现调用；当前首方 C/C++/headers/inc/Rust/scripts/CMake/TS/JS 全符号正搜索，声明和定义分开；仓外 ABI 未知	比较域、模块、代次和注册身份；相等只表示标量相等，不证明键有效。	两指针都非空才比较四元值；两个无效零键仍可相等，不代表键有效。	zr_vm_core/src/zr_vm_core/execution/execution_backend.c:47	no-comment	公开或内部契约按当前实现核对；仓内无正上游不判死代码，不授外部集成信用。
zr_vm_core/src/zr_vm_core/execution/execution_backend.c	ZrCore_ExecutionBackend_StatusName	function	仓内未发现调用；当前首方 C/C++/headers/inc/Rust/scripts/CMake/TS/JS 全符号正搜索，声明和定义分开；仓外 ABI 未知	取得静态状态名称用于诊断展示；未知值和 COUNT 返回统一错误名称，调用方不释放返回字符串。	枚举范围外及 COUNT 返回静态 backend-error；返回字符串不需要释放。	zr_vm_core/src/zr_vm_core/execution/execution_backend.c:53	no-comment	公开或内部契约按当前实现核对；仓内无正上游不判死代码，不授外部集成信用。
zr_vm_core/src/zr_vm_core/execution/execution_backend.c	zr_execution_backend_validate_descriptor	function	zr_vm_core/src/zr_vm_core/execution/execution_backend.c:433	在占用注册槽前区分版本、标志、目标和能力拒绝原因；必需清理回调缺失不能成为有效注册。	不接收 service；校验描述符版本、目标和能力已知位，queryTarget/compileAsync/unregisterMaps/retire/destroy 必需。	zr_vm_core/src/zr_vm_core/execution/execution_backend.c:94;zr_vm_core/src/zr_vm_core/execution/execution_backend.c:433	commented	私有候选意图注释，尚未应用；真实调用已逐类读取。
zr_vm_core/src/zr_vm_core/execution/execution_backend.c	zr_execution_backend_validate_request	function	zr_vm_core/src/zr_vm_core/execution/execution_backend.c:592	先保存请求源码位置，再报告入队前的形状错误，使拒绝不可变输入时仍能定位请求。	不接收 service；请求须不可变且键、执行契约及标量输入自洽，先保留 source/instruction 诊断位置。	zr_vm_core/src/zr_vm_core/execution/execution_backend.c:145;zr_vm_core/src/zr_vm_core/execution/execution_backend.c:592	commented	私有候选意图注释，尚未应用；真实调用已逐类读取。
zr_vm_core/src/zr_vm_core/execution/execution_backend.c	zr_execution_backend_fill_fallback	function	zr_vm_core/src/zr_vm_core/execution/execution_backend.c:613;zr_vm_core/src/zr_vm_core/execution/execution_backend.c:701	生成不绑定作业的回退票据；将选择结果放 ticket，诊断保留触发回退的原始原因。	不接收 service；输出 ticket 置 FREE、无服务/ticketId，只保存目标/键/回退；诊断保留原拒绝原因。	zr_vm_core/src/zr_vm_core/execution/execution_backend.c:191;zr_vm_core/src/zr_vm_core/execution/execution_backend.c:613;zr_vm_core/src/zr_vm_core/execution/execution_backend.c:701	commented	私有候选意图注释，尚未应用；真实调用已逐类读取。
zr_vm_core/src/zr_vm_core/execution/execution_backend.c	zr_execution_backend_choose_fallback	function	zr_vm_core/src/zr_vm_core/execution/execution_backend.c:612;zr_vm_core/src/zr_vm_core/execution/execution_backend.c:700	只依据请求许可选择确定性回退；强制机器码禁止回退，双许可时先选 AOT。本层不执行所选后端。	只读请求许可；REQUIRE_MACHINE_CODE 禁止回退，双许可时 AOT 优先，未许可返回 NONE。	zr_vm_core/src/zr_vm_core/execution/execution_backend.c:211;zr_vm_core/src/zr_vm_core/execution/execution_backend.c:612;zr_vm_core/src/zr_vm_core/execution/execution_backend.c:700	commented	私有候选意图注释，尚未应用；真实调用已逐类读取。
zr_vm_core/src/zr_vm_core/execution/execution_backend.c	zr_execution_backend_status_for_fallback	function	zr_vm_core/src/zr_vm_core/execution/execution_backend.c:615;zr_vm_core/src/zr_vm_core/execution/execution_backend.c:703	将回退选择映射为返回状态；NONE 表示未找到可用执行后端。	只映射选择值；NONE 或未知值返回 BACKEND_UNAVAILABLE，不启动任何执行后端。	zr_vm_core/src/zr_vm_core/execution/execution_backend.c:229;zr_vm_core/src/zr_vm_core/execution/execution_backend.c:615;zr_vm_core/src/zr_vm_core/execution/execution_backend.c:703	commented	私有候选意图注释，尚未应用；真实调用已逐类读取。
zr_vm_core/src/zr_vm_core/execution/execution_backend.c	zr_execution_backend_job_references_registration	function	zr_vm_core/src/zr_vm_core/execution/execution_backend.c:525	注销前保留仍可能编译、发布或关联代码的作业注册；失败与取消作业不单独阻止注销。	只有有效 magic、指定注册槽及 QUEUED/COMPILING/READY/PUBLISHED 阻挡注销；terminal 作业不单独阻挡。	zr_vm_core/src/zr_vm_core/execution/execution_backend.c:243;zr_vm_core/src/zr_vm_core/execution/execution_backend.c:525	commented	私有候选意图注释，尚未应用；真实调用已逐类读取。
zr_vm_core/src/zr_vm_core/execution/execution_backend.c	zr_execution_backend_code_references_registration	function	zr_vm_core/src/zr_vm_core/execution/execution_backend.c:536	任何非 FREE 记录仍需要原注册的查询或清理回调，不能以退休替代资源归还。	任何非 FREE 的指定注册槽记录均保留 owner，退休/回收失败不免除其清理责任。	zr_vm_core/src/zr_vm_core/execution/execution_backend.c:256;zr_vm_core/src/zr_vm_core/execution/execution_backend.c:536	commented	私有候选意图注释，尚未应用；真实调用已逐类读取。
zr_vm_core/src/zr_vm_core/execution/execution_backend.c	zr_execution_backend_find_candidate_locked	function	zr_vm_core/src/zr_vm_core/execution/execution_backend.c:609	在锁内选择首个匹配目标、可选注册身份、能力子集和 ABI/layout 的注册；能力回调由外层在解锁后进一步查询。	调用方持服务锁；只返回是否找到及槽号/原因，首个匹配目标、可选身份、能力子集、ABI/layout 优先。	zr_vm_core/src/zr_vm_core/execution/execution_backend.c:265;zr_vm_core/src/zr_vm_core/execution/execution_backend.c:609	commented	私有候选意图注释，尚未应用；真实调用已逐类读取。
zr_vm_core/src/zr_vm_core/execution/execution_backend.c	zr_execution_backend_find_job_slot_locked	function	zr_vm_core/src/zr_vm_core/execution/execution_backend.c:631	优先使用空槽，再复用失败或取消槽；发布作业随代码回收释放，旧 terminal ticket 因复用失去查询资格。	调用方持锁；返回槽号或 UINT32_MAX，复用 FAILED/CANCELLED 会撤销旧票据及减占用，发布槽不复用。	zr_vm_core/src/zr_vm_core/execution/execution_backend.c:308;zr_vm_core/src/zr_vm_core/execution/execution_backend.c:631	commented	私有候选意图注释，尚未应用；真实调用已逐类读取。
zr_vm_core/src/zr_vm_core/execution/execution_backend.c	zr_execution_backend_find_code_slot_locked	function	zr_vm_core/src/zr_vm_core/execution/execution_backend.c:1023	只分配 FREE 代码槽；退休、清理中和回收失败的记录必须先完成正常回收。	调用方持锁；只返回 FREE 槽号，退休/失败回收槽不得直接占用。	zr_vm_core/src/zr_vm_core/execution/execution_backend.c:332;zr_vm_core/src/zr_vm_core/execution/execution_backend.c:1023	commented	私有候选意图注释，尚未应用；真实调用已逐类读取。
zr_vm_core/src/zr_vm_core/execution/execution_backend.c	zr_execution_backend_code_identity_exists_locked	function	zr_vm_core/src/zr_vm_core/execution/execution_backend.c:1003	阻止与任何存活记录重名的产物进入代码表，包括已退休但尚未回收的记录。	调用方持锁；检查所有非 FREE 记录的标量身份，包括 RETIRED/RETIRE_FAILED，不返回表指针。	zr_vm_core/src/zr_vm_core/execution/execution_backend.c:345;zr_vm_core/src/zr_vm_core/execution/execution_backend.c:1003	commented	私有候选意图注释，尚未应用；真实调用已逐类读取。
zr_vm_core/src/zr_vm_core/execution/execution_backend.c	ZrCore_ExecutionBackendService_Init	function	tests/core/test_ssa_backend_service.c:334;tests/core/test_ssa_backend_service.c:438;tests/core/test_ssa_backend_service.c:517;tests/core/test_ssa_backend_service.c:542;tests/core/test_ssa_backend_service.c:602;tests/core/test_ssa_backend_service.c:676;tests/core/test_ssa_backend_service.c:715;tests/core/test_ssa_backend_service.c:793	绑定宿主提供的定长注册、作业和代码数组，并清零其内容。; @pre 数组及 service 必须为独立、足够大且可写的存储，覆盖最终关闭与 Deinit；初始化和重初始化由宿主独占执行。; @note 不分配内存、不创建 worker；serviceIdentity 应区分仍可能返回的旧 ticket。resumeUserData 由宿主维持寿命。	宿主独占初始化；service 与三数组须独立、可写、足量且覆盖最终关闭，serviceIdentity 非零；不创建 worker。	zr_vm_core/src/zr_vm_core/execution/execution_backend.c:359;tests/core/test_ssa_backend_service.c:334;tests/core/test_ssa_backend_service.c:438	no-comment	公开声明已说明调用契约；实现完整阅读，关键交接另登记，不重复公开说明。
zr_vm_core/src/zr_vm_core/execution/execution_backend.c	ZrCore_ExecutionBackendService_Deinit	function	仓内未发现调用；当前首方 C/C++/headers/inc/Rust/scripts/CMake/TS/JS 全符号正搜索，声明和定义分开；仓外 ABI 未知	在 FinalizeShutdown 已标记 destroyed 后撤销服务的借用指针；未完成关闭时保持原状。; @pre 宿主已停止并发访问，并先解绑默认 facade；本函数不释放数组，也不等待 worker。	只有 destroyed 才撤销借用数组；宿主停止并发并解绑默认指针，不释放数组或等待 worker。	zr_vm_core/src/zr_vm_core/execution/execution_backend.c:402	no-comment	公开或内部契约按当前实现核对；仓内无正上游不判死代码，不授外部集成信用。
zr_vm_core/src/zr_vm_core/execution/execution_backend.c	ZrCore_ExecutionBackendService_Register	function	tests/core/test_ssa_backend_service.c:339;tests/core/test_ssa_backend_service.c:443;tests/core/test_ssa_backend_service.c:522;tests/core/test_ssa_backend_service.c:547;tests/core/test_ssa_backend_service.c:607;tests/core/test_ssa_backend_service.c:681;tests/core/test_ssa_backend_service.c:720;tests/core/test_ssa_backend_service.c:798;zr_vm_core/src/zr_vm_core/execution/execution_backend.c:1669	复制进程内后端描述符，分配单调注册身份供请求选择与精确失效。; @note userData 不被深拷贝；后端必须保持回调和上下文有效，直到 Unregister 或 FinalizeShutdown 调用 destroy。注册成功不代表机器码可用。	描述符须通过版本、目标、已知位及必需回调验证；关闭阶段拒绝，重复目标三 hash 拒绝；userData 不深复制。	zr_vm_core/src/zr_vm_core/execution/execution_backend.c:423;tests/core/test_ssa_backend_service.c:339;tests/core/test_ssa_backend_service.c:443	no-comment	公开声明已说明调用契约；实现完整阅读，关键交接另登记，不重复公开说明。
zr_vm_core/src/zr_vm_core/execution/execution_backend.c	ZrCore_ExecutionBackendService_Unregister	function	仓内未发现调用；当前首方 C/C++/headers/inc/Rust/scripts/CMake/TS/JS 全符号正搜索，声明和定义分开；仓外 ABI 未知	在没有引用作业、代码记录或在途回调时撤销注册，并在服务锁外调用 destroy。; @return IN_FLIGHT 或 ACTIVE_LEASE 表示仍需先排空相关状态；失败时保留注册。	须无引用作业、任何非 FREE 代码及在途回调才撤注册；destroy 在锁外调用，拒绝时保留 owner。	zr_vm_core/src/zr_vm_core/execution/execution_backend.c:494	no-comment	公开或内部契约按当前实现核对；仓内无正上游不判死代码，不授外部集成信用。
zr_vm_core/src/zr_vm_core/execution/execution_backend.c	ZrCore_ExecutionBackendService_CompileAsync	function	tests/core/test_ssa_backend_service.c:344;tests/core/test_ssa_backend_service.c:447;tests/core/test_ssa_backend_service.c:526;tests/core/test_ssa_backend_service.c:551;tests/core/test_ssa_backend_service.c:611;tests/core/test_ssa_backend_service.c:626;tests/core/test_ssa_backend_service.c:687;tests/core/test_ssa_backend_service.c:724;tests/core/test_ssa_backend_service.c:740;tests/core/test_ssa_backend_service.c:748;tests/core/test_ssa_backend_service.c:756;tests/core/test_ssa_backend_service.c:762;tests/core/test_ssa_backend_service.c:803;tests/core/test_ssa_backend_service.c:816;zr_vm_core/src/zr_vm_core/execution/execution_backend.c:1680	校验标量不可变请求、选择后端并复制入队；在调用线程上于锁外查询目标能力。; @return PENDING 表示接纳，不表示编译完成；fallback ticket 没有可查询作业身份，diagnostic.status 保留回退原因。; @note 不启动 worker；宿主随后驱动 ProcessNext。查询回调仍可能耗时，不能据此推导实时无阻塞保证。	不可变位、标量键/契约/hash 自洽才入队；目标查询在提交线程执行，QUEUED 在其返回前可见；fallback 无作业身份。	zr_vm_core/src/zr_vm_core/execution/execution_backend.c:570;tests/core/test_ssa_backend_service.c:344;tests/core/test_ssa_backend_service.c:447	no-comment	公开声明已说明调用契约；实现完整阅读，关键交接另登记，不重复公开说明。
zr_vm_core/src/zr_vm_core/execution/execution_backend.c	zr_execution_backend_mark_callback_failure	function	zr_vm_core/src/zr_vm_core/execution/execution_backend.c:865	回调返回后重新定位票据，仅将仍在编译的作业转为失败或取消，避免覆盖回调重入产生的新状态。	回调后重新持锁定位相同票据，只覆盖仍 COMPILING 的状态；回调重入后其他状态保留。	zr_vm_core/src/zr_vm_core/execution/execution_backend.c:713;zr_vm_core/src/zr_vm_core/execution/execution_backend.c:865	commented	私有候选意图注释，尚未应用；真实调用已逐类读取。
zr_vm_core/src/zr_vm_core/execution/execution_backend.c	zr_execution_backend_code_mismatch_status	function	zr_vm_core/src/zr_vm_core/execution/execution_backend.c:972	给 Complete 的无效产物选择代次、执行契约或代码错误分类；只分类，不代替完整形状验证。	纯标量分类，无 service；先区分键/代次，再执行契约，其他无效产物为 CODE_INVALID，不做完整形状校验。	zr_vm_core/src/zr_vm_core/execution/execution_backend.c:738;zr_vm_core/src/zr_vm_core/execution/execution_backend.c:972	commented	私有候选意图注释，尚未应用；真实调用已逐类读取。
zr_vm_core/src/zr_vm_core/execution/execution_backend.c	ZrCore_ExecutionBackendService_ProcessNext	function	tests/core/test_ssa_backend_service.c:355;tests/core/test_ssa_backend_service.c:450;tests/core/test_ssa_backend_service.c:529;tests/core/test_ssa_backend_service.c:554;tests/core/test_ssa_backend_service.c:614;tests/core/test_ssa_backend_service.c:629;tests/core/test_ssa_backend_service.c:727;tests/core/test_ssa_backend_service.c:806;tests/core/test_ssa_backend_service.c:819	由宿主调度器取首个排队作业，标为 COMPILING 后在锁外派发编译回调。; @note 同步 OK 走 Complete；PENDING 的后端随后提交完成结果。服务不保存 invocation 指针，异步后端须自行复制所需内容。	只取得 QUEUED；锁外调用已复制 invocation，异步后端须复制其内容；PENDING 不保证当前作业仍 COMPILING。	zr_vm_core/src/zr_vm_core/execution/execution_backend.c:768;tests/core/test_ssa_backend_service.c:355;tests/core/test_ssa_backend_service.c:450	no-comment	公开声明已说明调用契约；实现完整阅读，关键交接另登记，不重复公开说明。
zr_vm_core/src/zr_vm_core/execution/execution_backend.c	ZrCore_ExecutionBackendService_Complete	function	tests/core/test_ssa_backend_service.c:365;tests/core/test_ssa_backend_service.c:619;tests/core/test_ssa_backend_service.c:634;tests/core/test_ssa_backend_service.c:735;tests/core/test_ssa_backend_service.c:810;tests/core/test_ssa_backend_service.c:823;zr_vm_core/src/zr_vm_core/execution/execution_backend.c:852	接收 worker 产物并校验完整代次、执行契约、输入 hash 与图声明，建立尚未发布的 READY 记录。; @note 被取消、失配或重复身份的结果走后端清理；过期 ticket 仅在仍能找到注册时尝试清理。失败后通过 QueryTicket 读取实际作业状态，不能仅依赖传入 ticket.state。	只接纳仍 COMPILING 且未取消/关闭的匹配产物；所有拒收清理依赖活跃注册，解锁至清理计数交接仍待核实。	zr_vm_core/src/zr_vm_core/execution/execution_backend.c:869;tests/core/test_ssa_backend_service.c:365;tests/core/test_ssa_backend_service.c:619	no-comment	公开声明已说明调用契约；实现完整阅读，关键交接另登记，不重复公开说明。
zr_vm_core/src/zr_vm_core/execution/execution_backend.c	ZrCore_ExecutionBackendService_Publish	function	tests/core/test_ssa_backend_service.c:372;tests/core/test_ssa_backend_service.c:452;tests/core/test_ssa_backend_service.c:556;tests/core/test_ssa_backend_service.c:622;tests/core/test_ssa_backend_service.c:813;tests/core/test_ssa_backend_service.c:826	显式允许 READY 代码被 AcquireCode 取得，同时退休同一完整代次和 targetToken 的旧发布记录。; @note 旧记录仍由已有租约保活；这里只检查已接收的图注册声明，不执行代码或注册平台 GC 图。	作业和代码均 READY、图声明已接收且未关闭才发布；仅退休同 targetToken 和完整键的旧记录，已有租约继续有效。	zr_vm_core/src/zr_vm_core/execution/execution_backend.c:1070;tests/core/test_ssa_backend_service.c:372;tests/core/test_ssa_backend_service.c:452	no-comment	公开声明已说明调用契约；实现完整阅读，关键交接另登记，不重复公开说明。
zr_vm_core/src/zr_vm_core/execution/execution_backend.c	ZrCore_ExecutionBackendService_QueryTicket	function	tests/core/test_ssa_backend_service.c:349;tests/core/test_ssa_backend_service.c:358;tests/core/test_ssa_backend_service.c:368;tests/core/test_ssa_backend_service.c:374	在锁内复制当前作业状态快照，供宿主观察排队、编译、完成和发布。; @note 失败或取消槽可被下一请求复用；旧 ticket 随后返回 STALE_TICKET。快照本身不持有代码租约。	须服务身份、ticketId 和四元键匹配存活槽；输出为锁内快照，无租约；terminal 槽复用后旧票据失效。	zr_vm_core/src/zr_vm_core/execution/execution_backend.c:1148;tests/core/test_ssa_backend_service.c:349;tests/core/test_ssa_backend_service.c:358	no-comment	公开声明已说明调用契约；实现完整阅读，关键交接另登记，不重复公开说明。
zr_vm_core/src/zr_vm_core/execution/execution_backend.c	zr_execution_backend_cancel_compiling_one	function	zr_vm_core/src/zr_vm_core/execution/execution_backend.c:1275;zr_vm_core/src/zr_vm_core/execution/execution_backend.c:1359;zr_vm_core/src/zr_vm_core/execution/execution_backend.c:1434	锁内保存取消意图及回调快照，锁外发送取消，再按 ticketId 和状态核对结果；失败或 PENDING 不冒充取消完成。	须重新核对槽仍 COMPILING；锁外取消，再按 ticketId 重读状态；失败/PENDING 保留 cancelRequested，避免虚构已结束。	zr_vm_core/src/zr_vm_core/execution/execution_backend.c:1188;zr_vm_core/src/zr_vm_core/execution/execution_backend.c:1275;zr_vm_core/src/zr_vm_core/execution/execution_backend.c:1359	commented	私有候选意图注释，尚未应用；真实调用已逐类读取。
zr_vm_core/src/zr_vm_core/execution/execution_backend.c	ZrCore_ExecutionBackendService_Cancel	function	仓内未发现调用；当前首方 C/C++/headers/inc/Rust/scripts/CMake/TS/JS 全符号正搜索，声明和定义分开；仓外 ABI 未知	取消排队作业或向编译中后端发送取消请求；READY 和 PUBLISHED 不接受此入口。; @note 后端返回 PENDING 或失败时作业可能仍在编译，cancelRequested 保留；迟到产物仍须通过 Complete 交回清理。	仅 QUEUED/COMPILING 或已 CANCELLED 接受；READY/PUBLISHED 拒绝；后端取消失败或 PENDING 保留取消意图，不等待 worker。	zr_vm_core/src/zr_vm_core/execution/execution_backend.c:1242	no-comment	公开或内部契约按当前实现核对；仓内无正上游不判死代码，不授外部集成信用。
zr_vm_core/src/zr_vm_core/execution/execution_backend.c	ZrCore_ExecutionBackendService_InvalidateGeneration	function	tests/core/test_ssa_backend_service.c:386;tests/core/test_ssa_backend_service.c:483;tests/core/test_ssa_backend_service.c:561;tests/core/test_ssa_backend_service.c:642;tests/core/test_ssa_backend_service.c:729;tests/core/test_ssa_backend_service.c:828;zr_vm_core/src/zr_vm_core/execution/execution_backend.c:1691	记录完整四元键的失效墓碑，取消匹配作业并退休匹配代码，阻止之后同键入队。; @return OK 表示墓碑及状态标记已处理，不表示异步取消、租约释放或代码回收已完成；墓碑容量耗尽则不新增失效键。	须完整四元非零键；先录有限墓碑，满时不改变匹配作业/代码；OK 不保证取消完成或租约回收。	zr_vm_core/src/zr_vm_core/execution/execution_backend.c:1287;tests/core/test_ssa_backend_service.c:386;tests/core/test_ssa_backend_service.c:483	no-comment	公开声明已说明调用契约；实现完整阅读，关键交接另登记，不重复公开说明。
zr_vm_core/src/zr_vm_core/execution/execution_backend.c	ZrCore_ExecutionBackendService_Shutdown	function	tests/core/test_ssa_backend_service.c:409;tests/core/test_ssa_backend_service.c:491;tests/core/test_ssa_backend_service.c:531;tests/core/test_ssa_backend_service.c:564;tests/core/test_ssa_backend_service.c:645;tests/core/test_ssa_backend_service.c:692;tests/core/test_ssa_backend_service.c:766;tests/core/test_ssa_backend_service.c:837	停止新注册和入队，取消排队作业、请求编译取消并退休代码。; @return IN_FLIGHT 时保持关闭阶段，待 worker 或回调结束后重试；OK 仍可能有活跃代码租约，需要归还后 FinalizeShutdown。	设置关闭阶段并退休代码；异步取消/在途回调未排空返回 IN_FLIGHT；OK 仍可有活跃租约，不释放数组。	zr_vm_core/src/zr_vm_core/execution/execution_backend.c:1385;tests/core/test_ssa_backend_service.c:409;tests/core/test_ssa_backend_service.c:491	no-comment	公开声明已说明调用契约；实现完整阅读，关键交接另登记，不重复公开说明。
zr_vm_core/src/zr_vm_core/execution/execution_backend.c	ZrCore_ExecutionBackendService_FinalizeShutdown	function	tests/core/test_ssa_backend_service.c:411;tests/core/test_ssa_backend_service.c:493;tests/core/test_ssa_backend_service.c:534;tests/core/test_ssa_backend_service.c:566;tests/core/test_ssa_backend_service.c:577;tests/core/test_ssa_backend_service.c:647;tests/core/test_ssa_backend_service.c:694;tests/core/test_ssa_backend_service.c:768;tests/core/test_ssa_backend_service.c:839	在关闭阶段排空回调及编译、回收代码，随后在锁外销毁各注册并标记 destroyed。; @note ACTIVE_LEASE 或 RETIRE_FAILED 保留后端清理入口供重试；成功不释放宿主数组，最后由宿主 Deinit。	必须已关闭且无 COMPILING/在途回调；全部代码回收后才 destroy 注册；资源失败可重试，成功仅标 destroyed。	zr_vm_core/src/zr_vm_core/execution/execution_backend.c:1475;tests/core/test_ssa_backend_service.c:411;tests/core/test_ssa_backend_service.c:493	no-comment	公开声明已说明调用契约；实现完整阅读，关键交接另登记，不重复公开说明。
zr_vm_core/src/zr_vm_core/execution/execution_backend.c	ZrCore_ExecutionBackendService_ResumeInterpreter	function	tests/core/test_ssa_backend_service.c:405;zr_vm_core/src/zr_vm_core/execution/execution_backend.c:1700	将借用的恢复请求在锁外转交宿主提供的解释器回调，并把未定位的失败补为 materialization 诊断。; @note 本层只调度，不检查状态图或重建 VM 帧；回调未安装则返回 unsupported。宿主须保持请求及恢复上下文有效。	request 非空且恢复回调已安装、回调计数未满；不校验请求正文，不检查 shuttingDown/destroyed，关闭时序保留 TODO。	zr_vm_core/src/zr_vm_core/execution/execution_backend.c:1600;tests/core/test_ssa_backend_service.c:405;zr_vm_core/src/zr_vm_core/execution/execution_backend.c:1700	no-comment	公开声明已说明调用契约；实现完整阅读，关键交接另登记，不重复公开说明。
zr_vm_core/src/zr_vm_core/execution/execution_backend.c	ZrCore_ExecutionBackend_SetDefaultService	function	仓内未发现调用；当前首方 C/C++/headers/inc/Rust/scripts/CMake/TS/JS 全符号正搜索，声明和定义分开；仓外 ABI 未知	设置或清空进程内默认服务的借用指针，供短接口派发。; @pre 宿主协调替换、关闭和释放；默认锁只保护指针读写，不延长 service 寿命。	非 NULL 服务须基本形状有效；默认锁只保护指针读写，宿主协调替换和释放；设置不获得租约。	zr_vm_core/src/zr_vm_core/execution/execution_backend.c:1643	no-comment	公开或内部契约按当前实现核对；仓内无正上游不判死代码，不授外部集成信用。
zr_vm_core/src/zr_vm_core/execution/execution_backend.c	zr_execution_backend_get_default	function	zr_vm_core/src/zr_vm_core/execution/execution_backend.c:1668;zr_vm_core/src/zr_vm_core/execution/execution_backend.c:1679;zr_vm_core/src/zr_vm_core/execution/execution_backend.c:1690;zr_vm_core/src/zr_vm_core/execution/execution_backend.c:1699	在默认锁下借用当前指针，再由短接口派发；宿主必须另行协调释放与并发替换。	默认锁下只读借用指针；释放默认锁后宿主仍须保证存储寿命，不获得引用计数。	zr_vm_core/src/zr_vm_core/execution/execution_backend.c:1655;zr_vm_core/src/zr_vm_core/execution/execution_backend.c:1668;zr_vm_core/src/zr_vm_core/execution/execution_backend.c:1679	commented	私有候选意图注释，尚未应用；真实调用已逐类读取。
zr_vm_core/src/zr_vm_core/execution/execution_backend.c	ZrCore_ExecutionBackend_Register	function	仓内未发现调用；当前首方 C/C++/headers/inc/Rust/scripts/CMake/TS/JS 全符号正搜索，声明和定义分开；仓外 ABI 未知	向默认服务注册描述符，以 bool 隐去详细状态；需要失败原因时使用显式 service API。	默认指针由宿主保活；仅显式 Register 返回 OK 才为 true，详细诊断被丢弃。	zr_vm_core/src/zr_vm_core/execution/execution_backend.c:1663	no-comment	公开或内部契约按当前实现核对；仓内无正上游不判死代码，不授外部集成信用。
zr_vm_core/src/zr_vm_core/execution/execution_backend.c	ZrCore_ExecutionBackend_CompileAsync	function	仓内未发现调用；当前首方 C/C++/headers/inc/Rust/scripts/CMake/TS/JS 全符号正搜索，声明和定义分开；仓外 ABI 未知	向默认服务提交请求；PENDING、ExecBC 或 AOT 回退均返回 true，须继续查看 ticket 而非认为机器码已生成。	默认服务须存活；PENDING 和两类 fallback 均为 true，布尔结果不表示编译完成。	zr_vm_core/src/zr_vm_core/execution/execution_backend.c:1674	no-comment	公开或内部契约按当前实现核对；仓内无正上游不判死代码，不授外部集成信用。
zr_vm_core/src/zr_vm_core/execution/execution_backend.c	ZrCore_ExecutionBackend_InvalidateGeneration	function	仓内未发现调用；当前首方 C/C++/headers/inc/Rust/scripts/CMake/TS/JS 全符号正搜索，声明和定义分开；仓外 ABI 未知	向默认服务发起精确键失效，以 bool 返回处理状态；不会等待租约回收。	借用默认服务转交完整键，只有失效入口 OK 为 true；不等待取消或回收。	zr_vm_core/src/zr_vm_core/execution/execution_backend.c:1687	no-comment	公开或内部契约按当前实现核对；仓内无正上游不判死代码，不授外部集成信用。
zr_vm_core/src/zr_vm_core/execution/execution_backend.c	ZrCore_ExecutionBackend_ResumeInterpreter	function	仓内未发现调用；当前首方 C/C++/headers/inc/Rust/scripts/CMake/TS/JS 全符号正搜索，声明和定义分开；仓外 ABI 未知	把恢复请求转交当前默认服务；服务缺失或恢复回调失败时返回 false 并填可选诊断。	借用默认服务和 request；缺服务/回调或恢复失败返回 false，宿主负责关闭时序。	zr_vm_core/src/zr_vm_core/execution/execution_backend.c:1696	no-comment	公开或内部契约按当前实现核对；仓内无正上游不判死代码，不授外部集成信用。
zr_vm_core/src/zr_vm_core/execution/execution_backend_internal.h	zr_execution_backend_diag_clear	function	zr_vm_core/src/zr_vm_core/execution/execution_backend.c:39;zr_vm_core/src/zr_vm_core/execution/execution_backend.c:97;zr_vm_core/src/zr_vm_core/execution/execution_backend.c:148;zr_vm_core/src/zr_vm_core/execution/execution_backend.c:371;zr_vm_core/src/zr_vm_core/execution/execution_backend.c:502;zr_vm_core/src/zr_vm_core/execution/execution_backend.c:778;zr_vm_core/src/zr_vm_core/execution/execution_backend.c:892;zr_vm_core/src/zr_vm_core/execution/execution_backend.c:1079;zr_vm_core/src/zr_vm_core/execution/execution_backend.c:1155;zr_vm_core/src/zr_vm_core/execution/execution_backend.c:1249;zr_vm_core/src/zr_vm_core/execution/execution_backend.c:1294;zr_vm_core/src/zr_vm_core/execution/execution_backend.c:1390;zr_vm_core/src/zr_vm_core/execution/execution_backend.c:1481;zr_vm_core/src/zr_vm_core/execution/execution_code_handle.c:182;zr_vm_core/src/zr_vm_core/execution/execution_code_handle.c:256;zr_vm_core/src/zr_vm_core/execution/execution_code_handle.c:302;zr_vm_core/src/zr_vm_core/execution/execution_code_handle.c:342;zr_vm_core/src/zr_vm_core/execution/execution_code_handle.c:391;zr_vm_core/src/zr_vm_core/execution/execution_code_handle.c:430;zr_vm_core/src/zr_vm_core/execution/execution_code_handle.c:510;zr_vm_core/src/zr_vm_core/execution/execution_code_handle.c:717	可选诊断在每次操作开始时清零，避免旧请求位置与新失败混杂。	可选诊断 NULL 安全；只清空本次输出存储，不改任何运行状态。	zr_vm_core/src/zr_vm_core/execution/execution_backend_internal.h:24;zr_vm_core/src/zr_vm_core/execution/execution_backend.c:39;zr_vm_core/src/zr_vm_core/execution/execution_backend.c:97	commented	私有候选意图注释，尚未应用；真实调用已逐类读取。
zr_vm_core/src/zr_vm_core/execution/execution_backend_internal.h	zr_execution_backend_fail	function	zr_vm_core/src/zr_vm_core/execution/execution_backend.c:99;zr_vm_core/src/zr_vm_core/execution/execution_backend.c:104;zr_vm_core/src/zr_vm_core/execution/execution_backend.c:110;zr_vm_core/src/zr_vm_core/execution/execution_backend.c:117;zr_vm_core/src/zr_vm_core/execution/execution_backend.c:124;zr_vm_core/src/zr_vm_core/execution/execution_backend.c:132;zr_vm_core/src/zr_vm_core/execution/execution_backend.c:137;zr_vm_core/src/zr_vm_core/execution/execution_backend.c:150;zr_vm_core/src/zr_vm_core/execution/execution_backend.c:159;zr_vm_core/src/zr_vm_core/execution/execution_backend.c:164;zr_vm_core/src/zr_vm_core/execution/execution_backend.c:171;zr_vm_core/src/zr_vm_core/execution/execution_backend.c:177;zr_vm_core/src/zr_vm_core/execution/execution_backend.c:182;zr_vm_core/src/zr_vm_core/execution/execution_backend.c:377;zr_vm_core/src/zr_vm_core/execution/execution_backend.c:436;zr_vm_core/src/zr_vm_core/execution/execution_backend.c:443;zr_vm_core/src/zr_vm_core/execution/execution_backend.c:458;zr_vm_core/src/zr_vm_core/execution/execution_backend.c:468;zr_vm_core/src/zr_vm_core/execution/execution_backend.c:476;zr_vm_core/src/zr_vm_core/execution/execution_backend.c:505;zr_vm_core/src/zr_vm_core/execution/execution_backend.c:513;zr_vm_core/src/zr_vm_core/execution/execution_backend.c:520;zr_vm_core/src/zr_vm_core/execution/execution_backend.c:528;zr_vm_core/src/zr_vm_core/execution/execution_backend.c:539;zr_vm_core/src/zr_vm_core/execution/execution_backend.c:548;zr_vm_core/src/zr_vm_core/execution/execution_backend.c:554;zr_vm_core/src/zr_vm_core/execution/execution_backend.c:588;zr_vm_core/src/zr_vm_core/execution/execution_backend.c:595;zr_vm_core/src/zr_vm_core/execution/execution_backend.c:605;zr_vm_core/src/zr_vm_core/execution/execution_backend.c:634;zr_vm_core/src/zr_vm_core/execution/execution_backend.c:641;zr_vm_core/src/zr_vm_core/execution/execution_backend.c:672;zr_vm_core/src/zr_vm_core/execution/execution_backend.c:730;zr_vm_core/src/zr_vm_core/execution/execution_backend.c:783;zr_vm_core/src/zr_vm_core/execution/execution_backend.c:790;zr_vm_core/src/zr_vm_core/execution/execution_backend.c:802;zr_vm_core/src/zr_vm_core/execution/execution_backend.c:816;zr_vm_core/src/zr_vm_core/execution/execution_backend.c:899;zr_vm_core/src/zr_vm_core/execution/execution_backend.c:933;zr_vm_core/src/zr_vm_core/execution/execution_backend.c:966;zr_vm_core/src/zr_vm_core/execution/execution_backend.c:988;zr_vm_core/src/zr_vm_core/execution/execution_backend.c:994;zr_vm_core/src/zr_vm_core/execution/execution_backend.c:999;zr_vm_core/src/zr_vm_core/execution/execution_backend.c:1018;zr_vm_core/src/zr_vm_core/execution/execution_backend.c:1040;zr_vm_core/src/zr_vm_core/execution/execution_backend.c:1081;zr_vm_core/src/zr_vm_core/execution/execution_backend.c:1089;zr_vm_core/src/zr_vm_core/execution/execution_backend.c:1096;zr_vm_core/src/zr_vm_core/execution/execution_backend.c:1109;zr_vm_core/src/zr_vm_core/execution/execution_backend.c:1118;zr_vm_core/src/zr_vm_core/execution/execution_backend.c:1158;zr_vm_core/src/zr_vm_core/execution/execution_backend.c:1167;zr_vm_core/src/zr_vm_core/execution/execution_backend.c:1209;zr_vm_core/src/zr_vm_core/execution/execution_backend.c:1251;zr_vm_core/src/zr_vm_core/execution/execution_backend.c:1259;zr_vm_core/src/zr_vm_core/execution/execution_backend.c:1268;zr_vm_core/src/zr_vm_core/execution/execution_backend.c:1282;zr_vm_core/src/zr_vm_core/execution/execution_backend.c:1297;zr_vm_core/src/zr_vm_core/execution/execution_backend.c:1304;zr_vm_core/src/zr_vm_core/execution/execution_backend.c:1313;zr_vm_core/src/zr_vm_core/execution/execution_backend.c:1392;zr_vm_core/src/zr_vm_core/execution/execution_backend.c:1467;zr_vm_core/src/zr_vm_core/execution/execution_backend.c:1483;zr_vm_core/src/zr_vm_core/execution/execution_backend.c:1490;zr_vm_core/src/zr_vm_core/execution/execution_backend.c:1497;zr_vm_core/src/zr_vm_core/execution/execution_backend.c:1513;zr_vm_core/src/zr_vm_core/execution/execution_backend.c:1532;zr_vm_core/src/zr_vm_core/execution/execution_backend.c:1546;zr_vm_core/src/zr_vm_core/execution/execution_backend.c:1559;zr_vm_core/src/zr_vm_core/execution/execution_backend.c:1588;zr_vm_core/src/zr_vm_core/execution/execution_code_handle.c:71;zr_vm_core/src/zr_vm_core/execution/execution_code_handle.c:84;zr_vm_core/src/zr_vm_core/execution/execution_code_handle.c:137;zr_vm_core/src/zr_vm_core/execution/execution_code_handle.c:142;zr_vm_core/src/zr_vm_core/execution/execution_code_handle.c:148;zr_vm_core/src/zr_vm_core/execution/execution_code_handle.c:154;zr_vm_core/src/zr_vm_core/execution/execution_code_handle.c:185;zr_vm_core/src/zr_vm_core/execution/execution_code_handle.c:195;zr_vm_core/src/zr_vm_core/execution/execution_code_handle.c:208;zr_vm_core/src/zr_vm_core/execution/execution_code_handle.c:216;zr_vm_core/src/zr_vm_core/execution/execution_code_handle.c:223;zr_vm_core/src/zr_vm_core/execution/execution_code_handle.c:258;zr_vm_core/src/zr_vm_core/execution/execution_code_handle.c:271;zr_vm_core/src/zr_vm_core/execution/execution_code_handle.c:277;zr_vm_core/src/zr_vm_core/execution/execution_code_handle.c:304;zr_vm_core/src/zr_vm_core/execution/execution_code_handle.c:317;zr_vm_core/src/zr_vm_core/execution/execution_code_handle.c:344;zr_vm_core/src/zr_vm_core/execution/execution_code_handle.c:359;zr_vm_core/src/zr_vm_core/execution/execution_code_handle.c:365;zr_vm_core/src/zr_vm_core/execution/execution_code_handle.c:394;zr_vm_core/src/zr_vm_core/execution/execution_code_handle.c:432;zr_vm_core/src/zr_vm_core/execution/execution_code_handle.c:437;zr_vm_core/src/zr_vm_core/execution/execution_code_handle.c:453;zr_vm_core/src/zr_vm_core/execution/execution_code_handle.c:462;zr_vm_core/src/zr_vm_core/execution/execution_code_handle.c:469;zr_vm_core/src/zr_vm_core/execution/execution_code_handle.c:485;zr_vm_core/src/zr_vm_core/execution/execution_code_handle.c:512;zr_vm_core/src/zr_vm_core/execution/execution_code_handle.c:517;zr_vm_core/src/zr_vm_core/execution/execution_code_handle.c:533;zr_vm_core/src/zr_vm_core/execution/execution_code_handle.c:541;zr_vm_core/src/zr_vm_core/execution/execution_code_handle.c:550;zr_vm_core/src/zr_vm_core/execution/execution_code_handle.c:561;zr_vm_core/src/zr_vm_core/execution/execution_code_handle.c:578;zr_vm_core/src/zr_vm_core/execution/execution_code_handle.c:605;zr_vm_core/src/zr_vm_core/execution/execution_code_handle.c:627;zr_vm_core/src/zr_vm_core/execution/execution_code_handle.c:635;zr_vm_core/src/zr_vm_core/execution/execution_code_handle.c:647;zr_vm_core/src/zr_vm_core/execution/execution_code_handle.c:720	填入本次失败的状态与标量对照，保留调用方预先记录的源码位置和键；不修改 service 状态。	可选诊断只写状态/数值/身份，保留先前源码位置和键；返回原 status，不更改服务状态。	zr_vm_core/src/zr_vm_core/execution/execution_backend_internal.h:32;zr_vm_core/src/zr_vm_core/execution/execution_backend.c:99;zr_vm_core/src/zr_vm_core/execution/execution_backend.c:104	commented	私有候选意图注释，尚未应用；真实调用已逐类读取。
zr_vm_core/src/zr_vm_core/execution/execution_backend_internal.h	zr_execution_backend_lock	function	zr_vm_core/src/zr_vm_core/execution/execution_backend.c:440;zr_vm_core/src/zr_vm_core/execution/execution_backend.c:510;zr_vm_core/src/zr_vm_core/execution/execution_backend.c:602;zr_vm_core/src/zr_vm_core/execution/execution_backend.c:685;zr_vm_core/src/zr_vm_core/execution/execution_backend.c:690;zr_vm_core/src/zr_vm_core/execution/execution_backend.c:720;zr_vm_core/src/zr_vm_core/execution/execution_backend.c:787;zr_vm_core/src/zr_vm_core/execution/execution_backend.c:826;zr_vm_core/src/zr_vm_core/execution/execution_backend.c:831;zr_vm_core/src/zr_vm_core/execution/execution_backend.c:904;zr_vm_core/src/zr_vm_core/execution/execution_backend.c:1085;zr_vm_core/src/zr_vm_core/execution/execution_backend.c:1198;zr_vm_core/src/zr_vm_core/execution/execution_backend.c:1222;zr_vm_core/src/zr_vm_core/execution/execution_backend.c:1255;zr_vm_core/src/zr_vm_core/execution/execution_backend.c:1301;zr_vm_core/src/zr_vm_core/execution/execution_backend.c:1345;zr_vm_core/src/zr_vm_core/execution/execution_backend.c:1365;zr_vm_core/src/zr_vm_core/execution/execution_backend.c:1396;zr_vm_core/src/zr_vm_core/execution/execution_backend.c:1424;zr_vm_core/src/zr_vm_core/execution/execution_backend.c:1437;zr_vm_core/src/zr_vm_core/execution/execution_backend.c:1448;zr_vm_core/src/zr_vm_core/execution/execution_backend.c:1487;zr_vm_core/src/zr_vm_core/execution/execution_backend.c:1522;zr_vm_core/src/zr_vm_core/execution/execution_backend.c:1542;zr_vm_core/src/zr_vm_core/execution/execution_backend.c:1556;zr_vm_core/src/zr_vm_core/execution/execution_backend.c:1580;zr_vm_core/src/zr_vm_core/execution/execution_backend.c:1614;zr_vm_core/src/zr_vm_core/execution/execution_backend_internal.h:99;zr_vm_core/src/zr_vm_core/execution/execution_backend_internal.h:107;zr_vm_core/src/zr_vm_core/execution/execution_code_handle.c:81;zr_vm_core/src/zr_vm_core/execution/execution_code_handle.c:189;zr_vm_core/src/zr_vm_core/execution/execution_code_handle.c:262;zr_vm_core/src/zr_vm_core/execution/execution_code_handle.c:308;zr_vm_core/src/zr_vm_core/execution/execution_code_handle.c:348;zr_vm_core/src/zr_vm_core/execution/execution_code_handle.c:443;zr_vm_core/src/zr_vm_core/execution/execution_code_handle.c:523;zr_vm_core/src/zr_vm_core/execution/execution_code_handle.c:611;zr_vm_core/src/zr_vm_core/execution/execution_code_handle.c:677	串行化服务表和状态计数；调用者先保证 service 存储有效，宿主回调必须在解锁后执行。	调用方保证 service 可写有效；MSVC 使用 Interlocked，其他分支需支持 __sync；自旋锁不允许递归进入。	zr_vm_core/src/zr_vm_core/execution/execution_backend_internal.h:54;zr_vm_core/src/zr_vm_core/execution/execution_backend.c:440;zr_vm_core/src/zr_vm_core/execution/execution_backend.c:510	commented	私有候选意图注释，尚未应用；真实调用已逐类读取。
zr_vm_core/src/zr_vm_core/execution/execution_backend_internal.h	zr_execution_backend_unlock	function	zr_vm_core/src/zr_vm_core/execution/execution_backend.c:442;zr_vm_core/src/zr_vm_core/execution/execution_backend.c:457;zr_vm_core/src/zr_vm_core/execution/execution_backend.c:467;zr_vm_core/src/zr_vm_core/execution/execution_backend.c:475;zr_vm_core/src/zr_vm_core/execution/execution_backend.c:490;zr_vm_core/src/zr_vm_core/execution/execution_backend.c:512;zr_vm_core/src/zr_vm_core/execution/execution_backend.c:519;zr_vm_core/src/zr_vm_core/execution/execution_backend.c:527;zr_vm_core/src/zr_vm_core/execution/execution_backend.c:538;zr_vm_core/src/zr_vm_core/execution/execution_backend.c:547;zr_vm_core/src/zr_vm_core/execution/execution_backend.c:553;zr_vm_core/src/zr_vm_core/execution/execution_backend.c:562;zr_vm_core/src/zr_vm_core/execution/execution_backend.c:604;zr_vm_core/src/zr_vm_core/execution/execution_backend.c:611;zr_vm_core/src/zr_vm_core/execution/execution_backend.c:621;zr_vm_core/src/zr_vm_core/execution/execution_backend.c:633;zr_vm_core/src/zr_vm_core/execution/execution_backend.c:640;zr_vm_core/src/zr_vm_core/execution/execution_backend.c:671;zr_vm_core/src/zr_vm_core/execution/execution_backend.c:678;zr_vm_core/src/zr_vm_core/execution/execution_backend.c:688;zr_vm_core/src/zr_vm_core/execution/execution_backend.c:699;zr_vm_core/src/zr_vm_core/execution/execution_backend.c:729;zr_vm_core/src/zr_vm_core/execution/execution_backend.c:789;zr_vm_core/src/zr_vm_core/execution/execution_backend.c:801;zr_vm_core/src/zr_vm_core/execution/execution_backend.c:815;zr_vm_core/src/zr_vm_core/execution/execution_backend.c:821;zr_vm_core/src/zr_vm_core/execution/execution_backend.c:828;zr_vm_core/src/zr_vm_core/execution/execution_backend.c:843;zr_vm_core/src/zr_vm_core/execution/execution_backend.c:926;zr_vm_core/src/zr_vm_core/execution/execution_backend.c:958;zr_vm_core/src/zr_vm_core/execution/execution_backend.c:979;zr_vm_core/src/zr_vm_core/execution/execution_backend.c:1010;zr_vm_core/src/zr_vm_core/execution/execution_backend.c:1033;zr_vm_core/src/zr_vm_core/execution/execution_backend.c:1061;zr_vm_core/src/zr_vm_core/execution/execution_backend.c:1088;zr_vm_core/src/zr_vm_core/execution/execution_backend.c:1095;zr_vm_core/src/zr_vm_core/execution/execution_backend.c:1108;zr_vm_core/src/zr_vm_core/execution/execution_backend.c:1117;zr_vm_core/src/zr_vm_core/execution/execution_backend.c:1139;zr_vm_core/src/zr_vm_core/execution/execution_backend.c:1166;zr_vm_core/src/zr_vm_core/execution/execution_backend.c:1178;zr_vm_core/src/zr_vm_core/execution/execution_backend.c:1201;zr_vm_core/src/zr_vm_core/execution/execution_backend.c:1208;zr_vm_core/src/zr_vm_core/execution/execution_backend.c:1214;zr_vm_core/src/zr_vm_core/execution/execution_backend.c:1233;zr_vm_core/src/zr_vm_core/execution/execution_backend.c:1258;zr_vm_core/src/zr_vm_core/execution/execution_backend.c:1267;zr_vm_core/src/zr_vm_core/execution/execution_backend.c:1274;zr_vm_core/src/zr_vm_core/execution/execution_backend.c:1278;zr_vm_core/src/zr_vm_core/execution/execution_backend.c:1281;zr_vm_core/src/zr_vm_core/execution/execution_backend.c:1303;zr_vm_core/src/zr_vm_core/execution/execution_backend.c:1312;zr_vm_core/src/zr_vm_core/execution/execution_backend.c:1339;zr_vm_core/src/zr_vm_core/execution/execution_backend.c:1355;zr_vm_core/src/zr_vm_core/execution/execution_backend.c:1368;zr_vm_core/src/zr_vm_core/execution/execution_backend.c:1371;zr_vm_core/src/zr_vm_core/execution/execution_backend.c:1398;zr_vm_core/src/zr_vm_core/execution/execution_backend.c:1419;zr_vm_core/src/zr_vm_core/execution/execution_backend.c:1432;zr_vm_core/src/zr_vm_core/execution/execution_backend.c:1439;zr_vm_core/src/zr_vm_core/execution/execution_backend.c:1442;zr_vm_core/src/zr_vm_core/execution/execution_backend.c:1465;zr_vm_core/src/zr_vm_core/execution/execution_backend.c:1489;zr_vm_core/src/zr_vm_core/execution/execution_backend.c:1496;zr_vm_core/src/zr_vm_core/execution/execution_backend.c:1512;zr_vm_core/src/zr_vm_core/execution/execution_backend.c:1517;zr_vm_core/src/zr_vm_core/execution/execution_backend.c:1531;zr_vm_core/src/zr_vm_core/execution/execution_backend.c:1536;zr_vm_core/src/zr_vm_core/execution/execution_backend.c:1545;zr_vm_core/src/zr_vm_core/execution/execution_backend.c:1550;zr_vm_core/src/zr_vm_core/execution/execution_backend.c:1558;zr_vm_core/src/zr_vm_core/execution/execution_backend.c:1575;zr_vm_core/src/zr_vm_core/execution/execution_backend.c:1587;zr_vm_core/src/zr_vm_core/execution/execution_backend.c:1594;zr_vm_core/src/zr_vm_core/execution/execution_backend.c:1621;zr_vm_core/src/zr_vm_core/execution/execution_backend_internal.h:101;zr_vm_core/src/zr_vm_core/execution/execution_code_handle.c:83;zr_vm_core/src/zr_vm_core/execution/execution_code_handle.c:90;zr_vm_core/src/zr_vm_core/execution/execution_code_handle.c:194;zr_vm_core/src/zr_vm_core/execution/execution_code_handle.c:207;zr_vm_core/src/zr_vm_core/execution/execution_code_handle.c:215;zr_vm_core/src/zr_vm_core/execution/execution_code_handle.c:222;zr_vm_core/src/zr_vm_core/execution/execution_code_handle.c:237;zr_vm_core/src/zr_vm_core/execution/execution_code_handle.c:266;zr_vm_core/src/zr_vm_core/execution/execution_code_handle.c:270;zr_vm_core/src/zr_vm_core/execution/execution_code_handle.c:276;zr_vm_core/src/zr_vm_core/execution/execution_code_handle.c:288;zr_vm_core/src/zr_vm_core/execution/execution_code_handle.c:312;zr_vm_core/src/zr_vm_core/execution/execution_code_handle.c:316;zr_vm_core/src/zr_vm_core/execution/execution_code_handle.c:327;zr_vm_core/src/zr_vm_core/execution/execution_code_handle.c:352;zr_vm_core/src/zr_vm_core/execution/execution_code_handle.c:358;zr_vm_core/src/zr_vm_core/execution/execution_code_handle.c:364;zr_vm_core/src/zr_vm_core/execution/execution_code_handle.c:371;zr_vm_core/src/zr_vm_core/execution/execution_code_handle.c:411;zr_vm_core/src/zr_vm_core/execution/execution_code_handle.c:447;zr_vm_core/src/zr_vm_core/execution/execution_code_handle.c:452;zr_vm_core/src/zr_vm_core/execution/execution_code_handle.c:461;zr_vm_core/src/zr_vm_core/execution/execution_code_handle.c:468;zr_vm_core/src/zr_vm_core/execution/execution_code_handle.c:474;zr_vm_core/src/zr_vm_core/execution/execution_code_handle.c:527;zr_vm_core/src/zr_vm_core/execution/execution_code_handle.c:532;zr_vm_core/src/zr_vm_core/execution/execution_code_handle.c:540;zr_vm_core/src/zr_vm_core/execution/execution_code_handle.c:549;zr_vm_core/src/zr_vm_core/execution/execution_code_handle.c:555;zr_vm_core/src/zr_vm_core/execution/execution_code_handle.c:615;zr_vm_core/src/zr_vm_core/execution/execution_code_handle.c:626;zr_vm_core/src/zr_vm_core/execution/execution_code_handle.c:634;zr_vm_core/src/zr_vm_core/execution/execution_code_handle.c:646;zr_vm_core/src/zr_vm_core/execution/execution_code_handle.c:654;zr_vm_core/src/zr_vm_core/execution/execution_code_handle.c:695	发布本次受保护状态并允许其他操作进入；不允许继续解锁后借用表中可变记录。	调用方已持服务锁；发布状态后借用表指针不可继续无保护使用，不延长对象寿命。	zr_vm_core/src/zr_vm_core/execution/execution_backend_internal.h:65;zr_vm_core/src/zr_vm_core/execution/execution_backend.c:442;zr_vm_core/src/zr_vm_core/execution/execution_backend.c:457	commented	私有候选意图注释，尚未应用；真实调用已逐类读取。
zr_vm_core/src/zr_vm_core/execution/execution_backend_internal.h	zr_execution_backend_callback_enter_locked	function	zr_vm_core/src/zr_vm_core/execution/execution_backend.c:552;zr_vm_core/src/zr_vm_core/execution/execution_backend.c:667;zr_vm_core/src/zr_vm_core/execution/execution_backend.c:812;zr_vm_core/src/zr_vm_core/execution/execution_backend.c:1207;zr_vm_core/src/zr_vm_core/execution/execution_backend.c:1619;zr_vm_core/src/zr_vm_core/execution/execution_code_handle.c:82;zr_vm_core/src/zr_vm_core/execution/execution_code_handle.c:467;zr_vm_core/src/zr_vm_core/execution/execution_code_handle.c:548;zr_vm_core/src/zr_vm_core/execution/execution_code_handle.c:645	持锁登记即将离开锁的回调，阻止注销或最终关闭销毁其上下文；达到计数上限时拒绝派发。	调用方持锁，计数 UINT32_MAX 时拒绝；成功只登记在途，不返回指针、不调用用户代码。	zr_vm_core/src/zr_vm_core/execution/execution_backend_internal.h:78;zr_vm_core/src/zr_vm_core/execution/execution_backend.c:552;zr_vm_core/src/zr_vm_core/execution/execution_backend.c:667	commented	私有候选意图注释，尚未应用；真实调用已逐类读取。
zr_vm_core/src/zr_vm_core/execution/execution_backend_internal.h	zr_execution_backend_callback_leave_locked	function	zr_vm_core/src/zr_vm_core/execution/execution_backend.c:687;zr_vm_core/src/zr_vm_core/execution/execution_backend.c:827;zr_vm_core/src/zr_vm_core/execution/execution_backend.c:1223;zr_vm_core/src/zr_vm_core/execution/execution_backend_internal.h:100	持锁归还已完成回调计数；本层不清理回调资源。	调用方持锁且与成功登记配对；只在计数非零时减数，不销毁资源、不返回指针。	zr_vm_core/src/zr_vm_core/execution/execution_backend_internal.h:88;zr_vm_core/src/zr_vm_core/execution/execution_backend.c:687;zr_vm_core/src/zr_vm_core/execution/execution_backend.c:827	commented	私有候选意图注释，尚未应用；真实调用已逐类读取。
zr_vm_core/src/zr_vm_core/execution/execution_backend_internal.h	zr_execution_backend_callback_leave	function	zr_vm_core/src/zr_vm_core/execution/execution_backend.c:566;zr_vm_core/src/zr_vm_core/execution/execution_backend.c:1578;zr_vm_core/src/zr_vm_core/execution/execution_backend.c:1633;zr_vm_core/src/zr_vm_core/execution/execution_backend.c:1639;zr_vm_core/src/zr_vm_core/execution/execution_code_handle.c:110;zr_vm_core/src/zr_vm_core/execution/execution_code_handle.c:478;zr_vm_core/src/zr_vm_core/execution/execution_code_handle.c:571;zr_vm_core/src/zr_vm_core/execution/execution_code_handle.c:676	供锁外回调结束路径重新加锁归还计数；进入与退出必须由同一派发协议配对。	锁外已结束的回调归还计数，内部自行加锁；service 存储仍由宿主保活。	zr_vm_core/src/zr_vm_core/execution/execution_backend_internal.h:96;zr_vm_core/src/zr_vm_core/execution/execution_backend.c:566;zr_vm_core/src/zr_vm_core/execution/execution_backend.c:1578	commented	私有候选意图注释，尚未应用；真实调用已逐类读取。
zr_vm_core/src/zr_vm_core/execution/execution_backend_internal.h	zr_execution_backend_lock_const	function	zr_vm_core/src/zr_vm_core/execution/execution_backend.c:1162;zr_vm_core/src/zr_vm_core/execution/execution_code_handle.c:398	只读查询仍需锁定可变服务记录；const 表示不改查询内容，不表示底层锁存储不可写。	查询内容只读而锁字仍须可写；不允许真正只读存储的 service，不获得额外寿命。	zr_vm_core/src/zr_vm_core/execution/execution_backend_internal.h:105;zr_vm_core/src/zr_vm_core/execution/execution_backend.c:1162;zr_vm_core/src/zr_vm_core/execution/execution_code_handle.c:398	commented	私有候选意图注释，尚未应用；真实调用已逐类读取。
zr_vm_core/src/zr_vm_core/execution/execution_backend_internal.h	zr_execution_backend_service_shape_valid	function	zr_vm_core/src/zr_vm_core/execution/execution_backend.c:435;zr_vm_core/src/zr_vm_core/execution/execution_backend.c:503;zr_vm_core/src/zr_vm_core/execution/execution_backend.c:594;zr_vm_core/src/zr_vm_core/execution/execution_backend.c:782;zr_vm_core/src/zr_vm_core/execution/execution_backend.c:897;zr_vm_core/src/zr_vm_core/execution/execution_backend.c:1080;zr_vm_core/src/zr_vm_core/execution/execution_backend.c:1156;zr_vm_core/src/zr_vm_core/execution/execution_backend.c:1250;zr_vm_core/src/zr_vm_core/execution/execution_backend.c:1295;zr_vm_core/src/zr_vm_core/execution/execution_backend.c:1391;zr_vm_core/src/zr_vm_core/execution/execution_backend.c:1482;zr_vm_core/src/zr_vm_core/execution/execution_backend.c:1608;zr_vm_core/src/zr_vm_core/execution/execution_backend.c:1645;zr_vm_core/src/zr_vm_core/execution/execution_code_handle.c:69;zr_vm_core/src/zr_vm_core/execution/execution_code_handle.c:136;zr_vm_core/src/zr_vm_core/execution/execution_code_handle.c:183;zr_vm_core/src/zr_vm_core/execution/execution_code_handle.c:257;zr_vm_core/src/zr_vm_core/execution/execution_code_handle.c:303;zr_vm_core/src/zr_vm_core/execution/execution_code_handle.c:343;zr_vm_core/src/zr_vm_core/execution/execution_code_handle.c:392;zr_vm_core/src/zr_vm_core/execution/execution_code_handle.c:436;zr_vm_core/src/zr_vm_core/execution/execution_code_handle.c:516;zr_vm_core/src/zr_vm_core/execution/execution_code_handle.c:603;zr_vm_core/src/zr_vm_core/execution/execution_code_handle.c:718	拒绝未初始化或 Deinit 后服务的基本形状；不校验数组实际长度、内部计数或关闭阶段，各入口另行检查状态。	只核 magic/schema/非零服务身份和非空、非零容量数组；不验证数组实际长度、计数或 closing/destroyed。	zr_vm_core/src/zr_vm_core/execution/execution_backend_internal.h:111;zr_vm_core/src/zr_vm_core/execution/execution_backend.c:435;zr_vm_core/src/zr_vm_core/execution/execution_backend.c:503	commented	私有候选意图注释，尚未应用；真实调用已逐类读取。
zr_vm_core/src/zr_vm_core/execution/execution_backend_internal.h	zr_execution_backend_generation_equal	function	zr_vm_core/src/zr_vm_core/execution/execution_backend.c:50;zr_vm_core/src/zr_vm_core/execution/execution_backend.c:744;zr_vm_core/src/zr_vm_core/execution/execution_backend.c:1129;zr_vm_core/src/zr_vm_core/execution/execution_backend.c:1321;zr_vm_core/src/zr_vm_core/execution/execution_backend.c:1330;zr_vm_core/src/zr_vm_core/execution/execution_backend.c:1349;zr_vm_core/src/zr_vm_core/execution/execution_backend_internal.h:144;zr_vm_core/src/zr_vm_core/execution/execution_backend_internal.h:274;zr_vm_core/src/zr_vm_core/execution/execution_backend_internal.h:342;zr_vm_core/src/zr_vm_core/execution/execution_backend_internal.h:380;zr_vm_core/src/zr_vm_core/execution/execution_backend_internal.h:402;zr_vm_core/src/zr_vm_core/execution/execution_code_handle.c:31;zr_vm_core/src/zr_vm_core/execution/execution_code_handle.c:192	内部所有匹配共享完整四元键比较，防止另一域或注册的同号 generation 被一并失效。	只比较非 NULL 四元值；允许无效键相等，不查注册表或墓碑。	zr_vm_core/src/zr_vm_core/execution/execution_backend_internal.h:124;zr_vm_core/src/zr_vm_core/execution/execution_backend.c:50;zr_vm_core/src/zr_vm_core/execution/execution_backend.c:744	commented	私有候选意图注释，尚未应用；真实调用已逐类读取。
zr_vm_core/src/zr_vm_core/execution/execution_backend_internal.h	zr_execution_backend_generation_invalidated_locked	function	zr_vm_core/src/zr_vm_core/execution/execution_backend.c:620;zr_vm_core/src/zr_vm_core/execution/execution_backend.c:1309	检查持锁墓碑集，既处理已有记录的失效，也阻止同一完整键再次提交。	调用方持锁；扫描到 invalidatedKeyCount 且不超过固定容量，返回 bool，未找到不证明后端代码可用。	zr_vm_core/src/zr_vm_core/execution/execution_backend_internal.h:136;zr_vm_core/src/zr_vm_core/execution/execution_backend.c:620;zr_vm_core/src/zr_vm_core/execution/execution_backend.c:1309	commented	私有候选意图注释，尚未应用；真实调用已逐类读取。
zr_vm_core/src/zr_vm_core/execution/execution_backend_internal.h	zr_execution_backend_key_valid	function	zr_vm_core/src/zr_vm_core/execution/execution_backend.c:44;zr_vm_core/src/zr_vm_core/execution/execution_backend.c:915;zr_vm_core/src/zr_vm_core/execution/execution_backend.c:1296;zr_vm_core/src/zr_vm_core/execution/execution_backend_internal.h:227	请求可暂不指定注册身份，完成与失效必须携带完整身份；由调用阶段选择严格程度。	域/模块/代次必非零；requireBackendIdentity 决定第四项是否必须非零，不查 owner 存活。	zr_vm_core/src/zr_vm_core/execution/execution_backend_internal.h:153;zr_vm_core/src/zr_vm_core/execution/execution_backend.c:44;zr_vm_core/src/zr_vm_core/execution/execution_backend.c:915	commented	私有候选意图注释，尚未应用；真实调用已逐类读取。
zr_vm_core/src/zr_vm_core/execution/execution_backend_internal.h	zr_execution_backend_target_kind_valid	function	zr_vm_core/src/zr_vm_core/execution/execution_backend.c:122;zr_vm_core/src/zr_vm_core/execution/execution_backend_internal.h:198;zr_vm_core/src/zr_vm_core/execution/execution_backend_internal.h:226	限制后端选择为实际目标枚举，排除 NONE 和计数哨兵。	仅 NONE < kind < COUNT 为合法目标；不查询服务或 provider 能力。	zr_vm_core/src/zr_vm_core/execution/execution_backend_internal.h:163;zr_vm_core/src/zr_vm_core/execution/execution_backend.c:122;zr_vm_core/src/zr_vm_core/execution/execution_backend_internal.h:198	commented	私有候选意图注释，尚未应用；真实调用已逐类读取。
zr_vm_core/src/zr_vm_core/execution/execution_backend_internal.h	zr_execution_backend_map_kind_valid	function	zr_vm_core/src/zr_vm_core/execution/execution_backend_internal.h:178;zr_vm_core/src/zr_vm_core/execution/execution_code_handle.c:511	限制图查询和 hash 遍历为可映射的图种类，COUNT 只作为边界。	仅 ROOTS <= kind < COUNT 为合法图种类；枚举范围不证明图已注册。	zr_vm_core/src/zr_vm_core/execution/execution_backend_internal.h:170;zr_vm_core/src/zr_vm_core/execution/execution_backend_internal.h:178;zr_vm_core/src/zr_vm_core/execution/execution_code_handle.c:511	commented	私有候选意图注释，尚未应用；真实调用已逐类读取。
zr_vm_core/src/zr_vm_core/execution/execution_backend_internal.h	zr_execution_backend_map_flag_for_kind	function	zr_vm_core/src/zr_vm_core/execution/execution_backend_internal.h:296;zr_vm_core/src/zr_vm_core/execution/execution_code_handle.c:530	把单一图种类映射到注册位，供完成校验和 QueryMap 使用；非法种类不写输出。	flag 输出须非 NULL，kind 合法才写对应单图位；无效输入不写输出，无服务/租约。	zr_vm_core/src/zr_vm_core/execution/execution_backend_internal.h:176;zr_vm_core/src/zr_vm_core/execution/execution_backend_internal.h:296;zr_vm_core/src/zr_vm_core/execution/execution_code_handle.c:530	commented	私有候选意图注释，尚未应用；真实调用已逐类读取。
zr_vm_core/src/zr_vm_core/execution/execution_backend_internal.h	zr_execution_backend_descriptor_shape_valid	function	zr_vm_core/src/zr_vm_core/execution/execution_backend.c:115	注册前核对标量目标和必需派发/清理入口；可选取消、入口查询和图查询由使用入口另行处理。	仅形状及必需回调检查；cancelCompile/lookupEntry/queryMap 可缺省，flags 不启动 worker。	zr_vm_core/src/zr_vm_core/execution/execution_backend_internal.h:193;zr_vm_core/src/zr_vm_core/execution/execution_backend.c:115	commented	私有候选意图注释，尚未应用；真实调用已逐类读取。
zr_vm_core/src/zr_vm_core/execution/execution_backend_internal.h	zr_execution_backend_request_shape_valid	function	zr_vm_core/src/zr_vm_core/execution/execution_backend.c:169	让队列只接收自洽的标量输入见证；不读取 IR 正文，不据 hash 验证输入实际不可变。	仅不可变标志、版本、已知位与标量契约一致性；允许零注册身份供选择，不验证 IR 正文。	zr_vm_core/src/zr_vm_core/execution/execution_backend_internal.h:220;zr_vm_core/src/zr_vm_core/execution/execution_backend.c:169	commented	私有候选意图注释，尚未应用；真实调用已逐类读取。
zr_vm_core/src/zr_vm_core/execution/execution_backend_internal.h	zr_execution_backend_code_map_hash	function	zr_vm_core/src/zr_vm_core/execution/execution_backend_internal.h:300;zr_vm_core/src/zr_vm_core/execution/execution_code_handle.c:559	按图种类读取代码快照中的 hash，供完成校验及没有 queryMap 回调时的查询回退。	只读 CodeInfo 指定图 hash；NULL/未知种类为零，不查询平台图或服务记录。	zr_vm_core/src/zr_vm_core/execution/execution_backend_internal.h:251;zr_vm_core/src/zr_vm_core/execution/execution_backend_internal.h:300;zr_vm_core/src/zr_vm_core/execution/execution_code_handle.c:559	commented	私有候选意图注释，尚未应用；真实调用已逐类读取。
zr_vm_core/src/zr_vm_core/execution/execution_backend_internal.h	zr_execution_backend_code_shape_valid	function	zr_vm_core/src/zr_vm_core/execution/execution_backend.c:971	接收产物前绑定它与原请求的完整键、执行契约及输入 hash；已声明注册的每种图都必须有非零 hash。	只比较产物与请求所有键/契约/hash，代码非零身份/大小；注册位需包含请求子集且已置位图 hash 非零。	zr_vm_core/src/zr_vm_core/execution/execution_backend_internal.h:266;zr_vm_core/src/zr_vm_core/execution/execution_backend.c:971	commented	私有候选意图注释，尚未应用；真实调用已逐类读取。
zr_vm_core/src/zr_vm_core/execution/execution_backend_internal.h	zr_execution_backend_find_registration_locked	function	zr_vm_core/src/zr_vm_core/execution/execution_backend.c:517;zr_vm_core/src/zr_vm_core/execution/execution_backend.c:917	在持锁表中按单调注册身份找活跃 owner，供注销及迟到结果清理；返回指针只在锁保护内借用。	调用方持锁，非零身份只查 active 注册；返回表指针仅在锁保护内借用。	zr_vm_core/src/zr_vm_core/execution/execution_backend_internal.h:308;zr_vm_core/src/zr_vm_core/execution/execution_backend.c:517;zr_vm_core/src/zr_vm_core/execution/execution_backend.c:917	commented	私有候选意图注释，尚未应用；真实调用已逐类读取。
zr_vm_core/src/zr_vm_core/execution/execution_backend_internal.h	zr_execution_backend_find_job_locked	function	zr_vm_core/src/zr_vm_core/execution/execution_backend.c:693;zr_vm_core/src/zr_vm_core/execution/execution_backend.c:721;zr_vm_core/src/zr_vm_core/execution/execution_backend.c:834;zr_vm_core/src/zr_vm_core/execution/execution_backend.c:905;zr_vm_core/src/zr_vm_core/execution/execution_backend.c:1086;zr_vm_core/src/zr_vm_core/execution/execution_backend.c:1163;zr_vm_core/src/zr_vm_core/execution/execution_backend.c:1256;zr_vm_core/src/zr_vm_core/execution/execution_code_handle.c:190	按服务身份、ticketId 和完整键定位当前作业；传入 state 只是快照，实际状态由调用方读取记录再判断。	调用方持锁，须服务身份/ticketId/四元键一致；不以输入 state 判当前状态，返回表指针仅持锁借用。	zr_vm_core/src/zr_vm_core/execution/execution_backend_internal.h:327;zr_vm_core/src/zr_vm_core/execution/execution_backend.c:693;zr_vm_core/src/zr_vm_core/execution/execution_backend.c:721	commented	私有候选意图注释，尚未应用；真实调用已逐类读取。
zr_vm_core/src/zr_vm_core/execution/execution_backend_internal.h	zr_execution_backend_job_state_terminal	function	zr_vm_core/src/zr_vm_core/execution/execution_backend.c:321	标识可以被下一请求复用的失败/取消槽；READY 和 PUBLISHED 仍关联产物，不能按完成就复用。	只有 FAILED 或 CANCELLED 可以被下一请求复用；不含 READY/PUBLISHED，也不判断清理回调状态。	zr_vm_core/src/zr_vm_core/execution/execution_backend_internal.h:352;zr_vm_core/src/zr_vm_core/execution/execution_backend.c:321	commented	私有候选意图注释，尚未应用；真实调用已逐类读取。
zr_vm_core/src/zr_vm_core/execution/execution_backend_internal.h	zr_execution_backend_reset_job_locked	function	zr_vm_core/src/zr_vm_core/execution/execution_backend.c:324;zr_vm_core/src/zr_vm_core/execution/execution_backend.c:669;zr_vm_core/src/zr_vm_core/execution/execution_backend.c:1583;zr_vm_core/src/zr_vm_core/execution/execution_code_handle.c:686	在持锁复用或代码回收时清除作业；拥有 service 计数的外层负责相应减数。	调用方持锁并负责 service.jobCount 配对；仅整槽清零，不调用后端清理。	zr_vm_core/src/zr_vm_core/execution/execution_backend_internal.h:359;zr_vm_core/src/zr_vm_core/execution/execution_backend.c:324;zr_vm_core/src/zr_vm_core/execution/execution_backend.c:669	commented	私有候选意图注释，尚未应用；真实调用已逐类读取。
zr_vm_core/src/zr_vm_core/execution/execution_backend_internal.h	zr_execution_backend_mark_codes_retired_locked	function	zr_vm_core/src/zr_vm_core/execution/execution_backend.c:1338	持锁取消匹配代码的可新获取资格，不释放图或后端资源；已有租约继续阻止 CollectRetired 回收。	调用方持锁；只标完整键匹配的 READY/PUBLISHED，输出可选数量；不归还租约/撤图/退休资源。	zr_vm_core/src/zr_vm_core/execution/execution_backend_internal.h:366;zr_vm_core/src/zr_vm_core/execution/execution_backend.c:1338	commented	私有候选意图注释，尚未应用；真实调用已逐类读取。
zr_vm_core/src/zr_vm_core/execution/execution_backend_internal.h	zr_execution_backend_mark_jobs_cancelled_locked	function	zr_vm_core/src/zr_vm_core/execution/execution_backend.c:1337	持锁阻止匹配排队/READY 作业继续发布，编译中只记录取消意图，实际取消回调由外层解锁后派发。	调用方持锁；QUEUED/READY 转 CANCELLED，COMPILING 只置取消意图并计数；不派发回调，不返回指针。	zr_vm_core/src/zr_vm_core/execution/execution_backend_internal.h:390;zr_vm_core/src/zr_vm_core/execution/execution_backend.c:1337	commented	私有候选意图注释，尚未应用；真实调用已逐类读取。
zr_vm_core/src/zr_vm_core/execution/execution_backend_internal.h	zr_execution_backend_dispose_unpublished	declaration	zr_vm_core/src/zr_vm_core/execution/execution_backend.c:858;zr_vm_core/src/zr_vm_core/execution/execution_backend.c:930;zr_vm_core/src/zr_vm_core/execution/execution_backend.c:962;zr_vm_core/src/zr_vm_core/execution/execution_backend.c:983;zr_vm_core/src/zr_vm_core/execution/execution_backend.c:1014;zr_vm_core/src/zr_vm_core/execution/execution_backend.c:1037	丢弃未被代码表接收的 worker 结果；在锁外先尝试撤图再退休，即使撤图失败仍给后端一次退休机会。	service/descriptor/code 有效且 codeIdentity 非零；锁外撤图后即使撤图失败仍尝试退休，失败返回 RETIRE_FAILED；计数交接前提待核实。	zr_vm_core/src/zr_vm_core/execution/execution_backend_internal.h:421;zr_vm_core/src/zr_vm_core/execution/execution_backend.c:858;zr_vm_core/src/zr_vm_core/execution/execution_backend.c:930	commented	私有候选意图注释，尚未应用；真实调用已逐类读取。
zr_vm_core/src/zr_vm_core/execution/execution_backend_internal.h	zr_execution_backend_collect_code_slot	declaration	zr_vm_core/src/zr_vm_core/execution/execution_code_handle.c:725	回收退休且两类租约归零的单槽；锁内标为 RECLAIMING，锁外按撤图成功后退休，失败保留可重试进度。	只接受退休或失败回收且双租约归零槽；标 RECLAIMING 后锁外撤图成功才退休，失败保留重试进度。	zr_vm_core/src/zr_vm_core/execution/execution_backend_internal.h:427;zr_vm_core/src/zr_vm_core/execution/execution_code_handle.c:725	commented	私有候选意图注释，尚未应用；真实调用已逐类读取。
zr_vm_core/include/zr_vm_core/execution_backend.h	EZrExecutionBackendTargetKind	type	zr_vm_core/src/zr_vm_core/execution/execution_backend_internal.h:165	后端目标类别用于注册选择；NONE/COUNT 是无目标和边界，不可提交编译。	NONE 和 COUNT 是哨兵；请求/描述符只接受 EXECBC/AOT/HOST_JIT，类别值不证明 provider 可用。	zr_vm_core/include/zr_vm_core/execution_backend.h:78;zr_vm_core/src/zr_vm_core/execution/execution_backend_internal.h:165	commented	私有候选 Doxygen；按实际构造/读取/派发核对，不赋予平台 GC 或机器码正确性信用。
zr_vm_core/include/zr_vm_core/execution_backend.h	EZrExecutionBackendFallback	type	zr_vm_core/src/zr_vm_core/execution/execution_backend.c:219	记录宿主下一执行路径的选择，不携带产物，也不证明 AOT 或 ExecBC 已执行。	是宿主下一路径的建议选择，无作业或产物身份；强制机器码时禁止，双许可 AOT 优先。	zr_vm_core/include/zr_vm_core/execution_backend.h:88;zr_vm_core/src/zr_vm_core/execution/execution_backend.c:219	commented	私有候选 Doxygen；按实际构造/读取/派发核对，不赋予平台 GC 或机器码正确性信用。
zr_vm_core/include/zr_vm_core/execution_backend.h	EZrExecutionBackendStatus	type	zr_vm_core/src/zr_vm_core/execution/execution_backend.c:682	区分接纳、回退、状态拒绝与清理失败；返回状态与诊断中的原回退原因可能不同。	返回 PENDING/FALLBACK 不是代码完成；诊断在 fallback 时保留不同的原原因，清理错误不等于资源已释放。	zr_vm_core/include/zr_vm_core/execution_backend.h:96;zr_vm_core/src/zr_vm_core/execution/execution_backend.c:682	commented	私有候选 Doxygen；按实际构造/读取/派发核对，不赋予平台 GC 或机器码正确性信用。
zr_vm_core/include/zr_vm_core/execution_backend.h	EZrExecutionBackendJobState	type	zr_vm_core/src/zr_vm_core/execution/execution_backend.c:807	作业的接纳到发布状态；失败/取消槽可复用，发布作业要等待关联代码回收才释放。	FAILED/CANCELLED 可复用；READY 未发布，PUBLISHED 关联代码直到回收；输入 ticket.state 可过时。	zr_vm_core/include/zr_vm_core/execution_backend.h:135;zr_vm_core/src/zr_vm_core/execution/execution_backend.c:807	commented	私有候选 Doxygen；按实际构造/读取/派发核对，不赋予平台 GC 或机器码正确性信用。
zr_vm_core/include/zr_vm_core/execution_backend.h	EZrExecutionBackendCodeState	type	zr_vm_core/src/zr_vm_core/execution/execution_code_handle.c:653	代码记录的发布与资源回收阶段；RETIRED 阻止新获取，RECLAIMING 独占清理，RETIRE_FAILED 保留重试记录。	READY 未取得执行资格；RETIRED 仅阻止新获取，RECLAIMING 独占清理，RETIRE_FAILED 仍占资源供重试。	zr_vm_core/include/zr_vm_core/execution_backend.h:147;zr_vm_core/src/zr_vm_core/execution/execution_code_handle.c:653	commented	私有候选 Doxygen；按实际构造/读取/派发核对，不赋予平台 GC 或机器码正确性信用。
zr_vm_core/include/zr_vm_core/execution_backend.h	EZrExecutionBackendMapKind	type	zr_vm_core/src/zr_vm_core/execution/execution_code_handle.c:569	单一图查询类别，和 mapRegistrationFlags 的位集合由内部映射连接；不代表实际图存储。	合法范围 ROOTS 到 IMPORTS；COUNT 为遍历边界，kind 与注册位通过映射关联，不携带图存储。	zr_vm_core/include/zr_vm_core/execution_backend.h:158;zr_vm_core/src/zr_vm_core/execution/execution_code_handle.c:569	commented	私有候选 Doxygen；按实际构造/读取/派发核对，不赋予平台 GC 或机器码正确性信用。
zr_vm_core/include/zr_vm_core/execution_backend.h	SZrExecutionGenerationKey	type	zr_vm_core/src/zr_vm_core/execution/execution_backend_internal.h:128	把代码所属域、模块、代次和后端注册共同限定为失效命名空间；选择注册前请求允许第四项为零。	domain/module/generation 非零；请求可留注册身份为零，失效和完成键须包含实际注册身份，隔离比较四项。	zr_vm_core/include/zr_vm_core/execution_backend.h:169;zr_vm_core/src/zr_vm_core/execution/execution_backend_internal.h:128	commented	私有候选 Doxygen；按实际构造/读取/派发核对，不赋予平台 GC 或机器码正确性信用。
zr_vm_core/include/zr_vm_core/execution_backend.h	SZrExecutionBackendTarget	type	zr_vm_core/src/zr_vm_core/execution/execution_backend.c:682	注册后端的标量目标见证；ABI/layout 参与候选选择，完整目标能力继续交 queryTarget 确认。	schema、ABI、三 hash 必须有效；候选只比 ABI/layout，完整能力由 queryTarget 确认，reserved 当前未要求零。	zr_vm_core/include/zr_vm_core/execution_backend.h:182;zr_vm_core/src/zr_vm_core/execution/execution_backend.c:682	commented	私有候选 Doxygen；按实际构造/读取/派发核对，不赋予平台 GC 或机器码正确性信用。
zr_vm_core/include/zr_vm_core/execution_backend.h	SZrExecutionBackendDiagnostic	type	zr_vm_core/src/zr_vm_core/execution/execution_backend.c:705	可复制的失败位置和身份对照；expected/actual 的含义由当前状态分支决定，不保存 worker 指针。	无指针标量快照；字段解释由具体失败分支决定，source/instruction 可由 fail 保留，不具有租约。	zr_vm_core/include/zr_vm_core/execution_backend.h:195;zr_vm_core/src/zr_vm_core/execution/execution_backend.c:705	commented	私有候选 Doxygen；按实际构造/读取/派发核对，不赋予平台 GC 或机器码正确性信用。
zr_vm_core/include/zr_vm_core/execution_backend.h	SZrExecutionCompileRequest	type	zr_vm_core/src/zr_vm_core/execution/execution_backend.c:650	入队时按值复制的不可变输入见证；contract 与 generationKey 的模块及代次须一致，hash 不代替 IR 正文。	按值入队；IMMUTABLE_INPUT/非零输入 hash 是声明，contract 模块/代次与键一致，不保存 IR 或 VM 对象。	zr_vm_core/include/zr_vm_core/execution_backend.h:212;zr_vm_core/src/zr_vm_core/execution/execution_backend.c:650	commented	私有候选 Doxygen；按实际构造/读取/派发核对，不赋予平台 GC 或机器码正确性信用。
zr_vm_core/include/zr_vm_core/execution_backend.h	SZrExecutionCompileTicket	type	zr_vm_core/src/zr_vm_core/execution/execution_backend.c:905	供宿主查询及 worker 完成的标量身份；state 是调用时快照，fallback 票据不具有可查询作业的 ticketId。	身份绑定 service/ticketId/完整键；state 是快照，fallback 无 ticketId，terminal 槽复用后旧票据不再可查。	zr_vm_core/include/zr_vm_core/execution_backend.h:229;zr_vm_core/src/zr_vm_core/execution/execution_backend.c:905	commented	私有候选 Doxygen；按实际构造/读取/派发核对，不赋予平台 GC 或机器码正确性信用。
zr_vm_core/include/zr_vm_core/execution_backend.h	SZrExecutionBackendCompileInvocation	type	zr_vm_core/src/zr_vm_core/execution/execution_backend.c:824	ProcessNext 在锁内保存的票据与请求快照；回调异步使用时必须复制，不能保留栈上指针。	ProcessNext 栈上快照，只在回调期间借用指针；异步后端自行复制，服务不拥有 worker。	zr_vm_core/include/zr_vm_core/execution_backend.h:242;zr_vm_core/src/zr_vm_core/execution/execution_backend.c:824	commented	私有候选 Doxygen；按实际构造/读取/派发核对，不赋予平台 GC 或机器码正确性信用。
zr_vm_core/include/zr_vm_core/execution_backend.h	SZrExecutionBackendCodeInfo	type	zr_vm_core/src/zr_vm_core/execution/execution_code_handle.c:459	产物的身份、大小及已注册图 hash 声明；和请求一致才可接收，代码/图本体由后端管理，不存入口地址。	不包含代码地址；与请求契约/hash 完整匹配及声明图 hash 非零才接收，代码与真实图由后端管理。	zr_vm_core/include/zr_vm_core/execution_backend.h:250;zr_vm_core/src/zr_vm_core/execution/execution_code_handle.c:459	commented	私有候选 Doxygen；按实际构造/读取/派发核对，不赋予平台 GC 或机器码正确性信用。
zr_vm_core/include/zr_vm_core/execution_backend.h	SZrExecutionCompileTicketView	type	zr_vm_core/src/zr_vm_core/execution/execution_backend.c:1171	QueryTicket 复制的观察快照，记录实际状态及最后状态；不持有作业槽或代码寿命。	仅锁内作业观察副本；不保活作业/代码，最后状态不一定等于最近 API 返回值。	zr_vm_core/include/zr_vm_core/execution_backend.h:273;zr_vm_core/src/zr_vm_core/execution/execution_backend.c:1171	commented	私有候选 Doxygen；按实际构造/读取/派发核对，不赋予平台 GC 或机器码正确性信用。
zr_vm_core/include/zr_vm_core/execution_backend.h	SZrExecutionCodeView	type	zr_vm_core/src/zr_vm_core/execution/execution_code_handle.c:402	执行租约内的代码元数据与回收阻塞计数快照；观察结果不增加租约。	info/state/双计数都是观察副本，不代表该 view 持有任何租约；真实句柄持有者另外归还。	zr_vm_core/include/zr_vm_core/execution_backend.h:285;zr_vm_core/src/zr_vm_core/execution/execution_code_handle.c:402	commented	私有候选 Doxygen；按实际构造/读取/派发核对，不赋予平台 GC 或机器码正确性信用。
zr_vm_core/include/zr_vm_core/execution_backend.h	SZrExecutionCodeHandle	type	zr_vm_core/src/zr_vm_core/execution/execution_code_handle.c:229	执行租约的进程内凭据，用多重身份抵御槽复用；复制值不增加计数，依赖租约必须先归还。	是一次执行租约的可变凭据；复制不增计数，dependencyLeased 须先归还，输出不能覆盖活跃句柄。	zr_vm_core/include/zr_vm_core/execution_backend.h:295;zr_vm_core/src/zr_vm_core/execution/execution_code_handle.c:229	commented	私有候选 Doxygen；按实际构造/读取/派发核对，不赋予平台 GC 或机器码正确性信用。
zr_vm_core/include/zr_vm_core/execution_backend.h	SZrExecutionBackendRegistration	type	zr_vm_core/src/zr_vm_core/execution/execution_backend.c:486	注册结果的服务和注册身份，供宿主保存 owner 名称；记录不持有额外租约。	Register 输出的服务/注册身份和类别；不是运行时验证的 registration handle，值本身不新增资源持有。	zr_vm_core/include/zr_vm_core/execution_backend.h:308;zr_vm_core/src/zr_vm_core/execution/execution_backend.c:486	commented	私有候选 Doxygen；按实际构造/读取/派发核对，不赋予平台 GC 或机器码正确性信用。
zr_vm_core/include/zr_vm_core/execution_backend.h	SZrExecutionBackendVTable	type	zr_vm_core/src/zr_vm_core/execution/execution_backend.c:682	进程内后端派发和资源清理协议；通常锁内保存快照并登记回调后锁外调用；Complete 拒绝或过期产物的锁外交接存在下述清理计数 TODO，宿主关闭与 worker 时序尚待核实。	queryTarget/compileAsync/unregisterMaps/retire/destroy 必需，其余可选；派发计数保护已登记回调，Complete 清理交接尚待核实。	zr_vm_core/include/zr_vm_core/execution_backend.h:370;zr_vm_core/src/zr_vm_core/execution/execution_backend.c:682	commented	私有候选 Doxygen；按实际构造/读取/派发核对，不赋予平台 GC 或机器码正确性信用。
zr_vm_core/include/zr_vm_core/execution_backend.h	SZrExecutionBackendDescriptor	type	zr_vm_core/src/zr_vm_core/execution/execution_backend.c:483	注册时按值复制的后端能力与回调集合；userData 为后端管理的进程内上下文，flags 当前只验证已知位，不驱动作业调度。	只复制回调值和 userData，不深复制上下文；已知 flags 不驱动线程，owner 销毁条件须看作业/代码/计数。	zr_vm_core/include/zr_vm_core/execution_backend.h:383;zr_vm_core/src/zr_vm_core/execution/execution_backend.c:483	commented	私有候选 Doxygen；按实际构造/读取/派发核对，不赋予平台 GC 或机器码正确性信用。
zr_vm_core/include/zr_vm_core/execution_backend.h	SZrExecutionBackendRegistrationRecord	type	zr_vm_core/src/zr_vm_core/execution/execution_backend.c:481	宿主定长数组中的注册槽；active 与单调注册身份共同决定 owner 是否仍可派发。	宿主固定数组槽；active 加单调身份决定注册存活，descriptor 借用上下文直到 destroy，保留项未零值校验。	zr_vm_core/include/zr_vm_core/execution_backend.h:400;zr_vm_core/src/zr_vm_core/execution/execution_backend.c:481	commented	私有候选 Doxygen；按实际构造/读取/派发核对，不赋予平台 GC 或机器码正确性信用。
zr_vm_core/include/zr_vm_core/execution_backend.h	SZrExecutionCompileJob	type	zr_vm_core/src/zr_vm_core/execution/execution_backend.c:650	队列保存请求、票据与完成结果的副本；registrationSlot 指向后端 owner，codeSlot 在产物接收前为无效槽。	request/ticket/result 按值保存；codeSlot 接收前无效，FAILED/CANCELLED 可复用，发布槽随代码回收释放。	zr_vm_core/include/zr_vm_core/execution_backend.h:410;zr_vm_core/src/zr_vm_core/execution/execution_backend.c:650	commented	私有候选 Doxygen；按实际构造/读取/派发核对，不赋予平台 GC 或机器码正确性信用。
zr_vm_core/include/zr_vm_core/execution_backend.h	SZrExecutionCodeRecord	type	zr_vm_core/src/zr_vm_core/execution/execution_backend.c:1046	代码表保存产物和清理进度；双租约计数及 mapsRegistered 决定何时、从哪一步重试撤图退休。	资源清理由注册 owner 执行；双计数保活退休记录，mapsRegistered 保留撤图重试进度，retire 失败不释放槽。	zr_vm_core/include/zr_vm_core/execution_backend.h:424;zr_vm_core/src/zr_vm_core/execution/execution_backend.c:1046	commented	私有候选 Doxygen；按实际构造/读取/派发核对，不赋予平台 GC 或机器码正确性信用。
zr_vm_core/include/zr_vm_core/execution_backend.h	SZrExecutionBackendService	type	tests/core/test_ssa_backend_service.c:334	宿主拥有的定长状态机，不拥有 worker 或数组分配；服务锁保护表状态，在途计数保护已登记回调；Complete 未接收产物清理的解锁至登记间隙保留 TODO，不保证该交接已阻挡 owner 销毁。	借用三可写足量数组；初始化/Deinit 宿主独占；表锁与已登记回调计数不证明 Complete 解锁交接安全，不保活宿主 service 存储。	zr_vm_core/include/zr_vm_core/execution_backend.h:445;tests/core/test_ssa_backend_service.c:334	commented	私有候选 Doxygen；按实际构造/读取/派发核对，不赋予平台 GC 或机器码正确性信用。
zr_vm_core/include/zr_vm_core/execution_backend.h	FZrExecutionBackendQueryTarget	callback-type	zr_vm_core/src/zr_vm_core/execution/execution_backend.c:682	在提交线程锁外确认目标能力；失败交服务决定回退，回调不等于编译。	提交线程锁外同步查询，返回 OK 才认为能力接纳；查询不是编译且可耗时。	zr_vm_core/include/zr_vm_core/execution_backend.h:319;zr_vm_core/src/zr_vm_core/execution/execution_backend.c:682	commented	私有候选 Doxygen；按实际构造/读取/派发核对，不赋予平台 GC 或机器码正确性信用。
zr_vm_core/include/zr_vm_core/execution_backend.h	FZrExecutionBackendCompileAsync	callback-type	zr_vm_core/src/zr_vm_core/execution/execution_backend.c:824	由 ProcessNext 锁外调用；OK 填同步产物，PENDING 由后端稍后 Complete，异步所需 invocation 须复制。	ProcessNext 锁外派发；OK 给同步产物，PENDING 后端另行 Complete，invocation 指针不能跨回调保存。	zr_vm_core/include/zr_vm_core/execution_backend.h:326;zr_vm_core/src/zr_vm_core/execution/execution_backend.c:824	commented	私有候选 Doxygen；按实际构造/读取/派发核对，不赋予平台 GC 或机器码正确性信用。
zr_vm_core/include/zr_vm_core/execution_backend.h	FZrExecutionBackendCancelCompile	callback-type	zr_vm_core/src/zr_vm_core/execution/execution_backend.c:1217	取消编译中的票据；OK/CANCELLED 使作业终止，PENDING 或失败保留取消意图供迟到 Complete。	可缺省；OK/CANCELLED 终止作业，PENDING 或其他失败保留编译/取消意图，迟到结果仍交 Complete。	zr_vm_core/include/zr_vm_core/execution_backend.h:333;zr_vm_core/src/zr_vm_core/execution/execution_backend.c:1217	commented	私有候选 Doxygen；按实际构造/读取/派发核对，不赋予平台 GC 或机器码正确性信用。
zr_vm_core/include/zr_vm_core/execution_backend.h	FZrExecutionBackendLookupEntry	callback-type	zr_vm_core/src/zr_vm_core/execution/execution_code_handle.c:476	在执行租约保活期间查询进程内入口；成功须返回非零地址，其 ABI 与机器码正确性由后端负责。	可缺省而拒绝入口操作；成功地址必须非零，使用地址依靠执行租约而非回调计数，ABI 由后端保证。	zr_vm_core/include/zr_vm_core/execution_backend.h:339;zr_vm_core/src/zr_vm_core/execution/execution_code_handle.c:476	commented	私有候选 Doxygen；按实际构造/读取/派发核对，不赋予平台 GC 或机器码正确性信用。
zr_vm_core/include/zr_vm_core/execution_backend.h	FZrExecutionBackendQueryMap	callback-type	zr_vm_core/src/zr_vm_core/execution/execution_code_handle.c:569	查询指定已声明图的非零 hash；不返回图存储，省略回调时服务读取 CodeInfo 中的 hash。	可缺省而读取记录 hash；所查种类须声明注册，成功 hash 非零，不返回或验证平台图正文。	zr_vm_core/include/zr_vm_core/execution_backend.h:346;zr_vm_core/src/zr_vm_core/execution/execution_code_handle.c:569	commented	私有候选 Doxygen；按实际构造/读取/派发核对，不赋予平台 GC 或机器码正确性信用。
zr_vm_core/include/zr_vm_core/execution_backend.h	FZrExecutionBackendUnregisterMaps	callback-type	zr_vm_core/src/zr_vm_core/execution/execution_code_handle.c:660	清理代码前撤销后端管理的图注册；已接收记录仅撤图成功后才继续退休，失败保留重试状态。	注册必需；已接收记录撤图失败时不能继续退休，未接收产物仍会尝试 retire，重试需保存实际图进度。	zr_vm_core/include/zr_vm_core/execution_backend.h:354;zr_vm_core/src/zr_vm_core/execution/execution_code_handle.c:660	commented	私有候选 Doxygen；按实际构造/读取/派发核对，不赋予平台 GC 或机器码正确性信用。
zr_vm_core/include/zr_vm_core/execution_backend.h	FZrExecutionBackendRetire	callback-type	zr_vm_core/src/zr_vm_core/execution/execution_code_handle.c:669	撤图后释放或退休后端代码资源；未接收产物清理会在撤图失败时仍尝试此回调。	注册必需；代码/图资源由后端管理，失败不把已接收记录归 FREE，不接收产物清理不会建立可重试代码槽。	zr_vm_core/include/zr_vm_core/execution_backend.h:360;zr_vm_core/src/zr_vm_core/execution/execution_code_handle.c:669	commented	私有候选 Doxygen；按实际构造/读取/派发核对，不赋予平台 GC 或机器码正确性信用。
zr_vm_core/include/zr_vm_core/execution_backend.h	FZrExecutionBackendDestroy	callback-type	zr_vm_core/src/zr_vm_core/execution/execution_backend.c:564	注册不再被作业、代码和回调引用后销毁后端上下文；服务不自行 free userData。	注册必需；无引用作业、代码和在途计数时锁外派发，服务不直接 free userData；清理交接的寿命 TODO 保留。	zr_vm_core/include/zr_vm_core/execution_backend.h:366;zr_vm_core/src/zr_vm_core/execution/execution_backend.c:564	commented	私有候选 Doxygen；按实际构造/读取/派发核对，不赋予平台 GC 或机器码正确性信用。
zr_vm_core/include/zr_vm_core/execution_backend.h	FZrExecutionBackendResumeInterpreter	callback-type	zr_vm_core/src/zr_vm_core/execution/execution_backend.c:1632	由宿主实施帧恢复；服务只转交借用 request 和诊断，不提供 VM 状态图重建实现。	可缺省；只转交借用请求和上下文，不验证或物化 VM 状态图，关闭/恢复时序待宿主接入确认。	zr_vm_core/include/zr_vm_core/execution_backend.h:438;zr_vm_core/src/zr_vm_core/execution/execution_backend.c:1632	commented	私有候选 Doxygen；按实际构造/读取/派发核对，不赋予平台 GC 或机器码正确性信用。
zr_vm_core/include/zr_vm_core/execution_backend.h	SZrExecutionBackendCompiledCode	type-alias	zr_vm_core/src/zr_vm_core/execution/execution_backend.c:852	完成回调沿用 CodeInfo 的标量格式；接收元数据不转移可执行地址到持久化契约。	CodeInfo 的相同标量格式别名；无额外地址或资源所有权转移，完成接收另行校验。	zr_vm_core/include/zr_vm_core/execution_backend.h:269;zr_vm_core/src/zr_vm_core/execution/execution_backend.c:852	commented	私有候选 Doxygen；按实际构造/读取/派发核对，不赋予平台 GC 或机器码正确性信用。
zr_vm_core/include/zr_vm_core/execution_backend.h	SZrExecutionGenerationKey.domainIdentity	field	zr_vm_core/src/zr_vm_core/execution/execution_backend_internal.h:128;zr_vm_core/src/zr_vm_core/execution/execution_backend_internal.h:156	失效隔离维度；同号 module/generation 的不同域不应一起失效。	失效隔离维度；同号 module/generation 的不同域不应一起失效。	zr_vm_core/include/zr_vm_core/execution_backend.h:171;zr_vm_core/src/zr_vm_core/execution/execution_backend_internal.h:128;zr_vm_core/src/zr_vm_core/execution/execution_backend_internal.h:156	no-comment	完整阅读；契约归属已说明，局部名称及条件足够，不为单一成员重复插入注释。
zr_vm_core/include/zr_vm_core/execution_backend.h	SZrExecutionGenerationKey.moduleIdentity	field	zr_vm_core/src/zr_vm_core/execution/execution_backend_internal.h:129;zr_vm_core/src/zr_vm_core/execution/execution_backend_internal.h:157	模块命名空间，request.contract.moduleHash 须一致。	模块命名空间，request.contract.moduleHash 须一致。	zr_vm_core/include/zr_vm_core/execution_backend.h:172;zr_vm_core/src/zr_vm_core/execution/execution_backend_internal.h:129;zr_vm_core/src/zr_vm_core/execution/execution_backend_internal.h:157	no-comment	完整阅读；契约归属已说明，局部名称及条件足够，不为单一成员重复插入注释。
zr_vm_core/include/zr_vm_core/execution_backend.h	SZrExecutionGenerationKey.generation	field	zr_vm_core/src/zr_vm_core/execution/execution_backend_internal.h:130;zr_vm_core/src/zr_vm_core/execution/execution_backend_internal.h:157	代次必须非零，与 request.contract.generation 一致。	代次必须非零，与 request.contract.generation 一致。	zr_vm_core/include/zr_vm_core/execution_backend.h:173;zr_vm_core/src/zr_vm_core/execution/execution_backend_internal.h:130;zr_vm_core/src/zr_vm_core/execution/execution_backend_internal.h:157	no-comment	完整阅读；契约归属已说明，局部名称及条件足够，不为单一成员重复插入注释。
zr_vm_core/include/zr_vm_core/execution_backend.h	SZrExecutionGenerationKey.backendRegistrationIdentity	field	zr_vm_core/src/zr_vm_core/execution/execution_backend_internal.h:131;zr_vm_core/src/zr_vm_core/execution/execution_backend_internal.h:132;zr_vm_core/src/zr_vm_core/execution/execution_backend_internal.h:159	请求可为零以选择注册；完整失效键和产物必须补齐实际注册身份。	请求可为零以选择注册；完整失效键和产物必须补齐实际注册身份。	zr_vm_core/include/zr_vm_core/execution_backend.h:174;zr_vm_core/src/zr_vm_core/execution/execution_backend_internal.h:131;zr_vm_core/src/zr_vm_core/execution/execution_backend_internal.h:132	no-comment	完整阅读；契约归属已说明，局部名称及条件足够，不为单一成员重复插入注释。
zr_vm_core/include/zr_vm_core/execution_backend.h	SZrExecutionBackendTarget.schemaVersion	field	tests/core/test_ssa_backend_service.c:207	结构版本形状检查，不改变磁盘旧格式。	结构版本形状检查，不改变磁盘旧格式。	zr_vm_core/include/zr_vm_core/execution_backend.h:183;tests/core/test_ssa_backend_service.c:207	no-comment	完整阅读；契约归属已说明，局部名称及条件足够，不为单一成员重复插入注释。
zr_vm_core/include/zr_vm_core/execution_backend.h	SZrExecutionBackendTarget.kind	field	tests/core/test_ssa_backend_service.c:208;zr_vm_jit/src/orc_backend.cpp:321;zr_vm_jit/src/orc_backend.cpp:325	实际后端目标种类，排除 NONE/COUNT。	实际后端目标种类，排除 NONE/COUNT。	zr_vm_core/include/zr_vm_core/execution_backend.h:184;tests/core/test_ssa_backend_service.c:208;zr_vm_jit/src/orc_backend.cpp:321	no-comment	完整阅读；契约归属已说明，局部名称及条件足够，不为单一成员重复插入注释。
zr_vm_core/include/zr_vm_core/execution_backend.h	SZrExecutionBackendTarget.abiVersion	field	tests/core/test_ssa_backend_service.c:209;zr_vm_jit/src/orc_backend.cpp:335	候选与请求 ABI 版本须相等，非零只为形状前提。	候选与请求 ABI 版本须相等，非零只为形状前提。	zr_vm_core/include/zr_vm_core/execution_backend.h:185;tests/core/test_ssa_backend_service.c:209;zr_vm_jit/src/orc_backend.cpp:335	no-comment	完整阅读；契约归属已说明，局部名称及条件足够，不为单一成员重复插入注释。
zr_vm_core/include/zr_vm_core/execution_backend.h	SZrExecutionBackendTarget.reserved	field	未见该字段独立消费；tests/core/test_ssa_backend_service.c:206 memset target 为整体清零写，不是单独字段读取	保留存储，当前服务未赋予业务意义；不能将其读成有效性或生命周期标志。	当前整体构造清零，接收或校验未要求该保留字段必须为零；不赋予状态、校验或寿命语义。	zr_vm_core/include/zr_vm_core/execution_backend.h:186;tests/core/test_ssa_backend_service.c:206	no-comment	完整阅读；契约归属已说明，局部名称及条件足够，不为单一成员重复插入注释。
zr_vm_core/include/zr_vm_core/execution_backend.h	SZrExecutionBackendTarget.targetTripleHash	field	tests/core/test_ssa_backend_service.c:210;zr_vm_jit/src/orc_backend.cpp:336	后端目标见证与重复注册身份组成部分，进一步交 queryTarget。	后端目标见证与重复注册身份组成部分，进一步交 queryTarget。	zr_vm_core/include/zr_vm_core/execution_backend.h:187;tests/core/test_ssa_backend_service.c:210;zr_vm_jit/src/orc_backend.cpp:336	no-comment	完整阅读；契约归属已说明，局部名称及条件足够，不为单一成员重复插入注释。
zr_vm_core/include/zr_vm_core/execution_backend.h	SZrExecutionBackendTarget.layoutHash	field	tests/core/test_ssa_backend_service.c:211;zr_vm_jit/src/orc_backend.cpp:337;zr_vm_jit/src/orc_backend.cpp:344	目标布局见证，候选须匹配 request.contract.layoutHash。	目标布局见证，候选须匹配 request.contract.layoutHash。	zr_vm_core/include/zr_vm_core/execution_backend.h:188;tests/core/test_ssa_backend_service.c:211;zr_vm_jit/src/orc_backend.cpp:337	no-comment	完整阅读；契约归属已说明，局部名称及条件足够，不为单一成员重复插入注释。
zr_vm_core/include/zr_vm_core/execution_backend.h	SZrExecutionBackendTarget.capabilityHash	field	tests/core/test_ssa_backend_service.c:212	注册目标身份及重复检测组成部分，不直接实现能力。	注册目标身份及重复检测组成部分，不直接实现能力。	zr_vm_core/include/zr_vm_core/execution_backend.h:189;tests/core/test_ssa_backend_service.c:212	no-comment	完整阅读；契约归属已说明，局部名称及条件足够，不为单一成员重复插入注释。
zr_vm_core/include/zr_vm_core/execution_backend.h	SZrExecutionBackendDiagnostic.status	field	zr_vm_core/src/zr_vm_core/execution/execution_backend.c:207;zr_vm_core/src/zr_vm_core/execution/execution_backend.c:623;zr_vm_core/src/zr_vm_core/execution/execution_backend.c:706;zr_vm_core/src/zr_vm_core/execution/execution_backend.c:846;zr_vm_core/src/zr_vm_core/execution/execution_backend.c:862;zr_vm_core/src/zr_vm_core/execution/execution_backend.c:863;zr_vm_core/src/zr_vm_core/execution/execution_backend.c:1063;zr_vm_core/src/zr_vm_core/execution/execution_backend.c:1141;zr_vm_core/src/zr_vm_core/execution/execution_backend.c:1180;zr_vm_core/src/zr_vm_core/execution/execution_backend.c:1236;zr_vm_core/src/zr_vm_core/execution/execution_backend.c:1376;zr_vm_core/src/zr_vm_core/execution/execution_backend.c:1471;zr_vm_core/src/zr_vm_core/execution/execution_backend.c:1596;zr_vm_core/src/zr_vm_core/execution/execution_backend_internal.h:42	诊断原因；fallback 时可保留原拒绝原因。	诊断原因；fallback 时可保留原拒绝原因。	zr_vm_core/include/zr_vm_core/execution_backend.h:196;zr_vm_core/src/zr_vm_core/execution/execution_backend.c:207;zr_vm_core/src/zr_vm_core/execution/execution_backend.c:623	no-comment	完整阅读；契约归属已说明，局部名称及条件足够，不为单一成员重复插入注释。
zr_vm_core/include/zr_vm_core/execution_backend.h	SZrExecutionBackendDiagnostic.sourceId	field	zr_vm_core/src/zr_vm_core/execution/execution_backend.c:155;zr_vm_core/src/zr_vm_core/execution/execution_backend.c:626;zr_vm_core/src/zr_vm_core/execution/execution_backend.c:941	请求拒绝/完成失败的源码定位；不是地址。	请求拒绝/完成失败的源码定位；不是地址。	zr_vm_core/include/zr_vm_core/execution_backend.h:197;zr_vm_core/src/zr_vm_core/execution/execution_backend.c:155;zr_vm_core/src/zr_vm_core/execution/execution_backend.c:626	no-comment	完整阅读；契约归属已说明，局部名称及条件足够，不为单一成员重复插入注释。
zr_vm_core/include/zr_vm_core/execution_backend.h	SZrExecutionBackendDiagnostic.instructionId	field	zr_vm_core/src/zr_vm_core/execution/execution_backend.c:156;zr_vm_core/src/zr_vm_core/execution/execution_backend.c:627;zr_vm_core/src/zr_vm_core/execution/execution_backend.c:942	请求拒绝/完成失败的指令定位；不是执行位置指针。	请求拒绝/完成失败的指令定位；不是执行位置指针。	zr_vm_core/include/zr_vm_core/execution_backend.h:198;zr_vm_core/src/zr_vm_core/execution/execution_backend.c:156;zr_vm_core/src/zr_vm_core/execution/execution_backend.c:627	no-comment	完整阅读；契约归属已说明，局部名称及条件足够，不为单一成员重复插入注释。
zr_vm_core/include/zr_vm_core/execution_backend.h	SZrExecutionBackendDiagnostic.expectedState	field	zr_vm_core/src/zr_vm_core/execution/execution_backend_internal.h:43	当前失败分支的状态期望，不统一等于作业枚举。	当前失败分支的状态期望，不统一等于作业枚举。	zr_vm_core/include/zr_vm_core/execution_backend.h:199;zr_vm_core/src/zr_vm_core/execution/execution_backend_internal.h:43	no-comment	完整阅读；契约归属已说明，局部名称及条件足够，不为单一成员重复插入注释。
zr_vm_core/include/zr_vm_core/execution_backend.h	SZrExecutionBackendDiagnostic.actualState	field	zr_vm_core/src/zr_vm_core/execution/execution_backend_internal.h:44	失败时状态对照，不更新输入票据。	失败时状态对照，不更新输入票据。	zr_vm_core/include/zr_vm_core/execution_backend.h:200;zr_vm_core/src/zr_vm_core/execution/execution_backend_internal.h:44	no-comment	完整阅读；契约归属已说明，局部名称及条件足够，不为单一成员重复插入注释。
zr_vm_core/include/zr_vm_core/execution_backend.h	SZrExecutionBackendDiagnostic.ticketId	field	zr_vm_core/src/zr_vm_core/execution/execution_backend.c:707;zr_vm_core/src/zr_vm_core/execution/execution_backend.c:847;zr_vm_core/src/zr_vm_core/execution/execution_backend.c:1064;zr_vm_core/src/zr_vm_core/execution/execution_backend.c:1142;zr_vm_core/src/zr_vm_core/execution/execution_backend.c:1181;zr_vm_core/src/zr_vm_core/execution/execution_backend.c:1237;zr_vm_core/src/zr_vm_core/execution/execution_backend_internal.h:45	service 内单调作业身份；fallback 留零。	service 内单调作业身份；fallback 留零。	zr_vm_core/include/zr_vm_core/execution_backend.h:201;zr_vm_core/src/zr_vm_core/execution/execution_backend.c:707;zr_vm_core/src/zr_vm_core/execution/execution_backend.c:847	no-comment	完整阅读；契约归属已说明，局部名称及条件足够，不为单一成员重复插入注释。
zr_vm_core/include/zr_vm_core/execution_backend.h	SZrExecutionBackendDiagnostic.codeIdentity	field	zr_vm_core/src/zr_vm_core/execution/execution_backend.c:1065;zr_vm_core/src/zr_vm_core/execution/execution_backend.c:1143;zr_vm_core/src/zr_vm_core/execution/execution_backend.c:1182;zr_vm_core/src/zr_vm_core/execution/execution_backend_internal.h:46	在非 FREE 代码记录中不得重复；不等于可执行地址。	在非 FREE 代码记录中不得重复；不等于可执行地址。	zr_vm_core/include/zr_vm_core/execution_backend.h:202;zr_vm_core/src/zr_vm_core/execution/execution_backend.c:1065;zr_vm_core/src/zr_vm_core/execution/execution_backend.c:1143	no-comment	完整阅读；契约归属已说明，局部名称及条件足够，不为单一成员重复插入注释。
zr_vm_core/include/zr_vm_core/execution_backend.h	SZrExecutionBackendDiagnostic.expected	field	zr_vm_core/src/zr_vm_core/execution/execution_backend_internal.h:47	当前失败分支的标量期望，解释随 status。	当前失败分支的标量期望，解释随 status。	zr_vm_core/include/zr_vm_core/execution_backend.h:203;zr_vm_core/src/zr_vm_core/execution/execution_backend_internal.h:47	no-comment	完整阅读；契约归属已说明，局部名称及条件足够，不为单一成员重复插入注释。
zr_vm_core/include/zr_vm_core/execution_backend.h	SZrExecutionBackendDiagnostic.actual	field	zr_vm_core/src/zr_vm_core/execution/execution_backend.c:1379;zr_vm_core/src/zr_vm_core/execution/execution_backend_internal.h:48	当前失败分支的标量观测，解释随 status。	当前失败分支的标量观测，解释随 status。	zr_vm_core/include/zr_vm_core/execution_backend.h:204;zr_vm_core/src/zr_vm_core/execution/execution_backend.c:1379;zr_vm_core/src/zr_vm_core/execution/execution_backend_internal.h:48	no-comment	完整阅读；契约归属已说明，局部名称及条件足够，不为单一成员重复插入注释。
zr_vm_core/include/zr_vm_core/execution_backend.h	SZrExecutionBackendDiagnostic.expectedKey	field	zr_vm_core/src/zr_vm_core/execution/execution_backend.c:624;zr_vm_core/src/zr_vm_core/execution/execution_backend.c:1377	失败身份对照，仅相应分支填写。	失败身份对照，仅相应分支填写。	zr_vm_core/include/zr_vm_core/execution_backend.h:205;zr_vm_core/src/zr_vm_core/execution/execution_backend.c:624;zr_vm_core/src/zr_vm_core/execution/execution_backend.c:1377	no-comment	完整阅读；契约归属已说明，局部名称及条件足够，不为单一成员重复插入注释。
zr_vm_core/include/zr_vm_core/execution_backend.h	SZrExecutionBackendDiagnostic.actualKey	field	zr_vm_core/src/zr_vm_core/execution/execution_backend.c:625;zr_vm_core/src/zr_vm_core/execution/execution_backend.c:1378	失败身份对照，不是活跃记录租约。	失败身份对照，不是活跃记录租约。	zr_vm_core/include/zr_vm_core/execution_backend.h:206;zr_vm_core/src/zr_vm_core/execution/execution_backend.c:625;zr_vm_core/src/zr_vm_core/execution/execution_backend.c:1378	no-comment	完整阅读；契约归属已说明，局部名称及条件足够，不为单一成员重复插入注释。
zr_vm_core/include/zr_vm_core/execution_backend.h	SZrExecutionCompileRequest.magic	field	tests/core/test_ssa_backend_service.c:258;zr_vm_core/src/zr_vm_core/execution/execution_backend_internal.h:222	对象类别标识，不能证明指针存储或计数合法。	对象类别标识，不能证明指针存储或计数合法。	zr_vm_core/include/zr_vm_core/execution_backend.h:213;tests/core/test_ssa_backend_service.c:258;zr_vm_core/src/zr_vm_core/execution/execution_backend_internal.h:222	no-comment	完整阅读；契约归属已说明，局部名称及条件足够，不为单一成员重复插入注释。
zr_vm_core/include/zr_vm_core/execution_backend.h	SZrExecutionCompileRequest.schemaVersion	field	tests/core/test_ssa_backend_service.c:259;zr_vm_core/src/zr_vm_core/execution/execution_backend_internal.h:223	结构版本形状检查，不改变磁盘旧格式。	结构版本形状检查，不改变磁盘旧格式。	zr_vm_core/include/zr_vm_core/execution_backend.h:214;tests/core/test_ssa_backend_service.c:259;zr_vm_core/src/zr_vm_core/execution/execution_backend_internal.h:223	no-comment	完整阅读；契约归属已说明，局部名称及条件足够，不为单一成员重复插入注释。
zr_vm_core/include/zr_vm_core/execution_backend.h	SZrExecutionCompileRequest.flags	field	tests/core/test_ssa_backend_service.c:260;zr_vm_core/src/zr_vm_core/execution/execution_backend_internal.h:224;zr_vm_core/src/zr_vm_core/execution/execution_backend_internal.h:225	只接受对应已知位；请求位决定回退许可，描述符位不驱动线程。	只接受对应已知位；请求位决定回退许可，描述符位不驱动线程。	zr_vm_core/include/zr_vm_core/execution_backend.h:215;tests/core/test_ssa_backend_service.c:260;zr_vm_core/src/zr_vm_core/execution/execution_backend_internal.h:224	no-comment	完整阅读；契约归属已说明，局部名称及条件足够，不为单一成员重复插入注释。
zr_vm_core/include/zr_vm_core/execution_backend.h	SZrExecutionCompileRequest.requestedTarget	field	tests/core/test_ssa_backend_service.c:262;zr_vm_core/src/zr_vm_core/execution/execution_backend_internal.h:226;zr_vm_core/src/zr_vm_core/execution/execution_backend.c:657	在队列选择注册目标；不因 fallback 改写。	在队列选择注册目标；不因 fallback 改写。	zr_vm_core/include/zr_vm_core/execution_backend.h:216;tests/core/test_ssa_backend_service.c:262;zr_vm_core/src/zr_vm_core/execution/execution_backend_internal.h:226	no-comment	完整阅读；契约归属已说明，局部名称及条件足够，不为单一成员重复插入注释。
zr_vm_core/include/zr_vm_core/execution_backend.h	SZrExecutionCompileRequest.generationKey	field	tests/core/test_ssa_backend_service.c:263;zr_vm_core/src/zr_vm_core/execution/execution_backend_internal.h:227;zr_vm_core/src/zr_vm_core/execution/execution_backend_internal.h:231;zr_vm_core/src/zr_vm_core/execution/execution_backend_internal.h:235;zr_vm_core/src/zr_vm_core/execution/execution_backend.c:617	域/模块/代次/注册共同限定身份，匹配不只比较 generation。	域/模块/代次/注册共同限定身份，匹配不只比较 generation。	zr_vm_core/include/zr_vm_core/execution_backend.h:217;tests/core/test_ssa_backend_service.c:263;zr_vm_core/src/zr_vm_core/execution/execution_backend_internal.h:227	no-comment	完整阅读；契约归属已说明，局部名称及条件足够，不为单一成员重复插入注释。
zr_vm_core/include/zr_vm_core/execution_backend.h	SZrExecutionCompileRequest.contract	field	tests/core/test_ssa_backend_service.c:264;tests/core/test_ssa_backend_service.c:265;tests/core/test_ssa_backend_service.c:266;tests/core/test_ssa_backend_service.c:267;tests/core/test_ssa_backend_service.c:268;tests/core/test_ssa_backend_service.c:269;tests/core/test_ssa_backend_service.c:270;tests/core/test_ssa_backend_service.c:271;tests/core/test_ssa_backend_service.c:272;tests/core/test_ssa_backend_service.c:273;zr_vm_core/src/zr_vm_core/execution/execution_backend_internal.h:228;zr_vm_core/src/zr_vm_core/execution/execution_backend_internal.h:229;zr_vm_core/src/zr_vm_core/execution/execution_backend_internal.h:230;zr_vm_core/src/zr_vm_core/execution/execution_backend_internal.h:231;zr_vm_core/src/zr_vm_core/execution/execution_backend_internal.h:232;zr_vm_core/src/zr_vm_core/execution/execution_backend_internal.h:233;zr_vm_core/src/zr_vm_core/execution/execution_backend_internal.h:234;zr_vm_core/src/zr_vm_core/execution/execution_backend_internal.h:235;zr_vm_core/src/zr_vm_core/execution/execution_backend_internal.h:236;zr_vm_core/src/zr_vm_core/execution/execution_backend_internal.h:238	完成时逐字段匹配请求的执行契约；保留值不验证真实机器码 ABI。	完成时逐字段匹配请求的执行契约；保留值不验证真实机器码 ABI。	zr_vm_core/include/zr_vm_core/execution_backend.h:218;tests/core/test_ssa_backend_service.c:264;tests/core/test_ssa_backend_service.c:265	no-comment	完整阅读；契约归属已说明，局部名称及条件足够，不为单一成员重复插入注释。
zr_vm_core/include/zr_vm_core/execution_backend.h	SZrExecutionCompileRequest.immutableIrHash	field	tests/core/test_ssa_backend_service.c:274;zr_vm_core/src/zr_vm_core/execution/execution_backend_internal.h:240	原不可变 IR 标量见证；产物必须匹配，服务不读取 IR 正文。	原不可变 IR 标量见证；产物必须匹配，服务不读取 IR 正文。	zr_vm_core/include/zr_vm_core/execution_backend.h:219;tests/core/test_ssa_backend_service.c:274;zr_vm_core/src/zr_vm_core/execution/execution_backend_internal.h:240	no-comment	完整阅读；契约归属已说明，局部名称及条件足够，不为单一成员重复插入注释。
zr_vm_core/include/zr_vm_core/execution_backend.h	SZrExecutionCompileRequest.compileInputHash	field	tests/core/test_ssa_backend_service.c:275;zr_vm_core/src/zr_vm_core/execution/execution_backend_internal.h:240	编译输入标量见证，接收产物时须与请求相同。	编译输入标量见证，接收产物时须与请求相同。	zr_vm_core/include/zr_vm_core/execution_backend.h:220;tests/core/test_ssa_backend_service.c:275;zr_vm_core/src/zr_vm_core/execution/execution_backend_internal.h:240	no-comment	完整阅读；契约归属已说明，局部名称及条件足够，不为单一成员重复插入注释。
zr_vm_core/include/zr_vm_core/execution_backend.h	SZrExecutionCompileRequest.sourceId	field	tests/core/test_ssa_backend_service.c:276;zr_vm_core/src/zr_vm_core/execution/execution_backend_internal.h:241;zr_vm_core/src/zr_vm_core/execution/execution_backend.c:626	请求拒绝/完成失败的源码定位；不是地址。	请求拒绝/完成失败的源码定位；不是地址。	zr_vm_core/include/zr_vm_core/execution_backend.h:221;tests/core/test_ssa_backend_service.c:276;zr_vm_core/src/zr_vm_core/execution/execution_backend_internal.h:241	no-comment	完整阅读；契约归属已说明，局部名称及条件足够，不为单一成员重复插入注释。
zr_vm_core/include/zr_vm_core/execution_backend.h	SZrExecutionCompileRequest.instructionId	field	tests/core/test_ssa_backend_service.c:277;zr_vm_core/src/zr_vm_core/execution/execution_backend_internal.h:241;zr_vm_core/src/zr_vm_core/execution/execution_backend.c:627	请求拒绝/完成失败的指令定位；不是执行位置指针。	请求拒绝/完成失败的指令定位；不是执行位置指针。	zr_vm_core/include/zr_vm_core/execution_backend.h:222;tests/core/test_ssa_backend_service.c:277;zr_vm_core/src/zr_vm_core/execution/execution_backend_internal.h:241	no-comment	完整阅读；契约归属已说明，局部名称及条件足够，不为单一成员重复插入注释。
zr_vm_core/include/zr_vm_core/execution_backend.h	SZrExecutionCompileRequest.requiredOperations	field	tests/core/test_ssa_backend_service.c:278;zr_vm_core/src/zr_vm_core/execution/execution_backend_internal.h:242;zr_vm_core/src/zr_vm_core/execution/execution_backend_internal.h:243;zr_vm_core/src/zr_vm_core/execution/execution_backend.c:683	非零已知操作集合，与注册能力做子集匹配。	非零已知操作集合，与注册能力做子集匹配。	zr_vm_core/include/zr_vm_core/execution_backend.h:223;tests/core/test_ssa_backend_service.c:278;zr_vm_core/src/zr_vm_core/execution/execution_backend_internal.h:242	no-comment	完整阅读；契约归属已说明，局部名称及条件足够，不为单一成员重复插入注释。
zr_vm_core/include/zr_vm_core/execution_backend.h	SZrExecutionCompileRequest.requiredMapFlags	field	tests/core/test_ssa_backend_service.c:279;zr_vm_core/src/zr_vm_core/execution/execution_backend_internal.h:244	允许空集合；产物须包含所请求位，所有已注册位仍须有非零 hash。	允许空集合；产物须包含所请求位，所有已注册位仍须有非零 hash。	zr_vm_core/include/zr_vm_core/execution_backend.h:224;tests/core/test_ssa_backend_service.c:279;zr_vm_core/src/zr_vm_core/execution/execution_backend_internal.h:244	no-comment	完整阅读；契约归属已说明，局部名称及条件足够，不为单一成员重复插入注释。
zr_vm_core/include/zr_vm_core/execution_backend.h	SZrExecutionCompileTicket.magic	field	zr_vm_core/src/zr_vm_core/execution/execution_backend_internal.h:333;zr_vm_core/src/zr_vm_core/execution/execution_backend.c:199;zr_vm_core/src/zr_vm_core/execution/execution_backend.c:652;zr_vm_core/src/zr_vm_core/execution/execution_backend.c:912	对象类别标识，不能证明指针存储或计数合法。	对象类别标识，不能证明指针存储或计数合法。	zr_vm_core/include/zr_vm_core/execution_backend.h:230;zr_vm_core/src/zr_vm_core/execution/execution_backend_internal.h:333;zr_vm_core/src/zr_vm_core/execution/execution_backend.c:199	no-comment	完整阅读；契约归属已说明，局部名称及条件足够，不为单一成员重复插入注释。
zr_vm_core/include/zr_vm_core/execution_backend.h	SZrExecutionCompileTicket.schemaVersion	field	zr_vm_core/src/zr_vm_core/execution/execution_backend_internal.h:334;zr_vm_core/src/zr_vm_core/execution/execution_backend.c:200;zr_vm_core/src/zr_vm_core/execution/execution_backend.c:653;zr_vm_core/src/zr_vm_core/execution/execution_backend.c:913	结构版本形状检查，不改变磁盘旧格式。	结构版本形状检查，不改变磁盘旧格式。	zr_vm_core/include/zr_vm_core/execution_backend.h:231;zr_vm_core/src/zr_vm_core/execution/execution_backend_internal.h:334;zr_vm_core/src/zr_vm_core/execution/execution_backend.c:200	no-comment	完整阅读；契约归属已说明，局部名称及条件足够，不为单一成员重复插入注释。
zr_vm_core/include/zr_vm_core/execution_backend.h	SZrExecutionCompileTicket.serviceIdentity	field	zr_vm_core/src/zr_vm_core/execution/execution_backend_internal.h:335;zr_vm_core/src/zr_vm_core/execution/execution_backend.c:654;zr_vm_core/src/zr_vm_core/execution/execution_backend.c:914	拒绝另一 service 的 ticket/handle；宿主负责代际身份分配。	拒绝另一 service 的 ticket/handle；宿主负责代际身份分配。	zr_vm_core/include/zr_vm_core/execution_backend.h:232;zr_vm_core/src/zr_vm_core/execution/execution_backend_internal.h:335;zr_vm_core/src/zr_vm_core/execution/execution_backend.c:654	no-comment	完整阅读；契约归属已说明，局部名称及条件足够，不为单一成员重复插入注释。
zr_vm_core/include/zr_vm_core/execution_backend.h	SZrExecutionCompileTicket.ticketId	field	zr_vm_core/src/zr_vm_core/execution/execution_backend_internal.h:336;zr_vm_core/src/zr_vm_core/execution/execution_backend_internal.h:339;zr_vm_core/src/zr_vm_core/execution/execution_backend.c:655;zr_vm_core/src/zr_vm_core/execution/execution_backend.c:901;zr_vm_core/src/zr_vm_core/execution/execution_backend.c:935;zr_vm_core/src/zr_vm_core/execution/execution_backend.c:968;zr_vm_core/src/zr_vm_core/execution/execution_backend.c:1020;zr_vm_core/src/zr_vm_core/execution/execution_backend.c:1042;zr_vm_core/src/zr_vm_core/execution/execution_backend.c:1064	service 内单调作业身份；fallback 留零。	service 内单调作业身份；fallback 留零。	zr_vm_core/include/zr_vm_core/execution_backend.h:233;zr_vm_core/src/zr_vm_core/execution/execution_backend_internal.h:336;zr_vm_core/src/zr_vm_core/execution/execution_backend_internal.h:339	no-comment	完整阅读；契约归属已说明，局部名称及条件足够，不为单一成员重复插入注释。
zr_vm_core/include/zr_vm_core/execution_backend.h	SZrExecutionCompileTicket.generationKey	field	zr_vm_core/src/zr_vm_core/execution/execution_backend_internal.h:343;zr_vm_core/src/zr_vm_core/execution/execution_backend.c:205;zr_vm_core/src/zr_vm_core/execution/execution_backend.c:656;zr_vm_core/src/zr_vm_core/execution/execution_backend.c:915;zr_vm_core/src/zr_vm_core/execution/execution_backend.c:919	域/模块/代次/注册共同限定身份，匹配不只比较 generation。	域/模块/代次/注册共同限定身份，匹配不只比较 generation。	zr_vm_core/include/zr_vm_core/execution_backend.h:234;zr_vm_core/src/zr_vm_core/execution/execution_backend_internal.h:343;zr_vm_core/src/zr_vm_core/execution/execution_backend.c:205	no-comment	完整阅读；契约归属已说明，局部名称及条件足够，不为单一成员重复插入注释。
zr_vm_core/include/zr_vm_core/execution_backend.h	SZrExecutionCompileTicket.target	field	zr_vm_core/src/zr_vm_core/execution/execution_backend.c:201;zr_vm_core/src/zr_vm_core/execution/execution_backend.c:657	目标快照或描述符目标；选择与回调使用不同阶段核对。	目标快照或描述符目标；选择与回调使用不同阶段核对。	zr_vm_core/include/zr_vm_core/execution_backend.h:235;zr_vm_core/src/zr_vm_core/execution/execution_backend.c:201;zr_vm_core/src/zr_vm_core/execution/execution_backend.c:657	no-comment	完整阅读；契约归属已说明，局部名称及条件足够，不为单一成员重复插入注释。
zr_vm_core/include/zr_vm_core/execution_backend.h	SZrExecutionCompileTicket.fallback	field	zr_vm_core/src/zr_vm_core/execution/execution_backend.c:203;zr_vm_core/src/zr_vm_core/execution/execution_backend.c:658	下一执行路径选择，fallback ticket 不绑定真实作业。	下一执行路径选择，fallback ticket 不绑定真实作业。	zr_vm_core/include/zr_vm_core/execution_backend.h:236;zr_vm_core/src/zr_vm_core/execution/execution_backend.c:203;zr_vm_core/src/zr_vm_core/execution/execution_backend.c:658	no-comment	完整阅读；契约归属已说明，局部名称及条件足够，不为单一成员重复插入注释。
zr_vm_core/include/zr_vm_core/execution_backend.h	SZrExecutionCompileTicket.state	field	zr_vm_core/src/zr_vm_core/execution/execution_backend.c:204;zr_vm_core/src/zr_vm_core/execution/execution_backend.c:659;zr_vm_core/src/zr_vm_core/execution/execution_backend.c:965;zr_vm_core/src/zr_vm_core/execution/execution_backend.c:986;zr_vm_core/src/zr_vm_core/execution/execution_backend.c:1017;zr_vm_core/src/zr_vm_core/execution/execution_backend.c:1059	由当前 service 记录决定；票据或 view 中是可过时快照。	由当前 service 记录决定；票据或 view 中是可过时快照。	zr_vm_core/include/zr_vm_core/execution_backend.h:237;zr_vm_core/src/zr_vm_core/execution/execution_backend.c:204;zr_vm_core/src/zr_vm_core/execution/execution_backend.c:659	no-comment	完整阅读；契约归属已说明，局部名称及条件足够，不为单一成员重复插入注释。
zr_vm_core/include/zr_vm_core/execution_backend.h	SZrExecutionBackendCompileInvocation.ticket	field	zr_vm_core/src/zr_vm_core/execution/execution_backend.c:809;zr_vm_core/src/zr_vm_core/execution/execution_backend.c:819;zr_vm_core/src/zr_vm_core/execution/execution_backend.c:834;zr_vm_core/src/zr_vm_core/execution/execution_backend.c:847;zr_vm_core/src/zr_vm_core/execution/execution_backend.c:853;zr_vm_core/src/zr_vm_core/execution/execution_backend.c:866;tests/core/test_ssa_backend_service.c:83	排队身份/状态副本，worker 与观察者需以当前记录核对。	排队身份/状态副本，worker 与观察者需以当前记录核对。	zr_vm_core/include/zr_vm_core/execution_backend.h:243;zr_vm_core/src/zr_vm_core/execution/execution_backend.c:809;zr_vm_core/src/zr_vm_core/execution/execution_backend.c:819	no-comment	完整阅读；契约归属已说明，局部名称及条件足够，不为单一成员重复插入注释。
zr_vm_core/include/zr_vm_core/execution_backend.h	SZrExecutionBackendCompileInvocation.request	field	zr_vm_core/src/zr_vm_core/execution/execution_backend.c:810;tests/core/test_ssa_backend_service.c:84;tests/core/test_ssa_backend_service.c:91	入队快照；补齐注册身份后交给 worker。	入队快照；补齐注册身份后交给 worker。	zr_vm_core/include/zr_vm_core/execution_backend.h:244;zr_vm_core/src/zr_vm_core/execution/execution_backend.c:810;tests/core/test_ssa_backend_service.c:84	no-comment	完整阅读；契约归属已说明，局部名称及条件足够，不为单一成员重复插入注释。
zr_vm_core/include/zr_vm_core/execution_backend.h	SZrExecutionBackendCodeInfo.magic	field	tests/core/test_ssa_backend_service.c:294;zr_vm_core/src/zr_vm_core/execution/execution_backend_internal.h:272	对象类别标识，不能证明指针存储或计数合法。	对象类别标识，不能证明指针存储或计数合法。	zr_vm_core/include/zr_vm_core/execution_backend.h:251;tests/core/test_ssa_backend_service.c:294;zr_vm_core/src/zr_vm_core/execution/execution_backend_internal.h:272	no-comment	完整阅读；契约归属已说明，局部名称及条件足够，不为单一成员重复插入注释。
zr_vm_core/include/zr_vm_core/execution_backend.h	SZrExecutionBackendCodeInfo.schemaVersion	field	tests/core/test_ssa_backend_service.c:295;zr_vm_core/src/zr_vm_core/execution/execution_backend_internal.h:273	结构版本形状检查，不改变磁盘旧格式。	结构版本形状检查，不改变磁盘旧格式。	zr_vm_core/include/zr_vm_core/execution_backend.h:252;tests/core/test_ssa_backend_service.c:295;zr_vm_core/src/zr_vm_core/execution/execution_backend_internal.h:273	no-comment	完整阅读；契约归属已说明，局部名称及条件足够，不为单一成员重复插入注释。
zr_vm_core/include/zr_vm_core/execution_backend.h	SZrExecutionBackendCodeInfo.generationKey	field	tests/core/test_ssa_backend_service.c:296;zr_vm_core/src/zr_vm_core/execution/execution_backend_internal.h:275	域/模块/代次/注册共同限定身份，匹配不只比较 generation。	域/模块/代次/注册共同限定身份，匹配不只比较 generation。	zr_vm_core/include/zr_vm_core/execution_backend.h:253;tests/core/test_ssa_backend_service.c:296;zr_vm_core/src/zr_vm_core/execution/execution_backend_internal.h:275	no-comment	完整阅读；契约归属已说明，局部名称及条件足够，不为单一成员重复插入注释。
zr_vm_core/include/zr_vm_core/execution_backend.h	SZrExecutionBackendCodeInfo.contract	field	tests/core/test_ssa_backend_service.c:297;zr_vm_core/src/zr_vm_core/execution/execution_backend_internal.h:276;zr_vm_core/src/zr_vm_core/execution/execution_backend_internal.h:277;zr_vm_core/src/zr_vm_core/execution/execution_backend_internal.h:278;zr_vm_core/src/zr_vm_core/execution/execution_backend_internal.h:279;zr_vm_core/src/zr_vm_core/execution/execution_backend_internal.h:280;zr_vm_core/src/zr_vm_core/execution/execution_backend_internal.h:281;zr_vm_core/src/zr_vm_core/execution/execution_backend_internal.h:282;zr_vm_core/src/zr_vm_core/execution/execution_backend_internal.h:283;zr_vm_core/src/zr_vm_core/execution/execution_backend_internal.h:284;zr_vm_core/src/zr_vm_core/execution/execution_backend_internal.h:285	完成时逐字段匹配请求的执行契约；保留值不验证真实机器码 ABI。	完成时逐字段匹配请求的执行契约；保留值不验证真实机器码 ABI。	zr_vm_core/include/zr_vm_core/execution_backend.h:254;tests/core/test_ssa_backend_service.c:297;zr_vm_core/src/zr_vm_core/execution/execution_backend_internal.h:276	no-comment	完整阅读；契约归属已说明，局部名称及条件足够，不为单一成员重复插入注释。
zr_vm_core/include/zr_vm_core/execution_backend.h	SZrExecutionBackendCodeInfo.immutableIrHash	field	tests/core/test_ssa_backend_service.c:298;zr_vm_core/src/zr_vm_core/execution/execution_backend_internal.h:286	原不可变 IR 标量见证；产物必须匹配，服务不读取 IR 正文。	原不可变 IR 标量见证；产物必须匹配，服务不读取 IR 正文。	zr_vm_core/include/zr_vm_core/execution_backend.h:255;tests/core/test_ssa_backend_service.c:298;zr_vm_core/src/zr_vm_core/execution/execution_backend_internal.h:286	no-comment	完整阅读；契约归属已说明，局部名称及条件足够，不为单一成员重复插入注释。
zr_vm_core/include/zr_vm_core/execution_backend.h	SZrExecutionBackendCodeInfo.compileInputHash	field	tests/core/test_ssa_backend_service.c:299;zr_vm_core/src/zr_vm_core/execution/execution_backend_internal.h:287	编译输入标量见证，接收产物时须与请求相同。	编译输入标量见证，接收产物时须与请求相同。	zr_vm_core/include/zr_vm_core/execution_backend.h:256;tests/core/test_ssa_backend_service.c:299;zr_vm_core/src/zr_vm_core/execution/execution_backend_internal.h:287	no-comment	完整阅读；契约归属已说明，局部名称及条件足够，不为单一成员重复插入注释。
zr_vm_core/include/zr_vm_core/execution_backend.h	SZrExecutionBackendCodeInfo.codeIdentity	field	tests/core/test_ssa_backend_service.c:300;zr_vm_core/src/zr_vm_core/execution/execution_backend_internal.h:288	在非 FREE 代码记录中不得重复；不等于可执行地址。	在非 FREE 代码记录中不得重复；不等于可执行地址。	zr_vm_core/include/zr_vm_core/execution_backend.h:257;tests/core/test_ssa_backend_service.c:300;zr_vm_core/src/zr_vm_core/execution/execution_backend_internal.h:288	no-comment	完整阅读；契约归属已说明，局部名称及条件足够，不为单一成员重复插入注释。
zr_vm_core/include/zr_vm_core/execution_backend.h	SZrExecutionBackendCodeInfo.codeSize	field	tests/core/test_ssa_backend_service.c:301;zr_vm_core/src/zr_vm_core/execution/execution_backend_internal.h:288	接收要求非零，服务不分配此大小代码内存。	接收要求非零，服务不分配此大小代码内存。	zr_vm_core/include/zr_vm_core/execution_backend.h:258;tests/core/test_ssa_backend_service.c:301;zr_vm_core/src/zr_vm_core/execution/execution_backend_internal.h:288	no-comment	完整阅读；契约归属已说明，局部名称及条件足够，不为单一成员重复插入注释。
zr_vm_core/include/zr_vm_core/execution_backend.h	SZrExecutionBackendCodeInfo.mapRegistrationFlags	field	tests/core/test_ssa_backend_service.c:302;zr_vm_core/src/zr_vm_core/execution/execution_backend_internal.h:289;zr_vm_core/src/zr_vm_core/execution/execution_backend_internal.h:290;zr_vm_core/src/zr_vm_core/execution/execution_backend_internal.h:299	后端声明已注册图种类，服务只检查位与 hash 自洽。	后端声明已注册图种类，服务只检查位与 hash 自洽。	zr_vm_core/include/zr_vm_core/execution_backend.h:259;tests/core/test_ssa_backend_service.c:302;zr_vm_core/src/zr_vm_core/execution/execution_backend_internal.h:289	no-comment	完整阅读；契约归属已说明，局部名称及条件足够，不为单一成员重复插入注释。
zr_vm_core/include/zr_vm_core/execution_backend.h	SZrExecutionBackendCodeInfo.rootMapHash	field	tests/core/test_ssa_backend_service.c:303;zr_vm_core/src/zr_vm_core/execution/execution_backend_internal.h:256	根图声明 hash，不证明 GC 根条目正确。	根图声明 hash，不证明 GC 根条目正确。	zr_vm_core/include/zr_vm_core/execution_backend.h:260;tests/core/test_ssa_backend_service.c:303;zr_vm_core/src/zr_vm_core/execution/execution_backend_internal.h:256	no-comment	完整阅读；契约归属已说明，局部名称及条件足够，不为单一成员重复插入注释。
zr_vm_core/include/zr_vm_core/execution_backend.h	SZrExecutionBackendCodeInfo.ehMapHash	field	tests/core/test_ssa_backend_service.c:304;zr_vm_core/src/zr_vm_core/execution/execution_backend_internal.h:257	异常/unwind 图声明 hash，不读取平台条目。	异常/unwind 图声明 hash，不读取平台条目。	zr_vm_core/include/zr_vm_core/execution_backend.h:261;tests/core/test_ssa_backend_service.c:304;zr_vm_core/src/zr_vm_core/execution/execution_backend_internal.h:257	no-comment	完整阅读；契约归属已说明，局部名称及条件足够，不为单一成员重复插入注释。
zr_vm_core/include/zr_vm_core/execution_backend.h	SZrExecutionBackendCodeInfo.debugMapHash	field	tests/core/test_ssa_backend_service.c:305;zr_vm_core/src/zr_vm_core/execution/execution_backend_internal.h:258	调试图声明 hash，不保存调试数据指针。	调试图声明 hash，不保存调试数据指针。	zr_vm_core/include/zr_vm_core/execution_backend.h:262;tests/core/test_ssa_backend_service.c:305;zr_vm_core/src/zr_vm_core/execution/execution_backend_internal.h:258	no-comment	完整阅读；契约归属已说明，局部名称及条件足够，不为单一成员重复插入注释。
zr_vm_core/include/zr_vm_core/execution_backend.h	SZrExecutionBackendCodeInfo.deoptMapHash	field	tests/core/test_ssa_backend_service.c:306;zr_vm_core/src/zr_vm_core/execution/execution_backend_internal.h:259	反优化图声明 hash，不自行重建帧。	反优化图声明 hash，不自行重建帧。	zr_vm_core/include/zr_vm_core/execution_backend.h:263;tests/core/test_ssa_backend_service.c:306;zr_vm_core/src/zr_vm_core/execution/execution_backend_internal.h:259	no-comment	完整阅读；契约归属已说明，局部名称及条件足够，不为单一成员重复插入注释。
zr_vm_core/include/zr_vm_core/execution_backend.h	SZrExecutionBackendCodeInfo.runtimeImportsHash	field	tests/core/test_ssa_backend_service.c:307;zr_vm_core/src/zr_vm_core/execution/execution_backend_internal.h:260	导入图声明 hash，不携带或解析 native 地址。	导入图声明 hash，不携带或解析 native 地址。	zr_vm_core/include/zr_vm_core/execution_backend.h:264;tests/core/test_ssa_backend_service.c:307;zr_vm_core/src/zr_vm_core/execution/execution_backend_internal.h:260	no-comment	完整阅读；契约归属已说明，局部名称及条件足够，不为单一成员重复插入注释。
zr_vm_core/include/zr_vm_core/execution_backend.h	SZrExecutionCompileTicketView.ticketId	field	zr_vm_core/src/zr_vm_core/execution/execution_backend.c:1171;zr_vm_core/src/zr_vm_core/execution/execution_backend.c:1181	service 内单调作业身份；fallback 留零。	service 内单调作业身份；fallback 留零。	zr_vm_core/include/zr_vm_core/execution_backend.h:274;zr_vm_core/src/zr_vm_core/execution/execution_backend.c:1171;zr_vm_core/src/zr_vm_core/execution/execution_backend.c:1181	no-comment	完整阅读；契约归属已说明，局部名称及条件足够，不为单一成员重复插入注释。
zr_vm_core/include/zr_vm_core/execution_backend.h	SZrExecutionCompileTicketView.state	field	zr_vm_core/src/zr_vm_core/execution/execution_backend.c:1172	由当前 service 记录决定；票据或 view 中是可过时快照。	由当前 service 记录决定；票据或 view 中是可过时快照。	zr_vm_core/include/zr_vm_core/execution_backend.h:275;zr_vm_core/src/zr_vm_core/execution/execution_backend.c:1172	no-comment	完整阅读；契约归属已说明，局部名称及条件足够，不为单一成员重复插入注释。
zr_vm_core/include/zr_vm_core/execution_backend.h	SZrExecutionCompileTicketView.target	field	zr_vm_core/src/zr_vm_core/execution/execution_backend.c:1173	目标快照或描述符目标；选择与回调使用不同阶段核对。	目标快照或描述符目标；选择与回调使用不同阶段核对。	zr_vm_core/include/zr_vm_core/execution_backend.h:276;zr_vm_core/src/zr_vm_core/execution/execution_backend.c:1173	no-comment	完整阅读；契约归属已说明，局部名称及条件足够，不为单一成员重复插入注释。
zr_vm_core/include/zr_vm_core/execution_backend.h	SZrExecutionCompileTicketView.fallback	field	zr_vm_core/src/zr_vm_core/execution/execution_backend.c:1174	下一执行路径选择，fallback ticket 不绑定真实作业。	下一执行路径选择，fallback ticket 不绑定真实作业。	zr_vm_core/include/zr_vm_core/execution_backend.h:277;zr_vm_core/src/zr_vm_core/execution/execution_backend.c:1174	no-comment	完整阅读；契约归属已说明，局部名称及条件足够，不为单一成员重复插入注释。
zr_vm_core/include/zr_vm_core/execution_backend.h	SZrExecutionCompileTicketView.lastStatus	field	zr_vm_core/src/zr_vm_core/execution/execution_backend.c:1175	内部最近作业操作结果，QueryTicket 可观察；不保证等于 API 的返回状态。	内部最近作业操作结果，QueryTicket 可观察；不保证等于 API 的返回状态。	zr_vm_core/include/zr_vm_core/execution_backend.h:278;zr_vm_core/src/zr_vm_core/execution/execution_backend.c:1175	no-comment	完整阅读；契约归属已说明，局部名称及条件足够，不为单一成员重复插入注释。
zr_vm_core/include/zr_vm_core/execution_backend.h	SZrExecutionCompileTicketView.codeIdentity	field	zr_vm_core/src/zr_vm_core/execution/execution_backend.c:1177;zr_vm_core/src/zr_vm_core/execution/execution_backend.c:1182	在非 FREE 代码记录中不得重复；不等于可执行地址。	在非 FREE 代码记录中不得重复；不等于可执行地址。	zr_vm_core/include/zr_vm_core/execution_backend.h:279;zr_vm_core/src/zr_vm_core/execution/execution_backend.c:1177;zr_vm_core/src/zr_vm_core/execution/execution_backend.c:1182	no-comment	完整阅读；契约归属已说明，局部名称及条件足够，不为单一成员重复插入注释。
zr_vm_core/include/zr_vm_core/execution_backend.h	SZrExecutionCompileTicketView.generationKey	field	zr_vm_core/src/zr_vm_core/execution/execution_backend.c:1176	域/模块/代次/注册共同限定身份，匹配不只比较 generation。	域/模块/代次/注册共同限定身份，匹配不只比较 generation。	zr_vm_core/include/zr_vm_core/execution_backend.h:280;zr_vm_core/src/zr_vm_core/execution/execution_backend.c:1176	no-comment	完整阅读；契约归属已说明，局部名称及条件足够，不为单一成员重复插入注释。
zr_vm_core/include/zr_vm_core/execution_backend.h	SZrExecutionCodeView.info	field	zr_vm_core/src/zr_vm_core/execution/execution_code_handle.c:402	代码元数据快照，资源本体由后端清理。	QueryCode 输出 info 的锁内观察快照；view 不新增或归还租约，计数可在返回后变化。	zr_vm_core/include/zr_vm_core/execution_backend.h:286;zr_vm_core/src/zr_vm_core/execution/execution_code_handle.c:402	no-comment	完整阅读；契约归属已说明，局部名称及条件足够，不为单一成员重复插入注释。
zr_vm_core/include/zr_vm_core/execution_backend.h	SZrExecutionCodeView.state	field	zr_vm_core/src/zr_vm_core/execution/execution_code_handle.c:403	由当前 service 记录决定；票据或 view 中是可过时快照。	QueryCode 输出 state 的锁内观察快照；view 不新增或归还租约，计数可在返回后变化。	zr_vm_core/include/zr_vm_core/execution_backend.h:287;zr_vm_core/src/zr_vm_core/execution/execution_code_handle.c:403	no-comment	完整阅读；契约归属已说明，局部名称及条件足够，不为单一成员重复插入注释。
zr_vm_core/include/zr_vm_core/execution_backend.h	SZrExecutionCodeView.leaseCount	field	zr_vm_core/src/zr_vm_core/execution/execution_code_handle.c:404	执行持有者计数，归零才可能回收退休记录。	QueryCode 输出 leaseCount 的锁内观察快照；view 不新增或归还租约，计数可在返回后变化。	zr_vm_core/include/zr_vm_core/execution_backend.h:288;zr_vm_core/src/zr_vm_core/execution/execution_code_handle.c:404	no-comment	完整阅读；契约归属已说明，局部名称及条件足够，不为单一成员重复插入注释。
zr_vm_core/include/zr_vm_core/execution_backend.h	SZrExecutionCodeView.dependencyLeaseCount	field	zr_vm_core/src/zr_vm_core/execution/execution_code_handle.c:405	图/依赖持有者计数，任一非零阻止执行租约释放及记录回收。	QueryCode 输出 dependencyLeaseCount 的锁内观察快照；view 不新增或归还租约，计数可在返回后变化。	zr_vm_core/include/zr_vm_core/execution_backend.h:289;zr_vm_core/src/zr_vm_core/execution/execution_code_handle.c:405	no-comment	完整阅读；契约归属已说明，局部名称及条件足够，不为单一成员重复插入注释。
zr_vm_core/include/zr_vm_core/execution_backend.h	SZrExecutionCodeHandle.magic	field	zr_vm_core/src/zr_vm_core/execution/execution_code_handle.c:22;zr_vm_core/src/zr_vm_core/execution/execution_code_handle.c:230	对象类别标识，不能证明指针存储或计数合法。	对象类别标识，不能证明指针存储或计数合法。	zr_vm_core/include/zr_vm_core/execution_backend.h:296;zr_vm_core/src/zr_vm_core/execution/execution_code_handle.c:22;zr_vm_core/src/zr_vm_core/execution/execution_code_handle.c:230	no-comment	完整阅读；契约归属已说明，局部名称及条件足够，不为单一成员重复插入注释。
zr_vm_core/include/zr_vm_core/execution_backend.h	SZrExecutionCodeHandle.slotIndex	field	zr_vm_core/src/zr_vm_core/execution/execution_code_handle.c:24;zr_vm_core/src/zr_vm_core/execution/execution_code_handle.c:28;zr_vm_core/src/zr_vm_core/execution/execution_code_handle.c:35;zr_vm_core/src/zr_vm_core/execution/execution_code_handle.c:231	句柄携带槽位并配合身份核对，槽位复用不能只凭索引信任。	句柄携带槽位并配合身份核对，槽位复用不能只凭索引信任。	zr_vm_core/include/zr_vm_core/execution_backend.h:297;zr_vm_core/src/zr_vm_core/execution/execution_code_handle.c:24;zr_vm_core/src/zr_vm_core/execution/execution_code_handle.c:28	no-comment	完整阅读；契约归属已说明，局部名称及条件足够，不为单一成员重复插入注释。
zr_vm_core/include/zr_vm_core/execution_backend.h	SZrExecutionCodeHandle.serviceIdentity	field	zr_vm_core/src/zr_vm_core/execution/execution_code_handle.c:23;zr_vm_core/src/zr_vm_core/execution/execution_code_handle.c:232	拒绝另一 service 的 ticket/handle；宿主负责代际身份分配。	拒绝另一 service 的 ticket/handle；宿主负责代际身份分配。	zr_vm_core/include/zr_vm_core/execution_backend.h:298;zr_vm_core/src/zr_vm_core/execution/execution_code_handle.c:23;zr_vm_core/src/zr_vm_core/execution/execution_code_handle.c:232	no-comment	完整阅读；契约归属已说明，局部名称及条件足够，不为单一成员重复插入注释。
zr_vm_core/include/zr_vm_core/execution_backend.h	SZrExecutionCodeHandle.codeIdentity	field	zr_vm_core/src/zr_vm_core/execution/execution_code_handle.c:25;zr_vm_core/src/zr_vm_core/execution/execution_code_handle.c:30;zr_vm_core/src/zr_vm_core/execution/execution_code_handle.c:233;zr_vm_core/src/zr_vm_core/execution/execution_code_handle.c:241;zr_vm_core/src/zr_vm_core/execution/execution_code_handle.c:260;zr_vm_core/src/zr_vm_core/execution/execution_code_handle.c:306;zr_vm_core/src/zr_vm_core/execution/execution_code_handle.c:346	在非 FREE 代码记录中不得重复；不等于可执行地址。	在非 FREE 代码记录中不得重复；不等于可执行地址。	zr_vm_core/include/zr_vm_core/execution_backend.h:299;zr_vm_core/src/zr_vm_core/execution/execution_code_handle.c:25;zr_vm_core/src/zr_vm_core/execution/execution_code_handle.c:30	no-comment	完整阅读；契约归属已说明，局部名称及条件足够，不为单一成员重复插入注释。
zr_vm_core/include/zr_vm_core/execution_backend.h	SZrExecutionCodeHandle.generationKey	field	zr_vm_core/src/zr_vm_core/execution/execution_code_handle.c:32;zr_vm_core/src/zr_vm_core/execution/execution_code_handle.c:234	域/模块/代次/注册共同限定身份，匹配不只比较 generation。	域/模块/代次/注册共同限定身份，匹配不只比较 generation。	zr_vm_core/include/zr_vm_core/execution_backend.h:300;zr_vm_core/src/zr_vm_core/execution/execution_code_handle.c:32;zr_vm_core/src/zr_vm_core/execution/execution_code_handle.c:234	no-comment	完整阅读；契约归属已说明，局部名称及条件足够，不为单一成员重复插入注释。
zr_vm_core/include/zr_vm_core/execution_backend.h	SZrExecutionCodeHandle.leased	field	zr_vm_core/src/zr_vm_core/execution/execution_code_handle.c:25;zr_vm_core/src/zr_vm_core/execution/execution_code_handle.c:235	句柄代表已取得执行租约；值拷贝不增加计数。	句柄代表已取得执行租约；值拷贝不增加计数。	zr_vm_core/include/zr_vm_core/execution_backend.h:301;zr_vm_core/src/zr_vm_core/execution/execution_code_handle.c:25;zr_vm_core/src/zr_vm_core/execution/execution_code_handle.c:235	no-comment	完整阅读；契约归属已说明，局部名称及条件足够，不为单一成员重复插入注释。
zr_vm_core/include/zr_vm_core/execution_backend.h	SZrExecutionCodeHandle.dependencyLeased	field	zr_vm_core/src/zr_vm_core/execution/execution_code_handle.c:236;zr_vm_core/src/zr_vm_core/execution/execution_code_handle.c:269;zr_vm_core/src/zr_vm_core/execution/execution_code_handle.c:283;zr_vm_core/src/zr_vm_core/execution/execution_code_handle.c:315;zr_vm_core/src/zr_vm_core/execution/execution_code_handle.c:322;zr_vm_core/src/zr_vm_core/execution/execution_code_handle.c:357	同一句柄只允许一次依赖租约，须先归还。	同一句柄只允许一次依赖租约，须先归还。	zr_vm_core/include/zr_vm_core/execution_backend.h:302;zr_vm_core/src/zr_vm_core/execution/execution_code_handle.c:236;zr_vm_core/src/zr_vm_core/execution/execution_code_handle.c:269	no-comment	完整阅读；契约归属已说明，局部名称及条件足够，不为单一成员重复插入注释。
zr_vm_core/include/zr_vm_core/execution_backend.h	SZrExecutionCodeHandle.reserved	field	未见该字段独立消费；zr_vm_core/src/zr_vm_core/execution/execution_code_handle.c:162 memset handle 为整体清零写，不是单独字段读取	保留存储，当前服务未赋予业务意义；不能将其读成有效性或生命周期标志。	当前整体构造清零，接收或校验未要求该保留字段必须为零；不赋予状态、校验或寿命语义。	zr_vm_core/include/zr_vm_core/execution_backend.h:303;zr_vm_core/src/zr_vm_core/execution/execution_code_handle.c:162	no-comment	完整阅读；契约归属已说明，局部名称及条件足够，不为单一成员重复插入注释。
zr_vm_core/include/zr_vm_core/execution_backend.h	SZrExecutionBackendRegistration.serviceIdentity	field	zr_vm_core/src/zr_vm_core/execution/execution_backend.c:486	Register 输出当前服务身份以标识注册结果；此 registration 值没有独立验证/持有 API。	只是输出身份，与注册身份/类别按值保存；不等同于 ticket/handle 的服务身份验证，不新增租约。	zr_vm_core/include/zr_vm_core/execution_backend.h:309;zr_vm_core/src/zr_vm_core/execution/execution_backend.c:486	no-comment	完整阅读；契约归属已说明，局部名称及条件足够，不为单一成员重复插入注释。
zr_vm_core/include/zr_vm_core/execution_backend.h	SZrExecutionBackendRegistration.registrationIdentity	field	zr_vm_core/src/zr_vm_core/execution/execution_backend.c:487	Register 输出本次单调注册身份供宿主指定 Unregister 或请求注册命名空间。	注册结果中的标量身份，不是持有 owner 的租约；实际注销按身份查找 active 记录。	zr_vm_core/include/zr_vm_core/execution_backend.h:310;zr_vm_core/src/zr_vm_core/execution/execution_backend.c:487	no-comment	完整阅读；契约归属已说明，局部名称及条件足够，不为单一成员重复插入注释。
zr_vm_core/include/zr_vm_core/execution_backend.h	SZrExecutionBackendRegistration.backendKind	field	zr_vm_core/src/zr_vm_core/execution/execution_backend.c:488	Register 输出已验证描述符的后端类别，标识这次注册结果。	只是输出类别，不在后续 service API 中以 registration 结构作独立验证；不能据此认为 provider 已可执行机器码。	zr_vm_core/include/zr_vm_core/execution_backend.h:311;zr_vm_core/src/zr_vm_core/execution/execution_backend.c:488	no-comment	完整阅读；契约归属已说明，局部名称及条件足够，不为单一成员重复插入注释。
zr_vm_core/include/zr_vm_core/execution_backend.h	SZrExecutionBackendVTable.queryTarget	field	zr_vm_core/src/zr_vm_core/execution/execution_backend.c:682;tests/core/test_ssa_backend_service.c:226	VTable.queryTarget 的锁外派发入口；必需/可选约束见对应回调类型。	VTable.queryTarget 的锁外派发入口；必需/可选约束见对应回调类型。	zr_vm_core/include/zr_vm_core/execution_backend.h:371;zr_vm_core/src/zr_vm_core/execution/execution_backend.c:682;tests/core/test_ssa_backend_service.c:226	no-comment	完整阅读；契约归属已说明，局部名称及条件足够，不为单一成员重复插入注释。
zr_vm_core/include/zr_vm_core/execution_backend.h	SZrExecutionBackendVTable.compileAsync	field	zr_vm_core/src/zr_vm_core/execution/execution_backend.c:824;tests/core/test_ssa_backend_service.c:227	VTable.compileAsync 的锁外派发入口；必需/可选约束见对应回调类型。	VTable.compileAsync 的锁外派发入口；必需/可选约束见对应回调类型。	zr_vm_core/include/zr_vm_core/execution_backend.h:372;zr_vm_core/src/zr_vm_core/execution/execution_backend.c:824;tests/core/test_ssa_backend_service.c:227	no-comment	完整阅读；契约归属已说明，局部名称及条件足够，不为单一成员重复插入注释。
zr_vm_core/include/zr_vm_core/execution_backend.h	SZrExecutionBackendVTable.cancelCompile	field	zr_vm_core/src/zr_vm_core/execution/execution_backend.c:1216;zr_vm_core/src/zr_vm_core/execution/execution_backend.c:1217;tests/core/test_ssa_backend_service.c:228	VTable.cancelCompile 的锁外派发入口；必需/可选约束见对应回调类型。	VTable.cancelCompile 的锁外派发入口；必需/可选约束见对应回调类型。	zr_vm_core/include/zr_vm_core/execution_backend.h:373;zr_vm_core/src/zr_vm_core/execution/execution_backend.c:1216;zr_vm_core/src/zr_vm_core/execution/execution_backend.c:1217	no-comment	完整阅读；契约归属已说明，局部名称及条件足够，不为单一成员重复插入注释。
zr_vm_core/include/zr_vm_core/execution_backend.h	SZrExecutionBackendVTable.lookupEntry	field	zr_vm_core/src/zr_vm_core/execution/execution_code_handle.c:460;zr_vm_core/src/zr_vm_core/execution/execution_code_handle.c:476;tests/core/test_ssa_backend_service.c:229	VTable.lookupEntry 的锁外派发入口；必需/可选约束见对应回调类型。	VTable.lookupEntry 的锁外派发入口；必需/可选约束见对应回调类型。	zr_vm_core/include/zr_vm_core/execution_backend.h:374;zr_vm_core/src/zr_vm_core/execution/execution_code_handle.c:460;zr_vm_core/src/zr_vm_core/execution/execution_code_handle.c:476	no-comment	完整阅读；契约归属已说明，局部名称及条件足够，不为单一成员重复插入注释。
zr_vm_core/include/zr_vm_core/execution_backend.h	SZrExecutionBackendVTable.queryMap	field	zr_vm_core/src/zr_vm_core/execution/execution_code_handle.c:547;zr_vm_core/src/zr_vm_core/execution/execution_code_handle.c:558;zr_vm_core/src/zr_vm_core/execution/execution_code_handle.c:569;tests/core/test_ssa_backend_service.c:230	VTable.queryMap 的锁外派发入口；必需/可选约束见对应回调类型。	VTable.queryMap 的锁外派发入口；必需/可选约束见对应回调类型。	zr_vm_core/include/zr_vm_core/execution_backend.h:375;zr_vm_core/src/zr_vm_core/execution/execution_code_handle.c:547;zr_vm_core/src/zr_vm_core/execution/execution_code_handle.c:558	no-comment	完整阅读；契约归属已说明，局部名称及条件足够，不为单一成员重复插入注释。
zr_vm_core/include/zr_vm_core/execution_backend.h	SZrExecutionBackendVTable.unregisterMaps	field	zr_vm_core/src/zr_vm_core/execution/execution_code_handle.c:93;zr_vm_core/src/zr_vm_core/execution/execution_code_handle.c:94;zr_vm_core/src/zr_vm_core/execution/execution_code_handle.c:659;zr_vm_core/src/zr_vm_core/execution/execution_code_handle.c:660;tests/core/test_ssa_backend_service.c:231	VTable.unregisterMaps 的锁外派发入口；必需/可选约束见对应回调类型。	VTable.unregisterMaps 的锁外派发入口；必需/可选约束见对应回调类型。	zr_vm_core/include/zr_vm_core/execution_backend.h:376;zr_vm_core/src/zr_vm_core/execution/execution_code_handle.c:93;zr_vm_core/src/zr_vm_core/execution/execution_code_handle.c:94	no-comment	完整阅读；契约归属已说明，局部名称及条件足够，不为单一成员重复插入注释。
zr_vm_core/include/zr_vm_core/execution_backend.h	SZrExecutionBackendVTable.retire	field	zr_vm_core/src/zr_vm_core/execution/execution_code_handle.c:104;zr_vm_core/src/zr_vm_core/execution/execution_code_handle.c:105;zr_vm_core/src/zr_vm_core/execution/execution_code_handle.c:668;zr_vm_core/src/zr_vm_core/execution/execution_code_handle.c:669;tests/core/test_ssa_backend_service.c:232	VTable.retire 的锁外派发入口；必需/可选约束见对应回调类型。	VTable.retire 的锁外派发入口；必需/可选约束见对应回调类型。	zr_vm_core/include/zr_vm_core/execution_backend.h:377;zr_vm_core/src/zr_vm_core/execution/execution_code_handle.c:104;zr_vm_core/src/zr_vm_core/execution/execution_code_handle.c:105	no-comment	完整阅读；契约归属已说明，局部名称及条件足够，不为单一成员重复插入注释。
zr_vm_core/include/zr_vm_core/execution_backend.h	SZrExecutionBackendVTable.destroy	field	zr_vm_core/src/zr_vm_core/execution/execution_backend.c:563;zr_vm_core/src/zr_vm_core/execution/execution_backend.c:564;zr_vm_core/src/zr_vm_core/execution/execution_backend.c:1577;tests/core/test_ssa_backend_service.c:233	VTable.destroy 的锁外派发入口；必需/可选约束见对应回调类型。	VTable.destroy 的锁外派发入口；必需/可选约束见对应回调类型。	zr_vm_core/include/zr_vm_core/execution_backend.h:378;zr_vm_core/src/zr_vm_core/execution/execution_backend.c:563;zr_vm_core/src/zr_vm_core/execution/execution_backend.c:564	no-comment	完整阅读；契约归属已说明，局部名称及条件足够，不为单一成员重复插入注释。
zr_vm_core/include/zr_vm_core/execution_backend.h	SZrExecutionBackendDescriptor.magic	field	zr_vm_core/src/zr_vm_core/execution/execution_backend_internal.h:196;tests/core/test_ssa_backend_service.c:221	对象类别标识，不能证明指针存储或计数合法。	对象类别标识，不能证明指针存储或计数合法。	zr_vm_core/include/zr_vm_core/execution_backend.h:384;zr_vm_core/src/zr_vm_core/execution/execution_backend_internal.h:196;tests/core/test_ssa_backend_service.c:221	no-comment	完整阅读；契约归属已说明，局部名称及条件足够，不为单一成员重复插入注释。
zr_vm_core/include/zr_vm_core/execution_backend.h	SZrExecutionBackendDescriptor.schemaVersion	field	zr_vm_core/src/zr_vm_core/execution/execution_backend_internal.h:197;tests/core/test_ssa_backend_service.c:222	结构版本形状检查，不改变磁盘旧格式。	结构版本形状检查，不改变磁盘旧格式。	zr_vm_core/include/zr_vm_core/execution_backend.h:385;zr_vm_core/src/zr_vm_core/execution/execution_backend_internal.h:197;tests/core/test_ssa_backend_service.c:222	no-comment	完整阅读；契约归属已说明，局部名称及条件足够，不为单一成员重复插入注释。
zr_vm_core/include/zr_vm_core/execution_backend.h	SZrExecutionBackendDescriptor.backendKind	field	zr_vm_core/src/zr_vm_core/execution/execution_backend_internal.h:198;zr_vm_core/src/zr_vm_core/execution/execution_backend_internal.h:199;zr_vm_core/src/zr_vm_core/execution/execution_backend.c:451;zr_vm_core/src/zr_vm_core/execution/execution_backend.c:460;zr_vm_core/src/zr_vm_core/execution/execution_backend.c:488;tests/core/test_ssa_backend_service.c:223	描述符目标须与 target.kind 一致。	描述符目标须与 target.kind 一致。	zr_vm_core/include/zr_vm_core/execution_backend.h:386;zr_vm_core/src/zr_vm_core/execution/execution_backend_internal.h:198;zr_vm_core/src/zr_vm_core/execution/execution_backend_internal.h:199	no-comment	完整阅读；契约归属已说明，局部名称及条件足够，不为单一成员重复插入注释。
zr_vm_core/include/zr_vm_core/execution_backend.h	SZrExecutionBackendDescriptor.flags	field	zr_vm_core/src/zr_vm_core/execution/execution_backend_internal.h:200	只接受对应已知位；请求位决定回退许可，描述符位不驱动线程。	只接受对应已知位；请求位决定回退许可，描述符位不驱动线程。	zr_vm_core/include/zr_vm_core/execution_backend.h:387;zr_vm_core/src/zr_vm_core/execution/execution_backend_internal.h:200	no-comment	完整阅读；契约归属已说明，局部名称及条件足够，不为单一成员重复插入注释。
zr_vm_core/include/zr_vm_core/execution_backend.h	SZrExecutionBackendDescriptor.target	field	zr_vm_core/src/zr_vm_core/execution/execution_backend_internal.h:199;zr_vm_core/src/zr_vm_core/execution/execution_backend_internal.h:201;zr_vm_core/src/zr_vm_core/execution/execution_backend_internal.h:202;zr_vm_core/src/zr_vm_core/execution/execution_backend_internal.h:203;zr_vm_core/src/zr_vm_core/execution/execution_backend_internal.h:204;zr_vm_core/src/zr_vm_core/execution/execution_backend_internal.h:205;zr_vm_core/src/zr_vm_core/execution/execution_backend.c:453;zr_vm_core/src/zr_vm_core/execution/execution_backend.c:454;zr_vm_core/src/zr_vm_core/execution/execution_backend.c:456;zr_vm_core/src/zr_vm_core/execution/execution_backend.c:461;tests/core/test_ssa_backend_service.c:224	目标快照或描述符目标；选择与回调使用不同阶段核对。	目标快照或描述符目标；选择与回调使用不同阶段核对。	zr_vm_core/include/zr_vm_core/execution_backend.h:388;zr_vm_core/src/zr_vm_core/execution/execution_backend_internal.h:199;zr_vm_core/src/zr_vm_core/execution/execution_backend_internal.h:201	no-comment	完整阅读；契约归属已说明，局部名称及条件足够，不为单一成员重复插入注释。
zr_vm_core/include/zr_vm_core/execution_backend.h	SZrExecutionBackendDescriptor.supportedOperations	field	zr_vm_core/src/zr_vm_core/execution/execution_backend_internal.h:206;zr_vm_core/src/zr_vm_core/execution/execution_backend_internal.h:207;tests/core/test_ssa_backend_service.c:225	请求所需操作位必须全部属于此集合。	请求所需操作位必须全部属于此集合。	zr_vm_core/include/zr_vm_core/execution_backend.h:389;zr_vm_core/src/zr_vm_core/execution/execution_backend_internal.h:206;zr_vm_core/src/zr_vm_core/execution/execution_backend_internal.h:207	no-comment	完整阅读；契约归属已说明，局部名称及条件足够，不为单一成员重复插入注释。
zr_vm_core/include/zr_vm_core/execution_backend.h	SZrExecutionBackendDescriptor.reserved	field	未见限定 owner.reserved 单独读取；zr_vm_core/src/zr_vm_core/execution/execution_backend.c:483 的整体初始化/复制语义，非单独字段调用	保留存储，当前服务未赋予业务意义；不能将其读成有效性或生命周期标志。	当前整体构造清零，接收或校验未要求该保留字段必须为零；不赋予状态、校验或寿命语义。	zr_vm_core/include/zr_vm_core/execution_backend.h:390	no-comment	完整阅读；契约归属已说明，局部名称及条件足够，不为单一成员重复插入注释。
zr_vm_core/include/zr_vm_core/execution_backend.h	SZrExecutionBackendDescriptor.vtable	field	zr_vm_core/src/zr_vm_core/execution/execution_backend_internal.h:209;zr_vm_core/src/zr_vm_core/execution/execution_backend_internal.h:210;zr_vm_core/src/zr_vm_core/execution/execution_backend_internal.h:211;zr_vm_core/src/zr_vm_core/execution/execution_backend_internal.h:212;zr_vm_core/src/zr_vm_core/execution/execution_backend_internal.h:213;tests/core/test_ssa_backend_service.c:226;tests/core/test_ssa_backend_service.c:227;tests/core/test_ssa_backend_service.c:228;tests/core/test_ssa_backend_service.c:229;tests/core/test_ssa_backend_service.c:230;tests/core/test_ssa_backend_service.c:231;tests/core/test_ssa_backend_service.c:232;tests/core/test_ssa_backend_service.c:233	注册复制进程内派发和清理入口；必需回调在注册时核对，可选回调由实际入口处理。	注册复制进程内派发和清理入口；必需回调在注册时核对，可选回调由实际入口处理。	zr_vm_core/include/zr_vm_core/execution_backend.h:391;zr_vm_core/src/zr_vm_core/execution/execution_backend_internal.h:209;zr_vm_core/src/zr_vm_core/execution/execution_backend_internal.h:210	no-comment	完整阅读；契约归属已说明，局部名称及条件足够，不为单一成员重复插入注释。
zr_vm_core/include/zr_vm_core/execution_backend.h	SZrExecutionBackendDescriptor.userData	field	tests/core/test_ssa_backend_service.c:234	后端管理的回调上下文；服务不 free，寿命由 destroy 协议决定。	后端管理的回调上下文；服务不 free，寿命由 destroy 协议决定。	zr_vm_core/include/zr_vm_core/execution_backend.h:392;tests/core/test_ssa_backend_service.c:234	no-comment	完整阅读；契约归属已说明，局部名称及条件足够，不为单一成员重复插入注释。
zr_vm_core/include/zr_vm_core/execution_backend.h	SZrExecutionBackendRegistrationRecord.registrationIdentity	field	zr_vm_core/src/zr_vm_core/execution/execution_backend_internal.h:318;zr_vm_core/src/zr_vm_core/execution/execution_backend.c:481	单调后端注册身份，区分同目标重新注册。	单调后端注册身份，区分同目标重新注册。	zr_vm_core/include/zr_vm_core/execution_backend.h:401;zr_vm_core/src/zr_vm_core/execution/execution_backend_internal.h:318;zr_vm_core/src/zr_vm_core/execution/execution_backend.c:481	no-comment	完整阅读；契约归属已说明，局部名称及条件足够，不为单一成员重复插入注释。
zr_vm_core/include/zr_vm_core/execution_backend.h	SZrExecutionBackendRegistrationRecord.active	field	zr_vm_core/src/zr_vm_core/execution/execution_backend_internal.h:318;zr_vm_core/src/zr_vm_core/execution/execution_backend.c:450;zr_vm_core/src/zr_vm_core/execution/execution_backend.c:464;zr_vm_core/src/zr_vm_core/execution/execution_backend.c:482	注册可用标志，只有活跃注册可查找 owner。	注册可用标志，只有活跃注册可查找 owner。	zr_vm_core/include/zr_vm_core/execution_backend.h:402;zr_vm_core/src/zr_vm_core/execution/execution_backend_internal.h:318;zr_vm_core/src/zr_vm_core/execution/execution_backend.c:450	no-comment	完整阅读；契约归属已说明，局部名称及条件足够，不为单一成员重复插入注释。
zr_vm_core/include/zr_vm_core/execution_backend.h	SZrExecutionBackendRegistrationRecord.reserved0	field	未见该字段独立消费；zr_vm_core/src/zr_vm_core/execution/execution_backend.c:395 memset registrations array; length continuation396 为整体清零写，不是单独字段读取	保留存储，当前服务未赋予业务意义；不能将其读成有效性或生命周期标志。	当前整体构造清零，接收或校验未要求该保留字段必须为零；不赋予状态、校验或寿命语义。	zr_vm_core/include/zr_vm_core/execution_backend.h:403;zr_vm_core/src/zr_vm_core/execution/execution_backend.c:395	no-comment	完整阅读；契约归属已说明，局部名称及条件足够，不为单一成员重复插入注释。
zr_vm_core/include/zr_vm_core/execution_backend.h	SZrExecutionBackendRegistrationRecord.reserved1	field	未见该字段独立消费；zr_vm_core/src/zr_vm_core/execution/execution_backend.c:395 memset registrations array; length continuation396 为整体清零写，不是单独字段读取	保留存储，当前服务未赋予业务意义；不能将其读成有效性或生命周期标志。	当前整体构造清零，接收或校验未要求该保留字段必须为零；不赋予状态、校验或寿命语义。	zr_vm_core/include/zr_vm_core/execution_backend.h:404;zr_vm_core/src/zr_vm_core/execution/execution_backend.c:395	no-comment	完整阅读；契约归属已说明，局部名称及条件足够，不为单一成员重复插入注释。
zr_vm_core/include/zr_vm_core/execution_backend.h	SZrExecutionBackendRegistrationRecord.descriptor	field	zr_vm_core/src/zr_vm_core/execution/execution_backend.c:451;zr_vm_core/src/zr_vm_core/execution/execution_backend.c:452;zr_vm_core/src/zr_vm_core/execution/execution_backend.c:454;zr_vm_core/src/zr_vm_core/execution/execution_backend.c:455;zr_vm_core/src/zr_vm_core/execution/execution_backend.c:460;zr_vm_core/src/zr_vm_core/execution/execution_backend.c:462;zr_vm_core/src/zr_vm_core/execution/execution_backend.c:483	按值保存进程内回调与 userData；不深复制上下文。	按值保存进程内回调与 userData；不深复制上下文。	zr_vm_core/include/zr_vm_core/execution_backend.h:405;zr_vm_core/src/zr_vm_core/execution/execution_backend.c:451;zr_vm_core/src/zr_vm_core/execution/execution_backend.c:452	no-comment	完整阅读；契约归属已说明，局部名称及条件足够，不为单一成员重复插入注释。
zr_vm_core/include/zr_vm_core/execution_backend.h	SZrExecutionCompileJob.ticket	field	zr_vm_core/src/zr_vm_core/execution/execution_backend_internal.h:339;zr_vm_core/src/zr_vm_core/execution/execution_backend_internal.h:340;zr_vm_core/src/zr_vm_core/execution/execution_backend_internal.h:341;zr_vm_core/src/zr_vm_core/execution/execution_backend_internal.h:342;zr_vm_core/src/zr_vm_core/execution/execution_backend_internal.h:404;zr_vm_core/src/zr_vm_core/execution/execution_backend_internal.h:405;zr_vm_core/src/zr_vm_core/execution/execution_backend_internal.h:407;zr_vm_core/src/zr_vm_core/execution/execution_backend_internal.h:410;zr_vm_core/src/zr_vm_core/execution/execution_backend_internal.h:411;zr_vm_core/src/zr_vm_core/execution/execution_backend.c:939;zr_vm_core/src/zr_vm_core/execution/execution_backend.c:944;zr_vm_core/src/zr_vm_core/execution/execution_backend.c:949;zr_vm_core/src/zr_vm_core/execution/execution_backend.c:950;zr_vm_core/src/zr_vm_core/execution/execution_backend.c:956;zr_vm_core/src/zr_vm_core/execution/execution_backend.c:977;zr_vm_core/src/zr_vm_core/execution/execution_backend.c:1008;zr_vm_core/src/zr_vm_core/execution/execution_backend.c:1031;zr_vm_core/src/zr_vm_core/execution/execution_backend.c:1057;zr_vm_core/src/zr_vm_core/execution/execution_backend.c:1098;zr_vm_core/src/zr_vm_core/execution/execution_backend.c:1101;zr_vm_core/src/zr_vm_core/execution/execution_backend.c:1104;zr_vm_core/src/zr_vm_core/execution/execution_backend.c:1107;zr_vm_core/src/zr_vm_core/execution/execution_backend.c:1136;zr_vm_core/src/zr_vm_core/execution/execution_backend.c:1171;zr_vm_core/src/zr_vm_core/execution/execution_backend.c:1172;zr_vm_core/src/zr_vm_core/execution/execution_backend.c:1173;zr_vm_core/src/zr_vm_core/execution/execution_backend.c:1174;zr_vm_core/src/zr_vm_core/execution/execution_backend.c:1176;zr_vm_core/src/zr_vm_core/execution/execution_backend.c:660	排队身份/状态副本，worker 与观察者需以当前记录核对。	排队身份/状态副本，worker 与观察者需以当前记录核对。	zr_vm_core/include/zr_vm_core/execution_backend.h:411;zr_vm_core/src/zr_vm_core/execution/execution_backend_internal.h:339;zr_vm_core/src/zr_vm_core/execution/execution_backend_internal.h:340	no-comment	完整阅读；契约归属已说明，局部名称及条件足够，不为单一成员重复插入注释。
zr_vm_core/include/zr_vm_core/execution_backend.h	SZrExecutionCompileJob.request	field	zr_vm_core/src/zr_vm_core/execution/execution_backend_internal.h:402;zr_vm_core/src/zr_vm_core/execution/execution_backend.c:938;zr_vm_core/src/zr_vm_core/execution/execution_backend.c:650;zr_vm_core/src/zr_vm_core/execution/execution_backend.c:651;zr_vm_core/src/zr_vm_core/execution/execution_backend.c:656	入队快照；补齐注册身份后交给 worker。	入队快照；补齐注册身份后交给 worker。	zr_vm_core/include/zr_vm_core/execution_backend.h:412;zr_vm_core/src/zr_vm_core/execution/execution_backend_internal.h:402;zr_vm_core/src/zr_vm_core/execution/execution_backend.c:938	no-comment	完整阅读；契约归属已说明，局部名称及条件足够，不为单一成员重复插入注释。
zr_vm_core/include/zr_vm_core/execution_backend.h	SZrExecutionCompileJob.result	field	zr_vm_core/src/zr_vm_core/execution/execution_backend.c:1054;zr_vm_core/src/zr_vm_core/execution/execution_backend.c:1177	Complete 按值保存的产物，不含可执行地址。	Complete 按值保存的产物，不含可执行地址。	zr_vm_core/include/zr_vm_core/execution_backend.h:413;zr_vm_core/src/zr_vm_core/execution/execution_backend.c:1054;zr_vm_core/src/zr_vm_core/execution/execution_backend.c:1177	no-comment	完整阅读；契约归属已说明，局部名称及条件足够，不为单一成员重复插入注释。
zr_vm_core/include/zr_vm_core/execution_backend.h	SZrExecutionCompileJob.lastStatus	field	zr_vm_core/src/zr_vm_core/execution/execution_backend_internal.h:406;zr_vm_core/src/zr_vm_core/execution/execution_backend_internal.h:412;zr_vm_core/src/zr_vm_core/execution/execution_backend.c:951;zr_vm_core/src/zr_vm_core/execution/execution_backend.c:978;zr_vm_core/src/zr_vm_core/execution/execution_backend.c:1009;zr_vm_core/src/zr_vm_core/execution/execution_backend.c:1032;zr_vm_core/src/zr_vm_core/execution/execution_backend.c:1058;zr_vm_core/src/zr_vm_core/execution/execution_backend.c:1137;zr_vm_core/src/zr_vm_core/execution/execution_backend.c:1175;zr_vm_core/src/zr_vm_core/execution/execution_backend.c:661	内部最近作业操作结果，QueryTicket 可观察；不保证等于 API 的返回状态。	内部最近作业操作结果，QueryTicket 可观察；不保证等于 API 的返回状态。	zr_vm_core/include/zr_vm_core/execution_backend.h:414;zr_vm_core/src/zr_vm_core/execution/execution_backend_internal.h:406;zr_vm_core/src/zr_vm_core/execution/execution_backend_internal.h:412	no-comment	完整阅读；契约归属已说明，局部名称及条件足够，不为单一成员重复插入注释。
zr_vm_core/include/zr_vm_core/execution_backend.h	SZrExecutionCompileJob.registrationSlot	field	zr_vm_core/src/zr_vm_core/execution/execution_backend.c:946;zr_vm_core/src/zr_vm_core/execution/execution_backend.c:973;zr_vm_core/src/zr_vm_core/execution/execution_backend.c:1005;zr_vm_core/src/zr_vm_core/execution/execution_backend.c:1026;zr_vm_core/src/zr_vm_core/execution/execution_backend.c:1048;zr_vm_core/src/zr_vm_core/execution/execution_backend.c:662	进程内注册表索引，作业和代码保留原 owner 清理入口。	进程内注册表索引，作业和代码保留原 owner 清理入口。	zr_vm_core/include/zr_vm_core/execution_backend.h:415;zr_vm_core/src/zr_vm_core/execution/execution_backend.c:946;zr_vm_core/src/zr_vm_core/execution/execution_backend.c:973	no-comment	完整阅读；契约归属已说明，局部名称及条件足够，不为单一成员重复插入注释。
zr_vm_core/include/zr_vm_core/execution_backend.h	SZrExecutionCompileJob.codeSlot	field	zr_vm_core/src/zr_vm_core/execution/execution_backend.c:1056;zr_vm_core/src/zr_vm_core/execution/execution_backend.c:1102;zr_vm_core/src/zr_vm_core/execution/execution_backend.c:1113;zr_vm_core/src/zr_vm_core/execution/execution_backend.c:663	作业关联代码槽；接收前为 UINT32_MAX，回收后作业随槽清零。	作业关联代码槽；接收前为 UINT32_MAX，回收后作业随槽清零。	zr_vm_core/include/zr_vm_core/execution_backend.h:416;zr_vm_core/src/zr_vm_core/execution/execution_backend.c:1056;zr_vm_core/src/zr_vm_core/execution/execution_backend.c:1102	no-comment	完整阅读；契约归属已说明，局部名称及条件足够，不为单一成员重复插入注释。
zr_vm_core/include/zr_vm_core/execution_backend.h	SZrExecutionCompileJob.cancelRequested	field	zr_vm_core/src/zr_vm_core/execution/execution_backend_internal.h:408;zr_vm_core/src/zr_vm_core/execution/execution_backend.c:945;zr_vm_core/src/zr_vm_core/execution/execution_backend.c:953	编译中取消意图；不表示后端 worker 已结束。	编译中取消意图；不表示后端 worker 已结束。	zr_vm_core/include/zr_vm_core/execution_backend.h:417;zr_vm_core/src/zr_vm_core/execution/execution_backend_internal.h:408;zr_vm_core/src/zr_vm_core/execution/execution_backend.c:945	no-comment	完整阅读；契约归属已说明，局部名称及条件足够，不为单一成员重复插入注释。
zr_vm_core/include/zr_vm_core/execution_backend.h	SZrExecutionCompileJob.resultValid	field	zr_vm_core/src/zr_vm_core/execution/execution_backend.c:1055;zr_vm_core/src/zr_vm_core/execution/execution_backend.c:1177	QueryTicket 决定是否公开保存的 result.codeIdentity。	QueryTicket 决定是否公开保存的 result.codeIdentity。	zr_vm_core/include/zr_vm_core/execution_backend.h:418;zr_vm_core/src/zr_vm_core/execution/execution_backend.c:1055;zr_vm_core/src/zr_vm_core/execution/execution_backend.c:1177	no-comment	完整阅读；契约归属已说明，局部名称及条件足够，不为单一成员重复插入注释。
zr_vm_core/include/zr_vm_core/execution_backend.h	SZrExecutionCompileJob.reserved	field	未见该字段独立消费；zr_vm_core/src/zr_vm_core/execution/execution_backend.c:649 memset whole job 为整体清零写，不是单独字段读取	保留存储，当前服务未赋予业务意义；不能将其读成有效性或生命周期标志。	当前整体构造清零，接收或校验未要求该保留字段必须为零；不赋予状态、校验或寿命语义。	zr_vm_core/include/zr_vm_core/execution_backend.h:419;zr_vm_core/src/zr_vm_core/execution/execution_backend.c:649	no-comment	完整阅读；契约归属已说明，局部名称及条件足够，不为单一成员重复插入注释。
zr_vm_core/include/zr_vm_core/execution_backend.h	SZrExecutionCodeRecord.info	field	zr_vm_core/src/zr_vm_core/execution/execution_code_handle.c:625;zr_vm_core/src/zr_vm_core/execution/execution_code_handle.c:633;zr_vm_core/src/zr_vm_core/execution/execution_code_handle.c:641;zr_vm_core/src/zr_vm_core/execution/execution_code_handle.c:680;zr_vm_core/src/zr_vm_core/execution/execution_code_handle.c:219;zr_vm_core/src/zr_vm_core/execution/execution_code_handle.c:226;zr_vm_core/src/zr_vm_core/execution/execution_code_handle.c:233;zr_vm_core/src/zr_vm_core/execution/execution_code_handle.c:234;zr_vm_core/src/zr_vm_core/execution/execution_backend.c:1046	代码元数据快照，资源本体由后端清理。	代码元数据快照，资源本体由后端清理。	zr_vm_core/include/zr_vm_core/execution_backend.h:425;zr_vm_core/src/zr_vm_core/execution/execution_code_handle.c:625;zr_vm_core/src/zr_vm_core/execution/execution_code_handle.c:633	no-comment	完整阅读；契约归属已说明，局部名称及条件足够，不为单一成员重复插入注释。
zr_vm_core/include/zr_vm_core/execution_backend.h	SZrExecutionCodeRecord.state	field	zr_vm_core/src/zr_vm_core/execution/execution_code_handle.c:613;zr_vm_core/src/zr_vm_core/execution/execution_code_handle.c:614;zr_vm_core/src/zr_vm_core/execution/execution_code_handle.c:653;zr_vm_core/src/zr_vm_core/execution/execution_code_handle.c:679;zr_vm_core/src/zr_vm_core/execution/execution_code_handle.c:690;zr_vm_core/src/zr_vm_core/execution/execution_code_handle.c:213;zr_vm_core/src/zr_vm_core/execution/execution_code_handle.c:214;zr_vm_core/src/zr_vm_core/execution/execution_backend.c:1047	由当前 service 记录决定；票据或 view 中是可过时快照。	由当前 service 记录决定；票据或 view 中是可过时快照。	zr_vm_core/include/zr_vm_core/execution_backend.h:426;zr_vm_core/src/zr_vm_core/execution/execution_code_handle.c:613;zr_vm_core/src/zr_vm_core/execution/execution_code_handle.c:614	no-comment	完整阅读；契约归属已说明，局部名称及条件足够，不为单一成员重复插入注释。
zr_vm_core/include/zr_vm_core/execution_backend.h	SZrExecutionCodeRecord.registrationSlot	field	zr_vm_core/src/zr_vm_core/execution/execution_code_handle.c:631;zr_vm_core/src/zr_vm_core/execution/execution_code_handle.c:632;zr_vm_core/src/zr_vm_core/execution/execution_code_handle.c:639;zr_vm_core/src/zr_vm_core/execution/execution_backend.c:1048	进程内注册表索引，作业和代码保留原 owner 清理入口。	进程内注册表索引，作业和代码保留原 owner 清理入口。	zr_vm_core/include/zr_vm_core/execution_backend.h:427;zr_vm_core/src/zr_vm_core/execution/execution_code_handle.c:631;zr_vm_core/src/zr_vm_core/execution/execution_code_handle.c:632	no-comment	完整阅读；契约归属已说明，局部名称及条件足够，不为单一成员重复插入注释。
zr_vm_core/include/zr_vm_core/execution_backend.h	SZrExecutionCodeRecord.jobSlot	field	zr_vm_core/src/zr_vm_core/execution/execution_code_handle.c:642;zr_vm_core/src/zr_vm_core/execution/execution_backend.c:1049	回收代码时定位关联作业并核对其 codeSlot 后释放。	回收代码时定位关联作业并核对其 codeSlot 后释放。	zr_vm_core/include/zr_vm_core/execution_backend.h:428;zr_vm_core/src/zr_vm_core/execution/execution_code_handle.c:642;zr_vm_core/src/zr_vm_core/execution/execution_backend.c:1049	no-comment	完整阅读；契约归属已说明，局部名称及条件足够，不为单一成员重复插入注释。
zr_vm_core/include/zr_vm_core/execution_backend.h	SZrExecutionCodeRecord.leaseCount	field	zr_vm_core/src/zr_vm_core/execution/execution_code_handle.c:618;zr_vm_core/src/zr_vm_core/execution/execution_code_handle.c:619;zr_vm_core/src/zr_vm_core/execution/execution_code_handle.c:221;zr_vm_core/src/zr_vm_core/execution/execution_code_handle.c:225;zr_vm_core/src/zr_vm_core/execution/execution_code_handle.c:229;zr_vm_core/src/zr_vm_core/execution/execution_backend.c:1050	执行持有者计数，归零才可能回收退休记录。	执行持有者计数，归零才可能回收退休记录。	zr_vm_core/include/zr_vm_core/execution_backend.h:429;zr_vm_core/src/zr_vm_core/execution/execution_code_handle.c:618;zr_vm_core/src/zr_vm_core/execution/execution_code_handle.c:619	no-comment	完整阅读；契约归属已说明，局部名称及条件足够，不为单一成员重复插入注释。
zr_vm_core/include/zr_vm_core/execution_backend.h	SZrExecutionCodeRecord.dependencyLeaseCount	field	zr_vm_core/src/zr_vm_core/execution/execution_code_handle.c:618;zr_vm_core/src/zr_vm_core/execution/execution_code_handle.c:620;zr_vm_core/src/zr_vm_core/execution/execution_code_handle.c:623;zr_vm_core/src/zr_vm_core/execution/execution_backend.c:1051	图/依赖持有者计数，任一非零阻止执行租约释放及记录回收。	图/依赖持有者计数，任一非零阻止执行租约释放及记录回收。	zr_vm_core/include/zr_vm_core/execution_backend.h:430;zr_vm_core/src/zr_vm_core/execution/execution_code_handle.c:618;zr_vm_core/src/zr_vm_core/execution/execution_code_handle.c:620	no-comment	完整阅读；契约归属已说明，局部名称及条件足够，不为单一成员重复插入注释。
zr_vm_core/include/zr_vm_core/execution_backend.h	SZrExecutionCodeRecord.mapsRegistered	field	zr_vm_core/src/zr_vm_core/execution/execution_code_handle.c:644;zr_vm_core/src/zr_vm_core/execution/execution_code_handle.c:691;zr_vm_core/src/zr_vm_core/execution/execution_backend.c:1052	记录撤图进度；失败重试避免重复已成功撤销的图。	记录撤图进度；失败重试避免重复已成功撤销的图。	zr_vm_core/include/zr_vm_core/execution_backend.h:431;zr_vm_core/src/zr_vm_core/execution/execution_code_handle.c:644;zr_vm_core/src/zr_vm_core/execution/execution_code_handle.c:691	no-comment	完整阅读；契约归属已说明，局部名称及条件足够，不为单一成员重复插入注释。
zr_vm_core/include/zr_vm_core/execution_backend.h	SZrExecutionCodeRecord.reserved0	field	未见该字段独立消费；zr_vm_core/src/zr_vm_core/execution/execution_backend.c:398 memset codes array 为整体清零写，不是单独字段读取	保留存储，当前服务未赋予业务意义；不能将其读成有效性或生命周期标志。	当前整体构造清零，接收或校验未要求该保留字段必须为零；不赋予状态、校验或寿命语义。	zr_vm_core/include/zr_vm_core/execution_backend.h:432;zr_vm_core/src/zr_vm_core/execution/execution_backend.c:398	no-comment	完整阅读；契约归属已说明，局部名称及条件足够，不为单一成员重复插入注释。
zr_vm_core/include/zr_vm_core/execution_backend.h	SZrExecutionCodeRecord.reserved1	field	未见该字段独立消费；zr_vm_core/src/zr_vm_core/execution/execution_backend.c:398 memset codes array 为整体清零写，不是单独字段读取	保留存储，当前服务未赋予业务意义；不能将其读成有效性或生命周期标志。	当前整体构造清零，接收或校验未要求该保留字段必须为零；不赋予状态、校验或寿命语义。	zr_vm_core/include/zr_vm_core/execution_backend.h:433;zr_vm_core/src/zr_vm_core/execution/execution_backend.c:398	no-comment	完整阅读；契约归属已说明，局部名称及条件足够，不为单一成员重复插入注释。
zr_vm_core/include/zr_vm_core/execution_backend.h	SZrExecutionBackendService.magic	field	zr_vm_core/src/zr_vm_core/execution/execution_backend.c:382;zr_vm_core/src/zr_vm_core/execution/execution_backend.c:405;zr_vm_core/src/zr_vm_core/execution/execution_backend_internal.h:114	对象类别标识，不能证明指针存储或计数合法。	对象类别标识，不能证明指针存储或计数合法。	zr_vm_core/include/zr_vm_core/execution_backend.h:446;zr_vm_core/src/zr_vm_core/execution/execution_backend.c:382;zr_vm_core/src/zr_vm_core/execution/execution_backend.c:405	no-comment	完整阅读；契约归属已说明，局部名称及条件足够，不为单一成员重复插入注释。
zr_vm_core/include/zr_vm_core/execution_backend.h	SZrExecutionBackendService.schemaVersion	field	zr_vm_core/src/zr_vm_core/execution/execution_backend.c:383;zr_vm_core/src/zr_vm_core/execution/execution_backend.c:406;zr_vm_core/src/zr_vm_core/execution/execution_backend_internal.h:115	结构版本形状检查，不改变磁盘旧格式。	结构版本形状检查，不改变磁盘旧格式。	zr_vm_core/include/zr_vm_core/execution_backend.h:447;zr_vm_core/src/zr_vm_core/execution/execution_backend.c:383;zr_vm_core/src/zr_vm_core/execution/execution_backend.c:406	no-comment	完整阅读；契约归属已说明，局部名称及条件足够，不为单一成员重复插入注释。
zr_vm_core/include/zr_vm_core/execution_backend.h	SZrExecutionBackendService.lock	field	zr_vm_core/src/zr_vm_core/execution/execution_backend_internal.h:56;zr_vm_core/src/zr_vm_core/execution/execution_backend_internal.h:59;zr_vm_core/src/zr_vm_core/execution/execution_backend_internal.h:67;zr_vm_core/src/zr_vm_core/execution/execution_backend_internal.h:69	原子自旋锁，保护 service 表和计数；不能递归持锁调用回调。	原子自旋锁，保护 service 表和计数；不能递归持锁调用回调。	zr_vm_core/include/zr_vm_core/execution_backend.h:448;zr_vm_core/src/zr_vm_core/execution/execution_backend_internal.h:56;zr_vm_core/src/zr_vm_core/execution/execution_backend_internal.h:59	no-comment	完整阅读；契约归属已说明，局部名称及条件足够，不为单一成员重复插入注释。
zr_vm_core/include/zr_vm_core/execution_backend.h	SZrExecutionBackendService.serviceIdentity	field	zr_vm_core/src/zr_vm_core/execution/execution_backend.c:384;zr_vm_core/src/zr_vm_core/execution/execution_backend.c:486;zr_vm_core/src/zr_vm_core/execution/execution_backend.c:654;zr_vm_core/src/zr_vm_core/execution/execution_backend.c:914;zr_vm_core/src/zr_vm_core/execution/execution_backend_internal.h:116;zr_vm_core/src/zr_vm_core/execution/execution_backend_internal.h:335;zr_vm_core/src/zr_vm_core/execution/execution_backend_internal.h:341;zr_vm_core/src/zr_vm_core/execution/execution_code_handle.c:23;zr_vm_core/src/zr_vm_core/execution/execution_code_handle.c:232	拒绝另一 service 的 ticket/handle；宿主负责代际身份分配。	拒绝另一 service 的 ticket/handle；宿主负责代际身份分配。	zr_vm_core/include/zr_vm_core/execution_backend.h:449;zr_vm_core/src/zr_vm_core/execution/execution_backend.c:384;zr_vm_core/src/zr_vm_core/execution/execution_backend.c:486	no-comment	完整阅读；契约归属已说明，局部名称及条件足够，不为单一成员重复插入注释。
zr_vm_core/include/zr_vm_core/execution_backend.h	SZrExecutionBackendService.nextRegistrationIdentity	field	zr_vm_core/src/zr_vm_core/execution/execution_backend.c:385;zr_vm_core/src/zr_vm_core/execution/execution_backend.c:473;zr_vm_core/src/zr_vm_core/execution/execution_backend.c:480	非零单调身份，达到上限拒绝新增；不回收旧编号。	非零单调身份，达到上限拒绝新增；不回收旧编号。	zr_vm_core/include/zr_vm_core/execution_backend.h:450;zr_vm_core/src/zr_vm_core/execution/execution_backend.c:385;zr_vm_core/src/zr_vm_core/execution/execution_backend.c:473	no-comment	完整阅读；契约归属已说明，局部名称及条件足够，不为单一成员重复插入注释。
zr_vm_core/include/zr_vm_core/execution_backend.h	SZrExecutionBackendService.nextTicketId	field	zr_vm_core/src/zr_vm_core/execution/execution_backend.c:386;zr_vm_core/src/zr_vm_core/execution/execution_backend.c:638;zr_vm_core/src/zr_vm_core/execution/execution_backend.c:645	非零单调票据身份，达到上限拒绝新增。	非零单调票据身份，达到上限拒绝新增。	zr_vm_core/include/zr_vm_core/execution_backend.h:451;zr_vm_core/src/zr_vm_core/execution/execution_backend.c:386;zr_vm_core/src/zr_vm_core/execution/execution_backend.c:638	no-comment	完整阅读；契约归属已说明，局部名称及条件足够，不为单一成员重复插入注释。
zr_vm_core/include/zr_vm_core/execution_backend.h	SZrExecutionBackendService.registrations	field	zr_vm_core/src/zr_vm_core/execution/execution_backend.c:277;zr_vm_core/src/zr_vm_core/execution/execution_backend.c:387;zr_vm_core/src/zr_vm_core/execution/execution_backend.c:407;zr_vm_core/src/zr_vm_core/execution/execution_backend.c:449;zr_vm_core/src/zr_vm_core/execution/execution_backend.c:481;zr_vm_core/src/zr_vm_core/execution/execution_backend.c:482;zr_vm_core/src/zr_vm_core/execution/execution_backend.c:483;zr_vm_core/src/zr_vm_core/execution/execution_backend.c:558;zr_vm_core/src/zr_vm_core/execution/execution_backend.c:559;zr_vm_core/src/zr_vm_core/execution/execution_backend.c:560;zr_vm_core/src/zr_vm_core/execution/execution_backend.c:619;zr_vm_core/src/zr_vm_core/execution/execution_backend.c:646;zr_vm_core/src/zr_vm_core/execution/execution_backend.c:811;zr_vm_core/src/zr_vm_core/execution/execution_backend.c:946;zr_vm_core/src/zr_vm_core/execution/execution_backend.c:973;zr_vm_core/src/zr_vm_core/execution/execution_backend.c:1005;zr_vm_core/src/zr_vm_core/execution/execution_backend.c:1026;zr_vm_core/src/zr_vm_core/execution/execution_backend.c:1206;zr_vm_core/src/zr_vm_core/execution/execution_backend.c:1565;zr_vm_core/src/zr_vm_core/execution/execution_backend.c:1567;zr_vm_core/src/zr_vm_core/execution/execution_backend.c:1569;zr_vm_core/src/zr_vm_core/execution/execution_backend.c:1570;zr_vm_core/src/zr_vm_core/execution/execution_backend_internal.h:117;zr_vm_core/src/zr_vm_core/execution/execution_backend_internal.h:317;zr_vm_core/src/zr_vm_core/execution/execution_code_handle.c:451;zr_vm_core/src/zr_vm_core/execution/execution_code_handle.c:458;zr_vm_core/src/zr_vm_core/execution/execution_code_handle.c:539;zr_vm_core/src/zr_vm_core/execution/execution_code_handle.c:546;zr_vm_core/src/zr_vm_core/execution/execution_code_handle.c:632;zr_vm_core/src/zr_vm_core/execution/execution_code_handle.c:639	借用宿主可写定长注册数组，Init 会清零。	借用宿主可写定长注册数组，Init 会清零。	zr_vm_core/include/zr_vm_core/execution_backend.h:452;zr_vm_core/src/zr_vm_core/execution/execution_backend.c:277;zr_vm_core/src/zr_vm_core/execution/execution_backend.c:387	no-comment	完整阅读；契约归属已说明，局部名称及条件足够，不为单一成员重复插入注释。
zr_vm_core/include/zr_vm_core/execution_backend.h	SZrExecutionBackendService.registrationCapacity	field	zr_vm_core/src/zr_vm_core/execution/execution_backend.c:275;zr_vm_core/src/zr_vm_core/execution/execution_backend.c:388;zr_vm_core/src/zr_vm_core/execution/execution_backend.c:410;zr_vm_core/src/zr_vm_core/execution/execution_backend.c:447;zr_vm_core/src/zr_vm_core/execution/execution_backend.c:470;zr_vm_core/src/zr_vm_core/execution/execution_backend.c:1564;zr_vm_core/src/zr_vm_core/execution/execution_backend_internal.h:118;zr_vm_core/src/zr_vm_core/execution/execution_backend_internal.h:315;zr_vm_core/src/zr_vm_core/execution/execution_code_handle.c:450;zr_vm_core/src/zr_vm_core/execution/execution_code_handle.c:538;zr_vm_core/src/zr_vm_core/execution/execution_code_handle.c:631	对应宿主数组的固定容量，表扫描上界；服务不能核对实际分配长度。	对应宿主数组的固定容量，表扫描上界；服务不能核对实际分配长度。	zr_vm_core/include/zr_vm_core/execution_backend.h:453;zr_vm_core/src/zr_vm_core/execution/execution_backend.c:275;zr_vm_core/src/zr_vm_core/execution/execution_backend.c:388	no-comment	完整阅读；契约归属已说明，局部名称及条件足够，不为单一成员重复插入注释。
zr_vm_core/include/zr_vm_core/execution_backend.h	SZrExecutionBackendService.registrationCount	field	zr_vm_core/src/zr_vm_core/execution/execution_backend.c:413;zr_vm_core/src/zr_vm_core/execution/execution_backend.c:470;zr_vm_core/src/zr_vm_core/execution/execution_backend.c:484;zr_vm_core/src/zr_vm_core/execution/execution_backend.c:561;zr_vm_core/src/zr_vm_core/execution/execution_backend.c:1571;zr_vm_core/src/zr_vm_core/execution/execution_backend.c:1586	对应表的占用计数，在建立/复用/回收时更新，不是宿主分配长度。	对应表的占用计数，在建立/复用/回收时更新，不是宿主分配长度。	zr_vm_core/include/zr_vm_core/execution_backend.h:454;zr_vm_core/src/zr_vm_core/execution/execution_backend.c:413;zr_vm_core/src/zr_vm_core/execution/execution_backend.c:470	no-comment	完整阅读；契约归属已说明，局部名称及条件足够，不为单一成员重复插入注释。
zr_vm_core/include/zr_vm_core/execution_backend.h	SZrExecutionBackendService.jobs	field	zr_vm_core/src/zr_vm_core/execution/execution_backend.c:313;zr_vm_core/src/zr_vm_core/execution/execution_backend.c:322;zr_vm_core/src/zr_vm_core/execution/execution_backend.c:324;zr_vm_core/src/zr_vm_core/execution/execution_backend.c:389;zr_vm_core/src/zr_vm_core/execution/execution_backend.c:408;zr_vm_core/src/zr_vm_core/execution/execution_backend.c:526;zr_vm_core/src/zr_vm_core/execution/execution_backend.c:531;zr_vm_core/src/zr_vm_core/execution/execution_backend.c:532;zr_vm_core/src/zr_vm_core/execution/execution_backend.c:649;zr_vm_core/src/zr_vm_core/execution/execution_backend.c:650;zr_vm_core/src/zr_vm_core/execution/execution_backend.c:651;zr_vm_core/src/zr_vm_core/execution/execution_backend.c:656;zr_vm_core/src/zr_vm_core/execution/execution_backend.c:660;zr_vm_core/src/zr_vm_core/execution/execution_backend.c:661;zr_vm_core/src/zr_vm_core/execution/execution_backend.c:662;zr_vm_core/src/zr_vm_core/execution/execution_backend.c:663;zr_vm_core/src/zr_vm_core/execution/execution_backend.c:669;zr_vm_core/src/zr_vm_core/execution/execution_backend.c:795;zr_vm_core/src/zr_vm_core/execution/execution_backend.c:807;zr_vm_core/src/zr_vm_core/execution/execution_backend.c:808;zr_vm_core/src/zr_vm_core/execution/execution_backend.c:809;zr_vm_core/src/zr_vm_core/execution/execution_backend.c:810;zr_vm_core/src/zr_vm_core/execution/execution_backend.c:811;zr_vm_core/src/zr_vm_core/execution/execution_backend.c:813;zr_vm_core/src/zr_vm_core/execution/execution_backend.c:814;zr_vm_core/src/zr_vm_core/execution/execution_backend.c:1200;zr_vm_core/src/zr_vm_core/execution/execution_backend.c:1204;zr_vm_core/src/zr_vm_core/execution/execution_backend.c:1205;zr_vm_core/src/zr_vm_core/execution/execution_backend.c:1206;zr_vm_core/src/zr_vm_core/execution/execution_backend.c:1225;zr_vm_core/src/zr_vm_core/execution/execution_backend.c:1226;zr_vm_core/src/zr_vm_core/execution/execution_backend.c:1229;zr_vm_core/src/zr_vm_core/execution/execution_backend.c:1230;zr_vm_core/src/zr_vm_core/execution/execution_backend.c:1322;zr_vm_core/src/zr_vm_core/execution/execution_backend.c:1347;zr_vm_core/src/zr_vm_core/execution/execution_backend.c:1348;zr_vm_core/src/zr_vm_core/execution/execution_backend.c:1350;zr_vm_core/src/zr_vm_core/execution/execution_backend.c:1366;zr_vm_core/src/zr_vm_core/execution/execution_backend.c:1403;zr_vm_core/src/zr_vm_core/execution/execution_backend.c:1426;zr_vm_core/src/zr_vm_core/execution/execution_backend.c:1427;zr_vm_core/src/zr_vm_core/execution/execution_backend.c:1438;zr_vm_core/src/zr_vm_core/execution/execution_backend.c:1450;zr_vm_core/src/zr_vm_core/execution/execution_backend.c:1495;zr_vm_core/src/zr_vm_core/execution/execution_backend.c:1501;zr_vm_core/src/zr_vm_core/execution/execution_backend.c:1582;zr_vm_core/src/zr_vm_core/execution/execution_backend.c:1583;zr_vm_core/src/zr_vm_core/execution/execution_backend_internal.h:119;zr_vm_core/src/zr_vm_core/execution/execution_backend_internal.h:338;zr_vm_core/src/zr_vm_core/execution/execution_backend_internal.h:401;zr_vm_core/src/zr_vm_core/execution/execution_code_handle.c:685;zr_vm_core/src/zr_vm_core/execution/execution_code_handle.c:686	借用宿主可写定长作业数组，terminal 槽可被新请求复用。	借用宿主可写定长作业数组，terminal 槽可被新请求复用。	zr_vm_core/include/zr_vm_core/execution_backend.h:455;zr_vm_core/src/zr_vm_core/execution/execution_backend.c:313;zr_vm_core/src/zr_vm_core/execution/execution_backend.c:322	no-comment	完整阅读；契约归属已说明，局部名称及条件足够，不为单一成员重复插入注释。
zr_vm_core/include/zr_vm_core/execution_backend.h	SZrExecutionBackendService.jobCapacity	field	zr_vm_core/src/zr_vm_core/execution/execution_backend.c:312;zr_vm_core/src/zr_vm_core/execution/execution_backend.c:320;zr_vm_core/src/zr_vm_core/execution/execution_backend.c:390;zr_vm_core/src/zr_vm_core/execution/execution_backend.c:411;zr_vm_core/src/zr_vm_core/execution/execution_backend.c:524;zr_vm_core/src/zr_vm_core/execution/execution_backend.c:636;zr_vm_core/src/zr_vm_core/execution/execution_backend.c:794;zr_vm_core/src/zr_vm_core/execution/execution_backend.c:1199;zr_vm_core/src/zr_vm_core/execution/execution_backend.c:1224;zr_vm_core/src/zr_vm_core/execution/execution_backend.c:1320;zr_vm_core/src/zr_vm_core/execution/execution_backend.c:1346;zr_vm_core/src/zr_vm_core/execution/execution_backend.c:1402;zr_vm_core/src/zr_vm_core/execution/execution_backend.c:1425;zr_vm_core/src/zr_vm_core/execution/execution_backend.c:1449;zr_vm_core/src/zr_vm_core/execution/execution_backend.c:1494;zr_vm_core/src/zr_vm_core/execution/execution_backend.c:1581;zr_vm_core/src/zr_vm_core/execution/execution_backend_internal.h:119;zr_vm_core/src/zr_vm_core/execution/execution_backend_internal.h:337;zr_vm_core/src/zr_vm_core/execution/execution_backend_internal.h:400;zr_vm_core/src/zr_vm_core/execution/execution_code_handle.c:684	对应宿主数组的固定容量，表扫描上界；服务不能核对实际分配长度。	对应宿主数组的固定容量，表扫描上界；服务不能核对实际分配长度。	zr_vm_core/include/zr_vm_core/execution_backend.h:456;zr_vm_core/src/zr_vm_core/execution/execution_backend.c:312;zr_vm_core/src/zr_vm_core/execution/execution_backend.c:320	no-comment	完整阅读；契约归属已说明，局部名称及条件足够，不为单一成员重复插入注释。
zr_vm_core/include/zr_vm_core/execution_backend.h	SZrExecutionBackendService.jobCount	field	zr_vm_core/src/zr_vm_core/execution/execution_backend.c:323;zr_vm_core/src/zr_vm_core/execution/execution_backend.c:414;zr_vm_core/src/zr_vm_core/execution/execution_backend.c:636;zr_vm_core/src/zr_vm_core/execution/execution_backend.c:664;zr_vm_core/src/zr_vm_core/execution/execution_backend.c:670;zr_vm_core/src/zr_vm_core/execution/execution_code_handle.c:687	对应表的占用计数，在建立/复用/回收时更新，不是宿主分配长度。	对应表的占用计数，在建立/复用/回收时更新，不是宿主分配长度。	zr_vm_core/include/zr_vm_core/execution_backend.h:457;zr_vm_core/src/zr_vm_core/execution/execution_backend.c:323;zr_vm_core/src/zr_vm_core/execution/execution_backend.c:414	no-comment	完整阅读；契约归属已说明，局部名称及条件足够，不为单一成员重复插入注释。
zr_vm_core/include/zr_vm_core/execution_backend.h	SZrExecutionBackendService.codes	field	zr_vm_core/src/zr_vm_core/execution/execution_backend.c:337;zr_vm_core/src/zr_vm_core/execution/execution_backend.c:351;zr_vm_core/src/zr_vm_core/execution/execution_backend.c:352;zr_vm_core/src/zr_vm_core/execution/execution_backend.c:391;zr_vm_core/src/zr_vm_core/execution/execution_backend.c:409;zr_vm_core/src/zr_vm_core/execution/execution_backend.c:537;zr_vm_core/src/zr_vm_core/execution/execution_backend.c:541;zr_vm_core/src/zr_vm_core/execution/execution_backend.c:542;zr_vm_core/src/zr_vm_core/execution/execution_backend.c:1046;zr_vm_core/src/zr_vm_core/execution/execution_backend.c:1047;zr_vm_core/src/zr_vm_core/execution/execution_backend.c:1048;zr_vm_core/src/zr_vm_core/execution/execution_backend.c:1049;zr_vm_core/src/zr_vm_core/execution/execution_backend.c:1050;zr_vm_core/src/zr_vm_core/execution/execution_backend.c:1051;zr_vm_core/src/zr_vm_core/execution/execution_backend.c:1052;zr_vm_core/src/zr_vm_core/execution/execution_backend.c:1113;zr_vm_core/src/zr_vm_core/execution/execution_backend.c:1126;zr_vm_core/src/zr_vm_core/execution/execution_backend.c:1329;zr_vm_core/src/zr_vm_core/execution/execution_backend.c:1331;zr_vm_core/src/zr_vm_core/execution/execution_backend.c:1413;zr_vm_core/src/zr_vm_core/execution/execution_backend_internal.h:120;zr_vm_core/src/zr_vm_core/execution/execution_backend_internal.h:377;zr_vm_core/src/zr_vm_core/execution/execution_code_handle.c:28;zr_vm_core/src/zr_vm_core/execution/execution_code_handle.c:212;zr_vm_core/src/zr_vm_core/execution/execution_code_handle.c:612;zr_vm_core/src/zr_vm_core/execution/execution_code_handle.c:678	借用宿主可写定长代码数组，退休不直接变为 FREE。	借用宿主可写定长代码数组，退休不直接变为 FREE。	zr_vm_core/include/zr_vm_core/execution_backend.h:458;zr_vm_core/src/zr_vm_core/execution/execution_backend.c:337;zr_vm_core/src/zr_vm_core/execution/execution_backend.c:351	no-comment	完整阅读；契约归属已说明，局部名称及条件足够，不为单一成员重复插入注释。
zr_vm_core/include/zr_vm_core/execution_backend.h	SZrExecutionBackendService.codeCapacity	field	zr_vm_core/src/zr_vm_core/execution/execution_backend.c:336;zr_vm_core/src/zr_vm_core/execution/execution_backend.c:350;zr_vm_core/src/zr_vm_core/execution/execution_backend.c:392;zr_vm_core/src/zr_vm_core/execution/execution_backend.c:412;zr_vm_core/src/zr_vm_core/execution/execution_backend.c:535;zr_vm_core/src/zr_vm_core/execution/execution_backend.c:1029;zr_vm_core/src/zr_vm_core/execution/execution_backend.c:1102;zr_vm_core/src/zr_vm_core/execution/execution_backend.c:1125;zr_vm_core/src/zr_vm_core/execution/execution_backend.c:1328;zr_vm_core/src/zr_vm_core/execution/execution_backend.c:1412;zr_vm_core/src/zr_vm_core/execution/execution_backend_internal.h:120;zr_vm_core/src/zr_vm_core/execution/execution_backend_internal.h:376;zr_vm_core/src/zr_vm_core/execution/execution_code_handle.c:24;zr_vm_core/src/zr_vm_core/execution/execution_code_handle.c:201;zr_vm_core/src/zr_vm_core/execution/execution_code_handle.c:604;zr_vm_core/src/zr_vm_core/execution/execution_code_handle.c:724	对应宿主数组的固定容量，表扫描上界；服务不能核对实际分配长度。	对应宿主数组的固定容量，表扫描上界；服务不能核对实际分配长度。	zr_vm_core/include/zr_vm_core/execution_backend.h:459;zr_vm_core/src/zr_vm_core/execution/execution_backend.c:336;zr_vm_core/src/zr_vm_core/execution/execution_backend.c:350	no-comment	完整阅读；契约归属已说明，局部名称及条件足够，不为单一成员重复插入注释。
zr_vm_core/include/zr_vm_core/execution_backend.h	SZrExecutionBackendService.codeCount	field	zr_vm_core/src/zr_vm_core/execution/execution_backend.c:415;zr_vm_core/src/zr_vm_core/execution/execution_backend.c:1030;zr_vm_core/src/zr_vm_core/execution/execution_backend.c:1053;zr_vm_core/src/zr_vm_core/execution/execution_backend.c:1543;zr_vm_core/src/zr_vm_core/execution/execution_backend.c:1544;zr_vm_core/src/zr_vm_core/execution/execution_backend.c:1586;zr_vm_core/src/zr_vm_core/execution/execution_backend.c:1590;zr_vm_core/src/zr_vm_core/execution/execution_code_handle.c:683	对应表的占用计数，在建立/复用/回收时更新，不是宿主分配长度。	对应表的占用计数，在建立/复用/回收时更新，不是宿主分配长度。	zr_vm_core/include/zr_vm_core/execution_backend.h:460;zr_vm_core/src/zr_vm_core/execution/execution_backend.c:415;zr_vm_core/src/zr_vm_core/execution/execution_backend.c:1030	no-comment	完整阅读；契约归属已说明，局部名称及条件足够，不为单一成员重复插入注释。
zr_vm_core/include/zr_vm_core/execution_backend.h	SZrExecutionBackendService.resumeInterpreter	field	zr_vm_core/src/zr_vm_core/execution/execution_backend.c:393;zr_vm_core/src/zr_vm_core/execution/execution_backend.c:419;zr_vm_core/src/zr_vm_core/execution/execution_backend.c:1616	可选恢复派发，服务不实现 VM 帧物化。	可选恢复派发，服务不实现 VM 帧物化。	zr_vm_core/include/zr_vm_core/execution_backend.h:461;zr_vm_core/src/zr_vm_core/execution/execution_backend.c:393;zr_vm_core/src/zr_vm_core/execution/execution_backend.c:419	no-comment	完整阅读；契约归属已说明，局部名称及条件足够，不为单一成员重复插入注释。
zr_vm_core/include/zr_vm_core/execution_backend.h	SZrExecutionBackendService.resumeUserData	field	zr_vm_core/src/zr_vm_core/execution/execution_backend.c:394;zr_vm_core/src/zr_vm_core/execution/execution_backend.c:420;zr_vm_core/src/zr_vm_core/execution/execution_backend.c:1617	宿主借用的恢复上下文，service 不释放。	宿主借用的恢复上下文，service 不释放。	zr_vm_core/include/zr_vm_core/execution_backend.h:462;zr_vm_core/src/zr_vm_core/execution/execution_backend.c:394;zr_vm_core/src/zr_vm_core/execution/execution_backend.c:420	no-comment	完整阅读；契约归属已说明，局部名称及条件足够，不为单一成员重复插入注释。
zr_vm_core/include/zr_vm_core/execution_backend.h	SZrExecutionBackendService.shuttingDown	field	zr_vm_core/src/zr_vm_core/execution/execution_backend.c:441;zr_vm_core/src/zr_vm_core/execution/execution_backend.c:511;zr_vm_core/src/zr_vm_core/execution/execution_backend.c:603;zr_vm_core/src/zr_vm_core/execution/execution_backend.c:788;zr_vm_core/src/zr_vm_core/execution/execution_backend.c:945;zr_vm_core/src/zr_vm_core/execution/execution_backend.c:953;zr_vm_core/src/zr_vm_core/execution/execution_backend.c:1094;zr_vm_core/src/zr_vm_core/execution/execution_backend.c:1401;zr_vm_core/src/zr_vm_core/execution/execution_backend.c:1488;zr_vm_core/src/zr_vm_core/execution/execution_backend.c:1593	拒绝新注册、入队和发布；不是完成销毁。	拒绝新注册、入队和发布；不是完成销毁。	zr_vm_core/include/zr_vm_core/execution_backend.h:463;zr_vm_core/src/zr_vm_core/execution/execution_backend.c:441;zr_vm_core/src/zr_vm_core/execution/execution_backend.c:511	no-comment	完整阅读；契约归属已说明，局部名称及条件足够，不为单一成员重复插入注释。
zr_vm_core/include/zr_vm_core/execution_backend.h	SZrExecutionBackendService.destroyed	field	zr_vm_core/src/zr_vm_core/execution/execution_backend.c:404;zr_vm_core/src/zr_vm_core/execution/execution_backend.c:441;zr_vm_core/src/zr_vm_core/execution/execution_backend.c:511;zr_vm_core/src/zr_vm_core/execution/execution_backend.c:603;zr_vm_core/src/zr_vm_core/execution/execution_backend.c:788;zr_vm_core/src/zr_vm_core/execution/execution_backend.c:1302;zr_vm_core/src/zr_vm_core/execution/execution_backend.c:1397;zr_vm_core/src/zr_vm_core/execution/execution_backend.c:1592	最终关闭完成后允许 Deinit；不是数组已经释放。	最终关闭完成后允许 Deinit；不是数组已经释放。	zr_vm_core/include/zr_vm_core/execution_backend.h:464;zr_vm_core/src/zr_vm_core/execution/execution_backend.c:404;zr_vm_core/src/zr_vm_core/execution/execution_backend.c:441	no-comment	完整阅读；契约归属已说明，局部名称及条件足够，不为单一成员重复插入注释。
zr_vm_core/include/zr_vm_core/execution_backend.h	SZrExecutionBackendService.shutdownDestroyCalled	field	未见限定 owner.shutdownDestroyCalled 单独读取；tests/core/test_ssa_backend_service.c:334 的整体初始化/复制语义，非单独字段调用	当前逻辑只随 Init 清零，未参与关闭判断，不能赋予幂等销毁语义。	当前整体构造清零，接收或校验未要求该保留字段必须为零；不赋予状态、校验或寿命语义。	zr_vm_core/include/zr_vm_core/execution_backend.h:465	no-comment	完整阅读；契约归属已说明，局部名称及条件足够，不为单一成员重复插入注释。
zr_vm_core/include/zr_vm_core/execution_backend.h	SZrExecutionBackendService.reserved	field	未见限定 owner.reserved 单独读取；tests/core/test_ssa_backend_service.c:334 的整体初始化/复制语义，非单独字段调用	保留存储，当前服务未赋予业务意义；不能将其读成有效性或生命周期标志。	当前整体构造清零，接收或校验未要求该保留字段必须为零；不赋予状态、校验或寿命语义。	zr_vm_core/include/zr_vm_core/execution_backend.h:466	no-comment	完整阅读；契约归属已说明，局部名称及条件足够，不为单一成员重复插入注释。
zr_vm_core/include/zr_vm_core/execution_backend.h	SZrExecutionBackendService.queryTargetInFlight	field	zr_vm_core/src/zr_vm_core/execution/execution_backend.c:416;zr_vm_core/src/zr_vm_core/execution/execution_backend.c:665;zr_vm_core/src/zr_vm_core/execution/execution_backend.c:668;zr_vm_core/src/zr_vm_core/execution/execution_backend.c:676;zr_vm_core/src/zr_vm_core/execution/execution_backend.c:686;zr_vm_core/src/zr_vm_core/execution/execution_backend.c:1455;zr_vm_core/src/zr_vm_core/execution/execution_backend.c:1456;zr_vm_core/src/zr_vm_core/execution/execution_backend.c:1504;zr_vm_core/src/zr_vm_core/execution/execution_backend.c:1506;zr_vm_core/src/zr_vm_core/execution/execution_backend.c:1523;zr_vm_core/src/zr_vm_core/execution/execution_backend.c:1525	锁外目标能力查询的关闭屏障。	锁外目标能力查询的关闭屏障。	zr_vm_core/include/zr_vm_core/execution_backend.h:468;zr_vm_core/src/zr_vm_core/execution/execution_backend.c:416;zr_vm_core/src/zr_vm_core/execution/execution_backend.c:665	no-comment	完整阅读；契约归属已说明，局部名称及条件足够，不为单一成员重复插入注释。
zr_vm_core/include/zr_vm_core/execution_backend.h	SZrExecutionBackendService.backendCallbackInFlight	field	zr_vm_core/src/zr_vm_core/execution/execution_backend.c:417;zr_vm_core/src/zr_vm_core/execution/execution_backend.c:545;zr_vm_core/src/zr_vm_core/execution/execution_backend.c:546;zr_vm_core/src/zr_vm_core/execution/execution_backend.c:556;zr_vm_core/src/zr_vm_core/execution/execution_backend.c:666;zr_vm_core/src/zr_vm_core/execution/execution_backend.c:818;zr_vm_core/src/zr_vm_core/execution/execution_backend.c:1211;zr_vm_core/src/zr_vm_core/execution/execution_backend.c:1458;zr_vm_core/src/zr_vm_core/execution/execution_backend.c:1459;zr_vm_core/src/zr_vm_core/execution/execution_backend.c:1462;zr_vm_core/src/zr_vm_core/execution/execution_backend.c:1505;zr_vm_core/src/zr_vm_core/execution/execution_backend.c:1507;zr_vm_core/src/zr_vm_core/execution/execution_backend.c:1508;zr_vm_core/src/zr_vm_core/execution/execution_backend.c:1524;zr_vm_core/src/zr_vm_core/execution/execution_backend.c:1526;zr_vm_core/src/zr_vm_core/execution/execution_backend.c:1527;zr_vm_core/src/zr_vm_core/execution/execution_backend.c:1557;zr_vm_core/src/zr_vm_core/execution/execution_backend.c:1561;zr_vm_core/src/zr_vm_core/execution/execution_backend.c:1568;zr_vm_core/src/zr_vm_core/execution/execution_backend_internal.h:80;zr_vm_core/src/zr_vm_core/execution/execution_backend_internal.h:83;zr_vm_core/src/zr_vm_core/execution/execution_backend_internal.h:90;zr_vm_core/src/zr_vm_core/execution/execution_backend_internal.h:91;zr_vm_core/src/zr_vm_core/execution/execution_code_handle.c:86;zr_vm_core/src/zr_vm_core/execution/execution_code_handle.c:471;zr_vm_core/src/zr_vm_core/execution/execution_code_handle.c:552;zr_vm_core/src/zr_vm_core/execution/execution_code_handle.c:649	锁外后端/恢复回调计数，阻止 owner 销毁；不保活外部 service 存储。	锁外后端/恢复回调计数，阻止 owner 销毁；不保活外部 service 存储。	zr_vm_core/include/zr_vm_core/execution_backend.h:471;zr_vm_core/src/zr_vm_core/execution/execution_backend.c:417;zr_vm_core/src/zr_vm_core/execution/execution_backend.c:545	no-comment	完整阅读；契约归属已说明，局部名称及条件足够，不为单一成员重复插入注释。
zr_vm_core/include/zr_vm_core/execution_backend.h	SZrExecutionBackendService.invalidatedKeys	field	zr_vm_core/src/zr_vm_core/execution/execution_backend.c:1318;zr_vm_core/src/zr_vm_core/execution/execution_backend_internal.h:145	完整键墓碑，阻止失效后同键重新提交；非代码地址。	完整键墓碑，阻止失效后同键重新提交；非代码地址。	zr_vm_core/include/zr_vm_core/execution_backend.h:474;zr_vm_core/src/zr_vm_core/execution/execution_backend.c:1318;zr_vm_core/src/zr_vm_core/execution/execution_backend_internal.h:145	no-comment	完整阅读；契约归属已说明，局部名称及条件足够，不为单一成员重复插入注释。
zr_vm_core/include/zr_vm_core/execution_backend.h	SZrExecutionBackendService.invalidatedKeyCount	field	zr_vm_core/src/zr_vm_core/execution/execution_backend.c:418;zr_vm_core/src/zr_vm_core/execution/execution_backend.c:1310;zr_vm_core/src/zr_vm_core/execution/execution_backend.c:1316;zr_vm_core/src/zr_vm_core/execution/execution_backend.c:1318;zr_vm_core/src/zr_vm_core/execution/execution_backend_internal.h:142	墓碑占用量，最多固定容量，Init 才重置。	墓碑占用量，最多固定容量，Init 才重置。	zr_vm_core/include/zr_vm_core/execution_backend.h:475;zr_vm_core/src/zr_vm_core/execution/execution_backend.c:418;zr_vm_core/src/zr_vm_core/execution/execution_backend.c:1310	no-comment	完整阅读；契约归属已说明，局部名称及条件足够，不为单一成员重复插入注释。
zr_vm_core/include/zr_vm_core/execution_backend.h	SZrExecutionBackendService.reservedInvalidation	field	未见限定 owner.reservedInvalidation 单独读取；tests/core/test_ssa_backend_service.c:334 的整体初始化/复制语义，非单独字段调用	保留存储，当前服务未赋予业务意义；不能将其读成有效性或生命周期标志。	当前整体构造清零，接收或校验未要求该保留字段必须为零；不赋予状态、校验或寿命语义。	zr_vm_core/include/zr_vm_core/execution_backend.h:476	no-comment	完整阅读；契约归属已说明，局部名称及条件足够，不为单一成员重复插入注释。
zr_vm_core/include/zr_vm_core/execution_backend.h	EZrExecutionBackendTargetKind.ZR_EXECUTION_BACKEND_TARGET_NONE	enum-value	zr_vm_core/src/zr_vm_core/execution/execution_backend.c:202;zr_vm_core/src/zr_vm_core/execution/execution_backend_internal.h:165	枚举项归属 EZrExecutionBackendTargetKind；边界、状态和回退的独立约束见该枚举及实际状态分支。	无目标哨兵，request/descriptor 不接受。	zr_vm_core/include/zr_vm_core/execution_backend.h:79;zr_vm_core/src/zr_vm_core/execution/execution_backend.c:202;zr_vm_core/src/zr_vm_core/execution/execution_backend_internal.h:165	no-comment	已核对逐项消费者，枚举名及类型宏观契约足够；不机械为每个枚举值重复注释。
zr_vm_core/include/zr_vm_core/execution_backend.h	EZrExecutionBackendTargetKind.ZR_EXECUTION_BACKEND_TARGET_EXECBC	enum-value	仓内未见该枚举项正消费；所属公开 ABI 值保留，不判死代码	枚举项归属 EZrExecutionBackendTargetKind；边界、状态和回退的独立约束见该枚举及实际状态分支。	可提交目标类别；需要实际匹配注册，回退 EXECBC 不是已编译目标记录。	zr_vm_core/include/zr_vm_core/execution_backend.h:80	no-comment	已核对逐项消费者，枚举名及类型宏观契约足够；不机械为每个枚举值重复注释。
zr_vm_core/include/zr_vm_core/execution_backend.h	EZrExecutionBackendTargetKind.ZR_EXECUTION_BACKEND_TARGET_AOT	enum-value	tests/core/test_ssa_backend_service.c:754	枚举项归属 EZrExecutionBackendTargetKind；边界、状态和回退的独立约束见该枚举及实际状态分支。	可提交目标类别；需要匹配注册，AOT 回退不证明产物存在。	zr_vm_core/include/zr_vm_core/execution_backend.h:81;tests/core/test_ssa_backend_service.c:754	no-comment	已核对逐项消费者，枚举名及类型宏观契约足够；不机械为每个枚举值重复注释。
zr_vm_core/include/zr_vm_core/execution_backend.h	EZrExecutionBackendTargetKind.ZR_EXECUTION_BACKEND_TARGET_HOST_JIT	enum-value	tests/core/test_ssa_backend_service.c:66;tests/core/test_ssa_backend_service.c:208;tests/core/test_ssa_backend_service.c:223;tests/core/test_ssa_backend_service.c:262;zr_vm_jit/src/orc_backend.cpp:271;zr_vm_jit/src/orc_backend.cpp:275;zr_vm_jit/src/orc_backend.cpp:321;zr_vm_jit/src/orc_backend.cpp:324;tests/core/test_ssa_host_jit_optional.c:97	枚举项归属 EZrExecutionBackendTargetKind；边界、状态和回退的独立约束见该枚举及实际状态分支。	可提交目标类别；注册和操作位不证明机器码 provider 可用。	zr_vm_core/include/zr_vm_core/execution_backend.h:82;tests/core/test_ssa_backend_service.c:66;tests/core/test_ssa_backend_service.c:208	no-comment	已核对逐项消费者，枚举名及类型宏观契约足够；不机械为每个枚举值重复注释。
zr_vm_core/include/zr_vm_core/execution_backend.h	EZrExecutionBackendTargetKind.ZR_EXECUTION_BACKEND_TARGET_COUNT	enum-value	zr_vm_core/src/zr_vm_core/execution/execution_backend_internal.h:166	枚举项归属 EZrExecutionBackendTargetKind；边界、状态和回退的独立约束见该枚举及实际状态分支。	目标范围上界，target_kind_valid 排除。	zr_vm_core/include/zr_vm_core/execution_backend.h:83;zr_vm_core/src/zr_vm_core/execution/execution_backend_internal.h:166	no-comment	已核对逐项消费者，枚举名及类型宏观契约足够；不机械为每个枚举值重复注释。
zr_vm_core/include/zr_vm_core/execution_backend.h	EZrExecutionBackendFallback.ZR_EXECUTION_BACKEND_FALLBACK_NONE	enum-value	zr_vm_core/src/zr_vm_core/execution/execution_backend.c:213;zr_vm_core/src/zr_vm_core/execution/execution_backend.c:215;zr_vm_core/src/zr_vm_core/execution/execution_backend.c:225;zr_vm_core/src/zr_vm_core/execution/execution_backend.c:236;zr_vm_core/src/zr_vm_core/execution/execution_backend.c:658;tests/core/test_ssa_backend_service.c:765	枚举项归属 EZrExecutionBackendFallback；边界、状态和回退的独立约束见该枚举及实际状态分支。	没有许可回退，映射 BACKEND_UNAVAILABLE；强制机器码路径保持 NONE。	zr_vm_core/include/zr_vm_core/execution_backend.h:89;zr_vm_core/src/zr_vm_core/execution/execution_backend.c:213;zr_vm_core/src/zr_vm_core/execution/execution_backend.c:215	no-comment	已核对逐项消费者，枚举名及类型宏观契约足够；不机械为每个枚举值重复注释。
zr_vm_core/include/zr_vm_core/execution_backend.h	EZrExecutionBackendFallback.ZR_EXECUTION_BACKEND_FALLBACK_EXECBC	enum-value	zr_vm_core/src/zr_vm_core/execution/execution_backend.c:223;zr_vm_core/src/zr_vm_core/execution/execution_backend.c:232;tests/core/test_ssa_backend_service.c:751	枚举项归属 EZrExecutionBackendFallback；边界、状态和回退的独立约束见该枚举及实际状态分支。	有许可且未优先 AOT 时选择；无真实 ticketId 或解释器执行。	zr_vm_core/include/zr_vm_core/execution_backend.h:90;zr_vm_core/src/zr_vm_core/execution/execution_backend.c:223;zr_vm_core/src/zr_vm_core/execution/execution_backend.c:232	no-comment	已核对逐项消费者，枚举名及类型宏观契约足够；不机械为每个枚举值重复注释。
zr_vm_core/include/zr_vm_core/execution_backend.h	EZrExecutionBackendFallback.ZR_EXECUTION_BACKEND_FALLBACK_AOT	enum-value	zr_vm_core/src/zr_vm_core/execution/execution_backend.c:220;zr_vm_core/src/zr_vm_core/execution/execution_backend.c:234;tests/core/test_ssa_backend_service.c:759	枚举项归属 EZrExecutionBackendFallback；边界、状态和回退的独立约束见该枚举及实际状态分支。	AOT 许可优先，除非强制机器码；无实际 AOT 产物。	zr_vm_core/include/zr_vm_core/execution_backend.h:91;zr_vm_core/src/zr_vm_core/execution/execution_backend.c:220;zr_vm_core/src/zr_vm_core/execution/execution_backend.c:234	no-comment	已核对逐项消费者，枚举名及类型宏观契约足够；不机械为每个枚举值重复注释。
zr_vm_core/include/zr_vm_core/execution_backend.h	EZrExecutionBackendStatus.ZR_EXECUTION_BACKEND_STATUS_OK	enum-value	zr_vm_core/src/zr_vm_core/execution/execution_backend.c:56;zr_vm_core/src/zr_vm_core/execution/execution_backend.c:141;zr_vm_core/src/zr_vm_core/execution/execution_backend.c:187;zr_vm_core/src/zr_vm_core/execution/execution_backend.c:299;zr_vm_core/src/zr_vm_core/execution/execution_backend.c:399;zr_vm_core/src/zr_vm_core/execution/execution_backend.c:434;zr_vm_core/src/zr_vm_core/execution/execution_backend.c:491;zr_vm_core/src/zr_vm_core/execution/execution_backend.c:501;zr_vm_core/src/zr_vm_core/execution/execution_backend.c:593;zr_vm_core/src/zr_vm_core/execution/execution_backend.c:689;zr_vm_core/src/zr_vm_core/execution/execution_backend.c:851;zr_vm_core/src/zr_vm_core/execution/execution_backend.c:862;zr_vm_core/src/zr_vm_core/execution/execution_backend.c:891;zr_vm_core/src/zr_vm_core/execution/execution_backend.c:1058;zr_vm_core/src/zr_vm_core/execution/execution_backend.c:1063;zr_vm_core/src/zr_vm_core/execution/execution_backend.c:1067;zr_vm_core/src/zr_vm_core/execution/execution_backend.c:1137;zr_vm_core/src/zr_vm_core/execution/execution_backend.c:1141;zr_vm_core/src/zr_vm_core/execution/execution_backend.c:1145;zr_vm_core/src/zr_vm_core/execution/execution_backend.c:1180;zr_vm_core/src/zr_vm_core/execution/execution_backend.c:1184;zr_vm_core/src/zr_vm_core/execution/execution_backend.c:1220;zr_vm_core/src/zr_vm_core/execution/execution_backend.c:1227;zr_vm_core/src/zr_vm_core/execution/execution_backend.c:1361;zr_vm_core/src/zr_vm_core/execution/execution_backend.c:1376;zr_vm_core/src/zr_vm_core/execution/execution_backend.c:1382;zr_vm_core/src/zr_vm_core/execution/execution_backend.c:1399;zr_vm_core/src/zr_vm_core/execution/execution_backend.c:1471;zr_vm_core/src/zr_vm_core/execution/execution_backend.c:1472;zr_vm_core/src/zr_vm_core/execution/execution_backend.c:1520;zr_vm_core/src/zr_vm_core/execution/execution_backend.c:1596;zr_vm_core/src/zr_vm_core/execution/execution_backend.c:1597;zr_vm_core/src/zr_vm_core/execution/execution_backend.c:1671;zr_vm_core/src/zr_vm_core/execution/execution_backend.c:1693;zr_vm_core/src/zr_vm_core/execution/execution_code_handle.c:97;zr_vm_core/src/zr_vm_core/execution/execution_code_handle.c:108;zr_vm_core/src/zr_vm_core/execution/execution_code_handle.c:111;zr_vm_core/src/zr_vm_core/execution/execution_code_handle.c:120;zr_vm_core/src/zr_vm_core/execution/execution_code_handle.c:126;zr_vm_core/src/zr_vm_core/execution/execution_code_handle.c:158;zr_vm_core/src/zr_vm_core/execution/execution_code_handle.c:239;zr_vm_core/src/zr_vm_core/execution/execution_code_handle.c:243;zr_vm_core/src/zr_vm_core/execution/execution_code_handle.c:265;zr_vm_core/src/zr_vm_core/execution/execution_code_handle.c:285;zr_vm_core/src/zr_vm_core/execution/execution_code_handle.c:289;zr_vm_core/src/zr_vm_core/execution/execution_code_handle.c:311;zr_vm_core/src/zr_vm_core/execution/execution_code_handle.c:324;zr_vm_core/src/zr_vm_core/execution/execution_code_handle.c:328;zr_vm_core/src/zr_vm_core/execution/execution_code_handle.c:351;zr_vm_core/src/zr_vm_core/execution/execution_code_handle.c:373;zr_vm_core/src/zr_vm_core/execution/execution_code_handle.c:376;zr_vm_core/src/zr_vm_core/execution/execution_code_handle.c:401;zr_vm_core/src/zr_vm_core/execution/execution_code_handle.c:407;zr_vm_core/src/zr_vm_core/execution/execution_code_handle.c:446;zr_vm_core/src/zr_vm_core/execution/execution_code_handle.c:480;zr_vm_core/src/zr_vm_core/execution/execution_code_handle.c:490;zr_vm_core/src/zr_vm_core/execution/execution_code_handle.c:526;zr_vm_core/src/zr_vm_core/execution/execution_code_handle.c:566;zr_vm_core/src/zr_vm_core/execution/execution_code_handle.c:573;zr_vm_core/src/zr_vm_core/execution/execution_code_handle.c:583;zr_vm_core/src/zr_vm_core/execution/execution_code_handle.c:657;zr_vm_core/src/zr_vm_core/execution/execution_code_handle.c:658;zr_vm_core/src/zr_vm_core/execution/execution_code_handle.c:666;zr_vm_core/src/zr_vm_core/execution/execution_code_handle.c:681;zr_vm_core/src/zr_vm_core/execution/execution_code_handle.c:692;zr_vm_core/src/zr_vm_core/execution/execution_code_handle.c:696;zr_vm_core/src/zr_vm_core/execution/execution_code_handle.c:702;zr_vm_core/src/zr_vm_core/execution/execution_code_handle.c:726;zr_vm_core/src/zr_vm_core/execution/execution_code_handle.c:738;zr_vm_core/src/zr_vm_core/execution/execution_code_handle.c:741;tests/core/test_ssa_backend_service.c:67;tests/core/test_ssa_backend_service.c:93;tests/core/test_ssa_backend_service.c:113;tests/core/test_ssa_backend_service.c:129;tests/core/test_ssa_backend_service.c:144;tests/core/test_ssa_backend_service.c:159;tests/core/test_ssa_backend_service.c:174;tests/core/test_ssa_backend_service.c:337;tests/core/test_ssa_backend_service.c:341;tests/core/test_ssa_backend_service.c:351;tests/core/test_ssa_backend_service.c:360;tests/core/test_ssa_backend_service.c:367;tests/core/test_ssa_backend_service.c:370;tests/core/test_ssa_backend_service.c:373;tests/core/test_ssa_backend_service.c:376;tests/core/test_ssa_backend_service.c:381;tests/core/test_ssa_backend_service.c:384;tests/core/test_ssa_backend_service.c:388;tests/core/test_ssa_backend_service.c:392;tests/core/test_ssa_backend_service.c:395;tests/core/test_ssa_backend_service.c:398;tests/core/test_ssa_backend_service.c:410;tests/core/test_ssa_backend_service.c:412;tests/core/test_ssa_backend_service.c:441;tests/core/test_ssa_backend_service.c:445;tests/core/test_ssa_backend_service.c:451;tests/core/test_ssa_backend_service.c:453;tests/core/test_ssa_backend_service.c:456;tests/core/test_ssa_backend_service.c:459;tests/core/test_ssa_backend_service.c:462;tests/core/test_ssa_backend_service.c:467;tests/core/test_ssa_backend_service.c:472;tests/core/test_ssa_backend_service.c:479;tests/core/test_ssa_backend_service.c:482;tests/core/test_ssa_backend_service.c:485;tests/core/test_ssa_backend_service.c:489;tests/core/test_ssa_backend_service.c:492;tests/core/test_ssa_backend_service.c:494;tests/core/test_ssa_backend_service.c:520;tests/core/test_ssa_backend_service.c:524;tests/core/test_ssa_backend_service.c:532;tests/core/test_ssa_backend_service.c:535;tests/core/test_ssa_backend_service.c:545;tests/core/test_ssa_backend_service.c:549;tests/core/test_ssa_backend_service.c:555;tests/core/test_ssa_backend_service.c:557;tests/core/test_ssa_backend_service.c:560;tests/core/test_ssa_backend_service.c:563;tests/core/test_ssa_backend_service.c:565;tests/core/test_ssa_backend_service.c:571;tests/core/test_ssa_backend_service.c:575;tests/core/test_ssa_backend_service.c:578;tests/core/test_ssa_backend_service.c:605;tests/core/test_ssa_backend_service.c:609;tests/core/test_ssa_backend_service.c:621;tests/core/test_ssa_backend_service.c:623;tests/core/test_ssa_backend_service.c:644;tests/core/test_ssa_backend_service.c:646;tests/core/test_ssa_backend_service.c:648;tests/core/test_ssa_backend_service.c:679;tests/core/test_ssa_backend_service.c:683;tests/core/test_ssa_backend_service.c:693;tests/core/test_ssa_backend_service.c:695;tests/core/test_ssa_backend_service.c:718;tests/core/test_ssa_backend_service.c:722;tests/core/test_ssa_backend_service.c:731;tests/core/test_ssa_backend_service.c:767;tests/core/test_ssa_backend_service.c:769;tests/core/test_ssa_backend_service.c:796;tests/core/test_ssa_backend_service.c:800;tests/core/test_ssa_backend_service.c:812;tests/core/test_ssa_backend_service.c:814;tests/core/test_ssa_backend_service.c:825;tests/core/test_ssa_backend_service.c:827;tests/core/test_ssa_backend_service.c:830;tests/core/test_ssa_backend_service.c:833;tests/core/test_ssa_backend_service.c:836;tests/core/test_ssa_backend_service.c:838;tests/core/test_ssa_backend_service.c:840;zr_vm_jit/src/orc_backend.cpp:353;zr_vm_jit/src/orc_backend.cpp:354;zr_vm_jit/src/orc_backend.cpp:387;zr_vm_jit/src/orc_backend.cpp:388;zr_vm_jit/src/orc_backend.cpp:439;zr_vm_jit/src/orc_backend.cpp:440;zr_vm_jit/src/orc_backend.cpp:454;zr_vm_jit/src/orc_backend.cpp:455;zr_vm_jit/src/orc_backend.cpp:469;zr_vm_jit/src/orc_backend.cpp:470	枚举项归属 EZrExecutionBackendStatus；边界、状态和回退的独立约束见该枚举及实际状态分支。	当前操作阶段成功；Invalidate/Shutdown 的 OK 不保证 worker/租约或资源最终排空。	zr_vm_core/include/zr_vm_core/execution_backend.h:97;zr_vm_core/src/zr_vm_core/execution/execution_backend.c:56;zr_vm_core/src/zr_vm_core/execution/execution_backend.c:141	no-comment	已核对逐项消费者，枚举名及类型宏观契约足够；不机械为每个枚举值重复注释。
zr_vm_core/include/zr_vm_core/execution_backend.h	EZrExecutionBackendStatus.ZR_EXECUTION_BACKEND_STATUS_PENDING	enum-value	zr_vm_core/src/zr_vm_core/execution/execution_backend.c:57;zr_vm_core/src/zr_vm_core/execution/execution_backend.c:661;zr_vm_core/src/zr_vm_core/execution/execution_backend.c:706;zr_vm_core/src/zr_vm_core/execution/execution_backend.c:709;zr_vm_core/src/zr_vm_core/execution/execution_backend.c:808;zr_vm_core/src/zr_vm_core/execution/execution_backend.c:830;zr_vm_core/src/zr_vm_core/execution/execution_backend.c:836;zr_vm_core/src/zr_vm_core/execution/execution_backend.c:846;zr_vm_core/src/zr_vm_core/execution/execution_backend.c:849;zr_vm_core/src/zr_vm_core/execution/execution_backend.c:1682;tests/core/test_ssa_backend_service.c:96;tests/core/test_ssa_backend_service.c:346;tests/core/test_ssa_backend_service.c:356;tests/core/test_ssa_backend_service.c:449;tests/core/test_ssa_backend_service.c:528;tests/core/test_ssa_backend_service.c:530;tests/core/test_ssa_backend_service.c:553;tests/core/test_ssa_backend_service.c:613;tests/core/test_ssa_backend_service.c:615;tests/core/test_ssa_backend_service.c:628;tests/core/test_ssa_backend_service.c:630;tests/core/test_ssa_backend_service.c:726;tests/core/test_ssa_backend_service.c:728;tests/core/test_ssa_backend_service.c:805;tests/core/test_ssa_backend_service.c:807;tests/core/test_ssa_backend_service.c:818;tests/core/test_ssa_backend_service.c:820	枚举项归属 EZrExecutionBackendStatus；边界、状态和回退的独立约束见该枚举及实际状态分支。	入队接纳或编译/取消回调待完成；返回 PENDING 时当前作业状态可能已取消，须查询实际状态。	zr_vm_core/include/zr_vm_core/execution_backend.h:99;zr_vm_core/src/zr_vm_core/execution/execution_backend.c:57;zr_vm_core/src/zr_vm_core/execution/execution_backend.c:661	no-comment	已核对逐项消费者，枚举名及类型宏观契约足够；不机械为每个枚举值重复注释。
zr_vm_core/include/zr_vm_core/execution_backend.h	EZrExecutionBackendStatus.ZR_EXECUTION_BACKEND_STATUS_FALLBACK_EXECBC	enum-value	zr_vm_core/src/zr_vm_core/execution/execution_backend.c:58;zr_vm_core/src/zr_vm_core/execution/execution_backend.c:233;zr_vm_core/src/zr_vm_core/execution/execution_backend.c:1683;tests/core/test_ssa_backend_service.c:750	枚举项归属 EZrExecutionBackendStatus；边界、状态和回退的独立约束见该枚举及实际状态分支。	允许 ExecBC 许可时的下一路径选择；fallback ticket 无作业身份，未实际执行解释器。	zr_vm_core/include/zr_vm_core/execution_backend.h:100;zr_vm_core/src/zr_vm_core/execution/execution_backend.c:58;zr_vm_core/src/zr_vm_core/execution/execution_backend.c:233	no-comment	已核对逐项消费者，枚举名及类型宏观契约足够；不机械为每个枚举值重复注释。
zr_vm_core/include/zr_vm_core/execution_backend.h	EZrExecutionBackendStatus.ZR_EXECUTION_BACKEND_STATUS_FALLBACK_AOT	enum-value	zr_vm_core/src/zr_vm_core/execution/execution_backend.c:59;zr_vm_core/src/zr_vm_core/execution/execution_backend.c:235;zr_vm_core/src/zr_vm_core/execution/execution_backend.c:1684;tests/core/test_ssa_backend_service.c:758	枚举项归属 EZrExecutionBackendStatus；边界、状态和回退的独立约束见该枚举及实际状态分支。	允许 AOT 许可时的优先回退选择；无 AOT 产物或作业身份，不证明 AOT 已执行。	zr_vm_core/include/zr_vm_core/execution_backend.h:101;zr_vm_core/src/zr_vm_core/execution/execution_backend.c:59;zr_vm_core/src/zr_vm_core/execution/execution_backend.c:235	no-comment	已核对逐项消费者，枚举名及类型宏观契约足够；不机械为每个枚举值重复注释。
zr_vm_core/include/zr_vm_core/execution_backend.h	EZrExecutionBackendStatus.ZR_EXECUTION_BACKEND_STATUS_INVALID_ARGUMENT	enum-value	zr_vm_core/src/zr_vm_core/execution/execution_backend.c:60;zr_vm_core/src/zr_vm_core/execution/execution_backend.c:100;zr_vm_core/src/zr_vm_core/execution/execution_backend.c:151;zr_vm_core/src/zr_vm_core/execution/execution_backend.c:378;zr_vm_core/src/zr_vm_core/execution/execution_backend.c:437;zr_vm_core/src/zr_vm_core/execution/execution_backend.c:506;zr_vm_core/src/zr_vm_core/execution/execution_backend.c:589;zr_vm_core/src/zr_vm_core/execution/execution_backend.c:596;zr_vm_core/src/zr_vm_core/execution/execution_backend.c:784;zr_vm_core/src/zr_vm_core/execution/execution_backend.c:900;zr_vm_core/src/zr_vm_core/execution/execution_backend.c:1082;zr_vm_core/src/zr_vm_core/execution/execution_backend.c:1159;zr_vm_core/src/zr_vm_core/execution/execution_backend.c:1252;zr_vm_core/src/zr_vm_core/execution/execution_backend.c:1298;zr_vm_core/src/zr_vm_core/execution/execution_backend.c:1393;zr_vm_core/src/zr_vm_core/execution/execution_backend.c:1484;zr_vm_core/src/zr_vm_core/execution/execution_code_handle.c:72;zr_vm_core/src/zr_vm_core/execution/execution_code_handle.c:138;zr_vm_core/src/zr_vm_core/execution/execution_code_handle.c:186;zr_vm_core/src/zr_vm_core/execution/execution_code_handle.c:259;zr_vm_core/src/zr_vm_core/execution/execution_code_handle.c:305;zr_vm_core/src/zr_vm_core/execution/execution_code_handle.c:345;zr_vm_core/src/zr_vm_core/execution/execution_code_handle.c:395;zr_vm_core/src/zr_vm_core/execution/execution_code_handle.c:433;zr_vm_core/src/zr_vm_core/execution/execution_code_handle.c:438;zr_vm_core/src/zr_vm_core/execution/execution_code_handle.c:513;zr_vm_core/src/zr_vm_core/execution/execution_code_handle.c:518;zr_vm_core/src/zr_vm_core/execution/execution_code_handle.c:606;zr_vm_core/src/zr_vm_core/execution/execution_code_handle.c:721;tests/core/test_ssa_backend_service.c:669;tests/core/test_ssa_backend_service.c:672;tests/core/test_ssa_backend_service.c:675;zr_vm_jit/src/orc_backend.cpp:367;zr_vm_jit/src/orc_backend.cpp:368;zr_vm_jit/src/orc_backend.cpp:384;zr_vm_jit/src/orc_backend.cpp:385;zr_vm_jit/src/orc_backend.cpp:401;zr_vm_jit/src/orc_backend.cpp:402;zr_vm_jit/src/orc_backend.cpp:423;zr_vm_jit/src/orc_backend.cpp:424;zr_vm_jit/src/orc_backend.cpp:451;zr_vm_jit/src/orc_backend.cpp:452;zr_vm_jit/src/orc_backend.cpp:466;zr_vm_jit/src/orc_backend.cpp:467	枚举项归属 EZrExecutionBackendStatus；边界、状态和回退的独立约束见该枚举及实际状态分支。	NULL、零必需身份/容量或无效 kind 等入口形状拒绝；不代表内部业务状态被改变。	zr_vm_core/include/zr_vm_core/execution_backend.h:102;zr_vm_core/src/zr_vm_core/execution/execution_backend.c:60;zr_vm_core/src/zr_vm_core/execution/execution_backend.c:100	no-comment	已核对逐项消费者，枚举名及类型宏观契约足够；不机械为每个枚举值重复注释。
zr_vm_core/include/zr_vm_core/execution_backend.h	EZrExecutionBackendStatus.ZR_EXECUTION_BACKEND_STATUS_INVALID_MAGIC	enum-value	zr_vm_core/src/zr_vm_core/execution/execution_backend.c:61;zr_vm_core/src/zr_vm_core/execution/execution_backend.c:105;zr_vm_core/src/zr_vm_core/execution/execution_backend.c:160;zr_vm_core/src/zr_vm_core/execution/execution_code_handle.c:143	枚举项归属 EZrExecutionBackendStatus；边界、状态和回退的独立约束见该枚举及实际状态分支。	请求/描述符或句柄类别标识不符合 EBK1；不将匹配 magic 当存储寿命证明。	zr_vm_core/include/zr_vm_core/execution_backend.h:103;zr_vm_core/src/zr_vm_core/execution/execution_backend.c:61;zr_vm_core/src/zr_vm_core/execution/execution_backend.c:105	no-comment	已核对逐项消费者，枚举名及类型宏观契约足够；不机械为每个枚举值重复注释。
zr_vm_core/include/zr_vm_core/execution_backend.h	EZrExecutionBackendStatus.ZR_EXECUTION_BACKEND_STATUS_INVALID_SCHEMA	enum-value	zr_vm_core/src/zr_vm_core/execution/execution_backend.c:62;zr_vm_core/src/zr_vm_core/execution/execution_backend.c:111;zr_vm_core/src/zr_vm_core/execution/execution_backend.c:165	枚举项归属 EZrExecutionBackendStatus；边界、状态和回退的独立约束见该枚举及实际状态分支。	请求/描述符 schema 或 target schema 版本拒绝，不能混用旧结构契约。	zr_vm_core/include/zr_vm_core/execution_backend.h:104;zr_vm_core/src/zr_vm_core/execution/execution_backend.c:62;zr_vm_core/src/zr_vm_core/execution/execution_backend.c:111	no-comment	已核对逐项消费者，枚举名及类型宏观契约足够；不机械为每个枚举值重复注释。
zr_vm_core/include/zr_vm_core/execution_backend.h	EZrExecutionBackendStatus.ZR_EXECUTION_BACKEND_STATUS_INVALID_FLAGS	enum-value	zr_vm_core/src/zr_vm_core/execution/execution_backend.c:63;zr_vm_core/src/zr_vm_core/execution/execution_backend.c:118;zr_vm_core/src/zr_vm_core/execution/execution_backend.c:172	枚举项归属 EZrExecutionBackendStatus；边界、状态和回退的独立约束见该枚举及实际状态分支。	请求或描述符含未知位拒绝；不表示已知描述符位驱动线程。	zr_vm_core/include/zr_vm_core/execution_backend.h:105;zr_vm_core/src/zr_vm_core/execution/execution_backend.c:63;zr_vm_core/src/zr_vm_core/execution/execution_backend.c:118	no-comment	已核对逐项消费者，枚举名及类型宏观契约足够；不机械为每个枚举值重复注释。
zr_vm_core/include/zr_vm_core/execution_backend.h	EZrExecutionBackendStatus.ZR_EXECUTION_BACKEND_STATUS_CAPACITY	enum-value	zr_vm_core/src/zr_vm_core/execution/execution_backend.c:64;zr_vm_core/src/zr_vm_core/execution/execution_backend.c:469;zr_vm_core/src/zr_vm_core/execution/execution_backend.c:635;zr_vm_core/src/zr_vm_core/execution/execution_backend.c:1032;zr_vm_core/src/zr_vm_core/execution/execution_backend.c:1041;zr_vm_core/src/zr_vm_core/execution/execution_backend.c:1314	枚举项归属 EZrExecutionBackendStatus；边界、状态和回退的独立约束见该枚举及实际状态分支。	注册/作业/代码槽或墓碑不足；代码接收失败可终止内部作业，墓碑不足则不新增失效标记。	zr_vm_core/include/zr_vm_core/execution_backend.h:106;zr_vm_core/src/zr_vm_core/execution/execution_backend.c:64;zr_vm_core/src/zr_vm_core/execution/execution_backend.c:469	no-comment	已核对逐项消费者，枚举名及类型宏观契约足够；不机械为每个枚举值重复注释。
zr_vm_core/include/zr_vm_core/execution_backend.h	EZrExecutionBackendStatus.ZR_EXECUTION_BACKEND_STATUS_ALREADY_REGISTERED	enum-value	zr_vm_core/src/zr_vm_core/execution/execution_backend.c:65;zr_vm_core/src/zr_vm_core/execution/execution_backend.c:459	枚举项归属 EZrExecutionBackendStatus；边界、状态和回退的独立约束见该枚举及实际状态分支。	注册目标类别及 triple/layout/capability 三 hash 重复拒绝，不比较 userData 指针身份。	zr_vm_core/include/zr_vm_core/execution_backend.h:107;zr_vm_core/src/zr_vm_core/execution/execution_backend.c:65;zr_vm_core/src/zr_vm_core/execution/execution_backend.c:459	no-comment	已核对逐项消费者，枚举名及类型宏观契约足够；不机械为每个枚举值重复注释。
zr_vm_core/include/zr_vm_core/execution_backend.h	EZrExecutionBackendStatus.ZR_EXECUTION_BACKEND_STATUS_NOT_REGISTERED	enum-value	zr_vm_core/src/zr_vm_core/execution/execution_backend.c:66;zr_vm_core/src/zr_vm_core/execution/execution_backend.c:521;zr_vm_core/src/zr_vm_core/execution/execution_code_handle.c:454;zr_vm_core/src/zr_vm_core/execution/execution_code_handle.c:542;zr_vm_core/src/zr_vm_core/execution/execution_code_handle.c:636	枚举项归属 EZrExecutionBackendStatus；边界、状态和回退的独立约束见该枚举及实际状态分支。	指定注册身份或句柄所属代码 owner 不活跃，不能派发该注册入口。	zr_vm_core/include/zr_vm_core/execution_backend.h:108;zr_vm_core/src/zr_vm_core/execution/execution_backend.c:66;zr_vm_core/src/zr_vm_core/execution/execution_backend.c:521	no-comment	已核对逐项消费者，枚举名及类型宏观契约足够；不机械为每个枚举值重复注释。
zr_vm_core/include/zr_vm_core/execution_backend.h	EZrExecutionBackendStatus.ZR_EXECUTION_BACKEND_STATUS_BACKEND_UNAVAILABLE	enum-value	zr_vm_core/src/zr_vm_core/execution/execution_backend.c:67;zr_vm_core/src/zr_vm_core/execution/execution_backend.c:138;zr_vm_core/src/zr_vm_core/execution/execution_backend.c:238;zr_vm_core/src/zr_vm_core/execution/execution_code_handle.c:663;zr_vm_core/src/zr_vm_core/execution/execution_code_handle.c:672;tests/core/test_ssa_backend_service.c:764;zr_vm_jit/src/orc_backend.cpp:318;zr_vm_jit/src/orc_backend.cpp:319;zr_vm_jit/src/orc_backend.cpp:349;zr_vm_jit/src/orc_backend.cpp:351;zr_vm_jit/src/orc_backend.cpp:371;zr_vm_jit/src/orc_backend.cpp:373;zr_vm_jit/src/orc_backend.cpp:405;zr_vm_jit/src/orc_backend.cpp:407;tests/core/test_ssa_host_jit_optional.c:106	枚举项归属 EZrExecutionBackendStatus；边界、状态和回退的独立约束见该枚举及实际状态分支。	必需能力或回调不可用，或无法选择任何允许回退；fallback 诊断也可能保留此原因。	zr_vm_core/include/zr_vm_core/execution_backend.h:109;zr_vm_core/src/zr_vm_core/execution/execution_backend.c:67;zr_vm_core/src/zr_vm_core/execution/execution_backend.c:138	no-comment	已核对逐项消费者，枚举名及类型宏观契约足够；不机械为每个枚举值重复注释。
zr_vm_core/include/zr_vm_core/execution_backend.h	EZrExecutionBackendStatus.ZR_EXECUTION_BACKEND_STATUS_UNSUPPORTED_TARGET	enum-value	zr_vm_core/src/zr_vm_core/execution/execution_backend.c:68;zr_vm_core/src/zr_vm_core/execution/execution_backend.c:125;zr_vm_core/src/zr_vm_core/execution/execution_backend.c:272;zr_vm_core/src/zr_vm_core/execution/execution_backend.c:302;zr_vm_core/src/zr_vm_core/execution/execution_backend.c:576;tests/core/test_ssa_backend_service.c:68;tests/core/test_ssa_backend_service.c:760;zr_vm_jit/src/orc_backend.cpp:323;zr_vm_jit/src/orc_backend.cpp:326	枚举项归属 EZrExecutionBackendStatus；边界、状态和回退的独立约束见该枚举及实际状态分支。	目标类别/匹配目标不可支持；目标存在但指定身份不匹配也不生成有效作业。	zr_vm_core/include/zr_vm_core/execution_backend.h:110;zr_vm_core/src/zr_vm_core/execution/execution_backend.c:68;zr_vm_core/src/zr_vm_core/execution/execution_backend.c:125	no-comment	已核对逐项消费者，枚举名及类型宏观契约足够；不机械为每个枚举值重复注释。
zr_vm_core/include/zr_vm_core/execution_backend.h	EZrExecutionBackendStatus.ZR_EXECUTION_BACKEND_STATUS_UNSUPPORTED_OPERATION	enum-value	zr_vm_core/src/zr_vm_core/execution/execution_backend.c:69;zr_vm_core/src/zr_vm_core/execution/execution_backend.c:133;zr_vm_core/src/zr_vm_core/execution/execution_backend.c:290;zr_vm_core/src/zr_vm_core/execution/execution_code_handle.c:463;tests/core/test_ssa_backend_service.c:752;zr_vm_jit/src/orc_backend.cpp:330;zr_vm_jit/src/orc_backend.cpp:333	枚举项归属 EZrExecutionBackendStatus；边界、状态和回退的独立约束见该枚举及实际状态分支。	请求操作不是注册能力子集或入口查询回调缺失；能力位存在不证明机器码实现。	zr_vm_core/include/zr_vm_core/execution_backend.h:111;zr_vm_core/src/zr_vm_core/execution/execution_backend.c:69;zr_vm_core/src/zr_vm_core/execution/execution_backend.c:133	no-comment	已核对逐项消费者，枚举名及类型宏观契约足够；不机械为每个枚举值重复注释。
zr_vm_core/include/zr_vm_core/execution_backend.h	EZrExecutionBackendStatus.ZR_EXECUTION_BACKEND_STATUS_IMMUTABLE_INPUT_REQUIRED	enum-value	zr_vm_core/src/zr_vm_core/execution/execution_backend.c:70;zr_vm_core/src/zr_vm_core/execution/execution_backend.c:178;tests/core/test_ssa_backend_service.c:689	枚举项归属 EZrExecutionBackendStatus；边界、状态和回退的独立约束见该枚举及实际状态分支。	请求缺不可变输入声明，在入队前拒绝并保留源码位置；不执行编译。	zr_vm_core/include/zr_vm_core/execution_backend.h:112;zr_vm_core/src/zr_vm_core/execution/execution_backend.c:70;zr_vm_core/src/zr_vm_core/execution/execution_backend.c:178	no-comment	已核对逐项消费者，枚举名及类型宏观契约足够；不机械为每个枚举值重复注释。
zr_vm_core/include/zr_vm_core/execution_backend.h	EZrExecutionBackendStatus.ZR_EXECUTION_BACKEND_STATUS_CONTRACT_MISMATCH	enum-value	zr_vm_core/src/zr_vm_core/execution/execution_backend.c:71;zr_vm_core/src/zr_vm_core/execution/execution_backend.c:183;zr_vm_core/src/zr_vm_core/execution/execution_backend.c:295;zr_vm_core/src/zr_vm_core/execution/execution_backend.c:759;zr_vm_core/src/zr_vm_core/execution/execution_backend.c:993;zr_vm_jit/src/orc_backend.cpp:342;zr_vm_jit/src/orc_backend.cpp:345	枚举项归属 EZrExecutionBackendStatus；边界、状态和回退的独立约束见该枚举及实际状态分支。	请求/目标/完成产物执行契约不匹配；返回字段是当前分支对照，不统一指出所有差异。	zr_vm_core/include/zr_vm_core/execution_backend.h:113;zr_vm_core/src/zr_vm_core/execution/execution_backend.c:71;zr_vm_core/src/zr_vm_core/execution/execution_backend.c:183	no-comment	已核对逐项消费者，枚举名及类型宏观契约足够；不机械为每个枚举值重复注释。
zr_vm_core/include/zr_vm_core/execution_backend.h	EZrExecutionBackendStatus.ZR_EXECUTION_BACKEND_STATUS_STALE_GENERATION	enum-value	zr_vm_core/src/zr_vm_core/execution/execution_backend.c:72;zr_vm_core/src/zr_vm_core/execution/execution_backend.c:623;zr_vm_core/src/zr_vm_core/execution/execution_backend.c:629;zr_vm_core/src/zr_vm_core/execution/execution_backend.c:747;zr_vm_core/src/zr_vm_core/execution/execution_backend.c:987;tests/core/test_ssa_backend_service.c:742	枚举项归属 EZrExecutionBackendStatus；边界、状态和回退的独立约束见该枚举及实际状态分支。	墓碑拒绝重新提交，或产物完整键/契约代次失配；不能只按 generation 数值解释命名空间。	zr_vm_core/include/zr_vm_core/execution_backend.h:114;zr_vm_core/src/zr_vm_core/execution/execution_backend.c:72;zr_vm_core/src/zr_vm_core/execution/execution_backend.c:623	no-comment	已核对逐项消费者，枚举名及类型宏观契约足够；不机械为每个枚举值重复注释。
zr_vm_core/include/zr_vm_core/execution_backend.h	EZrExecutionBackendStatus.ZR_EXECUTION_BACKEND_STATUS_STALE_TICKET	enum-value	zr_vm_core/src/zr_vm_core/execution/execution_backend.c:73;zr_vm_core/src/zr_vm_core/execution/execution_backend.c:934;zr_vm_core/src/zr_vm_core/execution/execution_backend.c:1090;zr_vm_core/src/zr_vm_core/execution/execution_backend.c:1168;zr_vm_core/src/zr_vm_core/execution/execution_backend.c:1260;zr_vm_core/src/zr_vm_core/execution/execution_code_handle.c:196	枚举项归属 EZrExecutionBackendStatus；边界、状态和回退的独立约束见该枚举及实际状态分支。	服务身份/ticketId/四元键已无法定位当前槽；迟到产物仅在仍找到注册 owner 时能尝试清理。	zr_vm_core/include/zr_vm_core/execution_backend.h:115;zr_vm_core/src/zr_vm_core/execution/execution_backend.c:73;zr_vm_core/src/zr_vm_core/execution/execution_backend.c:934	no-comment	已核对逐项消费者，枚举名及类型宏观契约足够；不机械为每个枚举值重复注释。
zr_vm_core/include/zr_vm_core/execution_backend.h	EZrExecutionBackendStatus.ZR_EXECUTION_BACKEND_STATUS_INVALID_STATE	enum-value	zr_vm_core/src/zr_vm_core/execution/execution_backend.c:74;zr_vm_core/src/zr_vm_core/execution/execution_backend.c:955;zr_vm_core/src/zr_vm_core/execution/execution_backend.c:1283;zr_vm_core/src/zr_vm_core/execution/execution_backend.c:1491;zr_vm_core/src/zr_vm_core/execution/execution_code_handle.c:149;zr_vm_core/src/zr_vm_core/execution/execution_code_handle.c:272;zr_vm_core/src/zr_vm_core/execution/execution_code_handle.c:318;zr_vm_core/src/zr_vm_core/execution/execution_code_handle.c:366	枚举项归属 EZrExecutionBackendStatus；边界、状态和回退的独立约束见该枚举及实际状态分支。	当前作业或句柄阶段不适用该操作，如 Cancel 的 READY/PUBLISHED；不会自动等待下一状态。	zr_vm_core/include/zr_vm_core/execution_backend.h:116;zr_vm_core/src/zr_vm_core/execution/execution_backend.c:74;zr_vm_core/src/zr_vm_core/execution/execution_backend.c:955	no-comment	已核对逐项消费者，枚举名及类型宏观契约足够；不机械为每个枚举值重复注释。
zr_vm_core/include/zr_vm_core/execution_backend.h	EZrExecutionBackendStatus.ZR_EXECUTION_BACKEND_STATUS_CANCELLED	enum-value	zr_vm_core/src/zr_vm_core/execution/execution_backend.c:75;zr_vm_core/src/zr_vm_core/execution/execution_backend.c:723;zr_vm_core/src/zr_vm_core/execution/execution_backend.c:839;zr_vm_core/src/zr_vm_core/execution/execution_backend.c:951;zr_vm_core/src/zr_vm_core/execution/execution_backend.c:954;zr_vm_core/src/zr_vm_core/execution/execution_backend.c:1105;zr_vm_core/src/zr_vm_core/execution/execution_backend.c:1228;zr_vm_core/src/zr_vm_core/execution/execution_backend.c:1230;zr_vm_core/src/zr_vm_core/execution/execution_backend.c:1266;zr_vm_core/src/zr_vm_core/execution/execution_backend.c:1269;zr_vm_core/src/zr_vm_core/execution/execution_backend.c:1279;zr_vm_core/src/zr_vm_core/execution/execution_backend.c:1362;zr_vm_core/src/zr_vm_core/execution/execution_backend.c:1406;zr_vm_core/src/zr_vm_core/execution/execution_backend_internal.h:406;zr_vm_core/src/zr_vm_core/execution/execution_backend_internal.h:412;zr_vm_core/src/zr_vm_core/execution/execution_code_handle.c:204;tests/core/test_ssa_backend_service.c:737	枚举项归属 EZrExecutionBackendStatus；边界、状态和回退的独立约束见该枚举及实际状态分支。	作业已取消或完成接收因取消/关闭拒绝；资源清理、worker 和快照状态须分别观察。	zr_vm_core/include/zr_vm_core/execution_backend.h:117;zr_vm_core/src/zr_vm_core/execution/execution_backend.c:75;zr_vm_core/src/zr_vm_core/execution/execution_backend.c:723	no-comment	已核对逐项消费者，枚举名及类型宏观契约足够；不机械为每个枚举值重复注释。
zr_vm_core/include/zr_vm_core/execution_backend.h	EZrExecutionBackendStatus.ZR_EXECUTION_BACKEND_STATUS_COMPILE_FAILED	enum-value	zr_vm_core/src/zr_vm_core/execution/execution_backend.c:76;tests/core/test_ssa_backend_service.c:97	枚举项归属 EZrExecutionBackendStatus；边界、状态和回退的独立约束见该枚举及实际状态分支。	编译回调可返回的失败分类，经 ProcessNext 标记失败；当前服务不生成机器码来证明该错误。	zr_vm_core/include/zr_vm_core/execution_backend.h:118;zr_vm_core/src/zr_vm_core/execution/execution_backend.c:76;tests/core/test_ssa_backend_service.c:97	no-comment	已核对逐项消费者，枚举名及类型宏观契约足够；不机械为每个枚举值重复注释。
zr_vm_core/include/zr_vm_core/execution_backend.h	EZrExecutionBackendStatus.ZR_EXECUTION_BACKEND_STATUS_CODE_INVALID	enum-value	zr_vm_core/src/zr_vm_core/execution/execution_backend.c:77;zr_vm_core/src/zr_vm_core/execution/execution_backend.c:742;zr_vm_core/src/zr_vm_core/execution/execution_backend.c:763;zr_vm_core/src/zr_vm_core/execution/execution_backend.c:765;zr_vm_core/src/zr_vm_core/execution/execution_backend.c:1009;zr_vm_core/src/zr_vm_core/execution/execution_backend.c:1019;zr_vm_core/src/zr_vm_core/execution/execution_code_handle.c:486;tests/core/test_ssa_backend_service.c:636	枚举项归属 EZrExecutionBackendStatus；边界、状态和回退的独立约束见该枚举及实际状态分支。	产物身份重复、输入/格式不匹配或成功入口返回零等拒绝；不统一意味着机器码实际执行错误。	zr_vm_core/include/zr_vm_core/execution_backend.h:119;zr_vm_core/src/zr_vm_core/execution/execution_backend.c:77;zr_vm_core/src/zr_vm_core/execution/execution_backend.c:742	no-comment	已核对逐项消费者，枚举名及类型宏观契约足够；不机械为每个枚举值重复注释。
zr_vm_core/include/zr_vm_core/execution_backend.h	EZrExecutionBackendStatus.ZR_EXECUTION_BACKEND_STATUS_CODE_NOT_FOUND	enum-value	zr_vm_core/src/zr_vm_core/execution/execution_backend.c:78;zr_vm_core/src/zr_vm_core/execution/execution_backend.c:803;zr_vm_core/src/zr_vm_core/execution/execution_backend.c:1202;zr_vm_core/src/zr_vm_core/execution/execution_code_handle.c:155;zr_vm_core/src/zr_vm_core/execution/execution_code_handle.c:616;zr_vm_core/src/zr_vm_core/execution/execution_code_handle.c:729	枚举项归属 EZrExecutionBackendStatus；边界、状态和回退的独立约束见该枚举及实际状态分支。	没有待处理 QUEUED 或没有可回收退休记录/有效代码句柄；Collect 对非退休槽跳过。	zr_vm_core/include/zr_vm_core/execution_backend.h:120;zr_vm_core/src/zr_vm_core/execution/execution_backend.c:78;zr_vm_core/src/zr_vm_core/execution/execution_backend.c:803	no-comment	已核对逐项消费者，枚举名及类型宏观契约足够；不机械为每个枚举值重复注释。
zr_vm_core/include/zr_vm_core/execution_backend.h	EZrExecutionBackendStatus.ZR_EXECUTION_BACKEND_STATUS_CODE_NOT_PUBLISHED	enum-value	zr_vm_core/src/zr_vm_core/execution/execution_backend.c:79;zr_vm_core/src/zr_vm_core/execution/execution_backend.c:1106;zr_vm_core/src/zr_vm_core/execution/execution_code_handle.c:205;zr_vm_core/src/zr_vm_core/execution/execution_code_handle.c:217	枚举项归属 EZrExecutionBackendStatus；边界、状态和回退的独立约束见该枚举及实际状态分支。	作业/代码未处于可获取的 PUBLISHED，或发布入口未 READY；READY 不授执行资格。	zr_vm_core/include/zr_vm_core/execution_backend.h:121;zr_vm_core/src/zr_vm_core/execution/execution_backend.c:79;zr_vm_core/src/zr_vm_core/execution/execution_backend.c:1106	no-comment	已核对逐项消费者，枚举名及类型宏观契约足够；不机械为每个枚举值重复注释。
zr_vm_core/include/zr_vm_core/execution_backend.h	EZrExecutionBackendStatus.ZR_EXECUTION_BACKEND_STATUS_MAP_REGISTRATION_INCOMPLETE	enum-value	zr_vm_core/src/zr_vm_core/execution/execution_backend.c:80;zr_vm_core/src/zr_vm_core/execution/execution_backend.c:1119;zr_vm_core/src/zr_vm_core/execution/execution_code_handle.c:534;zr_vm_core/src/zr_vm_core/execution/execution_code_handle.c:562;zr_vm_core/src/zr_vm_core/execution/execution_code_handle.c:579;zr_vm_jit/src/orc_backend.cpp:436;zr_vm_jit/src/orc_backend.cpp:437	枚举项归属 EZrExecutionBackendStatus；边界、状态和回退的独立约束见该枚举及实际状态分支。	Publish 的 READY/mapsRegistered 或 QueryMap 的注册位/hash 不满足；Complete 的产物声明失配另走 CODE_INVALID 等分类，不检查真实 GC/unwind 条目。	zr_vm_core/include/zr_vm_core/execution_backend.h:122;zr_vm_core/src/zr_vm_core/execution/execution_backend.c:80;zr_vm_core/src/zr_vm_core/execution/execution_backend.c:1119	no-comment	已核对逐项消费者，枚举名及类型宏观契约足够；不机械为每个枚举值重复注释。
zr_vm_core/include/zr_vm_core/execution_backend.h	EZrExecutionBackendStatus.ZR_EXECUTION_BACKEND_STATUS_ACTIVE_LEASE	enum-value	zr_vm_core/src/zr_vm_core/execution/execution_backend.c:81;zr_vm_core/src/zr_vm_core/execution/execution_backend.c:540;zr_vm_core/src/zr_vm_core/execution/execution_backend.c:1547;zr_vm_core/src/zr_vm_core/execution/execution_backend.c:1589;zr_vm_core/src/zr_vm_core/execution/execution_code_handle.c:360;zr_vm_core/src/zr_vm_core/execution/execution_code_handle.c:628;zr_vm_core/src/zr_vm_core/execution/execution_code_handle.c:728;tests/core/test_ssa_backend_service.c:476;tests/core/test_ssa_backend_service.c:567	枚举项归属 EZrExecutionBackendStatus；边界、状态和回退的独立约束见该枚举及实际状态分支。	依赖/执行资源或任意非 FREE 代码阻止对应释放/注销/最终关闭；不等同于单一句柄 leaseCount 非零。	zr_vm_core/include/zr_vm_core/execution_backend.h:123;zr_vm_core/src/zr_vm_core/execution/execution_backend.c:81;zr_vm_core/src/zr_vm_core/execution/execution_backend.c:540	no-comment	已核对逐项消费者，枚举名及类型宏观契约足够；不机械为每个枚举值重复注释。
zr_vm_core/include/zr_vm_core/execution_backend.h	EZrExecutionBackendStatus.ZR_EXECUTION_BACKEND_STATUS_RETIRE_FAILED	enum-value	zr_vm_core/src/zr_vm_core/execution/execution_backend.c:82;zr_vm_core/src/zr_vm_core/execution/execution_code_handle.c:117;zr_vm_core/src/zr_vm_core/execution/execution_code_handle.c:122;zr_vm_core/src/zr_vm_core/execution/execution_code_handle.c:698	枚举项归属 EZrExecutionBackendStatus；边界、状态和回退的独立约束见该枚举及实际状态分支。	撤图或退休回调失败；已接收代码保留重试槽，未接收结果清理不建立重试记录。	zr_vm_core/include/zr_vm_core/execution_backend.h:124;zr_vm_core/src/zr_vm_core/execution/execution_backend.c:82;zr_vm_core/src/zr_vm_core/execution/execution_code_handle.c:117	no-comment	已核对逐项消费者，枚举名及类型宏观契约足够；不机械为每个枚举值重复注释。
zr_vm_core/include/zr_vm_core/execution_backend.h	EZrExecutionBackendStatus.ZR_EXECUTION_BACKEND_STATUS_SHUTTING_DOWN	enum-value	zr_vm_core/src/zr_vm_core/execution/execution_backend.c:83;zr_vm_core/src/zr_vm_core/execution/execution_backend.c:444;zr_vm_core/src/zr_vm_core/execution/execution_backend.c:514;zr_vm_core/src/zr_vm_core/execution/execution_backend.c:606;zr_vm_core/src/zr_vm_core/execution/execution_backend.c:791;zr_vm_core/src/zr_vm_core/execution/execution_backend.c:1097;zr_vm_core/src/zr_vm_core/execution/execution_backend.c:1305	枚举项归属 EZrExecutionBackendStatus；边界、状态和回退的独立约束见该枚举及实际状态分支。	注册/入队/发布或指定阶段拒绝；Resume 不检查该状态，Deinit 仍需 destroyed。	zr_vm_core/include/zr_vm_core/execution_backend.h:125;zr_vm_core/src/zr_vm_core/execution/execution_backend.c:83;zr_vm_core/src/zr_vm_core/execution/execution_backend.c:444	no-comment	已核对逐项消费者，枚举名及类型宏观契约足够；不机械为每个枚举值重复注释。
zr_vm_core/include/zr_vm_core/execution_backend.h	EZrExecutionBackendStatus.ZR_EXECUTION_BACKEND_STATUS_IN_FLIGHT	enum-value	zr_vm_core/src/zr_vm_core/execution/execution_backend.c:84;zr_vm_core/src/zr_vm_core/execution/execution_backend.c:529;zr_vm_core/src/zr_vm_core/execution/execution_backend.c:549;zr_vm_core/src/zr_vm_core/execution/execution_backend.c:1468;zr_vm_core/src/zr_vm_core/execution/execution_backend.c:1498;zr_vm_core/src/zr_vm_core/execution/execution_backend.c:1514;zr_vm_core/src/zr_vm_core/execution/execution_backend.c:1533	枚举项归属 EZrExecutionBackendStatus；边界、状态和回退的独立约束见该枚举及实际状态分支。	编译、引用作业或锁外回调尚存，注销/关闭阶段暂不能排空；不等待线程结束。	zr_vm_core/include/zr_vm_core/execution_backend.h:126;zr_vm_core/src/zr_vm_core/execution/execution_backend.c:84;zr_vm_core/src/zr_vm_core/execution/execution_backend.c:529	no-comment	已核对逐项消费者，枚举名及类型宏观契约足够；不机械为每个枚举值重复注释。
zr_vm_core/include/zr_vm_core/execution_backend.h	EZrExecutionBackendStatus.ZR_EXECUTION_BACKEND_STATUS_RESUME_UNAVAILABLE	enum-value	zr_vm_core/src/zr_vm_core/execution/execution_backend.c:85	枚举项归属 EZrExecutionBackendStatus；边界、状态和回退的独立约束见该枚举及实际状态分支。	目前仅公开状态名称保留项；实际 ResumeInterpreter 使用 ExecIrDiagnostic 和 bool，不返回此枚举。	zr_vm_core/include/zr_vm_core/execution_backend.h:127;zr_vm_core/src/zr_vm_core/execution/execution_backend.c:85	no-comment	已核对逐项消费者，枚举名及类型宏观契约足够；不机械为每个枚举值重复注释。
zr_vm_core/include/zr_vm_core/execution_backend.h	EZrExecutionBackendStatus.ZR_EXECUTION_BACKEND_STATUS_RESUME_FAILED	enum-value	zr_vm_core/src/zr_vm_core/execution/execution_backend.c:86	枚举项归属 EZrExecutionBackendStatus；边界、状态和回退的独立约束见该枚举及实际状态分支。	目前仅公开状态名称保留项；恢复失败实际由 bool/ExecIrDiagnostic 表达，不能声称本服务分支产生此值。	zr_vm_core/include/zr_vm_core/execution_backend.h:128;zr_vm_core/src/zr_vm_core/execution/execution_backend.c:86	no-comment	已核对逐项消费者，枚举名及类型宏观契约足够；不机械为每个枚举值重复注释。
zr_vm_core/include/zr_vm_core/execution_backend.h	EZrExecutionBackendStatus.ZR_EXECUTION_BACKEND_STATUS_OVERFLOW	enum-value	zr_vm_core/src/zr_vm_core/execution/execution_backend.c:87;zr_vm_core/src/zr_vm_core/execution/execution_backend.c:477;zr_vm_core/src/zr_vm_core/execution/execution_backend.c:555;zr_vm_core/src/zr_vm_core/execution/execution_backend.c:642;zr_vm_core/src/zr_vm_core/execution/execution_backend.c:673;zr_vm_core/src/zr_vm_core/execution/execution_backend.c:814;zr_vm_core/src/zr_vm_core/execution/execution_backend.c:817;zr_vm_core/src/zr_vm_core/execution/execution_backend.c:1210;zr_vm_core/src/zr_vm_core/execution/execution_backend.c:1560;zr_vm_core/src/zr_vm_core/execution/execution_code_handle.c:85;zr_vm_core/src/zr_vm_core/execution/execution_code_handle.c:224;zr_vm_core/src/zr_vm_core/execution/execution_code_handle.c:278;zr_vm_core/src/zr_vm_core/execution/execution_code_handle.c:470;zr_vm_core/src/zr_vm_core/execution/execution_code_handle.c:551;zr_vm_core/src/zr_vm_core/execution/execution_code_handle.c:648	枚举项归属 EZrExecutionBackendStatus；边界、状态和回退的独立约束见该枚举及实际状态分支。	单调身份或租约/回调计数达到上限时拒绝，不能回绕产生旧身份或虚假零持有者。	zr_vm_core/include/zr_vm_core/execution_backend.h:129;zr_vm_core/src/zr_vm_core/execution/execution_backend.c:87;zr_vm_core/src/zr_vm_core/execution/execution_backend.c:477	no-comment	已核对逐项消费者，枚举名及类型宏观契约足够；不机械为每个枚举值重复注释。
zr_vm_core/include/zr_vm_core/execution_backend.h	EZrExecutionBackendStatus.ZR_EXECUTION_BACKEND_STATUS_COUNT	enum-value	zr_vm_core/src/zr_vm_core/execution/execution_backend.c:88	枚举项归属 EZrExecutionBackendStatus；边界、状态和回退的独立约束见该枚举及实际状态分支。	状态枚举计数哨兵；StatusName 统一错误名称，不作为成功/失败业务状态。	zr_vm_core/include/zr_vm_core/execution_backend.h:130;zr_vm_core/src/zr_vm_core/execution/execution_backend.c:88	no-comment	已核对逐项消费者，枚举名及类型宏观契约足够；不机械为每个枚举值重复注释。
zr_vm_core/include/zr_vm_core/execution_backend.h	EZrExecutionBackendJobState.ZR_EXECUTION_BACKEND_JOB_FREE	enum-value	zr_vm_core/src/zr_vm_core/execution/execution_backend.c:204;zr_vm_core/src/zr_vm_core/execution/execution_backend.c:313;zr_vm_core/src/zr_vm_core/execution/execution_backend.c:530;zr_vm_core/src/zr_vm_core/execution/execution_backend.c:719;zr_vm_core/src/zr_vm_core/execution/execution_backend.c:804;zr_vm_core/src/zr_vm_core/execution/execution_backend.c:882;zr_vm_core/src/zr_vm_core/execution/execution_backend.c:1091;zr_vm_core/src/zr_vm_core/execution/execution_backend.c:1582;zr_vm_core/src/zr_vm_core/execution/execution_code_handle.c:197	枚举项归属 EZrExecutionBackendJobState；边界、状态和回退的独立约束见该枚举及实际状态分支。	空槽可被接纳占用；fallback 票据也使用 FREE 但没有真实作业身份。	zr_vm_core/include/zr_vm_core/execution_backend.h:136;zr_vm_core/src/zr_vm_core/execution/execution_backend.c:204;zr_vm_core/src/zr_vm_core/execution/execution_backend.c:313	no-comment	已核对逐项消费者，枚举名及类型宏观契约足够；不机械为每个枚举值重复注释。
zr_vm_core/include/zr_vm_core/execution_backend.h	EZrExecutionBackendJobState.ZR_EXECUTION_BACKEND_JOB_QUEUED	enum-value	zr_vm_core/src/zr_vm_core/execution/execution_backend.c:249;zr_vm_core/src/zr_vm_core/execution/execution_backend.c:659;zr_vm_core/src/zr_vm_core/execution/execution_backend.c:694;zr_vm_core/src/zr_vm_core/execution/execution_backend.c:795;zr_vm_core/src/zr_vm_core/execution/execution_backend.c:804;zr_vm_core/src/zr_vm_core/execution/execution_backend.c:1264;zr_vm_core/src/zr_vm_core/execution/execution_backend.c:1270;zr_vm_core/src/zr_vm_core/execution/execution_backend.c:1404;zr_vm_core/src/zr_vm_core/execution/execution_backend_internal.h:404;tests/core/test_ssa_backend_service.c:352	枚举项归属 EZrExecutionBackendJobState；边界、状态和回退的独立约束见该枚举及实际状态分支。	已入队但未编译；queryTarget 返回前即可见，调度交接限制保留 TODO。	zr_vm_core/include/zr_vm_core/execution_backend.h:137;zr_vm_core/src/zr_vm_core/execution/execution_backend.c:249;zr_vm_core/src/zr_vm_core/execution/execution_backend.c:659	no-comment	已核对逐项消费者，枚举名及类型宏观契约足够；不机械为每个枚举值重复注释。
zr_vm_core/include/zr_vm_core/execution_backend.h	EZrExecutionBackendJobState.ZR_EXECUTION_BACKEND_JOB_COMPILING	enum-value	zr_vm_core/src/zr_vm_core/execution/execution_backend.c:250;zr_vm_core/src/zr_vm_core/execution/execution_backend.c:722;zr_vm_core/src/zr_vm_core/execution/execution_backend.c:731;zr_vm_core/src/zr_vm_core/execution/execution_backend.c:807;zr_vm_core/src/zr_vm_core/execution/execution_backend.c:835;zr_vm_core/src/zr_vm_core/execution/execution_backend.c:944;zr_vm_core/src/zr_vm_core/execution/execution_backend.c:949;zr_vm_core/src/zr_vm_core/execution/execution_backend.c:967;zr_vm_core/src/zr_vm_core/execution/execution_backend.c:1200;zr_vm_core/src/zr_vm_core/execution/execution_backend.c:1226;zr_vm_core/src/zr_vm_core/execution/execution_backend.c:1273;zr_vm_core/src/zr_vm_core/execution/execution_backend.c:1284;zr_vm_core/src/zr_vm_core/execution/execution_backend.c:1347;zr_vm_core/src/zr_vm_core/execution/execution_backend.c:1367;zr_vm_core/src/zr_vm_core/execution/execution_backend.c:1407;zr_vm_core/src/zr_vm_core/execution/execution_backend.c:1426;zr_vm_core/src/zr_vm_core/execution/execution_backend.c:1438;zr_vm_core/src/zr_vm_core/execution/execution_backend.c:1451;zr_vm_core/src/zr_vm_core/execution/execution_backend.c:1495;zr_vm_core/src/zr_vm_core/execution/execution_backend.c:1500;zr_vm_core/src/zr_vm_core/execution/execution_backend_internal.h:407;tests/core/test_ssa_backend_service.c:361	枚举项归属 EZrExecutionBackendJobState；边界、状态和回退的独立约束见该枚举及实际状态分支。	ProcessNext 已派发；取消意图不等于 worker 已结束，异步产物稍后交 Complete。	zr_vm_core/include/zr_vm_core/execution_backend.h:138;zr_vm_core/src/zr_vm_core/execution/execution_backend.c:250;zr_vm_core/src/zr_vm_core/execution/execution_backend.c:722	no-comment	已核对逐项消费者，枚举名及类型宏观契约足够；不机械为每个枚举值重复注释。
zr_vm_core/include/zr_vm_core/execution_backend.h	EZrExecutionBackendJobState.ZR_EXECUTION_BACKEND_JOB_READY	enum-value	zr_vm_core/src/zr_vm_core/execution/execution_backend.c:251;zr_vm_core/src/zr_vm_core/execution/execution_backend.c:1057;zr_vm_core/src/zr_vm_core/execution/execution_backend.c:1059;zr_vm_core/src/zr_vm_core/execution/execution_backend.c:1091;zr_vm_core/src/zr_vm_core/execution/execution_backend.c:1098;zr_vm_core/src/zr_vm_core/execution/execution_backend.c:1101;zr_vm_core/src/zr_vm_core/execution/execution_backend.c:1110;zr_vm_core/src/zr_vm_core/execution/execution_backend.c:1499;zr_vm_core/src/zr_vm_core/execution/execution_backend_internal.h:410;tests/core/test_ssa_backend_service.c:371	枚举项归属 EZrExecutionBackendJobState；边界、状态和回退的独立约束见该枚举及实际状态分支。	产物已接收但未发布，不能 AcquireCode；Invalidate 可取消并退休其关联代码。	zr_vm_core/include/zr_vm_core/execution_backend.h:139;zr_vm_core/src/zr_vm_core/execution/execution_backend.c:251;zr_vm_core/src/zr_vm_core/execution/execution_backend.c:1057	no-comment	已核对逐项消费者，枚举名及类型宏观契约足够；不机械为每个枚举值重复注释。
zr_vm_core/include/zr_vm_core/execution_backend.h	EZrExecutionBackendJobState.ZR_EXECUTION_BACKEND_JOB_FAILED	enum-value	zr_vm_core/src/zr_vm_core/execution/execution_backend.c:695;zr_vm_core/src/zr_vm_core/execution/execution_backend.c:725;zr_vm_core/src/zr_vm_core/execution/execution_backend.c:813;zr_vm_core/src/zr_vm_core/execution/execution_backend.c:977;zr_vm_core/src/zr_vm_core/execution/execution_backend.c:986;zr_vm_core/src/zr_vm_core/execution/execution_backend.c:1008;zr_vm_core/src/zr_vm_core/execution/execution_backend.c:1017;zr_vm_core/src/zr_vm_core/execution/execution_backend.c:1031;zr_vm_core/src/zr_vm_core/execution/execution_backend_internal.h:354;tests/core/test_ssa_backend_service.c:637	枚举项归属 EZrExecutionBackendJobState；边界、状态和回退的独立约束见该枚举及实际状态分支。	保留诊断直到下一次槽复用；旧 ticket 因复用失效，拒收产物独立清理。	zr_vm_core/include/zr_vm_core/execution_backend.h:140;zr_vm_core/src/zr_vm_core/execution/execution_backend.c:695;zr_vm_core/src/zr_vm_core/execution/execution_backend.c:725	no-comment	已核对逐项消费者，枚举名及类型宏观契约足够；不机械为每个枚举值重复注释。
zr_vm_core/include/zr_vm_core/execution_backend.h	EZrExecutionBackendJobState.ZR_EXECUTION_BACKEND_JOB_CANCELLED	enum-value	zr_vm_core/src/zr_vm_core/execution/execution_backend.c:724;zr_vm_core/src/zr_vm_core/execution/execution_backend.c:838;zr_vm_core/src/zr_vm_core/execution/execution_backend.c:950;zr_vm_core/src/zr_vm_core/execution/execution_backend.c:1104;zr_vm_core/src/zr_vm_core/execution/execution_backend.c:1229;zr_vm_core/src/zr_vm_core/execution/execution_backend.c:1265;zr_vm_core/src/zr_vm_core/execution/execution_backend.c:1271;zr_vm_core/src/zr_vm_core/execution/execution_backend.c:1277;zr_vm_core/src/zr_vm_core/execution/execution_backend.c:1405;zr_vm_core/src/zr_vm_core/execution/execution_backend_internal.h:355;zr_vm_core/src/zr_vm_core/execution/execution_backend_internal.h:405;zr_vm_core/src/zr_vm_core/execution/execution_backend_internal.h:411;zr_vm_core/src/zr_vm_core/execution/execution_code_handle.c:203	枚举项归属 EZrExecutionBackendJobState；边界、状态和回退的独立约束见该枚举及实际状态分支。	可被下一请求复用；不能据此认定迟到产物已清理或 worker 已退出。	zr_vm_core/include/zr_vm_core/execution_backend.h:141;zr_vm_core/src/zr_vm_core/execution/execution_backend.c:724;zr_vm_core/src/zr_vm_core/execution/execution_backend.c:838	no-comment	已核对逐项消费者，枚举名及类型宏观契约足够；不机械为每个枚举值重复注释。
zr_vm_core/include/zr_vm_core/execution_backend.h	EZrExecutionBackendJobState.ZR_EXECUTION_BACKEND_JOB_PUBLISHED	enum-value	zr_vm_core/src/zr_vm_core/execution/execution_backend.c:252;zr_vm_core/src/zr_vm_core/execution/execution_backend.c:1136;zr_vm_core/src/zr_vm_core/execution/execution_backend.c:1138;zr_vm_core/src/zr_vm_core/execution/execution_code_handle.c:197;zr_vm_core/src/zr_vm_core/execution/execution_code_handle.c:200;zr_vm_core/src/zr_vm_core/execution/execution_code_handle.c:209;tests/core/test_ssa_backend_service.c:377	枚举项归属 EZrExecutionBackendJobState；边界、状态和回退的独立约束见该枚举及实际状态分支。	可按记录获取执行租约；作业槽关联代码直到其成功回收才释放。	zr_vm_core/include/zr_vm_core/execution_backend.h:142;zr_vm_core/src/zr_vm_core/execution/execution_backend.c:252;zr_vm_core/src/zr_vm_core/execution/execution_backend.c:1136	no-comment	已核对逐项消费者，枚举名及类型宏观契约足够；不机械为每个枚举值重复注释。
zr_vm_core/include/zr_vm_core/execution_backend.h	EZrExecutionBackendCodeState.ZR_EXECUTION_BACKEND_CODE_FREE	enum-value	zr_vm_core/src/zr_vm_core/execution/execution_backend.c:258;zr_vm_core/src/zr_vm_core/execution/execution_backend.c:337;zr_vm_core/src/zr_vm_core/execution/execution_backend.c:351;zr_vm_core/src/zr_vm_core/execution/execution_backend.c:541;zr_vm_core/src/zr_vm_core/execution/execution_backend.c:1329;zr_vm_core/src/zr_vm_core/execution/execution_code_handle.c:29	枚举项归属 EZrExecutionBackendCodeState；边界、状态和回退的独立约束见该枚举及实际状态分支。	唯一可重新接纳的代码槽；没有待清理产物或关联持有者。	zr_vm_core/include/zr_vm_core/execution_backend.h:148;zr_vm_core/src/zr_vm_core/execution/execution_backend.c:258;zr_vm_core/src/zr_vm_core/execution/execution_backend.c:337	no-comment	已核对逐项消费者，枚举名及类型宏观契约足够；不机械为每个枚举值重复注释。
zr_vm_core/include/zr_vm_core/execution_backend.h	EZrExecutionBackendCodeState.ZR_EXECUTION_BACKEND_CODE_READY	enum-value	zr_vm_core/src/zr_vm_core/execution/execution_backend.c:1047;zr_vm_core/src/zr_vm_core/execution/execution_backend.c:1114;zr_vm_core/src/zr_vm_core/execution/execution_backend.c:1120;zr_vm_core/src/zr_vm_core/execution/execution_backend.c:1414;zr_vm_core/src/zr_vm_core/execution/execution_backend_internal.h:378	枚举项归属 EZrExecutionBackendCodeState；边界、状态和回退的独立约束见该枚举及实际状态分支。	已接收产物和图声明，尚未显式 Publish，因此不能新增执行租约。	zr_vm_core/include/zr_vm_core/execution_backend.h:149;zr_vm_core/src/zr_vm_core/execution/execution_backend.c:1047;zr_vm_core/src/zr_vm_core/execution/execution_backend.c:1114	no-comment	已核对逐项消费者，枚举名及类型宏观契约足够；不机械为每个枚举值重复注释。
zr_vm_core/include/zr_vm_core/execution_backend.h	EZrExecutionBackendCodeState.ZR_EXECUTION_BACKEND_CODE_PUBLISHED	enum-value	zr_vm_core/src/zr_vm_core/execution/execution_backend.c:1127;zr_vm_core/src/zr_vm_core/execution/execution_backend.c:1134;zr_vm_core/src/zr_vm_core/execution/execution_backend.c:1415;zr_vm_core/src/zr_vm_core/execution/execution_backend_internal.h:379;zr_vm_core/src/zr_vm_core/execution/execution_code_handle.c:213;zr_vm_core/src/zr_vm_core/execution/execution_code_handle.c:218	枚举项归属 EZrExecutionBackendCodeState；边界、状态和回退的独立约束见该枚举及实际状态分支。	允许新增执行租约；相同目标/四元键替代发布会退休旧记录。	zr_vm_core/include/zr_vm_core/execution_backend.h:150;zr_vm_core/src/zr_vm_core/execution/execution_backend.c:1127;zr_vm_core/src/zr_vm_core/execution/execution_backend.c:1134	no-comment	已核对逐项消费者，枚举名及类型宏观契约足够；不机械为每个枚举值重复注释。
zr_vm_core/include/zr_vm_core/execution_backend.h	EZrExecutionBackendCodeState.ZR_EXECUTION_BACKEND_CODE_RETIRED	enum-value	zr_vm_core/src/zr_vm_core/execution/execution_backend.c:1131;zr_vm_core/src/zr_vm_core/execution/execution_backend.c:1416;zr_vm_core/src/zr_vm_core/execution/execution_backend_internal.h:382;zr_vm_core/src/zr_vm_core/execution/execution_code_handle.c:613	枚举项归属 EZrExecutionBackendCodeState；边界、状态和回退的独立约束见该枚举及实际状态分支。	阻止新 Acquire，但已有有效句柄和双租约继续保活后端资源。	zr_vm_core/include/zr_vm_core/execution_backend.h:151;zr_vm_core/src/zr_vm_core/execution/execution_backend.c:1131;zr_vm_core/src/zr_vm_core/execution/execution_backend.c:1416	no-comment	已核对逐项消费者，枚举名及类型宏观契约足够；不机械为每个枚举值重复注释。
zr_vm_core/include/zr_vm_core/execution_backend.h	EZrExecutionBackendCodeState.ZR_EXECUTION_BACKEND_CODE_RECLAIMING	enum-value	zr_vm_core/src/zr_vm_core/execution/execution_code_handle.c:653;zr_vm_core/src/zr_vm_core/execution/execution_code_handle.c:679	枚举项归属 EZrExecutionBackendCodeState；边界、状态和回退的独立约束见该枚举及实际状态分支。	Collect 在锁内独占清理；锁外撤图/退休结束后重新核身份更新槽。	zr_vm_core/include/zr_vm_core/execution_backend.h:152;zr_vm_core/src/zr_vm_core/execution/execution_code_handle.c:653;zr_vm_core/src/zr_vm_core/execution/execution_code_handle.c:679	no-comment	已核对逐项消费者，枚举名及类型宏观契约足够；不机械为每个枚举值重复注释。
zr_vm_core/include/zr_vm_core/execution_backend.h	EZrExecutionBackendCodeState.ZR_EXECUTION_BACKEND_CODE_RETIRE_FAILED	enum-value	zr_vm_core/src/zr_vm_core/execution/execution_code_handle.c:614;zr_vm_core/src/zr_vm_core/execution/execution_code_handle.c:690	枚举项归属 EZrExecutionBackendCodeState；边界、状态和回退的独立约束见该枚举及实际状态分支。	保留 owner/身份/撤图进度供重试，不可直接当 FREE 或销毁 owner。	zr_vm_core/include/zr_vm_core/execution_backend.h:153;zr_vm_core/src/zr_vm_core/execution/execution_code_handle.c:614;zr_vm_core/src/zr_vm_core/execution/execution_code_handle.c:690	no-comment	已核对逐项消费者，枚举名及类型宏观契约足够；不机械为每个枚举值重复注释。
zr_vm_core/include/zr_vm_core/execution_backend.h	EZrExecutionBackendMapKind.ZR_EXECUTION_BACKEND_MAP_KIND_ROOTS	enum-value	zr_vm_core/src/zr_vm_core/execution/execution_backend_internal.h:171;zr_vm_core/src/zr_vm_core/execution/execution_backend_internal.h:182;zr_vm_core/src/zr_vm_core/execution/execution_backend_internal.h:256;zr_vm_core/src/zr_vm_core/execution/execution_backend_internal.h:294;zr_vm_jit/src/orc_backend.cpp:420;zr_vm_jit/src/orc_backend.cpp:427	枚举项归属 EZrExecutionBackendMapKind；边界、状态和回退的独立约束见该枚举及实际状态分支。	对应根图注册位，已置位须非零 rootMapHash，不验证 GC 根条目。	zr_vm_core/include/zr_vm_core/execution_backend.h:159;zr_vm_core/src/zr_vm_core/execution/execution_backend_internal.h:171;zr_vm_core/src/zr_vm_core/execution/execution_backend_internal.h:182	no-comment	已核对逐项消费者，枚举名及类型宏观契约足够；不机械为每个枚举值重复注释。
zr_vm_core/include/zr_vm_core/execution_backend.h	EZrExecutionBackendMapKind.ZR_EXECUTION_BACKEND_MAP_KIND_EH	enum-value	zr_vm_core/src/zr_vm_core/execution/execution_backend_internal.h:183;zr_vm_core/src/zr_vm_core/execution/execution_backend_internal.h:257;zr_vm_jit/src/orc_backend.cpp:428	枚举项归属 EZrExecutionBackendMapKind；边界、状态和回退的独立约束见该枚举及实际状态分支。	对应异常/展开位，已置位须非零 ehMapHash，不验证平台 unwind 登记。	zr_vm_core/include/zr_vm_core/execution_backend.h:160;zr_vm_core/src/zr_vm_core/execution/execution_backend_internal.h:183;zr_vm_core/src/zr_vm_core/execution/execution_backend_internal.h:257	no-comment	已核对逐项消费者，枚举名及类型宏观契约足够；不机械为每个枚举值重复注释。
zr_vm_core/include/zr_vm_core/execution_backend.h	EZrExecutionBackendMapKind.ZR_EXECUTION_BACKEND_MAP_KIND_DEBUG	enum-value	zr_vm_core/src/zr_vm_core/execution/execution_backend_internal.h:184;zr_vm_core/src/zr_vm_core/execution/execution_backend_internal.h:258;zr_vm_jit/src/orc_backend.cpp:429	枚举项归属 EZrExecutionBackendMapKind；边界、状态和回退的独立约束见该枚举及实际状态分支。	对应调试位，已置位须非零 debugMapHash，不拥有调试存储。	zr_vm_core/include/zr_vm_core/execution_backend.h:161;zr_vm_core/src/zr_vm_core/execution/execution_backend_internal.h:184;zr_vm_core/src/zr_vm_core/execution/execution_backend_internal.h:258	no-comment	已核对逐项消费者，枚举名及类型宏观契约足够；不机械为每个枚举值重复注释。
zr_vm_core/include/zr_vm_core/execution_backend.h	EZrExecutionBackendMapKind.ZR_EXECUTION_BACKEND_MAP_KIND_DEOPT	enum-value	zr_vm_core/src/zr_vm_core/execution/execution_backend_internal.h:185;zr_vm_core/src/zr_vm_core/execution/execution_backend_internal.h:259;tests/core/test_ssa_backend_service.c:466;zr_vm_jit/src/orc_backend.cpp:430	枚举项归属 EZrExecutionBackendMapKind；边界、状态和回退的独立约束见该枚举及实际状态分支。	对应反优化位，已置位须非零 deoptMapHash，不重建 VM 帧。	zr_vm_core/include/zr_vm_core/execution_backend.h:162;zr_vm_core/src/zr_vm_core/execution/execution_backend_internal.h:185;zr_vm_core/src/zr_vm_core/execution/execution_backend_internal.h:259	no-comment	已核对逐项消费者，枚举名及类型宏观契约足够；不机械为每个枚举值重复注释。
zr_vm_core/include/zr_vm_core/execution_backend.h	EZrExecutionBackendMapKind.ZR_EXECUTION_BACKEND_MAP_KIND_IMPORTS	enum-value	zr_vm_core/src/zr_vm_core/execution/execution_backend_internal.h:186;zr_vm_core/src/zr_vm_core/execution/execution_backend_internal.h:260;zr_vm_jit/src/orc_backend.cpp:431	枚举项归属 EZrExecutionBackendMapKind；边界、状态和回退的独立约束见该枚举及实际状态分支。	对应导入位，已置位须非零 runtimeImportsHash，不解析 native 符号地址。	zr_vm_core/include/zr_vm_core/execution_backend.h:163;zr_vm_core/src/zr_vm_core/execution/execution_backend_internal.h:186;zr_vm_core/src/zr_vm_core/execution/execution_backend_internal.h:260	no-comment	已核对逐项消费者，枚举名及类型宏观契约足够；不机械为每个枚举值重复注释。
zr_vm_core/include/zr_vm_core/execution_backend.h	EZrExecutionBackendMapKind.ZR_EXECUTION_BACKEND_MAP_KIND_COUNT	enum-value	zr_vm_core/src/zr_vm_core/execution/execution_backend_internal.h:172;zr_vm_core/src/zr_vm_core/execution/execution_backend_internal.h:295;zr_vm_jit/src/orc_backend.cpp:421;zr_vm_jit/src/orc_backend.cpp:432	枚举项归属 EZrExecutionBackendMapKind；边界、状态和回退的独立约束见该枚举及实际状态分支。	图遍历边界，map_kind_valid 排除，不映射注册位或 hash。	zr_vm_core/include/zr_vm_core/execution_backend.h:164;zr_vm_core/src/zr_vm_core/execution/execution_backend_internal.h:172;zr_vm_core/src/zr_vm_core/execution/execution_backend_internal.h:295	no-comment	已核对逐项消费者，枚举名及类型宏观契约足够；不机械为每个枚举值重复注释。
zr_vm_core/include/zr_vm_core/execution_backend.h	preprocessor:1:ZR_VM_CORE_EXECUTION_BACKEND_H	guard	预处理边界；zr_vm_core/src/zr_vm_core/execution/execution_backend.c:1 include 共享 internal，再由 zr_vm_core/src/zr_vm_core/execution/execution_backend_internal.h:4 include public；条件分支非运行时 caller	条件编译保护声明、链接或平台原子锁的分支；不提供业务状态判断。	头保护限定同一翻译单元单次声明/静态定义；由实际 include 消费，不授运行时状态或租约语义。	zr_vm_core/include/zr_vm_core/execution_backend.h:1	no-comment	宏族已有准确或新增宏观契约；独立值与保护分支无需逐行复述。
zr_vm_core/include/zr_vm_core/execution_backend.h	preprocessor:2:ZR_VM_CORE_EXECUTION_BACKEND_H	macro	预处理边界；zr_vm_core/src/zr_vm_core/execution/execution_backend.c:1 include 共享 internal，再由 zr_vm_core/src/zr_vm_core/execution/execution_backend_internal.h:4 include public；条件分支非运行时 caller	条件编译保护声明、链接或平台原子锁的分支；不提供业务状态判断。	头保护限定同一翻译单元单次声明/静态定义；由实际 include 消费，不授运行时状态或租约语义。	zr_vm_core/include/zr_vm_core/execution_backend.h:2	no-comment	宏族已有准确或新增宏观契约；独立值与保护分支无需逐行复述。
zr_vm_core/include/zr_vm_core/execution_backend.h	preprocessor:18:__cplusplus	guard	预处理边界；zr_vm_core/src/zr_vm_core/execution/execution_backend.c:1 include 共享 internal，再由 zr_vm_core/src/zr_vm_core/execution/execution_backend_internal.h:4 include public；条件分支非运行时 caller	条件编译保护声明、链接或平台原子锁的分支；不提供业务状态判断。	仅 C++ 编译暴露 extern C 链接块，C 编译跳过；不改变数据存储或提供跨进程序列化。	zr_vm_core/include/zr_vm_core/execution_backend.h:18	no-comment	宏族已有准确或新增宏观契约；独立值与保护分支无需逐行复述。
zr_vm_core/include/zr_vm_core/execution_backend.h	preprocessor:20:	guard	预处理边界；zr_vm_core/src/zr_vm_core/execution/execution_backend.c:1 include 共享 internal，再由 zr_vm_core/src/zr_vm_core/execution/execution_backend_internal.h:4 include public；条件分支非运行时 caller	条件编译保护声明、链接或平台原子锁的分支；不提供业务状态判断。	仅 C++ 编译暴露 extern C 链接块，C 编译跳过；不改变数据存储或提供跨进程序列化。	zr_vm_core/include/zr_vm_core/execution_backend.h:20	no-comment	宏族已有准确或新增宏观契约；独立值与保护分支无需逐行复述。
zr_vm_core/include/zr_vm_core/execution_backend.h	preprocessor:22:ZR_EXECUTION_BACKEND_SCHEMA_VERSION	macro	zr_vm_core/src/zr_vm_core/execution/execution_backend.c:108;zr_vm_core/src/zr_vm_core/execution/execution_backend.c:109;zr_vm_core/src/zr_vm_core/execution/execution_backend.c:112;zr_vm_core/src/zr_vm_core/execution/execution_backend.c:163;zr_vm_core/src/zr_vm_core/execution/execution_backend.c:166;zr_vm_core/src/zr_vm_core/execution/execution_backend.c:200;zr_vm_core/src/zr_vm_core/execution/execution_backend.c:383;zr_vm_core/src/zr_vm_core/execution/execution_backend.c:653;zr_vm_core/src/zr_vm_core/execution/execution_backend.c:913;zr_vm_core/src/zr_vm_core/execution/execution_backend_internal.h:115;zr_vm_core/src/zr_vm_core/execution/execution_backend_internal.h:197;zr_vm_core/src/zr_vm_core/execution/execution_backend_internal.h:201;zr_vm_core/src/zr_vm_core/execution/execution_backend_internal.h:223;zr_vm_core/src/zr_vm_core/execution/execution_backend_internal.h:273;zr_vm_core/src/zr_vm_core/execution/execution_backend_internal.h:334;tests/core/test_ssa_backend_service.c:207;tests/core/test_ssa_backend_service.c:222;tests/core/test_ssa_backend_service.c:259;tests/core/test_ssa_backend_service.c:295;zr_vm_jit/src/orc_backend.cpp:270;zr_vm_jit/src/orc_backend.cpp:274;tests/core/test_ssa_host_jit_optional.c:96	条件编译保护声明、链接或平台原子锁的分支；不提供业务状态判断。	请求/描述符/服务结构形状须等于该版本；不改变磁盘 artifact 的旧版本含义。	zr_vm_core/include/zr_vm_core/execution_backend.h:24;zr_vm_core/src/zr_vm_core/execution/execution_backend.c:108;zr_vm_core/src/zr_vm_core/execution/execution_backend.c:109	no-comment	宏族已有准确或新增宏观契约；独立值与保护分支无需逐行复述。
zr_vm_core/include/zr_vm_core/execution_backend.h	preprocessor:23:ZR_EXECUTION_BACKEND_MAGIC	macro	zr_vm_core/src/zr_vm_core/execution/execution_backend.c:103;zr_vm_core/src/zr_vm_core/execution/execution_backend.c:106;zr_vm_core/src/zr_vm_core/execution/execution_backend.c:158;zr_vm_core/src/zr_vm_core/execution/execution_backend.c:161;zr_vm_core/src/zr_vm_core/execution/execution_backend.c:199;zr_vm_core/src/zr_vm_core/execution/execution_backend.c:245;zr_vm_core/src/zr_vm_core/execution/execution_backend.c:382;zr_vm_core/src/zr_vm_core/execution/execution_backend.c:438;zr_vm_core/src/zr_vm_core/execution/execution_backend.c:597;zr_vm_core/src/zr_vm_core/execution/execution_backend.c:652;zr_vm_core/src/zr_vm_core/execution/execution_backend.c:785;zr_vm_core/src/zr_vm_core/execution/execution_backend.c:912;zr_vm_core/src/zr_vm_core/execution/execution_backend.c:1394;zr_vm_core/src/zr_vm_core/execution/execution_backend.c:1485;zr_vm_core/src/zr_vm_core/execution/execution_backend_internal.h:114;zr_vm_core/src/zr_vm_core/execution/execution_backend_internal.h:196;zr_vm_core/src/zr_vm_core/execution/execution_backend_internal.h:222;zr_vm_core/src/zr_vm_core/execution/execution_backend_internal.h:272;zr_vm_core/src/zr_vm_core/execution/execution_backend_internal.h:333;zr_vm_core/src/zr_vm_core/execution/execution_backend_internal.h:340;zr_vm_core/src/zr_vm_core/execution/execution_code_handle.c:22;zr_vm_core/src/zr_vm_core/execution/execution_code_handle.c:141;zr_vm_core/src/zr_vm_core/execution/execution_code_handle.c:144;zr_vm_core/src/zr_vm_core/execution/execution_code_handle.c:230;tests/core/test_ssa_backend_service.c:221;tests/core/test_ssa_backend_service.c:258;tests/core/test_ssa_backend_service.c:294;zr_vm_jit/src/orc_backend.cpp:269;tests/core/test_ssa_host_jit_optional.c:95	条件编译保护声明、链接或平台原子锁的分支；不提供业务状态判断。	请求/描述符/服务/句柄使用 EBK1 类别标识；magic 相等不证明存储寿命或内部状态合法。	zr_vm_core/include/zr_vm_core/execution_backend.h:25;zr_vm_core/src/zr_vm_core/execution/execution_backend.c:103;zr_vm_core/src/zr_vm_core/execution/execution_backend.c:106	no-comment	宏族已有准确或新增宏观契约；独立值与保护分支无需逐行复述。
zr_vm_core/include/zr_vm_core/execution_backend.h	preprocessor:24:ZR_EXECUTION_BACKEND_INVALIDATION_CAPACITY	macro	zr_vm_core/src/zr_vm_core/execution/execution_backend.c:1311;zr_vm_core/src/zr_vm_core/execution/execution_backend.c:1315;zr_vm_core/src/zr_vm_core/execution/execution_backend_internal.h:143	固定墓碑集容量；满时拒绝新增失效键，容量不是代码表大小。	墓碑固定最多16项；新完整键超容量时先返回 CAPACITY，不取消或退休匹配记录。	zr_vm_core/include/zr_vm_core/execution_backend.h:26;zr_vm_core/src/zr_vm_core/execution/execution_backend.c:1311;zr_vm_core/src/zr_vm_core/execution/execution_backend.c:1315	no-comment	宏族已有准确或新增宏观契约；独立值与保护分支无需逐行复述。
zr_vm_core/include/zr_vm_core/execution_backend.h	preprocessor:27:ZR_EXECUTION_BACKEND_OPERATION_TYPED_SCALAR	macro	tests/core/test_ssa_backend_service.c:65;tests/core/test_ssa_backend_service.c:225;tests/core/test_ssa_backend_service.c:278;tests/core/test_ssa_host_jit_optional.c:103	操作位及已知集合用于请求形状与注册能力子集匹配。	能力TYPED_SCALAR 属于已知操作集合；请求须非零且所有所需位为注册 supportedOperations 子集，位本身不提供机器码实现。	zr_vm_core/include/zr_vm_core/execution_backend.h:31;tests/core/test_ssa_backend_service.c:65;tests/core/test_ssa_backend_service.c:225	no-comment	宏族已有准确或新增宏观契约；独立值与保护分支无需逐行复述。
zr_vm_core/include/zr_vm_core/execution_backend.h	preprocessor:28:ZR_EXECUTION_BACKEND_OPERATION_CONTROL	macro	预处理边界；zr_vm_core/src/zr_vm_core/execution/execution_backend.c:1 include 共享 internal，再由 zr_vm_core/src/zr_vm_core/execution/execution_backend_internal.h:4 include public；条件分支非运行时 caller	操作位及已知集合用于请求形状与注册能力子集匹配。	能力CONTROL 属于已知操作集合；请求须非零且所有所需位为注册 supportedOperations 子集，位本身不提供机器码实现。	zr_vm_core/include/zr_vm_core/execution_backend.h:32	no-comment	宏族已有准确或新增宏观契约；独立值与保护分支无需逐行复述。
zr_vm_core/include/zr_vm_core/execution_backend.h	preprocessor:29:ZR_EXECUTION_BACKEND_OPERATION_DIRECT_CALL	macro	zr_vm_core/src/zr_vm_core/execution/execution_code_handle.c:464	操作位及已知集合用于请求形状与注册能力子集匹配。	能力DIRECT_CALL 属于已知操作集合；请求须非零且所有所需位为注册 supportedOperations 子集，位本身不提供机器码实现。	zr_vm_core/include/zr_vm_core/execution_backend.h:33;zr_vm_core/src/zr_vm_core/execution/execution_code_handle.c:464	no-comment	宏族已有准确或新增宏观契约；独立值与保护分支无需逐行复述。
zr_vm_core/include/zr_vm_core/execution_backend.h	preprocessor:30:ZR_EXECUTION_BACKEND_OPERATION_SIMPLE_MEMBER	macro	预处理边界；zr_vm_core/src/zr_vm_core/execution/execution_backend.c:1 include 共享 internal，再由 zr_vm_core/src/zr_vm_core/execution/execution_backend_internal.h:4 include public；条件分支非运行时 caller	操作位及已知集合用于请求形状与注册能力子集匹配。	能力SIMPLE_MEMBER 属于已知操作集合；请求须非零且所有所需位为注册 supportedOperations 子集，位本身不提供机器码实现。	zr_vm_core/include/zr_vm_core/execution_backend.h:34	no-comment	宏族已有准确或新增宏观契约；独立值与保护分支无需逐行复述。
zr_vm_core/include/zr_vm_core/execution_backend.h	preprocessor:31:ZR_EXECUTION_BACKEND_OPERATION_ARRAY	macro	tests/core/test_ssa_backend_service.c:747	操作位及已知集合用于请求形状与注册能力子集匹配。	能力ARRAY 属于已知操作集合；请求须非零且所有所需位为注册 supportedOperations 子集，位本身不提供机器码实现。	zr_vm_core/include/zr_vm_core/execution_backend.h:35;tests/core/test_ssa_backend_service.c:747	no-comment	宏族已有准确或新增宏观契约；独立值与保护分支无需逐行复述。
zr_vm_core/include/zr_vm_core/execution_backend.h	preprocessor:32:ZR_EXECUTION_BACKEND_OPERATION_KNOWN_MASK	macro	zr_vm_core/src/zr_vm_core/execution/execution_backend.c:131;zr_vm_core/src/zr_vm_core/execution/execution_backend.c:134;zr_vm_core/src/zr_vm_core/execution/execution_backend_internal.h:208;zr_vm_core/src/zr_vm_core/execution/execution_backend_internal.h:243;zr_vm_jit/src/orc_backend.cpp:280;zr_vm_jit/src/orc_backend.cpp:328;zr_vm_jit/src/orc_backend.cpp:331	操作位及已知集合用于请求形状与注册能力子集匹配。	能力KNOWN_MASK 属于已知操作集合；请求须非零且所有所需位为注册 supportedOperations 子集，位本身不提供机器码实现。	zr_vm_core/include/zr_vm_core/execution_backend.h:36;zr_vm_core/src/zr_vm_core/execution/execution_backend.c:131;zr_vm_core/src/zr_vm_core/execution/execution_backend.c:134	no-comment	宏族已有准确或新增宏观契约；独立值与保护分支无需逐行复述。
zr_vm_core/include/zr_vm_core/execution_backend.h	preprocessor:40:ZR_EXECUTION_BACKEND_MAP_ROOTS	macro	zr_vm_core/src/zr_vm_core/execution/execution_backend_internal.h:182;tests/core/test_ssa_backend_service.c:279	图注册位及已知集合用于产物接收和图查询；不是图内容。	图 ROOTS 是注册声明位集合；产物包含请求子集且每个已置位图 hash 非零；不证明真实图登记。	zr_vm_core/include/zr_vm_core/execution_backend.h:46;zr_vm_core/src/zr_vm_core/execution/execution_backend_internal.h:182;tests/core/test_ssa_backend_service.c:279	no-comment	宏族已有准确或新增宏观契约；独立值与保护分支无需逐行复述。
zr_vm_core/include/zr_vm_core/execution_backend.h	preprocessor:41:ZR_EXECUTION_BACKEND_MAP_EH	macro	zr_vm_core/src/zr_vm_core/execution/execution_backend_internal.h:183;tests/core/test_ssa_backend_service.c:280	图注册位及已知集合用于产物接收和图查询；不是图内容。	图 EH 是注册声明位集合；产物包含请求子集且每个已置位图 hash 非零；不证明真实图登记。	zr_vm_core/include/zr_vm_core/execution_backend.h:47;zr_vm_core/src/zr_vm_core/execution/execution_backend_internal.h:183;tests/core/test_ssa_backend_service.c:280	no-comment	宏族已有准确或新增宏观契约；独立值与保护分支无需逐行复述。
zr_vm_core/include/zr_vm_core/execution_backend.h	preprocessor:42:ZR_EXECUTION_BACKEND_MAP_DEBUG	macro	zr_vm_core/src/zr_vm_core/execution/execution_backend_internal.h:184;tests/core/test_ssa_backend_service.c:281	图注册位及已知集合用于产物接收和图查询；不是图内容。	图 DEBUG 是注册声明位集合；产物包含请求子集且每个已置位图 hash 非零；不证明真实图登记。	zr_vm_core/include/zr_vm_core/execution_backend.h:48;zr_vm_core/src/zr_vm_core/execution/execution_backend_internal.h:184;tests/core/test_ssa_backend_service.c:281	no-comment	宏族已有准确或新增宏观契约；独立值与保护分支无需逐行复述。
zr_vm_core/include/zr_vm_core/execution_backend.h	preprocessor:43:ZR_EXECUTION_BACKEND_MAP_DEOPT	macro	zr_vm_core/src/zr_vm_core/execution/execution_backend_internal.h:185;tests/core/test_ssa_backend_service.c:282	图注册位及已知集合用于产物接收和图查询；不是图内容。	图 DEOPT 是注册声明位集合；产物包含请求子集且每个已置位图 hash 非零；不证明真实图登记。	zr_vm_core/include/zr_vm_core/execution_backend.h:49;zr_vm_core/src/zr_vm_core/execution/execution_backend_internal.h:185;tests/core/test_ssa_backend_service.c:282	no-comment	宏族已有准确或新增宏观契约；独立值与保护分支无需逐行复述。
zr_vm_core/include/zr_vm_core/execution_backend.h	preprocessor:44:ZR_EXECUTION_BACKEND_MAP_IMPORTS	macro	zr_vm_core/src/zr_vm_core/execution/execution_backend_internal.h:186	图注册位及已知集合用于产物接收和图查询；不是图内容。	图 IMPORTS 是注册声明位集合；产物包含请求子集且每个已置位图 hash 非零；不证明真实图登记。	zr_vm_core/include/zr_vm_core/execution_backend.h:50;zr_vm_core/src/zr_vm_core/execution/execution_backend_internal.h:186	no-comment	宏族已有准确或新增宏观契约；独立值与保护分支无需逐行复述。
zr_vm_core/include/zr_vm_core/execution_backend.h	preprocessor:45:ZR_EXECUTION_BACKEND_MAP_KNOWN_MASK	macro	zr_vm_core/src/zr_vm_core/execution/execution_backend_internal.h:244;zr_vm_core/src/zr_vm_core/execution/execution_backend_internal.h:289	图注册位及已知集合用于产物接收和图查询；不是图内容。	图 KNOWN_MASK 是注册声明位集合；产物包含请求子集且每个已置位图 hash 非零；不证明真实图登记。	zr_vm_core/include/zr_vm_core/execution_backend.h:51;zr_vm_core/src/zr_vm_core/execution/execution_backend_internal.h:244;zr_vm_core/src/zr_vm_core/execution/execution_backend_internal.h:289	no-comment	宏族已有准确或新增宏观契约；独立值与保护分支无需逐行复述。
zr_vm_core/include/zr_vm_core/execution_backend.h	preprocessor:50:ZR_EXECUTION_BACKEND_REQUEST_FLAG_IMMUTABLE_INPUT	macro	zr_vm_core/src/zr_vm_core/execution/execution_backend.c:176;zr_vm_core/src/zr_vm_core/execution/execution_backend.c:179;zr_vm_core/src/zr_vm_core/execution/execution_backend_internal.h:225;tests/core/test_ssa_backend_service.c:85;tests/core/test_ssa_backend_service.c:260;tests/core/test_ssa_backend_service.c:685	请求许可用于不可变前提及回退选择；强制机器码覆盖回退许可。	入队必须声明不可变输入；仅标志/hash 不验证 IR 正文。	zr_vm_core/include/zr_vm_core/execution_backend.h:58;zr_vm_core/src/zr_vm_core/execution/execution_backend.c:176;zr_vm_core/src/zr_vm_core/execution/execution_backend.c:179	no-comment	宏族已有准确或新增宏观契约；独立值与保护分支无需逐行复述。
zr_vm_core/include/zr_vm_core/execution_backend.h	preprocessor:51:ZR_EXECUTION_BACKEND_REQUEST_FLAG_ALLOW_EXECBC_FALLBACK	macro	zr_vm_core/src/zr_vm_core/execution/execution_backend.c:222;tests/core/test_ssa_backend_service.c:261	请求许可用于不可变前提及回退选择；强制机器码覆盖回退许可。	强制机器码位未设置且未优先 AOT 许可时允许 ExecBC 选择，不执行解释器。	zr_vm_core/include/zr_vm_core/execution_backend.h:59;zr_vm_core/src/zr_vm_core/execution/execution_backend.c:222;tests/core/test_ssa_backend_service.c:261	no-comment	宏族已有准确或新增宏观契约；独立值与保护分支无需逐行复述。
zr_vm_core/include/zr_vm_core/execution_backend.h	preprocessor:52:ZR_EXECUTION_BACKEND_REQUEST_FLAG_ALLOW_AOT_FALLBACK	macro	zr_vm_core/src/zr_vm_core/execution/execution_backend.c:219;tests/core/test_ssa_backend_service.c:755	请求许可用于不可变前提及回退选择；强制机器码覆盖回退许可。	强制机器码位未设置时优先选择 AOT，不保证可执行产物存在。	zr_vm_core/include/zr_vm_core/execution_backend.h:60;zr_vm_core/src/zr_vm_core/execution/execution_backend.c:219;tests/core/test_ssa_backend_service.c:755	no-comment	宏族已有准确或新增宏观契约；独立值与保护分支无需逐行复述。
zr_vm_core/include/zr_vm_core/execution_backend.h	preprocessor:53:ZR_EXECUTION_BACKEND_REQUEST_FLAG_REQUIRE_MACHINE_CODE	macro	zr_vm_core/src/zr_vm_core/execution/execution_backend.c:214;tests/core/test_ssa_backend_service.c:761	请求许可用于不可变前提及回退选择；强制机器码覆盖回退许可。	覆盖两种回退许可，未有可用后端时返回不可用，不选择 fallback。	zr_vm_core/include/zr_vm_core/execution_backend.h:61;zr_vm_core/src/zr_vm_core/execution/execution_backend.c:214;tests/core/test_ssa_backend_service.c:761	no-comment	宏族已有准确或新增宏观契约；独立值与保护分支无需逐行复述。
zr_vm_core/include/zr_vm_core/execution_backend.h	preprocessor:54:ZR_EXECUTION_BACKEND_REQUEST_FLAG_KNOWN_MASK	macro	zr_vm_core/src/zr_vm_core/execution/execution_backend.c:170;zr_vm_core/src/zr_vm_core/execution/execution_backend.c:173;zr_vm_core/src/zr_vm_core/execution/execution_backend_internal.h:224	请求许可用于不可变前提及回退选择；强制机器码覆盖回退许可。	拒绝未知请求许可位；已知位仍须满足不可变及契约形状前提。	zr_vm_core/include/zr_vm_core/execution_backend.h:62;zr_vm_core/src/zr_vm_core/execution/execution_backend.c:170;zr_vm_core/src/zr_vm_core/execution/execution_backend.c:173	no-comment	宏族已有准确或新增宏观契约；独立值与保护分支无需逐行复述。
zr_vm_core/include/zr_vm_core/execution_backend.h	preprocessor:60:ZR_EXECUTION_BACKEND_DESCRIPTOR_FLAG_ASYNC	macro	zr_vm_jit/src/orc_backend.cpp:272	只拒绝未知描述符标志，不按 ASYNC 位启动或调度 worker。	描述符 ASYNC 只参与已知位验证；服务仍由宿主显式 ProcessNext，不按 ASYNC/RUNTIME_ONLY 位创建 worker。	zr_vm_core/include/zr_vm_core/execution_backend.h:70;zr_vm_jit/src/orc_backend.cpp:272	no-comment	宏族已有准确或新增宏观契约；独立值与保护分支无需逐行复述。
zr_vm_core/include/zr_vm_core/execution_backend.h	preprocessor:61:ZR_EXECUTION_BACKEND_DESCRIPTOR_FLAG_RUNTIME_ONLY	macro	zr_vm_jit/src/orc_backend.cpp:273	只拒绝未知描述符标志，不按 ASYNC 位启动或调度 worker。	描述符 RUNTIME_ONLY 只参与已知位验证；服务仍由宿主显式 ProcessNext，不按 ASYNC/RUNTIME_ONLY 位创建 worker。	zr_vm_core/include/zr_vm_core/execution_backend.h:71;zr_vm_jit/src/orc_backend.cpp:273	no-comment	宏族已有准确或新增宏观契约；独立值与保护分支无需逐行复述。
zr_vm_core/include/zr_vm_core/execution_backend.h	preprocessor:62:ZR_EXECUTION_BACKEND_DESCRIPTOR_FLAG_KNOWN_MASK	macro	zr_vm_core/src/zr_vm_core/execution/execution_backend.c:116;zr_vm_core/src/zr_vm_core/execution/execution_backend.c:119;zr_vm_core/src/zr_vm_core/execution/execution_backend_internal.h:200	只拒绝未知描述符标志，不按 ASYNC 位启动或调度 worker。	描述符 KNOWN_MASK 只参与已知位验证；服务仍由宿主显式 ProcessNext，不按 ASYNC/RUNTIME_ONLY 位创建 worker。	zr_vm_core/include/zr_vm_core/execution_backend.h:72;zr_vm_core/src/zr_vm_core/execution/execution_backend.c:116;zr_vm_core/src/zr_vm_core/execution/execution_backend.c:119	no-comment	宏族已有准确或新增宏观契约；独立值与保护分支无需逐行复述。
zr_vm_core/include/zr_vm_core/execution_backend.h	preprocessor:530:__cplusplus	guard	预处理边界；zr_vm_core/src/zr_vm_core/execution/execution_backend.c:1 include 共享 internal，再由 zr_vm_core/src/zr_vm_core/execution/execution_backend_internal.h:4 include public；条件分支非运行时 caller	条件编译保护声明、链接或平台原子锁的分支；不提供业务状态判断。	仅 C++ 编译暴露 extern C 链接块，C 编译跳过；不改变数据存储或提供跨进程序列化。	zr_vm_core/include/zr_vm_core/execution_backend.h:698	no-comment	宏族已有准确或新增宏观契约；独立值与保护分支无需逐行复述。
zr_vm_core/include/zr_vm_core/execution_backend.h	preprocessor:532:	guard	预处理边界；zr_vm_core/src/zr_vm_core/execution/execution_backend.c:1 include 共享 internal，再由 zr_vm_core/src/zr_vm_core/execution/execution_backend_internal.h:4 include public；条件分支非运行时 caller	条件编译保护声明、链接或平台原子锁的分支；不提供业务状态判断。	仅 C++ 编译暴露 extern C 链接块，C 编译跳过；不改变数据存储或提供跨进程序列化。	zr_vm_core/include/zr_vm_core/execution_backend.h:700	no-comment	宏族已有准确或新增宏观契约；独立值与保护分支无需逐行复述。
zr_vm_core/include/zr_vm_core/execution_backend.h	preprocessor:534:/*	guard	预处理边界；zr_vm_core/src/zr_vm_core/execution/execution_backend.c:1 include 共享 internal，再由 zr_vm_core/src/zr_vm_core/execution/execution_backend_internal.h:4 include public；条件分支非运行时 caller	条件编译保护声明、链接或平台原子锁的分支；不提供业务状态判断。	头保护限定同一翻译单元单次声明/静态定义；由实际 include 消费，不授运行时状态或租约语义。	zr_vm_core/include/zr_vm_core/execution_backend.h:702	no-comment	宏族已有准确或新增宏观契约；独立值与保护分支无需逐行复述。
zr_vm_core/src/zr_vm_core/execution/execution_backend.c	preprocessor:16:defined(_MSC_VER)	guard	预处理边界；zr_vm_core/src/zr_vm_core/execution/execution_backend.c:1 include 共享 internal，再由 zr_vm_core/src/zr_vm_core/execution/execution_backend_internal.h:4 include public；条件分支非运行时 caller	条件编译保护声明、链接或平台原子锁的分支；不提供业务状态判断。	MSVC 条件选择 Interlocked 原子或 intrin 头；对应 else 使用 __sync，编译目标须支持所选内建，不是运行期平台选择。	zr_vm_core/src/zr_vm_core/execution/execution_backend.c:18	no-comment	宏族已有准确或新增宏观契约；独立值与保护分支无需逐行复述。
zr_vm_core/src/zr_vm_core/execution/execution_backend.c	preprocessor:20:	guard	预处理边界；zr_vm_core/src/zr_vm_core/execution/execution_backend.c:1 include 共享 internal，再由 zr_vm_core/src/zr_vm_core/execution/execution_backend_internal.h:4 include public；条件分支非运行时 caller	条件编译保护声明、链接或平台原子锁的分支；不提供业务状态判断。	MSVC 条件选择 Interlocked 原子或 intrin 头；对应 else 使用 __sync，编译目标须支持所选内建，不是运行期平台选择。	zr_vm_core/src/zr_vm_core/execution/execution_backend.c:22	no-comment	宏族已有准确或新增宏观契约；独立值与保护分支无需逐行复述。
zr_vm_core/src/zr_vm_core/execution/execution_backend.c	preprocessor:23:	guard	预处理边界；zr_vm_core/src/zr_vm_core/execution/execution_backend.c:1 include 共享 internal，再由 zr_vm_core/src/zr_vm_core/execution/execution_backend_internal.h:4 include public；条件分支非运行时 caller	条件编译保护声明、链接或平台原子锁的分支；不提供业务状态判断。	MSVC 条件选择 Interlocked 原子或 intrin 头；对应 else 使用 __sync，编译目标须支持所选内建，不是运行期平台选择。	zr_vm_core/src/zr_vm_core/execution/execution_backend.c:25	no-comment	宏族已有准确或新增宏观契约；独立值与保护分支无需逐行复述。
zr_vm_core/src/zr_vm_core/execution/execution_backend.c	preprocessor:27:defined(_MSC_VER)	guard	预处理边界；zr_vm_core/src/zr_vm_core/execution/execution_backend.c:1 include 共享 internal，再由 zr_vm_core/src/zr_vm_core/execution/execution_backend_internal.h:4 include public；条件分支非运行时 caller	条件编译保护声明、链接或平台原子锁的分支；不提供业务状态判断。	MSVC 条件选择 Interlocked 原子或 intrin 头；对应 else 使用 __sync，编译目标须支持所选内建，不是运行期平台选择。	zr_vm_core/src/zr_vm_core/execution/execution_backend.c:30	no-comment	宏族已有准确或新增宏观契约；独立值与保护分支无需逐行复述。
zr_vm_core/src/zr_vm_core/execution/execution_backend.c	preprocessor:29:	guard	预处理边界；zr_vm_core/src/zr_vm_core/execution/execution_backend.c:1 include 共享 internal，再由 zr_vm_core/src/zr_vm_core/execution/execution_backend_internal.h:4 include public；条件分支非运行时 caller	条件编译保护声明、链接或平台原子锁的分支；不提供业务状态判断。	MSVC 条件选择 Interlocked 原子或 intrin 头；对应 else 使用 __sync，编译目标须支持所选内建，不是运行期平台选择。	zr_vm_core/src/zr_vm_core/execution/execution_backend.c:32	no-comment	宏族已有准确或新增宏观契约；独立值与保护分支无需逐行复述。
zr_vm_core/src/zr_vm_core/execution/execution_backend.c	preprocessor:31:	guard	预处理边界；zr_vm_core/src/zr_vm_core/execution/execution_backend.c:1 include 共享 internal，再由 zr_vm_core/src/zr_vm_core/execution/execution_backend_internal.h:4 include public；条件分支非运行时 caller	条件编译保护声明、链接或平台原子锁的分支；不提供业务状态判断。	MSVC 条件选择 Interlocked 原子或 intrin 头；对应 else 使用 __sync，编译目标须支持所选内建，不是运行期平台选择。	zr_vm_core/src/zr_vm_core/execution/execution_backend.c:34	no-comment	宏族已有准确或新增宏观契约；独立值与保护分支无需逐行复述。
zr_vm_core/src/zr_vm_core/execution/execution_backend_internal.h	preprocessor:1:ZR_VM_CORE_EXECUTION_BACKEND_INTERNAL_H	guard	预处理边界；zr_vm_core/src/zr_vm_core/execution/execution_backend.c:1 include 共享 internal，再由 zr_vm_core/src/zr_vm_core/execution/execution_backend_internal.h:4 include public；条件分支非运行时 caller	条件编译保护声明、链接或平台原子锁的分支；不提供业务状态判断。	头保护限定同一翻译单元单次声明/静态定义；由实际 include 消费，不授运行时状态或租约语义。	zr_vm_core/src/zr_vm_core/execution/execution_backend_internal.h:1	no-comment	宏族已有准确或新增宏观契约；独立值与保护分支无需逐行复述。
zr_vm_core/src/zr_vm_core/execution/execution_backend_internal.h	preprocessor:2:ZR_VM_CORE_EXECUTION_BACKEND_INTERNAL_H	macro	zr_vm_core/src/zr_vm_core/execution/execution_backend_internal.h:1;zr_vm_core/src/zr_vm_core/execution/execution_backend_internal.h:432	条件编译保护声明、链接或平台原子锁的分支；不提供业务状态判断。	头保护限定同一翻译单元单次声明/静态定义；由实际 include 消费，不授运行时状态或租约语义。	zr_vm_core/src/zr_vm_core/execution/execution_backend_internal.h:2;zr_vm_core/src/zr_vm_core/execution/execution_backend_internal.h:1;zr_vm_core/src/zr_vm_core/execution/execution_backend_internal.h:432	no-comment	宏族已有准确或新增宏观契约；独立值与保护分支无需逐行复述。
zr_vm_core/src/zr_vm_core/execution/execution_backend_internal.h	preprocessor:9:defined(_MSC_VER)	guard	预处理边界；zr_vm_core/src/zr_vm_core/execution/execution_backend.c:1 include 共享 internal，再由 zr_vm_core/src/zr_vm_core/execution/execution_backend_internal.h:4 include public；条件分支非运行时 caller	条件编译保护声明、链接或平台原子锁的分支；不提供业务状态判断。	仅在 _MSC_VER 定义时包含 intrin.h，供后续 Interlocked 锁实现使用；本 include 条件块没有 else，非 MSVC 时直接跳过该头文件。	zr_vm_core/src/zr_vm_core/execution/execution_backend_internal.h:9	no-comment	宏族已有准确或新增宏观契约；独立值与保护分支无需逐行复述。
zr_vm_core/src/zr_vm_core/execution/execution_backend_internal.h	preprocessor:11:	guard	预处理边界；zr_vm_core/src/zr_vm_core/execution/execution_backend.c:1 include 共享 internal，再由 zr_vm_core/src/zr_vm_core/execution/execution_backend_internal.h:4 include public；条件分支非运行时 caller	条件编译保护声明、链接或平台原子锁的分支；不提供业务状态判断。	仅在 _MSC_VER 定义时包含 intrin.h，供后续 Interlocked 锁实现使用；本 include 条件块没有 else，非 MSVC 时直接跳过该头文件。	zr_vm_core/src/zr_vm_core/execution/execution_backend_internal.h:11	no-comment	宏族已有准确或新增宏观契约；独立值与保护分支无需逐行复述。
zr_vm_core/src/zr_vm_core/execution/execution_backend_internal.h	preprocessor:13:defined(__GNUC__)	guard	预处理边界；zr_vm_core/src/zr_vm_core/execution/execution_backend.c:1 include 共享 internal，再由 zr_vm_core/src/zr_vm_core/execution/execution_backend_internal.h:4 include public；条件分支非运行时 caller	条件编译保护声明、链接或平台原子锁的分支；不提供业务状态判断。	GNU/Clang 条件选择 unused 属性，else 为空；共享静态 helper 契约与运行行为不随此属性改变。	zr_vm_core/src/zr_vm_core/execution/execution_backend_internal.h:14	no-comment	宏族已有准确或新增宏观契约；独立值与保护分支无需逐行复述。
zr_vm_core/src/zr_vm_core/execution/execution_backend_internal.h	preprocessor:14:ZR_EXECUTION_BACKEND_INTERNAL_UNUSED	macro	zr_vm_core/src/zr_vm_core/execution/execution_backend_internal.h:24;zr_vm_core/src/zr_vm_core/execution/execution_backend_internal.h:32;zr_vm_core/src/zr_vm_core/execution/execution_backend_internal.h:54;zr_vm_core/src/zr_vm_core/execution/execution_backend_internal.h:65;zr_vm_core/src/zr_vm_core/execution/execution_backend_internal.h:78;zr_vm_core/src/zr_vm_core/execution/execution_backend_internal.h:88;zr_vm_core/src/zr_vm_core/execution/execution_backend_internal.h:96;zr_vm_core/src/zr_vm_core/execution/execution_backend_internal.h:105;zr_vm_core/src/zr_vm_core/execution/execution_backend_internal.h:111;zr_vm_core/src/zr_vm_core/execution/execution_backend_internal.h:124;zr_vm_core/src/zr_vm_core/execution/execution_backend_internal.h:136;zr_vm_core/src/zr_vm_core/execution/execution_backend_internal.h:153;zr_vm_core/src/zr_vm_core/execution/execution_backend_internal.h:163;zr_vm_core/src/zr_vm_core/execution/execution_backend_internal.h:170;zr_vm_core/src/zr_vm_core/execution/execution_backend_internal.h:176;zr_vm_core/src/zr_vm_core/execution/execution_backend_internal.h:193;zr_vm_core/src/zr_vm_core/execution/execution_backend_internal.h:220;zr_vm_core/src/zr_vm_core/execution/execution_backend_internal.h:251;zr_vm_core/src/zr_vm_core/execution/execution_backend_internal.h:266;zr_vm_core/src/zr_vm_core/execution/execution_backend_internal.h:308;zr_vm_core/src/zr_vm_core/execution/execution_backend_internal.h:327;zr_vm_core/src/zr_vm_core/execution/execution_backend_internal.h:352;zr_vm_core/src/zr_vm_core/execution/execution_backend_internal.h:359;zr_vm_core/src/zr_vm_core/execution/execution_backend_internal.h:366;zr_vm_core/src/zr_vm_core/execution/execution_backend_internal.h:390	共享静态 helper 的编译告警属性，非运行时派发。	GNU/Clang 分支抑制两个 TU 中未用 static helper 告警；其他分支为空属性，不改变可调用性。	zr_vm_core/src/zr_vm_core/execution/execution_backend_internal.h:15;zr_vm_core/src/zr_vm_core/execution/execution_backend_internal.h:24;zr_vm_core/src/zr_vm_core/execution/execution_backend_internal.h:32	no-comment	宏族已有准确或新增宏观契约；独立值与保护分支无需逐行复述。
zr_vm_core/src/zr_vm_core/execution/execution_backend_internal.h	preprocessor:15:	guard	预处理边界；zr_vm_core/src/zr_vm_core/execution/execution_backend.c:1 include 共享 internal，再由 zr_vm_core/src/zr_vm_core/execution/execution_backend_internal.h:4 include public；条件分支非运行时 caller	条件编译保护声明、链接或平台原子锁的分支；不提供业务状态判断。	GNU/Clang 条件选择 unused 属性，else 为空；共享静态 helper 契约与运行行为不随此属性改变。	zr_vm_core/src/zr_vm_core/execution/execution_backend_internal.h:16	no-comment	宏族已有准确或新增宏观契约；独立值与保护分支无需逐行复述。
zr_vm_core/src/zr_vm_core/execution/execution_backend_internal.h	preprocessor:16:ZR_EXECUTION_BACKEND_INTERNAL_UNUSED	macro	zr_vm_core/src/zr_vm_core/execution/execution_backend_internal.h:24;zr_vm_core/src/zr_vm_core/execution/execution_backend_internal.h:32;zr_vm_core/src/zr_vm_core/execution/execution_backend_internal.h:54;zr_vm_core/src/zr_vm_core/execution/execution_backend_internal.h:65;zr_vm_core/src/zr_vm_core/execution/execution_backend_internal.h:78;zr_vm_core/src/zr_vm_core/execution/execution_backend_internal.h:88;zr_vm_core/src/zr_vm_core/execution/execution_backend_internal.h:96;zr_vm_core/src/zr_vm_core/execution/execution_backend_internal.h:105;zr_vm_core/src/zr_vm_core/execution/execution_backend_internal.h:111;zr_vm_core/src/zr_vm_core/execution/execution_backend_internal.h:124;zr_vm_core/src/zr_vm_core/execution/execution_backend_internal.h:136;zr_vm_core/src/zr_vm_core/execution/execution_backend_internal.h:153;zr_vm_core/src/zr_vm_core/execution/execution_backend_internal.h:163;zr_vm_core/src/zr_vm_core/execution/execution_backend_internal.h:170;zr_vm_core/src/zr_vm_core/execution/execution_backend_internal.h:176;zr_vm_core/src/zr_vm_core/execution/execution_backend_internal.h:193;zr_vm_core/src/zr_vm_core/execution/execution_backend_internal.h:220;zr_vm_core/src/zr_vm_core/execution/execution_backend_internal.h:251;zr_vm_core/src/zr_vm_core/execution/execution_backend_internal.h:266;zr_vm_core/src/zr_vm_core/execution/execution_backend_internal.h:308;zr_vm_core/src/zr_vm_core/execution/execution_backend_internal.h:327;zr_vm_core/src/zr_vm_core/execution/execution_backend_internal.h:352;zr_vm_core/src/zr_vm_core/execution/execution_backend_internal.h:359;zr_vm_core/src/zr_vm_core/execution/execution_backend_internal.h:366;zr_vm_core/src/zr_vm_core/execution/execution_backend_internal.h:390	共享静态 helper 的编译告警属性，非运行时派发。	GNU/Clang 分支抑制两个 TU 中未用 static helper 告警；其他分支为空属性，不改变可调用性。	zr_vm_core/src/zr_vm_core/execution/execution_backend_internal.h:17;zr_vm_core/src/zr_vm_core/execution/execution_backend_internal.h:24;zr_vm_core/src/zr_vm_core/execution/execution_backend_internal.h:32	no-comment	宏族已有准确或新增宏观契约；独立值与保护分支无需逐行复述。
zr_vm_core/src/zr_vm_core/execution/execution_backend_internal.h	preprocessor:17:	guard	预处理边界；zr_vm_core/src/zr_vm_core/execution/execution_backend.c:1 include 共享 internal，再由 zr_vm_core/src/zr_vm_core/execution/execution_backend_internal.h:4 include public；条件分支非运行时 caller	条件编译保护声明、链接或平台原子锁的分支；不提供业务状态判断。	GNU/Clang 条件选择 unused 属性，else 为空；共享静态 helper 契约与运行行为不随此属性改变。	zr_vm_core/src/zr_vm_core/execution/execution_backend_internal.h:18	no-comment	宏族已有准确或新增宏观契约；独立值与保护分支无需逐行复述。
zr_vm_core/src/zr_vm_core/execution/execution_backend_internal.h	preprocessor:51:defined(_MSC_VER)	guard	预处理边界；zr_vm_core/src/zr_vm_core/execution/execution_backend.c:1 include 共享 internal，再由 zr_vm_core/src/zr_vm_core/execution/execution_backend_internal.h:4 include public；条件分支非运行时 caller	条件编译保护声明、链接或平台原子锁的分支；不提供业务状态判断。	MSVC 条件选择 Interlocked 原子或 intrin 头；对应 else 使用 __sync，编译目标须支持所选内建，不是运行期平台选择。	zr_vm_core/src/zr_vm_core/execution/execution_backend_internal.h:55	no-comment	宏族已有准确或新增宏观契约；独立值与保护分支无需逐行复述。
zr_vm_core/src/zr_vm_core/execution/execution_backend_internal.h	preprocessor:54:	guard	预处理边界；zr_vm_core/src/zr_vm_core/execution/execution_backend.c:1 include 共享 internal，再由 zr_vm_core/src/zr_vm_core/execution/execution_backend_internal.h:4 include public；条件分支非运行时 caller	条件编译保护声明、链接或平台原子锁的分支；不提供业务状态判断。	MSVC 条件选择 Interlocked 原子或 intrin 头；对应 else 使用 __sync，编译目标须支持所选内建，不是运行期平台选择。	zr_vm_core/src/zr_vm_core/execution/execution_backend_internal.h:58	no-comment	宏族已有准确或新增宏观契约；独立值与保护分支无需逐行复述。
zr_vm_core/src/zr_vm_core/execution/execution_backend_internal.h	preprocessor:57:	guard	预处理边界；zr_vm_core/src/zr_vm_core/execution/execution_backend.c:1 include 共享 internal，再由 zr_vm_core/src/zr_vm_core/execution/execution_backend_internal.h:4 include public；条件分支非运行时 caller	条件编译保护声明、链接或平台原子锁的分支；不提供业务状态判断。	MSVC 条件选择 Interlocked 原子或 intrin 头；对应 else 使用 __sync，编译目标须支持所选内建，不是运行期平台选择。	zr_vm_core/src/zr_vm_core/execution/execution_backend_internal.h:61	no-comment	宏族已有准确或新增宏观契约；独立值与保护分支无需逐行复述。
zr_vm_core/src/zr_vm_core/execution/execution_backend_internal.h	preprocessor:61:defined(_MSC_VER)	guard	预处理边界；zr_vm_core/src/zr_vm_core/execution/execution_backend.c:1 include 共享 internal，再由 zr_vm_core/src/zr_vm_core/execution/execution_backend_internal.h:4 include public；条件分支非运行时 caller	条件编译保护声明、链接或平台原子锁的分支；不提供业务状态判断。	MSVC 条件选择 Interlocked 原子或 intrin 头；对应 else 使用 __sync，编译目标须支持所选内建，不是运行期平台选择。	zr_vm_core/src/zr_vm_core/execution/execution_backend_internal.h:66	no-comment	宏族已有准确或新增宏观契约；独立值与保护分支无需逐行复述。
zr_vm_core/src/zr_vm_core/execution/execution_backend_internal.h	preprocessor:63:	guard	预处理边界；zr_vm_core/src/zr_vm_core/execution/execution_backend.c:1 include 共享 internal，再由 zr_vm_core/src/zr_vm_core/execution/execution_backend_internal.h:4 include public；条件分支非运行时 caller	条件编译保护声明、链接或平台原子锁的分支；不提供业务状态判断。	MSVC 条件选择 Interlocked 原子或 intrin 头；对应 else 使用 __sync，编译目标须支持所选内建，不是运行期平台选择。	zr_vm_core/src/zr_vm_core/execution/execution_backend_internal.h:68	no-comment	宏族已有准确或新增宏观契约；独立值与保护分支无需逐行复述。
zr_vm_core/src/zr_vm_core/execution/execution_backend_internal.h	preprocessor:65:	guard	预处理边界；zr_vm_core/src/zr_vm_core/execution/execution_backend.c:1 include 共享 internal，再由 zr_vm_core/src/zr_vm_core/execution/execution_backend_internal.h:4 include public；条件分支非运行时 caller	条件编译保护声明、链接或平台原子锁的分支；不提供业务状态判断。	MSVC 条件选择 Interlocked 原子或 intrin 头；对应 else 使用 __sync，编译目标须支持所选内建，不是运行期平台选择。	zr_vm_core/src/zr_vm_core/execution/execution_backend_internal.h:70	no-comment	宏族已有准确或新增宏观契约；独立值与保护分支无需逐行复述。
zr_vm_core/src/zr_vm_core/execution/execution_backend_internal.h	preprocessor:404:/*	guard	预处理边界；zr_vm_core/src/zr_vm_core/execution/execution_backend.c:1 include 共享 internal，再由 zr_vm_core/src/zr_vm_core/execution/execution_backend_internal.h:4 include public；条件分支非运行时 caller	条件编译保护声明、链接或平台原子锁的分支；不提供业务状态判断。	头保护限定同一翻译单元单次声明/静态定义；由实际 include 消费，不授运行时状态或租约语义。	zr_vm_core/src/zr_vm_core/execution/execution_backend_internal.h:432	no-comment	宏族已有准确或新增宏观契约；独立值与保护分支无需逐行复述。
zr_vm_core/src/zr_vm_core/execution/execution_backend.c	zr_execution_backend_default_lock	state	zr_vm_core/src/zr_vm_core/execution/execution_backend.c:19;zr_vm_core/src/zr_vm_core/execution/execution_backend.c:23;zr_vm_core/src/zr_vm_core/execution/execution_backend.c:31;zr_vm_core/src/zr_vm_core/execution/execution_backend.c:33;zr_vm_core/src/zr_vm_core/execution/execution_backend.c:1648;zr_vm_core/src/zr_vm_core/execution/execution_backend.c:1657	默认 facade 借用服务指针，独立锁只保护指针读写，不延长所指对象寿命。	宿主协调切换、解绑和 Deinit；不存在内部引用计数。	zr_vm_core/src/zr_vm_core/execution/execution_backend.c:13;zr_vm_core/src/zr_vm_core/execution/execution_backend.c:19;zr_vm_core/src/zr_vm_core/execution/execution_backend.c:31	commented	私有候选状态意图注释，尚未应用。
zr_vm_core/src/zr_vm_core/execution/execution_backend.c	zr_execution_backend_default_service	state	zr_vm_core/src/zr_vm_core/execution/execution_backend.c:1648;zr_vm_core/src/zr_vm_core/execution/execution_backend.c:1658	默认 facade 借用服务指针，独立锁只保护指针读写，不延长所指对象寿命。	宿主协调切换、解绑和 Deinit；不存在内部引用计数。	zr_vm_core/src/zr_vm_core/execution/execution_backend.c:14;zr_vm_core/src/zr_vm_core/execution/execution_backend.c:1658	commented	私有候选状态意图注释，尚未应用。
zr_vm_core/include/zr_vm_core/execution_backend.h	forward:SZrExecIrResumeRequest	forward-declaration	zr_vm_core/src/zr_vm_core/execution/execution_backend.c:1632	前置声明隔离 parser/ExecIR 存储或类型顺序；不声明跨语言序列化布局。	只借用进程内对象。	zr_vm_core/include/zr_vm_core/execution_backend.h:178;zr_vm_core/src/zr_vm_core/execution/execution_backend.c:1632	no-comment	名称及相邻实际类型/恢复契约足够。
zr_vm_core/include/zr_vm_core/execution_backend.h	forward:SZrExecutionBackendService	forward-declaration	tests/core/test_ssa_backend_service.c:334	前置声明隔离 parser/ExecIR 存储或类型顺序；不声明跨语言序列化布局。	只借用进程内对象。	zr_vm_core/include/zr_vm_core/execution_backend.h:314;tests/core/test_ssa_backend_service.c:334	no-comment	名称及相邻实际类型/恢复契约足够。
zr_vm_core/include/zr_vm_core/execution_backend.h	forward:SZrExecutionBackendDescriptor	forward-declaration	zr_vm_core/src/zr_vm_core/execution/execution_backend.c:483	前置声明隔离 parser/ExecIR 存储或类型顺序；不声明跨语言序列化布局。	只借用进程内对象。	zr_vm_core/include/zr_vm_core/execution_backend.h:315;zr_vm_core/src/zr_vm_core/execution/execution_backend.c:483	no-comment	名称及相邻实际类型/恢复契约足够。
zr_vm_core/src/zr_vm_core/execution/execution_backend.c	ZrCore_ExecutionBackendService_CompileAsync::入队与锁外目标查询交接	block	zr_vm_core/src/zr_vm_core/execution/execution_backend.c:649	先占作业槽并复制请求，再锁外 queryTarget；该临时 QUEUED 状态及回调计数参与注销和关闭屏障。; ; TODO: 同一 QUEUED 槽在 queryTarget 返回前已可被 ProcessNext 看到；下一步在 test_ssa_backend_service 加入阻塞查询及并发调度场景，核对宿主是否约束提交与 worker 时序。	归属 ZrCore_ExecutionBackendService_CompileAsync；普通内部控制块已按完整函数核对，未声明并发测试已执行。	zr_vm_core/src/zr_vm_core/execution/execution_backend.c:649	TODO	私有候选交接契约；TODO 是未证实集成前提，非 BUG。
zr_vm_core/src/zr_vm_core/execution/execution_backend.c	ZrCore_ExecutionBackendService_CompileAsync::提交线程目标查询与计数	block	zr_vm_core/src/zr_vm_core/execution/execution_backend.c:681	目标查询由提交线程执行；释放服务锁允许回调重入查询，但 queryTargetInFlight 仍阻止最终销毁。	归属 ZrCore_ExecutionBackendService_CompileAsync；普通内部控制块已按完整函数核对，未声明并发测试已执行。	zr_vm_core/src/zr_vm_core/execution/execution_backend.c:681	commented	私有候选交接契约；TODO 是未证实集成前提，非 BUG。
zr_vm_core/src/zr_vm_core/execution/execution_backend.c	ZrCore_ExecutionBackendService_ProcessNext::pending与取消观测	block	zr_vm_core/src/zr_vm_core/execution/execution_backend.c:830	PENDING 的返回状态与作业状态可不同：期间的取消会把作业标记 CANCELLED，观察者须查询实际状态。	归属 ZrCore_ExecutionBackendService_ProcessNext；普通内部控制块已按完整函数核对，未声明并发测试已执行。	zr_vm_core/src/zr_vm_core/execution/execution_backend.c:830	commented	私有候选交接契约；TODO 是未证实集成前提，非 BUG。
zr_vm_core/src/zr_vm_core/execution/execution_backend.c	ZrCore_ExecutionBackendService_Complete::过期完成清理	block	zr_vm_core/src/zr_vm_core/execution/execution_backend.c:907	迟到结果只借原注册找清理入口；票据已经失效时不会重新接纳为 READY。	归属 ZrCore_ExecutionBackendService_Complete；普通内部控制块已按完整函数核对，未声明并发测试已执行。	zr_vm_core/src/zr_vm_core/execution/execution_backend.c:907	commented	私有候选交接契约；TODO 是未证实集成前提，非 BUG。
zr_vm_core/src/zr_vm_core/execution/execution_backend.c	ZrCore_ExecutionBackendService_Complete::锁外清理计数间隔	block	zr_vm_core/src/zr_vm_core/execution/execution_backend.c:958	TODO: Complete 解锁后才由 dispose_unpublished 增加回调计数；核对并发 Unregister/FinalizeShutdown 是否能在此间销毁快照 userData，入口见 execution_code_handle.c 的清理计数协议。	归属 ZrCore_ExecutionBackendService_Complete；普通内部控制块已按完整函数核对，未声明并发测试已执行。	zr_vm_core/src/zr_vm_core/execution/execution_backend.c:958	TODO	私有候选交接契约；TODO 是未证实集成前提，非 BUG。
zr_vm_core/src/zr_vm_core/execution/execution_backend.c	ZrCore_ExecutionBackendService_Complete::容量失败状态快照	block	zr_vm_core/src/zr_vm_core/execution/execution_backend.c:1025	代码容量失败终止内部作业并清理产物；此分支不更新传入 ticket.state，调用者应 QueryTicket 而非读旧快照。	归属 ZrCore_ExecutionBackendService_Complete；普通内部控制块已按完整函数核对，未声明并发测试已执行。	zr_vm_core/src/zr_vm_core/execution/execution_backend.c:1025	commented	私有候选交接契约；TODO 是未证实集成前提，非 BUG。
zr_vm_core/src/zr_vm_core/execution/execution_backend.c	ZrCore_ExecutionBackendService_Complete::代码与图声明接收	block	zr_vm_core/src/zr_vm_core/execution/execution_backend.c:1046	接收只记录后端声称已注册的图元数据；发布、租约取得与平台图内容正确性是后续不同责任。	归属 ZrCore_ExecutionBackendService_Complete；普通内部控制块已按完整函数核对，未声明并发测试已执行。	zr_vm_core/src/zr_vm_core/execution/execution_backend.c:1046	commented	私有候选交接契约；TODO 是未证实集成前提，非 BUG。
zr_vm_core/src/zr_vm_core/execution/execution_backend.c	ZrCore_ExecutionBackendService_InvalidateGeneration::墓碑先于取消扫描	block	zr_vm_core/src/zr_vm_core/execution/execution_backend.c:1309	墓碑先于记录扫描提交；容量拒绝发生在取消或退休之前，避免部分失效却不能阻止重新入队。	归属 ZrCore_ExecutionBackendService_InvalidateGeneration；普通内部控制块已按完整函数核对，未声明并发测试已执行。	zr_vm_core/src/zr_vm_core/execution/execution_backend.c:1309	commented	私有候选交接契约；TODO 是未证实集成前提，非 BUG。
zr_vm_core/src/zr_vm_core/execution/execution_backend.c	ZrCore_ExecutionBackendService_InvalidateGeneration::失效OK范围	block	zr_vm_core/src/zr_vm_core/execution/execution_backend.c:1375	返回 OK 的契约是失效标记完成；取消回调失败或仍编译不在这里转换成整体失败，资源回收需单独观察。	归属 ZrCore_ExecutionBackendService_InvalidateGeneration；普通内部控制块已按完整函数核对，未声明并发测试已执行。	zr_vm_core/src/zr_vm_core/execution/execution_backend.c:1375	commented	私有候选交接契约；TODO 是未证实集成前提，非 BUG。
zr_vm_core/src/zr_vm_core/execution/execution_backend.c	ZrCore_ExecutionBackendService_FinalizeShutdown::销毁owner屏障	block	zr_vm_core/src/zr_vm_core/execution/execution_backend.c:1542	所有代码记录清空后才销毁 owner；RETIRE_FAILED 也占 codeCount，不能以关闭请求替代资源清理。	归属 ZrCore_ExecutionBackendService_FinalizeShutdown；普通内部控制块已按完整函数核对，未声明并发测试已执行。	zr_vm_core/src/zr_vm_core/execution/execution_backend.c:1542	commented	私有候选交接契约；TODO 是未证实集成前提，非 BUG。
zr_vm_core/src/zr_vm_core/execution/execution_backend.c	ZrCore_ExecutionBackendService_ResumeInterpreter::恢复与关闭状态边界	block	zr_vm_core/src/zr_vm_core/execution/execution_backend.c:1616	恢复入口未检查 shuttingDown/destroyed；TODO: 宿主接入 ResumeInterpreter 时核对最终关闭与恢复的并发约束，当前 mock 只覆盖关闭前的串行恢复。	归属 ZrCore_ExecutionBackendService_ResumeInterpreter；普通内部控制块已按完整函数核对，未声明并发测试已执行。	zr_vm_core/src/zr_vm_core/execution/execution_backend.c:1616	TODO	私有候选交接契约；TODO 是未证实集成前提，非 BUG。
zr_vm_core/include/zr_vm_core/execution_backend.h	default-facade::host-lifetime-integration	block	仓内未发现安装/解绑链；扫描记录见 symbol-occurrences.json	默认 facade 无实际宿主集成路径；接入时从 SetDefaultService、Deinit 核对寿命和并发替换。	仓外 ABI 消费未知；默认锁不保活 service。	zr_vm_core/include/zr_vm_core/execution_backend.h:677;zr_vm_core/src/zr_vm_core/execution/execution_backend.c:1658	TODO	私有公开具体核查入口；不把构建或无命中当真实调用。
zr_vm_core/include/zr_vm_core/execution_backend.h	public-unconsumed-ABI::host-integration	block	仓内未见 DiagnosticClear/GenerationKeyIsValid/GenerationKeyEqual/StatusName/Deinit/Unregister/Cancel 上游；默认 facade 另登记	公开辅助与注销/取消接口保留 ABI；在 test_ssa_backend_service 补充实际宿主接入、注销、取消与解绑后 Deinit 场景。	完整正搜索不排除仓外消费者；当前七个 mock 场景不覆盖这些入口。	zr_vm_core/include/zr_vm_core/execution_backend.h:484;zr_vm_core/src/zr_vm_core/execution/execution_backend.c:402;zr_vm_core/src/zr_vm_core/execution/execution_backend.c:494;zr_vm_core/src/zr_vm_core/execution/execution_backend.c:1242	TODO	具体核查入口已写公开 Doxygen；不因无调用推断不可达或无用。
