file	unit	kind	callers	intent	constraints	evidence	decision	reason
zr_vm_language_server/src/zr_vm_language_server/interface/lsp_binary_metadata_coordinates.c	binary_metadata_position_to_byte_offset	function	zr_vm_language_server/src/zr_vm_language_server/interface/lsp_binary_metadata_coordinates.c:75	在找到源文本时，将二进制元数据的一基字节列还原为可供 UTF-16 投影的偏移。	content/contentLength 必须来自同一源码快照；不得越界读取	zr_vm_language_server/src/zr_vm_language_server/interface/lsp_binary_metadata_coordinates.c:7;zr_vm_language_server/src/zr_vm_language_server/interface/lsp_binary_metadata_coordinates.c:75	commented	已从所列调用点核对职责与边界，注释位于声明或定义处
zr_vm_language_server/src/zr_vm_language_server/interface/lsp_binary_metadata_coordinates.c	ZrLanguageServer_Lsp_TryRangeFromBinaryMetadataCoordinates	function	zr_vm_language_server/src/zr_vm_language_server/project/lsp_project_navigation.c:180;zr_vm_language_server/src/zr_vm_language_server/semantic/lsp_semantic_query.c:363	为项目导航及语义查询投影二进制元数据中的声明范围。	元数据保存一基字节列；有相应源文本时必须经字节偏移转换为 LSP UTF-16 列。；否则含非 ASCII 前缀的外部声明会在编辑器中偏移。	zr_vm_language_server/src/zr_vm_language_server/interface/lsp_binary_metadata_coordinates.c:51;zr_vm_language_server/src/zr_vm_language_server/project/lsp_project_navigation.c:180;zr_vm_language_server/src/zr_vm_language_server/semantic/lsp_semantic_query.c:363;zr_vm_language_server/src/zr_vm_language_server/interface/lsp_binary_metadata_coordinates.c:48	TODO	TODO: 缺少源文本时只能沿用元数据列值；需核对二进制产物是否保证此时的列已是 UTF-16， 否则含非 ASCII 前缀的外部声明会在编辑器中偏移。
zr_vm_language_server/src/zr_vm_language_server/interface/lsp_binary_metadata_coordinates.c	ZrLanguageServer_Lsp_TryFilePositionFromBinaryMetadataCoordinates	function	zr_vm_language_server/src/zr_vm_language_server/project/lsp_project_navigation.c:1219	将二进制模块虚拟文档上的 LSP 光标还原为元数据查询使用的一基文件坐标。	有文档快照时走 UTF-16 到字节偏移的转换；没有快照时保留元数据结构坐标。	zr_vm_language_server/src/zr_vm_language_server/interface/lsp_binary_metadata_coordinates.c:110;zr_vm_language_server/src/zr_vm_language_server/project/lsp_project_navigation.c:1219;zr_vm_language_server/src/zr_vm_language_server/interface/lsp_binary_metadata_coordinates.c:108	TODO	TODO: 核对无快照的虚拟文档是否可能含非 ASCII 前缀，以及此回退能否精确定位导出符号。
zr_vm_language_server/src/zr_vm_language_server/interface/lsp_canonical_symbol_display.c	ZrLanguageServer_Lsp_FormatCanonicalDeclarationType	function	zr_vm_language_server/src/zr_vm_language_server/interface/lsp_inlay_hints.c:81	用声明事实重新核验符号和类型身份，避免 inlay hint 展示失效语义快照的类型。	analyzer、declaration 属于同一语义上下文；buffer 必须可写且容量非零	zr_vm_language_server/src/zr_vm_language_server/interface/lsp_canonical_symbol_display.c:9;zr_vm_language_server/src/zr_vm_language_server/interface/lsp_inlay_hints.c:81	commented	已从所列调用点核对职责与边界，注释位于声明或定义处
zr_vm_language_server/src/zr_vm_language_server/interface/lsp_canonical_symbol_display.c	ZrLanguageServer_Lsp_FormatSymbolCanonicalDeclarationType	function	zr_vm_language_server/src/zr_vm_language_server/interface/lsp_interface_support.c:808;zr_vm_language_server/src/zr_vm_language_server/metadata/lsp_metadata_provider.c:94	汇合符号表身份与声明事实；供补全和元数据展示拒绝不可靠类型文本。	symbol 的语义 ID 与 analyzer 的声明事实一致；buffer 必须可写且容量非零	zr_vm_language_server/src/zr_vm_language_server/interface/lsp_canonical_symbol_display.c:39;zr_vm_language_server/src/zr_vm_language_server/interface/lsp_interface_support.c:808;zr_vm_language_server/src/zr_vm_language_server/metadata/lsp_metadata_provider.c:94	commented	已从所列调用点核对职责与边界，注释位于声明或定义处
zr_vm_language_server/src/zr_vm_language_server/interface/lsp_canonical_symbol_display.c	ZrLanguageServer_Lsp_FormatExactExpressionType	function	zr_vm_language_server/src/zr_vm_language_server/interface/lsp_interface_support.c:3561	接收者类型提示只接受当前语义上下文中的 exact 表达式事实。	expression 属于 analyzer 当前 AST；只有 exact 类型事实会写出结果	zr_vm_language_server/src/zr_vm_language_server/interface/lsp_canonical_symbol_display.c:65;zr_vm_language_server/src/zr_vm_language_server/interface/lsp_interface_support.c:3561	commented	已从所列调用点核对职责与边界，注释位于声明或定义处
zr_vm_language_server/src/zr_vm_language_server/interface/lsp_canonical_symbol_display.h	ZrLanguageServer_Lsp_FormatSymbolCanonicalDeclarationType declaration	interface	zr_vm_language_server/src/zr_vm_language_server/interface/lsp_interface_support.c:808;zr_vm_language_server/src/zr_vm_language_server/metadata/lsp_metadata_provider.c:94	为项目补全、悬停和外部元数据展示已解析声明的规范类型。	symbol 必须仍由 analyzer 对应的语义上下文持有；buffer 可写且非空。；@return 仅在声明事实与 symbol 的语义 ID、类型 ID 一致且格式化成功时返回真。	zr_vm_language_server/src/zr_vm_language_server/interface/lsp_canonical_symbol_display.h:12;zr_vm_language_server/src/zr_vm_language_server/interface/lsp_interface_support.c:808;zr_vm_language_server/src/zr_vm_language_server/metadata/lsp_metadata_provider.c:94	commented	已从所列调用点核对职责与边界，注释位于声明或定义处
zr_vm_language_server/src/zr_vm_language_server/interface/lsp_canonical_symbol_display.h	ZrLanguageServer_Lsp_FormatCanonicalDeclarationType declaration	interface	zr_vm_language_server/src/zr_vm_language_server/interface/lsp_inlay_hints.c:81	为 inlay hint 展示精确声明类型，防止仅凭 AST 位置推测不完整类型。	analyzer、declaration 属于同一语义上下文；buffer 必须可写且容量非零	zr_vm_language_server/src/zr_vm_language_server/interface/lsp_canonical_symbol_display.h:19;zr_vm_language_server/src/zr_vm_language_server/interface/lsp_inlay_hints.c:81	commented	已从所列调用点核对职责与边界，注释位于声明或定义处
zr_vm_language_server/src/zr_vm_language_server/interface/lsp_canonical_symbol_display.h	ZrLanguageServer_Lsp_FormatExactExpressionType declaration	interface	zr_vm_language_server/src/zr_vm_language_server/interface/lsp_interface_support.c:3561	仅为已标记 exact 的表达式事实输出类型，供接收者展示与解析使用。	expression 属于 analyzer 当前 AST；只有 exact 类型事实会写出结果	zr_vm_language_server/src/zr_vm_language_server/interface/lsp_canonical_symbol_display.h:26;zr_vm_language_server/src/zr_vm_language_server/interface/lsp_interface_support.c:3561	commented	已从所列调用点核对职责与边界，注释位于声明或定义处
zr_vm_language_server/src/zr_vm_language_server/interface/lsp_completion_semantic_facts.c	completion_fact_get_string_view	function	zr_vm_language_server/src/zr_vm_language_server/interface/lsp_completion_semantic_facts.c:133	补全元数据拼接要同时兼容 VM 的短串和长串；返回的视图只在原字符串存活期间有效。	仅供本模块的同步调用链使用	zr_vm_language_server/src/zr_vm_language_server/interface/lsp_completion_semantic_facts.c:11;zr_vm_language_server/src/zr_vm_language_server/interface/lsp_completion_semantic_facts.c:133	commented	已从所列调用点核对职责与边界，注释位于声明或定义处
zr_vm_language_server/src/zr_vm_language_server/interface/lsp_completion_semantic_facts.c	completion_fact_append_format	function	zr_vm_language_server/src/zr_vm_language_server/interface/lsp_completion_semantic_facts.c:66	各类事实共享固定容量的展示缓冲区；任一段装不下时让上层保留原补全描述。	仅供本模块的同步调用链使用	zr_vm_language_server/src/zr_vm_language_server/interface/lsp_completion_semantic_facts.c:34;zr_vm_language_server/src/zr_vm_language_server/interface/lsp_completion_semantic_facts.c:66	commented	已从所列调用点核对职责与边界，注释位于声明或定义处
zr_vm_language_server/src/zr_vm_language_server/interface/lsp_completion_semantic_facts.c	completion_fact_append_separator	function	zr_vm_language_server/src/zr_vm_language_server/interface/lsp_completion_semantic_facts.c:192	只有先前已有事实时才插入分隔符，使独立事实可在同一详情字段组合。	仅供本模块的同步调用链使用	zr_vm_language_server/src/zr_vm_language_server/interface/lsp_completion_semantic_facts.c:61;zr_vm_language_server/src/zr_vm_language_server/interface/lsp_completion_semantic_facts.c:192	commented	已从所列调用点核对职责与边界，注释位于声明或定义处
zr_vm_language_server/src/zr_vm_language_server/interface/lsp_completion_semantic_facts.c	completion_fact_expression_kind	function	zr_vm_language_server/src/zr_vm_language_server/interface/lsp_completion_semantic_facts.c:260	将 parser 的表达式分类投影为面向编辑器的稳定词汇；未知分类退回中性描述。	仅供本模块的同步调用链使用	zr_vm_language_server/src/zr_vm_language_server/interface/lsp_completion_semantic_facts.c:74;zr_vm_language_server/src/zr_vm_language_server/interface/lsp_completion_semantic_facts.c:260	commented	已从所列调用点核对职责与边界，注释位于声明或定义处
zr_vm_language_server/src/zr_vm_language_server/interface/lsp_completion_semantic_facts.c	completion_fact_exactness	function	zr_vm_language_server/src/zr_vm_language_server/interface/lsp_completion_semantic_facts.c:261	在补全详情中保留事实精度，避免近似推断被读成已证实的值。	仅供本模块的同步调用链使用	zr_vm_language_server/src/zr_vm_language_server/interface/lsp_completion_semantic_facts.c:111;zr_vm_language_server/src/zr_vm_language_server/interface/lsp_completion_semantic_facts.c:261	commented	已从所列调用点核对职责与边界，注释位于声明或定义处
zr_vm_language_server/src/zr_vm_language_server/interface/lsp_completion_semantic_facts.c	completion_fact_append_escaped_string_constant	function	zr_vm_language_server/src/zr_vm_language_server/interface/lsp_completion_semantic_facts.c:236	字符串常量来自 parser 语义事实；展示前转义控制字节，避免补全详情失去可读边界。	仅供本模块的同步调用链使用	zr_vm_language_server/src/zr_vm_language_server/interface/lsp_completion_semantic_facts.c:124;zr_vm_language_server/src/zr_vm_language_server/interface/lsp_completion_semantic_facts.c:236	commented	已从所列调用点核对职责与边界，注释位于声明或定义处
zr_vm_language_server/src/zr_vm_language_server/interface/lsp_completion_semantic_facts.c	completion_fact_append_expression_constant	function	zr_vm_language_server/src/zr_vm_language_server/interface/lsp_completion_semantic_facts.c:262	仅把有确定常量值的事实补到表达式摘要，未知值不推断也不占用展示空间。	仅供本模块的同步调用链使用	zr_vm_language_server/src/zr_vm_language_server/interface/lsp_completion_semantic_facts.c:182;zr_vm_language_server/src/zr_vm_language_server/interface/lsp_completion_semantic_facts.c:262	commented	已从所列调用点核对职责与边界，注释位于声明或定义处
zr_vm_language_server/src/zr_vm_language_server/interface/lsp_completion_semantic_facts.c	completion_fact_append_expression_detail	function	zr_vm_language_server/src/zr_vm_language_server/interface/lsp_completion_semantic_facts.c:529	补全以变量初始化表达式为锚点，先呈现类别和精度，再附可证明的常量。	仅供本模块的同步调用链使用	zr_vm_language_server/src/zr_vm_language_server/interface/lsp_completion_semantic_facts.c:247;zr_vm_language_server/src/zr_vm_language_server/interface/lsp_completion_semantic_facts.c:529	commented	已从所列调用点核对职责与边界，注释位于声明或定义处
zr_vm_language_server/src/zr_vm_language_server/interface/lsp_completion_semantic_facts.c	completion_fact_append_numeric_detail	function	zr_vm_language_server/src/zr_vm_language_server/interface/lsp_completion_semantic_facts.c:530	数值摘要与 hover、签名帮助共用区间文案；溢出标记不能被区间展示掩盖。	仅供本模块的同步调用链使用	zr_vm_language_server/src/zr_vm_language_server/interface/lsp_completion_semantic_facts.c:270;zr_vm_language_server/src/zr_vm_language_server/interface/lsp_completion_semantic_facts.c:530	commented	已从所列调用点核对职责与边界，注释位于声明或定义处
zr_vm_language_server/src/zr_vm_language_server/interface/lsp_completion_semantic_facts.c	completion_fact_append_logical_detail	function	zr_vm_language_server/src/zr_vm_language_server/interface/lsp_completion_semantic_facts.c:531	逻辑事实只显示 parser 已记录的确定值或短路性质，不从表达式文本重新推断。	仅供本模块的同步调用链使用	zr_vm_language_server/src/zr_vm_language_server/interface/lsp_completion_semantic_facts.c:319;zr_vm_language_server/src/zr_vm_language_server/interface/lsp_completion_semantic_facts.c:531	commented	已从所列调用点核对职责与边界，注释位于声明或定义处
zr_vm_language_server/src/zr_vm_language_server/interface/lsp_completion_semantic_facts.c	completion_fact_string_text	function	zr_vm_language_server/src/zr_vm_language_server/interface/lsp_completion_semantic_facts.c:380	所有权诊断消息仍由 VM 字符串持有；这里只借用零结尾文本供同步格式化。	仅供本模块的同步调用链使用	zr_vm_language_server/src/zr_vm_language_server/interface/lsp_completion_semantic_facts.c:353;zr_vm_language_server/src/zr_vm_language_server/interface/lsp_completion_semantic_facts.c:380	commented	已从所列调用点核对职责与边界，注释位于声明或定义处
zr_vm_language_server/src/zr_vm_language_server/interface/lsp_completion_semantic_facts.c	completion_fact_append_ownership_detail	function	zr_vm_language_server/src/zr_vm_language_server/interface/lsp_completion_semantic_facts.c:532	仅将违反所有权约束的事实提升到补全详情，普通转移事实不作为诊断显示。	仅供本模块的同步调用链使用	zr_vm_language_server/src/zr_vm_language_server/interface/lsp_completion_semantic_facts.c:366;zr_vm_language_server/src/zr_vm_language_server/interface/lsp_completion_semantic_facts.c:532	commented	已从所列调用点核对职责与边界，注释位于声明或定义处
zr_vm_language_server/src/zr_vm_language_server/interface/lsp_completion_semantic_facts.c	completion_fact_ownership_intrinsic_operation	function	zr_vm_language_server/src/zr_vm_language_server/interface/lsp_completion_semantic_facts.c:427	将语义层的内建所有权操作名映射到用户可见术语；新增操作需同步此映射。	仅供本模块的同步调用链使用	zr_vm_language_server/src/zr_vm_language_server/interface/lsp_completion_semantic_facts.c:397;zr_vm_language_server/src/zr_vm_language_server/interface/lsp_completion_semantic_facts.c:427	commented	已从所列调用点核对职责与边界，注释位于声明或定义处
zr_vm_language_server/src/zr_vm_language_server/interface/lsp_completion_semantic_facts.c	completion_fact_append_ownership_intrinsic_detail	function	zr_vm_language_server/src/zr_vm_language_server/interface/lsp_completion_semantic_facts.c:533	内建所有权操作的消费语义由 parser 判定，补全仅转述该事实。	仅供本模块的同步调用链使用	zr_vm_language_server/src/zr_vm_language_server/interface/lsp_completion_semantic_facts.c:416;zr_vm_language_server/src/zr_vm_language_server/interface/lsp_completion_semantic_facts.c:533	commented	已从所列调用点核对职责与边界，注释位于声明或定义处
zr_vm_language_server/src/zr_vm_language_server/interface/lsp_completion_semantic_facts.c	completion_fact_append_detail	function	zr_vm_language_server/src/zr_vm_language_server/interface/lsp_completion_semantic_facts.c:539	返回值可能是原 detail；新字符串由 VM 管理，调用方不得手工释放。	仅供本模块的同步调用链使用	zr_vm_language_server/src/zr_vm_language_server/interface/lsp_completion_semantic_facts.c:447;zr_vm_language_server/src/zr_vm_language_server/interface/lsp_completion_semantic_facts.c:539	commented	已从所列调用点核对职责与边界，注释位于声明或定义处
zr_vm_language_server/src/zr_vm_language_server/interface/lsp_completion_semantic_facts.c	ZrLanguageServer_Lsp_EnrichCompletionItemSemanticFacts	function	zr_vm_language_server/src/zr_vm_language_server/interface/lsp_interface_support.c:896	为变量补全项附加其初始化表达式的语义事实，供编辑器详情面板展示。	item 仍归补全结果持有，调用方维持 analyzer 和 symbol 在本次同步读取期间有效。；只有当前 semanticContext 认识该初始化节点才有事实；无事实或格式化失败不阻断补全。	zr_vm_language_server/src/zr_vm_language_server/interface/lsp_completion_semantic_facts.c:487;zr_vm_language_server/src/zr_vm_language_server/interface/lsp_interface_support.c:896;zr_vm_language_server/src/zr_vm_language_server/interface/lsp_completion_semantic_facts.c:497;zr_vm_language_server/src/zr_vm_language_server/interface/lsp_completion_semantic_facts.c:521	BUG	BUG: 可达的长字符串字面量事实超过 256 字节时，转义追加失败，下面整段事实均被丢弃。 parser 在 type_inference_semantic_facts.c 将字符串字面量记录为常量；补全入口仍返回成功。
zr_vm_language_server/src/zr_vm_language_server/interface/lsp_completion_semantic_facts.c	ZrLanguageServer_Lsp_EnrichCompletionItemSemanticFacts TODO block	block	zr_vm_language_server/src/zr_vm_language_server/interface/lsp_interface_support.c:896	记录该函数内独立的语义或资源边界	item 仍归补全结果持有，调用方维持 analyzer 和 symbol 在本次同步读取期间有效。；只有当前 semanticContext 认识该初始化节点才有事实；无事实或格式化失败不阻断补全。	zr_vm_language_server/src/zr_vm_language_server/interface/lsp_completion_semantic_facts.c:521;zr_vm_language_server/src/zr_vm_language_server/interface/lsp_completion_semantic_facts.c:487	TODO	TODO: FindOwnershipAtPosition 只用 initializer 范围的 start 选最窄覆盖事实； 核查复杂初始化式中子节点的所有权诊断是否会错归给变量补全项。
zr_vm_language_server/src/zr_vm_language_server/interface/lsp_descriptor_metadata_coordinates.c	ZrLanguageServer_Lsp_TryRangeFromDescriptorMetadataCoordinates	function	zr_vm_language_server/src/zr_vm_language_server/project/lsp_project_navigation.c:188;zr_vm_language_server/src/zr_vm_language_server/semantic/lsp_semantic_query.c:371;tests/language_server/test_lsp_project_utf16_ranges.c:469	将插件描述符的结构坐标用于定义、引用和高亮位置。	描述符没有可供字节偏移重算的源文本；调用方必须仅传一基且顺序有效的范围。	zr_vm_language_server/src/zr_vm_language_server/interface/lsp_descriptor_metadata_coordinates.c:9;zr_vm_language_server/src/zr_vm_language_server/project/lsp_project_navigation.c:188;zr_vm_language_server/src/zr_vm_language_server/semantic/lsp_semantic_query.c:371	commented	已从所列调用点核对职责与边界，注释位于声明或定义处
zr_vm_language_server/src/zr_vm_language_server/interface/lsp_diagnostic_fixes.c	ZrLanguageServer_Lsp_CopyDiagnosticFixes	function	zr_vm_language_server/src/zr_vm_language_server/interface/lsp_interface_support.c:1113	保留诊断修复的适用级别与原始文本，使后续 code action 不必反推源代码。	诊断及修复文本由 VM 持有；LSP fixes 数组由后续诊断释放路径清理	zr_vm_language_server/src/zr_vm_language_server/interface/lsp_diagnostic_fixes.c:6;zr_vm_language_server/src/zr_vm_language_server/interface/lsp_interface_support.c:1113	commented	已从所列调用点核对职责与边界，注释位于声明或定义处
zr_vm_language_server/src/zr_vm_language_server/interface/lsp_diagnostic_fixes.h	ZrLanguageServer_Lsp_CopyDiagnosticFixes declaration	interface	zr_vm_language_server/src/zr_vm_language_server/interface/lsp_interface_support.c:1113	将解析器诊断的结构化修复借用到 LSP 诊断，并按当前文档投影编辑范围。	诊断及修复文本由 VM 持有；LSP fixes 数组由后续诊断释放路径清理	zr_vm_language_server/src/zr_vm_language_server/interface/lsp_diagnostic_fixes.h:7;zr_vm_language_server/src/zr_vm_language_server/interface/lsp_interface_support.c:1113	commented	已从所列调用点核对职责与边界，注释位于声明或定义处
zr_vm_language_server/src/zr_vm_language_server/interface/lsp_diagnostic_projection.c	ZrLanguageServer_Lsp_DiagnosticNoFixReasonName	function	zr_vm_language_server/stdio/stdio_diagnostic_json.c:74	将无修复原因作为稳定诊断数据送往 stdio JSON；未指定原因不生成字段。	未知或未指定枚举值返回空指针，stdio 不写 noFixReason 字段	zr_vm_language_server/src/zr_vm_language_server/interface/lsp_diagnostic_projection.c:6;zr_vm_language_server/stdio/stdio_diagnostic_json.c:74	commented	已从所列调用点核对职责与边界，注释位于声明或定义处
zr_vm_language_server/src/zr_vm_language_server/interface/lsp_diagnostic_projection.c	ZrLanguageServer_Lsp_ProjectOptimizationRemarkRange	function	仓内未发现直接调用；只在公开 lsp_interface.h 声明，需检查仓外消费者	将优化 remark 的规范字节范围交给语义适配器投影，避免接口层重新分析源码。	输入坐标与内容快照须对应同一文档版本	zr_vm_language_server/src/zr_vm_language_server/interface/lsp_diagnostic_projection.c:24;zr_vm_language_server/include/zr_vm_language_server/lsp_interface.h:517	commented	已从所列调用点核对职责与边界，注释位于声明或定义处
zr_vm_language_server/src/zr_vm_language_server/interface/lsp_inlay_hints.c	lsp_inlay_compare_position	function	zr_vm_language_server/src/zr_vm_language_server/interface/lsp_inlay_hints.c:30	提示位置与请求范围均已转换到 LSP 坐标；比较时必须先按行再按 UTF-16 列排序。	仅供本模块的同步调用链使用	zr_vm_language_server/src/zr_vm_language_server/interface/lsp_inlay_hints.c:11;zr_vm_language_server/src/zr_vm_language_server/interface/lsp_inlay_hints.c:30	commented	已从所列调用点核对职责与边界，注释位于声明或定义处
zr_vm_language_server/src/zr_vm_language_server/interface/lsp_inlay_hints.c	lsp_inlay_position_in_range	function	zr_vm_language_server/src/zr_vm_language_server/interface/lsp_inlay_hints.c:354	stdio 和 Wasm 均原样传入客户端范围，因此分页相邻范围可重复返回边界提示。	仅供本模块的同步调用链使用	zr_vm_language_server/src/zr_vm_language_server/interface/lsp_inlay_hints.c:29;zr_vm_language_server/src/zr_vm_language_server/interface/lsp_inlay_hints.c:354;zr_vm_language_server/src/zr_vm_language_server/interface/lsp_inlay_hints.c:27;zr_vm_language_server/src/zr_vm_language_server/interface/lsp_inlay_hints.c:31	BUG	BUG: LSP Range 的 end 是排他的，这里把等于 end 的提示也纳入结果。 stdio 和 Wasm 均原样传入客户端范围，因此分页相邻范围可重复返回边界提示。
zr_vm_language_server/src/zr_vm_language_server/interface/lsp_inlay_hints.c	lsp_inlay_append_format	function	zr_vm_language_server/src/zr_vm_language_server/interface/lsp_inlay_hints.c:154	标签和事实均使用有界缓冲区；失败向上传递，避免把截断类型展示为完整类型。	仅供本模块的同步调用链使用	zr_vm_language_server/src/zr_vm_language_server/interface/lsp_inlay_hints.c:35;zr_vm_language_server/src/zr_vm_language_server/interface/lsp_inlay_hints.c:154	commented	已从所列调用点核对职责与边界，注释位于声明或定义处
zr_vm_language_server/src/zr_vm_language_server/interface/lsp_inlay_hints.c	lsp_inlay_declaration_has_exact_canonical_type_text	function	zr_vm_language_server/src/zr_vm_language_server/interface/lsp_inlay_hints.c:263	仅从已解析的 canonical declaration 取类型；函数提示展示返回类型而非 callable 全型。	仅供本模块的同步调用链使用	zr_vm_language_server/src/zr_vm_language_server/interface/lsp_inlay_hints.c:61;zr_vm_language_server/src/zr_vm_language_server/interface/lsp_inlay_hints.c:263	commented	已从所列调用点核对职责与边界，注释位于声明或定义处
zr_vm_language_server/src/zr_vm_language_server/interface/lsp_inlay_hints.c	lsp_inlay_append_hint	function	zr_vm_language_server/src/zr_vm_language_server/interface/lsp_inlay_hints.c:363	成功加入结果的提示持有原生结构体和 VM 字符串；清理函数只释放原生部分。	仅供本模块的同步调用链使用	zr_vm_language_server/src/zr_vm_language_server/interface/lsp_inlay_hints.c:102;zr_vm_language_server/src/zr_vm_language_server/interface/lsp_inlay_hints.c:363	commented	已从所列调用点核对职责与边界，注释位于声明或定义处
zr_vm_language_server/src/zr_vm_language_server/interface/lsp_inlay_hints.c	lsp_inlay_append_numeric_fact_detail	function	zr_vm_language_server/src/zr_vm_language_server/interface/lsp_inlay_hints.c:245	初始化式的数值事实附在已确证类型后；区间展示复用 LSP 共享文案。	仅供本模块的同步调用链使用	zr_vm_language_server/src/zr_vm_language_server/interface/lsp_inlay_hints.c:145;zr_vm_language_server/src/zr_vm_language_server/interface/lsp_inlay_hints.c:245	commented	已从所列调用点核对职责与边界，注释位于声明或定义处
zr_vm_language_server/src/zr_vm_language_server/interface/lsp_inlay_hints.c	lsp_inlay_append_logical_fact_detail	function	zr_vm_language_server/src/zr_vm_language_server/interface/lsp_inlay_hints.c:246	逻辑值与短路性质来自同一初始化节点的 parser 事实，不扩散到整个声明。	仅供本模块的同步调用链使用	zr_vm_language_server/src/zr_vm_language_server/interface/lsp_inlay_hints.c:184;zr_vm_language_server/src/zr_vm_language_server/interface/lsp_inlay_hints.c:246	commented	已从所列调用点核对职责与边界，注释位于声明或定义处
zr_vm_language_server/src/zr_vm_language_server/interface/lsp_inlay_hints.c	lsp_inlay_build_label_text	function	zr_vm_language_server/src/zr_vm_language_server/interface/lsp_inlay_hints.c:358	类型是提示的必要部分；初始化式事实可选，且只从变量声明绑定的 AST 节点取得。	仅供本模块的同步调用链使用	zr_vm_language_server/src/zr_vm_language_server/interface/lsp_inlay_hints.c:210;zr_vm_language_server/src/zr_vm_language_server/interface/lsp_inlay_hints.c:358	commented	已从所列调用点核对职责与边界，注释位于声明或定义处
zr_vm_language_server/src/zr_vm_language_server/interface/lsp_inlay_hints.c	lsp_inlay_try_append_declaration_hint	function	zr_vm_language_server/src/zr_vm_language_server/interface/lsp_inlay_hints.c:415	隐式类型的变量、字段及隐式返回类型才需要提示；显式标注处不重复呈现。	仅供本模块的同步调用链使用	zr_vm_language_server/src/zr_vm_language_server/interface/lsp_inlay_hints.c:250;zr_vm_language_server/src/zr_vm_language_server/interface/lsp_inlay_hints.c:415;zr_vm_language_server/src/zr_vm_language_server/interface/lsp_inlay_hints.c:276	TODO	TODO: PositionFromFilePositionForDocument 在快照获取失败时返回 0:0； 核查缓存分析器仍可用而定位快照失败的请求，避免把异处提示误放到文档开头。
zr_vm_language_server/src/zr_vm_language_server/interface/lsp_inlay_hints.c	ZrLanguageServer_Lsp_GetInlayHints	function	zr_vm_language_server/stdio/stdio_navigation.c:88;tests/language_server/test_lsp_inlay_semantic_facts.c:250;tests/language_server/test_lsp_interface.c:3568	从当前文档的规范声明查询中生成指定范围内的类型提示。	uri 已在 context 中可分析，result 为未初始化或由同一 state 持有的提示指针数组；调用后用 FreeInlayHints 清理。；按声明源 URI 过滤项目级查询，再投影为文档位置；中途失败会清掉已加入的提示。	zr_vm_language_server/src/zr_vm_language_server/interface/lsp_inlay_hints.c:369;zr_vm_language_server/stdio/stdio_navigation.c:88;tests/language_server/test_lsp_inlay_semantic_facts.c:250	commented	已从所列调用点核对职责与边界，注释位于声明或定义处
zr_vm_language_server/src/zr_vm_language_server/interface/lsp_inlay_hints.c	ZrLanguageServer_Lsp_FreeInlayHints	function	tests/language_server/test_lsp_inlay_semantic_facts.c:256;tests/language_server/test_lsp_interface.c:3572;tests/language_server/test_lsp_position_mapping.c:983	释放 GetInlayHints 的原生提示项和数组缓冲区。	state 与创建提示时使用同一全局分配器；label 为 VM 字符串，由 GC 管理。	zr_vm_language_server/src/zr_vm_language_server/interface/lsp_inlay_hints.c:429;tests/language_server/test_lsp_inlay_semantic_facts.c:256;tests/language_server/test_lsp_interface.c:3572	commented	已从所列调用点核对职责与边界，注释位于声明或定义处
zr_vm_language_server/src/zr_vm_language_server/interface/lsp_interface.c	lsp_register_builtin_native_libraries	function	zr_vm_language_server/src/zr_vm_language_server/interface/lsp_interface.c:1031	为一个 LSP 上下文预备内建模块描述符，使导入、补全和虚拟声明页共用注册表。	@details 由 LspContext_New 调用；调用方须提供可用的 VM 全局状态，编译开关决定可见的可选库。	zr_vm_language_server/src/zr_vm_language_server/interface/lsp_interface.c:108;zr_vm_language_server/src/zr_vm_language_server/interface/lsp_interface.c:1031	commented	已从所列调用点核对职责与边界，注释位于声明或定义处
zr_vm_language_server/src/zr_vm_language_server/interface/lsp_interface.c	lsp_string_ends_with_native	function	zr_vm_language_server/src/zr_vm_language_server/interface/lsp_interface.c:1362	在文档更新入口辨认工程文件后缀；这里只按字节比较，不承担 URI 规范化。	仅供本模块的同步调用链使用	zr_vm_language_server/src/zr_vm_language_server/interface/lsp_interface.c:132;zr_vm_language_server/src/zr_vm_language_server/interface/lsp_interface.c:1362	commented	已从所列调用点核对职责与边界，注释位于声明或定义处
zr_vm_language_server/src/zr_vm_language_server/interface/lsp_interface.c	lsp_string_text_native	function	zr_vm_language_server/src/zr_vm_language_server/interface/lsp_interface.c:1729	把 VM 字符串借给签名与富悬停适配器；返回值的生命周期仍由 VM 管理。	仅供本模块的同步调用链使用	zr_vm_language_server/src/zr_vm_language_server/interface/lsp_interface.c:159;zr_vm_language_server/src/zr_vm_language_server/interface/lsp_interface.c:1729	commented	已从所列调用点核对职责与边界，注释位于声明或定义处
zr_vm_language_server/src/zr_vm_language_server/interface/lsp_interface.c	lsp_create_const_string	function	zr_vm_language_server/src/zr_vm_language_server/interface/lsp_interface.c:782	将模块摘要或富悬停中的固定标签交给 VM 字符串管理。	仅供本模块的同步调用链使用	zr_vm_language_server/src/zr_vm_language_server/interface/lsp_interface.c:170;zr_vm_language_server/src/zr_vm_language_server/interface/lsp_interface.c:782	commented	已从所列调用点核对职责与边界，注释位于声明或定义处
zr_vm_language_server/src/zr_vm_language_server/interface/lsp_interface.c	lsp_append_location_result	function	zr_vm_language_server/src/zr_vm_language_server/interface/lsp_interface.c:2251	为虚拟模块链接的定义跳转提供与普通语义查询一致的位置结果。	@details 调用方负责按位置数组的约定释放结构体；URI 仍是 VM 管理的字符串。	zr_vm_language_server/src/zr_vm_language_server/interface/lsp_interface.c:182;zr_vm_language_server/src/zr_vm_language_server/interface/lsp_interface.c:2251	commented	已从所列调用点核对职责与边界，注释位于声明或定义处
zr_vm_language_server/src/zr_vm_language_server/interface/lsp_interface.c	lsp_resolve_virtual_descriptor	function	zr_vm_language_server/src/zr_vm_language_server/interface/lsp_interface.c:2221	将虚拟声明 URI 还原为工程可见的原生模块描述符。	@details 定义跳转和虚拟文档读取均先尝试各工程索引，最后尝试全局注册表；不可将任意 URI 当作原生声明页。	zr_vm_language_server/src/zr_vm_language_server/interface/lsp_interface.c:208;zr_vm_language_server/src/zr_vm_language_server/interface/lsp_interface.c:2221	commented	已从所列调用点核对职责与边界，注释位于声明或定义处
zr_vm_language_server/src/zr_vm_language_server/interface/lsp_interface.c	lsp_project_modules_append_summary	function	zr_vm_language_server/src/zr_vm_language_server/interface/lsp_interface.c:2659	合并同来源类别、同模块名的工程浏览条目，并保留可导航的首个入口。	@details GetProjectModules 将源文件和导入模块都送入此处；摘要结构体由 FreeProjectModules 释放。	zr_vm_language_server/src/zr_vm_language_server/interface/lsp_interface.c:263;zr_vm_language_server/src/zr_vm_language_server/interface/lsp_interface.c:2659	commented	已从所列调用点核对职责与边界，注释位于声明或定义处
zr_vm_language_server/src/zr_vm_language_server/interface/lsp_interface.c	lsp_project_modules_source_entry_range	function	zr_vm_language_server/src/zr_vm_language_server/interface/lsp_interface.c:2670	把项目索引中的源模块入口映射为客户端可导航的文档坐标。	仅供本模块的同步调用链使用	zr_vm_language_server/src/zr_vm_language_server/interface/lsp_interface.c:321;zr_vm_language_server/src/zr_vm_language_server/interface/lsp_interface.c:2670	commented	已从所列调用点核对职责与边界，注释位于声明或定义处
zr_vm_language_server/src/zr_vm_language_server/interface/lsp_interface.c	lsp_should_include_document_symbol	function	zr_vm_language_server/src/zr_vm_language_server/interface/lsp_interface.c:2416	限制文档大纲为本文件声明及其成员，避免把局部变量、参数和导入符号混入大纲。	@details GetDocumentSymbols 扫描所有作用域时使用；同一路径的 URI 别名按原生路径归并。	zr_vm_language_server/src/zr_vm_language_server/interface/lsp_interface.c:337;zr_vm_language_server/src/zr_vm_language_server/interface/lsp_interface.c:2416	commented	已从所列调用点核对职责与边界，注释位于声明或定义处
zr_vm_language_server/src/zr_vm_language_server/interface/lsp_interface.c	lsp_project_has_indexed_record_for_uri	function	zr_vm_language_server/src/zr_vm_language_server/interface/lsp_interface.c:2468	工作区符号查询用此判断文件是否已由项目索引提供，避免叠加缓存分析器造成重复。	仅供本模块的同步调用链使用	zr_vm_language_server/src/zr_vm_language_server/interface/lsp_interface.c:366;zr_vm_language_server/src/zr_vm_language_server/interface/lsp_interface.c:2468	commented	已从所列调用点核对职责与边界，注释位于声明或定义处
zr_vm_language_server/src/zr_vm_language_server/interface/lsp_interface.c	lsp_document_is_open_overlay	function	zr_vm_language_server/src/zr_vm_language_server/interface/lsp_interface.c:2470	工作区符号仅从未入项目索引的已打开缓冲区补充临时符号。	仅供本模块的同步调用链使用	zr_vm_language_server/src/zr_vm_language_server/interface/lsp_interface.c:385;zr_vm_language_server/src/zr_vm_language_server/interface/lsp_interface.c:2470	commented	已从所列调用点核对职责与边界，注释位于声明或定义处
zr_vm_language_server/src/zr_vm_language_server/interface/lsp_interface.c	lsp_is_identifier_char	function	zr_vm_language_server/src/zr_vm_language_server/interface/lsp_interface.c:439	重命名范围与局部悬停共用的字节级标识符判定。	仅供本模块的同步调用链使用	zr_vm_language_server/src/zr_vm_language_server/interface/lsp_interface.c:397;zr_vm_language_server/src/zr_vm_language_server/interface/lsp_interface.c:439	commented	已从所列调用点核对职责与边界，注释位于声明或定义处
zr_vm_language_server/src/zr_vm_language_server/interface/lsp_interface.c	lsp_position_is_identifier_char	function	tests/language_server/test_lsp_source_contracts.c:428;zr_vm_language_server/src/zr_vm_language_server/interface/lsp_interface.c:2073	悬停在标识符内时优先给出符号说明，避免局部表达式事实遮盖声明信息。	@details 使用当前文档快照进行 LSP 坐标转换；回退 AST 的位置不可视为当前文本的可靠语义位置。	zr_vm_language_server/src/zr_vm_language_server/interface/lsp_interface.c:405;tests/language_server/test_lsp_source_contracts.c:428;zr_vm_language_server/src/zr_vm_language_server/interface/lsp_interface.c:2073	commented	已从所列调用点核对职责与边界，注释位于声明或定义处
zr_vm_language_server/src/zr_vm_language_server/interface/lsp_interface.c	lsp_file_position_from_offset	function	tests/language_server/test_lsp_source_contracts.c:430;zr_vm_language_server/src/zr_vm_language_server/interface/lsp_interface.c:532	将重命名识别出的字节边界还原为解析器内部的行列坐标。	仅供本模块的同步调用链使用	zr_vm_language_server/src/zr_vm_language_server/interface/lsp_interface.c:445;tests/language_server/test_lsp_source_contracts.c:430;zr_vm_language_server/src/zr_vm_language_server/interface/lsp_interface.c:532	commented	已从所列调用点核对职责与边界，注释位于声明或定义处
zr_vm_language_server/src/zr_vm_language_server/interface/lsp_interface.c	lsp_try_get_identifier_range_at_position	function	tests/language_server/test_lsp_source_contracts.c:432;zr_vm_language_server/src/zr_vm_language_server/interface/lsp_interface.c:560	为 prepareRename 和最终编辑范围定位当前快照中的完整标识符。	@details 允许光标落在标识符紧邻的右侧边界；调用方再将内部范围转换为客户端编码坐标。	zr_vm_language_server/src/zr_vm_language_server/interface/lsp_interface.c:474;tests/language_server/test_lsp_source_contracts.c:432;zr_vm_language_server/src/zr_vm_language_server/interface/lsp_interface.c:560	commented	已从所列调用点核对职责与边界，注释位于声明或定义处
zr_vm_language_server/src/zr_vm_language_server/interface/lsp_interface.c	lsp_normalize_rename_location_ranges	function	tests/language_server/test_lsp_source_contracts.c:434;zr_vm_language_server/src/zr_vm_language_server/interface/lsp_interface.c:2362	将语义引用返回的位置统一收敛到实际标识符，供 WorkspaceEdit 生成精确替换范围。	@details Rename 在此后再次检查取消状态；部分规范化结果不得作为成功响应发送。	zr_vm_language_server/src/zr_vm_language_server/interface/lsp_interface.c:543;tests/language_server/test_lsp_source_contracts.c:434;zr_vm_language_server/src/zr_vm_language_server/interface/lsp_interface.c:2362	commented	已从所列调用点核对职责与边界，注释位于声明或定义处
zr_vm_language_server/src/zr_vm_language_server/interface/lsp_interface.c	lsp_semantic_query_is_project_member_rename_target	function	zr_vm_language_server/src/zr_vm_language_server/interface/lsp_interface.c:601	仅允许有源声明的工程成员参与跨文件重命名，排除无法编辑的原生和二进制元数据。	仅供本模块的同步调用链使用	zr_vm_language_server/src/zr_vm_language_server/interface/lsp_interface.c:571;zr_vm_language_server/src/zr_vm_language_server/interface/lsp_interface.c:601	commented	已从所列调用点核对职责与边界，注释位于声明或定义处
zr_vm_language_server/src/zr_vm_language_server/interface/lsp_interface.c	lsp_semantic_query_append_rename_locations	function	tests/language_server/test_lsp_source_contracts.c:1958;zr_vm_language_server/src/zr_vm_language_server/interface/lsp_interface.c:2356	将局部符号或工程成员的语义身份转成可编辑引用集合。	仅供本模块的同步调用链使用	zr_vm_language_server/src/zr_vm_language_server/interface/lsp_interface.c:586;tests/language_server/test_lsp_source_contracts.c:1958;zr_vm_language_server/src/zr_vm_language_server/interface/lsp_interface.c:2356	commented	已从所列调用点核对职责与边界，注释位于声明或定义处
zr_vm_language_server/src/zr_vm_language_server/interface/lsp_interface.c	lsp_semantic_query_rename_placeholder	function	tests/language_server/test_lsp_source_contracts.c:1960;zr_vm_language_server/src/zr_vm_language_server/interface/lsp_interface.c:2565	prepareRename 只对可由最终 Rename 收集引用的目标给出占位名称。	仅供本模块的同步调用链使用	zr_vm_language_server/src/zr_vm_language_server/interface/lsp_interface.c:609;tests/language_server/test_lsp_source_contracts.c:1960;zr_vm_language_server/src/zr_vm_language_server/interface/lsp_interface.c:2565	commented	已从所列调用点核对职责与边界，注释位于声明或定义处
zr_vm_language_server/src/zr_vm_language_server/interface/lsp_interface.c	lsp_append_markdown_section	function	tests/language_server/test_lsp_source_contracts.c:1986;zr_vm_language_server/src/zr_vm_language_server/interface/lsp_interface.c:2121	给调用悬停追加源码注释，同时避免明显重复的 Markdown 段落。	@details 仅在固定缓冲区容得下内容时合并；溢出时保持原悬停，调用方不应把返回原值理解为无注释。	zr_vm_language_server/src/zr_vm_language_server/interface/lsp_interface.c:631;tests/language_server/test_lsp_source_contracts.c:1986;zr_vm_language_server/src/zr_vm_language_server/interface/lsp_interface.c:2121	commented	已从所列调用点核对职责与边界，注释位于声明或定义处
zr_vm_language_server/src/zr_vm_language_server/interface/lsp_interface.c	lsp_hover_free_internal	function	zr_vm_language_server/src/zr_vm_language_server/interface/lsp_interface.c:2180	富悬停适配器消费普通悬停后释放其容器；内容字符串继续由 VM 管理。	仅供本模块的同步调用链使用	zr_vm_language_server/src/zr_vm_language_server/interface/lsp_interface.c:683;zr_vm_language_server/src/zr_vm_language_server/interface/lsp_interface.c:2180	commented	已从所列调用点核对职责与边界，注释位于声明或定义处
zr_vm_language_server/src/zr_vm_language_server/interface/lsp_interface.c	lsp_rich_hover_role_for_label	function	zr_vm_language_server/src/zr_vm_language_server/interface/lsp_interface.c:951	将现有 Markdown 字段映射到扩展端使用的富悬停语义角色。	仅供本模块的同步调用链使用	zr_vm_language_server/src/zr_vm_language_server/interface/lsp_interface.c:693;zr_vm_language_server/src/zr_vm_language_server/interface/lsp_interface.c:951	commented	已从所列调用点核对职责与边界，注释位于声明或定义处
zr_vm_language_server/src/zr_vm_language_server/interface/lsp_interface.c	lsp_rich_hover_append_section	function	zr_vm_language_server/src/zr_vm_language_server/interface/lsp_interface.c:806	为富悬停构造一个独立字段；调用方通过 FreeRichHover 回收字段容器。	仅供本模块的同步调用链使用	zr_vm_language_server/src/zr_vm_language_server/interface/lsp_interface.c:765;zr_vm_language_server/src/zr_vm_language_server/interface/lsp_interface.c:806	commented	已从所列调用点核对职责与边界，注释位于声明或定义处
zr_vm_language_server/src/zr_vm_language_server/interface/lsp_interface.c	lsp_rich_hover_flush_docs	function	zr_vm_language_server/src/zr_vm_language_server/interface/lsp_interface.c:896	在遇到结构化字段前收束普通文档文字，保持扩展端展示顺序。	仅供本模块的同步调用链使用	zr_vm_language_server/src/zr_vm_language_server/interface/lsp_interface.c:795;zr_vm_language_server/src/zr_vm_language_server/interface/lsp_interface.c:896	commented	已从所列调用点核对职责与边界，注释位于声明或定义处
zr_vm_language_server/src/zr_vm_language_server/interface/lsp_interface.c	lsp_build_rich_hover_from_markdown	function	zr_vm_language_server/src/zr_vm_language_server/interface/lsp_interface.c:2191	将普通悬停 Markdown 投影为供扩展端分别渲染的角色字段。	@details GetRichHover 复用 GetHover 的语义决策；转换受固定长度缓冲区限制，调用方必须使用 FreeRichHover 释放。	zr_vm_language_server/src/zr_vm_language_server/interface/lsp_interface.c:817;zr_vm_language_server/src/zr_vm_language_server/interface/lsp_interface.c:2191;zr_vm_language_server/src/zr_vm_language_server/interface/lsp_interface.c:815	TODO	TODO: 当前把所有含冒号的非标题行当成字段；若普通说明行含冒号且冒号后为空，转换会失败，需确认客户端期望的容错策略。
zr_vm_language_server/src/zr_vm_language_server/interface/lsp_interface.c	lsp_refresh_local_hover_query	function	zr_vm_language_server/src/zr_vm_language_server/interface/lsp_interface.c:2014	在其他悬停分支完成后重取局部表达式事实，以最新语义快照补充悬停。	仅供本模块的同步调用链使用	zr_vm_language_server/src/zr_vm_language_server/interface/lsp_interface.c:980;zr_vm_language_server/src/zr_vm_language_server/interface/lsp_interface.c:2014	commented	已从所列调用点核对职责与边界，注释位于声明或定义处
zr_vm_language_server/src/zr_vm_language_server/interface/lsp_interface.c	ZrLanguageServer_LspContext_New	function	zr_vm_language_server/stdio/stdio_server.c:105;tests/language_server/lsp_numeric_range_query_test_support.c:99;tests/language_server/test_incremental_parser.c:657	为 stdio_server 等客户端建立解析器、项目索引和语义缓存共用的会话状态。	@details 先注册编译与内建库，再延迟创建各文档分析器；必须与 LspContext_Free 配对。	zr_vm_language_server/src/zr_vm_language_server/interface/lsp_interface.c:998;zr_vm_language_server/stdio/stdio_server.c:105;tests/language_server/lsp_numeric_range_query_test_support.c:99;zr_vm_language_server/src/zr_vm_language_server/interface/lsp_interface.c:1014;zr_vm_language_server/src/zr_vm_language_server/interface/lsp_interface.c:996	BUG	BUG: parser 或 workspace 初始化失败时直接释放 context，但已构造的 parser、哈希表和项目索引数组未按正常销毁路径回收。
zr_vm_language_server/src/zr_vm_language_server/interface/lsp_interface.c	ZrLanguageServer_LspContext_New TODO block	block	zr_vm_language_server/stdio/stdio_server.c:105;tests/language_server/lsp_numeric_range_query_test_support.c:99;tests/language_server/test_incremental_parser.c:657	记录该函数内独立的语义或资源边界	@details 先注册编译与内建库，再延迟创建各文档分析器；必须与 LspContext_Free 配对。	zr_vm_language_server/src/zr_vm_language_server/interface/lsp_interface.c:1014;zr_vm_language_server/src/zr_vm_language_server/interface/lsp_interface.c:998	TODO	TODO: 旧单分析器槽位目前只在此初始化和销毁路径读取；确认公开结构体的 ABI 约束后再判断是否保留。
zr_vm_language_server/src/zr_vm_language_server/interface/lsp_interface.c	ZrLanguageServer_LspContext_SetRequestCancellationCheck	function	zr_vm_language_server/stdio/stdio_requests.c:131;tests/language_server/test_lsp_interface.c:204;tests/language_server/test_lsp_provider_cancellation.c:92	把 stdio 当前请求的取消探针暂借给同步语义查询。	@details stdio_requests 在请求结束后清除回调；userData 的生命周期必须覆盖该请求执行期。	zr_vm_language_server/src/zr_vm_language_server/interface/lsp_interface.c:1056;zr_vm_language_server/stdio/stdio_requests.c:131;tests/language_server/test_lsp_interface.c:204	commented	已从所列调用点核对职责与边界，注释位于声明或定义处
zr_vm_language_server/src/zr_vm_language_server/interface/lsp_interface.c	ZrLanguageServer_LspContext_IsRequestCancellationRequested	function	zr_vm_language_server/src/zr_vm_language_server/lsp_code_lens.c:194;zr_vm_language_server/src/zr_vm_language_server/project/lsp_project.c:1033;zr_vm_language_server/src/zr_vm_language_server/semantic/lsp_cross_snapshot_references.c:59	长时间遍历的引用、符号和重命名查询用此读取当前请求的取消状态。	取消回调只在当前请求注册期有效；请求结束后须清除 userData	zr_vm_language_server/src/zr_vm_language_server/interface/lsp_interface.c:1068;zr_vm_language_server/src/zr_vm_language_server/lsp_code_lens.c:194;zr_vm_language_server/src/zr_vm_language_server/project/lsp_project.c:1033	commented	已从所列调用点核对职责与边界，注释位于声明或定义处
zr_vm_language_server/src/zr_vm_language_server/interface/lsp_interface.c	ZrLanguageServer_LspContext_Free	function	zr_vm_language_server/stdio/stdio_server.c:153;tests/language_server/lsp_numeric_range_query_test_support.c:106;tests/language_server/test_incremental_parser.c:678	结束会话时按缓存、分析器、解析器、工程和工作区的所有权链释放状态。	@details stdio_server 在停止时调用；分析器由 URI 映射持有，项目索引和快照在销毁前不得继续使用。	zr_vm_language_server/src/zr_vm_language_server/interface/lsp_interface.c:1079;zr_vm_language_server/stdio/stdio_server.c:153;tests/language_server/lsp_numeric_range_query_test_support.c:106	commented	已从所列调用点核对职责与边界，注释位于声明或定义处
zr_vm_language_server/src/zr_vm_language_server/interface/lsp_interface.c	ZrLanguageServer_LspContext_SetClientSelectedZrpUri	function	zr_vm_language_server/src/zr_vm_language_server/project/lsp_workspace.c:135;zr_vm_language_server/stdio/stdio_initialize.c:31;zr_vm_language_server/stdio/stdio_project.c:115	记录 IDE 当前选中的工程文件，供多工程目录下的项目发现消除歧义。	@details initialize 与项目请求可更新此选择；传空 URI 清除，仅接受能转为原生 .zrp 路径的 URI。	zr_vm_language_server/src/zr_vm_language_server/interface/lsp_interface.c:1137;zr_vm_language_server/src/zr_vm_language_server/project/lsp_workspace.c:135;zr_vm_language_server/stdio/stdio_initialize.c:31	commented	已从所列调用点核对职责与边界，注释位于声明或定义处
zr_vm_language_server/src/zr_vm_language_server/interface/lsp_interface.c	ZrLanguageServer_Lsp_GetOrCreateAnalyzer	function	zr_vm_language_server/src/zr_vm_language_server/interface/lsp_inlay_hints.c:386;zr_vm_language_server/src/zr_vm_language_server/interface/lsp_interface_support.c:4494;zr_vm_language_server/src/zr_vm_language_server/lsp_code_lens.c:164	在会话 URI 映射中复用或创建语义分析器，供编辑查询和项目重分析共享。	@details 支持解析到同一原生路径的 URI 别名；返回对象预期由映射统一管理，并同步快照代次及 LRU 热度。	zr_vm_language_server/src/zr_vm_language_server/interface/lsp_interface.c:1192;zr_vm_language_server/src/zr_vm_language_server/interface/lsp_inlay_hints.c:386;zr_vm_language_server/src/zr_vm_language_server/interface/lsp_interface_support.c:4494;zr_vm_language_server/src/zr_vm_language_server/interface/lsp_interface.c:1190	BUG	BUG: 哈希表新增节点失败时仍返回新分析器，调用方会继续使用一个未登记、无法由上下文统一回收的对象。
zr_vm_language_server/src/zr_vm_language_server/interface/lsp_interface.c	ZrLanguageServer_Lsp_FindAnalyzer	function	zr_vm_language_server/src/zr_vm_language_server/interface/lsp_semantic_snapshot_cache.c:42;zr_vm_language_server/src/zr_vm_language_server/lsp_property_code_actions.c:456;zr_vm_language_server/src/zr_vm_language_server/metadata/lsp_metadata_provider.c:621	只查找现有文档分析器，并在活动语义快照中登记依赖。	@details 诊断、悬停及快照提供者用此避免无意新建分析器；别名 URI 仍按原生路径匹配。	zr_vm_language_server/src/zr_vm_language_server/interface/lsp_interface.c:1242;zr_vm_language_server/src/zr_vm_language_server/interface/lsp_semantic_snapshot_cache.c:42;zr_vm_language_server/src/zr_vm_language_server/lsp_property_code_actions.c:456	commented	已从所列调用点核对职责与边界，注释位于声明或定义处
zr_vm_language_server/src/zr_vm_language_server/interface/lsp_interface.c	ZrLanguageServer_Lsp_RemoveAnalyzer	function	zr_vm_language_server/src/zr_vm_language_server/project/lsp_project.c:1279;zr_vm_language_server/src/zr_vm_language_server/project/lsp_project_source_rename.c:289;zr_vm_language_server/src/zr_vm_language_server/interface/lsp_interface.c:1489	文档分析失败或关闭后同步移除快照缓存和 URI 映射，避免后续查询读取旧语义。	移除后先前借用的 analyzer 立即失效；调用方不得缓存该指针	zr_vm_language_server/src/zr_vm_language_server/interface/lsp_interface.c:1274;zr_vm_language_server/src/zr_vm_language_server/project/lsp_project.c:1279;zr_vm_language_server/src/zr_vm_language_server/project/lsp_project_source_rename.c:289	commented	已从所列调用点核对职责与边界，注释位于声明或定义处
zr_vm_language_server/src/zr_vm_language_server/interface/lsp_interface.c	ZrLanguageServer_Lsp_GetDocumentFileVersion	function	zr_vm_language_server/src/zr_vm_language_server/interface/lsp_binary_metadata_coordinates.c:73;zr_vm_language_server/src/zr_vm_language_server/interface/lsp_interface_support.c:1019;zr_vm_language_server/src/zr_vm_language_server/interface/lsp_workspace_edit_snapshot.c:77	从增量解析器读取指定 URI 的当前版本，供坐标转换、诊断与编辑快照共用。	返回解析器持有的借用指针；文档更新可原位替换内部内容，文档移除或上下文释放后失效	zr_vm_language_server/src/zr_vm_language_server/interface/lsp_interface.c:1300;zr_vm_language_server/src/zr_vm_language_server/interface/lsp_binary_metadata_coordinates.c:73;zr_vm_language_server/src/zr_vm_language_server/interface/lsp_interface_support.c:1019	commented	已从所列调用点核对职责与边界，注释位于声明或定义处
zr_vm_language_server/src/zr_vm_language_server/interface/lsp_interface.c	ZrLanguageServer_Lsp_GetDocumentFilePosition	function	zr_vm_language_server/src/zr_vm_language_server/lsp_decorator_navigation.c:559;zr_vm_language_server/src/zr_vm_language_server/lsp_property_code_actions.c:461;zr_vm_language_server/src/zr_vm_language_server/lsp_signature_help.c:2941	将客户端位置按当前内容转换为解析器位置，导航和语义查询不得直接混用两套坐标。	@details 无内容快照时返回零位置；回退 AST 只保留行列，偏移置零以免误用旧 AST 的字节位置。	zr_vm_language_server/src/zr_vm_language_server/interface/lsp_interface.c:1312;zr_vm_language_server/src/zr_vm_language_server/lsp_decorator_navigation.c:559;zr_vm_language_server/src/zr_vm_language_server/lsp_property_code_actions.c:461	commented	已从所列调用点核对职责与边界，注释位于声明或定义处
zr_vm_language_server/src/zr_vm_language_server/interface/lsp_interface.c	ZrLanguageServer_Lsp_UpdateDocumentCore	function	zr_vm_language_server/src/zr_vm_language_server/metadata/lsp_metadata_provider.c:644;zr_vm_language_server/src/zr_vm_language_server/project/lsp_project.c:2177;zr_vm_language_server/src/zr_vm_language_server/project/lsp_project_navigation.c:486	统一处理编辑器缓冲区与项目磁盘文件的解析、索引和语义缓存更新。	@details stdio 的 UpdateDocument 允许刷新项目并标记打开文档；项目扫描、元数据和跨文件查询以；allowProjectRefresh=false 载入依赖，避免递归触发项目刷新。失败时调用方不得继续信任旧分析器。	zr_vm_language_server/src/zr_vm_language_server/interface/lsp_interface.c:1339;zr_vm_language_server/src/zr_vm_language_server/metadata/lsp_metadata_provider.c:644;zr_vm_language_server/src/zr_vm_language_server/project/lsp_project.c:2177	commented	已从所列调用点核对职责与边界，注释位于声明或定义处
zr_vm_language_server/src/zr_vm_language_server/interface/lsp_interface.c	ZrLanguageServer_Lsp_UpdateDocument	function	zr_vm_language_server/stdio/stdio_document_content.c:166;tests/language_server/lsp_numeric_range_query_test_support.c:103;tests/language_server/test_incremental_parser.c:670	stdio 文档变更入口；与内部依赖载入不同，此入口会刷新所属工程。	uri、内容和版本应来自同一次文档变更；失败时不得发布旧语义结果	zr_vm_language_server/src/zr_vm_language_server/interface/lsp_interface.c:1570;zr_vm_language_server/stdio/stdio_document_content.c:166;tests/language_server/lsp_numeric_range_query_test_support.c:103	commented	已从所列调用点核对职责与边界，注释位于声明或定义处
zr_vm_language_server/src/zr_vm_language_server/interface/lsp_interface.c	ZrLanguageServer_Lsp_SetSemanticCacheStorageLimit	function	tests/language_server/test_lsp_snapshot_cache_cases.h:1064;tests/language_server/test_lsp_multi_project_provider_generation_cases.h:237	为历史语义快照设置会话级存储上限，由缓存管理器负责逐出。	context 必须有缓存管理器；新限制会立即触发逐出	zr_vm_language_server/src/zr_vm_language_server/interface/lsp_interface.c:1580;tests/language_server/test_lsp_snapshot_cache_cases.h:1064;tests/language_server/test_lsp_multi_project_provider_generation_cases.h:237	commented	已从所列调用点核对职责与边界，注释位于声明或定义处
zr_vm_language_server/src/zr_vm_language_server/interface/lsp_interface.c	ZrLanguageServer_Lsp_GetSemanticCacheStorageInfo	function	tests/language_server/test_lsp_snapshot_cache_cases.h:1066;tests/language_server/test_lsp_multi_project_provider_generation_cases.h:132	将语义快照缓存的当前占用和逐出统计提供给诊断或测试调用方。	outInfo 可写；返回的是当前上下文的统计快照	zr_vm_language_server/src/zr_vm_language_server/interface/lsp_interface.c:1591;tests/language_server/test_lsp_snapshot_cache_cases.h:1066;tests/language_server/test_lsp_multi_project_provider_generation_cases.h:132	commented	已从所列调用点核对职责与边界，注释位于声明或定义处
zr_vm_language_server/src/zr_vm_language_server/interface/lsp_interface.c	ZrLanguageServer_Lsp_GetDiagnostics	function	zr_vm_language_server/src/zr_vm_language_server/lsp_code_actions.c:569;zr_vm_language_server/stdio/stdio_diagnostics.c:99;tests/language_server/test_lsp_class_member_parser_diagnostics.c:131	汇总当前文档的解析、语义与导入诊断供发布器和代码动作消费。	@details 虚拟声明页无诊断；回退 AST 时只发布当前解析错误，避免把旧语义问题投影到新文本。	zr_vm_language_server/src/zr_vm_language_server/interface/lsp_interface.c:1602;zr_vm_language_server/src/zr_vm_language_server/lsp_code_actions.c:569;zr_vm_language_server/stdio/stdio_diagnostics.c:99;zr_vm_language_server/src/zr_vm_language_server/interface/lsp_interface.c:1600	TODO	TODO: 语义和导入诊断收集失败时仍返回成功及已有部分结果，需核对 stdio 发布器是否应感知降级。
zr_vm_language_server/src/zr_vm_language_server/interface/lsp_interface.c	lsp_signature_label_text	function	zr_vm_language_server/src/zr_vm_language_server/interface/lsp_interface.c:2032	普通悬停的最后兜底分支借用首个签名文本；借用只在 SignatureHelp 释放前有效。	仅供本模块的同步调用链使用	zr_vm_language_server/src/zr_vm_language_server/interface/lsp_interface.c:1717;zr_vm_language_server/src/zr_vm_language_server/interface/lsp_interface.c:2032	commented	已从所列调用点核对职责与边界，注释位于声明或定义处
zr_vm_language_server/src/zr_vm_language_server/interface/lsp_interface.c	ZrLanguageServer_Lsp_GetCompletion	function	zr_vm_language_server/stdio/stdio_completion.c:163;tests/language_server/test_lsp_expression_fact_hover.c:851;tests/language_server/test_lsp_inlay_semantic_facts.c:364	将语义补全转换为协议补全，供 stdio_completion 的标准和完成项请求共用。	@details 在字符串、注释等非代码区域直接返回空列表；语义分析失败时 stdio_completion 也返回空列表。；返回数组中的结构体由 stdio 层释放，字符串仍由 VM 管理。	zr_vm_language_server/src/zr_vm_language_server/interface/lsp_interface.c:1737;zr_vm_language_server/stdio/stdio_completion.c:163;tests/language_server/test_lsp_expression_fact_hover.c:851	commented	已从所列调用点核对职责与边界，注释位于声明或定义处
zr_vm_language_server/src/zr_vm_language_server/interface/lsp_interface.c	ZrLanguageServer_Lsp_GetHover	function	zr_vm_language_server/stdio/stdio_navigation.c:15;tests/language_server/test_lsp_computed_member_hover.c:203;tests/language_server/test_lsp_decorator_utf16_ranges.c:247	按装饰器、元方法、属性、调用签名、语义目标和局部表达式的顺序生成普通悬停。	@details stdio_navigation 直接发布普通悬停，GetRichHover 又复用此入口；局部事实用于补充而非替换已解析的符号说明。；回退 AST 的文本快照需由各分支释放，返回悬停容器由调用方释放。	zr_vm_language_server/src/zr_vm_language_server/interface/lsp_interface.c:1855;zr_vm_language_server/stdio/stdio_navigation.c:15;tests/language_server/test_lsp_computed_member_hover.c:203	commented	已从所列调用点核对职责与边界，注释位于声明或定义处
zr_vm_language_server/src/zr_vm_language_server/interface/lsp_interface.c	ZrLanguageServer_Lsp_GetRichHover	function	zr_vm_language_server/stdio/stdio_navigation.c:38;tests/language_server/test_lsp_computed_member_hover.c:208;tests/language_server/test_lsp_expression_fact_hover.c:298	为扩展的富悬停协议复用普通悬停决策，再按语义角色拆分 Markdown。	@details stdio_navigation 的扩展请求调用此函数；结果需交给 FreeRichHover，而非普通悬停释放器。	zr_vm_language_server/src/zr_vm_language_server/interface/lsp_interface.c:2159;zr_vm_language_server/stdio/stdio_navigation.c:38;tests/language_server/test_lsp_computed_member_hover.c:208	commented	已从所列调用点核对职责与边界，注释位于声明或定义处
zr_vm_language_server/src/zr_vm_language_server/interface/lsp_interface.c	ZrLanguageServer_Lsp_GetDefinition	function	zr_vm_language_server/src/zr_vm_language_server/lsp_document_links.c:458;zr_vm_language_server/src/zr_vm_language_server/lsp_editor_features.c:779;zr_vm_language_server/stdio/stdio_navigation.c:109	为普通源码和原生虚拟声明页提供统一的定义位置。	@details 虚拟模块链接先用描述符解析，装饰器与 super 构造调用有专用路径，其余目标交给语义查询。；stdio_navigation 消费位置数组；解析失败表示没有可导航的定义。	zr_vm_language_server/src/zr_vm_language_server/interface/lsp_interface.c:2205;zr_vm_language_server/src/zr_vm_language_server/lsp_document_links.c:458;zr_vm_language_server/src/zr_vm_language_server/lsp_editor_features.c:779	commented	已从所列调用点核对职责与边界，注释位于声明或定义处
zr_vm_language_server/src/zr_vm_language_server/interface/lsp_interface.c	ZrLanguageServer_Lsp_FindReferences	function	zr_vm_language_server/stdio/stdio_linked_editing.c:288;zr_vm_language_server/stdio/stdio_navigation.c:180;tests/language_server/test_lsp_interface.c:898	按语义身份收集跨文件引用，并允许客户端选择是否包含声明位置。	@details stdio_navigation 和 linked_editing 共用；遍历前后均检查取消，不能发布部分结果。	zr_vm_language_server/src/zr_vm_language_server/interface/lsp_interface.c:2282;zr_vm_language_server/stdio/stdio_linked_editing.c:288;zr_vm_language_server/stdio/stdio_navigation.c:180	commented	已从所列调用点核对职责与边界，注释位于声明或定义处
zr_vm_language_server/src/zr_vm_language_server/interface/lsp_interface.c	ZrLanguageServer_Lsp_Rename	function	zr_vm_language_server/stdio/stdio_rename.c:264;tests/language_server/test_lsp_interface.c:955;tests/language_server/test_lsp_position_mapping.c:768	为 stdio_rename 收集可编辑的语义引用范围，再交由其生成带版本校验的 WorkspaceEdit。	@details newName 在此只用于接口校验，实际文本替换由 stdio_rename 完成；仅支持稳定身份的本地符号及有源声明的工程成员。	zr_vm_language_server/src/zr_vm_language_server/interface/lsp_interface.c:2327;zr_vm_language_server/stdio/stdio_rename.c:264;tests/language_server/test_lsp_interface.c:955;zr_vm_language_server/src/zr_vm_language_server/interface/lsp_interface.c:2325	TODO	TODO: 此层未验证新名称是否为合法标识符或与现有声明冲突；需明确验证职责属于协议层还是语言语义层。
zr_vm_language_server/src/zr_vm_language_server/interface/lsp_interface.c	ZrLanguageServer_Lsp_GetDocumentSymbols	function	zr_vm_language_server/stdio/stdio_navigation.c:206;tests/language_server/test_lsp_incremental_equivalence.c:302;tests/language_server/test_lsp_interface.c:784	从当前分析器的作用域树生成文档大纲，供 stdio_navigation 发布。	@details 只包含当前 URI 对应文件的顶级声明和类型成员；取消时返回失败，调用方应丢弃部分数组。	zr_vm_language_server/src/zr_vm_language_server/interface/lsp_interface.c:2375;zr_vm_language_server/stdio/stdio_navigation.c:206;tests/language_server/test_lsp_incremental_equivalence.c:302	commented	已从所列调用点核对职责与边界，注释位于声明或定义处
zr_vm_language_server/src/zr_vm_language_server/interface/lsp_interface.c	ZrLanguageServer_Lsp_GetWorkspaceSymbols	function	zr_vm_language_server/stdio/stdio_navigation.c:241;tests/language_server/test_lsp_interface.c:207;tests/language_server/test_lsp_language_feature_matrix.c:974	合并项目索引符号与未索引的打开文档符号，供全工作区搜索。	@details 项目索引负责持久文件，分析器映射只补充打开的游离缓冲区；取消后不得发布部分结果。	zr_vm_language_server/src/zr_vm_language_server/interface/lsp_interface.c:2434;zr_vm_language_server/stdio/stdio_navigation.c:241;tests/language_server/test_lsp_interface.c:207	commented	已从所列调用点核对职责与边界，注释位于声明或定义处
zr_vm_language_server/src/zr_vm_language_server/interface/lsp_interface.c	ZrLanguageServer_Lsp_GetDocumentHighlights	function	zr_vm_language_server/stdio/stdio_navigation.c:262;tests/language_server/test_lsp_interface.c:2689;tests/language_server/test_lsp_position_mapping.c:653	为同文档高亮查询复用 super 构造调用特例及通用语义引用身份。	result 为当前 URI 的可写数组；取消或解析失败时调用方丢弃部分结果	zr_vm_language_server/src/zr_vm_language_server/interface/lsp_interface.c:2514;zr_vm_language_server/stdio/stdio_navigation.c:262;tests/language_server/test_lsp_interface.c:2689	commented	已从所列调用点核对职责与边界，注释位于声明或定义处
zr_vm_language_server/src/zr_vm_language_server/interface/lsp_interface.c	ZrLanguageServer_Lsp_PrepareRename	function	zr_vm_language_server/stdio/stdio_rename.c:212;tests/language_server/test_lsp_interface.c:2737;tests/language_server/test_lsp_position_mapping.c:713	在编辑前确认目标可由 Rename 处理，并返回当前标识符范围与展示占位名。	@details stdio_rename 以此响应客户端预检；实际编辑仍需重新解析目标并捕获文档快照。	zr_vm_language_server/src/zr_vm_language_server/interface/lsp_interface.c:2547;zr_vm_language_server/stdio/stdio_rename.c:212;tests/language_server/test_lsp_interface.c:2737	commented	已从所列调用点核对职责与边界，注释位于声明或定义处
zr_vm_language_server/src/zr_vm_language_server/interface/lsp_interface.c	ZrLanguageServer_Lsp_GetNativeDeclarationDocument	function	zr_vm_language_server/src/zr_vm_language_server/interface/lsp_interface_support.c:1029;zr_vm_language_server/src/zr_vm_language_server/lsp_document_links.c:548;zr_vm_language_server/stdio/stdio_navigation.c:145	将原生模块描述符投影为只读虚拟声明文本，供 stdio_navigation 的虚拟文档请求。	@details 仅接受已识别的声明 URI；普通文件由文档同步与项目索引管理。	zr_vm_language_server/src/zr_vm_language_server/interface/lsp_interface.c:2592;zr_vm_language_server/src/zr_vm_language_server/interface/lsp_interface_support.c:1029;zr_vm_language_server/src/zr_vm_language_server/lsp_document_links.c:548	commented	已从所列调用点核对职责与边界，注释位于声明或定义处
zr_vm_language_server/src/zr_vm_language_server/interface/lsp_interface.c	ZrLanguageServer_Lsp_GetProjectModules	function	zr_vm_language_server/stdio/stdio_project.c:94;tests/language_server/test_lsp_interface.c:7370	为项目模块浏览视图汇总源模块、FFI 包装、二进制和原生导入模块。	@details stdio_project 使用导航 URI 与范围构造客户端树；需先确保源图扫描完成，并用 FreeProjectModules 释放摘要。	zr_vm_language_server/src/zr_vm_language_server/interface/lsp_interface.c:2623;zr_vm_language_server/stdio/stdio_project.c:94;tests/language_server/test_lsp_interface.c:7370	commented	已从所列调用点核对职责与边界，注释位于声明或定义处
zr_vm_language_server/src/zr_vm_language_server/interface/lsp_interface.c	ZrLanguageServer_Lsp_FreeProjectModules	function	zr_vm_language_server/stdio/stdio_project.c:95;tests/language_server/test_lsp_interface.c:7410	释放 GetProjectModules 返回的摘要容器；内部 VM 字符串由 GC 管理。	result 必须来自 GetProjectModules；内部 VM 字符串由 VM 管理	zr_vm_language_server/src/zr_vm_language_server/interface/lsp_interface.c:2781;zr_vm_language_server/stdio/stdio_project.c:95;tests/language_server/test_lsp_interface.c:7410	commented	已从所列调用点核对职责与边界，注释位于声明或定义处
zr_vm_language_server/src/zr_vm_language_server/interface/lsp_interface.c	ZrLanguageServer_Lsp_FreeRichHover	function	zr_vm_language_server/stdio/stdio_lsp_memory.c:109;tests/language_server/test_lsp_computed_member_hover.c:229;tests/language_server/test_lsp_expression_fact_hover.c:325	释放 GetRichHover 的角色字段及结果容器；字段字符串由 VM 管理。	result 必须来自 GetRichHover；仅释放原生容器，字段字符串由 VM 管理	zr_vm_language_server/src/zr_vm_language_server/interface/lsp_interface.c:2798;zr_vm_language_server/stdio/stdio_lsp_memory.c:109;tests/language_server/test_lsp_computed_member_hover.c:229	commented	已从所列调用点核对职责与边界，注释位于声明或定义处
zr_vm_language_server/src/zr_vm_language_server/interface/lsp_interface.c	ZrLanguageServer_Lsp_UpdateDocumentCore old semantic detach	block	zr_vm_language_server/src/zr_vm_language_server/interface/lsp_interface.c:1439;zr_vm_language_server/src/zr_vm_language_server/interface/lsp_interface.c:1495	覆盖文档前保留可查询的旧语义快照，再替换当前 AST	同一 URI 的版本和分析器必须按更新顺序演进	zr_vm_language_server/src/zr_vm_language_server/interface/lsp_interface.c:1339;zr_vm_language_server/src/zr_vm_language_server/interface/lsp_interface.c:1439;zr_vm_language_server/src/zr_vm_language_server/interface/lsp_interface.c:1495	commented	已从所列调用点核对职责与边界，注释位于声明或定义处
zr_vm_language_server/src/zr_vm_language_server/interface/lsp_interface.c	ZrLanguageServer_Lsp_GetWorkspaceSymbols project merge	block	zr_vm_language_server/src/zr_vm_language_server/interface/lsp_interface.c:2452;zr_vm_language_server/src/zr_vm_language_server/interface/lsp_interface.c:2468	合并打开文档与项目索引的工作区符号	同一 URI 不应因两条路径重复返回	zr_vm_language_server/src/zr_vm_language_server/interface/lsp_interface.c:2434;zr_vm_language_server/src/zr_vm_language_server/interface/lsp_interface.c:2452;zr_vm_language_server/src/zr_vm_language_server/interface/lsp_interface.c:2468	commented	已从所列调用点核对职责与边界，注释位于声明或定义处
zr_vm_language_server/src/zr_vm_language_server/interface/lsp_interface_internal.h	ZrLanguageServer_Lsp_CalculateOffsetFromLineColumn declaration	interface	zr_vm_language_server/src/zr_vm_language_server/interface/lsp_interface_position.c:69;zr_vm_language_server/src/zr_vm_language_server/interface/lsp_interface_support.c:384;zr_vm_language_server/src/zr_vm_language_server/lsp_editor_features.c:708	所有编辑器入口共用的零基 UTF-16 光标到字节偏移转换。	零基 UTF-16 位置必须与传入 UTF-8 内容快照对应	zr_vm_language_server/src/zr_vm_language_server/interface/lsp_interface_internal.h:28;zr_vm_language_server/src/zr_vm_language_server/interface/lsp_interface_position.c:69;zr_vm_language_server/src/zr_vm_language_server/interface/lsp_interface_support.c:384	commented	已从所列调用点核对职责与边界，注释位于声明或定义处
zr_vm_language_server/src/zr_vm_language_server/interface/lsp_interface_internal.h	ZrLanguageServer_Lsp_FileUriToNativePath declaration	interface	zr_vm_language_server/src/zr_vm_language_server/interface/lsp_interface.c:1160;zr_vm_language_server/src/zr_vm_language_server/interface/lsp_workspace_edit_snapshot.c:62;zr_vm_language_server/src/zr_vm_language_server/lsp_code_lens.c:264	仅将 file URI 交给本地文件路径消费者；失败时调用方不得使用输出缓冲区。	仅接受可转换的 file URI；返回假时输出缓冲区不可用	zr_vm_language_server/src/zr_vm_language_server/interface/lsp_interface_internal.h:33;zr_vm_language_server/src/zr_vm_language_server/interface/lsp_interface.c:1160;zr_vm_language_server/src/zr_vm_language_server/interface/lsp_workspace_edit_snapshot.c:62	commented	已从所列调用点核对职责与边界，注释位于声明或定义处
zr_vm_language_server/src/zr_vm_language_server/interface/lsp_interface_internal.h	ZrLanguageServer_Lsp_StringsEqual declaration	interface	zr_vm_language_server/src/zr_vm_language_server/interface/lsp_inlay_hints.c:408;zr_vm_language_server/src/zr_vm_language_server/interface/lsp_interface.c:290;zr_vm_language_server/src/zr_vm_language_server/interface/lsp_interface_support.c:85	比较语义对象表示的完整字符串，而非指针身份。	参与比较或展示的 SZrString 遵循 VM 生命周期；原生视图不跨同步调用保存	zr_vm_language_server/src/zr_vm_language_server/interface/lsp_interface_internal.h:38;zr_vm_language_server/src/zr_vm_language_server/interface/lsp_inlay_hints.c:408;zr_vm_language_server/src/zr_vm_language_server/interface/lsp_interface.c:290	commented	已从所列调用点核对职责与边界，注释位于声明或定义处
zr_vm_language_server/src/zr_vm_language_server/interface/lsp_interface_internal.h	ZrLanguageServer_Lsp_StringContainsCaseInsensitive declaration	interface	zr_vm_language_server/src/zr_vm_language_server/interface/lsp_interface.c:2489;zr_vm_language_server/src/zr_vm_language_server/project/lsp_project.c:3053	工作区符号筛选使用的非大小写敏感包含关系。	haystack 与 needle 为同步借用的 VM 字符串；匹配只做 ASCII 大小写折叠，不承诺 Unicode 语义	zr_vm_language_server/src/zr_vm_language_server/interface/lsp_interface_internal.h:40;zr_vm_language_server/src/zr_vm_language_server/interface/lsp_interface.c:2489;zr_vm_language_server/src/zr_vm_language_server/project/lsp_project.c:3053	commented	已从所列调用点核对职责与边界，注释位于声明或定义处
zr_vm_language_server/src/zr_vm_language_server/interface/lsp_interface_internal.h	ZrLanguageServer_Lsp_UrisResolveToSameNativePath declaration	interface	zr_vm_language_server/src/zr_vm_language_server/interface/lsp_inlay_hints.c:409;zr_vm_language_server/src/zr_vm_language_server/interface/lsp_interface.c:342;zr_vm_language_server/src/zr_vm_language_server/interface/lsp_interface_support.c:248	针对不同编码的 file URI 核对它们是否指向同一本地文件。	left 与 right 须为可解析的 URI；同一原生路径的别名才视作同一文件	zr_vm_language_server/src/zr_vm_language_server/interface/lsp_interface_internal.h:42;zr_vm_language_server/src/zr_vm_language_server/interface/lsp_inlay_hints.c:409;zr_vm_language_server/src/zr_vm_language_server/interface/lsp_interface.c:342	commented	已从所列调用点核对职责与边界，注释位于声明或定义处
zr_vm_language_server/src/zr_vm_language_server/interface/lsp_interface_internal.h	ZrLanguageServer_Lsp_FindEquivalentUriKeyPair declaration	interface	zr_vm_language_server/src/zr_vm_language_server/incremental_parser.c:893;zr_vm_language_server/src/zr_vm_language_server/interface/lsp_interface.c:1203	从文档哈希表查找等价 URI 的键，供打开文档覆盖层复用。	set 与 uri 在查找期间有效；返回的是 set 内借用节点，集合变更或销毁后失效	zr_vm_language_server/src/zr_vm_language_server/interface/lsp_interface_internal.h:44;zr_vm_language_server/src/zr_vm_language_server/incremental_parser.c:893;zr_vm_language_server/src/zr_vm_language_server/interface/lsp_interface.c:1203	commented	已从所列调用点核对职责与边界，注释位于声明或定义处
zr_vm_language_server/src/zr_vm_language_server/interface/lsp_interface_internal.h	ZrLanguageServer_Lsp_GetSymbolLookupRange declaration	interface	zr_vm_language_server/src/zr_vm_language_server/interface/lsp_interface.c:2142;zr_vm_language_server/src/zr_vm_language_server/metadata/lsp_metadata_provider.c:1802;zr_vm_language_server/src/zr_vm_language_server/semantic/lsp_semantic_query.c:2728	导航请求优先使用符号声明的可定位范围。	symbol 的 AST 名称位置或选择范围须仍有效；返回范围不延长 AST 生命周期	zr_vm_language_server/src/zr_vm_language_server/interface/lsp_interface_internal.h:48;zr_vm_language_server/src/zr_vm_language_server/interface/lsp_interface.c:2142;zr_vm_language_server/src/zr_vm_language_server/metadata/lsp_metadata_provider.c:1802	commented	已从所列调用点核对职责与边界，注释位于声明或定义处
zr_vm_language_server/src/zr_vm_language_server/interface/lsp_interface_internal.h	ZrLanguageServer_Lsp_IsOffsetInCodeSpan declaration	interface	zr_vm_language_server/src/zr_vm_language_server/interface/lsp_source_spans.c:108;zr_vm_language_server/src/zr_vm_language_server/lsp_super_navigation.c:129;zr_vm_language_server/src/zr_vm_language_server/lsp_token_metadata.c:319	语义查询的轻量代码区域预筛选，不代替 lexer 或解析器。	这是轻量文本门控；调用方仍需语义查询确认标识符身份。；而 parser_literals.c 的模板解析将该片段作为表达式；插值中的语义查询和补全会被错误屏蔽。	zr_vm_language_server/src/zr_vm_language_server/interface/lsp_interface_internal.h:50;zr_vm_language_server/src/zr_vm_language_server/interface/lsp_source_spans.c:108;zr_vm_language_server/src/zr_vm_language_server/lsp_super_navigation.c:129	commented	已从所列调用点核对职责与边界，注释位于声明或定义处
zr_vm_language_server/src/zr_vm_language_server/interface/lsp_interface_internal.h	ZrLanguageServer_Lsp_IsCursorOffsetInCodeSpan declaration	interface	zr_vm_language_server/src/zr_vm_language_server/interface/lsp_interface.c:1765;zr_vm_language_server/src/zr_vm_language_server/lsp_signature_help.c:2943	为补全/签名帮助同时容许紧邻代码末端的光标。	content/contentLength 必须来自同一源码快照；不得越界读取	zr_vm_language_server/src/zr_vm_language_server/interface/lsp_interface_internal.h:54;zr_vm_language_server/src/zr_vm_language_server/interface/lsp_interface.c:1765;zr_vm_language_server/src/zr_vm_language_server/lsp_signature_help.c:2943	commented	已从所列调用点核对职责与边界，注释位于声明或定义处
zr_vm_language_server/src/zr_vm_language_server/interface/lsp_interface_internal.h	ZrLanguageServer_Lsp_BuildSymbolMarkdownDocumentation declaration	interface	zr_vm_language_server/src/zr_vm_language_server/interface/lsp_interface.c:1918;zr_vm_language_server/src/zr_vm_language_server/interface/lsp_interface_support.c:892;zr_vm_language_server/src/zr_vm_language_server/metadata/lsp_metadata_provider.c:1933	将符号、类型和源码邻接注释汇成 hover 与补全共享的 Markdown。	返回 VM 字符串由 VM/GC 管理；symbol 和 analyzer 属于同一快照	zr_vm_language_server/src/zr_vm_language_server/interface/lsp_interface_internal.h:58;zr_vm_language_server/src/zr_vm_language_server/interface/lsp_interface.c:1918;zr_vm_language_server/src/zr_vm_language_server/interface/lsp_interface_support.c:892	commented	已从所列调用点核对职责与边界，注释位于声明或定义处
zr_vm_language_server/src/zr_vm_language_server/interface/lsp_interface_internal.h	ZrLanguageServer_Lsp_AppendSymbolFfiMetadataMarkdown declaration	interface	zr_vm_language_server/src/zr_vm_language_server/metadata/lsp_metadata_provider.c:1939;zr_vm_language_server/src/zr_vm_language_server/semantic/lsp_canonical_hover.c:202	在可用时把 FFI 来源元数据附在符号文档后。	base 与 symbol 由 VM/分析器持有；返回 VM 字符串不按原生缓冲区释放	zr_vm_language_server/src/zr_vm_language_server/interface/lsp_interface_internal.h:65;zr_vm_language_server/src/zr_vm_language_server/metadata/lsp_metadata_provider.c:1939;zr_vm_language_server/src/zr_vm_language_server/semantic/lsp_canonical_hover.c:202	commented	已从所列调用点核对职责与边界，注释位于声明或定义处
zr_vm_language_server/src/zr_vm_language_server/interface/lsp_interface_internal.h	ZrLanguageServer_Lsp_EnrichCompletionItemMetadata declaration	interface	zr_vm_language_server/src/zr_vm_language_server/semantic/lsp_semantic_query.c:2999	将项目和原生成员元数据补入候选项，保留词法补全与语义补全的共同输出格式。	item 属于本次补全结果；关联分析器和内容必须为同一文档版本	zr_vm_language_server/src/zr_vm_language_server/interface/lsp_interface_internal.h:69;zr_vm_language_server/src/zr_vm_language_server/semantic/lsp_semantic_query.c:2999	commented	已从所列调用点核对职责与边界，注释位于声明或定义处
zr_vm_language_server/src/zr_vm_language_server/interface/lsp_interface_internal.h	ZrLanguageServer_Lsp_EnrichCompletionItemSemanticFacts declaration	interface	zr_vm_language_server/src/zr_vm_language_server/interface/lsp_interface_support.c:896	仅在语义事实可用时把常量、数值和所有权细节附入候选项。	item 属于本次补全结果；无事实或格式化失败时保持现有候选	zr_vm_language_server/src/zr_vm_language_server/interface/lsp_interface_internal.h:77;zr_vm_language_server/src/zr_vm_language_server/interface/lsp_interface_support.c:896	commented	已从所列调用点核对职责与边界，注释位于声明或定义处
zr_vm_language_server/src/zr_vm_language_server/interface/lsp_interface_internal.h	ZrLanguageServer_Lsp_BuildSignatureArgumentSemanticFactDocumentation declaration	interface	zr_vm_language_server/src/zr_vm_language_server/lsp_canonical_signature_help.c:122;zr_vm_language_server/src/zr_vm_language_server/lsp_external_callable_signature_help.c:26;zr_vm_language_server/src/zr_vm_language_server/lsp_signature_help.c:2670	签名帮助参数文档的语义事实附加层；返回 VM 字符串由 VM 管理，调用方仅持有引用	文档字符串由 VM/GC 管理，调用方不得按原生缓冲区释放	zr_vm_language_server/src/zr_vm_language_server/interface/lsp_interface_internal.h:82;zr_vm_language_server/src/zr_vm_language_server/lsp_canonical_signature_help.c:122;zr_vm_language_server/src/zr_vm_language_server/lsp_external_callable_signature_help.c:26	commented	已从所列调用点核对职责与边界，注释位于声明或定义处
zr_vm_language_server/src/zr_vm_language_server/interface/lsp_interface_internal.h	ZrLanguageServer_Lsp_ExtractLeadingCommentMarkdown declaration	interface	zr_vm_language_server/src/zr_vm_language_server/interface/lsp_interface.c:1981;zr_vm_language_server/src/zr_vm_language_server/metadata/lsp_metadata_provider.c:1951;zr_vm_language_server/src/zr_vm_language_server/semantic/lsp_canonical_hover.c:193	从声明前的源码注释提取面向用户的文档，不从名称臆造说明。	content 必须对应 symbol 的源码版本；返回 VM 字符串由 VM 管理	zr_vm_language_server/src/zr_vm_language_server/interface/lsp_interface_internal.h:87;zr_vm_language_server/src/zr_vm_language_server/interface/lsp_interface.c:1981;zr_vm_language_server/src/zr_vm_language_server/metadata/lsp_metadata_provider.c:1951	commented	已从所列调用点核对职责与边界，注释位于声明或定义处
zr_vm_language_server/src/zr_vm_language_server/interface/lsp_interface_internal.h	ZrLanguageServer_Lsp_TryResolveReceiverNativeMember declaration	interface	zr_vm_language_server/src/zr_vm_language_server/semantic/lsp_semantic_query.c:1021	原生接收者成员查询：解析结果只在当前项目、分析器和文档快照期间有效。	项目、分析器与内容快照须一致；outResolved 仅供本次查询读取	zr_vm_language_server/src/zr_vm_language_server/interface/lsp_interface_internal.h:92;zr_vm_language_server/src/zr_vm_language_server/semantic/lsp_semantic_query.c:1021	commented	已从所列调用点核对职责与边界，注释位于声明或定义处
zr_vm_language_server/src/zr_vm_language_server/interface/lsp_interface_internal.h	ZrLanguageServer_Lsp_TryResolveReceiverProjectMember declaration	interface	zr_vm_language_server/src/zr_vm_language_server/semantic/lsp_semantic_query.c:1008	跨项目源码接收者成员查询，供定义和补全复用同一项目归属判断。	项目、分析器与内容快照须一致；outResolved 不得跨项目刷新保存	zr_vm_language_server/src/zr_vm_language_server/interface/lsp_interface_internal.h:103;zr_vm_language_server/src/zr_vm_language_server/semantic/lsp_semantic_query.c:1008	commented	已从所列调用点核对职责与边界，注释位于声明或定义处
zr_vm_language_server/src/zr_vm_language_server/interface/lsp_interface_internal.h	ZrLanguageServer_Lsp_AppendDiagnostic declaration	interface	仓内未发现直接调用；已核查语言服务器及语言服务器测试	无文档快照时的诊断投影；调用方需接受位置精度限制。	仓内无直接调用；无文档快照时坐标投影可能失去精度	zr_vm_language_server/src/zr_vm_language_server/interface/lsp_interface_internal.h:115	commented	已从所列调用点核对职责与边界，注释位于声明或定义处
zr_vm_language_server/src/zr_vm_language_server/interface/lsp_interface_internal.h	ZrLanguageServer_Lsp_AppendDiagnosticForDocument declaration	interface	zr_vm_language_server/src/zr_vm_language_server/interface/lsp_interface.c:1638	为当前文档使用内容感知的 UTF-16 范围，并保留结构化修复。	context、uri 对应诊断的文档版本；结果数组由诊断释放路径处理	zr_vm_language_server/src/zr_vm_language_server/interface/lsp_interface_internal.h:117;zr_vm_language_server/src/zr_vm_language_server/interface/lsp_interface.c:1638	commented	已从所列调用点核对职责与边界，注释位于声明或定义处
zr_vm_language_server/src/zr_vm_language_server/interface/lsp_interface_internal.h	ZrLanguageServer_Lsp_CreateSymbolInformation declaration	interface	zr_vm_language_server/src/zr_vm_language_server/project/lsp_project.c:3055	无上下文的符号投影；缺源文本时范围会降为零，工作区调用方需谨慎。	未传文档上下文时范围可能降为零；返回原生结构体由调用方清理	zr_vm_language_server/src/zr_vm_language_server/interface/lsp_interface_internal.h:123;zr_vm_language_server/src/zr_vm_language_server/project/lsp_project.c:3055	commented	已从所列调用点核对职责与边界，注释位于声明或定义处
zr_vm_language_server/src/zr_vm_language_server/interface/lsp_interface_internal.h	ZrLanguageServer_Lsp_CreateSymbolInformationForDocument declaration	interface	zr_vm_language_server/src/zr_vm_language_server/interface/lsp_interface.c:2419	已打开文档的符号投影，可用文档内容精确映射 UTF-16 范围。	context、uri 与符号声明来源一致；返回原生结构体由调用方清理	zr_vm_language_server/src/zr_vm_language_server/interface/lsp_interface_internal.h:126;zr_vm_language_server/src/zr_vm_language_server/interface/lsp_interface.c:2419	commented	已从所列调用点核对职责与边界，注释位于声明或定义处
zr_vm_language_server/src/zr_vm_language_server/interface/lsp_interface_internal.h	ZrLanguageServer_Lsp_TryCollectReceiverCompletions declaration	interface	zr_vm_language_server/src/zr_vm_language_server/semantic/lsp_semantic_query.c:2968	对 receiver 后的成员补全做项目/原生元数据解析，必要时要求调用方 fail closed。	content/contentLength 必须来自同一源码快照；不得越界读取	zr_vm_language_server/src/zr_vm_language_server/interface/lsp_interface_internal.h:132;zr_vm_language_server/src/zr_vm_language_server/semantic/lsp_semantic_query.c:2968	commented	已从所列调用点核对职责与边界，注释位于声明或定义处
zr_vm_language_server/src/zr_vm_language_server/interface/lsp_interface_internal.h	ZrLanguageServer_Lsp_ShouldFailClosedReceiverCompletion declaration	interface	zr_vm_language_server/src/zr_vm_language_server/semantic/lsp_semantic_query.c:2904	无法可靠识别接收者时避免回退为无关的全局候选。	content/contentLength 必须来自同一源码快照；不得越界读取	zr_vm_language_server/src/zr_vm_language_server/interface/lsp_interface_internal.h:144;zr_vm_language_server/src/zr_vm_language_server/semantic/lsp_semantic_query.c:2904	commented	已从所列调用点核对职责与边界，注释位于声明或定义处
zr_vm_language_server/src/zr_vm_language_server/interface/lsp_interface_internal.h	ZrLanguageServer_Lsp_TryCollectTokenPrefixCompletions declaration	interface	zr_vm_language_server/src/zr_vm_language_server/semantic/lsp_semantic_query.c:2920	解析器语义候选不足时提供受限的 token 前缀候选。	content/contentLength 必须来自同一源码快照；不得越界读取	zr_vm_language_server/src/zr_vm_language_server/interface/lsp_interface_internal.h:151;zr_vm_language_server/src/zr_vm_language_server/semantic/lsp_semantic_query.c:2920	commented	已从所列调用点核对职责与边界，注释位于声明或定义处
zr_vm_language_server/src/zr_vm_language_server/interface/lsp_interface_internal.h	ZrLanguageServer_Lsp_IsKnownMetaMethodToken declaration	interface	zr_vm_language_server/src/zr_vm_language_server/semantic/lsp_semantic_tokens.c:300	在装饰器和元方法导航前判定是否为语言已知 token。	text 在 length 字节内可读；仅识别语言预定的元方法 token	zr_vm_language_server/src/zr_vm_language_server/interface/lsp_interface_internal.h:157;zr_vm_language_server/src/zr_vm_language_server/semantic/lsp_semantic_tokens.c:300	commented	已从所列调用点核对职责与边界，注释位于声明或定义处
zr_vm_language_server/src/zr_vm_language_server/interface/lsp_interface_internal.h	ZrLanguageServer_Lsp_FindSymbolAtUsageOrDefinition declaration	interface	zr_vm_language_server/src/zr_vm_language_server/interface/lsp_interface.c:1899;zr_vm_language_server/src/zr_vm_language_server/interface/lsp_interface_support.c:4129;zr_vm_language_server/src/zr_vm_language_server/metadata/lsp_metadata_provider.c:1587	同时查询用法与声明位置的符号，供通用导航入口复用。	analyzer 与传入 AST、符号或类型事实须属于同一语义版本	zr_vm_language_server/src/zr_vm_language_server/interface/lsp_interface_internal.h:159;zr_vm_language_server/src/zr_vm_language_server/interface/lsp_interface.c:1899;zr_vm_language_server/src/zr_vm_language_server/interface/lsp_interface_support.c:4129	commented	已从所列调用点核对职责与边界，注释位于声明或定义处
zr_vm_language_server/src/zr_vm_language_server/interface/lsp_interface_internal.h	ZrLanguageServer_Lsp_GetDocumentFileVersion declaration	interface	zr_vm_language_server/src/zr_vm_language_server/interface/lsp_binary_metadata_coordinates.c:73;zr_vm_language_server/src/zr_vm_language_server/interface/lsp_interface.c:392;zr_vm_language_server/src/zr_vm_language_server/interface/lsp_interface_support.c:1019	借用当前文档版本；文档更新可原位替换内部内容，文档移除或上下文释放后指针失效。	返回解析器持有的借用指针；文档更新可原位替换内部内容，文档移除或上下文释放后失效	zr_vm_language_server/src/zr_vm_language_server/interface/lsp_interface_internal.h:163;zr_vm_language_server/src/zr_vm_language_server/interface/lsp_binary_metadata_coordinates.c:73;zr_vm_language_server/src/zr_vm_language_server/interface/lsp_interface.c:392	commented	已从所列调用点核对职责与边界，注释位于声明或定义处
zr_vm_language_server/src/zr_vm_language_server/interface/lsp_interface_internal.h	ZrLanguageServer_Lsp_GetDocumentFilePosition declaration	interface	zr_vm_language_server/src/zr_vm_language_server/interface/lsp_interface.c:1896;zr_vm_language_server/src/zr_vm_language_server/lsp_decorator_navigation.c:559;zr_vm_language_server/src/zr_vm_language_server/lsp_property_code_actions.c:461	基于该文档版本将客户端位置转换为解析器文件位置。	输入坐标与内容快照须对应同一文档版本	zr_vm_language_server/src/zr_vm_language_server/interface/lsp_interface_internal.h:166;zr_vm_language_server/src/zr_vm_language_server/interface/lsp_interface.c:1896;zr_vm_language_server/src/zr_vm_language_server/lsp_decorator_navigation.c:559	commented	已从所列调用点核对职责与边界，注释位于声明或定义处
zr_vm_language_server/src/zr_vm_language_server/interface/lsp_interface_internal.h	ZrLanguageServer_Lsp_PositionFromFilePositionForDocument declaration	interface	zr_vm_language_server/src/zr_vm_language_server/interface/lsp_inlay_hints.c:285;tests/language_server/test_lsp_source_contracts.c:327	为当前文档内容投影文件位置，避免直接输出字节列。	输入坐标与内容快照须对应同一文档版本	zr_vm_language_server/src/zr_vm_language_server/interface/lsp_interface_internal.h:170;zr_vm_language_server/src/zr_vm_language_server/interface/lsp_inlay_hints.c:285;tests/language_server/test_lsp_source_contracts.c:327	commented	已从所列调用点核对职责与边界，注释位于声明或定义处
zr_vm_language_server/src/zr_vm_language_server/interface/lsp_interface_internal.h	ZrLanguageServer_Lsp_RangeFromFileRangeForDocument declaration	interface	zr_vm_language_server/src/zr_vm_language_server/interface/lsp_diagnostic_fixes.c:35;zr_vm_language_server/src/zr_vm_language_server/interface/lsp_interface.c:327;zr_vm_language_server/src/zr_vm_language_server/interface/lsp_interface_support.c:1086	为诊断、符号和导航统一投影指定 URI 的范围。	输入坐标与内容快照须对应同一文档版本	zr_vm_language_server/src/zr_vm_language_server/interface/lsp_interface_internal.h:175;zr_vm_language_server/src/zr_vm_language_server/interface/lsp_diagnostic_fixes.c:35;zr_vm_language_server/src/zr_vm_language_server/interface/lsp_interface.c:327	commented	已从所列调用点核对职责与边界，注释位于声明或定义处
zr_vm_language_server/src/zr_vm_language_server/interface/lsp_interface_internal.h	ZrLanguageServer_Lsp_TryRangeFromBinaryMetadataCoordinates declaration	interface	zr_vm_language_server/src/zr_vm_language_server/project/lsp_project_navigation.c:180;zr_vm_language_server/src/zr_vm_language_server/semantic/lsp_semantic_query.c:363	将二进制元数据结构范围投影为编辑器坐标；有内容时按 UTF-16 转换。	输入坐标与内容快照须对应同一文档版本	zr_vm_language_server/src/zr_vm_language_server/interface/lsp_interface_internal.h:179;zr_vm_language_server/src/zr_vm_language_server/project/lsp_project_navigation.c:180;zr_vm_language_server/src/zr_vm_language_server/semantic/lsp_semantic_query.c:363	commented	已从所列调用点核对职责与边界，注释位于声明或定义处
zr_vm_language_server/src/zr_vm_language_server/interface/lsp_interface_internal.h	ZrLanguageServer_Lsp_TryFilePositionFromBinaryMetadataCoordinates declaration	interface	zr_vm_language_server/src/zr_vm_language_server/project/lsp_project_navigation.c:1219	将二进制模块虚拟文档光标转回元数据查找所需文件坐标。	输入坐标与内容快照须对应同一文档版本	zr_vm_language_server/src/zr_vm_language_server/interface/lsp_interface_internal.h:184;zr_vm_language_server/src/zr_vm_language_server/project/lsp_project_navigation.c:1219	commented	已从所列调用点核对职责与边界，注释位于声明或定义处
zr_vm_language_server/src/zr_vm_language_server/interface/lsp_interface_internal.h	ZrLanguageServer_Lsp_GetOrCreateAnalyzer declaration	interface	zr_vm_language_server/src/zr_vm_language_server/interface/lsp_inlay_hints.c:386;zr_vm_language_server/src/zr_vm_language_server/interface/lsp_interface.c:1525;zr_vm_language_server/src/zr_vm_language_server/interface/lsp_interface_support.c:4494	为已纳入上下文的 URI 复用或建立语义分析器；借用指针随 URI 移除或上下文销毁失效，文档更新可替换其内部语义状态。	返回分析器由 context 的 URI 映射持有；文档更新可复用指针并替换内部状态，移除或释放上下文后失效	zr_vm_language_server/src/zr_vm_language_server/interface/lsp_interface_internal.h:248;zr_vm_language_server/src/zr_vm_language_server/interface/lsp_inlay_hints.c:386;zr_vm_language_server/src/zr_vm_language_server/interface/lsp_interface.c:1525	commented	已从所列调用点核对职责与边界，注释位于声明或定义处
zr_vm_language_server/src/zr_vm_language_server/interface/lsp_interface_internal.h	ZrLanguageServer_Lsp_FindAnalyzer declaration	interface	zr_vm_language_server/src/zr_vm_language_server/interface/lsp_interface.c:1414;zr_vm_language_server/src/zr_vm_language_server/interface/lsp_semantic_snapshot_cache.c:42;zr_vm_language_server/src/zr_vm_language_server/lsp_property_code_actions.c:456	不触发创建地查询当前语义分析器，供诊断与缓存状态检查使用。	只借用已登记的分析器，不创建新对象；文档更新可复用指针并替换内部状态，移除或释放上下文后失效	zr_vm_language_server/src/zr_vm_language_server/interface/lsp_interface_internal.h:253;zr_vm_language_server/src/zr_vm_language_server/interface/lsp_interface.c:1414;zr_vm_language_server/src/zr_vm_language_server/interface/lsp_semantic_snapshot_cache.c:42	commented	已从所列调用点核对职责与边界，注释位于声明或定义处
zr_vm_language_server/src/zr_vm_language_server/interface/lsp_interface_internal.h	ZrLanguageServer_Lsp_RemoveAnalyzer declaration	interface	zr_vm_language_server/src/zr_vm_language_server/interface/lsp_interface.c:1489;zr_vm_language_server/src/zr_vm_language_server/project/lsp_project.c:1279;zr_vm_language_server/src/zr_vm_language_server/project/lsp_project_source_rename.c:289	文档关闭或替换时解除分析器索引并回收其语义状态。	移除后先前借用的 analyzer 立即失效；调用方不得缓存该指针	zr_vm_language_server/src/zr_vm_language_server/interface/lsp_interface_internal.h:257;zr_vm_language_server/src/zr_vm_language_server/interface/lsp_interface.c:1489;zr_vm_language_server/src/zr_vm_language_server/project/lsp_project.c:1279	commented	已从所列调用点核对职责与边界，注释位于声明或定义处
zr_vm_language_server/src/zr_vm_language_server/interface/lsp_interface_internal.h	ZrLanguageServer_Lsp_UpdateDocumentCore declaration	interface	zr_vm_language_server/src/zr_vm_language_server/interface/lsp_interface.c:1576;zr_vm_language_server/src/zr_vm_language_server/metadata/lsp_metadata_provider.c:644;zr_vm_language_server/src/zr_vm_language_server/project/lsp_project.c:2177	统一的文档更新边界；调用方决定此次变更是否可触发项目刷新。	@details stdio 的 UpdateDocument 允许刷新项目并标记打开文档；项目扫描、元数据和跨文件查询以；allowProjectRefresh=false 载入依赖，避免递归触发项目刷新。失败时调用方不得继续信任旧分析器。	zr_vm_language_server/src/zr_vm_language_server/interface/lsp_interface_internal.h:261;zr_vm_language_server/src/zr_vm_language_server/interface/lsp_interface.c:1576;zr_vm_language_server/src/zr_vm_language_server/metadata/lsp_metadata_provider.c:644	commented	已从所列调用点核对职责与边界，注释位于声明或定义处
zr_vm_language_server/src/zr_vm_language_server/interface/lsp_interface_internal.h	ZrLanguageServer_Lsp_ProjectIndexes_Free declaration	interface	zr_vm_language_server/src/zr_vm_language_server/interface/lsp_interface.c:1128	上下文销毁时释放其持有的项目索引与文件记录。	state 与 context 须有效；调用后 context 持有的项目索引及文件记录借用指针失效	zr_vm_language_server/src/zr_vm_language_server/interface/lsp_interface_internal.h:269;zr_vm_language_server/src/zr_vm_language_server/interface/lsp_interface.c:1128	commented	已从所列调用点核对职责与边界，注释位于声明或定义处
zr_vm_language_server/src/zr_vm_language_server/interface/lsp_interface_internal.h	ZrLanguageServer_Lsp_ProjectRefreshForUpdatedDocument declaration	interface	zr_vm_language_server/src/zr_vm_language_server/interface/lsp_interface.c:1381	更新项目源码图，并按调用方要求选择局部传播或全量重新扫描。	content/contentLength 必须来自同一源码快照；不得越界读取	zr_vm_language_server/src/zr_vm_language_server/interface/lsp_interface_internal.h:271;zr_vm_language_server/src/zr_vm_language_server/interface/lsp_interface.c:1381	commented	已从所列调用点核对职责与边界，注释位于声明或定义处
zr_vm_language_server/src/zr_vm_language_server/interface/lsp_interface_internal.h	ZrLanguageServer_Lsp_ProjectAnalyzeDocument declaration	interface	zr_vm_language_server/src/zr_vm_language_server/interface/lsp_interface.c:1545;zr_vm_language_server/src/zr_vm_language_server/semantic/lsp_semantic_query.c:517	将当前文档 AST 纳入项目语义图，供跨文件导航和引用查询。	analyzer 与传入 AST、符号或类型事实须属于同一语义版本	zr_vm_language_server/src/zr_vm_language_server/interface/lsp_interface_internal.h:278;zr_vm_language_server/src/zr_vm_language_server/interface/lsp_interface.c:1545;zr_vm_language_server/src/zr_vm_language_server/semantic/lsp_semantic_query.c:517	commented	已从所列调用点核对职责与边界，注释位于声明或定义处
zr_vm_language_server/src/zr_vm_language_server/interface/lsp_interface_internal.h	ZrLanguageServer_Lsp_ProjectEnsureProjectForUri declaration	interface	zr_vm_language_server/src/zr_vm_language_server/interface/lsp_interface.c:1633;zr_vm_language_server/src/zr_vm_language_server/interface/lsp_interface_support.c:4450;zr_vm_language_server/src/zr_vm_language_server/lsp_code_actions.c:232	解析 URI 的项目归属，必要时加载索引；返回指针由上下文持有。	context 及其项目、文档索引在本次同步查询期间保持有效	zr_vm_language_server/src/zr_vm_language_server/interface/lsp_interface_internal.h:284;zr_vm_language_server/src/zr_vm_language_server/interface/lsp_interface.c:1633;zr_vm_language_server/src/zr_vm_language_server/interface/lsp_interface_support.c:4450	commented	已从所列调用点核对职责与边界，注释位于声明或定义处
zr_vm_language_server/src/zr_vm_language_server/interface/lsp_interface_internal.h	ZrLanguageServer_LspProject_ResolveExternalMetadataDeclaration declaration	interface	zr_vm_language_server/src/zr_vm_language_server/semantic/lsp_semantic_query.c:2147	将导入模块上的光标解析为可追踪的外部元数据声明。	context 及其项目、文档索引在本次同步查询期间保持有效	zr_vm_language_server/src/zr_vm_language_server/interface/lsp_interface_internal.h:288;zr_vm_language_server/src/zr_vm_language_server/semantic/lsp_semantic_query.c:2147	commented	已从所列调用点核对职责与边界，注释位于声明或定义处
zr_vm_language_server/src/zr_vm_language_server/interface/lsp_interface_internal.h	ZrLanguageServer_LspProject_AppendExternalMetadataDeclarationReferences declaration	interface	zr_vm_language_server/src/zr_vm_language_server/semantic/lsp_semantic_query.c:3167	按来源类型汇总外部声明的引用，并尊重是否包含定义的请求参数。	context 及其项目、文档索引在本次同步查询期间保持有效	zr_vm_language_server/src/zr_vm_language_server/interface/lsp_interface_internal.h:294;zr_vm_language_server/src/zr_vm_language_server/semantic/lsp_semantic_query.c:3167	commented	已从所列调用点核对职责与边界，注释位于声明或定义处
zr_vm_language_server/src/zr_vm_language_server/interface/lsp_interface_internal.h	ZrLanguageServer_LspProject_AppendExternalMetadataDeclarationHighlights declaration	interface	zr_vm_language_server/src/zr_vm_language_server/semantic/lsp_semantic_query.c:3244	将同一文档内的外部声明命中投影为 documentHighlight。	context 及其项目、文档索引在本次同步查询期间保持有效	zr_vm_language_server/src/zr_vm_language_server/interface/lsp_interface_internal.h:302;zr_vm_language_server/src/zr_vm_language_server/semantic/lsp_semantic_query.c:3244	commented	已从所列调用点核对职责与边界，注释位于声明或定义处
zr_vm_language_server/src/zr_vm_language_server/interface/lsp_interface_internal.h	ZrLanguageServer_Lsp_ProjectContainsUri declaration	interface	tests/language_server/test_lsp_project_features.c:88	查询某 URI 是否属于已索引项目，供编辑器特性决定跨文件范围。	context 及其项目、文档索引在本次同步查询期间保持有效	zr_vm_language_server/src/zr_vm_language_server/interface/lsp_interface_internal.h:309;tests/language_server/test_lsp_project_features.c:88	commented	已从所列调用点核对职责与边界，注释位于声明或定义处
zr_vm_language_server/src/zr_vm_language_server/interface/lsp_interface_internal.h	ZrLanguageServer_LspProject_FindProjectForUri declaration	interface	zr_vm_language_server/src/zr_vm_language_server/interface/lsp_interface.c:1533;zr_vm_language_server/src/zr_vm_language_server/lsp_document_links.c:107;zr_vm_language_server/src/zr_vm_language_server/lsp_signature_help.c:2814	只读查找现存项目索引；不触发项目加载，返回值为借用指针。	context 及其项目、文档索引在本次同步查询期间保持有效	zr_vm_language_server/src/zr_vm_language_server/interface/lsp_interface_internal.h:313;zr_vm_language_server/src/zr_vm_language_server/interface/lsp_interface.c:1533;zr_vm_language_server/src/zr_vm_language_server/lsp_document_links.c:107	commented	已从所列调用点核对职责与边界，注释位于声明或定义处
zr_vm_language_server/src/zr_vm_language_server/interface/lsp_interface_internal.h	ZrLanguageServer_LspProject_FindRecordByModuleName declaration	interface	zr_vm_language_server/src/zr_vm_language_server/lsp_signature_help.c:2816;zr_vm_language_server/src/zr_vm_language_server/metadata/lsp_metadata_provider.c:1355;zr_vm_language_server/src/zr_vm_language_server/module/lsp_module_metadata.c:476	从项目图借用模块记录；索引更新后不得继续保存此指针。	projectIndex 与 moduleName 在查找期间有效；返回记录为索引借用，索引变更或销毁后失效	zr_vm_language_server/src/zr_vm_language_server/interface/lsp_interface_internal.h:315;zr_vm_language_server/src/zr_vm_language_server/lsp_signature_help.c:2816;zr_vm_language_server/src/zr_vm_language_server/metadata/lsp_metadata_provider.c:1355	commented	已从所列调用点核对职责与边界，注释位于声明或定义处
zr_vm_language_server/src/zr_vm_language_server/interface/lsp_interface_internal.h	ZrLanguageServer_Lsp_ProjectAppendWorkspaceSymbols declaration	interface	zr_vm_language_server/src/zr_vm_language_server/interface/lsp_interface.c:2452	为 workspace/symbol 汇总项目索引中的符号。	context 及其项目、文档索引在本次同步查询期间保持有效	zr_vm_language_server/src/zr_vm_language_server/interface/lsp_interface_internal.h:318;zr_vm_language_server/src/zr_vm_language_server/interface/lsp_interface.c:2452	commented	已从所列调用点核对职责与边界，注释位于声明或定义处
zr_vm_language_server/src/zr_vm_language_server/interface/lsp_interface_internal.h	ZrLanguageServer_Lsp_TryGetSuperConstructorDefinition declaration	interface	zr_vm_language_server/src/zr_vm_language_server/interface/lsp_interface.c:2264	为 `super` 构造器调用提供跨类定义跳转。	context 及其项目、文档索引在本次同步查询期间保持有效	zr_vm_language_server/src/zr_vm_language_server/interface/lsp_interface_internal.h:323;zr_vm_language_server/src/zr_vm_language_server/interface/lsp_interface.c:2264	commented	已从所列调用点核对职责与边界，注释位于声明或定义处
zr_vm_language_server/src/zr_vm_language_server/interface/lsp_interface_internal.h	ZrLanguageServer_Lsp_TryFindSuperConstructorReferences declaration	interface	zr_vm_language_server/src/zr_vm_language_server/interface/lsp_interface.c:2297	将 `super` 调用映射回构造器引用集合，并保持 includeDeclaration 语义。	context 及其项目、文档索引在本次同步查询期间保持有效	zr_vm_language_server/src/zr_vm_language_server/interface/lsp_interface_internal.h:329;zr_vm_language_server/src/zr_vm_language_server/interface/lsp_interface.c:2297	commented	已从所列调用点核对职责与边界，注释位于声明或定义处
zr_vm_language_server/src/zr_vm_language_server/interface/lsp_interface_internal.h	ZrLanguageServer_Lsp_TryGetSuperConstructorDocumentHighlights declaration	interface	zr_vm_language_server/src/zr_vm_language_server/interface/lsp_interface.c:2525	为当前文档内的 `super` 构造器用法生成高亮。	context 及其项目、文档索引在本次同步查询期间保持有效	zr_vm_language_server/src/zr_vm_language_server/interface/lsp_interface_internal.h:336;zr_vm_language_server/src/zr_vm_language_server/interface/lsp_interface.c:2525	commented	已从所列调用点核对职责与边界，注释位于声明或定义处
zr_vm_language_server/src/zr_vm_language_server/interface/lsp_interface_internal.h	ZrLanguageServer_Lsp_TryGetDecoratorDefinition declaration	interface	zr_vm_language_server/src/zr_vm_language_server/interface/lsp_interface.c:2260	装饰器 token 的专用定义查询，避免误落入普通标识符查找。	context 及其项目、文档索引在本次同步查询期间保持有效	zr_vm_language_server/src/zr_vm_language_server/interface/lsp_interface_internal.h:342;zr_vm_language_server/src/zr_vm_language_server/interface/lsp_interface.c:2260	commented	已从所列调用点核对职责与边界，注释位于声明或定义处
zr_vm_language_server/src/zr_vm_language_server/interface/lsp_interface_internal.h	ZrLanguageServer_Lsp_TryGetDecoratorHover declaration	interface	zr_vm_language_server/src/zr_vm_language_server/interface/lsp_interface.c:1881	装饰器 token 的专用悬停信息入口。	context 及其项目、文档索引在本次同步查询期间保持有效	zr_vm_language_server/src/zr_vm_language_server/interface/lsp_interface_internal.h:348;zr_vm_language_server/src/zr_vm_language_server/interface/lsp_interface.c:1881	commented	已从所列调用点核对职责与边界，注释位于声明或定义处
zr_vm_language_server/src/zr_vm_language_server/interface/lsp_interface_internal.h	ZrLanguageServer_Lsp_TryGetMetaMethodHover declaration	interface	zr_vm_language_server/src/zr_vm_language_server/interface/lsp_interface.c:1885;tests/language_server/test_lsp_source_contracts.c:699	内建元方法 token 的专用悬停信息入口。	context 及其项目、文档索引在本次同步查询期间保持有效	zr_vm_language_server/src/zr_vm_language_server/interface/lsp_interface_internal.h:354;zr_vm_language_server/src/zr_vm_language_server/interface/lsp_interface.c:1885;tests/language_server/test_lsp_source_contracts.c:699	commented	已从所列调用点核对职责与边界，注释位于声明或定义处
zr_vm_language_server/src/zr_vm_language_server/interface/lsp_interface_internal.h	SZrLspResolvedMetadataMember	type	zr_vm_language_server/src/zr_vm_language_server/interface/lsp_interface_support.c:2903;zr_vm_language_server/src/zr_vm_language_server/metadata/lsp_metadata_provider.c:724	接收者成员查询的临时输出类型，元数据解析层定义字段契约	字段可能借用分析器、描述符及字符串，不能跨查询长期保存	zr_vm_language_server/src/zr_vm_language_server/interface/lsp_interface_internal.h:23;zr_vm_language_server/src/zr_vm_language_server/interface/lsp_interface_support.c:2903;zr_vm_language_server/src/zr_vm_language_server/metadata/lsp_metadata_provider.c:724	commented	已从所列调用点核对职责与边界，注释位于声明或定义处
zr_vm_language_server/src/zr_vm_language_server/interface/lsp_interface_internal.h	SZrLspProjectIndex	type	zr_vm_language_server/src/zr_vm_language_server/interface/lsp_interface.c:1022;zr_vm_language_server/src/zr_vm_language_server/interface/lsp_interface.c:2627	保存项目文件图、载入状态及增量分析统计，支撑跨文件导航	context 持有；项目移除或工作区根变化后借用指针失效	zr_vm_language_server/src/zr_vm_language_server/interface/lsp_interface_internal.h:25;zr_vm_language_server/src/zr_vm_language_server/interface/lsp_interface.c:1022;zr_vm_language_server/src/zr_vm_language_server/interface/lsp_interface.c:2627;zr_vm_language_server/src/zr_vm_language_server/interface/lsp_interface_internal.h:207	commented	已从所列调用点核对职责与边界，注释位于声明或定义处
zr_vm_language_server/src/zr_vm_language_server/interface/lsp_interface_internal.h	SZrLspProjectFileRecord	type	zr_vm_language_server/src/zr_vm_language_server/interface/lsp_interface.c:2652;zr_vm_language_server/src/zr_vm_language_server/interface/lsp_interface_support.c:183	项目索引持有此记录；URI、路径和模块名是共享字符串引用。	index.files 持有记录；删除记录后 URI、路径和模块名的借用关系随之失效	zr_vm_language_server/src/zr_vm_language_server/interface/lsp_interface_internal.h:193;zr_vm_language_server/src/zr_vm_language_server/interface/lsp_interface.c:2652;zr_vm_language_server/src/zr_vm_language_server/interface/lsp_interface_support.c:183	commented	已从所列调用点核对职责与边界，注释位于声明或定义处
zr_vm_language_server/src/zr_vm_language_server/interface/lsp_interface_internal.h	EZrLspImportedModuleSourceKind	type	zr_vm_language_server/src/zr_vm_language_server/interface/lsp_interface.c:572;zr_vm_language_server/src/zr_vm_language_server/interface/lsp_interface_support.c:181	区分导入声明的来源，以选择源码快照、二进制元数据或描述符的坐标策略。	值本身无所有权；不同来源决定是否能读取源文本并选择坐标投影路径	zr_vm_language_server/src/zr_vm_language_server/interface/lsp_interface_internal.h:226;zr_vm_language_server/src/zr_vm_language_server/interface/lsp_interface.c:572;zr_vm_language_server/src/zr_vm_language_server/interface/lsp_interface_support.c:181	commented	已从所列调用点核对职责与边界，注释位于声明或定义处
zr_vm_language_server/src/zr_vm_language_server/interface/lsp_interface_internal.h	SZrLspExternalMetadataDeclaration	type	zr_vm_language_server/src/zr_vm_language_server/interface/lsp_interface_internal.h:292;zr_vm_language_server/src/zr_vm_language_server/semantic/lsp_semantic_query.c:2136	跨模块定义/引用的临时解析结果；项目索引和字符串字段均随上下文与查询存活。	按请求在栈上暂存；projectIndex、名称和 URI 都是借用引用，不跨项目刷新保存	zr_vm_language_server/src/zr_vm_language_server/interface/lsp_interface_internal.h:237;zr_vm_language_server/src/zr_vm_language_server/interface/lsp_interface_internal.h:292;zr_vm_language_server/src/zr_vm_language_server/semantic/lsp_semantic_query.c:2136	commented	已从所列调用点核对职责与边界，注释位于声明或定义处
zr_vm_language_server/src/zr_vm_language_server/interface/lsp_interface_internal.h	SZrLspProjectIndex.files/activeModuleLoads	type-block	zr_vm_language_server/src/zr_vm_language_server/interface/lsp_interface_internal.h:221;zr_vm_language_server/src/zr_vm_language_server/interface/lsp_interface_internal.h:222	项目文件记录和正在加载模块的借用集合；更新项目图时保持互斥的载入状态	项目清除后记录与名称引用失效	zr_vm_language_server/src/zr_vm_language_server/interface/lsp_interface_internal.h:25;zr_vm_language_server/src/zr_vm_language_server/interface/lsp_interface_internal.h:221;zr_vm_language_server/src/zr_vm_language_server/interface/lsp_interface_internal.h:222	commented	已从所列调用点核对职责与边界，注释位于声明或定义处
zr_vm_language_server/src/zr_vm_language_server/interface/lsp_interface_internal.h	SZrLspProjectIndex.publicContractHash counters	type-block	zr_vm_language_server/src/zr_vm_language_server/interface/lsp_interface_internal.h:218	记录增量刷新是否保持公共契约及反向依赖的再分析结果	计数只在当前项目索引生命周期内有意义	zr_vm_language_server/src/zr_vm_language_server/interface/lsp_interface_internal.h:25;zr_vm_language_server/src/zr_vm_language_server/interface/lsp_interface_internal.h:218	commented	已从所列调用点核对职责与边界，注释位于声明或定义处
zr_vm_language_server/src/zr_vm_language_server/interface/lsp_interface_position.c	ZrLanguageServer_LspRange_FromFileRangeWithContent	function	zr_vm_language_server/src/zr_vm_language_server/interface/lsp_interface_support.c:1021;tests/language_server/test_lsp_position_mapping.c:357	为诊断和导航把解析器的字节范围投影到编辑器使用的 UTF-16 范围；偏移必须属于同一份内容。	输入坐标与内容快照须对应同一文档版本	zr_vm_language_server/src/zr_vm_language_server/interface/lsp_interface_position.c:9;zr_vm_language_server/src/zr_vm_language_server/interface/lsp_interface_support.c:1021;tests/language_server/test_lsp_position_mapping.c:357	commented	已从所列调用点核对职责与边界，注释位于声明或定义处
zr_vm_language_server/src/zr_vm_language_server/interface/lsp_interface_position.c	ZrLanguageServer_Lsp_CalculateOffsetFromLineColumn	function	zr_vm_language_server/src/zr_vm_language_server/interface/lsp_interface_support.c:384;zr_vm_language_server/src/zr_vm_language_server/lsp_editor_features.c:708;zr_vm_language_server/src/zr_vm_language_server/semantic/lsp_semantic_query.c:615	供编辑器特性与语义查询统一解释 LSP 零基行、UTF-16 列。	零基 UTF-16 位置必须与传入 UTF-8 内容快照对应	zr_vm_language_server/src/zr_vm_language_server/interface/lsp_interface_position.c:23;zr_vm_language_server/src/zr_vm_language_server/interface/lsp_interface_support.c:384;zr_vm_language_server/src/zr_vm_language_server/lsp_editor_features.c:708	commented	已从所列调用点核对职责与边界，注释位于声明或定义处
zr_vm_language_server/src/zr_vm_language_server/interface/lsp_interface_position.c	ZrLanguageServer_Lsp_FileUriToNativePath	function	zr_vm_language_server/src/zr_vm_language_server/interface/lsp_interface.c:1160;zr_vm_language_server/src/zr_vm_language_server/interface/lsp_workspace_edit_snapshot.c:62;zr_vm_language_server/src/zr_vm_language_server/lsp_code_lens.c:264	为项目、元数据和工作区编辑提供统一的 file URI 路径边界；非 file URI 由下层拒绝。	仅接受可转换的 file URI；返回假时输出缓冲区不可用	zr_vm_language_server/src/zr_vm_language_server/interface/lsp_interface_position.c:35;zr_vm_language_server/src/zr_vm_language_server/interface/lsp_interface.c:1160;zr_vm_language_server/src/zr_vm_language_server/interface/lsp_workspace_edit_snapshot.c:62	commented	已从所列调用点核对职责与边界，注释位于声明或定义处
zr_vm_language_server/src/zr_vm_language_server/interface/lsp_interface_position.c	ZrLanguageServer_LspRange_ToFileRangeWithContent	function	tests/language_server/test_lsp_position_mapping.c:278	将客户端选择范围绑定到解析器字节范围及借用的源 URI；调用者负责维持内容和 URI 有效。	输入坐标与内容快照须对应同一文档版本	zr_vm_language_server/src/zr_vm_language_server/interface/lsp_interface_position.c:42;tests/language_server/test_lsp_position_mapping.c:278	commented	已从所列调用点核对职责与边界，注释位于声明或定义处
zr_vm_language_server/src/zr_vm_language_server/interface/lsp_interface_position.c	ZrLanguageServer_LspPosition_FromFilePositionWithContent	function	zr_vm_language_server/src/zr_vm_language_server/interface/lsp_interface_support.c:1056;tests/language_server/test_lsp_incremental_equivalence.c:429;tests/language_server/test_lsp_position_fuzz.c:57	把解析器字节偏移转为 LSP UTF-16 位置；文件坐标中的行、列不替代偏移。	输入坐标与内容快照须对应同一文档版本	zr_vm_language_server/src/zr_vm_language_server/interface/lsp_interface_position.c:58;zr_vm_language_server/src/zr_vm_language_server/interface/lsp_interface_support.c:1056;tests/language_server/test_lsp_incremental_equivalence.c:429	commented	已从所列调用点核对职责与边界，注释位于声明或定义处
zr_vm_language_server/src/zr_vm_language_server/interface/lsp_interface_position.c	ZrLanguageServer_LspPosition_ToFilePositionWithContent	function	zr_vm_language_server/src/zr_vm_language_server/interface/lsp_interface.c:427;zr_vm_language_server/src/zr_vm_language_server/lsp_virtual_documents.c:51;zr_vm_language_server/src/zr_vm_language_server/semantic/lsp_local_semantic_query.c:151	把客户端 UTF-16 光标定位到解析器使用的字节偏移和一基文件坐标。	输入坐标与内容快照须对应同一文档版本	zr_vm_language_server/src/zr_vm_language_server/interface/lsp_interface_position.c:67;zr_vm_language_server/src/zr_vm_language_server/interface/lsp_interface.c:427;zr_vm_language_server/src/zr_vm_language_server/lsp_virtual_documents.c:51	commented	已从所列调用点核对职责与边界，注释位于声明或定义处
zr_vm_language_server/src/zr_vm_language_server/interface/lsp_interface_support.c	type_prototype_matches_name	function	zr_vm_language_server/src/zr_vm_language_server/interface/lsp_interface_support.c:2732	递归枚举继承成员时识别直接回边；调用方仍以深度上限兜底更长的类型环。	参与比较或展示的 SZrString 遵循 VM 生命周期；原生视图不跨同步调用保存	zr_vm_language_server/src/zr_vm_language_server/interface/lsp_interface_support.c:37;zr_vm_language_server/src/zr_vm_language_server/interface/lsp_interface_support.c:2732	commented	已从所列调用点核对职责与边界，注释位于声明或定义处
zr_vm_language_server/src/zr_vm_language_server/interface/lsp_interface_support.c	get_string_view	function	zr_vm_language_server/src/zr_vm_language_server/project/lsp_project.c:122;zr_vm_language_server/src/zr_vm_language_server/project/lsp_project_imports.c:78;zr_vm_language_server/src/zr_vm_language_server/interface/lsp_interface_support.c:215	本文件的名称匹配、Markdown 拼接共用此视图；返回的指针借用原 SZrString，不能独立释放。	参与比较或展示的 SZrString 遵循 VM 生命周期；原生视图不跨同步调用保存	zr_vm_language_server/src/zr_vm_language_server/interface/lsp_interface_support.c:43;zr_vm_language_server/src/zr_vm_language_server/project/lsp_project.c:122;zr_vm_language_server/src/zr_vm_language_server/project/lsp_project_imports.c:78	commented	已从所列调用点核对职责与边界，注释位于声明或定义处
zr_vm_language_server/src/zr_vm_language_server/interface/lsp_interface_support.c	receiver_type_text_is_specific	function	zr_vm_language_server/src/zr_vm_language_server/interface/lsp_interface_support.c:2148	接收者补全仅接受足以约束成员集合的类型文本，避免把 object/unknown 当作精确类型。	仅在本模块的当前语义查询或补全链中使用	zr_vm_language_server/src/zr_vm_language_server/interface/lsp_interface_support.c:64;zr_vm_language_server/src/zr_vm_language_server/interface/lsp_interface_support.c:2148	commented	已从所列调用点核对职责与边界，注释位于声明或定义处
zr_vm_language_server/src/zr_vm_language_server/interface/lsp_interface_support.c	receiver_symbol_is_type_declaration	function	zr_vm_language_server/src/zr_vm_language_server/interface/lsp_interface_support.c:3983	补全和导航以声明符号区分类型名的静态成员与实例成员，不能仅凭名称猜测。	仅在本模块的当前语义查询或补全链中使用	zr_vm_language_server/src/zr_vm_language_server/interface/lsp_interface_support.c:72;zr_vm_language_server/src/zr_vm_language_server/interface/lsp_interface_support.c:3983	commented	已从所列调用点核对职责与边界，注释位于声明或定义处
zr_vm_language_server/src/zr_vm_language_server/interface/lsp_interface_support.c	lsp_interface_support_file_range_contains_range	function	zr_vm_language_server/src/zr_vm_language_server/interface/lsp_interface_support.c:144	extern 声明归属判定优先用字节偏移，缺失偏移时才按行列比较；两端 source 需可比。	仅供本模块的同步调用链使用	zr_vm_language_server/src/zr_vm_language_server/interface/lsp_interface_support.c:84;zr_vm_language_server/src/zr_vm_language_server/interface/lsp_interface_support.c:144	commented	已从所列调用点核对职责与边界，注释位于声明或定义处
zr_vm_language_server/src/zr_vm_language_server/interface/lsp_interface_support.c	receiver_project_range_is_declared_in_extern_block	function	zr_vm_language_server/src/zr_vm_language_server/interface/lsp_interface_support.c:113	为无项目文件记录的接收者声明追溯 extern 块，以免把 FFI 包装声明误报为普通项目源码。	仅在本模块的当前语义查询或补全链中使用	zr_vm_language_server/src/zr_vm_language_server/interface/lsp_interface_support.c:104;zr_vm_language_server/src/zr_vm_language_server/interface/lsp_interface_support.c:113	commented	已从所列调用点核对职责与边界，注释位于声明或定义处
zr_vm_language_server/src/zr_vm_language_server/interface/lsp_interface_support.c	receiver_project_declaration_is_ffi_wrapper	function	zr_vm_language_server/src/zr_vm_language_server/interface/lsp_interface_support.c:192	元数据来源分类的 AST 回退路径：直接 extern 声明和 extern 块内声明都属于 FFI 包装。	analyzer 与传入 AST、符号或类型事实须属于同一语义版本	zr_vm_language_server/src/zr_vm_language_server/interface/lsp_interface_support.c:157;zr_vm_language_server/src/zr_vm_language_server/interface/lsp_interface_support.c:192	commented	已从所列调用点核对职责与边界，注释位于声明或定义处
zr_vm_language_server/src/zr_vm_language_server/interface/lsp_interface_support.c	receiver_project_member_source_kind	function	zr_vm_language_server/src/zr_vm_language_server/interface/lsp_interface_support.c:4110	优先信任项目索引的文件来源，再从声明 AST 推断；后续悬停和导航按来源选择投影路径。	analyzer 与传入 AST、符号或类型事实须属于同一语义版本	zr_vm_language_server/src/zr_vm_language_server/interface/lsp_interface_support.c:181;zr_vm_language_server/src/zr_vm_language_server/interface/lsp_interface_support.c:4110	commented	已从所列调用点核对职责与边界，注释位于声明或定义处
zr_vm_language_server/src/zr_vm_language_server/interface/lsp_interface_support.c	lsp_interface_support_file_position_from_offset	function	zr_vm_language_server/src/zr_vm_language_server/interface/lsp_interface_support.c:2140	接收者语义查询统一将当前文档的字节偏移转换为解析器坐标。	仅供本模块的同步调用链使用	zr_vm_language_server/src/zr_vm_language_server/interface/lsp_interface_support.c:198;zr_vm_language_server/src/zr_vm_language_server/interface/lsp_interface_support.c:2140	commented	已从所列调用点核对职责与边界，注释位于声明或定义处
zr_vm_language_server/src/zr_vm_language_server/interface/lsp_interface_support.c	ZrLanguageServer_Lsp_StringsEqual	function	zr_vm_language_server/src/zr_vm_language_server/interface/lsp_inlay_hints.c:408;zr_vm_language_server/src/zr_vm_language_server/interface/lsp_interface.c:290;zr_vm_language_server/src/zr_vm_language_server/interface/lsp_semantic_snapshot_cache.c:27	项目索引、快照与符号查询共用的值相等判定；两个空指针视为同一缺失值。	参与比较或展示的 SZrString 遵循 VM 生命周期；原生视图不跨同步调用保存	zr_vm_language_server/src/zr_vm_language_server/interface/lsp_interface_support.c:209;zr_vm_language_server/src/zr_vm_language_server/interface/lsp_inlay_hints.c:408;zr_vm_language_server/src/zr_vm_language_server/interface/lsp_interface.c:290	commented	已从所列调用点核对职责与边界，注释位于声明或定义处
zr_vm_language_server/src/zr_vm_language_server/interface/lsp_interface_support.c	ZrLanguageServer_Lsp_UrisResolveToSameNativePath	function	zr_vm_language_server/src/zr_vm_language_server/interface/lsp_inlay_hints.c:409;zr_vm_language_server/src/zr_vm_language_server/interface/lsp_interface.c:342;zr_vm_language_server/src/zr_vm_language_server/lsp_code_lens.c:210	编辑器 URI 别名比较交给 URI 层，供文档缓存和跨文件导航保持同一物理文件身份。	参与比较或展示的 SZrString 遵循 VM 生命周期；原生视图不跨同步调用保存	zr_vm_language_server/src/zr_vm_language_server/interface/lsp_interface_support.c:226;zr_vm_language_server/src/zr_vm_language_server/interface/lsp_inlay_hints.c:409;zr_vm_language_server/src/zr_vm_language_server/interface/lsp_interface.c:342	commented	已从所列调用点核对职责与边界，注释位于声明或定义处
zr_vm_language_server/src/zr_vm_language_server/interface/lsp_interface_support.c	ZrLanguageServer_Lsp_FindEquivalentUriKeyPair	function	zr_vm_language_server/src/zr_vm_language_server/incremental_parser.c:893;zr_vm_language_server/src/zr_vm_language_server/interface/lsp_interface.c:1203	打开文档和增量解析器在哈希键不一致时仍需找到物理路径等价的现存条目；返回借用键值对。	参与比较或展示的 SZrString 遵循 VM 生命周期；原生视图不跨同步调用保存	zr_vm_language_server/src/zr_vm_language_server/interface/lsp_interface_support.c:231;zr_vm_language_server/src/zr_vm_language_server/incremental_parser.c:893;zr_vm_language_server/src/zr_vm_language_server/interface/lsp_interface.c:1203	commented	已从所列调用点核对职责与边界，注释位于声明或定义处
zr_vm_language_server/src/zr_vm_language_server/interface/lsp_interface_support.c	ZrLanguageServer_Lsp_StringContainsCaseInsensitive	function	zr_vm_language_server/src/zr_vm_language_server/interface/lsp_interface.c:2489;zr_vm_language_server/src/zr_vm_language_server/project/lsp_project.c:3053	workspace/symbol 的宽松 ASCII 字节筛选；不提供 Unicode 大小写折叠语义。	参与比较或展示的 SZrString 遵循 VM 生命周期；原生视图不跨同步调用保存	zr_vm_language_server/src/zr_vm_language_server/interface/lsp_interface_support.c:260;zr_vm_language_server/src/zr_vm_language_server/interface/lsp_interface.c:2489;zr_vm_language_server/src/zr_vm_language_server/project/lsp_project.c:3053	commented	已从所列调用点核对职责与边界，注释位于声明或定义处
zr_vm_language_server/src/zr_vm_language_server/interface/lsp_interface_support.c	lsp_symbol_normalize_name_range	function	zr_vm_language_server/src/zr_vm_language_server/interface/lsp_interface_support.c:334	某些符号名称位置退化为零宽结束点时，尽量恢复可点击的标识符区间。	仅供本模块的同步调用链使用	zr_vm_language_server/src/zr_vm_language_server/interface/lsp_interface_support.c:298;zr_vm_language_server/src/zr_vm_language_server/interface/lsp_interface_support.c:334	commented	已从所列调用点核对职责与边界，注释位于声明或定义处
zr_vm_language_server/src/zr_vm_language_server/interface/lsp_interface_support.c	ZrLanguageServer_Lsp_GetSymbolLookupRange	function	zr_vm_language_server/src/zr_vm_language_server/interface/lsp_interface.c:2142;zr_vm_language_server/src/zr_vm_language_server/metadata/lsp_metadata_provider.c:1802;zr_vm_language_server/src/zr_vm_language_server/semantic/lsp_semantic_query.c:2728	定义、引用及元数据投影共用的符号选择区间；优先 AST 名称位置，再退回语义选择范围。	symbol 的 AST 名称位置或选择范围须仍有效；返回范围不延长 AST 生命周期	zr_vm_language_server/src/zr_vm_language_server/interface/lsp_interface_support.c:324;zr_vm_language_server/src/zr_vm_language_server/interface/lsp_interface.c:2142;zr_vm_language_server/src/zr_vm_language_server/metadata/lsp_metadata_provider.c:1802	commented	已从所列调用点核对职责与边界，注释位于声明或定义处
zr_vm_language_server/src/zr_vm_language_server/interface/lsp_interface_support.c	symbol_type_to_display_name	function	zr_vm_language_server/src/zr_vm_language_server/interface/lsp_interface_support.c:782	悬停与补全详情使用同一面向编辑器的符号类别名称。	仅在本模块的当前语义查询或补全链中使用	zr_vm_language_server/src/zr_vm_language_server/interface/lsp_interface_support.c:358;zr_vm_language_server/src/zr_vm_language_server/interface/lsp_interface_support.c:782	commented	已从所列调用点核对职责与边界，注释位于声明或定义处
zr_vm_language_server/src/zr_vm_language_server/interface/lsp_interface_support.c	resolve_file_offset	function	zr_vm_language_server/src/zr_vm_language_server/interface/lsp_interface_support.c:643	注释提取优先信任解析器偏移，缺失时用行列从当前文档重建。	content/contentLength 必须来自同一源码快照；不得越界读取	zr_vm_language_server/src/zr_vm_language_server/interface/lsp_interface_support.c:377;zr_vm_language_server/src/zr_vm_language_server/interface/lsp_interface_support.c:643	commented	已从所列调用点核对职责与边界，注释位于声明或定义处
zr_vm_language_server/src/zr_vm_language_server/interface/lsp_interface_support.c	find_line_start_offset	function	zr_vm_language_server/src/zr_vm_language_server/interface/lsp_interface_support.c:647	向前扫描相邻声明注释时定位当前行边界；调用方保证 offset 位于 content 内。	仅在本模块的当前语义查询或补全链中使用	zr_vm_language_server/src/zr_vm_language_server/interface/lsp_interface_support.c:391;zr_vm_language_server/src/zr_vm_language_server/interface/lsp_interface_support.c:647	commented	已从所列调用点核对职责与边界，注释位于声明或定义处
zr_vm_language_server/src/zr_vm_language_server/interface/lsp_interface_support.c	trim_line_start_offset	function	zr_vm_language_server/src/zr_vm_language_server/interface/lsp_interface_support.c:543	悬停注释显示仅剔除行首空白，保留注释正文的原始内容。	仅在本模块的当前语义查询或补全链中使用	zr_vm_language_server/src/zr_vm_language_server/interface/lsp_interface_support.c:400;zr_vm_language_server/src/zr_vm_language_server/interface/lsp_interface_support.c:543	commented	已从所列调用点核对职责与边界，注释位于声明或定义处
zr_vm_language_server/src/zr_vm_language_server/interface/lsp_interface_support.c	trim_line_end_offset	function	zr_vm_language_server/src/zr_vm_language_server/interface/lsp_interface_support.c:544	与行首裁剪配合，限制注释正文范围而不修改文档缓冲区。	仅在本模块的当前语义查询或补全链中使用	zr_vm_language_server/src/zr_vm_language_server/interface/lsp_interface_support.c:409;zr_vm_language_server/src/zr_vm_language_server/interface/lsp_interface_support.c:544	commented	已从所列调用点核对职责与边界，注释位于声明或定义处
zr_vm_language_server/src/zr_vm_language_server/interface/lsp_interface_support.c	skip_line_breaks_backward	function	zr_vm_language_server/src/zr_vm_language_server/interface/lsp_interface_support.c:648	处理 LF/CRLF 后退边界，确保只检查紧贴声明的上一行注释。	仅在本模块的当前语义查询或补全链中使用	zr_vm_language_server/src/zr_vm_language_server/interface/lsp_interface_support.c:418;zr_vm_language_server/src/zr_vm_language_server/interface/lsp_interface_support.c:648	commented	已从所列调用点核对职责与边界，注释位于声明或定义处
zr_vm_language_server/src/zr_vm_language_server/interface/lsp_interface_support.c	line_contains_literal	function	zr_vm_language_server/src/zr_vm_language_server/interface/lsp_interface_support.c:697	有界识别块注释界符，避免在未终止的文档切片上使用 C 字符串搜索。	仅在本模块的当前语义查询或补全链中使用	zr_vm_language_server/src/zr_vm_language_server/interface/lsp_interface_support.c:427;zr_vm_language_server/src/zr_vm_language_server/interface/lsp_interface_support.c:697	commented	已从所列调用点核对职责与边界，注释位于声明或定义处
zr_vm_language_server/src/zr_vm_language_server/interface/lsp_interface_support.c	append_buffer_slice	function	zr_vm_language_server/src/zr_vm_language_server/interface/lsp_interface_support.c:481	各种悬停文本都走同一有界拼接契约；超出固定缓冲容量的尾部会被截断。	buffer 可写且容量由 bufferSize 限制；失败时不可展示部分文本	zr_vm_language_server/src/zr_vm_language_server/interface/lsp_interface_support.c:448;zr_vm_language_server/src/zr_vm_language_server/interface/lsp_interface_support.c:481	commented	已从所列调用点核对职责与边界，注释位于声明或定义处
zr_vm_language_server/src/zr_vm_language_server/interface/lsp_interface_support.c	append_buffer_text	function	zr_vm_language_server/src/zr_vm_language_server/interface/lsp_interface_support.c:556	仅供已终止的静态文本及类型文本使用，最终容量仍由 append_buffer_slice 控制。	buffer 可写且容量由 bufferSize 限制；失败时不可展示部分文本	zr_vm_language_server/src/zr_vm_language_server/interface/lsp_interface_support.c:473;zr_vm_language_server/src/zr_vm_language_server/interface/lsp_interface_support.c:556	commented	已从所列调用点核对职责与边界，注释位于声明或定义处
zr_vm_language_server/src/zr_vm_language_server/interface/lsp_interface_support.c	append_symbol_ffi_hover_metadata	function	zr_vm_language_server/src/zr_vm_language_server/interface/lsp_interface_support.c:520	把符号表承载的 FFI 来源说明纳入悬停正文，避免项目来源在展示层丢失。	buffer 可写且容量由 bufferSize 限制；失败时不可展示部分文本	zr_vm_language_server/src/zr_vm_language_server/interface/lsp_interface_support.c:485;zr_vm_language_server/src/zr_vm_language_server/interface/lsp_interface_support.c:520	commented	已从所列调用点核对职责与边界，注释位于声明或定义处
zr_vm_language_server/src/zr_vm_language_server/interface/lsp_interface_support.c	ZrLanguageServer_Lsp_AppendSymbolFfiMetadataMarkdown	function	zr_vm_language_server/src/zr_vm_language_server/metadata/lsp_metadata_provider.c:1939;zr_vm_language_server/src/zr_vm_language_server/semantic/lsp_canonical_hover.c:202	元数据提供者的补充入口；若基础 Markdown 已含相同 FFI 说明，则保留原对象。	base 与 symbol 由 VM/分析器持有；返回 VM 字符串不按原生缓冲区释放	zr_vm_language_server/src/zr_vm_language_server/interface/lsp_interface_support.c:505;zr_vm_language_server/src/zr_vm_language_server/metadata/lsp_metadata_provider.c:1939;zr_vm_language_server/src/zr_vm_language_server/semantic/lsp_canonical_hover.c:202	commented	已从所列调用点核对职责与边界，注释位于声明或定义处
zr_vm_language_server/src/zr_vm_language_server/interface/lsp_interface_support.c	append_cleaned_line_comment	function	zr_vm_language_server/src/zr_vm_language_server/interface/lsp_interface_support.c:686	悬停文档消费连续 // 行时去掉标记，并用换行保持原有段落顺序。	buffer 可写且容量由 bufferSize 限制；失败时不可展示部分文本	zr_vm_language_server/src/zr_vm_language_server/interface/lsp_interface_support.c:537;zr_vm_language_server/src/zr_vm_language_server/interface/lsp_interface_support.c:686	commented	已从所列调用点核对职责与边界，注释位于声明或定义处
zr_vm_language_server/src/zr_vm_language_server/interface/lsp_interface_support.c	append_cleaned_block_comment_line	function	zr_vm_language_server/src/zr_vm_language_server/interface/lsp_interface_support.c:725	悬停文档消费块注释时去掉边界与星号，保留声明前原有说明。	buffer 可写且容量由 bufferSize 限制；失败时不可展示部分文本	zr_vm_language_server/src/zr_vm_language_server/interface/lsp_interface_support.c:562;zr_vm_language_server/src/zr_vm_language_server/interface/lsp_interface_support.c:725	commented	已从所列调用点核对职责与边界，注释位于声明或定义处
zr_vm_language_server/src/zr_vm_language_server/interface/lsp_interface_support.c	extract_leading_comment_text	function	zr_vm_language_server/src/zr_vm_language_server/interface/lsp_interface_support.c:752	只读取紧贴符号声明的有限行数，防止悬停吸入与声明无关的文件头或前一段代码。	buffer 可写且容量由 bufferSize 限制；失败时不可展示部分文本	zr_vm_language_server/src/zr_vm_language_server/interface/lsp_interface_support.c:621;zr_vm_language_server/src/zr_vm_language_server/interface/lsp_interface_support.c:752	commented	已从所列调用点核对职责与边界，注释位于声明或定义处
zr_vm_language_server/src/zr_vm_language_server/interface/lsp_interface_support.c	ZrLanguageServer_Lsp_ExtractLeadingCommentMarkdown	function	zr_vm_language_server/src/zr_vm_language_server/interface/lsp_interface.c:1981;zr_vm_language_server/src/zr_vm_language_server/metadata/lsp_metadata_provider.c:1951;zr_vm_language_server/src/zr_vm_language_server/semantic/lsp_canonical_hover.c:193	供本地和规范化悬停复用声明前注释；返回新建的 GC 字符串或空值。	content 必须对应 symbol 的源码版本；返回 VM 字符串由 VM 管理	zr_vm_language_server/src/zr_vm_language_server/interface/lsp_interface_support.c:742;zr_vm_language_server/src/zr_vm_language_server/interface/lsp_interface.c:1981;zr_vm_language_server/src/zr_vm_language_server/metadata/lsp_metadata_provider.c:1951	commented	已从所列调用点核对职责与边界，注释位于声明或定义处
zr_vm_language_server/src/zr_vm_language_server/interface/lsp_interface_support.c	ZrLanguageServer_Lsp_BuildSymbolMarkdownDocumentation	function	zr_vm_language_server/src/zr_vm_language_server/interface/lsp_interface.c:1918;zr_vm_language_server/src/zr_vm_language_server/metadata/lsp_metadata_provider.c:1933;zr_vm_language_server/src/zr_vm_language_server/interface/lsp_interface_support.c:892	补全和悬停共用的声明展示：汇合属性签名、推断类型、FFI 来源及邻接注释。	返回 VM 字符串由 VM/GC 管理；symbol 和 analyzer 属于同一快照	zr_vm_language_server/src/zr_vm_language_server/interface/lsp_interface_support.c:764;zr_vm_language_server/src/zr_vm_language_server/interface/lsp_interface.c:1918;zr_vm_language_server/src/zr_vm_language_server/metadata/lsp_metadata_provider.c:1933	commented	已从所列调用点核对职责与边界，注释位于声明或定义处
zr_vm_language_server/src/zr_vm_language_server/interface/lsp_interface_support.c	append_resolved_type_to_detail	function	zr_vm_language_server/src/zr_vm_language_server/interface/lsp_interface_support.c:901	补全详情在同名接收者上附加精确推断类型，重复请求时避免重复写入该事实。	参与比较或展示的 SZrString 遵循 VM 生命周期；原生视图不跨同步调用保存	zr_vm_language_server/src/zr_vm_language_server/interface/lsp_interface_support.c:829;zr_vm_language_server/src/zr_vm_language_server/interface/lsp_interface_support.c:901	commented	已从所列调用点核对职责与边界，注释位于声明或定义处
zr_vm_language_server/src/zr_vm_language_server/interface/lsp_interface_support.c	ZrLanguageServer_Lsp_EnrichCompletionItemMetadata	function	zr_vm_language_server/src/zr_vm_language_server/semantic/lsp_semantic_query.c:2999	语义补全结果统一补入符号详情、文档和语义事实；已有文档由上游决定，不能覆盖。	item 属于本次补全结果；关联分析器和内容必须为同一文档版本	zr_vm_language_server/src/zr_vm_language_server/interface/lsp_interface_support.c:871;zr_vm_language_server/src/zr_vm_language_server/semantic/lsp_semantic_query.c:2999	commented	已从所列调用点核对职责与边界，注释位于声明或定义处
zr_vm_language_server/src/zr_vm_language_server/interface/lsp_interface_support.c	should_suppress_parser_diagnostic	function	zr_vm_language_server/src/zr_vm_language_server/interface/lsp_interface_support.c:1077	仅屏蔽 parser 已明确标识的旧模块语法提示，避免兼容文本干扰编辑器诊断。	仅在本模块的当前语义查询或补全链中使用	zr_vm_language_server/src/zr_vm_language_server/interface/lsp_interface_support.c:906;zr_vm_language_server/src/zr_vm_language_server/interface/lsp_interface_support.c:1077	commented	已从所列调用点核对职责与边界，注释位于声明或定义处
zr_vm_language_server/src/zr_vm_language_server/interface/lsp_interface_support.c	lsp_diagnostic_message_with_context	function	zr_vm_language_server/src/zr_vm_language_server/interface/lsp_interface_support.c:1089	将原因和建议并入 LSP 消息；原始诊断仍归解析器/分析器所有，返回 GC 字符串。	仅供本模块的同步调用链使用	zr_vm_language_server/src/zr_vm_language_server/interface/lsp_interface_support.c:938;zr_vm_language_server/src/zr_vm_language_server/interface/lsp_interface_support.c:1089	commented	已从所列调用点核对职责与边界，注释位于声明或定义处
zr_vm_language_server/src/zr_vm_language_server/interface/lsp_interface_support.c	ZrLanguageServer_Lsp_RangeFromFileRangeForDocument	function	zr_vm_language_server/src/zr_vm_language_server/interface/lsp_diagnostic_fixes.c:35;zr_vm_language_server/src/zr_vm_language_server/interface/lsp_interface.c:327;zr_vm_language_server/src/zr_vm_language_server/lsp_canonical_signature_help.c:282	各导航/诊断提供者的 UTF-16 投影入口；读取目标 URI 的内容快照，失败时返回零范围。	输入坐标与内容快照须对应同一文档版本	zr_vm_language_server/src/zr_vm_language_server/interface/lsp_interface_support.c:1008;zr_vm_language_server/src/zr_vm_language_server/interface/lsp_diagnostic_fixes.c:35;zr_vm_language_server/src/zr_vm_language_server/interface/lsp_interface.c:327	commented	已从所列调用点核对职责与边界，注释位于声明或定义处
zr_vm_language_server/src/zr_vm_language_server/interface/lsp_interface_support.c	ZrLanguageServer_Lsp_PositionFromFilePositionForDocument	function	zr_vm_language_server/src/zr_vm_language_server/interface/lsp_inlay_hints.c:285;tests/language_server/test_lsp_source_contracts.c:327	inlay hint 等单点位置沿用目标文档快照，保证协议列号与编辑器 UTF-16 模型一致。	输入坐标与内容快照须对应同一文档版本	zr_vm_language_server/src/zr_vm_language_server/interface/lsp_interface_support.c:1046;zr_vm_language_server/src/zr_vm_language_server/interface/lsp_inlay_hints.c:285;tests/language_server/test_lsp_source_contracts.c:327	commented	已从所列调用点核对职责与边界，注释位于声明或定义处
zr_vm_language_server/src/zr_vm_language_server/interface/lsp_interface_support.c	lsp_append_diagnostic_internal	function	tests/language_server/test_lsp_source_contracts.c:331;zr_vm_language_server/src/zr_vm_language_server/interface/lsp_interface_support.c:1119	诊断发布共同入口：先投影范围，再关联原因、补充位置和修复建议；结果项由调用方释放。	仅供本模块的同步调用链使用	zr_vm_language_server/src/zr_vm_language_server/interface/lsp_interface_support.c:1070;tests/language_server/test_lsp_source_contracts.c:331;zr_vm_language_server/src/zr_vm_language_server/interface/lsp_interface_support.c:1119	commented	已从所列调用点核对职责与边界，注释位于声明或定义处
zr_vm_language_server/src/zr_vm_language_server/interface/lsp_interface_support.c	ZrLanguageServer_Lsp_AppendDiagnostic	function	仓内未发现直接调用；有文档上下文的生产路径调用 AppendDiagnosticForDocument	无文档上下文的诊断投影接口；仓内未发现调用，保留给直接使用 LSP C API 的消费者。	仓内无直接调用；无文档快照时坐标投影可能失去精度	zr_vm_language_server/src/zr_vm_language_server/interface/lsp_interface_support.c:1118;zr_vm_language_server/src/zr_vm_language_server/interface/lsp_interface.c:1638	commented	已从所列调用点核对职责与边界，注释位于声明或定义处
zr_vm_language_server/src/zr_vm_language_server/interface/lsp_interface_support.c	ZrLanguageServer_Lsp_AppendDiagnosticForDocument	function	zr_vm_language_server/src/zr_vm_language_server/interface/lsp_interface.c:1638	GetDiagnostics 将解析器、语义和导入诊断汇入此入口，以当前文档内容投影 UTF-16 范围。	context、uri 对应诊断的文档版本；结果数组由诊断释放路径处理	zr_vm_language_server/src/zr_vm_language_server/interface/lsp_interface_support.c:1123;zr_vm_language_server/src/zr_vm_language_server/interface/lsp_interface.c:1638	commented	已从所列调用点核对职责与边界，注释位于声明或定义处
zr_vm_language_server/src/zr_vm_language_server/interface/lsp_interface_support.c	symbol_type_to_lsp_kind	function	zr_vm_language_server/src/zr_vm_language_server/interface/lsp_interface_support.c:1166	文档符号及工作区符号共享的类别投影；未知内部类型退回变量类别。	仅在本模块的当前语义查询或补全链中使用	zr_vm_language_server/src/zr_vm_language_server/interface/lsp_interface_support.c:1132;zr_vm_language_server/src/zr_vm_language_server/interface/lsp_interface_support.c:1166	commented	已从所列调用点核对职责与边界，注释位于声明或定义处
zr_vm_language_server/src/zr_vm_language_server/interface/lsp_interface_support.c	lsp_create_symbol_information_internal	function	zr_vm_language_server/src/zr_vm_language_server/interface/lsp_interface_support.c:1178	对外符号结果借用符号名称和 URI，范围投影依赖当前文档或原生声明虚拟文档。	仅供本模块的同步调用链使用	zr_vm_language_server/src/zr_vm_language_server/interface/lsp_interface_support.c:1151;zr_vm_language_server/src/zr_vm_language_server/interface/lsp_interface_support.c:1178	commented	已从所列调用点核对职责与边界，注释位于声明或定义处
zr_vm_language_server/src/zr_vm_language_server/interface/lsp_interface_support.c	ZrLanguageServer_Lsp_CreateSymbolInformation	function	zr_vm_language_server/src/zr_vm_language_server/project/lsp_project.c:3055	应核对现有 workspace/symbol UTF-16 用例并将目标文件内容传给投影入口。	未传文档上下文时范围可能降为零；返回原生结构体由调用方清理	zr_vm_language_server/src/zr_vm_language_server/interface/lsp_interface_support.c:1177;zr_vm_language_server/src/zr_vm_language_server/project/lsp_project.c:3055;zr_vm_language_server/src/zr_vm_language_server/interface/lsp_interface_support.c:1175;zr_vm_language_server/src/zr_vm_language_server/interface/lsp_interface_support.c:1178;zr_vm_language_server/src/zr_vm_language_server/interface/lsp_interface_support.c:1038	BUG	BUG: 项目工作区符号在 lsp_project.c 的调用没有 context，范围转换必定得到 0:0-0:0； 应核对现有 workspace/symbol UTF-16 用例并将目标文件内容传给投影入口。
zr_vm_language_server/src/zr_vm_language_server/interface/lsp_interface_support.c	ZrLanguageServer_Lsp_CreateSymbolInformationForDocument	function	zr_vm_language_server/src/zr_vm_language_server/interface/lsp_interface.c:2419	打开文档的 document/workspace symbol 路径携带 URI 与上下文，以便按实际内容计算选择范围。	context、uri 与符号声明来源一致；返回原生结构体由调用方清理	zr_vm_language_server/src/zr_vm_language_server/interface/lsp_interface_support.c:1182;zr_vm_language_server/src/zr_vm_language_server/interface/lsp_interface.c:2419	commented	已从所列调用点核对职责与边界，注释位于声明或定义处
zr_vm_language_server/src/zr_vm_language_server/interface/lsp_interface_support.c	extract_identifier_name_from_node	function	zr_vm_language_server/src/zr_vm_language_server/interface/lsp_interface_support.c:4766	变量原型回退仅能按简单标识符关联声明；复杂解构由语义事实路径负责。	参与比较或展示的 SZrString 遵循 VM 生命周期；原生视图不跨同步调用保存	zr_vm_language_server/src/zr_vm_language_server/interface/lsp_interface_support.c:1191;zr_vm_language_server/src/zr_vm_language_server/interface/lsp_interface_support.c:4766	commented	已从所列调用点核对职责与边界，注释位于声明或定义处
zr_vm_language_server/src/zr_vm_language_server/interface/lsp_interface_support.c	extract_construct_target_type_name_from_node	function	zr_vm_language_server/src/zr_vm_language_server/interface/lsp_interface_support.c:1223	在构造表达式缺少可用推断事实时，从目标 AST 提取供原型查询使用的类型名。	参与比较或展示的 SZrString 遵循 VM 生命周期；原生视图不跨同步调用保存	zr_vm_language_server/src/zr_vm_language_server/interface/lsp_interface_support.c:1200;zr_vm_language_server/src/zr_vm_language_server/interface/lsp_interface_support.c:1223	commented	已从所列调用点核对职责与边界，注释位于声明或定义处
zr_vm_language_server/src/zr_vm_language_server/interface/lsp_interface_support.c	resolve_construct_target_prototype_from_node	function	zr_vm_language_server/src/zr_vm_language_server/interface/lsp_interface_support.c:4793	构造变量补全借用编译器的目标推断；优先精确原型，声明类型名只是回退线索。	buffer 可写且容量由 bufferSize 限制；失败时不可展示部分文本	zr_vm_language_server/src/zr_vm_language_server/interface/lsp_interface_support.c:1249;zr_vm_language_server/src/zr_vm_language_server/interface/lsp_interface_support.c:4793	commented	已从所列调用点核对职责与边界，注释位于声明或定义处
zr_vm_language_server/src/zr_vm_language_server/interface/lsp_interface_support.c	get_class_property_name	function	zr_vm_language_server/src/zr_vm_language_server/interface/lsp_interface_support.c:1559	AST 类成员补全要展示属性名，而非生成的 getter/setter 符号名。	参与比较或展示的 SZrString 遵循 VM 生命周期；原生视图不跨同步调用保存	zr_vm_language_server/src/zr_vm_language_server/interface/lsp_interface_support.c:1293;zr_vm_language_server/src/zr_vm_language_server/interface/lsp_interface_support.c:1559	commented	已从所列调用点核对职责与边界，注释位于声明或定义处
zr_vm_language_server/src/zr_vm_language_server/interface/lsp_interface_support.c	completion_items_contains_label	function	zr_vm_language_server/src/zr_vm_language_server/interface/lsp_interface_support.c:1434	多来源成员补全以显示标签去重，防止继承链重复建议同名成员。	参与比较或展示的 SZrString 遵循 VM 生命周期；原生视图不跨同步调用保存	zr_vm_language_server/src/zr_vm_language_server/interface/lsp_interface_support.c:1313;zr_vm_language_server/src/zr_vm_language_server/interface/lsp_interface_support.c:1434	commented	已从所列调用点核对职责与边界，注释位于声明或定义处
zr_vm_language_server/src/zr_vm_language_server/interface/lsp_interface_support.c	symbol_name_matches	function	zr_vm_language_server/src/zr_vm_language_server/interface/lsp_interface_support.c:1411	补全元数据允许属性展示名匹配编译器生成的访问器名；普通符号仍按全名匹配。	参与比较或展示的 SZrString 遵循 VM 生命周期；原生视图不跨同步调用保存	zr_vm_language_server/src/zr_vm_language_server/interface/lsp_interface_support.c:1331;zr_vm_language_server/src/zr_vm_language_server/interface/lsp_interface_support.c:1411	commented	已从所列调用点核对职责与边界，注释位于声明或定义处
zr_vm_language_server/src/zr_vm_language_server/interface/lsp_interface_support.c	completion_metadata_symbol_priority	function	zr_vm_language_server/src/zr_vm_language_server/interface/lsp_interface_support.c:1387	同一展示名存在属性、访问器和字段时，文档应以用户可见属性契约优先。	仅在本模块的当前语义查询或补全链中使用	zr_vm_language_server/src/zr_vm_language_server/interface/lsp_interface_support.c:1361;zr_vm_language_server/src/zr_vm_language_server/interface/lsp_interface_support.c:1387	commented	已从所列调用点核对职责与边界，注释位于声明或定义处
zr_vm_language_server/src/zr_vm_language_server/interface/lsp_interface_support.c	completion_metadata_symbol_is_better	function	zr_vm_language_server/src/zr_vm_language_server/interface/lsp_interface_support.c:1415	全作用域搜寻同名候选时只替换更适合展示的符号，维持稳定的元数据来源。	仅在本模块的当前语义查询或补全链中使用	zr_vm_language_server/src/zr_vm_language_server/interface/lsp_interface_support.c:1379;zr_vm_language_server/src/zr_vm_language_server/interface/lsp_interface_support.c:1415	commented	已从所列调用点核对职责与边界，注释位于声明或定义处
zr_vm_language_server/src/zr_vm_language_server/interface/lsp_interface_support.c	find_symbol_for_completion_metadata	function	zr_vm_language_server/src/zr_vm_language_server/interface/lsp_interface_support.c:885	补全标签缺少符号指针时再回查作用域；优先直接可见符号，再考虑属性访问器别名。	参与比较或展示的 SZrString 遵循 VM 生命周期；原生视图不跨同步调用保存	zr_vm_language_server/src/zr_vm_language_server/interface/lsp_interface_support.c:1391;zr_vm_language_server/src/zr_vm_language_server/interface/lsp_interface_support.c:885	commented	已从所列调用点核对职责与边界，注释位于声明或定义处
zr_vm_language_server/src/zr_vm_language_server/interface/lsp_interface_support.c	append_completion_item_for_symbol_name	function	zr_vm_language_server/src/zr_vm_language_server/interface/lsp_interface_support.c:1462	AST/原型/原生描述符的成员枚举统一创建展示项；result 须为已初始化的指针数组。	result 为可写数组；调用方在本次补全结束后清理已追加元素	zr_vm_language_server/src/zr_vm_language_server/interface/lsp_interface_support.c:1425;zr_vm_language_server/src/zr_vm_language_server/interface/lsp_interface_support.c:1462	commented	已从所列调用点核对职责与边界，注释位于声明或定义处
zr_vm_language_server/src/zr_vm_language_server/interface/lsp_interface_support.c	append_completion_item_for_native_name	function	zr_vm_language_server/src/zr_vm_language_server/interface/lsp_interface_support.c:1978	原生描述符以 C 字符串存储名称，此入口将其转为 VM 字符串后沿用成员去重规则。	result 为可写数组；调用方在本次补全结束后清理已追加元素	zr_vm_language_server/src/zr_vm_language_server/interface/lsp_interface_support.c:1450;zr_vm_language_server/src/zr_vm_language_server/interface/lsp_interface_support.c:1978	commented	已从所列调用点核对职责与边界，注释位于声明或定义处
zr_vm_language_server/src/zr_vm_language_server/interface/lsp_interface_support.c	completion_type_member_display_name	function	zr_vm_language_server/src/zr_vm_language_server/interface/lsp_interface_support.c:4263	编译器原型中的属性访问器投影为属性补全，并跳过已有 propertySymbolId 的访问器副本。	参与比较或展示的 SZrString 遵循 VM 生命周期；原生视图不跨同步调用保存	zr_vm_language_server/src/zr_vm_language_server/interface/lsp_interface_support.c:1467;zr_vm_language_server/src/zr_vm_language_server/interface/lsp_interface_support.c:4263	commented	已从所列调用点核对职责与边界，注释位于声明或定义处
zr_vm_language_server/src/zr_vm_language_server/interface/lsp_interface_support.c	append_class_member_completions_recursive	function	zr_vm_language_server/src/zr_vm_language_server/interface/lsp_interface_support.c:1584	原型信息不足时从类 AST 恢复本类和基类成员；静态/实例筛选与深度上限由调用方传入。	analyzer 与传入 AST、符号或类型事实须属于同一语义版本	zr_vm_language_server/src/zr_vm_language_server/interface/lsp_interface_support.c:1517;zr_vm_language_server/src/zr_vm_language_server/interface/lsp_interface_support.c:1584	commented	已从所列调用点核对职责与边界，注释位于声明或定义处
zr_vm_language_server/src/zr_vm_language_server/interface/lsp_interface_support.c	append_struct_member_completions_recursive	function	zr_vm_language_server/src/zr_vm_language_server/interface/lsp_interface_support.c:1658	结构体补全的 AST 回退路径，供显式类型及构造变量接收者共享。	analyzer 与传入 AST、符号或类型事实须属于同一语义版本	zr_vm_language_server/src/zr_vm_language_server/interface/lsp_interface_support.c:1597;zr_vm_language_server/src/zr_vm_language_server/interface/lsp_interface_support.c:1658	commented	已从所列调用点核对职责与边界，注释位于声明或定义处
zr_vm_language_server/src/zr_vm_language_server/interface/lsp_interface_support.c	append_type_symbol_member_completions_by_name	function	zr_vm_language_server/src/zr_vm_language_server/interface/lsp_interface_support.c:2197	将推断出的泛型或限定类型文本定位到源码类型符号，作为原型与原生描述符之间的回退。	analyzer 与传入 AST、符号或类型事实须属于同一语义版本	zr_vm_language_server/src/zr_vm_language_server/interface/lsp_interface_support.c:1671;zr_vm_language_server/src/zr_vm_language_server/interface/lsp_interface_support.c:2197	commented	已从所列调用点核对职责与边界，注释位于声明或定义处
zr_vm_language_server/src/zr_vm_language_server/interface/lsp_interface_support.c	find_type_prototype_by_text	function	zr_vm_language_server/src/zr_vm_language_server/interface/lsp_interface_support.c:1289	接收者成员查询复用编译器原型；同名时优先当前源码定义，仍可回退导入的原生原型。	analyzer 与传入 AST、符号或类型事实须属于同一语义版本	zr_vm_language_server/src/zr_vm_language_server/interface/lsp_interface_support.c:1709;zr_vm_language_server/src/zr_vm_language_server/interface/lsp_interface_support.c:1289	commented	已从所列调用点核对职责与边界，注释位于声明或定义处
zr_vm_language_server/src/zr_vm_language_server/interface/lsp_interface_support.c	extract_base_type_name	function	zr_vm_language_server/src/zr_vm_language_server/interface/lsp_interface_support.c:1685	符号表与原生描述符以基础类型名索引；在泛型/数组修饰与模块前缀后提取该键。	buffer 可写且容量由 bufferSize 限制；失败时不可展示部分文本	zr_vm_language_server/src/zr_vm_language_server/interface/lsp_interface_support.c:1799;zr_vm_language_server/src/zr_vm_language_server/interface/lsp_interface_support.c:1685	commented	已从所列调用点核对职责与边界，注释位于声明或定义处
zr_vm_language_server/src/zr_vm_language_server/interface/lsp_interface_support.c	find_native_type_descriptor_in_module	function	zr_vm_language_server/src/zr_vm_language_server/interface/lsp_interface_support.c:1873	模块限定查找只返回其直接声明的类型描述符，链接模块由上层图搜索处理。	仅在本模块的当前语义查询或补全链中使用	zr_vm_language_server/src/zr_vm_language_server/interface/lsp_interface_support.c:1838;zr_vm_language_server/src/zr_vm_language_server/interface/lsp_interface_support.c:1873	commented	已从所列调用点核对职责与边界，注释位于声明或定义处
zr_vm_language_server/src/zr_vm_language_server/interface/lsp_interface_support.c	find_native_type_descriptor_in_module_graph	function	zr_vm_language_server/src/zr_vm_language_server/interface/lsp_interface_support.c:1897	对某个导入模块及其链接模块查类型，避免直接退到全局同名类型造成来源混淆。	state 及其全局分配器在本次同步调用期间保持有效	zr_vm_language_server/src/zr_vm_language_server/interface/lsp_interface_support.c:1857;zr_vm_language_server/src/zr_vm_language_server/interface/lsp_interface_support.c:1897	commented	已从所列调用点核对职责与边界，注释位于声明或定义处
zr_vm_language_server/src/zr_vm_language_server/interface/lsp_interface_support.c	find_native_type_descriptor_across_modules	function	zr_vm_language_server/src/zr_vm_language_server/interface/lsp_interface_support.c:2038	接收者原生类型解析按当前文件导入来源优先，最后才查已注册模块的全局描述符。	analyzer 与传入 AST、符号或类型事实须属于同一语义版本	zr_vm_language_server/src/zr_vm_language_server/interface/lsp_interface_support.c:1911;zr_vm_language_server/src/zr_vm_language_server/interface/lsp_interface_support.c:2038	commented	已从所列调用点核对职责与边界，注释位于声明或定义处
zr_vm_language_server/src/zr_vm_language_server/interface/lsp_interface_support.c	append_native_type_descriptor_member_completions	function	zr_vm_language_server/src/zr_vm_language_server/interface/lsp_interface_support.c:1996	原生方法/字段补全追踪 extends 与 implements 描述符；返回项使用显示名去重。	result 为可写数组；调用方在本次补全结束后清理已追加元素	zr_vm_language_server/src/zr_vm_language_server/interface/lsp_interface_support.c:1963;zr_vm_language_server/src/zr_vm_language_server/interface/lsp_interface_support.c:1996	commented	已从所列调用点核对职责与边界，注释位于声明或定义处
zr_vm_language_server/src/zr_vm_language_server/interface/lsp_interface_support.c	append_receiver_native_type_completions	function	zr_vm_language_server/src/zr_vm_language_server/interface/lsp_interface_support.c:2201	仅在已解析到具体原生类型描述符时填充接收者成员，供静态与实例补全共用。	analyzer 与传入 AST、符号或类型事实须属于同一语义版本	zr_vm_language_server/src/zr_vm_language_server/interface/lsp_interface_support.c:2024;zr_vm_language_server/src/zr_vm_language_server/interface/lsp_interface_support.c:2201	commented	已从所列调用点核对职责与边界，注释位于声明或定义处
zr_vm_language_server/src/zr_vm_language_server/interface/lsp_interface_support.c	copy_type_text_from_symbol	function	zr_vm_language_server/src/zr_vm_language_server/interface/lsp_interface_support.c:2284	精确符号查找成功后，从符号类型信息提取接收者类型；写入调用方提供的定长缓冲区。	buffer 可写且容量由 bufferSize 限制；失败时不可展示部分文本	zr_vm_language_server/src/zr_vm_language_server/interface/lsp_interface_support.c:2064;zr_vm_language_server/src/zr_vm_language_server/interface/lsp_interface_support.c:2284	commented	已从所列调用点核对职责与边界，注释位于声明或定义处
zr_vm_language_server/src/zr_vm_language_server/interface/lsp_interface_support.c	copy_type_text_from_type_env	function	zr_vm_language_server/src/zr_vm_language_server/interface/lsp_interface_support.c:2285	符号类型缺失时使用编译器变量环境；临时 SZrInferredType 由本函数释放。	buffer 可写且容量由 bufferSize 限制；失败时不可展示部分文本	zr_vm_language_server/src/zr_vm_language_server/interface/lsp_interface_support.c:2086;zr_vm_language_server/src/zr_vm_language_server/interface/lsp_interface_support.c:2285	commented	已从所列调用点核对职责与边界，注释位于声明或定义处
zr_vm_language_server/src/zr_vm_language_server/interface/lsp_interface_support.c	copy_type_text_from_reference_fact	function	zr_vm_language_server/src/zr_vm_language_server/interface/lsp_interface_support.c:2268	语义引用事实优于名称级推断，可避免局部遮蔽时取到同名变量的错误类型。	buffer 可写且容量由 bufferSize 限制；失败时不可展示部分文本	zr_vm_language_server/src/zr_vm_language_server/interface/lsp_interface_support.c:2121;zr_vm_language_server/src/zr_vm_language_server/interface/lsp_interface_support.c:2268	commented	已从所列调用点核对职责与边界，注释位于声明或定义处
zr_vm_language_server/src/zr_vm_language_server/interface/lsp_interface_support.c	receiver_name_is_explicit_type_binding	function	zr_vm_language_server/src/zr_vm_language_server/interface/lsp_interface_support.c:2180	裸类型名补全需查编译器的类型绑定，防止把同名普通变量当作静态接收者。	analyzer 与传入 AST、符号或类型事实须属于同一语义版本	zr_vm_language_server/src/zr_vm_language_server/interface/lsp_interface_support.c:2160;zr_vm_language_server/src/zr_vm_language_server/interface/lsp_interface_support.c:2180	commented	已从所列调用点核对职责与边界，注释位于声明或定义处
zr_vm_language_server/src/zr_vm_language_server/interface/lsp_interface_support.c	append_receiver_explicit_type_binding_completions	function	zr_vm_language_server/src/zr_vm_language_server/interface/lsp_interface_support.c:5055	当接收者是显式类型绑定时依次尝试原型、源码符号与原生描述符的静态成员。	analyzer 与传入 AST、符号或类型事实须属于同一语义版本	zr_vm_language_server/src/zr_vm_language_server/interface/lsp_interface_support.c:2170;zr_vm_language_server/src/zr_vm_language_server/interface/lsp_interface_support.c:5055	commented	已从所列调用点核对职责与边界，注释位于声明或定义处
zr_vm_language_server/src/zr_vm_language_server/interface/lsp_interface_support.c	prototype_array_layout_matches	function	zr_vm_language_server/src/zr_vm_language_server/interface/lsp_interface_support.c:4251	跨编译器原型读取数组前验证元素布局，以免将不同版本的成员数组误解释为当前类型。	仅在本模块的当前语义查询或补全链中使用	zr_vm_language_server/src/zr_vm_language_server/interface/lsp_interface_support.c:2211;zr_vm_language_server/src/zr_vm_language_server/interface/lsp_interface_support.c:4251	commented	已从所列调用点核对职责与边界，注释位于声明或定义处
zr_vm_language_server/src/zr_vm_language_server/interface/lsp_interface_support.c	lookup_receiver_symbol_at_offset	function	zr_vm_language_server/src/zr_vm_language_server/interface/lsp_interface_support.c:2278	用接收者使用位置而非全局名称定位变量；只在缺少位置上下文时退回普通查找。	content/contentLength 必须来自同一源码快照；不得越界读取	zr_vm_language_server/src/zr_vm_language_server/interface/lsp_interface_support.c:2224;zr_vm_language_server/src/zr_vm_language_server/interface/lsp_interface_support.c:2278	commented	已从所列调用点核对职责与边界，注释位于声明或定义处
zr_vm_language_server/src/zr_vm_language_server/interface/lsp_interface_support.c	resolve_receiver_type_text	function	zr_vm_language_server/src/zr_vm_language_server/interface/lsp_interface_support.c:3744	普通标识符接收者的事实优先链：引用事实、符号/类型环境、声明 AST 构造回退。	buffer 可写且容量由 bufferSize 限制；失败时不可展示部分文本	zr_vm_language_server/src/zr_vm_language_server/interface/lsp_interface_support.c:2246;zr_vm_language_server/src/zr_vm_language_server/interface/lsp_interface_support.c:3744	commented	已从所列调用点核对职责与边界，注释位于声明或定义处
zr_vm_language_server/src/zr_vm_language_server/interface/lsp_interface_support.c	receiver_project_member_lookup_range	function	zr_vm_language_server/src/zr_vm_language_server/interface/lsp_interface_support.c:2337	项目成员解析优先导航到名称 token，避免把整条声明范围当成可点击标识符。	仅在本模块的当前语义查询或补全链中使用	zr_vm_language_server/src/zr_vm_language_server/interface/lsp_interface_support.c:2315;zr_vm_language_server/src/zr_vm_language_server/interface/lsp_interface_support.c:2337	commented	已从所列调用点核对职责与边界，注释位于声明或定义处
zr_vm_language_server/src/zr_vm_language_server/interface/lsp_interface_support.c	receiver_project_identifier_boundary	function	zr_vm_language_server/src/zr_vm_language_server/interface/lsp_interface_support.c:2403	源码文本回退查找需确认完整标识符边界，避免命中较长名称的子串。	content/contentLength 必须来自同一源码快照；不得越界读取	zr_vm_language_server/src/zr_vm_language_server/interface/lsp_interface_support.c:2352;zr_vm_language_server/src/zr_vm_language_server/interface/lsp_interface_support.c:2403	commented	已从所列调用点核对职责与边界，注释位于声明或定义处
zr_vm_language_server/src/zr_vm_language_server/interface/lsp_interface_support.c	receiver_project_try_member_name_range	function	zr_vm_language_server/src/zr_vm_language_server/interface/lsp_interface_support.c:2451	某些 AST 成员没有名称专属位置，限定在声明行内恢复导航区间。	content/contentLength 必须来自同一源码快照；不得越界读取	zr_vm_language_server/src/zr_vm_language_server/interface/lsp_interface_support.c:2363;zr_vm_language_server/src/zr_vm_language_server/interface/lsp_interface_support.c:2451	commented	已从所列调用点核对职责与边界，注释位于声明或定义处
zr_vm_language_server/src/zr_vm_language_server/interface/lsp_interface_support.c	receiver_project_member_declaration_range	function	zr_vm_language_server/src/zr_vm_language_server/interface/lsp_interface_support.c:2470	项目成员悬停/导航统一选择声明名称范围；对缺失 AST 位置的 struct/enum 用文本回退。	content/contentLength 必须来自同一源码快照；不得越界读取	zr_vm_language_server/src/zr_vm_language_server/interface/lsp_interface_support.c:2419;zr_vm_language_server/src/zr_vm_language_server/interface/lsp_interface_support.c:2470	commented	已从所列调用点核对职责与边界，注释位于声明或定义处
zr_vm_language_server/src/zr_vm_language_server/interface/lsp_interface_support.c	receiver_project_node_declares_type	function	zr_vm_language_server/src/zr_vm_language_server/interface/lsp_interface_support.c:2556	接收者类型名与当前文件 AST 声明核对，避免直接以同名外部原型替换本地类型。	参与比较或展示的 SZrString 遵循 VM 生命周期；原生视图不跨同步调用保存	zr_vm_language_server/src/zr_vm_language_server/interface/lsp_interface_support.c:2506;zr_vm_language_server/src/zr_vm_language_server/interface/lsp_interface_support.c:2556	commented	已从所列调用点核对职责与边界，注释位于声明或定义处
zr_vm_language_server/src/zr_vm_language_server/interface/lsp_interface_support.c	receiver_project_find_type_declaration_in_array	function	zr_vm_language_server/src/zr_vm_language_server/interface/lsp_interface_support.c:2562	AST 子列表查询复用类型声明递归搜索，并保留首个命中的声明身份。	参与比较或展示的 SZrString 遵循 VM 生命周期；原生视图不跨同步调用保存	zr_vm_language_server/src/zr_vm_language_server/interface/lsp_interface_support.c:2535;zr_vm_language_server/src/zr_vm_language_server/interface/lsp_interface_support.c:2562	commented	已从所列调用点核对职责与边界，注释位于声明或定义处
zr_vm_language_server/src/zr_vm_language_server/interface/lsp_interface_support.c	receiver_project_find_type_declaration_recursive	function	zr_vm_language_server/src/zr_vm_language_server/interface/lsp_interface_support.c:2541	当前文档类型声明搜索覆盖脚本、块与编译期包装；项目跨文件来源由元数据提供者补齐。	参与比较或展示的 SZrString 遵循 VM 生命周期；原生视图不跨同步调用保存	zr_vm_language_server/src/zr_vm_language_server/interface/lsp_interface_support.c:2551;zr_vm_language_server/src/zr_vm_language_server/interface/lsp_interface_support.c:2541	commented	已从所列调用点核对职责与边界，注释位于声明或定义处
zr_vm_language_server/src/zr_vm_language_server/interface/lsp_interface_support.c	receiver_project_find_type_member_declaration	function	zr_vm_language_server/src/zr_vm_language_server/interface/lsp_interface_support.c:4083	类型 AST 成员反查服务于源码定义位置；只有与查询名称一致的成员可向外宣称 hasDeclaration。	参与比较或展示的 SZrString 遵循 VM 生命周期；原生视图不跨同步调用保存	zr_vm_language_server/src/zr_vm_language_server/interface/lsp_interface_support.c:2580;zr_vm_language_server/src/zr_vm_language_server/interface/lsp_interface_support.c:4083	commented	已从所列调用点核对职责与边界，注释位于声明或定义处
zr_vm_language_server/src/zr_vm_language_server/interface/lsp_interface_support.c	receiver_project_member_kind	function	zr_vm_language_server/src/zr_vm_language_server/interface/lsp_interface_support.c:2718	编译器原型成员类别投影到元数据提供者的悬停/导航类别。	仅在本模块的当前语义查询或补全链中使用	zr_vm_language_server/src/zr_vm_language_server/interface/lsp_interface_support.c:2671;zr_vm_language_server/src/zr_vm_language_server/interface/lsp_interface_support.c:2718	commented	已从所列调用点核对职责与边界，注释位于声明或定义处
zr_vm_language_server/src/zr_vm_language_server/interface/lsp_interface_support.c	find_receiver_project_member_recursive	function	zr_vm_language_server/src/zr_vm_language_server/interface/lsp_interface_support.c:2733	在源码原型及继承链中找同名成员，供 AST 位置缺失时仍可建立类型与成员身份。	参与比较或展示的 SZrString 遵循 VM 生命周期；原生视图不跨同步调用保存	zr_vm_language_server/src/zr_vm_language_server/interface/lsp_interface_support.c:2694;zr_vm_language_server/src/zr_vm_language_server/interface/lsp_interface_support.c:2733	commented	已从所列调用点核对职责与边界，注释位于声明或定义处
zr_vm_language_server/src/zr_vm_language_server/interface/lsp_interface_support.c	find_receiver_project_property_by_symbol_id_recursive	function	zr_vm_language_server/src/zr_vm_language_server/interface/lsp_interface_support.c:2809	导入原生属性必须按语义 propertySymbolId 而非拼写匹配，防止同名成员串线。	仅在本模块的当前语义查询或补全链中使用	zr_vm_language_server/src/zr_vm_language_server/interface/lsp_interface_support.c:2770;zr_vm_language_server/src/zr_vm_language_server/interface/lsp_interface_support.c:2809	commented	已从所列调用点核对职责与边界，注释位于声明或定义处
zr_vm_language_server/src/zr_vm_language_server/interface/lsp_interface_support.c	resolve_receiver_imported_type_at_offset	function	zr_vm_language_server/src/zr_vm_language_server/interface/lsp_interface_support.c:4045	从导入链事实还原接收者的模块身份，供二进制元数据和跨项目源码声明解析。	content/contentLength 必须来自同一源码快照；不得越界读取	zr_vm_language_server/src/zr_vm_language_server/interface/lsp_interface_support.c:2849;zr_vm_language_server/src/zr_vm_language_server/interface/lsp_interface_support.c:4045	commented	已从所列调用点核对职责与边界，注释位于声明或定义处
zr_vm_language_server/src/zr_vm_language_server/interface/lsp_interface_support.c	receiver_project_member_set_type_text	function	zr_vm_language_server/src/zr_vm_language_server/interface/lsp_interface_support.c:4152	成员原型已识别后填充展示类型，不能把该类型文本代替声明来源证据。	state 及其全局分配器在本次同步调用期间保持有效	zr_vm_language_server/src/zr_vm_language_server/interface/lsp_interface_support.c:2901;zr_vm_language_server/src/zr_vm_language_server/interface/lsp_interface_support.c:4152	commented	已从所列调用点核对职责与边界，注释位于声明或定义处
zr_vm_language_server/src/zr_vm_language_server/interface/lsp_interface_support.c	receiver_project_set_type_text_from_symbol	function	zr_vm_language_server/src/zr_vm_language_server/interface/lsp_interface_support.c:4130	取得本地声明符号后补充精确类型文本，供悬停与签名消费者显示。	analyzer 与传入 AST、符号或类型事实须属于同一语义版本	zr_vm_language_server/src/zr_vm_language_server/interface/lsp_interface_support.c:2932;zr_vm_language_server/src/zr_vm_language_server/interface/lsp_interface_support.c:4130	commented	已从所列调用点核对职责与边界，注释位于声明或定义处
zr_vm_language_server/src/zr_vm_language_server/interface/lsp_interface_support.c	type_text_parse_generic_arguments	function	zr_vm_language_server/src/zr_vm_language_server/interface/lsp_interface_support.c:3770	原生成员的返回/字段类型特化需要从接收者类型文本提取实参；数量受固定上限约束。	仅在本模块的当前语义查询或补全链中使用	zr_vm_language_server/src/zr_vm_language_server/interface/lsp_interface_support.c:2958;zr_vm_language_server/src/zr_vm_language_server/interface/lsp_interface_support.c:3770	commented	已从所列调用点核对职责与边界，注释位于声明或定义处
zr_vm_language_server/src/zr_vm_language_server/interface/lsp_interface_support.c	native_hover_is_identifier_char	function	zr_vm_language_server/src/zr_vm_language_server/interface/lsp_interface_support.c:3097	悬停光标两侧的成员名扫描使用与接收者补全相同的 ASCII 标识符边界。	仅在本模块的当前语义查询或补全链中使用	zr_vm_language_server/src/zr_vm_language_server/interface/lsp_interface_support.c:3046;zr_vm_language_server/src/zr_vm_language_server/interface/lsp_interface_support.c:3097	commented	已从所列调用点核对职责与边界，注释位于声明或定义处
zr_vm_language_server/src/zr_vm_language_server/interface/lsp_interface_support.c	specialize_native_type_text	function	zr_vm_language_server/src/zr_vm_language_server/interface/lsp_interface_support.c:3790	原生泛型描述符的展示类型按接收者实参特化，仅改变悬停文本，不改变类型系统事实。	buffer 可写且容量由 bufferSize 限制；失败时不可展示部分文本	zr_vm_language_server/src/zr_vm_language_server/interface/lsp_interface_support.c:3051;zr_vm_language_server/src/zr_vm_language_server/interface/lsp_interface_support.c:3790	commented	已从所列调用点核对职责与边界，注释位于声明或定义处
zr_vm_language_server/src/zr_vm_language_server/interface/lsp_interface_support.c	find_native_field_descriptor_recursive	function	zr_vm_language_server/src/zr_vm_language_server/interface/lsp_interface_support.c:3136	原生字段查询沿 extends/implements 关系追溯，以便悬停定位继承的成员描述符。	仅在本模块的当前语义查询或补全链中使用	zr_vm_language_server/src/zr_vm_language_server/interface/lsp_interface_support.c:3116;zr_vm_language_server/src/zr_vm_language_server/interface/lsp_interface_support.c:3136	commented	已从所列调用点核对职责与边界，注释位于声明或定义处
zr_vm_language_server/src/zr_vm_language_server/interface/lsp_interface_support.c	find_native_method_descriptor_recursive	function	zr_vm_language_server/src/zr_vm_language_server/interface/lsp_interface_support.c:3176	原生方法查询与字段查询保持相同的继承搜索边界和递归深度约束。	仅在本模块的当前语义查询或补全链中使用	zr_vm_language_server/src/zr_vm_language_server/interface/lsp_interface_support.c:3156;zr_vm_language_server/src/zr_vm_language_server/interface/lsp_interface_support.c:3176	commented	已从所列调用点核对职责与边界，注释位于声明或定义处
zr_vm_language_server/src/zr_vm_language_server/interface/lsp_interface_support.c	receiver_range_contains_offset	function	zr_vm_language_server/src/zr_vm_language_server/interface/lsp_interface_support.c:3484	AST 接收者链只在光标处于成员 token 范围内时作为精确事实查询入口。	仅在本模块的当前语义查询或补全链中使用	zr_vm_language_server/src/zr_vm_language_server/interface/lsp_interface_support.c:3196;zr_vm_language_server/src/zr_vm_language_server/interface/lsp_interface_support.c:3484	commented	已从所列调用点核对职责与边界，注释位于声明或定义处
zr_vm_language_server/src/zr_vm_language_server/interface/lsp_interface_support.c	receiver_build_primary_prefix	function	zr_vm_language_server/src/zr_vm_language_server/interface/lsp_interface_support.c:3642	临时 AST 只借用原节点及其成员数组前缀，让类型推断看到成员访问前的接收者。	仅在本模块的当前语义查询或补全链中使用	zr_vm_language_server/src/zr_vm_language_server/interface/lsp_interface_support.c:3205;zr_vm_language_server/src/zr_vm_language_server/interface/lsp_interface_support.c:3642	commented	已从所列调用点核对职责与边界，注释位于声明或定义处
zr_vm_language_server/src/zr_vm_language_server/interface/lsp_interface_support.c	find_receiver_member_context_recursive	function	zr_vm_language_server/src/zr_vm_language_server/interface/lsp_interface_support.c:3256	在 AST 中定位光标所指成员及前缀位置；精确表达式类型查询依赖这一上下文。	参与比较或展示的 SZrString 遵循 VM 生命周期；原生视图不跨同步调用保存	zr_vm_language_server/src/zr_vm_language_server/interface/lsp_interface_support.c:3243;zr_vm_language_server/src/zr_vm_language_server/interface/lsp_interface_support.c:3256	commented	已从所列调用点核对职责与边界，注释位于声明或定义处
zr_vm_language_server/src/zr_vm_language_server/interface/lsp_interface_support.c	copy_receiver_type_text_from_expression_fact	function	zr_vm_language_server/src/zr_vm_language_server/interface/lsp_interface_support.c:3601	成员链或非标识符接收者要求精确表达式事实；调用者收到该要求后应关闭猜测性回退。	buffer 可写且容量由 bufferSize 限制；失败时不可展示部分文本	zr_vm_language_server/src/zr_vm_language_server/interface/lsp_interface_support.c:3518;zr_vm_language_server/src/zr_vm_language_server/interface/lsp_interface_support.c:3601	commented	已从所列调用点核对职责与边界，注释位于声明或定义处
zr_vm_language_server/src/zr_vm_language_server/interface/lsp_interface_support.c	ZrLanguageServer_Lsp_ShouldFailClosedReceiverCompletion	function	zr_vm_language_server/src/zr_vm_language_server/semantic/lsp_semantic_query.c:2904	点号前不是简单标识符且无精确事实时，阻止全局补全混入无关成员。	content/contentLength 必须来自同一源码快照；不得越界读取	zr_vm_language_server/src/zr_vm_language_server/interface/lsp_interface_support.c:3567;zr_vm_language_server/src/zr_vm_language_server/semantic/lsp_semantic_query.c:2904	commented	已从所列调用点核对职责与边界，注释位于声明或定义处
zr_vm_language_server/src/zr_vm_language_server/interface/lsp_interface_support.c	try_infer_receiver_type_text_from_ast	function	zr_vm_language_server/src/zr_vm_language_server/interface/lsp_interface_support.c:3936	项目成员解析在精确事实缺失后可借临时 AST 推断接收者前缀；临时节点与推断结果本地释放。	buffer 可写且容量由 bufferSize 限制；失败时不可展示部分文本	zr_vm_language_server/src/zr_vm_language_server/interface/lsp_interface_support.c:3610;zr_vm_language_server/src/zr_vm_language_server/interface/lsp_interface_support.c:3936	commented	已从所列调用点核对职责与边界，注释位于声明或定义处
zr_vm_language_server/src/zr_vm_language_server/interface/lsp_interface_support.c	ZrLanguageServer_Lsp_TryResolveReceiverNativeMember	function	zr_vm_language_server/src/zr_vm_language_server/semantic/lsp_semantic_query.c:1021	语义查询的原生成员回退：由接收者精确类型锁定模块描述符，并返回带声明来源的成员身份。	项目、分析器与内容快照须一致；outResolved 仅供本次查询读取	zr_vm_language_server/src/zr_vm_language_server/interface/lsp_interface_support.c:3661;zr_vm_language_server/src/zr_vm_language_server/semantic/lsp_semantic_query.c:1021	commented	已从所列调用点核对职责与边界，注释位于声明或定义处
zr_vm_language_server/src/zr_vm_language_server/interface/lsp_interface_support.c	ZrLanguageServer_Lsp_TryResolveReceiverProjectMember	function	zr_vm_language_server/src/zr_vm_language_server/semantic/lsp_semantic_query.c:1008	语义查询优先解析源码项目成员；只有成员类别可确定时才交付悬停/导航消费者。	项目、分析器与内容快照须一致；outResolved 不得跨项目刷新保存	zr_vm_language_server/src/zr_vm_language_server/interface/lsp_interface_support.c:3829;zr_vm_language_server/src/zr_vm_language_server/semantic/lsp_semantic_query.c:1008	commented	已从所列调用点核对职责与边界，注释位于声明或定义处
zr_vm_language_server/src/zr_vm_language_server/interface/lsp_interface_support.c	append_type_prototype_member_completions	function	zr_vm_language_server/src/zr_vm_language_server/interface/lsp_interface_support.c:2191	从编译器原型统一输出静态/实例成员，并沿继承链补齐；成员数组布局需先验校验。	analyzer 与传入 AST、符号或类型事实须属于同一语义版本	zr_vm_language_server/src/zr_vm_language_server/interface/lsp_interface_support.c:4230;zr_vm_language_server/src/zr_vm_language_server/interface/lsp_interface_support.c:2191	commented	已从所列调用点核对职责与边界，注释位于声明或定义处
zr_vm_language_server/src/zr_vm_language_server/interface/lsp_interface_support.c	append_receiver_symbol_type_completions	function	zr_vm_language_server/src/zr_vm_language_server/interface/lsp_interface_support.c:5150	接收者符号携带类型时先查源码/导入原型，再查 AST 和原生描述符。	analyzer 与传入 AST、符号或类型事实须属于同一语义版本	zr_vm_language_server/src/zr_vm_language_server/interface/lsp_interface_support.c:4325;zr_vm_language_server/src/zr_vm_language_server/interface/lsp_interface_support.c:5150	commented	已从所列调用点核对职责与边界，注释位于声明或定义处
zr_vm_language_server/src/zr_vm_language_server/interface/lsp_interface_support.c	append_receiver_name_type_env_completions	function	zr_vm_language_server/src/zr_vm_language_server/interface/lsp_interface_support.c:5159	符号没有可用类型时，从编译器变量环境取推断类型，并共享相同的成员来源优先级。	analyzer 与传入 AST、符号或类型事实须属于同一语义版本	zr_vm_language_server/src/zr_vm_language_server/interface/lsp_interface_support.c:4368;zr_vm_language_server/src/zr_vm_language_server/interface/lsp_interface_support.c:5159	commented	已从所列调用点核对职责与边界，注释位于声明或定义处
zr_vm_language_server/src/zr_vm_language_server/interface/lsp_interface_support.c	append_imported_type_receiver_completions	function	zr_vm_language_server/src/zr_vm_language_server/interface/lsp_interface_support.c:5100	导入链区分二进制类型与跨文件源码类型，再向各自声明分析器请求静态成员。	content/contentLength 必须来自同一源码快照；不得越界读取	zr_vm_language_server/src/zr_vm_language_server/interface/lsp_interface_support.c:4428;zr_vm_language_server/src/zr_vm_language_server/interface/lsp_interface_support.c:5100	commented	已从所列调用点核对职责与边界，注释位于声明或定义处
zr_vm_language_server/src/zr_vm_language_server/interface/lsp_interface_support.c	find_receiver_variable_prototype_recursive	function	zr_vm_language_server/src/zr_vm_language_server/interface/lsp_interface_support.c:2292	无语义事实时按光标之前最近的同名变量声明回退；只用于恢复补全，不可当作精确绑定。	analyzer 与传入 AST、符号或类型事实须属于同一语义版本	zr_vm_language_server/src/zr_vm_language_server/interface/lsp_interface_support.c:4546;zr_vm_language_server/src/zr_vm_language_server/interface/lsp_interface_support.c:2292;zr_vm_language_server/src/zr_vm_language_server/interface/lsp_interface_support.c:4545	TODO	TODO: 此回退未核对词法作用域；需以跨函数同名变量的成员补全用例验证是否选错声明。
zr_vm_language_server/src/zr_vm_language_server/interface/lsp_interface_support.c	find_construct_initialized_class_symbol_recursive	function	zr_vm_language_server/src/zr_vm_language_server/interface/lsp_interface_support.c:4881	旧式构造赋值回退：从最近的同名变量声明寻找类符号，供最终 AST 成员枚举使用。	analyzer 与传入 AST、符号或类型事实须属于同一语义版本	zr_vm_language_server/src/zr_vm_language_server/interface/lsp_interface_support.c:4863;zr_vm_language_server/src/zr_vm_language_server/interface/lsp_interface_support.c:4881	commented	已从所列调用点核对职责与边界，注释位于声明或定义处
zr_vm_language_server/src/zr_vm_language_server/interface/lsp_interface_support.c	ZrLanguageServer_Lsp_TryCollectReceiverCompletions	function	zr_vm_language_server/src/zr_vm_language_server/semantic/lsp_semantic_query.c:2968	Completion 请求的接收者分流：导入链、精确事实、符号/类型环境和声明 AST 顺序回退。	content/contentLength 必须来自同一源码快照；不得越界读取	zr_vm_language_server/src/zr_vm_language_server/interface/lsp_interface_support.c:4951;zr_vm_language_server/src/zr_vm_language_server/semantic/lsp_semantic_query.c:2968	commented	已从所列调用点核对职责与边界，注释位于声明或定义处
zr_vm_language_server/src/zr_vm_language_server/interface/lsp_interface_support.c	ZrLanguageServer_Lsp_FindSymbolAtUsageOrDefinition	function	zr_vm_language_server/src/zr_vm_language_server/interface/lsp_interface.c:1899;zr_vm_language_server/src/zr_vm_language_server/metadata/lsp_metadata_provider.c:1587;zr_vm_language_server/src/zr_vm_language_server/semantic/lsp_semantic_query.c:845	悬停/导航先尊重属性契约的源码符号，再查普通语义定义，避免 getter/setter 吞掉属性身份。	analyzer 与传入 AST、符号或类型事实须属于同一语义版本	zr_vm_language_server/src/zr_vm_language_server/interface/lsp_interface_support.c:5207;zr_vm_language_server/src/zr_vm_language_server/interface/lsp_interface.c:1899;zr_vm_language_server/src/zr_vm_language_server/metadata/lsp_metadata_provider.c:1587	commented	已从所列调用点核对职责与边界，注释位于声明或定义处
zr_vm_language_server/src/zr_vm_language_server/interface/lsp_position_codec.c	lsp_position_codec_utf8_codepoint_length	function	zr_vm_language_server/src/zr_vm_language_server/interface/lsp_position_codec.c:87	保持畸形 UTF-8 的扫描边界局限于单字节，避免误吞随后换行或光标目标。	仅供本模块的同步调用链使用	zr_vm_language_server/src/zr_vm_language_server/interface/lsp_position_codec.c:4;zr_vm_language_server/src/zr_vm_language_server/interface/lsp_position_codec.c:87;zr_vm_language_server/src/zr_vm_language_server/interface/lsp_position_codec.c:14	TODO	TODO: 这里只检查 continuation 形状，未拒绝 overlong、代理码点和超出 Unicode 上限的序列； 需与文档 UTF-8 验证边界及客户端对畸形文本的 UTF-16 计数约定对齐。
zr_vm_language_server/src/zr_vm_language_server/interface/lsp_position_codec.c	lsp_position_codec_utf16_units_for_utf8_codepoint	function	zr_vm_language_server/src/zr_vm_language_server/interface/lsp_position_codec.c:104	将四字节码点计作两个 UTF-16 单元，使 emoji 后的编辑器列保持一致。	仅供本模块的同步调用链使用	zr_vm_language_server/src/zr_vm_language_server/interface/lsp_position_codec.c:42;zr_vm_language_server/src/zr_vm_language_server/interface/lsp_position_codec.c:104	commented	已从所列调用点核对职责与边界，注释位于声明或定义处
zr_vm_language_server/src/zr_vm_language_server/interface/lsp_position_codec.c	ZrLanguageServer_LspPositionCodec_Utf16PositionToByteOffset	function	zr_vm_language_server/src/zr_vm_language_server/interface/lsp_interface_position.c:31	请求入口使用的统一位置转换；在不完整代理对或行尾将光标收敛到可表示的字节边界。	输入坐标与内容快照须对应同一文档版本	zr_vm_language_server/src/zr_vm_language_server/interface/lsp_position_codec.c:66;zr_vm_language_server/src/zr_vm_language_server/interface/lsp_interface_position.c:31	commented	已从所列调用点核对职责与边界，注释位于声明或定义处
zr_vm_language_server/src/zr_vm_language_server/interface/lsp_position_codec.c	ZrLanguageServer_LspPositionCodec_ByteOffsetToUtf16Position	function	zr_vm_language_server/src/zr_vm_language_server/interface/lsp_interface_position.c:61;zr_vm_language_server/src/zr_vm_language_server/semantic/lsp_semantic_token_entries.c:99;zr_vm_language_server/src/zr_vm_language_server/semantic/lsp_semantic_tokens.c:491	响应出口使用的逆向转换；CRLF 作为单次换行边界，列数按 UTF-16 单元计算。	输入坐标与内容快照须对应同一文档版本	zr_vm_language_server/src/zr_vm_language_server/interface/lsp_position_codec.c:120;zr_vm_language_server/src/zr_vm_language_server/interface/lsp_interface_position.c:61;zr_vm_language_server/src/zr_vm_language_server/semantic/lsp_semantic_token_entries.c:99	commented	已从所列调用点核对职责与边界，注释位于声明或定义处
zr_vm_language_server/src/zr_vm_language_server/interface/lsp_position_codec.c	ZrLanguageServer_LspPositionCodec_ByteOffsetToFilePosition	function	zr_vm_language_server/src/zr_vm_language_server/interface/lsp_interface_position.c:73;zr_vm_language_server/src/zr_vm_language_server/interface/lsp_interface_support.c:205	供语义分析器按字节列定位，同时保留 LSP 转换后的最终偏移。	输入坐标与内容快照须对应同一文档版本	zr_vm_language_server/src/zr_vm_language_server/interface/lsp_position_codec.c:168;zr_vm_language_server/src/zr_vm_language_server/interface/lsp_interface_position.c:73;zr_vm_language_server/src/zr_vm_language_server/interface/lsp_interface_support.c:205	commented	已从所列调用点核对职责与边界，注释位于声明或定义处
zr_vm_language_server/src/zr_vm_language_server/interface/lsp_position_codec.h	ZrLanguageServer_LspPositionCodec_Utf16PositionToByteOffset declaration	interface	zr_vm_language_server/src/zr_vm_language_server/interface/lsp_interface_position.c:31	客户端的零基 UTF-16 位置转换为当前 UTF-8 快照偏移；越界位置收敛到可用边界。	输入坐标与内容快照须对应同一文档版本	zr_vm_language_server/src/zr_vm_language_server/interface/lsp_position_codec.h:7;zr_vm_language_server/src/zr_vm_language_server/interface/lsp_interface_position.c:31	commented	已从所列调用点核对职责与边界，注释位于声明或定义处
zr_vm_language_server/src/zr_vm_language_server/interface/lsp_position_codec.h	ZrLanguageServer_LspPositionCodec_ByteOffsetToUtf16Position declaration	interface	zr_vm_language_server/src/zr_vm_language_server/interface/lsp_interface_position.c:61;zr_vm_language_server/src/zr_vm_language_server/semantic/lsp_semantic_token_entries.c:99;zr_vm_language_server/src/zr_vm_language_server/semantic/lsp_semantic_tokens.c:491	解析器字节偏移投影回 LSP UTF-16 位置；结果用于诊断、导航与语义 token。	输入坐标与内容快照须对应同一文档版本	zr_vm_language_server/src/zr_vm_language_server/interface/lsp_position_codec.h:11;zr_vm_language_server/src/zr_vm_language_server/interface/lsp_interface_position.c:61;zr_vm_language_server/src/zr_vm_language_server/semantic/lsp_semantic_token_entries.c:99	commented	已从所列调用点核对职责与边界，注释位于声明或定义处
zr_vm_language_server/src/zr_vm_language_server/interface/lsp_position_codec.h	ZrLanguageServer_LspPositionCodec_ByteOffsetToFilePosition declaration	interface	zr_vm_language_server/src/zr_vm_language_server/interface/lsp_interface_position.c:73;zr_vm_language_server/src/zr_vm_language_server/interface/lsp_interface_support.c:205	为解析器查询生成一基行及字节列；输入偏移须对应同一内容快照。	输入坐标与内容快照须对应同一文档版本	zr_vm_language_server/src/zr_vm_language_server/interface/lsp_position_codec.h:15;zr_vm_language_server/src/zr_vm_language_server/interface/lsp_interface_position.c:73;zr_vm_language_server/src/zr_vm_language_server/interface/lsp_interface_support.c:205	commented	已从所列调用点核对职责与边界，注释位于声明或定义处
zr_vm_language_server/src/zr_vm_language_server/interface/lsp_semantic_cache_lru.c	lsp_semantic_cache_lru_add_clamped	function	zr_vm_language_server/src/zr_vm_language_server/interface/lsp_semantic_cache_lru.c:45	总量与累计释放量采用饱和记账，防止规模溢出变成较小的预算值。	仅供本模块的同步调用链使用	zr_vm_language_server/src/zr_vm_language_server/interface/lsp_semantic_cache_lru.c:23;zr_vm_language_server/src/zr_vm_language_server/interface/lsp_semantic_cache_lru.c:45	commented	已从所列调用点核对职责与边界，注释位于声明或定义处
zr_vm_language_server/src/zr_vm_language_server/interface/lsp_semantic_cache_lru.c	lsp_semantic_cache_lru_consider_analyzer	function	zr_vm_language_server/src/zr_vm_language_server/interface/lsp_semantic_cache_lru.c:93;zr_vm_language_server/src/zr_vm_language_server/interface/lsp_semantic_cache_lru.c:97	当前及历史分析器由不同容器持有，但都参与同一逐出顺序。	仅供本模块的同步调用链使用	zr_vm_language_server/src/zr_vm_language_server/interface/lsp_semantic_cache_lru.c:33;zr_vm_language_server/src/zr_vm_language_server/interface/lsp_semantic_cache_lru.c:93;zr_vm_language_server/src/zr_vm_language_server/interface/lsp_semantic_cache_lru.c:97	commented	已从所列调用点核对职责与边界，注释位于声明或定义处
zr_vm_language_server/src/zr_vm_language_server/interface/lsp_semantic_cache_lru.c	lsp_semantic_cache_lru_visit_primary_analyzers	function	zr_vm_language_server/src/zr_vm_language_server/interface/lsp_semantic_cache_lru.c:91	主分析器按 URI 保存在上下文哈希表，遍历时只借用其中的原生指针。	仅供本模块的同步调用链使用	zr_vm_language_server/src/zr_vm_language_server/interface/lsp_semantic_cache_lru.c:59;zr_vm_language_server/src/zr_vm_language_server/interface/lsp_semantic_cache_lru.c:91	commented	已从所列调用点核对职责与边界，注释位于声明或定义处
zr_vm_language_server/src/zr_vm_language_server/interface/lsp_semantic_cache_lru.c	lsp_semantic_cache_lru_scan	function	zr_vm_language_server/src/zr_vm_language_server/interface/lsp_semantic_cache_lru.c:195	将当前分析器与历史快照合并扫描，避免历史版本绕过工作区统一预算。	仅供本模块的同步调用链使用	zr_vm_language_server/src/zr_vm_language_server/interface/lsp_semantic_cache_lru.c:84;zr_vm_language_server/src/zr_vm_language_server/interface/lsp_semantic_cache_lru.c:195	commented	已从所列调用点核对职责与边界，注释位于声明或定义处
zr_vm_language_server/src/zr_vm_language_server/interface/lsp_semantic_cache_lru.c	lsp_semantic_cache_lru_clear_access_order	function	zr_vm_language_server/src/zr_vm_language_server/interface/lsp_semantic_cache_lru.c:117;zr_vm_language_server/src/zr_vm_language_server/interface/lsp_semantic_cache_lru.c:121	访问序号耗尽时清除旧序号；随后第一次 Touch 重新建立顺序起点。	仅供本模块的同步调用链使用	zr_vm_language_server/src/zr_vm_language_server/interface/lsp_semantic_cache_lru.c:103;zr_vm_language_server/src/zr_vm_language_server/interface/lsp_semantic_cache_lru.c:117;zr_vm_language_server/src/zr_vm_language_server/interface/lsp_semantic_cache_lru.c:121	commented	已从所列调用点核对职责与边界，注释位于声明或定义处
zr_vm_language_server/src/zr_vm_language_server/interface/lsp_semantic_cache_lru.c	lsp_semantic_cache_lru_reset_access_orders	function	zr_vm_language_server/src/zr_vm_language_server/interface/lsp_semantic_cache_lru.c:174	重置必须同时覆盖主表和历史快照，避免不同容器的序号失去可比性。	仅供本模块的同步调用链使用	zr_vm_language_server/src/zr_vm_language_server/interface/lsp_semantic_cache_lru.c:113;zr_vm_language_server/src/zr_vm_language_server/interface/lsp_semantic_cache_lru.c:174	commented	已从所列调用点核对职责与边界，注释位于声明或定义处
zr_vm_language_server/src/zr_vm_language_server/interface/lsp_semantic_cache_lru.c	ZrLanguageServer_LspSemanticCacheLru_New	function	zr_vm_language_server/src/zr_vm_language_server/interface/lsp_interface.c:1043	随 LSP 上下文创建缓存预算与访问顺序状态	返回的预算状态由 LSP context 持有，须与 Free 配对	zr_vm_language_server/src/zr_vm_language_server/interface/lsp_semantic_cache_lru.c:125;zr_vm_language_server/src/zr_vm_language_server/interface/lsp_interface.c:1043	commented	已从所列调用点核对职责与边界，注释位于声明或定义处
zr_vm_language_server/src/zr_vm_language_server/interface/lsp_semantic_cache_lru.c	ZrLanguageServer_LspSemanticCacheLru_Free	function	zr_vm_language_server/src/zr_vm_language_server/interface/lsp_interface.c:1085	上下文销毁时释放预算记账状态	只释放 context 持有的预算状态；分析器由各自容器释放	zr_vm_language_server/src/zr_vm_language_server/interface/lsp_semantic_cache_lru.c:146;zr_vm_language_server/src/zr_vm_language_server/interface/lsp_interface.c:1085	commented	已从所列调用点核对职责与边界，注释位于声明或定义处
zr_vm_language_server/src/zr_vm_language_server/interface/lsp_semantic_cache_lru.c	ZrLanguageServer_LspSemanticCacheLru_Touch	function	zr_vm_language_server/src/zr_vm_language_server/interface/lsp_interface.c:1213;zr_vm_language_server/src/zr_vm_language_server/interface/lsp_semantic_snapshot_cache.c:321;zr_vm_language_server/src/zr_vm_language_server/semantic/lsp_semantic_query.c:3015	缓存命中后更新分析器访问顺序，供预算逐出判定	仅访问仍由 context 或历史快照持有的 analyzer	zr_vm_language_server/src/zr_vm_language_server/interface/lsp_semantic_cache_lru.c:163;zr_vm_language_server/src/zr_vm_language_server/interface/lsp_interface.c:1213;zr_vm_language_server/src/zr_vm_language_server/interface/lsp_semantic_snapshot_cache.c:321	commented	已从所列调用点核对职责与边界，注释位于声明或定义处
zr_vm_language_server/src/zr_vm_language_server/interface/lsp_semantic_cache_lru.c	ZrLanguageServer_LspSemanticCacheLru_Enforce	function	zr_vm_language_server/src/zr_vm_language_server/interface/lsp_interface.c:1550;zr_vm_language_server/src/zr_vm_language_server/semantic/lsp_semantic_query.c:521;zr_vm_language_server/src/zr_vm_language_server/interface/lsp_semantic_cache_lru.c:226	在缓存使用量超限时依最久未访问顺序释放可重建缓存	只逐出可重建缓存；不释放 AST、分析器或当前请求借用状态	zr_vm_language_server/src/zr_vm_language_server/interface/lsp_semantic_cache_lru.c:180;zr_vm_language_server/src/zr_vm_language_server/interface/lsp_interface.c:1550;zr_vm_language_server/src/zr_vm_language_server/semantic/lsp_semantic_query.c:521	commented	已从所列调用点核对职责与边界，注释位于声明或定义处
zr_vm_language_server/src/zr_vm_language_server/interface/lsp_semantic_cache_lru.c	ZrLanguageServer_LspSemanticCacheLru_SetLimit	function	zr_vm_language_server/src/zr_vm_language_server/interface/lsp_interface.c:1584	为测试和宿主设置统一缓存预算并立即执行约束	limitBytes 作用于主分析器与历史分析器的总可丢弃缓存	zr_vm_language_server/src/zr_vm_language_server/interface/lsp_semantic_cache_lru.c:217;zr_vm_language_server/src/zr_vm_language_server/interface/lsp_interface.c:1584	commented	已从所列调用点核对职责与边界，注释位于声明或定义处
zr_vm_language_server/src/zr_vm_language_server/interface/lsp_semantic_cache_lru.c	ZrLanguageServer_LspSemanticCacheLru_GetInfo	function	zr_vm_language_server/src/zr_vm_language_server/interface/lsp_interface.c:1594	向测试和宿主报告当前、峰值与累计释放情况	outInfo 可写；读取当前、峰值和逐出统计，不转移所有权	zr_vm_language_server/src/zr_vm_language_server/interface/lsp_semantic_cache_lru.c:230;zr_vm_language_server/src/zr_vm_language_server/interface/lsp_interface.c:1594	commented	已从所列调用点核对职责与边界，注释位于声明或定义处
zr_vm_language_server/src/zr_vm_language_server/interface/lsp_semantic_cache_lru.c	SZrLspSemanticCacheLru	type	zr_vm_language_server/src/zr_vm_language_server/interface/lsp_interface.c:1043;zr_vm_language_server/src/zr_vm_language_server/interface/lsp_semantic_cache_lru.c:125	只统计可丢弃的分析缓存；AST 与语义上下文由分析器另行持有，不属于此预算。	由 LSP context 持有，Free 只回收预算状态，不拥有分析器或 AST	zr_vm_language_server/src/zr_vm_language_server/interface/lsp_semantic_cache_lru.c:7;zr_vm_language_server/src/zr_vm_language_server/interface/lsp_interface.c:1043;zr_vm_language_server/src/zr_vm_language_server/interface/lsp_semantic_cache_lru.c:125	commented	已从所列调用点核对职责与边界，注释位于声明或定义处
zr_vm_language_server/src/zr_vm_language_server/interface/lsp_semantic_cache_lru.c	SZrLspSemanticCacheLruScan	type	zr_vm_language_server/src/zr_vm_language_server/interface/lsp_semantic_cache_lru.c:86;zr_vm_language_server/src/zr_vm_language_server/interface/lsp_semantic_cache_lru.c:184	一次扫描同时给预算检查和状态查询提供占用量与最久未使用候选。	一次预算遍历的栈内聚合值；oldestAnalyzer 仅借用仍存活的分析器	zr_vm_language_server/src/zr_vm_language_server/interface/lsp_semantic_cache_lru.c:16;zr_vm_language_server/src/zr_vm_language_server/interface/lsp_semantic_cache_lru.c:86;zr_vm_language_server/src/zr_vm_language_server/interface/lsp_semantic_cache_lru.c:184	commented	已从所列调用点核对职责与边界，注释位于声明或定义处
zr_vm_language_server/src/zr_vm_language_server/interface/lsp_semantic_cache_lru.c	ZrLanguageServer_LspSemanticCacheLru_Enforce eviction	block	zr_vm_language_server/src/zr_vm_language_server/interface/lsp_semantic_cache_lru.c:200;zr_vm_language_server/src/zr_vm_language_server/interface/lsp_semantic_cache_lru.c:204	在预算不足时按最近访问顺序释放可重建的语义缓存	仍被当前请求借用的分析器不得在此销毁	zr_vm_language_server/src/zr_vm_language_server/interface/lsp_semantic_cache_lru.c:180;zr_vm_language_server/src/zr_vm_language_server/interface/lsp_semantic_cache_lru.c:200;zr_vm_language_server/src/zr_vm_language_server/interface/lsp_semantic_cache_lru.c:204	commented	已从所列调用点核对职责与边界，注释位于声明或定义处
zr_vm_language_server/src/zr_vm_language_server/interface/lsp_semantic_cache_lru.h	ZrLanguageServer_LspSemanticCacheLru_New declaration	interface	zr_vm_language_server/src/zr_vm_language_server/interface/lsp_interface.c:1043	为 LSP 上下文创建默认预算与统计状态；仅由上下文构造流程调用。	返回的预算状态由 LSP context 持有，须与 Free 配对	zr_vm_language_server/src/zr_vm_language_server/interface/lsp_semantic_cache_lru.h:10;zr_vm_language_server/src/zr_vm_language_server/interface/lsp_interface.c:1043	commented	已从所列调用点核对职责与边界，注释位于声明或定义处
zr_vm_language_server/src/zr_vm_language_server/interface/lsp_semantic_cache_lru.h	ZrLanguageServer_LspSemanticCacheLru_Free declaration	interface	zr_vm_language_server/src/zr_vm_language_server/interface/lsp_interface.c:1085	在上下文销毁时释放预算状态；分析器及其缓存由各自持有者释放。	只释放 context 持有的预算状态；分析器由各自容器释放	zr_vm_language_server/src/zr_vm_language_server/interface/lsp_semantic_cache_lru.h:13;zr_vm_language_server/src/zr_vm_language_server/interface/lsp_interface.c:1085	commented	已从所列调用点核对职责与边界，注释位于声明或定义处
zr_vm_language_server/src/zr_vm_language_server/interface/lsp_semantic_cache_lru.h	ZrLanguageServer_LspSemanticCacheLru_Touch declaration	interface	zr_vm_language_server/src/zr_vm_language_server/interface/lsp_interface.c:1213;zr_vm_language_server/src/zr_vm_language_server/interface/lsp_semantic_snapshot_cache.c:321;zr_vm_language_server/src/zr_vm_language_server/semantic/lsp_semantic_query.c:3015	在当前或历史分析器被语义查询使用后更新其逐出优先级。	analyzer 仍由 context 的当前分析器表或历史快照持有。	zr_vm_language_server/src/zr_vm_language_server/interface/lsp_semantic_cache_lru.h:18;zr_vm_language_server/src/zr_vm_language_server/interface/lsp_interface.c:1213;zr_vm_language_server/src/zr_vm_language_server/interface/lsp_semantic_snapshot_cache.c:321	commented	已从所列调用点核对职责与边界，注释位于声明或定义处
zr_vm_language_server/src/zr_vm_language_server/interface/lsp_semantic_cache_lru.h	ZrLanguageServer_LspSemanticCacheLru_Enforce declaration	interface	zr_vm_language_server/src/zr_vm_language_server/interface/lsp_interface.c:1550;zr_vm_language_server/src/zr_vm_language_server/interface/lsp_semantic_cache_lru.c:226;zr_vm_language_server/src/zr_vm_language_server/semantic/lsp_semantic_query.c:521	分析完成或缓存增长后收回超出预算的可丢弃缓存，不释放语义分析器本体。	只逐出可重建缓存；不释放 AST、分析器或当前请求借用状态	zr_vm_language_server/src/zr_vm_language_server/interface/lsp_semantic_cache_lru.h:22;zr_vm_language_server/src/zr_vm_language_server/interface/lsp_interface.c:1550;zr_vm_language_server/src/zr_vm_language_server/interface/lsp_semantic_cache_lru.c:226	commented	已从所列调用点核对职责与边界，注释位于声明或定义处
zr_vm_language_server/src/zr_vm_language_server/interface/lsp_semantic_cache_lru.h	ZrLanguageServer_LspSemanticCacheLru_SetLimit declaration	interface	zr_vm_language_server/src/zr_vm_language_server/interface/lsp_interface.c:1584	调整上下文缓存预算并立即执行逐出；零预算也有效。	limitBytes 作用于主分析器与历史分析器的总可丢弃缓存	zr_vm_language_server/src/zr_vm_language_server/interface/lsp_semantic_cache_lru.h:26;zr_vm_language_server/src/zr_vm_language_server/interface/lsp_interface.c:1584	commented	已从所列调用点核对职责与边界，注释位于声明或定义处
zr_vm_language_server/src/zr_vm_language_server/interface/lsp_semantic_cache_lru.h	ZrLanguageServer_LspSemanticCacheLru_GetInfo declaration	interface	zr_vm_language_server/src/zr_vm_language_server/interface/lsp_interface.c:1594	报告当前占用及上次执行预算检查时记录的峰值与逐出计数。	outInfo 在失败时也清零；读取会扫描当前与历史分析器。	zr_vm_language_server/src/zr_vm_language_server/interface/lsp_semantic_cache_lru.h:32;zr_vm_language_server/src/zr_vm_language_server/interface/lsp_interface.c:1594	commented	已从所列调用点核对职责与边界，注释位于声明或定义处
zr_vm_language_server/src/zr_vm_language_server/interface/lsp_semantic_cache_lru.h	SZrLspSemanticCacheLru	type	zr_vm_language_server/src/zr_vm_language_server/interface/lsp_interface.c:1043;zr_vm_language_server/src/zr_vm_language_server/interface/lsp_semantic_cache_lru.c:125	当前分析器与历史语义快照共享的缓存存储预算；上下文拥有此状态。	由 LSP context 持有，Free 只回收预算状态，不拥有分析器或 AST	zr_vm_language_server/src/zr_vm_language_server/interface/lsp_semantic_cache_lru.h:7;zr_vm_language_server/src/zr_vm_language_server/interface/lsp_interface.c:1043;zr_vm_language_server/src/zr_vm_language_server/interface/lsp_semantic_cache_lru.c:125	commented	已从所列调用点核对职责与边界，注释位于声明或定义处
zr_vm_language_server/src/zr_vm_language_server/interface/lsp_semantic_snapshot_cache.c	snapshot_entry_matches_uri	function	zr_vm_language_server/src/zr_vm_language_server/interface/lsp_semantic_snapshot_cache.c:101	等价 URI 可能由不同字符串对象进入上下文，因此用文本身份匹配历史项。	参与比较或展示的 SZrString 遵循 VM 生命周期；原生视图不跨同步调用保存	zr_vm_language_server/src/zr_vm_language_server/interface/lsp_semantic_snapshot_cache.c:23;zr_vm_language_server/src/zr_vm_language_server/interface/lsp_semantic_snapshot_cache.c:101	commented	已从所列调用点核对职责与边界，注释位于声明或定义处
zr_vm_language_server/src/zr_vm_language_server/interface/lsp_semantic_snapshot_cache.c	snapshot_cache_release_entry	function	zr_vm_language_server/src/zr_vm_language_server/interface/lsp_semantic_snapshot_cache.c:75	回收旧 AST 前先使仍借用它的当前作用域查询分析器失效。	context 及其项目、文档索引在本次同步查询期间保持有效	zr_vm_language_server/src/zr_vm_language_server/interface/lsp_semantic_snapshot_cache.c:31;zr_vm_language_server/src/zr_vm_language_server/interface/lsp_semantic_snapshot_cache.c:75	commented	已从所列调用点核对职责与边界，注释位于声明或定义处
zr_vm_language_server/src/zr_vm_language_server/interface/lsp_semantic_snapshot_cache.c	snapshot_cache_remove_entry_at	function	zr_vm_language_server/src/zr_vm_language_server/interface/lsp_semantic_snapshot_cache.c:167	删除采用尾元素补位；版本顺序另由 insertionOrder 维护。	context 及其项目、文档索引在本次同步查询期间保持有效	zr_vm_language_server/src/zr_vm_language_server/interface/lsp_semantic_snapshot_cache.c:57;zr_vm_language_server/src/zr_vm_language_server/interface/lsp_semantic_snapshot_cache.c:167	commented	已从所列调用点核对职责与边界，注释位于声明或定义处
zr_vm_language_server/src/zr_vm_language_server/interface/lsp_semantic_snapshot_cache.c	snapshot_cache_count_uri	function	zr_vm_language_server/src/zr_vm_language_server/interface/lsp_semantic_snapshot_cache.c:234	容量按 URI 单独限制，而非跨整个工作区共用两个历史槽。	参与比较或展示的 SZrString 遵循 VM 生命周期；原生视图不跨同步调用保存	zr_vm_language_server/src/zr_vm_language_server/interface/lsp_semantic_snapshot_cache.c:88;zr_vm_language_server/src/zr_vm_language_server/interface/lsp_semantic_snapshot_cache.c:234	commented	已从所列调用点核对职责与边界，注释位于声明或定义处
zr_vm_language_server/src/zr_vm_language_server/interface/lsp_semantic_snapshot_cache.c	snapshot_cache_oldest_uri_index	function	zr_vm_language_server/src/zr_vm_language_server/interface/lsp_semantic_snapshot_cache.c:236	为版本滚动寻找此 URI 最早捕获的语义状态。	参与比较或展示的 SZrString 遵循 VM 生命周期；原生视图不跨同步调用保存	zr_vm_language_server/src/zr_vm_language_server/interface/lsp_semantic_snapshot_cache.c:109;zr_vm_language_server/src/zr_vm_language_server/interface/lsp_semantic_snapshot_cache.c:236	commented	已从所列调用点核对职责与边界，注释位于声明或定义处
zr_vm_language_server/src/zr_vm_language_server/interface/lsp_semantic_snapshot_cache.c	ZrLanguageServer_LspSemanticSnapshotCache_New	function	zr_vm_language_server/src/zr_vm_language_server/interface/lsp_interface.c:1038	随上下文创建跨 URI 的历史语义快照容器	返回缓存由 context 持有；构造失败应阻止后续 Capture	zr_vm_language_server/src/zr_vm_language_server/interface/lsp_semantic_snapshot_cache.c:132;zr_vm_language_server/src/zr_vm_language_server/interface/lsp_interface.c:1038;zr_vm_language_server/src/zr_vm_language_server/interface/lsp_semantic_snapshot_cache.c:145;zr_vm_core/include/zr_vm_core/array.h:36;zr_vm_core/include/zr_vm_core/array.h:42	BUG	BUG: Array_Init 分配失败时仍把 entries 标为有效；此构造函数会返回 非空缓存，首次 Capture 的 Array_Push 随即向空缓冲区复制。
zr_vm_language_server/src/zr_vm_language_server/interface/lsp_semantic_snapshot_cache.c	ZrLanguageServer_LspSemanticSnapshotCache_Free	function	zr_vm_language_server/src/zr_vm_language_server/interface/lsp_interface.c:1084	上下文销毁时释放历史分析器及持有的旧 AST	销毁历史分析器及旧 AST，须早于当前分析器和项目上下文释放	zr_vm_language_server/src/zr_vm_language_server/interface/lsp_semantic_snapshot_cache.c:156;zr_vm_language_server/src/zr_vm_language_server/interface/lsp_interface.c:1084	commented	已从所列调用点核对职责与边界，注释位于声明或定义处
zr_vm_language_server/src/zr_vm_language_server/interface/lsp_semantic_snapshot_cache.c	ZrLanguageServer_LspSemanticSnapshotCache_RemoveUri	function	zr_vm_language_server/src/zr_vm_language_server/interface/lsp_interface.c:1293	文档移除后清除该 URI 的历史语义状态	删除 URI 后先前借用的历史分析器立即失效	zr_vm_language_server/src/zr_vm_language_server/interface/lsp_semantic_snapshot_cache.c:177;zr_vm_language_server/src/zr_vm_language_server/interface/lsp_interface.c:1293	commented	已从所列调用点核对职责与边界，注释位于声明或定义处
zr_vm_language_server/src/zr_vm_language_server/interface/lsp_semantic_snapshot_cache.c	ZrLanguageServer_LspSemanticSnapshotCache_Capture	function	zr_vm_language_server/src/zr_vm_language_server/interface/lsp_interface.c:1495	在新文档版本替换旧 AST 前转移分析器所有权，供历史请求查询	成功时缓存接管旧 AST 与分析器；失败时调用方仍须处理旧 AST	zr_vm_language_server/src/zr_vm_language_server/interface/lsp_semantic_snapshot_cache.c:199;zr_vm_language_server/src/zr_vm_language_server/interface/lsp_interface.c:1495;zr_vm_language_server/src/zr_vm_language_server/interface/lsp_semantic_snapshot_cache.c:250;zr_vm_core/include/zr_vm_core/array.h:82;zr_vm_core/include/zr_vm_core/array.h:88	BUG	BUG: 第三个跨 URI 快照等触发 entries 扩容时，Array_Push 的分配失败路径 会覆盖数组缓冲区指针并继续复制，导致崩溃；这里也无法接收失败状态。
zr_vm_language_server/src/zr_vm_language_server/interface/lsp_semantic_snapshot_cache.c	ZrLanguageServer_LspSemanticSnapshotCache_VisitAnalyzers	function	zr_vm_language_server/src/zr_vm_language_server/interface/lsp_semantic_cache_lru.c:95	把历史分析器借给 LRU 预算扫描，不改变快照归属	visitor 仅借用仍存活的分析器，不能保存指针到回调外	zr_vm_language_server/src/zr_vm_language_server/interface/lsp_semantic_snapshot_cache.c:256;zr_vm_language_server/src/zr_vm_language_server/interface/lsp_semantic_cache_lru.c:95	commented	已从所列调用点核对职责与边界，注释位于声明或定义处
zr_vm_language_server/src/zr_vm_language_server/interface/lsp_semantic_snapshot_cache.c	ZrLanguageServer_Lsp_GetHistoricalSemanticSnapshot	function	tests/language_server/test_lsp_snapshot_cache_cases.h:957;tests/language_server/test_lsp_snapshot_cache_cases.h:959	对外只借出分析器和版本身份；索引与文件内容历史一致，0 为最近一次更新前的版本。	返回分析器为缓存借用，URI 更新或缓存逐出后失效	zr_vm_language_server/src/zr_vm_language_server/interface/lsp_semantic_snapshot_cache.c:280;tests/language_server/test_lsp_snapshot_cache_cases.h:957;tests/language_server/test_lsp_snapshot_cache_cases.h:959	commented	已从所列调用点核对职责与边界，注释位于声明或定义处
zr_vm_language_server/src/zr_vm_language_server/interface/lsp_semantic_snapshot_cache.c	SZrLspSemanticSnapshotEntry	type	zr_vm_language_server/src/zr_vm_language_server/interface/lsp_semantic_snapshot_cache.c:208;zr_vm_language_server/src/zr_vm_language_server/interface/lsp_semantic_snapshot_cache.c:269	历史语义版本与文件内容历史并行；analyzer 独占旧 AST，uri 指针由调用方保证存活。	缓存 entries 数组持有条目；其 analyzer 独占旧 AST，uri 为借用引用	zr_vm_language_server/src/zr_vm_language_server/interface/lsp_semantic_snapshot_cache.c:8;zr_vm_language_server/src/zr_vm_language_server/interface/lsp_semantic_snapshot_cache.c:208;zr_vm_language_server/src/zr_vm_language_server/interface/lsp_semantic_snapshot_cache.c:269	commented	已从所列调用点核对职责与边界，注释位于声明或定义处
zr_vm_language_server/src/zr_vm_language_server/interface/lsp_semantic_snapshot_cache.c	SZrLspSemanticSnapshotCache	type	zr_vm_language_server/src/zr_vm_language_server/interface/lsp_interface.c:1038;zr_vm_language_server/src/zr_vm_language_server/interface/lsp_semantic_snapshot_cache.c:139	entries 为跨 URI 共用数组，每个 URI 通过 insertionOrder 独立选择最旧版本。	由 LSP context 持有，entries 持有历史分析器并受每 URI 留存上限限制	zr_vm_language_server/src/zr_vm_language_server/interface/lsp_semantic_snapshot_cache.c:17;zr_vm_language_server/src/zr_vm_language_server/interface/lsp_interface.c:1038;zr_vm_language_server/src/zr_vm_language_server/interface/lsp_semantic_snapshot_cache.c:139	commented	已从所列调用点核对职责与边界，注释位于声明或定义处
zr_vm_language_server/src/zr_vm_language_server/interface/lsp_semantic_snapshot_cache.c	ZrLanguageServer_LspSemanticSnapshotCache_Capture retention	block	zr_vm_language_server/src/zr_vm_language_server/interface/lsp_semantic_snapshot_cache.c:234;zr_vm_language_server/src/zr_vm_language_server/interface/lsp_semantic_snapshot_cache.c:240	文档更新前保留前一版语义分析器以支持历史请求	每 URI 保留上限及全局访问预算共同限制生命周期	zr_vm_language_server/src/zr_vm_language_server/interface/lsp_semantic_snapshot_cache.c:199;zr_vm_language_server/src/zr_vm_language_server/interface/lsp_semantic_snapshot_cache.c:234;zr_vm_language_server/src/zr_vm_language_server/interface/lsp_semantic_snapshot_cache.c:240	commented	已从所列调用点核对职责与边界，注释位于声明或定义处
zr_vm_language_server/src/zr_vm_language_server/interface/lsp_semantic_snapshot_cache.h	ZrLanguageServer_LspSemanticSnapshotCache_New declaration	interface	zr_vm_language_server/src/zr_vm_language_server/interface/lsp_interface.c:1038	随 LSP 上下文创建历史语义分析器容器。	返回缓存由 context 持有；构造失败应阻止后续 Capture	zr_vm_language_server/src/zr_vm_language_server/interface/lsp_semantic_snapshot_cache.h:14;zr_vm_language_server/src/zr_vm_language_server/interface/lsp_interface.c:1038	commented	已从所列调用点核对职责与边界，注释位于声明或定义处
zr_vm_language_server/src/zr_vm_language_server/interface/lsp_semantic_snapshot_cache.h	ZrLanguageServer_LspSemanticSnapshotCache_Free declaration	interface	zr_vm_language_server/src/zr_vm_language_server/interface/lsp_interface.c:1084	先释放历史分析器及其 AST，再释放容器；须早于当前分析器销毁。	销毁历史分析器及旧 AST，须早于当前分析器和项目上下文释放	zr_vm_language_server/src/zr_vm_language_server/interface/lsp_semantic_snapshot_cache.h:17;zr_vm_language_server/src/zr_vm_language_server/interface/lsp_interface.c:1084	commented	已从所列调用点核对职责与边界，注释位于声明或定义处
zr_vm_language_server/src/zr_vm_language_server/interface/lsp_semantic_snapshot_cache.h	ZrLanguageServer_LspSemanticSnapshotCache_RemoveUri declaration	interface	zr_vm_language_server/src/zr_vm_language_server/interface/lsp_interface.c:1293	在当前分析器从上下文移除前清除该 URI 的历史语义状态。	删除 URI 后先前借用的历史分析器立即失效	zr_vm_language_server/src/zr_vm_language_server/interface/lsp_semantic_snapshot_cache.h:21;zr_vm_language_server/src/zr_vm_language_server/interface/lsp_interface.c:1293	commented	已从所列调用点核对职责与边界，注释位于声明或定义处
zr_vm_language_server/src/zr_vm_language_server/interface/lsp_semantic_snapshot_cache.h	ZrLanguageServer_LspSemanticSnapshotCache_Capture declaration	interface	zr_vm_language_server/src/zr_vm_language_server/interface/lsp_interface.c:1495	将被新版本替换的分析状态转为历史快照，供版本化语义查询使用。	retainedAst 属于 currentAnalyzer 当前状态，fileVersion 已记录前一版内容，uri 在快照存活期有效。；@return 成功后缓存接管 retainedAst；失败时调用方仍须处理 retainedAst。	zr_vm_language_server/src/zr_vm_language_server/interface/lsp_semantic_snapshot_cache.h:28;zr_vm_language_server/src/zr_vm_language_server/interface/lsp_interface.c:1495	commented	已从所列调用点核对职责与边界，注释位于声明或定义处
zr_vm_language_server/src/zr_vm_language_server/interface/lsp_semantic_snapshot_cache.h	ZrLanguageServer_LspSemanticSnapshotCache_VisitAnalyzers declaration	interface	zr_vm_language_server/src/zr_vm_language_server/interface/lsp_semantic_cache_lru.c:95	借用遍历仍存活的历史分析器，供统一预算与访问顺序维护使用。	visitor 仅借用仍存活的分析器，不能保存指针到回调外	zr_vm_language_server/src/zr_vm_language_server/interface/lsp_semantic_snapshot_cache.h:37;zr_vm_language_server/src/zr_vm_language_server/interface/lsp_semantic_cache_lru.c:95	commented	已从所列调用点核对职责与边界，注释位于声明或定义处
zr_vm_language_server/src/zr_vm_language_server/interface/lsp_semantic_snapshot_cache.h	SZrLspSemanticSnapshotCache	type	zr_vm_language_server/src/zr_vm_language_server/interface/lsp_interface.c:1038;zr_vm_language_server/src/zr_vm_language_server/interface/lsp_semantic_snapshot_cache.c:139	每个 URI 最多保留与文件内容历史相同数量的语义分析器；上下文持有缓存。	由 LSP context 持有，entries 持有历史分析器并受每 URI 留存上限限制	zr_vm_language_server/src/zr_vm_language_server/interface/lsp_semantic_snapshot_cache.h:7;zr_vm_language_server/src/zr_vm_language_server/interface/lsp_interface.c:1038;zr_vm_language_server/src/zr_vm_language_server/interface/lsp_semantic_snapshot_cache.c:139	commented	已从所列调用点核对职责与边界，注释位于声明或定义处
zr_vm_language_server/src/zr_vm_language_server/interface/lsp_semantic_snapshot_cache.h	TZrLspSemanticSnapshotAnalyzerVisitor	type	zr_vm_language_server/src/zr_vm_language_server/interface/lsp_semantic_cache_lru.c:61;zr_vm_language_server/src/zr_vm_language_server/interface/lsp_semantic_snapshot_cache.c:258	借用缓存中的分析器供 LRU 统计或重排；回调不能保存该指针。	visitor 只在遍历期间借用分析器指针，不能跨回调保存	zr_vm_language_server/src/zr_vm_language_server/interface/lsp_semantic_snapshot_cache.h:9;zr_vm_language_server/src/zr_vm_language_server/interface/lsp_semantic_cache_lru.c:61;zr_vm_language_server/src/zr_vm_language_server/interface/lsp_semantic_snapshot_cache.c:258	commented	已从所列调用点核对职责与边界，注释位于声明或定义处
zr_vm_language_server/src/zr_vm_language_server/interface/lsp_signature_semantic_facts.c	signature_fact_get_string_view	function	zr_vm_language_server/src/zr_vm_language_server/interface/lsp_signature_semantic_facts.c:131	参数文档合成只借用 VM 字符串的底层字节；短串与长串必须按其各自长度读取。	仅供本模块的同步调用链使用	zr_vm_language_server/src/zr_vm_language_server/interface/lsp_signature_semantic_facts.c:11;zr_vm_language_server/src/zr_vm_language_server/interface/lsp_signature_semantic_facts.c:131	commented	已从所列调用点核对职责与边界，注释位于声明或定义处
zr_vm_language_server/src/zr_vm_language_server/interface/lsp_signature_semantic_facts.c	signature_fact_append_format	function	zr_vm_language_server/src/zr_vm_language_server/interface/lsp_signature_semantic_facts.c:68	事实文档使用有界缓冲区；写不下时由调用者放弃附加文档而保留签名帮助主体。	仅供本模块的同步调用链使用	zr_vm_language_server/src/zr_vm_language_server/interface/lsp_signature_semantic_facts.c:34;zr_vm_language_server/src/zr_vm_language_server/interface/lsp_signature_semantic_facts.c:68	commented	已从所列调用点核对职责与边界，注释位于声明或定义处
zr_vm_language_server/src/zr_vm_language_server/interface/lsp_signature_semantic_facts.c	signature_fact_append_separator	function	zr_vm_language_server/src/zr_vm_language_server/interface/lsp_signature_semantic_facts.c:190	分隔各类已存在的参数事实，避免空事实在文档开头留下标点。	仅供本模块的同步调用链使用	zr_vm_language_server/src/zr_vm_language_server/interface/lsp_signature_semantic_facts.c:61;zr_vm_language_server/src/zr_vm_language_server/interface/lsp_signature_semantic_facts.c:190	commented	已从所列调用点核对职责与边界，注释位于声明或定义处
zr_vm_language_server/src/zr_vm_language_server/interface/lsp_signature_semantic_facts.c	signature_fact_expression_kind	function	zr_vm_language_server/src/zr_vm_language_server/interface/lsp_signature_semantic_facts.c:258	将 parser 的事实分类转成签名帮助的统一展示词汇；不对未知类别赋予具体语义。	仅供本模块的同步调用链使用	zr_vm_language_server/src/zr_vm_language_server/interface/lsp_signature_semantic_facts.c:72;zr_vm_language_server/src/zr_vm_language_server/interface/lsp_signature_semantic_facts.c:258	commented	已从所列调用点核对职责与边界，注释位于声明或定义处
zr_vm_language_server/src/zr_vm_language_server/interface/lsp_signature_semantic_facts.c	signature_fact_exactness	function	zr_vm_language_server/src/zr_vm_language_server/interface/lsp_signature_semantic_facts.c:259	参数表达式的精度随文案一同展示，调用者可区分确定结果与近似分析。	仅供本模块的同步调用链使用	zr_vm_language_server/src/zr_vm_language_server/interface/lsp_signature_semantic_facts.c:109;zr_vm_language_server/src/zr_vm_language_server/interface/lsp_signature_semantic_facts.c:259	commented	已从所列调用点核对职责与边界，注释位于声明或定义处
zr_vm_language_server/src/zr_vm_language_server/interface/lsp_signature_semantic_facts.c	signature_fact_append_escaped_string_constant	function	zr_vm_language_server/src/zr_vm_language_server/interface/lsp_signature_semantic_facts.c:234	字符串常量可直接来自调用实参；转义控制字节以免破坏参数文档边界。	仅供本模块的同步调用链使用	zr_vm_language_server/src/zr_vm_language_server/interface/lsp_signature_semantic_facts.c:122;zr_vm_language_server/src/zr_vm_language_server/interface/lsp_signature_semantic_facts.c:234	commented	已从所列调用点核对职责与边界，注释位于声明或定义处
zr_vm_language_server/src/zr_vm_language_server/interface/lsp_signature_semantic_facts.c	signature_fact_append_expression_constant	function	zr_vm_language_server/src/zr_vm_language_server/interface/lsp_signature_semantic_facts.c:260	仅在 parser 明确给出常量值时附加常量文案；类型未知不制造伪精确信息。	仅供本模块的同步调用链使用	zr_vm_language_server/src/zr_vm_language_server/interface/lsp_signature_semantic_facts.c:180;zr_vm_language_server/src/zr_vm_language_server/interface/lsp_signature_semantic_facts.c:260	commented	已从所列调用点核对职责与边界，注释位于声明或定义处
zr_vm_language_server/src/zr_vm_language_server/interface/lsp_signature_semantic_facts.c	signature_fact_append_expression_detail	function	zr_vm_language_server/src/zr_vm_language_server/interface/lsp_signature_semantic_facts.c:470	表达式类别、精度与常量组合成参数级摘要，供多个签名帮助入口复用。	仅供本模块的同步调用链使用	zr_vm_language_server/src/zr_vm_language_server/interface/lsp_signature_semantic_facts.c:245;zr_vm_language_server/src/zr_vm_language_server/interface/lsp_signature_semantic_facts.c:470	commented	已从所列调用点核对职责与边界，注释位于声明或定义处
zr_vm_language_server/src/zr_vm_language_server/interface/lsp_signature_semantic_facts.c	signature_fact_append_numeric_detail	function	zr_vm_language_server/src/zr_vm_language_server/interface/lsp_signature_semantic_facts.c:471	数值区间沿用共享格式；无符号范围及溢出风险仍保留独立提示。	仅供本模块的同步调用链使用	zr_vm_language_server/src/zr_vm_language_server/interface/lsp_signature_semantic_facts.c:268;zr_vm_language_server/src/zr_vm_language_server/interface/lsp_signature_semantic_facts.c:471	commented	已从所列调用点核对职责与边界，注释位于声明或定义处
zr_vm_language_server/src/zr_vm_language_server/interface/lsp_signature_semantic_facts.c	signature_fact_append_logical_detail	function	zr_vm_language_server/src/zr_vm_language_server/interface/lsp_signature_semantic_facts.c:472	仅转述语义分析已知的逻辑值与短路性质，避免调用位置再做推断。	仅供本模块的同步调用链使用	zr_vm_language_server/src/zr_vm_language_server/interface/lsp_signature_semantic_facts.c:313;zr_vm_language_server/src/zr_vm_language_server/interface/lsp_signature_semantic_facts.c:472	commented	已从所列调用点核对职责与边界，注释位于声明或定义处
zr_vm_language_server/src/zr_vm_language_server/interface/lsp_signature_semantic_facts.c	signature_fact_string_text	function	zr_vm_language_server/src/zr_vm_language_server/interface/lsp_signature_semantic_facts.c:366	所有权诊断值由 VM 管理；本函数只为当前同步格式化借用其零结尾文本。	仅供本模块的同步调用链使用	zr_vm_language_server/src/zr_vm_language_server/interface/lsp_signature_semantic_facts.c:343;zr_vm_language_server/src/zr_vm_language_server/interface/lsp_signature_semantic_facts.c:366	commented	已从所列调用点核对职责与边界，注释位于声明或定义处
zr_vm_language_server/src/zr_vm_language_server/interface/lsp_signature_semantic_facts.c	signature_fact_append_ownership_detail	function	zr_vm_language_server/src/zr_vm_language_server/interface/lsp_signature_semantic_facts.c:473	签名帮助只提升违规的所有权事实；普通借用和转移不被包装成错误。	仅供本模块的同步调用链使用	zr_vm_language_server/src/zr_vm_language_server/interface/lsp_signature_semantic_facts.c:356;zr_vm_language_server/src/zr_vm_language_server/interface/lsp_signature_semantic_facts.c:473	commented	已从所列调用点核对职责与边界，注释位于声明或定义处
zr_vm_language_server/src/zr_vm_language_server/interface/lsp_signature_semantic_facts.c	signature_fact_ownership_intrinsic_operation	function	zr_vm_language_server/src/zr_vm_language_server/interface/lsp_signature_semantic_facts.c:413	内建操作的展示名与语言内建函数对应，未知枚举不猜测名称。	仅供本模块的同步调用链使用	zr_vm_language_server/src/zr_vm_language_server/interface/lsp_signature_semantic_facts.c:383;zr_vm_language_server/src/zr_vm_language_server/interface/lsp_signature_semantic_facts.c:413	commented	已从所列调用点核对职责与边界，注释位于声明或定义处
zr_vm_language_server/src/zr_vm_language_server/interface/lsp_signature_semantic_facts.c	signature_fact_append_ownership_intrinsic_detail	function	zr_vm_language_server/src/zr_vm_language_server/interface/lsp_signature_semantic_facts.c:474	参数表达式若含内建所有权操作，同步展示其是否消费输入。	仅供本模块的同步调用链使用	zr_vm_language_server/src/zr_vm_language_server/interface/lsp_signature_semantic_facts.c:402;zr_vm_language_server/src/zr_vm_language_server/interface/lsp_signature_semantic_facts.c:474	commented	已从所列调用点核对职责与边界，注释位于声明或定义处
zr_vm_language_server/src/zr_vm_language_server/interface/lsp_signature_semantic_facts.c	ZrLanguageServer_Lsp_BuildSignatureArgumentSemanticFactDocumentation	function	zr_vm_language_server/src/zr_vm_language_server/lsp_canonical_signature_help.c:122;zr_vm_language_server/src/zr_vm_language_server/lsp_external_callable_signature_help.c:26;zr_vm_language_server/src/zr_vm_language_server/lsp_signature_help.c:2670	为当前调用实参生成语义事实文档，供普通、规范类型和外部调用签名复用。	argumentNode 属于 analyzer 当前 semanticContext 对应的 AST；返回 VM 字符串由 VM 管理。；@return 无已记录事实或文案装不下时返回 NULL；签名帮助主体仍可继续构造。	zr_vm_language_server/src/zr_vm_language_server/interface/lsp_signature_semantic_facts.c:434;zr_vm_language_server/src/zr_vm_language_server/lsp_canonical_signature_help.c:122;zr_vm_language_server/src/zr_vm_language_server/lsp_external_callable_signature_help.c:26;zr_vm_language_server/src/zr_vm_language_server/interface/lsp_signature_semantic_facts.c:443;zr_vm_language_server/src/zr_vm_language_server/interface/lsp_signature_semantic_facts.c:461	BUG	BUG: 长字符串实参会产生超过 256 字节的常量事实；拼接失败后返回 NULL， 调用者仍给出签名却丢失该实参的整段语义事实。字符串常量由 parser 实际记录。
zr_vm_language_server/src/zr_vm_language_server/interface/lsp_signature_semantic_facts.c	ZrLanguageServer_Lsp_BuildSignatureArgumentSemanticFactDocumentation TODO block	block	zr_vm_language_server/src/zr_vm_language_server/lsp_canonical_signature_help.c:122;zr_vm_language_server/src/zr_vm_language_server/lsp_external_callable_signature_help.c:26;zr_vm_language_server/src/zr_vm_language_server/lsp_signature_help.c:2670	记录该函数内独立的语义或资源边界	argumentNode 属于 analyzer 当前 semanticContext 对应的 AST；返回 VM 字符串由 VM 管理。；@return 无已记录事实或文案装不下时返回 NULL；签名帮助主体仍可继续构造。	zr_vm_language_server/src/zr_vm_language_server/interface/lsp_signature_semantic_facts.c:461;zr_vm_language_server/src/zr_vm_language_server/interface/lsp_signature_semantic_facts.c:434	TODO	TODO: 位置查找仅按 argumentNode 的起点选最窄覆盖事实，不保证 fact->node 是整个实参； 用嵌套所有权表达式核查参数文档是否会误显示子节点诊断。
zr_vm_language_server/src/zr_vm_language_server/interface/lsp_source_spans.c	lsp_source_span_is_quote	function	zr_vm_language_server/src/zr_vm_language_server/interface/lsp_source_spans.c:15	语义查询的轻量文本门控所识别的三类字符串界符。	仅供本模块的同步调用链使用	zr_vm_language_server/src/zr_vm_language_server/interface/lsp_source_spans.c:4;zr_vm_language_server/src/zr_vm_language_server/interface/lsp_source_spans.c:15	commented	已从所列调用点核对职责与边界，注释位于声明或定义处
zr_vm_language_server/src/zr_vm_language_server/interface/lsp_source_spans.c	lsp_source_span_skip_string	function	zr_vm_language_server/src/zr_vm_language_server/interface/lsp_source_spans.c:80	避免把普通字符串内容误判为标识符；此扫描器不是完整的语言 lexer。	仅供本模块的同步调用链使用	zr_vm_language_server/src/zr_vm_language_server/interface/lsp_source_spans.c:9;zr_vm_language_server/src/zr_vm_language_server/interface/lsp_source_spans.c:80	commented	已从所列调用点核对职责与边界，注释位于声明或定义处
zr_vm_language_server/src/zr_vm_language_server/interface/lsp_source_spans.c	ZrLanguageServer_Lsp_IsOffsetInCodeSpan	function	zr_vm_language_server/src/zr_vm_language_server/lsp_super_navigation.c:129;zr_vm_language_server/src/zr_vm_language_server/lsp_token_metadata.c:319;zr_vm_language_server/src/zr_vm_language_server/semantic/lsp_semantic_query.c:332	在 hover、定义等语义查询前屏蔽注释与普通字符串内的光标。	这是轻量文本门控；调用方仍需语义查询确认标识符身份。；而 parser_literals.c 的模板解析将该片段作为表达式；插值中的语义查询和补全会被错误屏蔽。	zr_vm_language_server/src/zr_vm_language_server/interface/lsp_source_spans.c:44;zr_vm_language_server/src/zr_vm_language_server/lsp_super_navigation.c:129;zr_vm_language_server/src/zr_vm_language_server/lsp_token_metadata.c:319;zr_vm_language_server/src/zr_vm_language_server/interface/lsp_source_spans.c:41;zr_vm_language_server/src/zr_vm_language_server/interface/lsp_source_spans.c:81;zr_vm_parser/src/zr_vm_parser/parser/parser_literals.c:265;zr_vm_language_server/src/zr_vm_language_server/interface/lsp_interface.c:1765	BUG	BUG: 反引号模板字符串内的 `${expr}` 会被整体当成字符串跳过， 而 parser_literals.c 的模板解析将该片段作为表达式；插值中的语义查询和补全会被错误屏蔽。
zr_vm_language_server/src/zr_vm_language_server/interface/lsp_source_spans.c	ZrLanguageServer_Lsp_IsCursorOffsetInCodeSpan	function	zr_vm_language_server/src/zr_vm_language_server/interface/lsp_interface.c:1765;zr_vm_language_server/src/zr_vm_language_server/lsp_signature_help.c:2943	补全和签名帮助容许光标位于代码片段末端，故同时检查光标前一个字节。	content/contentLength 必须来自同一源码快照；不得越界读取	zr_vm_language_server/src/zr_vm_language_server/interface/lsp_source_spans.c:99;zr_vm_language_server/src/zr_vm_language_server/interface/lsp_interface.c:1765;zr_vm_language_server/src/zr_vm_language_server/lsp_signature_help.c:2943	commented	已从所列调用点核对职责与边界，注释位于声明或定义处
zr_vm_language_server/src/zr_vm_language_server/interface/lsp_workspace_edit_snapshot.c	workspace_edit_capture_semantic_identity	function	zr_vm_language_server/src/zr_vm_language_server/interface/lsp_workspace_edit_snapshot.c:100	编辑令牌除文本外还绑定依赖与提供者代数，防止同文重算后沿用旧位置。	context 及其项目、文档索引在本次同步查询期间保持有效	zr_vm_language_server/src/zr_vm_language_server/interface/lsp_workspace_edit_snapshot.c:9;zr_vm_language_server/src/zr_vm_language_server/interface/lsp_workspace_edit_snapshot.c:100;zr_vm_language_server/src/zr_vm_language_server/interface/lsp_workspace_edit_snapshot.c:22	TODO	TODO: 确认语义快照暂时不可用时是否允许继续发布工作区编辑； 当前捕获与验证都可能只比较文本，需沿 code action/rename 调用链验证依赖变化场景。
zr_vm_language_server/src/zr_vm_language_server/interface/lsp_workspace_edit_snapshot.c	workspace_edit_semantic_identities_equal	function	zr_vm_language_server/src/zr_vm_language_server/interface/lsp_workspace_edit_snapshot.c:173	与语义快照身份字段保持同步，用于重命名和 code action 的失效判断。	本接口只在当前同步请求上下文内读取或修改状态	zr_vm_language_server/src/zr_vm_language_server/interface/lsp_workspace_edit_snapshot.c:35;zr_vm_language_server/src/zr_vm_language_server/interface/lsp_workspace_edit_snapshot.c:173	commented	已从所列调用点核对职责与边界，注释位于声明或定义处
zr_vm_language_server/src/zr_vm_language_server/interface/lsp_workspace_edit_snapshot.c	workspace_edit_capture_disk_snapshot	function	zr_vm_language_server/src/zr_vm_language_server/interface/lsp_workspace_edit_snapshot.c:128	关闭文档以磁盘内容为准；若解析器还缓存旧内容则拒绝生成编辑。	context 及其项目、文档索引在本次同步查询期间保持有效	zr_vm_language_server/src/zr_vm_language_server/interface/lsp_workspace_edit_snapshot.c:47;zr_vm_language_server/src/zr_vm_language_server/interface/lsp_workspace_edit_snapshot.c:128;zr_vm_language_server/src/zr_vm_language_server/interface/lsp_workspace_edit_snapshot.c:71;zr_vm_language_server/src/zr_vm_language_server/interface/lsp_workspace_edit_snapshot.c:105;zr_vm_language_server/src/zr_vm_language_server/interface/lsp_workspace_edit_snapshot.c:73;zr_vm_language_server/src/zr_vm_language_server/interface/lsp_workspace_edit_snapshot.c:107;zr_vm_library/src/zr_vm_library/file.c:1590;zr_vm_library/src/zr_vm_library/file.c:1596;zr_vm_library/src/zr_vm_library/file.c:1624	BUG	BUG: ReadAll 可返回带内嵌 NUL 的文件；strlen 只覆盖前缀。若 NUL 后内容变化， ValidateDocumentSnapshot 的长度与哈希仍相同，旧的跨文件编辑可被放行。
zr_vm_language_server/src/zr_vm_language_server/interface/lsp_workspace_edit_snapshot.c	ZrLanguageServer_LspWorkspaceEdit_CaptureDocumentSnapshot	function	zr_vm_language_server/stdio/stdio_editing.c:319;tests/language_server/test_lsp_interface.c:936;tests/language_server/test_stdio_handler_cancellation.c:202	生成编辑计划时捕获一个目标文档的内容及语义身份	uri 在令牌验证与序列化完成前有效；失败时不得使用输出	zr_vm_language_server/src/zr_vm_language_server/interface/lsp_workspace_edit_snapshot.c:112;zr_vm_language_server/stdio/stdio_editing.c:319;tests/language_server/test_lsp_interface.c:936	commented	已从所列调用点核对职责与边界，注释位于声明或定义处
zr_vm_language_server/src/zr_vm_language_server/interface/lsp_workspace_edit_snapshot.c	ZrLanguageServer_LspWorkspaceEdit_ValidateDocumentSnapshot	function	zr_vm_language_server/stdio/stdio_editing.c:336;tests/language_server/test_lsp_interface.c:940;zr_vm_language_server/src/zr_vm_language_server/interface/lsp_workspace_edit_snapshot.c:254	发布既有编辑前比较当前文档和旧令牌，防止应用到变化的内容	任何内容、版本或语义身份不一致都应拒绝旧编辑令牌	zr_vm_language_server/src/zr_vm_language_server/interface/lsp_workspace_edit_snapshot.c:154;zr_vm_language_server/stdio/stdio_editing.c:336;tests/language_server/test_lsp_interface.c:940	commented	已从所列调用点核对职责与边界，注释位于声明或定义处
zr_vm_language_server/src/zr_vm_language_server/interface/lsp_workspace_edit_snapshot.c	ZrLanguageServer_LspWorkspaceEdit_FindDocumentSnapshot	function	zr_vm_language_server/src/zr_vm_language_server/project/lsp_project_source_rename.c:406;zr_vm_language_server/stdio/stdio_rename.c:56;tests/language_server/test_lsp_interface.c:967	从多文档编辑计划中借用指定 URI 的一致性令牌	返回数组元素的借用地址，数组扩容或释放后失效	zr_vm_language_server/src/zr_vm_language_server/interface/lsp_workspace_edit_snapshot.c:177;zr_vm_language_server/src/zr_vm_language_server/project/lsp_project_source_rename.c:406;zr_vm_language_server/stdio/stdio_rename.c:56	commented	已从所列调用点核对职责与边界，注释位于声明或定义处
zr_vm_language_server/src/zr_vm_language_server/interface/lsp_workspace_edit_snapshot.c	ZrLanguageServer_LspWorkspaceEdit_CaptureDocumentSnapshots	function	zr_vm_language_server/src/zr_vm_language_server/project/lsp_project_source_rename.c:388;zr_vm_language_server/stdio/stdio_rename.c:275;tests/language_server/test_lsp_interface.c:958	按位置列表为每个目标文档捕获一次一致性令牌	输出数组须为空；失败时调用方仍负责释放已追加元素	zr_vm_language_server/src/zr_vm_language_server/interface/lsp_workspace_edit_snapshot.c:198;zr_vm_language_server/src/zr_vm_language_server/project/lsp_project_source_rename.c:388;zr_vm_language_server/stdio/stdio_rename.c:275;zr_vm_language_server/src/zr_vm_language_server/interface/lsp_workspace_edit_snapshot.c:208;zr_vm_core/include/zr_vm_core/array.h:36;zr_vm_core/include/zr_vm_core/array.h:88	BUG	BUG: Array_Init 分配失败仍标记为有效；后续 Array_Push 可向空指针复制， 多文档重命名遇到内存不足时不能按返回值安全失败。
zr_vm_language_server/src/zr_vm_language_server/interface/lsp_workspace_edit_snapshot.c	ZrLanguageServer_LspWorkspaceEdit_ValidateDocumentSnapshots	function	zr_vm_language_server/src/zr_vm_language_server/project/lsp_project_source_rename.c:397;zr_vm_language_server/stdio/stdio_rename.c:280;zr_vm_language_server/stdio/stdio_workspace_files.c:369	应用多文档编辑前逐一验证所有目标令牌	任一目标验证失败即拒绝整组编辑，不允许发布部分结果	zr_vm_language_server/src/zr_vm_language_server/interface/lsp_workspace_edit_snapshot.c:241;zr_vm_language_server/src/zr_vm_language_server/project/lsp_project_source_rename.c:397;zr_vm_language_server/stdio/stdio_rename.c:280	commented	已从所列调用点核对职责与边界，注释位于声明或定义处
zr_vm_language_server/src/zr_vm_language_server/interface/lsp_workspace_edit_snapshot.c	workspace_edit_capture_disk_snapshot disk/cache agreement	block	zr_vm_language_server/src/zr_vm_language_server/interface/lsp_workspace_edit_snapshot.c:93;zr_vm_language_server/src/zr_vm_language_server/interface/lsp_workspace_edit_snapshot.c:100	只在磁盘文本与关闭文档缓存一致时保存语义身份	磁盘改变或打开文档必须使旧编辑令牌失效	zr_vm_language_server/src/zr_vm_language_server/interface/lsp_workspace_edit_snapshot.c:47;zr_vm_language_server/src/zr_vm_language_server/interface/lsp_workspace_edit_snapshot.c:93;zr_vm_language_server/src/zr_vm_language_server/interface/lsp_workspace_edit_snapshot.c:100	commented	已从所列调用点核对职责与边界，注释位于声明或定义处
zr_vm_language_server/src/zr_vm_language_server/interface/lsp_workspace_edit_snapshot.h	ZrLanguageServer_LspWorkspaceEdit_CaptureDocumentSnapshot declaration	interface	zr_vm_language_server/src/zr_vm_language_server/interface/lsp_workspace_edit_snapshot.c:161;zr_vm_language_server/stdio/stdio_editing.c:319;tests/language_server/test_lsp_interface.c:936	在生成 code action 或重命名编辑前记录单个文档的内容与语义身份。	uri 在令牌完成验证和序列化前保持有效；失败时不得使用输出。；关闭文档必须可读磁盘文件，且磁盘内容与已缓存的关闭文档一致。	zr_vm_language_server/src/zr_vm_language_server/interface/lsp_workspace_edit_snapshot.h:29;zr_vm_language_server/src/zr_vm_language_server/interface/lsp_workspace_edit_snapshot.c:161;zr_vm_language_server/stdio/stdio_editing.c:319	commented	已从所列调用点核对职责与边界，注释位于声明或定义处
zr_vm_language_server/src/zr_vm_language_server/interface/lsp_workspace_edit_snapshot.h	ZrLanguageServer_LspWorkspaceEdit_ValidateDocumentSnapshot declaration	interface	zr_vm_language_server/src/zr_vm_language_server/interface/lsp_workspace_edit_snapshot.c:254;zr_vm_language_server/stdio/stdio_editing.c:336;tests/language_server/test_lsp_interface.c:940	在发送或解析既有编辑前重新读取目标文档，拒绝内容或依赖已变化的令牌。	任何内容、版本或语义身份不一致都应拒绝旧编辑令牌	zr_vm_language_server/src/zr_vm_language_server/interface/lsp_workspace_edit_snapshot.h:36;zr_vm_language_server/src/zr_vm_language_server/interface/lsp_workspace_edit_snapshot.c:254;zr_vm_language_server/stdio/stdio_editing.c:336	commented	已从所列调用点核对职责与边界，注释位于声明或定义处
zr_vm_language_server/src/zr_vm_language_server/interface/lsp_workspace_edit_snapshot.h	ZrLanguageServer_LspWorkspaceEdit_CaptureDocumentSnapshots declaration	interface	zr_vm_language_server/src/zr_vm_language_server/project/lsp_project_source_rename.c:388;zr_vm_language_server/stdio/stdio_rename.c:275;tests/language_server/test_lsp_interface.c:958	将位置列表按 URI 去重并为每个编辑目标捕获令牌。	outDocumentSnapshots 为空；调用方负责释放数组缓冲，失败时也需释放已追加元素。	zr_vm_language_server/src/zr_vm_language_server/interface/lsp_workspace_edit_snapshot.h:43;zr_vm_language_server/src/zr_vm_language_server/project/lsp_project_source_rename.c:388;zr_vm_language_server/stdio/stdio_rename.c:275	commented	已从所列调用点核对职责与边界，注释位于声明或定义处
zr_vm_language_server/src/zr_vm_language_server/interface/lsp_workspace_edit_snapshot.h	ZrLanguageServer_LspWorkspaceEdit_ValidateDocumentSnapshots declaration	interface	zr_vm_language_server/src/zr_vm_language_server/project/lsp_project_source_rename.c:397;zr_vm_language_server/stdio/stdio_rename.c:280;zr_vm_language_server/stdio/stdio_workspace_files.c:369	逐一复核多文档编辑计划；任何一个目标变化就拒绝整组编辑。	任一目标验证失败即拒绝整组编辑，不允许发布部分结果	zr_vm_language_server/src/zr_vm_language_server/interface/lsp_workspace_edit_snapshot.h:50;zr_vm_language_server/src/zr_vm_language_server/project/lsp_project_source_rename.c:397;zr_vm_language_server/stdio/stdio_rename.c:280	commented	已从所列调用点核对职责与边界，注释位于声明或定义处
zr_vm_language_server/src/zr_vm_language_server/interface/lsp_workspace_edit_snapshot.h	ZrLanguageServer_LspWorkspaceEdit_FindDocumentSnapshot declaration	interface	zr_vm_language_server/src/zr_vm_language_server/interface/lsp_workspace_edit_snapshot.c:178;zr_vm_language_server/src/zr_vm_language_server/project/lsp_project_source_rename.c:406;zr_vm_language_server/stdio/stdio_rename.c:56	从编辑计划借用指定 URI 的令牌；返回指针随数组扩容或释放失效。	返回数组元素的借用地址，数组扩容或释放后失效	zr_vm_language_server/src/zr_vm_language_server/interface/lsp_workspace_edit_snapshot.h:56;zr_vm_language_server/src/zr_vm_language_server/interface/lsp_workspace_edit_snapshot.c:178;zr_vm_language_server/src/zr_vm_language_server/project/lsp_project_source_rename.c:406	commented	已从所列调用点核对职责与边界，注释位于声明或定义处
zr_vm_language_server/src/zr_vm_language_server/interface/lsp_workspace_edit_snapshot.h	SZrLspWorkspaceEditDocumentSnapshot	type	zr_vm_language_server/stdio/stdio_editing.c:283;zr_vm_language_server/src/zr_vm_language_server/interface/lsp_workspace_edit_snapshot.c:116	工作区编辑生成时的文档一致性令牌；URI 为借用引用。	打开文档还需版本与内容代数；磁盘文档靠内容摘要；语义身份阻止依赖变化后复用旧编辑。	zr_vm_language_server/src/zr_vm_language_server/interface/lsp_workspace_edit_snapshot.h:10;zr_vm_language_server/stdio/stdio_editing.c:283;zr_vm_language_server/src/zr_vm_language_server/interface/lsp_workspace_edit_snapshot.c:116	commented	已从所列调用点核对职责与边界，注释位于声明或定义处
zr_vm_language_server/src/zr_vm_language_server/interface/lsp_workspace_edit_snapshot.h	SZrLspSourceRenameDocumentSnapshot	type	zr_vm_language_server/src/zr_vm_language_server/project/lsp_project_source_rename.c:402;tests/language_server/test_lsp_project_source_rename_edit_cases.h:69	让来源文件重命名与工作区编辑共用内容及语义一致性令牌	别名沿用同一结构与验证规则；URI 仍是借用引用	zr_vm_language_server/src/zr_vm_language_server/interface/lsp_workspace_edit_snapshot.h:23;zr_vm_language_server/src/zr_vm_language_server/interface/lsp_workspace_edit_snapshot.h:24;zr_vm_language_server/src/zr_vm_language_server/project/lsp_project_source_rename.c:402;tests/language_server/test_lsp_project_source_rename_edit_cases.h:69	commented	已核对重命名调用方复用统一快照契约，类型别名处新增注释
zr_vm_language_server/src/zr_vm_language_server/interface/lsp_workspace_edit_snapshot.c	workspace_edit_capture_disk_snapshot free-size block	block	zr_vm_language_server/src/zr_vm_language_server/interface/lsp_workspace_edit_snapshot.c:102	释放磁盘快照时必须以原申请尺寸更新分配器预算	Windows 文本模式可能缩短读入结果，strlen 无法恢复原磁盘字节数	zr_vm_language_server/src/zr_vm_language_server/interface/lsp_workspace_edit_snapshot.c:105;zr_vm_language_server/src/zr_vm_language_server/interface/lsp_workspace_edit_snapshot.c:107;zr_vm_library/src/zr_vm_library/file.c:1590;zr_vm_library/src/zr_vm_library/file.c:1624;zr_vm_core/include/zr_vm_core/memory.h:85	BUG	BUG: ReadAll 按磁盘字节数分配，Windows 文本模式可折叠 CRLF， contentLength + 1 小于原申请尺寸，违背带类型释放接口的尺寸契约。
