file	unit	kind	callers	intent	constraints	evidence	decision	reason
zr_vm_aot/zr_vm_parser/src/zr_vm_parser/backend_aot/backend_aot_c_zrp_metadata_constant_pool.h	backend_aot_c_zrp_metadata_constant_pool.h::public_contract	interface	同名 C 实现；各函数的直接调用者见下方逐接口与实现记录	默认值池的保留片段、复制和字段偏移重写接口	由 prune 统一初始化和销毁临时映射	zr_vm_aot/zr_vm_parser/src/zr_vm_parser/backend_aot/backend_aot_c_zrp_metadata_constant_pool.h:8	commented	声明处 Doxygen 已说明跨阶段用途或调用限制
zr_vm_aot/zr_vm_parser/src/zr_vm_parser/backend_aot/backend_aot_c_zrp_metadata_manifest_export.h	backend_aot_c_zrp_metadata_manifest_export.h::public_contract	interface	同名 C 实现；各函数的直接调用者见下方逐接口与实现记录	原 manifest 导出过滤与新 AOT 声明发布接口	源行在裁剪后必须仍可解析	zr_vm_aot/zr_vm_parser/src/zr_vm_parser/backend_aot/backend_aot_c_zrp_metadata_manifest_export.h:10	commented	声明处 Doxygen 已说明跨阶段用途或调用限制
zr_vm_aot/zr_vm_parser/src/zr_vm_parser/backend_aot/backend_aot_c_zrp_metadata_member_token.h	backend_aot_c_zrp_metadata_member_token.h::public_contract	interface	同名 C 实现；各函数的直接调用者见下方逐接口与实现记录	成员令牌映射与进程内导出表生命周期接口	导出绑定需与最终 AOT 表共用令牌空间	zr_vm_aot/zr_vm_parser/src/zr_vm_parser/backend_aot/backend_aot_c_zrp_metadata_member_token.h:8	commented	声明处 Doxygen 已说明跨阶段用途或调用限制
zr_vm_aot/zr_vm_parser/src/zr_vm_parser/backend_aot/backend_aot_c_zrp_metadata_module_ref.h	backend_aot_c_zrp_metadata_module_ref.h::public_contract	interface	同名 C 实现；各函数的直接调用者见下方逐接口与实现记录	AssemblyRef 根追踪、保留计数和令牌重排接口	导入记录和签名池都可成为保留根	zr_vm_aot/zr_vm_parser/src/zr_vm_parser/backend_aot/backend_aot_c_zrp_metadata_module_ref.h:11	commented	声明处 Doxygen 已说明跨阶段用途或调用限制
zr_vm_aot/zr_vm_parser/src/zr_vm_parser/backend_aot/backend_aot_c_zrp_metadata_prune.h	backend_aot_c_zrp_metadata_prune.h::public_contract	interface	同名 C 实现；各函数的直接调用者见下方逐接口与实现记录	emitter 嵌入元数据视图及其准备释放边界	blob 可借用原输入或由本层拥有	zr_vm_aot/zr_vm_parser/src/zr_vm_parser/backend_aot/backend_aot_c_zrp_metadata_prune.h:9	commented	声明处 Doxygen 已说明跨阶段用途或调用限制
zr_vm_aot/zr_vm_parser/src/zr_vm_parser/backend_aot/backend_aot_c_zrp_metadata_publication.h	backend_aot_c_zrp_metadata_publication.h::public_contract	interface	同名 C 实现；各函数的直接调用者见下方逐接口与实现记录	可选独立压缩 ZRP 文件的发布接口	调用方先完成 AOT 生成并保持 metadata 有效	zr_vm_aot/zr_vm_parser/src/zr_vm_parser/backend_aot/backend_aot_c_zrp_metadata_publication.h:6	commented	声明处 Doxygen 已说明跨阶段用途或调用限制
zr_vm_aot/zr_vm_parser/src/zr_vm_parser/backend_aot/backend_aot_c_zrp_metadata_remap.h	backend_aot_c_zrp_metadata_remap.h::public_contract	interface	同名 C 实现；各函数的直接调用者见下方逐接口与实现记录	方法字段泛型及 token 记录的共用保留判定和映射接口	目标行数与令牌 RID 使用相同函数表	zr_vm_aot/zr_vm_parser/src/zr_vm_parser/backend_aot/backend_aot_c_zrp_metadata_remap.h:8	commented	声明处 Doxygen 已说明跨阶段用途或调用限制
zr_vm_aot/zr_vm_parser/src/zr_vm_parser/backend_aot/backend_aot_c_zrp_metadata_sections.h	backend_aot_c_zrp_metadata_sections.h::public_contract	interface	同名 C 实现；各函数的直接调用者见下方逐接口与实现记录	ZRP section 描述符查询布局和原样复制接口	仅对当前协议的 section kind 及已验证范围使用	zr_vm_aot/zr_vm_parser/src/zr_vm_parser/backend_aot/backend_aot_c_zrp_metadata_sections.h:6	commented	声明处 Doxygen 已说明跨阶段用途或调用限制
zr_vm_aot/zr_vm_parser/src/zr_vm_parser/backend_aot/backend_aot_c_zrp_metadata_signature.h	backend_aot_c_zrp_metadata_signature.h::public_contract	interface	同名 C 实现；各函数的直接调用者见下方逐接口与实现记录	签名池保留重写和行哈希重算接口	先复制签名池后改写再写表行	zr_vm_aot/zr_vm_parser/src/zr_vm_parser/backend_aot/backend_aot_c_zrp_metadata_signature.h:9	commented	声明处 Doxygen 已说明跨阶段用途或调用限制
zr_vm_aot/zr_vm_parser/src/zr_vm_parser/backend_aot/backend_aot_c_zrp_metadata_size.h	backend_aot_c_zrp_metadata_size.h::public_contract	interface	同名 C 实现；各函数的直接调用者见下方逐接口与实现记录	AOT 生成文件中元数据尺寸诊断的快照与输出接口	无效 blob 的快照为零	zr_vm_aot/zr_vm_parser/src/zr_vm_parser/backend_aot/backend_aot_c_zrp_metadata_size.h:8	commented	声明处 Doxygen 已说明跨阶段用途或调用限制
zr_vm_aot/zr_vm_parser/src/zr_vm_parser/backend_aot/backend_aot_c_zrp_metadata_string_pool.h	backend_aot_c_zrp_metadata_string_pool.h::public_contract	interface	同名 C 实现；各函数的直接调用者见下方逐接口与实现记录	保留字符串池及签名内字符串偏移重排接口	签名 remap 需先于字符串依赖扫描	zr_vm_aot/zr_vm_parser/src/zr_vm_parser/backend_aot/backend_aot_c_zrp_metadata_string_pool.h:8	commented	声明处 Doxygen 已说明跨阶段用途或调用限制
zr_vm_aot/zr_vm_parser/src/zr_vm_parser/backend_aot/backend_aot_c_zrp_metadata_type_def.h	backend_aot_c_zrp_metadata_type_def.h::public_contract	interface	同名 C 实现；各函数的直接调用者见下方逐接口与实现记录	TypeDef FieldDef 的保留根范围和令牌重排接口	字段依赖所属类型；方法依赖函数表	zr_vm_aot/zr_vm_parser/src/zr_vm_parser/backend_aot/backend_aot_c_zrp_metadata_type_def.h:13	commented	声明处 Doxygen 已说明跨阶段用途或调用限制
zr_vm_aot/zr_vm_parser/src/zr_vm_parser/backend_aot/backend_aot_c_zrp_metadata_type_spec.h	backend_aot_c_zrp_metadata_type_spec.h::public_contract	interface	同名 C 实现；各函数的直接调用者见下方逐接口与实现记录	TypeSpec 的引用根过滤及签名哈希更新接口	存活性来自 token 记录或约束	zr_vm_aot/zr_vm_parser/src/zr_vm_parser/backend_aot/backend_aot_c_zrp_metadata_type_spec.h:10	commented	声明处 Doxygen 已说明跨阶段用途或调用限制
zr_vm_aot/zr_vm_parser/src/zr_vm_parser/backend_aot/backend_aot_c_zrp_metadata_constant_pool.h	SZrAotCZrpConstantPoolRemapEntry	type	constant_pool.c; prune.c	保留字段默认值的源范围与目标偏移成对出现	源范围与目标偏移仅在裁剪操作中有效	zr_vm_aot/zr_vm_parser/src/zr_vm_parser/backend_aot/backend_aot_c_zrp_metadata_constant_pool.h:9	commented	结构声明前已有所有权或状态不变量注释
zr_vm_aot/zr_vm_parser/src/zr_vm_parser/backend_aot/backend_aot_c_zrp_metadata_constant_pool.h	SZrAotCZrpConstantPoolRemap	type	constant_pool.c; prune.c	常量池映射条目由 init 持有并由 destroy 释放	entries 由 init 分配并由 destroy 释放	zr_vm_aot/zr_vm_parser/src/zr_vm_parser/backend_aot/backend_aot_c_zrp_metadata_constant_pool.h:16	commented	结构声明前已有所有权或状态不变量注释
zr_vm_aot/zr_vm_parser/src/zr_vm_parser/backend_aot/backend_aot_c_zrp_metadata_prune.h	SZrAotCZrpMemberTokenRemapEntry	type	member_token.c; type_def.c; emitter.c	源成员和目标成员令牌构成一对表内映射	sourceToken 和 targetToken 均须是有效 MemberDef	zr_vm_aot/zr_vm_parser/src/zr_vm_parser/backend_aot/backend_aot_c_zrp_metadata_prune.h:10	commented	结构声明前已有所有权或状态不变量注释
zr_vm_aot/zr_vm_parser/src/zr_vm_parser/backend_aot/backend_aot_c_zrp_metadata_prune.h	SZrAotCZrpTypeDefTokenRemapEntry	type	type_def.c; member_token.c	源类型和目标类型令牌构成一对表内映射	sourceToken 和 targetToken 均须是有效 TypeDef	zr_vm_aot/zr_vm_parser/src/zr_vm_parser/backend_aot/backend_aot_c_zrp_metadata_prune.h:16	commented	结构声明前已有所有权或状态不变量注释
zr_vm_aot/zr_vm_parser/src/zr_vm_parser/backend_aot/backend_aot_c_zrp_metadata_prune.h	SZrAotCEmbeddedZrpMetadata	type	prune.c; member_token.c; emitter.c; method_metadata.c; publication.c	blob 可能借用输入而 ownedBlob 才指示资源所有权	blob 可借用输入，owned* 字段才表示本层拥有资源	zr_vm_aot/zr_vm_parser/src/zr_vm_parser/backend_aot/backend_aot_c_zrp_metadata_prune.h:26	commented	结构声明前已有所有权或状态不变量注释
zr_vm_aot/zr_vm_parser/src/zr_vm_parser/backend_aot/backend_aot_c_zrp_metadata_signature.h	SZrAotCZrpSignatureBlobRemapEntry	type	signature.c; module_ref.c; prune.c	相同源签名片段去重后只有一个目标位置	旧片段范围须在源签名池内	zr_vm_aot/zr_vm_parser/src/zr_vm_parser/backend_aot/backend_aot_c_zrp_metadata_signature.h:10	commented	结构声明前已有所有权或状态不变量注释
zr_vm_aot/zr_vm_parser/src/zr_vm_parser/backend_aot/backend_aot_c_zrp_metadata_signature.h	SZrAotCZrpSignatureBlobRemap	type	signature.c; module_ref.c; string_pool.c; prune.c	签名池压缩结果同时供模块引用扫描和重写使用	条目与源目标签名池只在本次准备阶段有效	zr_vm_aot/zr_vm_parser/src/zr_vm_parser/backend_aot/backend_aot_c_zrp_metadata_signature.h:17	commented	结构声明前已有所有权或状态不变量注释
zr_vm_aot/zr_vm_parser/src/zr_vm_parser/backend_aot/backend_aot_c_zrp_metadata_size.h	SZrAotZrpMetadataSizeStats	type	size.c; emitter.c	存储生成 C 诊断中各元数据表与池的尺寸快照	纯值快照，采集成功后不依赖原 blob 生命周期	zr_vm_aot/zr_vm_parser/src/zr_vm_parser/backend_aot/backend_aot_c_zrp_metadata_size.h:9	commented	结构声明前已有所有权或状态不变量注释
zr_vm_aot/zr_vm_parser/src/zr_vm_parser/backend_aot/backend_aot_c_zrp_metadata_string_pool.h	SZrAotCZrpStringPoolRemapEntry	type	string_pool.c; prune.c	字符串旧范围和新偏移相对于各自池起点	旧偏移须指向 NUL 结束的源字符串	zr_vm_aot/zr_vm_parser/src/zr_vm_parser/backend_aot/backend_aot_c_zrp_metadata_string_pool.h:9	commented	结构声明前已有所有权或状态不变量注释
zr_vm_aot/zr_vm_parser/src/zr_vm_parser/backend_aot/backend_aot_c_zrp_metadata_string_pool.h	SZrAotCZrpStringPoolRemap	type	string_pool.c; signature.c; prune.c	目标字符串长度和源池长度决定身份映射能否复用	entries 由 init/realloc 持有并由 destroy 释放	zr_vm_aot/zr_vm_parser/src/zr_vm_parser/backend_aot/backend_aot_c_zrp_metadata_string_pool.h:16	commented	结构声明前已有所有权或状态不变量注释
zr_vm_aot/zr_vm_parser/src/zr_vm_parser/backend_aot/backend_aot_c_zrp_metadata_constant_pool.c	backend_aot_c_zrp_constant_pool_remap_init	function	backend_aot_c_prune_method_def_metadata_blob	为保留字段默认值建立压缩池的临时映射容量	成功后无论是否收集片段都由 destroy 释放	zr_vm_aot/zr_vm_parser/src/zr_vm_parser/backend_aot/backend_aot_c_zrp_metadata_constant_pool.c:8;zr_vm_aot/zr_vm_parser/src/zr_vm_parser/backend_aot/backend_aot_c_zrp_metadata_prune.c:1204	no-comment	该局部单元由名称、输入和直接调用点限定职责，跨阶段约束已在本行记录
zr_vm_aot/zr_vm_parser/src/zr_vm_parser/backend_aot/backend_aot_c_zrp_metadata_constant_pool.c	backend_aot_c_zrp_constant_pool_remap_destroy	function	backend_aot_c_prune_method_def_metadata_blob	结束裁剪阶段对默认值映射的持有	允许空指针和部分初始化状态	zr_vm_aot/zr_vm_parser/src/zr_vm_parser/backend_aot/backend_aot_c_zrp_metadata_constant_pool.c:32;zr_vm_aot/zr_vm_parser/src/zr_vm_parser/backend_aot/backend_aot_c_zrp_metadata_prune.c:1225;zr_vm_aot/zr_vm_parser/src/zr_vm_parser/backend_aot/backend_aot_c_zrp_metadata_prune.c:1239	no-comment	该局部单元由名称、输入和直接调用点限定职责，跨阶段约束已在本行记录
zr_vm_aot/zr_vm_parser/src/zr_vm_parser/backend_aot/backend_aot_c_zrp_metadata_constant_pool.c	backend_aot_c_zrp_constant_pool_remap_is_identity	function	backend_aot_c_prune_method_def_metadata_blob	判定默认值池是否可直接借用原 blob	须同时比较总字节数和每个保留片段位置	zr_vm_aot/zr_vm_parser/src/zr_vm_parser/backend_aot/backend_aot_c_zrp_metadata_constant_pool.c:43;zr_vm_aot/zr_vm_parser/src/zr_vm_parser/backend_aot/backend_aot_c_zrp_metadata_prune.c:1286	no-comment	该局部单元由名称、输入和直接调用点限定职责，跨阶段约束已在本行记录
zr_vm_aot/zr_vm_parser/src/zr_vm_parser/backend_aot/backend_aot_c_zrp_metadata_constant_pool.c	backend_aot_c_zrp_constant_pool_range_is_valid	function	backend_aot_c_zrp_constant_pool_remap_add; backend_aot_c_zrp_copy_constant_pool	阻止默认值片段越过源常量池边界	空默认值只允许零偏移	zr_vm_aot/zr_vm_parser/src/zr_vm_parser/backend_aot/backend_aot_c_zrp_metadata_constant_pool.c:56;zr_vm_aot/zr_vm_parser/src/zr_vm_parser/backend_aot/backend_aot_c_zrp_metadata_constant_pool.c:71;zr_vm_aot/zr_vm_parser/src/zr_vm_parser/backend_aot/backend_aot_c_zrp_metadata_constant_pool.c:196	no-comment	该局部单元由名称、输入和直接调用点限定职责，跨阶段约束已在本行记录
zr_vm_aot/zr_vm_parser/src/zr_vm_parser/backend_aot/backend_aot_c_zrp_metadata_constant_pool.c	backend_aot_c_zrp_constant_pool_remap_add	function	backend_aot_c_zrp_build_constant_pool_remap	按源偏移及长度去重并分配目标位置	条目容量和 32 位池长度必须可容纳	zr_vm_aot/zr_vm_parser/src/zr_vm_parser/backend_aot/backend_aot_c_zrp_metadata_constant_pool.c:68;zr_vm_aot/zr_vm_parser/src/zr_vm_parser/backend_aot/backend_aot_c_zrp_metadata_constant_pool.c:135	no-comment	该局部单元由名称、输入和直接调用点限定职责，跨阶段约束已在本行记录
zr_vm_aot/zr_vm_parser/src/zr_vm_parser/backend_aot/backend_aot_c_zrp_metadata_constant_pool.c	backend_aot_c_zrp_build_constant_pool_remap	function	backend_aot_c_prune_method_def_metadata_blob	只收集仍保留字段引用的默认值片段	字段保留规则必须与 copy_field_defs 一致	zr_vm_aot/zr_vm_parser/src/zr_vm_parser/backend_aot/backend_aot_c_zrp_metadata_constant_pool.c:97;zr_vm_aot/zr_vm_parser/src/zr_vm_parser/backend_aot/backend_aot_c_zrp_metadata_prune.c:1210	commented	声明或关键实现块已说明目的与调用限制
zr_vm_aot/zr_vm_parser/src/zr_vm_parser/backend_aot/backend_aot_c_zrp_metadata_constant_pool.c	backend_aot_c_zrp_constant_pool_remap_lookup	function	backend_aot_c_zrp_remap_field_def_default_value_constant_pool_slice	将字段行中的源默认值范围转换为目标偏移	找不到已收集片段时应中止写表	zr_vm_aot/zr_vm_parser/src/zr_vm_parser/backend_aot/backend_aot_c_zrp_metadata_constant_pool.c:145;zr_vm_aot/zr_vm_parser/src/zr_vm_parser/backend_aot/backend_aot_c_zrp_metadata_constant_pool.c:217	no-comment	该局部单元由名称、输入和直接调用点限定职责，跨阶段约束已在本行记录
zr_vm_aot/zr_vm_parser/src/zr_vm_parser/backend_aot/backend_aot_c_zrp_metadata_constant_pool.c	backend_aot_c_zrp_copy_constant_pool	function	backend_aot_c_prune_method_def_metadata_blob	把已收集的默认值片段写入目标常量池	目标池长度应与 remap 的累计字节数一致	zr_vm_aot/zr_vm_parser/src/zr_vm_parser/backend_aot/backend_aot_c_zrp_metadata_constant_pool.c:173;zr_vm_aot/zr_vm_parser/src/zr_vm_parser/backend_aot/backend_aot_c_zrp_metadata_prune.c:1342	no-comment	该局部单元由名称、输入和直接调用点限定职责，跨阶段约束已在本行记录
zr_vm_aot/zr_vm_parser/src/zr_vm_parser/backend_aot/backend_aot_c_zrp_metadata_constant_pool.c	backend_aot_c_zrp_remap_field_def_default_value_constant_pool_slice	function	backend_aot_c_zrp_copy_field_defs	让保留字段默认值指向新常量池	字段行应先通过保留判定且 remap 已构建	zr_vm_aot/zr_vm_parser/src/zr_vm_parser/backend_aot/backend_aot_c_zrp_metadata_constant_pool.c:209;zr_vm_aot/zr_vm_parser/src/zr_vm_parser/backend_aot/backend_aot_c_zrp_metadata_prune.c:541	no-comment	该局部单元由名称、输入和直接调用点限定职责，跨阶段约束已在本行记录
zr_vm_aot/zr_vm_parser/src/zr_vm_parser/backend_aot/backend_aot_c_zrp_metadata_member_token.c	backend_aot_c_zrp_member_token_is_member_def	function	backend_aot_c_zrp_member_token_remap_append; backend_aot_c_embedded_zrp_metadata_remap_member_token; backend_aot_c_zrp_manifest_export_table_build	验证待映射成员令牌属于非零 MemberDef 表项	未绑定或其他表令牌不进入成员映射	zr_vm_aot/zr_vm_parser/src/zr_vm_parser/backend_aot/backend_aot_c_zrp_metadata_member_token.c:9;zr_vm_aot/zr_vm_parser/src/zr_vm_parser/backend_aot/backend_aot_c_zrp_metadata_member_token.c:100;zr_vm_aot/zr_vm_parser/src/zr_vm_parser/backend_aot/backend_aot_c_zrp_metadata_member_token.c:101	no-comment	该局部单元由名称、输入和直接调用点限定职责，跨阶段约束已在本行记录
zr_vm_aot/zr_vm_parser/src/zr_vm_parser/backend_aot/backend_aot_c_zrp_metadata_member_token.c	backend_aot_c_zrp_type_token_is_type_def	function	backend_aot_c_embedded_zrp_metadata_remap_type_def_token; backend_aot_c_zrp_manifest_export_table_build	验证待映射类型令牌属于非零 TypeDef 表项	仅处理类型导出绑定	zr_vm_aot/zr_vm_parser/src/zr_vm_parser/backend_aot/backend_aot_c_zrp_metadata_member_token.c:15;zr_vm_aot/zr_vm_parser/src/zr_vm_parser/backend_aot/backend_aot_c_zrp_metadata_member_token.c:289;zr_vm_aot/zr_vm_parser/src/zr_vm_parser/backend_aot/backend_aot_c_zrp_metadata_member_token.c:361	no-comment	该局部单元由名称、输入和直接调用点限定职责，跨阶段约束已在本行记录
zr_vm_aot/zr_vm_parser/src/zr_vm_parser/backend_aot/backend_aot_c_zrp_metadata_member_token.c	backend_aot_c_zrp_manifest_export_kind_is_valid	function	backend_aot_c_zrp_manifest_export_table_build	限制进程内导出描述符的声明类别	仅类型方法字段三类有效	zr_vm_aot/zr_vm_parser/src/zr_vm_parser/backend_aot/backend_aot_c_zrp_metadata_member_token.c:21;zr_vm_aot/zr_vm_parser/src/zr_vm_parser/backend_aot/backend_aot_c_zrp_metadata_member_token.c:341	no-comment	该局部单元由名称、输入和直接调用点限定职责，跨阶段约束已在本行记录
zr_vm_aot/zr_vm_parser/src/zr_vm_parser/backend_aot/backend_aot_c_zrp_metadata_member_token.c	backend_aot_c_zrp_manifest_export_tokens_match_kind	function	backend_aot_c_zrp_manifest_export_table_build	防止类型导出携带成员绑定或成员导出携带类型绑定	不要求声明实际存在可选绑定	zr_vm_aot/zr_vm_parser/src/zr_vm_parser/backend_aot/backend_aot_c_zrp_metadata_member_token.c:27;zr_vm_aot/zr_vm_parser/src/zr_vm_parser/backend_aot/backend_aot_c_zrp_metadata_member_token.c:342	no-comment	该局部单元由名称、输入和直接调用点限定职责，跨阶段约束已在本行记录
zr_vm_aot/zr_vm_parser/src/zr_vm_parser/backend_aot/backend_aot_c_zrp_metadata_member_token.c	backend_aot_c_zrp_manifest_export_table_contains_kind_target	function	backend_aot_c_zrp_manifest_export_table_build	拒绝同种类且同目标名的重复进程内导出	仅检查已处理的声明前缀	zr_vm_aot/zr_vm_parser/src/zr_vm_parser/backend_aot/backend_aot_c_zrp_metadata_member_token.c:44;zr_vm_aot/zr_vm_parser/src/zr_vm_parser/backend_aot/backend_aot_c_zrp_metadata_member_token.c:346	no-comment	该局部单元由名称、输入和直接调用点限定职责，跨阶段约束已在本行记录
zr_vm_aot/zr_vm_parser/src/zr_vm_parser/backend_aot/backend_aot_c_zrp_metadata_member_token.c	backend_aot_c_zrp_member_token_remap_destroy	function	backend_aot_c_zrp_member_token_remap_build; backend_aot_c_prune_method_def_metadata_blob; backend_aot_c_release_embedded_zrp_metadata; tests/parser/test_aot_c_zrp_metadata_export_token_remap.c	释放裁剪阶段生成的成员令牌映射	不释放原始方法或字段行	zr_vm_aot/zr_vm_parser/src/zr_vm_parser/backend_aot/backend_aot_c_zrp_metadata_member_token.c:63;zr_vm_aot/zr_vm_parser/src/zr_vm_parser/backend_aot/backend_aot_c_zrp_metadata_member_token.c:144;zr_vm_aot/zr_vm_parser/src/zr_vm_parser/backend_aot/backend_aot_c_zrp_metadata_prune.c:1735;tests/parser/test_aot_c_zrp_metadata_export_token_remap.c:248	no-comment	该局部单元由名称、输入和直接调用点限定职责，跨阶段约束已在本行记录
zr_vm_aot/zr_vm_parser/src/zr_vm_parser/backend_aot/backend_aot_c_zrp_metadata_member_token.c	backend_aot_c_zrp_manifest_export_table_destroy	function	backend_aot_c_zrp_manifest_export_table_build; backend_aot_c_release_embedded_zrp_metadata; tests/parser/test_aot_c_zrp_metadata_export_token_remap.c	释放进程内导出描述符数组	target 字符串仍由 options 声明持有	zr_vm_aot/zr_vm_parser/src/zr_vm_parser/backend_aot/backend_aot_c_zrp_metadata_member_token.c:77;zr_vm_aot/zr_vm_parser/src/zr_vm_parser/backend_aot/backend_aot_c_zrp_metadata_member_token.c:320;zr_vm_aot/zr_vm_parser/src/zr_vm_parser/backend_aot/backend_aot_c_zrp_metadata_prune.c:1803;tests/parser/test_aot_c_zrp_metadata_export_token_remap.c:306	no-comment	该局部单元由名称、输入和直接调用点限定职责，跨阶段约束已在本行记录
zr_vm_aot/zr_vm_parser/src/zr_vm_parser/backend_aot/backend_aot_c_zrp_metadata_member_token.c	backend_aot_c_zrp_member_token_remap_append	function	backend_aot_c_zrp_member_token_remap_build	给保留成员建立唯一旧令牌到新令牌条目	同一源令牌重复视为不一致	zr_vm_aot/zr_vm_parser/src/zr_vm_parser/backend_aot/backend_aot_c_zrp_metadata_member_token.c:91;zr_vm_aot/zr_vm_parser/src/zr_vm_parser/backend_aot/backend_aot_c_zrp_metadata_member_token.c:194;zr_vm_aot/zr_vm_parser/src/zr_vm_parser/backend_aot/backend_aot_c_zrp_metadata_member_token.c:226	no-comment	该局部单元由名称、输入和直接调用点限定职责，跨阶段约束已在本行记录
zr_vm_aot/zr_vm_parser/src/zr_vm_parser/backend_aot/backend_aot_c_zrp_metadata_member_token.c	backend_aot_c_zrp_member_token_remap_build	function	backend_aot_c_prune_method_def_metadata_blob; tests/parser/test_aot_c_zrp_metadata_export_token_remap.c	将保留方法和字段令牌转成 emitter 可查的映射	要求提供的保留数量与重新计数一致	zr_vm_aot/zr_vm_parser/src/zr_vm_parser/backend_aot/backend_aot_c_zrp_metadata_member_token.c:117;zr_vm_aot/zr_vm_parser/src/zr_vm_parser/backend_aot/backend_aot_c_zrp_metadata_prune.c:1696;tests/parser/test_aot_c_zrp_metadata_export_token_remap.c:218	commented	声明或关键实现块已说明目的与调用限制
zr_vm_aot/zr_vm_parser/src/zr_vm_parser/backend_aot/backend_aot_c_zrp_metadata_member_token.c	backend_aot_c_embedded_zrp_metadata_remap_member_token	function	backend_aot_c_zrp_manifest_export_build_published_row; backend_aot_c_zrp_manifest_export_table_build; backend_aot_c_method_metadata; tests/parser/test_aot_c_zrp_metadata_export_token_remap.c	在生成描述符时映射仍保留的成员绑定	映射非空时缺项失败；空映射也可能由成员全裁剪产生，原样返回未校验目标行	zr_vm_aot/zr_vm_parser/src/zr_vm_parser/backend_aot/backend_aot_c_zrp_metadata_member_token.c:257;zr_vm_aot/zr_vm_parser/src/zr_vm_parser/backend_aot/backend_aot_c_zrp_metadata_member_token.c:382;zr_vm_aot/zr_vm_parser/src/zr_vm_parser/backend_aot/backend_aot_c_zrp_metadata_manifest_export.c:198;tests/parser/test_aot_c_zrp_metadata_export_token_remap.c:237;zr_vm_aot/zr_vm_parser/src/zr_vm_parser/backend_aot/backend_aot_c_zrp_metadata_member_token.c:180;zr_vm_aot/zr_vm_parser/src/zr_vm_parser/backend_aot/backend_aot_c_zrp_metadata_member_token.c:265;zr_vm_cli/src/zr_vm_cli/compiler/compiler_aot_exports.c:95;zr_vm_cli/src/zr_vm_cli/compiler/compiler_aot_exports.c:197	TODO	TODO: 核查 FIELD 导出绑定与成员全裁剪能否同时可达；空映射原样返回须确认目标 MemberDef 仍存在
zr_vm_aot/zr_vm_parser/src/zr_vm_parser/backend_aot/backend_aot_c_zrp_metadata_member_token.c	backend_aot_c_embedded_zrp_metadata_remap_type_def_token	function	backend_aot_c_zrp_manifest_export_build_published_row; backend_aot_c_zrp_manifest_export_table_build	在生成描述符时映射仍保留的类型绑定	hasTypeDefTokenRemap 控制身份路径与压缩路径	zr_vm_aot/zr_vm_parser/src/zr_vm_parser/backend_aot/backend_aot_c_zrp_metadata_member_token.c:284;zr_vm_aot/zr_vm_parser/src/zr_vm_parser/backend_aot/backend_aot_c_zrp_metadata_member_token.c:365;zr_vm_aot/zr_vm_parser/src/zr_vm_parser/backend_aot/backend_aot_c_zrp_metadata_manifest_export.c:188	no-comment	该局部单元由名称、输入和直接调用点限定职责，跨阶段约束已在本行记录
zr_vm_aot/zr_vm_parser/src/zr_vm_parser/backend_aot/backend_aot_c_zrp_metadata_member_token.c	backend_aot_c_zrp_manifest_export_table_build	function	backend_aot_c_emitter; tests/parser/test_aot_c_zrp_metadata_export_token_remap.c	把导出声明转成 AOT 运行时注册表条目	字符串借用声明；映射为空时成员令牌只验证表标签，目标行有效性待核	zr_vm_aot/zr_vm_parser/src/zr_vm_parser/backend_aot/backend_aot_c_zrp_metadata_member_token.c:310;zr_vm_aot/zr_vm_parser/src/zr_vm_parser/backend_aot/backend_aot_c_emitter.c:1119;tests/parser/test_aot_c_zrp_metadata_export_token_remap.c:279;zr_vm_aot/zr_vm_parser/src/zr_vm_parser/backend_aot/backend_aot_c_zrp_metadata_member_token.c:265	TODO	TODO: 核对全裁剪空映射时有绑定导出能否进入进程内注册表
zr_vm_aot/zr_vm_parser/src/zr_vm_parser/backend_aot/backend_aot_c_zrp_metadata_manifest_export.c	backend_aot_c_zrp_manifest_export_member_token_is_member_def	function	backend_aot_c_zrp_manifest_export_build_published_row	验证导出绑定是否携带非零 MemberDef 令牌	仅用于方法或字段导出绑定	zr_vm_aot/zr_vm_parser/src/zr_vm_parser/backend_aot/backend_aot_c_zrp_metadata_manifest_export.c:13;zr_vm_aot/zr_vm_parser/src/zr_vm_parser/backend_aot/backend_aot_c_zrp_metadata_manifest_export.c:197;zr_vm_aot/zr_vm_parser/src/zr_vm_parser/backend_aot/backend_aot_c_zrp_metadata_manifest_export.c:199	no-comment	该局部单元由名称、输入和直接调用点限定职责，跨阶段约束已在本行记录
zr_vm_aot/zr_vm_parser/src/zr_vm_parser/backend_aot/backend_aot_c_zrp_metadata_manifest_export.c	backend_aot_c_zrp_manifest_export_type_token_is_type_def	function	backend_aot_c_zrp_manifest_export_build_published_row	验证导出绑定是否携带非零 TypeDef 令牌	仅用于类型导出绑定	zr_vm_aot/zr_vm_parser/src/zr_vm_parser/backend_aot/backend_aot_c_zrp_metadata_manifest_export.c:19;zr_vm_aot/zr_vm_parser/src/zr_vm_parser/backend_aot/backend_aot_c_zrp_metadata_manifest_export.c:187;zr_vm_aot/zr_vm_parser/src/zr_vm_parser/backend_aot/backend_aot_c_zrp_metadata_manifest_export.c:189	no-comment	该局部单元由名称、输入和直接调用点限定职责，跨阶段约束已在本行记录
zr_vm_aot/zr_vm_parser/src/zr_vm_parser/backend_aot/backend_aot_c_zrp_metadata_manifest_export.c	backend_aot_c_zrp_manifest_export_declaration_is_publishable	function	backend_aot_c_zrp_manifest_export_build_published_row; backend_aot_c_zrp_publish_manifest_export_declarations	区分能写入 ZRP 的声明种类及绑定形状	无效种类和冲突绑定不写出	zr_vm_aot/zr_vm_parser/src/zr_vm_parser/backend_aot/backend_aot_c_zrp_metadata_manifest_export.c:25;zr_vm_aot/zr_vm_parser/src/zr_vm_parser/backend_aot/backend_aot_c_zrp_metadata_manifest_export.c:179;zr_vm_aot/zr_vm_parser/src/zr_vm_parser/backend_aot/backend_aot_c_zrp_metadata_manifest_export.c:560	no-comment	该局部单元由名称、输入和直接调用点限定职责，跨阶段约束已在本行记录
zr_vm_aot/zr_vm_parser/src/zr_vm_parser/backend_aot/backend_aot_c_zrp_metadata_manifest_export.c	backend_aot_c_zrp_manifest_export_string_find	function	backend_aot_c_zrp_manifest_export_get_target_string_offset	在现有 NUL 分隔字符串池查找导出目标	要求整个候选字符串在池边界内终止	zr_vm_aot/zr_vm_parser/src/zr_vm_parser/backend_aot/backend_aot_c_zrp_metadata_manifest_export.c:42;zr_vm_aot/zr_vm_parser/src/zr_vm_parser/backend_aot/backend_aot_c_zrp_metadata_manifest_export.c:132;zr_vm_aot/zr_vm_parser/src/zr_vm_parser/backend_aot/backend_aot_c_zrp_metadata_manifest_export.c:143	no-comment	该局部单元由名称、输入和直接调用点限定职责，跨阶段约束已在本行记录
zr_vm_aot/zr_vm_parser/src/zr_vm_parser/backend_aot/backend_aot_c_zrp_metadata_manifest_export.c	backend_aot_c_zrp_manifest_export_append_string	function	backend_aot_c_zrp_manifest_export_get_target_string_offset	把缺失目标名接到增量字符串池	需保证增量容量和目标 32 位偏移未溢出	zr_vm_aot/zr_vm_parser/src/zr_vm_parser/backend_aot/backend_aot_c_zrp_metadata_manifest_export.c:86;zr_vm_aot/zr_vm_parser/src/zr_vm_parser/backend_aot/backend_aot_c_zrp_metadata_manifest_export.c:155	no-comment	该局部单元由名称、输入和直接调用点限定职责，跨阶段约束已在本行记录
zr_vm_aot/zr_vm_parser/src/zr_vm_parser/backend_aot/backend_aot_c_zrp_metadata_manifest_export.c	backend_aot_c_zrp_manifest_export_get_target_string_offset	function	backend_aot_c_zrp_manifest_export_build_published_row	优先重用原池或增量池中的导出目标名	返回偏移相对于合并后的池起点	zr_vm_aot/zr_vm_parser/src/zr_vm_parser/backend_aot/backend_aot_c_zrp_metadata_manifest_export.c:115;zr_vm_aot/zr_vm_parser/src/zr_vm_parser/backend_aot/backend_aot_c_zrp_metadata_manifest_export.c:205	no-comment	该局部单元由名称、输入和直接调用点限定职责，跨阶段约束已在本行记录
zr_vm_aot/zr_vm_parser/src/zr_vm_parser/backend_aot/backend_aot_c_zrp_metadata_manifest_export.c	backend_aot_c_zrp_manifest_export_build_published_row	function	backend_aot_c_zrp_publish_manifest_export_declarations	把 AOT 声明变成嵌入 ZRP 的导出行	调用成员映射后只校验 MemberDef 表标签；空映射时目标行有效性待核	zr_vm_aot/zr_vm_parser/src/zr_vm_parser/backend_aot/backend_aot_c_zrp_metadata_manifest_export.c:164;zr_vm_aot/zr_vm_parser/src/zr_vm_parser/backend_aot/backend_aot_c_zrp_metadata_manifest_export.c:616;zr_vm_aot/zr_vm_parser/src/zr_vm_parser/backend_aot/backend_aot_c_zrp_metadata_member_token.c:265	TODO	TODO: 核查空映射与 FIELD 导出绑定组合，补目标表行存在性测试
zr_vm_aot/zr_vm_parser/src/zr_vm_parser/backend_aot/backend_aot_c_zrp_metadata_manifest_export.c	backend_aot_c_zrp_manifest_export_build_published_header	function	backend_aot_c_zrp_publish_manifest_export_declarations	为新增导出行及字符串重排 ZRP section 布局	其他 section 维持源字节长度和协议顺序	zr_vm_aot/zr_vm_parser/src/zr_vm_parser/backend_aot/backend_aot_c_zrp_metadata_manifest_export.c:213;zr_vm_aot/zr_vm_parser/src/zr_vm_parser/backend_aot/backend_aot_c_zrp_metadata_manifest_export.c:635	no-comment	该局部单元由名称、输入和直接调用点限定职责，跨阶段约束已在本行记录
zr_vm_aot/zr_vm_parser/src/zr_vm_parser/backend_aot/backend_aot_c_zrp_metadata_manifest_export.c	backend_aot_c_zrp_manifest_export_copy_published_sections	function	backend_aot_c_zrp_publish_manifest_export_declarations	迁移原表并写入追加的导出与字符串	目标 header 与两个扩容 section 长度须一致	zr_vm_aot/zr_vm_parser/src/zr_vm_parser/backend_aot/backend_aot_c_zrp_metadata_manifest_export.c:270;zr_vm_aot/zr_vm_parser/src/zr_vm_parser/backend_aot/backend_aot_c_zrp_metadata_manifest_export.c:649	no-comment	该局部单元由名称、输入和直接调用点限定职责，跨阶段约束已在本行记录
zr_vm_aot/zr_vm_parser/src/zr_vm_parser/backend_aot/backend_aot_c_zrp_metadata_manifest_export.c	backend_aot_c_zrp_manifest_export_remap_tokens	function	backend_aot_c_zrp_manifest_export_row_is_retained; backend_aot_c_zrp_copy_manifest_exports	判定旧导出绑定仍存活并写入目标令牌	类型导出与成员导出的绑定种类互斥	zr_vm_aot/zr_vm_parser/src/zr_vm_parser/backend_aot/backend_aot_c_zrp_metadata_manifest_export.c:337;zr_vm_aot/zr_vm_parser/src/zr_vm_parser/backend_aot/backend_aot_c_zrp_metadata_manifest_export.c:435;zr_vm_aot/zr_vm_parser/src/zr_vm_parser/backend_aot/backend_aot_c_zrp_metadata_manifest_export.c:492	no-comment	该局部单元由名称、输入和直接调用点限定职责，跨阶段约束已在本行记录
zr_vm_aot/zr_vm_parser/src/zr_vm_parser/backend_aot/backend_aot_c_zrp_metadata_manifest_export.c	backend_aot_c_zrp_manifest_export_row_is_retained	function	backend_aot_c_zrp_build_string_pool_remap	决定旧导出行是否在裁剪后继续可见	未绑定的合法导出也可保留	zr_vm_aot/zr_vm_parser/src/zr_vm_parser/backend_aot/backend_aot_c_zrp_metadata_manifest_export.c:412;zr_vm_aot/zr_vm_parser/src/zr_vm_parser/backend_aot/backend_aot_c_zrp_metadata_string_pool.c:792	commented	声明或关键实现块已说明目的与调用限制
zr_vm_aot/zr_vm_parser/src/zr_vm_parser/backend_aot/backend_aot_c_zrp_metadata_manifest_export.c	backend_aot_c_zrp_copy_manifest_exports	function	backend_aot_c_prune_method_def_metadata_blob	只复制仍可解析的旧 manifest 导出	写入数量必须等于目标 section count	zr_vm_aot/zr_vm_parser/src/zr_vm_parser/backend_aot/backend_aot_c_zrp_metadata_manifest_export.c:452;zr_vm_aot/zr_vm_parser/src/zr_vm_parser/backend_aot/backend_aot_c_zrp_metadata_prune.c:1662	no-comment	该局部单元由名称、输入和直接调用点限定职责，跨阶段约束已在本行记录
zr_vm_aot/zr_vm_parser/src/zr_vm_parser/backend_aot/backend_aot_c_zrp_metadata_manifest_export.c	backend_aot_c_zrp_publish_manifest_export_declarations	function	backend_aot_c_prepare_embedded_zrp_metadata	把本次 AOT 声明合入可独立读取的 ZRP blob	完整校验后才替换 metadata 的拥有 blob	zr_vm_aot/zr_vm_parser/src/zr_vm_parser/backend_aot/backend_aot_c_zrp_metadata_manifest_export.c:514;zr_vm_aot/zr_vm_parser/src/zr_vm_parser/backend_aot/backend_aot_c_zrp_metadata_prune.c:1782	TODO	TODO: 追加的新声明与源 ZRP 已有同 kind/target 导出之间未判重；核查协议消费者的重名语义并补交叉来源测试。
zr_vm_aot/zr_vm_parser/src/zr_vm_parser/backend_aot/backend_aot_c_zrp_metadata_module_ref.c	backend_aot_c_zrp_token_is_assembly_ref	function	backend_aot_c_zrp_record_references_module_ref; backend_aot_c_zrp_module_ref_row_is_retained; backend_aot_c_zrp_find_module_ref_index_for_token; backend_aot_c_zrp_remap_module_ref_token	识别可参与模块引用重排的 AssemblyRef 令牌	零令牌及其他表令牌不重排	zr_vm_aot/zr_vm_parser/src/zr_vm_parser/backend_aot/backend_aot_c_zrp_metadata_module_ref.c:9;zr_vm_aot/zr_vm_parser/src/zr_vm_parser/backend_aot/backend_aot_c_zrp_metadata_module_ref.c:26;zr_vm_aot/zr_vm_parser/src/zr_vm_parser/backend_aot/backend_aot_c_zrp_metadata_module_ref.c:414	no-comment	该局部单元由名称、输入和直接调用点限定职责，跨阶段约束已在本行记录
zr_vm_aot/zr_vm_parser/src/zr_vm_parser/backend_aot/backend_aot_c_zrp_metadata_module_ref.c	backend_aot_c_zrp_token_record_is_import_ref_root	function	backend_aot_c_zrp_module_ref_row_is_retained	识别导入引用的根 token 记录	仅根记录可直接让模块行存活	zr_vm_aot/zr_vm_parser/src/zr_vm_parser/backend_aot/backend_aot_c_zrp_metadata_module_ref.c:13;zr_vm_aot/zr_vm_parser/src/zr_vm_parser/backend_aot/backend_aot_c_zrp_metadata_module_ref.c:422	no-comment	该局部单元由名称、输入和直接调用点限定职责，跨阶段约束已在本行记录
zr_vm_aot/zr_vm_parser/src/zr_vm_parser/backend_aot/backend_aot_c_zrp_metadata_module_ref.c	backend_aot_c_zrp_record_references_module_ref	function	backend_aot_c_zrp_module_ref_row_is_retained	判断根记录任一令牌槽是否引用指定模块	所有相关 token 字段都需考虑	zr_vm_aot/zr_vm_parser/src/zr_vm_parser/backend_aot/backend_aot_c_zrp_metadata_module_ref.c:24;zr_vm_aot/zr_vm_parser/src/zr_vm_parser/backend_aot/backend_aot_c_zrp_metadata_module_ref.c:442	no-comment	该局部单元由名称、输入和直接调用点限定职责，跨阶段约束已在本行记录
zr_vm_aot/zr_vm_parser/src/zr_vm_parser/backend_aot/backend_aot_c_zrp_metadata_module_ref.c	backend_aot_c_zrp_token_record_is_retained_before_module_ref_pruning	function	backend_aot_c_zrp_module_ref_row_is_retained	先排除裁剪后无效的导入根记录	模块表裁剪不能依赖已重写的模块令牌	zr_vm_aot/zr_vm_parser/src/zr_vm_parser/backend_aot/backend_aot_c_zrp_metadata_module_ref.c:36;zr_vm_aot/zr_vm_parser/src/zr_vm_parser/backend_aot/backend_aot_c_zrp_metadata_module_ref.c:423	no-comment	该局部单元由名称、输入和直接调用点限定职责，跨阶段约束已在本行记录
zr_vm_aot/zr_vm_parser/src/zr_vm_parser/backend_aot/backend_aot_c_zrp_metadata_module_ref.c	backend_aot_c_zrp_signature_scan_skip_bytes	function	backend_aot_c_zrp_signature_scan_skip_u32; backend_aot_c_zrp_signature_scan_read_u8; backend_aot_c_zrp_signature_blob_references_module_ref	保证签名扫描游标不会越过保留片段	字节长度来自保留签名 remap	zr_vm_aot/zr_vm_parser/src/zr_vm_parser/backend_aot/backend_aot_c_zrp_metadata_module_ref.c:89;zr_vm_aot/zr_vm_parser/src/zr_vm_parser/backend_aot/backend_aot_c_zrp_metadata_module_ref.c:103;zr_vm_aot/zr_vm_parser/src/zr_vm_parser/backend_aot/backend_aot_c_zrp_metadata_module_ref.c:113	no-comment	该局部单元由名称、输入和直接调用点限定职责，跨阶段约束已在本行记录
zr_vm_aot/zr_vm_parser/src/zr_vm_parser/backend_aot/backend_aot_c_zrp_metadata_module_ref.c	backend_aot_c_zrp_signature_scan_skip_u32	function	backend_aot_c_zrp_signature_type_node_references_module_ref; backend_aot_c_zrp_signature_blob_references_module_ref	在签名扫描中跳过协议的 32 位字段	必须仍处于签名片段范围	zr_vm_aot/zr_vm_parser/src/zr_vm_parser/backend_aot/backend_aot_c_zrp_metadata_module_ref.c:102;zr_vm_aot/zr_vm_parser/src/zr_vm_parser/backend_aot/backend_aot_c_zrp_metadata_module_ref.c:172;zr_vm_aot/zr_vm_parser/src/zr_vm_parser/backend_aot/backend_aot_c_zrp_metadata_module_ref.c:175	no-comment	该局部单元由名称、输入和直接调用点限定职责，跨阶段约束已在本行记录
zr_vm_aot/zr_vm_parser/src/zr_vm_parser/backend_aot/backend_aot_c_zrp_metadata_module_ref.c	backend_aot_c_zrp_signature_scan_read_u8	function	backend_aot_c_zrp_signature_type_node_references_module_ref; backend_aot_c_zrp_signature_blob_references_module_ref	读取签名节点种类并推进游标	调用方先有有效签名片段	zr_vm_aot/zr_vm_parser/src/zr_vm_parser/backend_aot/backend_aot_c_zrp_metadata_module_ref.c:106;zr_vm_aot/zr_vm_parser/src/zr_vm_parser/backend_aot/backend_aot_c_zrp_metadata_module_ref.c:166;zr_vm_aot/zr_vm_parser/src/zr_vm_parser/backend_aot/backend_aot_c_zrp_metadata_module_ref.c:302	no-comment	该局部单元由名称、输入和直接调用点限定职责，跨阶段约束已在本行记录
zr_vm_aot/zr_vm_parser/src/zr_vm_parser/backend_aot/backend_aot_c_zrp_metadata_module_ref.c	backend_aot_c_zrp_signature_scan_read_u32	function	backend_aot_c_zrp_signature_type_node_references_module_ref; backend_aot_c_zrp_signature_blob_references_module_ref	读取签名里的令牌或计数	不足四字节时拒绝片段	zr_vm_aot/zr_vm_parser/src/zr_vm_parser/backend_aot/backend_aot_c_zrp_metadata_module_ref.c:121;zr_vm_aot/zr_vm_parser/src/zr_vm_parser/backend_aot/backend_aot_c_zrp_metadata_module_ref.c:186;zr_vm_aot/zr_vm_parser/src/zr_vm_parser/backend_aot/backend_aot_c_zrp_metadata_module_ref.c:203	no-comment	该局部单元由名称、输入和直接调用点限定职责，跨阶段约束已在本行记录
zr_vm_aot/zr_vm_parser/src/zr_vm_parser/backend_aot/backend_aot_c_zrp_metadata_module_ref.c	backend_aot_c_zrp_signature_type_list_references_module_ref	function	backend_aot_c_zrp_signature_type_node_references_module_ref	扫描复合类型子节点的模块引用	受递归深度及声明节点数约束	zr_vm_aot/zr_vm_parser/src/zr_vm_parser/backend_aot/backend_aot_c_zrp_metadata_module_ref.c:265;zr_vm_aot/zr_vm_parser/src/zr_vm_parser/backend_aot/backend_aot_c_zrp_metadata_module_ref.c:187;zr_vm_aot/zr_vm_parser/src/zr_vm_parser/backend_aot/backend_aot_c_zrp_metadata_module_ref.c:206	no-comment	该局部单元由名称、输入和直接调用点限定职责，跨阶段约束已在本行记录
zr_vm_aot/zr_vm_parser/src/zr_vm_parser/backend_aot/backend_aot_c_zrp_metadata_module_ref.c	backend_aot_c_zrp_signature_type_node_references_module_ref	function	backend_aot_c_zrp_signature_type_node_references_module_ref; backend_aot_c_zrp_signature_type_list_references_module_ref; backend_aot_c_zrp_signature_blob_references_module_ref	递归识别签名节点内嵌 AssemblyRef	未知节点或越界签名不能作为有效引用	zr_vm_aot/zr_vm_parser/src/zr_vm_parser/backend_aot/backend_aot_c_zrp_metadata_module_ref.c:153;zr_vm_aot/zr_vm_parser/src/zr_vm_parser/backend_aot/backend_aot_c_zrp_metadata_module_ref.c:179;zr_vm_aot/zr_vm_parser/src/zr_vm_parser/backend_aot/backend_aot_c_zrp_metadata_module_ref.c:197	no-comment	该局部单元由名称、输入和直接调用点限定职责，跨阶段约束已在本行记录
zr_vm_aot/zr_vm_parser/src/zr_vm_parser/backend_aot/backend_aot_c_zrp_metadata_module_ref.c	backend_aot_c_zrp_signature_blob_references_module_ref	function	backend_aot_c_zrp_retained_signature_blobs_reference_module_ref	从完整保留签名查找指定模块令牌	扫描结束须与片段长度吻合	zr_vm_aot/zr_vm_parser/src/zr_vm_parser/backend_aot/backend_aot_c_zrp_metadata_module_ref.c:286;zr_vm_aot/zr_vm_parser/src/zr_vm_parser/backend_aot/backend_aot_c_zrp_metadata_module_ref.c:378	no-comment	该局部单元由名称、输入和直接调用点限定职责，跨阶段约束已在本行记录
zr_vm_aot/zr_vm_parser/src/zr_vm_parser/backend_aot/backend_aot_c_zrp_metadata_module_ref.c	backend_aot_c_zrp_retained_signature_blobs_reference_module_ref	function	backend_aot_c_zrp_module_ref_row_is_retained	汇总所有保留签名对模块引用的依赖	只遍历 signatureRemap 收集的片段	zr_vm_aot/zr_vm_parser/src/zr_vm_parser/backend_aot/backend_aot_c_zrp_metadata_module_ref.c:355;zr_vm_aot/zr_vm_parser/src/zr_vm_parser/backend_aot/backend_aot_c_zrp_metadata_module_ref.c:448	no-comment	该局部单元由名称、输入和直接调用点限定职责，跨阶段约束已在本行记录
zr_vm_aot/zr_vm_parser/src/zr_vm_parser/backend_aot/backend_aot_c_zrp_metadata_module_ref.c	backend_aot_c_zrp_module_ref_row_is_retained	function	backend_aot_c_zrp_count_retained_module_refs; backend_aot_c_zrp_remap_module_ref_token; backend_aot_c_zrp_copy_module_refs; backend_aot_c_zrp_build_string_pool_remap	由导入根记录或保留签名决定模块行存活	两类依赖都应使用同一函数表裁剪结果	zr_vm_aot/zr_vm_parser/src/zr_vm_parser/backend_aot/backend_aot_c_zrp_metadata_module_ref.c:392;zr_vm_aot/zr_vm_parser/src/zr_vm_parser/backend_aot/backend_aot_c_zrp_metadata_module_ref.c:483;zr_vm_aot/zr_vm_parser/src/zr_vm_parser/backend_aot/backend_aot_c_zrp_metadata_module_ref.c:658	commented	声明或关键实现块已说明目的与调用限制
zr_vm_aot/zr_vm_parser/src/zr_vm_parser/backend_aot/backend_aot_c_zrp_metadata_module_ref.c	backend_aot_c_zrp_count_retained_module_refs	function	backend_aot_c_zrp_count_retained_module_refs_before; backend_aot_c_prune_method_def_metadata_blob	为目标模块表计算精确行数	传入源行集合与写表阶段相同	zr_vm_aot/zr_vm_parser/src/zr_vm_parser/backend_aot/backend_aot_c_zrp_metadata_module_ref.c:454;zr_vm_aot/zr_vm_parser/src/zr_vm_parser/backend_aot/backend_aot_c_zrp_metadata_module_ref.c:554;zr_vm_aot/zr_vm_parser/src/zr_vm_parser/backend_aot/backend_aot_c_zrp_metadata_prune.c:1181	no-comment	该局部单元由名称、输入和直接调用点限定职责，跨阶段约束已在本行记录
zr_vm_aot/zr_vm_parser/src/zr_vm_parser/backend_aot/backend_aot_c_zrp_metadata_module_ref.c	backend_aot_c_zrp_find_module_ref_index_for_token	function	backend_aot_c_zrp_remap_module_ref_token	把旧 AssemblyRef 令牌定位到源模块行	无匹配条目不可编造新 RID	zr_vm_aot/zr_vm_parser/src/zr_vm_parser/backend_aot/backend_aot_c_zrp_metadata_module_ref.c:510;zr_vm_aot/zr_vm_parser/src/zr_vm_parser/backend_aot/backend_aot_c_zrp_metadata_module_ref.c:657	no-comment	该局部单元由名称、输入和直接调用点限定职责，跨阶段约束已在本行记录
zr_vm_aot/zr_vm_parser/src/zr_vm_parser/backend_aot/backend_aot_c_zrp_metadata_module_ref.c	backend_aot_c_zrp_count_retained_module_refs_before	function	backend_aot_c_zrp_compacted_module_ref_token	计算指定源行之前的保留模块数	边界使用排他索引	zr_vm_aot/zr_vm_parser/src/zr_vm_parser/backend_aot/backend_aot_c_zrp_metadata_module_ref.c:530;zr_vm_aot/zr_vm_parser/src/zr_vm_parser/backend_aot/backend_aot_c_zrp_metadata_module_ref.c:600	no-comment	该局部单元由名称、输入和直接调用点限定职责，跨阶段约束已在本行记录
zr_vm_aot/zr_vm_parser/src/zr_vm_parser/backend_aot/backend_aot_c_zrp_metadata_module_ref.c	backend_aot_c_zrp_compacted_module_ref_token	function	backend_aot_c_zrp_remap_module_ref_token; backend_aot_c_zrp_copy_module_refs	按保留前缀生成目标 AssemblyRef RID	调用前应已确认该行保留	zr_vm_aot/zr_vm_parser/src/zr_vm_parser/backend_aot/backend_aot_c_zrp_metadata_module_ref.c:577;zr_vm_aot/zr_vm_parser/src/zr_vm_parser/backend_aot/backend_aot_c_zrp_metadata_module_ref.c:681;zr_vm_aot/zr_vm_parser/src/zr_vm_parser/backend_aot/backend_aot_c_zrp_metadata_prune.c:865	commented	声明或关键实现块已说明目的与调用限制
zr_vm_aot/zr_vm_parser/src/zr_vm_parser/backend_aot/backend_aot_c_zrp_metadata_module_ref.c	backend_aot_c_zrp_remap_module_ref_token	function	backend_aot_c_zrp_remap_module_ref_tokens_in_record; backend_aot_c_zrp_rewrite_signature_module_ref_token	重写被保留模块引用的令牌	非 AssemblyRef 令牌保留原样；失效引用返回 false	zr_vm_aot/zr_vm_parser/src/zr_vm_parser/backend_aot/backend_aot_c_zrp_metadata_module_ref.c:626;zr_vm_aot/zr_vm_parser/src/zr_vm_parser/backend_aot/backend_aot_c_zrp_metadata_module_ref.c:730;zr_vm_aot/zr_vm_parser/src/zr_vm_parser/backend_aot/backend_aot_c_zrp_metadata_module_ref.c:752	no-comment	该局部单元由名称、输入和直接调用点限定职责，跨阶段约束已在本行记录
zr_vm_aot/zr_vm_parser/src/zr_vm_parser/backend_aot/backend_aot_c_zrp_metadata_module_ref.c	backend_aot_c_zrp_remap_module_ref_tokens_in_record	function	backend_aot_c_zrp_copy_token_records; backend_aot_c_zrp_count_retained_token_records_for_pruning; backend_aot_c_zrp_token_record_is_retained_for_signature_pruning	同步改写 token 记录的所有模块令牌槽	任一槽引用失效模块则记录不可复制	zr_vm_aot/zr_vm_parser/src/zr_vm_parser/backend_aot/backend_aot_c_zrp_metadata_module_ref.c:706;zr_vm_aot/zr_vm_parser/src/zr_vm_parser/backend_aot/backend_aot_c_zrp_metadata_prune.c:218;zr_vm_aot/zr_vm_parser/src/zr_vm_parser/backend_aot/backend_aot_c_zrp_metadata_prune.c:353	no-comment	该局部单元由名称、输入和直接调用点限定职责，跨阶段约束已在本行记录
zr_vm_aot/zr_vm_parser/src/zr_vm_parser/backend_aot/backend_aot_c_zrp_metadata_publication.c	backend_aot_c_publish_compacted_zrp_metadata	function	backend_aot_c_emitter	可选地将最终嵌入 blob 发布为独立元数据文件	验证失败或打开后写入失败会删除目标文件；fopen 失败保留旧文件	zr_vm_aot/zr_vm_parser/src/zr_vm_parser/backend_aot/backend_aot_c_zrp_metadata_publication.c:7;zr_vm_aot/zr_vm_parser/src/zr_vm_parser/backend_aot/backend_aot_c_emitter.c:1620;zr_vm_aot/zr_vm_parser/src/zr_vm_parser/backend_aot/backend_aot_c_zrp_metadata_publication.c:29;zr_vm_aot/zr_vm_parser/src/zr_vm_parser/backend_aot/backend_aot_c_zrp_metadata_publication.c:35	commented	声明或关键实现块已说明目的与调用限制
zr_vm_aot/zr_vm_parser/src/zr_vm_parser/backend_aot/backend_aot_c_zrp_metadata_prune.c	backend_aot_c_zrp_section_has_rows	function	backend_aot_c_zrp_can_prune_method_defs	识别实际具有行数据的元数据 section	空长度或空计数都不能启动方法裁剪	zr_vm_aot/zr_vm_parser/src/zr_vm_parser/backend_aot/backend_aot_c_zrp_metadata_prune.c:20;zr_vm_aot/zr_vm_parser/src/zr_vm_parser/backend_aot/backend_aot_c_zrp_metadata_prune.c:28	no-comment	该局部单元由名称、输入和直接调用点限定职责，跨阶段约束已在本行记录
zr_vm_aot/zr_vm_parser/src/zr_vm_parser/backend_aot/backend_aot_c_zrp_metadata_prune.c	backend_aot_c_zrp_can_prune_method_defs	function	backend_aot_c_prune_method_def_metadata_blob	确认源元数据含有可裁剪的方法表	调用前已经成功读取 header	zr_vm_aot/zr_vm_parser/src/zr_vm_parser/backend_aot/backend_aot_c_zrp_metadata_prune.c:24;zr_vm_aot/zr_vm_parser/src/zr_vm_parser/backend_aot/backend_aot_c_zrp_metadata_prune.c:947	no-comment	该局部单元由名称、输入和直接调用点限定职责，跨阶段约束已在本行记录
zr_vm_aot/zr_vm_parser/src/zr_vm_parser/backend_aot/backend_aot_c_zrp_metadata_prune.c	backend_aot_c_zrp_build_pruned_header	function	backend_aot_c_prune_method_def_metadata_blob	按各保留计数建立目标 section 布局	目标长度及各 section 须通过 core 的 header 校验	zr_vm_aot/zr_vm_parser/src/zr_vm_parser/backend_aot/backend_aot_c_zrp_metadata_prune.c:34;zr_vm_aot/zr_vm_parser/src/zr_vm_parser/backend_aot/backend_aot_c_zrp_metadata_prune.c:1295	no-comment	该局部单元由名称、输入和直接调用点限定职责，跨阶段约束已在本行记录
zr_vm_aot/zr_vm_parser/src/zr_vm_parser/backend_aot/backend_aot_c_zrp_metadata_prune.c	backend_aot_c_zrp_copy_token_records	function	backend_aot_c_prune_method_def_metadata_blob	复制依赖均存活的 token 记录并统一改写引用	最终写入行数必须等于预计算 count	zr_vm_aot/zr_vm_parser/src/zr_vm_parser/backend_aot/backend_aot_c_zrp_metadata_prune.c:132;zr_vm_aot/zr_vm_parser/src/zr_vm_parser/backend_aot/backend_aot_c_zrp_metadata_prune.c:1411	no-comment	该局部单元由名称、输入和直接调用点限定职责，跨阶段约束已在本行记录
zr_vm_aot/zr_vm_parser/src/zr_vm_parser/backend_aot/backend_aot_c_zrp_metadata_prune.c	backend_aot_c_zrp_count_retained_token_records_for_pruning	function	backend_aot_c_prune_method_def_metadata_blob	在分配目标 blob 前确定可写 token 记录数	使用与 copy_token_records 相同的多表保留判定	zr_vm_aot/zr_vm_parser/src/zr_vm_parser/backend_aot/backend_aot_c_zrp_metadata_prune.c:279;zr_vm_aot/zr_vm_parser/src/zr_vm_parser/backend_aot/backend_aot_c_zrp_metadata_prune.c:1107	no-comment	该局部单元由名称、输入和直接调用点限定职责，跨阶段约束已在本行记录
zr_vm_aot/zr_vm_parser/src/zr_vm_parser/backend_aot/backend_aot_c_zrp_metadata_prune.c	backend_aot_c_zrp_copy_method_defs	function	backend_aot_c_prune_method_def_metadata_blob	写入仍在 AOT 函数表中的方法行	重算压缩令牌和签名偏移后数量要吻合	zr_vm_aot/zr_vm_parser/src/zr_vm_parser/backend_aot/backend_aot_c_zrp_metadata_prune.c:382;zr_vm_aot/zr_vm_parser/src/zr_vm_parser/backend_aot/backend_aot_c_zrp_metadata_prune.c:1466	no-comment	该局部单元由名称、输入和直接调用点限定职责，跨阶段约束已在本行记录
zr_vm_aot/zr_vm_parser/src/zr_vm_parser/backend_aot/backend_aot_c_zrp_metadata_prune.c	backend_aot_c_zrp_copy_field_defs	function	backend_aot_c_prune_method_def_metadata_blob	写入拥有者类型仍保留的字段行	同步处理字段令牌字符串签名和默认值偏移	zr_vm_aot/zr_vm_parser/src/zr_vm_parser/backend_aot/backend_aot_c_zrp_metadata_prune.c:460;zr_vm_aot/zr_vm_parser/src/zr_vm_parser/backend_aot/backend_aot_c_zrp_metadata_prune.c:1491	no-comment	该局部单元由名称、输入和直接调用点限定职责，跨阶段约束已在本行记录
zr_vm_aot/zr_vm_parser/src/zr_vm_parser/backend_aot/backend_aot_c_zrp_metadata_prune.c	backend_aot_c_zrp_copy_generic_params	function	backend_aot_c_prune_method_def_metadata_blob	写入拥有者仍存活的泛型参数	同步改写 owner 令牌和约束范围	zr_vm_aot/zr_vm_parser/src/zr_vm_parser/backend_aot/backend_aot_c_zrp_metadata_prune.c:551;zr_vm_aot/zr_vm_parser/src/zr_vm_parser/backend_aot/backend_aot_c_zrp_metadata_prune.c:1517	no-comment	该局部单元由名称、输入和直接调用点限定职责，跨阶段约束已在本行记录
zr_vm_aot/zr_vm_parser/src/zr_vm_parser/backend_aot/backend_aot_c_zrp_metadata_prune.c	backend_aot_c_zrp_copy_generic_param_constraints	function	backend_aot_c_prune_method_def_metadata_blob	写入保留泛型参数的约束行	先改参数索引再改约束类型与签名引用	zr_vm_aot/zr_vm_parser/src/zr_vm_parser/backend_aot/backend_aot_c_zrp_metadata_prune.c:621;zr_vm_aot/zr_vm_parser/src/zr_vm_parser/backend_aot/backend_aot_c_zrp_metadata_prune.c:1541	no-comment	该局部单元由名称、输入和直接调用点限定职责，跨阶段约束已在本行记录
zr_vm_aot/zr_vm_parser/src/zr_vm_parser/backend_aot/backend_aot_c_zrp_metadata_prune.c	backend_aot_c_zrp_copy_method_specs	function	backend_aot_c_prune_method_def_metadata_blob	写入目标方法仍存在的实例化行	与已重写的实例化签名保持一致	zr_vm_aot/zr_vm_parser/src/zr_vm_parser/backend_aot/backend_aot_c_zrp_metadata_prune.c:717;zr_vm_aot/zr_vm_parser/src/zr_vm_parser/backend_aot/backend_aot_c_zrp_metadata_prune.c:1593	no-comment	该局部单元由名称、输入和直接调用点限定职责，跨阶段约束已在本行记录
zr_vm_aot/zr_vm_parser/src/zr_vm_parser/backend_aot/backend_aot_c_zrp_metadata_prune.c	backend_aot_c_zrp_copy_module_refs	function	backend_aot_c_prune_method_def_metadata_blob	写入导入根或签名仍引用的模块行	目标 RID 字符串和签名引用要同步	zr_vm_aot/zr_vm_parser/src/zr_vm_parser/backend_aot/backend_aot_c_zrp_metadata_prune.c:804;zr_vm_aot/zr_vm_parser/src/zr_vm_parser/backend_aot/backend_aot_c_zrp_metadata_prune.c:1623	no-comment	该局部单元由名称、输入和直接调用点限定职责，跨阶段约束已在本行记录
zr_vm_aot/zr_vm_parser/src/zr_vm_parser/backend_aot/backend_aot_c_zrp_metadata_prune.c	backend_aot_c_prune_method_def_metadata_blob	function	backend_aot_c_prepare_embedded_zrp_metadata	从函数表构造闭包并产出压缩 ZRP blob	失败路径清理临时 remap 与 blob；成功后由 release 接管	zr_vm_aot/zr_vm_parser/src/zr_vm_parser/backend_aot/backend_aot_c_zrp_metadata_prune.c:896;zr_vm_aot/zr_vm_parser/src/zr_vm_parser/backend_aot/backend_aot_c_zrp_metadata_prune.c:1776	commented	声明或关键实现块已说明目的与调用限制
zr_vm_aot/zr_vm_parser/src/zr_vm_parser/backend_aot/backend_aot_c_zrp_metadata_prune.c	backend_aot_c_prepare_embedded_zrp_metadata	function	backend_aot_c_emitter; tests/parser/test_aot_c_zrp_metadata_pruning.c; tests/parser/test_aot_c_zrp_metadata_typespec_pruning.c; tests/parser/test_aot_c_zrp_metadata_pool_pruning.c; tests/parser/test_aot_c_zrp_metadata_typedef_pruning.c; tests/parser/test_aot_c_zrp_metadata_module_ref_pruning.c; tests/parser/test_aot_c_zrp_metadata_methodspec_pruning.c	为 emitter 提供可借用或拥有的元数据视图	导出声明在裁剪之后合并	zr_vm_aot/zr_vm_parser/src/zr_vm_parser/backend_aot/backend_aot_c_zrp_metadata_prune.c:1751;zr_vm_aot/zr_vm_parser/src/zr_vm_parser/backend_aot/backend_aot_c_emitter.c:1105;tests/parser/test_aot_c_zrp_metadata_module_ref_pruning.c:179	commented	声明或关键实现块已说明目的与调用限制
zr_vm_aot/zr_vm_parser/src/zr_vm_parser/backend_aot/backend_aot_c_zrp_metadata_prune.c	backend_aot_c_release_embedded_zrp_metadata	function	backend_aot_c_prepare_embedded_zrp_metadata; backend_aot_c_emitter; tests/parser/test_aot_c_zrp_metadata_pruning.c; tests/parser/test_aot_c_zrp_metadata_typespec_pruning.c; tests/parser/test_aot_c_zrp_metadata_pool_pruning.c; tests/parser/test_aot_c_zrp_metadata_typedef_pruning.c; tests/parser/test_aot_c_zrp_metadata_module_ref_pruning.c; tests/parser/test_aot_c_zrp_metadata_methodspec_pruning.c	结束 emitter 对 blob 映射和导出数组的持有	只释放 owned 字段；借用输入不归本层释放	zr_vm_aot/zr_vm_parser/src/zr_vm_parser/backend_aot/backend_aot_c_zrp_metadata_prune.c:1793;zr_vm_aot/zr_vm_parser/src/zr_vm_parser/backend_aot/backend_aot_c_zrp_metadata_prune.c:1777;zr_vm_aot/zr_vm_parser/src/zr_vm_parser/backend_aot/backend_aot_c_zrp_metadata_prune.c:1786;tests/parser/test_aot_c_zrp_metadata_module_ref_pruning.c:203	commented	声明或关键实现块已说明目的与调用限制
zr_vm_aot/zr_vm_parser/src/zr_vm_parser/backend_aot/backend_aot_c_zrp_metadata_remap.c	backend_aot_c_zrp_token_is_member_def	function	backend_aot_c_zrp_find_method_def_index_for_token; backend_aot_c_zrp_find_field_def_index_for_token; backend_aot_c_zrp_remap_member_def_token; backend_aot_c_zrp_remap_method_def_token; backend_aot_c_zrp_remap_retained_member_def_token; backend_aot_c_zrp_remap_export_member_token; backend_aot_c_zrp_remap_retained_export_member_token; backend_aot_c_zrp_remap_generic_param_owner_token	识别须按新方法字段表重排的 MemberDef 令牌	零令牌及其他表跳过	zr_vm_aot/zr_vm_parser/src/zr_vm_parser/backend_aot/backend_aot_c_zrp_metadata_remap.c:6;zr_vm_aot/zr_vm_parser/src/zr_vm_parser/backend_aot/backend_aot_c_zrp_metadata_remap.c:88;zr_vm_aot/zr_vm_parser/src/zr_vm_parser/backend_aot/backend_aot_c_zrp_metadata_remap.c:108	no-comment	该局部单元由名称、输入和直接调用点限定职责，跨阶段约束已在本行记录
zr_vm_aot/zr_vm_parser/src/zr_vm_parser/backend_aot/backend_aot_c_zrp_metadata_remap.c	backend_aot_c_zrp_token_is_member_ref	function	backend_aot_c_zrp_member_ref_token_record_exists; backend_aot_c_zrp_member_ref_reference_has_retained_token_record_with_depth; backend_aot_c_zrp_remap_method_spec_row	识别 token 记录中可能间接依赖其他成员的 MemberRef	仅该表参与引用链检查	zr_vm_aot/zr_vm_parser/src/zr_vm_parser/backend_aot/backend_aot_c_zrp_metadata_remap.c:10;zr_vm_aot/zr_vm_parser/src/zr_vm_parser/backend_aot/backend_aot_c_zrp_metadata_remap.c:18;zr_vm_aot/zr_vm_parser/src/zr_vm_parser/backend_aot/backend_aot_c_zrp_metadata_remap.c:23	no-comment	该局部单元由名称、输入和直接调用点限定职责，跨阶段约束已在本行记录
zr_vm_aot/zr_vm_parser/src/zr_vm_parser/backend_aot/backend_aot_c_zrp_metadata_remap.c	backend_aot_c_zrp_member_ref_token_record_exists	function	backend_aot_c_zrp_member_ref_token_record_member_def_fields_are_retained	确认间接成员引用有对应的源 token 记录	仅找到原记录不等于该记录仍存活	zr_vm_aot/zr_vm_parser/src/zr_vm_parser/backend_aot/backend_aot_c_zrp_metadata_remap.c:14;zr_vm_aot/zr_vm_parser/src/zr_vm_parser/backend_aot/backend_aot_c_zrp_metadata_remap.c:302	no-comment	该局部单元由名称、输入和直接调用点限定职责，跨阶段约束已在本行记录
zr_vm_aot/zr_vm_parser/src/zr_vm_parser/backend_aot/backend_aot_c_zrp_metadata_remap.c	backend_aot_c_zrp_token_is_type_def	function	backend_aot_c_zrp_remap_generic_param_owner_token	为泛型拥有者重写选择 TypeDef 映射分支	仅识别表标签，映射函数负责校验该 TypeDef 是否保留	zr_vm_aot/zr_vm_parser/src/zr_vm_parser/backend_aot/backend_aot_c_zrp_metadata_remap.c:31;zr_vm_aot/zr_vm_parser/src/zr_vm_parser/backend_aot/backend_aot_c_zrp_metadata_remap.c:1003	no-comment	该局部单元由名称、输入和直接调用点限定职责，跨阶段约束已在本行记录
zr_vm_aot/zr_vm_parser/src/zr_vm_parser/backend_aot/backend_aot_c_zrp_metadata_remap.c	backend_aot_c_function_table_contains_flat_index	function	backend_aot_c_zrp_method_def_row_is_retained	判断源方法的扁平索引是否进入最终 AOT 函数表	函数表为空时方法不能视为保留	zr_vm_aot/zr_vm_parser/src/zr_vm_parser/backend_aot/backend_aot_c_zrp_metadata_remap.c:35;zr_vm_aot/zr_vm_parser/src/zr_vm_parser/backend_aot/backend_aot_c_zrp_metadata_remap.c:55	no-comment	该局部单元由名称、输入和直接调用点限定职责，跨阶段约束已在本行记录
zr_vm_aot/zr_vm_parser/src/zr_vm_parser/backend_aot/backend_aot_c_zrp_metadata_remap.c	backend_aot_c_zrp_method_def_row_is_retained	function	backend_aot_c_zrp_member_token_remap_build; backend_aot_c_zrp_copy_method_defs; backend_aot_c_zrp_count_retained_method_defs; backend_aot_c_zrp_remap_member_def_token; backend_aot_c_zrp_remap_method_def_token; backend_aot_c_zrp_remap_retained_member_def_token; backend_aot_c_zrp_adjust_type_def_method_range; backend_aot_c_zrp_add_retained_method_def_signature_blobs; backend_aot_c_zrp_build_string_pool_remap; backend_aot_c_zrp_type_def_root_member_token_is_retained; backend_aot_c_zrp_retained_method_def_references_type_def	用最终函数表过滤方法定义	供计数、令牌和写表共享	zr_vm_aot/zr_vm_parser/src/zr_vm_parser/backend_aot/backend_aot_c_zrp_metadata_remap.c:53;zr_vm_aot/zr_vm_parser/src/zr_vm_parser/backend_aot/backend_aot_c_zrp_metadata_member_token.c:191;zr_vm_aot/zr_vm_parser/src/zr_vm_parser/backend_aot/backend_aot_c_zrp_metadata_prune.c:409	commented	声明或关键实现块已说明目的与调用限制
zr_vm_aot/zr_vm_parser/src/zr_vm_parser/backend_aot/backend_aot_c_zrp_metadata_remap.c	backend_aot_c_zrp_count_retained_method_defs	function	backend_aot_c_zrp_member_token_remap_build; backend_aot_c_prune_method_def_metadata_blob; backend_aot_c_zrp_count_retained_method_defs_before; backend_aot_c_zrp_retained_method_def_count_matches; tests/parser/test_aot_c_zrp_metadata_export_token_remap.c	计算目标 MethodDef 表容量	应与 copy_method_defs 的保留判定相同	zr_vm_aot/zr_vm_parser/src/zr_vm_parser/backend_aot/backend_aot_c_zrp_metadata_remap.c:58;zr_vm_aot/zr_vm_parser/src/zr_vm_parser/backend_aot/backend_aot_c_zrp_metadata_member_token.c:152;zr_vm_aot/zr_vm_parser/src/zr_vm_parser/backend_aot/backend_aot_c_zrp_metadata_prune.c:1024;tests/parser/test_aot_c_zrp_metadata_export_token_remap.c:44	no-comment	该局部单元由名称、输入和直接调用点限定职责，跨阶段约束已在本行记录
zr_vm_aot/zr_vm_parser/src/zr_vm_parser/backend_aot/backend_aot_c_zrp_metadata_remap.c	backend_aot_c_zrp_count_retained_method_defs_before	function	backend_aot_c_zrp_compacted_method_def_token; backend_aot_c_zrp_adjust_type_def_method_range	计算源方法前缀的保留数量	目标 RID 使用排他前缀	zr_vm_aot/zr_vm_parser/src/zr_vm_parser/backend_aot/backend_aot_c_zrp_metadata_remap.c:76;zr_vm_aot/zr_vm_parser/src/zr_vm_parser/backend_aot/backend_aot_c_zrp_metadata_remap.c:129;zr_vm_aot/zr_vm_parser/src/zr_vm_parser/backend_aot/backend_aot_c_zrp_metadata_remap.c:1550	no-comment	该局部单元由名称、输入和直接调用点限定职责，跨阶段约束已在本行记录
zr_vm_aot/zr_vm_parser/src/zr_vm_parser/backend_aot/backend_aot_c_zrp_metadata_remap.c	backend_aot_c_zrp_find_method_def_index_for_token	function	backend_aot_c_zrp_remap_member_def_token; backend_aot_c_zrp_remap_method_def_token; backend_aot_c_zrp_remap_retained_member_def_token	把 MemberDef 令牌定位到源方法行	未匹配则可能属于字段	zr_vm_aot/zr_vm_parser/src/zr_vm_parser/backend_aot/backend_aot_c_zrp_metadata_remap.c:84;zr_vm_aot/zr_vm_parser/src/zr_vm_parser/backend_aot/backend_aot_c_zrp_metadata_remap.c:162;zr_vm_aot/zr_vm_parser/src/zr_vm_parser/backend_aot/backend_aot_c_zrp_metadata_remap.c:187	no-comment	该局部单元由名称、输入和直接调用点限定职责，跨阶段约束已在本行记录
zr_vm_aot/zr_vm_parser/src/zr_vm_parser/backend_aot/backend_aot_c_zrp_metadata_remap.c	backend_aot_c_zrp_find_field_def_index_for_token	function	backend_aot_c_zrp_remap_member_def_token; backend_aot_c_zrp_remap_retained_member_def_token	把 MemberDef 令牌定位到源字段行	未匹配则不能当作已保留成员	zr_vm_aot/zr_vm_parser/src/zr_vm_parser/backend_aot/backend_aot_c_zrp_metadata_remap.c:104;zr_vm_aot/zr_vm_parser/src/zr_vm_parser/backend_aot/backend_aot_c_zrp_metadata_remap.c:170;zr_vm_aot/zr_vm_parser/src/zr_vm_parser/backend_aot/backend_aot_c_zrp_metadata_remap.c:226	no-comment	该局部单元由名称、输入和直接调用点限定职责，跨阶段约束已在本行记录
zr_vm_aot/zr_vm_parser/src/zr_vm_parser/backend_aot/backend_aot_c_zrp_metadata_remap.c	backend_aot_c_zrp_compacted_method_def_token	function	backend_aot_c_zrp_member_token_remap_build; backend_aot_c_zrp_copy_method_defs; backend_aot_c_zrp_remap_member_def_token; backend_aot_c_zrp_remap_method_def_token; backend_aot_c_zrp_remap_retained_member_def_token	依据前方保留方法数产生新 MemberDef 令牌	仅对确实保留的源方法调用	zr_vm_aot/zr_vm_parser/src/zr_vm_parser/backend_aot/backend_aot_c_zrp_metadata_remap.c:124;zr_vm_aot/zr_vm_parser/src/zr_vm_parser/backend_aot/backend_aot_c_zrp_metadata_member_token.c:199;zr_vm_aot/zr_vm_parser/src/zr_vm_parser/backend_aot/backend_aot_c_zrp_metadata_prune.c:414	no-comment	该局部单元由名称、输入和直接调用点限定职责，跨阶段约束已在本行记录
zr_vm_aot/zr_vm_parser/src/zr_vm_parser/backend_aot/backend_aot_c_zrp_metadata_remap.c	backend_aot_c_zrp_compacted_field_def_token	function	backend_aot_c_zrp_remap_member_def_token	在保留方法之后计算字段的 MemberDef 令牌起点	字段 RID 与方法共享成员表	zr_vm_aot/zr_vm_parser/src/zr_vm_parser/backend_aot/backend_aot_c_zrp_metadata_remap.c:134;zr_vm_aot/zr_vm_parser/src/zr_vm_parser/backend_aot/backend_aot_c_zrp_metadata_remap.c:171	no-comment	该局部单元由名称、输入和直接调用点限定职责，跨阶段约束已在本行记录
zr_vm_aot/zr_vm_parser/src/zr_vm_parser/backend_aot/backend_aot_c_zrp_metadata_remap.c	backend_aot_c_zrp_retained_method_def_count_matches	function	backend_aot_c_zrp_remap_export_member_token; backend_aot_c_zrp_remap_retained_export_member_token	核对外部传入的保留方法数与实际函数表一致	不一致时避免生成错误字段 RID	zr_vm_aot/zr_vm_parser/src/zr_vm_parser/backend_aot/backend_aot_c_zrp_metadata_remap.c:139;zr_vm_aot/zr_vm_parser/src/zr_vm_parser/backend_aot/backend_aot_c_zrp_metadata_remap.c:649;zr_vm_aot/zr_vm_parser/src/zr_vm_parser/backend_aot/backend_aot_c_zrp_metadata_remap.c:684	no-comment	该局部单元由名称、输入和直接调用点限定职责，跨阶段约束已在本行记录
zr_vm_aot/zr_vm_parser/src/zr_vm_parser/backend_aot/backend_aot_c_zrp_metadata_remap.c	backend_aot_c_zrp_remap_member_def_token	function	backend_aot_c_zrp_remap_export_member_token; backend_aot_c_zrp_remap_token_record	对普通 token 记录映射方法或字段的 MemberDef	非成员令牌不变；被删除目标导致失败	zr_vm_aot/zr_vm_parser/src/zr_vm_parser/backend_aot/backend_aot_c_zrp_metadata_remap.c:149;zr_vm_aot/zr_vm_parser/src/zr_vm_parser/backend_aot/backend_aot_c_zrp_metadata_remap.c:656;zr_vm_aot/zr_vm_parser/src/zr_vm_parser/backend_aot/backend_aot_c_zrp_metadata_remap.c:716	no-comment	该局部单元由名称、输入和直接调用点限定职责，跨阶段约束已在本行记录
zr_vm_aot/zr_vm_parser/src/zr_vm_parser/backend_aot/backend_aot_c_zrp_metadata_remap.c	backend_aot_c_zrp_remap_method_def_token	function	backend_aot_c_zrp_remap_method_spec_row; backend_aot_c_zrp_remap_generic_param_owner_token	只接受仍保留方法的成员令牌映射	不能把字段误当方法用于 MethodSpec	zr_vm_aot/zr_vm_parser/src/zr_vm_parser/backend_aot/backend_aot_c_zrp_metadata_remap.c:178;zr_vm_aot/zr_vm_parser/src/zr_vm_parser/backend_aot/backend_aot_c_zrp_metadata_remap.c:933;zr_vm_aot/zr_vm_parser/src/zr_vm_parser/backend_aot/backend_aot_c_zrp_metadata_remap.c:1021	no-comment	该局部单元由名称、输入和直接调用点限定职责，跨阶段约束已在本行记录
zr_vm_aot/zr_vm_parser/src/zr_vm_parser/backend_aot/backend_aot_c_zrp_metadata_remap.c	backend_aot_c_zrp_remap_retained_member_def_token	function	backend_aot_c_zrp_member_ref_token_record_member_def_fields_are_retained; backend_aot_c_zrp_remap_retained_export_member_token; backend_aot_c_zrp_remap_retained_token_record	严格过滤引用已裁剪成员的记录	字段保留还要核对其拥有者类型	zr_vm_aot/zr_vm_parser/src/zr_vm_parser/backend_aot/backend_aot_c_zrp_metadata_remap.c:196;zr_vm_aot/zr_vm_parser/src/zr_vm_parser/backend_aot/backend_aot_c_zrp_metadata_remap.c:312;zr_vm_aot/zr_vm_parser/src/zr_vm_parser/backend_aot/backend_aot_c_zrp_metadata_remap.c:327	no-comment	该局部单元由名称、输入和直接调用点限定职责，跨阶段约束已在本行记录
zr_vm_aot/zr_vm_parser/src/zr_vm_parser/backend_aot/backend_aot_c_zrp_metadata_remap.c	backend_aot_c_zrp_member_ref_reference_has_retained_token_record_with_depth	function	backend_aot_c_zrp_member_ref_token_record_member_def_fields_are_retained; backend_aot_c_zrp_member_ref_reference_has_retained_token_record	沿 MemberRef 记录链检查最终成员依赖	以剩余记录数限制循环追踪	zr_vm_aot/zr_vm_parser/src/zr_vm_parser/backend_aot/backend_aot_c_zrp_metadata_remap.c:464;zr_vm_aot/zr_vm_parser/src/zr_vm_parser/backend_aot/backend_aot_c_zrp_metadata_remap.c:387;zr_vm_aot/zr_vm_parser/src/zr_vm_parser/backend_aot/backend_aot_c_zrp_metadata_remap.c:405	no-comment	该局部单元由名称、输入和直接调用点限定职责，跨阶段约束已在本行记录
zr_vm_aot/zr_vm_parser/src/zr_vm_parser/backend_aot/backend_aot_c_zrp_metadata_remap.c	backend_aot_c_zrp_member_ref_token_record_member_def_fields_are_retained	function	backend_aot_c_zrp_member_ref_reference_has_retained_token_record_with_depth; backend_aot_c_zrp_remap_method_spec_row	检查间接成员引用记录的多个令牌字段	引用链的每个分支都须可解析	zr_vm_aot/zr_vm_parser/src/zr_vm_parser/backend_aot/backend_aot_c_zrp_metadata_remap.c:285;zr_vm_aot/zr_vm_parser/src/zr_vm_parser/backend_aot/backend_aot_c_zrp_metadata_remap.c:492;zr_vm_aot/zr_vm_parser/src/zr_vm_parser/backend_aot/backend_aot_c_zrp_metadata_remap.c:915	no-comment	该局部单元由名称、输入和直接调用点限定职责，跨阶段约束已在本行记录
zr_vm_aot/zr_vm_parser/src/zr_vm_parser/backend_aot/backend_aot_c_zrp_metadata_remap.c	backend_aot_c_zrp_member_ref_reference_has_retained_token_record	function	backend_aot_c_zrp_member_ref_references_have_retained_token_records	从一个 MemberRef 起点启动有界依赖检查	其他令牌类别直接通过	zr_vm_aot/zr_vm_parser/src/zr_vm_parser/backend_aot/backend_aot_c_zrp_metadata_remap.c:510;zr_vm_aot/zr_vm_parser/src/zr_vm_parser/backend_aot/backend_aot_c_zrp_metadata_remap.c:562;zr_vm_aot/zr_vm_parser/src/zr_vm_parser/backend_aot/backend_aot_c_zrp_metadata_remap.c:577	no-comment	该局部单元由名称、输入和直接调用点限定职责，跨阶段约束已在本行记录
zr_vm_aot/zr_vm_parser/src/zr_vm_parser/backend_aot/backend_aot_c_zrp_metadata_remap.c	backend_aot_c_zrp_member_ref_references_have_retained_token_records	function	backend_aot_c_zrp_remap_retained_token_record	检查 token 记录所有 MemberRef 槽的依赖	任一悬空间接引用使记录被过滤	zr_vm_aot/zr_vm_parser/src/zr_vm_parser/backend_aot/backend_aot_c_zrp_metadata_remap.c:545;zr_vm_aot/zr_vm_parser/src/zr_vm_parser/backend_aot/backend_aot_c_zrp_metadata_remap.c:846	no-comment	该局部单元由名称、输入和直接调用点限定职责，跨阶段约束已在本行记录
zr_vm_aot/zr_vm_parser/src/zr_vm_parser/backend_aot/backend_aot_c_zrp_metadata_remap.c	backend_aot_c_zrp_remap_export_member_token	function	tests/parser/test_aot_c_zrp_metadata_export_token_remap.c	把导出描述符的成员绑定映射到压缩表	在无严格保留上下文时仅处理 MemberDef	zr_vm_aot/zr_vm_parser/src/zr_vm_parser/backend_aot/backend_aot_c_zrp_metadata_remap.c:639;tests/parser/test_aot_c_zrp_metadata_export_token_remap.c:48	no-comment	该局部单元由名称、输入和直接调用点限定职责，跨阶段约束已在本行记录
zr_vm_aot/zr_vm_parser/src/zr_vm_parser/backend_aot/backend_aot_c_zrp_metadata_remap.c	backend_aot_c_zrp_remap_retained_export_member_token	function	backend_aot_c_zrp_manifest_export_remap_tokens	验证旧 manifest 导出绑定仍存活再改写令牌	字段还要随拥有者类型保留	zr_vm_aot/zr_vm_parser/src/zr_vm_parser/backend_aot/backend_aot_c_zrp_metadata_remap.c:665;zr_vm_aot/zr_vm_parser/src/zr_vm_parser/backend_aot/backend_aot_c_zrp_metadata_manifest_export.c:392	no-comment	该局部单元由名称、输入和直接调用点限定职责，跨阶段约束已在本行记录
zr_vm_aot/zr_vm_parser/src/zr_vm_parser/backend_aot/backend_aot_c_zrp_metadata_remap.c	backend_aot_c_zrp_remap_token_record	function	backend_aot_c_zrp_count_retained_token_records	改写普通 token 记录中的直接 MemberDef 引用	其他令牌类别保持原值	zr_vm_aot/zr_vm_parser/src/zr_vm_parser/backend_aot/backend_aot_c_zrp_metadata_remap.c:708;zr_vm_aot/zr_vm_parser/src/zr_vm_parser/backend_aot/backend_aot_c_zrp_metadata_remap.c:881	no-comment	该局部单元由名称、输入和直接调用点限定职责，跨阶段约束已在本行记录
zr_vm_aot/zr_vm_parser/src/zr_vm_parser/backend_aot/backend_aot_c_zrp_metadata_remap.c	backend_aot_c_zrp_remap_retained_token_record	function	backend_aot_c_zrp_token_record_is_retained_before_module_ref_pruning; backend_aot_c_zrp_copy_token_records; backend_aot_c_zrp_count_retained_token_records_for_pruning; backend_aot_c_zrp_token_record_is_retained_for_signature_pruning; backend_aot_c_zrp_rewrite_signature_member_ref_token; backend_aot_c_zrp_type_spec_row_is_retained	过滤并改写直接及间接成员依赖	返回 false 的记录不应进入目标表	zr_vm_aot/zr_vm_parser/src/zr_vm_parser/backend_aot/backend_aot_c_zrp_metadata_remap.c:753;zr_vm_aot/zr_vm_parser/src/zr_vm_parser/backend_aot/backend_aot_c_zrp_metadata_module_ref.c:55;zr_vm_aot/zr_vm_parser/src/zr_vm_parser/backend_aot/backend_aot_c_zrp_metadata_prune.c:165	commented	声明或关键实现块已说明目的与调用限制
zr_vm_aot/zr_vm_parser/src/zr_vm_parser/backend_aot/backend_aot_c_zrp_metadata_remap.c	backend_aot_c_zrp_count_retained_token_records	function	无生产直接调用	按直接 MemberDef 存活性统计基础记录数量	调用路径不同于完整多表裁剪统计	zr_vm_aot/zr_vm_parser/src/zr_vm_parser/backend_aot/backend_aot_c_zrp_metadata_remap.c:863	TODO	TODO: 当前裁剪路径使用 prune.c 的多表计数器；全仓没有此公开函数的生产调用，核查是否可移除。
zr_vm_aot/zr_vm_parser/src/zr_vm_parser/backend_aot/backend_aot_c_zrp_metadata_remap.c	backend_aot_c_zrp_remap_method_spec_row	function	backend_aot_c_zrp_copy_method_specs; backend_aot_c_zrp_count_retained_method_specs; backend_aot_c_zrp_add_retained_method_spec_signature_blobs; backend_aot_c_zrp_rewrite_retained_method_spec_signature_blobs	保留目标方法仍可用的 MethodSpec 并改其令牌	实例化签名池在后续阶段更新	zr_vm_aot/zr_vm_parser/src/zr_vm_parser/backend_aot/backend_aot_c_zrp_metadata_remap.c:895;zr_vm_aot/zr_vm_parser/src/zr_vm_parser/backend_aot/backend_aot_c_zrp_metadata_prune.c:750;zr_vm_aot/zr_vm_parser/src/zr_vm_parser/backend_aot/backend_aot_c_zrp_metadata_remap.c:963	commented	声明或关键实现块已说明目的与调用限制
zr_vm_aot/zr_vm_parser/src/zr_vm_parser/backend_aot/backend_aot_c_zrp_metadata_remap.c	backend_aot_c_zrp_count_retained_method_specs	function	backend_aot_c_prune_method_def_metadata_blob	计算目标 MethodSpec 表行数	与实例化签名保留规则共用方法判定	zr_vm_aot/zr_vm_parser/src/zr_vm_parser/backend_aot/backend_aot_c_zrp_metadata_remap.c:939;zr_vm_aot/zr_vm_parser/src/zr_vm_parser/backend_aot/backend_aot_c_zrp_metadata_prune.c:1126	no-comment	该局部单元由名称、输入和直接调用点限定职责，跨阶段约束已在本行记录
zr_vm_aot/zr_vm_parser/src/zr_vm_parser/backend_aot/backend_aot_c_zrp_metadata_remap.c	backend_aot_c_zrp_remap_generic_param_owner_token	function	backend_aot_c_zrp_copy_generic_params; backend_aot_c_zrp_generic_param_row_is_retained	改写泛型参数的拥有者类型或方法令牌	已裁剪 owner 使参数不可保留	zr_vm_aot/zr_vm_parser/src/zr_vm_parser/backend_aot/backend_aot_c_zrp_metadata_remap.c:985;zr_vm_aot/zr_vm_parser/src/zr_vm_parser/backend_aot/backend_aot_c_zrp_metadata_prune.c:578;zr_vm_aot/zr_vm_parser/src/zr_vm_parser/backend_aot/backend_aot_c_zrp_metadata_remap.c:1052	no-comment	该局部单元由名称、输入和直接调用点限定职责，跨阶段约束已在本行记录
zr_vm_aot/zr_vm_parser/src/zr_vm_parser/backend_aot/backend_aot_c_zrp_metadata_remap.c	backend_aot_c_zrp_generic_param_row_is_retained	function	backend_aot_c_zrp_count_retained_generic_params; backend_aot_c_zrp_compacted_generic_param_index; backend_aot_c_zrp_adjust_generic_param_range; backend_aot_c_zrp_build_string_pool_remap	保留拥有者仍可解析的泛型参数	类型或方法拥有者使用对应保留规则	zr_vm_aot/zr_vm_parser/src/zr_vm_parser/backend_aot/backend_aot_c_zrp_metadata_remap.c:1030;zr_vm_aot/zr_vm_parser/src/zr_vm_parser/backend_aot/backend_aot_c_zrp_metadata_remap.c:1092;zr_vm_aot/zr_vm_parser/src/zr_vm_parser/backend_aot/backend_aot_c_zrp_metadata_remap.c:1171	no-comment	该局部单元由名称、输入和直接调用点限定职责，跨阶段约束已在本行记录
zr_vm_aot/zr_vm_parser/src/zr_vm_parser/backend_aot/backend_aot_c_zrp_metadata_remap.c	backend_aot_c_zrp_count_retained_generic_params	function	backend_aot_c_prune_method_def_metadata_blob; backend_aot_c_zrp_count_retained_generic_params_before	为目标泛型参数表计算行数	与 copy_generic_params 保留规则一致	zr_vm_aot/zr_vm_parser/src/zr_vm_parser/backend_aot/backend_aot_c_zrp_metadata_remap.c:1069;zr_vm_aot/zr_vm_parser/src/zr_vm_parser/backend_aot/backend_aot_c_zrp_metadata_prune.c:1056;zr_vm_aot/zr_vm_parser/src/zr_vm_parser/backend_aot/backend_aot_c_zrp_metadata_remap.c:1133	no-comment	该局部单元由名称、输入和直接调用点限定职责，跨阶段约束已在本行记录
zr_vm_aot/zr_vm_parser/src/zr_vm_parser/backend_aot/backend_aot_c_zrp_metadata_remap.c	backend_aot_c_zrp_count_retained_generic_params_before	function	backend_aot_c_zrp_compacted_generic_param_index; backend_aot_c_zrp_adjust_generic_param_range	算出源参数前缀里保留的条数	供约束和范围索引映射	zr_vm_aot/zr_vm_parser/src/zr_vm_parser/backend_aot/backend_aot_c_zrp_metadata_remap.c:1114;zr_vm_aot/zr_vm_parser/src/zr_vm_parser/backend_aot/backend_aot_c_zrp_metadata_remap.c:1189;zr_vm_aot/zr_vm_parser/src/zr_vm_parser/backend_aot/backend_aot_c_zrp_metadata_remap.c:1397	no-comment	该局部单元由名称、输入和直接调用点限定职责，跨阶段约束已在本行记录
zr_vm_aot/zr_vm_parser/src/zr_vm_parser/backend_aot/backend_aot_c_zrp_metadata_remap.c	backend_aot_c_zrp_compacted_generic_param_index	function	backend_aot_c_zrp_remap_generic_param_constraint_row	把旧泛型参数索引转换成紧凑表索引	只有源参数确实保留才可成功	zr_vm_aot/zr_vm_parser/src/zr_vm_parser/backend_aot/backend_aot_c_zrp_metadata_remap.c:1151;zr_vm_aot/zr_vm_parser/src/zr_vm_parser/backend_aot/backend_aot_c_zrp_metadata_remap.c:1230	no-comment	该局部单元由名称、输入和直接调用点限定职责，跨阶段约束已在本行记录
zr_vm_aot/zr_vm_parser/src/zr_vm_parser/backend_aot/backend_aot_c_zrp_metadata_remap.c	backend_aot_c_zrp_remap_generic_param_constraint_row	function	backend_aot_c_zrp_copy_generic_param_constraints; backend_aot_c_zrp_count_retained_generic_param_constraints; backend_aot_c_zrp_adjust_generic_param_constraint_range; backend_aot_c_zrp_add_retained_generic_param_constraint_signature_blobs; backend_aot_c_zrp_constraint_references_type_def; backend_aot_c_zrp_type_spec_row_is_retained	让约束行指向保留后的泛型参数索引	不在此函数改写约束类型 token	zr_vm_aot/zr_vm_parser/src/zr_vm_parser/backend_aot/backend_aot_c_zrp_metadata_remap.c:1209;zr_vm_aot/zr_vm_parser/src/zr_vm_parser/backend_aot/backend_aot_c_zrp_metadata_prune.c:652;zr_vm_aot/zr_vm_parser/src/zr_vm_parser/backend_aot/backend_aot_c_zrp_metadata_remap.c:1278	no-comment	该局部单元由名称、输入和直接调用点限定职责，跨阶段约束已在本行记录
zr_vm_aot/zr_vm_parser/src/zr_vm_parser/backend_aot/backend_aot_c_zrp_metadata_remap.c	backend_aot_c_zrp_count_retained_generic_param_constraints	function	backend_aot_c_prune_method_def_metadata_blob; backend_aot_c_zrp_count_retained_generic_param_constraints_before	计算仅属于保留参数的约束行数	与 copy_generic_param_constraints 判定一致	zr_vm_aot/zr_vm_parser/src/zr_vm_parser/backend_aot/backend_aot_c_zrp_metadata_remap.c:1253;zr_vm_aot/zr_vm_parser/src/zr_vm_parser/backend_aot/backend_aot_c_zrp_metadata_prune.c:1073;zr_vm_aot/zr_vm_parser/src/zr_vm_parser/backend_aot/backend_aot_c_zrp_metadata_remap.c:1319	no-comment	该局部单元由名称、输入和直接调用点限定职责，跨阶段约束已在本行记录
zr_vm_aot/zr_vm_parser/src/zr_vm_parser/backend_aot/backend_aot_c_zrp_metadata_remap.c	backend_aot_c_zrp_count_retained_generic_param_constraints_before	function	backend_aot_c_zrp_adjust_generic_param_constraint_range	计算约束源前缀的目标偏移	供拥有者范围起点重写	zr_vm_aot/zr_vm_parser/src/zr_vm_parser/backend_aot/backend_aot_c_zrp_metadata_remap.c:1300;zr_vm_aot/zr_vm_parser/src/zr_vm_parser/backend_aot/backend_aot_c_zrp_metadata_remap.c:1489	no-comment	该局部单元由名称、输入和直接调用点限定职责，跨阶段约束已在本行记录
zr_vm_aot/zr_vm_parser/src/zr_vm_parser/backend_aot/backend_aot_c_zrp_metadata_remap.c	backend_aot_c_zrp_adjust_generic_param_range	function	backend_aot_c_zrp_copy_method_defs; backend_aot_c_zrp_copy_type_defs	修正类型或方法行指向的泛型参数连续范围	范围越界时截断；全删时归零	zr_vm_aot/zr_vm_parser/src/zr_vm_parser/backend_aot/backend_aot_c_zrp_metadata_remap.c:1337;zr_vm_aot/zr_vm_parser/src/zr_vm_parser/backend_aot/backend_aot_c_zrp_metadata_prune.c:432;zr_vm_aot/zr_vm_parser/src/zr_vm_parser/backend_aot/backend_aot_c_zrp_metadata_type_def.c:1212	no-comment	该局部单元由名称、输入和直接调用点限定职责，跨阶段约束已在本行记录
zr_vm_aot/zr_vm_parser/src/zr_vm_parser/backend_aot/backend_aot_c_zrp_metadata_remap.c	backend_aot_c_zrp_adjust_generic_param_constraint_range	function	backend_aot_c_zrp_copy_generic_params	修正参数行的约束范围起点和数量	范围必须按保留约束的目标顺序计算	zr_vm_aot/zr_vm_parser/src/zr_vm_parser/backend_aot/backend_aot_c_zrp_metadata_remap.c:1427;zr_vm_aot/zr_vm_parser/src/zr_vm_parser/backend_aot/backend_aot_c_zrp_metadata_prune.c:595	no-comment	该局部单元由名称、输入和直接调用点限定职责，跨阶段约束已在本行记录
zr_vm_aot/zr_vm_parser/src/zr_vm_parser/backend_aot/backend_aot_c_zrp_metadata_remap.c	backend_aot_c_zrp_adjust_type_def_method_range	function	backend_aot_c_zrp_copy_type_defs	修正类型行指向的保留方法连续范围	与 MethodDef 裁剪顺序一致	zr_vm_aot/zr_vm_parser/src/zr_vm_parser/backend_aot/backend_aot_c_zrp_metadata_remap.c:1519;zr_vm_aot/zr_vm_parser/src/zr_vm_parser/backend_aot/backend_aot_c_zrp_metadata_type_def.c:1193	no-comment	该局部单元由名称、输入和直接调用点限定职责，跨阶段约束已在本行记录
zr_vm_aot/zr_vm_parser/src/zr_vm_parser/backend_aot/backend_aot_c_zrp_metadata_sections.c	backend_aot_c_zrp_metadata_section	function	backend_aot_c_zrp_manifest_export_build_published_header; backend_aot_c_zrp_manifest_export_copy_published_sections; backend_aot_c_zrp_build_pruned_header; backend_aot_c_zrp_copy_section_if_needed	按 section kind 取得 header 中的只读描述符	未知枚举或空 header 返回空	zr_vm_aot/zr_vm_parser/src/zr_vm_parser/backend_aot/backend_aot_c_zrp_metadata_sections.c:5;zr_vm_aot/zr_vm_parser/src/zr_vm_parser/backend_aot/backend_aot_c_zrp_metadata_manifest_export.c:229;zr_vm_aot/zr_vm_parser/src/zr_vm_parser/backend_aot/backend_aot_c_zrp_metadata_manifest_export.c:304	commented	声明或关键实现块已说明目的与调用限制
zr_vm_aot/zr_vm_parser/src/zr_vm_parser/backend_aot/backend_aot_c_zrp_metadata_sections.c	backend_aot_c_zrp_metadata_mutable_section	function	backend_aot_c_zrp_manifest_export_build_published_header; backend_aot_c_zrp_build_pruned_header	按 section kind 取得可改写的目标描述符	仅构建 header 的调用链修改	zr_vm_aot/zr_vm_parser/src/zr_vm_parser/backend_aot/backend_aot_c_zrp_metadata_sections.c:44;zr_vm_aot/zr_vm_parser/src/zr_vm_parser/backend_aot/backend_aot_c_zrp_metadata_manifest_export.c:231;zr_vm_aot/zr_vm_parser/src/zr_vm_parser/backend_aot/backend_aot_c_zrp_metadata_prune.c:60	no-comment	该局部单元由名称、输入和直接调用点限定职责，跨阶段约束已在本行记录
zr_vm_aot/zr_vm_parser/src/zr_vm_parser/backend_aot/backend_aot_c_zrp_metadata_sections.c	backend_aot_c_zrp_set_section_layout	function	backend_aot_c_zrp_manifest_export_build_published_header; backend_aot_c_zrp_build_pruned_header	依协议顺序分配目标 section 的 32 位位置	空 section 清零；总长度需由上层验证	zr_vm_aot/zr_vm_parser/src/zr_vm_parser/backend_aot/backend_aot_c_zrp_metadata_sections.c:83;zr_vm_aot/zr_vm_parser/src/zr_vm_parser/backend_aot/backend_aot_c_zrp_metadata_manifest_export.c:259;zr_vm_aot/zr_vm_parser/src/zr_vm_parser/backend_aot/backend_aot_c_zrp_metadata_prune.c:125	TODO	TODO: 32 位 offset 累加没有向调用方报告溢出；用大 section 输入核对所有布局构造路径并考虑显式失败返回。
zr_vm_aot/zr_vm_parser/src/zr_vm_parser/backend_aot/backend_aot_c_zrp_metadata_sections.c	backend_aot_c_zrp_copy_section_if_needed	function	backend_aot_c_zrp_manifest_export_copy_published_sections; backend_aot_c_prune_method_def_metadata_blob	迁移无需语义重写且长度未变的 section	源目标范围应已由视图及 header 校验	zr_vm_aot/zr_vm_parser/src/zr_vm_parser/backend_aot/backend_aot_c_zrp_metadata_sections.c:106;zr_vm_aot/zr_vm_parser/src/zr_vm_parser/backend_aot/backend_aot_c_zrp_metadata_manifest_export.c:296;zr_vm_aot/zr_vm_parser/src/zr_vm_parser/backend_aot/backend_aot_c_zrp_metadata_prune.c:1688	commented	声明或关键实现块已说明目的与调用限制
zr_vm_aot/zr_vm_parser/src/zr_vm_parser/backend_aot/backend_aot_c_zrp_metadata_signature.c	backend_aot_c_zrp_signature_hash_v1	function	backend_aot_c_zrp_recomputed_signature_hash	按稳定协议域计算最终签名字节的哈希	空签名不具有可用哈希	zr_vm_aot/zr_vm_parser/src/zr_vm_parser/backend_aot/backend_aot_c_zrp_metadata_signature.c:32;zr_vm_aot/zr_vm_parser/src/zr_vm_parser/backend_aot/backend_aot_c_zrp_metadata_signature.c:1559	no-comment	该局部单元由名称、输入和直接调用点限定职责，跨阶段约束已在本行记录
zr_vm_aot/zr_vm_parser/src/zr_vm_parser/backend_aot/backend_aot_c_zrp_metadata_signature.c	backend_aot_c_zrp_signature_blob_remap_init	function	backend_aot_c_prune_method_def_metadata_blob	为保留签名准备旧片段到目标池的映射容量	后续由 destroy 释放条目	zr_vm_aot/zr_vm_parser/src/zr_vm_parser/backend_aot/backend_aot_c_zrp_metadata_signature.c:43;zr_vm_aot/zr_vm_parser/src/zr_vm_parser/backend_aot/backend_aot_c_zrp_metadata_prune.c:1150	no-comment	该局部单元由名称、输入和直接调用点限定职责，跨阶段约束已在本行记录
zr_vm_aot/zr_vm_parser/src/zr_vm_parser/backend_aot/backend_aot_c_zrp_metadata_signature.c	backend_aot_c_zrp_signature_blob_remap_destroy	function	backend_aot_c_prune_method_def_metadata_blob	释放裁剪阶段临时签名映射	部分初始化或空映射可安全清理	zr_vm_aot/zr_vm_parser/src/zr_vm_parser/backend_aot/backend_aot_c_zrp_metadata_signature.c:67;zr_vm_aot/zr_vm_parser/src/zr_vm_parser/backend_aot/backend_aot_c_zrp_metadata_prune.c:1177;zr_vm_aot/zr_vm_parser/src/zr_vm_parser/backend_aot/backend_aot_c_zrp_metadata_prune.c:1207	no-comment	该局部单元由名称、输入和直接调用点限定职责，跨阶段约束已在本行记录
zr_vm_aot/zr_vm_parser/src/zr_vm_parser/backend_aot/backend_aot_c_zrp_metadata_signature.c	backend_aot_c_zrp_signature_blob_remap_is_identity	function	backend_aot_c_prune_method_def_metadata_blob	判断签名池能否保持原布局不复制	全部保留片段偏移和总长度均需相同	zr_vm_aot/zr_vm_parser/src/zr_vm_parser/backend_aot/backend_aot_c_zrp_metadata_signature.c:78;zr_vm_aot/zr_vm_parser/src/zr_vm_parser/backend_aot/backend_aot_c_zrp_metadata_prune.c:1287	no-comment	该局部单元由名称、输入和直接调用点限定职责，跨阶段约束已在本行记录
zr_vm_aot/zr_vm_parser/src/zr_vm_parser/backend_aot/backend_aot_c_zrp_metadata_signature.c	backend_aot_c_zrp_signature_blob_range_is_valid	function	backend_aot_c_zrp_signature_blob_remap_add	检查旧签名片段在源池范围内	非空片段不可跨越源池边界	zr_vm_aot/zr_vm_parser/src/zr_vm_parser/backend_aot/backend_aot_c_zrp_metadata_signature.c:91;zr_vm_aot/zr_vm_parser/src/zr_vm_parser/backend_aot/backend_aot_c_zrp_metadata_signature.c:106	no-comment	该局部单元由名称、输入和直接调用点限定职责，跨阶段约束已在本行记录
zr_vm_aot/zr_vm_parser/src/zr_vm_parser/backend_aot/backend_aot_c_zrp_metadata_signature.c	backend_aot_c_zrp_signature_blob_remap_add	function	backend_aot_c_zrp_add_retained_token_record_signature_blobs; backend_aot_c_zrp_add_type_def_signature_blobs; backend_aot_c_zrp_add_retained_method_def_signature_blobs; backend_aot_c_zrp_add_field_def_signature_blobs; backend_aot_c_zrp_add_retained_generic_param_constraint_signature_blobs; backend_aot_c_zrp_add_retained_type_spec_signature_blobs; backend_aot_c_zrp_add_retained_method_spec_signature_blobs	去重保留签名并分配新池位置	容量和目标字节长度都受 32 位约束	zr_vm_aot/zr_vm_parser/src/zr_vm_parser/backend_aot/backend_aot_c_zrp_metadata_signature.c:103;zr_vm_aot/zr_vm_parser/src/zr_vm_parser/backend_aot/backend_aot_c_zrp_metadata_signature.c:447;zr_vm_aot/zr_vm_parser/src/zr_vm_parser/backend_aot/backend_aot_c_zrp_metadata_signature.c:495	no-comment	该局部单元由名称、输入和直接调用点限定职责，跨阶段约束已在本行记录
zr_vm_aot/zr_vm_parser/src/zr_vm_parser/backend_aot/backend_aot_c_zrp_metadata_signature.c	backend_aot_c_zrp_signature_blob_remap_lookup	function	backend_aot_c_zrp_remap_signature_blob_offset	将旧签名片段定位到紧凑池偏移	缺少收集条目表示写表前提未满足	zr_vm_aot/zr_vm_parser/src/zr_vm_parser/backend_aot/backend_aot_c_zrp_metadata_signature.c:132;zr_vm_aot/zr_vm_parser/src/zr_vm_parser/backend_aot/backend_aot_c_zrp_metadata_signature.c:165	no-comment	该局部单元由名称、输入和直接调用点限定职责，跨阶段约束已在本行记录
zr_vm_aot/zr_vm_parser/src/zr_vm_parser/backend_aot/backend_aot_c_zrp_metadata_signature.c	backend_aot_c_zrp_remap_signature_blob_offset	function	backend_aot_c_zrp_copy_token_records; backend_aot_c_zrp_copy_method_defs; backend_aot_c_zrp_copy_field_defs; backend_aot_c_zrp_copy_generic_param_constraints; backend_aot_c_zrp_copy_method_specs; backend_aot_c_zrp_rewrite_retained_method_spec_signature_blobs; backend_aot_c_zrp_copy_type_defs; backend_aot_c_zrp_copy_type_specs	让保留行的签名片段指向新池	必须在签名收集完成后调用	zr_vm_aot/zr_vm_parser/src/zr_vm_parser/backend_aot/backend_aot_c_zrp_metadata_signature.c:157;zr_vm_aot/zr_vm_parser/src/zr_vm_parser/backend_aot/backend_aot_c_zrp_metadata_prune.c:263;zr_vm_aot/zr_vm_parser/src/zr_vm_parser/backend_aot/backend_aot_c_zrp_metadata_prune.c:449	no-comment	该局部单元由名称、输入和直接调用点限定职责，跨阶段约束已在本行记录
zr_vm_aot/zr_vm_parser/src/zr_vm_parser/backend_aot/backend_aot_c_zrp_metadata_signature.c	backend_aot_c_zrp_token_record_is_retained_for_signature_pruning	function	backend_aot_c_zrp_remap_retained_signature_token; backend_aot_c_zrp_add_retained_token_record_signature_blobs	判断记录签名是否随该 token 记录保留	直接间接成员和类型模块引用均要可解析	zr_vm_aot/zr_vm_parser/src/zr_vm_parser/backend_aot/backend_aot_c_zrp_metadata_signature.c:176;zr_vm_aot/zr_vm_parser/src/zr_vm_parser/backend_aot/backend_aot_c_zrp_metadata_signature.c:307;zr_vm_aot/zr_vm_parser/src/zr_vm_parser/backend_aot/backend_aot_c_zrp_metadata_signature.c:426	no-comment	该局部单元由名称、输入和直接调用点限定职责，跨阶段约束已在本行记录
zr_vm_aot/zr_vm_parser/src/zr_vm_parser/backend_aot/backend_aot_c_zrp_metadata_signature.c	backend_aot_c_zrp_token_is_signature	function	backend_aot_c_zrp_remap_retained_signature_token	识别非零 Signature 表令牌	仅此类令牌需要按保留记录顺序改 RID	zr_vm_aot/zr_vm_parser/src/zr_vm_parser/backend_aot/backend_aot_c_zrp_metadata_signature.c:268;zr_vm_aot/zr_vm_parser/src/zr_vm_parser/backend_aot/backend_aot_c_zrp_metadata_signature.c:298;zr_vm_aot/zr_vm_parser/src/zr_vm_parser/backend_aot/backend_aot_c_zrp_metadata_signature.c:326	no-comment	该局部单元由名称、输入和直接调用点限定职责，跨阶段约束已在本行记录
zr_vm_aot/zr_vm_parser/src/zr_vm_parser/backend_aot/backend_aot_c_zrp_metadata_signature.c	backend_aot_c_zrp_remap_retained_signature_token	function	backend_aot_c_zrp_copy_method_specs; backend_aot_c_zrp_remap_retained_signature_tokens_in_record	依据保留 Signature 记录顺序映射其令牌	找不到原签名记录则引用无效	zr_vm_aot/zr_vm_parser/src/zr_vm_parser/backend_aot/backend_aot_c_zrp_metadata_signature.c:273;zr_vm_aot/zr_vm_parser/src/zr_vm_parser/backend_aot/backend_aot_c_zrp_metadata_prune.c:767;zr_vm_aot/zr_vm_parser/src/zr_vm_parser/backend_aot/backend_aot_c_zrp_metadata_signature.c:366	no-comment	该局部单元由名称、输入和直接调用点限定职责，跨阶段约束已在本行记录
zr_vm_aot/zr_vm_parser/src/zr_vm_parser/backend_aot/backend_aot_c_zrp_metadata_signature.c	backend_aot_c_zrp_remap_retained_signature_tokens_in_record	function	backend_aot_c_zrp_copy_token_records	改写 token 记录的全部 Signature 令牌槽	任一失效签名引用使记录不可保留	zr_vm_aot/zr_vm_parser/src/zr_vm_parser/backend_aot/backend_aot_c_zrp_metadata_signature.c:340;zr_vm_aot/zr_vm_parser/src/zr_vm_parser/backend_aot/backend_aot_c_zrp_metadata_prune.c:242	no-comment	该局部单元由名称、输入和直接调用点限定职责，跨阶段约束已在本行记录
zr_vm_aot/zr_vm_parser/src/zr_vm_parser/backend_aot/backend_aot_c_zrp_metadata_signature.c	backend_aot_c_zrp_add_retained_token_record_signature_blobs	function	backend_aot_c_zrp_build_signature_blob_remap	从有效 token 记录收集其签名片段	过滤规则需与最终记录写入一致	zr_vm_aot/zr_vm_parser/src/zr_vm_parser/backend_aot/backend_aot_c_zrp_metadata_signature.c:400;zr_vm_aot/zr_vm_parser/src/zr_vm_parser/backend_aot/backend_aot_c_zrp_metadata_signature.c:750	no-comment	该局部单元由名称、输入和直接调用点限定职责，跨阶段约束已在本行记录
zr_vm_aot/zr_vm_parser/src/zr_vm_parser/backend_aot/backend_aot_c_zrp_metadata_signature.c	backend_aot_c_zrp_add_type_def_signature_blobs	function	backend_aot_c_zrp_build_signature_blob_remap	收集仍保留类型行的签名片段	类型保留依赖根记录方法和约束	zr_vm_aot/zr_vm_parser/src/zr_vm_parser/backend_aot/backend_aot_c_zrp_metadata_signature.c:457;zr_vm_aot/zr_vm_parser/src/zr_vm_parser/backend_aot/backend_aot_c_zrp_metadata_signature.c:769	no-comment	该局部单元由名称、输入和直接调用点限定职责，跨阶段约束已在本行记录
zr_vm_aot/zr_vm_parser/src/zr_vm_parser/backend_aot/backend_aot_c_zrp_metadata_signature.c	backend_aot_c_zrp_add_retained_method_def_signature_blobs	function	backend_aot_c_zrp_build_signature_blob_remap	收集最终 AOT 函数表对应方法签名	移除方法不再占签名池空间	zr_vm_aot/zr_vm_parser/src/zr_vm_parser/backend_aot/backend_aot_c_zrp_metadata_signature.c:505;zr_vm_aot/zr_vm_parser/src/zr_vm_parser/backend_aot/backend_aot_c_zrp_metadata_signature.c:784	no-comment	该局部单元由名称、输入和直接调用点限定职责，跨阶段约束已在本行记录
zr_vm_aot/zr_vm_parser/src/zr_vm_parser/backend_aot/backend_aot_c_zrp_metadata_signature.c	backend_aot_c_zrp_add_field_def_signature_blobs	function	backend_aot_c_zrp_build_signature_blob_remap	收集拥有者类型仍保留字段的签名	字段裁剪与目标 FieldDef 表一致	zr_vm_aot/zr_vm_parser/src/zr_vm_parser/backend_aot/backend_aot_c_zrp_metadata_signature.c:528;zr_vm_aot/zr_vm_parser/src/zr_vm_parser/backend_aot/backend_aot_c_zrp_metadata_signature.c:788	no-comment	该局部单元由名称、输入和直接调用点限定职责，跨阶段约束已在本行记录
zr_vm_aot/zr_vm_parser/src/zr_vm_parser/backend_aot/backend_aot_c_zrp_metadata_signature.c	backend_aot_c_zrp_add_retained_generic_param_constraint_signature_blobs	function	backend_aot_c_zrp_build_signature_blob_remap	收集保留约束使用的签名	约束参数须进入目标泛型参数表	zr_vm_aot/zr_vm_parser/src/zr_vm_parser/backend_aot/backend_aot_c_zrp_metadata_signature.c:576;zr_vm_aot/zr_vm_parser/src/zr_vm_parser/backend_aot/backend_aot_c_zrp_metadata_signature.c:803	no-comment	该局部单元由名称、输入和直接调用点限定职责，跨阶段约束已在本行记录
zr_vm_aot/zr_vm_parser/src/zr_vm_parser/backend_aot/backend_aot_c_zrp_metadata_signature.c	backend_aot_c_zrp_add_retained_type_spec_signature_blobs	function	backend_aot_c_zrp_build_signature_blob_remap	收集仍被引用 TypeSpec 的签名	无根 TypeSpec 不占目标池	zr_vm_aot/zr_vm_parser/src/zr_vm_parser/backend_aot/backend_aot_c_zrp_metadata_signature.c:625;zr_vm_aot/zr_vm_parser/src/zr_vm_parser/backend_aot/backend_aot_c_zrp_metadata_signature.c:818	no-comment	该局部单元由名称、输入和直接调用点限定职责，跨阶段约束已在本行记录
zr_vm_aot/zr_vm_parser/src/zr_vm_parser/backend_aot/backend_aot_c_zrp_metadata_signature.c	backend_aot_c_zrp_add_retained_method_spec_signature_blobs	function	backend_aot_c_zrp_build_signature_blob_remap	收集保留 MethodSpec 的实例化签名	只对目标方法仍存在的实例化生效	zr_vm_aot/zr_vm_parser/src/zr_vm_parser/backend_aot/backend_aot_c_zrp_metadata_signature.c:673;zr_vm_aot/zr_vm_parser/src/zr_vm_parser/backend_aot/backend_aot_c_zrp_metadata_signature.c:835	no-comment	该局部单元由名称、输入和直接调用点限定职责，跨阶段约束已在本行记录
zr_vm_aot/zr_vm_parser/src/zr_vm_parser/backend_aot/backend_aot_c_zrp_metadata_signature.c	backend_aot_c_zrp_build_signature_blob_remap	function	backend_aot_c_prune_method_def_metadata_blob	汇总保留记录及定义的全部签名片段	模块引用扫描和后续原位改写共享此集合	zr_vm_aot/zr_vm_parser/src/zr_vm_parser/backend_aot/backend_aot_c_zrp_metadata_signature.c:724;zr_vm_aot/zr_vm_parser/src/zr_vm_parser/backend_aot/backend_aot_c_zrp_metadata_prune.c:1155	commented	声明或关键实现块已说明目的与调用限制
zr_vm_aot/zr_vm_parser/src/zr_vm_parser/backend_aot/backend_aot_c_zrp_metadata_signature.c	backend_aot_c_zrp_copy_signature_blob_pool	function	backend_aot_c_prune_method_def_metadata_blob	先将保留源片段搬入目标池	调用方保证 remap 和目标布局已验证	zr_vm_aot/zr_vm_parser/src/zr_vm_parser/backend_aot/backend_aot_c_zrp_metadata_signature.c:854;zr_vm_aot/zr_vm_parser/src/zr_vm_parser/backend_aot/backend_aot_c_zrp_metadata_prune.c:1337	no-comment	该局部单元由名称、输入和直接调用点限定职责，跨阶段约束已在本行记录
zr_vm_aot/zr_vm_parser/src/zr_vm_parser/backend_aot/backend_aot_c_zrp_metadata_signature.c	backend_aot_c_zrp_signature_skip_bytes	function	backend_aot_c_zrp_signature_skip_u32; backend_aot_c_zrp_read_u8_from_signature; backend_aot_c_zrp_rewrite_method_signature_type_def_tokens; backend_aot_c_zrp_rewrite_field_signature_type_def_tokens	为签名重写验证游标前进的边界	不可跨越当前签名片段	zr_vm_aot/zr_vm_parser/src/zr_vm_parser/backend_aot/backend_aot_c_zrp_metadata_signature.c:903;zr_vm_aot/zr_vm_parser/src/zr_vm_parser/backend_aot/backend_aot_c_zrp_metadata_signature.c:917;zr_vm_aot/zr_vm_parser/src/zr_vm_parser/backend_aot/backend_aot_c_zrp_metadata_signature.c:927	no-comment	该局部单元由名称、输入和直接调用点限定职责，跨阶段约束已在本行记录
zr_vm_aot/zr_vm_parser/src/zr_vm_parser/backend_aot/backend_aot_c_zrp_metadata_signature.c	backend_aot_c_zrp_signature_skip_u32	function	backend_aot_c_zrp_rewrite_signature_type_node; backend_aot_c_zrp_rewrite_method_signature_type_def_tokens	跳过签名编码中的 32 位字段	为节点解析维持对齐	zr_vm_aot/zr_vm_parser/src/zr_vm_parser/backend_aot/backend_aot_c_zrp_metadata_signature.c:916;zr_vm_aot/zr_vm_parser/src/zr_vm_parser/backend_aot/backend_aot_c_zrp_metadata_signature.c:1142;zr_vm_aot/zr_vm_parser/src/zr_vm_parser/backend_aot/backend_aot_c_zrp_metadata_signature.c:1144	no-comment	该局部单元由名称、输入和直接调用点限定职责，跨阶段约束已在本行记录
zr_vm_aot/zr_vm_parser/src/zr_vm_parser/backend_aot/backend_aot_c_zrp_metadata_signature.c	backend_aot_c_zrp_read_u8_from_signature	function	backend_aot_c_zrp_rewrite_signature_type_node; backend_aot_c_zrp_rewrite_signature_blob_type_def_tokens	取出一个签名节点标签	剩余片段不足即拒绝	zr_vm_aot/zr_vm_parser/src/zr_vm_parser/backend_aot/backend_aot_c_zrp_metadata_signature.c:920;zr_vm_aot/zr_vm_parser/src/zr_vm_parser/backend_aot/backend_aot_c_zrp_metadata_signature.c:1136;zr_vm_aot/zr_vm_parser/src/zr_vm_parser/backend_aot/backend_aot_c_zrp_metadata_signature.c:1344	no-comment	该局部单元由名称、输入和直接调用点限定职责，跨阶段约束已在本行记录
zr_vm_aot/zr_vm_parser/src/zr_vm_parser/backend_aot/backend_aot_c_zrp_metadata_signature.c	backend_aot_c_zrp_read_u32_from_signature	function	backend_aot_c_zrp_rewrite_signature_type_node; backend_aot_c_zrp_rewrite_method_signature_type_def_tokens	取出签名里的令牌计数或偏移	必须在当前签名长度内	zr_vm_aot/zr_vm_parser/src/zr_vm_parser/backend_aot/backend_aot_c_zrp_metadata_signature.c:935;zr_vm_aot/zr_vm_parser/src/zr_vm_parser/backend_aot/backend_aot_c_zrp_metadata_signature.c:1148;zr_vm_aot/zr_vm_parser/src/zr_vm_parser/backend_aot/backend_aot_c_zrp_metadata_signature.c:1162	no-comment	该局部单元由名称、输入和直接调用点限定职责，跨阶段约束已在本行记录
zr_vm_aot/zr_vm_parser/src/zr_vm_parser/backend_aot/backend_aot_c_zrp_metadata_signature.c	backend_aot_c_zrp_write_u32_to_signature	function	backend_aot_c_zrp_rewrite_signature_type_def_token; backend_aot_c_zrp_rewrite_signature_module_ref_token; backend_aot_c_zrp_rewrite_signature_member_ref_token; backend_aot_c_zrp_rewrite_signature_string_offset; backend_aot_c_zrp_rewrite_method_spec_signature_blob	把目标令牌或字符串偏移写回签名字节	只能修改已验证的四字节槽	zr_vm_aot/zr_vm_parser/src/zr_vm_parser/backend_aot/backend_aot_c_zrp_metadata_signature.c:958;zr_vm_aot/zr_vm_parser/src/zr_vm_parser/backend_aot/backend_aot_c_zrp_metadata_signature.c:1026;zr_vm_aot/zr_vm_parser/src/zr_vm_parser/backend_aot/backend_aot_c_zrp_metadata_signature.c:1066	no-comment	该局部单元由名称、输入和直接调用点限定职责，跨阶段约束已在本行记录
zr_vm_aot/zr_vm_parser/src/zr_vm_parser/backend_aot/backend_aot_c_zrp_metadata_signature.c	backend_aot_c_zrp_rewrite_signature_type_node	function	backend_aot_c_zrp_rewrite_signature_type_list; backend_aot_c_zrp_rewrite_signature_type_node; backend_aot_c_zrp_rewrite_method_signature_type_def_tokens; backend_aot_c_zrp_rewrite_field_signature_type_def_tokens; backend_aot_c_zrp_rewrite_signature_blob_type_def_tokens	递归重写复合签名里的类型、成员、模块及字符串引用	实际定义同名；调用方通过上下文共享源表	zr_vm_aot/zr_vm_parser/src/zr_vm_parser/backend_aot/backend_aot_c_zrp_metadata_signature.c:1123;zr_vm_aot/zr_vm_parser/src/zr_vm_parser/backend_aot/backend_aot_c_zrp_metadata_signature.c:988;zr_vm_aot/zr_vm_parser/src/zr_vm_parser/backend_aot/backend_aot_c_zrp_metadata_signature.c:1173	no-comment	该局部单元由名称、输入和直接调用点限定职责，跨阶段约束已在本行记录
zr_vm_aot/zr_vm_parser/src/zr_vm_parser/backend_aot/backend_aot_c_zrp_metadata_signature.c	backend_aot_c_zrp_rewrite_signature_type_list	function	backend_aot_c_zrp_rewrite_signature_type_node	按声明个数重写复合类型子节点	递归深度受协议上限约束	zr_vm_aot/zr_vm_parser/src/zr_vm_parser/backend_aot/backend_aot_c_zrp_metadata_signature.c:980;zr_vm_aot/zr_vm_parser/src/zr_vm_parser/backend_aot/backend_aot_c_zrp_metadata_signature.c:1180;zr_vm_aot/zr_vm_parser/src/zr_vm_parser/backend_aot/backend_aot_c_zrp_metadata_signature.c:1197	no-comment	该局部单元由名称、输入和直接调用点限定职责，跨阶段约束已在本行记录
zr_vm_aot/zr_vm_parser/src/zr_vm_parser/backend_aot/backend_aot_c_zrp_metadata_signature.c	backend_aot_c_zrp_rewrite_signature_type_def_token	function	backend_aot_c_zrp_rewrite_signature_type_node	把签名中的 TypeDef 节点指向紧凑类型表	源类型必须仍存活	zr_vm_aot/zr_vm_parser/src/zr_vm_parser/backend_aot/backend_aot_c_zrp_metadata_signature.c:999;zr_vm_aot/zr_vm_parser/src/zr_vm_parser/backend_aot/backend_aot_c_zrp_metadata_signature.c:1166	no-comment	该局部单元由名称、输入和直接调用点限定职责，跨阶段约束已在本行记录
zr_vm_aot/zr_vm_parser/src/zr_vm_parser/backend_aot/backend_aot_c_zrp_metadata_signature.c	backend_aot_c_zrp_rewrite_signature_module_ref_token	function	backend_aot_c_zrp_rewrite_signature_type_node	把签名中的 AssemblyRef 节点指向紧凑模块表	需使用源签名池及 moduleRef 保留判定	zr_vm_aot/zr_vm_parser/src/zr_vm_parser/backend_aot/backend_aot_c_zrp_metadata_signature.c:1032;zr_vm_aot/zr_vm_parser/src/zr_vm_parser/backend_aot/backend_aot_c_zrp_metadata_signature.c:1256	no-comment	该局部单元由名称、输入和直接调用点限定职责，跨阶段约束已在本行记录
zr_vm_aot/zr_vm_parser/src/zr_vm_parser/backend_aot/backend_aot_c_zrp_metadata_signature.c	backend_aot_c_zrp_rewrite_signature_member_ref_token	function	backend_aot_c_zrp_rewrite_signature_type_node	把签名中的 MemberRef 节点指向保留记录	被裁剪成员不能留在签名中	zr_vm_aot/zr_vm_parser/src/zr_vm_parser/backend_aot/backend_aot_c_zrp_metadata_signature.c:1072;zr_vm_aot/zr_vm_parser/src/zr_vm_parser/backend_aot/backend_aot_c_zrp_metadata_signature.c:1245	no-comment	该局部单元由名称、输入和直接调用点限定职责，跨阶段约束已在本行记录
zr_vm_aot/zr_vm_parser/src/zr_vm_parser/backend_aot/backend_aot_c_zrp_metadata_signature.c	backend_aot_c_zrp_rewrite_signature_string_offset	function	backend_aot_c_zrp_rewrite_signature_type_node	把签名中 TypeRef 或模块名称指向紧凑字符串池	字符串必须先被收集	zr_vm_aot/zr_vm_parser/src/zr_vm_parser/backend_aot/backend_aot_c_zrp_metadata_signature.c:1106;zr_vm_aot/zr_vm_parser/src/zr_vm_parser/backend_aot/backend_aot_c_zrp_metadata_signature.c:1152;zr_vm_aot/zr_vm_parser/src/zr_vm_parser/backend_aot/backend_aot_c_zrp_metadata_signature.c:1219	no-comment	该局部单元由名称、输入和直接调用点限定职责，跨阶段约束已在本行记录
zr_vm_aot/zr_vm_parser/src/zr_vm_parser/backend_aot/backend_aot_c_zrp_metadata_signature.c	backend_aot_c_zrp_rewrite_method_signature_type_def_tokens	function	backend_aot_c_zrp_rewrite_signature_blob_type_def_tokens	重写方法签名返回值和参数的嵌套引用	保留方法签名须符合协议布局	zr_vm_aot/zr_vm_parser/src/zr_vm_parser/backend_aot/backend_aot_c_zrp_metadata_signature.c:1292;zr_vm_aot/zr_vm_parser/src/zr_vm_parser/backend_aot/backend_aot_c_zrp_metadata_signature.c:1350	no-comment	该局部单元由名称、输入和直接调用点限定职责，跨阶段约束已在本行记录
zr_vm_aot/zr_vm_parser/src/zr_vm_parser/backend_aot/backend_aot_c_zrp_metadata_signature.c	backend_aot_c_zrp_rewrite_field_signature_type_def_tokens	function	backend_aot_c_zrp_rewrite_signature_blob_type_def_tokens	重写字段签名类型里的嵌套引用	字段签名须符合协议布局	zr_vm_aot/zr_vm_parser/src/zr_vm_parser/backend_aot/backend_aot_c_zrp_metadata_signature.c:1322;zr_vm_aot/zr_vm_parser/src/zr_vm_parser/backend_aot/backend_aot_c_zrp_metadata_signature.c:1356	no-comment	该局部单元由名称、输入和直接调用点限定职责，跨阶段约束已在本行记录
zr_vm_aot/zr_vm_parser/src/zr_vm_parser/backend_aot/backend_aot_c_zrp_metadata_signature.c	backend_aot_c_zrp_rewrite_signature_blob_type_def_tokens	function	backend_aot_c_zrp_rewrite_retained_signature_type_def_tokens	识别签名根类型并完成整段重写验证	未知根或剩余未消费字节使裁剪失败	zr_vm_aot/zr_vm_parser/src/zr_vm_parser/backend_aot/backend_aot_c_zrp_metadata_signature.c:1331;zr_vm_aot/zr_vm_parser/src/zr_vm_parser/backend_aot/backend_aot_c_zrp_metadata_signature.c:1462	no-comment	该局部单元由名称、输入和直接调用点限定职责，跨阶段约束已在本行记录
zr_vm_aot/zr_vm_parser/src/zr_vm_parser/backend_aot/backend_aot_c_zrp_metadata_signature.c	backend_aot_c_zrp_rewrite_retained_signature_type_def_tokens	function	backend_aot_c_prune_method_def_metadata_blob	在复制后的池中重写所有保留签名的引用	原始签名池仍供旧令牌解析；写表后重算哈希	zr_vm_aot/zr_vm_parser/src/zr_vm_parser/backend_aot/backend_aot_c_zrp_metadata_signature.c:1392;zr_vm_aot/zr_vm_parser/src/zr_vm_parser/backend_aot/backend_aot_c_zrp_metadata_prune.c:1353	commented	声明或关键实现块已说明目的与调用限制
zr_vm_aot/zr_vm_parser/src/zr_vm_parser/backend_aot/backend_aot_c_zrp_metadata_signature.c	backend_aot_c_zrp_rewrite_method_spec_signature_blob	function	backend_aot_c_zrp_rewrite_retained_method_spec_signature_blobs	更新实例化签名中嵌入的目标方法令牌	要求 GenericInst 加 MemberRef 的协议形状	zr_vm_aot/zr_vm_parser/src/zr_vm_parser/backend_aot/backend_aot_c_zrp_metadata_signature.c:1472;zr_vm_aot/zr_vm_parser/src/zr_vm_parser/backend_aot/backend_aot_c_zrp_metadata_signature.c:1538	no-comment	该局部单元由名称、输入和直接调用点限定职责，跨阶段约束已在本行记录
zr_vm_aot/zr_vm_parser/src/zr_vm_parser/backend_aot/backend_aot_c_zrp_metadata_signature.c	backend_aot_c_zrp_rewrite_retained_method_spec_signature_blobs	function	backend_aot_c_prune_method_def_metadata_blob	让保留 MethodSpec 的实例化签名跟随目标方法 RID	在目标行计算签名哈希之前完成	zr_vm_aot/zr_vm_parser/src/zr_vm_parser/backend_aot/backend_aot_c_zrp_metadata_signature.c:1486;zr_vm_aot/zr_vm_parser/src/zr_vm_parser/backend_aot/backend_aot_c_zrp_metadata_prune.c:1383	no-comment	该局部单元由名称、输入和直接调用点限定职责，跨阶段约束已在本行记录
zr_vm_aot/zr_vm_parser/src/zr_vm_parser/backend_aot/backend_aot_c_zrp_metadata_signature.c	backend_aot_c_zrp_recomputed_signature_hash	function	backend_aot_c_zrp_copy_token_records; backend_aot_c_zrp_copy_method_specs; backend_aot_c_zrp_copy_type_specs	从目标池最终字节计算行签名哈希	空或越界片段返回零	zr_vm_aot/zr_vm_parser/src/zr_vm_parser/backend_aot/backend_aot_c_zrp_metadata_signature.c:1548;zr_vm_aot/zr_vm_parser/src/zr_vm_parser/backend_aot/backend_aot_c_zrp_metadata_prune.c:268;zr_vm_aot/zr_vm_parser/src/zr_vm_parser/backend_aot/backend_aot_c_zrp_metadata_prune.c:793	no-comment	该局部单元由名称、输入和直接调用点限定职责，跨阶段约束已在本行记录
zr_vm_aot/zr_vm_parser/src/zr_vm_parser/backend_aot/backend_aot_c_zrp_metadata_size.c	backend_aot_zrp_section_bytes	function	backend_aot_collect_zrp_metadata_size_stats_from_blob	把 section 字节长度提取到诊断统计	空 section 视为零	zr_vm_aot/zr_vm_parser/src/zr_vm_parser/backend_aot/backend_aot_c_zrp_metadata_size.c:7;zr_vm_aot/zr_vm_parser/src/zr_vm_parser/backend_aot/backend_aot_c_zrp_metadata_size.c:44;zr_vm_aot/zr_vm_parser/src/zr_vm_parser/backend_aot/backend_aot_c_zrp_metadata_size.c:45	no-comment	该局部单元由名称、输入和直接调用点限定职责，跨阶段约束已在本行记录
zr_vm_aot/zr_vm_parser/src/zr_vm_parser/backend_aot/backend_aot_c_zrp_metadata_size.c	backend_aot_zrp_section_count	function	backend_aot_collect_zrp_metadata_size_stats_from_blob	把 section 条目数提取到诊断统计	空 section 视为零	zr_vm_aot/zr_vm_parser/src/zr_vm_parser/backend_aot/backend_aot_c_zrp_metadata_size.c:14;zr_vm_aot/zr_vm_parser/src/zr_vm_parser/backend_aot/backend_aot_c_zrp_metadata_size.c:57;zr_vm_aot/zr_vm_parser/src/zr_vm_parser/backend_aot/backend_aot_c_zrp_metadata_size.c:58	no-comment	该局部单元由名称、输入和直接调用点限定职责，跨阶段约束已在本行记录
zr_vm_aot/zr_vm_parser/src/zr_vm_parser/backend_aot/backend_aot_c_zrp_metadata_size.c	backend_aot_collect_zrp_metadata_size_stats	function	backend_aot_c_emitter	采集 options 原始嵌入 blob 的尺寸基线	缺失 options 产生零值快照	zr_vm_aot/zr_vm_parser/src/zr_vm_parser/backend_aot/backend_aot_c_zrp_metadata_size.c:21;zr_vm_aot/zr_vm_parser/src/zr_vm_parser/backend_aot/backend_aot_c_emitter.c:932	no-comment	该局部单元由名称、输入和直接调用点限定职责，跨阶段约束已在本行记录
zr_vm_aot/zr_vm_parser/src/zr_vm_parser/backend_aot/backend_aot_c_zrp_metadata_size.c	backend_aot_collect_zrp_metadata_size_stats_from_blob	function	backend_aot_collect_zrp_metadata_size_stats; backend_aot_c_emitter	采集指定 blob 各定义表和池的尺寸	无效或缺失 blob 清零避免沿用旧结果	zr_vm_aot/zr_vm_parser/src/zr_vm_parser/backend_aot/backend_aot_c_zrp_metadata_size.c:29;zr_vm_aot/zr_vm_parser/src/zr_vm_parser/backend_aot/backend_aot_c_zrp_metadata_size.c:23;zr_vm_aot/zr_vm_parser/src/zr_vm_parser/backend_aot/backend_aot_c_emitter.c:1134	commented	声明或关键实现块已说明目的与调用限制
zr_vm_aot/zr_vm_parser/src/zr_vm_parser/backend_aot/backend_aot_c_zrp_metadata_size.c	backend_aot_write_zrp_metadata_size_stat	function	backend_aot_write_zrp_metadata_size_stats	把单项尺寸嵌入生成 C 文件的可读注释	输出必须保持注释格式而非 C 语句	zr_vm_aot/zr_vm_parser/src/zr_vm_parser/backend_aot/backend_aot_c_zrp_metadata_size.c:84;zr_vm_aot/zr_vm_parser/src/zr_vm_parser/backend_aot/backend_aot_c_zrp_metadata_size.c:95;zr_vm_aot/zr_vm_parser/src/zr_vm_parser/backend_aot/backend_aot_c_zrp_metadata_size.c:96	no-comment	该局部单元由名称、输入和直接调用点限定职责，跨阶段约束已在本行记录
zr_vm_aot/zr_vm_parser/src/zr_vm_parser/backend_aot/backend_aot_c_zrp_metadata_size.c	backend_aot_write_zrp_metadata_size_stats	function	backend_aot_c_emitter	写出原始或最终元数据各 section 的尺寸	file 和 stats 必须有效	zr_vm_aot/zr_vm_parser/src/zr_vm_parser/backend_aot/backend_aot_c_zrp_metadata_size.c:90;zr_vm_aot/zr_vm_parser/src/zr_vm_parser/backend_aot/backend_aot_c_emitter.c:1372	no-comment	该局部单元由名称、输入和直接调用点限定职责，跨阶段约束已在本行记录
zr_vm_aot/zr_vm_parser/src/zr_vm_parser/backend_aot/backend_aot_c_zrp_metadata_size.c	backend_aot_write_code_stripping_zrp_metadata_delta_stat	function	backend_aot_write_code_stripping_zrp_metadata_section_delta_stats; backend_aot_write_code_stripping_zrp_metadata_section_count_delta_stats; backend_aot_write_code_stripping_zrp_metadata_size_deltas	写出单项裁剪前后尺寸差异	使用无符号统计格式	zr_vm_aot/zr_vm_parser/src/zr_vm_parser/backend_aot/backend_aot_c_zrp_metadata_size.c:147;zr_vm_aot/zr_vm_parser/src/zr_vm_parser/backend_aot/backend_aot_c_zrp_metadata_size.c:166;zr_vm_aot/zr_vm_parser/src/zr_vm_parser/backend_aot/backend_aot_c_zrp_metadata_size.c:170	no-comment	该局部单元由名称、输入和直接调用点限定职责，跨阶段约束已在本行记录
zr_vm_aot/zr_vm_parser/src/zr_vm_parser/backend_aot/backend_aot_c_zrp_metadata_size.c	backend_aot_write_code_stripping_zrp_metadata_section_delta_stats	function	backend_aot_write_code_stripping_zrp_metadata_size_deltas	逐 section 输出裁剪的字节变化	两份快照应对应同一次 emitter 运行	zr_vm_aot/zr_vm_parser/src/zr_vm_parser/backend_aot/backend_aot_c_zrp_metadata_size.c:162;zr_vm_aot/zr_vm_parser/src/zr_vm_parser/backend_aot/backend_aot_c_zrp_metadata_size.c:304	no-comment	该局部单元由名称、输入和直接调用点限定职责，跨阶段约束已在本行记录
zr_vm_aot/zr_vm_parser/src/zr_vm_parser/backend_aot/backend_aot_c_zrp_metadata_size.c	backend_aot_write_code_stripping_zrp_metadata_section_count_delta_stats	function	backend_aot_write_code_stripping_zrp_metadata_size_deltas	逐 section 输出裁剪的行数变化	计数与字节数按不同字段汇报	zr_vm_aot/zr_vm_parser/src/zr_vm_parser/backend_aot/backend_aot_c_zrp_metadata_size.c:221;zr_vm_aot/zr_vm_parser/src/zr_vm_parser/backend_aot/backend_aot_c_zrp_metadata_size.c:305	no-comment	该局部单元由名称、输入和直接调用点限定职责，跨阶段约束已在本行记录
zr_vm_aot/zr_vm_parser/src/zr_vm_parser/backend_aot/backend_aot_c_zrp_metadata_size.c	backend_aot_write_code_stripping_zrp_metadata_size_deltas	function	backend_aot_c_emitter	汇总裁剪前后总量及各 section 的变化	仅在请求诊断输出的 emitter 路径使用	zr_vm_aot/zr_vm_parser/src/zr_vm_parser/backend_aot/backend_aot_c_zrp_metadata_size.c:280;zr_vm_aot/zr_vm_parser/src/zr_vm_parser/backend_aot/backend_aot_c_emitter.c:1336	no-comment	该局部单元由名称、输入和直接调用点限定职责，跨阶段约束已在本行记录
zr_vm_aot/zr_vm_parser/src/zr_vm_parser/backend_aot/backend_aot_c_zrp_metadata_string_pool.c	backend_aot_c_zrp_string_pool_remap_init	function	backend_aot_c_prune_method_def_metadata_blob	初始化字符串池旧偏移到新偏移的临时表	构建失败也可由 destroy 清理	zr_vm_aot/zr_vm_parser/src/zr_vm_parser/backend_aot/backend_aot_c_zrp_metadata_string_pool.c:14;zr_vm_aot/zr_vm_parser/src/zr_vm_parser/backend_aot/backend_aot_c_zrp_metadata_prune.c:1236	no-comment	该局部单元由名称、输入和直接调用点限定职责，跨阶段约束已在本行记录
zr_vm_aot/zr_vm_parser/src/zr_vm_parser/backend_aot/backend_aot_c_zrp_metadata_string_pool.c	backend_aot_c_zrp_string_pool_remap_destroy	function	backend_aot_c_prune_method_def_metadata_blob	释放临时字符串映射	不释放原始或目标元数据 blob	zr_vm_aot/zr_vm_parser/src/zr_vm_parser/backend_aot/backend_aot_c_zrp_metadata_string_pool.c:38;zr_vm_aot/zr_vm_parser/src/zr_vm_parser/backend_aot/backend_aot_c_zrp_metadata_prune.c:1270;zr_vm_aot/zr_vm_parser/src/zr_vm_parser/backend_aot/backend_aot_c_zrp_metadata_prune.c:1289	no-comment	该局部单元由名称、输入和直接调用点限定职责，跨阶段约束已在本行记录
zr_vm_aot/zr_vm_parser/src/zr_vm_parser/backend_aot/backend_aot_c_zrp_metadata_string_pool.c	backend_aot_c_zrp_string_pool_remap_is_identity	function	backend_aot_c_prune_method_def_metadata_blob	判断字符串池是否无需搬迁	长度和每个源目标位置都必须相等	zr_vm_aot/zr_vm_parser/src/zr_vm_parser/backend_aot/backend_aot_c_zrp_metadata_string_pool.c:49;zr_vm_aot/zr_vm_parser/src/zr_vm_parser/backend_aot/backend_aot_c_zrp_metadata_prune.c:1288	no-comment	该局部单元由名称、输入和直接调用点限定职责，跨阶段约束已在本行记录
zr_vm_aot/zr_vm_parser/src/zr_vm_parser/backend_aot/backend_aot_c_zrp_metadata_string_pool.c	backend_aot_c_zrp_string_pool_slice_length	function	backend_aot_c_zrp_add_string_offset	找到源字符串在池内的 NUL 结束位置	未终止或偏移越界即拒绝	zr_vm_aot/zr_vm_parser/src/zr_vm_parser/backend_aot/backend_aot_c_zrp_metadata_string_pool.c:62;zr_vm_aot/zr_vm_parser/src/zr_vm_parser/backend_aot/backend_aot_c_zrp_metadata_string_pool.c:168	no-comment	该局部单元由名称、输入和直接调用点限定职责，跨阶段约束已在本行记录
zr_vm_aot/zr_vm_parser/src/zr_vm_parser/backend_aot/backend_aot_c_zrp_metadata_string_pool.c	backend_aot_c_zrp_string_pool_remap_add	function	backend_aot_c_zrp_add_string_offset	去重字符串片段并分配目标池偏移	容量可扩展但新长度不能越过 32 位	zr_vm_aot/zr_vm_parser/src/zr_vm_parser/backend_aot/backend_aot_c_zrp_metadata_string_pool.c:84;zr_vm_aot/zr_vm_parser/src/zr_vm_parser/backend_aot/backend_aot_c_zrp_metadata_string_pool.c:175	no-comment	该局部单元由名称、输入和直接调用点限定职责，跨阶段约束已在本行记录
zr_vm_aot/zr_vm_parser/src/zr_vm_parser/backend_aot/backend_aot_c_zrp_metadata_string_pool.c	backend_aot_c_zrp_add_string_offset	function	backend_aot_c_zrp_add_signature_type_ref_string_offsets_in_node; backend_aot_c_zrp_build_string_pool_remap	从一个元数据字段收集引用的完整字符串	特殊空偏移语义由该入口处理	zr_vm_aot/zr_vm_parser/src/zr_vm_parser/backend_aot/backend_aot_c_zrp_metadata_string_pool.c:159;zr_vm_aot/zr_vm_parser/src/zr_vm_parser/backend_aot/backend_aot_c_zrp_metadata_string_pool.c:299;zr_vm_aot/zr_vm_parser/src/zr_vm_parser/backend_aot/backend_aot_c_zrp_metadata_string_pool.c:365	no-comment	该局部单元由名称、输入和直接调用点限定职责，跨阶段约束已在本行记录
zr_vm_aot/zr_vm_parser/src/zr_vm_parser/backend_aot/backend_aot_c_zrp_metadata_string_pool.c	backend_aot_c_zrp_signature_string_scan_skip_bytes	function	backend_aot_c_zrp_signature_string_scan_skip_u32; backend_aot_c_zrp_signature_string_scan_read_u8; backend_aot_c_zrp_add_method_signature_type_ref_string_offsets; backend_aot_c_zrp_add_field_signature_type_ref_string_offsets	在签名内跳过无字符串的字段	游标不能越过保留片段	zr_vm_aot/zr_vm_parser/src/zr_vm_parser/backend_aot/backend_aot_c_zrp_metadata_string_pool.c:182;zr_vm_aot/zr_vm_parser/src/zr_vm_parser/backend_aot/backend_aot_c_zrp_metadata_string_pool.c:197;zr_vm_aot/zr_vm_parser/src/zr_vm_parser/backend_aot/backend_aot_c_zrp_metadata_string_pool.c:207	no-comment	该局部单元由名称、输入和直接调用点限定职责，跨阶段约束已在本行记录
zr_vm_aot/zr_vm_parser/src/zr_vm_parser/backend_aot/backend_aot_c_zrp_metadata_string_pool.c	backend_aot_c_zrp_signature_string_scan_skip_u32	function	backend_aot_c_zrp_add_signature_type_ref_string_offsets_in_node; backend_aot_c_zrp_add_method_signature_type_ref_string_offsets	扫描签名的 32 位编码字段	供各节点共享边界检查	zr_vm_aot/zr_vm_parser/src/zr_vm_parser/backend_aot/backend_aot_c_zrp_metadata_string_pool.c:195;zr_vm_aot/zr_vm_parser/src/zr_vm_parser/backend_aot/backend_aot_c_zrp_metadata_string_pool.c:292;zr_vm_aot/zr_vm_parser/src/zr_vm_parser/backend_aot/backend_aot_c_zrp_metadata_string_pool.c:294	no-comment	该局部单元由名称、输入和直接调用点限定职责，跨阶段约束已在本行记录
zr_vm_aot/zr_vm_parser/src/zr_vm_parser/backend_aot/backend_aot_c_zrp_metadata_string_pool.c	backend_aot_c_zrp_signature_string_scan_read_u8	function	backend_aot_c_zrp_add_signature_type_ref_string_offsets_in_node; backend_aot_c_zrp_add_signature_blob_type_ref_string_offsets	读取签名节点种类以发现 TypeRef 字符串	片段不足时返回 false	zr_vm_aot/zr_vm_parser/src/zr_vm_parser/backend_aot/backend_aot_c_zrp_metadata_string_pool.c:200;zr_vm_aot/zr_vm_parser/src/zr_vm_parser/backend_aot/backend_aot_c_zrp_metadata_string_pool.c:283;zr_vm_aot/zr_vm_parser/src/zr_vm_parser/backend_aot/backend_aot_c_zrp_metadata_string_pool.c:495	no-comment	该局部单元由名称、输入和直接调用点限定职责，跨阶段约束已在本行记录
zr_vm_aot/zr_vm_parser/src/zr_vm_parser/backend_aot/backend_aot_c_zrp_metadata_string_pool.c	backend_aot_c_zrp_signature_string_scan_read_u32	function	backend_aot_c_zrp_add_signature_type_ref_string_offsets_in_node; backend_aot_c_zrp_add_method_signature_type_ref_string_offsets	读取签名内字符串偏移或节点数	不可跨越签名片段	zr_vm_aot/zr_vm_parser/src/zr_vm_parser/backend_aot/backend_aot_c_zrp_metadata_string_pool.c:215;zr_vm_aot/zr_vm_parser/src/zr_vm_parser/backend_aot/backend_aot_c_zrp_metadata_string_pool.c:295;zr_vm_aot/zr_vm_parser/src/zr_vm_parser/backend_aot/backend_aot_c_zrp_metadata_string_pool.c:316	no-comment	该局部单元由名称、输入和直接调用点限定职责，跨阶段约束已在本行记录
zr_vm_aot/zr_vm_parser/src/zr_vm_parser/backend_aot/backend_aot_c_zrp_metadata_string_pool.c	backend_aot_c_zrp_add_signature_type_ref_string_offsets_in_node	function	backend_aot_c_zrp_add_signature_type_ref_string_offsets_in_list; backend_aot_c_zrp_add_signature_type_ref_string_offsets_in_node; backend_aot_c_zrp_add_method_signature_type_ref_string_offsets; backend_aot_c_zrp_add_field_signature_type_ref_string_offsets; backend_aot_c_zrp_add_signature_blob_type_ref_string_offsets	递归收集 TypeRef Union Module 节点的字符串依赖	未知节点或超深嵌套拒绝裁剪	zr_vm_aot/zr_vm_parser/src/zr_vm_parser/backend_aot/backend_aot_c_zrp_metadata_string_pool.c:270;zr_vm_aot/zr_vm_parser/src/zr_vm_parser/backend_aot/backend_aot_c_zrp_metadata_string_pool.c:257;zr_vm_aot/zr_vm_parser/src/zr_vm_parser/backend_aot/backend_aot_c_zrp_metadata_string_pool.c:308	no-comment	该局部单元由名称、输入和直接调用点限定职责，跨阶段约束已在本行记录
zr_vm_aot/zr_vm_parser/src/zr_vm_parser/backend_aot/backend_aot_c_zrp_metadata_string_pool.c	backend_aot_c_zrp_add_signature_type_ref_string_offsets_in_list	function	backend_aot_c_zrp_add_signature_type_ref_string_offsets_in_node	遍历复合类型子节点的字符串依赖	子节点个数来自已读取签名	zr_vm_aot/zr_vm_parser/src/zr_vm_parser/backend_aot/backend_aot_c_zrp_metadata_string_pool.c:247;zr_vm_aot/zr_vm_parser/src/zr_vm_parser/backend_aot/backend_aot_c_zrp_metadata_string_pool.c:320;zr_vm_aot/zr_vm_parser/src/zr_vm_parser/backend_aot/backend_aot_c_zrp_metadata_string_pool.c:342	no-comment	该局部单元由名称、输入和直接调用点限定职责，跨阶段约束已在本行记录
zr_vm_aot/zr_vm_parser/src/zr_vm_parser/backend_aot/backend_aot_c_zrp_metadata_string_pool.c	backend_aot_c_zrp_add_method_signature_type_ref_string_offsets	function	backend_aot_c_zrp_add_signature_blob_type_ref_string_offsets	收集方法返回值及参数签名中的字符串	只读保留方法签名	zr_vm_aot/zr_vm_parser/src/zr_vm_parser/backend_aot/backend_aot_c_zrp_metadata_string_pool.c:420;zr_vm_aot/zr_vm_parser/src/zr_vm_parser/backend_aot/backend_aot_c_zrp_metadata_string_pool.c:504	no-comment	该局部单元由名称、输入和直接调用点限定职责，跨阶段约束已在本行记录
zr_vm_aot/zr_vm_parser/src/zr_vm_parser/backend_aot/backend_aot_c_zrp_metadata_string_pool.c	backend_aot_c_zrp_add_field_signature_type_ref_string_offsets	function	backend_aot_c_zrp_add_signature_blob_type_ref_string_offsets	收集字段类型签名中的字符串	只读保留字段签名	zr_vm_aot/zr_vm_parser/src/zr_vm_parser/backend_aot/backend_aot_c_zrp_metadata_string_pool.c:460;zr_vm_aot/zr_vm_parser/src/zr_vm_parser/backend_aot/backend_aot_c_zrp_metadata_string_pool.c:512	no-comment	该局部单元由名称、输入和直接调用点限定职责，跨阶段约束已在本行记录
zr_vm_aot/zr_vm_parser/src/zr_vm_parser/backend_aot/backend_aot_c_zrp_metadata_string_pool.c	backend_aot_c_zrp_add_signature_blob_type_ref_string_offsets	function	backend_aot_c_zrp_add_retained_signature_type_ref_string_offsets	按签名根类型扫描其中全部字符串依赖	整段签名须被正确消费	zr_vm_aot/zr_vm_parser/src/zr_vm_parser/backend_aot/backend_aot_c_zrp_metadata_string_pool.c:477;zr_vm_aot/zr_vm_parser/src/zr_vm_parser/backend_aot/backend_aot_c_zrp_metadata_string_pool.c:575	no-comment	该局部单元由名称、输入和直接调用点限定职责，跨阶段约束已在本行记录
zr_vm_aot/zr_vm_parser/src/zr_vm_parser/backend_aot/backend_aot_c_zrp_metadata_string_pool.c	backend_aot_c_zrp_add_retained_signature_type_ref_string_offsets	function	backend_aot_c_zrp_build_string_pool_remap	汇总保留签名池中内嵌的字符串引用	仅遍历 signatureRemap 收集的片段	zr_vm_aot/zr_vm_parser/src/zr_vm_parser/backend_aot/backend_aot_c_zrp_metadata_string_pool.c:550;zr_vm_aot/zr_vm_parser/src/zr_vm_parser/backend_aot/backend_aot_c_zrp_metadata_string_pool.c:817	no-comment	该局部单元由名称、输入和直接调用点限定职责，跨阶段约束已在本行记录
zr_vm_aot/zr_vm_parser/src/zr_vm_parser/backend_aot/backend_aot_c_zrp_metadata_string_pool.c	backend_aot_c_zrp_string_pool_inputs_are_valid	function	backend_aot_c_zrp_build_string_pool_remap	在跨表收集前核对非零行数所需的行指针	避免无效输入被误认为空表	zr_vm_aot/zr_vm_parser/src/zr_vm_parser/backend_aot/backend_aot_c_zrp_metadata_string_pool.c:587;zr_vm_aot/zr_vm_parser/src/zr_vm_parser/backend_aot/backend_aot_c_zrp_metadata_string_pool.c:643	no-comment	该局部单元由名称、输入和直接调用点限定职责，跨阶段约束已在本行记录
zr_vm_aot/zr_vm_parser/src/zr_vm_parser/backend_aot/backend_aot_c_zrp_metadata_string_pool.c	backend_aot_c_zrp_build_string_pool_remap	function	backend_aot_c_prune_method_def_metadata_blob	汇总保留行导出及签名内的字符串片段	和目标表使用相同保留判定	zr_vm_aot/zr_vm_parser/src/zr_vm_parser/backend_aot/backend_aot_c_zrp_metadata_string_pool.c:614;zr_vm_aot/zr_vm_parser/src/zr_vm_parser/backend_aot/backend_aot_c_zrp_metadata_prune.c:1243	commented	声明或关键实现块已说明目的与调用限制
zr_vm_aot/zr_vm_parser/src/zr_vm_parser/backend_aot/backend_aot_c_zrp_metadata_string_pool.c	backend_aot_c_zrp_copy_string_pool	function	backend_aot_c_prune_method_def_metadata_blob	按映射把保留字符串搬入目标池	调用方已建立目标 header	zr_vm_aot/zr_vm_parser/src/zr_vm_parser/backend_aot/backend_aot_c_zrp_metadata_string_pool.c:825;zr_vm_aot/zr_vm_parser/src/zr_vm_parser/backend_aot/backend_aot_c_zrp_metadata_prune.c:1332	no-comment	该局部单元由名称、输入和直接调用点限定职责，跨阶段约束已在本行记录
zr_vm_aot/zr_vm_parser/src/zr_vm_parser/backend_aot/backend_aot_c_zrp_metadata_string_pool.c	backend_aot_c_zrp_remap_string_offset	function	backend_aot_c_zrp_copy_manifest_exports; backend_aot_c_zrp_rewrite_signature_string_offset; backend_aot_c_zrp_remap_type_def_string_offsets; backend_aot_c_zrp_remap_method_def_string_offsets; backend_aot_c_zrp_remap_field_def_string_offsets; backend_aot_c_zrp_remap_generic_param_string_offsets; backend_aot_c_zrp_remap_module_ref_string_offsets	把源字符串偏移映射到目标池	未保留的字符串不可引用	zr_vm_aot/zr_vm_parser/src/zr_vm_parser/backend_aot/backend_aot_c_zrp_metadata_string_pool.c:851;zr_vm_aot/zr_vm_parser/src/zr_vm_parser/backend_aot/backend_aot_c_zrp_metadata_manifest_export.c:491;zr_vm_aot/zr_vm_parser/src/zr_vm_parser/backend_aot/backend_aot_c_zrp_metadata_signature.c:1113	no-comment	该局部单元由名称、输入和直接调用点限定职责，跨阶段约束已在本行记录
zr_vm_aot/zr_vm_parser/src/zr_vm_parser/backend_aot/backend_aot_c_zrp_metadata_string_pool.c	backend_aot_c_zrp_remap_type_def_string_offsets	function	backend_aot_c_zrp_copy_type_defs	更新保留类型行的名称与命名空间	在目标行写入前调用	zr_vm_aot/zr_vm_parser/src/zr_vm_parser/backend_aot/backend_aot_c_zrp_metadata_string_pool.c:870;zr_vm_aot/zr_vm_parser/src/zr_vm_parser/backend_aot/backend_aot_c_zrp_metadata_type_def.c:1228	no-comment	该局部单元由名称、输入和直接调用点限定职责，跨阶段约束已在本行记录
zr_vm_aot/zr_vm_parser/src/zr_vm_parser/backend_aot/backend_aot_c_zrp_metadata_string_pool.c	backend_aot_c_zrp_remap_method_def_string_offsets	function	backend_aot_c_zrp_copy_method_defs	更新保留方法行的名称偏移	目标池已复制	zr_vm_aot/zr_vm_parser/src/zr_vm_parser/backend_aot/backend_aot_c_zrp_metadata_string_pool.c:877;zr_vm_aot/zr_vm_parser/src/zr_vm_parser/backend_aot/backend_aot_c_zrp_metadata_prune.c:448	no-comment	该局部单元由名称、输入和直接调用点限定职责，跨阶段约束已在本行记录
zr_vm_aot/zr_vm_parser/src/zr_vm_parser/backend_aot/backend_aot_c_zrp_metadata_string_pool.c	backend_aot_c_zrp_remap_field_def_string_offsets	function	backend_aot_c_zrp_copy_field_defs	更新保留字段行的名称偏移	目标池已复制	zr_vm_aot/zr_vm_parser/src/zr_vm_parser/backend_aot/backend_aot_c_zrp_metadata_string_pool.c:883;zr_vm_aot/zr_vm_parser/src/zr_vm_parser/backend_aot/backend_aot_c_zrp_metadata_prune.c:537	no-comment	该局部单元由名称、输入和直接调用点限定职责，跨阶段约束已在本行记录
zr_vm_aot/zr_vm_parser/src/zr_vm_parser/backend_aot/backend_aot_c_zrp_metadata_string_pool.c	backend_aot_c_zrp_remap_generic_param_string_offsets	function	backend_aot_c_zrp_copy_generic_params	更新保留泛型参数名称偏移	目标池已复制	zr_vm_aot/zr_vm_parser/src/zr_vm_parser/backend_aot/backend_aot_c_zrp_metadata_string_pool.c:889;zr_vm_aot/zr_vm_parser/src/zr_vm_parser/backend_aot/backend_aot_c_zrp_metadata_prune.c:611	no-comment	该局部单元由名称、输入和直接调用点限定职责，跨阶段约束已在本行记录
zr_vm_aot/zr_vm_parser/src/zr_vm_parser/backend_aot/backend_aot_c_zrp_metadata_string_pool.c	backend_aot_c_zrp_remap_module_ref_string_offsets	function	backend_aot_c_zrp_copy_module_refs	更新保留模块的名称与版本偏移	目标池已复制	zr_vm_aot/zr_vm_parser/src/zr_vm_parser/backend_aot/backend_aot_c_zrp_metadata_string_pool.c:895;zr_vm_aot/zr_vm_parser/src/zr_vm_parser/backend_aot/backend_aot_c_zrp_metadata_prune.c:887	no-comment	该局部单元由名称、输入和直接调用点限定职责，跨阶段约束已在本行记录
zr_vm_aot/zr_vm_parser/src/zr_vm_parser/backend_aot/backend_aot_c_zrp_metadata_type_def.c	backend_aot_c_zrp_token_is_type_def	function	backend_aot_c_zrp_token_is_bound_type_def; backend_aot_c_zrp_token_record_references_type_def; backend_aot_c_zrp_type_def_row_has_retained_root; backend_aot_c_zrp_field_def_row_is_retained; backend_aot_c_zrp_find_type_def_index_for_token; backend_aot_c_zrp_remap_type_def_token	为 TypeDef 行保留、字段保留和引用重写提供共同的表标签判定	仅识别表标签，RID 非零与原行存在由调用者分别校验	zr_vm_aot/zr_vm_parser/src/zr_vm_parser/backend_aot/backend_aot_c_zrp_metadata_type_def.c:10;zr_vm_aot/zr_vm_parser/src/zr_vm_parser/backend_aot/backend_aot_c_zrp_metadata_type_def.c:15;zr_vm_aot/zr_vm_parser/src/zr_vm_parser/backend_aot/backend_aot_c_zrp_metadata_type_def.c:66	no-comment	该局部单元由名称、输入和直接调用点限定职责，跨阶段约束已在本行记录
zr_vm_aot/zr_vm_parser/src/zr_vm_parser/backend_aot/backend_aot_c_zrp_metadata_type_def.c	backend_aot_c_zrp_token_is_bound_type_def	function	backend_aot_c_zrp_type_def_token_remap_append	判定记录里的非零类型绑定	调用方以此区分可保留的显式类型引用	zr_vm_aot/zr_vm_parser/src/zr_vm_parser/backend_aot/backend_aot_c_zrp_metadata_type_def.c:14;zr_vm_aot/zr_vm_parser/src/zr_vm_parser/backend_aot/backend_aot_c_zrp_metadata_type_def.c:741;zr_vm_aot/zr_vm_parser/src/zr_vm_parser/backend_aot/backend_aot_c_zrp_metadata_type_def.c:742	no-comment	该局部单元由名称、输入和直接调用点限定职责，跨阶段约束已在本行记录
zr_vm_aot/zr_vm_parser/src/zr_vm_parser/backend_aot/backend_aot_c_zrp_metadata_type_def.c	backend_aot_c_zrp_type_def_token_is_member_def	function	backend_aot_c_zrp_type_def_find_method_def_index_for_token; backend_aot_c_zrp_type_def_find_field_def_index_for_token; backend_aot_c_zrp_type_def_root_member_token_is_retained	识别 TypeDef 根记录可能引用的成员令牌	只有 MemberDef 才需要方法字段保留检查	zr_vm_aot/zr_vm_parser/src/zr_vm_parser/backend_aot/backend_aot_c_zrp_metadata_type_def.c:18;zr_vm_aot/zr_vm_parser/src/zr_vm_parser/backend_aot/backend_aot_c_zrp_metadata_type_def.c:27;zr_vm_aot/zr_vm_parser/src/zr_vm_parser/backend_aot/backend_aot_c_zrp_metadata_type_def.c:48	no-comment	该局部单元由名称、输入和直接调用点限定职责，跨阶段约束已在本行记录
zr_vm_aot/zr_vm_parser/src/zr_vm_parser/backend_aot/backend_aot_c_zrp_metadata_type_def.c	backend_aot_c_zrp_type_def_find_method_def_index_for_token	function	backend_aot_c_zrp_type_def_root_member_token_is_retained	在方法行内定位根记录引用的旧成员令牌	找不到时继续检查字段行	zr_vm_aot/zr_vm_parser/src/zr_vm_parser/backend_aot/backend_aot_c_zrp_metadata_type_def.c:22;zr_vm_aot/zr_vm_parser/src/zr_vm_parser/backend_aot/backend_aot_c_zrp_metadata_type_def.c:100	no-comment	该局部单元由名称、输入和直接调用点限定职责，跨阶段约束已在本行记录
zr_vm_aot/zr_vm_parser/src/zr_vm_parser/backend_aot/backend_aot_c_zrp_metadata_type_def.c	backend_aot_c_zrp_type_def_find_field_def_index_for_token	function	backend_aot_c_zrp_type_def_root_member_token_is_retained	在字段行内定位根记录引用的旧成员令牌	找不到时不能将类型根判定为有效	zr_vm_aot/zr_vm_parser/src/zr_vm_parser/backend_aot/backend_aot_c_zrp_metadata_type_def.c:43;zr_vm_aot/zr_vm_parser/src/zr_vm_parser/backend_aot/backend_aot_c_zrp_metadata_type_def.c:106	no-comment	该局部单元由名称、输入和直接调用点限定职责，跨阶段约束已在本行记录
zr_vm_aot/zr_vm_parser/src/zr_vm_parser/backend_aot/backend_aot_c_zrp_metadata_type_def.c	backend_aot_c_zrp_token_record_references_type_def	function	backend_aot_c_zrp_retained_token_record_references_type_def	检查 token 记录的多个令牌槽是否指向目标 TypeDef	供类型存活性追踪	zr_vm_aot/zr_vm_parser/src/zr_vm_parser/backend_aot/backend_aot_c_zrp_metadata_type_def.c:64;zr_vm_aot/zr_vm_parser/src/zr_vm_parser/backend_aot/backend_aot_c_zrp_metadata_type_def.c:256	no-comment	该局部单元由名称、输入和直接调用点限定职责，跨阶段约束已在本行记录
zr_vm_aot/zr_vm_parser/src/zr_vm_parser/backend_aot/backend_aot_c_zrp_metadata_type_def.c	backend_aot_c_zrp_type_def_root_member_token_is_retained	function	backend_aot_c_zrp_type_def_root_token_record_member_tokens_are_retained	判断类型根记录中的成员引用是否仍存在	方法由函数表决定；字段跟随拥有者类型	zr_vm_aot/zr_vm_parser/src/zr_vm_parser/backend_aot/backend_aot_c_zrp_metadata_type_def.c:77;zr_vm_aot/zr_vm_parser/src/zr_vm_parser/backend_aot/backend_aot_c_zrp_metadata_type_def.c:152;zr_vm_aot/zr_vm_parser/src/zr_vm_parser/backend_aot/backend_aot_c_zrp_metadata_type_def.c:168	no-comment	该局部单元由名称、输入和直接调用点限定职责，跨阶段约束已在本行记录
zr_vm_aot/zr_vm_parser/src/zr_vm_parser/backend_aot/backend_aot_c_zrp_metadata_type_def.c	backend_aot_c_zrp_type_def_root_token_record_member_tokens_are_retained	function	backend_aot_c_zrp_retained_token_record_references_type_def	过滤带已删成员依赖的类型根记录	避免仅凭类型令牌误保留不可用记录	zr_vm_aot/zr_vm_parser/src/zr_vm_parser/backend_aot/backend_aot_c_zrp_metadata_type_def.c:134;zr_vm_aot/zr_vm_parser/src/zr_vm_parser/backend_aot/backend_aot_c_zrp_metadata_type_def.c:259	no-comment	该局部单元由名称、输入和直接调用点限定职责，跨阶段约束已在本行记录
zr_vm_aot/zr_vm_parser/src/zr_vm_parser/backend_aot/backend_aot_c_zrp_metadata_type_def.c	backend_aot_c_zrp_retained_token_record_references_type_def	function	backend_aot_c_zrp_type_def_row_has_retained_root	从仍有效的 token 记录中查找类型根	需先确认该记录的成员依赖未被裁剪	zr_vm_aot/zr_vm_parser/src/zr_vm_parser/backend_aot/backend_aot_c_zrp_metadata_type_def.c:234;zr_vm_aot/zr_vm_parser/src/zr_vm_parser/backend_aot/backend_aot_c_zrp_metadata_type_def.c:370	no-comment	该局部单元由名称、输入和直接调用点限定职责，跨阶段约束已在本行记录
zr_vm_aot/zr_vm_parser/src/zr_vm_parser/backend_aot/backend_aot_c_zrp_metadata_type_def.c	backend_aot_c_zrp_retained_method_def_references_type_def	function	backend_aot_c_zrp_type_def_row_has_retained_root	从最终函数表的方法所有者保留类型	生成代码仍需描述方法所属类型	zr_vm_aot/zr_vm_parser/src/zr_vm_parser/backend_aot/backend_aot_c_zrp_metadata_type_def.c:283;zr_vm_aot/zr_vm_parser/src/zr_vm_parser/backend_aot/backend_aot_c_zrp_metadata_type_def.c:385	no-comment	该局部单元由名称、输入和直接调用点限定职责，跨阶段约束已在本行记录
zr_vm_aot/zr_vm_parser/src/zr_vm_parser/backend_aot/backend_aot_c_zrp_metadata_type_def.c	backend_aot_c_zrp_constraint_references_type_def	function	backend_aot_c_zrp_type_def_row_has_retained_root	由仍保留的泛型约束保留被引用类型	约束参数本身也必须有效	zr_vm_aot/zr_vm_parser/src/zr_vm_parser/backend_aot/backend_aot_c_zrp_metadata_type_def.c:302;zr_vm_aot/zr_vm_parser/src/zr_vm_parser/backend_aot/backend_aot_c_zrp_metadata_type_def.c:389	no-comment	该局部单元由名称、输入和直接调用点限定职责，跨阶段约束已在本行记录
zr_vm_aot/zr_vm_parser/src/zr_vm_parser/backend_aot/backend_aot_c_zrp_metadata_type_def.c	backend_aot_c_zrp_type_def_row_has_retained_root	function	backend_aot_c_zrp_type_def_row_is_retained	汇总 token 记录方法和约束三类类型根	调用方共用同一保留结果	zr_vm_aot/zr_vm_parser/src/zr_vm_parser/backend_aot/backend_aot_c_zrp_metadata_type_def.c:349;zr_vm_aot/zr_vm_parser/src/zr_vm_parser/backend_aot/backend_aot_c_zrp_metadata_type_def.c:422	commented	声明或关键实现块已说明目的与调用限制
zr_vm_aot/zr_vm_parser/src/zr_vm_parser/backend_aot/backend_aot_c_zrp_metadata_type_def.c	backend_aot_c_zrp_type_def_row_is_retained	function	backend_aot_c_zrp_add_type_def_signature_blobs; backend_aot_c_zrp_build_string_pool_remap; backend_aot_c_zrp_count_retained_type_defs; backend_aot_c_zrp_type_def_token_remap_build; backend_aot_c_zrp_remap_type_def_token; backend_aot_c_zrp_copy_type_defs	将类型根判定暴露给其他表裁剪阶段	字段字符串和签名收集依赖此结果	zr_vm_aot/zr_vm_parser/src/zr_vm_parser/backend_aot/backend_aot_c_zrp_metadata_type_def.c:406;zr_vm_aot/zr_vm_parser/src/zr_vm_parser/backend_aot/backend_aot_c_zrp_metadata_signature.c:478;zr_vm_aot/zr_vm_parser/src/zr_vm_parser/backend_aot/backend_aot_c_zrp_metadata_string_pool.c:667	commented	声明或关键实现块已说明目的与调用限制
zr_vm_aot/zr_vm_parser/src/zr_vm_parser/backend_aot/backend_aot_c_zrp_metadata_type_def.c	backend_aot_c_zrp_count_retained_type_defs	function	backend_aot_c_prune_method_def_metadata_blob; backend_aot_c_zrp_type_def_token_remap_build; backend_aot_c_zrp_count_retained_type_defs_before	预计算压缩 TypeDef 表行数	与 copy_type_defs 的保留判定相同	zr_vm_aot/zr_vm_parser/src/zr_vm_parser/backend_aot/backend_aot_c_zrp_metadata_type_def.c:439;zr_vm_aot/zr_vm_parser/src/zr_vm_parser/backend_aot/backend_aot_c_zrp_metadata_prune.c:1026;zr_vm_aot/zr_vm_parser/src/zr_vm_parser/backend_aot/backend_aot_c_zrp_metadata_type_def.c:796	no-comment	该局部单元由名称、输入和直接调用点限定职责，跨阶段约束已在本行记录
zr_vm_aot/zr_vm_parser/src/zr_vm_parser/backend_aot/backend_aot_c_zrp_metadata_type_def.c	backend_aot_c_zrp_field_def_row_is_retained	function	backend_aot_c_zrp_build_constant_pool_remap; backend_aot_c_zrp_member_token_remap_build; backend_aot_c_zrp_copy_field_defs; backend_aot_c_zrp_remap_retained_member_def_token; backend_aot_c_zrp_add_field_def_signature_blobs; backend_aot_c_zrp_build_string_pool_remap; backend_aot_c_zrp_type_def_root_member_token_is_retained; backend_aot_c_zrp_count_retained_field_defs; backend_aot_c_zrp_adjust_type_def_field_range	字段仅在拥有者 TypeDef 可保留时存活	不能仅凭字段自身 token 判断	zr_vm_aot/zr_vm_parser/src/zr_vm_parser/backend_aot/backend_aot_c_zrp_metadata_type_def.c:483;zr_vm_aot/zr_vm_parser/src/zr_vm_parser/backend_aot/backend_aot_c_zrp_metadata_constant_pool.c:118;zr_vm_aot/zr_vm_parser/src/zr_vm_parser/backend_aot/backend_aot_c_zrp_metadata_member_token.c:209	no-comment	该局部单元由名称、输入和直接调用点限定职责，跨阶段约束已在本行记录
zr_vm_aot/zr_vm_parser/src/zr_vm_parser/backend_aot/backend_aot_c_zrp_metadata_type_def.c	backend_aot_c_zrp_count_retained_field_defs	function	backend_aot_c_zrp_member_token_remap_build; backend_aot_c_prune_method_def_metadata_blob; backend_aot_c_zrp_count_retained_field_defs_before	按拥有者类型的存活性统计字段行数	字段目标 RID 位于保留方法之后	zr_vm_aot/zr_vm_parser/src/zr_vm_parser/backend_aot/backend_aot_c_zrp_metadata_type_def.c:523;zr_vm_aot/zr_vm_parser/src/zr_vm_parser/backend_aot/backend_aot_c_zrp_metadata_member_token.c:157;zr_vm_aot/zr_vm_parser/src/zr_vm_parser/backend_aot/backend_aot_c_zrp_metadata_prune.c:1041	no-comment	该局部单元由名称、输入和直接调用点限定职责，跨阶段约束已在本行记录
zr_vm_aot/zr_vm_parser/src/zr_vm_parser/backend_aot/backend_aot_c_zrp_metadata_type_def.c	backend_aot_c_zrp_count_retained_field_defs_before	function	backend_aot_c_zrp_compacted_retained_field_def_token; backend_aot_c_zrp_adjust_type_def_field_range	计算源字段前缀保留数量	用于连续成员表的字段 RID	zr_vm_aot/zr_vm_parser/src/zr_vm_parser/backend_aot/backend_aot_c_zrp_metadata_type_def.c:567;zr_vm_aot/zr_vm_parser/src/zr_vm_parser/backend_aot/backend_aot_c_zrp_metadata_type_def.c:617;zr_vm_aot/zr_vm_parser/src/zr_vm_parser/backend_aot/backend_aot_c_zrp_metadata_type_def.c:694	no-comment	该局部单元由名称、输入和直接调用点限定职责，跨阶段约束已在本行记录
zr_vm_aot/zr_vm_parser/src/zr_vm_parser/backend_aot/backend_aot_c_zrp_metadata_type_def.c	backend_aot_c_zrp_compacted_retained_field_def_token	function	backend_aot_c_zrp_member_token_remap_build; backend_aot_c_zrp_copy_field_defs; backend_aot_c_zrp_remap_retained_member_def_token	给保留字段生成新的 MemberDef 令牌	偏移依赖保留方法总数	zr_vm_aot/zr_vm_parser/src/zr_vm_parser/backend_aot/backend_aot_c_zrp_metadata_type_def.c:600;zr_vm_aot/zr_vm_parser/src/zr_vm_parser/backend_aot/backend_aot_c_zrp_metadata_member_token.c:231;zr_vm_aot/zr_vm_parser/src/zr_vm_parser/backend_aot/backend_aot_c_zrp_metadata_prune.c:507	no-comment	该局部单元由名称、输入和直接调用点限定职责，跨阶段约束已在本行记录
zr_vm_aot/zr_vm_parser/src/zr_vm_parser/backend_aot/backend_aot_c_zrp_metadata_type_def.c	backend_aot_c_zrp_adjust_type_def_field_range	function	backend_aot_c_zrp_copy_type_defs	修正类型行拥有字段的目标连续区间	字段全被删时索引和数量置零	zr_vm_aot/zr_vm_parser/src/zr_vm_parser/backend_aot/backend_aot_c_zrp_metadata_type_def.c:636;zr_vm_aot/zr_vm_parser/src/zr_vm_parser/backend_aot/backend_aot_c_zrp_metadata_type_def.c:1197	no-comment	该局部单元由名称、输入和直接调用点限定职责，跨阶段约束已在本行记录
zr_vm_aot/zr_vm_parser/src/zr_vm_parser/backend_aot/backend_aot_c_zrp_metadata_type_def.c	backend_aot_c_zrp_type_def_token_remap_destroy	function	backend_aot_c_release_embedded_zrp_metadata; backend_aot_c_zrp_type_def_token_remap_build	释放准备阶段保存的 TypeDef 令牌映射	由 release 统一调用	zr_vm_aot/zr_vm_parser/src/zr_vm_parser/backend_aot/backend_aot_c_zrp_metadata_type_def.c:717;zr_vm_aot/zr_vm_parser/src/zr_vm_parser/backend_aot/backend_aot_c_zrp_metadata_prune.c:1801;zr_vm_aot/zr_vm_parser/src/zr_vm_parser/backend_aot/backend_aot_c_zrp_metadata_type_def.c:784	no-comment	该局部单元由名称、输入和直接调用点限定职责，跨阶段约束已在本行记录
zr_vm_aot/zr_vm_parser/src/zr_vm_parser/backend_aot/backend_aot_c_zrp_metadata_type_def.c	backend_aot_c_zrp_type_def_token_remap_append	function	backend_aot_c_zrp_type_def_token_remap_build	加入唯一旧 TypeDef 到新 TypeDef 的映射	重复源 token 视为元数据不一致	zr_vm_aot/zr_vm_parser/src/zr_vm_parser/backend_aot/backend_aot_c_zrp_metadata_type_def.c:732;zr_vm_aot/zr_vm_parser/src/zr_vm_parser/backend_aot/backend_aot_c_zrp_metadata_type_def.c:845	no-comment	该局部单元由名称、输入和直接调用点限定职责，跨阶段约束已在本行记录
zr_vm_aot/zr_vm_parser/src/zr_vm_parser/backend_aot/backend_aot_c_zrp_metadata_type_def.c	backend_aot_c_zrp_type_def_token_remap_build	function	backend_aot_c_prune_method_def_metadata_blob	为 emitter 导出描述符保留源到目标类型令牌映射	数量须与目标 TypeDef 表一致	zr_vm_aot/zr_vm_parser/src/zr_vm_parser/backend_aot/backend_aot_c_zrp_metadata_type_def.c:758;zr_vm_aot/zr_vm_parser/src/zr_vm_parser/backend_aot/backend_aot_c_zrp_metadata_prune.c:1718	commented	声明或关键实现块已说明目的与调用限制
zr_vm_aot/zr_vm_parser/src/zr_vm_parser/backend_aot/backend_aot_c_zrp_metadata_type_def.c	backend_aot_c_zrp_count_retained_type_defs_before	function	backend_aot_c_zrp_compacted_type_def_token	计算源类型前缀在目标表中的行数	RID 使用排他前缀	zr_vm_aot/zr_vm_parser/src/zr_vm_parser/backend_aot/backend_aot_c_zrp_metadata_type_def.c:881;zr_vm_aot/zr_vm_parser/src/zr_vm_parser/backend_aot/backend_aot_c_zrp_metadata_type_def.c:951	no-comment	该局部单元由名称、输入和直接调用点限定职责，跨阶段约束已在本行记录
zr_vm_aot/zr_vm_parser/src/zr_vm_parser/backend_aot/backend_aot_c_zrp_metadata_type_def.c	backend_aot_c_zrp_find_type_def_index_for_token	function	backend_aot_c_zrp_remap_type_def_token	定位源 TypeDef 令牌对应的类型行	不允许给不存在的类型生成目标 RID	zr_vm_aot/zr_vm_parser/src/zr_vm_parser/backend_aot/backend_aot_c_zrp_metadata_type_def.c:914;zr_vm_aot/zr_vm_parser/src/zr_vm_parser/backend_aot/backend_aot_c_zrp_metadata_type_def.c:994	no-comment	该局部单元由名称、输入和直接调用点限定职责，跨阶段约束已在本行记录
zr_vm_aot/zr_vm_parser/src/zr_vm_parser/backend_aot/backend_aot_c_zrp_metadata_type_def.c	backend_aot_c_zrp_compacted_type_def_token	function	backend_aot_c_zrp_type_def_token_remap_build; backend_aot_c_zrp_remap_type_def_token; backend_aot_c_zrp_copy_type_defs	由保留类型前缀生成新 TypeDef 令牌	调用前已检查源类型存活	zr_vm_aot/zr_vm_parser/src/zr_vm_parser/backend_aot/backend_aot_c_zrp_metadata_type_def.c:934;zr_vm_aot/zr_vm_parser/src/zr_vm_parser/backend_aot/backend_aot_c_zrp_metadata_type_def.c:850;zr_vm_aot/zr_vm_parser/src/zr_vm_parser/backend_aot/backend_aot_c_zrp_metadata_type_def.c:1013	no-comment	该局部单元由名称、输入和直接调用点限定职责，跨阶段约束已在本行记录
zr_vm_aot/zr_vm_parser/src/zr_vm_parser/backend_aot/backend_aot_c_zrp_metadata_type_def.c	backend_aot_c_zrp_remap_type_def_token	function	backend_aot_c_zrp_manifest_export_remap_tokens; backend_aot_c_zrp_copy_method_defs; backend_aot_c_zrp_copy_field_defs; backend_aot_c_zrp_copy_generic_param_constraints; backend_aot_c_zrp_remap_generic_param_owner_token; backend_aot_c_zrp_rewrite_signature_type_def_token; backend_aot_c_zrp_field_def_row_is_retained; backend_aot_c_zrp_remap_type_def_tokens_in_record	将源 TypeDef 引用映射到目标表	非类型令牌原样保留；删除的类型返回 false	zr_vm_aot/zr_vm_parser/src/zr_vm_parser/backend_aot/backend_aot_c_zrp_metadata_type_def.c:970;zr_vm_aot/zr_vm_parser/src/zr_vm_parser/backend_aot/backend_aot_c_zrp_metadata_manifest_export.c:370;zr_vm_aot/zr_vm_parser/src/zr_vm_parser/backend_aot/backend_aot_c_zrp_metadata_prune.c:415	no-comment	该局部单元由名称、输入和直接调用点限定职责，跨阶段约束已在本行记录
zr_vm_aot/zr_vm_parser/src/zr_vm_parser/backend_aot/backend_aot_c_zrp_metadata_type_def.c	backend_aot_c_zrp_remap_type_def_tokens_in_record	function	backend_aot_c_zrp_copy_token_records; backend_aot_c_zrp_count_retained_token_records_for_pruning; backend_aot_c_zrp_token_record_is_retained_for_signature_pruning	同步处理 token 记录各位置的类型令牌	任一所指类型被删除则记录不可保留	zr_vm_aot/zr_vm_parser/src/zr_vm_parser/backend_aot/backend_aot_c_zrp_metadata_type_def.c:1031;zr_vm_aot/zr_vm_parser/src/zr_vm_parser/backend_aot/backend_aot_c_zrp_metadata_prune.c:182;zr_vm_aot/zr_vm_parser/src/zr_vm_parser/backend_aot/backend_aot_c_zrp_metadata_prune.c:321	no-comment	该局部单元由名称、输入和直接调用点限定职责，跨阶段约束已在本行记录
zr_vm_aot/zr_vm_parser/src/zr_vm_parser/backend_aot/backend_aot_c_zrp_metadata_type_def.c	backend_aot_c_zrp_copy_type_defs	function	backend_aot_c_prune_method_def_metadata_blob	写入保留类型并重建字段方法泛型范围	签名字符串和令牌均应使用目标表坐标	zr_vm_aot/zr_vm_parser/src/zr_vm_parser/backend_aot/backend_aot_c_zrp_metadata_type_def.c:1125;zr_vm_aot/zr_vm_parser/src/zr_vm_parser/backend_aot/backend_aot_c_zrp_metadata_prune.c:1441	no-comment	该局部单元由名称、输入和直接调用点限定职责，跨阶段约束已在本行记录
zr_vm_aot/zr_vm_parser/src/zr_vm_parser/backend_aot/backend_aot_c_zrp_metadata_type_spec.c	backend_aot_c_zrp_token_is_type_spec	function	backend_aot_c_zrp_find_type_spec_index_for_token; backend_aot_c_zrp_remap_type_spec_token	识别须映射的 TypeSpec 表令牌	其他令牌不参与本表裁剪	zr_vm_aot/zr_vm_parser/src/zr_vm_parser/backend_aot/backend_aot_c_zrp_metadata_type_spec.c:5;zr_vm_aot/zr_vm_parser/src/zr_vm_parser/backend_aot/backend_aot_c_zrp_metadata_type_spec.c:88;zr_vm_aot/zr_vm_parser/src/zr_vm_parser/backend_aot/backend_aot_c_zrp_metadata_type_spec.c:247	no-comment	该局部单元由名称、输入和直接调用点限定职责，跨阶段约束已在本行记录
zr_vm_aot/zr_vm_parser/src/zr_vm_parser/backend_aot/backend_aot_c_zrp_metadata_type_spec.c	backend_aot_c_zrp_type_spec_row_is_retained	function	backend_aot_c_zrp_add_retained_type_spec_signature_blobs; backend_aot_c_zrp_count_retained_type_specs; backend_aot_c_zrp_remap_type_spec_token; backend_aot_c_zrp_copy_type_specs	由有效 token 记录或约束决定 TypeSpec 存活	没有独立代码根	zr_vm_aot/zr_vm_parser/src/zr_vm_parser/backend_aot/backend_aot_c_zrp_metadata_type_spec.c:9;zr_vm_aot/zr_vm_parser/src/zr_vm_parser/backend_aot/backend_aot_c_zrp_metadata_signature.c:648;zr_vm_aot/zr_vm_parser/src/zr_vm_parser/backend_aot/backend_aot_c_zrp_metadata_type_spec.c:127	commented	声明或关键实现块已说明目的与调用限制
zr_vm_aot/zr_vm_parser/src/zr_vm_parser/backend_aot/backend_aot_c_zrp_metadata_type_spec.c	backend_aot_c_zrp_find_type_spec_index_for_token	function	backend_aot_c_zrp_remap_type_spec_token	将旧 TypeSpec 令牌定位到源表行	找不到时不能生成紧凑令牌	zr_vm_aot/zr_vm_parser/src/zr_vm_parser/backend_aot/backend_aot_c_zrp_metadata_type_spec.c:84;zr_vm_aot/zr_vm_parser/src/zr_vm_parser/backend_aot/backend_aot_c_zrp_metadata_type_spec.c:250	no-comment	该局部单元由名称、输入和直接调用点限定职责，跨阶段约束已在本行记录
zr_vm_aot/zr_vm_parser/src/zr_vm_parser/backend_aot/backend_aot_c_zrp_metadata_type_spec.c	backend_aot_c_zrp_count_retained_type_specs	function	backend_aot_c_prune_method_def_metadata_blob; backend_aot_c_zrp_count_retained_type_specs_before	计算目标 TypeSpec 表行数	与 copy_type_specs 使用同一存活判定	zr_vm_aot/zr_vm_parser/src/zr_vm_parser/backend_aot/backend_aot_c_zrp_metadata_type_spec.c:104;zr_vm_aot/zr_vm_parser/src/zr_vm_parser/backend_aot/backend_aot_c_zrp_metadata_prune.c:1090;zr_vm_aot/zr_vm_parser/src/zr_vm_parser/backend_aot/backend_aot_c_zrp_metadata_type_spec.c:168	no-comment	该局部单元由名称、输入和直接调用点限定职责，跨阶段约束已在本行记录
zr_vm_aot/zr_vm_parser/src/zr_vm_parser/backend_aot/backend_aot_c_zrp_metadata_type_spec.c	backend_aot_c_zrp_count_retained_type_specs_before	function	backend_aot_c_zrp_compacted_type_spec_token	计算源 TypeSpec 前缀中的保留行数	目标 RID 为此前缀加一	zr_vm_aot/zr_vm_parser/src/zr_vm_parser/backend_aot/backend_aot_c_zrp_metadata_type_spec.c:149;zr_vm_aot/zr_vm_parser/src/zr_vm_parser/backend_aot/backend_aot_c_zrp_metadata_type_spec.c:204	no-comment	该局部单元由名称、输入和直接调用点限定职责，跨阶段约束已在本行记录
zr_vm_aot/zr_vm_parser/src/zr_vm_parser/backend_aot/backend_aot_c_zrp_metadata_type_spec.c	backend_aot_c_zrp_compacted_type_spec_token	function	backend_aot_c_zrp_remap_type_spec_token; backend_aot_c_zrp_copy_type_specs	为已保留 TypeSpec 生成目标令牌	旧表顺序决定新 RID	zr_vm_aot/zr_vm_parser/src/zr_vm_parser/backend_aot/backend_aot_c_zrp_metadata_type_spec.c:186;zr_vm_aot/zr_vm_parser/src/zr_vm_parser/backend_aot/backend_aot_c_zrp_metadata_type_spec.c:269;zr_vm_aot/zr_vm_parser/src/zr_vm_parser/backend_aot/backend_aot_c_zrp_metadata_type_spec.c:447	no-comment	该局部单元由名称、输入和直接调用点限定职责，跨阶段约束已在本行记录
zr_vm_aot/zr_vm_parser/src/zr_vm_parser/backend_aot/backend_aot_c_zrp_metadata_type_spec.c	backend_aot_c_zrp_remap_type_spec_token	function	backend_aot_c_zrp_copy_generic_param_constraints; backend_aot_c_zrp_remap_type_spec_tokens_in_record	在记录中改写指向保留 TypeSpec 的令牌	非 TypeSpec 令牌保留原样	zr_vm_aot/zr_vm_parser/src/zr_vm_parser/backend_aot/backend_aot_c_zrp_metadata_type_spec.c:225;zr_vm_aot/zr_vm_parser/src/zr_vm_parser/backend_aot/backend_aot_c_zrp_metadata_prune.c:686;zr_vm_aot/zr_vm_parser/src/zr_vm_parser/backend_aot/backend_aot_c_zrp_metadata_type_spec.c:307	no-comment	该局部单元由名称、输入和直接调用点限定职责，跨阶段约束已在本行记录
zr_vm_aot/zr_vm_parser/src/zr_vm_parser/backend_aot/backend_aot_c_zrp_metadata_type_spec.c	backend_aot_c_zrp_remap_type_spec_tokens_in_record	function	backend_aot_c_zrp_token_record_is_retained_before_module_ref_pruning; backend_aot_c_zrp_copy_token_records; backend_aot_c_zrp_count_retained_token_records_for_pruning; backend_aot_c_zrp_token_record_is_retained_for_signature_pruning	统一改写 token 记录各 TypeSpec 引用槽	任一失效引用使该记录不能复制	zr_vm_aot/zr_vm_parser/src/zr_vm_parser/backend_aot/backend_aot_c_zrp_metadata_type_spec.c:289;zr_vm_aot/zr_vm_parser/src/zr_vm_parser/backend_aot/backend_aot_c_zrp_metadata_module_ref.c:70;zr_vm_aot/zr_vm_parser/src/zr_vm_parser/backend_aot/backend_aot_c_zrp_metadata_prune.c:199	no-comment	该局部单元由名称、输入和直接调用点限定职责，跨阶段约束已在本行记录
zr_vm_aot/zr_vm_parser/src/zr_vm_parser/backend_aot/backend_aot_c_zrp_metadata_type_spec.c	backend_aot_c_zrp_copy_type_specs	function	backend_aot_c_prune_method_def_metadata_blob	把保留 TypeSpec 行写到目标表并重算签名哈希	签名池已复制和重写后才调用	zr_vm_aot/zr_vm_parser/src/zr_vm_parser/backend_aot/backend_aot_c_zrp_metadata_type_spec.c:394;zr_vm_aot/zr_vm_parser/src/zr_vm_parser/backend_aot/backend_aot_c_zrp_metadata_prune.c:1567	no-comment	该局部单元由名称、输入和直接调用点限定职责，跨阶段约束已在本行记录
zr_vm_aot/zr_vm_parser/src/zr_vm_parser/backend_aot/backend_aot_c_zrp_metadata_module_ref.c	CZrAotCZrpModuleRefSignatureScanMaxDepth	macro	signature_type_node_references_module_ref	限制模块引用扫描在畸形深层签名中的递归深度	与签名协议解析边界一致	zr_vm_aot/zr_vm_parser/src/zr_vm_parser/backend_aot/backend_aot_c_zrp_metadata_module_ref.c:7	no-comment	定义紧邻消费函数，局部用途及边界已清晰
zr_vm_aot/zr_vm_parser/src/zr_vm_parser/backend_aot/backend_aot_c_zrp_metadata_signature.c	CZrAotCZrpSignatureHashV1Prefix	state	signature_hash_v1	与 core 元数据签名哈希域保持一致	与签名协议解析边界一致	zr_vm_aot/zr_vm_parser/src/zr_vm_parser/backend_aot/backend_aot_c_zrp_metadata_signature.c:14	commented	定义后注释说明哈希域须与 core 协议一致
zr_vm_aot/zr_vm_parser/src/zr_vm_parser/backend_aot/backend_aot_c_zrp_metadata_signature.c	ZR_AOT_REMAP_RETAINED_SIGNATURE_FIELD	macro	remap_retained_signature_tokens_in_record	统一检查 token 记录的五个 Signature 令牌槽	与签名协议解析边界一致	zr_vm_aot/zr_vm_parser/src/zr_vm_parser/backend_aot/backend_aot_c_zrp_metadata_signature.c:364	no-comment	定义紧邻消费函数，局部用途及边界已清晰
zr_vm_aot/zr_vm_parser/src/zr_vm_parser/backend_aot/backend_aot_c_zrp_metadata_signature.c	SZrAotCZrpSignatureRewriteContext	type	backend_aot_c_zrp_rewrite_retained_signature_type_def_tokens; backend_aot_c_zrp_rewrite_signature_type_node; backend_aot_c_zrp_rewrite_signature_blob_type_def_tokens	把裁剪后表、源签名池和令牌映射组成单次递归重写的只读上下文	所有指针借用 prune 调用期输入；仅在目标签名池原位改写期间有效	zr_vm_aot/zr_vm_parser/src/zr_vm_parser/backend_aot/backend_aot_c_zrp_metadata_signature.c:878;zr_vm_aot/zr_vm_parser/src/zr_vm_parser/backend_aot/backend_aot_c_zrp_metadata_signature.c:1418;zr_vm_aot/zr_vm_parser/src/zr_vm_parser/backend_aot/backend_aot_c_zrp_metadata_signature.c:1334	commented	结构前注释已说明借用关系和有效期
zr_vm_aot/zr_vm_parser/src/zr_vm_parser/backend_aot/backend_aot_c_zrp_metadata_signature.c	CZrAotCZrpSignatureRewriteMaxRecursionDepth	macro	rewrite_signature_type_node	限制原位签名重写在深层嵌套上的栈使用	与签名协议解析边界一致	zr_vm_aot/zr_vm_parser/src/zr_vm_parser/backend_aot/backend_aot_c_zrp_metadata_signature.c:874	no-comment	定义紧邻消费函数，局部用途及边界已清晰
zr_vm_aot/zr_vm_parser/src/zr_vm_parser/backend_aot/backend_aot_c_zrp_metadata_string_pool.c	CZrAotCZrpStringPoolSignatureScanMaxDepth	macro	add_signature_type_ref_string_offsets_in_node	限制字符串依赖扫描的签名递归深度	与签名协议解析边界一致	zr_vm_aot/zr_vm_parser/src/zr_vm_parser/backend_aot/backend_aot_c_zrp_metadata_string_pool.c:12	no-comment	定义紧邻消费函数，局部用途及边界已清晰
zr_vm_aot/zr_vm_parser/src/zr_vm_parser/backend_aot/backend_aot_c_zrp_metadata_sections.c	backend_aot_c_zrp_set_section_layout::offset_accumulation	block	backend_aot_c_zrp_build_pruned_header; backend_aot_c_zrp_manifest_export_build_published_header	为下一个 section 推进目标 blob 偏移	32 位累加尚无显式溢出返回	zr_vm_aot/zr_vm_parser/src/zr_vm_parser/backend_aot/backend_aot_c_zrp_metadata_sections.c:97	TODO	TODO: 确认极限长度输入与目标 header 验证交互，并让布局构造可显式报告溢出
zr_vm_aot/zr_vm_parser/src/zr_vm_parser/backend_aot/backend_aot_c_zrp_metadata_manifest_export.h	backend_aot_c_zrp_manifest_export_row_is_retained	interface	backend_aot_c_zrp_build_string_pool_remap	决定旧导出行是否在裁剪后继续可见	未绑定的合法导出也可保留	zr_vm_aot/zr_vm_parser/src/zr_vm_parser/backend_aot/backend_aot_c_zrp_metadata_manifest_export.h:11;zr_vm_aot/zr_vm_parser/src/zr_vm_parser/backend_aot/backend_aot_c_zrp_metadata_manifest_export.c:412;zr_vm_aot/zr_vm_parser/src/zr_vm_parser/backend_aot/backend_aot_c_zrp_metadata_string_pool.c:792	commented	声明前 Doxygen 已给出调用链或前提
zr_vm_aot/zr_vm_parser/src/zr_vm_parser/backend_aot/backend_aot_c_zrp_metadata_manifest_export.h	backend_aot_c_zrp_copy_manifest_exports	interface	backend_aot_c_prune_method_def_metadata_blob	只复制仍可解析的旧 manifest 导出	写入数量必须等于目标 section count	zr_vm_aot/zr_vm_parser/src/zr_vm_parser/backend_aot/backend_aot_c_zrp_metadata_manifest_export.h:28;zr_vm_aot/zr_vm_parser/src/zr_vm_parser/backend_aot/backend_aot_c_zrp_metadata_manifest_export.c:452;zr_vm_aot/zr_vm_parser/src/zr_vm_parser/backend_aot/backend_aot_c_zrp_metadata_prune.c:1662	no-comment	同名实现和调用点已记录细节，声明仅转发其类型契约
zr_vm_aot/zr_vm_parser/src/zr_vm_parser/backend_aot/backend_aot_c_zrp_metadata_manifest_export.h	backend_aot_c_zrp_publish_manifest_export_declarations	interface	backend_aot_c_prepare_embedded_zrp_metadata	把本次 AOT 声明合入可独立读取的 ZRP blob	完整校验后才替换 metadata 的拥有 blob	zr_vm_aot/zr_vm_parser/src/zr_vm_parser/backend_aot/backend_aot_c_zrp_metadata_manifest_export.h:53;zr_vm_aot/zr_vm_parser/src/zr_vm_parser/backend_aot/backend_aot_c_zrp_metadata_manifest_export.c:514;zr_vm_aot/zr_vm_parser/src/zr_vm_parser/backend_aot/backend_aot_c_zrp_metadata_prune.c:1782	TODO	源实现已标 TODO，接口使用意图需随问题一起核查
zr_vm_aot/zr_vm_parser/src/zr_vm_parser/backend_aot/backend_aot_c_zrp_metadata_constant_pool.h	backend_aot_c_zrp_constant_pool_remap_init	interface	backend_aot_c_prune_method_def_metadata_blob	为保留字段默认值建立压缩池的临时映射容量	成功后无论是否收集片段都由 destroy 释放	zr_vm_aot/zr_vm_parser/src/zr_vm_parser/backend_aot/backend_aot_c_zrp_metadata_constant_pool.h:24;zr_vm_aot/zr_vm_parser/src/zr_vm_parser/backend_aot/backend_aot_c_zrp_metadata_constant_pool.c:8;zr_vm_aot/zr_vm_parser/src/zr_vm_parser/backend_aot/backend_aot_c_zrp_metadata_prune.c:1204	no-comment	同名实现和调用点已记录细节，声明仅转发其类型契约
zr_vm_aot/zr_vm_parser/src/zr_vm_parser/backend_aot/backend_aot_c_zrp_metadata_constant_pool.h	backend_aot_c_zrp_constant_pool_remap_destroy	interface	backend_aot_c_prune_method_def_metadata_blob	结束裁剪阶段对默认值映射的持有	允许空指针和部分初始化状态	zr_vm_aot/zr_vm_parser/src/zr_vm_parser/backend_aot/backend_aot_c_zrp_metadata_constant_pool.h:27;zr_vm_aot/zr_vm_parser/src/zr_vm_parser/backend_aot/backend_aot_c_zrp_metadata_constant_pool.c:32;zr_vm_aot/zr_vm_parser/src/zr_vm_parser/backend_aot/backend_aot_c_zrp_metadata_prune.c:1225;zr_vm_aot/zr_vm_parser/src/zr_vm_parser/backend_aot/backend_aot_c_zrp_metadata_prune.c:1239	no-comment	同名实现和调用点已记录细节，声明仅转发其类型契约
zr_vm_aot/zr_vm_parser/src/zr_vm_parser/backend_aot/backend_aot_c_zrp_metadata_constant_pool.h	backend_aot_c_zrp_constant_pool_remap_is_identity	interface	backend_aot_c_prune_method_def_metadata_blob	判定默认值池是否可直接借用原 blob	须同时比较总字节数和每个保留片段位置	zr_vm_aot/zr_vm_parser/src/zr_vm_parser/backend_aot/backend_aot_c_zrp_metadata_constant_pool.h:28;zr_vm_aot/zr_vm_parser/src/zr_vm_parser/backend_aot/backend_aot_c_zrp_metadata_constant_pool.c:43;zr_vm_aot/zr_vm_parser/src/zr_vm_parser/backend_aot/backend_aot_c_zrp_metadata_prune.c:1286	no-comment	同名实现和调用点已记录细节，声明仅转发其类型契约
zr_vm_aot/zr_vm_parser/src/zr_vm_parser/backend_aot/backend_aot_c_zrp_metadata_constant_pool.h	backend_aot_c_zrp_build_constant_pool_remap	interface	backend_aot_c_prune_method_def_metadata_blob	只收集仍保留字段引用的默认值片段	字段保留规则必须与 copy_field_defs 一致	zr_vm_aot/zr_vm_parser/src/zr_vm_parser/backend_aot/backend_aot_c_zrp_metadata_constant_pool.h:34;zr_vm_aot/zr_vm_parser/src/zr_vm_parser/backend_aot/backend_aot_c_zrp_metadata_constant_pool.c:97;zr_vm_aot/zr_vm_parser/src/zr_vm_parser/backend_aot/backend_aot_c_zrp_metadata_prune.c:1210	commented	声明前 Doxygen 已给出调用链或前提
zr_vm_aot/zr_vm_parser/src/zr_vm_parser/backend_aot/backend_aot_c_zrp_metadata_constant_pool.h	backend_aot_c_zrp_copy_constant_pool	interface	backend_aot_c_prune_method_def_metadata_blob	把已收集的默认值片段写入目标常量池	目标池长度应与 remap 的累计字节数一致	zr_vm_aot/zr_vm_parser/src/zr_vm_parser/backend_aot/backend_aot_c_zrp_metadata_constant_pool.h:50;zr_vm_aot/zr_vm_parser/src/zr_vm_parser/backend_aot/backend_aot_c_zrp_metadata_constant_pool.c:173;zr_vm_aot/zr_vm_parser/src/zr_vm_parser/backend_aot/backend_aot_c_zrp_metadata_prune.c:1342	no-comment	同名实现和调用点已记录细节，声明仅转发其类型契约
zr_vm_aot/zr_vm_parser/src/zr_vm_parser/backend_aot/backend_aot_c_zrp_metadata_constant_pool.h	backend_aot_c_zrp_remap_field_def_default_value_constant_pool_slice	interface	backend_aot_c_zrp_copy_field_defs	让保留字段默认值指向新常量池	字段行应先通过保留判定且 remap 已构建	zr_vm_aot/zr_vm_parser/src/zr_vm_parser/backend_aot/backend_aot_c_zrp_metadata_constant_pool.h:56;zr_vm_aot/zr_vm_parser/src/zr_vm_parser/backend_aot/backend_aot_c_zrp_metadata_constant_pool.c:209;zr_vm_aot/zr_vm_parser/src/zr_vm_parser/backend_aot/backend_aot_c_zrp_metadata_prune.c:541	no-comment	同名实现和调用点已记录细节，声明仅转发其类型契约
zr_vm_aot/zr_vm_parser/src/zr_vm_parser/backend_aot/backend_aot_c_zrp_metadata_module_ref.h	backend_aot_c_zrp_module_ref_row_is_retained	interface	backend_aot_c_zrp_count_retained_module_refs; backend_aot_c_zrp_remap_module_ref_token; backend_aot_c_zrp_copy_module_refs; backend_aot_c_zrp_build_string_pool_remap	由导入根记录或保留签名决定模块行存活	两类依赖都应使用同一函数表裁剪结果	zr_vm_aot/zr_vm_parser/src/zr_vm_parser/backend_aot/backend_aot_c_zrp_metadata_module_ref.h:15;zr_vm_aot/zr_vm_parser/src/zr_vm_parser/backend_aot/backend_aot_c_zrp_metadata_module_ref.c:392;zr_vm_aot/zr_vm_parser/src/zr_vm_parser/backend_aot/backend_aot_c_zrp_metadata_module_ref.c:483;zr_vm_aot/zr_vm_parser/src/zr_vm_parser/backend_aot/backend_aot_c_zrp_metadata_module_ref.c:658	commented	声明前 Doxygen 已给出调用链或前提
zr_vm_aot/zr_vm_parser/src/zr_vm_parser/backend_aot/backend_aot_c_zrp_metadata_module_ref.h	backend_aot_c_zrp_count_retained_module_refs	interface	backend_aot_c_zrp_count_retained_module_refs_before; backend_aot_c_prune_method_def_metadata_blob	为目标模块表计算精确行数	传入源行集合与写表阶段相同	zr_vm_aot/zr_vm_parser/src/zr_vm_parser/backend_aot/backend_aot_c_zrp_metadata_module_ref.h:37;zr_vm_aot/zr_vm_parser/src/zr_vm_parser/backend_aot/backend_aot_c_zrp_metadata_module_ref.c:454;zr_vm_aot/zr_vm_parser/src/zr_vm_parser/backend_aot/backend_aot_c_zrp_metadata_module_ref.c:554;zr_vm_aot/zr_vm_parser/src/zr_vm_parser/backend_aot/backend_aot_c_zrp_metadata_prune.c:1181	no-comment	同名实现和调用点已记录细节，声明仅转发其类型契约
zr_vm_aot/zr_vm_parser/src/zr_vm_parser/backend_aot/backend_aot_c_zrp_metadata_module_ref.h	backend_aot_c_zrp_compacted_module_ref_token	interface	backend_aot_c_zrp_remap_module_ref_token; backend_aot_c_zrp_copy_module_refs	按保留前缀生成目标 AssemblyRef RID	调用前应已确认该行保留	zr_vm_aot/zr_vm_parser/src/zr_vm_parser/backend_aot/backend_aot_c_zrp_metadata_module_ref.h:61;zr_vm_aot/zr_vm_parser/src/zr_vm_parser/backend_aot/backend_aot_c_zrp_metadata_module_ref.c:577;zr_vm_aot/zr_vm_parser/src/zr_vm_parser/backend_aot/backend_aot_c_zrp_metadata_module_ref.c:681;zr_vm_aot/zr_vm_parser/src/zr_vm_parser/backend_aot/backend_aot_c_zrp_metadata_prune.c:865	commented	声明前 Doxygen 已给出调用链或前提
zr_vm_aot/zr_vm_parser/src/zr_vm_parser/backend_aot/backend_aot_c_zrp_metadata_module_ref.h	backend_aot_c_zrp_remap_module_ref_token	interface	backend_aot_c_zrp_remap_module_ref_tokens_in_record; backend_aot_c_zrp_rewrite_signature_module_ref_token	重写被保留模块引用的令牌	非 AssemblyRef 令牌保留原样；失效引用返回 false	zr_vm_aot/zr_vm_parser/src/zr_vm_parser/backend_aot/backend_aot_c_zrp_metadata_module_ref.h:85;zr_vm_aot/zr_vm_parser/src/zr_vm_parser/backend_aot/backend_aot_c_zrp_metadata_module_ref.c:626;zr_vm_aot/zr_vm_parser/src/zr_vm_parser/backend_aot/backend_aot_c_zrp_metadata_module_ref.c:730;zr_vm_aot/zr_vm_parser/src/zr_vm_parser/backend_aot/backend_aot_c_zrp_metadata_module_ref.c:752	no-comment	同名实现和调用点已记录细节，声明仅转发其类型契约
zr_vm_aot/zr_vm_parser/src/zr_vm_parser/backend_aot/backend_aot_c_zrp_metadata_module_ref.h	backend_aot_c_zrp_remap_module_ref_tokens_in_record	interface	backend_aot_c_zrp_copy_token_records; backend_aot_c_zrp_count_retained_token_records_for_pruning; backend_aot_c_zrp_token_record_is_retained_for_signature_pruning	同步改写 token 记录的所有模块令牌槽	任一槽引用失效模块则记录不可复制	zr_vm_aot/zr_vm_parser/src/zr_vm_parser/backend_aot/backend_aot_c_zrp_metadata_module_ref.h:109;zr_vm_aot/zr_vm_parser/src/zr_vm_parser/backend_aot/backend_aot_c_zrp_metadata_module_ref.c:706;zr_vm_aot/zr_vm_parser/src/zr_vm_parser/backend_aot/backend_aot_c_zrp_metadata_prune.c:218;zr_vm_aot/zr_vm_parser/src/zr_vm_parser/backend_aot/backend_aot_c_zrp_metadata_prune.c:353	no-comment	同名实现和调用点已记录细节，声明仅转发其类型契约
zr_vm_aot/zr_vm_parser/src/zr_vm_parser/backend_aot/backend_aot_c_zrp_metadata_member_token.h	backend_aot_c_zrp_member_token_remap_build	interface	backend_aot_c_prune_method_def_metadata_blob; tests/parser/test_aot_c_zrp_metadata_export_token_remap.c	将保留方法和字段令牌转成 emitter 可查的映射	要求提供的保留数量与重新计数一致	zr_vm_aot/zr_vm_parser/src/zr_vm_parser/backend_aot/backend_aot_c_zrp_metadata_member_token.h:12;zr_vm_aot/zr_vm_parser/src/zr_vm_parser/backend_aot/backend_aot_c_zrp_metadata_member_token.c:117;zr_vm_aot/zr_vm_parser/src/zr_vm_parser/backend_aot/backend_aot_c_zrp_metadata_prune.c:1696;tests/parser/test_aot_c_zrp_metadata_export_token_remap.c:218	commented	声明前 Doxygen 已给出调用链或前提
zr_vm_aot/zr_vm_parser/src/zr_vm_parser/backend_aot/backend_aot_c_zrp_metadata_member_token.h	backend_aot_c_zrp_member_token_remap_destroy	interface	backend_aot_c_zrp_member_token_remap_build; backend_aot_c_prune_method_def_metadata_blob; backend_aot_c_release_embedded_zrp_metadata; tests/parser/test_aot_c_zrp_metadata_export_token_remap.c	释放裁剪阶段生成的成员令牌映射	不释放原始方法或字段行	zr_vm_aot/zr_vm_parser/src/zr_vm_parser/backend_aot/backend_aot_c_zrp_metadata_member_token.h:29;zr_vm_aot/zr_vm_parser/src/zr_vm_parser/backend_aot/backend_aot_c_zrp_metadata_member_token.c:63;zr_vm_aot/zr_vm_parser/src/zr_vm_parser/backend_aot/backend_aot_c_zrp_metadata_member_token.c:144;zr_vm_aot/zr_vm_parser/src/zr_vm_parser/backend_aot/backend_aot_c_zrp_metadata_prune.c:1735;tests/parser/test_aot_c_zrp_metadata_export_token_remap.c:248	no-comment	同名实现和调用点已记录细节，声明仅转发其类型契约
zr_vm_aot/zr_vm_parser/src/zr_vm_parser/backend_aot/backend_aot_c_zrp_metadata_member_token.h	backend_aot_c_embedded_zrp_metadata_remap_member_token	interface	backend_aot_c_zrp_manifest_export_build_published_row; backend_aot_c_zrp_manifest_export_table_build; backend_aot_c_method_metadata; tests/parser/test_aot_c_zrp_metadata_export_token_remap.c	在生成描述符时映射仍保留的成员绑定	映射非空时缺项失败；空映射也可能由成员全裁剪产生，原样返回未校验目标行	zr_vm_aot/zr_vm_parser/src/zr_vm_parser/backend_aot/backend_aot_c_zrp_metadata_member_token.h:31;zr_vm_aot/zr_vm_parser/src/zr_vm_parser/backend_aot/backend_aot_c_zrp_metadata_member_token.c:257;zr_vm_aot/zr_vm_parser/src/zr_vm_parser/backend_aot/backend_aot_c_zrp_metadata_member_token.c:382;zr_vm_aot/zr_vm_parser/src/zr_vm_parser/backend_aot/backend_aot_c_zrp_metadata_manifest_export.c:198;tests/parser/test_aot_c_zrp_metadata_export_token_remap.c:237;zr_vm_aot/zr_vm_parser/src/zr_vm_parser/backend_aot/backend_aot_c_zrp_metadata_member_token.c:180;zr_vm_aot/zr_vm_parser/src/zr_vm_parser/backend_aot/backend_aot_c_zrp_metadata_member_token.c:265;zr_vm_cli/src/zr_vm_cli/compiler/compiler_aot_exports.c:95;zr_vm_cli/src/zr_vm_cli/compiler/compiler_aot_exports.c:197	TODO	TODO: 核查 FIELD 导出绑定与成员全裁剪能否同时可达；空映射原样返回须确认目标 MemberDef 仍存在
zr_vm_aot/zr_vm_parser/src/zr_vm_parser/backend_aot/backend_aot_c_zrp_metadata_member_token.h	backend_aot_c_embedded_zrp_metadata_remap_type_def_token	interface	backend_aot_c_zrp_manifest_export_build_published_row; backend_aot_c_zrp_manifest_export_table_build	在生成描述符时映射仍保留的类型绑定	hasTypeDefTokenRemap 控制身份路径与压缩路径	zr_vm_aot/zr_vm_parser/src/zr_vm_parser/backend_aot/backend_aot_c_zrp_metadata_member_token.h:33;zr_vm_aot/zr_vm_parser/src/zr_vm_parser/backend_aot/backend_aot_c_zrp_metadata_member_token.c:284;zr_vm_aot/zr_vm_parser/src/zr_vm_parser/backend_aot/backend_aot_c_zrp_metadata_member_token.c:365;zr_vm_aot/zr_vm_parser/src/zr_vm_parser/backend_aot/backend_aot_c_zrp_metadata_manifest_export.c:188	no-comment	同名实现和调用点已记录细节，声明仅转发其类型契约
zr_vm_aot/zr_vm_parser/src/zr_vm_parser/backend_aot/backend_aot_c_zrp_metadata_member_token.h	backend_aot_c_zrp_manifest_export_table_build	interface	backend_aot_c_emitter; tests/parser/test_aot_c_zrp_metadata_export_token_remap.c	把导出声明转成 AOT 运行时注册表条目	字符串借用声明；映射为空时成员令牌只验证表标签，目标行有效性待核	zr_vm_aot/zr_vm_parser/src/zr_vm_parser/backend_aot/backend_aot_c_zrp_metadata_member_token.h:39;zr_vm_aot/zr_vm_parser/src/zr_vm_parser/backend_aot/backend_aot_c_zrp_metadata_member_token.c:310;zr_vm_aot/zr_vm_parser/src/zr_vm_parser/backend_aot/backend_aot_c_emitter.c:1119;tests/parser/test_aot_c_zrp_metadata_export_token_remap.c:279;zr_vm_aot/zr_vm_parser/src/zr_vm_parser/backend_aot/backend_aot_c_zrp_metadata_member_token.c:265	TODO	TODO: 核对全裁剪空映射时有绑定导出能否进入进程内注册表
zr_vm_aot/zr_vm_parser/src/zr_vm_parser/backend_aot/backend_aot_c_zrp_metadata_member_token.h	backend_aot_c_zrp_manifest_export_table_destroy	interface	backend_aot_c_zrp_manifest_export_table_build; backend_aot_c_release_embedded_zrp_metadata; tests/parser/test_aot_c_zrp_metadata_export_token_remap.c	释放进程内导出描述符数组	target 字符串仍由 options 声明持有	zr_vm_aot/zr_vm_parser/src/zr_vm_parser/backend_aot/backend_aot_c_zrp_metadata_member_token.h:43;zr_vm_aot/zr_vm_parser/src/zr_vm_parser/backend_aot/backend_aot_c_zrp_metadata_member_token.c:77;zr_vm_aot/zr_vm_parser/src/zr_vm_parser/backend_aot/backend_aot_c_zrp_metadata_member_token.c:320;zr_vm_aot/zr_vm_parser/src/zr_vm_parser/backend_aot/backend_aot_c_zrp_metadata_prune.c:1803;tests/parser/test_aot_c_zrp_metadata_export_token_remap.c:306	no-comment	同名实现和调用点已记录细节，声明仅转发其类型契约
zr_vm_aot/zr_vm_parser/src/zr_vm_parser/backend_aot/backend_aot_c_zrp_metadata_prune.h	backend_aot_c_prepare_embedded_zrp_metadata	interface	backend_aot_c_emitter; tests/parser/test_aot_c_zrp_metadata_pruning.c; tests/parser/test_aot_c_zrp_metadata_typespec_pruning.c; tests/parser/test_aot_c_zrp_metadata_pool_pruning.c; tests/parser/test_aot_c_zrp_metadata_typedef_pruning.c; tests/parser/test_aot_c_zrp_metadata_module_ref_pruning.c; tests/parser/test_aot_c_zrp_metadata_methodspec_pruning.c	为 emitter 提供可借用或拥有的元数据视图	导出声明在裁剪之后合并	zr_vm_aot/zr_vm_parser/src/zr_vm_parser/backend_aot/backend_aot_c_zrp_metadata_prune.h:47;zr_vm_aot/zr_vm_parser/src/zr_vm_parser/backend_aot/backend_aot_c_zrp_metadata_prune.c:1751;zr_vm_aot/zr_vm_parser/src/zr_vm_parser/backend_aot/backend_aot_c_emitter.c:1105;tests/parser/test_aot_c_zrp_metadata_module_ref_pruning.c:179	commented	声明前 Doxygen 已给出调用链或前提
zr_vm_aot/zr_vm_parser/src/zr_vm_parser/backend_aot/backend_aot_c_zrp_metadata_prune.h	backend_aot_c_release_embedded_zrp_metadata	interface	backend_aot_c_prepare_embedded_zrp_metadata; backend_aot_c_emitter; tests/parser/test_aot_c_zrp_metadata_pruning.c; tests/parser/test_aot_c_zrp_metadata_typespec_pruning.c; tests/parser/test_aot_c_zrp_metadata_pool_pruning.c; tests/parser/test_aot_c_zrp_metadata_typedef_pruning.c; tests/parser/test_aot_c_zrp_metadata_module_ref_pruning.c; tests/parser/test_aot_c_zrp_metadata_methodspec_pruning.c	结束 emitter 对 blob 映射和导出数组的持有	只释放 owned 字段；借用输入不归本层释放	zr_vm_aot/zr_vm_parser/src/zr_vm_parser/backend_aot/backend_aot_c_zrp_metadata_prune.h:52;zr_vm_aot/zr_vm_parser/src/zr_vm_parser/backend_aot/backend_aot_c_zrp_metadata_prune.c:1793;zr_vm_aot/zr_vm_parser/src/zr_vm_parser/backend_aot/backend_aot_c_zrp_metadata_prune.c:1777;zr_vm_aot/zr_vm_parser/src/zr_vm_parser/backend_aot/backend_aot_c_zrp_metadata_prune.c:1786;tests/parser/test_aot_c_zrp_metadata_module_ref_pruning.c:203	commented	声明前 Doxygen 已给出调用链或前提
zr_vm_aot/zr_vm_parser/src/zr_vm_parser/backend_aot/backend_aot_c_zrp_metadata_publication.h	backend_aot_c_publish_compacted_zrp_metadata	interface	backend_aot_c_emitter	可选地将最终嵌入 blob 发布为独立元数据文件	验证失败或打开后写入失败会删除目标文件；fopen 失败保留旧文件	zr_vm_aot/zr_vm_parser/src/zr_vm_parser/backend_aot/backend_aot_c_zrp_metadata_publication.h:10;zr_vm_aot/zr_vm_parser/src/zr_vm_parser/backend_aot/backend_aot_c_zrp_metadata_publication.c:7;zr_vm_aot/zr_vm_parser/src/zr_vm_parser/backend_aot/backend_aot_c_emitter.c:1620;zr_vm_aot/zr_vm_parser/src/zr_vm_parser/backend_aot/backend_aot_c_zrp_metadata_publication.c:29;zr_vm_aot/zr_vm_parser/src/zr_vm_parser/backend_aot/backend_aot_c_zrp_metadata_publication.c:35	commented	声明前 Doxygen 已给出调用链或前提
zr_vm_aot/zr_vm_parser/src/zr_vm_parser/backend_aot/backend_aot_c_zrp_metadata_remap.h	backend_aot_c_zrp_method_def_row_is_retained	interface	backend_aot_c_zrp_member_token_remap_build; backend_aot_c_zrp_copy_method_defs; backend_aot_c_zrp_count_retained_method_defs; backend_aot_c_zrp_remap_member_def_token; backend_aot_c_zrp_remap_method_def_token; backend_aot_c_zrp_remap_retained_member_def_token; backend_aot_c_zrp_adjust_type_def_method_range; backend_aot_c_zrp_add_retained_method_def_signature_blobs; backend_aot_c_zrp_build_string_pool_remap; backend_aot_c_zrp_type_def_root_member_token_is_retained; backend_aot_c_zrp_retained_method_def_references_type_def	用最终函数表过滤方法定义	供计数、令牌和写表共享	zr_vm_aot/zr_vm_parser/src/zr_vm_parser/backend_aot/backend_aot_c_zrp_metadata_remap.h:9;zr_vm_aot/zr_vm_parser/src/zr_vm_parser/backend_aot/backend_aot_c_zrp_metadata_remap.c:53;zr_vm_aot/zr_vm_parser/src/zr_vm_parser/backend_aot/backend_aot_c_zrp_metadata_member_token.c:191;zr_vm_aot/zr_vm_parser/src/zr_vm_parser/backend_aot/backend_aot_c_zrp_metadata_prune.c:409	commented	声明前 Doxygen 已给出调用链或前提
zr_vm_aot/zr_vm_parser/src/zr_vm_parser/backend_aot/backend_aot_c_zrp_metadata_remap.h	backend_aot_c_zrp_count_retained_method_defs	interface	backend_aot_c_zrp_member_token_remap_build; backend_aot_c_prune_method_def_metadata_blob; backend_aot_c_zrp_count_retained_method_defs_before; backend_aot_c_zrp_retained_method_def_count_matches; tests/parser/test_aot_c_zrp_metadata_export_token_remap.c	计算目标 MethodDef 表容量	应与 copy_method_defs 的保留判定相同	zr_vm_aot/zr_vm_parser/src/zr_vm_parser/backend_aot/backend_aot_c_zrp_metadata_remap.h:11;zr_vm_aot/zr_vm_parser/src/zr_vm_parser/backend_aot/backend_aot_c_zrp_metadata_remap.c:58;zr_vm_aot/zr_vm_parser/src/zr_vm_parser/backend_aot/backend_aot_c_zrp_metadata_member_token.c:152;zr_vm_aot/zr_vm_parser/src/zr_vm_parser/backend_aot/backend_aot_c_zrp_metadata_prune.c:1024;tests/parser/test_aot_c_zrp_metadata_export_token_remap.c:44	no-comment	同名实现和调用点已记录细节，声明仅转发其类型契约
zr_vm_aot/zr_vm_parser/src/zr_vm_parser/backend_aot/backend_aot_c_zrp_metadata_remap.h	backend_aot_c_zrp_compacted_method_def_token	interface	backend_aot_c_zrp_member_token_remap_build; backend_aot_c_zrp_copy_method_defs; backend_aot_c_zrp_remap_member_def_token; backend_aot_c_zrp_remap_method_def_token; backend_aot_c_zrp_remap_retained_member_def_token	依据前方保留方法数产生新 MemberDef 令牌	仅对确实保留的源方法调用	zr_vm_aot/zr_vm_parser/src/zr_vm_parser/backend_aot/backend_aot_c_zrp_metadata_remap.h:14;zr_vm_aot/zr_vm_parser/src/zr_vm_parser/backend_aot/backend_aot_c_zrp_metadata_remap.c:124;zr_vm_aot/zr_vm_parser/src/zr_vm_parser/backend_aot/backend_aot_c_zrp_metadata_member_token.c:199;zr_vm_aot/zr_vm_parser/src/zr_vm_parser/backend_aot/backend_aot_c_zrp_metadata_prune.c:414	no-comment	同名实现和调用点已记录细节，声明仅转发其类型契约
zr_vm_aot/zr_vm_parser/src/zr_vm_parser/backend_aot/backend_aot_c_zrp_metadata_remap.h	backend_aot_c_zrp_compacted_field_def_token	interface	backend_aot_c_zrp_remap_member_def_token	在保留方法之后计算字段的 MemberDef 令牌起点	字段 RID 与方法共享成员表	zr_vm_aot/zr_vm_parser/src/zr_vm_parser/backend_aot/backend_aot_c_zrp_metadata_remap.h:18;zr_vm_aot/zr_vm_parser/src/zr_vm_parser/backend_aot/backend_aot_c_zrp_metadata_remap.c:134;zr_vm_aot/zr_vm_parser/src/zr_vm_parser/backend_aot/backend_aot_c_zrp_metadata_remap.c:171	no-comment	同名实现和调用点已记录细节，声明仅转发其类型契约
zr_vm_aot/zr_vm_parser/src/zr_vm_parser/backend_aot/backend_aot_c_zrp_metadata_remap.h	backend_aot_c_zrp_remap_token_record	interface	backend_aot_c_zrp_count_retained_token_records	改写普通 token 记录中的直接 MemberDef 引用	其他令牌类别保持原值	zr_vm_aot/zr_vm_parser/src/zr_vm_parser/backend_aot/backend_aot_c_zrp_metadata_remap.h:20;zr_vm_aot/zr_vm_parser/src/zr_vm_parser/backend_aot/backend_aot_c_zrp_metadata_remap.c:708;zr_vm_aot/zr_vm_parser/src/zr_vm_parser/backend_aot/backend_aot_c_zrp_metadata_remap.c:881	no-comment	同名实现和调用点已记录细节，声明仅转发其类型契约
zr_vm_aot/zr_vm_parser/src/zr_vm_parser/backend_aot/backend_aot_c_zrp_metadata_remap.h	backend_aot_c_zrp_remap_retained_token_record	interface	backend_aot_c_zrp_token_record_is_retained_before_module_ref_pruning; backend_aot_c_zrp_copy_token_records; backend_aot_c_zrp_count_retained_token_records_for_pruning; backend_aot_c_zrp_token_record_is_retained_for_signature_pruning; backend_aot_c_zrp_rewrite_signature_member_ref_token; backend_aot_c_zrp_type_spec_row_is_retained	过滤并改写直接及间接成员依赖	返回 false 的记录不应进入目标表	zr_vm_aot/zr_vm_parser/src/zr_vm_parser/backend_aot/backend_aot_c_zrp_metadata_remap.h:31;zr_vm_aot/zr_vm_parser/src/zr_vm_parser/backend_aot/backend_aot_c_zrp_metadata_remap.c:753;zr_vm_aot/zr_vm_parser/src/zr_vm_parser/backend_aot/backend_aot_c_zrp_metadata_module_ref.c:55;zr_vm_aot/zr_vm_parser/src/zr_vm_parser/backend_aot/backend_aot_c_zrp_metadata_prune.c:165	commented	声明前 Doxygen 已给出调用链或前提
zr_vm_aot/zr_vm_parser/src/zr_vm_parser/backend_aot/backend_aot_c_zrp_metadata_remap.h	backend_aot_c_zrp_remap_export_member_token	interface	tests/parser/test_aot_c_zrp_metadata_export_token_remap.c	把导出描述符的成员绑定映射到压缩表	在无严格保留上下文时仅处理 MemberDef	zr_vm_aot/zr_vm_parser/src/zr_vm_parser/backend_aot/backend_aot_c_zrp_metadata_remap.h:47;zr_vm_aot/zr_vm_parser/src/zr_vm_parser/backend_aot/backend_aot_c_zrp_metadata_remap.c:639;tests/parser/test_aot_c_zrp_metadata_export_token_remap.c:48	no-comment	同名实现和调用点已记录细节，声明仅转发其类型契约
zr_vm_aot/zr_vm_parser/src/zr_vm_parser/backend_aot/backend_aot_c_zrp_metadata_remap.h	backend_aot_c_zrp_remap_retained_export_member_token	interface	backend_aot_c_zrp_manifest_export_remap_tokens	验证旧 manifest 导出绑定仍存活再改写令牌	字段还要随拥有者类型保留	zr_vm_aot/zr_vm_parser/src/zr_vm_parser/backend_aot/backend_aot_c_zrp_metadata_remap.h:54;zr_vm_aot/zr_vm_parser/src/zr_vm_parser/backend_aot/backend_aot_c_zrp_metadata_remap.c:665;zr_vm_aot/zr_vm_parser/src/zr_vm_parser/backend_aot/backend_aot_c_zrp_metadata_manifest_export.c:392	no-comment	同名实现和调用点已记录细节，声明仅转发其类型契约
zr_vm_aot/zr_vm_parser/src/zr_vm_parser/backend_aot/backend_aot_c_zrp_metadata_remap.h	backend_aot_c_zrp_count_retained_token_records	interface	无生产直接调用	按直接 MemberDef 存活性统计基础记录数量	调用路径不同于完整多表裁剪统计	zr_vm_aot/zr_vm_parser/src/zr_vm_parser/backend_aot/backend_aot_c_zrp_metadata_remap.h:70;zr_vm_aot/zr_vm_parser/src/zr_vm_parser/backend_aot/backend_aot_c_zrp_metadata_remap.c:863	TODO	源实现已标 TODO，接口使用意图需随问题一起核查
zr_vm_aot/zr_vm_parser/src/zr_vm_parser/backend_aot/backend_aot_c_zrp_metadata_remap.h	backend_aot_c_zrp_remap_method_spec_row	interface	backend_aot_c_zrp_copy_method_specs; backend_aot_c_zrp_count_retained_method_specs; backend_aot_c_zrp_add_retained_method_spec_signature_blobs; backend_aot_c_zrp_rewrite_retained_method_spec_signature_blobs	保留目标方法仍可用的 MethodSpec 并改其令牌	实例化签名池在后续阶段更新	zr_vm_aot/zr_vm_parser/src/zr_vm_parser/backend_aot/backend_aot_c_zrp_metadata_remap.h:79;zr_vm_aot/zr_vm_parser/src/zr_vm_parser/backend_aot/backend_aot_c_zrp_metadata_remap.c:895;zr_vm_aot/zr_vm_parser/src/zr_vm_parser/backend_aot/backend_aot_c_zrp_metadata_prune.c:750;zr_vm_aot/zr_vm_parser/src/zr_vm_parser/backend_aot/backend_aot_c_zrp_metadata_remap.c:963	commented	声明前 Doxygen 已给出调用链或前提
zr_vm_aot/zr_vm_parser/src/zr_vm_parser/backend_aot/backend_aot_c_zrp_metadata_remap.h	backend_aot_c_zrp_count_retained_method_specs	interface	backend_aot_c_prune_method_def_metadata_blob	计算目标 MethodSpec 表行数	与实例化签名保留规则共用方法判定	zr_vm_aot/zr_vm_parser/src/zr_vm_parser/backend_aot/backend_aot_c_zrp_metadata_remap.h:94;zr_vm_aot/zr_vm_parser/src/zr_vm_parser/backend_aot/backend_aot_c_zrp_metadata_remap.c:939;zr_vm_aot/zr_vm_parser/src/zr_vm_parser/backend_aot/backend_aot_c_zrp_metadata_prune.c:1126	no-comment	同名实现和调用点已记录细节，声明仅转发其类型契约
zr_vm_aot/zr_vm_parser/src/zr_vm_parser/backend_aot/backend_aot_c_zrp_metadata_remap.h	backend_aot_c_zrp_remap_generic_param_owner_token	interface	backend_aot_c_zrp_copy_generic_params; backend_aot_c_zrp_generic_param_row_is_retained	改写泛型参数的拥有者类型或方法令牌	已裁剪 owner 使参数不可保留	zr_vm_aot/zr_vm_parser/src/zr_vm_parser/backend_aot/backend_aot_c_zrp_metadata_remap.h:110;zr_vm_aot/zr_vm_parser/src/zr_vm_parser/backend_aot/backend_aot_c_zrp_metadata_remap.c:985;zr_vm_aot/zr_vm_parser/src/zr_vm_parser/backend_aot/backend_aot_c_zrp_metadata_prune.c:578;zr_vm_aot/zr_vm_parser/src/zr_vm_parser/backend_aot/backend_aot_c_zrp_metadata_remap.c:1052	no-comment	同名实现和调用点已记录细节，声明仅转发其类型契约
zr_vm_aot/zr_vm_parser/src/zr_vm_parser/backend_aot/backend_aot_c_zrp_metadata_remap.h	backend_aot_c_zrp_generic_param_row_is_retained	interface	backend_aot_c_zrp_count_retained_generic_params; backend_aot_c_zrp_compacted_generic_param_index; backend_aot_c_zrp_adjust_generic_param_range; backend_aot_c_zrp_build_string_pool_remap	保留拥有者仍可解析的泛型参数	类型或方法拥有者使用对应保留规则	zr_vm_aot/zr_vm_parser/src/zr_vm_parser/backend_aot/backend_aot_c_zrp_metadata_remap.h:125;zr_vm_aot/zr_vm_parser/src/zr_vm_parser/backend_aot/backend_aot_c_zrp_metadata_remap.c:1030;zr_vm_aot/zr_vm_parser/src/zr_vm_parser/backend_aot/backend_aot_c_zrp_metadata_remap.c:1092;zr_vm_aot/zr_vm_parser/src/zr_vm_parser/backend_aot/backend_aot_c_zrp_metadata_remap.c:1171	no-comment	同名实现和调用点已记录细节，声明仅转发其类型契约
zr_vm_aot/zr_vm_parser/src/zr_vm_parser/backend_aot/backend_aot_c_zrp_metadata_remap.h	backend_aot_c_zrp_count_retained_generic_params	interface	backend_aot_c_prune_method_def_metadata_blob; backend_aot_c_zrp_count_retained_generic_params_before	为目标泛型参数表计算行数	与 copy_generic_params 保留规则一致	zr_vm_aot/zr_vm_parser/src/zr_vm_parser/backend_aot/backend_aot_c_zrp_metadata_remap.h:140;zr_vm_aot/zr_vm_parser/src/zr_vm_parser/backend_aot/backend_aot_c_zrp_metadata_remap.c:1069;zr_vm_aot/zr_vm_parser/src/zr_vm_parser/backend_aot/backend_aot_c_zrp_metadata_prune.c:1056;zr_vm_aot/zr_vm_parser/src/zr_vm_parser/backend_aot/backend_aot_c_zrp_metadata_remap.c:1133	no-comment	同名实现和调用点已记录细节，声明仅转发其类型契约
zr_vm_aot/zr_vm_parser/src/zr_vm_parser/backend_aot/backend_aot_c_zrp_metadata_remap.h	backend_aot_c_zrp_remap_generic_param_constraint_row	interface	backend_aot_c_zrp_copy_generic_param_constraints; backend_aot_c_zrp_count_retained_generic_param_constraints; backend_aot_c_zrp_adjust_generic_param_constraint_range; backend_aot_c_zrp_add_retained_generic_param_constraint_signature_blobs; backend_aot_c_zrp_constraint_references_type_def; backend_aot_c_zrp_type_spec_row_is_retained	让约束行指向保留后的泛型参数索引	不在此函数改写约束类型 token	zr_vm_aot/zr_vm_parser/src/zr_vm_parser/backend_aot/backend_aot_c_zrp_metadata_remap.h:156;zr_vm_aot/zr_vm_parser/src/zr_vm_parser/backend_aot/backend_aot_c_zrp_metadata_remap.c:1209;zr_vm_aot/zr_vm_parser/src/zr_vm_parser/backend_aot/backend_aot_c_zrp_metadata_prune.c:652;zr_vm_aot/zr_vm_parser/src/zr_vm_parser/backend_aot/backend_aot_c_zrp_metadata_remap.c:1278	no-comment	同名实现和调用点已记录细节，声明仅转发其类型契约
zr_vm_aot/zr_vm_parser/src/zr_vm_parser/backend_aot/backend_aot_c_zrp_metadata_remap.h	backend_aot_c_zrp_count_retained_generic_param_constraints	interface	backend_aot_c_prune_method_def_metadata_blob; backend_aot_c_zrp_count_retained_generic_param_constraints_before	计算仅属于保留参数的约束行数	与 copy_generic_param_constraints 判定一致	zr_vm_aot/zr_vm_parser/src/zr_vm_parser/backend_aot/backend_aot_c_zrp_metadata_remap.h:172;zr_vm_aot/zr_vm_parser/src/zr_vm_parser/backend_aot/backend_aot_c_zrp_metadata_remap.c:1253;zr_vm_aot/zr_vm_parser/src/zr_vm_parser/backend_aot/backend_aot_c_zrp_metadata_prune.c:1073;zr_vm_aot/zr_vm_parser/src/zr_vm_parser/backend_aot/backend_aot_c_zrp_metadata_remap.c:1319	no-comment	同名实现和调用点已记录细节，声明仅转发其类型契约
zr_vm_aot/zr_vm_parser/src/zr_vm_parser/backend_aot/backend_aot_c_zrp_metadata_remap.h	backend_aot_c_zrp_adjust_generic_param_range	interface	backend_aot_c_zrp_copy_method_defs; backend_aot_c_zrp_copy_type_defs	修正类型或方法行指向的泛型参数连续范围	范围越界时截断；全删时归零	zr_vm_aot/zr_vm_parser/src/zr_vm_parser/backend_aot/backend_aot_c_zrp_metadata_remap.h:189;zr_vm_aot/zr_vm_parser/src/zr_vm_parser/backend_aot/backend_aot_c_zrp_metadata_remap.c:1337;zr_vm_aot/zr_vm_parser/src/zr_vm_parser/backend_aot/backend_aot_c_zrp_metadata_prune.c:432;zr_vm_aot/zr_vm_parser/src/zr_vm_parser/backend_aot/backend_aot_c_zrp_metadata_type_def.c:1212	no-comment	同名实现和调用点已记录细节，声明仅转发其类型契约
zr_vm_aot/zr_vm_parser/src/zr_vm_parser/backend_aot/backend_aot_c_zrp_metadata_remap.h	backend_aot_c_zrp_adjust_generic_param_constraint_range	interface	backend_aot_c_zrp_copy_generic_params	修正参数行的约束范围起点和数量	范围必须按保留约束的目标顺序计算	zr_vm_aot/zr_vm_parser/src/zr_vm_parser/backend_aot/backend_aot_c_zrp_metadata_remap.h:205;zr_vm_aot/zr_vm_parser/src/zr_vm_parser/backend_aot/backend_aot_c_zrp_metadata_remap.c:1427;zr_vm_aot/zr_vm_parser/src/zr_vm_parser/backend_aot/backend_aot_c_zrp_metadata_prune.c:595	no-comment	同名实现和调用点已记录细节，声明仅转发其类型契约
zr_vm_aot/zr_vm_parser/src/zr_vm_parser/backend_aot/backend_aot_c_zrp_metadata_remap.h	backend_aot_c_zrp_adjust_type_def_method_range	interface	backend_aot_c_zrp_copy_type_defs	修正类型行指向的保留方法连续范围	与 MethodDef 裁剪顺序一致	zr_vm_aot/zr_vm_parser/src/zr_vm_parser/backend_aot/backend_aot_c_zrp_metadata_remap.h:222;zr_vm_aot/zr_vm_parser/src/zr_vm_parser/backend_aot/backend_aot_c_zrp_metadata_remap.c:1519;zr_vm_aot/zr_vm_parser/src/zr_vm_parser/backend_aot/backend_aot_c_zrp_metadata_type_def.c:1193	no-comment	同名实现和调用点已记录细节，声明仅转发其类型契约
zr_vm_aot/zr_vm_parser/src/zr_vm_parser/backend_aot/backend_aot_c_zrp_metadata_sections.h	backend_aot_c_zrp_metadata_section	interface	backend_aot_c_zrp_manifest_export_build_published_header; backend_aot_c_zrp_manifest_export_copy_published_sections; backend_aot_c_zrp_build_pruned_header; backend_aot_c_zrp_copy_section_if_needed	按 section kind 取得 header 中的只读描述符	未知枚举或空 header 返回空	zr_vm_aot/zr_vm_parser/src/zr_vm_parser/backend_aot/backend_aot_c_zrp_metadata_sections.h:10;zr_vm_aot/zr_vm_parser/src/zr_vm_parser/backend_aot/backend_aot_c_zrp_metadata_sections.c:5;zr_vm_aot/zr_vm_parser/src/zr_vm_parser/backend_aot/backend_aot_c_zrp_metadata_manifest_export.c:229;zr_vm_aot/zr_vm_parser/src/zr_vm_parser/backend_aot/backend_aot_c_zrp_metadata_manifest_export.c:304	commented	声明前 Doxygen 已给出调用链或前提
zr_vm_aot/zr_vm_parser/src/zr_vm_parser/backend_aot/backend_aot_c_zrp_metadata_sections.h	backend_aot_c_zrp_metadata_mutable_section	interface	backend_aot_c_zrp_manifest_export_build_published_header; backend_aot_c_zrp_build_pruned_header	按 section kind 取得可改写的目标描述符	仅构建 header 的调用链修改	zr_vm_aot/zr_vm_parser/src/zr_vm_parser/backend_aot/backend_aot_c_zrp_metadata_sections.h:13;zr_vm_aot/zr_vm_parser/src/zr_vm_parser/backend_aot/backend_aot_c_zrp_metadata_sections.c:44;zr_vm_aot/zr_vm_parser/src/zr_vm_parser/backend_aot/backend_aot_c_zrp_metadata_manifest_export.c:231;zr_vm_aot/zr_vm_parser/src/zr_vm_parser/backend_aot/backend_aot_c_zrp_metadata_prune.c:60	no-comment	同名实现和调用点已记录细节，声明仅转发其类型契约
zr_vm_aot/zr_vm_parser/src/zr_vm_parser/backend_aot/backend_aot_c_zrp_metadata_sections.h	backend_aot_c_zrp_set_section_layout	interface	backend_aot_c_zrp_manifest_export_build_published_header; backend_aot_c_zrp_build_pruned_header	依协议顺序分配目标 section 的 32 位位置	空 section 清零；总长度需由上层验证	zr_vm_aot/zr_vm_parser/src/zr_vm_parser/backend_aot/backend_aot_c_zrp_metadata_sections.h:21;zr_vm_aot/zr_vm_parser/src/zr_vm_parser/backend_aot/backend_aot_c_zrp_metadata_sections.c:83;zr_vm_aot/zr_vm_parser/src/zr_vm_parser/backend_aot/backend_aot_c_zrp_metadata_manifest_export.c:259;zr_vm_aot/zr_vm_parser/src/zr_vm_parser/backend_aot/backend_aot_c_zrp_metadata_prune.c:125	TODO	源实现已标 TODO，接口使用意图需随问题一起核查
zr_vm_aot/zr_vm_parser/src/zr_vm_parser/backend_aot/backend_aot_c_zrp_metadata_sections.h	backend_aot_c_zrp_copy_section_if_needed	interface	backend_aot_c_zrp_manifest_export_copy_published_sections; backend_aot_c_prune_method_def_metadata_blob	迁移无需语义重写且长度未变的 section	源目标范围应已由视图及 header 校验	zr_vm_aot/zr_vm_parser/src/zr_vm_parser/backend_aot/backend_aot_c_zrp_metadata_sections.h:28;zr_vm_aot/zr_vm_parser/src/zr_vm_parser/backend_aot/backend_aot_c_zrp_metadata_sections.c:106;zr_vm_aot/zr_vm_parser/src/zr_vm_parser/backend_aot/backend_aot_c_zrp_metadata_manifest_export.c:296;zr_vm_aot/zr_vm_parser/src/zr_vm_parser/backend_aot/backend_aot_c_zrp_metadata_prune.c:1688	commented	声明前 Doxygen 已给出调用链或前提
zr_vm_aot/zr_vm_parser/src/zr_vm_parser/backend_aot/backend_aot_c_zrp_metadata_signature.h	backend_aot_c_zrp_signature_blob_remap_init	interface	backend_aot_c_prune_method_def_metadata_blob	为保留签名准备旧片段到目标池的映射容量	后续由 destroy 释放条目	zr_vm_aot/zr_vm_parser/src/zr_vm_parser/backend_aot/backend_aot_c_zrp_metadata_signature.h:27;zr_vm_aot/zr_vm_parser/src/zr_vm_parser/backend_aot/backend_aot_c_zrp_metadata_signature.c:43;zr_vm_aot/zr_vm_parser/src/zr_vm_parser/backend_aot/backend_aot_c_zrp_metadata_prune.c:1150	no-comment	同名实现和调用点已记录细节，声明仅转发其类型契约
zr_vm_aot/zr_vm_parser/src/zr_vm_parser/backend_aot/backend_aot_c_zrp_metadata_signature.h	backend_aot_c_zrp_signature_blob_remap_destroy	interface	backend_aot_c_prune_method_def_metadata_blob	释放裁剪阶段临时签名映射	部分初始化或空映射可安全清理	zr_vm_aot/zr_vm_parser/src/zr_vm_parser/backend_aot/backend_aot_c_zrp_metadata_signature.h:30;zr_vm_aot/zr_vm_parser/src/zr_vm_parser/backend_aot/backend_aot_c_zrp_metadata_signature.c:67;zr_vm_aot/zr_vm_parser/src/zr_vm_parser/backend_aot/backend_aot_c_zrp_metadata_prune.c:1177;zr_vm_aot/zr_vm_parser/src/zr_vm_parser/backend_aot/backend_aot_c_zrp_metadata_prune.c:1207	no-comment	同名实现和调用点已记录细节，声明仅转发其类型契约
zr_vm_aot/zr_vm_parser/src/zr_vm_parser/backend_aot/backend_aot_c_zrp_metadata_signature.h	backend_aot_c_zrp_signature_blob_remap_is_identity	interface	backend_aot_c_prune_method_def_metadata_blob	判断签名池能否保持原布局不复制	全部保留片段偏移和总长度均需相同	zr_vm_aot/zr_vm_parser/src/zr_vm_parser/backend_aot/backend_aot_c_zrp_metadata_signature.h:31;zr_vm_aot/zr_vm_parser/src/zr_vm_parser/backend_aot/backend_aot_c_zrp_metadata_signature.c:78;zr_vm_aot/zr_vm_parser/src/zr_vm_parser/backend_aot/backend_aot_c_zrp_metadata_prune.c:1287	no-comment	同名实现和调用点已记录细节，声明仅转发其类型契约
zr_vm_aot/zr_vm_parser/src/zr_vm_parser/backend_aot/backend_aot_c_zrp_metadata_signature.h	backend_aot_c_zrp_build_signature_blob_remap	interface	backend_aot_c_prune_method_def_metadata_blob	汇总保留记录及定义的全部签名片段	模块引用扫描和后续原位改写共享此集合	zr_vm_aot/zr_vm_parser/src/zr_vm_parser/backend_aot/backend_aot_c_zrp_metadata_signature.h:37;zr_vm_aot/zr_vm_parser/src/zr_vm_parser/backend_aot/backend_aot_c_zrp_metadata_signature.c:724;zr_vm_aot/zr_vm_parser/src/zr_vm_parser/backend_aot/backend_aot_c_zrp_metadata_prune.c:1155	commented	声明前 Doxygen 已给出调用链或前提
zr_vm_aot/zr_vm_parser/src/zr_vm_parser/backend_aot/backend_aot_c_zrp_metadata_signature.h	backend_aot_c_zrp_remap_retained_signature_token	interface	backend_aot_c_zrp_copy_method_specs; backend_aot_c_zrp_remap_retained_signature_tokens_in_record	依据保留 Signature 记录顺序映射其令牌	找不到原签名记录则引用无效	zr_vm_aot/zr_vm_parser/src/zr_vm_parser/backend_aot/backend_aot_c_zrp_metadata_signature.h:61;zr_vm_aot/zr_vm_parser/src/zr_vm_parser/backend_aot/backend_aot_c_zrp_metadata_signature.c:273;zr_vm_aot/zr_vm_parser/src/zr_vm_parser/backend_aot/backend_aot_c_zrp_metadata_prune.c:767;zr_vm_aot/zr_vm_parser/src/zr_vm_parser/backend_aot/backend_aot_c_zrp_metadata_signature.c:366	no-comment	同名实现和调用点已记录细节，声明仅转发其类型契约
zr_vm_aot/zr_vm_parser/src/zr_vm_parser/backend_aot/backend_aot_c_zrp_metadata_signature.h	backend_aot_c_zrp_remap_retained_signature_tokens_in_record	interface	backend_aot_c_zrp_copy_token_records	改写 token 记录的全部 Signature 令牌槽	任一失效签名引用使记录不可保留	zr_vm_aot/zr_vm_parser/src/zr_vm_parser/backend_aot/backend_aot_c_zrp_metadata_signature.h:82;zr_vm_aot/zr_vm_parser/src/zr_vm_parser/backend_aot/backend_aot_c_zrp_metadata_signature.c:340;zr_vm_aot/zr_vm_parser/src/zr_vm_parser/backend_aot/backend_aot_c_zrp_metadata_prune.c:242	no-comment	同名实现和调用点已记录细节，声明仅转发其类型契约
zr_vm_aot/zr_vm_parser/src/zr_vm_parser/backend_aot/backend_aot_c_zrp_metadata_signature.h	backend_aot_c_zrp_copy_signature_blob_pool	interface	backend_aot_c_prune_method_def_metadata_blob	先将保留源片段搬入目标池	调用方保证 remap 和目标布局已验证	zr_vm_aot/zr_vm_parser/src/zr_vm_parser/backend_aot/backend_aot_c_zrp_metadata_signature.h:103;zr_vm_aot/zr_vm_parser/src/zr_vm_parser/backend_aot/backend_aot_c_zrp_metadata_signature.c:854;zr_vm_aot/zr_vm_parser/src/zr_vm_parser/backend_aot/backend_aot_c_zrp_metadata_prune.c:1337	no-comment	同名实现和调用点已记录细节，声明仅转发其类型契约
zr_vm_aot/zr_vm_parser/src/zr_vm_parser/backend_aot/backend_aot_c_zrp_metadata_signature.h	backend_aot_c_zrp_rewrite_retained_method_spec_signature_blobs	interface	backend_aot_c_prune_method_def_metadata_blob	让保留 MethodSpec 的实例化签名跟随目标方法 RID	在目标行计算签名哈希之前完成	zr_vm_aot/zr_vm_parser/src/zr_vm_parser/backend_aot/backend_aot_c_zrp_metadata_signature.h:109;zr_vm_aot/zr_vm_parser/src/zr_vm_parser/backend_aot/backend_aot_c_zrp_metadata_signature.c:1486;zr_vm_aot/zr_vm_parser/src/zr_vm_parser/backend_aot/backend_aot_c_zrp_metadata_prune.c:1383	no-comment	同名实现和调用点已记录细节，声明仅转发其类型契约
zr_vm_aot/zr_vm_parser/src/zr_vm_parser/backend_aot/backend_aot_c_zrp_metadata_signature.h	backend_aot_c_zrp_rewrite_retained_signature_type_def_tokens	interface	backend_aot_c_prune_method_def_metadata_blob	在复制后的池中重写所有保留签名的引用	原始签名池仍供旧令牌解析；写表后重算哈希	zr_vm_aot/zr_vm_parser/src/zr_vm_parser/backend_aot/backend_aot_c_zrp_metadata_signature.h:131;zr_vm_aot/zr_vm_parser/src/zr_vm_parser/backend_aot/backend_aot_c_zrp_metadata_signature.c:1392;zr_vm_aot/zr_vm_parser/src/zr_vm_parser/backend_aot/backend_aot_c_zrp_metadata_prune.c:1353	commented	声明前 Doxygen 已给出调用链或前提
zr_vm_aot/zr_vm_parser/src/zr_vm_parser/backend_aot/backend_aot_c_zrp_metadata_signature.h	backend_aot_c_zrp_remap_signature_blob_offset	interface	backend_aot_c_zrp_copy_token_records; backend_aot_c_zrp_copy_method_defs; backend_aot_c_zrp_copy_field_defs; backend_aot_c_zrp_copy_generic_param_constraints; backend_aot_c_zrp_copy_method_specs; backend_aot_c_zrp_rewrite_retained_method_spec_signature_blobs; backend_aot_c_zrp_copy_type_defs; backend_aot_c_zrp_copy_type_specs	让保留行的签名片段指向新池	必须在签名收集完成后调用	zr_vm_aot/zr_vm_parser/src/zr_vm_parser/backend_aot/backend_aot_c_zrp_metadata_signature.h:157;zr_vm_aot/zr_vm_parser/src/zr_vm_parser/backend_aot/backend_aot_c_zrp_metadata_signature.c:157;zr_vm_aot/zr_vm_parser/src/zr_vm_parser/backend_aot/backend_aot_c_zrp_metadata_prune.c:263;zr_vm_aot/zr_vm_parser/src/zr_vm_parser/backend_aot/backend_aot_c_zrp_metadata_prune.c:449	no-comment	同名实现和调用点已记录细节，声明仅转发其类型契约
zr_vm_aot/zr_vm_parser/src/zr_vm_parser/backend_aot/backend_aot_c_zrp_metadata_signature.h	backend_aot_c_zrp_recomputed_signature_hash	interface	backend_aot_c_zrp_copy_token_records; backend_aot_c_zrp_copy_method_specs; backend_aot_c_zrp_copy_type_specs	从目标池最终字节计算行签名哈希	空或越界片段返回零	zr_vm_aot/zr_vm_parser/src/zr_vm_parser/backend_aot/backend_aot_c_zrp_metadata_signature.h:161;zr_vm_aot/zr_vm_parser/src/zr_vm_parser/backend_aot/backend_aot_c_zrp_metadata_signature.c:1548;zr_vm_aot/zr_vm_parser/src/zr_vm_parser/backend_aot/backend_aot_c_zrp_metadata_prune.c:268;zr_vm_aot/zr_vm_parser/src/zr_vm_parser/backend_aot/backend_aot_c_zrp_metadata_prune.c:793	no-comment	同名实现和调用点已记录细节，声明仅转发其类型契约
zr_vm_aot/zr_vm_parser/src/zr_vm_parser/backend_aot/backend_aot_c_zrp_metadata_size.h	backend_aot_collect_zrp_metadata_size_stats	interface	backend_aot_c_emitter	采集 options 原始嵌入 blob 的尺寸基线	缺失 options 产生零值快照	zr_vm_aot/zr_vm_parser/src/zr_vm_parser/backend_aot/backend_aot_c_zrp_metadata_size.h:41;zr_vm_aot/zr_vm_parser/src/zr_vm_parser/backend_aot/backend_aot_c_zrp_metadata_size.c:21;zr_vm_aot/zr_vm_parser/src/zr_vm_parser/backend_aot/backend_aot_c_emitter.c:932	no-comment	同名实现和调用点已记录细节，声明仅转发其类型契约
zr_vm_aot/zr_vm_parser/src/zr_vm_parser/backend_aot/backend_aot_c_zrp_metadata_size.h	backend_aot_collect_zrp_metadata_size_stats_from_blob	interface	backend_aot_collect_zrp_metadata_size_stats; backend_aot_c_emitter	采集指定 blob 各定义表和池的尺寸	无效或缺失 blob 清零避免沿用旧结果	zr_vm_aot/zr_vm_parser/src/zr_vm_parser/backend_aot/backend_aot_c_zrp_metadata_size.h:44;zr_vm_aot/zr_vm_parser/src/zr_vm_parser/backend_aot/backend_aot_c_zrp_metadata_size.c:29;zr_vm_aot/zr_vm_parser/src/zr_vm_parser/backend_aot/backend_aot_c_zrp_metadata_size.c:23;zr_vm_aot/zr_vm_parser/src/zr_vm_parser/backend_aot/backend_aot_c_emitter.c:1134	commented	声明前 Doxygen 已给出调用链或前提
zr_vm_aot/zr_vm_parser/src/zr_vm_parser/backend_aot/backend_aot_c_zrp_metadata_size.h	backend_aot_write_zrp_metadata_size_stats	interface	backend_aot_c_emitter	写出原始或最终元数据各 section 的尺寸	file 和 stats 必须有效	zr_vm_aot/zr_vm_parser/src/zr_vm_parser/backend_aot/backend_aot_c_zrp_metadata_size.h:47;zr_vm_aot/zr_vm_parser/src/zr_vm_parser/backend_aot/backend_aot_c_zrp_metadata_size.c:90;zr_vm_aot/zr_vm_parser/src/zr_vm_parser/backend_aot/backend_aot_c_emitter.c:1372	no-comment	同名实现和调用点已记录细节，声明仅转发其类型契约
zr_vm_aot/zr_vm_parser/src/zr_vm_parser/backend_aot/backend_aot_c_zrp_metadata_size.h	backend_aot_write_code_stripping_zrp_metadata_size_deltas	interface	backend_aot_c_emitter	汇总裁剪前后总量及各 section 的变化	仅在请求诊断输出的 emitter 路径使用	zr_vm_aot/zr_vm_parser/src/zr_vm_parser/backend_aot/backend_aot_c_zrp_metadata_size.h:48;zr_vm_aot/zr_vm_parser/src/zr_vm_parser/backend_aot/backend_aot_c_zrp_metadata_size.c:280;zr_vm_aot/zr_vm_parser/src/zr_vm_parser/backend_aot/backend_aot_c_emitter.c:1336	no-comment	同名实现和调用点已记录细节，声明仅转发其类型契约
zr_vm_aot/zr_vm_parser/src/zr_vm_parser/backend_aot/backend_aot_c_zrp_metadata_string_pool.h	backend_aot_c_zrp_string_pool_remap_init	interface	backend_aot_c_prune_method_def_metadata_blob	初始化字符串池旧偏移到新偏移的临时表	构建失败也可由 destroy 清理	zr_vm_aot/zr_vm_parser/src/zr_vm_parser/backend_aot/backend_aot_c_zrp_metadata_string_pool.h:26;zr_vm_aot/zr_vm_parser/src/zr_vm_parser/backend_aot/backend_aot_c_zrp_metadata_string_pool.c:14;zr_vm_aot/zr_vm_parser/src/zr_vm_parser/backend_aot/backend_aot_c_zrp_metadata_prune.c:1236	no-comment	同名实现和调用点已记录细节，声明仅转发其类型契约
zr_vm_aot/zr_vm_parser/src/zr_vm_parser/backend_aot/backend_aot_c_zrp_metadata_string_pool.h	backend_aot_c_zrp_string_pool_remap_destroy	interface	backend_aot_c_prune_method_def_metadata_blob	释放临时字符串映射	不释放原始或目标元数据 blob	zr_vm_aot/zr_vm_parser/src/zr_vm_parser/backend_aot/backend_aot_c_zrp_metadata_string_pool.h:29;zr_vm_aot/zr_vm_parser/src/zr_vm_parser/backend_aot/backend_aot_c_zrp_metadata_string_pool.c:38;zr_vm_aot/zr_vm_parser/src/zr_vm_parser/backend_aot/backend_aot_c_zrp_metadata_prune.c:1270;zr_vm_aot/zr_vm_parser/src/zr_vm_parser/backend_aot/backend_aot_c_zrp_metadata_prune.c:1289	no-comment	同名实现和调用点已记录细节，声明仅转发其类型契约
zr_vm_aot/zr_vm_parser/src/zr_vm_parser/backend_aot/backend_aot_c_zrp_metadata_string_pool.h	backend_aot_c_zrp_string_pool_remap_is_identity	interface	backend_aot_c_prune_method_def_metadata_blob	判断字符串池是否无需搬迁	长度和每个源目标位置都必须相等	zr_vm_aot/zr_vm_parser/src/zr_vm_parser/backend_aot/backend_aot_c_zrp_metadata_string_pool.h:30;zr_vm_aot/zr_vm_parser/src/zr_vm_parser/backend_aot/backend_aot_c_zrp_metadata_string_pool.c:49;zr_vm_aot/zr_vm_parser/src/zr_vm_parser/backend_aot/backend_aot_c_zrp_metadata_prune.c:1288	no-comment	同名实现和调用点已记录细节，声明仅转发其类型契约
zr_vm_aot/zr_vm_parser/src/zr_vm_parser/backend_aot/backend_aot_c_zrp_metadata_string_pool.h	backend_aot_c_zrp_build_string_pool_remap	interface	backend_aot_c_prune_method_def_metadata_blob	汇总保留行导出及签名内的字符串片段	和目标表使用相同保留判定	zr_vm_aot/zr_vm_parser/src/zr_vm_parser/backend_aot/backend_aot_c_zrp_metadata_string_pool.h:36;zr_vm_aot/zr_vm_parser/src/zr_vm_parser/backend_aot/backend_aot_c_zrp_metadata_string_pool.c:614;zr_vm_aot/zr_vm_parser/src/zr_vm_parser/backend_aot/backend_aot_c_zrp_metadata_prune.c:1243	commented	声明前 Doxygen 已给出调用链或前提
zr_vm_aot/zr_vm_parser/src/zr_vm_parser/backend_aot/backend_aot_c_zrp_metadata_string_pool.h	backend_aot_c_zrp_copy_string_pool	interface	backend_aot_c_prune_method_def_metadata_blob	按映射把保留字符串搬入目标池	调用方已建立目标 header	zr_vm_aot/zr_vm_parser/src/zr_vm_parser/backend_aot/backend_aot_c_zrp_metadata_string_pool.h:65;zr_vm_aot/zr_vm_parser/src/zr_vm_parser/backend_aot/backend_aot_c_zrp_metadata_string_pool.c:825;zr_vm_aot/zr_vm_parser/src/zr_vm_parser/backend_aot/backend_aot_c_zrp_metadata_prune.c:1332	no-comment	同名实现和调用点已记录细节，声明仅转发其类型契约
zr_vm_aot/zr_vm_parser/src/zr_vm_parser/backend_aot/backend_aot_c_zrp_metadata_string_pool.h	backend_aot_c_zrp_remap_type_def_string_offsets	interface	backend_aot_c_zrp_copy_type_defs	更新保留类型行的名称与命名空间	在目标行写入前调用	zr_vm_aot/zr_vm_parser/src/zr_vm_parser/backend_aot/backend_aot_c_zrp_metadata_string_pool.h:71;zr_vm_aot/zr_vm_parser/src/zr_vm_parser/backend_aot/backend_aot_c_zrp_metadata_string_pool.c:870;zr_vm_aot/zr_vm_parser/src/zr_vm_parser/backend_aot/backend_aot_c_zrp_metadata_type_def.c:1228	no-comment	同名实现和调用点已记录细节，声明仅转发其类型契约
zr_vm_aot/zr_vm_parser/src/zr_vm_parser/backend_aot/backend_aot_c_zrp_metadata_string_pool.h	backend_aot_c_zrp_remap_method_def_string_offsets	interface	backend_aot_c_zrp_copy_method_defs	更新保留方法行的名称偏移	目标池已复制	zr_vm_aot/zr_vm_parser/src/zr_vm_parser/backend_aot/backend_aot_c_zrp_metadata_string_pool.h:73;zr_vm_aot/zr_vm_parser/src/zr_vm_parser/backend_aot/backend_aot_c_zrp_metadata_string_pool.c:877;zr_vm_aot/zr_vm_parser/src/zr_vm_parser/backend_aot/backend_aot_c_zrp_metadata_prune.c:448	no-comment	同名实现和调用点已记录细节，声明仅转发其类型契约
zr_vm_aot/zr_vm_parser/src/zr_vm_parser/backend_aot/backend_aot_c_zrp_metadata_string_pool.h	backend_aot_c_zrp_remap_field_def_string_offsets	interface	backend_aot_c_zrp_copy_field_defs	更新保留字段行的名称偏移	目标池已复制	zr_vm_aot/zr_vm_parser/src/zr_vm_parser/backend_aot/backend_aot_c_zrp_metadata_string_pool.h:75;zr_vm_aot/zr_vm_parser/src/zr_vm_parser/backend_aot/backend_aot_c_zrp_metadata_string_pool.c:883;zr_vm_aot/zr_vm_parser/src/zr_vm_parser/backend_aot/backend_aot_c_zrp_metadata_prune.c:537	no-comment	同名实现和调用点已记录细节，声明仅转发其类型契约
zr_vm_aot/zr_vm_parser/src/zr_vm_parser/backend_aot/backend_aot_c_zrp_metadata_string_pool.h	backend_aot_c_zrp_remap_generic_param_string_offsets	interface	backend_aot_c_zrp_copy_generic_params	更新保留泛型参数名称偏移	目标池已复制	zr_vm_aot/zr_vm_parser/src/zr_vm_parser/backend_aot/backend_aot_c_zrp_metadata_string_pool.h:77;zr_vm_aot/zr_vm_parser/src/zr_vm_parser/backend_aot/backend_aot_c_zrp_metadata_string_pool.c:889;zr_vm_aot/zr_vm_parser/src/zr_vm_parser/backend_aot/backend_aot_c_zrp_metadata_prune.c:611	no-comment	同名实现和调用点已记录细节，声明仅转发其类型契约
zr_vm_aot/zr_vm_parser/src/zr_vm_parser/backend_aot/backend_aot_c_zrp_metadata_string_pool.h	backend_aot_c_zrp_remap_module_ref_string_offsets	interface	backend_aot_c_zrp_copy_module_refs	更新保留模块的名称与版本偏移	目标池已复制	zr_vm_aot/zr_vm_parser/src/zr_vm_parser/backend_aot/backend_aot_c_zrp_metadata_string_pool.h:79;zr_vm_aot/zr_vm_parser/src/zr_vm_parser/backend_aot/backend_aot_c_zrp_metadata_string_pool.c:895;zr_vm_aot/zr_vm_parser/src/zr_vm_parser/backend_aot/backend_aot_c_zrp_metadata_prune.c:887	no-comment	同名实现和调用点已记录细节，声明仅转发其类型契约
zr_vm_aot/zr_vm_parser/src/zr_vm_parser/backend_aot/backend_aot_c_zrp_metadata_string_pool.h	backend_aot_c_zrp_remap_string_offset	interface	backend_aot_c_zrp_copy_manifest_exports; backend_aot_c_zrp_rewrite_signature_string_offset; backend_aot_c_zrp_remap_type_def_string_offsets; backend_aot_c_zrp_remap_method_def_string_offsets; backend_aot_c_zrp_remap_field_def_string_offsets; backend_aot_c_zrp_remap_generic_param_string_offsets; backend_aot_c_zrp_remap_module_ref_string_offsets	把源字符串偏移映射到目标池	未保留的字符串不可引用	zr_vm_aot/zr_vm_parser/src/zr_vm_parser/backend_aot/backend_aot_c_zrp_metadata_string_pool.h:81;zr_vm_aot/zr_vm_parser/src/zr_vm_parser/backend_aot/backend_aot_c_zrp_metadata_string_pool.c:851;zr_vm_aot/zr_vm_parser/src/zr_vm_parser/backend_aot/backend_aot_c_zrp_metadata_manifest_export.c:491;zr_vm_aot/zr_vm_parser/src/zr_vm_parser/backend_aot/backend_aot_c_zrp_metadata_signature.c:1113	no-comment	同名实现和调用点已记录细节，声明仅转发其类型契约
zr_vm_aot/zr_vm_parser/src/zr_vm_parser/backend_aot/backend_aot_c_zrp_metadata_type_def.h	backend_aot_c_zrp_type_def_row_is_retained	interface	backend_aot_c_zrp_add_type_def_signature_blobs; backend_aot_c_zrp_build_string_pool_remap; backend_aot_c_zrp_count_retained_type_defs; backend_aot_c_zrp_type_def_token_remap_build; backend_aot_c_zrp_remap_type_def_token; backend_aot_c_zrp_copy_type_defs	将类型根判定暴露给其他表裁剪阶段	字段字符串和签名收集依赖此结果	zr_vm_aot/zr_vm_parser/src/zr_vm_parser/backend_aot/backend_aot_c_zrp_metadata_type_def.h:17;zr_vm_aot/zr_vm_parser/src/zr_vm_parser/backend_aot/backend_aot_c_zrp_metadata_type_def.c:406;zr_vm_aot/zr_vm_parser/src/zr_vm_parser/backend_aot/backend_aot_c_zrp_metadata_signature.c:478;zr_vm_aot/zr_vm_parser/src/zr_vm_parser/backend_aot/backend_aot_c_zrp_metadata_string_pool.c:667	commented	声明前 Doxygen 已给出调用链或前提
zr_vm_aot/zr_vm_parser/src/zr_vm_parser/backend_aot/backend_aot_c_zrp_metadata_type_def.h	backend_aot_c_zrp_count_retained_type_defs	interface	backend_aot_c_prune_method_def_metadata_blob; backend_aot_c_zrp_type_def_token_remap_build; backend_aot_c_zrp_count_retained_type_defs_before	预计算压缩 TypeDef 表行数	与 copy_type_defs 的保留判定相同	zr_vm_aot/zr_vm_parser/src/zr_vm_parser/backend_aot/backend_aot_c_zrp_metadata_type_def.h:33;zr_vm_aot/zr_vm_parser/src/zr_vm_parser/backend_aot/backend_aot_c_zrp_metadata_type_def.c:439;zr_vm_aot/zr_vm_parser/src/zr_vm_parser/backend_aot/backend_aot_c_zrp_metadata_prune.c:1026;zr_vm_aot/zr_vm_parser/src/zr_vm_parser/backend_aot/backend_aot_c_zrp_metadata_type_def.c:796	no-comment	同名实现和调用点已记录细节，声明仅转发其类型契约
zr_vm_aot/zr_vm_parser/src/zr_vm_parser/backend_aot/backend_aot_c_zrp_metadata_type_def.h	backend_aot_c_zrp_field_def_row_is_retained	interface	backend_aot_c_zrp_build_constant_pool_remap; backend_aot_c_zrp_member_token_remap_build; backend_aot_c_zrp_copy_field_defs; backend_aot_c_zrp_remap_retained_member_def_token; backend_aot_c_zrp_add_field_def_signature_blobs; backend_aot_c_zrp_build_string_pool_remap; backend_aot_c_zrp_type_def_root_member_token_is_retained; backend_aot_c_zrp_count_retained_field_defs; backend_aot_c_zrp_adjust_type_def_field_range	字段仅在拥有者 TypeDef 可保留时存活	不能仅凭字段自身 token 判断	zr_vm_aot/zr_vm_parser/src/zr_vm_parser/backend_aot/backend_aot_c_zrp_metadata_type_def.h:48;zr_vm_aot/zr_vm_parser/src/zr_vm_parser/backend_aot/backend_aot_c_zrp_metadata_type_def.c:483;zr_vm_aot/zr_vm_parser/src/zr_vm_parser/backend_aot/backend_aot_c_zrp_metadata_constant_pool.c:118;zr_vm_aot/zr_vm_parser/src/zr_vm_parser/backend_aot/backend_aot_c_zrp_metadata_member_token.c:209	no-comment	同名实现和调用点已记录细节，声明仅转发其类型契约
zr_vm_aot/zr_vm_parser/src/zr_vm_parser/backend_aot/backend_aot_c_zrp_metadata_type_def.h	backend_aot_c_zrp_count_retained_field_defs	interface	backend_aot_c_zrp_member_token_remap_build; backend_aot_c_prune_method_def_metadata_blob; backend_aot_c_zrp_count_retained_field_defs_before	按拥有者类型的存活性统计字段行数	字段目标 RID 位于保留方法之后	zr_vm_aot/zr_vm_parser/src/zr_vm_parser/backend_aot/backend_aot_c_zrp_metadata_type_def.h:64;zr_vm_aot/zr_vm_parser/src/zr_vm_parser/backend_aot/backend_aot_c_zrp_metadata_type_def.c:523;zr_vm_aot/zr_vm_parser/src/zr_vm_parser/backend_aot/backend_aot_c_zrp_metadata_member_token.c:157;zr_vm_aot/zr_vm_parser/src/zr_vm_parser/backend_aot/backend_aot_c_zrp_metadata_prune.c:1041	no-comment	同名实现和调用点已记录细节，声明仅转发其类型契约
zr_vm_aot/zr_vm_parser/src/zr_vm_parser/backend_aot/backend_aot_c_zrp_metadata_type_def.h	backend_aot_c_zrp_compacted_retained_field_def_token	interface	backend_aot_c_zrp_member_token_remap_build; backend_aot_c_zrp_copy_field_defs; backend_aot_c_zrp_remap_retained_member_def_token	给保留字段生成新的 MemberDef 令牌	偏移依赖保留方法总数	zr_vm_aot/zr_vm_parser/src/zr_vm_parser/backend_aot/backend_aot_c_zrp_metadata_type_def.h:79;zr_vm_aot/zr_vm_parser/src/zr_vm_parser/backend_aot/backend_aot_c_zrp_metadata_type_def.c:600;zr_vm_aot/zr_vm_parser/src/zr_vm_parser/backend_aot/backend_aot_c_zrp_metadata_member_token.c:231;zr_vm_aot/zr_vm_parser/src/zr_vm_parser/backend_aot/backend_aot_c_zrp_metadata_prune.c:507	no-comment	同名实现和调用点已记录细节，声明仅转发其类型契约
zr_vm_aot/zr_vm_parser/src/zr_vm_parser/backend_aot/backend_aot_c_zrp_metadata_type_def.h	backend_aot_c_zrp_adjust_type_def_field_range	interface	backend_aot_c_zrp_copy_type_defs	修正类型行拥有字段的目标连续区间	字段全被删时索引和数量置零	zr_vm_aot/zr_vm_parser/src/zr_vm_parser/backend_aot/backend_aot_c_zrp_metadata_type_def.h:95;zr_vm_aot/zr_vm_parser/src/zr_vm_parser/backend_aot/backend_aot_c_zrp_metadata_type_def.c:636;zr_vm_aot/zr_vm_parser/src/zr_vm_parser/backend_aot/backend_aot_c_zrp_metadata_type_def.c:1197	no-comment	同名实现和调用点已记录细节，声明仅转发其类型契约
zr_vm_aot/zr_vm_parser/src/zr_vm_parser/backend_aot/backend_aot_c_zrp_metadata_type_def.h	backend_aot_c_zrp_type_def_token_remap_build	interface	backend_aot_c_prune_method_def_metadata_blob	为 emitter 导出描述符保留源到目标类型令牌映射	数量须与目标 TypeDef 表一致	zr_vm_aot/zr_vm_parser/src/zr_vm_parser/backend_aot/backend_aot_c_zrp_metadata_type_def.h:112;zr_vm_aot/zr_vm_parser/src/zr_vm_parser/backend_aot/backend_aot_c_zrp_metadata_type_def.c:758;zr_vm_aot/zr_vm_parser/src/zr_vm_parser/backend_aot/backend_aot_c_zrp_metadata_prune.c:1718	commented	声明前 Doxygen 已给出调用链或前提
zr_vm_aot/zr_vm_parser/src/zr_vm_parser/backend_aot/backend_aot_c_zrp_metadata_type_def.h	backend_aot_c_zrp_type_def_token_remap_destroy	interface	backend_aot_c_release_embedded_zrp_metadata; backend_aot_c_zrp_type_def_token_remap_build	释放准备阶段保存的 TypeDef 令牌映射	由 release 统一调用	zr_vm_aot/zr_vm_parser/src/zr_vm_parser/backend_aot/backend_aot_c_zrp_metadata_type_def.h:129;zr_vm_aot/zr_vm_parser/src/zr_vm_parser/backend_aot/backend_aot_c_zrp_metadata_type_def.c:717;zr_vm_aot/zr_vm_parser/src/zr_vm_parser/backend_aot/backend_aot_c_zrp_metadata_prune.c:1801;zr_vm_aot/zr_vm_parser/src/zr_vm_parser/backend_aot/backend_aot_c_zrp_metadata_type_def.c:784	no-comment	同名实现和调用点已记录细节，声明仅转发其类型契约
zr_vm_aot/zr_vm_parser/src/zr_vm_parser/backend_aot/backend_aot_c_zrp_metadata_type_def.h	backend_aot_c_zrp_compacted_type_def_token	interface	backend_aot_c_zrp_type_def_token_remap_build; backend_aot_c_zrp_remap_type_def_token; backend_aot_c_zrp_copy_type_defs	由保留类型前缀生成新 TypeDef 令牌	调用前已检查源类型存活	zr_vm_aot/zr_vm_parser/src/zr_vm_parser/backend_aot/backend_aot_c_zrp_metadata_type_def.h:130;zr_vm_aot/zr_vm_parser/src/zr_vm_parser/backend_aot/backend_aot_c_zrp_metadata_type_def.c:934;zr_vm_aot/zr_vm_parser/src/zr_vm_parser/backend_aot/backend_aot_c_zrp_metadata_type_def.c:850;zr_vm_aot/zr_vm_parser/src/zr_vm_parser/backend_aot/backend_aot_c_zrp_metadata_type_def.c:1013	no-comment	同名实现和调用点已记录细节，声明仅转发其类型契约
zr_vm_aot/zr_vm_parser/src/zr_vm_parser/backend_aot/backend_aot_c_zrp_metadata_type_def.h	backend_aot_c_zrp_remap_type_def_token	interface	backend_aot_c_zrp_manifest_export_remap_tokens; backend_aot_c_zrp_copy_method_defs; backend_aot_c_zrp_copy_field_defs; backend_aot_c_zrp_copy_generic_param_constraints; backend_aot_c_zrp_remap_generic_param_owner_token; backend_aot_c_zrp_rewrite_signature_type_def_token; backend_aot_c_zrp_field_def_row_is_retained; backend_aot_c_zrp_remap_type_def_tokens_in_record	将源 TypeDef 引用映射到目标表	非类型令牌原样保留；删除的类型返回 false	zr_vm_aot/zr_vm_parser/src/zr_vm_parser/backend_aot/backend_aot_c_zrp_metadata_type_def.h:146;zr_vm_aot/zr_vm_parser/src/zr_vm_parser/backend_aot/backend_aot_c_zrp_metadata_type_def.c:970;zr_vm_aot/zr_vm_parser/src/zr_vm_parser/backend_aot/backend_aot_c_zrp_metadata_manifest_export.c:370;zr_vm_aot/zr_vm_parser/src/zr_vm_parser/backend_aot/backend_aot_c_zrp_metadata_prune.c:415	no-comment	同名实现和调用点已记录细节，声明仅转发其类型契约
zr_vm_aot/zr_vm_parser/src/zr_vm_parser/backend_aot/backend_aot_c_zrp_metadata_type_def.h	backend_aot_c_zrp_remap_type_def_tokens_in_record	interface	backend_aot_c_zrp_copy_token_records; backend_aot_c_zrp_count_retained_token_records_for_pruning; backend_aot_c_zrp_token_record_is_retained_for_signature_pruning	同步处理 token 记录各位置的类型令牌	任一所指类型被删除则记录不可保留	zr_vm_aot/zr_vm_parser/src/zr_vm_parser/backend_aot/backend_aot_c_zrp_metadata_type_def.h:162;zr_vm_aot/zr_vm_parser/src/zr_vm_parser/backend_aot/backend_aot_c_zrp_metadata_type_def.c:1031;zr_vm_aot/zr_vm_parser/src/zr_vm_parser/backend_aot/backend_aot_c_zrp_metadata_prune.c:182;zr_vm_aot/zr_vm_parser/src/zr_vm_parser/backend_aot/backend_aot_c_zrp_metadata_prune.c:321	no-comment	同名实现和调用点已记录细节，声明仅转发其类型契约
zr_vm_aot/zr_vm_parser/src/zr_vm_parser/backend_aot/backend_aot_c_zrp_metadata_type_def.h	backend_aot_c_zrp_copy_type_defs	interface	backend_aot_c_prune_method_def_metadata_blob	写入保留类型并重建字段方法泛型范围	签名字符串和令牌均应使用目标表坐标	zr_vm_aot/zr_vm_parser/src/zr_vm_parser/backend_aot/backend_aot_c_zrp_metadata_type_def.h:178;zr_vm_aot/zr_vm_parser/src/zr_vm_parser/backend_aot/backend_aot_c_zrp_metadata_type_def.c:1125;zr_vm_aot/zr_vm_parser/src/zr_vm_parser/backend_aot/backend_aot_c_zrp_metadata_prune.c:1441	no-comment	同名实现和调用点已记录细节，声明仅转发其类型契约
zr_vm_aot/zr_vm_parser/src/zr_vm_parser/backend_aot/backend_aot_c_zrp_metadata_type_spec.h	backend_aot_c_zrp_type_spec_row_is_retained	interface	backend_aot_c_zrp_add_retained_type_spec_signature_blobs; backend_aot_c_zrp_count_retained_type_specs; backend_aot_c_zrp_remap_type_spec_token; backend_aot_c_zrp_copy_type_specs	由有效 token 记录或约束决定 TypeSpec 存活	没有独立代码根	zr_vm_aot/zr_vm_parser/src/zr_vm_parser/backend_aot/backend_aot_c_zrp_metadata_type_spec.h:11;zr_vm_aot/zr_vm_parser/src/zr_vm_parser/backend_aot/backend_aot_c_zrp_metadata_type_spec.c:9;zr_vm_aot/zr_vm_parser/src/zr_vm_parser/backend_aot/backend_aot_c_zrp_metadata_signature.c:648;zr_vm_aot/zr_vm_parser/src/zr_vm_parser/backend_aot/backend_aot_c_zrp_metadata_type_spec.c:127	commented	声明前 Doxygen 已给出调用链或前提
zr_vm_aot/zr_vm_parser/src/zr_vm_parser/backend_aot/backend_aot_c_zrp_metadata_type_spec.h	backend_aot_c_zrp_compacted_type_spec_token	interface	backend_aot_c_zrp_remap_type_spec_token; backend_aot_c_zrp_copy_type_specs	为已保留 TypeSpec 生成目标令牌	旧表顺序决定新 RID	zr_vm_aot/zr_vm_parser/src/zr_vm_parser/backend_aot/backend_aot_c_zrp_metadata_type_spec.h:26;zr_vm_aot/zr_vm_parser/src/zr_vm_parser/backend_aot/backend_aot_c_zrp_metadata_type_spec.c:186;zr_vm_aot/zr_vm_parser/src/zr_vm_parser/backend_aot/backend_aot_c_zrp_metadata_type_spec.c:269;zr_vm_aot/zr_vm_parser/src/zr_vm_parser/backend_aot/backend_aot_c_zrp_metadata_type_spec.c:447	no-comment	同名实现和调用点已记录细节，声明仅转发其类型契约
zr_vm_aot/zr_vm_parser/src/zr_vm_parser/backend_aot/backend_aot_c_zrp_metadata_type_spec.h	backend_aot_c_zrp_remap_type_spec_token	interface	backend_aot_c_zrp_copy_generic_param_constraints; backend_aot_c_zrp_remap_type_spec_tokens_in_record	在记录中改写指向保留 TypeSpec 的令牌	非 TypeSpec 令牌保留原样	zr_vm_aot/zr_vm_parser/src/zr_vm_parser/backend_aot/backend_aot_c_zrp_metadata_type_spec.h:43;zr_vm_aot/zr_vm_parser/src/zr_vm_parser/backend_aot/backend_aot_c_zrp_metadata_type_spec.c:225;zr_vm_aot/zr_vm_parser/src/zr_vm_parser/backend_aot/backend_aot_c_zrp_metadata_prune.c:686;zr_vm_aot/zr_vm_parser/src/zr_vm_parser/backend_aot/backend_aot_c_zrp_metadata_type_spec.c:307	no-comment	同名实现和调用点已记录细节，声明仅转发其类型契约
zr_vm_aot/zr_vm_parser/src/zr_vm_parser/backend_aot/backend_aot_c_zrp_metadata_type_spec.h	backend_aot_c_zrp_remap_type_spec_tokens_in_record	interface	backend_aot_c_zrp_token_record_is_retained_before_module_ref_pruning; backend_aot_c_zrp_copy_token_records; backend_aot_c_zrp_count_retained_token_records_for_pruning; backend_aot_c_zrp_token_record_is_retained_for_signature_pruning	统一改写 token 记录各 TypeSpec 引用槽	任一失效引用使该记录不能复制	zr_vm_aot/zr_vm_parser/src/zr_vm_parser/backend_aot/backend_aot_c_zrp_metadata_type_spec.h:60;zr_vm_aot/zr_vm_parser/src/zr_vm_parser/backend_aot/backend_aot_c_zrp_metadata_type_spec.c:289;zr_vm_aot/zr_vm_parser/src/zr_vm_parser/backend_aot/backend_aot_c_zrp_metadata_module_ref.c:70;zr_vm_aot/zr_vm_parser/src/zr_vm_parser/backend_aot/backend_aot_c_zrp_metadata_prune.c:199	no-comment	同名实现和调用点已记录细节，声明仅转发其类型契约
zr_vm_aot/zr_vm_parser/src/zr_vm_parser/backend_aot/backend_aot_c_zrp_metadata_type_spec.h	backend_aot_c_zrp_count_retained_type_specs	interface	backend_aot_c_prune_method_def_metadata_blob; backend_aot_c_zrp_count_retained_type_specs_before	计算目标 TypeSpec 表行数	与 copy_type_specs 使用同一存活判定	zr_vm_aot/zr_vm_parser/src/zr_vm_parser/backend_aot/backend_aot_c_zrp_metadata_type_spec.h:77;zr_vm_aot/zr_vm_parser/src/zr_vm_parser/backend_aot/backend_aot_c_zrp_metadata_type_spec.c:104;zr_vm_aot/zr_vm_parser/src/zr_vm_parser/backend_aot/backend_aot_c_zrp_metadata_prune.c:1090;zr_vm_aot/zr_vm_parser/src/zr_vm_parser/backend_aot/backend_aot_c_zrp_metadata_type_spec.c:168	no-comment	同名实现和调用点已记录细节，声明仅转发其类型契约
zr_vm_aot/zr_vm_parser/src/zr_vm_parser/backend_aot/backend_aot_c_zrp_metadata_type_spec.h	backend_aot_c_zrp_copy_type_specs	interface	backend_aot_c_prune_method_def_metadata_blob	把保留 TypeSpec 行写到目标表并重算签名哈希	签名池已复制和重写后才调用	zr_vm_aot/zr_vm_parser/src/zr_vm_parser/backend_aot/backend_aot_c_zrp_metadata_type_spec.h:93;zr_vm_aot/zr_vm_parser/src/zr_vm_parser/backend_aot/backend_aot_c_zrp_metadata_type_spec.c:394;zr_vm_aot/zr_vm_parser/src/zr_vm_parser/backend_aot/backend_aot_c_zrp_metadata_prune.c:1567	no-comment	同名实现和调用点已记录细节，声明仅转发其类型契约
