file	unit	kind	callers	intent	constraints	evidence	decision	reason
zr_vm_language_server_extension/test/smoke/smokeSuite.js	RICH_DEBUG_SOURCE	state	verifyDebugIntegration;verifyDebugIntegration@zr_vm_language_server_extension/test/smoke/smokeSuite.js:2195	固定参数的调试源码用于 DAP 富状态验收	须与断点行和求值期望一致	zr_vm_language_server_extension/test/smoke/smokeSuite.js:8;zr_vm_language_server_extension/test/smoke/smokeSuite.js:2195	commented	样例说明调用链意图
zr_vm_language_server_extension/test/smoke/smokeSuite.js	CLASSES_FULL_SMOKE_SOURCE	state	verifyClassLanguageFeatures;verifyClassLanguageFeatures@zr_vm_language_server_extension/test/smoke/smokeSuite.js:1367	类与属性样例覆盖诊断、补全、定义和文档	调用方会替换类名且按文本定位 token	zr_vm_language_server_extension/test/smoke/smokeSuite.js:16;zr_vm_language_server_extension/test/smoke/smokeSuite.js:1367	commented	样例说明复用约束
zr_vm_language_server_extension/test/smoke/smokeSuite.js	PROJECT_INFERENCE_SMOKE_SOURCE	state	verifyProjectInferenceAndSemanticTokens;verifyProjectInferenceAndSemanticTokens@zr_vm_language_server_extension/test/smoke/smokeSuite.js:1012	项目导入及所有权样例验证 Hover 和语义 token	依赖 import_basic 项目环境	zr_vm_language_server_extension/test/smoke/smokeSuite.js:70;zr_vm_language_server_extension/test/smoke/smokeSuite.js:1012	commented	样例说明跨层目的
zr_vm_language_server_extension/test/smoke/smokeSuite.js	STRUCTURE_SMOKE_MAIN_SOURCE	state	verifyStructureViews;verifyStructureViews@zr_vm_language_server_extension/test/smoke/smokeSuite.js:1072	结构树入口覆盖本地和内置导入以及声明	与 helper 和 cycle 同步写入工作区	zr_vm_language_server_extension/test/smoke/smokeSuite.js:89;zr_vm_language_server_extension/test/smoke/smokeSuite.js:1072	commented	样例说明树形关系
zr_vm_language_server_extension/test/smoke/smokeSuite.js	STRUCTURE_SMOKE_HELPER_SOURCE	state	verifyStructureViews;verifyStructureViews@zr_vm_language_server_extension/test/smoke/smokeSuite.js:1073	构成可导航的工作区导入	与 cycle 循环引用	zr_vm_language_server_extension/test/smoke/smokeSuite.js:109;zr_vm_language_server_extension/test/smoke/smokeSuite.js:1073	commented	样例说明循环导入
zr_vm_language_server_extension/test/smoke/smokeSuite.js	STRUCTURE_SMOKE_CYCLE_SOURCE	state	verifyStructureViews;verifyStructureViews@zr_vm_language_server_extension/test/smoke/smokeSuite.js:1074	构成回指 helper 的循环导入	结构树不能无限递归	zr_vm_language_server_extension/test/smoke/smokeSuite.js:119;zr_vm_language_server_extension/test/smoke/smokeSuite.js:1074	commented	样例说明稳定性目的
zr_vm_language_server_extension/test/smoke/smokeSuite.js	assert	function	各 verify 场景;verifyDiagnostics@zr_vm_language_server_extension/test/smoke/smokeSuite.js:287	将 smoke 断言失败传播到 runner	condition 必须代表用户可见契约	zr_vm_language_server_extension/test/smoke/smokeSuite.js:129;zr_vm_language_server_extension/test/smoke/smokeSuite.js:287	commented	统一失败语义
zr_vm_language_server_extension/test/smoke/smokeSuite.js	sleep	function	withRetry;withRetry@zr_vm_language_server_extension/test/smoke/smokeSuite.js:160	为异步宿主轮询提供间隔	不得用于生产路径	zr_vm_language_server_extension/test/smoke/smokeSuite.js:136;zr_vm_language_server_extension/test/smoke/smokeSuite.js:160	commented	等待意图清楚
zr_vm_language_server_extension/test/smoke/smokeSuite.js	withRetry	function	各 LSP 和 DAP 场景;deleteWorkspaceEntry@zr_vm_language_server_extension/test/smoke/smokeSuite.js:224	等待最终一致的宿主和服务端状态	action 应可重复且须自行结算；当前截止时间不约束单次 await	zr_vm_language_server_extension/test/smoke/smokeSuite.js:144;zr_vm_language_server_extension/test/smoke/smokeSuite.js:149;zr_vm_language_server_extension/test/smoke/smokeSuite.js:151;zr_vm_language_server_extension/test/smoke/smokeSuite.js:142;zr_vm_language_server_extension/test/smoke/smokeSuite.js:160	TODO	不结算的宿主命令可使整组 smoke 无限等待；需宿主探针确认可取消的单次上限
zr_vm_language_server_extension/test/smoke/smokeSuite.js	summarizeRetryValue	function	withRetry;withRetry@zr_vm_language_server_extension/test/smoke/smokeSuite.js:167	限制超时错误中的结果体积	仅生成摘要不应触发请求	zr_vm_language_server_extension/test/smoke/smokeSuite.js:171;zr_vm_language_server_extension/test/smoke/smokeSuite.js:167	commented	错误报告意图清楚
zr_vm_language_server_extension/test/smoke/smokeSuite.js	findPositionBySubstring	function	语言、类、结构与调试场景;verifyLanguageFeatures@zr_vm_language_server_extension/test/smoke/smokeSuite.js:303	从样例源码定位目标 token	调用方须给出存在的片段和正确偏移	zr_vm_language_server_extension/test/smoke/smokeSuite.js:193;zr_vm_language_server_extension/test/smoke/smokeSuite.js:303	commented	定位契约清楚
zr_vm_language_server_extension/test/smoke/smokeSuite.js	openDocument	function	各场景;verifyDiagnostics@zr_vm_language_server_extension/test/smoke/smokeSuite.js:278	显示文档以触发活动编辑器相关功能	需要已准备的工作区或有效 URI	zr_vm_language_server_extension/test/smoke/smokeSuite.js:210;zr_vm_language_server_extension/test/smoke/smokeSuite.js:278	commented	宿主入口意图清楚
zr_vm_language_server_extension/test/smoke/smokeSuite.js	deleteWorkspaceEntry	function	deleteDocumentFile、结构与调试收尾;deleteDocumentFile@zr_vm_language_server_extension/test/smoke/smokeSuite.js:267	兼容本地与虚拟文件系统的清理	ignoreBusy 遇持续占用会静默遗留目录	zr_vm_language_server_extension/test/smoke/smokeSuite.js:218;zr_vm_language_server_extension/test/smoke/smokeSuite.js:267;zr_vm_language_server_extension/test/smoke/smokeSuite.js:224;zr_vm_language_server_extension/test/smoke/smokeSuite.js:239;zr_vm_language_server_extension/test/smoke/smokeSuite.js:2340;zr_vm_language_server_extension/test/smoke/smokeSuite.js:2341	BUG	ignoreBusy=true 且忙碌错误时返回成功；固定项目目录可残留
zr_vm_language_server_extension/test/smoke/smokeSuite.js	deleteDocumentFile	function	多个临时文档场景;verifyDiagnostics@zr_vm_language_server_extension/test/smoke/smokeSuite.js:289	切走活动文档后删除临时文件	需要可打开的回退文档	zr_vm_language_server_extension/test/smoke/smokeSuite.js:258;zr_vm_language_server_extension/test/smoke/smokeSuite.js:289	commented	句柄与活动编辑器约束清楚
zr_vm_language_server_extension/test/smoke/smokeSuite.js	verifyDiagnostics	function	runSmokeSuite;runSmokeSuite@zr_vm_language_server_extension/test/smoke/smokeSuite.js:2404	检验新建语法错误文档收到诊断	需要 LSP 已激活	zr_vm_language_server_extension/test/smoke/smokeSuite.js:271;zr_vm_language_server_extension/test/smoke/smokeSuite.js:2404	commented	场景目的清楚
zr_vm_language_server_extension/test/smoke/smokeSuite.js	verifyLanguageFeatures	function	runSmokeSuite;runSmokeSuite@zr_vm_language_server_extension/test/smoke/smokeSuite.js:2399	通过 VS Code 命令检验基础 LSP 与重启同步	需要 import_basic；补全结果仅检查数组形态	zr_vm_language_server_extension/test/smoke/smokeSuite.js:294;zr_vm_language_server_extension/test/smoke/smokeSuite.js:2399;zr_vm_language_server_extension/test/smoke/smokeSuite.js:342;zr_vm_language_server_extension/test/smoke/smokeSuite.js:343	BUG	补全列表为空仍通过基础补全断言
zr_vm_language_server_extension/test/smoke/smokeSuite.js	verifyAdvancedEditorProviders	function	runSmokeSuite;runSmokeSuite@zr_vm_language_server_extension/test/smoke/smokeSuite.js:2400	验证编辑器提供器与导入整理命令的可见效果	临时文档删除失败被空 catch 吞掉	zr_vm_language_server_extension/test/smoke/smokeSuite.js:400;zr_vm_language_server_extension/test/smoke/smokeSuite.js:2400;zr_vm_language_server_extension/test/smoke/smokeSuite.js:581;zr_vm_language_server_extension/test/smoke/smokeSuite.js:584	BUG	清理失败时场景可成功并留下文件
zr_vm_language_server_extension/test/smoke/smokeSuite.js	completionEntries	function	executeCompletionItems、类场景;executeCompletionItems@zr_vm_language_server_extension/test/smoke/smokeSuite.js:637	兼容补全数组与 CompletionList	无结果映射为空列表	zr_vm_language_server_extension/test/smoke/smokeSuite.js:602;zr_vm_language_server_extension/test/smoke/smokeSuite.js:637	commented	跨宿主结果形态清楚
zr_vm_language_server_extension/test/smoke/smokeSuite.js	sendRawLanguageServerRequest	function	补全、符号、定义与重命名适配;executeCompletionItems@zr_vm_language_server_extension/test/smoke/smokeSuite.js:630	直连 LSP 以分析服务端能力	请求失败返回 undefined	zr_vm_language_server_extension/test/smoke/smokeSuite.js:612;zr_vm_language_server_extension/test/smoke/smokeSuite.js:630	commented	协议探测目的清楚
zr_vm_language_server_extension/test/smoke/smokeSuite.js	executeCompletionItems	function	基础 LSP 与类补全场景;verifyLanguageFeatures@zr_vm_language_server_extension/test/smoke/smokeSuite.js:330	合并宿主与原始 LSP 补全结果	原始结果可遮蔽宿主 provider 返回空	zr_vm_language_server_extension/test/smoke/smokeSuite.js:622;zr_vm_language_server_extension/test/smoke/smokeSuite.js:330;zr_vm_language_server_extension/test/smoke/smokeSuite.js:642;zr_vm_language_server_extension/test/smoke/smokeSuite.js:643	BUG	VS Code 补全失效仍可由直连结果满足断言
zr_vm_language_server_extension/test/smoke/smokeSuite.js	executeDocumentSymbols	function	基础 LSP 与类场景;verifyLanguageFeatures@zr_vm_language_server_extension/test/smoke/smokeSuite.js:359	优先读取宿主文档符号并以直连结果补充	原始结果可遮蔽宿主 provider 返回空	zr_vm_language_server_extension/test/smoke/smokeSuite.js:653;zr_vm_language_server_extension/test/smoke/smokeSuite.js:359;zr_vm_language_server_extension/test/smoke/smokeSuite.js:658;zr_vm_language_server_extension/test/smoke/smokeSuite.js:665	BUG	VS Code 文档符号失效仍可通过
zr_vm_language_server_extension/test/smoke/smokeSuite.js	executeDefinitions	function	executeDefinitionsAtAnyPosition、类场景;executeDefinitionsAtAnyPosition@zr_vm_language_server_extension/test/smoke/smokeSuite.js:694	汇合宿主与原始定义位置	原始结果可遮蔽宿主 provider 返回空	zr_vm_language_server_extension/test/smoke/smokeSuite.js:670;zr_vm_language_server_extension/test/smoke/smokeSuite.js:694;zr_vm_language_server_extension/test/smoke/smokeSuite.js:685;zr_vm_language_server_extension/test/smoke/smokeSuite.js:686	BUG	VS Code 定义 provider 失效仍可通过
zr_vm_language_server_extension/test/smoke/smokeSuite.js	executeDefinitionsAtAnyPosition	function	verifyClassLanguageFeatures;verifyClassLanguageFeatures@zr_vm_language_server_extension/test/smoke/smokeSuite.js:1486	容纳方法调用 token 上不同光标位置	任一候选位置有定义即返回	zr_vm_language_server_extension/test/smoke/smokeSuite.js:692;zr_vm_language_server_extension/test/smoke/smokeSuite.js:1486	commented	偏移容错目的清楚
zr_vm_language_server_extension/test/smoke/smokeSuite.js	workspaceEditEntries	function	workspaceEditHasRenameEdits;workspaceEditHasRenameEdits@zr_vm_language_server_extension/test/smoke/smokeSuite.js:727	统一 VS Code 与 LSP 重命名编辑形态	仅抽取可识别的文档编辑	zr_vm_language_server_extension/test/smoke/smokeSuite.js:703;zr_vm_language_server_extension/test/smoke/smokeSuite.js:727	commented	跨协议契约清楚
zr_vm_language_server_extension/test/smoke/smokeSuite.js	workspaceEditHasRenameEdits	function	executeRenameEdit、类场景;executeRenameEdit@zr_vm_language_server_extension/test/smoke/smokeSuite.js:742	要求同文档至少两处重命名编辑	依赖新文本与路径后缀精确匹配	zr_vm_language_server_extension/test/smoke/smokeSuite.js:726;zr_vm_language_server_extension/test/smoke/smokeSuite.js:742	commented	防单点假阳性意图清楚
zr_vm_language_server_extension/test/smoke/smokeSuite.js	executeRenameEdit	function	verifyClassLanguageFeatures;verifyClassLanguageFeatures@zr_vm_language_server_extension/test/smoke/smokeSuite.js:1528	优先校验宿主重命名，不足时直连 LSP	直连结果可遮蔽宿主 provider 缺陷	zr_vm_language_server_extension/test/smoke/smokeSuite.js:735;zr_vm_language_server_extension/test/smoke/smokeSuite.js:1528;zr_vm_language_server_extension/test/smoke/smokeSuite.js:742;zr_vm_language_server_extension/test/smoke/smokeSuite.js:751	BUG	VS Code 重命名不完整仍可能通过
zr_vm_language_server_extension/test/smoke/smokeSuite.js	markdownLikeToString	function	hoverText、completionDocumentationText;markdownLikeToString@zr_vm_language_server_extension/test/smoke/smokeSuite.js:781	归一 Hover 和文档的文本形态	非字符串对象最终退化为 String	zr_vm_language_server_extension/test/smoke/smokeSuite.js:755;zr_vm_language_server_extension/test/smoke/smokeSuite.js:781	commented	跨宿主序列化目的清楚
zr_vm_language_server_extension/test/smoke/smokeSuite.js	hoverText	function	项目推断与类场景;verifyProjectInferenceAndSemanticTokens@zr_vm_language_server_extension/test/smoke/smokeSuite.js:997	聚合用户可见 Hover 文本	输入必须是响应数组	zr_vm_language_server_extension/test/smoke/smokeSuite.js:776;zr_vm_language_server_extension/test/smoke/smokeSuite.js:997	commented	断言语义清楚
zr_vm_language_server_extension/test/smoke/smokeSuite.js	completionDocumentationText	function	completionHasDocumentation;completionHasDocumentation@zr_vm_language_server_extension/test/smoke/smokeSuite.js:791	从候选项取得文档文本	允许 documentation 缺失	zr_vm_language_server_extension/test/smoke/smokeSuite.js:785;zr_vm_language_server_extension/test/smoke/smokeSuite.js:791	commented	结果形态适配清楚
zr_vm_language_server_extension/test/smoke/smokeSuite.js	completionHasDocumentation	function	verifyClassLanguageFeatures;verifyClassLanguageFeatures@zr_vm_language_server_extension/test/smoke/smokeSuite.js:1481	核对源码属性注释进入补全文档	须匹配特定样例文字	zr_vm_language_server_extension/test/smoke/smokeSuite.js:790;zr_vm_language_server_extension/test/smoke/smokeSuite.js:1481	commented	传播链目的清楚
zr_vm_language_server_extension/test/smoke/smokeSuite.js	detailText	function	仓内无调用；未导出	预留读取补全详情的宿主形态	需核查是否恢复断言或删除	zr_vm_language_server_extension/test/smoke/smokeSuite.js:796	TODO	当前文件及仓内搜索未发现使用
zr_vm_language_server_extension/test/smoke/smokeSuite.js	locationUri	function	hasLocationRange、类与结构场景;hasLocationRange@zr_vm_language_server_extension/test/smoke/smokeSuite.js:833	统一 Location 和 LocationLink 的 URI	可能返回 undefined	zr_vm_language_server_extension/test/smoke/smokeSuite.js:801;zr_vm_language_server_extension/test/smoke/smokeSuite.js:833	commented	位置适配目的清楚
zr_vm_language_server_extension/test/smoke/smokeSuite.js	locationRange	function	hasLocationRange、类场景;hasLocationRange@zr_vm_language_server_extension/test/smoke/smokeSuite.js:834	提取精确目标范围	优先目标选中范围	zr_vm_language_server_extension/test/smoke/smokeSuite.js:810;zr_vm_language_server_extension/test/smoke/smokeSuite.js:834	commented	标识符跨度目的清楚
zr_vm_language_server_extension/test/smoke/smokeSuite.js	positionEquals	function	rangeEquals;rangeEquals@zr_vm_language_server_extension/test/smoke/smokeSuite.js:826	比较零基 LSP 坐标	调用方需提供期望行列	zr_vm_language_server_extension/test/smoke/smokeSuite.js:819;zr_vm_language_server_extension/test/smoke/smokeSuite.js:826	commented	坐标约束清楚
zr_vm_language_server_extension/test/smoke/smokeSuite.js	rangeEquals	function	hasLocationRange、类场景;hasLocationRange@zr_vm_language_server_extension/test/smoke/smokeSuite.js:834	比较定义位置的完整跨度	不以同一行代替精确匹配	zr_vm_language_server_extension/test/smoke/smokeSuite.js:824;zr_vm_language_server_extension/test/smoke/smokeSuite.js:834	commented	防假阳性意图清楚
zr_vm_language_server_extension/test/smoke/smokeSuite.js	hasLocationRange	function	verifyClassLanguageFeatures;verifyClassLanguageFeatures@zr_vm_language_server_extension/test/smoke/smokeSuite.js:1399	从混合定义结果找临时样例的精确跨度	路径后缀与坐标均须匹配	zr_vm_language_server_extension/test/smoke/smokeSuite.js:831;zr_vm_language_server_extension/test/smoke/smokeSuite.js:1399	commented	断言目的清楚
zr_vm_language_server_extension/test/smoke/smokeSuite.js	hasDocumentSymbol	function	verifyClassLanguageFeatures、递归自身;hasDocumentSymbol@zr_vm_language_server_extension/test/smoke/smokeSuite.js:1542	检查类成员嵌套符号	允许树形 children	zr_vm_language_server_extension/test/smoke/smokeSuite.js:838;zr_vm_language_server_extension/test/smoke/smokeSuite.js:1542	commented	递归目的清楚
zr_vm_language_server_extension/test/smoke/smokeSuite.js	structureChildren	function	findStructureNode、findImmediateGroupNode、结构场景;findStructureNode@zr_vm_language_server_extension/test/smoke/smokeSuite.js:872	把缺失 children 视为叶节点	只读取数组 children	zr_vm_language_server_extension/test/smoke/smokeSuite.js:849;zr_vm_language_server_extension/test/smoke/smokeSuite.js:872	commented	树遍历前提清楚
zr_vm_language_server_extension/test/smoke/smokeSuite.js	findImmediateStructureNode	function	findImmediateGroupNode、结构场景;findImmediateGroupNode@zr_vm_language_server_extension/test/smoke/smokeSuite.js:888	限定结构树的直接子级查找	不能跨层级匹配同名节点	zr_vm_language_server_extension/test/smoke/smokeSuite.js:854;zr_vm_language_server_extension/test/smoke/smokeSuite.js:888	commented	层级约束清楚
zr_vm_language_server_extension/test/smoke/smokeSuite.js	findStructureNode	function	结构场景、递归自身;findStructureNode@zr_vm_language_server_extension/test/smoke/smokeSuite.js:1115	在允许嵌套的结构树中寻找节点	须处理空子树和循环样例的有限快照	zr_vm_language_server_extension/test/smoke/smokeSuite.js:859;zr_vm_language_server_extension/test/smoke/smokeSuite.js:1115	commented	树形查找意图清楚
zr_vm_language_server_extension/test/smoke/smokeSuite.js	commandArguments	function	verifyStructureViews;commandArguments@zr_vm_language_server_extension/test/smoke/smokeSuite.js:1223	标准化结构节点导航命令参数	无参数节点使用空数组	zr_vm_language_server_extension/test/smoke/smokeSuite.js:882;zr_vm_language_server_extension/test/smoke/smokeSuite.js:1223	commented	命令调用约束清楚
zr_vm_language_server_extension/test/smoke/smokeSuite.js	findImmediateGroupNode	function	verifyStructureViews;verifyStructureViews@zr_vm_language_server_extension/test/smoke/smokeSuite.js:1112	要求指定分组直接属于文件或项目节点	依赖 group nodeType 与标签	zr_vm_language_server_extension/test/smoke/smokeSuite.js:887;zr_vm_language_server_extension/test/smoke/smokeSuite.js:1112	commented	层级断言清楚
zr_vm_language_server_extension/test/smoke/smokeSuite.js	verifyActiveSelection	function	仓内无调用；未导出	预留验证导航后的活动光标	需核查是否合并内嵌等待逻辑	zr_vm_language_server_extension/test/smoke/smokeSuite.js:896	TODO	当前结构场景内嵌相同等待，辅助函数未使用
zr_vm_language_server_extension/test/smoke/smokeSuite.js	semanticTokenData	function	decodeSemanticTokens、项目推断场景;decodeSemanticTokens@zr_vm_language_server_extension/test/smoke/smokeSuite.js:931	统一数组或类数组 token 数据	缺失 data 视为空	zr_vm_language_server_extension/test/smoke/smokeSuite.js:913;zr_vm_language_server_extension/test/smoke/smokeSuite.js:931	commented	宿主形态约束清楚
zr_vm_language_server_extension/test/smoke/smokeSuite.js	decodeSemanticTokens	function	verifyProjectInferenceAndSemanticTokens;verifyProjectInferenceAndSemanticTokens@zr_vm_language_server_extension/test/smoke/smokeSuite.js:1049	还原 LSP 增量坐标并取得源码文本	依赖五元组及 legend 同步	zr_vm_language_server_extension/test/smoke/smokeSuite.js:930;zr_vm_language_server_extension/test/smoke/smokeSuite.js:1049	commented	协议解码目的清楚
zr_vm_language_server_extension/test/smoke/smokeSuite.js	hasSemanticToken	function	verifyProjectInferenceAndSemanticTokens;verifyProjectInferenceAndSemanticTokens@zr_vm_language_server_extension/test/smoke/smokeSuite.js:1050	同时核对 token 类别和源码文字	不能只检查非空 token 列表	zr_vm_language_server_extension/test/smoke/smokeSuite.js:958;zr_vm_language_server_extension/test/smoke/smokeSuite.js:1050	commented	分类断言清楚
zr_vm_language_server_extension/test/smoke/smokeSuite.js	sanitizeNetworkLoopbackDebugSource	function	verifyDebugIntegration;verifyDebugIntegration@zr_vm_language_server_extension/test/smoke/smokeSuite.js:2208	复用网络多模块样例但避免无关运行期调用	依赖样例文本仍含目标片段	zr_vm_language_server_extension/test/smoke/smokeSuite.js:964;zr_vm_language_server_extension/test/smoke/smokeSuite.js:2208	commented	调试 source 请求的样例裁剪目的清楚
zr_vm_language_server_extension/test/smoke/smokeSuite.js	verifyProjectInferenceAndSemanticTokens	function	runSmokeSuite;runSmokeSuite@zr_vm_language_server_extension/test/smoke/smokeSuite.js:2401	核对导入来源 Hover 与所有权样例的语义分类	依赖 import_basic 项目和临时文件	zr_vm_language_server_extension/test/smoke/smokeSuite.js:972;zr_vm_language_server_extension/test/smoke/smokeSuite.js:2401	commented	跨层场景目的清楚
zr_vm_language_server_extension/test/smoke/smokeSuite.js	verifyStructureViews	function	runSmokeSuite;runSmokeSuite@zr_vm_language_server_extension/test/smoke/smokeSuite.js:2403	覆盖活动文件、选中项目树及导航	依赖初始项目和内部检查命令	zr_vm_language_server_extension/test/smoke/smokeSuite.js:1062;zr_vm_language_server_extension/test/smoke/smokeSuite.js:2403	commented	视图用户路径清楚
zr_vm_language_server_extension/test/smoke/smokeSuite.js	verifyClassLanguageFeatures	function	runSmokeSuite;runSmokeSuite@zr_vm_language_server_extension/test/smoke/smokeSuite.js:2402	覆盖类诊断、补全、定义、引用、重命名	所有请求须针对同一时间戳样例	zr_vm_language_server_extension/test/smoke/smokeSuite.js:1359;zr_vm_language_server_extension/test/smoke/smokeSuite.js:2402	commented	类语言服务场景清楚
zr_vm_language_server_extension/test/smoke/smokeSuite.js	waitForDebugEvent	function	verifyProjectActions、verifyLaunchDebugSession、verifyAttachDebugSession;verifyProjectActions@zr_vm_language_server_extension/test/smoke/smokeSuite.js:1921	在启动前订阅 DAP 事件避免竞态	启动失败后 Promise 无取消路径	zr_vm_language_server_extension/test/smoke/smokeSuite.js:1556;zr_vm_language_server_extension/test/smoke/smokeSuite.js:1921;zr_vm_language_server_extension/test/smoke/smokeSuite.js:1581;zr_vm_language_server_extension/test/smoke/smokeSuite.js:1583	BUG	启动抛错后超时拒绝可能未处理
zr_vm_language_server_extension/test/smoke/smokeSuite.js	waitForDebugSessionEnd	function	verifyLaunchDebugSession、verifyAttachDebugSession;verifyLaunchDebugSession@zr_vm_language_server_extension/test/smoke/smokeSuite.js:2055	等待特定会话终止	已终止时应立即返回	zr_vm_language_server_extension/test/smoke/smokeSuite.js:1589;zr_vm_language_server_extension/test/smoke/smokeSuite.js:2055	commented	生命周期等待清楚
zr_vm_language_server_extension/test/smoke/smokeSuite.js	startExternalDebugTarget	function	verifyDebugIntegration;verifyDebugIntegration@zr_vm_language_server_extension/test/smoke/smokeSuite.js:2346	启动回环端口上的外部 CLI 供 attach	成功后调用方必须终止子进程	zr_vm_language_server_extension/test/smoke/smokeSuite.js:1619;zr_vm_language_server_extension/test/smoke/smokeSuite.js:2346	commented	资源所有权清楚
zr_vm_language_server_extension/test/smoke/smokeSuite.js	startExternalDebugTarget.finish	function	startExternalDebugTarget 的 stdout、exit、error 回调;startExternalDebugTarget@zr_vm_language_server_extension/test/smoke/smokeSuite.js:1661	归并端点发现及启动失败	只能在该 Promise 生命周期内使用	zr_vm_language_server_extension/test/smoke/smokeSuite.js:1646;zr_vm_language_server_extension/test/smoke/smokeSuite.js:1661	commented	异步完成意图清楚
zr_vm_language_server_extension/test/smoke/smokeSuite.js	verifyDebugStateInspection	function	verifyLaunchDebugSession;verifyLaunchDebugSession@zr_vm_language_server_extension/test/smoke/smokeSuite.js:2049	在断点处核对 DAP 栈和变量	需要暂停会话及对应源文件	zr_vm_language_server_extension/test/smoke/smokeSuite.js:1687;zr_vm_language_server_extension/test/smoke/smokeSuite.js:2049	commented	调试检查目的清楚
zr_vm_language_server_extension/test/smoke/smokeSuite.js	debugVariableByName	function	verifyRichDebugInspection;verifyRichDebugInspection@zr_vm_language_server_extension/test/smoke/smokeSuite.js:1763	按变量名读取 DAP 结果	无匹配返回 undefined	zr_vm_language_server_extension/test/smoke/smokeSuite.js:1721;zr_vm_language_server_extension/test/smoke/smokeSuite.js:1763	commented	富调试断言辅助契约清楚
zr_vm_language_server_extension/test/smoke/smokeSuite.js	readDebugVariables	function	readDebugScopeVariables、verifyRichDebugInspection;readDebugScopeVariables@zr_vm_language_server_extension/test/smoke/smokeSuite.js:1741	展开 DAP 变量引用	缺失数组视为空集合	zr_vm_language_server_extension/test/smoke/smokeSuite.js:1726;zr_vm_language_server_extension/test/smoke/smokeSuite.js:1741	commented	协议响应适配清楚
zr_vm_language_server_extension/test/smoke/smokeSuite.js	readDebugScopeVariables	function	verifyRichDebugInspection;verifyRichDebugInspection@zr_vm_language_server_extension/test/smoke/smokeSuite.js:1760	要求命名作用域可展开	需要有效 frameId	zr_vm_language_server_extension/test/smoke/smokeSuite.js:1734;zr_vm_language_server_extension/test/smoke/smokeSuite.js:1760	commented	作用域约束清楚
zr_vm_language_server_extension/test/smoke/smokeSuite.js	verifyRichDebugInspection	function	verifyLaunchDebugSession 的 onStopped 回调;verifyDebugIntegration@zr_vm_language_server_extension/test/smoke/smokeSuite.js:2276	检验参数、全局展开和暂停求值	需要 rich 项目的断点暂停	zr_vm_language_server_extension/test/smoke/smokeSuite.js:1745;zr_vm_language_server_extension/test/smoke/smokeSuite.js:2276	commented	富调试目的清楚
zr_vm_language_server_extension/test/smoke/smokeSuite.js	withPatchedWindowMethod	function	selectProjectByLabel、结构与 attach 场景;verifyStructureViews@zr_vm_language_server_extension/test/smoke/smokeSuite.js:1313	替换交互入口获得确定性输入	action 完成后恢复宿主原方法	zr_vm_language_server_extension/test/smoke/smokeSuite.js:1793;zr_vm_language_server_extension/test/smoke/smokeSuite.js:1313	commented	宿主共享状态约束清楚
zr_vm_language_server_extension/test/smoke/smokeSuite.js	selectProjectByLabel	function	基础 LSP、项目推断、编辑器场景;verifyLanguageFeatures@zr_vm_language_server_extension/test/smoke/smokeSuite.js:300	将项目选择固定为指定标签	所需项目须在候选列表中	zr_vm_language_server_extension/test/smoke/smokeSuite.js:1811;zr_vm_language_server_extension/test/smoke/smokeSuite.js:300	commented	项目上下文目的清楚
zr_vm_language_server_extension/test/smoke/smokeSuite.js	withPatchedObjectMethod	function	verifyProjectActions;verifyProjectActions@zr_vm_language_server_extension/test/smoke/smokeSuite.js:1888	截获 VS Code 任务构造而不实际运行项目	action 完成后恢复 executeTask	zr_vm_language_server_extension/test/smoke/smokeSuite.js:1819;zr_vm_language_server_extension/test/smoke/smokeSuite.js:1888	commented	副作用隔离目的清楚
zr_vm_language_server_extension/test/smoke/smokeSuite.js	verifyProjectActions	function	verifyProjectActionIntegration;verifyProjectActionIntegration@zr_vm_language_server_extension/test/smoke/smokeSuite.js:1978	验收项目动作目标、CLI 配置和调试启动	切到 .zr 后才做声称的 .zrp 活动状态检查	zr_vm_language_server_extension/test/smoke/smokeSuite.js:1838;zr_vm_language_server_extension/test/smoke/smokeSuite.js:1978;zr_vm_language_server_extension/test/smoke/smokeSuite.js:1843;zr_vm_language_server_extension/test/smoke/smokeSuite.js:1845;zr_vm_language_server_extension/test/smoke/smokeSuite.js:1855	BUG	.zrp 活动编辑器路径未被该检查覆盖
zr_vm_language_server_extension/test/smoke/smokeSuite.js	verifyProjectActionIntegration	function	runSmokeSuite、verifyDebugIntegration;verifyDebugIntegration@zr_vm_language_server_extension/test/smoke/smokeSuite.js:2180	先核对打包 CLI 与命令贡献再验收项目动作	需要桌面打包产物	zr_vm_language_server_extension/test/smoke/smokeSuite.js:1960;zr_vm_language_server_extension/test/smoke/smokeSuite.js:2180	commented	前置检查目的清楚
zr_vm_language_server_extension/test/smoke/smokeSuite.js	verifyLaunchDebugSession	function	verifyDebugIntegration;verifyDebugIntegration@zr_vm_language_server_extension/test/smoke/smokeSuite.js:2228	复用 launch 订阅、暂停、检查与终止流程	启动失败时预注册事件 Promise 可能超时拒绝	zr_vm_language_server_extension/test/smoke/smokeSuite.js:1983;zr_vm_language_server_extension/test/smoke/smokeSuite.js:2228;zr_vm_language_server_extension/test/smoke/smokeSuite.js:2000;zr_vm_language_server_extension/test/smoke/smokeSuite.js:2002	BUG	waitForDebugEvent 无取消导致错误链外的拒绝
zr_vm_language_server_extension/test/smoke/smokeSuite.js	verifyAttachDebugSession	function	verifyDebugIntegration;verifyDebugIntegration@zr_vm_language_server_extension/test/smoke/smokeSuite.js:2348	复用 attach 入口暂停及断开流程	启动失败时预注册事件 Promise 可能超时拒绝	zr_vm_language_server_extension/test/smoke/smokeSuite.js:2073;zr_vm_language_server_extension/test/smoke/smokeSuite.js:2348;zr_vm_language_server_extension/test/smoke/smokeSuite.js:2081;zr_vm_language_server_extension/test/smoke/smokeSuite.js:2084	BUG	waitForDebugEvent 无取消导致错误链外的拒绝
zr_vm_language_server_extension/test/smoke/smokeSuite.js	verifyInvalidAttachEndpointRejected	function	verifyDebugIntegration;verifyDebugIntegration@zr_vm_language_server_extension/test/smoke/smokeSuite.js:2344	验收非回环端点被拒且显示错误	需临时截获 showErrorMessage	zr_vm_language_server_extension/test/smoke/smokeSuite.js:2116;zr_vm_language_server_extension/test/smoke/smokeSuite.js:2344	commented	负例用户路径清楚
zr_vm_language_server_extension/test/smoke/smokeSuite.js	verifyDebugIntegration	function	runSmokeSuite;runSmokeSuite@zr_vm_language_server_extension/test/smoke/smokeSuite.js:2414	打通打包 CLI、DAP launch、source 与 attach	依赖 import_basic 和相邻 network_loopback 样例	zr_vm_language_server_extension/test/smoke/smokeSuite.js:2139;zr_vm_language_server_extension/test/smoke/smokeSuite.js:2414	commented	桌面调试链路清楚
zr_vm_language_server_extension/test/smoke/smokeSuite.js	runSmokeSuite	function	electronRunner.run;zr_vm_language_server_extension/test/smoke/electronRunner.js:7	按 focus 分发桌面宿主 smoke 场景	未知 focus 全跳过；expectedMode 未比较实际模式	zr_vm_language_server_extension/test/smoke/smokeSuite.js:2385;zr_vm_language_server_extension/test/smoke/electronRunner.js:7;zr_vm_language_server_extension/test/smoke/smokeSuite.js:2394;zr_vm_language_server_extension/test/smoke/smokeSuite.js:2398;zr_vm_language_server_extension/test/smoke/smokeSuite.js:2413	BUG	两种输入均可能造成假阳性
zr_vm_language_server_extension/test/smoke/smokeSuite.js	uriPath	function	定义、引用、结构导航断言;verifyLanguageFeatures@zr_vm_language_server_extension/test/smoke/smokeSuite.js:314	统一 URI 与字符串路径后缀比较	需要非空有效 URI	zr_vm_language_server_extension/test/smoke/smokeSuite.js:2419;zr_vm_language_server_extension/test/smoke/smokeSuite.js:314	commented	路径比较契约清楚
zr_vm_language_server_extension/test/smoke/smokeSuite.js	normalizePath	function	DAP 栈源路径断言;verifyDebugStateInspection@zr_vm_language_server_extension/test/smoke/smokeSuite.js:1694	统一分隔符以比较宿主路径	大小写敏感文件系统不可无条件转小写	zr_vm_language_server_extension/test/smoke/smokeSuite.js:2425;zr_vm_language_server_extension/test/smoke/smokeSuite.js:1694;zr_vm_language_server_extension/test/smoke/smokeSuite.js:2426	BUG	错误大小写路径可被误判为相同
zr_vm_language_server_extension/test/smoke/smokeSuite.js	verifyAdvancedEditorProviders.cleanup	block	verifyAdvancedEditorProviders finally	所有临时编辑器文档均应在测试后删除	删除异常被空 catch 吞掉	zr_vm_language_server_extension/test/smoke/smokeSuite.js:581;zr_vm_language_server_extension/test/smoke/smokeSuite.js:584	BUG	文件残留时场景仍可通过
zr_vm_language_server_extension/test/smoke/smokeSuite.js	verifyLanguageFeatures.completionShape	block	verifyLanguageFeatures	基础补全应验证可用候选而非仅返回形态	空数组仍满足断言	zr_vm_language_server_extension/test/smoke/smokeSuite.js:342;zr_vm_language_server_extension/test/smoke/smokeSuite.js:343	BUG	基本补全功能失效可假阳性
zr_vm_language_server_extension/test/smoke/smokeSuite.js	verifyProjectActions.zrpEditor	block	verifyProjectActions	检验 .zrp 活动编辑器的项目动作可见性	检查前已激活 .zr 文档	zr_vm_language_server_extension/test/smoke/smokeSuite.js:1853;zr_vm_language_server_extension/test/smoke/smokeSuite.js:1845;zr_vm_language_server_extension/test/smoke/smokeSuite.js:1855	BUG	实际未覆盖声明场景
zr_vm_language_server_extension/test/smoke/smokeSuite.js	runSmokeSuite.expectedMode	block	runSmokeSuite	校验期望运行模式与活动服务端一致	当前只验证枚举成员	zr_vm_language_server_extension/test/smoke/smokeSuite.js:2393;zr_vm_language_server_extension/test/smoke/smokeSuite.js:2394	BUG	错误模式也可能通过
zr_vm_language_server_extension/test/smoke/smokeSuite.js	runSmokeSuite.focus	block	runSmokeSuite	确保 focus 至少执行一个约定场景	未知值不进入任何分支	zr_vm_language_server_extension/test/smoke/smokeSuite.js:2397;zr_vm_language_server_extension/test/smoke/smokeSuite.js:2413	BUG	零场景成功返回
zr_vm_language_server_extension/test/smoke/smokeSuite.js	waitForDebugEvent.createDebugAdapterTracker	function	waitForDebugEvent 中 VS Code 调试 tracker factory;zr_vm_language_server_extension/test/smoke/smokeSuite.js:1558	在调试会话建立时创建目标事件订阅器	expectedSessionId 由现有调用方传 undefined；并行 ZR 会话可能误匹配	zr_vm_language_server_extension/test/smoke/smokeSuite.js:1560;zr_vm_language_server_extension/test/smoke/smokeSuite.js:1562;zr_vm_language_server_extension/test/smoke/smokeSuite.js:2000	BUG	所有调用方未指定会话 ID，过滤分支不执行
zr_vm_language_server_extension/test/smoke/smokeSuite.js	waitForDebugEvent.onDidSendMessage	function	VS Code DAP tracker 收到消息;zr_vm_language_server_extension/test/smoke/smokeSuite.js:1568	仅在目标 DAP 事件到达时结束等待	依赖外层 tracker 的会话筛选；当前调用方未传 ID	zr_vm_language_server_extension/test/smoke/smokeSuite.js:1568;zr_vm_language_server_extension/test/smoke/smokeSuite.js:1569;zr_vm_language_server_extension/test/smoke/smokeSuite.js:1562	BUG	其他会话同名事件可提前解除等待
zr_vm_language_server_extension/test/smoke/smokeSuite.js	waitForDebugEvent.timeout	function	waitForDebugEvent 在 zr_vm_language_server_extension/test/smoke/smokeSuite.js:1581 注册 setTimeout 回调	在指定期限释放 tracker 并报告缺失事件	启动失败后的拒绝仍需调用方消费	zr_vm_language_server_extension/test/smoke/smokeSuite.js:1555;zr_vm_language_server_extension/test/smoke/smokeSuite.js:1581;zr_vm_language_server_extension/test/smoke/smokeSuite.js:1583;zr_vm_language_server_extension/test/smoke/smokeSuite.js:2019	BUG	启动错误后该计时器仍会拒绝 Promise
zr_vm_language_server_extension/test/smoke/smokeSuite.js	waitForDebugSessionEnd.onDidTerminateDebugSession	function	VS Code 终止事件;zr_vm_language_server_extension/test/smoke/smokeSuite.js:1601	仅目标 session 终止时解除等待	需要订阅前会话仍为活动状态	zr_vm_language_server_extension/test/smoke/smokeSuite.js:1601;zr_vm_language_server_extension/test/smoke/smokeSuite.js:1602;zr_vm_language_server_extension/test/smoke/smokeSuite.js:1594	commented	回调中检查 session.id
zr_vm_language_server_extension/test/smoke/smokeSuite.js	startExternalDebugTarget.stdoutData	function	startExternalDebugTarget 注册 stdout 事件;zr_vm_language_server_extension/test/smoke/smokeSuite.js:1656	从外部调试目标的输出发现动态回环端点	只有首次解析端点可交付子进程	zr_vm_language_server_extension/test/smoke/smokeSuite.js:1656;zr_vm_language_server_extension/test/smoke/smokeSuite.js:1658;zr_vm_language_server_extension/test/smoke/smokeSuite.js:1661	commented	端点交付与资源归属已说明
zr_vm_language_server_extension/test/smoke/smokeSuite.js	startExternalDebugTarget.stderrData	function	startExternalDebugTarget 注册 stderr 事件;zr_vm_language_server_extension/test/smoke/smokeSuite.js:1668	保留失败前日志供异常报告	日志仅服务于目标创建失败诊断	zr_vm_language_server_extension/test/smoke/smokeSuite.js:1668;zr_vm_language_server_extension/test/smoke/smokeSuite.js:1669;zr_vm_language_server_extension/test/smoke/smokeSuite.js:1641	commented	回调说明失败语义
zr_vm_language_server_extension/test/smoke/smokeSuite.js	startExternalDebugTarget.exit	function	startExternalDebugTarget 注册 exit 事件;zr_vm_language_server_extension/test/smoke/smokeSuite.js:1672	端点尚未就绪时将提前退出转为场景失败	成功交付端点后退出由 attach 场景处理	zr_vm_language_server_extension/test/smoke/smokeSuite.js:1672;zr_vm_language_server_extension/test/smoke/smokeSuite.js:1673;zr_vm_language_server_extension/test/smoke/smokeSuite.js:1674	commented	回调说明生命周期
zr_vm_language_server_extension/test/smoke/smokeSuite.js	startExternalDebugTarget.error	function	startExternalDebugTarget 注册 error 事件;zr_vm_language_server_extension/test/smoke/smokeSuite.js:1678	把进程启动失败传给 attach 测试	成功交付端点后不能再次改变 Promise 结果	zr_vm_language_server_extension/test/smoke/smokeSuite.js:1678;zr_vm_language_server_extension/test/smoke/smokeSuite.js:1679;zr_vm_language_server_extension/test/smoke/smokeSuite.js:1680	commented	回调说明错误来源
zr_vm_language_server_extension/test/smoke/smokeSuite.js	verifyDebugIntegration.richOnInitialStopped	function	verifyDebugIntegration 传给 verifyLaunchDebugSession;zr_vm_language_server_extension/test/smoke/smokeSuite.js:2246	入口暂停时用运行期源路径设置富调试源码断点	须在继续执行前完成 setBreakpoints	zr_vm_language_server_extension/test/smoke/smokeSuite.js:2256;zr_vm_language_server_extension/test/smoke/smokeSuite.js:2260;zr_vm_language_server_extension/test/smoke/smokeSuite.js:2038	commented	回调注释说明顺序目的
zr_vm_language_server_extension/test/smoke/smokeSuite.js	verifyDebugIntegration.sourceOnStopped	function	verifyDebugIntegration 传给 verifyLaunchDebugSession;zr_vm_language_server_extension/test/smoke/smokeSuite.js:2306	暂停态请求项目依赖模块源码	依赖复制的 network_loopback/lib.zr	zr_vm_language_server_extension/test/smoke/smokeSuite.js:2315;zr_vm_language_server_extension/test/smoke/smokeSuite.js:2316;zr_vm_language_server_extension/test/smoke/smokeSuite.js:2215	commented	回调注释说明 DAP source 目的
zr_vm_language_server_extension/test/smoke/smokeSuite.js	verifyClassLanguageFeatures.scoreBoardCompletionAction	function	verifyClassLanguageFeatures 传给 withRetry;zr_vm_language_server_extension/test/smoke/smokeSuite.js:1459	汇总点号前后两个编辑器位置的静态属性补全	任一位置出现 bonus 即满足轮询；请求仍须可重复	zr_vm_language_server_extension/test/smoke/smokeSuite.js:1458;zr_vm_language_server_extension/test/smoke/smokeSuite.js:1460;zr_vm_language_server_extension/test/smoke/smokeSuite.js:1461;zr_vm_language_server_extension/test/smoke/smokeSuite.js:1462	commented	双位置聚合契约明确
zr_vm_language_server_extension/test/smoke/smokeSuite.js	verifyProjectActions.captureCurrentTask	function	verifyProjectActions 传给 withPatchedObjectMethod;zr_vm_language_server_extension/test/smoke/smokeSuite.js:1888	截获当前项目命令交给 VS Code 的任务而不运行 CLI	替身只在当前 action 生命周期有效	zr_vm_language_server_extension/test/smoke/smokeSuite.js:1887;zr_vm_language_server_extension/test/smoke/smokeSuite.js:1888;zr_vm_language_server_extension/test/smoke/smokeSuite.js:1889;zr_vm_language_server_extension/test/smoke/smokeSuite.js:1894	commented	任务替身目的已说明
zr_vm_language_server_extension/test/smoke/smokeSuite.js	verifyProjectActions.runCurrentProjectAction	function	withPatchedObjectMethod 调用 action;zr_vm_language_server_extension/test/smoke/smokeSuite.js:1827	从真实用户命令入口触发当前项目任务构造	必须处于 executeTask 被替换的窗口	zr_vm_language_server_extension/test/smoke/smokeSuite.js:1893;zr_vm_language_server_extension/test/smoke/smokeSuite.js:1894;zr_vm_language_server_extension/test/smoke/smokeSuite.js:1888	commented	任务构造与副作用隔离清楚
zr_vm_language_server_extension/test/smoke/smokeSuite.js	verifyProjectActions.captureSelectedTask	function	verifyProjectActions 传给 withPatchedObjectMethod;zr_vm_language_server_extension/test/smoke/smokeSuite.js:1905	截获显式选中项目命令交给 VS Code 的任务	替身只在当前 action 生命周期有效	zr_vm_language_server_extension/test/smoke/smokeSuite.js:1904;zr_vm_language_server_extension/test/smoke/smokeSuite.js:1905;zr_vm_language_server_extension/test/smoke/smokeSuite.js:1906;zr_vm_language_server_extension/test/smoke/smokeSuite.js:1911	commented	与当前项目入口分别验证
zr_vm_language_server_extension/test/smoke/smokeSuite.js	verifyProjectActions.runSelectedProjectAction	function	withPatchedObjectMethod 调用 action;zr_vm_language_server_extension/test/smoke/smokeSuite.js:1827	从真实用户命令入口触发显式选中项目任务构造	必须处于 executeTask 被替换的窗口	zr_vm_language_server_extension/test/smoke/smokeSuite.js:1910;zr_vm_language_server_extension/test/smoke/smokeSuite.js:1911;zr_vm_language_server_extension/test/smoke/smokeSuite.js:1905	commented	任务入口意图清楚
zr_vm_language_server_extension/test/smoke/smokeSuite.js	verifyLaunchDebugSession.postEntryStoppedPredicate	function	verifyLaunchDebugSession 传给 waitForDebugEvent;zr_vm_language_server_extension/test/smoke/smokeSuite.js:2006	跳过入口暂停事件并等待断点对应的第二次 stopped	依赖 tracker 只接收目标会话；当前 ID 未提供	zr_vm_language_server_extension/test/smoke/smokeSuite.js:2004;zr_vm_language_server_extension/test/smoke/smokeSuite.js:2011;zr_vm_language_server_extension/test/smoke/smokeSuite.js:2013;zr_vm_language_server_extension/test/smoke/smokeSuite.js:1559	commented	双暂停顺序说明清楚；会话过滤缺陷另见 tracker 行
zr_vm_language_server_extension/test/smoke/smokeSuite.js	verifyDebugIntegration.currentProjectStartSession	function	verifyDebugIntegration 传给 verifyLaunchDebugSession;zr_vm_language_server_extension/test/smoke/smokeSuite.js:2292	从 zr.debugCurrentProject 命令启动会话以覆盖项目动作调试入口	命令返回 void；通用探针等待活动会话	zr_vm_language_server_extension/test/smoke/smokeSuite.js:2299;zr_vm_language_server_extension/test/smoke/smokeSuite.js:2300;zr_vm_language_server_extension/test/smoke/smokeSuite.js:2301;zr_vm_language_server_extension/test/smoke/smokeSuite.js:2019	commented	命令与会话观察分工清楚
zr_vm_language_server_extension/test/smoke/smokeSuite.js	verifyDebugIntegration.attachCommandStartSession	function	verifyDebugIntegration 传给 verifyAttachDebugSession;zr_vm_language_server_extension/test/smoke/smokeSuite.js:2365	从交互式 attach 命令验证端点输入到实际会话建立	端点由前面启动的 CLI 提供	zr_vm_language_server_extension/test/smoke/smokeSuite.js:2368;zr_vm_language_server_extension/test/smoke/smokeSuite.js:2369;zr_vm_language_server_extension/test/smoke/smokeSuite.js:2370;zr_vm_language_server_extension/test/smoke/smokeSuite.js:2084	commented	交互入口与连接检验链路清楚
zr_vm_language_server_extension/test/smoke/smokeSuite.js	verifyDebugIntegration.attachInputBoxReplacement	function	attachCommandStartSession 传给 withPatchedWindowMethod;zr_vm_language_server_extension/test/smoke/smokeSuite.js:2369	确定性地把外部 CLI 回环端点交给输入框请求	只在命令执行窗口替换宿主交互	zr_vm_language_server_extension/test/smoke/smokeSuite.js:2369;zr_vm_language_server_extension/test/smoke/smokeSuite.js:2370;zr_vm_language_server_extension/test/smoke/smokeSuite.js:1793	commented	交互替身目的明确
zr_vm_language_server_extension/test/smoke/smokeSuite.js	waitForDebugSessionEnd.timeout	function	waitForDebugSessionEnd 注册定时器;zr_vm_language_server_extension/test/smoke/smokeSuite.js:1599	期限内没有目标会话终止时解除监听并拒绝等待	不能把其他会话结束视作成功	zr_vm_language_server_extension/test/smoke/smokeSuite.js:1609;zr_vm_language_server_extension/test/smoke/smokeSuite.js:1610;zr_vm_language_server_extension/test/smoke/smokeSuite.js:1611;zr_vm_language_server_extension/test/smoke/smokeSuite.js:1602	commented	超时回收监听器目的明确
zr_vm_language_server_extension/test/smoke/smokeSuite.js	startExternalDebugTarget.timeout	function	startExternalDebugTarget 注册定时器;zr_vm_language_server_extension/test/smoke/smokeSuite.js:1638	端点迟迟未发布时终止外部 CLI 并报告日志	失败路径拥有子进程关闭责任	zr_vm_language_server_extension/test/smoke/smokeSuite.js:1637;zr_vm_language_server_extension/test/smoke/smokeSuite.js:1638;zr_vm_language_server_extension/test/smoke/smokeSuite.js:1640;zr_vm_language_server_extension/test/smoke/smokeSuite.js:1641	commented	超时资源所有权已说明
zr_vm_language_server_extension/test/smoke/smokeSuite.js	sleep.promiseExecutor@137_23	function	sleep 在 zr_vm_language_server_extension/test/smoke/smokeSuite.js:137 构造 Promise 时同步执行	把定时器到期转为异步重试间隔	只在 withRetry 的轮询间隔使用	zr_vm_language_server_extension/test/smoke/smokeSuite.js:137	no-comment	sleep 的既有注释说明轮询间隔；该 executor 仅把定时器完成转为 Promise
zr_vm_language_server_extension/test/smoke/smokeSuite.js	deleteWorkspaceEntry.retryAction@225_17	function	deleteWorkspaceEntry 在 zr_vm_language_server_extension/test/smoke/smokeSuite.js:225 传给 withRetry，后者于 zr_vm_language_server_extension/test/smoke/smokeSuite.js:151 调用	重试删除本地项目目录，确认后续场景不会继承旧文件	删除完成才报告 true；文件句柄忙碌由 withRetry 再试或按 ignoreBusy 规则处理	zr_vm_language_server_extension/test/smoke/smokeSuite.js:225;zr_vm_language_server_extension/test/smoke/smokeSuite.js:151;zr_vm_language_server_extension/test/smoke/smokeSuite.js:226;zr_vm_language_server_extension/test/smoke/smokeSuite.js:216	no-comment	deleteWorkspaceEntry 已说明本地目录收尾与 Windows 句柄限制；块体仅调用 fs 删除并返回结果
zr_vm_language_server_extension/test/smoke/smokeSuite.js	deleteWorkspaceEntry.readyPredicate@234_17	function	deleteWorkspaceEntry 在 zr_vm_language_server_extension/test/smoke/smokeSuite.js:234 传给 withRetry，后者于 zr_vm_language_server_extension/test/smoke/smokeSuite.js:153 调用	把 delete {uri.fsPath} 的预期结果作为项目收尾删除场景停止轮询的条件	不满足时继续重试；当前判据：value === true	zr_vm_language_server_extension/test/smoke/smokeSuite.js:234;zr_vm_language_server_extension/test/smoke/smokeSuite.js:153	no-comment	现有场景注释说明为何等待；该谓词的显式条件足以表达结束轮询的门槛
zr_vm_language_server_extension/test/smoke/smokeSuite.js	deleteWorkspaceEntry.retryAction@247_9	function	deleteWorkspaceEntry 在 zr_vm_language_server_extension/test/smoke/smokeSuite.js:247 传给 withRetry，后者于 zr_vm_language_server_extension/test/smoke/smokeSuite.js:151 调用	重试通过 VS Code 文件系统删除非本地工作区条目	删除完成才报告 true；使用 URI 而非本地路径，失败由 withRetry 处理	zr_vm_language_server_extension/test/smoke/smokeSuite.js:247;zr_vm_language_server_extension/test/smoke/smokeSuite.js:151;zr_vm_language_server_extension/test/smoke/smokeSuite.js:248;zr_vm_language_server_extension/test/smoke/smokeSuite.js:216	no-comment	deleteWorkspaceEntry 已说明虚拟文件系统收尾；块体仅调用 VS Code 删除入口并返回结果
zr_vm_language_server_extension/test/smoke/smokeSuite.js	deleteWorkspaceEntry.readyPredicate@251_9	function	deleteWorkspaceEntry 在 zr_vm_language_server_extension/test/smoke/smokeSuite.js:251 传给 withRetry，后者于 zr_vm_language_server_extension/test/smoke/smokeSuite.js:153 调用	把 delete {uri.toString()} 的预期结果作为项目收尾删除场景停止轮询的条件	不满足时继续重试；当前判据：value === true	zr_vm_language_server_extension/test/smoke/smokeSuite.js:251;zr_vm_language_server_extension/test/smoke/smokeSuite.js:153	no-comment	现有场景注释说明为何等待；该谓词的显式条件足以表达结束轮询的门槛
zr_vm_language_server_extension/test/smoke/smokeSuite.js	verifyDiagnostics.retryAction@281_9	function	verifyDiagnostics 在 zr_vm_language_server_extension/test/smoke/smokeSuite.js:281 传给 withRetry，后者于 zr_vm_language_server_extension/test/smoke/smokeSuite.js:151 调用	轮询读取目标文档的已发布诊断，等待异步 LSP 分析结果	只读 VS Code 诊断缓存；空结果由相邻 predicate 决定继续等待	zr_vm_language_server_extension/test/smoke/smokeSuite.js:281;zr_vm_language_server_extension/test/smoke/smokeSuite.js:151	no-comment	verifyDiagnostics 的现有注释说明诊断发布目的；单行 API 调用已明确观察入口
zr_vm_language_server_extension/test/smoke/smokeSuite.js	verifyDiagnostics.readyPredicate@282_9	function	verifyDiagnostics 在 zr_vm_language_server_extension/test/smoke/smokeSuite.js:282 传给 withRetry，后者于 zr_vm_language_server_extension/test/smoke/smokeSuite.js:153 调用	把 diagnostics 的预期结果作为LSP 诊断发布场景停止轮询的条件	不满足时继续重试；当前判据：Array.isArray(items) && items.length > 0	zr_vm_language_server_extension/test/smoke/smokeSuite.js:282;zr_vm_language_server_extension/test/smoke/smokeSuite.js:153	no-comment	现有场景注释说明为何等待；该谓词的显式条件足以表达结束轮询的门槛
zr_vm_language_server_extension/test/smoke/smokeSuite.js	verifyLanguageFeatures.retryAction@305_9	function	verifyLanguageFeatures 在 zr_vm_language_server_extension/test/smoke/smokeSuite.js:305 传给 withRetry，后者于 zr_vm_language_server_extension/test/smoke/smokeSuite.js:151 调用	重复查询 VS Code vscode.executeDefinitionProvider 的返回结果，观察异步 provider 是否就绪	同一 provider 请求可重试；若单次请求不结算，withRetry deadline 不会中断	zr_vm_language_server_extension/test/smoke/smokeSuite.js:305;zr_vm_language_server_extension/test/smoke/smokeSuite.js:151;zr_vm_language_server_extension/test/smoke/smokeSuite.js:306	no-comment	所属场景注释说明为何查询该入口；回调表达式明确 VS Code 命令与请求参数
zr_vm_language_server_extension/test/smoke/smokeSuite.js	verifyLanguageFeatures.readyPredicate@310_9	function	verifyLanguageFeatures 在 zr_vm_language_server_extension/test/smoke/smokeSuite.js:310 传给 withRetry，后者于 zr_vm_language_server_extension/test/smoke/smokeSuite.js:153 调用	把 definition provider 的预期结果作为基础语言功能场景停止轮询的条件	不满足时继续重试；当前判据：Array.isArray(items) && items.length > 0	zr_vm_language_server_extension/test/smoke/smokeSuite.js:310;zr_vm_language_server_extension/test/smoke/smokeSuite.js:153	no-comment	现有场景注释说明为何等待；该谓词的显式条件足以表达结束轮询的门槛
zr_vm_language_server_extension/test/smoke/smokeSuite.js	verifyLanguageFeatures.retryAction@318_9	function	verifyLanguageFeatures 在 zr_vm_language_server_extension/test/smoke/smokeSuite.js:318 传给 withRetry，后者于 zr_vm_language_server_extension/test/smoke/smokeSuite.js:151 调用	重复查询 VS Code vscode.executeHoverProvider 的返回结果，观察异步 provider 是否就绪	同一 provider 请求可重试；若单次请求不结算，withRetry deadline 不会中断	zr_vm_language_server_extension/test/smoke/smokeSuite.js:318;zr_vm_language_server_extension/test/smoke/smokeSuite.js:151;zr_vm_language_server_extension/test/smoke/smokeSuite.js:319	no-comment	所属场景注释说明为何查询该入口；回调表达式明确 VS Code 命令与请求参数
zr_vm_language_server_extension/test/smoke/smokeSuite.js	verifyLanguageFeatures.readyPredicate@323_9	function	verifyLanguageFeatures 在 zr_vm_language_server_extension/test/smoke/smokeSuite.js:323 传给 withRetry，后者于 zr_vm_language_server_extension/test/smoke/smokeSuite.js:153 调用	把 hover provider 的预期结果作为基础语言功能场景停止轮询的条件	不满足时继续重试；当前判据：Array.isArray(items) && items.length > 0	zr_vm_language_server_extension/test/smoke/smokeSuite.js:323;zr_vm_language_server_extension/test/smoke/smokeSuite.js:153	no-comment	现有场景注释说明为何等待；该谓词的显式条件足以表达结束轮询的门槛
zr_vm_language_server_extension/test/smoke/smokeSuite.js	verifyLanguageFeatures.retryAction@330_9	function	verifyLanguageFeatures 在 zr_vm_language_server_extension/test/smoke/smokeSuite.js:330 传给 withRetry，后者于 zr_vm_language_server_extension/test/smoke/smokeSuite.js:151 调用	轮询通过 helper 汇合的 VS Code 与原始 LSP 补全候选	helper 可能合并或回退原始 LSP；此回调结果不能单独证明 VS Code provider 生效	zr_vm_language_server_extension/test/smoke/smokeSuite.js:330;zr_vm_language_server_extension/test/smoke/smokeSuite.js:151;zr_vm_language_server_extension/test/smoke/smokeSuite.js:622	no-comment	辅助函数的现有注释已说明双路径查询及回退风险；回调仅调用该 helper
zr_vm_language_server_extension/test/smoke/smokeSuite.js	verifyLanguageFeatures.readyPredicate@331_9	function	verifyLanguageFeatures 在 zr_vm_language_server_extension/test/smoke/smokeSuite.js:331 传给 withRetry，后者于 zr_vm_language_server_extension/test/smoke/smokeSuite.js:153 调用	以补全返回形态作为基础补全等待条件	空数组或空 CompletionList 也会令 predicate 返回 true，后续可能把无候选视为成功	zr_vm_language_server_extension/test/smoke/smokeSuite.js:331;zr_vm_language_server_extension/test/smoke/smokeSuite.js:153;zr_vm_language_server_extension/test/smoke/smokeSuite.js:332;zr_vm_language_server_extension/test/smoke/smokeSuite.js:342	BUG	已有 BUG 注释说明补全谓词只检验返回形态；空候选仍会使本场景假通过
zr_vm_language_server_extension/test/smoke/smokeSuite.js	verifyLanguageFeatures.retryAction@346_9	function	verifyLanguageFeatures 在 zr_vm_language_server_extension/test/smoke/smokeSuite.js:346 传给 withRetry，后者于 zr_vm_language_server_extension/test/smoke/smokeSuite.js:151 调用	重复查询 VS Code vscode.executeReferenceProvider 的返回结果，观察异步 provider 是否就绪	同一 provider 请求可重试；若单次请求不结算，withRetry deadline 不会中断	zr_vm_language_server_extension/test/smoke/smokeSuite.js:346;zr_vm_language_server_extension/test/smoke/smokeSuite.js:151;zr_vm_language_server_extension/test/smoke/smokeSuite.js:347	no-comment	所属场景注释说明为何查询该入口；回调表达式明确 VS Code 命令与请求参数
zr_vm_language_server_extension/test/smoke/smokeSuite.js	verifyLanguageFeatures.readyPredicate@351_9	function	verifyLanguageFeatures 在 zr_vm_language_server_extension/test/smoke/smokeSuite.js:351 传给 withRetry，后者于 zr_vm_language_server_extension/test/smoke/smokeSuite.js:153 调用	把 reference provider 的预期结果作为基础语言功能场景停止轮询的条件	不满足时继续重试；当前判据：Array.isArray(items) && items.length > 0	zr_vm_language_server_extension/test/smoke/smokeSuite.js:351;zr_vm_language_server_extension/test/smoke/smokeSuite.js:153	no-comment	现有场景注释说明为何等待；该谓词的显式条件足以表达结束轮询的门槛
zr_vm_language_server_extension/test/smoke/smokeSuite.js	verifyLanguageFeatures.somePredicate@355_28	function	verifyLanguageFeatures 在 zr_vm_language_server_extension/test/smoke/smokeSuite.js:355 将回调交给 references.some	在基础语言功能中确认集合存在目标文档或虚拟 URI 的结果	仅判断是否存在；匹配/投影条件：uriPath(item.uri).endsWith('/src/lsp_smoke.zr')	zr_vm_language_server_extension/test/smoke/smokeSuite.js:355	no-comment	局部集合操作只按显式字段筛选或投影；所属场景的既有注释说明业务目的
zr_vm_language_server_extension/test/smoke/smokeSuite.js	verifyLanguageFeatures.retryAction@359_9	function	verifyLanguageFeatures 在 zr_vm_language_server_extension/test/smoke/smokeSuite.js:359 传给 withRetry，后者于 zr_vm_language_server_extension/test/smoke/smokeSuite.js:151 调用	轮询经 helper 优先读取 VS Code、必要时回退原始 LSP 的文档符号	helper 可能合并或回退原始 LSP；此回调结果不能单独证明 VS Code provider 生效	zr_vm_language_server_extension/test/smoke/smokeSuite.js:359;zr_vm_language_server_extension/test/smoke/smokeSuite.js:151;zr_vm_language_server_extension/test/smoke/smokeSuite.js:653	no-comment	辅助函数的现有注释已说明双路径查询及回退风险；回调仅调用该 helper
zr_vm_language_server_extension/test/smoke/smokeSuite.js	verifyLanguageFeatures.readyPredicate@360_9	function	verifyLanguageFeatures 在 zr_vm_language_server_extension/test/smoke/smokeSuite.js:360 传给 withRetry，后者于 zr_vm_language_server_extension/test/smoke/smokeSuite.js:153 调用	把 document symbols 的预期结果作为基础语言功能场景停止轮询的条件	不满足时继续重试；当前判据：Array.isArray(items) && items.length > 0	zr_vm_language_server_extension/test/smoke/smokeSuite.js:360;zr_vm_language_server_extension/test/smoke/smokeSuite.js:153	no-comment	现有场景注释说明为何等待；该谓词的显式条件足以表达结束轮询的门槛
zr_vm_language_server_extension/test/smoke/smokeSuite.js	verifyLanguageFeatures.somePredicate@364_33	function	verifyLanguageFeatures 在 zr_vm_language_server_extension/test/smoke/smokeSuite.js:364 将回调交给 documentSymbols.some	在基础语言功能中确认集合存在目标标签或名称的候选项	仅判断是否存在；匹配/投影条件：item.name === 'x'	zr_vm_language_server_extension/test/smoke/smokeSuite.js:364	no-comment	局部集合操作只按显式字段筛选或投影；所属场景的既有注释说明业务目的
zr_vm_language_server_extension/test/smoke/smokeSuite.js	verifyLanguageFeatures.retryAction@368_9	function	verifyLanguageFeatures 在 zr_vm_language_server_extension/test/smoke/smokeSuite.js:368 传给 withRetry，后者于 zr_vm_language_server_extension/test/smoke/smokeSuite.js:151 调用	重复查询 VS Code vscode.executeWorkspaceSymbolProvider 的返回结果，观察异步 provider 是否就绪	同一 provider 请求可重试；若单次请求不结算，withRetry deadline 不会中断	zr_vm_language_server_extension/test/smoke/smokeSuite.js:368;zr_vm_language_server_extension/test/smoke/smokeSuite.js:151;zr_vm_language_server_extension/test/smoke/smokeSuite.js:369	no-comment	所属场景注释说明为何查询该入口；回调表达式明确 VS Code 命令与请求参数
zr_vm_language_server_extension/test/smoke/smokeSuite.js	verifyLanguageFeatures.readyPredicate@372_9	function	verifyLanguageFeatures 在 zr_vm_language_server_extension/test/smoke/smokeSuite.js:372 传给 withRetry，后者于 zr_vm_language_server_extension/test/smoke/smokeSuite.js:153 调用	把 workspace symbols 的预期结果作为基础语言功能场景停止轮询的条件	不满足时继续重试；当前判据：Array.isArray(items) && items.length > 0	zr_vm_language_server_extension/test/smoke/smokeSuite.js:372;zr_vm_language_server_extension/test/smoke/smokeSuite.js:153	no-comment	现有场景注释说明为何等待；该谓词的显式条件足以表达结束轮询的门槛
zr_vm_language_server_extension/test/smoke/smokeSuite.js	verifyLanguageFeatures.somePredicate@376_34	function	verifyLanguageFeatures 在 zr_vm_language_server_extension/test/smoke/smokeSuite.js:376 将回调交给 workspaceSymbols.some	在基础语言功能中确认集合存在目标标签或名称的候选项	仅判断是否存在；匹配/投影条件：item.name === 'x'	zr_vm_language_server_extension/test/smoke/smokeSuite.js:376	no-comment	局部集合操作只按显式字段筛选或投影；所属场景的既有注释说明业务目的
zr_vm_language_server_extension/test/smoke/smokeSuite.js	verifyLanguageFeatures.retryAction@380_9	function	verifyLanguageFeatures 在 zr_vm_language_server_extension/test/smoke/smokeSuite.js:380 传给 withRetry，后者于 zr_vm_language_server_extension/test/smoke/smokeSuite.js:151 调用	重复查询 VS Code vscode.executeDocumentRenameProvider 的返回结果，观察异步 provider 是否就绪	同一 provider 请求可重试；若单次请求不结算，withRetry deadline 不会中断	zr_vm_language_server_extension/test/smoke/smokeSuite.js:380;zr_vm_language_server_extension/test/smoke/smokeSuite.js:151;zr_vm_language_server_extension/test/smoke/smokeSuite.js:381	no-comment	所属场景注释说明为何查询该入口；回调表达式明确 VS Code 命令与请求参数
zr_vm_language_server_extension/test/smoke/smokeSuite.js	verifyLanguageFeatures.readyPredicate@386_9	function	verifyLanguageFeatures 在 zr_vm_language_server_extension/test/smoke/smokeSuite.js:386 传给 withRetry，后者于 zr_vm_language_server_extension/test/smoke/smokeSuite.js:153 调用	把 rename provider 的预期结果作为基础语言功能场景停止轮询的条件	不满足时继续重试；当前判据：Boolean(value)	zr_vm_language_server_extension/test/smoke/smokeSuite.js:386;zr_vm_language_server_extension/test/smoke/smokeSuite.js:153	no-comment	现有场景注释说明为何等待；该谓词的显式条件足以表达结束轮询的门槛
zr_vm_language_server_extension/test/smoke/smokeSuite.js	verifyLanguageFeatures.somePredicate@392_31	function	verifyLanguageFeatures 在 zr_vm_language_server_extension/test/smoke/smokeSuite.js:392 将回调交给 renameEntries.some	在基础语言功能中确认集合存在目标文档或虚拟 URI 的结果	仅判断是否存在；匹配/投影条件：uriPath(uri).endsWith('/src/lsp_smoke.zr')	zr_vm_language_server_extension/test/smoke/smokeSuite.js:392	no-comment	局部集合操作只按显式字段筛选或投影；所属场景的既有注释说明业务目的
zr_vm_language_server_extension/test/smoke/smokeSuite.js	verifyAdvancedEditorProviders.retryAction@441_13	function	verifyAdvancedEditorProviders 在 zr_vm_language_server_extension/test/smoke/smokeSuite.js:441 传给 withRetry，后者于 zr_vm_language_server_extension/test/smoke/smokeSuite.js:151 调用	重复查询 VS Code vscode.executeFormatDocumentProvider 的返回结果，观察异步 provider 是否就绪	同一 provider 请求可重试；若单次请求不结算，withRetry deadline 不会中断	zr_vm_language_server_extension/test/smoke/smokeSuite.js:441;zr_vm_language_server_extension/test/smoke/smokeSuite.js:151;zr_vm_language_server_extension/test/smoke/smokeSuite.js:442	no-comment	所属场景注释说明为何查询该入口；回调表达式明确 VS Code 命令与请求参数
zr_vm_language_server_extension/test/smoke/smokeSuite.js	verifyAdvancedEditorProviders.readyPredicate@446_13	function	verifyAdvancedEditorProviders 在 zr_vm_language_server_extension/test/smoke/smokeSuite.js:446 传给 withRetry，后者于 zr_vm_language_server_extension/test/smoke/smokeSuite.js:153 调用	把 document formatting provider 的预期结果作为编辑器高级 provider场景停止轮询的条件	不满足时继续重试；当前判据：Array.isArray(items) && items.length > 0	zr_vm_language_server_extension/test/smoke/smokeSuite.js:446;zr_vm_language_server_extension/test/smoke/smokeSuite.js:153	no-comment	现有场景注释说明为何等待；该谓词的显式条件足以表达结束轮询的门槛
zr_vm_language_server_extension/test/smoke/smokeSuite.js	verifyAdvancedEditorProviders.mapProjection@450_53	function	verifyAdvancedEditorProviders 在 zr_vm_language_server_extension/test/smoke/smokeSuite.js:450 将回调交给 formattingEdits.map	在编辑器高级 provider中投影集合为断言需要的文本或标签	保持输入顺序；匹配/投影条件：edit.newText	zr_vm_language_server_extension/test/smoke/smokeSuite.js:450	no-comment	局部集合操作只按显式字段筛选或投影；所属场景的既有注释说明业务目的
zr_vm_language_server_extension/test/smoke/smokeSuite.js	verifyAdvancedEditorProviders.retryAction@455_13	function	verifyAdvancedEditorProviders 在 zr_vm_language_server_extension/test/smoke/smokeSuite.js:455 传给 withRetry，后者于 zr_vm_language_server_extension/test/smoke/smokeSuite.js:151 调用	重复查询 VS Code vscode.executeFormatRangeProvider 的返回结果，观察异步 provider 是否就绪	同一 provider 请求可重试；若单次请求不结算，withRetry deadline 不会中断	zr_vm_language_server_extension/test/smoke/smokeSuite.js:455;zr_vm_language_server_extension/test/smoke/smokeSuite.js:151;zr_vm_language_server_extension/test/smoke/smokeSuite.js:456	no-comment	所属场景注释说明为何查询该入口；回调表达式明确 VS Code 命令与请求参数
zr_vm_language_server_extension/test/smoke/smokeSuite.js	verifyAdvancedEditorProviders.readyPredicate@461_13	function	verifyAdvancedEditorProviders 在 zr_vm_language_server_extension/test/smoke/smokeSuite.js:461 传给 withRetry，后者于 zr_vm_language_server_extension/test/smoke/smokeSuite.js:153 调用	把 range formatting provider 的预期结果作为编辑器高级 provider场景停止轮询的条件	不满足时继续重试；当前判据：Array.isArray(items) && items.length > 0	zr_vm_language_server_extension/test/smoke/smokeSuite.js:461;zr_vm_language_server_extension/test/smoke/smokeSuite.js:153	no-comment	现有场景注释说明为何等待；该谓词的显式条件足以表达结束轮询的门槛
zr_vm_language_server_extension/test/smoke/smokeSuite.js	verifyAdvancedEditorProviders.mapProjection@465_63	function	verifyAdvancedEditorProviders 在 zr_vm_language_server_extension/test/smoke/smokeSuite.js:465 将回调交给 rangeFormattingEdits.map	在编辑器高级 provider中投影集合为断言需要的文本或标签	保持输入顺序；匹配/投影条件：edit.newText	zr_vm_language_server_extension/test/smoke/smokeSuite.js:465	no-comment	局部集合操作只按显式字段筛选或投影；所属场景的既有注释说明业务目的
zr_vm_language_server_extension/test/smoke/smokeSuite.js	verifyAdvancedEditorProviders.somePredicate@467_43	function	verifyAdvancedEditorProviders 在 zr_vm_language_server_extension/test/smoke/smokeSuite.js:467 将回调交给 rangeFormattingTexts.some	在编辑器高级 provider中确认集合存在预期文本变更	仅判断是否存在；匹配/投影条件：text.includes(' return local;')	zr_vm_language_server_extension/test/smoke/smokeSuite.js:467	no-comment	局部集合操作只按显式字段筛选或投影；所属场景的既有注释说明业务目的
zr_vm_language_server_extension/test/smoke/smokeSuite.js	verifyAdvancedEditorProviders.retryAction@471_13	function	verifyAdvancedEditorProviders 在 zr_vm_language_server_extension/test/smoke/smokeSuite.js:471 传给 withRetry，后者于 zr_vm_language_server_extension/test/smoke/smokeSuite.js:151 调用	重复查询 VS Code vscode.executeFoldingRangeProvider 的返回结果，观察异步 provider 是否就绪	同一 provider 请求可重试；若单次请求不结算，withRetry deadline 不会中断	zr_vm_language_server_extension/test/smoke/smokeSuite.js:471;zr_vm_language_server_extension/test/smoke/smokeSuite.js:151;zr_vm_language_server_extension/test/smoke/smokeSuite.js:472	no-comment	所属场景注释说明为何查询该入口；回调表达式明确 VS Code 命令与请求参数
zr_vm_language_server_extension/test/smoke/smokeSuite.js	verifyAdvancedEditorProviders.readyPredicate@475_13	function	verifyAdvancedEditorProviders 在 zr_vm_language_server_extension/test/smoke/smokeSuite.js:475 传给 withRetry，后者于 zr_vm_language_server_extension/test/smoke/smokeSuite.js:153 调用	把 folding range provider 的预期结果作为编辑器高级 provider场景停止轮询的条件	不满足时继续重试；当前判据：Array.isArray(items) && items.length > 0	zr_vm_language_server_extension/test/smoke/smokeSuite.js:475;zr_vm_language_server_extension/test/smoke/smokeSuite.js:153	no-comment	现有场景注释说明为何等待；该谓词的显式条件足以表达结束轮询的门槛
zr_vm_language_server_extension/test/smoke/smokeSuite.js	verifyAdvancedEditorProviders.somePredicate@479_35	function	verifyAdvancedEditorProviders 在 zr_vm_language_server_extension/test/smoke/smokeSuite.js:479 将回调交给 foldingRanges.some	在编辑器高级 provider中确认集合存在预期源码范围内的结果	仅判断是否存在；匹配/投影条件：item.start <= 4 && item.end >= 6	zr_vm_language_server_extension/test/smoke/smokeSuite.js:479	no-comment	局部集合操作只按显式字段筛选或投影；所属场景的既有注释说明业务目的
zr_vm_language_server_extension/test/smoke/smokeSuite.js	verifyAdvancedEditorProviders.somePredicate@480_36	function	verifyAdvancedEditorProviders 在 zr_vm_language_server_extension/test/smoke/smokeSuite.js:480 将回调交给 foldingRanges.some	在编辑器高级 provider中确认集合存在预期源码范围内的结果	仅判断是否存在；匹配/投影条件：item.start <= 3 && item.end >= 7	zr_vm_language_server_extension/test/smoke/smokeSuite.js:480	no-comment	局部集合操作只按显式字段筛选或投影；所属场景的既有注释说明业务目的
zr_vm_language_server_extension/test/smoke/smokeSuite.js	verifyAdvancedEditorProviders.retryAction@484_13	function	verifyAdvancedEditorProviders 在 zr_vm_language_server_extension/test/smoke/smokeSuite.js:484 传给 withRetry，后者于 zr_vm_language_server_extension/test/smoke/smokeSuite.js:151 调用	重复查询 VS Code vscode.executeSelectionRangeProvider 的返回结果，观察异步 provider 是否就绪	同一 provider 请求可重试；若单次请求不结算，withRetry deadline 不会中断	zr_vm_language_server_extension/test/smoke/smokeSuite.js:484;zr_vm_language_server_extension/test/smoke/smokeSuite.js:151;zr_vm_language_server_extension/test/smoke/smokeSuite.js:485	no-comment	所属场景注释说明为何查询该入口；回调表达式明确 VS Code 命令与请求参数
zr_vm_language_server_extension/test/smoke/smokeSuite.js	verifyAdvancedEditorProviders.readyPredicate@489_13	function	verifyAdvancedEditorProviders 在 zr_vm_language_server_extension/test/smoke/smokeSuite.js:489 传给 withRetry，后者于 zr_vm_language_server_extension/test/smoke/smokeSuite.js:153 调用	把 selection range provider 的预期结果作为编辑器高级 provider场景停止轮询的条件	不满足时继续重试；当前判据：Array.isArray(items) && items.length > 0	zr_vm_language_server_extension/test/smoke/smokeSuite.js:489;zr_vm_language_server_extension/test/smoke/smokeSuite.js:153	no-comment	现有场景注释说明为何等待；该谓词的显式条件足以表达结束轮询的门槛
zr_vm_language_server_extension/test/smoke/smokeSuite.js	verifyAdvancedEditorProviders.retryAction@502_13	function	verifyAdvancedEditorProviders 在 zr_vm_language_server_extension/test/smoke/smokeSuite.js:502 传给 withRetry，后者于 zr_vm_language_server_extension/test/smoke/smokeSuite.js:151 调用	重复查询 VS Code vscode.executeCodeActionProvider 的返回结果，观察异步 provider 是否就绪	同一 provider 请求可重试；若单次请求不结算，withRetry deadline 不会中断	zr_vm_language_server_extension/test/smoke/smokeSuite.js:502;zr_vm_language_server_extension/test/smoke/smokeSuite.js:151;zr_vm_language_server_extension/test/smoke/smokeSuite.js:503	no-comment	所属场景注释说明为何查询该入口；回调表达式明确 VS Code 命令与请求参数
zr_vm_language_server_extension/test/smoke/smokeSuite.js	verifyAdvancedEditorProviders.readyPredicate@508_13	function	verifyAdvancedEditorProviders 在 zr_vm_language_server_extension/test/smoke/smokeSuite.js:508 传给 withRetry，后者于 zr_vm_language_server_extension/test/smoke/smokeSuite.js:153 调用	把 code action provider 的预期结果作为编辑器高级 provider场景停止轮询的条件	不满足时继续重试；当前判据：Array.isArray(items) && items.some((item) => (item.kind?.value ?? item.kind) === 'quickfix')	zr_vm_language_server_extension/test/smoke/smokeSuite.js:508;zr_vm_language_server_extension/test/smoke/smokeSuite.js:153	no-comment	现有场景注释说明为何等待；该谓词的显式条件足以表达结束轮询的门槛
zr_vm_language_server_extension/test/smoke/smokeSuite.js	verifyAdvancedEditorProviders.somePredicate@508_59	function	verifyAdvancedEditorProviders 在 zr_vm_language_server_extension/test/smoke/smokeSuite.js:508 将回调交给 items.some	在编辑器高级 provider中确认集合存在quickfix 代码动作	仅判断是否存在；匹配/投影条件：(item.kind?.value ?? item.kind) === 'quickfix'	zr_vm_language_server_extension/test/smoke/smokeSuite.js:508;zr_vm_language_server_extension/test/smoke/smokeSuite.js:509	no-comment	局部集合操作只按显式字段筛选或投影；所属场景的既有注释说明业务目的
zr_vm_language_server_extension/test/smoke/smokeSuite.js	verifyAdvancedEditorProviders.somePredicate@513_33	function	verifyAdvancedEditorProviders 在 zr_vm_language_server_extension/test/smoke/smokeSuite.js:513 将回调交给 codeActions.some	在编辑器高级 provider中确认集合存在quickfix 代码动作	仅判断是否存在；匹配/投影条件：(item.kind?.value ?? item.kind) === 'quickfix' && (item.edit || item.command || /semicolon/i.test(item.title ?? ''))	zr_vm_language_server_extension/test/smoke/smokeSuite.js:513	no-comment	局部集合操作只按显式字段筛选或投影；所属场景的既有注释说明业务目的
zr_vm_language_server_extension/test/smoke/smokeSuite.js	verifyAdvancedEditorProviders.retryAction@530_13	function	verifyAdvancedEditorProviders 在 zr_vm_language_server_extension/test/smoke/smokeSuite.js:530 传给 withRetry，后者于 zr_vm_language_server_extension/test/smoke/smokeSuite.js:151 调用	轮询读取文档文本，观察此前 整理导入命令的修改是否可见	只读当前文档文本；命令已在此前执行，此回调不会重新触发命令	zr_vm_language_server_extension/test/smoke/smokeSuite.js:530;zr_vm_language_server_extension/test/smoke/smokeSuite.js:151	no-comment	所属编辑器场景注释解释修改目的；此单行回调仅观察已执行命令的文本结果
zr_vm_language_server_extension/test/smoke/smokeSuite.js	verifyAdvancedEditorProviders.readyPredicate@531_13	function	verifyAdvancedEditorProviders 在 zr_vm_language_server_extension/test/smoke/smokeSuite.js:531 传给 withRetry，后者于 zr_vm_language_server_extension/test/smoke/smokeSuite.js:153 调用	把 zr.organizeImports command 的预期结果作为编辑器高级 provider场景停止轮询的条件	不满足时继续重试；当前判据：text.indexOf('let math = import("zr.math");\nlet system = import("zr.system");') >= 0	zr_vm_language_server_extension/test/smoke/smokeSuite.js:531;zr_vm_language_server_extension/test/smoke/smokeSuite.js:153	no-comment	现有场景注释说明为何等待；该谓词的显式条件足以表达结束轮询的门槛
zr_vm_language_server_extension/test/smoke/smokeSuite.js	verifyAdvancedEditorProviders.retryAction@549_13	function	verifyAdvancedEditorProviders 在 zr_vm_language_server_extension/test/smoke/smokeSuite.js:549 传给 withRetry，后者于 zr_vm_language_server_extension/test/smoke/smokeSuite.js:151 调用	轮询读取文档文本，观察此前 删除未使用导入命令的修改是否可见	只读当前文档文本；命令已在此前执行，此回调不会重新触发命令	zr_vm_language_server_extension/test/smoke/smokeSuite.js:549;zr_vm_language_server_extension/test/smoke/smokeSuite.js:151	no-comment	所属编辑器场景注释解释修改目的；此单行回调仅观察已执行命令的文本结果
zr_vm_language_server_extension/test/smoke/smokeSuite.js	verifyAdvancedEditorProviders.readyPredicate@550_13	function	verifyAdvancedEditorProviders 在 zr_vm_language_server_extension/test/smoke/smokeSuite.js:550 传给 withRetry，后者于 zr_vm_language_server_extension/test/smoke/smokeSuite.js:153 调用	把 zr.removeUnusedImports command 的预期结果作为编辑器高级 provider场景停止轮询的条件	不满足时继续重试；当前判据：text.includes('let math = import("zr.math");') && !text.includes('let system = import("zr.system");')	zr_vm_language_server_extension/test/smoke/smokeSuite.js:550;zr_vm_language_server_extension/test/smoke/smokeSuite.js:153	no-comment	现有场景注释说明为何等待；该谓词的显式条件足以表达结束轮询的门槛
zr_vm_language_server_extension/test/smoke/smokeSuite.js	verifyAdvancedEditorProviders.retryAction@557_13	function	verifyAdvancedEditorProviders 在 zr_vm_language_server_extension/test/smoke/smokeSuite.js:557 传给 withRetry，后者于 zr_vm_language_server_extension/test/smoke/smokeSuite.js:151 调用	重复查询 VS Code vscode.executeLinkProvider 的返回结果，观察异步 provider 是否就绪	同一 provider 请求可重试；若单次请求不结算，withRetry deadline 不会中断	zr_vm_language_server_extension/test/smoke/smokeSuite.js:557;zr_vm_language_server_extension/test/smoke/smokeSuite.js:151;zr_vm_language_server_extension/test/smoke/smokeSuite.js:558	no-comment	所属场景注释说明为何查询该入口；回调表达式明确 VS Code 命令与请求参数
zr_vm_language_server_extension/test/smoke/smokeSuite.js	verifyAdvancedEditorProviders.readyPredicate@561_13	function	verifyAdvancedEditorProviders 在 zr_vm_language_server_extension/test/smoke/smokeSuite.js:561 传给 withRetry，后者于 zr_vm_language_server_extension/test/smoke/smokeSuite.js:153 调用	把 document link provider 的预期结果作为编辑器高级 provider场景停止轮询的条件	不满足时继续重试；当前判据：Array.isArray(items) && items.length > 0	zr_vm_language_server_extension/test/smoke/smokeSuite.js:561;zr_vm_language_server_extension/test/smoke/smokeSuite.js:153	no-comment	现有场景注释说明为何等待；该谓词的显式条件足以表达结束轮询的门槛
zr_vm_language_server_extension/test/smoke/smokeSuite.js	verifyAdvancedEditorProviders.somePredicate@565_35	function	verifyAdvancedEditorProviders 在 zr_vm_language_server_extension/test/smoke/smokeSuite.js:565 将回调交给 documentLinks.some	在编辑器高级 provider中确认集合存在带目标与范围的文档链接	仅判断是否存在；匹配/投影条件：item.target && item.range	zr_vm_language_server_extension/test/smoke/smokeSuite.js:565	no-comment	局部集合操作只按显式字段筛选或投影；所属场景的既有注释说明业务目的
zr_vm_language_server_extension/test/smoke/smokeSuite.js	verifyAdvancedEditorProviders.retryAction@569_13	function	verifyAdvancedEditorProviders 在 zr_vm_language_server_extension/test/smoke/smokeSuite.js:569 传给 withRetry，后者于 zr_vm_language_server_extension/test/smoke/smokeSuite.js:151 调用	重复查询 VS Code vscode.executeCodeLensProvider 的返回结果，观察异步 provider 是否就绪	同一 provider 请求可重试；若单次请求不结算，withRetry deadline 不会中断	zr_vm_language_server_extension/test/smoke/smokeSuite.js:569;zr_vm_language_server_extension/test/smoke/smokeSuite.js:151;zr_vm_language_server_extension/test/smoke/smokeSuite.js:570	no-comment	所属场景注释说明为何查询该入口；回调表达式明确 VS Code 命令与请求参数
zr_vm_language_server_extension/test/smoke/smokeSuite.js	verifyAdvancedEditorProviders.readyPredicate@574_13	function	verifyAdvancedEditorProviders 在 zr_vm_language_server_extension/test/smoke/smokeSuite.js:574 传给 withRetry，后者于 zr_vm_language_server_extension/test/smoke/smokeSuite.js:153 调用	把 code lens provider 的预期结果作为编辑器高级 provider场景停止轮询的条件	不满足时继续重试；当前判据：Array.isArray(items) && items.length > 0	zr_vm_language_server_extension/test/smoke/smokeSuite.js:574;zr_vm_language_server_extension/test/smoke/smokeSuite.js:153	no-comment	现有场景注释说明为何等待；该谓词的显式条件足以表达结束轮询的门槛
zr_vm_language_server_extension/test/smoke/smokeSuite.js	verifyAdvancedEditorProviders.somePredicate@578_30	function	verifyAdvancedEditorProviders 在 zr_vm_language_server_extension/test/smoke/smokeSuite.js:578 将回调交给 codeLens.some	在编辑器高级 provider中确认集合存在预期命令的 CodeLens	仅判断是否存在；匹配/投影条件：item.command?.command === 'zr.runCurrentProject'	zr_vm_language_server_extension/test/smoke/smokeSuite.js:578	no-comment	局部集合操作只按显式字段筛选或投影；所属场景的既有注释说明业务目的
zr_vm_language_server_extension/test/smoke/smokeSuite.js	workspaceEditHasRenameEdits.somePredicate@727_44	function	workspaceEditHasRenameEdits 在 zr_vm_language_server_extension/test/smoke/smokeSuite.js:727 将回调交给 workspaceEditEntries(edit).some	确认目标文档同时获得声明和使用处至少两项指定新文本的重命名编辑	只能接受 URI 后缀匹配且 edits 为数组的条目；匹配新文本的编辑数须至少为 2	zr_vm_language_server_extension/test/smoke/smokeSuite.js:725;zr_vm_language_server_extension/test/smoke/smokeSuite.js:727;zr_vm_language_server_extension/test/smoke/smokeSuite.js:730;zr_vm_language_server_extension/test/smoke/smokeSuite.js:728	no-comment	外层已有完整重命名契约注释；回调只实现该计数判据
zr_vm_language_server_extension/test/smoke/smokeSuite.js	workspaceEditHasRenameEdits.filterPredicate@730_22	function	workspaceEditHasRenameEdits 在 zr_vm_language_server_extension/test/smoke/smokeSuite.js:730 将回调交给 edits.filter	在重命名编辑核对中保留与场景目标匹配的结果供后续断言	保留满足条件的元素；匹配/投影条件：item?.newText === newText	zr_vm_language_server_extension/test/smoke/smokeSuite.js:730	no-comment	局部集合操作只按显式字段筛选或投影；所属场景的既有注释说明业务目的
zr_vm_language_server_extension/test/smoke/smokeSuite.js	hoverText.mapProjection@781_22	function	hoverText 在 zr_vm_language_server_extension/test/smoke/smokeSuite.js:781 将回调交给 items.map	在Hover 文本归一中投影集合为断言需要的文本或标签	保持输入顺序；匹配/投影条件：markdownLikeToString(item.contents)	zr_vm_language_server_extension/test/smoke/smokeSuite.js:781	no-comment	局部集合操作只按显式字段筛选或投影；所属场景的既有注释说明业务目的
zr_vm_language_server_extension/test/smoke/smokeSuite.js	hasLocationRange.somePredicate@832_47	function	hasLocationRange 在 zr_vm_language_server_extension/test/smoke/smokeSuite.js:832 将回调交给 items.some	在位置范围核对中确认集合存在目标文档或虚拟 URI 的结果	仅判断是否存在；匹配/投影条件：uriPath(locationUri(item)).endsWith(pathSuffix) && rangeEquals(locationRange(item), startLine, startCharacter, endLine, endCharacter)	zr_vm_language_server_extension/test/smoke/smokeSuite.js:832;zr_vm_language_server_extension/test/smoke/smokeSuite.js:833	no-comment	局部集合操作只按显式字段筛选或投影；所属场景的既有注释说明业务目的
zr_vm_language_server_extension/test/smoke/smokeSuite.js	hasDocumentSymbol.somePredicate@843_23	function	hasDocumentSymbol 在 zr_vm_language_server_extension/test/smoke/smokeSuite.js:843 将回调交给 items.some	递归检查当前文档符号及其 children 是否存在目标名称	每个 item 先检查自身名称，再递归访问子符号；空 children 由辅助函数处理	zr_vm_language_server_extension/test/smoke/smokeSuite.js:843;zr_vm_language_server_extension/test/smoke/smokeSuite.js:844;zr_vm_language_server_extension/test/smoke/smokeSuite.js:845	no-comment	hasDocumentSymbol 的现有注释已经说明层级符号契约；回调承接同一递归判定
zr_vm_language_server_extension/test/smoke/smokeSuite.js	findImmediateStructureNode.findPredicate@855_46	function	findImmediateStructureNode 在 zr_vm_language_server_extension/test/smoke/smokeSuite.js:855 将回调交给 items.find	在结构树直接子节点查找中选择首个与场景目标匹配的结果	未匹配时返回 undefined；匹配/投影条件：item && predicate(item)	zr_vm_language_server_extension/test/smoke/smokeSuite.js:855	no-comment	局部集合操作只按显式字段筛选或投影；所属场景的既有注释说明业务目的
zr_vm_language_server_extension/test/smoke/smokeSuite.js	findImmediateGroupNode.structurePredicate@890_9	function	findImmediateGroupNode 在 zr_vm_language_server_extension/test/smoke/smokeSuite.js:890 将回调传给 findImmediateStructureNode 第 2 个参数；谓词在 zr_vm_language_server_extension/test/smoke/smokeSuite.js:855 被调用	在结构树分组查找中定位目标类型与标签的结构树节点，供调用方继续验证	仅检查直接子节点，不递归；条件：child?.nodeType === 'group' && child.label === label	zr_vm_language_server_extension/test/smoke/smokeSuite.js:890;zr_vm_language_server_extension/test/smoke/smokeSuite.js:855	no-comment	外层辅助函数已有节点筛选契约注释；此谓词仅代入显式类型和标签条件
zr_vm_language_server_extension/test/smoke/smokeSuite.js	verifyActiveSelection.retryAction@898_9	function	verifyActiveSelection 在 zr_vm_language_server_extension/test/smoke/smokeSuite.js:898 传给 withRetry，后者于 zr_vm_language_server_extension/test/smoke/smokeSuite.js:151 调用	若未来调用导航检查，轮询读取当前活动编辑器供 URI 与光标判据使用	调用前提是外部导航命令已触发；本回调只读编辑器状态，函数目前仓内无调用	zr_vm_language_server_extension/test/smoke/smokeSuite.js:898;zr_vm_language_server_extension/test/smoke/smokeSuite.js:151	no-comment	verifyActiveSelection 旁的 TODO 已说明原拟用途；回调只读取活动编辑器，不能推断现有导航调用链
zr_vm_language_server_extension/test/smoke/smokeSuite.js	verifyActiveSelection.readyPredicate@899_9	function	verifyActiveSelection 在 zr_vm_language_server_extension/test/smoke/smokeSuite.js:899 传给 withRetry，后者于 zr_vm_language_server_extension/test/smoke/smokeSuite.js:153 调用	等待活动编辑器位于目标文档，且光标行列都与导航目标一致	URI 必须以目标后缀结束；活动光标的 line 和 character 都须与参数相等	zr_vm_language_server_extension/test/smoke/smokeSuite.js:899;zr_vm_language_server_extension/test/smoke/smokeSuite.js:153;zr_vm_language_server_extension/test/smoke/smokeSuite.js:900;zr_vm_language_server_extension/test/smoke/smokeSuite.js:895;zr_vm_language_server_extension/test/smoke/smokeSuite.js:905	no-comment	verifyActiveSelection 的现有注释已解释导航观察目的；回调只是把 URI 与光标位置联合判定
zr_vm_language_server_extension/test/smoke/smokeSuite.js	hasSemanticToken.somePredicate@959_31	function	hasSemanticToken 在 zr_vm_language_server_extension/test/smoke/smokeSuite.js:959 将回调交给 decodedTokens.some	在语义 token 核对中确认集合存在指定类别和文本的语义 token	仅判断是否存在；匹配/投影条件：token.type === expectedType && token.text === expectedText	zr_vm_language_server_extension/test/smoke/smokeSuite.js:959;zr_vm_language_server_extension/test/smoke/smokeSuite.js:960	no-comment	局部集合操作只按显式字段筛选或投影；所属场景的既有注释说明业务目的
zr_vm_language_server_extension/test/smoke/smokeSuite.js	verifyProjectInferenceAndSemanticTokens.retryAction@987_9	function	verifyProjectInferenceAndSemanticTokens 在 zr_vm_language_server_extension/test/smoke/smokeSuite.js:987 传给 withRetry，后者于 zr_vm_language_server_extension/test/smoke/smokeSuite.js:151 调用	重复查询 VS Code vscode.executeHoverProvider 的返回结果，观察异步 provider 是否就绪	同一 provider 请求可重试；若单次请求不结算，withRetry deadline 不会中断	zr_vm_language_server_extension/test/smoke/smokeSuite.js:987;zr_vm_language_server_extension/test/smoke/smokeSuite.js:151;zr_vm_language_server_extension/test/smoke/smokeSuite.js:988	no-comment	所属场景注释说明为何查询该入口；回调表达式明确 VS Code 命令与请求参数
zr_vm_language_server_extension/test/smoke/smokeSuite.js	verifyProjectInferenceAndSemanticTokens.readyPredicate@992_9	function	verifyProjectInferenceAndSemanticTokens 在 zr_vm_language_server_extension/test/smoke/smokeSuite.js:992 传给 withRetry，后者于 zr_vm_language_server_extension/test/smoke/smokeSuite.js:153 调用	等待导入别名 Hover 明示 project source，并保留最后一次文本供失败诊断	predicate 会写入 lastProjectImportHoverText，重试期间仅作为失败上下文使用	zr_vm_language_server_extension/test/smoke/smokeSuite.js:992;zr_vm_language_server_extension/test/smoke/smokeSuite.js:153;zr_vm_language_server_extension/test/smoke/smokeSuite.js:993;zr_vm_language_server_extension/test/smoke/smokeSuite.js:997;zr_vm_language_server_extension/test/smoke/smokeSuite.js:971	no-comment	项目推断场景已有 Hover 来源注释；回调只保留最后文本并检验 project source 标记
zr_vm_language_server_extension/test/smoke/smokeSuite.js	verifyProjectInferenceAndSemanticTokens.retryAction@1019_9	function	verifyProjectInferenceAndSemanticTokens 在 zr_vm_language_server_extension/test/smoke/smokeSuite.js:1019 传给 withRetry，后者于 zr_vm_language_server_extension/test/smoke/smokeSuite.js:151 调用	重复查询 VS Code vscode.executeHoverProvider 的返回结果，观察异步 provider 是否就绪	同一 provider 请求可重试；若单次请求不结算，withRetry deadline 不会中断	zr_vm_language_server_extension/test/smoke/smokeSuite.js:1019;zr_vm_language_server_extension/test/smoke/smokeSuite.js:151;zr_vm_language_server_extension/test/smoke/smokeSuite.js:1020	no-comment	所属场景注释说明为何查询该入口；回调表达式明确 VS Code 命令与请求参数
zr_vm_language_server_extension/test/smoke/smokeSuite.js	verifyProjectInferenceAndSemanticTokens.readyPredicate@1024_9	function	verifyProjectInferenceAndSemanticTokens 在 zr_vm_language_server_extension/test/smoke/smokeSuite.js:1024 传给 withRetry，后者于 zr_vm_language_server_extension/test/smoke/smokeSuite.js:153 调用	把 ownership hover provider 的预期结果作为项目推断与语义 token场景停止轮询的条件	不满足时继续重试；当前判据：Array.isArray(items) && items.length > 0	zr_vm_language_server_extension/test/smoke/smokeSuite.js:1024;zr_vm_language_server_extension/test/smoke/smokeSuite.js:153	no-comment	现有场景注释说明为何等待；该谓词的显式条件足以表达结束轮询的门槛
zr_vm_language_server_extension/test/smoke/smokeSuite.js	verifyProjectInferenceAndSemanticTokens.retryAction@1032_9	function	verifyProjectInferenceAndSemanticTokens 在 zr_vm_language_server_extension/test/smoke/smokeSuite.js:1032 传给 withRetry，后者于 zr_vm_language_server_extension/test/smoke/smokeSuite.js:151 调用	重复查询 VS Code vscode.provideDocumentSemanticTokensLegend 的返回结果，观察异步 provider 是否就绪	同一 provider 请求可重试；若单次请求不结算，withRetry deadline 不会中断	zr_vm_language_server_extension/test/smoke/smokeSuite.js:1032;zr_vm_language_server_extension/test/smoke/smokeSuite.js:151;zr_vm_language_server_extension/test/smoke/smokeSuite.js:1033	no-comment	所属场景注释说明为何查询该入口；回调表达式明确 VS Code 命令与请求参数
zr_vm_language_server_extension/test/smoke/smokeSuite.js	verifyProjectInferenceAndSemanticTokens.readyPredicate@1036_9	function	verifyProjectInferenceAndSemanticTokens 在 zr_vm_language_server_extension/test/smoke/smokeSuite.js:1036 传给 withRetry，后者于 zr_vm_language_server_extension/test/smoke/smokeSuite.js:153 调用	把 semantic token legend 的预期结果作为项目推断与语义 token场景停止轮询的条件	不满足时继续重试；当前判据：Array.isArray(value?.tokenTypes) && value.tokenTypes.length > 0	zr_vm_language_server_extension/test/smoke/smokeSuite.js:1036;zr_vm_language_server_extension/test/smoke/smokeSuite.js:153	no-comment	现有场景注释说明为何等待；该谓词的显式条件足以表达结束轮询的门槛
zr_vm_language_server_extension/test/smoke/smokeSuite.js	verifyProjectInferenceAndSemanticTokens.retryAction@1041_9	function	verifyProjectInferenceAndSemanticTokens 在 zr_vm_language_server_extension/test/smoke/smokeSuite.js:1041 传给 withRetry，后者于 zr_vm_language_server_extension/test/smoke/smokeSuite.js:151 调用	重复查询 VS Code vscode.provideDocumentSemanticTokens 的返回结果，观察异步 provider 是否就绪	同一 provider 请求可重试；若单次请求不结算，withRetry deadline 不会中断	zr_vm_language_server_extension/test/smoke/smokeSuite.js:1041;zr_vm_language_server_extension/test/smoke/smokeSuite.js:151;zr_vm_language_server_extension/test/smoke/smokeSuite.js:1042	no-comment	所属场景注释说明为何查询该入口；回调表达式明确 VS Code 命令与请求参数
zr_vm_language_server_extension/test/smoke/smokeSuite.js	verifyProjectInferenceAndSemanticTokens.readyPredicate@1045_9	function	verifyProjectInferenceAndSemanticTokens 在 zr_vm_language_server_extension/test/smoke/smokeSuite.js:1045 传给 withRetry，后者于 zr_vm_language_server_extension/test/smoke/smokeSuite.js:153 调用	把 semantic tokens 的预期结果作为项目推断与语义 token场景停止轮询的条件	不满足时继续重试；当前判据：semanticTokenData(value).length > 0	zr_vm_language_server_extension/test/smoke/smokeSuite.js:1045;zr_vm_language_server_extension/test/smoke/smokeSuite.js:153	no-comment	现有场景注释说明为何等待；该谓词的显式条件足以表达结束轮询的门槛
zr_vm_language_server_extension/test/smoke/smokeSuite.js	verifyStructureViews.findPredicate@1085_54	function	verifyStructureViews 在 zr_vm_language_server_extension/test/smoke/smokeSuite.js:1085 将回调交给 vscode.extensions.all.find	在结构视图与项目选择中选择首个名称为 zr-vm-language-server 的扩展	未匹配时返回 undefined；匹配/投影条件：item.packageJSON?.name === 'zr-vm-language-server'	zr_vm_language_server_extension/test/smoke/smokeSuite.js:1085	no-comment	局部集合操作只按显式字段筛选或投影；所属场景的既有注释说明业务目的
zr_vm_language_server_extension/test/smoke/smokeSuite.js	verifyStructureViews.somePredicate@1087_69	function	verifyStructureViews 在 zr_vm_language_server_extension/test/smoke/smokeSuite.js:1087 将回调交给 extension?.packageJSON?.contributes?.views?.zr?.some	在结构视图与项目选择中确认集合存在预期侧边栏视图贡献	仅判断是否存在；匹配/投影条件：view.id === 'zrFiles' && view.name === 'Current File Structure'	zr_vm_language_server_extension/test/smoke/smokeSuite.js:1087;zr_vm_language_server_extension/test/smoke/smokeSuite.js:1088	no-comment	局部集合操作只按显式字段筛选或投影；所属场景的既有注释说明业务目的
zr_vm_language_server_extension/test/smoke/smokeSuite.js	verifyStructureViews.somePredicate@1090_69	function	verifyStructureViews 在 zr_vm_language_server_extension/test/smoke/smokeSuite.js:1090 将回调交给 extension?.packageJSON?.contributes?.views?.zr?.some	在结构视图与项目选择中确认集合存在预期侧边栏视图贡献	仅判断是否存在；匹配/投影条件：view.id === 'zrImports' && view.name === 'Selected Project'	zr_vm_language_server_extension/test/smoke/smokeSuite.js:1090;zr_vm_language_server_extension/test/smoke/smokeSuite.js:1091	no-comment	局部集合操作只按显式字段筛选或投影；所属场景的既有注释说明业务目的
zr_vm_language_server_extension/test/smoke/smokeSuite.js	verifyStructureViews.retryAction@1096_13	function	verifyStructureViews 在 zr_vm_language_server_extension/test/smoke/smokeSuite.js:1096 传给 withRetry，后者于 zr_vm_language_server_extension/test/smoke/smokeSuite.js:151 调用	轮询读取活动编辑器，观察结构视图刷新是否保留主文件焦点	只读编辑器状态；相邻 predicate 仅核对文档 URI 与 mainUri 一致	zr_vm_language_server_extension/test/smoke/smokeSuite.js:1096;zr_vm_language_server_extension/test/smoke/smokeSuite.js:151	no-comment	导航动作已在外层场景执行；回调仅读取宿主状态，外层注释说明等待原因
zr_vm_language_server_extension/test/smoke/smokeSuite.js	verifyStructureViews.readyPredicate@1097_13	function	verifyStructureViews 在 zr_vm_language_server_extension/test/smoke/smokeSuite.js:1097 传给 withRetry，后者于 zr_vm_language_server_extension/test/smoke/smokeSuite.js:153 调用	把 structure refresh preserves active editor 的预期结果作为结构视图与项目选择场景停止轮询的条件	不满足时继续重试；当前判据：editor?.document?.uri?.toString() === mainUri.toString()	zr_vm_language_server_extension/test/smoke/smokeSuite.js:1097;zr_vm_language_server_extension/test/smoke/smokeSuite.js:153	no-comment	现有场景注释说明为何等待；该谓词的显式条件足以表达结束轮询的门槛
zr_vm_language_server_extension/test/smoke/smokeSuite.js	verifyStructureViews.retryAction@1102_13	function	verifyStructureViews 在 zr_vm_language_server_extension/test/smoke/smokeSuite.js:1102 传给 withRetry，后者于 zr_vm_language_server_extension/test/smoke/smokeSuite.js:151 调用	重复调用结构视图检查命令，先刷新快照再读取文件树与项目树	调用可能触发结构视图刷新；目标节点仍由相邻 predicate 判定	zr_vm_language_server_extension/test/smoke/smokeSuite.js:1102;zr_vm_language_server_extension/test/smoke/smokeSuite.js:151;zr_vm_language_server_extension/src/structure.ts:186	no-comment	扩展注册命令的源码表明该检查入口会先刷新状态；回调重复调用以观察最终一致结果
zr_vm_language_server_extension/test/smoke/smokeSuite.js	verifyStructureViews.readyPredicate@1103_13	function	verifyStructureViews 在 zr_vm_language_server_extension/test/smoke/smokeSuite.js:1103 传给 withRetry，后者于 zr_vm_language_server_extension/test/smoke/smokeSuite.js:153 调用	等待结构视图同时提供文件树、项目树及目标声明，才进入后续快照断言	缺失任一树或目标声明时继续轮询	zr_vm_language_server_extension/test/smoke/smokeSuite.js:1103;zr_vm_language_server_extension/test/smoke/smokeSuite.js:153;zr_vm_language_server_extension/test/smoke/smokeSuite.js:1104;zr_vm_language_server_extension/test/smoke/smokeSuite.js:1113;zr_vm_language_server_extension/test/smoke/smokeSuite.js:1060	no-comment	verifyStructureViews 的现有注释说明文件树与项目树验收；回调把目标声明作为快照就绪条件
zr_vm_language_server_extension/test/smoke/smokeSuite.js	verifyStructureViews.structurePredicate@1110_21	function	verifyStructureViews 在 zr_vm_language_server_extension/test/smoke/smokeSuite.js:1110 将回调传给 findImmediateStructureNode 第 2 个参数；谓词在 zr_vm_language_server_extension/test/smoke/smokeSuite.js:855 被调用	在结构视图与项目选择中定位目标类型与标签的结构树节点，供调用方继续验证	仅检查直接子节点，不递归；条件：node.nodeType === 'file' && node.label === 'structure_smoke_main'	zr_vm_language_server_extension/test/smoke/smokeSuite.js:1110;zr_vm_language_server_extension/test/smoke/smokeSuite.js:855	no-comment	外层辅助函数已有节点筛选契约注释；此谓词仅代入显式类型和标签条件
zr_vm_language_server_extension/test/smoke/smokeSuite.js	verifyStructureViews.structurePredicate@1117_25	function	verifyStructureViews 在 zr_vm_language_server_extension/test/smoke/smokeSuite.js:1117 将回调传给 findStructureNode 第 2 个参数；谓词在 zr_vm_language_server_extension/test/smoke/smokeSuite.js:868 被调用	在结构视图与项目选择中定位目标类型与标签的结构树节点，供调用方继续验证	递归遍历每个非空节点，允许匹配后代；条件：node.nodeType === 'declaration' && node.label === 'StructureHero'	zr_vm_language_server_extension/test/smoke/smokeSuite.js:1117;zr_vm_language_server_extension/test/smoke/smokeSuite.js:868	no-comment	外层辅助函数已有节点筛选契约注释；此谓词仅代入显式类型和标签条件
zr_vm_language_server_extension/test/smoke/smokeSuite.js	verifyStructureViews.structurePredicate@1121_25	function	verifyStructureViews 在 zr_vm_language_server_extension/test/smoke/smokeSuite.js:1121 将回调传给 findStructureNode 第 2 个参数；谓词在 zr_vm_language_server_extension/test/smoke/smokeSuite.js:868 被调用	在结构视图与项目选择中定位目标类型与标签的结构树节点，供调用方继续验证	递归遍历每个非空节点，允许匹配后代；条件：node.nodeType === 'declaration' && node.label === 'total'	zr_vm_language_server_extension/test/smoke/smokeSuite.js:1121;zr_vm_language_server_extension/test/smoke/smokeSuite.js:868	no-comment	外层辅助函数已有节点筛选契约注释；此谓词仅代入显式类型和标签条件
zr_vm_language_server_extension/test/smoke/smokeSuite.js	verifyStructureViews.structurePredicate@1131_13	function	verifyStructureViews 在 zr_vm_language_server_extension/test/smoke/smokeSuite.js:1131 将回调传给 findImmediateStructureNode 第 2 个参数；谓词在 zr_vm_language_server_extension/test/smoke/smokeSuite.js:855 被调用	在结构视图与项目选择中定位目标类型与标签的结构树节点，供调用方继续验证	仅检查直接子节点，不递归；条件：node.nodeType === 'file' && node.label === 'structure_smoke_main'	zr_vm_language_server_extension/test/smoke/smokeSuite.js:1131;zr_vm_language_server_extension/test/smoke/smokeSuite.js:855	no-comment	外层辅助函数已有节点筛选契约注释；此谓词仅代入显式类型和标签条件
zr_vm_language_server_extension/test/smoke/smokeSuite.js	verifyStructureViews.structurePredicate@1142_17	function	verifyStructureViews 在 zr_vm_language_server_extension/test/smoke/smokeSuite.js:1142 将回调传给 findStructureNode 第 2 个参数；谓词在 zr_vm_language_server_extension/test/smoke/smokeSuite.js:868 被调用	在结构视图与项目选择中定位目标类型与标签的结构树节点，供调用方继续验证	递归遍历每个非空节点，允许匹配后代；条件：node.nodeType === 'import' && node.label === 'structure_helper'	zr_vm_language_server_extension/test/smoke/smokeSuite.js:1142;zr_vm_language_server_extension/test/smoke/smokeSuite.js:868	no-comment	外层辅助函数已有节点筛选契约注释；此谓词仅代入显式类型和标签条件
zr_vm_language_server_extension/test/smoke/smokeSuite.js	verifyStructureViews.structurePredicate@1149_17	function	verifyStructureViews 在 zr_vm_language_server_extension/test/smoke/smokeSuite.js:1149 将回调传给 findStructureNode 第 2 个参数；谓词在 zr_vm_language_server_extension/test/smoke/smokeSuite.js:868 被调用	在结构视图与项目选择中定位目标类型与标签的结构树节点，供调用方继续验证	递归遍历每个非空节点，允许匹配后代；条件：node.nodeType === 'import' && node.label === 'zr.system'	zr_vm_language_server_extension/test/smoke/smokeSuite.js:1149;zr_vm_language_server_extension/test/smoke/smokeSuite.js:868	no-comment	外层辅助函数已有节点筛选契约注释；此谓词仅代入显式类型和标签条件
zr_vm_language_server_extension/test/smoke/smokeSuite.js	verifyStructureViews.structurePredicate@1156_17	function	verifyStructureViews 在 zr_vm_language_server_extension/test/smoke/smokeSuite.js:1156 将回调传给 findStructureNode 第 2 个参数；谓词在 zr_vm_language_server_extension/test/smoke/smokeSuite.js:868 被调用	在结构视图与项目选择中定位目标类型与标签的结构树节点，供调用方继续验证	递归遍历每个非空节点，允许匹配后代；条件：node.nodeType === 'declaration' && node.label === 'StructureHero'	zr_vm_language_server_extension/test/smoke/smokeSuite.js:1156;zr_vm_language_server_extension/test/smoke/smokeSuite.js:868	no-comment	外层辅助函数已有节点筛选契约注释；此谓词仅代入显式类型和标签条件
zr_vm_language_server_extension/test/smoke/smokeSuite.js	verifyStructureViews.structurePredicate@1163_17	function	verifyStructureViews 在 zr_vm_language_server_extension/test/smoke/smokeSuite.js:1163 将回调传给 findStructureNode 第 2 个参数；谓词在 zr_vm_language_server_extension/test/smoke/smokeSuite.js:868 被调用	在结构视图与项目选择中定位目标类型与标签的结构树节点，供调用方继续验证	递归遍历每个非空节点，允许匹配后代；条件：node.nodeType === 'declaration' && node.label === 'total'	zr_vm_language_server_extension/test/smoke/smokeSuite.js:1163;zr_vm_language_server_extension/test/smoke/smokeSuite.js:868	no-comment	外层辅助函数已有节点筛选契约注释；此谓词仅代入显式类型和标签条件
zr_vm_language_server_extension/test/smoke/smokeSuite.js	verifyStructureViews.structurePredicate@1170_17	function	verifyStructureViews 在 zr_vm_language_server_extension/test/smoke/smokeSuite.js:1170 将回调传给 findStructureNode 第 2 个参数；谓词在 zr_vm_language_server_extension/test/smoke/smokeSuite.js:868 被调用	在结构视图与项目选择中定位目标类型与标签的结构树节点，供调用方继续验证	递归遍历每个非空节点，允许匹配后代；条件：node.nodeType === 'declaration' && node.label === 'structureViewSmoke'	zr_vm_language_server_extension/test/smoke/smokeSuite.js:1170;zr_vm_language_server_extension/test/smoke/smokeSuite.js:868	no-comment	外层辅助函数已有节点筛选契约注释；此谓词仅代入显式类型和标签条件
zr_vm_language_server_extension/test/smoke/smokeSuite.js	verifyStructureViews.structurePredicate@1177_13	function	verifyStructureViews 在 zr_vm_language_server_extension/test/smoke/smokeSuite.js:1177 将回调传给 findImmediateStructureNode 第 2 个参数；谓词在 zr_vm_language_server_extension/test/smoke/smokeSuite.js:855 被调用	在结构视图与项目选择中定位目标类型与标签的结构树节点，供调用方继续验证	仅检查直接子节点，不递归；条件：node.nodeType === 'action' && node.label === 'Select Project'	zr_vm_language_server_extension/test/smoke/smokeSuite.js:1177;zr_vm_language_server_extension/test/smoke/smokeSuite.js:855	no-comment	外层辅助函数已有节点筛选契约注释；此谓词仅代入显式类型和标签条件
zr_vm_language_server_extension/test/smoke/smokeSuite.js	verifyStructureViews.structurePredicate@1181_13	function	verifyStructureViews 在 zr_vm_language_server_extension/test/smoke/smokeSuite.js:1181 将回调传给 findImmediateStructureNode 第 2 个参数；谓词在 zr_vm_language_server_extension/test/smoke/smokeSuite.js:855 被调用	在结构视图与项目选择中定位目标类型与标签的结构树节点，供调用方继续验证	仅检查直接子节点，不递归；条件：node.nodeType === 'action' && node.label === 'Run Selected Project'	zr_vm_language_server_extension/test/smoke/smokeSuite.js:1181;zr_vm_language_server_extension/test/smoke/smokeSuite.js:855	no-comment	外层辅助函数已有节点筛选契约注释；此谓词仅代入显式类型和标签条件
zr_vm_language_server_extension/test/smoke/smokeSuite.js	verifyStructureViews.structurePredicate@1185_13	function	verifyStructureViews 在 zr_vm_language_server_extension/test/smoke/smokeSuite.js:1185 将回调传给 findImmediateStructureNode 第 2 个参数；谓词在 zr_vm_language_server_extension/test/smoke/smokeSuite.js:855 被调用	在结构视图与项目选择中定位目标类型与标签的结构树节点，供调用方继续验证	仅检查直接子节点，不递归；条件：node.nodeType === 'action' && node.label === 'Debug Selected Project'	zr_vm_language_server_extension/test/smoke/smokeSuite.js:1185;zr_vm_language_server_extension/test/smoke/smokeSuite.js:855	no-comment	外层辅助函数已有节点筛选契约注释；此谓词仅代入显式类型和标签条件
zr_vm_language_server_extension/test/smoke/smokeSuite.js	verifyStructureViews.structurePredicate@1196_13	function	verifyStructureViews 在 zr_vm_language_server_extension/test/smoke/smokeSuite.js:1196 将回调传给 findStructureNode 第 2 个参数；谓词在 zr_vm_language_server_extension/test/smoke/smokeSuite.js:868 被调用	在结构视图与项目选择中定位目标类型与标签的结构树节点，供调用方继续验证	递归遍历每个非空节点，允许匹配后代；条件：node.nodeType === 'project' && node.label === 'import_basic'	zr_vm_language_server_extension/test/smoke/smokeSuite.js:1196;zr_vm_language_server_extension/test/smoke/smokeSuite.js:868	no-comment	外层辅助函数已有节点筛选契约注释；此谓词仅代入显式类型和标签条件
zr_vm_language_server_extension/test/smoke/smokeSuite.js	verifyStructureViews.structurePredicate@1209_17	function	verifyStructureViews 在 zr_vm_language_server_extension/test/smoke/smokeSuite.js:1209 将回调传给 findStructureNode 第 2 个参数；谓词在 zr_vm_language_server_extension/test/smoke/smokeSuite.js:868 被调用	在结构视图与项目选择中定位目标类型与标签的结构树节点，供调用方继续验证	递归遍历每个非空节点，允许匹配后代；条件：node.nodeType === 'module' && node.label === 'main'	zr_vm_language_server_extension/test/smoke/smokeSuite.js:1209;zr_vm_language_server_extension/test/smoke/smokeSuite.js:868	no-comment	外层辅助函数已有节点筛选契约注释；此谓词仅代入显式类型和标签条件
zr_vm_language_server_extension/test/smoke/smokeSuite.js	verifyStructureViews.structurePredicate@1215_13	function	verifyStructureViews 在 zr_vm_language_server_extension/test/smoke/smokeSuite.js:1215 将回调传给 findStructureNode 第 2 个参数；谓词在 zr_vm_language_server_extension/test/smoke/smokeSuite.js:868 被调用	在结构视图与项目选择中定位目标类型与标签的结构树节点，供调用方继续验证	递归遍历每个非空节点，允许匹配后代；条件：node.nodeType === 'module'	zr_vm_language_server_extension/test/smoke/smokeSuite.js:1215;zr_vm_language_server_extension/test/smoke/smokeSuite.js:868	no-comment	外层辅助函数已有节点筛选契约注释；此谓词仅代入显式类型和标签条件
zr_vm_language_server_extension/test/smoke/smokeSuite.js	verifyStructureViews.structurePredicate@1220_13	function	verifyStructureViews 在 zr_vm_language_server_extension/test/smoke/smokeSuite.js:1220 将回调传给 findStructureNode 第 2 个参数；谓词在 zr_vm_language_server_extension/test/smoke/smokeSuite.js:868 被调用	在结构视图与项目选择中定位目标类型与标签的结构树节点，供调用方继续验证	递归遍历每个非空节点，允许匹配后代；条件：node.nodeType === 'declaration' && node.label === 'total'	zr_vm_language_server_extension/test/smoke/smokeSuite.js:1220;zr_vm_language_server_extension/test/smoke/smokeSuite.js:868	no-comment	外层辅助函数已有节点筛选契约注释；此谓词仅代入显式类型和标签条件
zr_vm_language_server_extension/test/smoke/smokeSuite.js	verifyStructureViews.retryAction@1225_13	function	verifyStructureViews 在 zr_vm_language_server_extension/test/smoke/smokeSuite.js:1225 传给 withRetry，后者于 zr_vm_language_server_extension/test/smoke/smokeSuite.js:151 调用	轮询读取当前活动编辑器，观察此前导航或刷新命令的效果	只读编辑器状态；文档 URI 与光标位置由相邻 predicate 判定	zr_vm_language_server_extension/test/smoke/smokeSuite.js:1225;zr_vm_language_server_extension/test/smoke/smokeSuite.js:151	no-comment	导航动作已在外层场景执行；回调仅读取宿主状态，外层注释说明等待原因
zr_vm_language_server_extension/test/smoke/smokeSuite.js	verifyStructureViews.readyPredicate@1226_13	function	verifyStructureViews 在 zr_vm_language_server_extension/test/smoke/smokeSuite.js:1226 传给 withRetry，后者于 zr_vm_language_server_extension/test/smoke/smokeSuite.js:153 调用	等待结构声明导航后活动编辑器返回主文件并停在 total 声明行	编辑器 URI 需为 structure_smoke_main.zr，活动光标行须等于 totalDefinitionPosition.line	zr_vm_language_server_extension/test/smoke/smokeSuite.js:1226;zr_vm_language_server_extension/test/smoke/smokeSuite.js:153;zr_vm_language_server_extension/test/smoke/smokeSuite.js:1227	no-comment	现有场景注释说明为何等待；该谓词的显式条件足以表达结束轮询的门槛
zr_vm_language_server_extension/test/smoke/smokeSuite.js	verifyStructureViews.structurePredicate@1234_13	function	verifyStructureViews 在 zr_vm_language_server_extension/test/smoke/smokeSuite.js:1234 将回调传给 findStructureNode 第 2 个参数；谓词在 zr_vm_language_server_extension/test/smoke/smokeSuite.js:868 被调用	在结构视图与项目选择中定位目标类型与标签的结构树节点，供调用方继续验证	递归遍历每个非空节点，允许匹配后代；条件：node.nodeType === 'import' && node.label === 'structure_helper'	zr_vm_language_server_extension/test/smoke/smokeSuite.js:1234;zr_vm_language_server_extension/test/smoke/smokeSuite.js:868	no-comment	外层辅助函数已有节点筛选契约注释；此谓词仅代入显式类型和标签条件
zr_vm_language_server_extension/test/smoke/smokeSuite.js	verifyStructureViews.retryAction@1239_13	function	verifyStructureViews 在 zr_vm_language_server_extension/test/smoke/smokeSuite.js:1239 传给 withRetry，后者于 zr_vm_language_server_extension/test/smoke/smokeSuite.js:151 调用	轮询读取活动编辑器，观察工作区导入导航是否打开 helper 文件	只读编辑器状态；相邻 predicate 仅核对 URI 后缀为 structure_helper.zr	zr_vm_language_server_extension/test/smoke/smokeSuite.js:1239;zr_vm_language_server_extension/test/smoke/smokeSuite.js:151	no-comment	导航动作已在外层场景执行；回调仅读取宿主状态，外层注释说明等待原因
zr_vm_language_server_extension/test/smoke/smokeSuite.js	verifyStructureViews.readyPredicate@1240_13	function	verifyStructureViews 在 zr_vm_language_server_extension/test/smoke/smokeSuite.js:1240 传给 withRetry，后者于 zr_vm_language_server_extension/test/smoke/smokeSuite.js:153 调用	把 workspace import definition navigation 的预期结果作为结构视图与项目选择场景停止轮询的条件	不满足时继续重试；当前判据：uriPath(editor?.document?.uri).endsWith('/src/structure_helper.zr')	zr_vm_language_server_extension/test/smoke/smokeSuite.js:1240;zr_vm_language_server_extension/test/smoke/smokeSuite.js:153	no-comment	现有场景注释说明为何等待；该谓词的显式条件足以表达结束轮询的门槛
zr_vm_language_server_extension/test/smoke/smokeSuite.js	verifyStructureViews.structurePredicate@1248_13	function	verifyStructureViews 在 zr_vm_language_server_extension/test/smoke/smokeSuite.js:1248 将回调传给 findStructureNode 第 2 个参数；谓词在 zr_vm_language_server_extension/test/smoke/smokeSuite.js:868 被调用	在结构视图与项目选择中定位目标类型与标签的结构树节点，供调用方继续验证	递归遍历每个非空节点，允许匹配后代；条件：node.nodeType === 'import' && node.label === 'zr.system'	zr_vm_language_server_extension/test/smoke/smokeSuite.js:1248;zr_vm_language_server_extension/test/smoke/smokeSuite.js:868	no-comment	外层辅助函数已有节点筛选契约注释；此谓词仅代入显式类型和标签条件
zr_vm_language_server_extension/test/smoke/smokeSuite.js	verifyStructureViews.retryAction@1253_13	function	verifyStructureViews 在 zr_vm_language_server_extension/test/smoke/smokeSuite.js:1253 传给 withRetry，后者于 zr_vm_language_server_extension/test/smoke/smokeSuite.js:151 调用	轮询读取活动编辑器，观察 native 导入导航是否打开反编译文档	只读编辑器状态；相邻 predicate 核对 scheme 为 zr-decompiled 且路径为 zr.system.zr	zr_vm_language_server_extension/test/smoke/smokeSuite.js:1253;zr_vm_language_server_extension/test/smoke/smokeSuite.js:151	no-comment	导航动作已在外层场景执行；回调仅读取宿主状态，外层注释说明等待原因
zr_vm_language_server_extension/test/smoke/smokeSuite.js	verifyStructureViews.readyPredicate@1254_13	function	verifyStructureViews 在 zr_vm_language_server_extension/test/smoke/smokeSuite.js:1254 传给 withRetry，后者于 zr_vm_language_server_extension/test/smoke/smokeSuite.js:153 调用	把 native import opens zr-decompiled document 的预期结果作为结构视图与项目选择场景停止轮询的条件	不满足时继续重试；当前判据：editor?.document?.uri?.scheme === 'zr-decompiled' && uriPath(editor.document.uri).endsWith('/zr.system.zr')	zr_vm_language_server_extension/test/smoke/smokeSuite.js:1254;zr_vm_language_server_extension/test/smoke/smokeSuite.js:153	no-comment	现有场景注释说明为何等待；该谓词的显式条件足以表达结束轮询的门槛
zr_vm_language_server_extension/test/smoke/smokeSuite.js	verifyStructureViews.retryAction@1261_13	function	verifyStructureViews 在 zr_vm_language_server_extension/test/smoke/smokeSuite.js:1261 传给 withRetry，后者于 zr_vm_language_server_extension/test/smoke/smokeSuite.js:151 调用	轮询读取 zr-decompiled 虚拟文档，确认内容提供者已可服务请求	文档加载失败交由 withRetry 重试；返回内容仍需由相邻 predicate 核对	zr_vm_language_server_extension/test/smoke/smokeSuite.js:1261;zr_vm_language_server_extension/test/smoke/smokeSuite.js:151	no-comment	结构视图场景注释已说明虚拟文档导航，单行回调只调用宿主打开接口
zr_vm_language_server_extension/test/smoke/smokeSuite.js	verifyStructureViews.readyPredicate@1262_13	function	verifyStructureViews 在 zr_vm_language_server_extension/test/smoke/smokeSuite.js:1262 传给 withRetry，后者于 zr_vm_language_server_extension/test/smoke/smokeSuite.js:153 调用	把 native declaration virtual document load 的预期结果作为结构视图与项目选择场景停止轮询的条件	不满足时继续重试；当前判据：typeof document?.getText === 'function' && document.getText().includes('native extern("zr.system")')	zr_vm_language_server_extension/test/smoke/smokeSuite.js:1262;zr_vm_language_server_extension/test/smoke/smokeSuite.js:153	no-comment	现有场景注释说明为何等待；该谓词的显式条件足以表达结束轮询的门槛
zr_vm_language_server_extension/test/smoke/smokeSuite.js	verifyStructureViews.retryAction@1271_13	function	verifyStructureViews 在 zr_vm_language_server_extension/test/smoke/smokeSuite.js:1271 传给 withRetry，后者于 zr_vm_language_server_extension/test/smoke/smokeSuite.js:151 调用	重复查询 VS Code vscode.executeDefinitionProvider 的返回结果，观察异步 provider 是否就绪	同一 provider 请求可重试；若单次请求不结算，withRetry deadline 不会中断	zr_vm_language_server_extension/test/smoke/smokeSuite.js:1271;zr_vm_language_server_extension/test/smoke/smokeSuite.js:151;zr_vm_language_server_extension/test/smoke/smokeSuite.js:1272	no-comment	所属场景注释说明为何查询该入口；回调表达式明确 VS Code 命令与请求参数
zr_vm_language_server_extension/test/smoke/smokeSuite.js	verifyStructureViews.readyPredicate@1276_13	function	verifyStructureViews 在 zr_vm_language_server_extension/test/smoke/smokeSuite.js:1276 传给 withRetry，后者于 zr_vm_language_server_extension/test/smoke/smokeSuite.js:153 调用	把 native import definition provider 的预期结果作为结构视图与项目选择场景停止轮询的条件	不满足时继续重试；当前判据：Array.isArray(items) && items.length > 0	zr_vm_language_server_extension/test/smoke/smokeSuite.js:1276;zr_vm_language_server_extension/test/smoke/smokeSuite.js:153	no-comment	现有场景注释说明为何等待；该谓词的显式条件足以表达结束轮询的门槛
zr_vm_language_server_extension/test/smoke/smokeSuite.js	verifyStructureViews.somePredicate@1281_36	function	verifyStructureViews 在 zr_vm_language_server_extension/test/smoke/smokeSuite.js:1281 将回调交给 nativeDefinitions.some	在结构视图与项目选择中确认集合存在目标文档或虚拟 URI 的结果	仅判断是否存在；匹配/投影条件：locationUri(item)?.scheme === 'zr-decompiled' && uriPath(locationUri(item)).endsWith('/zr.system.zr')	zr_vm_language_server_extension/test/smoke/smokeSuite.js:1281;zr_vm_language_server_extension/test/smoke/smokeSuite.js:1282	no-comment	局部集合操作只按显式字段筛选或投影；所属场景的既有注释说明业务目的
zr_vm_language_server_extension/test/smoke/smokeSuite.js	verifyStructureViews.retryAction@1291_17	function	verifyStructureViews 在 zr_vm_language_server_extension/test/smoke/smokeSuite.js:1291 传给 withRetry，后者于 zr_vm_language_server_extension/test/smoke/smokeSuite.js:151 调用	轮询读取活动编辑器，观察所选项目 native 模块导航是否进入虚拟文档	只读编辑器状态；相邻 predicate 仅核对 URI scheme 为 zr-decompiled	zr_vm_language_server_extension/test/smoke/smokeSuite.js:1291;zr_vm_language_server_extension/test/smoke/smokeSuite.js:151	no-comment	导航动作已在外层场景执行；回调仅读取宿主状态，外层注释说明等待原因
zr_vm_language_server_extension/test/smoke/smokeSuite.js	verifyStructureViews.readyPredicate@1292_17	function	verifyStructureViews 在 zr_vm_language_server_extension/test/smoke/smokeSuite.js:1292 传给 withRetry，后者于 zr_vm_language_server_extension/test/smoke/smokeSuite.js:153 调用	把 selected project native module navigation 的预期结果作为结构视图与项目选择场景停止轮询的条件	不满足时继续重试；当前判据：editor?.document?.uri?.scheme === 'zr-decompiled'	zr_vm_language_server_extension/test/smoke/smokeSuite.js:1292;zr_vm_language_server_extension/test/smoke/smokeSuite.js:153	no-comment	现有场景注释说明为何等待；该谓词的显式条件足以表达结束轮询的门槛
zr_vm_language_server_extension/test/smoke/smokeSuite.js	verifyStructureViews.windowReplacement@1313_56	function	verifyStructureViews 经 zr_vm_language_server_extension/test/smoke/smokeSuite.js:1313 交给 withPatchedWindowMethod；替身于 zr_vm_language_server_extension/test/smoke/smokeSuite.js:1798 安装后由 VS Code 调用	在结构视图与项目选择场景中替代 showQuickPick，固定交互输入或记录提示	替身作用域仅限 action 执行期；helper 在 finally 恢复宿主方法	zr_vm_language_server_extension/test/smoke/smokeSuite.js:1313;zr_vm_language_server_extension/test/smoke/smokeSuite.js:1798	no-comment	withPatchedWindowMethod 的既有注释解释替身作用域；回调只提供指定交互结果
zr_vm_language_server_extension/test/smoke/smokeSuite.js	verifyStructureViews.findPredicate@1313_84	function	verifyStructureViews 在 zr_vm_language_server_extension/test/smoke/smokeSuite.js:1313 将回调交给 items.find	在结构视图与项目选择中选择首个目标标签或名称的候选项	未匹配时返回 undefined；匹配/投影条件：item.label === 'structure_selected_project_smoke'	zr_vm_language_server_extension/test/smoke/smokeSuite.js:1313	no-comment	局部集合操作只按显式字段筛选或投影；所属场景的既有注释说明业务目的
zr_vm_language_server_extension/test/smoke/smokeSuite.js	verifyStructureViews.windowAction@1313_146	function	verifyStructureViews 经 zr_vm_language_server_extension/test/smoke/smokeSuite.js:1313 交给 withPatchedWindowMethod；动作由 zr_vm_language_server_extension/test/smoke/smokeSuite.js:1801 调用	在 showQuickPick 替身生效期间执行 zr.selectProject，将项目上下文切到临时工程	替身作用域仅限 action 执行期；helper 在 finally 恢复宿主方法	zr_vm_language_server_extension/test/smoke/smokeSuite.js:1313;zr_vm_language_server_extension/test/smoke/smokeSuite.js:1801;zr_vm_language_server_extension/test/smoke/smokeSuite.js:1314;zr_vm_language_server_extension/test/smoke/smokeSuite.js:1060	no-comment	verifyStructureViews 现有注释说明临时项目切换；回调只触发选择命令，替身恢复由 helper 保证
zr_vm_language_server_extension/test/smoke/smokeSuite.js	verifyStructureViews.retryAction@1318_13	function	verifyStructureViews 在 zr_vm_language_server_extension/test/smoke/smokeSuite.js:1318 传给 withRetry，后者于 zr_vm_language_server_extension/test/smoke/smokeSuite.js:151 调用	重复调用结构视图检查命令，先刷新快照再读取文件树与项目树	调用可能触发结构视图刷新；目标节点仍由相邻 predicate 判定	zr_vm_language_server_extension/test/smoke/smokeSuite.js:1318;zr_vm_language_server_extension/test/smoke/smokeSuite.js:151;zr_vm_language_server_extension/src/structure.ts:186	no-comment	扩展注册命令的源码表明该检查入口会先刷新状态；回调重复调用以观察最终一致结果
zr_vm_language_server_extension/test/smoke/smokeSuite.js	verifyStructureViews.readyPredicate@1319_13	function	verifyStructureViews 在 zr_vm_language_server_extension/test/smoke/smokeSuite.js:1319 传给 withRetry，后者于 zr_vm_language_server_extension/test/smoke/smokeSuite.js:153 调用	等待 Selected Project 视图出现临时选中的 structure_selected_project_smoke 工程	在 project 树递归查找 nodeType=project 且标签为 structure_selected_project_smoke 的节点	zr_vm_language_server_extension/test/smoke/smokeSuite.js:1319;zr_vm_language_server_extension/test/smoke/smokeSuite.js:153;zr_vm_language_server_extension/test/smoke/smokeSuite.js:1321	no-comment	现有场景注释说明为何等待；该谓词的显式条件足以表达结束轮询的门槛
zr_vm_language_server_extension/test/smoke/smokeSuite.js	verifyStructureViews.structurePredicate@1321_17	function	verifyStructureViews 在 zr_vm_language_server_extension/test/smoke/smokeSuite.js:1321 将回调传给 findStructureNode 第 2 个参数；谓词在 zr_vm_language_server_extension/test/smoke/smokeSuite.js:868 被调用	在结构视图与项目选择中定位目标类型与标签的结构树节点，供调用方继续验证	递归遍历每个非空节点，允许匹配后代；条件：node.nodeType === 'project' && node.label === 'structure_selected_project_smoke'	zr_vm_language_server_extension/test/smoke/smokeSuite.js:1321;zr_vm_language_server_extension/test/smoke/smokeSuite.js:868	no-comment	外层辅助函数已有节点筛选契约注释；此谓词仅代入显式类型和标签条件
zr_vm_language_server_extension/test/smoke/smokeSuite.js	verifyStructureViews.structurePredicate@1329_17	function	verifyStructureViews 在 zr_vm_language_server_extension/test/smoke/smokeSuite.js:1329 将回调传给 findStructureNode 第 2 个参数；谓词在 zr_vm_language_server_extension/test/smoke/smokeSuite.js:868 被调用	在结构视图与项目选择中定位目标类型与标签的结构树节点，供调用方继续验证	递归遍历每个非空节点，允许匹配后代；条件：node.nodeType === 'project' && node.label === 'structure_selected_project_smoke'	zr_vm_language_server_extension/test/smoke/smokeSuite.js:1329;zr_vm_language_server_extension/test/smoke/smokeSuite.js:868	no-comment	外层辅助函数已有节点筛选契约注释；此谓词仅代入显式类型和标签条件
zr_vm_language_server_extension/test/smoke/smokeSuite.js	verifyStructureViews.retryAction@1336_13	function	verifyStructureViews 在 zr_vm_language_server_extension/test/smoke/smokeSuite.js:1336 传给 withRetry，后者于 zr_vm_language_server_extension/test/smoke/smokeSuite.js:151 调用	重复调用结构视图检查命令，先刷新快照再读取文件树与项目树	调用可能触发结构视图刷新；目标节点仍由相邻 predicate 判定	zr_vm_language_server_extension/test/smoke/smokeSuite.js:1336;zr_vm_language_server_extension/test/smoke/smokeSuite.js:151;zr_vm_language_server_extension/src/structure.ts:186	no-comment	扩展注册命令的源码表明该检查入口会先刷新状态；回调重复调用以观察最终一致结果
zr_vm_language_server_extension/test/smoke/smokeSuite.js	verifyStructureViews.readyPredicate@1337_13	function	verifyStructureViews 在 zr_vm_language_server_extension/test/smoke/smokeSuite.js:1337 传给 withRetry，后者于 zr_vm_language_server_extension/test/smoke/smokeSuite.js:153 调用	刷新结构视图后仍应保留临时选中的 structure_selected_project_smoke 工程	在刷新后的 project 树中仍须能递归找到目标 project 节点	zr_vm_language_server_extension/test/smoke/smokeSuite.js:1337;zr_vm_language_server_extension/test/smoke/smokeSuite.js:153;zr_vm_language_server_extension/test/smoke/smokeSuite.js:1339	no-comment	现有场景注释说明为何等待；该谓词的显式条件足以表达结束轮询的门槛
zr_vm_language_server_extension/test/smoke/smokeSuite.js	verifyStructureViews.structurePredicate@1339_17	function	verifyStructureViews 在 zr_vm_language_server_extension/test/smoke/smokeSuite.js:1339 将回调传给 findStructureNode 第 2 个参数；谓词在 zr_vm_language_server_extension/test/smoke/smokeSuite.js:868 被调用	在结构视图与项目选择中定位目标类型与标签的结构树节点，供调用方继续验证	递归遍历每个非空节点，允许匹配后代；条件：node.nodeType === 'project' && node.label === 'structure_selected_project_smoke'	zr_vm_language_server_extension/test/smoke/smokeSuite.js:1339;zr_vm_language_server_extension/test/smoke/smokeSuite.js:868	no-comment	外层辅助函数已有节点筛选契约注释；此谓词仅代入显式类型和标签条件
zr_vm_language_server_extension/test/smoke/smokeSuite.js	verifyStructureViews.windowReplacement@1345_56	function	verifyStructureViews 经 zr_vm_language_server_extension/test/smoke/smokeSuite.js:1345 交给 withPatchedWindowMethod；替身于 zr_vm_language_server_extension/test/smoke/smokeSuite.js:1798 安装后由 VS Code 调用	在结构视图与项目选择场景中替代 showQuickPick，固定交互输入或记录提示	替身作用域仅限 action 执行期；helper 在 finally 恢复宿主方法	zr_vm_language_server_extension/test/smoke/smokeSuite.js:1345;zr_vm_language_server_extension/test/smoke/smokeSuite.js:1798	no-comment	withPatchedWindowMethod 的既有注释解释替身作用域；回调只提供指定交互结果
zr_vm_language_server_extension/test/smoke/smokeSuite.js	verifyStructureViews.findPredicate@1345_84	function	verifyStructureViews 在 zr_vm_language_server_extension/test/smoke/smokeSuite.js:1345 将回调交给 items.find	在结构视图与项目选择中选择首个目标标签或名称的候选项	未匹配时返回 undefined；匹配/投影条件：item.label === 'import_basic'	zr_vm_language_server_extension/test/smoke/smokeSuite.js:1345	no-comment	局部集合操作只按显式字段筛选或投影；所属场景的既有注释说明业务目的
zr_vm_language_server_extension/test/smoke/smokeSuite.js	verifyStructureViews.windowAction@1345_126	function	verifyStructureViews 经 zr_vm_language_server_extension/test/smoke/smokeSuite.js:1345 交给 withPatchedWindowMethod；动作由 zr_vm_language_server_extension/test/smoke/smokeSuite.js:1801 调用	在 showQuickPick 替身生效期间恢复 import_basic 项目选择	替身作用域仅限 action 执行期；helper 在 finally 恢复宿主方法	zr_vm_language_server_extension/test/smoke/smokeSuite.js:1345;zr_vm_language_server_extension/test/smoke/smokeSuite.js:1801;zr_vm_language_server_extension/test/smoke/smokeSuite.js:1346;zr_vm_language_server_extension/test/smoke/smokeSuite.js:1060	no-comment	结构视图场景和选择 helper 的注释已说明项目上下文；回调只触发恢复命令
zr_vm_language_server_extension/test/smoke/smokeSuite.js	verifyClassLanguageFeatures.mapProjection@1385_14	function	verifyClassLanguageFeatures 在 zr_vm_language_server_extension/test/smoke/smokeSuite.js:1385 将回调交给 [5, 6, 7, 8, 9] .map	在同一 total 调用表达式附近生成多个光标候选，供定义查询容忍宿主取点差异	各偏移均须落在同一临时文档的目标调用片段内，按偏移顺序保留	zr_vm_language_server_extension/test/smoke/smokeSuite.js:1383;zr_vm_language_server_extension/test/smoke/smokeSuite.js:1385;zr_vm_language_server_extension/test/smoke/smokeSuite.js:1486	no-comment	映射仅改变同一调用片段的光标位置，周边类功能场景注释已说明定义验证目的
zr_vm_language_server_extension/test/smoke/smokeSuite.js	verifyClassLanguageFeatures.filterPredicate@1393_50	function	verifyClassLanguageFeatures 在 zr_vm_language_server_extension/test/smoke/smokeSuite.js:1393 将回调交给 classReport.items.filter	在类成员语言功能中保留与场景目标匹配的结果供后续断言	保留满足条件的元素；匹配/投影条件：item.severity === 1	zr_vm_language_server_extension/test/smoke/smokeSuite.js:1393	no-comment	局部集合操作只按显式字段筛选或投影；所属场景的既有注释说明业务目的
zr_vm_language_server_extension/test/smoke/smokeSuite.js	verifyClassLanguageFeatures.retryAction@1398_9	function	verifyClassLanguageFeatures 在 zr_vm_language_server_extension/test/smoke/smokeSuite.js:1398 传给 withRetry，后者于 zr_vm_language_server_extension/test/smoke/smokeSuite.js:151 调用	轮询经 helper 汇合的定义位置，核对类成员目标	helper 可能合并或回退原始 LSP；此回调结果不能单独证明 VS Code provider 生效	zr_vm_language_server_extension/test/smoke/smokeSuite.js:1398;zr_vm_language_server_extension/test/smoke/smokeSuite.js:151;zr_vm_language_server_extension/test/smoke/smokeSuite.js:670	no-comment	辅助函数的现有注释已说明双路径查询及回退风险；回调仅调用该 helper
zr_vm_language_server_extension/test/smoke/smokeSuite.js	verifyClassLanguageFeatures.readyPredicate@1399_9	function	verifyClassLanguageFeatures 在 zr_vm_language_server_extension/test/smoke/smokeSuite.js:1399 传给 withRetry，后者于 zr_vm_language_server_extension/test/smoke/smokeSuite.js:153 调用	等待 BossHero 定义查询返回类声明名称的精确 Location	结果必须位于 smoke 文档，起止跨度等于 BossHero 声明名称	zr_vm_language_server_extension/test/smoke/smokeSuite.js:1399;zr_vm_language_server_extension/test/smoke/smokeSuite.js:153;zr_vm_language_server_extension/test/smoke/smokeSuite.js:1402;zr_vm_language_server_extension/test/smoke/smokeSuite.js:1405	no-comment	现有场景注释说明为何等待；该谓词的显式条件足以表达结束轮询的门槛
zr_vm_language_server_extension/test/smoke/smokeSuite.js	verifyClassLanguageFeatures.somePredicate@1411_33	function	verifyClassLanguageFeatures 在 zr_vm_language_server_extension/test/smoke/smokeSuite.js:1411 将回调交给 bossHeroDefinition.some	确认 BossHero 定义结果中存在指向临时文档类声明名称的 Location	URI 须匹配 smoke 文档后缀；range 须覆盖 BossHero 声明名称的完整长度	zr_vm_language_server_extension/test/smoke/smokeSuite.js:1411;zr_vm_language_server_extension/test/smoke/smokeSuite.js:1412;zr_vm_language_server_extension/test/smoke/smokeSuite.js:1413;zr_vm_language_server_extension/test/smoke/smokeSuite.js:1418	no-comment	局部集合操作只按显式字段筛选或投影；所属场景的既有注释说明业务目的
zr_vm_language_server_extension/test/smoke/smokeSuite.js	verifyClassLanguageFeatures.retryAction@1424_9	function	verifyClassLanguageFeatures 在 zr_vm_language_server_extension/test/smoke/smokeSuite.js:1424 传给 withRetry，后者于 zr_vm_language_server_extension/test/smoke/smokeSuite.js:151 调用	重复查询 VS Code vscode.executeReferenceProvider 的返回结果，观察异步 provider 是否就绪	同一 provider 请求可重试；若单次请求不结算，withRetry deadline 不会中断	zr_vm_language_server_extension/test/smoke/smokeSuite.js:1424;zr_vm_language_server_extension/test/smoke/smokeSuite.js:151;zr_vm_language_server_extension/test/smoke/smokeSuite.js:1425	no-comment	所属场景注释说明为何查询该入口；回调表达式明确 VS Code 命令与请求参数
zr_vm_language_server_extension/test/smoke/smokeSuite.js	verifyClassLanguageFeatures.readyPredicate@1429_9	function	verifyClassLanguageFeatures 在 zr_vm_language_server_extension/test/smoke/smokeSuite.js:1429 传给 withRetry，后者于 zr_vm_language_server_extension/test/smoke/smokeSuite.js:153 调用	把 BossHero reference provider 的预期结果作为类成员语言功能场景停止轮询的条件	不满足时继续重试；当前判据：Array.isArray(items) && items.length >= 2	zr_vm_language_server_extension/test/smoke/smokeSuite.js:1429;zr_vm_language_server_extension/test/smoke/smokeSuite.js:153	no-comment	现有场景注释说明为何等待；该谓词的显式条件足以表达结束轮询的门槛
zr_vm_language_server_extension/test/smoke/smokeSuite.js	verifyClassLanguageFeatures.somePredicate@1434_33	function	verifyClassLanguageFeatures 在 zr_vm_language_server_extension/test/smoke/smokeSuite.js:1434 将回调交给 bossHeroReferences.some	确认 BossHero 引用结果包含其类声明位置，避免只报告使用处	URI 须匹配 smoke 文档后缀；range 须等于 BossHero 声明名称跨度	zr_vm_language_server_extension/test/smoke/smokeSuite.js:1434;zr_vm_language_server_extension/test/smoke/smokeSuite.js:1435;zr_vm_language_server_extension/test/smoke/smokeSuite.js:1436;zr_vm_language_server_extension/test/smoke/smokeSuite.js:1441	no-comment	局部集合操作只按显式字段筛选或投影；所属场景的既有注释说明业务目的
zr_vm_language_server_extension/test/smoke/smokeSuite.js	verifyClassLanguageFeatures.retryAction@1447_9	function	verifyClassLanguageFeatures 在 zr_vm_language_server_extension/test/smoke/smokeSuite.js:1447 传给 withRetry，后者于 zr_vm_language_server_extension/test/smoke/smokeSuite.js:151 调用	轮询通过 helper 汇合的 VS Code 与原始 LSP 补全候选	helper 可能合并或回退原始 LSP；此回调结果不能单独证明 VS Code provider 生效	zr_vm_language_server_extension/test/smoke/smokeSuite.js:1447;zr_vm_language_server_extension/test/smoke/smokeSuite.js:151;zr_vm_language_server_extension/test/smoke/smokeSuite.js:622	no-comment	辅助函数的现有注释已说明双路径查询及回退风险；回调仅调用该 helper
zr_vm_language_server_extension/test/smoke/smokeSuite.js	verifyClassLanguageFeatures.readyPredicate@1448_9	function	verifyClassLanguageFeatures 在 zr_vm_language_server_extension/test/smoke/smokeSuite.js:1448 传给 withRetry，后者于 zr_vm_language_server_extension/test/smoke/smokeSuite.js:153 调用	把 boss member completion 的预期结果作为类成员语言功能场景停止轮询的条件	不满足时继续重试；当前判据：completionEntries(items) .some((item) => (item.label?.label ?? item.label) === 'hp')	zr_vm_language_server_extension/test/smoke/smokeSuite.js:1448;zr_vm_language_server_extension/test/smoke/smokeSuite.js:153	no-comment	现有场景注释说明为何等待；该谓词的显式条件足以表达结束轮询的门槛
zr_vm_language_server_extension/test/smoke/smokeSuite.js	verifyClassLanguageFeatures.somePredicate@1449_19	function	verifyClassLanguageFeatures 在 zr_vm_language_server_extension/test/smoke/smokeSuite.js:1449 将回调交给 completionEntries(items) .some	在类成员语言功能中确认集合存在目标标签或名称的候选项	仅判断是否存在；匹配/投影条件：(item.label?.label ?? item.label) === 'hp'	zr_vm_language_server_extension/test/smoke/smokeSuite.js:1449	no-comment	局部集合操作只按显式字段筛选或投影；所属场景的既有注释说明业务目的
zr_vm_language_server_extension/test/smoke/smokeSuite.js	verifyClassLanguageFeatures.mapProjection@1453_73	function	verifyClassLanguageFeatures 在 zr_vm_language_server_extension/test/smoke/smokeSuite.js:1453 将回调交给 completionEntries(bossCompletions).map	在类成员语言功能中投影集合为断言需要的文本或标签	保持输入顺序；匹配/投影条件：item.label?.label ?? item.label	zr_vm_language_server_extension/test/smoke/smokeSuite.js:1453	no-comment	局部集合操作只按显式字段筛选或投影；所属场景的既有注释说明业务目的
zr_vm_language_server_extension/test/smoke/smokeSuite.js	verifyClassLanguageFeatures.readyPredicate@1470_9	function	verifyClassLanguageFeatures 在 zr_vm_language_server_extension/test/smoke/smokeSuite.js:1470 传给 withRetry，后者于 zr_vm_language_server_extension/test/smoke/smokeSuite.js:153 调用	把 ScoreBoard member completion 的预期结果作为类成员语言功能场景停止轮询的条件	不满足时继续重试；当前判据：completionEntries(items) .some((item) => (item.label?.label ?? item.label) === 'bonus')	zr_vm_language_server_extension/test/smoke/smokeSuite.js:1470;zr_vm_language_server_extension/test/smoke/smokeSuite.js:153	no-comment	现有场景注释说明为何等待；该谓词的显式条件足以表达结束轮询的门槛
zr_vm_language_server_extension/test/smoke/smokeSuite.js	verifyClassLanguageFeatures.somePredicate@1471_19	function	verifyClassLanguageFeatures 在 zr_vm_language_server_extension/test/smoke/smokeSuite.js:1471 将回调交给 completionEntries(items) .some	在类成员语言功能中确认集合存在目标标签或名称的候选项	仅判断是否存在；匹配/投影条件：(item.label?.label ?? item.label) === 'bonus'	zr_vm_language_server_extension/test/smoke/smokeSuite.js:1471	no-comment	局部集合操作只按显式字段筛选或投影；所属场景的既有注释说明业务目的
zr_vm_language_server_extension/test/smoke/smokeSuite.js	verifyClassLanguageFeatures.mapProjection@1476_14	function	verifyClassLanguageFeatures 在 zr_vm_language_server_extension/test/smoke/smokeSuite.js:1476 将回调交给 completionEntries(scoreBoardCompletions) .map	在类成员语言功能中投影集合为断言需要的文本或标签	保持输入顺序；匹配/投影条件：item.label?.label ?? item.label	zr_vm_language_server_extension/test/smoke/smokeSuite.js:1476	no-comment	局部集合操作只按显式字段筛选或投影；所属场景的既有注释说明业务目的
zr_vm_language_server_extension/test/smoke/smokeSuite.js	verifyClassLanguageFeatures.findPredicate@1480_15	function	verifyClassLanguageFeatures 在 zr_vm_language_server_extension/test/smoke/smokeSuite.js:1480 将回调交给 completionEntries(scoreBoardCompletions) .find	在类成员语言功能中选择首个目标标签或名称的候选项	未匹配时返回 undefined；匹配/投影条件：(item.label?.label ?? item.label) === 'bonus' && completionHasDocumentation(item, 'Shared bonus exposed through get/set.')	zr_vm_language_server_extension/test/smoke/smokeSuite.js:1480	no-comment	局部集合操作只按显式字段筛选或投影；所属场景的既有注释说明业务目的
zr_vm_language_server_extension/test/smoke/smokeSuite.js	verifyClassLanguageFeatures.retryAction@1486_9	function	verifyClassLanguageFeatures 在 zr_vm_language_server_extension/test/smoke/smokeSuite.js:1486 传给 withRetry，后者于 zr_vm_language_server_extension/test/smoke/smokeSuite.js:151 调用	轮询同一方法调用的多个光标偏移，寻找可解析的定义位置	helper 依次尝试候选位置；只凭合并结果不能证明单一光标或宿主 provider 生效	zr_vm_language_server_extension/test/smoke/smokeSuite.js:1486;zr_vm_language_server_extension/test/smoke/smokeSuite.js:151;zr_vm_language_server_extension/test/smoke/smokeSuite.js:692	no-comment	辅助函数的现有注释已说明双路径查询及回退风险；回调仅调用该 helper
zr_vm_language_server_extension/test/smoke/smokeSuite.js	verifyClassLanguageFeatures.readyPredicate@1487_9	function	verifyClassLanguageFeatures 在 zr_vm_language_server_extension/test/smoke/smokeSuite.js:1487 传给 withRetry，后者于 zr_vm_language_server_extension/test/smoke/smokeSuite.js:153 调用	等待 total 方法定义查询返回声明名称的精确 Location	结果须在 smoke 文档中，范围从 totalDefinitionPosition 开始并覆盖 total 名称	zr_vm_language_server_extension/test/smoke/smokeSuite.js:1487;zr_vm_language_server_extension/test/smoke/smokeSuite.js:153;zr_vm_language_server_extension/test/smoke/smokeSuite.js:1490;zr_vm_language_server_extension/test/smoke/smokeSuite.js:1493	no-comment	现有场景注释说明为何等待；该谓词的显式条件足以表达结束轮询的门槛
zr_vm_language_server_extension/test/smoke/smokeSuite.js	verifyClassLanguageFeatures.somePredicate@1499_30	function	verifyClassLanguageFeatures 在 zr_vm_language_server_extension/test/smoke/smokeSuite.js:1499 将回调交给 totalDefinition.some	确认 total 定义结果包含临时文档中的方法声明名称	URI 须匹配 smoke 文档后缀；range 须等于 total 声明名称跨度	zr_vm_language_server_extension/test/smoke/smokeSuite.js:1499;zr_vm_language_server_extension/test/smoke/smokeSuite.js:1500;zr_vm_language_server_extension/test/smoke/smokeSuite.js:1501;zr_vm_language_server_extension/test/smoke/smokeSuite.js:1506	no-comment	局部集合操作只按显式字段筛选或投影；所属场景的既有注释说明业务目的
zr_vm_language_server_extension/test/smoke/smokeSuite.js	verifyClassLanguageFeatures.retryAction@1512_9	function	verifyClassLanguageFeatures 在 zr_vm_language_server_extension/test/smoke/smokeSuite.js:1512 传给 withRetry，后者于 zr_vm_language_server_extension/test/smoke/smokeSuite.js:151 调用	重复查询 VS Code vscode.executeHoverProvider 的返回结果，观察异步 provider 是否就绪	同一 provider 请求可重试；若单次请求不结算，withRetry deadline 不会中断	zr_vm_language_server_extension/test/smoke/smokeSuite.js:1512;zr_vm_language_server_extension/test/smoke/smokeSuite.js:151;zr_vm_language_server_extension/test/smoke/smokeSuite.js:1513	no-comment	所属场景注释说明为何查询该入口；回调表达式明确 VS Code 命令与请求参数
zr_vm_language_server_extension/test/smoke/smokeSuite.js	verifyClassLanguageFeatures.readyPredicate@1517_9	function	verifyClassLanguageFeatures 在 zr_vm_language_server_extension/test/smoke/smokeSuite.js:1517 传给 withRetry，后者于 zr_vm_language_server_extension/test/smoke/smokeSuite.js:153 调用	把 total hover provider 的预期结果作为类成员语言功能场景停止轮询的条件	不满足时继续重试；当前判据：Array.isArray(items) && items.length > 0	zr_vm_language_server_extension/test/smoke/smokeSuite.js:1517;zr_vm_language_server_extension/test/smoke/smokeSuite.js:153	no-comment	现有场景注释说明为何等待；该谓词的显式条件足以表达结束轮询的门槛
zr_vm_language_server_extension/test/smoke/smokeSuite.js	verifyClassLanguageFeatures.retryAction@1528_9	function	verifyClassLanguageFeatures 在 zr_vm_language_server_extension/test/smoke/smokeSuite.js:1528 传给 withRetry，后者于 zr_vm_language_server_extension/test/smoke/smokeSuite.js:151 调用	轮询经 helper 优先读取 VS Code、必要时查询原始 LSP 的重命名编辑	helper 可能合并或回退原始 LSP；此回调结果不能单独证明 VS Code provider 生效	zr_vm_language_server_extension/test/smoke/smokeSuite.js:1528;zr_vm_language_server_extension/test/smoke/smokeSuite.js:151;zr_vm_language_server_extension/test/smoke/smokeSuite.js:735	no-comment	辅助函数的现有注释已说明双路径查询及回退风险；回调仅调用该 helper
zr_vm_language_server_extension/test/smoke/smokeSuite.js	verifyClassLanguageFeatures.readyPredicate@1529_9	function	verifyClassLanguageFeatures 在 zr_vm_language_server_extension/test/smoke/smokeSuite.js:1529 传给 withRetry，后者于 zr_vm_language_server_extension/test/smoke/smokeSuite.js:153 调用	把 total rename provider 的预期结果作为类成员语言功能场景停止轮询的条件	不满足时继续重试；当前判据：workspaceEditHasRenameEdits(value, smokePathSuffix, 'renamedTotal')	zr_vm_language_server_extension/test/smoke/smokeSuite.js:1529;zr_vm_language_server_extension/test/smoke/smokeSuite.js:153	no-comment	现有场景注释说明为何等待；该谓词的显式条件足以表达结束轮询的门槛
zr_vm_language_server_extension/test/smoke/smokeSuite.js	verifyClassLanguageFeatures.retryAction@1537_9	function	verifyClassLanguageFeatures 在 zr_vm_language_server_extension/test/smoke/smokeSuite.js:1537 传给 withRetry，后者于 zr_vm_language_server_extension/test/smoke/smokeSuite.js:151 调用	轮询经 helper 优先读取 VS Code、必要时回退原始 LSP 的文档符号	helper 可能合并或回退原始 LSP；此回调结果不能单独证明 VS Code provider 生效	zr_vm_language_server_extension/test/smoke/smokeSuite.js:1537;zr_vm_language_server_extension/test/smoke/smokeSuite.js:151;zr_vm_language_server_extension/test/smoke/smokeSuite.js:653	no-comment	辅助函数的现有注释已说明双路径查询及回退风险；回调仅调用该 helper
zr_vm_language_server_extension/test/smoke/smokeSuite.js	verifyClassLanguageFeatures.readyPredicate@1538_9	function	verifyClassLanguageFeatures 在 zr_vm_language_server_extension/test/smoke/smokeSuite.js:1538 传给 withRetry，后者于 zr_vm_language_server_extension/test/smoke/smokeSuite.js:153 调用	把 classes document symbols 的预期结果作为类成员语言功能场景停止轮询的条件	不满足时继续重试；当前判据：Array.isArray(items) && items.length > 0	zr_vm_language_server_extension/test/smoke/smokeSuite.js:1538;zr_vm_language_server_extension/test/smoke/smokeSuite.js:153	no-comment	现有场景注释说明为何等待；该谓词的显式条件足以表达结束轮询的门槛
zr_vm_language_server_extension/test/smoke/smokeSuite.js	waitForDebugEvent.promiseExecutor@1557_24	function	waitForDebugEvent 在 zr_vm_language_server_extension/test/smoke/smokeSuite.js:1557 构造 Promise 时同步执行	统一 DAP tracker 订阅、事件匹配和超时结算	事件与超时只能结算一次，并释放相应订阅	zr_vm_language_server_extension/test/smoke/smokeSuite.js:1557;zr_vm_language_server_extension/test/smoke/smokeSuite.js:1555;zr_vm_language_server_extension/test/smoke/smokeSuite.js:1554	BUG	已有函数级 BUG 标注：启动调用抛错后该 Promise 无取消观察，随后超时拒绝可能成为未处理异步错误
zr_vm_language_server_extension/test/smoke/smokeSuite.js	waitForDebugSessionEnd.promiseExecutor@1599_24	function	waitForDebugSessionEnd 在 zr_vm_language_server_extension/test/smoke/smokeSuite.js:1599 构造 Promise 时同步执行	将目标会话终止事件及超时合并为一次等待	事件与超时只能结算一次，并释放相应订阅	zr_vm_language_server_extension/test/smoke/smokeSuite.js:1599;zr_vm_language_server_extension/test/smoke/smokeSuite.js:1588	commented	外围函数及内部事件/资源注释已说明 Promise 的异步边界
zr_vm_language_server_extension/test/smoke/smokeSuite.js	startExternalDebugTarget.promiseExecutor@1633_24	function	startExternalDebugTarget 在 zr_vm_language_server_extension/test/smoke/smokeSuite.js:1633 构造 Promise 时同步执行	将外部 CLI 端点发布、退出、错误与超时合并为一次连接结果	成功后向调用方转移 child 所有权，失败时需要结束子进程	zr_vm_language_server_extension/test/smoke/smokeSuite.js:1633;zr_vm_language_server_extension/test/smoke/smokeSuite.js:1617	commented	外围函数及内部事件/资源注释已说明 Promise 的异步边界
zr_vm_language_server_extension/test/smoke/smokeSuite.js	verifyDebugStateInspection.somePredicate@1712_28	function	verifyDebugStateInspection 在 zr_vm_language_server_extension/test/smoke/smokeSuite.js:1712 将回调交给 variables.some	在DAP 状态检查中确认集合存在与场景目标匹配的结果	仅判断是否存在；匹配/投影条件：item?.name === 'greetModule'	zr_vm_language_server_extension/test/smoke/smokeSuite.js:1712	no-comment	局部集合操作只按显式字段筛选或投影；所属场景的既有注释说明业务目的
zr_vm_language_server_extension/test/smoke/smokeSuite.js	debugVariableByName.findPredicate@1722_54	function	debugVariableByName 在 zr_vm_language_server_extension/test/smoke/smokeSuite.js:1722 将回调交给 variables.find	在DAP 变量查找中选择首个与场景目标匹配的结果	未匹配时返回 undefined；匹配/投影条件：item?.name === name	zr_vm_language_server_extension/test/smoke/smokeSuite.js:1722	no-comment	局部集合操作只按显式字段筛选或投影；所属场景的既有注释说明业务目的
zr_vm_language_server_extension/test/smoke/smokeSuite.js	readDebugScopeVariables.findPredicate@1737_31	function	readDebugScopeVariables 在 zr_vm_language_server_extension/test/smoke/smokeSuite.js:1737 将回调交给 scopes.find	在DAP 作用域查找中选择首个与场景目标匹配的结果	未匹配时返回 undefined；匹配/投影条件：item?.name === scopeName	zr_vm_language_server_extension/test/smoke/smokeSuite.js:1737	no-comment	局部集合操作只按显式字段筛选或投影；所属场景的既有注释说明业务目的
zr_vm_language_server_extension/test/smoke/smokeSuite.js	selectProjectByLabel.windowReplacement@1812_52	function	selectProjectByLabel 经 zr_vm_language_server_extension/test/smoke/smokeSuite.js:1812 交给 withPatchedWindowMethod；替身于 zr_vm_language_server_extension/test/smoke/smokeSuite.js:1798 安装后由 VS Code 调用	在交互式项目选择场景中替代 showQuickPick，固定交互输入或记录提示	替身作用域仅限 action 执行期；helper 在 finally 恢复宿主方法	zr_vm_language_server_extension/test/smoke/smokeSuite.js:1812;zr_vm_language_server_extension/test/smoke/smokeSuite.js:1798;zr_vm_language_server_extension/test/smoke/smokeSuite.js:1813	no-comment	withPatchedWindowMethod 的既有注释解释替身作用域；回调只提供指定交互结果
zr_vm_language_server_extension/test/smoke/smokeSuite.js	selectProjectByLabel.findPredicate@1813_20	function	selectProjectByLabel 在 zr_vm_language_server_extension/test/smoke/smokeSuite.js:1813 将回调交给 items.find	在交互式项目选择中选择首个目标标签或名称的候选项	未匹配时返回 undefined；匹配/投影条件：item.label === label	zr_vm_language_server_extension/test/smoke/smokeSuite.js:1813	no-comment	局部集合操作只按显式字段筛选或投影；所属场景的既有注释说明业务目的
zr_vm_language_server_extension/test/smoke/smokeSuite.js	selectProjectByLabel.windowAction@1813_53	function	selectProjectByLabel 经 zr_vm_language_server_extension/test/smoke/smokeSuite.js:1813 交给 withPatchedWindowMethod；动作由 zr_vm_language_server_extension/test/smoke/smokeSuite.js:1801 调用	在指定标签的 showQuickPick 替身生效期间触发真实项目选择命令	替身作用域仅限 action 执行期；helper 在 finally 恢复宿主方法	zr_vm_language_server_extension/test/smoke/smokeSuite.js:1813;zr_vm_language_server_extension/test/smoke/smokeSuite.js:1801;zr_vm_language_server_extension/test/smoke/smokeSuite.js:1814;zr_vm_language_server_extension/test/smoke/smokeSuite.js:1810	no-comment	selectProjectByLabel 的现有注释已说明标签固定和命令目的；回调只有一次命令调用
zr_vm_language_server_extension/test/smoke/smokeSuite.js	verifyProjectActions.retryAction@1856_9	function	verifyProjectActions 在 zr_vm_language_server_extension/test/smoke/smokeSuite.js:1856 传给 withRetry，后者于 zr_vm_language_server_extension/test/smoke/smokeSuite.js:151 调用	重复调用项目动作检查命令，先更新动作状态再读取当前项目快照	调用会异步更新动作状态；可见性、路径或 CLI 由相邻 predicate 判定	zr_vm_language_server_extension/test/smoke/smokeSuite.js:1856;zr_vm_language_server_extension/test/smoke/smokeSuite.js:151;zr_vm_language_server_extension/src/projectActions.ts:72	no-comment	扩展注册命令的源码表明该检查入口会先刷新状态；回调重复调用以观察最终一致结果
zr_vm_language_server_extension/test/smoke/smokeSuite.js	verifyProjectActions.readyPredicate@1857_9	function	verifyProjectActions 在 zr_vm_language_server_extension/test/smoke/smokeSuite.js:1857 传给 withRetry，后者于 zr_vm_language_server_extension/test/smoke/smokeSuite.js:153 调用	把 project actions visible on zrp editor 的预期结果作为项目动作与 CLI 配置场景停止轮询的条件	不满足时继续重试；当前判据：value?.isVisible === true && String(value?.projectPath ?? '').endsWith('import_basic.zrp')	zr_vm_language_server_extension/test/smoke/smokeSuite.js:1857;zr_vm_language_server_extension/test/smoke/smokeSuite.js:153	no-comment	现有场景注释说明为何等待；该谓词的显式条件足以表达结束轮询的门槛
zr_vm_language_server_extension/test/smoke/smokeSuite.js	verifyProjectActions.retryAction@1864_9	function	verifyProjectActions 在 zr_vm_language_server_extension/test/smoke/smokeSuite.js:1864 传给 withRetry，后者于 zr_vm_language_server_extension/test/smoke/smokeSuite.js:151 调用	重复调用项目动作检查命令，先更新动作状态再读取当前项目快照	调用会异步更新动作状态；可见性、路径或 CLI 由相邻 predicate 判定	zr_vm_language_server_extension/test/smoke/smokeSuite.js:1864;zr_vm_language_server_extension/test/smoke/smokeSuite.js:151;zr_vm_language_server_extension/src/projectActions.ts:72	no-comment	扩展注册命令的源码表明该检查入口会先刷新状态；回调重复调用以观察最终一致结果
zr_vm_language_server_extension/test/smoke/smokeSuite.js	verifyProjectActions.readyPredicate@1865_9	function	verifyProjectActions 在 zr_vm_language_server_extension/test/smoke/smokeSuite.js:1865 传给 withRetry，后者于 zr_vm_language_server_extension/test/smoke/smokeSuite.js:153 调用	把 project actions remain visible on zr editor 的预期结果作为项目动作与 CLI 配置场景停止轮询的条件	不满足时继续重试；当前判据：value?.isVisible === true && String(value?.projectPath ?? '').endsWith('import_basic.zrp')	zr_vm_language_server_extension/test/smoke/smokeSuite.js:1865;zr_vm_language_server_extension/test/smoke/smokeSuite.js:153	no-comment	现有场景注释说明为何等待；该谓词的显式条件足以表达结束轮询的门槛
zr_vm_language_server_extension/test/smoke/smokeSuite.js	verifyProjectActions.retryAction@1879_13	function	verifyProjectActions 在 zr_vm_language_server_extension/test/smoke/smokeSuite.js:1879 传给 withRetry，后者于 zr_vm_language_server_extension/test/smoke/smokeSuite.js:151 调用	重复调用项目动作检查命令，先更新动作状态再读取当前项目快照	调用会异步更新动作状态；可见性、路径或 CLI 由相邻 predicate 判定	zr_vm_language_server_extension/test/smoke/smokeSuite.js:1879;zr_vm_language_server_extension/test/smoke/smokeSuite.js:151;zr_vm_language_server_extension/src/projectActions.ts:72	no-comment	扩展注册命令的源码表明该检查入口会先刷新状态；回调重复调用以观察最终一致结果
zr_vm_language_server_extension/test/smoke/smokeSuite.js	verifyProjectActions.readyPredicate@1880_13	function	verifyProjectActions 在 zr_vm_language_server_extension/test/smoke/smokeSuite.js:1880 传给 withRetry，后者于 zr_vm_language_server_extension/test/smoke/smokeSuite.js:153 调用	把 project actions configured cli path 的预期结果作为项目动作与 CLI 配置场景停止轮询的条件	不满足时继续重试；当前判据：value?.cliPath === bundledCliPath	zr_vm_language_server_extension/test/smoke/smokeSuite.js:1880;zr_vm_language_server_extension/test/smoke/smokeSuite.js:153	no-comment	现有场景注释说明为何等待；该谓词的显式条件足以表达结束轮询的门槛
zr_vm_language_server_extension/test/smoke/smokeSuite.js	verifyProjectActions.retryAction@1925_13	function	verifyProjectActions 在 zr_vm_language_server_extension/test/smoke/smokeSuite.js:1925 传给 withRetry，后者于 zr_vm_language_server_extension/test/smoke/smokeSuite.js:151 调用	轮询读取活动调试会话，观察此前启动操作是否完成	只读宿主当前会话；startDebugging 或 stopDebugging 已由调用方执行，是否就绪由相邻 predicate 判定	zr_vm_language_server_extension/test/smoke/smokeSuite.js:1925;zr_vm_language_server_extension/test/smoke/smokeSuite.js:151	no-comment	会话启动或停止发生在外层控制流；回调只读取当前会话，helper 注释解释生命周期
zr_vm_language_server_extension/test/smoke/smokeSuite.js	verifyProjectActions.readyPredicate@1926_13	function	verifyProjectActions 在 zr_vm_language_server_extension/test/smoke/smokeSuite.js:1926 传给 withRetry，后者于 zr_vm_language_server_extension/test/smoke/smokeSuite.js:153 调用	把 project actions debug session start 的预期结果作为项目动作与 CLI 配置场景停止轮询的条件	不满足时继续重试；当前判据：value && value.type === 'zr'	zr_vm_language_server_extension/test/smoke/smokeSuite.js:1926;zr_vm_language_server_extension/test/smoke/smokeSuite.js:153	no-comment	现有场景注释说明为何等待；该谓词的显式条件足以表达结束轮询的门槛
zr_vm_language_server_extension/test/smoke/smokeSuite.js	verifyProjectActions.retryAction@1948_17	function	verifyProjectActions 在 zr_vm_language_server_extension/test/smoke/smokeSuite.js:1948 传给 withRetry，后者于 zr_vm_language_server_extension/test/smoke/smokeSuite.js:151 调用	轮询读取活动调试会话，观察此前停止操作是否完成	只读宿主当前会话；startDebugging 或 stopDebugging 已由调用方执行，是否就绪由相邻 predicate 判定	zr_vm_language_server_extension/test/smoke/smokeSuite.js:1948;zr_vm_language_server_extension/test/smoke/smokeSuite.js:151	no-comment	会话启动或停止发生在外层控制流；回调只读取当前会话，helper 注释解释生命周期
zr_vm_language_server_extension/test/smoke/smokeSuite.js	verifyProjectActions.readyPredicate@1949_17	function	verifyProjectActions 在 zr_vm_language_server_extension/test/smoke/smokeSuite.js:1949 传给 withRetry，后者于 zr_vm_language_server_extension/test/smoke/smokeSuite.js:153 调用	把 project actions stopDebugging 的预期结果作为项目动作与 CLI 配置场景停止轮询的条件	不满足时继续重试；当前判据：!value || value.id !== debugSession.id	zr_vm_language_server_extension/test/smoke/smokeSuite.js:1949;zr_vm_language_server_extension/test/smoke/smokeSuite.js:153	no-comment	现有场景注释说明为何等待；该谓词的显式条件足以表达结束轮询的门槛
zr_vm_language_server_extension/test/smoke/smokeSuite.js	verifyProjectActionIntegration.findPredicate@1961_50	function	verifyProjectActionIntegration 在 zr_vm_language_server_extension/test/smoke/smokeSuite.js:1961 将回调交给 vscode.extensions.all.find	在项目动作集成中选择首个名称为 zr-vm-language-server 的扩展	未匹配时返回 undefined；匹配/投影条件：item.packageJSON?.name === 'zr-vm-language-server'	zr_vm_language_server_extension/test/smoke/smokeSuite.js:1961	no-comment	局部集合操作只按显式字段筛选或投影；所属场景的既有注释说明业务目的
zr_vm_language_server_extension/test/smoke/smokeSuite.js	verifyLaunchDebugSession.retryAction@2024_13	function	verifyLaunchDebugSession 在 zr_vm_language_server_extension/test/smoke/smokeSuite.js:2024 传给 withRetry，后者于 zr_vm_language_server_extension/test/smoke/smokeSuite.js:151 调用	轮询读取活动调试会话，观察此前启动操作是否完成	只读宿主当前会话；startDebugging 或 stopDebugging 已由调用方执行，是否就绪由相邻 predicate 判定	zr_vm_language_server_extension/test/smoke/smokeSuite.js:2024;zr_vm_language_server_extension/test/smoke/smokeSuite.js:151	no-comment	会话启动或停止发生在外层控制流；回调只读取当前会话，helper 注释解释生命周期
zr_vm_language_server_extension/test/smoke/smokeSuite.js	verifyLaunchDebugSession.readyPredicate@2025_13	function	verifyLaunchDebugSession 在 zr_vm_language_server_extension/test/smoke/smokeSuite.js:2025 传给 withRetry，后者于 zr_vm_language_server_extension/test/smoke/smokeSuite.js:153 调用	把 expectedSessionStartLabel 的预期结果作为launch 会话场景停止轮询的条件	不满足时继续重试；当前判据：value && value.type === 'zr'	zr_vm_language_server_extension/test/smoke/smokeSuite.js:2025;zr_vm_language_server_extension/test/smoke/smokeSuite.js:153	no-comment	现有场景注释说明为何等待；该谓词的显式条件足以表达结束轮询的门槛
zr_vm_language_server_extension/test/smoke/smokeSuite.js	verifyLaunchDebugSession.retryAction@2063_17	function	verifyLaunchDebugSession 在 zr_vm_language_server_extension/test/smoke/smokeSuite.js:2063 传给 withRetry，后者于 zr_vm_language_server_extension/test/smoke/smokeSuite.js:151 调用	轮询读取活动调试会话，观察此前停止操作是否完成	只读宿主当前会话；startDebugging 或 stopDebugging 已由调用方执行，是否就绪由相邻 predicate 判定	zr_vm_language_server_extension/test/smoke/smokeSuite.js:2063;zr_vm_language_server_extension/test/smoke/smokeSuite.js:151	no-comment	会话启动或停止发生在外层控制流；回调只读取当前会话，helper 注释解释生命周期
zr_vm_language_server_extension/test/smoke/smokeSuite.js	verifyLaunchDebugSession.readyPredicate@2064_17	function	verifyLaunchDebugSession 在 zr_vm_language_server_extension/test/smoke/smokeSuite.js:2064 传给 withRetry，后者于 zr_vm_language_server_extension/test/smoke/smokeSuite.js:153 调用	把 {expectedSessionStartLabel} stopDebugging 的预期结果作为launch 会话场景停止轮询的条件	不满足时继续重试；当前判据：!value || value.id !== session.id	zr_vm_language_server_extension/test/smoke/smokeSuite.js:2064;zr_vm_language_server_extension/test/smoke/smokeSuite.js:153	no-comment	现有场景注释说明为何等待；该谓词的显式条件足以表达结束轮询的门槛
zr_vm_language_server_extension/test/smoke/smokeSuite.js	verifyAttachDebugSession.retryAction@2089_13	function	verifyAttachDebugSession 在 zr_vm_language_server_extension/test/smoke/smokeSuite.js:2089 传给 withRetry，后者于 zr_vm_language_server_extension/test/smoke/smokeSuite.js:151 调用	轮询读取活动调试会话，观察此前启动操作是否完成	只读宿主当前会话；startDebugging 或 stopDebugging 已由调用方执行，是否就绪由相邻 predicate 判定	zr_vm_language_server_extension/test/smoke/smokeSuite.js:2089;zr_vm_language_server_extension/test/smoke/smokeSuite.js:151	no-comment	会话启动或停止发生在外层控制流；回调只读取当前会话，helper 注释解释生命周期
zr_vm_language_server_extension/test/smoke/smokeSuite.js	verifyAttachDebugSession.readyPredicate@2090_13	function	verifyAttachDebugSession 在 zr_vm_language_server_extension/test/smoke/smokeSuite.js:2090 传给 withRetry，后者于 zr_vm_language_server_extension/test/smoke/smokeSuite.js:153 调用	把 expectedSessionStartLabel 的预期结果作为attach 会话场景停止轮询的条件	不满足时继续重试；当前判据：value && value.type === 'zr'	zr_vm_language_server_extension/test/smoke/smokeSuite.js:2090;zr_vm_language_server_extension/test/smoke/smokeSuite.js:153	no-comment	现有场景注释说明为何等待；该谓词的显式条件足以表达结束轮询的门槛
zr_vm_language_server_extension/test/smoke/smokeSuite.js	verifyAttachDebugSession.retryAction@2106_17	function	verifyAttachDebugSession 在 zr_vm_language_server_extension/test/smoke/smokeSuite.js:2106 传给 withRetry，后者于 zr_vm_language_server_extension/test/smoke/smokeSuite.js:151 调用	轮询读取活动调试会话，观察此前停止操作是否完成	只读宿主当前会话；startDebugging 或 stopDebugging 已由调用方执行，是否就绪由相邻 predicate 判定	zr_vm_language_server_extension/test/smoke/smokeSuite.js:2106;zr_vm_language_server_extension/test/smoke/smokeSuite.js:151	no-comment	会话启动或停止发生在外层控制流；回调只读取当前会话，helper 注释解释生命周期
zr_vm_language_server_extension/test/smoke/smokeSuite.js	verifyAttachDebugSession.readyPredicate@2107_17	function	verifyAttachDebugSession 在 zr_vm_language_server_extension/test/smoke/smokeSuite.js:2107 传给 withRetry，后者于 zr_vm_language_server_extension/test/smoke/smokeSuite.js:153 调用	把 {expectedSessionStartLabel} stopDebugging 的预期结果作为attach 会话场景停止轮询的条件	不满足时继续重试；当前判据：!value || value.id !== session.id	zr_vm_language_server_extension/test/smoke/smokeSuite.js:2107;zr_vm_language_server_extension/test/smoke/smokeSuite.js:153	no-comment	现有场景注释说明为何等待；该谓词的显式条件足以表达结束轮询的门槛
zr_vm_language_server_extension/test/smoke/smokeSuite.js	verifyInvalidAttachEndpointRejected.windowReplacement@2120_55	function	verifyInvalidAttachEndpointRejected 经 zr_vm_language_server_extension/test/smoke/smokeSuite.js:2120 交给 withPatchedWindowMethod；替身于 zr_vm_language_server_extension/test/smoke/smokeSuite.js:1798 安装后由 VS Code 调用	截获非回环 attach 的 showErrorMessage 文本，供启动拒绝断言核对	替身作用域仅限 action 执行期；helper 在 finally 恢复宿主方法	zr_vm_language_server_extension/test/smoke/smokeSuite.js:2120;zr_vm_language_server_extension/test/smoke/smokeSuite.js:1798;zr_vm_language_server_extension/test/smoke/smokeSuite.js:2121;zr_vm_language_server_extension/test/smoke/smokeSuite.js:2115	no-comment	非法端点场景注释已说明预期错误提示；回调只保存该文本
zr_vm_language_server_extension/test/smoke/smokeSuite.js	verifyInvalidAttachEndpointRejected.windowAction@2123_8	function	verifyInvalidAttachEndpointRejected 经 zr_vm_language_server_extension/test/smoke/smokeSuite.js:2123 交给 withPatchedWindowMethod；动作由 zr_vm_language_server_extension/test/smoke/smokeSuite.js:1801 调用	在错误提示替身生效期间尝试非回环 attach，并要求启动结果为 false	替身作用域仅限 action 执行期；helper 在 finally 恢复宿主方法	zr_vm_language_server_extension/test/smoke/smokeSuite.js:2123;zr_vm_language_server_extension/test/smoke/smokeSuite.js:1801;zr_vm_language_server_extension/test/smoke/smokeSuite.js:2124;zr_vm_language_server_extension/test/smoke/smokeSuite.js:2115;zr_vm_language_server_extension/test/smoke/smokeSuite.js:2130	no-comment	非法端点场景已有拒绝契约注释；回调只执行这次启动和结果断言
zr_vm_language_server_extension/test/smoke/smokeSuite.js	verifyDebugIntegration.findPredicate@2140_50	function	verifyDebugIntegration 在 zr_vm_language_server_extension/test/smoke/smokeSuite.js:2140 将回调交给 vscode.extensions.all.find	在调试集成中选择首个名称为 zr-vm-language-server 的扩展	未匹配时返回 undefined；匹配/投影条件：item.packageJSON?.name === 'zr-vm-language-server'	zr_vm_language_server_extension/test/smoke/smokeSuite.js:2140	no-comment	局部集合操作只按显式字段筛选或投影；所属场景的既有注释说明业务目的
zr_vm_language_server_extension/test/smoke/smokeSuite.js	verifyDebugIntegration.somePredicate@2175_77	function	verifyDebugIntegration 在 zr_vm_language_server_extension/test/smoke/smokeSuite.js:2175 将回调交给 contributedDebuggers.some	在调试集成中确认集合存在与场景目标匹配的结果	仅判断是否存在；匹配/投影条件：item.type === 'zr'	zr_vm_language_server_extension/test/smoke/smokeSuite.js:2175	no-comment	局部集合操作只按显式字段筛选或投影；所属场景的既有注释说明业务目的
zr_vm_language_server_extension/test/smoke/smokeSuite.js	verifyDebugIntegration.startSession@2233_27	function	verifyDebugIntegration 提供给 verifyLaunchDebugSession，由 zr_vm_language_server_extension/test/smoke/smokeSuite.js:2019 调用	按launch场景配置启动 VS Code 调试会话，供后续 DAP 断言	返回启动结果；具体停止与资源清理由会话 helper 负责	zr_vm_language_server_extension/test/smoke/smokeSuite.js:2233;zr_vm_language_server_extension/test/smoke/smokeSuite.js:2019	no-comment	调用方场景配置已给出 launch/attach 参数，调试 helper 的注释说明会话生命周期
zr_vm_language_server_extension/test/smoke/smokeSuite.js	verifyDebugIntegration.onStopped@2276_28	function	verifyDebugIntegration 提供给 verifyLaunchDebugSession，由 zr_vm_language_server_extension/test/smoke/smokeSuite.js:2052 调用	会话暂停后复核 rich debug 的 DAP 状态	仅在目标会话的 stopped 事件后执行	zr_vm_language_server_extension/test/smoke/smokeSuite.js:2276;zr_vm_language_server_extension/test/smoke/smokeSuite.js:2052	no-comment	调试 helper 已说明暂停后的调用阶段；回调只是转交既有 rich DAP 检查
zr_vm_language_server_extension/test/smoke/smokeSuite.js	verifyDebugIntegration.startSession@2277_31	function	verifyDebugIntegration 提供给 verifyLaunchDebugSession，由 zr_vm_language_server_extension/test/smoke/smokeSuite.js:2019 调用	按launch场景配置启动 VS Code 调试会话，供后续 DAP 断言	返回启动结果；具体停止与资源清理由会话 helper 负责	zr_vm_language_server_extension/test/smoke/smokeSuite.js:2277;zr_vm_language_server_extension/test/smoke/smokeSuite.js:2019	no-comment	调用方场景配置已给出 launch/attach 参数，调试 helper 的注释说明会话生命周期
zr_vm_language_server_extension/test/smoke/smokeSuite.js	verifyDebugIntegration.startSession@2327_27	function	verifyDebugIntegration 提供给 verifyLaunchDebugSession，由 zr_vm_language_server_extension/test/smoke/smokeSuite.js:2019 调用	按launch场景配置启动 VS Code 调试会话，供后续 DAP 断言	返回启动结果；具体停止与资源清理由会话 helper 负责	zr_vm_language_server_extension/test/smoke/smokeSuite.js:2327;zr_vm_language_server_extension/test/smoke/smokeSuite.js:2019	no-comment	调用方场景配置已给出 launch/attach 参数，调试 helper 的注释说明会话生命周期
zr_vm_language_server_extension/test/smoke/smokeSuite.js	verifyDebugIntegration.startSession@2350_27	function	verifyDebugIntegration 提供给 verifyAttachDebugSession，由 zr_vm_language_server_extension/test/smoke/smokeSuite.js:2084 调用	按attach场景配置启动 VS Code 调试会话，供后续 DAP 断言	返回启动结果；具体停止与资源清理由会话 helper 负责	zr_vm_language_server_extension/test/smoke/smokeSuite.js:2350;zr_vm_language_server_extension/test/smoke/smokeSuite.js:2084	no-comment	调用方场景配置已给出 launch/attach 参数，调试 helper 的注释说明会话生命周期
zr_vm_language_server_extension/test/smoke/smokeSuite.js	verifyDebugIntegration.windowAction@2369_121	function	verifyDebugIntegration 经 zr_vm_language_server_extension/test/smoke/smokeSuite.js:2369 交给 withPatchedWindowMethod；动作由 zr_vm_language_server_extension/test/smoke/smokeSuite.js:1801 调用	在 showInputBox 临时替身生效时运行调试集成命令并观察其结果	替身作用域仅限 action 执行期；helper 在 finally 恢复宿主方法	zr_vm_language_server_extension/test/smoke/smokeSuite.js:2369;zr_vm_language_server_extension/test/smoke/smokeSuite.js:1801;zr_vm_language_server_extension/test/smoke/smokeSuite.js:2370;zr_vm_language_server_extension/test/smoke/smokeSuite.js:2368	commented	相邻注释已说明模拟回环端点输入，动作回调负责触发 attach 命令
zr_vm_language_server_extension/test/smoke/smokeSuite.js	runSmokeSuite.findPredicate@2388_50	function	runSmokeSuite 在 zr_vm_language_server_extension/test/smoke/smokeSuite.js:2388 将回调交给 vscode.extensions.all.find	在扩展入口校验中选择首个名称为 zr-vm-language-server 的扩展	未匹配时返回 undefined；匹配/投影条件：item.packageJSON?.name === 'zr-vm-language-server'	zr_vm_language_server_extension/test/smoke/smokeSuite.js:2388	no-comment	局部集合操作只按显式字段筛选或投影；所属场景的既有注释说明业务目的
zr_vm_language_server_extension/test/smoke/smokeSuite.js	verifyProjectActions.currentTask.dispose@1891	function	verifyProjectActions 的 executeTask 替身在 zr_vm_language_server_extension/test/smoke/smokeSuite.js:1888 返回；生产调用方可按 Disposable 接口调用	为当前项目任务替身提供无资源的 dispose 形状，避免真的执行项目进程	替身未取得实际任务资源；空实现只在被拦截的测试作用域使用	zr_vm_language_server_extension/test/smoke/smokeSuite.js:1888;zr_vm_language_server_extension/test/smoke/smokeSuite.js:1891;zr_vm_language_server_extension/test/smoke/smokeSuite.js:1824	no-comment	空方法没有状态变化；外层任务拦截注释已说明替身目的
zr_vm_language_server_extension/test/smoke/smokeSuite.js	verifyProjectActions.selectedTask.dispose@1908	function	verifyProjectActions 的 executeTask 替身在 zr_vm_language_server_extension/test/smoke/smokeSuite.js:1905 返回；生产调用方可按 Disposable 接口调用	为所选项目任务替身提供无资源的 dispose 形状，保持两条命令的替身契约一致	替身未取得实际任务资源；空实现只在被拦截的测试作用域使用	zr_vm_language_server_extension/test/smoke/smokeSuite.js:1905;zr_vm_language_server_extension/test/smoke/smokeSuite.js:1908;zr_vm_language_server_extension/test/smoke/smokeSuite.js:1824	no-comment	空方法没有状态变化；外层任务拦截注释已说明替身目的
