file	unit	kind	callers	intent	constraints	evidence	decision	reason
zr_vm_library/src/zr_vm_library/native_binding/native_binding_contract_validation.c	native_registry_provider_role_for_canonical_type_role	function	native_registry_validate_canonical_type_roles	把 canonical role 限定到 builtin 或 reflection provider 身份	未知 role 返回 NONE，注册时与 descriptor 的 providerContractRole 比对	zr_vm_library/src/zr_vm_library/native_binding/native_binding_contract_validation.c:4-16;zr_vm_library/src/zr_vm_library/native_binding/native_binding_contract_validation.c:89-91	commented	避免 provider 抢占不属于自己的 canonical 类型角色
zr_vm_library/src/zr_vm_library/native_binding/native_binding_contract_validation.c	native_registry_find_local_type_role	function	native_registry_validate_canonical_type_roles::parent_chain	只在当前 descriptor 内解析父级角色	parentRole 必须本地存在，不能依赖其他 provider 的加载次序	zr_vm_library/src/zr_vm_library/native_binding/native_binding_contract_validation.c:18-31;zr_vm_library/src/zr_vm_library/native_binding/native_binding_contract_validation.c:140-153	commented	解释父级图为何限制在单个 descriptor
zr_vm_library/src/zr_vm_library/native_binding/native_binding_contract_validation.c	native_registry_validate_canonical_type_roles	function	native_registry_validate_descriptor_compatibility	注册前校验 canonical 投影完整性和父级图	contract-only 禁止发布运行时成员，reflection provider 必须有全部投影	zr_vm_library/src/zr_vm_library/native_binding/native_binding_contract_validation.c:33-183;zr_vm_library/src/zr_vm_library/native_binding/native_binding_support.c:681-685;zr_vm_library/src/zr_vm_library/native_binding/native_binding_support.c:692-711	commented	调用者据此把已验证角色用于反射和内建类型身份
zr_vm_library/src/zr_vm_library/native_binding/native_binding_contract_validation.c	native_registry_validate_canonical_type_roles::parent_chain	block	native_registry_validate_canonical_type_roles	防止父角色缺失或形成循环	parentDepth 达 roleCount 即拒绝，父级必须同 descriptor	zr_vm_library/src/zr_vm_library/native_binding/native_binding_contract_validation.c:135	commented	跨角色不变量需要邻近块注释
zr_vm_library/src/zr_vm_library/native_binding/native_binding_contract_validation.c	native_registry_validate_canonical_type_roles::reflection_projection_set	block	native_registry_validate_canonical_type_roles	要求反射 provider 一次提供 class/struct/enum 投影	缺任何非 erased 投影时拒绝注册	zr_vm_library/src/zr_vm_library/native_binding/native_binding_contract_validation.c:167-182	commented	避免反射消费者看见不完整类型集合
zr_vm_library/src/zr_vm_library/native_binding/native_binding_typed_call.c	typed_native_type	function	native_registry_resolve_typed_call_binding	把 descriptor 的标量类型名映射为 core typed-call 签名类型	仅识别明确枚举的 primitive，复杂类型使绑定返回 false	zr_vm_library/src/zr_vm_library/native_binding/native_binding_typed_call.c:4-25;zr_vm_library/src/zr_vm_library/native_binding/native_binding_typed_call.c:50-66;zr_vm_core/src/zr_vm_core/typed_call_binding.c:73-78	commented	解释为何不从任意字符串推导类型
zr_vm_library/src/zr_vm_library/native_binding/native_binding_typed_call.c	typed_native_type::primitives	state	typed_native_type	固定 typed-call 可见的 descriptor 标量类型集合	修改此表影响静态签名哈希与调用可接受类型	zr_vm_library/src/zr_vm_library/native_binding/native_binding_typed_call.c:5-13;zr_vm_library/src/zr_vm_library/native_binding/native_binding_typed_call.c:50-66	commented	静态映射表承担独立跨模块契约
zr_vm_library/src/zr_vm_library/native_binding/native_binding_typed_call.c	native_registry_resolve_typed_call_binding	function	global->typedCallBindingResolver;ZrCore_CallBinding_PrepareTypedCall	为 registry 内原生函数 closure 生成 typed-call 元数据证明	无 VM metadata 时使用；只有 function 描述符与精确参数数目可绑定，非本 registry 委托旧宿主 resolver	zr_vm_library/src/zr_vm_library/native_binding/native_binding_typed_call.c:27-92;zr_vm_library/src/zr_vm_library/native_binding/native_binding.c:132-143;zr_vm_core/src/zr_vm_core/typed_call_binding.c:73-104	commented	说明回调安装及回退的真实目的
zr_vm_library/src/zr_vm_library/native_binding/native_binding_registry_plugin.c	native_registry_ensure_directory_exists	function	native_registry_get_plugin_shadow_cache_directory	保证影子插件缓存目录存在	只有临时目录路径有效时创建；失败时上层可回退原始插件	zr_vm_library/src/zr_vm_library/native_binding/native_binding_registry_plugin.c:4-19;zr_vm_library/src/zr_vm_library/native_binding/native_binding_registry_plugin.c:47-48;zr_vm_library/src/zr_vm_library/native_binding/native_binding_registry_plugin.c:349-355	commented	说明目录失败的回退边界
zr_vm_library/src/zr_vm_library/native_binding/native_binding_registry_plugin.c	native_registry_get_plugin_shadow_cache_directory	function	native_registry_prepare_shadow_plugin_path	选择进程共享的临时插件缓存目录	依赖 GetTempPath 或 TMPDIR，实际路径必须适合固定 MAX_PATH 缓冲	zr_vm_library/src/zr_vm_library/native_binding/native_binding_registry_plugin.c:21-49;zr_vm_library/src/zr_vm_library/native_binding/native_binding_registry_plugin.c:111	commented	解释影子缓存来源和有效期
zr_vm_library/src/zr_vm_library/native_binding/native_binding_registry_plugin.c	native_registry_copy_binary_file	function	native_registry_prepare_shadow_plugin_path	为热重载复制一个可独立 dlopen 的二进制映像	读写失败删除半成品；成功副本交后续 handle record 管理	zr_vm_library/src/zr_vm_library/native_binding/native_binding_registry_plugin.c:51-91;zr_vm_library/src/zr_vm_library/native_binding/native_binding_registry_plugin.c:139;zr_vm_library/src/zr_vm_library/native_binding/native_binding_registry_plugin.c:145-154	commented	说明复制与后续删除的所有权
zr_vm_library/src/zr_vm_library/native_binding/native_binding_registry_plugin.c	native_registry_prepare_shadow_plugin_path	function	native_registry_load_plugin_descriptor	用模块名、进程号、序号生成影子副本路径	复制失败可回退源路径；静态计数的并发装载语义尚未核实	zr_vm_library/src/zr_vm_library/native_binding/native_binding_registry_plugin.c:95;zr_vm_library/src/zr_vm_library/native_binding/native_binding_registry_plugin.c:349-355;zr_vm_library/src/zr_vm_library/native_binding/native_binding_registry_plugin.c:120-136	TODO	TODO: 核查多个状态同时加载插件时 shadowCounter 是否由外层串行化，需线程并发夹具
zr_vm_library/src/zr_vm_library/native_binding/native_binding_registry_plugin.c	native_registry_prepare_shadow_plugin_path::shadowCounter	state	native_registry_prepare_shadow_plugin_path	同一进程内为影子副本提供递增序号	当前 ++ 非原子；需要查是否允许多线程同时插件导入	zr_vm_library/src/zr_vm_library/native_binding/native_binding_registry_plugin.c:98-101;zr_vm_library/src/zr_vm_library/native_binding/native_binding_registry_plugin.c:120-135	TODO	TODO: 并发装载约束未证，不将可能的文件名碰撞直接判为 BUG
zr_vm_library/src/zr_vm_library/native_binding/native_binding_registry_plugin.c	native_registry_release_plugin_handle_record	function	native_registry_remove_plugin_handles_for_module;native_registry_load_plugin_descriptor;ZrLibrary_NativeRegistry_Free;ZrLibrary_NativeRegistry_InvalidateDescriptorPluginSource	卸载动态库并删除该记录拥有的影子文件和路径副本	调用方须保证无活跃 owner 并清理相应注册记录，global allocator 仍有效	zr_vm_library/src/zr_vm_library/native_binding/native_binding_registry_plugin.c:142;zr_vm_library/src/zr_vm_library/native_binding/native_binding.c:195-216;zr_vm_library/src/zr_vm_library/native_binding/native_binding.c:641-652	commented	动态库卸载必须与 descriptor 指针生命周期同步
zr_vm_library/src/zr_vm_library/native_binding/native_binding_registry_plugin.c	native_registry_open_library	function	native_registry_load_plugin_descriptor	跨平台装入插件二进制并取得句柄	只保证系统装载，导出、ABI、模块名在上层验证	zr_vm_library/src/zr_vm_library/native_binding/native_binding_registry_plugin.c:182;zr_vm_library/src/zr_vm_library/native_binding/native_binding_registry_plugin.c:357-369	commented	区分系统句柄与可用 provider
zr_vm_library/src/zr_vm_library/native_binding/native_binding_registry_plugin.c	native_registry_close_library	function	native_registry_release_plugin_handle_record;native_registry_load_plugin_descriptor	与系统装载成对释放插件句柄	不得先于所有库内 descriptor 和回调使用者释放	zr_vm_library/src/zr_vm_library/native_binding/native_binding_registry_plugin.c:194;zr_vm_library/src/zr_vm_library/native_binding/native_binding_registry_plugin.c:148-151;zr_vm_library/src/zr_vm_library/native_binding/native_binding_registry_plugin.c:376	commented	强调卸载顺序限制
zr_vm_library/src/zr_vm_library/native_binding/native_binding_registry_plugin.c	native_registry_find_symbol	function	native_registry_load_plugin_descriptor	按导出名取得裸入口地址	结果依赖插件句柄寿命，由上层绑定到已验证的 ABI	zr_vm_library/src/zr_vm_library/native_binding/native_binding_registry_plugin.c:206;zr_vm_library/src/zr_vm_library/native_binding/native_binding_registry_plugin.c:370	commented	裸地址不是可独立保存的调用契约
zr_vm_library/src/zr_vm_library/native_binding/native_binding_registry_plugin.c	native_registry_dynamic_library_extension	function	native_registry_prepare_shadow_plugin_path;native_registry_try_plugin_directory;native_registry_build_project_plugin_path	统一当前平台插件后缀	文件发现和影子副本需使用同一平台后缀	zr_vm_library/src/zr_vm_library/native_binding/native_binding_registry_plugin.c:218;zr_vm_library/src/zr_vm_library/native_binding/native_binding_registry_plugin.c:121;zr_vm_library/src/zr_vm_library/native_binding/native_binding_registry_plugin.c:494-495;zr_vm_library/src/zr_vm_library/native_binding/native_binding_registry_plugin.c:563-567	commented	解释路径命名的一致性
zr_vm_library/src/zr_vm_library/native_binding/native_binding_registry_plugin.c	native_registry_cast_module_symbol	function	native_registry_load_plugin_descriptor	把系统符号转换为插件 ABI 入口函数指针	只对 ZrVm_GetNativeModule_v1 导出使用，真正 ABI version 稍后核对	zr_vm_library/src/zr_vm_library/native_binding/native_binding_registry_plugin.c:229;zr_vm_library/src/zr_vm_library/native_binding/native_binding_registry_plugin.c:368-395	commented	函数指针转换承接平台符号查找
zr_vm_library/src/zr_vm_library/native_binding/native_binding_registry_plugin.c	native_registry_remove_plugin_handles_for_module	function	native_registry_load_plugin_descriptor	替换同名 provider 时清理旧装载映像	上层先拒绝活跃 owner；移除顺序从尾到头保持数组下标有效	zr_vm_library/src/zr_vm_library/native_binding/native_binding_registry_plugin.c:238;zr_vm_library/src/zr_vm_library/native_binding/native_binding_registry_plugin.c:454	commented	解释重载与容器移除的生命周期意图
zr_vm_library/src/zr_vm_library/native_binding/native_binding_registry_plugin.c	native_registry_get_executable_directory	function	native_registry_try_plugin_paths	找到宿主可执行文件目录以发现相邻 native 插件	平台 API 失败或路径无分隔符则不参与该搜索层	zr_vm_library/src/zr_vm_library/native_binding/native_binding_registry_plugin.c:267;zr_vm_library/src/zr_vm_library/native_binding/native_binding_registry_plugin.c:652-660	commented	普通 import 的第二搜索来源
zr_vm_library/src/zr_vm_library/native_binding/native_binding_registry_plugin.c	native_registry_sanitize_module_name	function	native_registry_prepare_shadow_plugin_path;native_registry_try_plugin_directory;native_registry_build_project_plugin_path	将脚本模块名映射到跨平台安全文件名	映射可能合并不同名字，装载后仍必须严格核对 descriptor.moduleName	zr_vm_library/src/zr_vm_library/native_binding/native_binding_registry_plugin.c:312;zr_vm_library/src/zr_vm_library/native_binding/native_binding_registry_plugin.c:115;zr_vm_library/src/zr_vm_library/native_binding/native_binding_registry_plugin.c:494;zr_vm_library/src/zr_vm_library/native_binding/native_binding_registry_plugin.c:558-566;zr_vm_library/src/zr_vm_library/native_binding/native_binding_registry_plugin.c:406-418	commented	文件名只是发现线索，模块身份以导出为准
zr_vm_library/src/zr_vm_library/native_binding/native_binding_registry_plugin.c	native_registry_load_plugin_descriptor	function	native_registry_try_plugin_directory;ZrLibrary_NativeRegistry_EnsureProjectDescriptorPlugin	装载并验证插件入口和 descriptor，然后登记模块及持有映像的 handle record	成功 descriptor 借用动态库内存，须与 handle record 同寿命；目前注册与后续句柄分配非事务	zr_vm_library/src/zr_vm_library/native_binding/native_binding_registry_plugin.c:335;zr_vm_library/src/zr_vm_library/native_binding/native_binding_support.c:692-827;zr_vm_library/src/zr_vm_library/native_binding/native_binding.c:268-281	BUG	BUG: 先发布模块记录后分配 handle record，后者失败会卸载库并留下悬垂 descriptor；另影子副本装载失败时未清理文件
zr_vm_library/src/zr_vm_library/native_binding/native_binding_registry_plugin.c	native_registry_load_plugin_descriptor::failed_shadow_load	block	native_registry_load_plugin_descriptor	加载失败应撤销本次影子副本	影子复制成功但系统加载失败，当前分支不 remove(loadPath)	zr_vm_library/src/zr_vm_library/native_binding/native_binding_registry_plugin.c:349-365;zr_vm_library/src/zr_vm_library/native_binding/native_binding_registry_plugin.c:51-91;zr_vm_library/src/zr_vm_library/native_binding/native_binding_registry_plugin.c:148-154	BUG	BUG: 重复请求无效插件会在临时目录累积未登记的影子副本
zr_vm_library/src/zr_vm_library/native_binding/native_binding_registry_plugin.c	native_registry_load_plugin_descriptor::register_then_handle_record	block	native_registry_load_plugin_descriptor	注册记录和动态库句柄记录应共同提交	注册成功后任一字符串副本分配失败会先卸载库，再返回错误	zr_vm_library/src/zr_vm_library/native_binding/native_binding_registry_plugin.c:436-470;zr_vm_library/src/zr_vm_library/native_binding/native_binding_support.c:692-827;zr_vm_library/src/zr_vm_library/native_binding/native_binding.c:268-281	BUG	BUG: FindModule 仍能读到已卸载插件里的 descriptor 指针，分配故障注入可验证
zr_vm_library/src/zr_vm_library/native_binding/native_binding_registry_plugin.c	native_registry_try_plugin_directory	function	native_registry_try_plugin_paths	按标准文件名从单个目录发现插件	文件名由模块名消毒生成；装载后严格校验原始模块名	zr_vm_library/src/zr_vm_library/native_binding/native_binding_registry_plugin.c:476;zr_vm_library/src/zr_vm_library/native_binding/native_binding_registry_plugin.c:627-699;zr_vm_library/src/zr_vm_library/native_binding/native_binding_registry_plugin.c:406-418	commented	搜索层与身份校验分离
zr_vm_library/src/zr_vm_library/native_binding/native_binding_registry_plugin.c	native_registry_paths_equal	function	ZrLibrary_NativeRegistry_EnsureProjectDescriptorPlugin	判定已登记插件是否来自同一项目文件	Windows 忽略 ASCII 大小写且归一化分隔符，其他平台大小写敏感	zr_vm_library/src/zr_vm_library/native_binding/native_binding_registry_plugin.c:516;zr_vm_library/src/zr_vm_library/native_binding/native_binding_registry_plugin.c:613	commented	决定项目定向加载是否复用已注册 provider
zr_vm_library/src/zr_vm_library/native_binding/native_binding_registry_plugin.c	native_registry_build_project_plugin_path	function	ZrLibrary_NativeRegistry_EnsureProjectDescriptorPlugin	生成项目 native 目录里的 descriptor 插件路径	目标 buffer 实际须有 ZR_LIBRARY_MAX_PATH_LENGTH 容量，当前唯一调用方使用固定大小	zr_vm_library/src/zr_vm_library/native_binding/native_binding_registry_plugin.c:547;zr_vm_library/src/zr_vm_library/native_binding/native_binding_registry_plugin.c:595;zr_vm_library/src/zr_vm_library/file.c:1073-1076	commented	解释项目插件命名协议和 buffer 前提
zr_vm_library/src/zr_vm_library/native_binding/native_binding_registry_plugin.c	ZrLibrary_NativeRegistry_EnsureProjectDescriptorPlugin	function	zr_vm_language_server/src/zr_vm_language_server/metadata/lsp_virtual_document_identity.c:193;zr_vm_language_server/src/zr_vm_language_server/project/lsp_project.c:388;zr_vm_language_server/src/zr_vm_language_server/project/lsp_project.c:422;zr_vm_language_server/src/zr_vm_language_server/module/lsp_module_metadata.c:302;tests/library/test_native_registry_descriptor_invalidation.c:149	让项目导入和 LSP 查询使用本项目的 descriptor 插件代际	仅处理存在于 project/native 的文件；同源记录直接复用，重载前拒绝有活跃 owner	zr_vm_library/src/zr_vm_library/native_binding/native_binding_registry_plugin.c:584;zr_vm_language_server/src/zr_vm_language_server/project/lsp_project.c:372-372;tests/library/test_native_registry_descriptor_invalidation.c:149-161	commented	项目显式路径优先于普通环境搜索
zr_vm_library/src/zr_vm_library/native_binding/native_binding_registry_plugin.c	native_registry_try_plugin_paths	function	native_registry_find_descriptor_or_plugin	按项目、宿主、环境路径顺序发现未注册 provider	路径命中后需完整插件 ABI 校验；外部 host loader 仅在整个 native 搜索失败后接管	zr_vm_library/src/zr_vm_library/native_binding/native_binding_registry_plugin.c:630;zr_vm_library/src/zr_vm_library/native_binding/native_binding_registry_plugin.c:700-716;zr_vm_library/src/zr_vm_library/native_binding/native_binding_registry_plugin.c:1035-1052	commented	解释优先级和回退边界
zr_vm_library/src/zr_vm_library/native_binding/native_binding_registry_plugin.c	native_registry_find_descriptor_or_plugin	function	native_registry_resolve_loaded_module;native_registry_loader	优先复用注册 descriptor，缺失时从插件路径装入	注册 provider 不应被同名磁盘文件覆盖	zr_vm_library/src/zr_vm_library/native_binding/native_binding_registry_plugin.c:703;zr_vm_library/src/zr_vm_library/native_binding/native_binding_registry_plugin.c:733;zr_vm_library/src/zr_vm_library/native_binding/native_binding_registry_plugin.c:1052	commented	保持宿主显式注册的模块来源稳定
zr_vm_library/src/zr_vm_library/native_binding/native_binding_registry_plugin.c	native_registry_resolve_loaded_module	function	ZrLibrary_NativeRegistry_ResolveCallBinding;native_registry_add_module_link	为链接模块和静态绑定解析共用模块实例	必须通过 provider-phase 检查，成功实体化后写入 VM cache	zr_vm_library/src/zr_vm_library/native_binding/native_binding_registry_plugin.c:721;zr_vm_library/src/zr_vm_library/native_binding/native_binding_call_binding.c:415;zr_vm_library/src/zr_vm_library/native_binding/native_binding_metadata.c:1133	commented	避免链接路径绕过模块缓存或阶段限制
zr_vm_library/src/zr_vm_library/native_binding/native_binding_registry_plugin.c	native_binding_make_callable_value	function	native_registry_add_function;native_registry_add_type;native_registry_resolve_type_relationships	为 descriptor 成员建立可分派 native closure 并保存 registry identity	closure 与 descriptor 来自同一 provider 代际；永久根和 entry 必须同步存在	zr_vm_library/src/zr_vm_library/native_binding/native_binding_registry_plugin.c:767;zr_vm_library/src/zr_vm_library/native_binding/native_binding_metadata.c:560-564;zr_vm_library/src/zr_vm_library/native_binding/native_binding_call_binding.c:537-557	commented	静态绑定和运行时分派共享同一 closure 身份
zr_vm_library/src/zr_vm_library/native_binding/native_binding_registry_plugin.c	native_binding_resolve_call_scratch_base	function	native_binding_dispatcher;ZrLib_CallValue	选择不覆盖当前 VM 函数帧的 native 调用临时栈起点	若 callInfo.functionTop 高于 stackTop，应从后者之后保留空间	zr_vm_library/src/zr_vm_library/native_binding/native_binding_registry_plugin.c:861-871;zr_vm_library/src/zr_vm_library/native_binding/native_binding_dispatch.c:418;zr_vm_library/src/zr_vm_library/native_binding/native_binding_dispatch.c:1807-1833	commented	解释临时槽避让 VM 活跃帧
zr_vm_library/src/zr_vm_library/native_binding/native_binding_registry_plugin.c	native_binding_new_instance_with_prototype	function	ZrLib_Object_NewInstance;ZrLib_Object_NewInstanceFromPrototype	按已注册原型创建 provider 实例	对象 internalType 随 struct/class prototype 决定，后续属性/方法仍使用同一原型	zr_vm_library/src/zr_vm_library/native_binding/native_binding_registry_plugin.c:872;zr_vm_library/src/zr_vm_library/native_binding/native_binding_dispatch.c:1646-1650	commented	保持创建路径与反射/分派的类型身份一致
zr_vm_library/src/zr_vm_library/native_binding/native_binding_registry_plugin.c	native_registry_materialize_module	function	native_registry_loader;native_registry_resolve_loaded_module	把 descriptor 的类型、常量、函数、链接与模块信息发布成 VM 模块	contract-only 不可实体化；完整构造和 onMaterialize 成功后才允许缓存	zr_vm_library/src/zr_vm_library/native_binding/native_binding_registry_plugin.c:894-1032;zr_vm_library/src/zr_vm_library/native_binding/native_binding_registry_plugin.c:755-759;zr_vm_library/src/zr_vm_library/native_binding/native_binding_registry_plugin.c:1107	commented	记录多阶段实体化的调用链意图
zr_vm_library/src/zr_vm_library/native_binding/native_binding_registry_plugin.c	native_registry_loader	function	ZrCore_Module_ImportByPath 经 global->nativeModuleLoader 间接调用	在 VM import 边界加载已注册或动态插件并委托旧宿主 loader	contract-only 和 provider-phase 不匹配不物化；native 未找到才委托 host loader	zr_vm_library/src/zr_vm_library/native_binding/native_binding_registry_plugin.c:1034;zr_vm_library/src/zr_vm_library/native_binding/native_binding.c:140-145;zr_vm_library/src/zr_vm_library/native_binding/native_binding_registry_plugin.c:1039-1085	commented	保留 native 与原宿主模块来源的互操作
zr_vm_library/src/zr_vm_library/native_binding/native_binding_registry_plugin.c	native_binding_make_callable_value::identity_failure	block	native_binding_make_callable_value	新 closure 与静态 call-site 使用相同 metadata/signature identity	身份生成失败会返回 false；本调用点当前忽略并继续发布 closure	zr_vm_library/src/zr_vm_library/native_binding/native_binding_registry_plugin.c:826-851;zr_vm_library/src/zr_vm_library/native_binding/native_binding_call_binding.c:302-317;zr_vm_library/src/zr_vm_library/native_binding/native_binding_call_binding.c:371-399	BUG	BUG: 分配故障或无效 descriptor 造成零身份 closure，直接调用可用但静态 call binding 无法解析
zr_vm_library/src/zr_vm_library/native_binding/native_binding_registry_plugin.c	native_registry_materialize_module::permanent_before_failure	block	native_registry_materialize_module	构造中的模块应在可失败步骤结束后才成为永久根	模块标记 permanent 后名称或元数据创建仍可能失败，当前返回不撤销永久性	zr_vm_library/src/zr_vm_library/native_binding/native_binding_registry_plugin.c:904-933;zr_vm_core/src/zr_vm_core/gc/gc_object.c:1210-1240	BUG	BUG: 失败导入留下不可由 GC 回收的永久部分模块，反复失败会累积常驻对象
zr_vm_library/src/zr_vm_library/native_binding/native_binding_registry_plugin.c	native_registry_copy_binary_file::close_failure	block	native_registry_copy_binary_file	只有完整落盘的副本才可作为下一步装载来源	fwrite 成功不代表 stdio 关闭成功，fclose(target) 可能报告延迟写入失败	zr_vm_library/src/zr_vm_library/native_binding/native_binding_registry_plugin.c:73-93;zr_vm_library/src/zr_vm_library/native_binding/native_binding_registry_plugin.c:138-139	BUG	BUG: 忽略 fclose 返回值可将不完整副本报告为复制成功；用延迟写入失败夹具核对
zr_vm_library/src/zr_vm_library/native_binding/native_binding_registry_plugin.c	native_registry_load_plugin_descriptor::plugin_record_growth	block	native_registry_load_plugin_descriptor	把成功装载的句柄记录纳入 registry 以覆盖 descriptor 借用寿命	pluginHandles 满容量且 allocator 返回 NULL 时 Array_Push 用空 head 复制	zr_vm_library/src/zr_vm_library/native_binding/native_binding_registry_plugin.c:464-470;zr_vm_core/include/zr_vm_core/array.h:53-66;zr_vm_core/include/zr_vm_core/memory.h:14-17	BUG	BUG: 插件注册可在句柄记录扩容 OOM 时崩溃，无法按已有失败清理路径回滚
zr_vm_library/src/zr_vm_library/native_binding/native_binding_registry_plugin.c	native_binding_make_callable_value::permanent_before_export	block	native_binding_make_callable_value	为 native callback 提前建立常驻 closure	caller 后续创建导出名或其他成员失败会放弃本次模块，但 closure 已不可 GC 回收	zr_vm_library/src/zr_vm_library/native_binding/native_binding_registry_plugin.c:797-803;zr_vm_library/src/zr_vm_library/native_binding/native_binding_metadata.c:1106-1112;zr_vm_core/src/zr_vm_core/gc/gc_object.c:1210-1240	BUG	BUG: 重复失败的模块实体化可累积永久 closure；需在失败路径撤销或延后永久化
zr_vm_library/src/zr_vm_library/native_binding/native_binding_registry_plugin.c	native_binding_make_callable_value::binding_growth	block	native_binding_make_callable_value	注册分派时保存 closure 到 descriptor 映射	bindingEntries 满容量且 allocator 返回 NULL 时 Array_Push 用空 head 复制	zr_vm_library/src/zr_vm_library/native_binding/native_binding_registry_plugin.c:833-839;zr_vm_core/include/zr_vm_core/array.h:53-66;zr_vm_core/include/zr_vm_core/memory.h:14-17	BUG	BUG: callable 注册在绑定表扩容 OOM 时崩溃
zr_vm_library/src/zr_vm_library/native_binding/native_binding_registry_plugin.c	native_registry_materialize_module::module_info_export_failure	block	native_registry_materialize_module	发布模块反射入口 moduleInfo 后才允许运行 hook/返回模块	AddPubExport 无返回状态，Object_SetValue 扩容失败会静默丢弃公开字段	zr_vm_library/src/zr_vm_library/native_binding/native_binding_registry_plugin.c:1010-1026;zr_vm_core/src/zr_vm_core/module/module.c:142-160;zr_vm_core/src/zr_vm_core/object/object.c:1863-1870;zr_vm_core/src/zr_vm_core/reflection.c:3932-3939	BUG	BUG: 内存分配失败时模块仍可物化成功，但 moduleInfo 公开导出缺失，原生来源等反射元数据缺失或失真
zr_vm_library/src/zr_vm_library/native_binding/native_binding_official_inventory.c	k_official_modules	state	ZrLibrary_OfficialModuleInventory_*;native_registry_validate_official_descriptor	官方模块名与阶段、角色的权威清单	静态只读；不表示已装载	zr_vm_library/src/zr_vm_library/native_binding/native_binding_official_inventory.c:4	commented	已按调用链补充契约注释
zr_vm_library/src/zr_vm_library/native_binding/native_binding_official_inventory.c	ZrLibrary_OfficialModuleInventory_GetCount	function	test_official_inventory_is_frozen_unique_and_phase_typed	枚举官方模块个数	只反映编译时清单	zr_vm_library/src/zr_vm_library/native_binding/native_binding_official_inventory.c:35;tests/library/test_official_provider_convergence.c:153	commented	公开计数与装载状态区分
zr_vm_library/src/zr_vm_library/native_binding/native_binding_official_inventory.c	ZrLibrary_OfficialModuleInventory_GetAt	function	test_official_inventory_is_frozen_unique_and_phase_typed	按索引借用静态清单项	越界返回空值；禁止释放	zr_vm_library/src/zr_vm_library/native_binding/native_binding_official_inventory.c:40;tests/library/test_official_provider_convergence.c:156	commented	只读借用契约明确
zr_vm_library/src/zr_vm_library/native_binding/native_binding_official_inventory.c	ZrLibrary_OfficialModuleInventory_Find	function	native_registry_validate_official_descriptor;native_registry_validate_official_duplicate;assert_official_runtime_descriptor;test_official_inventory_is_frozen_unique_and_phase_typed	识别保留的官方模块规范名	完整名称精确匹配；空名返回空值	zr_vm_library/src/zr_vm_library/native_binding/native_binding_official_inventory.c:48	commented	已按调用链补充契约注释
zr_vm_library/src/zr_vm_library/native_binding/native_binding_official_inventory.c	native_registry_validate_official_descriptor	function	native_registry_register_module_record;ZrLibrary_NativeRegistry_ValidateModuleDescriptor	注册前校验官方身份与阶段	非官方模块不得声明官方角色	zr_vm_library/src/zr_vm_library/native_binding/native_binding_official_inventory.c:64;zr_vm_library/src/zr_vm_library/native_binding/native_binding_support.c:709	commented	阻止错误角色或阶段写入注册记录
zr_vm_library/src/zr_vm_library/native_binding/native_binding_official_inventory.c	native_registry_validate_official_duplicate	function	native_registry_register_module_record	禁止不同描述符覆盖官方模块	同一描述符重注册允许；普通模块由注册器决定	zr_vm_library/src/zr_vm_library/native_binding/native_binding_official_inventory.c:110;zr_vm_library/src/zr_vm_library/native_binding/native_binding_support.c:732	commented	守住保留模块的 provider 身份
zr_vm_library/src/zr_vm_library/native_binding/native_binding_reflection_contract.c	k_reflection_canonical_type_roles	state	k_reflection_contract_descriptor 静态初始化	为反射 Type/TypeOf 类型族提供规范角色	只定义契约，不建立运行时实例	zr_vm_library/src/zr_vm_library/native_binding/native_binding_reflection_contract.c:4	commented	已按调用链补充契约注释
zr_vm_library/src/zr_vm_library/native_binding/native_binding_reflection_contract.c	k_reflection_contract_descriptor	state	ZrLibrary_ReflectionContract_GetDescriptor	启动期反射服务契约占位	isContractOnly=true；不能物化为普通模块	zr_vm_library/src/zr_vm_library/native_binding/native_binding_reflection_contract.c:63;zr_vm_library/src/zr_vm_library/native_binding/native_binding.c:155	commented	明确契约和服务分层
zr_vm_library/src/zr_vm_library/native_binding/native_binding_reflection_contract.c	ZrLibrary_ReflectionContract_GetDescriptor	function	ZrLibrary_NativeBinding_Attach	借用静态反射契约描述符供注册	调用方不得修改或释放	zr_vm_library/src/zr_vm_library/native_binding/native_binding_reflection_contract.c:78;zr_vm_library/src/zr_vm_library/native_binding/native_binding.c:155	commented	描述符进程期有效
zr_vm_library/src/zr_vm_library/native_binding/native_binding_runtime_metadata.c	CZrNativeRuntimeMetadataSignatureHashV1Prefix	state	native_runtime_metadata_member_signature_hash	隔离原生签名稳定哈希域	签名格式变动须升版本	zr_vm_library/src/zr_vm_library/native_binding/native_binding_runtime_metadata.c:10	commented	已按调用链补充契约注释
zr_vm_library/src/zr_vm_library/native_binding/native_binding_runtime_metadata.c	ZR_NATIVE_RUNTIME_METADATA_MEMBER_PARAMETER_COUNT_UNKNOWN	macro	native_runtime_metadata_function_parameter_count;native_runtime_metadata_add_field_symbol	标记无法精确表达的参数数目	UInt32 最大值保留为哨兵	zr_vm_library/src/zr_vm_library/native_binding/native_binding_runtime_metadata.c:34	commented	已按调用链补充契约注释
zr_vm_library/src/zr_vm_library/native_binding/native_binding_runtime_metadata.c	native_runtime_metadata_string_length	function	native_runtime_metadata_write_string;native_runtime_metadata_member_signature_size	统一签名中的可选字符串长度	空指针编码长度零	zr_vm_library/src/zr_vm_library/native_binding/native_binding_runtime_metadata.c:37	commented	已按调用链补充契约注释
zr_vm_library/src/zr_vm_library/native_binding/native_binding_runtime_metadata.c	native_runtime_metadata_write_u32	function	native_runtime_metadata_write_string;native_runtime_metadata_member_signature_hash	固定小端整数编码	buffer 须按 size 函数预分配	zr_vm_library/src/zr_vm_library/native_binding/native_binding_runtime_metadata.c:42	commented	已按调用链补充契约注释
zr_vm_library/src/zr_vm_library/native_binding/native_binding_runtime_metadata.c	native_runtime_metadata_write_string	function	native_runtime_metadata_write_parameter_type_signature;native_runtime_metadata_member_signature_hash	长度前缀字符串防止拼接歧义	长度转换为 UInt32；超大字符串待约束	zr_vm_library/src/zr_vm_library/native_binding/native_binding_runtime_metadata.c:51	commented	已按调用链补充契约注释
zr_vm_library/src/zr_vm_library/native_binding/native_binding_runtime_metadata.c	native_runtime_metadata_parameter_type_signature_size	function	native_runtime_metadata_member_signature_size	计算参数类型编码空间	须与 write_parameter_type_signature 一致	zr_vm_library/src/zr_vm_library/native_binding/native_binding_runtime_metadata.c:64	commented	已按调用链补充契约注释
zr_vm_library/src/zr_vm_library/native_binding/native_binding_runtime_metadata.c	native_runtime_metadata_write_parameter_type_signature	function	native_runtime_metadata_member_signature_hash	按声明顺序加入参数类型	无显式参数表编码零项	zr_vm_library/src/zr_vm_library/native_binding/native_binding_runtime_metadata.c:80	commented	已按调用链补充契约注释
zr_vm_library/src/zr_vm_library/native_binding/native_binding_runtime_metadata.c	native_runtime_metadata_member_signature_size	function	native_runtime_metadata_member_signature_hash	预估字段或方法签名大小	方法另含元数和参数类型	zr_vm_library/src/zr_vm_library/native_binding/native_binding_runtime_metadata.c:94	commented	已按调用链补充契约注释
zr_vm_library/src/zr_vm_library/native_binding/native_binding_runtime_metadata.c	native_runtime_metadata_member_signature_hash	function	native_runtime_metadata_add_function_symbol;native_runtime_metadata_add_field_symbol	创建版本化稳定签名哈希	0 代表构造失败；临时缓冲区调用后释放	zr_vm_library/src/zr_vm_library/native_binding/native_binding_runtime_metadata.c:119;zr_vm_core/src/zr_vm_core/hash.c:38	commented	签名区分字段与方法
zr_vm_library/src/zr_vm_library/native_binding/native_binding_runtime_metadata.c	native_runtime_metadata_primitive_type	function	native_runtime_metadata_set_type_ref	把内建标量别名映射为 VM 类型类别	其他名字作为具名对象	zr_vm_library/src/zr_vm_library/native_binding/native_binding_runtime_metadata.c:183	commented	已按调用链补充契约注释
zr_vm_library/src/zr_vm_library/native_binding/native_binding_runtime_metadata.c	native_runtime_metadata_set_type_ref	function	native_runtime_metadata_init_symbol	保留具名类型供反射延迟解析	具名字符串创建失败未传播	zr_vm_library/src/zr_vm_library/native_binding/native_binding_runtime_metadata.c:263;zr_vm_core/src/zr_vm_core/reflection.c:1014	BUG	BUG: 符号仍可公布为泛化 object 类型
zr_vm_library/src/zr_vm_library/native_binding/native_binding_runtime_metadata.c	native_runtime_metadata_function_parameter_count	function	native_runtime_metadata_add_function_symbol	仅声明可证明的精确参数数目	可变元数且无参数表时返回未知	zr_vm_library/src/zr_vm_library/native_binding/native_binding_runtime_metadata.c:283	commented	已按调用链补充契约注释
zr_vm_library/src/zr_vm_library/native_binding/native_binding_runtime_metadata.c	native_runtime_metadata_init_symbol	function	native_runtime_metadata_add_function_symbol;native_runtime_metadata_add_field_symbol	投影为编译模块共用的 typed export 记录	调用方需检查名称和类型创建结果	zr_vm_library/src/zr_vm_library/native_binding/native_binding_runtime_metadata.c:298	commented	已按调用链补充契约注释
zr_vm_library/src/zr_vm_library/native_binding/native_binding_runtime_metadata.c	native_runtime_metadata_add_function_symbol	function	native_runtime_metadata_attach_module	为函数导出分配 token 与签名	描述符名和 RID 游标须有效	zr_vm_library/src/zr_vm_library/native_binding/native_binding_runtime_metadata.c:328	commented	已按调用链补充契约注释
zr_vm_library/src/zr_vm_library/native_binding/native_binding_runtime_metadata.c	native_runtime_metadata_add_field_symbol	function	native_runtime_metadata_attach_module	为常量、链接和类型导出生成字段符号	exportKind 保留真实导出种类	zr_vm_library/src/zr_vm_library/native_binding/native_binding_runtime_metadata.c:384	commented	已按调用链补充契约注释
zr_vm_library/src/zr_vm_library/native_binding/native_binding_runtime_metadata.c	native_runtime_metadata_attach_module	function	native_registry_materialize_module	为模块附着 typed export 和稳定签名	求和/乘法/UInt32 截断待约束；Attach 失败未报告	zr_vm_library/src/zr_vm_library/native_binding/native_binding_runtime_metadata.c:432;zr_vm_library/src/zr_vm_library/native_binding/native_binding_registry_plugin.c:940;zr_vm_core/src/zr_vm_core/reflection.c:4115	commented	反射按此记录关联真实导出
zr_vm_library/src/zr_vm_library/native_binding/native_binding_runtime_metadata.c	native_runtime_metadata_attach_module::symbol_count	block	native_runtime_metadata_attach_module	汇总导出数量并分配一次连续符号表	外部插件可给大计数；需核对上限	zr_vm_library/src/zr_vm_library/native_binding/native_binding_runtime_metadata.c:446;zr_vm_library/src/zr_vm_library/native_binding/native_binding_runtime_metadata.c:448;zr_vm_library/src/zr_vm_library/native_binding/native_binding_runtime_metadata.c:467	TODO	TODO: 求和、乘法和 UInt32 截断缺显式边界
zr_vm_library/src/zr_vm_library/native_binding/native_binding_runtime_metadata.c	native_runtime_metadata_attach_module::attach	block	native_runtime_metadata_attach_module	把入口函数挂到模块以供反射读取	AttachModuleRuntimeMetadata 无成功状态	zr_vm_library/src/zr_vm_library/native_binding/native_binding_runtime_metadata.c:535;zr_vm_core/src/zr_vm_core/reflection.c:4635	TODO	TODO: 需故障注入确认缺入口时的返回路径
zr_vm_library/src/zr_vm_library/native_binding/native_binding_metadata.c	ZrNativeMetadataPin	type	native_metadata_pin_raw_object;native_metadata_unpin_object	记录临时 GC 根与本层新增状态	仅撤销本层新增的忽略标记	zr_vm_library/src/zr_vm_library/native_binding/native_binding_metadata.c:6	commented	已按调用链补充契约注释
zr_vm_library/src/zr_vm_library/native_binding/native_binding_metadata.c	native_metadata_pin_raw_object	function	native_metadata_pin_object	在子对象挂接前保护新分配对象	需有效 state/global/object/pin；失败返回 false	zr_vm_library/src/zr_vm_library/native_binding/native_binding_metadata.c:12	commented	已按调用链补充契约注释
zr_vm_library/src/zr_vm_library/native_binding/native_binding_metadata.c	native_metadata_pin_object	function	native_metadata_set_string_field;native_metadata_make_string_array;native_metadata_make_type_entry;native_metadata_make_module_info	为反射对象和数组建立临时根	调用方最终须对应 unpin	zr_vm_library/src/zr_vm_library/native_binding/native_binding_metadata.c:32	commented	已按调用链补充契约注释
zr_vm_library/src/zr_vm_library/native_binding/native_binding_metadata.c	native_metadata_unpin_object	function	native_metadata_set_string_field;native_metadata_make_string_array;native_metadata_make_type_entry;native_metadata_make_module_info	清理构造期临时根	保留调用前已有根状态	zr_vm_library/src/zr_vm_library/native_binding/native_binding_metadata.c:41	commented	已按调用链补充契约注释
zr_vm_library/src/zr_vm_library/native_binding/native_binding_metadata.c	native_metadata_set_value_field	function	native_metadata_set_string_field;native_metadata_set_int_field;native_metadata_set_float_field;native_metadata_set_bool_field;native_metadata_make_type_entry;native_metadata_make_module_info	统一写入 ModuleInfo 和子条目动态字段	SetFieldCString 无返回值；写入失败可能静默	zr_vm_library/src/zr_vm_library/native_binding/native_binding_metadata.c:57;zr_vm_library/src/zr_vm_library/native_binding/native_binding_dispatch.c:1366	BUG	BUG: 固定对象或键创建失败后仍可发布缺字段对象
zr_vm_library/src/zr_vm_library/native_binding/native_binding_metadata.c	native_metadata_set_string_field	function	native_metadata_set_optional_string_field;native_metadata_make_field_entry;native_metadata_make_method_entry;native_metadata_make_type_entry;native_metadata_make_module_info	先固定目标再建立字符串字段	SetString 失败不初始化输出值	zr_vm_library/src/zr_vm_library/native_binding/native_binding_metadata.c:70;zr_vm_library/src/zr_vm_library/native_binding/native_binding_dispatch.c:1300	BUG	BUG: 字符串分配失败时未初始化 fieldValue 送入字段写入
zr_vm_library/src/zr_vm_library/native_binding/native_binding_metadata.c	native_metadata_set_optional_string_field	function	native_metadata_make_method_entry;native_metadata_make_meta_method_entry;native_metadata_make_type_entry	仅公开显式声明的扩展字符串	空指针或空字符串保持字段缺席	zr_vm_library/src/zr_vm_library/native_binding/native_binding_metadata.c:95	commented	已按调用链补充契约注释
zr_vm_library/src/zr_vm_library/native_binding/native_binding_metadata.c	native_metadata_set_int_field	function	native_metadata_set_constant_value_fields;native_metadata_make_field_entry;native_metadata_make_type_entry;native_metadata_make_module_info	以 VM 整数类型公开描述符数值	继承通用字段写入失败语义	zr_vm_library/src/zr_vm_library/native_binding/native_binding_metadata.c:107	commented	已按调用链补充契约注释
zr_vm_library/src/zr_vm_library/native_binding/native_binding_metadata.c	native_metadata_set_float_field	function	native_metadata_set_constant_value_fields	保留浮点常量元数据的类型	继承通用字段写入失败语义	zr_vm_library/src/zr_vm_library/native_binding/native_binding_metadata.c:117	commented	已按调用链补充契约注释
zr_vm_library/src/zr_vm_library/native_binding/native_binding_metadata.c	native_metadata_set_bool_field	function	native_metadata_set_constant_value_fields;native_metadata_make_field_entry;native_metadata_make_type_entry;native_metadata_make_module_info	保留布尔契约字段类型	继承通用字段写入失败语义	zr_vm_library/src/zr_vm_library/native_binding/native_binding_metadata.c:127	commented	已按调用链补充契约注释
zr_vm_library/src/zr_vm_library/native_binding/native_binding_metadata.c	native_metadata_constant_type_name	function	native_metadata_make_constant_entry;native_runtime_metadata_attach_module	共享常量默认类型名	显式 typeName 优先；未知 kind 回退 value	zr_vm_library/src/zr_vm_library/native_binding/native_binding_metadata.c:137;zr_vm_library/src/zr_vm_library/native_binding/native_binding_runtime_metadata.c:494	commented	可见元数据与 typed export 使用同一映射
zr_vm_library/src/zr_vm_library/native_binding/native_binding_metadata.c	native_descriptor_allows_value_construction	function	native_metadata_make_type_entry;native_registry_attach_type_runtime_metadata	可见和隐藏构造许可共享来源	空描述符为 false	zr_vm_library/src/zr_vm_library/native_binding/native_binding_metadata.c:165	commented	已按调用链补充契约注释
zr_vm_library/src/zr_vm_library/native_binding/native_binding_metadata.c	native_descriptor_allows_boxed_construction	function	native_metadata_make_type_entry;native_registry_attach_type_runtime_metadata	装箱许可独立于值构造许可	空描述符为 false	zr_vm_library/src/zr_vm_library/native_binding/native_binding_metadata.c:173	commented	已按调用链补充契约注释
zr_vm_library/src/zr_vm_library/native_binding/native_binding_metadata.c	native_metadata_set_constant_value_fields	function	native_metadata_make_constant_entry;native_metadata_make_enum_member_entry	按 kind 投影对应常量载荷	不支持 kind 仅写 kind	zr_vm_library/src/zr_vm_library/native_binding/native_binding_metadata.c:181	commented	已按调用链补充契约注释
zr_vm_library/src/zr_vm_library/native_binding/native_binding_metadata.c	native_metadata_push_string_value	function	native_metadata_make_string_array	创建 VM 字符串数组元素	SetString 失败时输出值未初始化	zr_vm_library/src/zr_vm_library/native_binding/native_binding_metadata.c:214;zr_vm_library/src/zr_vm_library/native_binding/native_binding_dispatch.c:1300	BUG	BUG: 字符串分配失败后追加读取未初始化 entryValue
zr_vm_library/src/zr_vm_library/native_binding/native_binding_metadata.c	native_metadata_make_string_array	function	native_metadata_make_generic_parameter_entry;native_metadata_make_type_entry	把描述符名字序列转为 VM 数组	空项跳过；PushValue 失败未传播	zr_vm_library/src/zr_vm_library/native_binding/native_binding_metadata.c:228;zr_vm_library/src/zr_vm_library/native_binding/native_binding_dispatch.c:1500	BUG	BUG: 失败后返回截断数组
zr_vm_library/src/zr_vm_library/native_binding/native_binding_metadata.c	native_metadata_make_field_entry	function	native_metadata_make_type_entry	把字段类型和访问契约交给反射	descriptor/name 必须有效	zr_vm_library/src/zr_vm_library/native_binding/native_binding_metadata.c:254	commented	已按调用链补充契约注释
zr_vm_library/src/zr_vm_library/native_binding/native_binding_metadata.c	native_metadata_make_parameter_entry	function	native_metadata_make_parameter_array	保留参数名、类型和传递模式	descriptor 必须有效	zr_vm_library/src/zr_vm_library/native_binding/native_binding_metadata.c:275	commented	已按调用链补充契约注释
zr_vm_library/src/zr_vm_library/native_binding/native_binding_metadata.c	native_metadata_make_parameter_array	function	native_metadata_make_method_entry;native_metadata_make_meta_method_entry;native_metadata_make_function_entry	按声明顺序公开参数条目	条目创建或追加失败未传播	zr_vm_library/src/zr_vm_library/native_binding/native_binding_metadata.c:296;zr_vm_library/src/zr_vm_library/native_binding/native_binding_dispatch.c:1500	BUG	BUG: 失败后短数组可与公开 parameterCount 不一致
zr_vm_library/src/zr_vm_library/native_binding/native_binding_metadata.c	native_metadata_make_generic_parameter_entry	function	native_metadata_make_generic_parameter_array	公开泛型形参与约束列表	子对象挂接前均须固定	zr_vm_library/src/zr_vm_library/native_binding/native_binding_metadata.c:325	commented	已按调用链补充契约注释
zr_vm_library/src/zr_vm_library/native_binding/native_binding_metadata.c	native_metadata_make_generic_parameter_array	function	native_metadata_make_method_entry;native_metadata_make_meta_method_entry;native_metadata_make_function_entry;native_metadata_make_type_entry	聚合泛型形参反射条目	条目创建或追加失败未传播	zr_vm_library/src/zr_vm_library/native_binding/native_binding_metadata.c:361;zr_vm_library/src/zr_vm_library/native_binding/native_binding_dispatch.c:1500	BUG	BUG: 失败后静默遗漏泛型形参
zr_vm_library/src/zr_vm_library/native_binding/native_binding_metadata.c	native_metadata_make_type_hint_entry	function	native_metadata_make_type_hint_array	公开工具侧补充签名和说明	symbolName 必须有效	zr_vm_library/src/zr_vm_library/native_binding/native_binding_metadata.c:390	commented	已按调用链补充契约注释
zr_vm_library/src/zr_vm_library/native_binding/native_binding_metadata.c	native_metadata_make_type_hint_array	function	native_metadata_make_module_info	按描述符顺序公开类型提示	条目创建或追加失败未传播	zr_vm_library/src/zr_vm_library/native_binding/native_binding_metadata.c:413;zr_vm_library/src/zr_vm_library/native_binding/native_binding_dispatch.c:1500	BUG	BUG: 失败后 typeHints 静默丢项
zr_vm_library/src/zr_vm_library/native_binding/native_binding_metadata.c	native_metadata_make_method_entry	function	native_metadata_make_type_entry	公开方法元数、接收者约束及属性桥接	缺显式参数描述且非零元数时不伪造空参数列表	zr_vm_library/src/zr_vm_library/native_binding/native_binding_metadata.c:442	commented	已按调用链补充契约注释
zr_vm_library/src/zr_vm_library/native_binding/native_binding_metadata.c	native_metadata_make_method_entry::unknown_parameters	block	native_metadata_make_method_entry	区分未知参数详情和真实零参数	取决于 parameters 指针及零元数声明	zr_vm_library/src/zr_vm_library/native_binding/native_binding_metadata.c:457	commented	已按调用链补充契约注释
zr_vm_library/src/zr_vm_library/native_binding/native_binding_metadata.c	native_metadata_make_meta_method_entry	function	native_metadata_make_type_entry	按 VM 元方法名公开参数契约	metaType 须在有效枚举范围	zr_vm_library/src/zr_vm_library/native_binding/native_binding_metadata.c:520	commented	已按调用链补充契约注释
zr_vm_library/src/zr_vm_library/native_binding/native_binding_metadata.c	native_metadata_make_function_entry	function	native_metadata_make_module_info	公开函数导出的元数和泛型契约	缺显式参数表时只声明元数	zr_vm_library/src/zr_vm_library/native_binding/native_binding_metadata.c:584	commented	已按调用链补充契约注释
zr_vm_library/src/zr_vm_library/native_binding/native_binding_metadata.c	native_metadata_make_constant_entry	function	native_metadata_make_module_info	公开与真实导出一致的常量类型和值	descriptor/name 必须有效	zr_vm_library/src/zr_vm_library/native_binding/native_binding_metadata.c:640	commented	已按调用链补充契约注释
zr_vm_library/src/zr_vm_library/native_binding/native_binding_metadata.c	native_metadata_make_enum_member_entry	function	native_metadata_make_type_entry	公开枚举声明值而非运行时实例	descriptor/name 必须有效	zr_vm_library/src/zr_vm_library/native_binding/native_binding_metadata.c:665	commented	已按调用链补充契约注释
zr_vm_library/src/zr_vm_library/native_binding/native_binding_metadata.c	native_metadata_make_module_link_entry	function	native_metadata_make_module_info	公开模块链接与目标模块名称	descriptor/name/moduleName 必须有效	zr_vm_library/src/zr_vm_library/native_binding/native_binding_metadata.c:690	commented	已按调用链补充契约注释
zr_vm_library/src/zr_vm_library/native_binding/native_binding_metadata.c	native_metadata_make_type_entry	function	native_metadata_make_module_info	聚合类型成员、协议、枚举和 FFI 扩展契约	子条目失败或 PushValue 失败未传播	zr_vm_library/src/zr_vm_library/native_binding/native_binding_metadata.c:711;zr_vm_library/src/zr_vm_library/native_binding/native_binding_dispatch.c:1500;zr_vm_core/src/zr_vm_core/reflection.c:3939	BUG	BUG: 可返回缺成员类型描述
zr_vm_library/src/zr_vm_library/native_binding/native_binding_metadata.c	native_metadata_make_module_info	function	native_registry_materialize_module	导出原生模块的公开契约快照	子条目和追加失败未传播；返回值可能不完整	zr_vm_library/src/zr_vm_library/native_binding/native_binding_metadata.c:870;zr_vm_library/src/zr_vm_library/native_binding/native_binding_registry_plugin.c:999;zr_vm_core/src/zr_vm_core/reflection.c:3932	BUG	BUG: 物化器仍导出不完整对象
zr_vm_library/src/zr_vm_library/native_binding/native_binding_metadata.c	native_metadata_make_module_info::header	block	native_metadata_make_module_info	版本和来源字段规定反射解释方式	registrationKind 依赖记录；无记录视作 builtin	zr_vm_library/src/zr_vm_library/native_binding/native_binding_metadata.c:934	commented	已按调用链补充契约注释
zr_vm_library/src/zr_vm_library/native_binding/native_binding_metadata.c	native_registry_add_constant	function	native_registry_materialize_module	把描述符常量变为模块实际导出	AddPubExport 失败静默；字符串值分配失败可未初始化	zr_vm_library/src/zr_vm_library/native_binding/native_binding_metadata.c:1023;zr_vm_library/src/zr_vm_library/native_binding/native_binding_registry_plugin.c:961;zr_vm_core/src/zr_vm_core/module/module.c:142;zr_vm_core/src/zr_vm_core/object/object.c:1863-1870;zr_vm_library/src/zr_vm_library/native_binding/native_binding_dispatch.c:1300	BUG	BUG: 物化可能成功但导出缺失或值无定义
zr_vm_library/src/zr_vm_library/native_binding/native_binding_metadata.c	native_registry_add_function	function	native_registry_materialize_module	将回调绑定包装为公开 VM 函数	AddPubExport 失败静默	zr_vm_library/src/zr_vm_library/native_binding/native_binding_metadata.c:1073;zr_vm_library/src/zr_vm_library/native_binding/native_binding_registry_plugin.c:972;zr_vm_core/src/zr_vm_core/module/module.c:142;zr_vm_core/src/zr_vm_core/object/object.c:1863-1870	BUG	BUG: 返回成功但函数不可见
zr_vm_library/src/zr_vm_library/native_binding/native_binding_metadata.c	native_registry_add_module_link	function	native_registry_materialize_module	把已装载目标模块作为当前模块链接导出	目标未加载则失败；AddPubExport 失败静默	zr_vm_library/src/zr_vm_library/native_binding/native_binding_metadata.c:1129;zr_vm_library/src/zr_vm_library/native_binding/native_binding_registry_plugin.c:983;zr_vm_core/src/zr_vm_core/module/module.c:142;zr_vm_core/src/zr_vm_core/object/object.c:1863-1870	BUG	BUG: 链接导出可能缺失且物化仍成功
zr_vm_library/src/zr_vm_library/native_binding/native_binding_metadata.c	native_registry_add_protocol_mask	function	native_registry_add_declared_protocols	把位掩码投影到原型协议集合	仅遍历 VM 已定义协议范围	zr_vm_library/src/zr_vm_library/native_binding/native_binding_metadata.c:1158	commented	已按调用链补充契约注释
zr_vm_library/src/zr_vm_library/native_binding/native_binding_metadata.c	native_registry_add_declared_protocols	function	native_registry_add_type	协议身份来自描述符显式位	无描述符则不更改原型	zr_vm_library/src/zr_vm_library/native_binding/native_binding_metadata.c:1173	commented	已按调用链补充契约注释
zr_vm_library/src/zr_vm_library/native_binding/native_binding_metadata.c	native_registry_find_builtin_exception_prototype	function	native_registry_add_type	复用 Error/StackFrame 预建全局原型	仅 zr.system.exception 且原型类别相符	zr_vm_library/src/zr_vm_library/native_binding/native_binding_metadata.c:1182	commented	已按调用链补充契约注释
zr_vm_library/src/zr_vm_library/native_binding/native_binding_metadata.c	native_registry_add_field_descriptors	function	native_registry_add_type	建立反射和成员访问所需字段描述	字段名创建或 AddMemberDescriptor/AddField 分配失败未传播；keyOffsetMap 可不完整	zr_vm_library/src/zr_vm_library/native_binding/native_binding_metadata.c:1212;zr_vm_library/src/zr_vm_library/native_binding/native_binding_metadata.c:1713;zr_vm_core/src/zr_vm_core/object/object.c:2196	BUG	BUG: 字段成员描述可缺失；struct 字段名创建或 AddField 扩容失败还会让 keyOffsetMap 少于 descriptor.fields
zr_vm_library/src/zr_vm_library/native_binding/native_binding_metadata.c	native_registry_bind_standard_method_contract	function	native_registry_add_methods	把 iterable/iterator 角色方法绑定快速槽位	依赖显式 contractRole	zr_vm_library/src/zr_vm_library/native_binding/native_binding_metadata.c:1250	commented	已按调用链补充契约注释
zr_vm_library/src/zr_vm_library/native_binding/native_binding_metadata.c	native_registry_add_methods	function	native_registry_add_type	建立成员描述、方法字典、元方法及协议槽位	AddMemberDescriptor 和 AddMeta 失败未传播	zr_vm_library/src/zr_vm_library/native_binding/native_binding_metadata.c:1275;zr_vm_core/src/zr_vm_core/object/object.c:2208;zr_vm_core/src/zr_vm_core/object/object.c:2319	BUG	BUG: 类型可被发布但运行时成员描述或元方法槽位缺失
zr_vm_library/src/zr_vm_library/native_binding/native_binding_metadata.c	native_registry_add_methods::property_bridge	block	native_registry_add_methods	属性 getter 与方法复用回调但公开独立访问契约	仅 propertyReferenceAccess 非 NONE 时建立	zr_vm_library/src/zr_vm_library/native_binding/native_binding_metadata.c:1332	commented	已按调用链补充契约注释
zr_vm_library/src/zr_vm_library/native_binding/native_binding_metadata.c	native_registry_set_hidden_string_metadata	function	native_registry_attach_type_runtime_metadata	给原型附加 FFI 或枚举隐藏契约	SetString 失败不初始化输出值	zr_vm_library/src/zr_vm_library/native_binding/native_binding_metadata.c:1450;zr_vm_library/src/zr_vm_library/native_binding/native_binding_dispatch.c:1300	BUG	BUG: 未初始化 fieldValue 被送入字段写入
zr_vm_library/src/zr_vm_library/native_binding/native_binding_metadata.c	native_registry_set_hidden_bool_metadata	function	native_registry_attach_type_runtime_metadata	给原型附加构造许可隐藏位	字段写入失败无状态	zr_vm_library/src/zr_vm_library/native_binding/native_binding_metadata.c:1465	commented	已按调用链补充契约注释
zr_vm_library/src/zr_vm_library/native_binding/native_binding_metadata.c	native_registry_init_enum_member_scalar	function	native_registry_add_enum_members	把枚举声明值转为底层 VM 标量	字符串分配失败仍返回成功	zr_vm_library/src/zr_vm_library/native_binding/native_binding_metadata.c:1482;zr_vm_library/src/zr_vm_library/native_binding/native_binding_dispatch.c:1300	BUG	BUG: 字符串枚举可传出未初始化 value
zr_vm_library/src/zr_vm_library/native_binding/native_binding_metadata.c	native_registry_make_enum_instance	function	native_registry_add_enum_members	包装底层值为带身份和名称的枚举实例	对象未显式固定；字符串名分配失败未初始化	zr_vm_library/src/zr_vm_library/native_binding/native_binding_metadata.c:1514;zr_vm_library/src/zr_vm_library/native_binding/native_binding_dispatch.c:1300	BUG	BUG: nameValue 失败路径未初始化；GC 存活性另待核查
zr_vm_library/src/zr_vm_library/native_binding/native_binding_metadata.c	native_registry_attach_type_runtime_metadata	function	native_registry_add_type	给实际原型添加构造、FFI、枚举契约	隐藏字段写入无状态	zr_vm_library/src/zr_vm_library/native_binding/native_binding_metadata.c:1541	commented	已按调用链补充契约注释
zr_vm_library/src/zr_vm_library/native_binding/native_binding_metadata.c	native_registry_add_enum_members	function	native_registry_add_type	以类型原型导出枚举成员实例	SetFieldCString 失败静默	zr_vm_library/src/zr_vm_library/native_binding/native_binding_metadata.c:1597;zr_vm_library/src/zr_vm_library/native_binding/native_binding_dispatch.c:1366	BUG	BUG: 返回成功但枚举成员可能缺席
zr_vm_library/src/zr_vm_library/native_binding/native_binding_metadata.c	native_registry_add_type	function	native_registry_materialize_module	复用或创建原型并发布类型导出	需原型类别相符；AddPubExport 失败静默	zr_vm_library/src/zr_vm_library/native_binding/native_binding_metadata.c:1636;zr_vm_library/src/zr_vm_library/native_binding/native_binding_registry_plugin.c:948;zr_vm_core/src/zr_vm_core/module/module.c:142;zr_vm_core/src/zr_vm_core/object/object.c:1863-1870	BUG	BUG: 返回成功但类型无法从模块导出表取得
zr_vm_library/src/zr_vm_library/native_binding/native_binding_metadata.c	native_registry_add_type::struct_fields	block	native_registry_add_type	结构体原型保持字段索引与描述符顺序一致	仅 STRUCT 且无可复用原型时	zr_vm_library/src/zr_vm_library/native_binding/native_binding_metadata.c:1684	commented	已按调用链补充契约注释
zr_vm_library/src/zr_vm_library/native_binding/native_binding_metadata.c	native_registry_get_module_prototype	function	native_registry_add_type;native_registry_find_same_module_qualified_prototype;native_registry_resolve_type_relationships	从当前模块导出查找同名原型	只接收 ObjectPrototype 导出	zr_vm_library/src/zr_vm_library/native_binding/native_binding_metadata.c:1799	commented	已按调用链补充契约注释
zr_vm_library/src/zr_vm_library/native_binding/native_binding_metadata.c	native_registry_find_same_module_qualified_prototype	function	native_registry_resolve_type_relationships	同模块限定名转成本地导出名	泛型参数不进入导出键；缓冲区长度受限	zr_vm_library/src/zr_vm_library/native_binding/native_binding_metadata.c:1829	commented	已按调用链补充契约注释
zr_vm_library/src/zr_vm_library/native_binding/native_binding_metadata.c	native_registry_resolve_type_relationships	function	native_registry_materialize_module	所有类型导出后建立继承边并补缺元方法	仅 class 的显式父类缺失时可回退 Object；补槽失败未传播	zr_vm_library/src/zr_vm_library/native_binding/native_binding_metadata.c:1867;zr_vm_library/src/zr_vm_library/native_binding/native_binding_registry_plugin.c:958;zr_vm_core/src/zr_vm_core/object/object.c:2208	BUG	BUG: class 可声明不存在父类并在 Object 回退成功时仍物化，元方法亦可缺失
zr_vm_library/src/zr_vm_library/native_binding/native_binding_metadata.c	native_registry_resolve_type_relationships::unresolved_super	block	native_registry_resolve_type_relationships	找不到声明父类时 class 的 Object 回退	仅 class 且非 builtin.Object，显式 extendsTypeName 非空、解析失败且 Object 回退成功	zr_vm_library/src/zr_vm_library/native_binding/native_binding_metadata.c:1899;zr_vm_library/src/zr_vm_library/native_binding/native_binding_metadata.c:1901;zr_vm_library/src/zr_vm_library/native_binding/native_binding_metadata.c:1910	BUG	BUG: Object 回退成功的 class 实际父类与 ModuleInfo 声明不一致
zr_vm_library/src/zr_vm_library/native_binding/native_binding_metadata.c	native_registry_resolve_type_relationships::missing_meta_repair	block	native_registry_resolve_type_relationships	继承后补本类缺失的元方法槽位	创建失败只跳过；AddMeta 失败无状态	zr_vm_library/src/zr_vm_library/native_binding/native_binding_metadata.c:1921;zr_vm_core/src/zr_vm_core/object/object.c:2208	BUG	BUG: 模块物化可以保留缺元方法的原型
zr_vm_library/src/zr_vm_library/native_binding/native_binding_dispatch.c	ZrCore_Stack_GetValue	macro	native_binding_temp_root_try_begin_direct_slot;native_binding_dispatcher;ZrLib_CallValue	热路径栈槽读取绑定到 NoProfile 入口，避免 helper 计数影响分派基准	只在本翻译单元替换符号；栈槽语义与普通 GetValue 相同	zr_vm_library/src/zr_vm_library/native_binding/native_binding_dispatch.c:16	commented	宏展开范围及实际使用点已逐项核对
zr_vm_library/src/zr_vm_library/native_binding/native_binding_dispatch.c	ZrCore_Value_Copy	macro	native_binding_dispatch_finish_result;native_binding_dispatcher;ZrLib_CallValue	热路径值复制绑定到 NoProfile 入口，保持结果与参数复制语义	只绕过 helper profiling；复制的 VM 所有权语义必须保持一致	zr_vm_library/src/zr_vm_library/native_binding/native_binding_dispatch.c:17	commented	宏展开范围及实际使用点已逐项核对
zr_vm_library/src/zr_vm_library/native_binding/native_binding_dispatch.c	ZrCore_Value_ResetAsNull	macro	native_binding_temp_root_try_begin_direct_slot;ZrLib_Value_SetNull;native_binding_dispatcher	热路径值清空绑定到 NoProfile 入口，供临时根与返回槽清理	只绕过 helper profiling；仍须执行正常值复位/释放语义	zr_vm_library/src/zr_vm_library/native_binding/native_binding_dispatch.c:18	commented	宏展开范围及实际使用点已逐项核对
zr_vm_library/src/zr_vm_library/native_binding/native_binding_dispatch.c	native_binding_pin_value_object	macro	native_binding_dispatcher;ZrLib_Object_SetFieldCString;ZrLib_Array_PushValue	本翻译单元调用内联 pin helper，保护离开 VM 栈的对象	新增 pin 须由对应 unpin 清理；宏仅在本翻译单元生效	zr_vm_library/src/zr_vm_library/native_binding/native_binding_dispatch.c:19	commented	宏展开范围及实际使用点已逐项核对
zr_vm_library/src/zr_vm_library/native_binding/native_binding_dispatch.c	native_binding_unpin_value_object	macro	native_binding_dispatcher;ZrLib_Object_SetFieldCString;ZrLib_Array_PushValue	本翻译单元调用内联 unpin helper，归还当次新增保护	只能撤销同轮新增 pin，不能解除外部保活	zr_vm_library/src/zr_vm_library/native_binding/native_binding_dispatch.c:20	commented	宏展开范围及实际使用点已逐项核对
zr_vm_library/src/zr_vm_library/native_binding/native_binding_dispatch.c	native_binding_copy_stable_value	macro	native_binding_dispatcher	通用分派直接调用内联稳定值复制辅助入口	复制结果需要按所有权标记清理；宏仅在本翻译单元生效	zr_vm_library/src/zr_vm_library/native_binding/native_binding_dispatch.c:21	commented	宏展开范围及实际使用点已逐项核对
zr_vm_library/src/zr_vm_library/native_binding/native_binding_dispatch.c	native_binding_prepare_stable_value_raw	macro	本翻译单元未检出展开使用；inline 实现在 lane 文件调用	预留 raw 稳定值准备别名，与 lane 的本地内联协议保持命名一致	当前无本文件调用点；不得据此推断通用分派采用 raw prepare	zr_vm_library/src/zr_vm_library/native_binding/native_binding_dispatch.c:22	commented	宏展开范围及实际使用点已逐项核对
zr_vm_library/src/zr_vm_library/native_binding/native_binding_dispatch.c	native_binding_release_stable_value_raw	macro	本翻译单元未检出展开使用；inline 实现在 lane 文件调用	预留 raw 稳定值释放别名，与准备操作成对	当前无本文件调用点；不得据此推断通用分派采用 raw release	zr_vm_library/src/zr_vm_library/native_binding/native_binding_dispatch.c:23	commented	宏展开范围及实际使用点已逐项核对
zr_vm_library/src/zr_vm_library/native_binding/native_binding_dispatch.c	native_binding_prepare_stable_value	macro	本翻译单元未检出展开使用；lane 文件调用 inline 实现	预留稳定值准备别名，统一分派源文件的 helper 命名	本文件无直接展开点；语义复制时必须按 needsRelease 清理	zr_vm_library/src/zr_vm_library/native_binding/native_binding_dispatch.c:24	commented	宏展开范围及实际使用点已逐项核对
zr_vm_library/src/zr_vm_library/native_binding/native_binding_dispatch.c	native_binding_release_stable_value	macro	本翻译单元未检出展开使用；lane 文件调用 inline 实现	预留稳定值释放别名，配对准备后的所有权归还	本文件无直接展开点；不得释放原 VM 参数所有权	zr_vm_library/src/zr_vm_library/native_binding/native_binding_dispatch.c:25	commented	宏展开范围及实际使用点已逐项核对
zr_vm_library/src/zr_vm_library/native_binding/native_binding_dispatch.c	native_binding_can_use_stack_root_lane	macro	native_binding_dispatcher	把栈根 lane 资格判断绑定到共享 inline helper	只有声明支持并可刷新栈视图时才能进入栈根 lane	zr_vm_library/src/zr_vm_library/native_binding/native_binding_dispatch.c:26	commented	宏展开范围及实际使用点已逐项核对
zr_vm_library/src/zr_vm_library/native_binding/native_binding_dispatch.c	native_binding_can_use_fast_lane	macro	native_binding_dispatcher	把标量快路准入判断绑定到共享 inline helper	每个 self/参数都须满足浅拷贝与所有权约束	zr_vm_library/src/zr_vm_library/native_binding/native_binding_dispatch.c:27	commented	宏展开范围及实际使用点已逐项核对
zr_vm_library/src/zr_vm_library/native_binding/native_binding_dispatch.c	native_binding_can_use_inline_pinned_lane	macro	native_binding_dispatcher	把 inline pinned lane 准入判断绑定到共享 inline helper	成功 pin 的对象须在 lane 退出时成对撤销	zr_vm_library/src/zr_vm_library/native_binding/native_binding_dispatch.c:28	commented	宏展开范围及实际使用点已逐项核对
zr_vm_library/src/zr_vm_library/native_binding/native_binding_dispatch.c	native_binding_context_adopt_inline_frame_anchor	macro	native_binding_dispatcher	通用分派借内联帧锚点恢复原始参数位置	锚点只在本次调用有效，扩栈后须重新解析栈槽	zr_vm_library/src/zr_vm_library/native_binding/native_binding_dispatch.c:29	commented	宏展开范围及实际使用点已逐项核对
zr_vm_library/src/zr_vm_library/native_binding/native_binding_dispatch.c	ZR_LIB_THREAD_LOCAL	macro	g_zr_lib_panic_recover_context;ZrLib_CallValue	为宿主调用 panic 恢复上下文声明线程局部存储	每线程保有自己的恢复链；不得跨线程借用上下文	zr_vm_library/src/zr_vm_library/native_binding/native_binding_dispatch.c:31	commented	宏展开范围及实际使用点已逐项核对
zr_vm_library/src/zr_vm_library/native_binding/native_binding_dispatch.c	native_binding_auto_check_arity	function	native_binding_dispatcher	由通用分派入口消费描述符的参数范围；回调只接收通过声明约束的调用。	context 可空则 false；有描述符时检查其 min/max；无描述符直接 true，无需 state 或 VM 栈检查	zr_vm_library/src/zr_vm_library/native_binding/native_binding_dispatch.c:34;zr_vm_library/src/zr_vm_library/native_binding/native_binding_dispatch.c:364;zr_vm_library/src/zr_vm_library/native_binding/native_binding_internal.h:782	commented	已核对当前定义和调用点；注释解释跨层职责
zr_vm_library/src/zr_vm_library/native_binding/native_binding_dispatch.c	native_binding_stack_pointer_in_current_range	function	zr_vm_library/src/zr_vm_library/native_binding/native_binding_dispatch.c:79;zr_vm_library/src/zr_vm_library/native_binding/native_binding_dispatch.c:84	临时根优先借用现有 VM 栈空间，只有仍属于当前栈的指针才可直接使用。	只检查 state 当前栈基址/尾址及 pointer 范围；不读取注册描述符，扩栈后须重新判断	zr_vm_library/src/zr_vm_library/native_binding/native_binding_dispatch.c:61;zr_vm_library/src/zr_vm_library/native_binding/native_binding_dispatch.c:79;zr_vm_library/src/zr_vm_library/native_binding/native_binding_dispatch.c:84	commented	已核对当前定义和调用点；注释解释跨层职责
zr_vm_library/src/zr_vm_library/native_binding/native_binding_dispatch.c	native_binding_resolve_temp_root_stack_top	function	zr_vm_library/src/zr_vm_library/native_binding/native_binding_dispatch.c:101;zr_vm_library/src/zr_vm_library/native_binding/native_binding_dispatch.c:919	调用信息可能暂时持有比 state->stackTop 更可靠的栈顶，供临时根恢复。	state 可空返回 NULL；候选 callInfo 栈顶必须仍落在当前栈区间	zr_vm_library/src/zr_vm_library/native_binding/native_binding_dispatch.c:69;zr_vm_library/src/zr_vm_library/native_binding/native_binding_dispatch.c:101;zr_vm_library/src/zr_vm_library/native_binding/native_binding_dispatch.c:919	commented	已核对当前定义和调用点；注释解释跨层职责
zr_vm_library/src/zr_vm_library/native_binding/native_binding_dispatch.c	native_binding_temp_root_try_begin_direct_slot	function	zr_vm_library/src/zr_vm_library/native_binding/native_binding_dispatch.c:145	热路径在剩余栈槽足够时直接建立 GC 可见的临时根，并保存回退位置。	仅在当前 VM 栈可容纳根槽时成功；成功后由调用方 End 恢复栈顶	zr_vm_library/src/zr_vm_library/native_binding/native_binding_dispatch.c:92;zr_vm_library/src/zr_vm_library/native_binding/native_binding_dispatch.c:145	commented	已核对当前定义和调用点；注释解释跨层职责
zr_vm_library/src/zr_vm_library/native_binding/native_binding_dispatch.c	native_binding_temp_root_try_begin_direct	function	zr_vm_library/src/zr_vm_library/native_binding/native_binding_dispatch.c:912	Begin 仅在直接栈槽无法使用时进入会扩栈的通用路径。	direct-slot 失败时可扩栈；调用方须检查 Begin 结果并在成功后 End	zr_vm_library/src/zr_vm_library/native_binding/native_binding_dispatch.c:144;zr_vm_library/src/zr_vm_library/native_binding/native_binding_dispatch.c:912	commented	已核对当前定义和调用点；注释解释跨层职责
zr_vm_library/src/zr_vm_library/native_binding/native_binding_dispatch.c	native_binding_temp_root_direct_pointers_valid	function	zr_vm_library/src/zr_vm_library/native_binding/native_binding_dispatch.c:186;zr_vm_library/src/zr_vm_library/native_binding/native_binding_dispatch.c:684;zr_vm_library/src/zr_vm_library/native_binding/native_binding_dispatch.c:1069	扩栈后原始地址失效，End/Value 必须回退到偏移锚点。	根须处于活动期；原始栈地址扩栈后不可使用，需从保存偏移重算	zr_vm_library/src/zr_vm_library/native_binding/native_binding_dispatch.c:149;zr_vm_library/src/zr_vm_library/native_binding/native_binding_dispatch.c:186;zr_vm_library/src/zr_vm_library/native_binding/native_binding_dispatch.c:684	commented	已核对当前定义和调用点；注释解释跨层职责
zr_vm_library/src/zr_vm_library/native_binding/native_binding_dispatch.c	native_binding_temp_root_capture_direct_pointers	function	zr_vm_library/src/zr_vm_library/native_binding/native_binding_dispatch.c:973	扩栈完成后重新记录快路径指针，避免每次读取临时根都恢复锚点。	仅在活动根且扩栈完成后捕获新地址；后续栈变化仍须重取	zr_vm_library/src/zr_vm_library/native_binding/native_binding_dispatch.c:155;zr_vm_library/src/zr_vm_library/native_binding/native_binding_dispatch.c:973	commented	已核对当前定义和调用点；注释解释跨层职责
zr_vm_library/src/zr_vm_library/native_binding/native_binding_dispatch.c	native_binding_temp_root_value_slot	function	ZrLib_TempValueRoot_Value;ZrLib_TempValueRoot_SetValue;ZrLib_TempValueRoot_SetObject;ZrLib_TempValueRoot_SetNull	回调只在根处于活动期时可获取值槽；栈移动时统一从锚点重建地址。	仅在根活动期返回值槽；返回地址不可跨 End 或下一次扩栈缓存	zr_vm_library/src/zr_vm_library/native_binding/native_binding_dispatch.c:179;zr_vm_library/src/zr_vm_library/native_binding/native_binding_dispatch.c:991;zr_vm_library/src/zr_vm_library/native_binding/native_binding_dispatch.c:1003	commented	已核对当前定义和调用点；注释解释跨层职责
zr_vm_library/src/zr_vm_library/native_binding/native_binding_dispatch.c	native_binding_pin_raw_object	function	zr_vm_library/src/zr_vm_library/native_binding/native_binding_dispatch.c:1385;zr_vm_library/src/zr_vm_library/native_binding/native_binding_dispatch.c:1400;zr_vm_library/src/zr_vm_library/native_binding/native_binding_dispatch.c:1429	字段/数组辅助函数跨分配边界保活裸对象，addedByCaller 决定谁负责解除忽略。	rawObject/addedByCaller 须对应同一 pin；仅新增的忽略标记由调用方负责 unpin	zr_vm_library/src/zr_vm_library/native_binding/native_binding_dispatch.c:196;zr_vm_library/src/zr_vm_library/native_binding/native_binding_dispatch.c:1385;zr_vm_library/src/zr_vm_library/native_binding/native_binding_dispatch.c:1400	commented	已核对当前定义和调用点；注释解释跨层职责
zr_vm_library/src/zr_vm_library/native_binding/native_binding_dispatch.c	native_binding_unpin_raw_object	function	zr_vm_library/src/zr_vm_library/native_binding/native_binding_dispatch.c:1389;zr_vm_library/src/zr_vm_library/native_binding/native_binding_dispatch.c:1396;zr_vm_library/src/zr_vm_library/native_binding/native_binding_dispatch.c:1402	只撤销本调用新增的 GC 忽略，避免破坏宿主已持有的固定状态。	仅对本次 addedByCaller 的标记解除忽略；不得取消外部原有 pin	zr_vm_library/src/zr_vm_library/native_binding/native_binding_dispatch.c:214;zr_vm_library/src/zr_vm_library/native_binding/native_binding_dispatch.c:1389;zr_vm_library/src/zr_vm_library/native_binding/native_binding_dispatch.c:1396	commented	已核对当前定义和调用点；注释解释跨层职责
zr_vm_library/src/zr_vm_library/native_binding/native_binding_dispatch.c	native_binding_context_resolve_construct_target_prototype	function	zr_vm_library/src/zr_vm_library/native_binding/native_binding_dispatch.c:842	构造回调优先保持派生实例的实际原型，避免继承调用退回描述符的基类。	context 必须来自构造调用；返回原型借用，目标实例及原型须保持 VM 可达	zr_vm_library/src/zr_vm_library/native_binding/native_binding_dispatch.c:225;zr_vm_library/src/zr_vm_library/native_binding/native_binding_dispatch.c:842	commented	已核对当前定义和调用点；注释解释跨层职责
zr_vm_library/src/zr_vm_library/native_binding/native_binding_dispatch.c	native_binding_dispatch_finish_result	function	zr_vm_library/src/zr_vm_library/native_binding/native_binding_dispatch.c:378;zr_vm_library/src/zr_vm_library/native_binding/native_binding_dispatch.c:391;zr_vm_library/src/zr_vm_library/native_binding/native_binding_dispatch.c:404	回调可能触发扩栈，返回值必须通过函数基址锚点写回闭包槽。	context/函数栈基址须有效；回调状态与返回值共同决定结果，写回前重建栈槽	zr_vm_library/src/zr_vm_library/native_binding/native_binding_dispatch.c:249;zr_vm_library/src/zr_vm_library/native_binding/native_binding_dispatch.c:378;zr_vm_library/src/zr_vm_library/native_binding/native_binding_dispatch.c:391	commented	已核对当前定义和调用点；注释解释跨层职责
zr_vm_library/src/zr_vm_library/native_binding/native_binding_dispatch.c	native_binding_dispatcher	function	zr_vm_library/src/zr_vm_library/native_binding/native_binding_dispatch_cached.c:106;tests/core/test_native_inline_span_dispatch.c:350;native_binding_closure_dispatcher_for_cached_binding 返回此回退回调;zr_vm_library/src/zr_vm_library/native_binding/native_binding_registry_plugin.c:800 经 callback 注册间接进入	VM 调用闭包的总入口：优先使用栈根/标量快路，再退到有稳定副本的通用路径。	闭包须可解析到有效回调；回调中 VM 状态错误也要按失败处理，栈移动后重建锚点	zr_vm_library/src/zr_vm_library/native_binding/native_binding_dispatch.c:270;zr_vm_library/src/zr_vm_library/native_binding/native_binding_registry_plugin.c:800;zr_vm_library/src/zr_vm_library/native_binding/native_binding_internal.h:266	commented	已核对当前定义和调用点；注释解释跨层职责
zr_vm_library/src/zr_vm_library/native_binding/native_binding_dispatch.c	native_binding_temp_root_slot	function	ZrLib_TempValueRoot_SetObject	返回活动临时根的 VM 栈槽；调用方不得在 End 后继续保存此地址。	根须处于 Begin/End 区间；返回栈槽在扩栈后可能失效	zr_vm_library/src/zr_vm_library/native_binding/native_binding_dispatch.c:679;zr_vm_library/src/zr_vm_library/native_binding/native_binding_dispatch.c:1022;zr_vm_library/src/zr_vm_library/native_binding/native_binding_internal.h:783	commented	已核对当前定义和调用点；注释解释跨层职责
zr_vm_library/src/zr_vm_library/native_binding/native_binding_dispatch.c	ZrLib_CallContext_ArgumentCount	function	zr_vm_lib_ffi/src/zr_vm_lib_ffi/runtime.c:134;zr_vm_lib_ffi/src/zr_vm_lib_ffi/runtime.c:890	描述符参数数目不含实例 receiver，供绑定回调选择业务参数。	context 须属于当前调用；返回值排除 receiver，不要求注册描述符存在	zr_vm_library/src/zr_vm_library/native_binding/native_binding_dispatch.c:693;zr_vm_lib_ffi/src/zr_vm_lib_ffi/runtime.c:134;zr_vm_lib_ffi/src/zr_vm_lib_ffi/runtime.c:890	commented	已核对当前定义和调用点；注释解释跨层职责
zr_vm_library/src/zr_vm_library/native_binding/native_binding_dispatch.c	native_binding_context_argument_is_inline_struct_parameter	function	zr_vm_library/src/zr_vm_library/native_binding/native_binding_dispatch.c:733	inline struct 参数存于专门帧布局；普通 SZrTypeValue 视图不能代表其存储。	context 和 index 属于当前参数布局；inline 参数必须按帧布局访问，普通值槽不可替代	zr_vm_library/src/zr_vm_library/native_binding/native_binding_dispatch.c:698;zr_vm_library/src/zr_vm_library/native_binding/native_binding_dispatch.c:733	commented	已核对当前定义和调用点；注释解释跨层职责
zr_vm_library/src/zr_vm_library/native_binding/native_binding_dispatch.c	ZrLib_CallContext_Self	function	zr_vm_library/src/zr_vm_library/builtin_module.c:198;zr_vm_library/src/zr_vm_library/builtin_module.c:215;zr_vm_library/src/zr_vm_library/builtin_module.c:224	回调访问 receiver 前刷新栈地址，支持回调期间的扩栈。	context 须有 receiver；返回 VM 栈借用值视图，扩栈或调用结束后失效	zr_vm_library/src/zr_vm_library/native_binding/native_binding_dispatch.c:718;zr_vm_library/src/zr_vm_library/builtin_module.c:199;zr_vm_library/src/zr_vm_library/builtin_module.c:216	commented	已核对当前定义和调用点；注释解释跨层职责
zr_vm_library/src/zr_vm_library/native_binding/native_binding_dispatch.c	ZrLib_CallContext_Argument	function	zr_vm_library/src/zr_vm_library/builtin_module.c:163;zr_vm_library/src/zr_vm_library/builtin_module.c:183;zr_vm_library/src/zr_vm_library/builtin_module.c:187	按 lane 选择稳定副本或 VM 栈槽；inline struct 参数须改用 InlineArgumentSpan。	index 须小于当前业务参数数；返回值视图依赖本次调用及栈刷新规则	zr_vm_library/src/zr_vm_library/native_binding/native_binding_dispatch.c:725;zr_vm_library/src/zr_vm_library/builtin_module.c:164;zr_vm_library/src/zr_vm_library/builtin_module.c:183	commented	已核对当前定义和调用点；注释解释跨层职责
zr_vm_library/src/zr_vm_library/native_binding/native_binding_dispatch.c	ZrLib_CallContext_WriteBackArgument	function	zr_vm_lib_ffi/src/zr_vm_lib_ffi/ffi_runtime/ffi_runtime_invoke.c:502	FFI ref/out 回写优先遵守属性引用语义，其他参数同步到原调用栈槽。	index 必须指向允许回写的参数；写入失败或 VM 异常须由调用方按状态检查	zr_vm_library/src/zr_vm_library/native_binding/native_binding_dispatch.c:746;zr_vm_lib_ffi/src/zr_vm_lib_ffi/ffi_runtime/ffi_runtime_invoke.c:502	commented	已核对当前定义和调用点；注释解释跨层职责
zr_vm_library/src/zr_vm_library/native_binding/native_binding_dispatch.c	ZrLib_CallContext_InlineArgumentSpan	function	ZrLib_CallContext_InlineArgumentView;tests/core/test_object_call_known_native_fast_path.c:143;tests/core/test_object_call_known_native_fast_path.c:6054;tests/core/test_object_call_known_native_fast_path.c:6064	借用当前调用帧内的 inline struct 字节区；地址只在帧和当前栈布局有效。	index 必须是 inline struct 参数；返回帧借用字节区，栈移动或调用结束后失效	zr_vm_library/src/zr_vm_library/native_binding/native_binding_dispatch.c:792;zr_vm_library/src/zr_vm_library/native_binding/native_binding_argument_view.c:30;tests/core/test_object_call_known_native_fast_path.c:143	commented	已核对当前定义和调用点；注释解释跨层职责
zr_vm_library/src/zr_vm_library/native_binding/native_binding_dispatch.c	ZrLib_CallContext_OwnerPrototype	function	zr_vm_lib_container/src/zr_vm_lib_container/module.c:703;zr_vm_lib_task/src/zr_vm_lib_task/runtime/runtime.c:552	返回注册该原生成员的声明原型，供描述符驱动的构造/反射回调使用。	context 须来自已解析成员绑定；返回声明原型借用，GC/描述符卸载后不可缓存	zr_vm_library/src/zr_vm_library/native_binding/native_binding_dispatch.c:836	commented	已核对当前定义和调用点；注释解释跨层职责
zr_vm_library/src/zr_vm_library/native_binding/native_binding_dispatch.c	ZrLib_CallContext_GetConstructTargetPrototype	function	zr_vm_lib_container/src/zr_vm_lib_container/module.c:715;zr_vm_lib_task/src/zr_vm_lib_task/runtime/runtime.c:557	构造回调拿到实际目标原型，保留派生类型的实例身份。	context 须处于构造回调；返回实际目标原型借用，不得作为独立所有权指针长期保存	zr_vm_library/src/zr_vm_library/native_binding/native_binding_dispatch.c:841	commented	已核对当前定义和调用点；注释解释跨层职责
zr_vm_library/src/zr_vm_library/native_binding/native_binding_dispatch.c	ZrLib_CallContext_CheckArity	function	zr_vm_library/src/zr_vm_library/native_binding/native_binding_dispatch.c:40;zr_vm_library/src/zr_vm_library/native_binding/native_binding_dispatch.c:46;zr_vm_library/src/zr_vm_library/native_binding/native_binding_dispatch.c:52	描述符和回调共用同一参数计数约定；上界 UINT16_MAX 表示不设上限。	context 须为当前调用；max=UINT16_MAX 表示无上界，失败由 VM 异常状态承载	zr_vm_library/src/zr_vm_library/native_binding/native_binding_dispatch.c:846;zr_vm_library/src/zr_vm_library/native_binding/native_binding_dispatch.c:40;zr_vm_library/src/zr_vm_library/native_binding/native_binding_dispatch.c:46	commented	已核对当前定义和调用点；注释解释跨层职责
zr_vm_library/src/zr_vm_library/native_binding/native_binding_dispatch.c	ZrLib_CallContext_RaiseTypeError	function	zr_vm_library/src/zr_vm_library/native_binding/native_binding_dispatch.c:1147;zr_vm_library/src/zr_vm_library/native_binding/native_binding_dispatch.c:1182;zr_vm_library/src/zr_vm_library/native_binding/native_binding_dispatch.c:1194	原生回调统一通过 VM 异常入口上报类型不匹配，要求 context->state 有效。	context/state 须有效；此入口设置 VM 异常，调用方应停止正常结果路径	zr_vm_library/src/zr_vm_library/native_binding/native_binding_dispatch.c:862;zr_vm_library/src/zr_vm_library/native_binding/native_binding_dispatch.c:1147;zr_vm_library/src/zr_vm_library/native_binding/native_binding_dispatch.c:1182	commented	已核对当前定义和调用点；注释解释跨层职责
zr_vm_library/src/zr_vm_library/native_binding/native_binding_dispatch.c	ZrLib_CallContext_RaiseArityError	function	zr_vm_library/src/zr_vm_library/native_binding/native_binding_dispatch.c:855;zr_vm_library/src/zr_vm_library/native_binding/native_binding_dispatch.c:1118;zr_vm_library/src/zr_vm_library/native_binding/native_binding_dispatch.c:1155	参数范围错误携带描述符调用名，避免各模块重复拼接错误上下文。	context/state 须有效；错误消息借描述符名称，不能在描述符卸载后调用	zr_vm_library/src/zr_vm_library/native_binding/native_binding_dispatch.c:877;zr_vm_library/src/zr_vm_library/native_binding/native_binding_dispatch.c:855;zr_vm_library/src/zr_vm_library/native_binding/native_binding_dispatch.c:1118	commented	已核对当前定义和调用点；注释解释跨层职责
zr_vm_library/src/zr_vm_library/native_binding/native_binding_dispatch.c	ZrLib_TempValueRoot_Begin	function	zr_vm_library/src/zr_vm_library/native_binding/native_binding_dispatch.c:986;zr_vm_lib_ffi/src/zr_vm_lib_ffi/ffi_runtime/ffi_runtime_callback.c:449;zr_vm_lib_ffi/src/zr_vm_lib_ffi/ffi_runtime/ffi_runtime_support.c:354	为 native helper 暂存跨分配使用的 VM 值；成功后必须成对 End。	root/state 须有效；仅 Begin 成功才有活动根，之后必须 End	zr_vm_library/src/zr_vm_library/native_binding/native_binding_dispatch.c:904;zr_vm_library/src/zr_vm_library/native_binding/native_binding_dispatch.c:986;zr_vm_lib_ffi/src/zr_vm_lib_ffi/ffi_runtime/ffi_runtime_callback.c:449	commented	已核对当前定义和调用点；注释解释跨层职责
zr_vm_library/src/zr_vm_library/native_binding/native_binding_dispatch.c	ZrLib_CallContext_BeginTempValueRoot	function	zr_vm_library/src/zr_vm_library/builtin_module.c:137;zr_vm_lib_ffi/src/zr_vm_lib_ffi/runtime.c:731;zr_vm_lib_ffi/src/zr_vm_lib_ffi/runtime.c:879	从回调上下文建立临时 GC 根，继承正在执行的 state 与调用帧。	context 须绑定正在执行的 state；返回成功时须 End，不能跨本次 native 调用存活	zr_vm_library/src/zr_vm_library/native_binding/native_binding_dispatch.c:980;zr_vm_library/src/zr_vm_library/builtin_module.c:137;zr_vm_lib_ffi/src/zr_vm_lib_ffi/runtime.c:731	commented	已核对当前定义和调用点；注释解释跨层职责
zr_vm_library/src/zr_vm_library/native_binding/native_binding_dispatch.c	ZrLib_TempValueRoot_Value	function	tests/module/test_module_system.c:297;tests/container/test_temp_value_root.c:85	取得可写根值槽；每次访问重新解析，不能跨扩栈缓存返回指针。	root 必须活动；返回槽地址不可跨扩栈或 End 保存	zr_vm_library/src/zr_vm_library/native_binding/native_binding_dispatch.c:990;tests/module/test_module_system.c:297;tests/container/test_temp_value_root.c:85	commented	已核对当前定义和调用点；注释解释跨层职责
zr_vm_library/src/zr_vm_library/native_binding/native_binding_dispatch.c	ZrLib_TempValueRoot_SetValue	function	tests/container/test_container_runtime.c:111;tests/container/test_temp_value_root.c:47	无所有权值保持对象身份；带所有权值走栈赋值语义以维护引用计数。	root 必须活动；输入值仍须有效；赋值可能改变所有权引用，End 负责释放根槽	zr_vm_library/src/zr_vm_library/native_binding/native_binding_dispatch.c:995;tests/container/test_container_runtime.c:111;tests/container/test_temp_value_root.c:47	commented	已核对当前定义和调用点；注释解释跨层职责
zr_vm_library/src/zr_vm_library/native_binding/native_binding_dispatch.c	ZrLib_TempValueRoot_SetObject	function	zr_vm_library/src/zr_vm_library/builtin_module.c:141;zr_vm_lib_ffi/src/zr_vm_lib_ffi/runtime.c:739;zr_vm_lib_ffi/src/zr_vm_lib_ffi/runtime.c:888	将新建对象直接放入活动根，供后续可能触发 GC 的构造过程使用。	root 必须活动；对象在写入根前须有效，成功后由根覆盖后续分配窗口	zr_vm_library/src/zr_vm_library/native_binding/native_binding_dispatch.c:1031;zr_vm_library/src/zr_vm_library/builtin_module.c:142;zr_vm_lib_ffi/src/zr_vm_lib_ffi/runtime.c:739	commented	已核对当前定义和调用点；注释解释跨层职责
zr_vm_library/src/zr_vm_library/native_binding/native_binding_dispatch.c	ZrLib_TempValueRoot_SetNull	function	无仓内直接调用；仅公开初始化 helper	提前解除根槽的对象引用，End 之前也可让其参与回收。	root 必须活动；只清空根槽，不结束根；后续仍须 End	zr_vm_library/src/zr_vm_library/native_binding/native_binding_dispatch.c:1050	commented	已核对当前定义和调用点；注释解释跨层职责
zr_vm_library/src/zr_vm_library/native_binding/native_binding_dispatch.c	ZrLib_TempValueRoot_End	function	zr_vm_library/src/zr_vm_library/builtin_module.c:142;zr_vm_library/src/zr_vm_library/builtin_module.c:150;zr_vm_lib_ffi/src/zr_vm_lib_ffi/runtime.c:736	恢复进入时的栈与调用信息；Begin 成功后即使回调失败也需执行。	仅对成功 Begin 的根调用一次；调用后所有 Value 指针失效	zr_vm_library/src/zr_vm_library/native_binding/native_binding_dispatch.c:1058;zr_vm_library/src/zr_vm_library/builtin_module.c:142;zr_vm_library/src/zr_vm_library/builtin_module.c:150	commented	已核对当前定义和调用点；注释解释跨层职责
zr_vm_library/src/zr_vm_library/native_binding/native_binding_dispatch.c	ZrLib_CallContext_ReadInt	function	zr_vm_lib_ffi/src/zr_vm_lib_ffi/runtime.c:599;zr_vm_lib_ffi/src/zr_vm_lib_ffi/ffi_runtime/ffi_runtime_pointer_view.c:123;zr_vm_library/src/zr_vm_library/task_runtime.c:1042	原生模块复用此入口读取整数类参数；目前也接受浮点并执行窄化。	context/index 属于当前参数；非数值报类型错误；浮点转整数可能窄化	zr_vm_library/src/zr_vm_library/native_binding/native_binding_dispatch.c:1115;zr_vm_lib_ffi/src/zr_vm_lib_ffi/runtime.c:599;zr_vm_lib_ffi/src/zr_vm_lib_ffi/ffi_runtime/ffi_runtime_pointer_view.c:123	commented	已核对当前定义和调用点；注释解释跨层职责
zr_vm_library/src/zr_vm_library/native_binding/native_binding_dispatch.c	ZrLib_CallContext_ReadFloat	function	zr_vm_lib_math/src/zr_vm_lib_math/complex/complex.c:11;zr_vm_lib_math/src/zr_vm_lib_math/vector/vector4.c:11	将 VM 数值扩展为回调需要的 double；大整数调用方须自行考虑精度。	context/index 属于当前参数；大整数转 double 可能丢精度	zr_vm_library/src/zr_vm_library/native_binding/native_binding_dispatch.c:1152	commented	已核对当前定义和调用点；注释解释跨层职责
zr_vm_library/src/zr_vm_library/native_binding/native_binding_dispatch.c	ZrLib_CallContext_ReadBool	function	zr_vm_lib_testing/src/zr_vm_lib_testing/runtime/assertions.c:393;zr_vm_lib_task/src/zr_vm_lib_task/runtime/runtime_wrappers.c:458	布尔读取保留严格类型约束，供原生描述符避免隐式真值转换。	context/index 属于当前参数；只接受 VM bool，不做一般真值转换	zr_vm_library/src/zr_vm_library/native_binding/native_binding_dispatch.c:1187	commented	已核对当前定义和调用点；注释解释跨层职责
zr_vm_library/src/zr_vm_library/native_binding/native_binding_dispatch.c	ZrLib_CallContext_ReadString	function	zr_vm_lib_ffi/src/zr_vm_lib_ffi/runtime.c:28;zr_vm_lib_ffi/src/zr_vm_lib_ffi/runtime.c:135;zr_vm_lib_ffi/src/zr_vm_lib_ffi/runtime.c:363	返回当前调用期有效的 VM 字符串对象，回调不可在无根条件下跨 GC 保存。	context/index 属于当前参数；返回字符串对象借用，跨 GC 须另建根或 pin	zr_vm_library/src/zr_vm_library/native_binding/native_binding_dispatch.c:1204;zr_vm_lib_ffi/src/zr_vm_lib_ffi/runtime.c:28;zr_vm_lib_ffi/src/zr_vm_lib_ffi/runtime.c:135	commented	已核对当前定义和调用点；注释解释跨层职责
zr_vm_library/src/zr_vm_library/native_binding/native_binding_dispatch.c	ZrLib_CallContext_ReadObject	function	zr_vm_library/src/zr_vm_library/task_runtime.c:1020;zr_vm_lib_ffi/src/zr_vm_lib_ffi/runtime.c:185;zr_vm_lib_ffi/src/zr_vm_lib_ffi/runtime.c:364	对象读取同时容纳数组值，供共用对象存储接口的原生模块使用。	context/index 属于当前参数；返回对象借用，数组也可接受；跨 GC 须保活	zr_vm_library/src/zr_vm_library/native_binding/native_binding_dispatch.c:1221;zr_vm_library/src/zr_vm_library/task_runtime.c:1020;zr_vm_lib_ffi/src/zr_vm_lib_ffi/runtime.c:185	commented	已核对当前定义和调用点；注释解释跨层职责
zr_vm_library/src/zr_vm_library/native_binding/native_binding_dispatch.c	ZrLib_CallContext_ReadArray	function	zr_vm_lib_ffi/src/zr_vm_lib_ffi/runtime.c:764;zr_vm_lib_ffi/src/zr_vm_lib_ffi/runtime.c:852	仅接受数组值，避免调用方把普通对象误当连续下标容器。	context/index 属于当前参数；仅 array 类型可返回，结果借用到当前调用结束	zr_vm_library/src/zr_vm_library/native_binding/native_binding_dispatch.c:1238;zr_vm_lib_ffi/src/zr_vm_lib_ffi/runtime.c:764;zr_vm_lib_ffi/src/zr_vm_lib_ffi/runtime.c:852	commented	已核对当前定义和调用点；注释解释跨层职责
zr_vm_library/src/zr_vm_library/native_binding/native_binding_dispatch.c	ZrLib_CallContext_ReadFunction	function	zr_vm_library/src/zr_vm_library/task_runtime.c:985;zr_vm_lib_ffi/src/zr_vm_lib_ffi/runtime.c:186	FFI 回调接口允许 VM 可调用值及原生函数指针，返回视图只在调用期有效。	context/index 属于当前参数；返回 callable 视图，指针与闭包寿命受当前 VM 值约束	zr_vm_library/src/zr_vm_library/native_binding/native_binding_dispatch.c:1255;zr_vm_library/src/zr_vm_library/task_runtime.c:985;zr_vm_lib_ffi/src/zr_vm_lib_ffi/runtime.c:186	commented	已核对当前定义和调用点；注释解释跨层职责
zr_vm_library/src/zr_vm_library/native_binding/native_binding_dispatch.c	ZrLib_Value_SetNull	function	zr_vm_library/src/zr_vm_library/builtin_module.c:117;zr_vm_library/src/zr_vm_library/builtin_module.c:127;zr_vm_library/src/zr_vm_library/task_runtime.c:89	原生回调构造返回值前的通用空值初始化入口。	value 可空则无操作；仅置 null 值，不涉及 state、对象借用或 GC pin	zr_vm_library/src/zr_vm_library/native_binding/native_binding_dispatch.c:1274;zr_vm_library/src/zr_vm_library/builtin_module.c:117;zr_vm_library/src/zr_vm_library/builtin_module.c:127	commented	已核对当前定义和调用点；注释解释跨层职责
zr_vm_library/src/zr_vm_library/native_binding/native_binding_dispatch.c	ZrLib_Value_SetBool	function	zr_vm_library/src/zr_vm_library/builtin_module.c:200;zr_vm_library/src/zr_vm_library/task_runtime.c:96;zr_vm_library/src/zr_vm_library/task_runtime.c:1009	把 C 布尔结果封装为 VM 标量，不产生额外 GC 所有权。	value 可空则无操作；state 当前未使用；仅写 bool 标量，不新增 GC 所有权	zr_vm_library/src/zr_vm_library/native_binding/native_binding_dispatch.c:1281;zr_vm_library/src/zr_vm_library/builtin_module.c:200;zr_vm_library/src/zr_vm_library/task_runtime.c:96	commented	已核对当前定义和调用点；注释解释跨层职责
zr_vm_library/src/zr_vm_library/native_binding/native_binding_dispatch.c	ZrLib_Value_SetInt	function	zr_vm_library/src/zr_vm_library/builtin_module.c:216;zr_vm_library/src/zr_vm_library/builtin_module.c:221;zr_vm_library/src/zr_vm_library/builtin_module.c:230	将原生模块整数结果交给 VM 值初始化规则。	value 可空则无操作；调用 core 整数初始化并传入 state；不持有外部对象	zr_vm_library/src/zr_vm_library/native_binding/native_binding_dispatch.c:1289;zr_vm_library/src/zr_vm_library/builtin_module.c:216;zr_vm_library/src/zr_vm_library/builtin_module.c:221	commented	已核对当前定义和调用点；注释解释跨层职责
zr_vm_library/src/zr_vm_library/native_binding/native_binding_dispatch.c	ZrLib_Value_SetFloat	function	zr_vm_library/src/zr_vm_library/native_binding/native_binding_metadata.c:122;zr_vm_library/src/zr_vm_library/native_binding/native_binding_metadata.c:1049;zr_vm_library/src/zr_vm_library/native_binding/native_binding_metadata.c:1500	将原生浮点结果交给 VM 值初始化规则。	value 可空则无操作；调用 core 浮点初始化并传入 state；不持有外部对象	zr_vm_library/src/zr_vm_library/native_binding/native_binding_dispatch.c:1296;zr_vm_library/src/zr_vm_library/native_binding/native_binding_metadata.c:122;zr_vm_library/src/zr_vm_library/native_binding/native_binding_metadata.c:1049	commented	已核对当前定义和调用点；注释解释跨层职责
zr_vm_library/src/zr_vm_library/native_binding/native_binding_dispatch.c	ZrLib_Value_SetString	function	zr_vm_library/src/zr_vm_library/builtin_module.c:165;zr_vm_library/src/zr_vm_library/builtin_module.c:178;zr_vm_library/src/zr_vm_library/task_runtime.c:187	为回调结果创建受 VM 管理的字符串；分配可能触发 GC。	state/value 须有效；stringValue 可空时视为空串；创建失败为 void 早退，调用方须检查结果状态	zr_vm_library/src/zr_vm_library/native_binding/native_binding_dispatch.c:1303;zr_vm_library/src/zr_vm_library/builtin_module.c:165;zr_vm_library/src/zr_vm_library/builtin_module.c:178	commented	已核对当前定义和调用点；注释解释跨层职责
zr_vm_library/src/zr_vm_library/native_binding/native_binding_dispatch.c	ZrLib_Value_SetStringObject	function	zr_vm_library/src/zr_vm_library/builtin_module.c:173;zr_vm_library/src/zr_vm_library/native_binding/native_binding_dispatch.c:1307	将已有 VM 字符串交给结果槽；调用方须保证对象在此处仍有效。	state/value/stringObject 须有效；不会为裸字符串对象补根，调用前须确保仍可达	zr_vm_library/src/zr_vm_library/native_binding/native_binding_dispatch.c:1311;zr_vm_library/src/zr_vm_library/builtin_module.c:173;zr_vm_library/src/zr_vm_library/native_binding/native_binding_dispatch.c:1307	commented	已核对当前定义和调用点；注释解释跨层职责
zr_vm_library/src/zr_vm_library/native_binding/native_binding_dispatch.c	ZrLib_Value_SetObject	function	zr_vm_library/src/zr_vm_library/builtin_module.c:124;zr_vm_library/src/zr_vm_library/builtin_module.c:149;zr_vm_library/src/zr_vm_library/task_runtime.c:69	为新建对象/数组赋予 VM 值类型，后续由调用栈或临时根负责可达性。	state/value/object 须有效；type 应与对象实际种类一致；对象须由栈或临时根保活	zr_vm_library/src/zr_vm_library/native_binding/native_binding_dispatch.c:1320;zr_vm_library/src/zr_vm_library/builtin_module.c:124;zr_vm_library/src/zr_vm_library/builtin_module.c:149	commented	已核对当前定义和调用点；注释解释跨层职责
zr_vm_library/src/zr_vm_library/native_binding/native_binding_dispatch.c	ZrLib_Value_SetNativePointer	function	zr_vm_lib_ffi/src/zr_vm_lib_ffi/ffi_runtime/ffi_runtime_support.c:291	封装外部地址；本接口本身不管理地址指向内存的生命周期。	state/value 须有效；pointerValue 是外部裸地址，本函数不分配、不复制或释放指向内存	zr_vm_library/src/zr_vm_library/native_binding/native_binding_dispatch.c:1329;zr_vm_lib_ffi/src/zr_vm_lib_ffi/ffi_runtime/ffi_runtime_support.c:291	commented	已核对当前定义和调用点；注释解释跨层职责
zr_vm_library/src/zr_vm_library/native_binding/native_binding_dispatch.c	native_binding_value_type_for_object	function	zr_vm_library/src/zr_vm_library/native_binding/native_binding_dispatch.c:1514	数组与普通对象共享底层对象指针，固定 GC 根时保留其值标签。	object 可空则视为普通 object；仅检查 internalType，不依赖 state 或描述符	zr_vm_library/src/zr_vm_library/native_binding/native_binding_dispatch.c:1337;zr_vm_library/src/zr_vm_library/native_binding/native_binding_dispatch.c:1514	commented	已核对当前定义和调用点；注释解释跨层职责
zr_vm_library/src/zr_vm_library/native_binding/native_binding_dispatch.c	ZrLib_Object_New	function	zr_vm_library/src/zr_vm_library/task_runtime.c:298;zr_vm_library/src/zr_vm_library/task_runtime.c:325;zr_vm_library/src/zr_vm_library/native_binding/native_binding_metadata.c:261	原生模块创建普通 VM 对象；返回裸指针后须在后续分配前建立根。	state 须可分配；返回裸 VM 对象，后续分配前由调用方建立根	zr_vm_library/src/zr_vm_library/native_binding/native_binding_dispatch.c:1343;zr_vm_library/src/zr_vm_library/task_runtime.c:298;zr_vm_library/src/zr_vm_library/task_runtime.c:325	commented	已核对当前定义和调用点；注释解释跨层职责
zr_vm_library/src/zr_vm_library/native_binding/native_binding_dispatch.c	ZrLib_Array_New	function	zr_vm_library/src/zr_vm_library/task_runtime.c:352;zr_vm_library/src/zr_vm_library/task_runtime.c:388;zr_vm_library/src/zr_vm_library/task_runtime.c:410	创建使用 VM 数组内部类型的对象，供 FFI 和反射回调组装结果。	state 须可分配；返回 VM 数组对象，跨分配或 GC 前须放入根	zr_vm_library/src/zr_vm_library/native_binding/native_binding_dispatch.c:1356;zr_vm_library/src/zr_vm_library/task_runtime.c:352;zr_vm_library/src/zr_vm_library/task_runtime.c:388	commented	已核对当前定义和调用点；注释解释跨层职责
zr_vm_library/src/zr_vm_library/native_binding/native_binding_dispatch.c	ZrLib_Object_SetFieldCString	function	zr_vm_lib_ffi/src/zr_vm_lib_ffi/ffi_runtime/ffi_runtime_support.c:365;zr_vm_library/src/zr_vm_library/builtin_module.c:148;zr_vm_library/src/zr_vm_library/task_runtime.c:83	用临时字符串键设置对象字段；内部临时固定键、值和宿主对象。	state/object/key 须有效；内部 pin 对象和值，字段写入失败可能静默返回，调用方无法从 void 签名判别	zr_vm_library/src/zr_vm_library/native_binding/native_binding_dispatch.c:1369;zr_vm_lib_ffi/src/zr_vm_lib_ffi/ffi_runtime/ffi_runtime_support.c:365;zr_vm_library/src/zr_vm_library/builtin_module.c:148	commented	已核对当前定义和调用点；注释解释跨层职责
zr_vm_library/src/zr_vm_library/native_binding/native_binding_dispatch.c	ZrLib_Object_GetFieldCString	function	zr_vm_library/src/zr_vm_library/builtin_module.c:54;zr_vm_library/src/zr_vm_library/task_runtime.c:112;zr_vm_lib_ffi/src/zr_vm_lib_ffi/ffi_runtime/ffi_runtime_support.c:162	借用对象字段值；返回后目标对象必须仍有根，调用方不可跨修改长期保存指针。	state/object/key 须有效；返回字段借用值，后续对象修改或 GC 后须重取	zr_vm_library/src/zr_vm_library/native_binding/native_binding_dispatch.c:1416;zr_vm_library/src/zr_vm_library/builtin_module.c:54;zr_vm_library/src/zr_vm_library/task_runtime.c:112	commented	已核对当前定义和调用点；注释解释跨层职责
zr_vm_library/src/zr_vm_library/native_binding/native_binding_dispatch.c	native_binding_array_try_push_dense_pair_pool_pinned	function	zr_vm_library/src/zr_vm_library/native_binding/native_binding_dispatch.c:1523	数组为顺序整数键时直接使用预留 pair pool，避免通常的通用哈希写入开销。	数组和值须在本轮 pin 范围内；仅顺序 dense pair pool 满足准入时直写	zr_vm_library/src/zr_vm_library/native_binding/native_binding_dispatch.c:1454;zr_vm_library/src/zr_vm_library/native_binding/native_binding_dispatch.c:1523	commented	已核对当前定义和调用点；注释解释跨层职责
zr_vm_library/src/zr_vm_library/native_binding/native_binding_dispatch.c	ZrLib_Array_PushValue	function	zr_vm_library/src/zr_vm_library/task_runtime.c:618;zr_vm_library/src/zr_vm_library/task_runtime.c:707;zr_vm_library/src/zr_vm_library/task_runtime.c:906	组装返回数组时固定容器和值；快路不适用则回落到 VM 对象写入语义。	state/array/value 须有效；返回 false 表示未能追加，调用方不得默认为写入成功	zr_vm_library/src/zr_vm_library/native_binding/native_binding_dispatch.c:1503;zr_vm_library/src/zr_vm_library/task_runtime.c:618;zr_vm_library/src/zr_vm_library/task_runtime.c:707	commented	已核对当前定义和调用点；注释解释跨层职责
zr_vm_library/src/zr_vm_library/native_binding/native_binding_dispatch.c	ZrLib_Array_Length	function	zr_vm_library/src/zr_vm_library/native_binding/native_binding_dispatch.c:1526;zr_vm_lib_ffi/src/zr_vm_lib_ffi/ffi_runtime/ffi_runtime_support.c:265	与 VM 超级数组的当前存储模式共享长度定义。	array 须是有效 VM 数组；结果只是当前长度，后续追加可改变	zr_vm_library/src/zr_vm_library/native_binding/native_binding_dispatch.c:1537;zr_vm_library/src/zr_vm_library/native_binding/native_binding_dispatch.c:1526;zr_vm_lib_ffi/src/zr_vm_lib_ffi/ffi_runtime/ffi_runtime_support.c:265	commented	已核对当前定义和调用点；注释解释跨层职责
zr_vm_library/src/zr_vm_library/native_binding/native_binding_dispatch.c	ZrLib_Array_Get	function	zr_vm_library/src/zr_vm_library/task_runtime.c:595;zr_vm_lib_ffi/src/zr_vm_lib_ffi/ffi_runtime/ffi_runtime_support.c:260	借用数组元素值；后续修改数组或 GC 前由调用方负责可达性。	array/index 须有效且在范围内；返回值视图借用，数组更新后须重取	zr_vm_library/src/zr_vm_library/native_binding/native_binding_dispatch.c:1542;zr_vm_library/src/zr_vm_library/task_runtime.c:595;zr_vm_lib_ffi/src/zr_vm_lib_ffi/ffi_runtime/ffi_runtime_support.c:260	commented	已核对当前定义和调用点；注释解释跨层职责
zr_vm_library/src/zr_vm_library/native_binding/native_binding_dispatch.c	native_binding_extract_open_generic_base_name	function	zr_vm_library/src/zr_vm_library/native_binding/native_binding_dispatch.c:1659	类型查询先尝试完整名，再允许开放泛型落回全局基类原型。	仅解析输入类型名字符串的开放泛型基名；不访问 state、注册描述符或调用帧	zr_vm_library/src/zr_vm_library/native_binding/native_binding_dispatch.c:1552;zr_vm_library/src/zr_vm_library/native_binding/native_binding_dispatch.c:1659	commented	已核对当前定义和调用点；注释解释跨层职责
zr_vm_library/src/zr_vm_library/native_binding/native_binding_dispatch.c	native_binding_value_as_object_prototype	function	zr_vm_library/src/zr_vm_library/native_binding/native_binding_dispatch.c:1629;zr_vm_library/src/zr_vm_library/native_binding/native_binding_dispatch.c:1657;zr_vm_library/src/zr_vm_library/native_binding/native_binding_dispatch.c:1667	模块导出与全局作用域使用相同的对象值表示，集中验证原型对象。	输入须为对象型 VM 值；结果原型借用，相关 VM 对象须保持可达	zr_vm_library/src/zr_vm_library/native_binding/native_binding_dispatch.c:1568;zr_vm_library/src/zr_vm_library/native_binding/native_binding_dispatch.c:1629;zr_vm_library/src/zr_vm_library/native_binding/native_binding_dispatch.c:1657	commented	已核对当前定义和调用点；注释解释跨层职责
zr_vm_library/src/zr_vm_library/native_binding/native_binding_dispatch.c	native_binding_find_qualified_module_export_prototype	function	zr_vm_library/src/zr_vm_library/native_binding/native_binding_dispatch.c:1644	以模块限定名解析类型时可按需导入提供模块，再检查其公开导出。	state 和模块限定名须有效；按需导入可分配/执行模块，返回原型须由 VM 保活	zr_vm_library/src/zr_vm_library/native_binding/native_binding_dispatch.c:1584;zr_vm_library/src/zr_vm_library/native_binding/native_binding_dispatch.c:1644	commented	已核对当前定义和调用点；注释解释跨层职责
zr_vm_library/src/zr_vm_library/native_binding/native_binding_dispatch.c	ZrLib_Type_FindPrototype	function	zr_vm_library/src/zr_vm_library/builtin_module.c:131;zr_vm_library/src/zr_vm_library/native_binding/native_binding_dispatch.c:1675;zr_vm_library/src/zr_vm_library/native_binding/native_binding_metadata.c:1895	原生模块按名称找类型：优先模块限定导出，其次全局原型与开放泛型基类。	state/typeName 须有效；未找到返回 NULL；导入和原型查找期间可能分配	zr_vm_library/src/zr_vm_library/native_binding/native_binding_dispatch.c:1633;zr_vm_library/src/zr_vm_library/builtin_module.c:132;zr_vm_library/src/zr_vm_library/native_binding/native_binding_dispatch.c:1675	commented	已核对当前定义和调用点；注释解释跨层职责
zr_vm_library/src/zr_vm_library/native_binding/native_binding_dispatch.c	ZrLib_Type_NewInstance	function	zr_vm_library/src/zr_vm_library/task_runtime.c:296;zr_vm_library/src/zr_vm_library/task_runtime.c:323;zr_vm_lib_ffi/src/zr_vm_lib_ffi/ffi_runtime/ffi_runtime_callback.c:452	按名称构造声明类型的实例；原型解析失败时由底层构造器返回空。	state/typeName 须有效；原型解析失败返回 NULL；实例是 VM 对象须在后续分配前保活	zr_vm_library/src/zr_vm_library/native_binding/native_binding_dispatch.c:1674;zr_vm_library/src/zr_vm_library/task_runtime.c:296;zr_vm_library/src/zr_vm_library/task_runtime.c:323	commented	已核对当前定义和调用点；注释解释跨层职责
zr_vm_library/src/zr_vm_library/native_binding/native_binding_dispatch.c	ZrLib_Type_NewInstanceWithPrototype	function	zr_vm_library/src/zr_vm_library/builtin_module.c:136;zr_vm_library/src/zr_vm_library/task_runtime.c:295;zr_vm_library/src/zr_vm_library/task_runtime.c:322	已有目标原型的回调绕过名称查询，以保留继承链上的实际构造目标。	state/prototype 须有效；返回实例借用 VM 对象，调用方须在后续分配前建立根	zr_vm_library/src/zr_vm_library/native_binding/native_binding_dispatch.c:1679;zr_vm_library/src/zr_vm_library/builtin_module.c:137;zr_vm_library/src/zr_vm_library/task_runtime.c:295	commented	已核对当前定义和调用点；注释解释跨层职责
zr_vm_library/src/zr_vm_library/native_binding/native_binding_dispatch.c	ZrLib_Module_GetLoaded	function	zr_vm_library/src/zr_vm_library/task_runtime.c:223;zr_vm_library/src/zr_vm_library/native_binding/native_binding_dispatch.c:1620;zr_vm_library/src/zr_vm_library/native_binding/native_binding_dispatch.c:1707	只查询 VM 模块缓存，不触发插件加载或模块执行。	state/moduleName 须有效；只查已加载表，未找到返回 NULL，不触发导入	zr_vm_library/src/zr_vm_library/native_binding/native_binding_dispatch.c:1684;zr_vm_library/src/zr_vm_library/task_runtime.c:223;zr_vm_library/src/zr_vm_library/native_binding/native_binding_dispatch.c:1620	commented	已核对当前定义和调用点；注释解释跨层职责
zr_vm_library/src/zr_vm_library/native_binding/native_binding_dispatch.c	ZrLib_Module_GetExport	function	zr_vm_library/src/zr_vm_library/native_binding/native_binding_dispatch.c:1628;zr_vm_library/src/zr_vm_library/native_binding/native_binding_dispatch.c:1965	模块导出解析可按需触发原生模块导入；结果借用自模块对象。	state/module/exportName 须有效；返回导出值借用，模块改变或 GC 后不可长期持指针	zr_vm_library/src/zr_vm_library/native_binding/native_binding_dispatch.c:1697;zr_vm_library/src/zr_vm_library/native_binding/native_binding_dispatch.c:1628;zr_vm_library/src/zr_vm_library/native_binding/native_binding_dispatch.c:1965	commented	已核对当前定义和调用点；注释解释跨层职责
zr_vm_library/src/zr_vm_library/native_binding/native_binding_dispatch.c	ZrLibPanicRecoverContext	type	ZrLib_CallValue;native_binding_call_panic_handler	按线程链保存宿主调用前的 panic handler、state 和调用结果，供同步 VM 回调恢复	上下文指针只在当前线程和 CallValue 活动期有效，嵌套调用须恢复前一节点	zr_vm_library/src/zr_vm_library/native_binding/native_binding_dispatch.c:1724	commented	已核对当前定义和调用点；注释解释跨层职责
zr_vm_library/src/zr_vm_library/native_binding/native_binding_dispatch.c	g_zr_lib_panic_recover_context	state	native_binding_call_panic_handler;ZrLib_CallModuleExport	同线程嵌套宿主调用的 panic 恢复链。	同线程嵌套调用按栈式恢复	zr_vm_library/src/zr_vm_library/native_binding/native_binding_dispatch.c:1734	commented	已核对当前定义和调用点；注释解释跨层职责
zr_vm_library/src/zr_vm_library/native_binding/native_binding_dispatch.c	native_binding_call_normalize_failure	function	zr_vm_library/src/zr_vm_library/native_binding/native_binding_dispatch.c:1998	宿主 API 将无异常的失败转换成规范化 VM 错误，避免只返回 false 丢失诊断。	state/调用结果须与当前同步调用对应；失败归一化可能设置异常，不能继续消费正常结果	zr_vm_library/src/zr_vm_library/native_binding/native_binding_dispatch.c:1737;zr_vm_library/src/zr_vm_library/native_binding/native_binding_dispatch.c:1998	commented	已核对当前定义和调用点；注释解释跨层职责
zr_vm_library/src/zr_vm_library/native_binding/native_binding_dispatch.c	native_binding_call_panic_handler	function	ZrLib_CallModuleExport 经 panicHandlingFunction 间接调用	只截获属于当前 state 的未处理 panic；其他状态转交原宿主 handler。	仅处理当前线程恢复上下文匹配的 state；不匹配交回原 handler	zr_vm_library/src/zr_vm_library/native_binding/native_binding_dispatch.c:1760;zr_vm_library/src/zr_vm_library/native_binding/native_binding_dispatch.c:1980	commented	已核对当前定义和调用点；注释解释跨层职责
zr_vm_library/src/zr_vm_library/native_binding/native_binding_dispatch.c	ZrLib_CallValue	function	zr_vm_lib_ffi/src/zr_vm_lib_ffi/ffi_runtime/ffi_runtime_callback.c:437;zr_vm_library/src/zr_vm_library/task_runtime.c:427;zr_vm_library/src/zr_vm_library/native_binding/native_binding_dispatch.c:1984	从 C 回调同步调用任意 VM 可调用值；借用参数先搬入受 VM 扫描的 scratch 栈。	state/callable/参数数组须满足调用 ABI；借用 VM 值搬入 scratch 栈后，调用结束才可撤销恢复上下文	zr_vm_library/src/zr_vm_library/native_binding/native_binding_dispatch.c:1781;zr_vm_lib_ffi/src/zr_vm_lib_ffi/ffi_runtime/ffi_runtime_callback.c:437;zr_vm_library/src/zr_vm_library/task_runtime.c:427	commented	已核对当前定义和调用点；注释解释跨层职责
zr_vm_library/src/zr_vm_library/native_binding/native_binding_dispatch.c	ZrLib_CallModuleExport	function	tests/library/test_native_binding_direct_call.c:225;tests/module/test_module_system.c:2934;tests/testing/test_assertions.c:141;tests/system/test_system_assembly_module.c:239	宿主通过 panic 保护边界调用模块导出，使未处理 VM 异常转成失败状态	导出需是可调用值；panic longjmp 路径须核对 native GC 域和临时 pin 的资源清理	zr_vm_library/src/zr_vm_library/native_binding/native_binding_dispatch.c:1959;tests/library/test_native_binding_direct_call.c:225;tests/system/test_system_assembly_module.c:239	TODO	TODO: panic handler 用 longjmp 穿过可能仍活动的 native GC 域和临时 pin；需追踪错误跳转后的资源展开及覆盖该路径的测试
zr_vm_library/src/zr_vm_library/native_binding/native_binding_dispatch_cached.c	ZrCore_Stack_GetValue	macro	native_binding_cached_dispatch_finish_result;native_binding_prepare_cached_stack_root_dispatch	缓存 thunk 的栈槽读取走 NoProfile 热路径	仅绕过 helper profiling，栈槽读取语义不变	zr_vm_library/src/zr_vm_library/native_binding/native_binding_dispatch_cached.c:12	commented	宏展开范围及实际使用点已逐项核对
zr_vm_library/src/zr_vm_library/native_binding/native_binding_dispatch_cached.c	ZrCore_Value_Copy	macro	native_binding_cached_dispatch_finish_result	缓存 thunk 结果复制走 NoProfile 热路径	仅绕过 helper profiling，所有权复制语义不变	zr_vm_library/src/zr_vm_library/native_binding/native_binding_dispatch_cached.c:13	commented	宏展开范围及实际使用点已逐项核对
zr_vm_library/src/zr_vm_library/native_binding/native_binding_dispatch_cached.c	ZrCore_Value_ResetAsNull	macro	本翻译单元未检出展开使用	缓存 thunk 预留 NoProfile 值清空别名	当前未使用；不能据宏定义推断执行清空路径	zr_vm_library/src/zr_vm_library/native_binding/native_binding_dispatch_cached.c:14	commented	宏展开范围及实际使用点已逐项核对
zr_vm_library/src/zr_vm_library/native_binding/native_binding_dispatch_cached.c	native_binding_cached_dispatch_finish_result	function	zr_vm_library/src/zr_vm_library/native_binding/native_binding_dispatch_cached.c:119	缓存 thunk 仍以函数基址锚点提交结果，容许回调期间扩栈。	固定 thunk 的函数基址须在回调后重新解析；threadStatus 与 callback 结果共同决定成功	zr_vm_library/src/zr_vm_library/native_binding/native_binding_dispatch_cached.c:17;zr_vm_library/src/zr_vm_library/native_binding/native_binding_dispatch_cached.c:119	commented	已核对当前定义和调用点；注释解释跨层职责
zr_vm_library/src/zr_vm_library/native_binding/native_binding_dispatch_cached.c	native_binding_prepare_cached_stack_root_dispatch	function	zr_vm_library/src/zr_vm_library/native_binding/native_binding_dispatch_cached.c:101	固定参数 thunk 只处理闭包缓存与当前栈布局完全匹配的调用。	闭包缓存、参数数和当前 stackRoot 布局必须同时满足；不满足回退通用 dispatcher	zr_vm_library/src/zr_vm_library/native_binding/native_binding_dispatch_cached.c:39;zr_vm_library/src/zr_vm_library/native_binding/native_binding_dispatch_cached.c:101	commented	已核对当前定义和调用点；注释解释跨层职责
zr_vm_library/src/zr_vm_library/native_binding/native_binding_dispatch_cached.c	native_binding_dispatch_cached_stack_root_fixed_argument_count	function	zr_vm_library/src/zr_vm_library/native_binding/native_binding_dispatch_cached.c:125;zr_vm_library/src/zr_vm_library/native_binding/native_binding_dispatch_cached.c:130	缓存条件失效时退回总入口，以免旧元数据绕过参数或绑定检查。	只接受固定参数数量且有效缓存；失配回退通用分派，不使用过期描述符	zr_vm_library/src/zr_vm_library/native_binding/native_binding_dispatch_cached.c:92;zr_vm_library/src/zr_vm_library/native_binding/native_binding_dispatch_cached.c:125;zr_vm_library/src/zr_vm_library/native_binding/native_binding_dispatch_cached.c:130	commented	已核对当前定义和调用点；注释解释跨层职责
zr_vm_library/src/zr_vm_library/native_binding/native_binding_dispatch_cached.c	native_binding_dispatch_cached_stack_root_one_argument	function	native_binding_closure_dispatcher_for_cached_binding;tests/core/test_object_call_known_native_fast_path.c:484;tests/core/test_object_call_known_native_fast_path.c:934	单参数闭包的 VM nativeFunction 热入口。	仅固定一个业务参数的闭包可进入；缓存失效时使用通用入口	zr_vm_library/src/zr_vm_library/native_binding/native_binding_dispatch_cached.c:124;zr_vm_library/src/zr_vm_library/native_binding/native_binding_internal.h:275;tests/core/test_object_call_known_native_fast_path.c:934	commented	已核对当前定义和调用点；注释解释跨层职责
zr_vm_library/src/zr_vm_library/native_binding/native_binding_dispatch_cached.c	native_binding_dispatch_cached_stack_root_two_arguments	function	native_binding_closure_dispatcher_for_cached_binding;tests/core/test_object_call_known_native_fast_path.c:489;tests/core/test_object_call_known_native_fast_path.c:935	双参数闭包的 VM nativeFunction 热入口。	仅固定两个业务参数的闭包可进入；缓存失效时使用通用入口	zr_vm_library/src/zr_vm_library/native_binding/native_binding_dispatch_cached.c:129;zr_vm_library/src/zr_vm_library/native_binding/native_binding_internal.h:278;tests/core/test_object_call_known_native_fast_path.c:935	commented	已核对当前定义和调用点；注释解释跨层职责
zr_vm_library/src/zr_vm_library/native_binding/native_binding_dispatch_lanes.c	ZrCore_Stack_GetValue	macro	native_binding_dispatch_stack_root_callback_lane_with_flags;native_binding_dispatch_inline_pinned_lane_one_argument;native_binding_dispatch_inline_pinned_lane_two_arguments;native_binding_dispatch_inline_pinned_lane_generic	lane 参数槽读取走 NoProfile 热路径	仅绕过 helper profiling，栈槽视图仍受扩栈约束	zr_vm_library/src/zr_vm_library/native_binding/native_binding_dispatch_lanes.c:15	commented	宏展开范围及实际使用点已逐项核对
zr_vm_library/src/zr_vm_library/native_binding/native_binding_dispatch_lanes.c	ZrCore_Value_Copy	macro	本翻译单元未检出展开使用	lane 文件预留 NoProfile 值复制别名	当前未使用；不能据宏定义推断 lane 执行复制	zr_vm_library/src/zr_vm_library/native_binding/native_binding_dispatch_lanes.c:16	commented	宏展开范围及实际使用点已逐项核对
zr_vm_library/src/zr_vm_library/native_binding/native_binding_dispatch_lanes.c	ZrCore_Value_ResetAsNull	macro	本翻译单元未检出展开使用	lane 文件预留 NoProfile 值清空别名	当前未使用；不能据宏定义推断 lane 执行复位	zr_vm_library/src/zr_vm_library/native_binding/native_binding_dispatch_lanes.c:17	commented	宏展开范围及实际使用点已逐项核对
zr_vm_library/src/zr_vm_library/native_binding/native_binding_dispatch_lanes.c	native_binding_prepare_stable_value	function	tests/core/test_object_call_known_native_fast_path.c:5746;tests/core/test_object_call_known_native_fast_path.c:5779	保留可调用的稳定副本入口供外部验证；分派文件中的同名调用由宏映射到 inline 版本。	prepare 成功取得的稳定副本须由 release 成对清理；原值仍由原调用栈持有	zr_vm_library/src/zr_vm_library/native_binding/native_binding_dispatch_lanes.c:20;zr_vm_library/src/zr_vm_library/native_binding/native_binding_dispatch_lanes.c:36;tests/core/test_object_call_known_native_fast_path.c:5746	commented	已核对当前定义和调用点；注释解释跨层职责
zr_vm_library/src/zr_vm_library/native_binding/native_binding_dispatch_lanes.c	native_binding_release_stable_value	function	tests/core/test_object_call_known_native_fast_path.c:5752;tests/core/test_object_call_known_native_fast_path.c:5784	与 prepare 成对，回调不得在释放后继续持有副本里的对象引用；当前分派路径调用 inline 版本。	只释放对应 prepare 生成的临时所有权；不得释放原 VM 参数	zr_vm_library/src/zr_vm_library/native_binding/native_binding_dispatch_lanes.c:27;zr_vm_library/src/zr_vm_library/native_binding/native_binding_dispatch_lanes.c:37;tests/core/test_object_call_known_native_fast_path.c:5752	commented	已核对当前定义和调用点；注释解释跨层职责
zr_vm_library/src/zr_vm_library/native_binding/native_binding_dispatch_lanes.c	native_binding_pin_value_object	macro	本翻译单元未检出展开使用	lane 文件预留内联对象 pin 别名	当前 lane 通过 stable-value pin helper 保活；此别名未展开	zr_vm_library/src/zr_vm_library/native_binding/native_binding_dispatch_lanes.c:31	commented	宏展开范围及实际使用点已逐项核对
zr_vm_library/src/zr_vm_library/native_binding/native_binding_dispatch_lanes.c	native_binding_unpin_value_object	macro	native_binding_dispatch_inline_pinned_lane_one_argument;native_binding_dispatch_inline_pinned_lane_two_arguments;native_binding_dispatch_inline_pinned_lane_generic	inline pinned lane 退出时调用内联 unpin	仅释放同轮新增 pin；所有失败路径也要清理	zr_vm_library/src/zr_vm_library/native_binding/native_binding_dispatch_lanes.c:32	commented	宏展开范围及实际使用点已逐项核对
zr_vm_library/src/zr_vm_library/native_binding/native_binding_dispatch_lanes.c	native_binding_copy_stable_value	macro	本翻译单元未检出展开使用	lane 文件预留内联稳定值 copy 别名	当前 lane 通过 prepare helper 复制；此别名未展开	zr_vm_library/src/zr_vm_library/native_binding/native_binding_dispatch_lanes.c:33	commented	宏展开范围及实际使用点已逐项核对
zr_vm_library/src/zr_vm_library/native_binding/native_binding_dispatch_lanes.c	native_binding_prepare_stable_value_raw	macro	native_binding_dispatch_inline_pinned_lane_one_argument;native_binding_dispatch_inline_pinned_lane_two_arguments;native_binding_dispatch_inline_pinned_lane_generic	inline pinned lane 用内联 raw prepare 建立参数稳定副本	每个成功 prepare 必须在退出时 raw release	zr_vm_library/src/zr_vm_library/native_binding/native_binding_dispatch_lanes.c:34	commented	宏展开范围及实际使用点已逐项核对
zr_vm_library/src/zr_vm_library/native_binding/native_binding_dispatch_lanes.c	native_binding_release_stable_value_raw	macro	native_binding_dispatch_inline_pinned_lane_one_argument;native_binding_dispatch_inline_pinned_lane_two_arguments;native_binding_dispatch_inline_pinned_lane_generic	inline pinned lane 用内联 raw release 归还参数副本	只释放对应 prepare 的新增所有权	zr_vm_library/src/zr_vm_library/native_binding/native_binding_dispatch_lanes.c:35	commented	宏展开范围及实际使用点已逐项核对
zr_vm_library/src/zr_vm_library/native_binding/native_binding_dispatch_lanes.c	native_binding_prepare_stable_value	macro	native_binding_dispatch_inline_pinned_lane_one_argument;native_binding_dispatch_inline_pinned_lane_two_arguments;native_binding_dispatch_inline_pinned_lane_generic	inline pinned lane 用内联 prepare 建立 receiver 稳定副本	准备失败须回滚此前成功的副本	zr_vm_library/src/zr_vm_library/native_binding/native_binding_dispatch_lanes.c:36	commented	宏展开范围及实际使用点已逐项核对
zr_vm_library/src/zr_vm_library/native_binding/native_binding_dispatch_lanes.c	native_binding_release_stable_value	macro	native_binding_dispatch_inline_pinned_lane_one_argument;native_binding_dispatch_inline_pinned_lane_two_arguments;native_binding_dispatch_inline_pinned_lane_generic	inline pinned lane 用内联 release 归还 receiver 副本	只清理当次副本，不修改原调用栈 receiver	zr_vm_library/src/zr_vm_library/native_binding/native_binding_dispatch_lanes.c:37	commented	宏展开范围及实际使用点已逐项核对
zr_vm_library/src/zr_vm_library/native_binding/native_binding_dispatch_lanes.c	native_binding_pin_stable_value_if_needed	macro	native_binding_dispatch_inline_pinned_lane_one_argument;native_binding_dispatch_inline_pinned_lane_two_arguments;native_binding_dispatch_inline_pinned_lane_generic	仅为克隆的稳定值调用内联补 pin helper	新增 pin 须在 lane 退出前撤销	zr_vm_library/src/zr_vm_library/native_binding/native_binding_dispatch_lanes.c:38	commented	宏展开范围及实际使用点已逐项核对
zr_vm_library/src/zr_vm_library/native_binding/native_binding_dispatch_lanes.c	native_binding_entry_callback	macro	native_binding_dispatch_stack_root_lane;native_binding_dispatch_fast_lane;native_binding_dispatch_inline_pinned_lane	多个 lane 共用内联入口回调选择	entry 的 bindingKind/descriptor 必须仍有效	zr_vm_library/src/zr_vm_library/native_binding/native_binding_dispatch_lanes.c:39	commented	宏展开范围及实际使用点已逐项核对
zr_vm_library/src/zr_vm_library/native_binding/native_binding_dispatch_lanes.c	native_binding_invoke_callback	macro	native_binding_dispatch_stack_root_callback_lane_with_flags	栈根 lane 经内联 helper 进入/退出 native 回调域	回调状态与 VM threadStatus 均须检查	zr_vm_library/src/zr_vm_library/native_binding/native_binding_dispatch_lanes.c:40	commented	宏展开范围及实际使用点已逐项核对
zr_vm_library/src/zr_vm_library/native_binding/native_binding_dispatch_lanes.c	native_binding_invoke_entry_callback	macro	native_binding_dispatch_fast_lane;native_binding_dispatch_inline_pinned_lane_one_argument;native_binding_dispatch_inline_pinned_lane_two_arguments;native_binding_dispatch_inline_pinned_lane_generic	各 lane 通过内联 helper 用 entry 的回调及 GC 模式执行	entry 与本次 state/context 须同一调用世代	zr_vm_library/src/zr_vm_library/native_binding/native_binding_dispatch_lanes.c:41	commented	宏展开范围及实际使用点已逐项核对
zr_vm_library/src/zr_vm_library/native_binding/native_binding_dispatch_lanes.c	native_binding_context_enable_stack_layout_anchor	macro	本翻译单元未检出展开使用	lane 文件预留内联栈布局锚点初始化别名	当前 lane 直接 adopt 已有锚点；不能视为实际调用	zr_vm_library/src/zr_vm_library/native_binding/native_binding_dispatch_lanes.c:42	commented	宏展开范围及实际使用点已逐项核对
zr_vm_library/src/zr_vm_library/native_binding/native_binding_dispatch_lanes.c	native_binding_context_adopt_stack_layout_anchor	macro	native_binding_dispatch_stack_root_callback_lane_with_flags	栈根 lane 借内联 helper 采用已有栈锚点	扩栈后只能用锚点重建 self/参数指针	zr_vm_library/src/zr_vm_library/native_binding/native_binding_dispatch_lanes.c:43	commented	宏展开范围及实际使用点已逐项核对
zr_vm_library/src/zr_vm_library/native_binding/native_binding_dispatch_lanes.c	native_binding_context_adopt_inline_frame_anchor	macro	native_binding_dispatch_fast_lane;native_binding_dispatch_inline_pinned_lane_one_argument;native_binding_dispatch_inline_pinned_lane_two_arguments;native_binding_dispatch_inline_pinned_lane_generic	快路与 inline lane 借内联帧锚点定位原 VM 帧	C 稳定副本不能代替原栈帧的写回位置	zr_vm_library/src/zr_vm_library/native_binding/native_binding_dispatch_lanes.c:44	commented	宏展开范围及实际使用点已逐项核对
zr_vm_library/src/zr_vm_library/native_binding/native_binding_dispatch_lanes.c	native_binding_sync_self_to_stack_slot	macro	native_binding_dispatch_stack_root_callback_lane_with_flags;native_binding_dispatch_fast_lane;native_binding_dispatch_inline_pinned_lane_one_argument;native_binding_dispatch_inline_pinned_lane_two_arguments;native_binding_dispatch_inline_pinned_lane_generic	lane 退出后通过内联 helper 同步可能变更的 self	先刷新扩栈后的 receiver 槽，再写回	zr_vm_library/src/zr_vm_library/native_binding/native_binding_dispatch_lanes.c:45	commented	宏展开范围及实际使用点已逐项核对
zr_vm_library/src/zr_vm_library/native_binding/native_binding_dispatch_lanes.c	native_binding_dispatch_stack_root_callback_lane_with_flags	function	zr_vm_library/src/zr_vm_library/native_binding/native_binding_dispatch_lanes.c:86;zr_vm_library/src/zr_vm_library/native_binding/native_binding_dispatch_lanes.c:111	栈根回调保留原 VM 参数槽，让回调按 safepoint 模式访问并在扩栈后重绑 self。	调用前校验栈根 lane 资格；callback 可扩栈，访问 self/参数须刷新锚点	zr_vm_library/src/zr_vm_library/native_binding/native_binding_dispatch_lanes.c:48;zr_vm_library/src/zr_vm_library/native_binding/native_binding_dispatch_lanes.c:86;zr_vm_library/src/zr_vm_library/native_binding/native_binding_dispatch_lanes.c:111	commented	已核对当前定义和调用点；注释解释跨层职责
zr_vm_library/src/zr_vm_library/native_binding/native_binding_dispatch_lanes.c	native_binding_dispatch_stack_root_callback_lane	function	tests/core/test_object_call_known_native_fast_path.c:5854;tests/core/test_object_call_known_native_fast_path.c:5914;tests/core/test_object_call_known_native_fast_path.c:6148	供不带描述符的直接回调调用，采用默认 GC-aware 模式。	直接回调无 descriptor；使用默认 GC-aware 标志，失败同时看 callback 与 VM 状态	zr_vm_library/src/zr_vm_library/native_binding/native_binding_dispatch_lanes.c:80;zr_vm_library/src/zr_vm_library/native_binding/native_binding_dispatch_lanes.h:569;tests/core/test_object_call_known_native_fast_path.c:5854	commented	已核对当前定义和调用点；注释解释跨层职责
zr_vm_library/src/zr_vm_library/native_binding/native_binding_dispatch_lanes.c	native_binding_dispatch_stack_root_lane	function	native_binding_dispatcher;native_binding_prepare_cached_stack_root_dispatch	描述符回调在栈根 lane 中沿用其声明的 GC 域策略。	entry 的 dispatchFlags 需适配栈根 lane；回调结果和 VM 状态共同决定结果	zr_vm_library/src/zr_vm_library/native_binding/native_binding_dispatch_lanes.c:96;zr_vm_library/src/zr_vm_library/native_binding/native_binding_dispatch.c:370;zr_vm_library/src/zr_vm_library/native_binding/native_binding_dispatch_cached.c:110	commented	已核对当前定义和调用点；注释解释跨层职责
zr_vm_library/src/zr_vm_library/native_binding/native_binding_dispatch_lanes.c	native_binding_dispatch_fast_lane	function	native_binding_dispatcher;tests/core/test_native_inline_span_dispatch.c:293	参数经准入检查后可浅复制到 C 栈；self 的改变仍须同步回 VM 栈。	仅无复制/pin 需求的值进入；self 改写必须回填 VM 栈槽	zr_vm_library/src/zr_vm_library/native_binding/native_binding_dispatch_lanes.c:121;zr_vm_library/src/zr_vm_library/native_binding/native_binding_dispatch.c:383;zr_vm_library/src/zr_vm_library/native_binding/native_binding_dispatch_lanes.h:576	commented	已核对当前定义和调用点；注释解释跨层职责
zr_vm_library/src/zr_vm_library/native_binding/native_binding_dispatch_lanes.c	native_binding_dispatch_inline_pinned_lane_one_argument	function	zr_vm_library/src/zr_vm_library/native_binding/native_binding_dispatch_lanes.c:444	有 self 且单参数的常见调用，成对管理语义复制和 GC pin。	self/单参需按各自稳定副本和 pin 状态清理；失败路径亦须对称释放	zr_vm_library/src/zr_vm_library/native_binding/native_binding_dispatch_lanes.c:167;zr_vm_library/src/zr_vm_library/native_binding/native_binding_dispatch_lanes.c:444	commented	已核对当前定义和调用点；注释解释跨层职责
zr_vm_library/src/zr_vm_library/native_binding/native_binding_dispatch_lanes.c	native_binding_dispatch_inline_pinned_lane_two_arguments	function	zr_vm_library/src/zr_vm_library/native_binding/native_binding_dispatch_lanes.c:451	双参数特化保留逐个失败回滚，避免引入动态临时数组。	两个参数分别建立稳定副本；任一准备失败须逆序回滚先前副本/pin	zr_vm_library/src/zr_vm_library/native_binding/native_binding_dispatch_lanes.c:243;zr_vm_library/src/zr_vm_library/native_binding/native_binding_dispatch_lanes.c:451	commented	已核对当前定义和调用点；注释解释跨层职责
zr_vm_library/src/zr_vm_library/native_binding/native_binding_dispatch_lanes.c	native_binding_dispatch_inline_pinned_lane_generic	function	zr_vm_library/src/zr_vm_library/native_binding/native_binding_dispatch_lanes.c:459	零参数或其他少量参数按统一逆序清理协议执行。	参数数和临时值须在本 lane 支持范围；所有已取得资源逆序清理	zr_vm_library/src/zr_vm_library/native_binding/native_binding_dispatch_lanes.c:329;zr_vm_library/src/zr_vm_library/native_binding/native_binding_dispatch_lanes.c:459	commented	已核对当前定义和调用点；注释解释跨层职责
zr_vm_library/src/zr_vm_library/native_binding/native_binding_dispatch_lanes.c	native_binding_dispatch_inline_pinned_lane	function	native_binding_dispatcher	依据 self/参数个数选择特化，所有分支共享相同回调与 pin 契约。	仅已通过 inline pinned 准入的调用进入；按参数个数选分支并统一归还 pin	zr_vm_library/src/zr_vm_library/native_binding/native_binding_dispatch_lanes.c:433;zr_vm_library/src/zr_vm_library/native_binding/native_binding_dispatch.c:396;zr_vm_library/src/zr_vm_library/native_binding/native_binding_dispatch_lanes.h:582	commented	已核对当前定义和调用点；注释解释跨层职责
zr_vm_library/src/zr_vm_library/native_binding/native_binding_dispatch_lanes.h	native_binding_value_has_detached_gc_ownership_inline	function	zr_vm_library/src/zr_vm_library/native_binding/native_binding_dispatch_lanes.h:53;tests/core/test_object_call_known_native_fast_path.c:5810;tests/core/test_object_call_known_native_fast_path.c:5811	已由所有权控制块固定的对象无需再注册一次 GC 忽略。	仅检查值的所有权标记；不访问 state、调用帧或注册描述符	zr_vm_library/src/zr_vm_library/native_binding/native_binding_dispatch_lanes.h:13;zr_vm_library/src/zr_vm_library/native_binding/native_binding_dispatch_lanes.h:53;tests/core/test_object_call_known_native_fast_path.c:5810	commented	已核对当前定义和调用点；注释解释跨层职责
zr_vm_library/src/zr_vm_library/native_binding/native_binding_dispatch_lanes.h	native_binding_pin_value_object_inline	function	zr_vm_library/src/zr_vm_library/native_binding/native_binding_dispatch_lanes.h:188	稳定副本离开 VM 栈根后，由调用者记住新增 pin 并在回调结束时撤销。	新增 pin 的对象必须与同轮 unpin 配对；已固定对象不重复增加	zr_vm_library/src/zr_vm_library/native_binding/native_binding_dispatch_lanes.h:35;zr_vm_library/src/zr_vm_library/native_binding/native_binding_dispatch_lanes.h:188	commented	已核对当前定义和调用点；注释解释跨层职责
zr_vm_library/src/zr_vm_library/native_binding/native_binding_dispatch_lanes.h	native_binding_unpin_value_object_inline	function	native_binding_dispatcher;native_binding_dispatch_inline_pinned_lane_one_argument;native_binding_dispatch_inline_pinned_lane_two_arguments;native_binding_dispatch_inline_pinned_lane_generic	只释放本轮调用新加的 GC 忽略，保留已有的宿主或所有权固定。	仅撤销本轮新增 pin；不能取消其他持有者已有的 GC 忽略	zr_vm_library/src/zr_vm_library/native_binding/native_binding_dispatch_lanes.h:61;zr_vm_library/src/zr_vm_library/native_binding/native_binding_dispatch_lanes.c:232	commented	已核对当前定义和调用点；注释解释跨层职责
zr_vm_library/src/zr_vm_library/native_binding/native_binding_dispatch_lanes.h	native_binding_copy_stable_value_inline	function	zr_vm_library/src/zr_vm_library/native_binding/native_binding_dispatch_lanes.h:130	需要语义复制时检查 VM 状态，阻止带异常的值进入 native 回调。	复制失败须检查 VM 状态并清理已准备值；成功副本按其 needsRelease 决定释放	zr_vm_library/src/zr_vm_library/native_binding/native_binding_dispatch_lanes.h:77;zr_vm_library/src/zr_vm_library/native_binding/native_binding_dispatch_lanes.h:130	commented	已核对当前定义和调用点；注释解释跨层职责
zr_vm_library/src/zr_vm_library/native_binding/native_binding_dispatch_lanes.h	native_binding_value_requires_cloned_stable_copy_inline	function	zr_vm_library/src/zr_vm_library/native_binding/native_binding_dispatch_lanes.h:112	非纯堆对象的复制可能有对象语义，不允许只复制指针位。	仅判断值是否需要语义克隆；本身不增 pin，调用方按判断选择 prepare	zr_vm_library/src/zr_vm_library/native_binding/native_binding_dispatch_lanes.h:90;zr_vm_library/src/zr_vm_library/native_binding/native_binding_dispatch_lanes.h:112	commented	已核对当前定义和调用点；注释解释跨层职责
zr_vm_library/src/zr_vm_library/native_binding/native_binding_dispatch_lanes.h	native_binding_value_can_shallow_stable_copy_inline	function	zr_vm_library/src/zr_vm_library/native_binding/native_binding_dispatch_lanes.h:125	所有权句柄和带复制语义的对象必须走可释放的稳定副本路径。	仅判断浅拷贝资格；有所有权或复制语义的值必须走稳定副本	zr_vm_library/src/zr_vm_library/native_binding/native_binding_dispatch_lanes.h:105;zr_vm_library/src/zr_vm_library/native_binding/native_binding_dispatch_lanes.h:125	commented	已核对当前定义和调用点；注释解释跨层职责
zr_vm_library/src/zr_vm_library/native_binding/native_binding_dispatch_lanes.h	native_binding_prepare_stable_value_raw_inline	function	native_binding_prepare_stable_value_inline;native_binding_dispatch_inline_pinned_lane_one_argument;native_binding_dispatch_inline_pinned_lane_two_arguments;native_binding_dispatch_inline_pinned_lane_generic	回调期间提供稳定值视图，needsRelease 标明是否生成独立的所有权引用。	输出副本及 needsRelease 仅对应本次 prepare；成功后须调用 raw release	zr_vm_library/src/zr_vm_library/native_binding/native_binding_dispatch_lanes.h:116;zr_vm_library/src/zr_vm_library/native_binding/native_binding_dispatch_lanes.h:158	commented	已核对当前定义和调用点；注释解释跨层职责
zr_vm_library/src/zr_vm_library/native_binding/native_binding_dispatch_lanes.h	native_binding_release_stable_value_raw_inline	function	native_binding_release_stable_value_inline;native_binding_dispatch_inline_pinned_lane_one_argument;native_binding_dispatch_inline_pinned_lane_two_arguments;native_binding_dispatch_inline_pinned_lane_generic	与 prepare 的语义复制成对，浅副本仍由原 VM 栈槽持有。	只释放同轮 raw prepare 标记的独立引用；浅副本不拥有原值	zr_vm_library/src/zr_vm_library/native_binding/native_binding_dispatch_lanes.h:139;zr_vm_library/src/zr_vm_library/native_binding/native_binding_dispatch_lanes.h:167	commented	已核对当前定义和调用点；注释解释跨层职责
zr_vm_library/src/zr_vm_library/native_binding/native_binding_dispatch_lanes.h	native_binding_prepare_stable_value_inline	function	native_binding_prepare_stable_value;native_binding_dispatch_inline_pinned_lane_one_argument;native_binding_dispatch_inline_pinned_lane_two_arguments;native_binding_dispatch_inline_pinned_lane_generic	self 与参数共用相同稳定副本协议，供外部注册入口和 lane 调用。	prepare 成功后 stableCopy 才可供回调；必须调用 release 清理	zr_vm_library/src/zr_vm_library/native_binding/native_binding_dispatch_lanes.h:151;zr_vm_library/src/zr_vm_library/native_binding/native_binding_dispatch_lanes.c:23	commented	已核对当前定义和调用点；注释解释跨层职责
zr_vm_library/src/zr_vm_library/native_binding/native_binding_dispatch_lanes.h	native_binding_release_stable_value_inline	function	native_binding_release_stable_value;native_binding_dispatch_inline_pinned_lane_one_argument;native_binding_dispatch_inline_pinned_lane_two_arguments;native_binding_dispatch_inline_pinned_lane_generic	释放临时稳定副本持有的所有权，不改变原 VM 参数。	须与同轮 prepare 成对，且回调不能在 release 后继续借用副本	zr_vm_library/src/zr_vm_library/native_binding/native_binding_dispatch_lanes.h:162;zr_vm_library/src/zr_vm_library/native_binding/native_binding_dispatch_lanes.c:28	commented	已核对当前定义和调用点；注释解释跨层职责
zr_vm_library/src/zr_vm_library/native_binding/native_binding_dispatch_lanes.h	native_binding_pin_stable_value_if_needed_inline	function	native_binding_dispatch_inline_pinned_lane_one_argument;native_binding_dispatch_inline_pinned_lane_two_arguments;native_binding_dispatch_inline_pinned_lane_generic	浅副本继续由原调用栈保活，只有克隆值需要额外 GC pin。	仅对独立克隆的稳定值补 pin；新 pin 由同轮清理路径撤销	zr_vm_library/src/zr_vm_library/native_binding/native_binding_dispatch_lanes.h:171;zr_vm_library/src/zr_vm_library/native_binding/native_binding_dispatch_lanes.c:211	commented	已核对当前定义和调用点；注释解释跨层职责
zr_vm_library/src/zr_vm_library/native_binding/native_binding_dispatch_lanes.h	native_binding_entry_callback_inline	function	native_binding_dispatch_stack_root_lane;native_binding_dispatch_fast_lane;native_binding_dispatch_inline_pinned_lane_one_argument;native_binding_dispatch_inline_pinned_lane_two_arguments;native_binding_dispatch_inline_pinned_lane_generic	按解析后的绑定种类取描述符回调，供所有 lane 共享。	entry 须有合法 bindingKind 与描述符；无回调返回 NULL，不能直接调用	zr_vm_library/src/zr_vm_library/native_binding/native_binding_dispatch_lanes.h:192;zr_vm_library/src/zr_vm_library/native_binding/native_binding_dispatch_lanes.h:290;zr_vm_library/src/zr_vm_library/native_binding/native_binding_dispatch_lanes.h:519	commented	已核对当前定义和调用点；注释解释跨层职责
zr_vm_library/src/zr_vm_library/native_binding/native_binding_dispatch_lanes.h	native_binding_entry_dispatch_flags_inline	function	native_binding_can_use_stack_root_lane_inline;native_binding_dispatch_stack_root_lane;native_binding_dispatch_fast_lane	描述符声明的调度标志决定 safepoint 模式及 lane 准入条件。	entry 须有有效描述符；返回标志决定 lane 与 GC safepoint 模式	zr_vm_library/src/zr_vm_library/native_binding/native_binding_dispatch_lanes.h:213;zr_vm_library/src/zr_vm_library/native_binding/native_binding_dispatch_lanes.c:114;zr_vm_library/src/zr_vm_library/native_binding/native_binding_dispatch_lanes.h:291	commented	已核对当前定义和调用点；注释解释跨层职责
zr_vm_library/src/zr_vm_library/native_binding/native_binding_dispatch_lanes.h	native_binding_dispatch_native_mode_inline	function	zr_vm_library/src/zr_vm_library/native_binding/native_binding_dispatch_lanes.h:273	回调的 GC 域模式只能取一个有效 safepoint 策略。	flags 必须选取有效 GC 域模式；非法组合不可直接进入回调	zr_vm_library/src/zr_vm_library/native_binding/native_binding_dispatch_lanes.h:235;zr_vm_library/src/zr_vm_library/native_binding/native_binding_dispatch_lanes.h:273	commented	已核对当前定义和调用点；注释解释跨层职责
zr_vm_library/src/zr_vm_library/native_binding/native_binding_dispatch_lanes.h	native_binding_invoke_callback_inline	function	native_binding_invoke_entry_callback_inline;native_binding_dispatch_stack_root_callback_lane_with_flags	所有 lane 经此进入/退出 GC native 域，回调不得在域外访问受约束的 VM 状态。	callback/context 须对应本次调用；进入/退出 native 域成对，返回后仍须检查 state	zr_vm_library/src/zr_vm_library/native_binding/native_binding_dispatch_lanes.h:263;zr_vm_library/src/zr_vm_library/native_binding/native_binding_dispatch_lanes.h:288	commented	已核对当前定义和调用点；注释解释跨层职责
zr_vm_library/src/zr_vm_library/native_binding/native_binding_dispatch_lanes.h	native_binding_invoke_entry_callback_inline	function	native_binding_dispatcher;native_binding_dispatch_fast_lane;native_binding_dispatch_inline_pinned_lane_one_argument;native_binding_dispatch_inline_pinned_lane_two_arguments;native_binding_dispatch_inline_pinned_lane_generic	从绑定条目一并传入回调和 safepoint 标志，避免 lane 自行解释描述符。	entry 须有可调用回调；从其 flags 确定域模式，失败交上层统一处理	zr_vm_library/src/zr_vm_library/native_binding/native_binding_dispatch_lanes.h:283;zr_vm_library/src/zr_vm_library/native_binding/native_binding_dispatch.c:615	commented	已核对当前定义和调用点；注释解释跨层职责
zr_vm_library/src/zr_vm_library/native_binding/native_binding_dispatch_lanes.h	native_binding_entry_fixed_argument_count_inline	function	zr_vm_library/src/zr_vm_library/native_binding/native_binding_dispatch_lanes.h:520	固定参数数目是免分配 lane 的前提；可变范围留给通用分派。	仅 min/max 相等的描述符给固定数；可变参数不适用 cached thunk	zr_vm_library/src/zr_vm_library/native_binding/native_binding_dispatch_lanes.h:297;zr_vm_library/src/zr_vm_library/native_binding/native_binding_dispatch_lanes.h:520	commented	已核对当前定义和调用点；注释解释跨层职责
zr_vm_library/src/zr_vm_library/native_binding/native_binding_dispatch_lanes.h	native_binding_value_can_use_fast_lane_self_inline	function	zr_vm_library/src/zr_vm_library/native_binding/native_binding_dispatch_lanes.h:526	self 无外部所有权句柄时可由栈根配合浅拷贝进入最快路径。	self 值须由当前栈槽保活且无附加所有权语义，才可浅复制	zr_vm_library/src/zr_vm_library/native_binding/native_binding_dispatch_lanes.h:341;zr_vm_library/src/zr_vm_library/native_binding/native_binding_dispatch_lanes.h:526	commented	已核对当前定义和调用点；注释解释跨层职责
zr_vm_library/src/zr_vm_library/native_binding/native_binding_dispatch_lanes.h	native_binding_value_can_use_fast_lane_argument_inline	function	zr_vm_library/src/zr_vm_library/native_binding/native_binding_dispatch_lanes.h:532	快路只接受无 GC/所有权处理的标量参数。	参数必须为无需 GC 根或所有权处理的标量，才能进入 fast lane	zr_vm_library/src/zr_vm_library/native_binding/native_binding_dispatch_lanes.h:349;zr_vm_library/src/zr_vm_library/native_binding/native_binding_dispatch_lanes.h:532	commented	已核对当前定义和调用点；注释解释跨层职责
zr_vm_library/src/zr_vm_library/native_binding/native_binding_dispatch_lanes.h	native_binding_context_enable_stack_layout_anchor_inline	function	无仓内直接调用；仅 inline 定义及未展开的宏别名	为当前 native lane 上下文初始化栈锚点；实际栈根入口使用 adopt_stack_layout_anchor_inline	context 的 state/functionBase 需先初始化；接口是否仍需保留待核	zr_vm_library/src/zr_vm_library/native_binding/native_binding_dispatch_lanes.h:359	TODO	TODO: 当前无调用点；核查此 helper 是否仍属于计划中的 lane 接口，或已由其他初始化路径取代
zr_vm_library/src/zr_vm_library/native_binding/native_binding_dispatch_lanes.h	native_binding_context_adopt_stack_layout_anchor_inline	function	native_binding_dispatch_stack_root_callback_lane_with_flags	lane 已有锚点时复用它，减少热路径重复建立锚点。	已有栈锚点须属本次调用；扩栈后按锚点重算 self/参数地址	zr_vm_library/src/zr_vm_library/native_binding/native_binding_dispatch_lanes.h:373;zr_vm_library/src/zr_vm_library/native_binding/native_binding_dispatch_lanes.c:66	commented	已核对当前定义和调用点；注释解释跨层职责
zr_vm_library/src/zr_vm_library/native_binding/native_binding_dispatch_lanes.h	native_binding_context_adopt_inline_frame_anchor_inline	function	native_binding_dispatcher;native_binding_dispatch_fast_lane;native_binding_dispatch_inline_pinned_lane_one_argument;native_binding_dispatch_inline_pinned_lane_two_arguments;native_binding_dispatch_inline_pinned_lane_generic	inline 参数帧借用函数基址，但不把稳定副本布局误标为原栈参数布局。	inline 帧锚点须属本次调用；不能把 C 稳定副本当原 VM 参数槽	zr_vm_library/src/zr_vm_library/native_binding/native_binding_dispatch_lanes.h:389;zr_vm_library/src/zr_vm_library/native_binding/native_binding_dispatch_lanes.c:156;zr_vm_library/src/zr_vm_library/native_binding/native_binding_dispatch.c:613	commented	已核对当前定义和调用点；注释解释跨层职责
zr_vm_library/src/zr_vm_library/native_binding/native_binding_dispatch_lanes.h	native_binding_context_refresh_stack_layout_inline	function	native_binding_context_refresh_inline_frame_layout_inline;native_binding_dispatcher;ZrLib_CallContext_Argument	栈基址变化后重新解析 self/参数位置，作废旧的原栈视图。	栈扩容后旧槽地址失效；refresh 必须先于读取 self/参数	zr_vm_library/src/zr_vm_library/native_binding/native_binding_dispatch_lanes.h:405;zr_vm_library/src/zr_vm_library/native_binding/native_binding_dispatch.c:233;zr_vm_library/src/zr_vm_library/native_binding/native_binding_dispatch.c:720	commented	已核对当前定义和调用点；注释解释跨层职责
zr_vm_library/src/zr_vm_library/native_binding/native_binding_dispatch_lanes.h	native_binding_context_refresh_inline_frame_layout_inline	function	zr_vm_library/src/zr_vm_library/native_binding/native_binding_dispatch.c:729;zr_vm_library/src/zr_vm_library/native_binding/native_binding_dispatch.c:805	即使参数已复制，inline struct 原始帧跨度也必须随扩栈恢复。	inline struct 字节跨度属于原帧；扩栈后须先刷新再借用	zr_vm_library/src/zr_vm_library/native_binding/native_binding_dispatch_lanes.h:441;zr_vm_library/src/zr_vm_library/native_binding/native_binding_dispatch.c:729;zr_vm_library/src/zr_vm_library/native_binding/native_binding_dispatch.c:805	commented	已核对当前定义和调用点；注释解释跨层职责
zr_vm_library/src/zr_vm_library/native_binding/native_binding_dispatch_lanes.h	native_binding_sync_self_to_stack_slot_inline	function	native_binding_dispatch_stack_root_callback_lane_with_flags;native_binding_dispatch_fast_lane;native_binding_dispatch_inline_pinned_lane_one_argument;native_binding_dispatch_inline_pinned_lane_two_arguments;native_binding_dispatch_inline_pinned_lane_generic	某些回调重绑 self，lane 完成后把结果写回原 receiver 栈槽。	self/context 须有可写 receiver 槽；原栈位置刷新后再回写	zr_vm_library/src/zr_vm_library/native_binding/native_binding_dispatch_lanes.h:465;zr_vm_library/src/zr_vm_library/native_binding/native_binding_dispatch_lanes.c:73	commented	已核对当前定义和调用点；注释解释跨层职责
zr_vm_library/src/zr_vm_library/native_binding/native_binding_dispatch_lanes.h	native_binding_can_use_fast_lane_inline	function	native_binding_dispatcher@zr_vm_library/src/zr_vm_library/native_binding/native_binding_dispatch.c:382	固定短参数且无 GC/所有权副作用时，可跳过稳定副本与 pin。	固定短参数且每个值都满足浅拷贝资格；不满足走其他 lane	zr_vm_library/src/zr_vm_library/native_binding/native_binding_dispatch_lanes.h:510;zr_vm_library/src/zr_vm_library/native_binding/native_binding_dispatch.c:382	commented	已核对当前定义和调用点；注释解释跨层职责
zr_vm_library/src/zr_vm_library/native_binding/native_binding_dispatch_lanes.h	native_binding_can_use_stack_root_lane_inline	function	native_binding_dispatcher@zr_vm_library/src/zr_vm_library/native_binding/native_binding_dispatch.c:368	显式 opt-in 的回调直接使用可刷新 VM 栈视图作为 GC 根。	entry 必须显式声明栈根能力，且调用布局可在扩栈后刷新	zr_vm_library/src/zr_vm_library/native_binding/native_binding_dispatch_lanes.h:541;zr_vm_library/src/zr_vm_library/native_binding/native_binding_dispatch.c:368	commented	已核对当前定义和调用点；注释解释跨层职责
zr_vm_library/src/zr_vm_library/native_binding/native_binding_dispatch_lanes.h	native_binding_can_use_inline_pinned_lane_inline	function	native_binding_dispatcher@zr_vm_library/src/zr_vm_library/native_binding/native_binding_dispatch.c:395	少量复杂参数在 C 栈上构建稳定值，避免通用路径的 scratch 帧分配。	只有 inline pinned 准入的复杂参数可用；成功 pin 须成对撤销	zr_vm_library/src/zr_vm_library/native_binding/native_binding_dispatch_lanes.h:552;zr_vm_library/src/zr_vm_library/native_binding/native_binding_dispatch.c:395	commented	已核对当前定义和调用点；注释解释跨层职责
zr_vm_library/src/zr_vm_library/native_binding/native_binding_internal.h	EZrLibResolvedBindingKind	type	native_binding_descriptor_callback;native_registry_find_binding;native_registry_resolve_typed_call_binding	判别 function、method、meta-method 对应的描述符种类	读取联合描述符前必须按 kind 选择，不能把 enum 当资源句柄	zr_vm_library/src/zr_vm_library/native_binding/native_binding_internal.h:57	commented	已核对当前定义和调用点；注释解释跨层职责
zr_vm_library/src/zr_vm_library/native_binding/native_binding_internal.h	ZrLibBindingEntry	type	native_registry_find_binding;native_binding_dispatcher;native_registry_link_call_binding	关联闭包、描述符与缓存索引的运行期绑定条目	descriptor 为借用指针；替换注册记录后缓存须失效	zr_vm_library/src/zr_vm_library/native_binding/native_binding_internal.h:64	commented	已核对当前定义和调用点；注释解释跨层职责
zr_vm_library/src/zr_vm_library/native_binding/native_binding_internal.h	ZrLibStableValueCopy	type	native_binding_prepare_stable_value_inline;native_binding_release_stable_value_inline;native_binding_dispatch_inline_pinned_lane	记录稳定副本的值、是否需语义释放及本轮 pin 状态	prepare 成功后 release 成对；不能解除原 VM 栈的所有权	zr_vm_library/src/zr_vm_library/native_binding/native_binding_internal.h:84	commented	已核对当前定义和调用点；注释解释跨层职责
zr_vm_library/src/zr_vm_library/native_binding/native_binding_internal.h	ZrLibRegisteredModuleRecord	type	native_registry_find_record;native_registry_register_module_record;native_registry_materialize_module	按模块名保存借用 descriptor、来源路径与 ownerRefCount	描述符随插件句柄有效；借出的记录在重载/Free 后失效	zr_vm_library/src/zr_vm_library/native_binding/native_binding_internal.h:90	commented	已核对当前定义和调用点；注释解释跨层职责
zr_vm_library/src/zr_vm_library/native_binding/native_binding_internal.h	ZrLibPluginHandleRecord	type	native_registry_load_plugin_descriptor;native_registry_release_plugin_handle_record	跟踪动态库句柄、加载路径和已注册模块	卸载须在模块引用归零且所有借用 descriptor 失效后执行	zr_vm_library/src/zr_vm_library/native_binding/native_binding_internal.h:100	commented	已核对当前定义和调用点；注释解释跨层职责
zr_vm_library/src/zr_vm_library/native_binding/native_binding_internal.h	ZR_LIBRARY_NATIVE_BINDING_LOOKUP_CACHE_CAPACITY	macro	ZrLibrary_NativeRegistryState.bindingLookupHotIndices;native_registry_promote_binding_lookup_index	限定两槽热点绑定查找缓存的数组容量	容量须与 bindingLookupHotIndices 长度和提升逻辑同步	zr_vm_library/src/zr_vm_library/native_binding/native_binding_internal.h:108	commented	已核对当前定义和调用点；注释解释跨层职责
zr_vm_library/src/zr_vm_library/native_binding/native_binding_internal.h	ZR_LIBRARY_NATIVE_BINDING_LOOKUP_CACHE_INVALID_INDEX	macro	native_registry_binding_entry_at;native_binding_closure_invalidate_cached_lookup	用不可能的索引标记未命中的绑定缓存	查表前须排除哨兵，不可把它当合法数组索引	zr_vm_library/src/zr_vm_library/native_binding/native_binding_internal.h:109	commented	已核对当前定义和调用点；注释解释跨层职责
zr_vm_library/src/zr_vm_library/native_binding/native_binding_internal.h	ZrLibrary_NativeRegistryState	type	ZrLibrary_NativeRegistry_Attach;native_registry_get;ZrLibrary_NativeRegistry_Free	将模块记录、插件句柄、绑定表和宿主钩子保存在 global 的注册表状态	状态与 global 同寿；借出指针在 Free 后失效	zr_vm_library/src/zr_vm_library/native_binding/native_binding_internal.h:112	commented	已核对当前定义和调用点；注释解释跨层职责
zr_vm_library/src/zr_vm_library/native_binding/native_binding_internal.h	native_binding_descriptor_dispatch_flags	function	zr_vm_library/src/zr_vm_library/native_binding/native_binding_internal.h:271;zr_vm_library/src/zr_vm_library/native_binding/native_binding_internal.h:304	按判别标签读取描述符调度策略，供闭包缓存和 lane 选择共用。	bindingKind 决定应读的描述符；无描述符时返回默认 flags	zr_vm_library/src/zr_vm_library/native_binding/native_binding_internal.h:149;zr_vm_library/src/zr_vm_library/native_binding/native_binding_internal.h:271;zr_vm_library/src/zr_vm_library/native_binding/native_binding_internal.h:304	commented	已核对当前定义和调用点；注释解释跨层职责
zr_vm_library/src/zr_vm_library/native_binding/native_binding_internal.h	native_binding_descriptor_fixed_argument_count	function	zr_vm_library/src/zr_vm_library/native_binding/native_binding_internal.h:273;zr_vm_library/src/zr_vm_library/native_binding/native_binding_internal.h:306	只有 min/max 相同的描述符才可选用固定参数缓存入口。	仅依据有效描述符的 min/max；两者不等返回非固定哨兵	zr_vm_library/src/zr_vm_library/native_binding/native_binding_internal.h:170;zr_vm_library/src/zr_vm_library/native_binding/native_binding_internal.h:273;zr_vm_library/src/zr_vm_library/native_binding/native_binding_internal.h:306	commented	已核对当前定义和调用点；注释解释跨层职责
zr_vm_library/src/zr_vm_library/native_binding/native_binding_internal.h	native_binding_descriptor_uses_receiver	function	zr_vm_library/src/zr_vm_library/native_binding/native_binding_internal.h:384	receiver 是否占用原始栈首参数由绑定种类及 static 声明共同决定。	实例方法有 receiver，静态方法无；function/meta 类型按声明处理	zr_vm_library/src/zr_vm_library/native_binding/native_binding_internal.h:220;zr_vm_library/src/zr_vm_library/native_binding/native_binding_internal.h:384	commented	已核对当前定义和调用点；注释解释跨层职责
zr_vm_library/src/zr_vm_library/native_binding/native_binding_internal.h	native_binding_descriptor_callback	function	native_binding_closure_refresh_direct_dispatch_cache;native_binding_closure_try_get_cached_callback	缓存条目和直连闭包从同一描述符来源取得实际回调。	bindingKind 与 descriptor 联合决定回调指针；无效描述符返回 NULL	zr_vm_library/src/zr_vm_library/native_binding/native_binding_internal.h:237;zr_vm_library/src/zr_vm_library/native_binding/native_binding_internal.h:310	commented	已核对当前定义和调用点；注释解释跨层职责
zr_vm_library/src/zr_vm_library/native_binding/native_binding_internal.h	native_binding_closure_dispatcher_for_cached_binding	function	zr_vm_library/src/zr_vm_library/native_binding/native_binding_internal.h:386	栈根且固定一/二参数时安装专用 nativeFunction，其余仍用通用 dispatcher。	仅固定一/二参数且满足 stack-root 模式安装专用 dispatcher；其他回退通用入口	zr_vm_library/src/zr_vm_library/native_binding/native_binding_internal.h:258;zr_vm_library/src/zr_vm_library/native_binding/native_binding_internal.h:386	commented	已核对当前定义和调用点；注释解释跨层职责
zr_vm_library/src/zr_vm_library/native_binding/native_binding_internal.h	native_binding_closure_refresh_direct_dispatch_cache	function	zr_vm_library/src/zr_vm_library/native_binding/native_binding_internal.h:385	把稳定描述符投影为 core 可直接调用的缓存；只有带 receiver 的栈根绑定适用。	闭包/entry 必须同代；仅满足 direct cache 条件时覆盖核心 nativeFunction	zr_vm_library/src/zr_vm_library/native_binding/native_binding_internal.h:286;zr_vm_library/src/zr_vm_library/native_binding/native_binding_internal.h:385	commented	已核对当前定义和调用点；注释解释跨层职责
zr_vm_library/src/zr_vm_library/native_binding/native_binding_internal.h	native_binding_closure_store_cached_binding	function	native_binding_make_callable_value;native_registry_find_binding	注册成功后在闭包保存描述符及策略，减少每次执行的全局条目查询。	闭包保存的 descriptor 仍为借用；所属模块重载/卸载前须使缓存失效	zr_vm_library/src/zr_vm_library/native_binding/native_binding_internal.h:367;zr_vm_library/src/zr_vm_library/native_binding/native_binding_registry_plugin.c:840;zr_vm_library/src/zr_vm_library/native_binding/native_binding_support.c:443	commented	已核对当前定义和调用点；注释解释跨层职责
zr_vm_library/src/zr_vm_library/native_binding/native_binding_internal.h	native_binding_closure_invalidate_cached_lookup	function	zr_vm_library/src/zr_vm_library/native_binding/native_binding_support.c:457	注册表索引失效时只清除索引提示，描述符直连缓存仍由注册记录生命周期约束。	只清除查找索引提示；直连 descriptor 仍需受注册记录生命周期保护	zr_vm_library/src/zr_vm_library/native_binding/native_binding_internal.h:390;zr_vm_library/src/zr_vm_library/native_binding/native_binding_support.c:457	commented	已核对当前定义和调用点；注释解释跨层职责
zr_vm_library/src/zr_vm_library/native_binding/native_binding_internal.h	native_binding_closure_try_build_cached_entry	function	zr_vm_library/src/zr_vm_library/native_binding/native_binding_dispatch.c:321;zr_vm_library/src/zr_vm_library/native_binding/native_binding_dispatch_cached.c:73;tests/core/test_object_call_known_native_fast_path.c:1145	从闭包的已缓存描述符重建临时绑定视图，供 dispatcher 绕过线性查找。	闭包描述符及 kind 必须仍有效；重载后不能由陈旧闭包重建 entry	zr_vm_library/src/zr_vm_library/native_binding/native_binding_internal.h:399;zr_vm_library/src/zr_vm_library/native_binding/native_binding_dispatch.c:321;zr_vm_library/src/zr_vm_library/native_binding/native_binding_dispatch_cached.c:73	commented	已核对当前定义和调用点；注释解释跨层职责
zr_vm_library/src/zr_vm_library/native_binding/native_binding_internal.h	native_binding_closure_try_get_cached_callback	function	tests/core/test_object_call_known_native_fast_path.c:1215	测试通过此入口核对闭包缓存能按绑定种类还原回调；目前无生产直接调用点。	闭包内 descriptor 仍须有效；成功结果只是借用 callback，不能延长插件句柄寿命	zr_vm_library/src/zr_vm_library/native_binding/native_binding_internal.h:430;tests/core/test_object_call_known_native_fast_path.c:1215	commented	已核对当前定义和调用点；注释解释跨层职责
zr_vm_library/src/zr_vm_library/native_binding/native_binding_internal.h	native_binding_attach_inline_frame_context	function	zr_vm_library/src/zr_vm_library/native_binding/native_binding_internal.h:488	编译器帧布局让原生回调定位 inline struct 参数，而非把它当普通值槽。	context/函数帧须属于同次调用；inline 参数视图随栈变化须刷新	zr_vm_library/src/zr_vm_library/native_binding/native_binding_internal.h:446;zr_vm_library/src/zr_vm_library/native_binding/native_binding_internal.h:488	commented	已核对当前定义和调用点；注释解释跨层职责
zr_vm_library/src/zr_vm_library/native_binding/native_binding_internal.h	native_binding_init_call_context_layout_cached	function	native_binding_dispatcher;native_binding_init_call_context_layout;native_binding_init_cached_stack_root_context;native_binding_init_cached_stack_root_context_from_closure	函数/方法/meta 方法共享 receiver 剥离规则；缓存入口不再重复推断栈布局。	context/state/函数栈基址须匹配；receiver 规则按描述符种类指定	zr_vm_library/src/zr_vm_library/native_binding/native_binding_internal.h:472;zr_vm_library/src/zr_vm_library/native_binding/native_binding_dispatch.c:352;zr_vm_library/src/zr_vm_library/native_binding/native_binding_support.c:81	commented	已核对当前定义和调用点；注释解释跨层职责
zr_vm_library/src/zr_vm_library/native_binding/native_binding_internal.h	native_binding_init_cached_stack_root_context	function	tests/core/test_object_call_known_native_fast_path.c:1159	测试按已解析条目构造栈根上下文；生产固定参数 thunk 使用闭包专用版本。	条目与 state/闭包须同一次调用；构造后上下文借用栈槽，不可跨调用保存	zr_vm_library/src/zr_vm_library/native_binding/native_binding_internal.h:507;tests/core/test_object_call_known_native_fast_path.c:1159	commented	已核对当前定义和调用点；注释解释跨层职责
zr_vm_library/src/zr_vm_library/native_binding/native_binding_internal.h	native_binding_init_cached_stack_root_context_from_closure	function	native_binding_prepare_cached_stack_root_dispatch;tests/core/test_native_inline_span_dispatch.c:280;tests/core/test_object_call_known_native_fast_path.c:1230;tests/core/test_object_call_known_native_fast_path.c:6138	固定参数 thunk 直接使用闭包缓存构造上下文，免去条目转存。	闭包缓存须仍匹配当前 descriptor 世代；构造的上下文只在本次 thunk 期间有效	zr_vm_library/src/zr_vm_library/native_binding/native_binding_internal.h:534;zr_vm_library/src/zr_vm_library/native_binding/native_binding_dispatch_cached.c:86;tests/core/test_object_call_known_native_fast_path.c:1230	commented	已核对当前定义和调用点；注释解释跨层职责
zr_vm_library/src/zr_vm_library/native_binding/native_binding_internal.h	kNativeEnumValueFieldName	macro	native_registry_init_enum_member_scalar;zr_vm_core/src/zr_vm_core/execution/execution_object.c:10	枚举实例的底层数值写入隐藏字段，供 core 枚举比较与显示	字段字面量须与 core 执行层一致；不是缓存哨兵	zr_vm_library/src/zr_vm_library/native_binding/native_binding_internal.h:567	commented	已核对当前定义和调用点；注释解释跨层职责
zr_vm_library/src/zr_vm_library/native_binding/native_binding_internal.h	kNativeEnumNameFieldName	macro	native_registry_init_enum_member_scalar;zr_vm_core/src/zr_vm_core/execution/execution_object.c:11	枚举实例的成员名写入隐藏字段，供 core 格式化与反射	字段字面量须与 core 执行层一致；不是缓存哨兵	zr_vm_library/src/zr_vm_library/native_binding/native_binding_internal.h:568	commented	已核对当前定义和调用点；注释解释跨层职责
zr_vm_library/src/zr_vm_library/native_binding/native_binding_internal.h	kNativeEnumValueTypeFieldName	macro	native_registry_add_type;zr_vm_core/src/zr_vm_core/execution/execution_object.c:12	枚举原型记录底层值类型名，供 core 构造及比较解释数值	字段字面量须与 core 执行层一致	zr_vm_library/src/zr_vm_library/native_binding/native_binding_internal.h:569	commented	已核对当前定义和调用点；注释解释跨层职责
zr_vm_library/src/zr_vm_library/native_binding/native_binding_internal.h	kNativeAllowValueConstructionFieldName	macro	native_registry_add_type	类型原型标记是否允许直接按值构造	值构造许可只适用于该类型原型；不等同 boxed 许可	zr_vm_library/src/zr_vm_library/native_binding/native_binding_internal.h:570	commented	已核对当前定义和调用点；注释解释跨层职责
zr_vm_library/src/zr_vm_library/native_binding/native_binding_internal.h	kNativeAllowBoxedConstructionFieldName	macro	native_registry_add_type	类型原型单独标记是否允许 boxed 构造	boxed 许可与值构造许可分别消费，不可混用键名	zr_vm_library/src/zr_vm_library/native_binding/native_binding_internal.h:571	commented	已核对当前定义和调用点；注释解释跨层职责
zr_vm_library/src/zr_vm_library/native_binding/native_binding_internal.h	kNativeFfiLoweringKindFieldName	macro	native_registry_add_type;zr_vm_core/src/zr_vm_core/module/module_prototype.c:15	原型发布 FFI lowering 类别，供编译器与 FFI 桥按同一键读取	字面量须与 core 投影字段映射一致	zr_vm_library/src/zr_vm_library/native_binding/native_binding_internal.h:572	commented	已核对当前定义和调用点；注释解释跨层职责
zr_vm_library/src/zr_vm_library/native_binding/native_binding_internal.h	kNativeFfiViewTypeFieldName	macro	native_registry_add_type;zr_vm_core/src/zr_vm_core/module/module_prototype.c:16	原型发布 FFI view 类型名	字面量须与 core 投影字段映射一致；类型名借用描述符	zr_vm_library/src/zr_vm_library/native_binding/native_binding_internal.h:573	commented	已核对当前定义和调用点；注释解释跨层职责
zr_vm_library/src/zr_vm_library/native_binding/native_binding_internal.h	kNativeFfiUnderlyingTypeFieldName	macro	native_registry_add_type;zr_vm_core/src/zr_vm_core/module/module_prototype.c:17	原型发布 FFI 底层类型名	字面量须与 core 投影字段映射一致	zr_vm_library/src/zr_vm_library/native_binding/native_binding_internal.h:574	commented	已核对当前定义和调用点；注释解释跨层职责
zr_vm_library/src/zr_vm_library/native_binding/native_binding_internal.h	kNativeFfiOwnerModeFieldName	macro	native_registry_add_type;zr_vm_core/src/zr_vm_core/module/module_prototype.c:18	原型发布 FFI owner 模式	字面量须与 core 投影字段映射一致	zr_vm_library/src/zr_vm_library/native_binding/native_binding_internal.h:575	commented	已核对当前定义和调用点；注释解释跨层职责
zr_vm_library/src/zr_vm_library/native_binding/native_binding_internal.h	kNativeFfiReleaseHookFieldName	macro	native_registry_add_type;zr_vm_core/src/zr_vm_core/module/module_prototype.c:19	原型发布 FFI release hook 名称	字面量须与 core 投影字段映射一致	zr_vm_library/src/zr_vm_library/native_binding/native_binding_internal.h:576	commented	已核对当前定义和调用点；注释解释跨层职责
zr_vm_library/src/zr_vm_library/native_binding/native_binding_internal.h	FZrVmGetNativeModuleV1	type	native_registry_load_plugin_descriptor	插件导出获取 V1 模块描述符的函数指针 ABI	符号签名与 ABI 版本必须匹配；卸载库后函数地址不得再调用	zr_vm_library/src/zr_vm_library/native_binding/native_binding_internal.h:578	commented	已核对当前定义和调用点；注释解释跨层职责
zr_vm_library/src/zr_vm_library/native_binding/native_binding_dispatch.c	native_binding_dispatcher::self_copy_alloc_failure	block	native_binding_dispatcher	实例方法带所有权 self 且参数超过内联容量时，参数数组分配失败须释放 self	self 复制成功;参数数目超过 8;后续 RawMalloc 返回空	zr_vm_library/src/zr_vm_library/native_binding/native_binding_dispatch.c:443;zr_vm_core/src/zr_vm_core/ownership.c:801	BUG	BUG: Value_CopySlow 增加强引用后，两处分配失败直接返回而未 ReleaseValue
zr_vm_library/src/zr_vm_library/native_binding/native_binding_dispatch.c	native_binding_dispatcher::stack_top_after_growth	block	native_binding_dispatcher	错误时恢复 scratch 帧前栈顶必须使用锚点	通用 lane 需要 scratch;CheckStackAndAnchor 扩栈;回调失败	zr_vm_library/src/zr_vm_library/native_binding/native_binding_dispatch.c:555;zr_vm_core/src/zr_vm_core/function.c:1831	BUG	BUG: CheckStackAndAnchor 可移动栈；回调报错后使用过期指针
zr_vm_library/src/zr_vm_library/native_binding/native_binding_dispatch.c	ZrLib_CallContext_ReadInt::float_narrowing	block	ZrLib_CallContext_ReadInt	将脚本数值读作原生整数须验证有限及范围	传入 NaN、无穷或 int64 范围外浮点数	zr_vm_library/src/zr_vm_library/native_binding/native_binding_dispatch.c:1138;zr_vm_lib_ffi/src/zr_vm_lib_ffi/runtime.c:599	BUG	BUG: NaN、无穷或越界浮点转 int64 具有未定义行为
zr_vm_library/src/zr_vm_library/native_binding/native_binding_dispatch.c	ZrLib_Object_SetFieldCString::silent_failure	block	ZrLib_Object_SetFieldCString	字段写入失败须可由调用者观察，尤其隐藏 owner 和结构体结果	pin 或键分配失败;调用者继续发布对象	zr_vm_library/src/zr_vm_library/native_binding/native_binding_dispatch.c:1383;zr_vm_lib_ffi/src/zr_vm_lib_ffi/ffi_runtime/ffi_runtime_support.c:365	BUG	BUG: void setter 在 pin/分配失败时静默返回，调用者可发布不完整对象
zr_vm_library/src/zr_vm_library/native_binding/native_binding_dispatch.c	native_binding_array_try_push_dense_pair_pool_pinned::failed_copy_mutates	block	native_binding_array_try_push_dense_pair_pool_pinned	值复制失败时数组长度和元素应保持不变	Value_Copy 克隆或所有权处理失败;仍插入 pair	zr_vm_library/src/zr_vm_library/native_binding/native_binding_dispatch.c:1488;zr_vm_core/src/zr_vm_core/ownership.c:193	BUG	BUG: Copy 失败仍插入 pair，PushValue 可在返回 false 时已修改数组
zr_vm_library/src/zr_vm_library/native_binding/native_binding_dispatch.c	ZrLib_CallContext_WriteBackArgument::unchecked_value_copy	block	ZrLib_CallContext_WriteBackArgument	核查复制失败后是否仍可能返回成功并留下部分写回	结构体克隆或所有权引用取得失败；对两次 Value_Copy 做失败注入	zr_vm_library/src/zr_vm_library/native_binding/native_binding_dispatch.c:767;zr_vm_lib_ffi/src/zr_vm_lib_ffi/ffi_runtime/ffi_runtime_invoke.c:502;zr_vm_core/src/zr_vm_core/value.c:238	TODO	TODO: Value_Copy 为 void，回写函数只返回 bool；尚需确认异常展开是否保证阻断成功路径
zr_vm_library/src/zr_vm_library/native_binding/native_binding_call_binding.c	ZR_MEMBER_PARAMETER_COUNT_UNKNOWN	macro	native_cb_*_parameter_count;parser identity writer	让缺失形参描述的变长成员保留未知数量身份	值须与 parser 哨兵一致	zr_vm_library/src/zr_vm_library/native_binding/native_binding_call_binding.c:15;zr_vm_parser/src/zr_vm_parser/type_inference/type_inference_native.c:3302	commented	跨层签名约定
zr_vm_library/src/zr_vm_library/native_binding/native_binding_call_binding.c	CZrNativeCallBindingSignaturePrefix	state	native_cb_signature_hash	隔离 native member 签名 hash 域	版本变更需同步 parser 编码	zr_vm_library/src/zr_vm_library/native_binding/native_binding_call_binding.c:19;zr_vm_parser/src/zr_vm_parser/type_inference/type_inference_native.c:376	commented	持久身份前缀
zr_vm_library/src/zr_vm_library/native_binding/native_binding_call_binding.c	native_cb_string_length	function	native_cb_size_string;native_cb_write_string	统一可选文本长度语义	NULL 按零长度编码	zr_vm_library/src/zr_vm_library/native_binding/native_binding_call_binding.c:25;zr_vm_library/src/zr_vm_library/native_binding/native_binding_call_binding.c:39;zr_vm_library/src/zr_vm_library/native_binding/native_binding_call_binding.c:58	commented	跨层空值约定
zr_vm_library/src/zr_vm_library/native_binding/native_binding_call_binding.c	native_cb_size_add	function	native_cb_size_string;native_cb_signature_hash	保护签名缓冲尺寸	溢出返回 false	zr_vm_library/src/zr_vm_library/native_binding/native_binding_call_binding.c:30;zr_vm_library/src/zr_vm_library/native_binding/native_binding_call_binding.c:68	commented	失败影响身份生成
zr_vm_library/src/zr_vm_library/native_binding/native_binding_call_binding.c	native_cb_size_string	function	native_cb_signature_hash	计算长度前缀文本占用	超过 UINT32_MAX 拒绝	zr_vm_library/src/zr_vm_library/native_binding/native_binding_call_binding.c:39;zr_vm_library/src/zr_vm_library/native_binding/native_binding_call_binding.c:68	commented	与落盘格式一致
zr_vm_library/src/zr_vm_library/native_binding/native_binding_call_binding.c	native_cb_write_u32	function	native_cb_write_string;native_cb_signature_hash	稳定写入签名数值字段	固定小端序	zr_vm_library/src/zr_vm_library/native_binding/native_binding_call_binding.c:50;zr_vm_parser/src/zr_vm_parser/type_inference/type_inference_native.c:365	commented	跨平台身份一致
zr_vm_library/src/zr_vm_library/native_binding/native_binding_call_binding.c	native_cb_write_string	function	native_cb_signature_hash	稳定写入签名文本字段	调用方先完成尺寸校验	zr_vm_library/src/zr_vm_library/native_binding/native_binding_call_binding.c:58;zr_vm_library/src/zr_vm_library/native_binding/native_binding_call_binding.c:68;zr_vm_parser/src/zr_vm_parser/type_inference/type_inference_native.c:367	commented	与 parser 字段格式对应
zr_vm_library/src/zr_vm_library/native_binding/native_binding_call_binding.c	native_cb_signature_hash	function	native_cb_assign_identity	产生 compiler 与 registry 共识的 member 签名	签名输入不含参数名;分配失败返回零	zr_vm_library/src/zr_vm_library/native_binding/native_binding_call_binding.c:68;zr_vm_library/src/zr_vm_library/native_binding/native_binding_call_binding.c:211;zr_vm_parser/src/zr_vm_parser/type_inference/type_inference_native.c:350	commented	持久链接关键契约
zr_vm_library/src/zr_vm_library/native_binding/native_binding_call_binding.c	native_cb_method_parameter_count	function	native_cb_assign_identity	把 method 形参数规范成 parser 身份字段	缺描述且 arity 非固定时用未知哨兵	zr_vm_library/src/zr_vm_library/native_binding/native_binding_call_binding.c:125;zr_vm_library/src/zr_vm_library/native_binding/native_binding_call_binding.c:253;zr_vm_parser/src/zr_vm_parser/type_inference/type_inference_native.c:3558	commented	跨层数量规则
zr_vm_library/src/zr_vm_library/native_binding/native_binding_call_binding.c	native_cb_function_parameter_count	function	native_cb_assign_identity	把模块函数形参数规范成 parser 身份字段	缺描述且 arity 非固定时用未知哨兵	zr_vm_library/src/zr_vm_library/native_binding/native_binding_call_binding.c:139;zr_vm_library/src/zr_vm_library/native_binding/native_binding_call_binding.c:208;zr_vm_parser/src/zr_vm_parser/type_inference/type_inference_native.c:3243	commented	跨层数量规则
zr_vm_library/src/zr_vm_library/native_binding/native_binding_call_binding.c	native_cb_meta_parameter_count	function	native_cb_assign_identity	把 meta 形参数规范成 parser 身份字段	缺描述且 arity 非固定时用未知哨兵	zr_vm_library/src/zr_vm_library/native_binding/native_binding_call_binding.c:153;zr_vm_library/src/zr_vm_library/native_binding/native_binding_call_binding.c:291;zr_vm_parser/src/zr_vm_parser/type_inference/type_inference_native.c:3643	commented	跨层数量规则
zr_vm_library/src/zr_vm_library/native_binding/native_binding_call_binding.c	native_cb_advance_rid	function	native_cb_assign_identity	限制持久 token 的 RID 增长	超越 RID_MASK 整体身份失败	zr_vm_library/src/zr_vm_library/native_binding/native_binding_call_binding.c:163;zr_vm_library/src/zr_vm_library/native_binding/native_binding_call_binding.c:221	commented	token 空间不变量
zr_vm_library/src/zr_vm_library/native_binding/native_binding_call_binding.c	native_cb_entry_descriptor	function	ZrLibrary_NativeRegistry_ResolveCallBinding;ZrLibrary_NativeRegistry_GetCallBindingIdentity	按类别恢复 entry 所指原始描述符	entry 类别须与 union 分支匹配	zr_vm_library/src/zr_vm_library/native_binding/native_binding_call_binding.c:171;zr_vm_library/src/zr_vm_library/native_binding/native_binding_call_binding.c:483;zr_vm_library/src/zr_vm_library/native_binding/native_binding_call_binding.c:580	commented	运行时重新核对身份
zr_vm_library/src/zr_vm_library/native_binding/native_binding_call_binding.c	native_cb_assign_identity	function	native_registry_assign_call_binding_identity;ZrLibrary_NativeCallBinding_GetDescriptorContract	重放 parser 的 member/signature RID 分配	descriptor 必须为 module 原数组元素;失败保持零身份	zr_vm_library/src/zr_vm_library/native_binding/native_binding_call_binding.c:182;zr_vm_library/src/zr_vm_library/native_binding/native_binding_call_binding.c:310;zr_vm_library/src/zr_vm_library/native_binding/native_binding_call_binding.c:349;zr_vm_parser/src/zr_vm_parser/type_inference/type_inference_native.c:3251	commented	token 顺序决定落盘兼容性
zr_vm_library/src/zr_vm_library/native_binding/native_binding_call_binding.c	native_cb_assign_identity::member_order	block	native_cb_assign_identity	函数常量链接类型方法依次占用 RID;meta 后追加	变更顺序需同步 parser 与 artifact	zr_vm_library/src/zr_vm_library/native_binding/native_binding_call_binding.c:203;zr_vm_library/src/zr_vm_library/native_binding/native_binding_call_binding.c:271;zr_vm_parser/src/zr_vm_parser/type_inference/type_inference_native.c:3288;zr_vm_parser/src/zr_vm_parser/type_inference/type_inference_native.c:3569	commented	跨层 RID 顺序
zr_vm_library/src/zr_vm_library/native_binding/native_binding_call_binding.c	native_registry_assign_call_binding_identity	function	native_binding_make_callable_value	在注册 closure 时缓存标量身份	返回 false 表示零身份不可用于静态链接	zr_vm_library/src/zr_vm_library/native_binding/native_binding_call_binding.c:302;zr_vm_library/src/zr_vm_library/native_binding/native_binding_registry_plugin.c:831	commented	注册期与编译期共用身份
zr_vm_library/src/zr_vm_library/native_binding/native_binding_call_binding.c	native_registry_assign_call_binding_identity::ignored_failure	block	native_registry_assign_call_binding_identity	身份生成失败应阻止发布不可链接 entry	分配失败返回 false 但调用者丢弃	zr_vm_library/src/zr_vm_library/native_binding/native_binding_call_binding.c:314;zr_vm_library/src/zr_vm_library/native_binding/native_binding_registry_plugin.c:828-831	BUG	BUG: OOM 可达时直接调用仍可用而编译调用无法链接
zr_vm_library/src/zr_vm_library/native_binding/native_binding_call_binding.c	ZrLibrary_NativeCallBinding_GetDescriptorContract	function	zr_vm_parser/src/zr_vm_parser/type_inference/type_inference_native.c:3264;zr_vm_parser/src/zr_vm_parser/type_inference/type_inference_native.c:3583;zr_vm_parser/src/zr_vm_parser/type_inference/type_inference_native.c:3672;ZrLibrary_NativeRegistry_ResolveCallBinding;ZrLibrary_NativeRegistry_GetCallBindingIdentity;tests/library/test_call_binding_native_registry.c:245	将描述符映为可落盘契约	方法 type 必须指向 module 内所属类型;失败输出清零	zr_vm_library/src/zr_vm_library/native_binding/native_binding_call_binding.c:321;zr_vm_parser/src/zr_vm_parser/type_inference/type_inference_native.c:3264;zr_vm_library/src/zr_vm_library/native_binding/native_binding_call_binding.c:481	commented	公开契约入口
zr_vm_library/src/zr_vm_library/native_binding/native_binding_call_binding.c	ZrLibrary_NativeRegistry_ResolveCallBinding	function	native_registry_link_call_binding;tests/library/test_call_binding_native_registry.c:259	按模块及成员稳定身份找当前 native closure	依赖 registry materialize;调用方可不传 diagnostic	zr_vm_library/src/zr_vm_library/native_binding/native_binding_call_binding.c:390;zr_vm_library/src/zr_vm_library/native_binding/native_binding_call_binding.c:515;tests/library/test_call_binding_native_registry.c:259	commented	运行时链接入口
zr_vm_library/src/zr_vm_library/native_binding/native_binding_call_binding.c	ZrLibrary_NativeRegistry_ResolveCallBinding::null_diagnostic_status	block	ZrLibrary_NativeRegistry_ResolveCallBinding	保留 CheckContract 的精确错误类别	diagnostic=NULL 时当前折叠为 MISSING_CONTRACT	zr_vm_library/src/zr_vm_library/native_binding/native_binding_call_binding.c:405;zr_vm_core/src/zr_vm_core/call_binding.c:30;zr_vm_core/src/zr_vm_core/call_binding.c:49	BUG	BUG: INVALID_TOKEN 等返回状态丢失
zr_vm_library/src/zr_vm_library/native_binding/native_binding_call_binding.c	ZrLibrary_NativeRegistry_ResolveCallBinding::rematerialized_duplicate	block	ZrLibrary_NativeRegistry_ResolveCallBinding	重载后仍须唯一定位当前 provider entry	旧 bindingEntries 不随缓存移除;新导入继续追加	zr_vm_library/src/zr_vm_library/native_binding/native_binding_call_binding.c:474;zr_vm_core/src/zr_vm_core/module/module.c:303;zr_vm_library/src/zr_vm_library/native_binding/native_binding_registry_plugin.c:759;zr_vm_library/src/zr_vm_library/native_binding/native_binding_registry_plugin.c:831	BUG	BUG: 相同身份出现两次即 AMBIGUOUS_TARGET 且诊断未设置
zr_vm_library/src/zr_vm_library/native_binding/native_binding_call_binding.c	native_registry_link_call_binding	function	zr_vm_core/src/zr_vm_core/call_binding_link.c:149 经 global->callBindingModuleResolver 间接调用	把解析结果写入调用点缓存并建立 GC 与 PIC 守卫	模块不匹配时可交给宿主 resolver;失败失效旧目标	zr_vm_library/src/zr_vm_library/native_binding/native_binding_call_binding.c:504;zr_vm_library/src/zr_vm_library/native_binding/native_binding.c:140;zr_vm_library/src/zr_vm_library/native_binding/native_binding_call_binding.c:555	commented	core 到 native registry 桥接
zr_vm_library/src/zr_vm_library/native_binding/native_binding_call_binding.c	native_registry_link_call_binding::pic_guard	block	native_registry_link_call_binding	把 owner 与 closure 写屏障后用于后续缓存守卫	owner 存在时才填 PIC;对象须仍由函数追踪	zr_vm_library/src/zr_vm_library/native_binding/native_binding_call_binding.c:534;zr_vm_library/src/zr_vm_library/native_binding/native_binding_call_binding.c:555	commented	缓存存活与布局守卫
zr_vm_library/src/zr_vm_library/native_binding/native_binding_call_binding.c	ZrLibrary_NativeRegistry_GetCallBindingIdentity	function	tests/library/test_call_binding_native_registry.c:239	从 registry 管理的 closure 反查可序列化契约	非 registry closure 或零身份失败	zr_vm_library/src/zr_vm_library/native_binding/native_binding_call_binding.c:562;tests/library/test_call_binding_native_registry.c:239	commented	公开反查入口
zr_vm_library/src/zr_vm_library/native_binding/native_binding_call_binding_hash.c	CZrNativeContractHashPrefix	state	native_contract_hash_bytes	为模块与类型身份提供版本化 hash 域	格式改变须同步落盘契约	zr_vm_library/src/zr_vm_library/native_binding/native_binding_call_binding_hash.c:6;zr_vm_library/src/zr_vm_library/native_binding/native_binding_call_binding_hash.c:16	commented	稳定 hash 边界
zr_vm_library/src/zr_vm_library/native_binding/native_binding_call_binding_hash.c	SZrNativeContractHash	type	native_contract_hash_bytes;native_registry_call_binding_type_hash;ComputeModuleSignatureHash	让失效状态贯穿嵌套描述符遍历	valid=false 后结果必须为零	zr_vm_library/src/zr_vm_library/native_binding/native_binding_call_binding_hash.c:11;zr_vm_library/src/zr_vm_library/native_binding/native_binding_call_binding_hash.c:179;zr_vm_library/src/zr_vm_library/native_binding/native_binding_call_binding_hash.c:188	commented	失败传播不变量
zr_vm_library/src/zr_vm_library/native_binding/native_binding_call_binding_hash.c	native_contract_hash_bytes	function	native_contract_hash_u64;native_contract_hash_string	链式吸收值及长度以分隔字段边界	NULL 且非零长度使整体失效	zr_vm_library/src/zr_vm_library/native_binding/native_binding_call_binding_hash.c:17;zr_vm_library/src/zr_vm_library/native_binding/native_binding_call_binding_hash.c:34;zr_vm_library/src/zr_vm_library/native_binding/native_binding_call_binding_hash.c:41	commented	稳定编码核心
zr_vm_library/src/zr_vm_library/native_binding/native_binding_call_binding_hash.c	native_contract_hash_u64	function	native_contract_hash_array;native_contract_hash_parameters;native_contract_hash_function;native_contract_hash_method;native_contract_hash_meta;native_contract_hash_type;ZrLibrary_NativeRegistry_ComputeModuleSignatureHash	按固定小端序吸收整数声明	调用者保持字段顺序	zr_vm_library/src/zr_vm_library/native_binding/native_binding_call_binding_hash.c:34;zr_vm_library/src/zr_vm_library/native_binding/native_binding_call_binding_hash.c:88;zr_vm_library/src/zr_vm_library/native_binding/native_binding_call_binding_hash.c:195	commented	跨平台哈希一致
zr_vm_library/src/zr_vm_library/native_binding/native_binding_call_binding_hash.c	native_contract_hash_string	function	native_contract_hash_parameters;native_contract_hash_generics;native_contract_hash_function;native_contract_hash_method;native_contract_hash_meta;native_contract_hash_type;native_registry_call_binding_type_hash;ZrLibrary_NativeRegistry_ComputeModuleSignatureHash	吸收公开文本声明	NULL 与空串当前同义	zr_vm_library/src/zr_vm_library/native_binding/native_binding_call_binding_hash.c:41;zr_vm_library/src/zr_vm_library/native_binding/native_binding_call_binding_hash.c:65;zr_vm_library/src/zr_vm_library/native_binding/native_binding_call_binding_hash.c:191	commented	可选字段契约
zr_vm_library/src/zr_vm_library/native_binding/native_binding_call_binding_hash.c	native_contract_hash_array	function	native_contract_hash_parameters;native_contract_hash_generics;native_contract_hash_type;ZrLibrary_NativeRegistry_ComputeModuleSignatureHash	加入集合数量并核验遍历范围	不完整数组使整体失效	zr_vm_library/src/zr_vm_library/native_binding/native_binding_call_binding_hash.c:46;zr_vm_library/src/zr_vm_library/native_binding/native_binding_call_binding_hash.c:62;zr_vm_library/src/zr_vm_library/native_binding/native_binding_call_binding_hash.c:200	commented	结构边界与输入约束
zr_vm_library/src/zr_vm_library/native_binding/native_binding_call_binding_hash.c	native_contract_hash_parameters	function	native_contract_hash_function;native_contract_hash_method;native_contract_hash_meta	记录参数名类型与传递方式	按声明顺序稳定遍历	zr_vm_library/src/zr_vm_library/native_binding/native_binding_call_binding_hash.c:59;zr_vm_library/src/zr_vm_library/native_binding/native_binding_call_binding_hash.c:92;zr_vm_library/src/zr_vm_library/native_binding/native_binding_call_binding_hash.c:108	commented	调用约定组成部分
zr_vm_library/src/zr_vm_library/native_binding/native_binding_call_binding_hash.c	native_contract_hash_generics	function	native_contract_hash_function;native_contract_hash_method;native_contract_hash_meta;native_contract_hash_type	记录泛型及其约束列表	子数组无效时传播失败	zr_vm_library/src/zr_vm_library/native_binding/native_binding_call_binding_hash.c:71;zr_vm_library/src/zr_vm_library/native_binding/native_binding_call_binding_hash.c:93;zr_vm_library/src/zr_vm_library/native_binding/native_binding_call_binding_hash.c:137	commented	编译期契约组成部分
zr_vm_library/src/zr_vm_library/native_binding/native_binding_call_binding_hash.c	native_contract_hash_function	function	ZrLibrary_NativeRegistry_ComputeModuleSignatureHash	区分模块公开函数签名	callback 地址及文档不参与身份	zr_vm_library/src/zr_vm_library/native_binding/native_binding_call_binding_hash.c:86;zr_vm_library/src/zr_vm_library/native_binding/native_binding_call_binding_hash.c:202	commented	声明与实现分离
zr_vm_library/src/zr_vm_library/native_binding/native_binding_call_binding_hash.c	native_contract_hash_method	function	native_contract_hash_type	记录方法静态性与属性引用语义	依赖 descriptor 有效	zr_vm_library/src/zr_vm_library/native_binding/native_binding_call_binding_hash.c:99;zr_vm_library/src/zr_vm_library/native_binding/native_binding_call_binding_hash.c:161	commented	成员调用兼容性
zr_vm_library/src/zr_vm_library/native_binding/native_binding_call_binding_hash.c	native_contract_hash_meta	function	native_contract_hash_type	记录构造器或运算符对外调用声明	callback 地址不参与身份	zr_vm_library/src/zr_vm_library/native_binding/native_binding_call_binding_hash.c:116;zr_vm_library/src/zr_vm_library/native_binding/native_binding_call_binding_hash.c:164	commented	meta 调用兼容性
zr_vm_library/src/zr_vm_library/native_binding/native_binding_call_binding_hash.c	native_contract_hash_type	function	native_registry_call_binding_type_hash;ZrLibrary_NativeRegistry_ComputeModuleSignatureHash	记录 owner 布局及类型声明	嵌套数组错误使整个 hash 无效	zr_vm_library/src/zr_vm_library/native_binding/native_binding_call_binding_hash.c:129;zr_vm_library/src/zr_vm_library/native_binding/native_binding_call_binding_hash.c:183;zr_vm_library/src/zr_vm_library/native_binding/native_binding_call_binding_hash.c:217	commented	owner 与模块身份共用
zr_vm_library/src/zr_vm_library/native_binding/native_binding_call_binding_hash.c	native_registry_call_binding_type_hash	function	ZrLibrary_NativeCallBinding_GetDescriptorContract	生成 owner layoutHash 用于链接守卫	NULL 或无效描述符返回零	zr_vm_library/src/zr_vm_library/native_binding/native_binding_call_binding_hash.c:179;zr_vm_library/src/zr_vm_library/native_binding/native_binding_call_binding.c:377	commented	独立类型身份
zr_vm_library/src/zr_vm_library/native_binding/native_binding_call_binding_hash.c	ZrLibrary_NativeRegistry_ComputeModuleSignatureHash	function	native_registry_assign_call_binding_identity;ZrLibrary_NativeCallBinding_GetDescriptorContract;ZrLibrary_NativeRegistry_ResolveCallBinding;tests/library/test_call_binding_native_registry.c:193;tests/library/test_call_binding_native_registry.c:255	为 provider 声明生成稳定模块身份	descriptor 需保持有效且不可变;无效输入返回零	zr_vm_library/src/zr_vm_library/native_binding/native_binding_call_binding_hash.c:188;zr_vm_library/src/zr_vm_library/native_binding/native_binding_call_binding.c:310;zr_vm_library/src/zr_vm_library/native_binding/native_binding_call_binding.c:421	commented	落盘与运行时共同使用
zr_vm_library/src/zr_vm_library/native_binding/native_binding_call_binding_hash.c	ZrLibrary_NativeRegistry_ComputeModuleSignatureHash::constant_payload	block	ZrLibrary_NativeRegistry_ComputeModuleSignatureHash	确认公开常量值是否属于模块兼容性边界	当前 hash 只吸收 name/type/kind	zr_vm_library/src/zr_vm_library/native_binding/native_binding_call_binding_hash.c:205;zr_vm_library/src/zr_vm_library/native_binding/native_binding_metadata.c:181;zr_vm_library/src/zr_vm_library/native_binding/native_binding_metadata.c:1023	TODO	TODO: 重载同名 provider 并修改常量值后验证契约是否应变化
zr_vm_library/include/zr_vm_library/native_binding.h	EZrLibModuleCapability	type	ZrLibModuleDescriptor.requiredCapabilities;ZrLibrary_NativeCall_Prepare;native_registry_validate_descriptor_compatibility	模块描述符声明运行时必须提供的能力；注册与调用计划共用此集合做兼容性检查。	位掩码只使用已声明能力位；新增能力须同步运行时集合和计划校验	zr_vm_library/include/zr_vm_library/native_binding.h:24	commented	已依据声明、实现及消费路径补充职责和边界注释
zr_vm_library/include/zr_vm_library/native_binding.h	ZR_VM_NATIVE_RUNTIME_CAPABILITIES	macro	zr_vm_lib_ffi/src/zr_vm_lib_ffi/ffi_runtime/ffi_runtime_contract.c:407;zr_vm_library/src/zr_vm_library/native_binding/native_binding_support.c:703;zr_vm_library/src/zr_vm_library/native_binding/native_call_plan.c:21	注册器与调用计划使用同一能力上界，避免编译期可见而执行期不可用的契约。	位集合须与注册兼容性和调用计划校验一致，不是描述符初始化器	zr_vm_library/include/zr_vm_library/native_binding.h:34	commented	已依据声明、实现及消费路径补充职责和边界注释
zr_vm_library/include/zr_vm_library/native_binding.h	EZrLibConstantKind	type	zr_vm_rust_binding/src/zr_vm_rust_binding/native.c:1550;zr_vm_library/src/zr_vm_library/native_binding/native_binding_metadata.c:183	常量描述符的序列化类别，供模块物化与编译期投影共享。	kind 决定常量 payload 联合体成员；错误 kind 会使物化值与声明不符	zr_vm_library/include/zr_vm_library/native_binding.h:40	commented	已依据声明、实现及消费路径补充职责和边界注释
zr_vm_library/include/zr_vm_library/native_binding.h	ZrLibTypeHintDescriptor	type	zr_vm_language_server/src/zr_vm_language_server/metadata/lsp_metadata_provider.c:756;zr_vm_language_server/src/zr_vm_language_server/metadata/lsp_native_declaration_projection.c:255;zr_vm_lib_ffi/src/zr_vm_lib_ffi/module.c:254	暴露给类型推断和工具链的符号提示；文本由描述符提供者维持有效。	name/typeName 借用描述符静态存储；提示数组与 count 须配对并覆盖注册期	zr_vm_library/include/zr_vm_library/native_binding.h:50	commented	已依据声明、实现及消费路径补充职责和边界注释
zr_vm_library/include/zr_vm_library/native_binding.h	ZrLibFieldDescriptor	type	zr_vm_language_server/src/zr_vm_language_server/interface/lsp_interface_support.c:1910;zr_vm_language_server/src/zr_vm_language_server/lsp_virtual_documents.c:80;zr_vm_language_server/src/zr_vm_language_server/metadata/lsp_metadata_provider.c:561	字段的公开契约与运行时可见性，物化器据此生成成员和引用属性。	字段名/typeName 借用描述符；角色及读写标志进入反射与构造 ABI	zr_vm_library/include/zr_vm_library/native_binding.h:58	commented	已依据声明、实现及消费路径补充职责和边界注释
zr_vm_library/include/zr_vm_library/native_binding.h	EZrLibReferenceAccess	type	ZrLibMethodDescriptor.propertyReferenceAccess;ZrLibrary_NativeCallBinding_GetDescriptorContract;native_registry_add_methods	属性引用的读写许可；编译器与运行时须对同一属性使用相同模式。	属性引用访问枚举须与 ref/out 编译器及运行时一致；它是值域而非借用对象	zr_vm_library/include/zr_vm_library/native_binding.h:68	commented	已依据声明、实现及消费路径补充职责和边界注释
zr_vm_library/include/zr_vm_library/native_binding.h	EZrLibParameterPassingMode	type	tests/module/test_module_system.c:846	参数传递契约，区分值、只读输入及需写回的 out/ref 参数。	仅合法 passing mode 可进入 ref/out 绑定；注册校验需覆盖参数表	zr_vm_library/include/zr_vm_library/native_binding.h:75	commented	已依据声明、实现及消费路径补充职责和边界注释
zr_vm_library/include/zr_vm_library/native_binding.h	ZrLibParameterDescriptor	type	zr_vm_core/src/zr_vm_core/object/object_call.c:34;zr_vm_language_server/src/zr_vm_language_server/metadata/lsp_metadata_provider.c:2184;zr_vm_language_server/src/zr_vm_language_server/metadata/lsp_native_declaration_projection.c:226	可调用项的参数元数据；注册时校验 passingMode，调用绑定据此建立借用及写回契约。	name/typeName 借用描述符；passingMode 与数量表在注册及调用期须有效	zr_vm_library/include/zr_vm_library/native_binding.h:83	commented	已依据声明、实现及消费路径补充职责和边界注释
zr_vm_library/include/zr_vm_library/native_binding.h	ZrLibGenericParameterDescriptor	type	zr_vm_core/src/zr_vm_core/object/object_call.c:40;zr_vm_language_server/src/zr_vm_language_server/interface/lsp_interface_support.c:2960;zr_vm_language_server/src/zr_vm_language_server/metadata/lsp_native_declaration_projection.c:198	泛型形参及约束的只读描述，由类型推断和工具链消费。	泛型名与约束类型名借用描述符；constraintCount>0 时数组须可索引	zr_vm_library/include/zr_vm_library/native_binding.h:91	commented	已依据声明、实现及消费路径补充职责和边界注释
zr_vm_library/include/zr_vm_library/native_binding.h	ZrLibEnumMemberDescriptor	type	zr_vm_language_server/src/zr_vm_language_server/metadata/lsp_native_declaration_projection.c:602;zr_vm_rust_binding/src/zr_vm_rust_binding/native.c:32;zr_vm_library/src/zr_vm_library/native_binding/native_binding_call_binding_hash.c:166	枚举成员的类型和值描述，供模块物化与静态类型投影使用。	成员名和值属于 enum 描述符；数组计数与指针须配对并覆盖物化期	zr_vm_library/include/zr_vm_library/native_binding.h:99	commented	已依据声明、实现及消费路径补充职责和边界注释
zr_vm_library/include/zr_vm_library/native_binding.h	ZrLibValueView	type	首方未见构造或消费；对外 ABI 用途待核	公开头声明的 Native 值借用视图，携带值指针、运行时类型和类型名。	value 与 typeName 不转移所有权；任何使用者须保证它们在借用期间有效。	zr_vm_library/include/zr_vm_library/native_binding.h:112	TODO	TODO: 仓库首方调用链未见构造或读取；外部 ABI 使用者与保留必要性尚未证实，需在后续扫描确认。
zr_vm_library/include/zr_vm_library/native_binding.h	ZrLibInlineSpan	type	zr_vm_library/src/zr_vm_library/native_binding/native_binding_dispatch.c:791;tests/container/test_pooling_closed_type_runtime.c:401;tests/core/test_native_inline_span_dispatch.c:22	内联实参在当前栈帧中的借用字节区间；栈增长或安全点后地址需重取。	字节区间借用原 VM 帧；栈增长、安全点或调用结束后需重取	zr_vm_library/include/zr_vm_library/native_binding.h:119	commented	已依据声明、实现及消费路径补充职责和边界注释
zr_vm_library/include/zr_vm_library/native_binding.h	ZrLibInlineArgumentView	type	zr_vm_lib_container/src/zr_vm_lib_container/pooling_generational_runtime.c:214;zr_vm_library/src/zr_vm_library/native_binding/native_binding_argument_view.c:21;tests/container/test_pooling_closed_type_runtime.c:400	将借用的内联区间绑定到已校验的布局注册表，供池化等零复制路径使用。	span/layout 借用当前帧和函数元数据；不得跨 GC 或栈重排保存裸地址	zr_vm_library/include/zr_vm_library/native_binding.h:128	commented	已依据声明、实现及消费路径补充职责和边界注释
zr_vm_library/include/zr_vm_library/native_binding.h	ZrLibCallContext	type	zr_vm_core/src/zr_vm_core/object/object_call.c:47;zr_vm_core/src/zr_vm_core/object/object_index_contract_direct_binding.c:82;zr_vm_lib_container/src/zr_vm_lib_container/contiguous_view.c:19	一次 Native 回调的描述符、实参及栈布局快照；仅在回调期间有效。 argumentValues 与栈地址可能因 GC 或栈增长改变，使用公开访问器重取。	context 仅在本次同步调用有效；state、帧锚点及描述符不得提前失效	zr_vm_library/include/zr_vm_library/native_binding.h:137	commented	已依据声明、实现及消费路径补充职责和边界注释
zr_vm_library/include/zr_vm_library/native_binding.h	ZrLibTempValueRoot	type	zr_vm_aot/tests/parser/test_execbc_aot_pipeline.c:3747;zr_vm_lib_container/src/zr_vm_lib_container/pooling.c:182;zr_vm_lib_container/src/zr_vm_lib_container/pooling_generational_runtime.c:455	在 Native 回调内跨分配点保护临时值的栈根；Begin/End 必须成对使用。	Begin 成功后根槽由 VM 栈持有；按嵌套逆序 End，扩栈后旧槽地址失效	zr_vm_library/include/zr_vm_library/native_binding.h:163	commented	已依据声明、实现及消费路径补充职责和边界注释
zr_vm_library/include/zr_vm_library/native_binding.h	FZrLibBoundCallback	type	zr_vm_core/src/zr_vm_core/object/object_call.c:72;zr_vm_library/src/zr_vm_library/native_binding/native_binding_dispatch_lanes.c:50;tests/core/test_object_call_known_native_fast_path.c:1202	描述符的运行时调用入口；成功时按 dispatchFlags 写入 result。	callback 仅在有效 context/结果槽下调用；失败须结合返回布尔和 VM 状态	zr_vm_library/include/zr_vm_library/native_binding.h:186	commented	已依据声明、实现及消费路径补充职责和边界注释
zr_vm_library/include/zr_vm_library/native_binding.h	FZrLibMetaMethodReadonlyInlineGetFastCallback	type	zr_vm_core/src/zr_vm_core/object/object_call.c:73	只读内联 getter 的受限快速路径，绕开通用调用上下文。	只读 inline get 仅在匹配元方法 ABI 上调用；结果按声明类型解释	zr_vm_library/include/zr_vm_library/native_binding.h:188	commented	已依据声明、实现及消费路径补充职责和边界注释
zr_vm_library/include/zr_vm_library/native_binding.h	FZrLibMetaMethodReadonlyInlineSetNoResultFastCallback	type	zr_vm_core/src/zr_vm_core/object/object_call.c:77	无结果内联 setter 的受限快速路径；调用方负责保证接收者布局有效。	只读 inline set 无结果回调仅在匹配 ABI 上调用；不能以返回值判定写入	zr_vm_library/include/zr_vm_library/native_binding.h:193	commented	已依据声明、实现及消费路径补充职责和边界注释
zr_vm_library/include/zr_vm_library/native_binding.h	EZrLibNativeDispatchFlag	type	native_binding_entry_dispatch_flags_inline;native_binding_can_use_stack_root_lane_inline;zr_vm_core/src/zr_vm_core/object/object_call.c:172	Native 调用的栈根、结果和安全点约束；生成闭包与 core 快速分派必须一致解释。	位标志控制 GC safepoint 与快路准入；冲突标志不可并行进入同一 lane	zr_vm_library/include/zr_vm_library/native_binding.h:199	commented	已依据声明、实现及消费路径补充职责和边界注释
zr_vm_library/include/zr_vm_library/native_binding.h	ZrLibFunctionDescriptor	type	zr_vm_core/src/zr_vm_core/object/object_call.c:30;zr_vm_core/src/zr_vm_core/object/object_index_contract_direct_binding.c:32;zr_vm_language_server/src/zr_vm_language_server/metadata/lsp_metadata_provider.c:795	模块函数的声明与回调契约；编译器、模块物化器及分派器共用同一描述符。	函数名、参数表、回调须覆盖注册及闭包执行期；数量和表指针须配对	zr_vm_library/include/zr_vm_library/native_binding.h:217	commented	已依据声明、实现及消费路径补充职责和边界注释
zr_vm_library/include/zr_vm_library/native_binding.h	ZrLibMethodDescriptor	type	zr_vm_core/src/zr_vm_core/object/object_call.c:31;zr_vm_core/src/zr_vm_core/object/object_index_contract_direct_binding.c:36;zr_vm_language_server/src/zr_vm_language_server/interface/lsp_interface_support.c:1918	类型方法契约，含静态性及属性引用语义；物化后的闭包借用此描述符。	方法须对应声明类型；isStatic/propertyReferenceAccess 改变 receiver/ref-out 语义	zr_vm_library/include/zr_vm_library/native_binding.h:233	commented	已依据声明、实现及消费路径补充职责和边界注释
zr_vm_library/include/zr_vm_library/native_binding.h	ZrLibMetaMethodDescriptor	type	zr_vm_core/src/zr_vm_core/object/object_call.c:32;zr_vm_core/src/zr_vm_core/object/object_index_contract_direct_binding.c:40;zr_vm_language_server/src/zr_vm_language_server/metadata/lsp_native_declaration_projection.c:545	运算符/元方法契约；可选快速回调只适用于声明的内联布局和分派标志。	元方法 kind 须在有效枚举内；receiver、参数与回调 ABI 须匹配	zr_vm_library/include/zr_vm_library/native_binding.h:253	commented	已依据声明、实现及消费路径补充职责和边界注释
zr_vm_library/include/zr_vm_library/native_binding.h	ZrLibConstantDescriptor	type	zr_vm_language_server/src/zr_vm_language_server/metadata/lsp_metadata_provider.c:785;zr_vm_language_server/src/zr_vm_language_server/metadata/lsp_native_declaration_projection.c:431;zr_vm_lib_container/src/zr_vm_lib_container/pooling.c:919	模块常量及其显式类型名称，供物化与编译期公共契约投影。	kind 决定常量 payload 成员；name/typeName 及引用值须覆盖物化期	zr_vm_library/include/zr_vm_library/native_binding.h:271	commented	已依据声明、实现及消费路径补充职责和边界注释
zr_vm_library/include/zr_vm_library/native_binding.h	ZrLibModuleLinkDescriptor	type	zr_vm_language_server/src/zr_vm_language_server/interface/lsp_interface_support.c:1818;zr_vm_language_server/src/zr_vm_language_server/metadata/lsp_metadata_provider.c:775;zr_vm_language_server/src/zr_vm_language_server/metadata/lsp_native_declaration_projection.c:410	模块导出的依赖链接；物化器按名称导入目标模块。	目标模块名借用描述符；导入按需解析，插件卸载后不可继续持有	zr_vm_library/include/zr_vm_library/native_binding.h:283	commented	已依据声明、实现及消费路径补充职责和边界注释
zr_vm_library/include/zr_vm_library/native_binding.h	ZrLibAttributeRoleDescriptor	type	zr_vm_lib_testing/src/zr_vm_lib_testing/runtime/descriptor.c:117;zr_vm_library/src/zr_vm_library/native_binding/native_binding_call_binding_hash.c:222;tests/testing/test_assertions.c:44	属性的稳定角色 ID，供编译器识别原生注解而不依赖显示名称。	属性角色数组与 count 须配对；角色名和成员索引借用描述符	zr_vm_library/include/zr_vm_library/native_binding.h:290	commented	已依据声明、实现及消费路径补充职责和边界注释
zr_vm_library/include/zr_vm_library/native_binding.h	ZrLibCanonicalTypeRoleDescriptor	type	zr_vm_parser/src/zr_vm_parser/type_inference.c:2115;zr_vm_parser/src/zr_vm_parser/type_inference/type_inference_native.c:945;zr_vm_parser/src/zr_vm_parser/type_inference/type_inference_reflection_surface.c:3	提供者公开的规范类型角色和投影方式；类型推断按角色查找唯一提供者。	canonical role/projection 须在 descriptor 内唯一并满足 provider 完整性约束	zr_vm_library/include/zr_vm_library/native_binding.h:301	commented	已依据声明、实现及消费路径补充职责和边界注释
zr_vm_library/include/zr_vm_library/native_binding.h	FZrLibModuleMaterializeCallback	type	ZrLibModuleDescriptor.onMaterialize;native_registry_materialize_module	模块物化后的提供者扩展入口；仅在描述符仍存活时由加载器调用。	materialize 回调仅在描述符有效期内运行；module 由 VM 持有	zr_vm_library/include/zr_vm_library/native_binding.h:310	commented	已依据声明、实现及消费路径补充职责和边界注释
zr_vm_library/include/zr_vm_library/native_binding.h	ZrLibTypeDescriptor	type	zr_vm_core/src/zr_vm_core/object/object_call.c:29;zr_vm_core/src/zr_vm_core/object/object_index_contract_direct_binding.c:95;zr_vm_language_server/src/zr_vm_language_server/interface/lsp_interface_support.c:1775	原生类型的完整公开契约，包含成员、协议、构造和 FFI 降低信息。 所有数组与字符串均由提供者持有；注册表只借用 descriptor 指针。	字段、方法、枚举成员和泛型数组与各 count 须配对，运行时按下标物化	zr_vm_library/include/zr_vm_library/native_binding.h:317	commented	已依据声明、实现及消费路径补充职责和边界注释
zr_vm_library/include/zr_vm_library/native_binding.h	ZR_LIB_FIELD_DESCRIPTOR_INIT	macro	zr_vm_lib_container/src/zr_vm_lib_container/module.c:4017;zr_vm_lib_container/src/zr_vm_lib_container/pooling.c:761;zr_vm_lib_math/src/zr_vm_lib_math/complex/complex_registry.c:12	旧式字段声明的公共默认值；新增角色时用 ROLE_INIT 明确参与的契约。	静态初始化器字段顺序须匹配描述符 ABI	zr_vm_library/include/zr_vm_library/native_binding.h:347	commented	已依据声明、实现及消费路径补充职责和边界注释
zr_vm_library/include/zr_vm_library/native_binding.h	ZR_LIB_FIELD_DESCRIPTOR_ROLE_INIT	macro	zr_vm_lib_container/src/zr_vm_lib_container/module.c:4014;zr_vm_lib_container/src/zr_vm_lib_container/pooling.c:626;zr_vm_lib_ffi/src/zr_vm_lib_ffi/module.c:18	以稳定角色标记字段，供编译器与反射按契约查询。	静态初始化器字段顺序须匹配描述符 ABI	zr_vm_library/include/zr_vm_library/native_binding.h:351	commented	已依据声明、实现及消费路径补充职责和边界注释
zr_vm_library/include/zr_vm_library/native_binding.h	ZR_LIB_METHOD_DESCRIPTOR_INIT	macro	zr_vm_lib_container/src/zr_vm_lib_container/module.c:4023;zr_vm_lib_ffi/src/zr_vm_lib_ffi/module.c:53;zr_vm_lib_math/src/zr_vm_lib_math/complex/complex_registry.c:16	常规方法声明的默认属性与分派模式；变长描述符字段由此补齐。	静态初始化器字段顺序须匹配描述符 ABI	zr_vm_library/include/zr_vm_library/native_binding.h:355	commented	已依据声明、实现及消费路径补充职责和边界注释
zr_vm_library/include/zr_vm_library/native_binding.h	ZR_LIB_METHOD_DESCRIPTOR_ROLE_INIT	macro	zr_vm_lib_container/src/zr_vm_lib_container/module.c:4020;zr_vm_lib_ffi/src/zr_vm_lib_ffi/module.c:96;zr_vm_lib_iteration/src/zr_vm_lib_iteration/runtime/descriptor.c:30	将方法映射到跨模块合同角色，保留与普通方法相同的默认分派约束。	静态初始化器字段顺序须匹配描述符 ABI	zr_vm_library/include/zr_vm_library/native_binding.h:375	commented	已依据声明、实现及消费路径补充职责和边界注释
zr_vm_library/include/zr_vm_library/native_binding.h	ZR_LIB_TYPE_DESCRIPTOR_INIT	macro	zr_vm_lib_ffi/src/zr_vm_lib_ffi/module.c:165;zr_vm_lib_math/src/zr_vm_lib_math/complex/complex_registry.c:34;zr_vm_lib_math/src/zr_vm_lib_math/matrix/matrix3x3_registry.c:40	不声明协议或 FFI 降低方式的类型默认初始化，供静态模块表复用。	静态初始化器字段顺序须匹配描述符 ABI	zr_vm_library/include/zr_vm_library/native_binding.h:395	commented	已依据声明、实现及消费路径补充职责和边界注释
zr_vm_library/include/zr_vm_library/native_binding.h	ZR_LIB_TYPE_DESCRIPTOR_PROTOCOL_INIT	macro	zr_vm_lib_iteration/src/zr_vm_lib_iteration/runtime/descriptor.c:54;zr_vm_lib_thread/src/zr_vm_lib_thread/runtime/runtime.c:1483;zr_vm_library/src/zr_vm_library/builtin_module.c:384	带协议掩码的类型声明，供协议投影和运行时物化共享。	静态初始化器字段顺序须匹配描述符 ABI	zr_vm_library/include/zr_vm_library/native_binding.h:428	commented	已依据声明、实现及消费路径补充职责和边界注释
zr_vm_library/include/zr_vm_library/native_binding.h	ZR_LIB_TYPE_DESCRIPTOR_FFI_INIT	macro	zr_vm_lib_ffi/src/zr_vm_lib_ffi/module.c:197;zr_vm_lib_system/src/zr_vm_lib_system/fs/fs_registry.c:261	带 FFI 降低、视图和释放钩子的类型声明；描述符生命周期须覆盖外部句柄。	静态初始化器字段顺序须匹配描述符 ABI	zr_vm_library/include/zr_vm_library/native_binding.h:462	commented	已依据声明、实现及消费路径补充职责和边界注释
zr_vm_library/include/zr_vm_library/native_binding.h	ZrLibModuleDescriptor	type	zr_vm_core/src/zr_vm_core/object/object_call.c:28;zr_vm_core/src/zr_vm_core/object/object_index_contract_direct_binding.c:94;zr_vm_language_server/src/zr_vm_language_server/interface/lsp_interface.c:43	首方与插件模块的共同 ABI 描述符，注册、类型检查和物化均借用其中的表。 插件卸载前必须移除所有借用此描述符的注册记录与原生闭包。	模块描述符子表均借用；插件句柄须覆盖注册、物化和闭包借用期	zr_vm_library/include/zr_vm_library/native_binding.h:499	commented	已依据声明、实现及消费路径补充职责和边界注释
zr_vm_library/include/zr_vm_library/native_binding.h	ZrLib_CallContext_ArgumentCount	function	zr_vm_lib_container/src/zr_vm_lib_container/module.c:2835;zr_vm_lib_container/src/zr_vm_lib_container/pooling_generational_runtime.c:836;zr_vm_lib_ffi/src/zr_vm_lib_ffi/runtime.c:134	返回本次回调的显式参数数量，不包含实例接收者。	context 属本次调用；返回业务实参数，不计 receiver	zr_vm_library/include/zr_vm_library/native_binding.h:529	commented	已依据声明、实现及消费路径补充职责和边界注释
zr_vm_library/include/zr_vm_library/native_binding.h	ZrLib_CallContext_Self	function	zr_vm_lib_container/src/zr_vm_lib_container/contiguous_view.c:26;zr_vm_lib_container/src/zr_vm_lib_container/module.c:695;zr_vm_lib_container/src/zr_vm_lib_container/pooling.c:32	借用实例方法的接收者值；静态函数可返回空。	context 属本次调用；receiver 是借用值，扩栈后重取	zr_vm_library/include/zr_vm_library/native_binding.h:531	commented	已依据声明、实现及消费路径补充职责和边界注释
zr_vm_library/include/zr_vm_library/native_binding.h	ZrLib_CallContext_Argument	function	zr_vm_lib_container/src/zr_vm_lib_container/contiguous_view.c:373;zr_vm_lib_container/src/zr_vm_lib_container/module.c:2849;zr_vm_lib_container/src/zr_vm_lib_container/pooling.c:530	借用指定实参；仅在当前调用及下一次栈增长或安全点前使用。	index 小于业务参数数；视图借用当前帧，inline struct 改用 Span	zr_vm_library/include/zr_vm_library/native_binding.h:533	commented	已依据声明、实现及消费路径补充职责和边界注释
zr_vm_library/include/zr_vm_library/native_binding.h	ZrLib_CallContext_WriteBackArgument	function	zr_vm_lib_container/src/zr_vm_lib_container/pooling_generational_runtime.c:795;zr_vm_lib_ffi/src/zr_vm_lib_ffi/ffi_runtime/ffi_runtime_invoke.c:502	将 out/ref 参数写回原始调用位置；仅对有可写实参位置的参数有效。	index 指向可回写实参；返回布尔和 VM 状态须核对	zr_vm_library/include/zr_vm_library/native_binding.h:535	commented	已依据声明、实现及消费路径补充职责和边界注释
zr_vm_library/include/zr_vm_library/native_binding.h	ZrLib_CallContext_InlineArgumentSpan	function	zr_vm_library/src/zr_vm_library/native_binding/native_binding_argument_view.c:30;tests/container/test_pooling_closed_type_runtime.c:478	借用内联结构实参的帧字节区间；GC 或栈增长后须重新取得。	index 是 inline struct 参数；字节跨度借用当前帧，扩栈后重取	zr_vm_library/include/zr_vm_library/native_binding.h:539	commented	已依据声明、实现及消费路径补充职责和边界注释
zr_vm_library/include/zr_vm_library/native_binding.h	ZrLib_CallContext_InlineArgumentView	function	zr_vm_lib_container/src/zr_vm_lib_container/pooling_generational_runtime.c:491;tests/core/test_native_inline_span_dispatch.c:594	取得内联实参及其可验证布局，供零复制消费者检查尺寸与对齐。 元数据和帧存储均借用；栈增长或安全点后须重新取得。	context/index/outView 对应当前 inline 参数；布局与跨度均借用	zr_vm_library/include/zr_vm_library/native_binding.h:545	commented	已依据声明、实现及消费路径补充职责和边界注释
zr_vm_library/include/zr_vm_library/native_binding.h	ZrLib_CallContext_OwnerPrototype	function	zr_vm_lib_container/src/zr_vm_lib_container/contiguous_view.c:233;zr_vm_lib_container/src/zr_vm_lib_container/module.c:703;zr_vm_lib_math/src/zr_vm_lib_math/common.c:210	取得当前方法声明者原型，供原生方法确认成员归属。	context 属已解析成员绑定；声明原型借用，须保持 VM 可达	zr_vm_library/include/zr_vm_library/native_binding.h:550	commented	已依据声明、实现及消费路径补充职责和边界注释
zr_vm_library/include/zr_vm_library/native_binding.h	ZrLib_CallContext_GetConstructTargetPrototype	function	zr_vm_lib_container/src/zr_vm_lib_container/contiguous_view.c:230;zr_vm_lib_container/src/zr_vm_lib_container/module.c:715;zr_vm_lib_math/src/zr_vm_lib_math/common.c:215	取得构造调用的实际目标原型，支持派生类型继承原生构造器。	context 属构造回调；目标原型借用，不能跨 GC 裸存	zr_vm_library/include/zr_vm_library/native_binding.h:552	commented	已依据声明、实现及消费路径补充职责和边界注释
zr_vm_library/include/zr_vm_library/native_binding.h	ZrLib_CallContext_CheckArity	function	zr_vm_lib_debug/src/zr_vm_lib_debug/module.c:641;zr_vm_lib_system/src/zr_vm_lib_system/exception/exception.c:64;zr_vm_lib_testing/src/zr_vm_lib_testing/runtime/assertions.c:392	按描述符允许的参数范围检查调用，范围不符时抛出原生调用异常。	context 属当前调用；max=UINT16_MAX 表示无上界，失败抛 VM 异常	zr_vm_library/include/zr_vm_library/native_binding.h:554	commented	已依据声明、实现及消费路径补充职责和边界注释
zr_vm_library/include/zr_vm_library/native_binding.h	ZrLib_CallContext_ReadInt	function	zr_vm_lib_container/src/zr_vm_lib_container/contiguous_view.c:263;zr_vm_lib_container/src/zr_vm_lib_container/module.c:2954;zr_vm_lib_container/src/zr_vm_lib_container/pooling.c:325	按 Native API 的整数契约读取实参；缺失或类型不符会抛异常	float/double 超出 int64 范围时直接转换可触发 C 未定义行为	zr_vm_library/include/zr_vm_library/native_binding.h:561;zr_vm_library/src/zr_vm_library/native_binding/native_binding_dispatch.c:1137;zr_vm_library/src/zr_vm_library/native_binding/native_binding_dispatch.c:1140;zr_vm_lib_ffi/src/zr_vm_lib_ffi/runtime.c:599	BUG	BUG: 浮点输入未检查范围就转换为 int64，FFI Buffer 等用户可达入口可传入超范围值
zr_vm_library/include/zr_vm_library/native_binding.h	ZrLib_CallContext_ReadFloat	function	zr_vm_lib_math/src/zr_vm_lib_math/complex/complex.c:11;zr_vm_lib_math/src/zr_vm_lib_math/matrix/matrix3x3.c:72;zr_vm_lib_math/src/zr_vm_lib_math/matrix/matrix4x4.c:55	按 Native API 的浮点契约读取实参。	context/index 属本次调用；非数值抛异常，大整数转 double 可能丢精度	zr_vm_library/include/zr_vm_library/native_binding.h:565	commented	已依据声明、实现及消费路径补充职责和边界注释
zr_vm_library/include/zr_vm_library/native_binding.h	ZrLib_CallContext_ReadBool	function	zr_vm_lib_task/src/zr_vm_lib_task/runtime/runtime.c:1042;zr_vm_lib_task/src/zr_vm_lib_task/runtime/runtime_wrappers.c:458;zr_vm_lib_testing/src/zr_vm_lib_testing/runtime/assertions.c:393	按 Native API 的布尔契约读取实参。	context/index 属当前帧；越界或非 bool 抛 VM 异常；outValue 可空	zr_vm_library/include/zr_vm_library/native_binding.h:569	commented	已依据声明、实现及消费路径补充职责和边界注释
zr_vm_library/include/zr_vm_library/native_binding.h	ZrLib_CallContext_ReadString	function	zr_vm_lib_debug/src/zr_vm_lib_debug/module.c:627;zr_vm_lib_ffi/src/zr_vm_lib_ffi/runtime.c:28;zr_vm_lib_network/src/zr_vm_lib_network/module_support.c:143	借用字符串实参对象；后续分配前应按 GC 根规则保护。	context/index 属当前帧；缺参或非 string 抛异常；返回对象借用，跨 GC 须建根	zr_vm_library/include/zr_vm_library/native_binding.h:573	commented	已依据声明、实现及消费路径补充职责和边界注释
zr_vm_library/include/zr_vm_library/native_binding.h	ZrLib_CallContext_ReadObject	function	zr_vm_lib_ffi/src/zr_vm_lib_ffi/runtime.c:185;zr_vm_lib_math/src/zr_vm_lib_math/complex/complex.c:48;zr_vm_lib_math/src/zr_vm_lib_math/matrix/matrix3x3.c:156	借用对象实参，不负责验证应用层具体类型。	接受 OBJECT 或 ARRAY 值，不核应用类型；对象指针借用当前帧和 GC 根	zr_vm_library/include/zr_vm_library/native_binding.h:577	commented	已依据声明、实现及消费路径补充职责和边界注释
zr_vm_library/include/zr_vm_library/native_binding.h	ZrLib_CallContext_ReadArray	function	zr_vm_lib_ffi/src/zr_vm_lib_ffi/runtime.c:764;zr_vm_lib_math/src/zr_vm_lib_math/tensor/tensor.c:22;zr_vm_lib_system/src/zr_vm_lib_system/fs/fs_common.c:353	借用数组实参，供 Native 回调按数组协议继续读取。	仅接受 ARRAY；缺参/类型不符抛异常；借用数组，后续分配前须保活	zr_vm_library/include/zr_vm_library/native_binding.h:581	commented	已依据声明、实现及消费路径补充职责和边界注释
zr_vm_library/include/zr_vm_library/native_binding.h	ZrLib_CallContext_ReadFunction	function	zr_vm_lib_debug/src/zr_vm_lib_debug/module.c:501;zr_vm_lib_ffi/src/zr_vm_lib_ffi/runtime.c:186;zr_vm_lib_math/src/zr_vm_lib_math/scalar/scalar.c:65	借用函数、闭包或 Native 指针实参值；存活范围受当前调用帧约束。	接受 FUNCTION、CLOSURE 或 NATIVE_POINTER；值视图借用当前参数帧	zr_vm_library/include/zr_vm_library/native_binding.h:585	commented	已依据声明、实现及消费路径补充职责和边界注释
zr_vm_library/include/zr_vm_library/native_binding.h	ZrLib_CallContext_RaiseTypeError	function	zr_vm_lib_debug/src/zr_vm_lib_debug/module.c:944;zr_vm_lib_task/src/zr_vm_lib_task/runtime/runtime.c:581;zr_vm_lib_task/src/zr_vm_lib_task/runtime/runtime_wrappers.c:599	用当前调用名与实参位置抛出类型错误；不会正常返回。	context/state 有效；index 指当前实参，expectedType 可空；调用抛 VM 异常	zr_vm_library/include/zr_vm_library/native_binding.h:589	commented	已依据声明、实现及消费路径补充职责和边界注释
zr_vm_library/include/zr_vm_library/native_binding.h	ZrLib_CallContext_RaiseArityError	function	zr_vm_lib_container/src/zr_vm_lib_container/module.c:2837;zr_vm_lib_math/src/zr_vm_lib_math/matrix/matrix3x3.c:69;zr_vm_lib_math/src/zr_vm_lib_math/matrix/matrix4x4.c:52	用当前调用名与允许范围抛出参数个数错误；不会正常返回。	context/state 有效；max=UINT16_MAX 表示无上界；调用抛 VM 异常	zr_vm_library/include/zr_vm_library/native_binding.h:593	commented	已依据声明、实现及消费路径补充职责和边界注释
zr_vm_library/include/zr_vm_library/native_binding.h	ZrLib_TempValueRoot_Begin	function	zr_vm_aot/tests/parser/test_execbc_aot_pipeline.c:3777;zr_vm_lib_container/src/zr_vm_lib_container/pooling.c:184;zr_vm_lib_ffi/src/zr_vm_lib_ffi/ffi_runtime/ffi_runtime_callback.c:449	在 VM 栈上建立临时根，保护跨 GC 分配点的 Native 局部值。	state/root 非空且属于当前栈；仅成功时 root active，须按嵌套顺序 End	zr_vm_library/include/zr_vm_library/native_binding.h:598	commented	已依据声明、实现及消费路径补充职责和边界注释
zr_vm_library/include/zr_vm_library/native_binding.h	ZrLib_CallContext_BeginTempValueRoot	function	zr_vm_lib_container/src/zr_vm_lib_container/pooling.c:339;zr_vm_lib_container/src/zr_vm_lib_container/pooling_generational_runtime.c:458;zr_vm_lib_ffi/src/zr_vm_lib_ffi/ffi_runtime/ffi_runtime_pointer_view.c:49	从回调上下文建立同样的临时根；结束前不得泄漏 root。	context/state/调用帧有效；成功后须在同一帧配对 End	zr_vm_library/include/zr_vm_library/native_binding.h:600	commented	已依据声明、实现及消费路径补充职责和边界注释
zr_vm_library/include/zr_vm_library/native_binding.h	ZrLib_TempValueRoot_Value	function	zr_vm_aot/tests/parser/test_execbc_aot_pipeline.c:3780;zr_vm_lib_container/src/zr_vm_lib_container/pooling_generational_runtime.c:688;zr_vm_lib_system/src/zr_vm_lib_system/fs/fs_common.c:47	借用当前临时根槽位；只在根 active 时有效。	仅 root.active 时返回可写槽；扩栈及 End 后旧指针失效	zr_vm_library/include/zr_vm_library/native_binding.h:603	commented	已依据声明、实现及消费路径补充职责和边界注释
zr_vm_library/include/zr_vm_library/native_binding.h	ZrLib_TempValueRoot_SetValue	function	zr_vm_aot/tests/parser/test_execbc_aot_pipeline.c:3779;zr_vm_rust_binding/src/zr_vm_rust_binding/api.c:187;zr_vm_rust_binding/src/zr_vm_rust_binding/native_argument_view.c:82	将值放入临时根，使后续 GC 能追踪其对象引用。	root.active 且 value 非空；带所有权值走 VM 栈赋值；true 不证明 threadStatus 无错误	zr_vm_library/include/zr_vm_library/native_binding.h:605	commented	已依据声明、实现及消费路径补充职责和边界注释
zr_vm_library/include/zr_vm_library/native_binding.h	ZrLib_TempValueRoot_SetObject	function	zr_vm_lib_container/src/zr_vm_lib_container/pooling.c:189;zr_vm_lib_container/src/zr_vm_lib_container/pooling_generational_runtime.c:467;zr_vm_lib_ffi/src/zr_vm_lib_ffi/ffi_runtime/ffi_runtime_callback.c:460	将对象按指定 VM 值类型放入临时根。	root.active 且 object 非空；type 应匹配对象类别；成功后根槽保活对象	zr_vm_library/include/zr_vm_library/native_binding.h:607	commented	已依据声明、实现及消费路径补充职责和边界注释
zr_vm_library/include/zr_vm_library/native_binding.h	ZrLib_TempValueRoot_SetNull	function	首方未检出直接调用；公开 API 或内部预留入口	清除根中的对象引用，同时保留根作用域。	未 active 时无效果；active 时清空对象引用，但仍须 End	zr_vm_library/include/zr_vm_library/native_binding.h:611	commented	已依据声明、实现及消费路径补充职责和边界注释
zr_vm_library/include/zr_vm_library/native_binding.h	ZrLib_TempValueRoot_End	function	zr_vm_aot/tests/parser/test_execbc_aot_pipeline.c:3831;zr_vm_lib_container/src/zr_vm_lib_container/pooling.c:198;zr_vm_lib_container/src/zr_vm_lib_container/pooling_generational_runtime.c:468	结束临时根并恢复调用帧锚点；必须与成功的 Begin 成对。	仅对成功 Begin 的根调用一次；恢复栈顶后旧槽地址失效	zr_vm_library/include/zr_vm_library/native_binding.h:613	commented	已依据声明、实现及消费路径补充职责和边界注释
zr_vm_library/include/zr_vm_library/native_binding.h	ZrLib_Value_SetNull	function	zr_vm_lib_container/src/zr_vm_lib_container/contiguous_view.c:84;zr_vm_lib_container/src/zr_vm_lib_container/pooling.c:114;zr_vm_lib_container/src/zr_vm_lib_container/pooling_generational_runtime.c:70	为 Native 回调结果构造空值；目标槽位由调用方持有。	value 可空；非空时重置目标槽为 VM null，不创建对象	zr_vm_library/include/zr_vm_library/native_binding.h:616	commented	已依据声明、实现及消费路径补充职责和边界注释
zr_vm_library/include/zr_vm_library/native_binding.h	ZrLib_Value_SetBool	function	zr_vm_lib_container/src/zr_vm_lib_container/pooling.c:139;zr_vm_lib_container/src/zr_vm_lib_container/pooling_generational_runtime.c:537;zr_vm_lib_debug/src/zr_vm_lib_debug/module.c:214	为回调结果写入布尔 VM 值。	value 非空才写入；state 未使用；只写 bool 标量	zr_vm_library/include/zr_vm_library/native_binding.h:618	commented	已依据声明、实现及消费路径补充职责和边界注释
zr_vm_library/include/zr_vm_library/native_binding.h	ZrLib_Value_SetInt	function	zr_vm_lib_container/src/zr_vm_lib_container/contiguous_view.c:88;zr_vm_lib_container/src/zr_vm_lib_container/pooling.c:128;zr_vm_lib_debug/src/zr_vm_lib_debug/module.c:203	为回调结果写入有符号整数 VM 值。	state/value 有效；按 VM 整数表示写目标槽，不返回失败状态	zr_vm_library/include/zr_vm_library/native_binding.h:620	commented	已依据声明、实现及消费路径补充职责和边界注释
zr_vm_library/include/zr_vm_library/native_binding.h	ZrLib_Value_SetFloat	function	zr_vm_lib_ffi/src/zr_vm_lib_ffi/ffi_runtime/ffi_runtime_callback.c:516;zr_vm_lib_math/src/zr_vm_lib_math/common.c:169;zr_vm_lib_math/src/zr_vm_lib_math/complex/complex.c:20	为回调结果写入浮点 VM 值。	state/value 有效；按 VM 浮点表示写目标槽，不返回失败状态	zr_vm_library/include/zr_vm_library/native_binding.h:622	commented	已依据声明、实现及消费路径补充职责和边界注释
zr_vm_library/include/zr_vm_library/native_binding.h	ZrLib_Value_SetString	function	zr_vm_cli/src/zr_vm_cli/runtime/runtime.c:463;zr_vm_lib_debug/src/zr_vm_lib_debug/module.c:228;zr_vm_lib_ffi/src/zr_vm_lib_ffi/ffi_runtime/ffi_runtime_callback.c:524	从 C 字符串建立 VM 字符串结果；可能触发分配和 GC。	state/value 有效，stringValue=NULL 按空串；创建失败时 void 返回且结果槽可能未初始化	zr_vm_library/include/zr_vm_library/native_binding.h:624	commented	已依据声明、实现及消费路径补充职责和边界注释
zr_vm_library/include/zr_vm_library/native_binding.h	ZrLib_Value_SetStringObject	function	zr_vm_lib_system/src/zr_vm_lib_system/console/console.c:138;zr_vm_lib_system/src/zr_vm_lib_system/exception/exception.c:51;zr_vm_library/src/zr_vm_library/builtin_module.c:173	将已有 VM 字符串对象写入结果；调用方须保持对象可追踪。	state/value/stringObject 非空；只封装已有字符串，写入前须有 VM 根	zr_vm_library/include/zr_vm_library/native_binding.h:626	commented	已依据声明、实现及消费路径补充职责和边界注释
zr_vm_library/include/zr_vm_library/native_binding.h	ZrLib_Value_SetObject	function	zr_vm_cli/src/zr_vm_cli/runtime/runtime.c:493;zr_vm_lib_container/src/zr_vm_lib_container/contiguous_view.c:214;zr_vm_lib_container/src/zr_vm_lib_container/pooling.c:116	将已有 VM 对象按显式值类型写入结果。	state/value/object 非空；type 须匹配对象类别，调用栈或临时根负责保活	zr_vm_library/include/zr_vm_library/native_binding.h:628	commented	已依据声明、实现及消费路径补充职责和边界注释
zr_vm_library/include/zr_vm_library/native_binding.h	ZrLib_Value_SetNativePointer	function	zr_vm_lib_container/src/zr_vm_lib_container/pooling_generational_runtime.c:57;zr_vm_lib_debug/src/zr_vm_lib_debug/module.c:889;zr_vm_lib_ffi/src/zr_vm_lib_ffi/ffi_runtime/ffi_runtime_support.c:291	将外部地址写成 Native 指针值；地址的所有权不随此操作转移。	state/value 有效；只封装外部地址，其释放和存续仍由宿主负责	zr_vm_library/include/zr_vm_library/native_binding.h:630	commented	已依据声明、实现及消费路径补充职责和边界注释
zr_vm_library/include/zr_vm_library/native_binding.h	ZrLib_Object_New	function	zr_vm_lib_debug/src/zr_vm_lib_debug/module.c:518;zr_vm_lib_ffi/src/zr_vm_lib_ffi/ffi_runtime/ffi_runtime_callback.c:454;zr_vm_lib_network/src/zr_vm_lib_network/module_support.c:58	分配普通对象供原生模块返回；分配后须考虑 GC 根。	state 非空；失败返回 NULL；成功对象跨后续分配前须建立 VM 根	zr_vm_library/include/zr_vm_library/native_binding.h:633	commented	已依据声明、实现及消费路径补充职责和边界注释
zr_vm_library/include/zr_vm_library/native_binding.h	ZrLib_Array_New	function	zr_vm_cli/src/zr_vm_cli/runtime/runtime.c:457;zr_vm_lib_container/src/zr_vm_lib_container/module.c:2219;zr_vm_lib_container/src/zr_vm_lib_container/pooling.c:187	分配 VM 数组供原生模块返回。	state 非空；失败返回 NULL；成功数组跨后续分配前须建立 VM 根	zr_vm_library/include/zr_vm_library/native_binding.h:635	commented	已依据声明、实现及消费路径补充职责和边界注释
zr_vm_library/include/zr_vm_library/native_binding.h	ZrLib_Object_SetFieldCString	function	zr_vm_lib_container/src/zr_vm_lib_container/contiguous_view.c:80;zr_vm_lib_container/src/zr_vm_lib_container/module.c:4319;zr_vm_lib_container/src/zr_vm_lib_container/pooling.c:118	以 C 字段名设置对象属性；无返回状态，调用者不可据此断言写入成功。	state/object/fieldName/value 非空；内部临时 pin；void 早退使调用者不能凭返回判定写入成功	zr_vm_library/include/zr_vm_library/native_binding.h:637	commented	已依据声明、实现及消费路径补充职责和边界注释
zr_vm_library/include/zr_vm_library/native_binding.h	ZrLib_Object_GetFieldCString	function	zr_vm_lib_container/src/zr_vm_lib_container/contiguous_view.c:48;zr_vm_lib_container/src/zr_vm_lib_container/module.c:4306;zr_vm_lib_container/src/zr_vm_lib_container/pooling.c:50	按 C 字段名借用属性值；对象变化或 GC 后须重新读取。	state/object/fieldName 非空；未找到或分配失败返回 NULL；字段值借用对象	zr_vm_library/include/zr_vm_library/native_binding.h:642	commented	已依据声明、实现及消费路径补充职责和边界注释
zr_vm_library/include/zr_vm_library/native_binding.h	ZrLib_Array_PushValue	function	zr_vm_cli/src/zr_vm_cli/runtime/runtime.c:464;zr_vm_lib_container/src/zr_vm_lib_container/pooling.c:242;zr_vm_lib_ffi/src/zr_vm_lib_ffi/runtime.c:746	向 VM 数组写入值；调用者须检查失败并保持元素对象为根。	state/array/value 非空且 array 是数组；须检查 bool 和 VM 状态，false 不保证未改长度	zr_vm_library/include/zr_vm_library/native_binding.h:646	commented	已依据声明、实现及消费路径补充职责和边界注释
zr_vm_library/include/zr_vm_library/native_binding.h	ZrLib_Array_Length	function	zr_vm_lib_container/src/zr_vm_lib_container/pooling.c:166;zr_vm_lib_ffi/src/zr_vm_lib_ffi/ffi_runtime/ffi_runtime_support.c:265;zr_vm_lib_math/src/zr_vm_lib_math/common.c:373	返回 VM 数组当前逻辑长度。	array 须为 VM 数组；返回当前逻辑长度，后续追加会改变	zr_vm_library/include/zr_vm_library/native_binding.h:648	commented	已依据声明、实现及消费路径补充职责和边界注释
zr_vm_library/include/zr_vm_library/native_binding.h	ZrLib_Array_Get	function	zr_vm_lib_container/src/zr_vm_lib_container/module.c:1560;zr_vm_lib_container/src/zr_vm_lib_container/pooling.c:235;zr_vm_lib_ffi/src/zr_vm_lib_ffi/ffi_runtime/ffi_runtime_support.c:260	借用数组元素值；后续变更或 GC 后不得复用。	state/array 有效且对象是数组；越界返回 NULL；元素借用数组存储	zr_vm_library/include/zr_vm_library/native_binding.h:650	commented	已依据声明、实现及消费路径补充职责和边界注释
zr_vm_library/include/zr_vm_library/native_binding.h	ZrLib_Type_NewInstance	function	zr_vm_lib_container/src/zr_vm_lib_container/contiguous_view.c:114;zr_vm_lib_container/src/zr_vm_lib_container/module.c:2247;zr_vm_lib_container/src/zr_vm_lib_container/pooling.c:356	从已注册的类型名称创建实例；类型查找可能导致模块导入。	state/typeName 有效；名称查询可导入模块；失败返回 NULL，新实例须建根	zr_vm_library/include/zr_vm_library/native_binding.h:653	commented	已依据声明、实现及消费路径补充职责和边界注释
zr_vm_library/include/zr_vm_library/native_binding.h	ZrLib_Type_NewInstanceWithPrototype	function	zr_vm_lib_container/src/zr_vm_lib_container/contiguous_view.c:112;zr_vm_lib_container/src/zr_vm_lib_container/module.c:726;zr_vm_lib_math/src/zr_vm_lib_math/common.c:219	从已解析原型创建实例，供持有原型的高频 Native 路径使用。	state/prototype 有效且分配期间可达；失败返回 NULL，新实例须建根	zr_vm_library/include/zr_vm_library/native_binding.h:655	commented	已依据声明、实现及消费路径补充职责和边界注释
zr_vm_library/include/zr_vm_library/native_binding.h	ZrLib_Type_FindPrototype	function	zr_vm_lib_testing/src/zr_vm_lib_testing/runtime/assertions.c:276;zr_vm_parser/src/zr_vm_parser/compiler/compiler_quickening.c:584;zr_vm_library/src/zr_vm_library/builtin_module.c:131	查找已物化类型原型；返回借用引用。	state/global/typeName 有效；可按需导入；返回原型借用 VM 对象	zr_vm_library/include/zr_vm_library/native_binding.h:657	commented	已依据声明、实现及消费路径补充职责和边界注释
zr_vm_library/include/zr_vm_library/native_binding.h	ZrLib_Module_GetLoaded	function	zr_vm_lib_debug/src/zr_vm_lib_debug/module.c:430;zr_vm_lib_network/src/zr_vm_lib_network/module_support.c:56;zr_vm_lib_task/src/zr_vm_lib_task/runtime/runtime.c:528	查询已加载模块；不会在此接口中主动导入。	state/moduleName 有效；只查缓存，未命中 NULL，不执行导入	zr_vm_library/include/zr_vm_library/native_binding.h:660	commented	已依据声明、实现及消费路径补充职责和边界注释
zr_vm_library/include/zr_vm_library/native_binding.h	ZrLib_Module_GetExport	function	zr_vm_lib_network/src/zr_vm_lib_network/module_support.c:57;zr_vm_lib_task/src/zr_vm_lib_task/runtime/runtime.c:529;zr_vm_lib_thread/src/zr_vm_lib_thread/runtime/runtime.c:795	借用已加载模块导出值，供 Native 模块间调用。	state/moduleName/exportName 有效；可按需导入；导出值借用模块	zr_vm_library/include/zr_vm_library/native_binding.h:662	commented	已依据声明、实现及消费路径补充职责和边界注释
zr_vm_library/include/zr_vm_library/native_binding.h	ZrLib_CallableValue_GetNativeBindingReturnTypeName	function	zr_vm_parser/src/zr_vm_parser/compiler/compiler_quickening.c:482	从 Native 闭包借用描述符返回类型名，供 FFI 回调等路径推断结果。	state/callableValue 是存活 Native 闭包；类型名借用 descriptor，失效后不可持有	zr_vm_library/include/zr_vm_library/native_binding.h:666	commented	已依据声明、实现及消费路径补充职责和边界注释
zr_vm_library/include/zr_vm_library/native_binding.h	ZrLib_CallValue	function	zr_vm_cli/src/zr_vm_cli/commands/test_command.c:487;zr_vm_lib_container/src/zr_vm_lib_container/module.c:1687;zr_vm_lib_debug/src/zr_vm_lib_debug/module.c:495	从 C 边界同步调用 VM 函数或 Native 闭包；参数与结果由调用者管理。	state/callable/result 非空；非零 argumentCount 要有 arguments；结果归调用者管理	zr_vm_library/include/zr_vm_library/native_binding.h:671	commented	已依据声明、实现及消费路径补充职责和边界注释
zr_vm_library/include/zr_vm_library/native_binding.h	ZrLib_CallModuleExport	function	zr_vm_lib_system/src/zr_vm_lib_system/vm/vm.c:318;zr_vm_rust_binding/src/zr_vm_rust_binding/api.c:195	查找模块导出并同步调用，供运行时模块跨模块复用行为。	state/moduleName/exportName/result 有效；可按需导入同步调用；异常返回 false	zr_vm_library/include/zr_vm_library/native_binding.h:678	commented	已依据声明、实现及消费路径补充职责和边界注释
zr_vm_library/include/zr_vm_library/native_binding_call_binding.h	EZrNativeCallBindingDescriptorKind	type	zr_vm_library/src/zr_vm_library/native_binding/native_binding_call_binding.c:324	将函数、方法和元方法描述符投影为同一编译期调用绑定契约。	FUNCTION/METHOD/META_METHOD 与实际 descriptor 类型对应；后两者还需声明 type	zr_vm_library/include/zr_vm_library/native_binding_call_binding.h:8	commented	已依据声明、实现及消费路径补充职责和边界注释
zr_vm_library/include/zr_vm_library/native_binding_call_binding.h	ZrLibrary_NativeCallBinding_GetDescriptorContract	function	zr_vm_parser/src/zr_vm_parser/type_inference/type_inference_native.c:3264;tests/library/test_call_binding_native_registry.c:245	为指定原生描述符建立稳定的调用契约，供编译器和运行时验证身份。	module/descriptor/outContract 非空且 kind 匹配；失败清零输出，成功只含稳定标量身份	zr_vm_library/include/zr_vm_library/native_binding_call_binding.h:17	commented	已依据声明、实现及消费路径补充职责和边界注释
zr_vm_library/include/zr_vm_library/native_call_plan.h	ZrLibrary_NativeCall_Prepare	function	首方未检出直接调用；公开 API 或内部预留入口	按 core 的公共 Native 契约建立可持久化调用计划，统一 C、LLVM 和 FFI 入口。 计划和诊断的数据布局由 core 定义；此层额外检查库运行时能力位。	request/plan 有效且能力位受支持；失败清零 plan，成功计划不含进程地址	zr_vm_library/include/zr_vm_library/native_call_plan.h:10	commented	已依据声明、实现及消费路径补充职责和边界注释
zr_vm_library/include/zr_vm_library/native_call_plan.h	ZrLibrary_NativeCall_Invoke	function	首方无直接调用；公开入口明确报告需解析诊断	拒绝直接执行只有稳定身份、没有进程内地址的持久化计划。	plan/state 有效；即使计划有效仍固定返回 false/UNRESOLVED，执行须 InvokeResolved	zr_vm_library/include/zr_vm_library/native_call_plan.h:18	commented	已依据声明、实现及消费路径补充职责和边界注释
zr_vm_library/include/zr_vm_library/native_call_plan.h	ZrLibrary_NativeCall_InvokeResolved	function	首方未检出直接调用；公开 API 或内部预留入口	在调用点提供进程内解析器后执行计划，并由 core 处理调用诊断。	plan/state 有效；invoker 须解析本进程目标，diagnostic 可选	zr_vm_library/include/zr_vm_library/native_call_plan.h:23	commented	已依据声明、实现及消费路径补充职责和边界注释
zr_vm_library/include/zr_vm_library/native_hints.h	ZR_VM_NATIVE_HINTS_SCHEMA_ID	macro	zr_vm_library/src/zr_vm_library/native_binding/native_binding.c:727	生成器和消费端共用的提示侧车协议版本。	schema ID 是侧车协议版本，须与 GetSchemaId 和消费工具一致；非描述符 ABI 初始化器	zr_vm_library/include/zr_vm_library/native_hints.h:11	commented	已依据声明、实现及消费路径补充职责和边界注释
zr_vm_library/include/zr_vm_library/native_hints.h	ZrLibrary_NativeHints_GetSchemaId	function	首方未检出直接调用；公开 API 或内部预留入口	暴露编译工具解析 Native 类型提示时使用的侧车协议版本。	无输入；返回静态协议字符串，不依赖 registry 且不得释放	zr_vm_library/include/zr_vm_library/native_hints.h:14	commented	已依据声明、实现及消费路径补充职责和边界注释
zr_vm_library/include/zr_vm_library/native_hints.h	ZrLibrary_NativeHints_GetModuleJson	function	首方未检出直接调用；公开 API 或内部预留入口	借用描述符中已生成的 JSON 提示；返回值依赖描述符生命周期。	descriptor 可空；借用 typeHintsJson，不复制/校验；插件失效后不可持有	zr_vm_library/include/zr_vm_library/native_hints.h:16	commented	已依据声明、实现及消费路径补充职责和边界注释
zr_vm_library/include/zr_vm_library/native_hints.h	ZrLibrary_NativeHints_WriteSidecar	function	首方未检出直接调用；公开 API 或内部预留入口	公开提示侧车写入入口：把描述符已提供的 JSON 原样保存到 outputPath，供离线工具读取。	descriptor/outputPath/typeHintsJson 非空且路径可写；短写或关闭失败仍可能误报 true	zr_vm_library/include/zr_vm_library/native_hints.h:20;zr_vm_library/src/zr_vm_library/native_binding/native_binding.c:750	BUG	BUG: 实现仅检查 fopen，忽略 fwrite 实际字节数和 fclose 返回值；短写或延迟写错误仍返回 ZR_TRUE，可能留下截断文件。
zr_vm_library/include/zr_vm_library/native_registry.h	EZrLibNativeModuleRegistrationKind	type	zr_vm_library/src/zr_vm_library/native_binding/native_binding_support.c:729	区分静态描述符与可卸载插件，以决定失效时的资源处理。	BUILTIN/DESCRIPTOR_PLUGIN 决定失效时是否卸载插件句柄，不代表对象所有权	zr_vm_library/include/zr_vm_library/native_registry.h:14	commented	已依据声明、实现及消费路径补充职责和边界注释
zr_vm_library/include/zr_vm_library/native_registry.h	EZrLibNativeRegistryErrorCode	type	zr_vm_library/src/zr_vm_library/native_binding/native_binding.c:714;zr_vm_library/src/zr_vm_library/native_binding/native_binding_support.c:137	最近一次注册或加载操作的诊断类别；消息存于注册表内部。	只表示最近注册/加载错误类别；详细消息借用 registry 缓冲且可被覆盖	zr_vm_library/include/zr_vm_library/native_registry.h:20	commented	已依据声明、实现及消费路径补充职责和边界注释
zr_vm_library/include/zr_vm_library/native_registry.h	EZrLibOfficialModuleTier	type	tests/library/test_official_provider_convergence.c:18	官方模块的分层清单，供提供者阶段与依赖检查。	N0–N3 是官方清单固定层级，不随当前注册表变化	zr_vm_library/include/zr_vm_library/native_registry.h:38	commented	已依据声明、实现及消费路径补充职责和边界注释
zr_vm_library/include/zr_vm_library/native_registry.h	ZrLibOfficialModuleInventoryEntry	type	zr_vm_library/src/zr_vm_library/native_binding/native_binding_official_inventory.c:4;tests/library/test_debug_library.c:153;tests/library/test_official_provider_convergence.c:97	官方模块固定身份、层级和提供者角色；注册时拒绝冒名插件。	moduleName 是静态只读清单字符串；tier/phase/role 固定，不得释放或修改	zr_vm_library/include/zr_vm_library/native_registry.h:46	commented	已依据声明、实现及消费路径补充职责和边界注释
zr_vm_library/include/zr_vm_library/native_registry.h	ZrLibRegisteredCanonicalTypeRole	type	zr_vm_parser/src/zr_vm_parser/type_inference/type_inference_reflection_surface.c:7;zr_vm_library/src/zr_vm_library/native_binding/native_binding.c:319;tests/library/test_official_provider_convergence.c:187	按角色查询得到的借用结果；提供者失效后不可继续使用。	provider/typeRole 均借用注册 descriptor；重注册或失效后须重查	zr_vm_library/include/zr_vm_library/native_registry.h:54	commented	已依据声明、实现及消费路径补充职责和边界注释
zr_vm_library/include/zr_vm_library/native_registry.h	ZrLibRegisteredModuleInfo	type	zr_vm_language_server/src/zr_vm_language_server/lsp_virtual_documents.c:243;zr_vm_language_server/src/zr_vm_language_server/module/lsp_module_metadata.c:184;zr_vm_language_server/src/zr_vm_language_server/project/lsp_project_navigation.c:1574	注册模块的只读快照；指针字段均借用注册表存储，失效后需重查。	descriptor/moduleName/sourcePath 借用记录；ownerRefCount 是查询瞬间快照	zr_vm_library/include/zr_vm_library/native_registry.h:60	commented	已依据声明、实现及消费路径补充职责和边界注释
zr_vm_library/include/zr_vm_library/native_registry.h	ZrLibrary_NativeRegistry_Attach	function	zr_vm_parser/src/zr_vm_parser/compiler/compiler_state.c:26;zr_vm_lib_thread/src/zr_vm_lib_thread/module.c:14	为全局 VM 安装原生模块加载、绑定和强引用观察钩子，并注册基础提供者。	global/mainThreadState 非空；重复 Attach 返回 true；初始数组分配失败可使后续 Push 崩溃	zr_vm_library/include/zr_vm_library/native_registry.h:70	commented	已依据声明、实现及消费路径补充职责和边界注释
zr_vm_library/include/zr_vm_library/native_registry.h	ZrLibrary_NativeRegistry_Free	function	zr_vm_cli/src/zr_vm_cli/repl/repl_session.c:568;zr_vm_cli/src/zr_vm_cli/runtime/runtime.c:1196;zr_vm_lib_task/src/zr_vm_lib_task/runtime/runtime_workers.c:457	释放注册表及插件句柄，恢复安装前的宿主钩子；应在全局 VM 销毁时调用。	global 已附着且 mainThreadState 仍有效；Free 后记录、字符串及 descriptor 借用失效	zr_vm_library/include/zr_vm_library/native_registry.h:72	commented	已依据声明、实现及消费路径补充职责和边界注释
zr_vm_library/include/zr_vm_library/native_registry.h	ZrLibrary_NativeRegistry_RegisterModule	function	zr_vm_lib_container/src/zr_vm_lib_container/module.c:4343;zr_vm_lib_debug/src/zr_vm_lib_debug/module.c:1040;zr_vm_lib_ffi/src/zr_vm_lib_ffi/module.c:332	注册静态 Native 模块；描述符及其表由调用者持续持有。	global/descriptor/moduleName 有效；注册表借用 descriptor，同名替换使旧绑定失效	zr_vm_library/include/zr_vm_library/native_registry.h:74	commented	已依据声明、实现及消费路径补充职责和边界注释
zr_vm_library/include/zr_vm_library/native_registry.h	ZrLibrary_NativeRegistry_FindModule	function	zr_vm_language_server/src/zr_vm_language_server/module/lsp_module_metadata.c:281;zr_vm_parser/src/zr_vm_parser/compiler/module_init_analysis.c:498;zr_vm_parser/src/zr_vm_parser/type_inference/type_inference_native.c:3128	按模块名借用已注册描述符，供编译器、加载器及测试查询。	global/moduleName 有效且已 Attach；未找到 NULL；descriptor 借用当前注册世代	zr_vm_library/include/zr_vm_library/native_registry.h:77	commented	已依据声明、实现及消费路径补充职责和边界注释
zr_vm_library/include/zr_vm_library/native_registry.h	ZrLibrary_NativeRegistry_FindModuleByProviderRole	function	tests/library/test_official_provider_convergence.c:194	按唯一提供者角色借用描述符，避免静态类型系统依赖模块别名。	global 已 Attach 且 role 非 NONE；未命中 NULL；descriptor 借用当前记录	zr_vm_library/include/zr_vm_library/native_registry.h:80	commented	已依据声明、实现及消费路径补充职责和边界注释
zr_vm_library/include/zr_vm_library/native_registry.h	ZrLibrary_NativeRegistry_FindCanonicalTypeRole	function	zr_vm_parser/src/zr_vm_parser/type_inference/type_inference_reflection_surface.c:21;tests/library/test_official_provider_convergence.c:203	按稳定类型角色查询提供者与类型声明；失败时清空输出。	global 已 Attach、role 非 NONE 且 outRole 可写；失败清零，成功指针借用 descriptor	zr_vm_library/include/zr_vm_library/native_registry.h:84	commented	已依据声明、实现及消费路径补充职责和边界注释
zr_vm_library/include/zr_vm_library/native_registry.h	ZrLibrary_NativeRegistry_FindCanonicalTypeRoleByName	function	zr_vm_parser/src/zr_vm_parser/type_inference/type_inference_reflection_surface.c:9;tests/library/test_official_provider_convergence.c:207	按规范类型名查询角色，供反射与类型推断复用。	canonicalName 非空、outRole 可写且已 Attach；失败清零，成功指针借用角色表	zr_vm_library/include/zr_vm_library/native_registry.h:89	commented	已依据声明、实现及消费路径补充职责和边界注释
zr_vm_library/include/zr_vm_library/native_registry.h	ZrLibrary_NativeRegistry_FindCanonicalTypeRoleByProjection	function	zr_vm_parser/src/zr_vm_parser/type_inference/type_inference_reflection_surface.c:79;tests/library/test_official_provider_convergence.c:209	在指定提供者中按投影类别查唯一角色；歧义时失败。	providerRole/projectionKind 有效且 outRole 可写；无匹配或歧义均 false	zr_vm_library/include/zr_vm_library/native_registry.h:94	commented	已依据声明、实现及消费路径补充职责和边界注释
zr_vm_library/include/zr_vm_library/native_registry.h	ZrLibrary_NativeRegistry_ValidateModuleDescriptor	function	tests/library/test_official_provider_convergence.c:106	在模块注册前验证官方身份、ABI、能力位及参数/类型角色契约。	先 Attach 再校验；true 未保证 constants/moduleLinks/typeHints、字段/枚举/泛型数组与 count 配对	zr_vm_library/include/zr_vm_library/native_registry.h:102;zr_vm_library/src/zr_vm_library/native_binding/native_binding_support.c:712;zr_vm_library/src/zr_vm_library/native_binding/native_binding_runtime_metadata.c:493;zr_vm_library/src/zr_vm_library/native_binding/native_binding_metadata.c:835	BUG	BUG: 非零计数配 NULL 可通过预检；导入后元数据与类型物化仍按下标读取空数组
zr_vm_library/include/zr_vm_library/native_registry.h	ZrLibrary_NativeRegistry_GetModuleInfo	function	zr_vm_language_server/src/zr_vm_language_server/module/lsp_module_metadata.c:199;zr_vm_lib_system/src/zr_vm_lib_system/vm/vm.c:227	按模块名取得注册记录的借用视图；失败时清空输出。	moduleName/outInfo 非空；失败清零；成功字符串和 descriptor 借用当前记录	zr_vm_library/include/zr_vm_library/native_registry.h:106	commented	已依据声明、实现及消费路径补充职责和边界注释
zr_vm_library/include/zr_vm_library/native_registry.h	ZrLibrary_NativeRegistry_GetModuleCount	function	zr_vm_language_server/src/zr_vm_language_server/module/lsp_module_metadata.c:550	返回注册表当前记录数，供工具链枚举。	未 Attach 返回 0；与 GetModuleInfoAt 枚举期间不得重载/失效注册表	zr_vm_library/include/zr_vm_library/native_registry.h:110	commented	已依据声明、实现及消费路径补充职责和边界注释
zr_vm_library/include/zr_vm_library/native_registry.h	ZrLibrary_NativeRegistry_GetModuleRefCount	function	tests/module/test_module_system.c:7435	查询模块对象的强引用计数，供插件失效前检查。	无效名或未注册返回 0；0 不能区分未注册与零强引用	zr_vm_library/include/zr_vm_library/native_registry.h:112	commented	已依据声明、实现及消费路径补充职责和边界注释
zr_vm_library/include/zr_vm_library/native_registry.h	ZrLibrary_NativeRegistry_GetModuleInfoAt	function	zr_vm_language_server/src/zr_vm_language_server/module/lsp_module_metadata.c:554	按当前索引取得注册记录；注册表变更后索引可能失效。	index 小于记录数且 outInfo 可写；失败清零；借用字段仅当前世代有效	zr_vm_library/include/zr_vm_library/native_registry.h:115	commented	已依据声明、实现及消费路径补充职责和边界注释
zr_vm_library/include/zr_vm_library/native_registry.h	ZrLibrary_NativeRegistry_GetModuleInfoBySourcePath	function	zr_vm_language_server/src/zr_vm_language_server/lsp_virtual_documents.c:248;zr_vm_language_server/src/zr_vm_language_server/project/lsp_project_navigation.c:1577	按插件来源路径查注册记录；只借用返回的字符串和描述符。	sourcePath/outInfo 非空；按平台字符规则匹配；失败清零，成功字段借用记录	zr_vm_library/include/zr_vm_library/native_registry.h:119	commented	已依据声明、实现及消费路径补充职责和边界注释
zr_vm_library/include/zr_vm_library/native_registry.h	ZrLibrary_NativeRegistry_ComputeModuleSignatureHash	function	zr_vm_library/src/zr_vm_library/native_binding/native_binding_call_binding.c:311;tests/library/test_call_binding_native_registry.c:193	计算编译器调用绑定使用的稳定提供者签名，而非进程内指针身份。	module/moduleName 非空且子表可索引；无效返回 0；哈希当前不含常量实际值	zr_vm_library/include/zr_vm_library/native_registry.h:123	commented	已依据声明、实现及消费路径补充职责和边界注释
zr_vm_library/include/zr_vm_library/native_registry.h	ZrLibrary_NativeRegistry_ResolveCallBinding	function	tests/library/test_call_binding_native_registry.c:259	将编译产物中的调用契约解析到当前注册的 Native 闭包。	state/global/contract/outTarget 有效；可触发 provider 物化；失败清零目标并返回状态	zr_vm_library/include/zr_vm_library/native_registry.h:126	commented	已依据声明、实现及消费路径补充职责和边界注释
zr_vm_library/include/zr_vm_library/native_registry.h	ZrLibrary_NativeRegistry_GetCallBindingIdentity	function	tests/library/test_call_binding_native_registry.c:239	从运行时闭包提取编译器可复核的调用契约身份。	global/closure/outContract 有效且闭包属此 registry；失败清零输出，不延长 descriptor 寿命	zr_vm_library/include/zr_vm_library/native_registry.h:132	commented	已依据声明、实现及消费路径补充职责和边界注释
zr_vm_library/include/zr_vm_library/native_registry.h	ZrLibrary_NativeRegistry_EnsureProjectDescriptorPlugin	function	zr_vm_language_server/src/zr_vm_language_server/metadata/lsp_virtual_document_identity.c:193;zr_vm_language_server/src/zr_vm_language_server/module/lsp_module_metadata.c:302;zr_vm_language_server/src/zr_vm_language_server/project/lsp_project.c:388	按项目目录加载所需描述符插件，供编译期发现其公共表面。	state/global/projectDirectory/moduleName 有效；新装载可清模块缓存；失败可能留副作用	zr_vm_library/include/zr_vm_library/native_registry.h:137	commented	已依据声明、实现及消费路径补充职责和边界注释
zr_vm_library/include/zr_vm_library/native_registry.h	ZrLibrary_NativeRegistry_InvalidateDescriptorPluginSource	function	tests/library/test_native_registry_descriptor_invalidation.c:167;tests/library/test_native_registry_descriptor_invalidation.c:179	供插件重载或宿主按来源请求失效描述符插件，撤销模块缓存、句柄及注册记录。	global 与 sourcePath 需有效且插件模块无强引用；在范围契约明确前，调用者须考虑所有插件均可能失效。	zr_vm_library/include/zr_vm_library/native_registry.h:143;zr_vm_library/src/zr_vm_library/native_binding/native_binding.c:621;zr_vm_library/src/zr_vm_library/native_binding/native_binding.c:648;zr_vm_library/src/zr_vm_library/native_binding/native_binding.c:675	TODO	TODO: sourcePath 未命中时，只要存在任一插件就继续；随后清理全部插件缓存、句柄和记录。需以多插件用例确认是否应只失效指定来源。
zr_vm_library/include/zr_vm_library/native_registry.h	ZrLibrary_NativeRegistry_GetLastErrorCode	function	tests/library/test_native_registry_descriptor_invalidation.c:169;tests/library/test_official_provider_convergence.c:255	返回最近一次注册或插件加载失败的错误类别。	未 Attach 返回 NONE；仅当前注册表最近错误，成功注册/失效可清零	zr_vm_library/include/zr_vm_library/native_registry.h:146	commented	已依据声明、实现及消费路径补充职责和边界注释
zr_vm_library/include/zr_vm_library/native_registry.h	ZrLibrary_NativeRegistry_GetLastErrorMessage	function	zr_vm_rust_binding/src/zr_vm_rust_binding/native.c:414;tests/library/test_native_registry_descriptor_invalidation.c:170	借用最近错误消息；下一次注册或卸载操作可能覆盖。	未 Attach 返回 NULL；否则借用内部缓冲，下次 set/clear_error 或 Free 后失效	zr_vm_library/include/zr_vm_library/native_registry.h:148	commented	已依据声明、实现及消费路径补充职责和边界注释
zr_vm_library/include/zr_vm_library/native_registry.h	ZrLibrary_State_SetProviderPhase	function	zr_vm_cli/src/zr_vm_cli/commands/test_command.c:95;zr_vm_parser/src/zr_vm_parser/compiler.c:1192	设置当前线程编译工具或运行时提供者阶段，供导入门禁使用。	state=NULL 时无操作；不校验 phase 枚举值；临时切换需调用方恢复	zr_vm_library/include/zr_vm_library/native_registry.h:150	commented	已依据声明、实现及消费路径补充职责和边界注释
zr_vm_library/include/zr_vm_library/native_registry.h	ZrLibrary_State_GetProviderPhase	function	zr_vm_parser/src/zr_vm_parser/compiler.c:1191;zr_vm_parser/src/zr_vm_parser/type_inference/type_inference_native.c:3131;zr_vm_library/src/zr_vm_library/native_binding/native_binding_registry_plugin.c:738	查询线程提供者阶段；无效状态默认运行时阶段。	state=NULL 或内部阶段越界返回 RUNTIME，其余返回当前阶段	zr_vm_library/include/zr_vm_library/native_registry.h:153	commented	已依据声明、实现及消费路径补充职责和边界注释
zr_vm_library/include/zr_vm_library/native_registry.h	ZrLibrary_ProviderPhase_CanConsume	function	zr_vm_parser/src/zr_vm_parser/type_inference/type_inference_native.c:3130;zr_vm_library/src/zr_vm_library/native_binding/native_binding_registry_plugin.c:737	只允许运行时提供者或与宿主阶段一致的提供者被消费。	纯阶段比较；RUNTIME provider 可供任何 hostPhase 使用，其余仅同阶段允许	zr_vm_library/include/zr_vm_library/native_registry.h:155	commented	已依据声明、实现及消费路径补充职责和边界注释
zr_vm_library/include/zr_vm_library/native_registry.h	ZrLibrary_OfficialModuleInventory_GetCount	function	tests/library/test_official_provider_convergence.c:153	返回官方模块固定清单长度，供注册检查及工具枚举。	无输入；返回编译期固定清单长度，不受当前 registry 状态影响	zr_vm_library/include/zr_vm_library/native_registry.h:159	commented	已依据声明、实现及消费路径补充职责和边界注释
zr_vm_library/include/zr_vm_library/native_registry.h	ZrLibrary_OfficialModuleInventory_GetAt	function	tests/library/test_official_provider_convergence.c:156	按清单索引借用官方模块身份。	index 越界返回 NULL；成功借用静态清单项，不得释放	zr_vm_library/include/zr_vm_library/native_registry.h:161	commented	已依据声明、实现及消费路径补充职责和边界注释
zr_vm_library/include/zr_vm_library/native_registry.h	ZrLibrary_OfficialModuleInventory_Find	function	tests/library/test_debug_library.c:154;tests/library/test_official_provider_convergence.c:101	按模块名查官方身份，供插件拒绝冒名及层级约束。	moduleName 非空且完整匹配官方名；未命中 NULL；成功借用静态清单项	zr_vm_library/include/zr_vm_library/native_registry.h:164	commented	已依据声明、实现及消费路径补充职责和边界注释
zr_vm_library/src/zr_vm_library/native_binding/native_binding.c	native_registry_resolve_provider_module_name	function	ZrCore_GlobalState_GetProviderModuleName 经 global 钩子间接调用	core 按稳定提供者角色查模块名时先使用本注册表，再退回宿主原有解析器。	userData 是 Attach 安装的 registry；未注册或 role=NONE 返回 NULL；返回模块名借用，卸载前须失效该钩子	zr_vm_library/src/zr_vm_library/native_binding/native_binding.c:4	commented	已依据声明、实现及消费路径补充职责和边界注释
zr_vm_library/src/zr_vm_library/native_binding/native_binding.c	native_registry_observe_owner_strong_ref	function	ZrCore_Ownership 调用 global 强引用观察钩子	模块对象的强引用计数是插件卸载门禁；同时保留宿主已有观察行为。	state/object/delta 可被过滤；userData 若为 registry，其存续须覆盖 core 强引用通知；随后仍转发宿主观察器	zr_vm_library/src/zr_vm_library/native_binding/native_binding.c:31	commented	已依据声明、实现及消费路径补充职责和边界注释
zr_vm_library/src/zr_vm_library/native_binding/native_binding.c	native_registry_cleanup_global_state	function	ZrCore_GlobalState_Free 经 nativeRegistryStateCleanup 间接调用	core 全局销毁回调只释放仍由本注册表持有的状态，避免重复清理。	仅在 global->nativeRegistryState 与回调 state 同一指针时 Free；全局销毁不得留下指向已释放 registry 的钩子	zr_vm_library/src/zr_vm_library/native_binding/native_binding.c:76	commented	已依据声明、实现及消费路径补充职责和边界注释
zr_vm_library/src/zr_vm_library/native_binding/native_binding.c	ZrLibrary_NativeRegistry_Attach	function	zr_vm_parser/src/zr_vm_parser/compiler/compiler_state.c:26;zr_vm_lib_thread/src/zr_vm_lib_thread/module.c:14	注册表以 global 为生命周期边界，将 core 的解析、加载和强引用钩子接到统一提供者。	moduleRecords 初次分配失败后不得继续 Array_Push	zr_vm_library/src/zr_vm_library/native_binding/native_binding.c:85;zr_vm_library/src/zr_vm_library/native_binding/native_binding.c:110;zr_vm_core/include/zr_vm_core/array.h:29;zr_vm_core/include/zr_vm_core/array.h:34;zr_vm_core/include/zr_vm_core/array.h:54	BUG	BUG: Array_Init 分配失败仍置 isValid，Attach 继续注册基础模块时空 head 断言/解引用
zr_vm_library/src/zr_vm_library/native_binding/native_binding.c	ZrLibrary_NativeRegistry_Free	function	zr_vm_cli/src/zr_vm_cli/repl/repl_session.c:568;zr_vm_cli/src/zr_vm_cli/runtime/runtime.c:1196;zr_vm_lib_task/src/zr_vm_lib_task/runtime/runtime_workers.c:457	清理插件和记录，并在释放 registry 前恢复仍指向它的宿主钩子。	global 可空；实际清理需要已 Attach 且 mainThreadState 存活；须在 VM 全局资源销毁前调用	zr_vm_library/src/zr_vm_library/native_binding/native_binding.c:171	commented	已依据声明、实现及消费路径补充职责和边界注释
zr_vm_library/src/zr_vm_library/native_binding/native_binding.c	ZrLibrary_NativeRegistry_RegisterModule	function	zr_vm_lib_container/src/zr_vm_lib_container/module.c:4343;zr_vm_lib_debug/src/zr_vm_lib_debug/module.c:1040;zr_vm_lib_ffi/src/zr_vm_lib_ffi/module.c:332	静态模块与插件共用底层注册规则；此入口只声明提供者不可由插件卸载。	global 与 descriptor 须可注册；成功后记录借用静态 descriptor，调用方须保证其覆盖 global 生命周期	zr_vm_library/src/zr_vm_library/native_binding/native_binding.c:269	commented	已依据声明、实现及消费路径补充职责和边界注释
zr_vm_library/src/zr_vm_library/native_binding/native_binding.c	ZrLibrary_NativeRegistry_FindModule	function	zr_vm_language_server/src/zr_vm_language_server/module/lsp_module_metadata.c:281;zr_vm_parser/src/zr_vm_parser/compiler/module_init_analysis.c:498;zr_vm_parser/src/zr_vm_parser/type_inference/type_inference_native.c:3128	编译器及导入器查已注册描述符；结果借用，注册表重载后必须重查。	global/moduleName 可空，未找到返回 NULL；结果是注册表借用指针，重载或 Free 后不得继续使用	zr_vm_library/src/zr_vm_library/native_binding/native_binding.c:278	commented	已依据声明、实现及消费路径补充职责和边界注释
zr_vm_library/src/zr_vm_library/native_binding/native_binding.c	ZrLibrary_NativeRegistry_FindModuleByProviderRole	function	tests/library/test_official_provider_convergence.c:194	类型角色入口先确定唯一提供者，避免调用者依赖可变化的模块别名。	global 可空；role=NONE 或无注册表返回 NULL；返回 descriptor 仍由提供者持有	zr_vm_library/src/zr_vm_library/native_binding/native_binding.c:296	commented	已依据声明、实现及消费路径补充职责和边界注释
zr_vm_library/src/zr_vm_library/native_binding/native_binding.c	ZrLibrary_NativeRegistry_FindCanonicalTypeRole	function	zr_vm_parser/src/zr_vm_parser/type_inference/type_inference_reflection_surface.c:21;tests/library/test_official_provider_convergence.c:203	按稳定角色返回提供者和类型表中的借用指针，失败时输出保持清空。	outRole 必须可写，失败时置零；成功返回的 provider/typeRole 指针依赖注册表和描述符存续	zr_vm_library/src/zr_vm_library/native_binding/native_binding.c:318	commented	已依据声明、实现及消费路径补充职责和边界注释
zr_vm_library/src/zr_vm_library/native_binding/native_binding.c	ZrLibrary_NativeRegistry_FindCanonicalTypeRoleByName	function	zr_vm_parser/src/zr_vm_parser/type_inference/type_inference_reflection_surface.c:9;tests/library/test_official_provider_convergence.c:207	按规范名支持反射和类型推断的静态类型身份查询。	typeName 必须为规范类型名；outRole 必须可写；歧义或未找到返回 false 且输出清空	zr_vm_library/src/zr_vm_library/native_binding/native_binding.c:358	commented	已依据声明、实现及消费路径补充职责和边界注释
zr_vm_library/src/zr_vm_library/native_binding/native_binding.c	ZrLibrary_NativeRegistry_FindCanonicalTypeRoleByProjection	function	zr_vm_parser/src/zr_vm_parser/type_inference/type_inference_reflection_surface.c:79;tests/library/test_official_provider_convergence.c:209	特定提供者的投影必须唯一，歧义不能静默选择第一个候选。	providerRole/projection 需可匹配；outRole 必须可写；匹配不唯一时拒绝返回任意一个	zr_vm_library/src/zr_vm_library/native_binding/native_binding.c:400	commented	已依据声明、实现及消费路径补充职责和边界注释
zr_vm_library/src/zr_vm_library/native_binding/native_binding.c	ZrLibrary_NativeRegistry_ValidateModuleDescriptor	function	tests/library/test_official_provider_convergence.c:106	供插件加载与测试预检描述符，不将其放入当前注册表。	true 未保证 constants/moduleLinks/typeHints、字段/枚举/泛型数组与 count 配对	zr_vm_library/src/zr_vm_library/native_binding/native_binding.c:442;zr_vm_library/src/zr_vm_library/native_binding/native_binding_support.c:712;zr_vm_library/src/zr_vm_library/native_binding/native_binding_runtime_metadata.c:507;zr_vm_library/src/zr_vm_library/native_binding/native_binding_metadata.c:835	BUG	BUG: 畸形 descriptor 可通过公开预检，随后注册与物化按非零 count 访问空子表
zr_vm_library/src/zr_vm_library/native_binding/native_binding.c	ZrLibrary_NativeRegistry_GetModuleInfo	function	zr_vm_language_server/src/zr_vm_language_server/module/lsp_module_metadata.c:199;zr_vm_lib_system/src/zr_vm_lib_system/vm/vm.c:227;zr_vm_library/src/zr_vm_library/native_binding/native_binding_registry_plugin.c:607	查询当前注册记录的借用快照，供工具与生命周期检查。	outInfo 必须可写；失败时清零；成功字段是记录内借用指针，重载/Free 后失效	zr_vm_library/src/zr_vm_library/native_binding/native_binding.c:457	commented	已依据声明、实现及消费路径补充职责和边界注释
zr_vm_library/src/zr_vm_library/native_binding/native_binding.c	ZrLibrary_NativeRegistry_GetModuleCount	function	zr_vm_language_server/src/zr_vm_language_server/module/lsp_module_metadata.c:550	LSP 按当前数量枚举模块；枚举期间注册表不可异步失效。	global 可空时返回 0；枚举结果只代表当前注册表世代，遍历期间不得使其失效	zr_vm_library/src/zr_vm_library/native_binding/native_binding.c:488	commented	已依据声明、实现及消费路径补充职责和边界注释
zr_vm_library/src/zr_vm_library/native_binding/native_binding.c	ZrLibrary_NativeRegistry_GetModuleRefCount	function	tests/module/test_module_system.c:7435	公开模块所有权计数，供插件卸载约束和回归测试核对。	moduleName 可空或未注册时返回 0；计数并不延长模块对象或插件句柄生存期	zr_vm_library/src/zr_vm_library/native_binding/native_binding.c:504	commented	已依据声明、实现及消费路径补充职责和边界注释
zr_vm_library/src/zr_vm_library/native_binding/native_binding.c	ZrLibrary_NativeRegistry_GetModuleInfoAt	function	zr_vm_language_server/src/zr_vm_language_server/module/lsp_module_metadata.c:554	与 GetModuleCount 配合枚举；索引及返回指针只对当前注册表世代有效。	outInfo 必须可写；越界或未 Attach 返回 false 并清零；返回字段只在当前注册表世代有效	zr_vm_library/src/zr_vm_library/native_binding/native_binding.c:518	commented	已依据声明、实现及消费路径补充职责和边界注释
zr_vm_library/src/zr_vm_library/native_binding/native_binding.c	ZrLibrary_NativeRegistry_GetModuleInfoBySourcePath	function	zr_vm_language_server/src/zr_vm_language_server/lsp_virtual_documents.c:248;zr_vm_language_server/src/zr_vm_language_server/project/lsp_project_navigation.c:1577;tests/library/test_native_registry_descriptor_invalidation.c:173	插件测试按来源路径确认记录，路径比较遵循平台大小写与斜杠规则。	sourcePath 必须有效，outInfo 必须可写；失败时清零；路径匹配不解析符号链接	zr_vm_library/src/zr_vm_library/native_binding/native_binding.c:553	commented	已依据声明、实现及消费路径补充职责和边界注释
zr_vm_library/src/zr_vm_library/native_binding/native_binding.c	ZrLibrary_NativeRegistry_InvalidateDescriptorPluginSource	function	tests/library/test_native_registry_descriptor_invalidation.c:167;tests/library/test_native_registry_descriptor_invalidation.c:179	先检查插件模块强引用，再撤销缓存、释放动态库句柄并删除描述符注册记录。	global 与 sourcePath 需有效；有任一插件模块强引用时拒绝卸载，当前清理范围可能超过指定来源。	zr_vm_library/src/zr_vm_library/native_binding/native_binding.c:594;zr_vm_library/src/zr_vm_library/native_binding/native_binding.c:621;zr_vm_library/src/zr_vm_library/native_binding/native_binding.c:648;zr_vm_library/src/zr_vm_library/native_binding/native_binding.c:675	TODO	TODO: 在 sourcePath 未匹配任何记录时，此函数仍以任一插件作为 matched，随后遍历全部插件资源；需确认多插件热重载的范围契约。
zr_vm_library/src/zr_vm_library/native_binding/native_binding.c	ZrLibrary_NativeRegistry_GetLastErrorCode	function	tests/library/test_native_registry_descriptor_invalidation.c:169;tests/library/test_official_provider_convergence.c:255;tests/module/test_module_system.c:7297	最近错误只属于当前注册表操作周期，不跨下一次成功注册保持。	无注册表返回 NONE；仅查询最近错误码，后续成功注册可能清除它	zr_vm_library/src/zr_vm_library/native_binding/native_binding.c:716	commented	已依据声明、实现及消费路径补充职责和边界注释
zr_vm_library/src/zr_vm_library/native_binding/native_binding.c	ZrLibrary_NativeRegistry_GetLastErrorMessage	function	zr_vm_rust_binding/src/zr_vm_rust_binding/native.c:414;tests/library/test_native_registry_descriptor_invalidation.c:170;tests/module/test_module_system.c:7298	返回注册表内部消息缓冲区，后续注册/加载会覆盖该借用字符串。	无注册表返回 NULL；返回 registry 内部缓冲，下一次 set/clear_error 或 Free 后失效	zr_vm_library/src/zr_vm_library/native_binding/native_binding.c:722	commented	已依据声明、实现及消费路径补充职责和边界注释
zr_vm_library/src/zr_vm_library/native_binding/native_binding.c	ZrLibrary_NativeHints_GetSchemaId	function	无仓内直接调用；公开查询 schema ID	提示侧车的协议版本与 public header 常量保持一致。	无输入，返回编译进二进制的静态 schema ID；不依赖 state 或 registry，也不得释放	zr_vm_library/src/zr_vm_library/native_binding/native_binding.c:728	commented	已依据声明、实现及消费路径补充职责和边界注释
zr_vm_library/src/zr_vm_library/native_binding/native_binding.c	ZrLibrary_NativeHints_GetModuleJson	function	无仓内直接调用；公开借用 JSON	提示 JSON 随描述符生命周期存在；本入口不复制或解析。	descriptor 可空时返回 NULL；否则借用 typeHintsJson，不复制且不得超过 descriptor 生存期	zr_vm_library/src/zr_vm_library/native_binding/native_binding.c:733	commented	已依据声明、实现及消费路径补充职责和边界注释
zr_vm_library/src/zr_vm_library/native_binding/native_binding.c	ZrLibrary_NativeHints_WriteSidecar	function	无仓内直接调用；公开侧车写入	把描述符提供的 typeHintsJson 原样写入侧车文件，供不执行 VM 的工具消费。	输入指针必须有效；写入字节数和文件关闭均应成功，才可向调用者报告完成。	zr_vm_library/src/zr_vm_library/native_binding/native_binding.c:738;zr_vm_library/src/zr_vm_library/native_binding/native_binding.c:750	BUG	BUG: fwrite 和 fclose 的返回值均被丢弃；磁盘写满等失败可产生截断文件而函数仍返回 ZR_TRUE。
zr_vm_library/src/zr_vm_library/native_binding/native_binding_argument_view.c	native_binding_select_metadata_registration_function	function	ZrLib_CallContext_InlineArgumentView	内联帧可由包装函数执行，但布局注册在其原型上下文函数上。	context 与其关联函数须有效；若是内联包装帧则选原型函数，返回借用指针	zr_vm_library/src/zr_vm_library/native_binding/native_binding_argument_view.c:8	commented	已依据声明、实现及消费路径补充职责和边界注释
zr_vm_library/src/zr_vm_library/native_binding/native_binding_argument_view.c	ZrLib_CallContext_InlineArgumentView	function	zr_vm_lib_container/src/zr_vm_lib_container/pooling_generational_runtime.c:491;tests/core/test_native_inline_span_dispatch.c:594	为池化等零复制调用方同时提供帧内借用地址与同一函数的权威布局表。	context/outView 必须可写且属于当前调用；帧槽指针仅在同步调用和栈布局稳定时可用	zr_vm_library/src/zr_vm_library/native_binding/native_binding_argument_view.c:18	commented	已依据声明、实现及消费路径补充职责和边界注释
zr_vm_library/src/zr_vm_library/native_binding/native_binding_support.c	native_binding_trace_import_enabled	function	native_binding_trace_import	导入诊断由环境变量按进程读取一次，避免每个模块查询都反复访问环境。	无 state 输入；首次读取进程环境变量后缓存，TODO 核查并发首次初始化的数据竞争	zr_vm_library/src/zr_vm_library/native_binding/native_binding_support.c:6	commented	已依据声明、实现及消费路径补充职责和边界注释
zr_vm_library/src/zr_vm_library/native_binding/native_binding_support.c	native_binding_refresh_forwarded_raw_object	function	ZrLib_CallableValue_GetNativeBindingReturnTypeName	读取 Native 闭包元数据前跟随 GC 转发地址，避免在旧对象头取描述符。	rawObject 可空；非空须指向仍可读取的 GC 对象头；返回转发后的借用地址，不新增 pin	zr_vm_library/src/zr_vm_library/native_binding/native_binding_support.c:21	commented	已依据声明、实现及消费路径补充职责和边界注释
zr_vm_library/src/zr_vm_library/native_binding/native_binding_support.c	ZrLib_CallableValue_GetNativeBindingReturnTypeName	function	zr_vm_parser/src/zr_vm_parser/compiler/compiler_quickening.c:482	FFI 等调用方从已绑定闭包恢复返回类型，类型名仍由模块描述符持有。	state/callableValue 须对应存活 Native 闭包；非 Native 返回 NULL；类型名借用描述符直到卸载	zr_vm_library/src/zr_vm_library/native_binding/native_binding_support.c:33	commented	已依据声明、实现及消费路径补充职责和边界注释
zr_vm_library/src/zr_vm_library/native_binding/native_binding_support.c	native_binding_init_call_context_layout	function	首方无直接调用；分派路径使用 cached/inline 初始化器	根据函数、实例方法或元方法的接收者约定设置当前 Native 调用上下文的实参布局。	context 及当前调用帧必须有效；该布局只应在本次调用期间用于访问参数。	zr_vm_library/src/zr_vm_library/native_binding/native_binding_support.c:66	TODO	TODO: 首方没有直接调用此入口，分派路径使用 cached/inline 初始化器；需核实是否存在外部消费或兼容要求，再决定保留方式。
zr_vm_library/src/zr_vm_library/native_binding/native_binding_support.c	native_binding_trace_import	function	zr_vm_library/src/zr_vm_library/native_binding/native_binding_metadata.c:1086;zr_vm_library/src/zr_vm_library/native_binding/native_binding_registry_plugin.c:784	插件导入的可选诊断通道；不得改变加载成败，也不向用户结果注入信息。	format 可空则不输出；state 需可用于日志；环境开关关闭时无副作用，格式化分配失败静默跳过	zr_vm_library/src/zr_vm_library/native_binding/native_binding_support.c:89	commented	已依据声明、实现及消费路径补充职责和边界注释
zr_vm_library/src/zr_vm_library/native_binding/native_binding_support.c	native_registry_clear_error	function	zr_vm_library/src/zr_vm_library/native_binding/native_binding.c:128;zr_vm_library/src/zr_vm_library/native_binding/native_binding_registry_plugin.c:472	成功注册或成功失效后撤销上一轮错误，供 CLI 获取当前操作诊断。	registry 可空则无操作；清除后旧错误码与错误字符串不得继续视为当前操作结果	zr_vm_library/src/zr_vm_library/native_binding/native_binding_support.c:126	commented	已依据声明、实现及消费路径补充职责和边界注释
zr_vm_library/src/zr_vm_library/native_binding/native_binding_support.c	native_registry_set_error	function	zr_vm_library/src/zr_vm_library/native_binding/native_binding_contract_validation.c:46;zr_vm_library/src/zr_vm_library/native_binding/native_binding_official_inventory.c:73;zr_vm_library/src/zr_vm_library/native_binding/native_binding_registry_plugin.c:363	统一记录插件和描述符校验错误；返回的消息只在下次注册表操作前有效。	registry 可空则无操作；format 可空时只更新错误码；消息存储在 registry 的定长缓冲	zr_vm_library/src/zr_vm_library/native_binding/native_binding_support.c:136	commented	已依据声明、实现及消费路径补充职责和边界注释
zr_vm_library/src/zr_vm_library/native_binding/native_binding_support.c	native_registry_normalize_path_char	function	native_registry_source_paths_equal	来源路径匹配只做分隔符与 Windows 大小写归一，不解析文件系统别名。	纯字符归一：反斜杠转斜杠，Windows 额外按 unsigned char 小写；不检查 registry 或路径存在	zr_vm_library/src/zr_vm_library/native_binding/native_binding_support.c:158	commented	已依据声明、实现及消费路径补充职责和边界注释
zr_vm_library/src/zr_vm_library/native_binding/native_binding_support.c	native_registry_source_paths_equal	function	zr_vm_library/src/zr_vm_library/native_binding/native_binding.c:575	失效与记录查询共用来源路径判等，确保两条路径遵守相同平台规则。	left/right 任一为空返回 false；只按字符归一逐位比较，不做文件系统规范化	zr_vm_library/src/zr_vm_library/native_binding/native_binding_support.c:169	commented	已依据声明、实现及消费路径补充职责和边界注释
zr_vm_library/src/zr_vm_library/native_binding/native_binding_support.c	native_registry_find_live_descriptor_plugin_record	function	zr_vm_library/src/zr_vm_library/native_binding/native_binding.c:638	全局卸载前查找仍被模块对象强持有的插件记录。	registry 须存活；返回记录借用，扫描的是任一仍有 ownerRefCount 的插件模块	zr_vm_library/src/zr_vm_library/native_binding/native_binding_support.c:187	commented	已依据声明、实现及消费路径补充职责和边界注释
zr_vm_library/src/zr_vm_library/native_binding/native_binding_support.c	native_registry_find_live_descriptor_plugin_record_for_module	function	zr_vm_library/src/zr_vm_library/native_binding/native_binding_registry_plugin.c:427	同名插件重载前只检查目标模块的强引用，以免替换存活闭包使用的描述符。	registry/moduleName 须用于目标记录查找；返回借用记录，重载或 Free 后不可复用	zr_vm_library/src/zr_vm_library/native_binding/native_binding_support.c:207	commented	已依据声明、实现及消费路径补充职责和边界注释
zr_vm_library/src/zr_vm_library/native_binding/native_binding_support.c	native_registry_set_descriptor_plugin_in_use_error	function	zr_vm_library/src/zr_vm_library/native_binding/native_binding.c:640;zr_vm_library/src/zr_vm_library/native_binding/native_binding_registry_plugin.c:429	为卸载和同名重载共用的拒绝路径保留模块、来源与引用数。	registry 可空则无操作；record 须为存活注册记录；错误消息借用 record 字段直到下次注册操作	zr_vm_library/src/zr_vm_library/native_binding/native_binding_support.c:225	commented	已依据声明、实现及消费路径补充职责和边界注释
zr_vm_library/src/zr_vm_library/native_binding/native_binding_support.c	native_registry_duplicate_string	function	zr_vm_library/src/zr_vm_library/native_binding/native_binding_registry_plugin.c:459	注册记录独立持有模块名和来源路径；调用方负责用同一 global allocator 释放。	global/text 非空且 allocator 可用；失败返回 NULL；成功副本须以同一 global allocator 释放	zr_vm_library/src/zr_vm_library/native_binding/native_binding_support.c:238	commented	已依据声明、实现及消费路径补充职责和边界注释
zr_vm_library/src/zr_vm_library/native_binding/native_binding_support.c	native_binding_value_type_name	function	zr_vm_library/src/zr_vm_library/builtin_module.c:177;zr_vm_library/src/zr_vm_library/native_binding/native_binding_dispatch.c:864	Native 类型错误使用稳定的公开类别名，不泄漏 VM 内部值编码。	value 可空；返回静态类别字面量；state 当前未使用，返回值无需释放	zr_vm_library/src/zr_vm_library/native_binding/native_binding_support.c:261	commented	已依据声明、实现及消费路径补充职责和边界注释
zr_vm_library/src/zr_vm_library/native_binding/native_binding_support.c	native_binding_call_name	function	zr_vm_library/src/zr_vm_library/native_binding/native_binding_dispatch.c:862	错误消息按当前描述符选取用户可见调用名，元方法由核心名称表表示。	context 可空时返回静态 native；描述符命中时返回借用 name，依赖描述符存续	zr_vm_library/src/zr_vm_library/native_binding/native_binding_support.c:302	commented	已依据声明、实现及消费路径补充职责和边界注释
zr_vm_library/src/zr_vm_library/native_binding/native_binding_support.c	native_binding_create_string	function	zr_vm_lib_network/src/zr_vm_lib_network/registry/tcp_registry.c:227;zr_vm_lib_network/src/zr_vm_lib_network/registry/udp_registry.c:63;zr_vm_library/src/zr_vm_library/native_binding/native_binding.c:656	多个物化/导入路径共用字符串缓存；返回 VM 对象而非持久 C 缓冲。	state/text 非空；失败返回 NULL；返回 VM 字符串对象须经 VM 根或 pin 跨后续分配保活	zr_vm_library/src/zr_vm_library/native_binding/native_binding_support.c:320	commented	已依据声明、实现及消费路径补充职责和边界注释
zr_vm_library/src/zr_vm_library/native_binding/native_binding_support.c	native_binding_import_module	function	zr_vm_library/src/zr_vm_library/native_binding/native_binding_dispatch.c:1619	C 调用辅助入口按模块名复用 core 导入器，保留缓存及循环导入语义。	state/moduleName 须有效；失败返回 NULL；返回的模块对象须遵循 VM GC 保活规则	zr_vm_library/src/zr_vm_library/native_binding/native_binding_support.c:328	commented	已依据声明、实现及消费路径补充职责和边界注释
zr_vm_library/src/zr_vm_library/native_binding/native_binding_support.c	native_binding_register_prototype_in_global_scope	function	zr_vm_library/src/zr_vm_library/native_binding/native_binding_metadata.c:1788	物化原生类型后在全局 zr 对象暴露原型，使语言层能按类型名访问。	state/prototype/typeName 须有效；写入全局 zr 对象后由 VM 管理，不向调用方转移 C 所有权	zr_vm_library/src/zr_vm_library/native_binding/native_binding_support.c:344	commented	已依据声明、实现及消费路径补充职责和边界注释
zr_vm_library/src/zr_vm_library/native_binding/native_binding_support.c	native_registry_get	function	zr_vm_library/src/zr_vm_library/native_binding/native_binding.c:94;zr_vm_library/src/zr_vm_library/native_binding/native_binding_call_binding.c:410;zr_vm_library/src/zr_vm_library/native_binding/native_binding_dispatch.c:324	仅取回由 Attach 装入 global 的私有状态；并不隐式初始化注册表。	global 可空时返回 NULL；仅借用 Attach 已装入的 registry，不隐式初始化	zr_vm_library/src/zr_vm_library/native_binding/native_binding_support.c:369	commented	已依据声明、实现及消费路径补充职责和边界注释
zr_vm_library/src/zr_vm_library/native_binding/native_binding_support.c	ZrLibrary_State_SetProviderPhase	function	zr_vm_cli/src/zr_vm_cli/commands/test_command.c:95;zr_vm_parser/src/zr_vm_parser/compiler.c:1192;tests/testing/test_assertions.c:113	编译工具借用 VM 执行时切换阶段，恢复原阶段由调用方负责。	state 可空则无操作；phase 被窄化存入 state；借用执行环境的调用方须负责恢复原阶段	zr_vm_library/src/zr_vm_library/native_binding/native_binding_support.c:376	commented	已依据声明、实现及消费路径补充职责和边界注释
zr_vm_library/src/zr_vm_library/native_binding/native_binding_support.c	ZrLibrary_State_GetProviderPhase	function	zr_vm_parser/src/zr_vm_parser/compiler.c:1191;zr_vm_parser/src/zr_vm_parser/type_inference/type_inference_native.c:3131;zr_vm_library/src/zr_vm_library/native_binding/native_binding_registry_plugin.c:738	损坏或缺失阶段按运行时处理，确保普通导入不依赖编译工具环境。	state 可空或阶段值越界时返回 RUNTIME；不要求 Attach，也不分配资源	zr_vm_library/src/zr_vm_library/native_binding/native_binding_support.c:385	commented	已依据声明、实现及消费路径补充职责和边界注释
zr_vm_library/src/zr_vm_library/native_binding/native_binding_support.c	ZrLibrary_ProviderPhase_CanConsume	function	zr_vm_parser/src/zr_vm_parser/type_inference/type_inference_native.c:3130;zr_vm_library/src/zr_vm_library/native_binding/native_binding_registry_plugin.c:737;tests/library/test_official_provider_convergence.c:518	阶段门禁允许普通运行时提供者，限制编译工具提供者的误用。	纯阶段比较；RUNTIME provider 可被任何 hostPhase 使用，其余仅同阶段可用	zr_vm_library/src/zr_vm_library/native_binding/native_binding_support.c:393	commented	已依据声明、实现及消费路径补充职责和边界注释
zr_vm_library/src/zr_vm_library/native_binding/native_binding_support.c	native_registry_binding_entry_at	function	native_registry_find_binding	索引缓存的安全读取边界，避免旧 closure 缓存越过当前表长。	registry 可空、缓存哨兵或 index 越界返回 NULL；返回内部绑定条目，表修改后不可复用	zr_vm_library/src/zr_vm_library/native_binding/native_binding_support.c:401	commented	已依据声明、实现及消费路径补充职责和边界注释
zr_vm_library/src/zr_vm_library/native_binding/native_binding_support.c	native_registry_promote_binding_lookup_index	function	native_registry_find_binding	将最近命中的绑定提升到两槽热点缓存，减少通用分派的线性查找。	registry 可空则无操作；index 必须是当前 bindingEntries 有效索引，调用方先行校验	zr_vm_library/src/zr_vm_library/native_binding/native_binding_support.c:412	commented	已依据声明、实现及消费路径补充职责和边界注释
zr_vm_library/src/zr_vm_library/native_binding/native_binding_support.c	native_registry_find_binding	function	zr_vm_library/src/zr_vm_library/native_binding/native_binding_call_binding.c:529;zr_vm_library/src/zr_vm_library/native_binding/native_binding_dispatch.c:328;zr_vm_library/src/zr_vm_library/native_binding/native_binding_typed_call.c:42	按 closure 身份取描述符绑定；先验证闭包缓存，再尝试热点与完整表。	registry/closure 须来自同一注册世代；返回内部条目，记录替换后须重查	zr_vm_library/src/zr_vm_library/native_binding/native_binding_support.c:429	commented	已依据声明、实现及消费路径补充职责和边界注释
zr_vm_library/src/zr_vm_library/native_binding/native_binding_support.c	native_registry_find_record	function	zr_vm_library/src/zr_vm_library/native_binding/native_binding.c:51	模块名是注册表的可见键；插件重载时返回当前世代记录。	registry/moduleName 非空且记录表有效才可匹配；结果借用到注册表修改为止	zr_vm_library/src/zr_vm_library/native_binding/native_binding_support.c:507	commented	已依据声明、实现及消费路径补充职责和边界注释
zr_vm_library/src/zr_vm_library/native_binding/native_binding_support.c	native_registry_find_record_by_descriptor	function	zr_vm_library/src/zr_vm_library/native_binding/native_binding_registry_plugin.c:999	插件物化以实际描述符指针回查其注册记录和来源，避免名称重载混淆。	registry/descriptor 非空；结果借用到插件重载或 Free 为止，不能按名称跨世代缓存	zr_vm_library/src/zr_vm_library/native_binding/native_binding_support.c:529	commented	已依据声明、实现及消费路径补充职责和边界注释
zr_vm_library/src/zr_vm_library/native_binding/native_binding_support.c	native_registry_validate_parameter_descriptors	function	native_registry_validate_parameter_passing_modes	注册时先阻止缺表或非法传递模式进入编译器与 ref/out 调用路径。	参数表在 count>0 时必须可索引；非法 passingMode 返回 false 并设置 registry 错误	zr_vm_library/src/zr_vm_library/native_binding/native_binding_support.c:550	commented	已依据声明、实现及消费路径补充职责和边界注释
zr_vm_library/src/zr_vm_library/native_binding/native_binding_support.c	native_registry_validate_parameter_passing_modes	function	native_registry_validate_descriptor_compatibility	遍历模块函数、方法和元方法的共享参数约束，统一拒绝畸形描述符。	descriptor 须有可遍历的函数/类型/方法数组；此处仅验证参数传递模式及其表结构	zr_vm_library/src/zr_vm_library/native_binding/native_binding_support.c:586	commented	已依据声明、实现及消费路径补充职责和边界注释
zr_vm_library/src/zr_vm_library/native_binding/native_binding_support.c	native_registry_validate_descriptor_compatibility	function	zr_vm_library/src/zr_vm_library/native_binding/native_binding.c:451;zr_vm_library/src/zr_vm_library/native_binding/native_binding_registry_plugin.c:441	插件加载与直接注册共用 ABI、运行时能力及声明合法性门禁。	须配对 constants/moduleLinks/typeHints、fields/enumMembers/implements/generic 子表与各 count；当前未覆盖	zr_vm_library/src/zr_vm_library/native_binding/native_binding_support.c:670;zr_vm_library/src/zr_vm_library/native_binding/native_binding_support.c:712;zr_vm_library/src/zr_vm_library/native_binding/native_binding_runtime_metadata.c:493;zr_vm_library/src/zr_vm_library/native_binding/native_binding_metadata.c:835;zr_vm_library/src/zr_vm_library/native_binding/native_binding_metadata.c:1224	BUG	BUG: 非零计数配 NULL 的多组子表可越过门禁，运行时元数据、反射或类型物化可空指针读取
zr_vm_library/src/zr_vm_library/native_binding/native_binding_support.c	native_registry_register_module_record	function	zr_vm_library/src/zr_vm_library/native_binding/native_binding.c:270;zr_vm_library/src/zr_vm_library/native_binding/native_binding_registry_plugin.c:442	为模块名创建或替换注册记录；复制模块名和来源路径，借用描述符，并在替换时使旧闭包绑定世代失效。	插件描述符所在动态库须覆盖记录与闭包借用期；注册成功后加载器若失败须先回滚记录再卸载句柄。	zr_vm_library/src/zr_vm_library/native_binding/native_binding_support.c:727;zr_vm_library/src/zr_vm_library/native_binding/native_binding_support.c:823;zr_vm_library/src/zr_vm_library/native_binding/native_binding_registry_plugin.c:442;zr_vm_library/src/zr_vm_library/native_binding/native_binding_registry_plugin.c:459;zr_vm_library/src/zr_vm_library/native_binding/native_binding_registry_plugin.c:462;zr_vm_library/src/zr_vm_library/native_binding/native_binding_registry_plugin.c:465;zr_vm_library/src/zr_vm_library/native_binding/native_binding_registry_plugin.c:143	BUG	BUG: 插件加载器在 native_binding_registry_plugin.c:442 注册后才于 459-461 分配句柄元数据；任一分配失败走 465 卸载库，但已提交的 descriptor 未回滚，后续 FindModule 可取悬垂指针。
zr_vm_library/src/zr_vm_library/native_binding/native_call_plan.c	native_call_plan_capabilities_supported	function	ZrLibrary_NativeCall_Invoke;ZrLibrary_NativeCall_InvokeResolved	执行期再次限制计划的能力位，防止序列化计划绕过 Prepare 的验证。	plan 可空则 false；diagnostic 可空；能力位超出运行时集合时填写诊断并拒绝	zr_vm_library/src/zr_vm_library/native_binding/native_call_plan.c:8	commented	已依据声明、实现及消费路径补充职责和边界注释
zr_vm_library/src/zr_vm_library/native_binding/native_call_plan.c	ZrLibrary_NativeCall_Prepare	function	无仓内直接调用；公开 NativeCall 计划入口	在 core 生成持久化计划前，先按库运行时能力集合拒绝不可执行契约。	request/plan 的有效性由 core Prepare 校验；不支持的能力位返回 false 且清零非空 plan	zr_vm_library/src/zr_vm_library/native_binding/native_call_plan.c:36	commented	已依据声明、实现及消费路径补充职责和边界注释
zr_vm_library/src/zr_vm_library/native_binding/native_call_plan.c	ZrLibrary_NativeCall_Invoke	function	首方无直接调用；公开入口明确报告需解析诊断	计划不携带进程内地址；此入口只返回需显式解析的诊断。	plan/state 必须非空并通过 core 校验；即便有效也返回 false 和 UNRESOLVED 诊断	zr_vm_library/src/zr_vm_library/native_binding/native_call_plan.c:62	commented	已依据声明、实现及消费路径补充职责和边界注释
zr_vm_library/src/zr_vm_library/native_binding/native_call_plan.c	ZrLibrary_NativeCall_InvokeResolved	function	无仓内直接调用；公开 NativeCall 已解析入口	调用点注入当前进程解析器，core 才能把稳定计划绑定到可执行目标。	plan/state 必须非空且计划能力受支持；invoker/userData 由 core 执行层消费	zr_vm_library/src/zr_vm_library/native_binding/native_call_plan.c:90	commented	已依据声明、实现及消费路径补充职责和边界注释
zr_vm_library/src/zr_vm_library/native_binding/native_binding.c	ZrLibrary_NativeRegistry_Attach::hook_install	block	ZrLibrary_NativeRegistry_Attach	把宿主解析与所有权钩子接入注册表，再注册基础提供者	仅 global 生存期内可持有 registry userData	zr_vm_library/src/zr_vm_library/native_binding/native_binding.c:146	commented	已依据声明、实现及消费路径补充职责和边界注释
zr_vm_library/src/zr_vm_library/native_binding/native_binding.c	ZrLibrary_NativeRegistry_InvalidateDescriptorPluginSource::scope	block	ZrLibrary_NativeRegistry_InvalidateDescriptorPluginSource	确定来源匹配、强引用卸载门禁及本次插件缓存和句柄的清理范围。	当前实现可能在来源未命中时清理全部插件；依赖此 API 的热重载流程须先明确范围契约。	zr_vm_library/src/zr_vm_library/native_binding/native_binding.c:621;zr_vm_library/src/zr_vm_library/native_binding/native_binding.c:648;zr_vm_library/src/zr_vm_library/native_binding/native_binding.c:675	TODO	TODO: sourcePath 未命中时扫描任一插件即可继续，后续清理遍历全部插件；需用多个来源同时加载的测试确认预期。
zr_vm_library/src/zr_vm_library/native_binding/native_binding.c	ZrLibrary_NativeHints_WriteSidecar::write_result	block	ZrLibrary_NativeHints_WriteSidecar	完成 JSON 侧车的实际写入，并向上层返回文件持久化结果。	应检查预期字节数与 fwrite 结果，并检查 fclose 的延迟写入错误。	zr_vm_library/src/zr_vm_library/native_binding/native_binding.c:750-753	BUG	BUG: 此块丢弃 fwrite 与 fclose 的结果，无论短写还是关闭失败均返回 ZR_TRUE；磁盘写满时可能留下截断文件。
zr_vm_library/src/zr_vm_library/native_binding/native_binding_argument_view.c	ZrLib_CallContext_InlineArgumentView::layout_source	block	ZrLib_CallContext_InlineArgumentView	按元数据帧或原型帧选择权威布局注册表	布局 ID、尺寸和对齐须与借用帧一致	zr_vm_library/src/zr_vm_library/native_binding/native_binding_argument_view.c:38	commented	已依据声明、实现及消费路径补充职责和边界注释
zr_vm_library/src/zr_vm_library/native_binding/native_binding_support.c	native_binding_trace_import_enabled::cache	state	native_binding_trace_import	进程内缓存 ZR_VM_TRACE_NATIVE_IMPORT 环境开关，供后续 Native 导入诊断共用。	首次初始化须避免并发访问，或采用线程安全的一次性初始化；环境变量后续变化不会立即生效。	zr_vm_library/src/zr_vm_library/native_binding/native_binding_support.c:8;zr_vm_library/src/zr_vm_library/native_binding/native_binding_support.c:9;zr_vm_library/src/zr_vm_library/native_binding/native_binding_support.c:97	TODO	TODO: initialized 与 enabled 是无同步的可变静态变量；若多个线程同时首次导入会发生读写竞态，需核实导入并发约束。
zr_vm_library/src/zr_vm_library/native_binding/native_binding_support.c	native_registry_find_binding::hot_indices	block	native_registry_find_binding	按 closure 身份验证缓存后复用最近绑定	重注册世代变更后不得复用旧描述符	zr_vm_library/src/zr_vm_library/native_binding/native_binding_support.c:443	commented	已依据声明、实现及消费路径补充职责和边界注释
zr_vm_library/src/zr_vm_library/native_binding/native_binding_support.c	native_registry_register_module_record::provider_generation	block	native_registry_register_module_record	重注册时使旧 Native 闭包的直接分派失效	下一次调用必须按新提供者重新绑定	zr_vm_library/src/zr_vm_library/native_binding/native_binding_support.c:807;zr_vm_library/src/zr_vm_library/native_binding/native_binding_registry_plugin.c:427;zr_vm_library/src/zr_vm_library/native_binding/native_binding_registry_plugin.c:442	commented	已依据声明、实现及消费路径补充职责和边界注释
zr_vm_library/src/zr_vm_library/native_binding/native_binding_support.c	native_registry_register_module_record::plugin_commit	block	native_registry_register_module_record	将已校验的插件描述符发布到全局模块表，供 FindModule 和导入路径复用。	发布后描述符所在动态库必须仍加载；后续句柄元数据失败须回滚已发布记录。	zr_vm_library/src/zr_vm_library/native_binding/native_binding_support.c:823;zr_vm_library/src/zr_vm_library/native_binding/native_binding_registry_plugin.c:442;zr_vm_library/src/zr_vm_library/native_binding/native_binding_registry_plugin.c:459;zr_vm_library/src/zr_vm_library/native_binding/native_binding_registry_plugin.c:462;zr_vm_library/src/zr_vm_library/native_binding/native_binding_registry_plugin.c:465;zr_vm_library/src/zr_vm_library/native_binding/native_binding_registry_plugin.c:143	BUG	BUG: 插件加载器在 native_binding_registry_plugin.c:442 发布后才分配 handleRecord 字符串；459-465 的失败清理会卸载动态库，但此处的记录仍借用库内 descriptor。
zr_vm_library/src/zr_vm_library/native_binding/native_binding_support.c	native_registry_register_module_record::array_growth	block	native_registry_register_module_record	向注册表追加新模块记录	moduleRecords 容量已满且 global allocator 扩容返回 NULL	zr_vm_library/src/zr_vm_library/native_binding/native_binding_support.c:862;zr_vm_library/src/zr_vm_library/native_binding/native_binding_support.c:864;zr_vm_core/include/zr_vm_core/array.h:53;zr_vm_core/include/zr_vm_core/array.h:61;zr_vm_core/include/zr_vm_core/array.h:65;zr_vm_core/include/zr_vm_core/memory.h:17	BUG	BUG: Array_Push 覆盖 head 后 RawCopy 解引用空指针；注册入口不能传播内存不足
zr_vm_library/src/zr_vm_library/native_binding/native_call_plan.c	ZrLibrary_NativeCall_Invoke::unresolved	block	ZrLibrary_NativeCall_Invoke	持久化调用计划缺少进程内地址时返回需解析诊断	有效计划仍不得直接执行	zr_vm_library/src/zr_vm_library/native_binding/native_call_plan.c:80	commented	已依据声明、实现及消费路径补充职责和边界注释
zr_vm_library/src/zr_vm_library/native_binding/native_binding_support.c	native_registry_validate_descriptor_compatibility::nested_array_pairing	block	native_registry_validate_descriptor_compatibility	ABI/参数模式门禁未保证其它子表可安全遍历	常量、模块链接、类型提示、字段、枚举和泛型等数组须与 count 配对；当前未校验	zr_vm_library/src/zr_vm_library/native_binding/native_binding_support.c:712;zr_vm_library/src/zr_vm_library/native_binding/native_binding_runtime_metadata.c:493;zr_vm_library/src/zr_vm_library/native_binding/native_binding_runtime_metadata.c:507;zr_vm_library/src/zr_vm_library/native_binding/native_binding_metadata.c:835	BUG	BUG: 非零 count 且数组 NULL 的 descriptor 可通过校验，物化及反射随后按下标读取
zr_vm_library/src/zr_vm_library/native_binding/native_binding.c	ZrLibrary_NativeRegistry_Attach::array_init_failure	block	ZrLibrary_NativeRegistry_Attach	建立注册表 moduleRecords 后继续注册基础模块	初始数组分配失败必须中止，不能把空 head 当有效数组	zr_vm_library/src/zr_vm_library/native_binding/native_binding.c:110;zr_vm_core/include/zr_vm_core/array.h:29;zr_vm_core/include/zr_vm_core/array.h:34;zr_vm_core/include/zr_vm_core/array.h:54;zr_vm_library/src/zr_vm_library/native_binding/native_binding.c:158	BUG	BUG: Array_Init 对空分配结果仍设 isValid，Attach 未检查，随后基础模块注册调用 Array_Push 访问空 head
zr_vm_library/include/zr_vm_library/native_binding.h	ZR_VM_LIBRARY_NATIVE_BINDING_H	macro	native_binding_internal.h;native_binding_argument_view.c	防止同一翻译单元重复声明本头文件的公开接口	宏名须与本头文件的 #ifndef 配对并保持唯一	zr_vm_library/include/zr_vm_library/native_binding.h:5;zr_vm_library/include/zr_vm_library/native_binding.h:6	no-comment	标准 include guard 仅用于预处理去重，名称与成对指令已直接表达用途
zr_vm_library/include/zr_vm_library/native_binding_call_binding.h	ZR_VM_LIBRARY_NATIVE_BINDING_CALL_BINDING_H	macro	native_binding_call_binding.c;zr_vm_parser/src/zr_vm_parser/type_inference/type_inference_native.c	防止同一翻译单元重复声明本头文件的公开接口	宏名须与本头文件的 #ifndef 配对并保持唯一	zr_vm_library/include/zr_vm_library/native_binding_call_binding.h:1;zr_vm_library/include/zr_vm_library/native_binding_call_binding.h:2	no-comment	标准 include guard 仅用于预处理去重，名称与成对指令已直接表达用途
zr_vm_library/include/zr_vm_library/native_call_plan.h	ZR_VM_LIBRARY_NATIVE_CALL_PLAN_H	macro	native_binding.h;native_call_plan.c	防止同一翻译单元重复声明本头文件的公开接口	宏名须与本头文件的 #ifndef 配对并保持唯一	zr_vm_library/include/zr_vm_library/native_call_plan.h:1;zr_vm_library/include/zr_vm_library/native_call_plan.h:2	no-comment	标准 include guard 仅用于预处理去重，名称与成对指令已直接表达用途
zr_vm_library/include/zr_vm_library/native_hints.h	ZR_VM_LIBRARY_NATIVE_HINTS_H	macro	native_binding_internal.h;zr_vm_library/include/zr_vm_library/zr_vm_library.h	防止同一翻译单元重复声明本头文件的公开接口	宏名须与本头文件的 #ifndef 配对并保持唯一	zr_vm_library/include/zr_vm_library/native_hints.h:5;zr_vm_library/include/zr_vm_library/native_hints.h:6	no-comment	标准 include guard 仅用于预处理去重，名称与成对指令已直接表达用途
zr_vm_library/include/zr_vm_library/native_registry.h	ZR_VM_LIBRARY_NATIVE_REGISTRY_H	macro	native_binding_internal.h;zr_vm_parser/src/zr_vm_parser/compiler/compiler_state.c	防止同一翻译单元重复声明本头文件的公开接口	宏名须与本头文件的 #ifndef 配对并保持唯一	zr_vm_library/include/zr_vm_library/native_registry.h:5;zr_vm_library/include/zr_vm_library/native_registry.h:6	no-comment	标准 include guard 仅用于预处理去重，名称与成对指令已直接表达用途
zr_vm_library/include/zr_vm_library/native_binding.h	ZrLibModuleDescriptor::forward	type	zr_vm_library/include/zr_vm_library/native_binding.h:139	使回调上下文在模块描述符实体定义之前持有借用指针	仅声明不完整类型；成员访问和 sizeof 必须在完整定义可见后进行	zr_vm_library/include/zr_vm_library/native_binding.h:15;zr_vm_library/include/zr_vm_library/native_binding.h:499;zr_vm_library/include/zr_vm_library/native_binding.h:139	no-comment	前置声明自身只表达类型可见性；完整契约及所有权约束见定义与使用处
zr_vm_library/include/zr_vm_library/native_binding.h	ZrLibTypeDescriptor::forward	type	zr_vm_library/include/zr_vm_library/native_binding.h:140	使回调上下文先声明借用的类型描述符指针	仅声明不完整类型；成员访问和 sizeof 必须在完整定义可见后进行	zr_vm_library/include/zr_vm_library/native_binding.h:16;zr_vm_library/include/zr_vm_library/native_binding.h:317;zr_vm_library/include/zr_vm_library/native_binding.h:140	no-comment	前置声明自身只表达类型可见性；完整契约及所有权约束见定义与使用处
zr_vm_library/include/zr_vm_library/native_binding.h	ZrLibFunctionDescriptor::forward	type	zr_vm_library/include/zr_vm_library/native_binding.h:141	使回调上下文先声明当前函数描述符指针	仅声明不完整类型；成员访问和 sizeof 必须在完整定义可见后进行	zr_vm_library/include/zr_vm_library/native_binding.h:17;zr_vm_library/include/zr_vm_library/native_binding.h:217;zr_vm_library/include/zr_vm_library/native_binding.h:141	no-comment	前置声明自身只表达类型可见性；完整契约及所有权约束见定义与使用处
zr_vm_library/include/zr_vm_library/native_binding.h	ZrLibMethodDescriptor::forward	type	zr_vm_library/include/zr_vm_library/native_binding.h:142	使回调上下文先声明当前方法描述符指针	仅声明不完整类型；成员访问和 sizeof 必须在完整定义可见后进行	zr_vm_library/include/zr_vm_library/native_binding.h:18;zr_vm_library/include/zr_vm_library/native_binding.h:233;zr_vm_library/include/zr_vm_library/native_binding.h:142	no-comment	前置声明自身只表达类型可见性；完整契约及所有权约束见定义与使用处
zr_vm_library/include/zr_vm_library/native_binding.h	ZrLibMetaMethodDescriptor::forward	type	zr_vm_library/include/zr_vm_library/native_binding.h:143	使回调上下文先声明当前元方法描述符指针	仅声明不完整类型；成员访问和 sizeof 必须在完整定义可见后进行	zr_vm_library/include/zr_vm_library/native_binding.h:19;zr_vm_library/include/zr_vm_library/native_binding.h:253;zr_vm_library/include/zr_vm_library/native_binding.h:143	no-comment	前置声明自身只表达类型可见性；完整契约及所有权约束见定义与使用处
zr_vm_library/include/zr_vm_library/native_binding.h	ZrLibEnumMemberDescriptor::forward	type	无前置声明消费者；zr_vm_library/include/zr_vm_library/native_binding.h:99 已给完整定义	随描述符前置声明组预留枚举成员类型名；当前头文件在完整定义前未使用该名称	仅声明不完整类型；成员访问和 sizeof 必须在完整定义可见后进行	zr_vm_library/include/zr_vm_library/native_binding.h:20;zr_vm_library/include/zr_vm_library/native_binding.h:99;zr_vm_library/include/zr_vm_library/native_binding.h:330	no-comment	该前置声明当前可见为冗余，完整契约在同头第 99 行；保留现状无需独立源码注释
zr_vm_library/include/zr_vm_library/native_binding.h	SZrCallInfo::forward	type	zr_vm_library/include/zr_vm_library/native_binding.h:165	让临时根持有核心调用帧的不透明指针，避免公开头引入完整核心布局	仅声明不完整类型；成员访问和 sizeof 必须在完整定义可见后进行	zr_vm_library/include/zr_vm_library/native_binding.h:21;zr_vm_core/include/zr_vm_core/call_info.h:67;zr_vm_library/include/zr_vm_library/native_binding.h:165	no-comment	前置声明自身只表达类型可见性；完整契约及所有权约束见定义与使用处
zr_vm_library/include/zr_vm_library/native_registry.h	SZrClosureNative::forward	type	zr_vm_library/include/zr_vm_library/native_registry.h:134	让注册表强引用观察接口接受核心 Native 闭包指针，避免暴露闭包布局	仅声明不完整类型；成员访问和 sizeof 必须在完整定义可见后进行	zr_vm_library/include/zr_vm_library/native_registry.h:11;zr_vm_core/include/zr_vm_core/closure.h:45;zr_vm_library/include/zr_vm_library/native_registry.h:134	no-comment	前置声明自身只表达类型可见性；完整契约及所有权约束见定义与使用处
zr_vm_library/src/zr_vm_library/native_binding/native_binding_internal.h	native_binding_dispatcher@declaration	function	zr_vm_library/src/zr_vm_library/native_binding/native_binding_dispatch_cached.c:106;tests/core/test_native_inline_span_dispatch.c:350;native_binding_closure_dispatcher_for_cached_binding 返回此回退回调;zr_vm_library/src/zr_vm_library/native_binding/native_binding_registry_plugin.c:800 经 callback 注册间接进入	VM 调用闭包的总入口：优先使用栈根/标量快路，再退到有稳定副本的通用路径。	state 必须对应当前 VM native 调用帧；closure 可解析为仍有效的 registry entry，不满足快路条件时退回通用路径	zr_vm_library/src/zr_vm_library/native_binding/native_binding_internal.h:132;zr_vm_library/src/zr_vm_library/native_binding/native_binding_dispatch.c:270;zr_vm_library/src/zr_vm_library/native_binding/native_binding_dispatch_cached.c:106	commented	声明已有 Doxygen 说明；实现处另有调用链职责注释
zr_vm_library/src/zr_vm_library/native_binding/native_binding_internal.h	native_binding_dispatch_cached_stack_root_one_argument@declaration	function	native_binding_closure_dispatcher_for_cached_binding;tests/core/test_object_call_known_native_fast_path.c:484;tests/core/test_object_call_known_native_fast_path.c:934	单参数闭包的 VM nativeFunction 热入口。	state 的当前闭包须满足单参数栈根缓存约束；缓存身份失效时退回通用 dispatcher	zr_vm_library/src/zr_vm_library/native_binding/native_binding_internal.h:134;zr_vm_library/src/zr_vm_library/native_binding/native_binding_dispatch_cached.c:124;tests/core/test_object_call_known_native_fast_path.c:484	commented	声明已有 Doxygen 说明；实现处另有调用链职责注释
zr_vm_library/src/zr_vm_library/native_binding/native_binding_internal.h	native_binding_dispatch_cached_stack_root_two_arguments@declaration	function	native_binding_closure_dispatcher_for_cached_binding;tests/core/test_object_call_known_native_fast_path.c:489;tests/core/test_object_call_known_native_fast_path.c:935	双参数闭包的 VM nativeFunction 热入口。	state 的当前闭包须满足双参数栈根缓存约束；缓存身份失效时退回通用 dispatcher	zr_vm_library/src/zr_vm_library/native_binding/native_binding_internal.h:136;zr_vm_library/src/zr_vm_library/native_binding/native_binding_dispatch_cached.c:129;tests/core/test_object_call_known_native_fast_path.c:489	commented	声明已有 Doxygen 说明；实现处另有调用链职责注释
zr_vm_library/src/zr_vm_library/native_binding/native_binding_internal.h	ZrLibrary_ReflectionContract_GetDescriptor@declaration	function	ZrLibrary_NativeBinding_Attach	返回进程静态描述符，调用方只能借用，不得释放或修改。	返回进程静态只读 descriptor；调用方借用，不得释放或修改	zr_vm_library/src/zr_vm_library/native_binding/native_binding_internal.h:137;zr_vm_library/src/zr_vm_library/native_binding/native_binding_reflection_contract.c:78;zr_vm_library/src/zr_vm_library/native_binding/native_binding.c:163	no-comment	内部重复声明；zr_vm_library/src/zr_vm_library/native_binding/native_binding_reflection_contract.c:78 的现有注释已说明职责，声明无需再复制该契约
zr_vm_library/src/zr_vm_library/native_binding/native_binding_internal.h	native_registry_resolve_provider_module_name@declaration	function	ZrCore_GlobalState_GetProviderModuleName 经 global 钩子间接调用	core 按稳定提供者角色查模块名时先使用本注册表，再退回宿主原有解析器。	userData 是 Attach 安装的 registry；返回名称借用记录内字符串，替换/Detach 后不能沿用	zr_vm_library/src/zr_vm_library/native_binding/native_binding_internal.h:138;zr_vm_library/src/zr_vm_library/native_binding/native_binding.c:4;zr_vm_library/src/zr_vm_library/native_binding/native_binding.c:154	no-comment	内部重复声明；zr_vm_library/src/zr_vm_library/native_binding/native_binding.c:4 的现有注释已说明职责，声明无需再复制该契约
zr_vm_library/src/zr_vm_library/native_binding/native_binding_internal.h	native_registry_link_call_binding@declaration	function	zr_vm_core/src/zr_vm_core/call_binding_link.c:149 经 global->callBindingModuleResolver 间接调用	挂到 core 的模块解析回调：成功后写入目标和 GC/PIC 守卫；解析失败时失效旧目标。	state、function 与诊断输出须属于当前 core 链接请求；userData 指向附着 registry，目标依赖插件世代有效	zr_vm_library/src/zr_vm_library/native_binding/native_binding_internal.h:141;zr_vm_library/src/zr_vm_library/native_binding/native_binding_call_binding.c:504;zr_vm_library/src/zr_vm_library/native_binding/native_binding.c:148	no-comment	内部重复声明；zr_vm_library/src/zr_vm_library/native_binding/native_binding_call_binding.c:504 的现有注释已说明职责，声明无需再复制该契约
zr_vm_library/src/zr_vm_library/native_binding/native_binding_internal.h	native_registry_call_binding_type_hash@declaration	function	ZrLibrary_NativeCallBinding_GetDescriptorContract	为 method contract 生成独立于模块其余成员的 owner layout hash。	只读取 type 描述符；NULL 或结构不满足哈希契约时返回 0，不访问 registry 或插件句柄	zr_vm_library/src/zr_vm_library/native_binding/native_binding_internal.h:143;zr_vm_library/src/zr_vm_library/native_binding/native_binding_call_binding_hash.c:179;zr_vm_library/src/zr_vm_library/native_binding/native_binding_call_binding.c:381	no-comment	内部重复声明；zr_vm_library/src/zr_vm_library/native_binding/native_binding_call_binding_hash.c:179 的现有注释已说明职责，声明无需再复制该契约
zr_vm_library/src/zr_vm_library/native_binding/native_binding_internal.h	native_registry_resolve_typed_call_binding@declaration	function	global->typedCallBindingResolver;ZrCore_CallBinding_PrepareTypedCall	core typed-call resolver 在 callable 缺少 VM metadata 时调用；本 registry 只证明自身函数 closure 的签名， 非本 registry 的 callable 交还原宿主 resolver，方法与 meta-method 不走这个函数签名入口。	state、callable、target 和 signatureHash 属于当前 typed-call 请求；userData 指向附着 registry，非本 registry callable 委托旧 resolver	zr_vm_library/src/zr_vm_library/native_binding/native_binding_internal.h:144;zr_vm_library/src/zr_vm_library/native_binding/native_binding_typed_call.c:27;zr_vm_library/src/zr_vm_library/native_binding/native_binding.c:150	no-comment	内部重复声明；zr_vm_library/src/zr_vm_library/native_binding/native_binding_typed_call.c:27 的现有注释已说明职责，声明无需再复制该契约
zr_vm_library/src/zr_vm_library/native_binding/native_binding_internal.h	ZrLibrary_BuiltinModule_GetDescriptor@declaration	function	zr_vm_library/src/zr_vm_library/native_binding/native_binding.c:158	提供进程内置模块的静态描述符，供注册表初始化时注册核心 provider。	返回进程静态只读 descriptor；调用方借用，不得释放或修改	zr_vm_library/src/zr_vm_library/native_binding/native_binding_internal.h:580;zr_vm_library/src/zr_vm_library/builtin_module.c:594;zr_vm_library/src/zr_vm_library/native_binding/native_binding.c:158	no-comment	声明名称及唯一注册调用点明确表达静态描述符用途，定义直接返回静态常量
zr_vm_library/src/zr_vm_library/native_binding/native_binding_internal.h	native_binding_trace_import_enabled@declaration	function	native_binding_trace_import	导入诊断由环境变量按进程读取一次，避免每个模块查询都反复访问环境。	无入参；首次调用缓存环境变量结果，两个静态缓存位没有同步，并发首调约束待核	zr_vm_library/src/zr_vm_library/native_binding/native_binding_internal.h:581;zr_vm_library/src/zr_vm_library/native_binding/native_binding_support.c:6;zr_vm_library/src/zr_vm_library/native_binding/native_binding_support.c:97	TODO	TODO: 实现处 native_binding_support.c:7 标记静态缓存位的并发首调疑点；本声明继承该限制，声明处无独立标签
zr_vm_library/src/zr_vm_library/native_binding/native_binding_internal.h	native_binding_init_call_context_layout@declaration	function	首方无直接调用；分派路径使用 cached/inline 初始化器	统一函数和实例方法的参数/接收者栈布局，供回调读取。	仅在有效调用上下文及函数栈帧中建立参数布局；首方当前无直接调用，保留要求待核	zr_vm_library/src/zr_vm_library/native_binding/native_binding_internal.h:582;zr_vm_library/src/zr_vm_library/native_binding/native_binding_support.c:66	TODO	TODO: 首方分派调用已改用 cached/inline 初始化器，本声明当前无直接调用；需核实该入口是否有外部消费或兼容保留要求；本标签继承实现处，声明处无独立标签
zr_vm_library/src/zr_vm_library/native_binding/native_binding_internal.h	native_binding_trace_import@declaration	function	zr_vm_library/src/zr_vm_library/native_binding/native_binding_metadata.c:1086;zr_vm_library/src/zr_vm_library/native_binding/native_binding_registry_plugin.c:784	插件导入的可选诊断通道；不得改变加载成败，也不向用户结果注入信息。	state 用于写诊断日志，format 可为 NULL；开关关闭或格式化内存不足时只跳过日志，不影响导入结果	zr_vm_library/src/zr_vm_library/native_binding/native_binding_internal.h:585;zr_vm_library/src/zr_vm_library/native_binding/native_binding_support.c:89;zr_vm_library/src/zr_vm_library/native_binding/native_binding_metadata.c:1086	no-comment	内部重复声明；zr_vm_library/src/zr_vm_library/native_binding/native_binding_support.c:89 的现有注释已说明职责，声明无需再复制该契约
zr_vm_library/src/zr_vm_library/native_binding/native_binding_internal.h	native_registry_clear_error@declaration	function	zr_vm_library/src/zr_vm_library/native_binding/native_binding.c:128;zr_vm_library/src/zr_vm_library/native_binding/native_binding_registry_plugin.c:472	成功注册或成功失效后撤销上一轮错误，供 CLI 获取当前操作诊断。	只修改传入 registry 的最近错误码和消息；NULL registry 直接返回，不触碰插件句柄	zr_vm_library/src/zr_vm_library/native_binding/native_binding_internal.h:586;zr_vm_library/src/zr_vm_library/native_binding/native_binding_support.c:126;zr_vm_library/src/zr_vm_library/native_binding/native_binding.c:130	no-comment	内部重复声明；zr_vm_library/src/zr_vm_library/native_binding/native_binding_support.c:126 的现有注释已说明职责，声明无需再复制该契约
zr_vm_library/src/zr_vm_library/native_binding/native_binding_internal.h	native_registry_set_error@declaration	function	zr_vm_library/src/zr_vm_library/native_binding/native_binding_contract_validation.c:46;zr_vm_library/src/zr_vm_library/native_binding/native_binding_official_inventory.c:73;zr_vm_library/src/zr_vm_library/native_binding/native_binding_registry_plugin.c:363	统一记录插件和描述符校验错误；返回的消息只在下次注册表操作前有效。	错误码写入传入 registry；format 可为 NULL，消息只在下次错误/清除操作前可借用	zr_vm_library/src/zr_vm_library/native_binding/native_binding_internal.h:587;zr_vm_library/src/zr_vm_library/native_binding/native_binding_support.c:136;zr_vm_library/src/zr_vm_library/native_binding/native_binding_contract_validation.c:46	no-comment	内部重复声明；zr_vm_library/src/zr_vm_library/native_binding/native_binding_support.c:136 的现有注释已说明职责，声明无需再复制该契约
zr_vm_library/src/zr_vm_library/native_binding/native_binding_internal.h	native_registry_source_paths_equal@declaration	function	zr_vm_library/src/zr_vm_library/native_binding/native_binding.c:575	失效与记录查询共用来源路径判等，确保两条路径遵守相同平台规则。	两个非空 C 路径按分隔符和平台大小写规则比较；任一为 NULL 返回 false，不查询 registry 或文件系统别名	zr_vm_library/src/zr_vm_library/native_binding/native_binding_internal.h:591;zr_vm_library/src/zr_vm_library/native_binding/native_binding_support.c:169;zr_vm_library/src/zr_vm_library/native_binding/native_binding.c:577	no-comment	内部重复声明；zr_vm_library/src/zr_vm_library/native_binding/native_binding_support.c:169 的现有注释已说明职责，声明无需再复制该契约
zr_vm_library/src/zr_vm_library/native_binding/native_binding_internal.h	native_registry_find_live_descriptor_plugin_record@declaration	function	zr_vm_library/src/zr_vm_library/native_binding/native_binding.c:638	全局卸载前查找仍被模块对象强持有的插件记录。	返回 registry->moduleRecords 内借用记录；NULL/未初始化表返回 NULL，注册表修改或 Detach 后指针失效	zr_vm_library/src/zr_vm_library/native_binding/native_binding_internal.h:592;zr_vm_library/src/zr_vm_library/native_binding/native_binding_support.c:187;zr_vm_library/src/zr_vm_library/native_binding/native_binding.c:640	no-comment	内部重复声明；zr_vm_library/src/zr_vm_library/native_binding/native_binding_support.c:187 的现有注释已说明职责，声明无需再复制该契约
zr_vm_library/src/zr_vm_library/native_binding/native_binding_internal.h	native_registry_find_live_descriptor_plugin_record_for_module@declaration	function	zr_vm_library/src/zr_vm_library/native_binding/native_binding_registry_plugin.c:427	同名插件重载前只检查目标模块的强引用，以免替换存活闭包使用的描述符。	moduleName 与 registry 当前记录用于限定同名插件；返回借用记录，替换/Detach 后不能沿用	zr_vm_library/src/zr_vm_library/native_binding/native_binding_internal.h:594;zr_vm_library/src/zr_vm_library/native_binding/native_binding_support.c:207;zr_vm_library/src/zr_vm_library/native_binding/native_binding_registry_plugin.c:427	no-comment	内部重复声明；zr_vm_library/src/zr_vm_library/native_binding/native_binding_support.c:207 的现有注释已说明职责，声明无需再复制该契约
zr_vm_library/src/zr_vm_library/native_binding/native_binding_internal.h	native_registry_set_descriptor_plugin_in_use_error@declaration	function	zr_vm_library/src/zr_vm_library/native_binding/native_binding.c:640;zr_vm_library/src/zr_vm_library/native_binding/native_binding_registry_plugin.c:429	为卸载和同名重载共用的拒绝路径保留模块、来源与引用数。	registry 和 record 描述当前拒绝卸载的插件；operation 仅供诊断，修改的是 registry 最近错误信息	zr_vm_library/src/zr_vm_library/native_binding/native_binding_internal.h:597;zr_vm_library/src/zr_vm_library/native_binding/native_binding_support.c:225;zr_vm_library/src/zr_vm_library/native_binding/native_binding.c:642	no-comment	内部重复声明；zr_vm_library/src/zr_vm_library/native_binding/native_binding_support.c:225 的现有注释已说明职责，声明无需再复制该契约
zr_vm_library/src/zr_vm_library/native_binding/native_binding_internal.h	native_registry_duplicate_string@declaration	function	zr_vm_library/src/zr_vm_library/native_binding/native_binding_registry_plugin.c:459	注册记录独立持有模块名和来源路径；调用方负责用同一 global allocator 释放。	global 和 text 均须非空；成功副本由调用方用同一 global allocator 释放，分配失败返回 NULL	zr_vm_library/src/zr_vm_library/native_binding/native_binding_internal.h:600;zr_vm_library/src/zr_vm_library/native_binding/native_binding_support.c:238;zr_vm_library/src/zr_vm_library/native_binding/native_binding_registry_plugin.c:459	no-comment	内部重复声明；zr_vm_library/src/zr_vm_library/native_binding/native_binding_support.c:238 的现有注释已说明职责，声明无需再复制该契约
zr_vm_library/src/zr_vm_library/native_binding/native_binding_internal.h	native_binding_value_type_name@declaration	function	zr_vm_library/src/zr_vm_library/builtin_module.c:177;zr_vm_library/src/zr_vm_library/native_binding/native_binding_dispatch.c:864	Native 类型错误使用稳定的公开类别名，不泄漏 VM 内部值编码。	value 可空；state 当前未使用；返回静态类别字面量，不需释放	zr_vm_library/src/zr_vm_library/native_binding/native_binding_internal.h:601;zr_vm_library/src/zr_vm_library/native_binding/native_binding_support.c:261;zr_vm_library/src/zr_vm_library/builtin_module.c:178	no-comment	内部重复声明；zr_vm_library/src/zr_vm_library/native_binding/native_binding_support.c:261 的现有注释已说明职责，声明无需再复制该契约
zr_vm_library/src/zr_vm_library/native_binding/native_binding_internal.h	native_binding_call_name@declaration	function	zr_vm_library/src/zr_vm_library/native_binding/native_binding_dispatch.c:862	错误消息按当前描述符选取用户可见调用名，元方法由核心名称表表示。	context 可为 NULL，此时返回静态兜底名称；其他返回名借用当前函数/方法 descriptor	zr_vm_library/src/zr_vm_library/native_binding/native_binding_internal.h:602;zr_vm_library/src/zr_vm_library/native_binding/native_binding_support.c:302;zr_vm_library/src/zr_vm_library/native_binding/native_binding_dispatch.c:865	no-comment	内部重复声明；zr_vm_library/src/zr_vm_library/native_binding/native_binding_support.c:302 的现有注释已说明职责，声明无需再复制该契约
zr_vm_library/src/zr_vm_library/native_binding/native_binding_internal.h	native_binding_create_string@declaration	function	zr_vm_lib_network/src/zr_vm_lib_network/registry/tcp_registry.c:227;zr_vm_lib_network/src/zr_vm_lib_network/registry/udp_registry.c:63;zr_vm_library/src/zr_vm_library/native_binding/native_binding.c:656	多个物化/导入路径共用字符串缓存；返回 VM 对象而非持久 C 缓冲。	state 和 text 须非空；返回 GC 管理的 VM 字符串，分配失败返回 NULL，调用方不得当作持久 C 缓冲	zr_vm_library/src/zr_vm_library/native_binding/native_binding_internal.h:603;zr_vm_library/src/zr_vm_library/native_binding/native_binding_support.c:320;zr_vm_library/src/zr_vm_library/native_binding/native_binding.c:658	no-comment	内部重复声明；zr_vm_library/src/zr_vm_library/native_binding/native_binding_support.c:320 的现有注释已说明职责，声明无需再复制该契约
zr_vm_library/src/zr_vm_library/native_binding/native_binding_internal.h	native_binding_import_module@declaration	function	zr_vm_library/src/zr_vm_library/native_binding/native_binding_dispatch.c:1619	C 调用辅助入口按模块名复用 core 导入器，保留缓存及循环导入语义。	state 和 moduleName 须非空；构造模块名失败或导入失败返回 NULL，返回对象受 VM/GC 生命周期管理	zr_vm_library/src/zr_vm_library/native_binding/native_binding_internal.h:604;zr_vm_library/src/zr_vm_library/native_binding/native_binding_support.c:328;zr_vm_library/src/zr_vm_library/native_binding/native_binding_dispatch.c:1622	no-comment	内部重复声明；zr_vm_library/src/zr_vm_library/native_binding/native_binding_support.c:328 的现有注释已说明职责，声明无需再复制该契约
zr_vm_library/src/zr_vm_library/native_binding/native_binding_internal.h	native_binding_register_prototype_in_global_scope@declaration	function	zr_vm_library/src/zr_vm_library/native_binding/native_binding_metadata.c:1788	物化原生类型后在全局 zr 对象暴露原型，使语言层能按类型名访问。	需有效 state、typeName、prototypeValue 且 global.zrObject 是对象；void 返回值不能表示写入失败	zr_vm_library/src/zr_vm_library/native_binding/native_binding_internal.h:605;zr_vm_library/src/zr_vm_library/native_binding/native_binding_support.c:344;zr_vm_library/src/zr_vm_library/native_binding/native_binding_metadata.c:1790	no-comment	内部重复声明；zr_vm_library/src/zr_vm_library/native_binding/native_binding_support.c:344 的现有注释已说明职责，声明无需再复制该契约
zr_vm_library/src/zr_vm_library/native_binding/native_binding_internal.h	native_registry_get@declaration	function	zr_vm_library/src/zr_vm_library/native_binding/native_binding.c:94;zr_vm_library/src/zr_vm_library/native_binding/native_binding_call_binding.c:410;zr_vm_library/src/zr_vm_library/native_binding/native_binding_dispatch.c:324	仅取回由 Attach 装入 global 的私有状态；并不隐式初始化注册表。	global 为 NULL 或尚未 Attach 时返回 NULL；只借用 global 的 registry，不创建或拥有它	zr_vm_library/src/zr_vm_library/native_binding/native_binding_internal.h:608;zr_vm_library/src/zr_vm_library/native_binding/native_binding_support.c:369;zr_vm_library/src/zr_vm_library/native_binding/native_binding.c:94	no-comment	内部重复声明；zr_vm_library/src/zr_vm_library/native_binding/native_binding_support.c:369 的现有注释已说明职责，声明无需再复制该契约
zr_vm_library/src/zr_vm_library/native_binding/native_binding_internal.h	native_registry_find_binding@declaration	function	zr_vm_library/src/zr_vm_library/native_binding/native_binding_call_binding.c:529;zr_vm_library/src/zr_vm_library/native_binding/native_binding_dispatch.c:328;zr_vm_library/src/zr_vm_library/native_binding/native_binding_typed_call.c:42	按 closure 身份取描述符绑定；先验证闭包缓存，再尝试热点与完整表。	registry 须有有效 bindingEntries 且 closure 属于当前代际；返回 entry 借用表内存，表变更后需重新查找	zr_vm_library/src/zr_vm_library/native_binding/native_binding_internal.h:609;zr_vm_library/src/zr_vm_library/native_binding/native_binding_support.c:429;zr_vm_library/src/zr_vm_library/native_binding/native_binding_call_binding.c:529	no-comment	内部重复声明；zr_vm_library/src/zr_vm_library/native_binding/native_binding_support.c:429 的现有注释已说明职责，声明无需再复制该契约
zr_vm_library/src/zr_vm_library/native_binding/native_binding_internal.h	native_registry_assign_call_binding_identity@declaration	function	native_binding_make_callable_value	closure 注册时缓存标量身份，后续解析无需依赖导出名。	entry 须可写且 descriptor 身份可计算；失败返回 false 并可能留下零 token/hash，调用方当前未检查	zr_vm_library/src/zr_vm_library/native_binding/native_binding_internal.h:611;zr_vm_library/src/zr_vm_library/native_binding/native_binding_call_binding.c:302;zr_vm_library/src/zr_vm_library/native_binding/native_binding_registry_plugin.c:831	BUG	BUG: 实现处 native_binding_call_binding.c:314 的身份失败未被调用方检查；本声明继承该风险，声明处无独立标签
zr_vm_library/src/zr_vm_library/native_binding/native_binding_internal.h	native_registry_find_record@declaration	function	zr_vm_library/src/zr_vm_library/native_binding/native_binding.c:51	模块名是注册表的可见键；插件重载时返回当前世代记录。	registry 和 moduleName 用于当前注册表查找；返回借用记录，替换/Detach 后不能持有	zr_vm_library/src/zr_vm_library/native_binding/native_binding_internal.h:617;zr_vm_library/src/zr_vm_library/native_binding/native_binding_support.c:507;zr_vm_library/src/zr_vm_library/native_binding/native_binding.c:51	no-comment	内部重复声明；zr_vm_library/src/zr_vm_library/native_binding/native_binding_support.c:507 的现有注释已说明职责，声明无需再复制该契约
zr_vm_library/src/zr_vm_library/native_binding/native_binding_internal.h	native_registry_find_record_by_descriptor@declaration	function	zr_vm_library/src/zr_vm_library/native_binding/native_binding_registry_plugin.c:999	插件物化以实际描述符指针回查其注册记录和来源，避免名称重载混淆。	registry 和 descriptor 指针用于精确查找当前记录；返回借用记录，卸载/替换后失效	zr_vm_library/src/zr_vm_library/native_binding/native_binding_internal.h:619;zr_vm_library/src/zr_vm_library/native_binding/native_binding_support.c:529;zr_vm_library/src/zr_vm_library/native_binding/native_binding_registry_plugin.c:1001	no-comment	内部重复声明；zr_vm_library/src/zr_vm_library/native_binding/native_binding_support.c:529 的现有注释已说明职责，声明无需再复制该契约
zr_vm_library/src/zr_vm_library/native_binding/native_binding_internal.h	native_registry_validate_descriptor_compatibility@declaration	function	zr_vm_library/src/zr_vm_library/native_binding/native_binding.c:451;zr_vm_library/src/zr_vm_library/native_binding/native_binding_registry_plugin.c:441	插件加载与直接注册共用 ABI、运行时能力及声明合法性门禁。	registry 用于诊断；descriptor 可空则 false；多组子数组与 count 缺配对校验	zr_vm_library/src/zr_vm_library/native_binding/native_binding_internal.h:622;zr_vm_library/src/zr_vm_library/native_binding/native_binding_support.c:712;zr_vm_library/src/zr_vm_library/native_binding/native_binding_runtime_metadata.c:493;zr_vm_library/src/zr_vm_library/native_binding/native_binding_metadata.c:835	BUG	BUG: 实现处 support.c:712 遗漏常量/链接/提示及类型子表配对；本声明继承风险，声明处无独立标签
zr_vm_library/src/zr_vm_library/native_binding/native_binding_internal.h	native_registry_validate_canonical_type_roles@declaration	function	native_registry_validate_descriptor_compatibility	注册前验证 provider 的 canonical 投影集合与父级图；后续注册/反射按此表建立稳定类型身份。	descriptor 须可读取 canonical role 数组及父级图；失败写入 registry 错误并阻止登记	zr_vm_library/src/zr_vm_library/native_binding/native_binding_internal.h:624;zr_vm_library/src/zr_vm_library/native_binding/native_binding_contract_validation.c:33;zr_vm_library/src/zr_vm_library/native_binding/native_binding_support.c:719	no-comment	内部重复声明；zr_vm_library/src/zr_vm_library/native_binding/native_binding_contract_validation.c:33 的现有注释已说明职责，声明无需再复制该契约
zr_vm_library/src/zr_vm_library/native_binding/native_binding_internal.h	native_registry_validate_official_descriptor@declaration	function	native_registry_register_module_record;ZrLibrary_NativeRegistry_ValidateModuleDescriptor	在注册记录写入前校验官方身份，防止第三方借用保留角色或错误阶段。	registry 接收官方身份校验错误；descriptor 须保持有效，保留角色/阶段不符时返回 false	zr_vm_library/src/zr_vm_library/native_binding/native_binding_internal.h:627;zr_vm_library/src/zr_vm_library/native_binding/native_binding_official_inventory.c:64;zr_vm_library/src/zr_vm_library/native_binding/native_binding.c:452	no-comment	内部重复声明；zr_vm_library/src/zr_vm_library/native_binding/native_binding_official_inventory.c:64 的现有注释已说明职责，声明无需再复制该契约
zr_vm_library/src/zr_vm_library/native_binding/native_binding_internal.h	native_registry_validate_official_duplicate@declaration	function	native_registry_register_module_record	官方模块不能由不同描述符覆盖；普通模块仍由注册器处理替换语义。	current 与 replacement 代表同名记录的两代 descriptor；不同官方 descriptor 不可覆盖	zr_vm_library/src/zr_vm_library/native_binding/native_binding_internal.h:630;zr_vm_library/src/zr_vm_library/native_binding/native_binding_official_inventory.c:110;zr_vm_library/src/zr_vm_library/native_binding/native_binding_support.c:768	no-comment	内部重复声明；zr_vm_library/src/zr_vm_library/native_binding/native_binding_official_inventory.c:110 的现有注释已说明职责，声明无需再复制该契约
zr_vm_library/src/zr_vm_library/native_binding/native_binding_internal.h	native_registry_register_module_record@declaration	function	zr_vm_library/src/zr_vm_library/native_binding/native_binding.c:270;zr_vm_library/src/zr_vm_library/native_binding/native_binding_registry_plugin.c:442	注册表借用描述符但复制定位字符串；调用者须保证插件句柄覆盖整个借用期。	global/descriptor/moduleName 有效；函数自行 Attach；成功后 registry 借用 descriptor；插件后续失败时当前实现不会回滚该记录	zr_vm_library/src/zr_vm_library/native_binding/native_binding_internal.h:634;zr_vm_library/src/zr_vm_library/native_binding/native_binding_support.c:727;zr_vm_library/src/zr_vm_library/native_binding/native_binding.c:270	BUG	BUG: 实现处 native_binding_support.c:823/861/862 存在已发布记录回滚和扩容失败问题；本声明继承风险，声明处无独立标签
zr_vm_library/src/zr_vm_library/native_binding/native_binding_internal.h	native_registry_open_library@declaration	function	native_registry_load_plugin_descriptor	系统加载入口仅取得句柄；ABI、导出名和模块身份由上层加载事务检查。	path 指向有效插件文件路径；失败返回 NULL，成功句柄须与 close_library 成对管理	zr_vm_library/src/zr_vm_library/native_binding/native_binding_internal.h:639;zr_vm_library/src/zr_vm_library/native_binding/native_binding_registry_plugin.c:183;zr_vm_library/src/zr_vm_library/native_binding/native_binding_registry_plugin.c:359	no-comment	内部重复声明；zr_vm_library/src/zr_vm_library/native_binding/native_binding_registry_plugin.c:183 的现有注释已说明职责，声明无需再复制该契约
zr_vm_library/src/zr_vm_library/native_binding/native_binding_internal.h	native_registry_close_library@declaration	function	native_registry_release_plugin_handle_record;native_registry_load_plugin_descriptor	与 open_library 成对，由插件记录或失败清理路径调用。	仅在 descriptor/回调不再借用该动态库时关闭非空句柄；NULL 句柄无操作	zr_vm_library/src/zr_vm_library/native_binding/native_binding_internal.h:640;zr_vm_library/src/zr_vm_library/native_binding/native_binding_registry_plugin.c:195;zr_vm_library/src/zr_vm_library/native_binding/native_binding_registry_plugin.c:149	no-comment	内部重复声明；zr_vm_library/src/zr_vm_library/native_binding/native_binding_registry_plugin.c:195 的现有注释已说明职责，声明无需再复制该契约
zr_vm_library/src/zr_vm_library/native_binding/native_binding_internal.h	native_registry_find_symbol@declaration	function	native_registry_load_plugin_descriptor	仅查找裸导出地址；宿主在调用前须把它绑定到对应插件句柄的生存期。	handle 须仍打开，symbolName 为有效导出名；成功地址只在句柄存活期间有效	zr_vm_library/src/zr_vm_library/native_binding/native_binding_internal.h:641;zr_vm_library/src/zr_vm_library/native_binding/native_binding_registry_plugin.c:207;zr_vm_library/src/zr_vm_library/native_binding/native_binding_registry_plugin.c:370	no-comment	内部重复声明；zr_vm_library/src/zr_vm_library/native_binding/native_binding_registry_plugin.c:207 的现有注释已说明职责，声明无需再复制该契约
zr_vm_library/src/zr_vm_library/native_binding/native_binding_internal.h	native_registry_dynamic_library_extension@declaration	function	native_registry_prepare_shadow_plugin_path;native_registry_try_plugin_directory;native_registry_build_project_plugin_path	项目 native 目录及环境搜索路径均使用与当前平台匹配的插件后缀。	无入参，返回编译目标平台的静态后缀字符串；不依赖 state、registry 或句柄	zr_vm_library/src/zr_vm_library/native_binding/native_binding_internal.h:642;zr_vm_library/src/zr_vm_library/native_binding/native_binding_registry_plugin.c:219;zr_vm_library/src/zr_vm_library/native_binding/native_binding_registry_plugin.c:121	no-comment	内部重复声明；zr_vm_library/src/zr_vm_library/native_binding/native_binding_registry_plugin.c:219 的现有注释已说明职责，声明无需再复制该契约
zr_vm_library/src/zr_vm_library/native_binding/native_binding_internal.h	native_registry_release_plugin_handle_record@declaration	function	native_registry_remove_plugin_handles_for_module;native_registry_load_plugin_descriptor;ZrLibrary_NativeRegistry_Free;ZrLibrary_NativeRegistry_InvalidateDescriptorPluginSource	descriptor/回调来自动态库；调用者负责保证无活跃 owner，并同步清理注册记录。	global allocator 在清理期仍有效；调用方须先保证该记录的 descriptor/回调无活跃 owner	zr_vm_library/src/zr_vm_library/native_binding/native_binding_internal.h:643;zr_vm_library/src/zr_vm_library/native_binding/native_binding_registry_plugin.c:143;zr_vm_library/src/zr_vm_library/native_binding/native_binding.c:210	no-comment	内部重复声明；zr_vm_library/src/zr_vm_library/native_binding/native_binding_registry_plugin.c:143 的现有注释已说明职责，声明无需再复制该契约
zr_vm_library/src/zr_vm_library/native_binding/native_binding_internal.h	native_registry_get_executable_directory@declaration	function	native_registry_try_plugin_paths	缺少项目本地插件时，从运行中宿主程序附近的 native 目录继续发现 provider。	buffer 可写且 bufferSize 足以容纳路径和终止符；失败返回 false，不依赖 registry	zr_vm_library/src/zr_vm_library/native_binding/native_binding_internal.h:644;zr_vm_library/src/zr_vm_library/native_binding/native_binding_registry_plugin.c:268;zr_vm_library/src/zr_vm_library/native_binding/native_binding_registry_plugin.c:656	no-comment	内部重复声明；zr_vm_library/src/zr_vm_library/native_binding/native_binding_registry_plugin.c:268 的现有注释已说明职责，声明无需再复制该契约
zr_vm_library/src/zr_vm_library/native_binding/native_binding_internal.h	native_registry_sanitize_module_name@declaration	function	native_registry_prepare_shadow_plugin_path;native_registry_try_plugin_directory;native_registry_build_project_plugin_path	将脚本模块名映射到可移植文件名；装载后仍会用 descriptor 的原名防止串模块。	buffer 可写且 bufferSize>0；moduleName 可空；结果可能截断，仍需校验 descriptor 原名	zr_vm_library/src/zr_vm_library/native_binding/native_binding_internal.h:645;zr_vm_library/src/zr_vm_library/native_binding/native_binding_registry_plugin.c:313;zr_vm_library/src/zr_vm_library/native_binding/native_binding_registry_plugin.c:115	no-comment	内部重复声明；zr_vm_library/src/zr_vm_library/native_binding/native_binding_registry_plugin.c:313 的现有注释已说明职责，声明无需再复制该契约
zr_vm_library/src/zr_vm_library/native_binding/native_binding_internal.h	native_registry_load_plugin_descriptor@declaration	function	native_registry_try_plugin_directory;ZrLibrary_NativeRegistry_EnsureProjectDescriptorPlugin	装载后验证导出 ABI/模块名并登记 descriptor；返回指针只在相应动态库仍装载时有效。	state、registry、候选路径和请求模块名属于同一次加载；返回 descriptor 借用动态库内存，句柄须保持存活	zr_vm_library/src/zr_vm_library/native_binding/native_binding_internal.h:648;zr_vm_library/src/zr_vm_library/native_binding/native_binding_registry_plugin.c:336;zr_vm_library/src/zr_vm_library/native_binding/native_binding_registry_plugin.c:513	BUG	BUG: 实现处 native_binding_registry_plugin.c:361/438/468 有影子文件、记录回滚及扩容失败；本声明继承风险，声明处无独立标签
zr_vm_library/src/zr_vm_library/native_binding/native_binding_internal.h	native_registry_try_plugin_directory@declaration	function	native_registry_try_plugin_paths	将一个搜索目录里的标准插件文件名映射为 descriptor；真实模块名仍由导出表校验。	directory/moduleName 构成候选插件路径；返回 descriptor 随加载句柄有效，未找到返回 NULL	zr_vm_library/src/zr_vm_library/native_binding/native_binding_internal.h:652;zr_vm_library/src/zr_vm_library/native_binding/native_binding_registry_plugin.c:477;zr_vm_library/src/zr_vm_library/native_binding/native_binding_registry_plugin.c:648	no-comment	内部重复声明；zr_vm_library/src/zr_vm_library/native_binding/native_binding_registry_plugin.c:477 的现有注释已说明职责，声明无需再复制该契约
zr_vm_library/src/zr_vm_library/native_binding/native_binding_internal.h	native_registry_try_plugin_paths@declaration	function	native_registry_find_descriptor_or_plugin	常规 import 依次搜项目 native、宿主 executable/native、环境路径；首次命中优先。	state/registry/moduleName 构成当前导入请求；按路径优先级查找，返回 descriptor 随插件句柄有效	zr_vm_library/src/zr_vm_library/native_binding/native_binding_internal.h:656;zr_vm_library/src/zr_vm_library/native_binding/native_binding_registry_plugin.c:631;zr_vm_library/src/zr_vm_library/native_binding/native_binding_registry_plugin.c:715	no-comment	内部重复声明；zr_vm_library/src/zr_vm_library/native_binding/native_binding_registry_plugin.c:631 的现有注释已说明职责，声明无需再复制该契约
zr_vm_library/src/zr_vm_library/native_binding/native_binding_internal.h	native_registry_find_descriptor_or_plugin@declaration	function	native_registry_resolve_loaded_module;native_registry_loader	已注册 provider 优先，避免同名文件覆盖宿主显式注册的模块。	先查 registry 既有记录再按路径装载；返回 descriptor 借用注册记录或插件句柄，不得跨卸载保存	zr_vm_library/src/zr_vm_library/native_binding/native_binding_internal.h:659;zr_vm_library/src/zr_vm_library/native_binding/native_binding_registry_plugin.c:704;zr_vm_library/src/zr_vm_library/native_binding/native_binding_registry_plugin.c:733	no-comment	内部重复声明；zr_vm_library/src/zr_vm_library/native_binding/native_binding_registry_plugin.c:704 的现有注释已说明职责，声明无需再复制该契约
zr_vm_library/src/zr_vm_library/native_binding/native_binding_internal.h	native_registry_resolve_loaded_module@declaration	function	ZrLibrary_NativeRegistry_ResolveCallBinding;native_registry_add_module_link	模块链接使用同一 descriptor 发现和 provider-phase 检查，并复用 VM 模块缓存。	state、registry、moduleName 属于当前导入；成功模块由 VM/GC 管理，失败返回 NULL	zr_vm_library/src/zr_vm_library/native_binding/native_binding_internal.h:662;zr_vm_library/src/zr_vm_library/native_binding/native_binding_registry_plugin.c:722;zr_vm_library/src/zr_vm_library/native_binding/native_binding_call_binding.c:436	no-comment	内部重复声明；zr_vm_library/src/zr_vm_library/native_binding/native_binding_registry_plugin.c:722 的现有注释已说明职责，声明无需再复制该契约
zr_vm_library/src/zr_vm_library/native_binding/native_binding_internal.h	native_binding_make_callable_value@declaration	function	native_registry_add_function;native_registry_add_type;native_registry_resolve_type_relationships	每个 descriptor 成员对应一个永久 native closure；registry entry 保留回调、owner 与静态绑定身份。	state、registry 与 descriptor 必须同一 provider 世代；创建的 closure 永久化，失败路径可能泄漏 permanent root	zr_vm_library/src/zr_vm_library/native_binding/native_binding_internal.h:665;zr_vm_library/src/zr_vm_library/native_binding/native_binding_registry_plugin.c:768;zr_vm_library/src/zr_vm_library/native_binding/native_binding_metadata.c:1091	BUG	BUG: 实现处 native_binding_registry_plugin.c:801/828/837 有永久根泄漏、身份失败忽略及扩容崩溃；本声明继承风险，声明处无独立标签
zr_vm_library/src/zr_vm_library/native_binding/native_binding_internal.h	native_binding_prepare_stable_value@declaration	function	tests/core/test_object_call_known_native_fast_path.c:5746;tests/core/test_object_call_known_native_fast_path.c:5779	导出给注册和调度文件的稳定副本协议，具体所有权规则由 inline 版本统一。	state、copy 和 source 有效；成功后调用方须以同一 state 配对 release，失败时不可使用 copy	zr_vm_library/src/zr_vm_library/native_binding/native_binding_internal.h:673;zr_vm_library/src/zr_vm_library/native_binding/native_binding_dispatch_lanes.c:20;zr_vm_library/src/zr_vm_library/native_binding/native_binding_dispatch_lanes.c:195	no-comment	内部重复声明；zr_vm_library/src/zr_vm_library/native_binding/native_binding_dispatch_lanes.c:20 的现有注释已说明职责，声明无需再复制该契约
zr_vm_library/src/zr_vm_library/native_binding/native_binding_internal.h	native_binding_release_stable_value@declaration	function	tests/core/test_object_call_known_native_fast_path.c:5752;tests/core/test_object_call_known_native_fast_path.c:5784	与 prepare 成对，回调不得在释放后继续持有副本里的对象引用。	仅对成功 prepare 的 copy 调用，并沿用原 state；释放后不得使用副本引用	zr_vm_library/src/zr_vm_library/native_binding/native_binding_internal.h:676;zr_vm_library/src/zr_vm_library/native_binding/native_binding_dispatch_lanes.c:27;zr_vm_library/src/zr_vm_library/native_binding/native_binding_dispatch_lanes.c:236	no-comment	内部重复声明；zr_vm_library/src/zr_vm_library/native_binding/native_binding_dispatch_lanes.c:27 的现有注释已说明职责，声明无需再复制该契约
zr_vm_library/src/zr_vm_library/native_binding/native_binding_internal.h	native_binding_resolve_call_scratch_base@declaration	function	native_binding_dispatcher;ZrLib_CallValue	native dispatcher 的临时槽不能覆盖当前函数帧仍在使用的栈区。	stackTop 与 callInfo 指向当前有效 VM 帧；结果须避开仍在使用的函数栈区域	zr_vm_library/src/zr_vm_library/native_binding/native_binding_internal.h:677;zr_vm_library/src/zr_vm_library/native_binding/native_binding_registry_plugin.c:861;zr_vm_library/src/zr_vm_library/native_binding/native_binding_dispatch.c:418	no-comment	内部重复声明；zr_vm_library/src/zr_vm_library/native_binding/native_binding_registry_plugin.c:861 的现有注释已说明职责，声明无需再复制该契约
zr_vm_library/src/zr_vm_library/native_binding/native_binding_internal.h	native_binding_new_instance_with_prototype@declaration	function	ZrLib_Object_NewInstance;ZrLib_Object_NewInstanceFromPrototype	FFI/容器等 provider 实例统一按注册原型创建，让方法分派与反射看到同一类型身份。	state 与 prototype 须有效；返回实例受 VM/GC 管理，创建失败返回 NULL	zr_vm_library/src/zr_vm_library/native_binding/native_binding_internal.h:679;zr_vm_library/src/zr_vm_library/native_binding/native_binding_registry_plugin.c:873;zr_vm_library/src/zr_vm_library/native_binding/native_binding_dispatch.c:1675	no-comment	内部重复声明；zr_vm_library/src/zr_vm_library/native_binding/native_binding_registry_plugin.c:873 的现有注释已说明职责，声明无需再复制该契约
zr_vm_library/src/zr_vm_library/native_binding/native_binding_internal.h	native_registry_materialize_module@declaration	function	native_registry_loader;native_registry_resolve_loaded_module	descriptor 依次成为 VM 类型、常量、函数、模块链接和反射元数据；最后才运行 provider hook。 加载者只能在完整实体化成功后把模块写入缓存。	descriptor 为运行时可物化 provider；若来自插件，句柄须覆盖物化；builtin 不依赖插件句柄	zr_vm_library/src/zr_vm_library/native_binding/native_binding_internal.h:680;zr_vm_library/src/zr_vm_library/native_binding/native_binding_registry_plugin.c:896;zr_vm_library/src/zr_vm_library/native_binding/native_binding_registry_plugin.c:759	BUG	BUG: 实现处 native_binding_registry_plugin.c:926/1013 在永久根及导出失败后不能完整回滚；本声明继承风险，声明处无独立标签
zr_vm_library/src/zr_vm_library/native_binding/native_binding_internal.h	native_registry_loader@declaration	function	ZrCore_Module_ImportByPath 经 global->nativeModuleLoader 间接调用	全局 module loader 回调：native provider 未命中时委托原宿主 loader，保持已有模块来源可达。	userData 是 Attach 保存的 registry；state/moduleName 对应当前 import，native 未命中时才委托原宿主 loader	zr_vm_library/src/zr_vm_library/native_binding/native_binding_internal.h:683;zr_vm_library/src/zr_vm_library/native_binding/native_binding_registry_plugin.c:1035;zr_vm_library/src/zr_vm_library/native_binding/native_binding.c:152	no-comment	内部重复声明；zr_vm_library/src/zr_vm_library/native_binding/native_binding_registry_plugin.c:1034 的现有注释已说明职责，声明无需再复制该契约
zr_vm_library/src/zr_vm_library/native_binding/native_binding_internal.h	native_metadata_set_value_field@declaration	function	native_metadata_set_string_field;native_metadata_set_int_field;native_metadata_set_float_field;native_metadata_set_bool_field;native_metadata_make_type_entry;native_metadata_make_module_info	为反射对象写入通用 VM 值字段，供 ModuleInfo 子对象复用。	state、object、fieldName、value 属于本次反射对象构造；void 写入失败不可由调用方获知，可能留下缺字段对象	zr_vm_library/src/zr_vm_library/native_binding/native_binding_internal.h:684;zr_vm_library/src/zr_vm_library/native_binding/native_binding_metadata.c:57;zr_vm_library/src/zr_vm_library/native_binding/native_binding_metadata.c:90	BUG	BUG: 字段写入因固定对象或键创建失败可静默返回；make_module_info 仍导出 缺字段对象，反射读取该字段时会得到空值。见 dispatch.c 的 SetFieldCString；本标签继承实现处，声明处无独立标签
zr_vm_library/src/zr_vm_library/native_binding/native_binding_internal.h	native_metadata_set_string_field@declaration	function	native_metadata_set_optional_string_field;native_metadata_make_field_entry;native_metadata_make_method_entry;native_metadata_make_type_entry;native_metadata_make_module_info	为反射条目写入字符串字段，供元数据对象构造复用。	state、object、fieldName 有效；value 创建失败可能留下未初始化临时值，void 返回不提供失败状态	zr_vm_library/src/zr_vm_library/native_binding/native_binding_internal.h:688;zr_vm_library/src/zr_vm_library/native_binding/native_binding_metadata.c:70;zr_vm_library/src/zr_vm_library/native_binding/native_binding_metadata.c:103	BUG	BUG: SetString 分配失败会保持 fieldValue 未初始化，随后仍送入 SetFieldCString； 反射字段写入可读取未定义值；本标签继承实现处，声明处无独立标签
zr_vm_library/src/zr_vm_library/native_binding/native_binding_internal.h	native_metadata_set_int_field@declaration	function	native_metadata_set_constant_value_fields;native_metadata_make_field_entry;native_metadata_make_type_entry;native_metadata_make_module_info	整数描述符字段经通用 VM 值接口公开给 ModuleInfo 消费者。	state、object、fieldName 有效；整数值按 VM 数值字段写入，底层 void setter 失败不会传播	zr_vm_library/src/zr_vm_library/native_binding/native_binding_internal.h:692;zr_vm_library/src/zr_vm_library/native_binding/native_binding_metadata.c:107;zr_vm_library/src/zr_vm_library/native_binding/native_binding_metadata.c:192	no-comment	内部重复声明；zr_vm_library/src/zr_vm_library/native_binding/native_binding_metadata.c:107 的现有注释已说明职责，声明无需再复制该契约
zr_vm_library/src/zr_vm_library/native_binding/native_binding_internal.h	native_metadata_set_float_field@declaration	function	native_metadata_set_constant_value_fields	浮点常量元数据保留数值类别，避免字符串化后改变反射结果。	state、object、fieldName 有效；浮点值按 VM 浮点字段写入，底层 void setter 失败不会传播	zr_vm_library/src/zr_vm_library/native_binding/native_binding_internal.h:696;zr_vm_library/src/zr_vm_library/native_binding/native_binding_metadata.c:117;zr_vm_library/src/zr_vm_library/native_binding/native_binding_metadata.c:201	no-comment	内部重复声明；zr_vm_library/src/zr_vm_library/native_binding/native_binding_metadata.c:117 的现有注释已说明职责，声明无需再复制该契约
zr_vm_library/src/zr_vm_library/native_binding/native_binding_internal.h	native_metadata_set_bool_field@declaration	function	native_metadata_set_constant_value_fields;native_metadata_make_field_entry;native_metadata_make_type_entry;native_metadata_make_module_info	布尔契约字段保留 VM 布尔类型，供反射消费者直接判断。	state、object、fieldName 有效；布尔值按 VM 布尔字段写入，底层 void setter 失败不会传播	zr_vm_library/src/zr_vm_library/native_binding/native_binding_internal.h:700;zr_vm_library/src/zr_vm_library/native_binding/native_binding_metadata.c:127;zr_vm_library/src/zr_vm_library/native_binding/native_binding_metadata.c:195	no-comment	内部重复声明；zr_vm_library/src/zr_vm_library/native_binding/native_binding_metadata.c:127 的现有注释已说明职责，声明无需再复制该契约
zr_vm_library/src/zr_vm_library/native_binding/native_binding_internal.h	native_metadata_constant_type_name@declaration	function	native_metadata_make_constant_entry;native_runtime_metadata_attach_module	常量未声明类型名时按种类推导，运行时签名与 ModuleInfo 须复用同一映射。	descriptor 可空；返回其借用 typeName 或静态类别文字，不得释放	zr_vm_library/src/zr_vm_library/native_binding/native_binding_internal.h:704;zr_vm_library/src/zr_vm_library/native_binding/native_binding_metadata.c:137;zr_vm_library/src/zr_vm_library/native_binding/native_binding_metadata.c:653	no-comment	内部重复声明；zr_vm_library/src/zr_vm_library/native_binding/native_binding_metadata.c:137 的现有注释已说明职责，声明无需再复制该契约
zr_vm_library/src/zr_vm_library/native_binding/native_binding_internal.h	native_descriptor_allows_value_construction@declaration	function	native_metadata_make_type_entry;native_registry_attach_type_runtime_metadata	构造许可取描述符权威位，供可见元数据和原型隐藏字段共用。	只读取 type descriptor 构造标志；不依赖 state、registry 或插件句柄，NULL 输入按实现的 false 处理	zr_vm_library/src/zr_vm_library/native_binding/native_binding_internal.h:705;zr_vm_library/src/zr_vm_library/native_binding/native_binding_metadata.c:165;zr_vm_library/src/zr_vm_library/native_binding/native_binding_metadata.c:798	no-comment	内部重复声明；zr_vm_library/src/zr_vm_library/native_binding/native_binding_metadata.c:165 的现有注释已说明职责，声明无需再复制该契约
zr_vm_library/src/zr_vm_library/native_binding/native_binding_internal.h	native_descriptor_allows_boxed_construction@declaration	function	native_metadata_make_type_entry;native_registry_attach_type_runtime_metadata	装箱构造许可与值构造许可独立，不能从原型类别推测。	只读取 type descriptor 装箱构造标志；不依赖 state、registry 或插件句柄，NULL 输入按实现的 false 处理	zr_vm_library/src/zr_vm_library/native_binding/native_binding_internal.h:706;zr_vm_library/src/zr_vm_library/native_binding/native_binding_metadata.c:173;zr_vm_library/src/zr_vm_library/native_binding/native_binding_metadata.c:799	no-comment	内部重复声明；zr_vm_library/src/zr_vm_library/native_binding/native_binding_metadata.c:173 的现有注释已说明职责，声明无需再复制该契约
zr_vm_library/src/zr_vm_library/native_binding/native_binding_internal.h	native_metadata_set_constant_value_fields@declaration	function	native_metadata_make_constant_entry;native_metadata_make_enum_member_entry	常量和枚举成员共用值投影；只公开与 kind 对应的载荷字段。	state、object 和 kind 对应的值载荷需有效；string kind 可触发分配，字段写入失败不向调用者报告	zr_vm_library/src/zr_vm_library/native_binding/native_binding_internal.h:707;zr_vm_library/src/zr_vm_library/native_binding/native_binding_metadata.c:181;zr_vm_library/src/zr_vm_library/native_binding/native_binding_metadata.c:654	no-comment	内部重复声明；zr_vm_library/src/zr_vm_library/native_binding/native_binding_metadata.c:181 的现有注释已说明职责，声明无需再复制该契约
zr_vm_library/src/zr_vm_library/native_binding/native_binding_internal.h	native_metadata_push_string_value@declaration	function	native_metadata_make_string_array	把描述符的字符串值写入反射数组。	state、array、value 需有效；失败返回 false，但字符串构造失败可能先留下未初始化临时值	zr_vm_library/src/zr_vm_library/native_binding/native_binding_internal.h:714;zr_vm_library/src/zr_vm_library/native_binding/native_binding_metadata.c:214;zr_vm_library/src/zr_vm_library/native_binding/native_binding_metadata.c:245	BUG	BUG: SetString 失败时 entryValue 未初始化，PushValue 可能读取未定义值； 返回布尔值不能覆盖这条字符串构造失败路径；本标签继承实现处，声明处无独立标签
zr_vm_library/src/zr_vm_library/native_binding/native_binding_internal.h	native_metadata_make_string_array@declaration	function	native_metadata_make_generic_parameter_entry;native_metadata_make_type_entry	把描述符字符串序列转成 VM 反射数组。	valueCount>0 时 values 须可索引；NULL 元素被跳过；追加失败可产生短数组	zr_vm_library/src/zr_vm_library/native_binding/native_binding_internal.h:715;zr_vm_library/src/zr_vm_library/native_binding/native_binding_metadata.c:228;zr_vm_library/src/zr_vm_library/native_binding/native_binding_metadata.c:342	BUG	BUG: PushValue 失败时仍返回数组；例如固定元素失败后，implements/constraints 等反射序列会短于描述符，调用方无法从返回值识别截断；本标签继承实现处，声明处无独立标签
zr_vm_library/src/zr_vm_library/native_binding/native_binding_internal.h	native_metadata_make_field_entry@declaration	function	native_metadata_make_type_entry	字段条目同时承载类型名、契约角色和可写性，供反射构造成员视图。	state 和 field descriptor 需有效；返回对象受 VM/GC 管理，字段写入为 void 且可能静默失败	zr_vm_library/src/zr_vm_library/native_binding/native_binding_internal.h:718;zr_vm_library/src/zr_vm_library/native_binding/native_binding_metadata.c:254;zr_vm_library/src/zr_vm_library/native_binding/native_binding_metadata.c:809	no-comment	内部重复声明；zr_vm_library/src/zr_vm_library/native_binding/native_binding_metadata.c:254 的现有注释已说明职责，声明无需再复制该契约
zr_vm_library/src/zr_vm_library/native_binding/native_binding_internal.h	native_metadata_make_method_entry@declaration	function	native_metadata_make_type_entry	方法条目把调用元数、接收者约束、属性桥接和泛型形参投影到 ModuleInfo。	state 和 method descriptor 需有效；参数和泛型子条目属 GC 对象，失败可能使反射条目不完整	zr_vm_library/src/zr_vm_library/native_binding/native_binding_internal.h:719;zr_vm_library/src/zr_vm_library/native_binding/native_binding_metadata.c:442;zr_vm_library/src/zr_vm_library/native_binding/native_binding_metadata.c:818	no-comment	内部重复声明；zr_vm_library/src/zr_vm_library/native_binding/native_binding_metadata.c:442 的现有注释已说明职责，声明无需再复制该契约
zr_vm_library/src/zr_vm_library/native_binding/native_binding_internal.h	native_metadata_make_meta_method_entry@declaration	function	native_metadata_make_type_entry	元方法借用与普通方法相同的参数模型，名称由 VM metaType 表决定。	state 和 meta-method descriptor 需有效；返回对象受 VM/GC 管理，失败可能使反射条目不完整	zr_vm_library/src/zr_vm_library/native_binding/native_binding_internal.h:720;zr_vm_library/src/zr_vm_library/native_binding/native_binding_metadata.c:520;zr_vm_library/src/zr_vm_library/native_binding/native_binding_metadata.c:827	no-comment	内部重复声明；zr_vm_library/src/zr_vm_library/native_binding/native_binding_metadata.c:520 的现有注释已说明职责，声明无需再复制该契约
zr_vm_library/src/zr_vm_library/native_binding/native_binding_internal.h	native_metadata_make_function_entry@declaration	function	native_metadata_make_module_info	模块函数导出的反射条目；未知参数详情时仍保留可调用元数边界。	state 和 function descriptor 需有效；返回对象受 VM/GC 管理，参数子数组失败可能截断	zr_vm_library/src/zr_vm_library/native_binding/native_binding_internal.h:722;zr_vm_library/src/zr_vm_library/native_binding/native_binding_metadata.c:584;zr_vm_library/src/zr_vm_library/native_binding/native_binding_metadata.c:964	no-comment	内部重复声明；zr_vm_library/src/zr_vm_library/native_binding/native_binding_metadata.c:584 的现有注释已说明职责，声明无需再复制该契约
zr_vm_library/src/zr_vm_library/native_binding/native_binding_internal.h	native_metadata_make_constant_entry@declaration	function	native_metadata_make_module_info	常量条目与真实导出共享类型推导，供反射按名称与值类别配对。	state 和 constant descriptor 需有效；返回对象受 VM/GC 管理，值投影失败可能缺字段	zr_vm_library/src/zr_vm_library/native_binding/native_binding_internal.h:723;zr_vm_library/src/zr_vm_library/native_binding/native_binding_metadata.c:640;zr_vm_library/src/zr_vm_library/native_binding/native_binding_metadata.c:973	no-comment	内部重复声明；zr_vm_library/src/zr_vm_library/native_binding/native_binding_metadata.c:640 的现有注释已说明职责，声明无需再复制该契约
zr_vm_library/src/zr_vm_library/native_binding/native_binding_internal.h	native_metadata_make_enum_member_entry@declaration	function	native_metadata_make_type_entry	枚举成员的反射视图保存声明值与说明，不持有运行时枚举实例。	state 和 enum-member descriptor 有效；void 字段 setter 可静默失败，非 NULL 结果也可能缺成员	zr_vm_library/src/zr_vm_library/native_binding/native_binding_internal.h:724;zr_vm_library/src/zr_vm_library/native_binding/native_binding_metadata.c:665;zr_vm_library/src/zr_vm_library/native_binding/native_binding_metadata.c:836	no-comment	内部重复声明；zr_vm_library/src/zr_vm_library/native_binding/native_binding_metadata.c:665 的现有注释已说明职责，声明无需再复制该契约
zr_vm_library/src/zr_vm_library/native_binding/native_binding_internal.h	native_metadata_make_module_link_entry@declaration	function	native_metadata_make_module_info	模块链接的名字与目标模块名均留给反射，物化时另行解析实际模块对象。	state 和 module-link descriptor 需有效；返回对象受 VM/GC 管理，目标模块对象另由物化路径解析	zr_vm_library/src/zr_vm_library/native_binding/native_binding_internal.h:725;zr_vm_library/src/zr_vm_library/native_binding/native_binding_metadata.c:690;zr_vm_library/src/zr_vm_library/native_binding/native_binding_metadata.c:991	no-comment	内部重复声明；zr_vm_library/src/zr_vm_library/native_binding/native_binding_metadata.c:690 的现有注释已说明职责，声明无需再复制该契约
zr_vm_library/src/zr_vm_library/native_binding/native_binding_internal.h	native_metadata_make_type_entry@declaration	function	native_metadata_make_module_info	把类型描述符映射成可查询的反射类型条目。	state 和 type descriptor 需有效；失败后仍可返回缺成员对象，调用方不能仅以非 NULL 判完整	zr_vm_library/src/zr_vm_library/native_binding/native_binding_internal.h:726;zr_vm_library/src/zr_vm_library/native_binding/native_binding_metadata.c:711;zr_vm_library/src/zr_vm_library/native_binding/native_binding_metadata.c:982	BUG	BUG: 子条目创建或 PushValue 失败后仍返回对象，ModuleInfo.types 可暴露 缺成员的类型描述；反射按该数组构造声明视图；本标签继承实现处，声明处无独立标签
zr_vm_library/src/zr_vm_library/native_binding/native_binding_internal.h	native_metadata_make_module_info@declaration	function	native_registry_materialize_module	汇总模块导出描述符，形成模块级反射对象。	state、module descriptor 及可选 registration record 属于同一 provider；返回对象可能缺子条目但仍非 NULL	zr_vm_library/src/zr_vm_library/native_binding/native_binding_internal.h:727;zr_vm_library/src/zr_vm_library/native_binding/native_binding_metadata.c:870;zr_vm_library/src/zr_vm_library/native_binding/native_binding_registry_plugin.c:999	BUG	BUG: functions/constants/types/modules 任一子条目或追加失败后仍返回对象， 反射消费者会看到少于已注册导出的条目；本标签继承实现处，声明处无独立标签
zr_vm_library/src/zr_vm_library/native_binding/native_binding_internal.h	native_runtime_metadata_attach_module@declaration	function	native_registry_materialize_module	模块物化前把所有原生导出挂到入口函数，反射随后按此表关联真实导出值。	state、module 与 descriptor 属于同一次物化；返回 false 需阻止继续导出，true 不保证所有元数据无遗漏	zr_vm_library/src/zr_vm_library/native_binding/native_binding_internal.h:730;zr_vm_library/src/zr_vm_library/native_binding/native_binding_runtime_metadata.c:432;zr_vm_library/src/zr_vm_library/native_binding/native_binding_registry_plugin.c:940	TODO	TODO: 实现处 native_binding_runtime_metadata.c:452/535 标记 GC 根和 Attach 静默失败待核；本声明继承疑点，声明处无独立标签
zr_vm_library/src/zr_vm_library/native_binding/native_binding_internal.h	native_registry_add_constant@declaration	function	native_registry_materialize_module	将常量描述符物化成模块公开导出。	state、module、constant descriptor 属于同次物化；返回 true 仍可能因 void AddPubExport 失败而缺导出	zr_vm_library/src/zr_vm_library/native_binding/native_binding_internal.h:733;zr_vm_library/src/zr_vm_library/native_binding/native_binding_metadata.c:1023;zr_vm_library/src/zr_vm_library/native_binding/native_binding_registry_plugin.c:961	BUG	BUG: AddPubExport 在导出表扩容失败时静默返回，本函数仍报告成功； 物化后的模块可能缺常量，而 ModuleInfo 已列出该常量。字符串常量创建 失败时 SetString 还会留下未初始化的 value，随后被送入 AddPubExport；本标签继承实现处，声明处无独立标签
zr_vm_library/src/zr_vm_library/native_binding/native_binding_internal.h	native_registry_add_function@declaration	function	native_registry_materialize_module	将函数描述符物化成模块公开 native closure。	state、registry、module 与两级 descriptor 属于同一 provider；返回 true 不能证明 void 导出写入已成功	zr_vm_library/src/zr_vm_library/native_binding/native_binding_internal.h:736;zr_vm_library/src/zr_vm_library/native_binding/native_binding_metadata.c:1073;zr_vm_library/src/zr_vm_library/native_binding/native_binding_registry_plugin.c:972	BUG	BUG: AddPubExport 无成功状态；导出表扩容失败后仍返回成功，函数不可见；本标签继承实现处，声明处无独立标签
zr_vm_library/src/zr_vm_library/native_binding/native_binding_internal.h	native_registry_add_module_link@declaration	function	native_registry_materialize_module	将模块链接描述符物化成可访问导出。	state、registry、module 与链接 descriptor 属于当前导入；目标未装载返回 false，void 导出失败可仍返回 true	zr_vm_library/src/zr_vm_library/native_binding/native_binding_internal.h:741;zr_vm_library/src/zr_vm_library/native_binding/native_binding_metadata.c:1129;zr_vm_library/src/zr_vm_library/native_binding/native_binding_registry_plugin.c:983	BUG	BUG: AddPubExport 静默失败时模块仍物化，但链接名不能从导出表解析；本标签继承实现处，声明处无独立标签
zr_vm_library/src/zr_vm_library/native_binding/native_binding_internal.h	native_registry_add_methods@declaration	function	native_registry_add_type	将方法和元方法描述符安装到对应类型原型。	state、registry、module/type descriptor 和 prototype 属于同一类型；成员描述与元方法安装失败可能未传播	zr_vm_library/src/zr_vm_library/native_binding/native_binding_internal.h:745;zr_vm_library/src/zr_vm_library/native_binding/native_binding_metadata.c:1275;zr_vm_library/src/zr_vm_library/native_binding/native_binding_metadata.c:1766	BUG	BUG: AddMemberDescriptor 的失败返回值和 AddMeta 的分配失败都未传播； 模块可发布有调用值但缺成员描述或元方法槽位的原型；本标签继承实现处，声明处无独立标签
zr_vm_library/src/zr_vm_library/native_binding/native_binding_internal.h	native_registry_set_hidden_string_metadata@declaration	function	native_registry_attach_type_runtime_metadata	在类型原型写入仅供运行时读取的字符串契约字段。	state、object、fieldName、value 属于同一原型元数据写入；字符串分配失败可传出未初始化值	zr_vm_library/src/zr_vm_library/native_binding/native_binding_internal.h:750;zr_vm_library/src/zr_vm_library/native_binding/native_binding_metadata.c:1450;zr_vm_library/src/zr_vm_library/native_binding/native_binding_metadata.c:1557	BUG	BUG: SetString 失败后 fieldValue 未初始化，仍被传给 SetFieldCString；本标签继承实现处，声明处无独立标签
zr_vm_library/src/zr_vm_library/native_binding/native_binding_internal.h	native_registry_set_hidden_bool_metadata@declaration	function	native_registry_attach_type_runtime_metadata	原型隐藏布尔位与可见 ModuleInfo 使用相同描述符来源。	state、object、fieldName 有效；写入失败不会由 void 接口反馈，调用方不能据此证明隐藏字段完整	zr_vm_library/src/zr_vm_library/native_binding/native_binding_internal.h:754;zr_vm_library/src/zr_vm_library/native_binding/native_binding_metadata.c:1465;zr_vm_library/src/zr_vm_library/native_binding/native_binding_metadata.c:1548	no-comment	内部重复声明；zr_vm_library/src/zr_vm_library/native_binding/native_binding_metadata.c:1465 的现有注释已说明职责，声明无需再复制该契约
zr_vm_library/src/zr_vm_library/native_binding/native_binding_internal.h	native_registry_init_enum_member_scalar@declaration	function	native_registry_add_enum_members	将枚举成员描述符转成运行时标量值。	state、枚举成员 descriptor 与输出 value 有效；字符串值创建失败可能仍报告成功并留下未初始化值	zr_vm_library/src/zr_vm_library/native_binding/native_binding_internal.h:758;zr_vm_library/src/zr_vm_library/native_binding/native_binding_metadata.c:1482;zr_vm_library/src/zr_vm_library/native_binding/native_binding_metadata.c:1617	BUG	BUG: 字符串成员创建失败时 SetString 不写 value，本函数仍返回成功； 后续 make_enum_instance 将未初始化底层值写入枚举对象；本标签继承实现处，声明处无独立标签
zr_vm_library/src/zr_vm_library/native_binding/native_binding_internal.h	native_registry_make_enum_instance@declaration	function	native_registry_add_enum_members	按成员描述符构造枚举实例，供原型暴露。	state、prototype、underlyingValue 有效；memberName 可空，新对象仅由局部指针持有时的 GC 保护待核	zr_vm_library/src/zr_vm_library/native_binding/native_binding_internal.h:761;zr_vm_library/src/zr_vm_library/native_binding/native_binding_metadata.c:1514;zr_vm_library/src/zr_vm_library/native_binding/native_binding_metadata.c:1621	BUG	BUG: 实现处 native_binding_metadata.c:1511 的 void setter 失败会传播未初始化值；同处 GC 根保护仍为 TODO，本声明继承风险，声明处无独立标签
zr_vm_library/src/zr_vm_library/native_binding/native_binding_internal.h	native_registry_attach_type_runtime_metadata@declaration	function	native_registry_add_type	将构造、FFI 与枚举契约复制到真实原型，供不经 ModuleInfo 的运行时路径查询。	state、typeDescriptor 与 prototype 对应同一类型；void 接口不反馈隐藏字段写入失败	zr_vm_library/src/zr_vm_library/native_binding/native_binding_internal.h:765;zr_vm_library/src/zr_vm_library/native_binding/native_binding_metadata.c:1541;zr_vm_library/src/zr_vm_library/native_binding/native_binding_metadata.c:1749	no-comment	内部重复声明；zr_vm_library/src/zr_vm_library/native_binding/native_binding_metadata.c:1541 的现有注释已说明职责，声明无需再复制该契约
zr_vm_library/src/zr_vm_library/native_binding/native_binding_internal.h	native_registry_add_enum_members@declaration	function	native_registry_add_type	把枚举成员实例安装到类型原型。	state、prototype 与 enum type descriptor 对应同一枚举；void setter 失败可使成员缺失但仍返回 true	zr_vm_library/src/zr_vm_library/native_binding/native_binding_internal.h:768;zr_vm_library/src/zr_vm_library/native_binding/native_binding_metadata.c:1597;zr_vm_library/src/zr_vm_library/native_binding/native_binding_metadata.c:1774	BUG	BUG: SetFieldCString 可能静默失败，本函数仍返回成功，枚举成员缺席；本标签继承实现处，声明处无独立标签
zr_vm_library/src/zr_vm_library/native_binding/native_binding_internal.h	native_registry_add_type@declaration	function	native_registry_materialize_module	将类型描述符物化为模块公开原型。	state、registry、module 与 descriptor 属于同一 provider；AddPubExport 失败可能使返回 true 但类型不可见	zr_vm_library/src/zr_vm_library/native_binding/native_binding_internal.h:771;zr_vm_library/src/zr_vm_library/native_binding/native_binding_metadata.c:1636;zr_vm_library/src/zr_vm_library/native_binding/native_binding_registry_plugin.c:948	BUG	BUG: AddPubExport 可能静默失败，本函数仍返回成功；后续同模块父类 查找也会因类型不在公开导出表而失败；本标签继承实现处，声明处无独立标签
zr_vm_library/src/zr_vm_library/native_binding/native_binding_internal.h	native_registry_get_module_prototype@declaration	function	native_registry_add_type;native_registry_find_same_module_qualified_prototype;native_registry_resolve_type_relationships	只从当前模块的公开导出取原型，防止同名全局类型混入本模块关系解析。	state、module、typeName 有效；仅查询模块公开导出，缺失或非原型返回 NULL，不查询 registry	zr_vm_library/src/zr_vm_library/native_binding/native_binding_internal.h:776;zr_vm_library/src/zr_vm_library/native_binding/native_binding_metadata.c:1799;zr_vm_library/src/zr_vm_library/native_binding/native_binding_metadata.c:1673	no-comment	内部重复声明；zr_vm_library/src/zr_vm_library/native_binding/native_binding_metadata.c:1798 的现有注释已说明职责，声明无需再复制该契约
zr_vm_library/src/zr_vm_library/native_binding/native_binding_internal.h	native_registry_resolve_type_relationships@declaration	function	native_registry_materialize_module	全部类型导出后再连继承边；前向声明的同模块父类此时才可查找。	state、module、descriptor 属于同次物化；仅 class 的未知显式父类可回退 Object，修复元方法失败不传播	zr_vm_library/src/zr_vm_library/native_binding/native_binding_internal.h:779;zr_vm_library/src/zr_vm_library/native_binding/native_binding_metadata.c:1867;zr_vm_library/src/zr_vm_library/native_binding/native_binding_registry_plugin.c:958	BUG	BUG: 实现处 native_binding_metadata.c:1899/1921 可吞掉未知父类及元方法修复失败；本声明继承风险，声明处无独立标签
zr_vm_library/src/zr_vm_library/native_binding/native_binding_internal.h	native_binding_auto_check_arity@declaration	function	native_binding_dispatcher	由通用分派入口消费描述符的参数范围；回调只接收通过声明约束的调用。	context 为当前调用；有描述符则检查 min/max，无描述符直接 true，不要求额外栈或 registry	zr_vm_library/src/zr_vm_library/native_binding/native_binding_internal.h:782;zr_vm_library/src/zr_vm_library/native_binding/native_binding_dispatch.c:34;zr_vm_library/src/zr_vm_library/native_binding/native_binding_dispatch.c:364	no-comment	内部重复声明；zr_vm_library/src/zr_vm_library/native_binding/native_binding_dispatch.c:34 的现有注释已说明职责，声明无需再复制该契约
zr_vm_library/src/zr_vm_library/native_binding/native_binding_internal.h	native_binding_temp_root_slot@declaration	function	ZrLib_TempValueRoot_SetObject	返回活动临时根的 VM 栈槽；调用方不得在 End 后继续保存此地址。	root 必须处于 Begin 到 End 的活动期；返回的栈槽地址只在该期有效	zr_vm_library/src/zr_vm_library/native_binding/native_binding_internal.h:783;zr_vm_library/src/zr_vm_library/native_binding/native_binding_dispatch.c:679;zr_vm_library/src/zr_vm_library/native_binding/native_binding_dispatch.c:1022	no-comment	内部重复声明；zr_vm_library/src/zr_vm_library/native_binding/native_binding_dispatch.c:679 的现有注释已说明职责，声明无需再复制该契约
zr_vm_library/src/zr_vm_library/native_binding/native_binding_dispatch_lanes.h	native_binding_dispatch_stack_root_lane@declaration	function	native_binding_dispatcher;native_binding_prepare_cached_stack_root_dispatch	描述符回调在栈根 lane 中沿用其声明的 GC 域策略。	entry 属于当前 registry 且声明栈根调度；context 栈锚点须仍指向当前帧，回调期遵循描述符 GC 域	zr_vm_library/src/zr_vm_library/native_binding/native_binding_dispatch_lanes.h:563;zr_vm_library/src/zr_vm_library/native_binding/native_binding_dispatch_lanes.c:96;zr_vm_library/src/zr_vm_library/native_binding/native_binding_dispatch.c:370	commented	声明已有 Doxygen 说明；实现处另有调用链职责注释
zr_vm_library/src/zr_vm_library/native_binding/native_binding_dispatch_lanes.h	native_binding_dispatch_stack_root_callback_lane@declaration	function	tests/core/test_object_call_known_native_fast_path.c:5854;tests/core/test_object_call_known_native_fast_path.c:5914;tests/core/test_object_call_known_native_fast_path.c:6148	供不带描述符的直接回调调用，采用默认 GC-aware 模式。	context 栈锚点须对应当前帧；callback 为有效函数指针，不带 descriptor 时使用默认 GC-aware 域	zr_vm_library/src/zr_vm_library/native_binding/native_binding_dispatch_lanes.h:569;zr_vm_library/src/zr_vm_library/native_binding/native_binding_dispatch_lanes.c:80;tests/core/test_object_call_known_native_fast_path.c:5854	commented	声明已有 Doxygen 说明；实现处另有调用链职责注释
zr_vm_library/src/zr_vm_library/native_binding/native_binding_dispatch_lanes.h	native_binding_dispatch_fast_lane@declaration	function	native_binding_dispatcher;tests/core/test_native_inline_span_dispatch.c:293	参数经准入检查后可浅复制到 C 栈；self 的改变仍须同步回 VM 栈。	self 与实参须通过快路准入（可浅拷贝、无所有权）；否则应由调用方选择安全 lane	zr_vm_library/src/zr_vm_library/native_binding/native_binding_dispatch_lanes.h:576;zr_vm_library/src/zr_vm_library/native_binding/native_binding_dispatch_lanes.c:121;zr_vm_library/src/zr_vm_library/native_binding/native_binding_dispatch.c:383	commented	声明已有 Doxygen 说明；实现处另有调用链职责注释
zr_vm_library/src/zr_vm_library/native_binding/native_binding_dispatch_lanes.h	native_binding_dispatch_inline_pinned_lane@declaration	function	native_binding_dispatcher	依据 self/参数个数选择特化，所有分支共享相同回调与 pin 契约。	context、closure 与参数必须对应本次调用；固定对象和值在回调期保持有效，返回前成对解除保护	zr_vm_library/src/zr_vm_library/native_binding/native_binding_dispatch_lanes.h:582;zr_vm_library/src/zr_vm_library/native_binding/native_binding_dispatch_lanes.c:433;zr_vm_library/src/zr_vm_library/native_binding/native_binding_dispatch.c:396	commented	声明已有 Doxygen 说明；实现处另有调用链职责注释
zr_vm_library/src/zr_vm_library/native_binding/native_binding_internal.h	ZR_VM_LIBRARY_NATIVE_BINDING_INTERNAL_H	macro	native_binding.c;native_binding_call_binding.c;native_binding_dispatch_lanes.h	防止内部共享声明和 inline 定义重复包含	仅控制此头的预处理重入	zr_vm_library/src/zr_vm_library/native_binding/native_binding_internal.h:5;zr_vm_library/src/zr_vm_library/native_binding/native_binding_internal.h:6	no-comment	惯用 include guard 名称及成对 #ifndef/#define 已充分表达作用
zr_vm_library/src/zr_vm_library/native_binding/native_binding_internal.h	_POSIX_C_SOURCE	macro	Linux 预处理分支及其后 POSIX 系统头	在 Linux 构建中开放 POSIX.1-2008 API 声明，供插件路径与动态库辅助代码使用	仅当宿主未预定义时设置，必须位于系统头之前	zr_vm_library/src/zr_vm_library/native_binding/native_binding_internal.h:13;zr_vm_library/src/zr_vm_library/native_binding/native_binding_internal.h:50	no-comment	条件编译和版本常量已表达 POSIX feature-test 契约，且现有头部注释说明文件角色
zr_vm_library/src/zr_vm_library/native_binding/native_binding_dispatch_lanes.h	ZR_VM_LIBRARY_NATIVE_BINDING_DISPATCH_LANES_H	macro	native_binding_dispatch.c;native_binding_dispatch_cached.c;native_binding_dispatch_lanes.c	防止 lane helper 定义重复包含	仅控制此头的预处理重入	zr_vm_library/src/zr_vm_library/native_binding/native_binding_dispatch_lanes.h:5;zr_vm_library/src/zr_vm_library/native_binding/native_binding_dispatch_lanes.h:6	no-comment	惯用 include guard 名称及成对 #ifndef/#define 已充分表达作用
zr_vm_library/src/zr_vm_library/native_binding/native_binding_metadata.c	native_registry_make_enum_instance::inter_field_gc_gap	block	native_registry_make_enum_instance	核查新建枚举对象在 value 字段写入后、name 字符串创建期间的 GC 存活性	SetFieldCString 只在单次调用内部 pin 对象；两次字段写之间 SetString 可分配，对象此时仅存于 C 局部指针	zr_vm_library/src/zr_vm_library/native_binding/native_binding_metadata.c:1512-1514;zr_vm_library/src/zr_vm_library/native_binding/native_binding_metadata.c:1524-1537;zr_vm_library/src/zr_vm_library/native_binding/native_binding_dispatch.c:1383-1396;zr_vm_library/src/zr_vm_library/native_binding/native_binding_metadata.c:1621-1627	TODO	TODO: 核实 SetString 分配触发 GC 时栈扫描是否识别 enumObject；用 GC 压力夹具验证两次字段写之间的对象存活性
zr_vm_library/src/zr_vm_library/native_binding/native_binding_runtime_metadata.c	native_runtime_metadata_attach_module::pre_attach_gc_gap	block	native_runtime_metadata_attach_module	核查新建 metadataFunction 在字符串和符号表分配期间是否仍有 GC 根	Function_New 后直到 Attach 才发布，期间只见 C 局部指针；需检查 core 构造器与 C 栈扫描	zr_vm_library/src/zr_vm_library/native_binding/native_binding_runtime_metadata.c:452;zr_vm_library/src/zr_vm_library/native_binding/native_binding_runtime_metadata.c:457;zr_vm_library/src/zr_vm_library/native_binding/native_binding_runtime_metadata.c:537	TODO	TODO: 尚未证明可回收；以 GC 压力测试验证创建至 Attach 之间的存活性
zr_vm_library/src/zr_vm_library/native_binding/native_binding_registry_plugin.c	native_registry_materialize_module::module_info_gc_gap	block	native_registry_materialize_module	核查 ModuleInfo 构造后至导出前的 GC 存活性	make_module_info 返回前解除 pin，导出名字符串创建可分配；需确认局部指针或外层 VM 根保活	zr_vm_library/src/zr_vm_library/native_binding/native_binding_registry_plugin.c:997;zr_vm_library/src/zr_vm_library/native_binding/native_binding_metadata.c:1010;zr_vm_library/src/zr_vm_library/native_binding/native_binding_registry_plugin.c:1002	TODO	TODO: 尚未证明可回收；以 GC 压力测试验证解 pin 到导出之间的窗口
