file	unit	kind	callers	intent	constraints	evidence	decision	reason
zr_vm_lib_container/CMakeLists.txt	zr_vm_lib_container target	config	顶层 CMakeLists.txt	声明容器模块构建输入及 core/library/iteration 依赖	源文件及链接依赖由构建配置固定	zr_vm_lib_container/CMakeLists.txt:1	no-comment	目标与依赖名称已直接说明构建关系
zr_vm_lib_container/include/zr_vm_lib_container/conf.h	ZR_CONTAINER_SEQUENCE_INITIAL_CAPACITY	macro	zr_vm_lib_container/src/zr_vm_lib_container/module.c:2549	为模块共享契约提供编译期标识或配置	由编译期定义;调用处不修改	zr_vm_lib_container/include/zr_vm_lib_container/conf.h:12;zr_vm_lib_container/src/zr_vm_lib_container/module.c:2549	no-comment	名称、相邻类型描述符或已注释调用边界足以说明职责，无额外长期契约
zr_vm_lib_container/include/zr_vm_lib_container/conf.h	ZR_CONTAINER_SEQUENCE_GROWTH_FACTOR	macro	zr_vm_lib_container/src/zr_vm_lib_container/module.c:2552	为模块共享契约提供编译期标识或配置	由编译期定义;调用处不修改	zr_vm_lib_container/include/zr_vm_lib_container/conf.h:13;zr_vm_lib_container/src/zr_vm_lib_container/module.c:2552	no-comment	名称、相邻类型描述符或已注释调用边界足以说明职责，无额外长期契约
zr_vm_lib_container/include/zr_vm_lib_container/conf.h	ZR_CONTAINER_HASH_MIX_PRIME	macro	zr_vm_lib_container/src/zr_vm_lib_container/module.c:2903	为模块共享契约提供编译期标识或配置	由编译期定义;调用处不修改	zr_vm_lib_container/include/zr_vm_lib_container/conf.h:15;zr_vm_lib_container/src/zr_vm_lib_container/module.c:2903	no-comment	名称、相邻类型描述符或已注释调用边界足以说明职责，无额外长期契约
zr_vm_lib_container/include/zr_vm_lib_container/conf.h	ZR_CONTAINER_HASH_MIX_OFFSET	macro	zr_vm_lib_container/src/zr_vm_lib_container/module.c:2904	为模块共享契约提供编译期标识或配置	由编译期定义;调用处不修改	zr_vm_lib_container/include/zr_vm_lib_container/conf.h:16;zr_vm_lib_container/src/zr_vm_lib_container/module.c:2904	no-comment	名称、相邻类型描述符或已注释调用边界足以说明职责，无额外长期契约
zr_vm_lib_container/include/zr_vm_lib_container/generational_pool.h	ZR_POOL_STABLE_SLOT_CONTRACT_HASH	macro	tests/container/test_generational_pool.c:159;tests/container/test_generational_pool_artifact.c:202;tests/container/test_generational_pool_artifact.c:209;tests/container/test_generational_pool_artifact.c:244;tests/container/test_generational_pool_artifact.c:264;其余4处已扫描	为模块共享契约提供编译期标识或配置	由编译期定义;调用处不修改	zr_vm_lib_container/include/zr_vm_lib_container/generational_pool.h:11;tests/container/test_generational_pool.c:159	commented	新增宏观契约注释，说明调用目的、所有权或时序
zr_vm_lib_container/include/zr_vm_lib_container/generational_pool.h	SZrPool	type	tests/container/test_generational_pool.c:42;tests/container/test_generational_pool.c:685;tests/container/test_generational_pool.c:686;tests/container/test_generational_pool.c:748;tests/container/test_generational_pool.c:789;其余85处已扫描	定义模块边界使用的状态或协议数据	字段关系与有效期由创建及释放路径约束	zr_vm_lib_container/include/zr_vm_lib_container/generational_pool.h:14;tests/container/test_generational_pool.c:42	commented	新增宏观契约注释，说明调用目的、所有权或时序
zr_vm_lib_container/include/zr_vm_lib_container/generational_pool.h	EZrPoolStatus	type	tests/container/test_generational_pool_type_layout.c:229;tests/container/test_generational_pool_type_layout.c:315;tests/container/test_generational_pool_type_layout.c:410;tests/container/test_generational_pool_type_layout.c:455;tests/container/test_generational_pool_type_layout.c:635;其余51处已扫描	定义模块边界使用的状态或协议数据	字段关系与有效期由创建及释放路径约束	zr_vm_lib_container/include/zr_vm_lib_container/generational_pool.h:17;tests/container/test_generational_pool_type_layout.c:229	commented	公开声明已补充生命周期、同步或回调约束
zr_vm_lib_container/include/zr_vm_lib_container/generational_pool.h	EZrPoolSlotState	type	zr_vm_lib_container/include/zr_vm_lib_container/generational_pool.h:37;zr_vm_lib_container/src/zr_vm_lib_container/generational_pool_internal.h:11	定义模块边界使用的状态或协议数据	字段关系与有效期由创建及释放路径约束	zr_vm_lib_container/include/zr_vm_lib_container/generational_pool.h:32;zr_vm_lib_container/include/zr_vm_lib_container/generational_pool.h:37	commented	公开声明已补充生命周期、同步或回调约束
zr_vm_lib_container/include/zr_vm_lib_container/generational_pool.h	EZrPoolBorrowMode	type	zr_vm_lib_container/include/zr_vm_lib_container/generational_pool.h:43;zr_vm_lib_container/include/zr_vm_lib_container/generational_pool.h:108;zr_vm_lib_container/src/zr_vm_lib_container/generational_pool.c:584;zr_vm_lib_container/src/zr_vm_lib_container/pooling_generational_runtime.c:719	定义模块边界使用的状态或协议数据	字段关系与有效期由创建及释放路径约束	zr_vm_lib_container/include/zr_vm_lib_container/generational_pool.h:40;zr_vm_lib_container/include/zr_vm_lib_container/generational_pool.h:43	commented	公开声明已补充生命周期、同步或回调约束
zr_vm_lib_container/include/zr_vm_lib_container/generational_pool.h	EZrPoolGcScanKind	type	tests/container/test_generational_pool.c:82;tests/container/test_generational_pool_gc_stress.c:60;tests/container/test_generational_pool_performance_matrix.c:42;zr_vm_lib_container/include/zr_vm_lib_container/generational_pool.h:50;zr_vm_lib_container/include/zr_vm_lib_container/generational_pool.h:83;其余1处已扫描	定义模块边界使用的状态或协议数据	字段关系与有效期由创建及释放路径约束	zr_vm_lib_container/include/zr_vm_lib_container/generational_pool.h:46;tests/container/test_generational_pool.c:82	commented	公开声明已补充生命周期、同步或回调约束
zr_vm_lib_container/include/zr_vm_lib_container/generational_pool.h	EZrPoolConcurrencyMode	type	tests/container/test_generational_pool_performance_matrix.c:55;zr_vm_lib_container/include/zr_vm_lib_container/generational_pool.h:56;zr_vm_lib_container/include/zr_vm_lib_container/generational_pool.h:97	定义模块边界使用的状态或协议数据	字段关系与有效期由创建及释放路径约束	zr_vm_lib_container/include/zr_vm_lib_container/generational_pool.h:53;tests/container/test_generational_pool_performance_matrix.c:55	commented	公开声明已补充生命周期、同步或回调约束
zr_vm_lib_container/include/zr_vm_lib_container/generational_pool.h	SZrPoolHandle	type	tests/container/test_generational_pool.c:687;tests/container/test_generational_pool.c:688;tests/container/test_generational_pool.c:749;tests/container/test_generational_pool.c:790;tests/container/test_generational_pool.c:819;其余44处已扫描	保存跨调用传递的池弱句柄身份	字段关系与有效期由创建及释放路径约束	zr_vm_lib_container/include/zr_vm_lib_container/generational_pool.h:59;tests/container/test_generational_pool.c:687	commented	新增宏观契约注释，说明调用目的、所有权或时序
zr_vm_lib_container/include/zr_vm_lib_container/generational_pool.h	FZrPoolInitialize	type	zr_vm_lib_container/include/zr_vm_lib_container/generational_pool.h:84	定义池生命周期回调与调用方之间的函数指针契约	字段关系与有效期由创建及释放路径约束	zr_vm_lib_container/include/zr_vm_lib_container/generational_pool.h:66;zr_vm_lib_container/include/zr_vm_lib_container/generational_pool.h:84	commented	公开声明已补充生命周期、同步或回调约束
zr_vm_lib_container/include/zr_vm_lib_container/generational_pool.h	FZrPoolAbortInitialize	type	zr_vm_lib_container/include/zr_vm_lib_container/generational_pool.h:85	定义池生命周期回调与调用方之间的函数指针契约	字段关系与有效期由创建及释放路径约束	zr_vm_lib_container/include/zr_vm_lib_container/generational_pool.h:71;zr_vm_lib_container/include/zr_vm_lib_container/generational_pool.h:85	commented	公开声明已补充生命周期、同步或回调约束
zr_vm_lib_container/include/zr_vm_lib_container/generational_pool.h	FZrPoolDrop	type	zr_vm_lib_container/include/zr_vm_lib_container/generational_pool.h:86	定义池生命周期回调与调用方之间的函数指针契约	字段关系与有效期由创建及释放路径约束	zr_vm_lib_container/include/zr_vm_lib_container/generational_pool.h:73;zr_vm_lib_container/include/zr_vm_lib_container/generational_pool.h:86	commented	公开声明已补充生命周期、同步或回调约束
zr_vm_lib_container/include/zr_vm_lib_container/generational_pool.h	FZrPoolScan	type	zr_vm_lib_container/include/zr_vm_lib_container/generational_pool.h:87	定义池生命周期回调与调用方之间的函数指针契约	字段关系与有效期由创建及释放路径约束	zr_vm_lib_container/include/zr_vm_lib_container/generational_pool.h:75;zr_vm_lib_container/include/zr_vm_lib_container/generational_pool.h:87	commented	公开声明已补充生命周期、同步或回调约束
zr_vm_lib_container/include/zr_vm_lib_container/generational_pool.h	SZrPoolTypeLayout	type	tests/container/test_generational_pool.c:80;tests/container/test_generational_pool.c:84;tests/container/test_generational_pool.c:682;tests/container/test_generational_pool.c:745;tests/container/test_generational_pool.c:786;其余21处已扫描	描述元素或规范类型布局及其所有权	字段关系与有效期由创建及释放路径约束	zr_vm_lib_container/include/zr_vm_lib_container/generational_pool.h:80;tests/container/test_generational_pool.c:80	commented	新增宏观契约注释，说明调用目的、所有权或时序
zr_vm_lib_container/include/zr_vm_lib_container/generational_pool.h	SZrPoolConfig	type	tests/container/test_generational_pool.c:99;tests/container/test_generational_pool.c:100;tests/container/test_generational_pool.c:684;tests/container/test_generational_pool.c:747;tests/container/test_generational_pool.c:788;其余29处已扫描	定义模块边界使用的状态或协议数据	字段关系与有效期由创建及释放路径约束	zr_vm_lib_container/include/zr_vm_lib_container/generational_pool.h:94;tests/container/test_generational_pool.c:99	commented	新增宏观契约注释，说明调用目的、所有权或时序
zr_vm_lib_container/include/zr_vm_lib_container/generational_pool.h	SZrPoolGuard	type	tests/container/test_generational_pool.c:689;tests/container/test_generational_pool.c:716;tests/container/test_generational_pool.c:750;tests/container/test_generational_pool.c:751;tests/container/test_generational_pool.c:752;其余24处已扫描	保存受生命周期约束的池借用状态	字段关系与有效期由创建及释放路径约束	zr_vm_lib_container/include/zr_vm_lib_container/generational_pool.h:103;tests/container/test_generational_pool.c:689	commented	新增宏观契约注释，说明调用目的、所有权或时序
zr_vm_lib_container/include/zr_vm_lib_container/generational_pool.h	SZrPoolStats	type	tests/container/test_generational_pool.c:822;tests/container/test_generational_pool.c:871;tests/container/test_generational_pool.c:917;tests/container/test_generational_pool.c:1022;tests/container/test_generational_pool_gc_stress.c:91;其余14处已扫描	定义模块边界使用的状态或协议数据	字段关系与有效期由创建及释放路径约束	zr_vm_lib_container/include/zr_vm_lib_container/generational_pool.h:113;tests/container/test_generational_pool.c:822	commented	公开声明已补充生命周期、同步或回调约束
zr_vm_lib_container/include/zr_vm_lib_container/generational_pool.h	ZrPool_Create	function	tests/container/test_generational_pool.c:694;tests/container/test_generational_pool.c:696;tests/container/test_generational_pool.c:756;tests/container/test_generational_pool.c:795;tests/container/test_generational_pool.c:829;其余13处已扫描	支撑池的协调调用链	池状态与句柄代数校验;线程本地模式由调用方串行化	zr_vm_lib_container/include/zr_vm_lib_container/generational_pool.h:142;tests/container/test_generational_pool.c:694	commented	新增宏观契约注释，说明调用目的、所有权或时序
zr_vm_lib_container/include/zr_vm_lib_container/generational_pool.h	ZrPool_CreateFromTypeLayout	function	tests/container/test_generational_pool_type_layout.c:92;tests/container/test_generational_pool_type_layout.c:141;tests/container/test_generational_pool_type_layout.c:214;tests/container/test_generational_pool_type_layout.c:232;tests/container/test_generational_pool_type_layout.c:262;其余11处已扫描	将核心类型布局适配为稳定槽位池	池状态与句柄代数校验;线程本地模式由调用方串行化	zr_vm_lib_container/include/zr_vm_lib_container/generational_pool.h:151;tests/container/test_generational_pool_type_layout.c:92	commented	新增宏观契约注释，说明调用目的、所有权或时序
zr_vm_lib_container/include/zr_vm_lib_container/generational_pool.h	ZrPool_Destroy	function	tests/container/test_generational_pool.c:736;tests/container/test_generational_pool.c:737;tests/container/test_generational_pool.c:781;tests/container/test_generational_pool.c:800;tests/container/test_generational_pool.c:809;其余25处已扫描	退役全部槽位并在借用结束后释放池	池状态与句柄代数校验;线程本地模式由调用方串行化	zr_vm_lib_container/include/zr_vm_lib_container/generational_pool.h:163;tests/container/test_generational_pool.c:736	commented	新增宏观契约注释，说明调用目的、所有权或时序
zr_vm_lib_container/include/zr_vm_lib_container/generational_pool.h	ZrPool_Deliver	function	tests/container/test_generational_pool.c:698;tests/container/test_generational_pool.c:727;tests/container/test_generational_pool.c:758;tests/container/test_generational_pool.c:797;tests/container/test_generational_pool.c:832;其余23处已扫描	支撑池的协调调用链	池状态与句柄代数校验;线程本地模式由调用方串行化	zr_vm_lib_container/include/zr_vm_lib_container/generational_pool.h:169;tests/container/test_generational_pool.c:698	commented	新增宏观契约注释，说明调用目的、所有权或时序
zr_vm_lib_container/include/zr_vm_lib_container/generational_pool.h	ZrPool_Recycle	function	tests/container/test_generational_pool.c:709;tests/container/test_generational_pool.c:734;tests/container/test_generational_pool.c:838;tests/container/test_generational_pool.c:843;tests/container/test_generational_pool.c:935;其余11处已扫描	使弱句柄失效并延后析构仍被借用的实体	池状态与句柄代数校验;线程本地模式由调用方串行化	zr_vm_lib_container/include/zr_vm_lib_container/generational_pool.h:175;tests/container/test_generational_pool.c:709	commented	新增宏观契约注释，说明调用目的、所有权或时序
zr_vm_lib_container/include/zr_vm_lib_container/generational_pool.h	ZrPool_Validate	function	tests/container/test_generational_pool.c:701;tests/container/test_generational_pool.c:711;tests/container/test_generational_pool.c:732;tests/container/test_generational_pool.c:803;tests/container/test_generational_pool.c:849;其余6处已扫描	支撑池的协调调用链	池状态与句柄代数校验;线程本地模式由调用方串行化	zr_vm_lib_container/include/zr_vm_lib_container/generational_pool.h:180;tests/container/test_generational_pool.c:701	commented	新增宏观契约注释，说明调用目的、所有权或时序
zr_vm_lib_container/include/zr_vm_lib_container/generational_pool.h	ZrPool_TryRead	function	tests/container/test_generational_pool.c:703;tests/container/test_generational_pool.c:719;tests/container/test_generational_pool.c:760;tests/container/test_generational_pool.c:762;tests/container/test_generational_pool.c:774;其余5处已扫描	支撑池的协调调用链	池状态与句柄代数校验;线程本地模式由调用方串行化	zr_vm_lib_container/include/zr_vm_lib_container/generational_pool.h:185;tests/container/test_generational_pool.c:703	commented	新增宏观契约注释，说明调用目的、所有权或时序
zr_vm_lib_container/include/zr_vm_lib_container/generational_pool.h	ZrPool_TryBorrow	function	tests/container/test_generational_pool.c:765;tests/container/test_generational_pool.c:771;tests/container/test_generational_pool.c:799;tests/container/test_generational_pool.c:965;tests/container/test_generational_pool_gc_stress.c:187;其余2处已扫描	支撑池的协调调用链	池状态与句柄代数校验;线程本地模式由调用方串行化	zr_vm_lib_container/include/zr_vm_lib_container/generational_pool.h:191;tests/container/test_generational_pool.c:765	commented	新增宏观契约注释，说明调用目的、所有权或时序
zr_vm_lib_container/include/zr_vm_lib_container/generational_pool.h	ZrPoolGuard_Value	function	tests/container/test_generational_pool.c:775;tests/container/test_generational_pool.c:805;tests/container/test_generational_pool.c:970;tests/container/test_generational_pool_gc_stress.c:188;tests/container/test_generational_pool_gc_stress.c:243;其余1处已扫描	支撑池的协调调用链	池状态与句柄代数校验;线程本地模式由调用方串行化	zr_vm_lib_container/include/zr_vm_lib_container/generational_pool.h:197;tests/container/test_generational_pool.c:775	commented	新增宏观契约注释，说明调用目的、所有权或时序
zr_vm_lib_container/include/zr_vm_lib_container/generational_pool.h	ZrPoolGuard_ReadOnlyValue	function	tests/container/test_generational_pool.c:706;tests/container/test_generational_pool.c:714;tests/container/test_generational_pool.c:887;tests/container/test_generational_pool.c:980;zr_vm_lib_container/src/zr_vm_lib_container/generational_pool.c:670;其余1处已扫描	支撑池的协调调用链	池状态与句柄代数校验;线程本地模式由调用方串行化	zr_vm_lib_container/include/zr_vm_lib_container/generational_pool.h:200;tests/container/test_generational_pool.c:706	commented	新增宏观契约注释，说明调用目的、所有权或时序
zr_vm_lib_container/include/zr_vm_lib_container/generational_pool.h	ZrPoolGuard_Release	function	tests/container/test_generational_pool.c:724;tests/container/test_generational_pool.c:767;tests/container/test_generational_pool.c:769;tests/container/test_generational_pool.c:777;tests/container/test_generational_pool.c:779;其余10处已扫描	支撑池的协调调用链	池状态与句柄代数校验;线程本地模式由调用方串行化	zr_vm_lib_container/include/zr_vm_lib_container/generational_pool.h:204;tests/container/test_generational_pool.c:724	commented	新增宏观契约注释，说明调用目的、所有权或时序
zr_vm_lib_container/include/zr_vm_lib_container/generational_pool.h	ZrPool_Scan	function	tests/container/test_generational_pool.c:857;tests/container/test_generational_pool.c:892;tests/container/test_generational_pool_gc_stress.c:176;tests/container/test_generational_pool_gc_stress.c:181;tests/container/test_generational_pool_gc_stress.c:191;其余7处已扫描	支撑池的协调调用链	池状态与句柄代数校验;线程本地模式由调用方串行化	zr_vm_lib_container/include/zr_vm_lib_container/generational_pool.h:210;tests/container/test_generational_pool.c:857	commented	新增宏观契约注释，说明调用目的、所有权或时序
zr_vm_lib_container/include/zr_vm_lib_container/generational_pool.h	ZrPool_TraceGcValues	function	tests/container/test_generational_pool_type_layout.c:157;tests/container/test_generational_pool_type_layout.c:184;tests/container/test_generational_pool_type_layout.c:196;zr_vm_lib_container/src/zr_vm_lib_container/pooling_generational_runtime.c:169	支撑池的协调调用链	池状态与句柄代数校验;线程本地模式由调用方串行化	zr_vm_lib_container/include/zr_vm_lib_container/generational_pool.h:218;tests/container/test_generational_pool_type_layout.c:157	commented	新增宏观契约注释，说明调用目的、所有权或时序
zr_vm_lib_container/include/zr_vm_lib_container/generational_pool.h	ZrPool_GetStats	function	tests/container/test_generational_pool.c:852;tests/container/test_generational_pool.c:897;tests/container/test_generational_pool.c:941;tests/container/test_generational_pool.c:1081;tests/container/test_generational_pool_gc_stress.c:113;其余11处已扫描	支撑池的协调调用链	池状态与句柄代数校验;线程本地模式由调用方串行化	zr_vm_lib_container/include/zr_vm_lib_container/generational_pool.h:226;tests/container/test_generational_pool.c:852	commented	新增宏观契约注释，说明调用目的、所有权或时序
zr_vm_lib_container/include/zr_vm_lib_container/generational_pool.h	ZrPool_StatusName	function	未发现其他文本引用;见定义或描述符	支撑池的协调调用链	池状态与句柄代数校验;线程本地模式由调用方串行化	zr_vm_lib_container/include/zr_vm_lib_container/generational_pool.h:231	commented	新增宏观契约注释，说明调用目的、所有权或时序
zr_vm_lib_container/include/zr_vm_lib_container/module.h	ZrVmLibContainerDebugHotMapLookupStats	type	tests/container/test_container_runtime.c:1438;zr_vm_lib_container/include/zr_vm_lib_container/module.h:15;zr_vm_lib_container/include/zr_vm_lib_container/module.h:28;zr_vm_lib_container/src/zr_vm_lib_container/module.c:81;zr_vm_lib_container/src/zr_vm_lib_container/module.c:117;其余1处已扫描	定义模块边界使用的状态或协议数据	字段关系与有效期由创建及释放路径约束	zr_vm_lib_container/include/zr_vm_lib_container/module.h:11;tests/container/test_container_runtime.c:1438	commented	新增宏观契约注释，说明调用目的、所有权或时序
zr_vm_lib_container/include/zr_vm_lib_container/module.h	ZrVmLibContainer_GetModuleDescriptor	function	zr_vm_lib_container/src/zr_vm_lib_container/module.c:4294	支撑模块的协调调用链	由描述符或注册入口调用;状态检查见当前实现	zr_vm_lib_container/include/zr_vm_lib_container/module.h:18;zr_vm_lib_container/src/zr_vm_lib_container/module.c:4294	commented	新增宏观契约注释，说明调用目的、所有权或时序
zr_vm_lib_container/include/zr_vm_lib_container/module.h	ZrVmLibContainer_GetPoolingModuleDescriptor	function	tests/container/test_generational_pool.c:146;tests/container/test_generational_pool_artifact.c:183;tests/container/test_generational_pool_artifact.c:272;tests/container/test_generational_pool_artifact.c:302;tests/container/test_pooling_closed_type_runtime.c:20	支撑模块的协调调用链	由描述符或注册入口调用;状态检查见当前实现	zr_vm_lib_container/include/zr_vm_lib_container/module.h:20;tests/container/test_generational_pool.c:146	commented	新增宏观契约注释，说明调用目的、所有权或时序
zr_vm_lib_container/include/zr_vm_lib_container/module.h	ZrVmLibContainer_Register	function	tests/container/container_test_common.c:58;zr_vm_aot/tests/parser/test_execbc_aot_pipeline.c:2994;zr_vm_aot/tests/parser/test_execbc_aot_pipeline.c:3141;zr_vm_aot/tests/parser/test_execbc_aot_pipeline.c:3315;zr_vm_aot/tests/parser/test_execbc_aot_pipeline.c:3761;其余11处已扫描	在 CLI 和测试环境中按依赖顺序注册迭代、容器与池模块	由描述符或注册入口调用;状态检查见当前实现	zr_vm_lib_container/include/zr_vm_lib_container/module.h:24;tests/container/container_test_common.c:58	commented	新增宏观契约注释，说明调用目的、所有权或时序
zr_vm_lib_container/include/zr_vm_lib_container/module.h	ZrVmLibContainer_Debug_ResetHotMapLookupStats	function	tests/container/test_container_runtime.c:1472	支撑模块的协调调用链	由描述符或注册入口调用;状态检查见当前实现	zr_vm_lib_container/include/zr_vm_lib_container/module.h:26;tests/container/test_container_runtime.c:1472	commented	新增宏观契约注释，说明调用目的、所有权或时序
zr_vm_lib_container/include/zr_vm_lib_container/module.h	ZrVmLibContainer_Debug_GetHotMapLookupStats	function	tests/container/test_container_runtime.c:1476	支撑模块的协调调用链	由描述符或注册入口调用;状态检查见当前实现	zr_vm_lib_container/include/zr_vm_lib_container/module.h:28;tests/container/test_container_runtime.c:1476	commented	新增宏观契约注释，说明调用目的、所有权或时序
zr_vm_lib_container/include/zr_vm_lib_container/module.h	ZrVm_GetNativeModule_v1	function	zr_vm_library/src/zr_vm_library/native_binding/native_binding_registry_plugin.c:351;zr_vm_library/src/zr_vm_library/native_binding/native_binding_registry_plugin.c:355	支撑模块的协调调用链	由本文件调用方提供有效状态	zr_vm_lib_container/include/zr_vm_lib_container/module.h:32;zr_vm_library/src/zr_vm_library/native_binding/native_binding_registry_plugin.c:351	commented	新增宏观契约注释，说明调用目的、所有权或时序
zr_vm_lib_container/src/zr_vm_lib_container/contiguous_view.c	kViewSourceField	state	zr_vm_lib_container/src/zr_vm_lib_container/contiguous_view.c:79;zr_vm_lib_container/src/zr_vm_lib_container/contiguous_view.c:84;zr_vm_lib_container/src/zr_vm_lib_container/contiguous_view.c:153	保持原生回调与语言层对象字段名称一致	仅在所属模块或注册生命周期内使用	zr_vm_lib_container/src/zr_vm_lib_container/contiguous_view.c:14;zr_vm_lib_container/src/zr_vm_lib_container/contiguous_view.c:79	no-comment	名称、相邻类型描述符或已注释调用边界足以说明职责，无额外长期契约
zr_vm_lib_container/src/zr_vm_lib_container/contiguous_view.c	kViewStartField	state	zr_vm_lib_container/src/zr_vm_lib_container/contiguous_view.c:89;zr_vm_lib_container/src/zr_vm_lib_container/contiguous_view.c:145	保持原生回调与语言层对象字段名称一致	仅在所属模块或注册生命周期内使用	zr_vm_lib_container/src/zr_vm_lib_container/contiguous_view.c:15;zr_vm_lib_container/src/zr_vm_lib_container/contiguous_view.c:89	no-comment	名称、相邻类型描述符或已注释调用边界足以说明职责，无额外长期契约
zr_vm_lib_container/src/zr_vm_lib_container/contiguous_view.c	kViewLengthField	state	zr_vm_lib_container/src/zr_vm_lib_container/contiguous_view.c:91;zr_vm_lib_container/src/zr_vm_lib_container/contiguous_view.c:147;zr_vm_lib_container/src/zr_vm_lib_container/contiguous_view.c:196;zr_vm_lib_container/src/zr_vm_lib_container/contiguous_view.c:200	保持原生回调与语言层对象字段名称一致	仅在所属模块或注册生命周期内使用	zr_vm_lib_container/src/zr_vm_lib_container/contiguous_view.c:16;zr_vm_lib_container/src/zr_vm_lib_container/contiguous_view.c:91	no-comment	名称、相邻类型描述符或已注释调用边界足以说明职责，无额外长期契约
zr_vm_lib_container/src/zr_vm_lib_container/contiguous_view.c	contiguous_view_context_object	function	zr_vm_lib_container/src/zr_vm_lib_container/contiguous_view.c:142;zr_vm_lib_container/src/zr_vm_lib_container/contiguous_view.c:191;zr_vm_lib_container/src/zr_vm_lib_container/contiguous_view.c:225	支撑视图的协调调用链	由本文件调用方提供有效状态	zr_vm_lib_container/src/zr_vm_lib_container/contiguous_view.c:18;zr_vm_lib_container/src/zr_vm_lib_container/contiguous_view.c:142	no-comment	名称、相邻类型描述符或已注释调用边界足以说明职责，无额外长期契约
zr_vm_lib_container/src/zr_vm_lib_container/contiguous_view.c	contiguous_view_read_int_field	function	zr_vm_lib_container/src/zr_vm_lib_container/contiguous_view.c:144;zr_vm_lib_container/src/zr_vm_lib_container/contiguous_view.c:146;zr_vm_lib_container/src/zr_vm_lib_container/contiguous_view.c:199	支撑视图的读取调用链	由本文件调用方提供有效状态	zr_vm_lib_container/src/zr_vm_lib_container/contiguous_view.c:36;zr_vm_lib_container/src/zr_vm_lib_container/contiguous_view.c:144	no-comment	名称、相邻类型描述符或已注释调用边界足以说明职责，无额外长期契约
zr_vm_lib_container/src/zr_vm_lib_container/contiguous_view.c	contiguous_view_store	function	zr_vm_lib_container/src/zr_vm_lib_container/contiguous_view.c:114;zr_vm_lib_container/src/zr_vm_lib_container/contiguous_view.c:233	支撑视图的协调调用链	由本文件调用方提供有效状态	zr_vm_lib_container/src/zr_vm_lib_container/contiguous_view.c:64;zr_vm_lib_container/src/zr_vm_lib_container/contiguous_view.c:114	commented	新增宏观契约注释，说明调用目的、所有权或时序
zr_vm_lib_container/src/zr_vm_lib_container/contiguous_view.c	contiguous_view_new	function	zr_vm_lib_container/src/zr_vm_lib_container/contiguous_view.c:205;zr_vm_lib_container/src/zr_vm_lib_container/contiguous_view.c:231;zr_vm_lib_container/src/zr_vm_lib_container/contiguous_view.c:272;zr_vm_lib_container/src/zr_vm_lib_container/contiguous_view.c:302	支撑视图的创建调用链	由本文件调用方提供有效状态	zr_vm_lib_container/src/zr_vm_lib_container/contiguous_view.c:95;zr_vm_lib_container/src/zr_vm_lib_container/contiguous_view.c:205	no-comment	名称、相邻类型描述符或已注释调用边界足以说明职责，无额外长期契约
zr_vm_lib_container/src/zr_vm_lib_container/contiguous_view.c	contiguous_view_read_state	function	zr_vm_lib_container/src/zr_vm_lib_container/contiguous_view.c:257;zr_vm_lib_container/src/zr_vm_lib_container/contiguous_view.c:297;zr_vm_lib_container/src/zr_vm_lib_container/contiguous_view.c:330;zr_vm_lib_container/src/zr_vm_lib_container/contiguous_view.c:364	支撑视图的读取调用链	由本文件调用方提供有效状态	zr_vm_lib_container/src/zr_vm_lib_container/contiguous_view.c:122;zr_vm_lib_container/src/zr_vm_lib_container/contiguous_view.c:257	commented	新增宏观契约注释，说明调用目的、所有权或时序
zr_vm_lib_container/src/zr_vm_lib_container/contiguous_view.c	contiguous_view_checked_absolute_index	function	zr_vm_lib_container/src/zr_vm_lib_container/contiguous_view.c:335;zr_vm_lib_container/src/zr_vm_lib_container/contiguous_view.c:373	支撑视图的协调调用链	由本文件调用方提供有效状态	zr_vm_lib_container/src/zr_vm_lib_container/contiguous_view.c:163;zr_vm_lib_container/src/zr_vm_lib_container/contiguous_view.c:335	no-comment	名称、相邻类型描述符或已注释调用边界足以说明职责，无额外长期契约
zr_vm_lib_container/src/zr_vm_lib_container/contiguous_view.c	ZrVmLibContainer_ContiguousView_FromArray	function	zr_vm_lib_container/src/zr_vm_lib_container/module.c:3974	支撑视图的协调调用链	由描述符或注册入口调用;状态检查见当前实现	zr_vm_lib_container/src/zr_vm_lib_container/contiguous_view.c:178;zr_vm_lib_container/src/zr_vm_lib_container/module.c:3974	no-comment	名称、相邻类型描述符或已注释调用边界足以说明职责，无额外长期契约
zr_vm_lib_container/src/zr_vm_lib_container/contiguous_view.c	ZrVmLibContainer_ContiguousView_Construct	function	zr_vm_lib_container/src/zr_vm_lib_container/module.c:4143;zr_vm_lib_container/src/zr_vm_lib_container/module.c:4155	支撑视图的协调调用链	由描述符或注册入口调用;状态检查见当前实现	zr_vm_lib_container/src/zr_vm_lib_container/contiguous_view.c:215;zr_vm_lib_container/src/zr_vm_lib_container/module.c:4143	no-comment	名称、相邻类型描述符或已注释调用边界足以说明职责，无额外长期契约
zr_vm_lib_container/src/zr_vm_lib_container/contiguous_view.c	ZrVmLibContainer_ContiguousView_Slice	function	zr_vm_lib_container/src/zr_vm_lib_container/module.c:4124;zr_vm_lib_container/src/zr_vm_lib_container/module.c:4136	支撑视图的协调调用链	由描述符或注册入口调用;状态检查见当前实现	zr_vm_lib_container/src/zr_vm_lib_container/contiguous_view.c:245;zr_vm_lib_container/src/zr_vm_lib_container/module.c:4124	no-comment	名称、相邻类型描述符或已注释调用边界足以说明职责，无额外长期契约
zr_vm_lib_container/src/zr_vm_lib_container/contiguous_view.c	ZrVmLibContainer_ContiguousView_AsReadOnly	function	zr_vm_lib_container/src/zr_vm_lib_container/module.c:4129	支撑视图的协调调用链	由描述符或注册入口调用;状态检查见当前实现	zr_vm_lib_container/src/zr_vm_lib_container/contiguous_view.c:287;zr_vm_lib_container/src/zr_vm_lib_container/module.c:4129	no-comment	名称、相邻类型描述符或已注释调用边界足以说明职责，无额外长期契约
zr_vm_lib_container/src/zr_vm_lib_container/contiguous_view.c	ZrVmLibContainer_ContiguousView_GetItem	function	zr_vm_lib_container/src/zr_vm_lib_container/module.c:4145;zr_vm_lib_container/src/zr_vm_lib_container/module.c:4157	支撑视图的协调调用链	由描述符或注册入口调用;状态检查见当前实现	zr_vm_lib_container/src/zr_vm_lib_container/contiguous_view.c:318;zr_vm_lib_container/src/zr_vm_lib_container/module.c:4145	commented	新增宏观契约注释，说明调用目的、所有权或时序
zr_vm_lib_container/src/zr_vm_lib_container/contiguous_view.c	ZrVmLibContainer_ContiguousView_SetItem	function	zr_vm_lib_container/src/zr_vm_lib_container/module.c:4149	支撑视图的协调调用链	由描述符或注册入口调用;状态检查见当前实现	zr_vm_lib_container/src/zr_vm_lib_container/contiguous_view.c:351;zr_vm_lib_container/src/zr_vm_lib_container/module.c:4149	no-comment	名称、相邻类型描述符或已注释调用边界足以说明职责，无额外长期契约
zr_vm_lib_container/src/zr_vm_lib_container/contiguous_view.h	ZrVmLibContainer_ContiguousView_FromArray	function	zr_vm_lib_container/src/zr_vm_lib_container/module.c:3974	支撑视图的协调调用链	由描述符或注册入口调用;状态检查见当前实现	zr_vm_lib_container/src/zr_vm_lib_container/contiguous_view.h:11;zr_vm_lib_container/src/zr_vm_lib_container/module.c:3974	commented	新增宏观契约注释，说明调用目的、所有权或时序
zr_vm_lib_container/src/zr_vm_lib_container/contiguous_view.h	ZrVmLibContainer_ContiguousView_Construct	function	zr_vm_lib_container/src/zr_vm_lib_container/module.c:4143;zr_vm_lib_container/src/zr_vm_lib_container/module.c:4155	支撑视图的协调调用链	由描述符或注册入口调用;状态检查见当前实现	zr_vm_lib_container/src/zr_vm_lib_container/contiguous_view.h:15;zr_vm_lib_container/src/zr_vm_lib_container/module.c:4143	commented	新增宏观契约注释，说明调用目的、所有权或时序
zr_vm_lib_container/src/zr_vm_lib_container/contiguous_view.h	ZrVmLibContainer_ContiguousView_Slice	function	zr_vm_lib_container/src/zr_vm_lib_container/module.c:4124;zr_vm_lib_container/src/zr_vm_lib_container/module.c:4136	支撑视图的协调调用链	由描述符或注册入口调用;状态检查见当前实现	zr_vm_lib_container/src/zr_vm_lib_container/contiguous_view.h:19;zr_vm_lib_container/src/zr_vm_lib_container/module.c:4124	commented	新增宏观契约注释，说明调用目的、所有权或时序
zr_vm_lib_container/src/zr_vm_lib_container/contiguous_view.h	ZrVmLibContainer_ContiguousView_AsReadOnly	function	zr_vm_lib_container/src/zr_vm_lib_container/module.c:4129	支撑视图的协调调用链	由描述符或注册入口调用;状态检查见当前实现	zr_vm_lib_container/src/zr_vm_lib_container/contiguous_view.h:23;zr_vm_lib_container/src/zr_vm_lib_container/module.c:4129	commented	新增宏观契约注释，说明调用目的、所有权或时序
zr_vm_lib_container/src/zr_vm_lib_container/contiguous_view.h	ZrVmLibContainer_ContiguousView_GetItem	function	zr_vm_lib_container/src/zr_vm_lib_container/module.c:4145;zr_vm_lib_container/src/zr_vm_lib_container/module.c:4157	支撑视图的协调调用链	由描述符或注册入口调用;状态检查见当前实现	zr_vm_lib_container/src/zr_vm_lib_container/contiguous_view.h:27;zr_vm_lib_container/src/zr_vm_lib_container/module.c:4145	commented	新增宏观契约注释，说明调用目的、所有权或时序
zr_vm_lib_container/src/zr_vm_lib_container/contiguous_view.h	ZrVmLibContainer_ContiguousView_SetItem	function	zr_vm_lib_container/src/zr_vm_lib_container/module.c:4149	支撑视图的协调调用链	由描述符或注册入口调用;状态检查见当前实现	zr_vm_lib_container/src/zr_vm_lib_container/contiguous_view.h:31;zr_vm_lib_container/src/zr_vm_lib_container/module.c:4149	commented	新增宏观契约注释，说明调用目的、所有权或时序
zr_vm_lib_container/src/zr_vm_lib_container/generational_pool.c	ZR_POOL_NO_SLOT	macro	zr_vm_lib_container/src/zr_vm_lib_container/generational_pool.c:317;zr_vm_lib_container/src/zr_vm_lib_container/generational_pool.c:369;zr_vm_lib_container/src/zr_vm_lib_container/generational_pool.c:455;zr_vm_lib_container/src/zr_vm_lib_container/generational_pool.c:468	为模块共享契约提供编译期标识或配置	由编译期定义;调用处不修改	zr_vm_lib_container/src/zr_vm_lib_container/generational_pool.c:12;zr_vm_lib_container/src/zr_vm_lib_container/generational_pool.c:317	no-comment	名称、相邻类型描述符或已注释调用边界足以说明职责，无额外长期契约
zr_vm_lib_container/src/zr_vm_lib_container/generational_pool.c	ZR_POOL_DEFAULT_SLAB_CAPACITY	macro	zr_vm_lib_container/src/zr_vm_lib_container/generational_pool.c:352	为模块共享契约提供编译期标识或配置	由编译期定义;调用处不修改	zr_vm_lib_container/src/zr_vm_lib_container/generational_pool.c:13;zr_vm_lib_container/src/zr_vm_lib_container/generational_pool.c:352	no-comment	名称、相邻类型描述符或已注释调用边界足以说明职责，无额外长期契约
zr_vm_lib_container/src/zr_vm_lib_container/generational_pool.c	gNextPoolId	state	zr_vm_lib_container/src/zr_vm_lib_container/generational_pool.c:371;zr_vm_lib_container/src/zr_vm_lib_container/generational_pool.c:376	维持进程内池身份分配的同步状态	仅在所属模块或注册生命周期内使用	zr_vm_lib_container/src/zr_vm_lib_container/generational_pool.c:15;zr_vm_lib_container/src/zr_vm_lib_container/generational_pool.c:371	commented	新增宏观契约注释，说明调用目的、所有权或时序
zr_vm_lib_container/src/zr_vm_lib_container/generational_pool.c	gPoolIdLockWord	state	zr_vm_lib_container/src/zr_vm_lib_container/generational_pool.c:370;zr_vm_lib_container/src/zr_vm_lib_container/generational_pool.c:372;zr_vm_lib_container/src/zr_vm_lib_container/generational_pool.c:377	维持进程内池身份分配的同步状态	仅在所属模块或注册生命周期内使用	zr_vm_lib_container/src/zr_vm_lib_container/generational_pool.c:16;zr_vm_lib_container/src/zr_vm_lib_container/generational_pool.c:370	commented	新增宏观契约注释，说明调用目的、所有权或时序
zr_vm_lib_container/src/zr_vm_lib_container/generational_pool.c	zr_pool_lock_word	function	zr_vm_lib_container/src/zr_vm_lib_container/generational_pool.c:49;zr_vm_lib_container/src/zr_vm_lib_container/generational_pool.c:370	支撑池的协调调用链	池状态与句柄代数校验;线程本地模式由调用方串行化	zr_vm_lib_container/src/zr_vm_lib_container/generational_pool.c:19;zr_vm_lib_container/src/zr_vm_lib_container/generational_pool.c:49	commented	新增宏观契约注释，说明调用目的、所有权或时序
zr_vm_lib_container/src/zr_vm_lib_container/generational_pool.c	zr_pool_unlock_word	function	zr_vm_lib_container/src/zr_vm_lib_container/generational_pool.c:56;zr_vm_lib_container/src/zr_vm_lib_container/generational_pool.c:372;zr_vm_lib_container/src/zr_vm_lib_container/generational_pool.c:377	支撑池的协调调用链	池状态与句柄代数校验;线程本地模式由调用方串行化	zr_vm_lib_container/src/zr_vm_lib_container/generational_pool.c:35;zr_vm_lib_container/src/zr_vm_lib_container/generational_pool.c:56	no-comment	名称、相邻类型描述符或已注释调用边界足以说明职责，无额外长期契约
zr_vm_lib_container/src/zr_vm_lib_container/generational_pool.c	zr_pool_lock	function	zr_vm_lib_container/src/zr_vm_lib_container/generational_pool.c:398;zr_vm_lib_container/src/zr_vm_lib_container/generational_pool.c:514;zr_vm_lib_container/src/zr_vm_lib_container/generational_pool.c:551;zr_vm_lib_container/src/zr_vm_lib_container/generational_pool.c:574;zr_vm_lib_container/src/zr_vm_lib_container/generational_pool.c:634;其余5处已扫描	支撑池的协调调用链	并发或回调重入支持范围尚待确认	zr_vm_lib_container/src/zr_vm_lib_container/generational_pool.c:46;zr_vm_lib_container/src/zr_vm_lib_container/generational_pool.c:398	TODO	当前实现存在待确认的并发/重入契约;已在源码标注核查入口
zr_vm_lib_container/src/zr_vm_lib_container/generational_pool.c	zr_pool_unlock	function	zr_vm_lib_container/src/zr_vm_lib_container/generational_pool.c:420;zr_vm_lib_container/src/zr_vm_lib_container/generational_pool.c:423;zr_vm_lib_container/src/zr_vm_lib_container/generational_pool.c:516;zr_vm_lib_container/src/zr_vm_lib_container/generational_pool.c:553;zr_vm_lib_container/src/zr_vm_lib_container/generational_pool.c:576;其余6处已扫描	支撑池的协调调用链	池状态与句柄代数校验;线程本地模式由调用方串行化	zr_vm_lib_container/src/zr_vm_lib_container/generational_pool.c:53;zr_vm_lib_container/src/zr_vm_lib_container/generational_pool.c:420	no-comment	名称、相邻类型描述符或已注释调用边界足以说明职责，无额外长期契约
zr_vm_lib_container/src/zr_vm_lib_container/generational_pool.c	zr_pool_is_power_of_two	function	zr_vm_lib_container/src/zr_vm_lib_container/generational_pool.c:70;zr_vm_lib_container/src/zr_vm_lib_container/generational_pool.c:89;zr_vm_lib_container/src/zr_vm_lib_container/generational_pool.c:340	支撑池的协调调用链	池状态与句柄代数校验;线程本地模式由调用方串行化	zr_vm_lib_container/src/zr_vm_lib_container/generational_pool.c:60;zr_vm_lib_container/src/zr_vm_lib_container/generational_pool.c:70	no-comment	名称、相邻类型描述符或已注释调用边界足以说明职责，无额外长期契约
zr_vm_lib_container/src/zr_vm_lib_container/generational_pool.c	zr_pool_align_up	function	zr_vm_lib_container/src/zr_vm_lib_container/generational_pool.c:379	支撑池的协调调用链	池状态与句柄代数校验;线程本地模式由调用方串行化	zr_vm_lib_container/src/zr_vm_lib_container/generational_pool.c:64;zr_vm_lib_container/src/zr_vm_lib_container/generational_pool.c:379	no-comment	名称、相邻类型描述符或已注释调用边界足以说明职责，无额外长期契约
zr_vm_lib_container/src/zr_vm_lib_container/generational_pool.c	zr_pool_aligned_allocate	function	zr_vm_lib_container/src/zr_vm_lib_container/generational_pool.c:192	支撑池的协调调用链	池状态与句柄代数校验;线程本地模式由调用方串行化	zr_vm_lib_container/src/zr_vm_lib_container/generational_pool.c:81;zr_vm_lib_container/src/zr_vm_lib_container/generational_pool.c:192	no-comment	名称、相邻类型描述符或已注释调用边界足以说明职责，无额外长期契约
zr_vm_lib_container/src/zr_vm_lib_container/generational_pool.c	zr_pool_find_slot	function	zr_vm_lib_container/src/zr_vm_lib_container/generational_pool.c:277;zr_vm_lib_container/src/zr_vm_lib_container/generational_pool.c:462;zr_vm_lib_container/src/zr_vm_lib_container/generational_pool.c:684	支撑池的查找调用链	池状态与句柄代数校验;线程本地模式由调用方串行化	zr_vm_lib_container/src/zr_vm_lib_container/generational_pool.c:103;zr_vm_lib_container/src/zr_vm_lib_container/generational_pool.c:277	no-comment	名称、相邻类型描述符或已注释调用边界足以说明职责，无额外长期契约
zr_vm_lib_container/src/zr_vm_lib_container/generational_pool.c	zr_pool_slot_value	function	zr_vm_lib_container/src/zr_vm_lib_container/generational_pool.c:304;zr_vm_lib_container/src/zr_vm_lib_container/generational_pool.c:470;zr_vm_lib_container/src/zr_vm_lib_container/generational_pool.c:616	支撑池的协调调用链	池状态与句柄代数校验;线程本地模式由调用方串行化	zr_vm_lib_container/src/zr_vm_lib_container/generational_pool.c:132;zr_vm_lib_container/src/zr_vm_lib_container/generational_pool.c:304	no-comment	名称、相邻类型描述符或已注释调用边界足以说明职责，无额外长期契约
zr_vm_lib_container/src/zr_vm_lib_container/generational_pool.c	zr_pool_grow_slab_directory	function	zr_vm_lib_container/src/zr_vm_lib_container/generational_pool.c:181	支撑池的协调调用链	池状态与句柄代数校验;线程本地模式由调用方串行化	zr_vm_lib_container/src/zr_vm_lib_container/generational_pool.c:150;zr_vm_lib_container/src/zr_vm_lib_container/generational_pool.c:181	no-comment	名称、相邻类型描述符或已注释调用边界足以说明职责，无额外长期契约
zr_vm_lib_container/src/zr_vm_lib_container/generational_pool.c	zr_pool_add_slab	function	zr_vm_lib_container/src/zr_vm_lib_container/generational_pool.c:456	支撑池的添加调用链	池状态与句柄代数校验;线程本地模式由调用方串行化	zr_vm_lib_container/src/zr_vm_lib_container/generational_pool.c:176;zr_vm_lib_container/src/zr_vm_lib_container/generational_pool.c:456	no-comment	名称、相邻类型描述符或已注释调用边界足以说明职责，无额外长期契约
zr_vm_lib_container/src/zr_vm_lib_container/generational_pool.c	zr_pool_clear_handle	function	zr_vm_lib_container/src/zr_vm_lib_container/generational_pool.c:448;zr_vm_lib_container/src/zr_vm_lib_container/generational_pool.c:511	支撑池的清空调用链	池状态与句柄代数校验;线程本地模式由调用方串行化	zr_vm_lib_container/src/zr_vm_lib_container/generational_pool.c:220;zr_vm_lib_container/src/zr_vm_lib_container/generational_pool.c:448	no-comment	名称、相邻类型描述符或已注释调用边界足以说明职责，无额外长期契约
zr_vm_lib_container/src/zr_vm_lib_container/generational_pool.c	zr_pool_clear_guard	function	zr_vm_lib_container/src/zr_vm_lib_container/generational_pool.c:590;zr_vm_lib_container/src/zr_vm_lib_container/generational_pool.c:631;zr_vm_lib_container/src/zr_vm_lib_container/generational_pool.c:648;zr_vm_lib_container/src/zr_vm_lib_container/generational_pool.c:688;zr_vm_lib_container/src/zr_vm_lib_container/generational_pool.c:693;其余2处已扫描	支撑池的清空调用链	池状态与句柄代数校验;线程本地模式由调用方串行化	zr_vm_lib_container/src/zr_vm_lib_container/generational_pool.c:226;zr_vm_lib_container/src/zr_vm_lib_container/generational_pool.c:590	no-comment	名称、相邻类型描述符或已注释调用边界足以说明职责，无额外长期契约
zr_vm_lib_container/src/zr_vm_lib_container/generational_pool.c	zr_pool_mark_slot_dirty	function	zr_vm_lib_container/src/zr_vm_lib_container/generational_pool.c:491;zr_vm_lib_container/src/zr_vm_lib_container/generational_pool.c:613	支撑池的协调调用链	池状态与句柄代数校验;线程本地模式由调用方串行化	zr_vm_lib_container/src/zr_vm_lib_container/generational_pool.c:232;zr_vm_lib_container/src/zr_vm_lib_container/generational_pool.c:491	no-comment	名称、相邻类型描述符或已注释调用边界足以说明职责，无额外长期契约
zr_vm_lib_container/src/zr_vm_lib_container/generational_pool.c	zr_pool_clear_slot_dirty	function	zr_vm_lib_container/src/zr_vm_lib_container/generational_pool.c:313;zr_vm_lib_container/src/zr_vm_lib_container/generational_pool.c:769	支撑池的清空调用链	池状态与句柄代数校验;线程本地模式由调用方串行化	zr_vm_lib_container/src/zr_vm_lib_container/generational_pool.c:245;zr_vm_lib_container/src/zr_vm_lib_container/generational_pool.c:313	no-comment	名称、相邻类型描述符或已注释调用边界足以说明职责，无额外长期契约
zr_vm_lib_container/src/zr_vm_lib_container/generational_pool.c	zr_pool_validate_handle	function	zr_vm_lib_container/src/zr_vm_lib_container/generational_pool.c:533;zr_vm_lib_container/src/zr_vm_lib_container/generational_pool.c:563;zr_vm_lib_container/src/zr_vm_lib_container/generational_pool.c:597	支撑池的校验调用链	池状态与句柄代数校验;线程本地模式由调用方串行化	zr_vm_lib_container/src/zr_vm_lib_container/generational_pool.c:257;zr_vm_lib_container/src/zr_vm_lib_container/generational_pool.c:533	no-comment	名称、相邻类型描述符或已注释调用边界足以说明职责，无额外长期契约
zr_vm_lib_container/src/zr_vm_lib_container/generational_pool.c	zr_pool_reclaim	function	zr_vm_lib_container/src/zr_vm_lib_container/generational_pool.c:414;zr_vm_lib_container/src/zr_vm_lib_container/generational_pool.c:541;zr_vm_lib_container/src/zr_vm_lib_container/generational_pool.c:707	支撑池的协调调用链	池状态与句柄代数校验;线程本地模式由调用方串行化	zr_vm_lib_container/src/zr_vm_lib_container/generational_pool.c:292;zr_vm_lib_container/src/zr_vm_lib_container/generational_pool.c:414	commented	新增宏观契约注释，说明调用目的、所有权或时序
zr_vm_lib_container/src/zr_vm_lib_container/generational_pool.c	ZrPool_Create	function	tests/container/test_generational_pool.c:694;tests/container/test_generational_pool.c:696;tests/container/test_generational_pool.c:756;tests/container/test_generational_pool.c:795;tests/container/test_generational_pool.c:829;其余13处已扫描	支撑池的协调调用链	池状态与句柄代数校验;线程本地模式由调用方串行化	zr_vm_lib_container/src/zr_vm_lib_container/generational_pool.c:327;tests/container/test_generational_pool.c:694	no-comment	名称、相邻类型描述符或已注释调用边界足以说明职责，无额外长期契约
zr_vm_lib_container/src/zr_vm_lib_container/generational_pool.c	ZrPool_Destroy	function	tests/container/test_generational_pool.c:736;tests/container/test_generational_pool.c:737;tests/container/test_generational_pool.c:781;tests/container/test_generational_pool.c:800;tests/container/test_generational_pool.c:809;其余25处已扫描	退役全部槽位并在借用结束后释放池	池状态与句柄代数校验;线程本地模式由调用方串行化	zr_vm_lib_container/src/zr_vm_lib_container/generational_pool.c:391;tests/container/test_generational_pool.c:736	commented	新增宏观契约注释，说明调用目的、所有权或时序
zr_vm_lib_container/src/zr_vm_lib_container/generational_pool.c	ZrPool_Destroy::busy_guard	block	ZrPool_Destroy;ZrPoolGuard_Release	有借用时先退役实体并让调用方稍后重试销毁	POOL_BUSY 不释放池指针	zr_vm_lib_container/src/zr_vm_lib_container/generational_pool.c:411;tests/container/test_generational_pool.c:799	commented	函数及公开声明已说明分阶段销毁契约
zr_vm_lib_container/src/zr_vm_lib_container/generational_pool.c	zr_pool_deliver_unlocked	function	zr_vm_lib_container/src/zr_vm_lib_container/generational_pool.c:515	支撑池的交付调用链	池状态与句柄代数校验;线程本地模式由调用方串行化	zr_vm_lib_container/src/zr_vm_lib_container/generational_pool.c:438;zr_vm_lib_container/src/zr_vm_lib_container/generational_pool.c:515	no-comment	名称、相邻类型描述符或已注释调用边界足以说明职责，无额外长期契约
zr_vm_lib_container/src/zr_vm_lib_container/generational_pool.c	ZrPool_Deliver	function	tests/container/test_generational_pool.c:698;tests/container/test_generational_pool.c:727;tests/container/test_generational_pool.c:758;tests/container/test_generational_pool.c:797;tests/container/test_generational_pool.c:832;其余23处已扫描	支撑池的协调调用链	池状态与句柄代数校验;线程本地模式由调用方串行化	zr_vm_lib_container/src/zr_vm_lib_container/generational_pool.c:504;tests/container/test_generational_pool.c:698	no-comment	名称、相邻类型描述符或已注释调用边界足以说明职责，无额外长期契约
zr_vm_lib_container/src/zr_vm_lib_container/generational_pool.c	zr_pool_recycle_unlocked	function	zr_vm_lib_container/src/zr_vm_lib_container/generational_pool.c:552	支撑池的回收调用链	池状态与句柄代数校验;线程本地模式由调用方串行化	zr_vm_lib_container/src/zr_vm_lib_container/generational_pool.c:520;zr_vm_lib_container/src/zr_vm_lib_container/generational_pool.c:552	no-comment	名称、相邻类型描述符或已注释调用边界足以说明职责，无额外长期契约
zr_vm_lib_container/src/zr_vm_lib_container/generational_pool.c	ZrPool_Recycle	function	tests/container/test_generational_pool.c:709;tests/container/test_generational_pool.c:734;tests/container/test_generational_pool.c:838;tests/container/test_generational_pool.c:843;tests/container/test_generational_pool.c:935;其余11处已扫描	使弱句柄失效并延后析构仍被借用的实体	池状态与句柄代数校验;线程本地模式由调用方串行化	zr_vm_lib_container/src/zr_vm_lib_container/generational_pool.c:545;tests/container/test_generational_pool.c:709	no-comment	名称、相邻类型描述符或已注释调用边界足以说明职责，无额外长期契约
zr_vm_lib_container/src/zr_vm_lib_container/generational_pool.c	zr_pool_validate_unlocked	function	zr_vm_lib_container/src/zr_vm_lib_container/generational_pool.c:575	支撑池的校验调用链	池状态与句柄代数校验;线程本地模式由调用方串行化	zr_vm_lib_container/src/zr_vm_lib_container/generational_pool.c:557;zr_vm_lib_container/src/zr_vm_lib_container/generational_pool.c:575	no-comment	名称、相邻类型描述符或已注释调用边界足以说明职责，无额外长期契约
zr_vm_lib_container/src/zr_vm_lib_container/generational_pool.c	ZrPool_Validate	function	tests/container/test_generational_pool.c:701;tests/container/test_generational_pool.c:711;tests/container/test_generational_pool.c:732;tests/container/test_generational_pool.c:803;tests/container/test_generational_pool.c:849;其余6处已扫描	支撑池的协调调用链	池状态与句柄代数校验;线程本地模式由调用方串行化	zr_vm_lib_container/src/zr_vm_lib_container/generational_pool.c:566;tests/container/test_generational_pool.c:701	no-comment	名称、相邻类型描述符或已注释调用边界足以说明职责，无额外长期契约
zr_vm_lib_container/src/zr_vm_lib_container/generational_pool.c	zr_pool_acquire	function	zr_vm_lib_container/src/zr_vm_lib_container/generational_pool.c:635;zr_vm_lib_container/src/zr_vm_lib_container/generational_pool.c:652	支撑池的取得调用链	池状态与句柄代数校验;线程本地模式由调用方串行化	zr_vm_lib_container/src/zr_vm_lib_container/generational_pool.c:581;zr_vm_lib_container/src/zr_vm_lib_container/generational_pool.c:635	commented	新增宏观契约注释，说明调用目的、所有权或时序
zr_vm_lib_container/src/zr_vm_lib_container/generational_pool.c	ZrPool_TryRead	function	tests/container/test_generational_pool.c:703;tests/container/test_generational_pool.c:719;tests/container/test_generational_pool.c:760;tests/container/test_generational_pool.c:762;tests/container/test_generational_pool.c:774;其余5处已扫描	支撑池的协调调用链	池状态与句柄代数校验;线程本地模式由调用方串行化	zr_vm_lib_container/src/zr_vm_lib_container/generational_pool.c:624;tests/container/test_generational_pool.c:703	no-comment	名称、相邻类型描述符或已注释调用边界足以说明职责，无额外长期契约
zr_vm_lib_container/src/zr_vm_lib_container/generational_pool.c	ZrPool_TryBorrow	function	tests/container/test_generational_pool.c:765;tests/container/test_generational_pool.c:771;tests/container/test_generational_pool.c:799;tests/container/test_generational_pool.c:965;tests/container/test_generational_pool_gc_stress.c:187;其余2处已扫描	支撑池的协调调用链	池状态与句柄代数校验;线程本地模式由调用方串行化	zr_vm_lib_container/src/zr_vm_lib_container/generational_pool.c:641;tests/container/test_generational_pool.c:765	no-comment	名称、相邻类型描述符或已注释调用边界足以说明职责，无额外长期契约
zr_vm_lib_container/src/zr_vm_lib_container/generational_pool.c	ZrPoolGuard_ReadOnlyValue	function	tests/container/test_generational_pool.c:706;tests/container/test_generational_pool.c:714;tests/container/test_generational_pool.c:887;tests/container/test_generational_pool.c:980;zr_vm_lib_container/src/zr_vm_lib_container/generational_pool.c:670;其余1处已扫描	支撑池的协调调用链	池状态与句柄代数校验;线程本地模式由调用方串行化	zr_vm_lib_container/src/zr_vm_lib_container/generational_pool.c:658;tests/container/test_generational_pool.c:706	no-comment	名称、相邻类型描述符或已注释调用边界足以说明职责，无额外长期契约
zr_vm_lib_container/src/zr_vm_lib_container/generational_pool.c	ZrPoolGuard_Value	function	tests/container/test_generational_pool.c:775;tests/container/test_generational_pool.c:805;tests/container/test_generational_pool.c:970;tests/container/test_generational_pool_gc_stress.c:188;tests/container/test_generational_pool_gc_stress.c:243;其余1处已扫描	支撑池的协调调用链	池状态与句柄代数校验;线程本地模式由调用方串行化	zr_vm_lib_container/src/zr_vm_lib_container/generational_pool.c:666;tests/container/test_generational_pool.c:775	no-comment	名称、相邻类型描述符或已注释调用边界足以说明职责，无额外长期契约
zr_vm_lib_container/src/zr_vm_lib_container/generational_pool.c	zr_pool_guard_release_unlocked	function	zr_vm_lib_container/src/zr_vm_lib_container/generational_pool.c:720	支撑池的释放调用链	池状态与句柄代数校验;线程本地模式由调用方串行化	zr_vm_lib_container/src/zr_vm_lib_container/generational_pool.c:673;zr_vm_lib_container/src/zr_vm_lib_container/generational_pool.c:720	no-comment	名称、相邻类型描述符或已注释调用边界足以说明职责，无额外长期契约
zr_vm_lib_container/src/zr_vm_lib_container/generational_pool.c	ZrPoolGuard_Release	function	tests/container/test_generational_pool.c:724;tests/container/test_generational_pool.c:767;tests/container/test_generational_pool.c:769;tests/container/test_generational_pool.c:777;tests/container/test_generational_pool.c:779;其余10处已扫描	支撑池的协调调用链	池状态与句柄代数校验;线程本地模式由调用方串行化	zr_vm_lib_container/src/zr_vm_lib_container/generational_pool.c:711;tests/container/test_generational_pool.c:724	no-comment	名称、相邻类型描述符或已注释调用边界足以说明职责，无额外长期契约
zr_vm_lib_container/src/zr_vm_lib_container/generational_pool.c	zr_pool_scan_unlocked	function	zr_vm_lib_container/src/zr_vm_lib_container/generational_pool.c:801	支撑池的扫描调用链	池状态与句柄代数校验;线程本地模式由调用方串行化	zr_vm_lib_container/src/zr_vm_lib_container/generational_pool.c:725;zr_vm_lib_container/src/zr_vm_lib_container/generational_pool.c:801	no-comment	名称、相邻类型描述符或已注释调用边界足以说明职责，无额外长期契约
zr_vm_lib_container/src/zr_vm_lib_container/generational_pool.c	ZrPool_Scan	function	tests/container/test_generational_pool.c:857;tests/container/test_generational_pool.c:892;tests/container/test_generational_pool_gc_stress.c:176;tests/container/test_generational_pool_gc_stress.c:181;tests/container/test_generational_pool_gc_stress.c:191;其余7处已扫描	支撑池的协调调用链	池状态与句柄代数校验;线程本地模式由调用方串行化	zr_vm_lib_container/src/zr_vm_lib_container/generational_pool.c:785;tests/container/test_generational_pool.c:857	no-comment	名称、相邻类型描述符或已注释调用边界足以说明职责，无额外长期契约
zr_vm_lib_container/src/zr_vm_lib_container/generational_pool.c	ZrPool_TraceGcValues	function	tests/container/test_generational_pool_type_layout.c:157;tests/container/test_generational_pool_type_layout.c:184;tests/container/test_generational_pool_type_layout.c:196;zr_vm_lib_container/src/zr_vm_lib_container/pooling_generational_runtime.c:169	支撑池的协调调用链	池状态与句柄代数校验;线程本地模式由调用方串行化	zr_vm_lib_container/src/zr_vm_lib_container/generational_pool.c:807;tests/container/test_generational_pool_type_layout.c:157	no-comment	名称、相邻类型描述符或已注释调用边界足以说明职责，无额外长期契约
zr_vm_lib_container/src/zr_vm_lib_container/generational_pool.c	zr_pool_get_stats_unlocked	function	zr_vm_lib_container/src/zr_vm_lib_container/generational_pool.c:899	支撑池的获取调用链	池状态与句柄代数校验;线程本地模式由调用方串行化	zr_vm_lib_container/src/zr_vm_lib_container/generational_pool.c:880;zr_vm_lib_container/src/zr_vm_lib_container/generational_pool.c:899	no-comment	名称、相邻类型描述符或已注释调用边界足以说明职责，无额外长期契约
zr_vm_lib_container/src/zr_vm_lib_container/generational_pool.c	ZrPool_GetStats	function	tests/container/test_generational_pool.c:852;tests/container/test_generational_pool.c:897;tests/container/test_generational_pool.c:941;tests/container/test_generational_pool.c:1081;tests/container/test_generational_pool_gc_stress.c:113;其余11处已扫描	支撑池的协调调用链	池状态与句柄代数校验;线程本地模式由调用方串行化	zr_vm_lib_container/src/zr_vm_lib_container/generational_pool.c:890;tests/container/test_generational_pool.c:852	no-comment	名称、相邻类型描述符或已注释调用边界足以说明职责，无额外长期契约
zr_vm_lib_container/src/zr_vm_lib_container/generational_pool.c	ZrPool_StatusName	function	未发现其他文本引用;见定义或描述符	支撑池的协调调用链	池状态与句柄代数校验;线程本地模式由调用方串行化	zr_vm_lib_container/src/zr_vm_lib_container/generational_pool.c:904	no-comment	名称、相邻类型描述符或已注释调用边界足以说明职责，无额外长期契约
zr_vm_lib_container/src/zr_vm_lib_container/generational_pool_internal.h	SZrPoolSlot	type	zr_vm_lib_container/src/zr_vm_lib_container/generational_pool.c:103;zr_vm_lib_container/src/zr_vm_lib_container/generational_pool.c:196;zr_vm_lib_container/src/zr_vm_lib_container/generational_pool.c:206;zr_vm_lib_container/src/zr_vm_lib_container/generational_pool.c:234;zr_vm_lib_container/src/zr_vm_lib_container/generational_pool.c:247;其余12处已扫描	定义模块边界使用的状态或协议数据	字段关系与有效期由创建及释放路径约束	zr_vm_lib_container/src/zr_vm_lib_container/generational_pool_internal.h:7;zr_vm_lib_container/src/zr_vm_lib_container/generational_pool.c:103	commented	新增宏观契约注释，说明调用目的、所有权或时序
zr_vm_lib_container/src/zr_vm_lib_container/generational_pool_internal.h	SZrPoolSlab	type	zr_vm_lib_container/src/zr_vm_lib_container/generational_pool.c:106;zr_vm_lib_container/src/zr_vm_lib_container/generational_pool.c:109;zr_vm_lib_container/src/zr_vm_lib_container/generational_pool.c:134;zr_vm_lib_container/src/zr_vm_lib_container/generational_pool.c:152;zr_vm_lib_container/src/zr_vm_lib_container/generational_pool.c:162;其余14处已扫描	定义模块边界使用的状态或协议数据	字段关系与有效期由创建及释放路径约束	zr_vm_lib_container/src/zr_vm_lib_container/generational_pool_internal.h:19;zr_vm_lib_container/src/zr_vm_lib_container/generational_pool.c:106	commented	新增宏观契约注释，说明调用目的、所有权或时序
zr_vm_lib_container/src/zr_vm_lib_container/generational_pool_internal.h	SZrPool	type	tests/container/test_generational_pool.c:42;tests/container/test_generational_pool.c:685;tests/container/test_generational_pool.c:686;tests/container/test_generational_pool.c:748;tests/container/test_generational_pool.c:789;其余85处已扫描	定义模块边界使用的状态或协议数据	字段关系与有效期由创建及释放路径约束	zr_vm_lib_container/src/zr_vm_lib_container/generational_pool_internal.h:27;tests/container/test_generational_pool.c:42	commented	新增宏观契约注释，说明调用目的、所有权或时序
zr_vm_lib_container/src/zr_vm_lib_container/generational_pool_type_layout.c	zr_pool_canonical_layout_is_admissible	function	zr_vm_lib_container/src/zr_vm_lib_container/generational_pool_type_layout.c:38;zr_vm_lib_container/src/zr_vm_lib_container/generational_pool_type_layout.c:174	支撑池的协调调用链	池状态与句柄代数校验;线程本地模式由调用方串行化	zr_vm_lib_container/src/zr_vm_lib_container/generational_pool_type_layout.c:8;zr_vm_lib_container/src/zr_vm_lib_container/generational_pool_type_layout.c:38	commented	新增宏观契约注释，说明调用目的、所有权或时序
zr_vm_lib_container/src/zr_vm_lib_container/generational_pool_type_layout.c	zr_pool_canonical_layout_requires_state	function	zr_vm_lib_container/src/zr_vm_lib_container/generational_pool_type_layout.c:84;zr_vm_lib_container/src/zr_vm_lib_container/generational_pool_type_layout.c:178	支撑池的协调调用链	池状态与句柄代数校验;线程本地模式由调用方串行化	zr_vm_lib_container/src/zr_vm_lib_container/generational_pool_type_layout.c:60;zr_vm_lib_container/src/zr_vm_lib_container/generational_pool_type_layout.c:84	commented	新增宏观契约注释，说明调用目的、所有权或时序
zr_vm_lib_container/src/zr_vm_lib_container/generational_pool_type_layout.c	zr_pool_canonical_initialize	function	zr_vm_lib_container/src/zr_vm_lib_container/generational_pool_type_layout.c:186	支撑池的协调调用链	池状态与句柄代数校验;线程本地模式由调用方串行化	zr_vm_lib_container/src/zr_vm_lib_container/generational_pool_type_layout.c:94;zr_vm_lib_container/src/zr_vm_lib_container/generational_pool_type_layout.c:186	commented	新增宏观契约注释，说明调用目的、所有权或时序
zr_vm_lib_container/src/zr_vm_lib_container/generational_pool_type_layout.c	zr_pool_canonical_drop	function	zr_vm_lib_container/src/zr_vm_lib_container/generational_pool_type_layout.c:187;zr_vm_lib_container/src/zr_vm_lib_container/generational_pool_type_layout.c:189	支撑池的协调调用链	池状态与句柄代数校验;线程本地模式由调用方串行化	zr_vm_lib_container/src/zr_vm_lib_container/generational_pool_type_layout.c:122;zr_vm_lib_container/src/zr_vm_lib_container/generational_pool_type_layout.c:187	no-comment	名称、相邻类型描述符或已注释调用边界足以说明职责，无额外长期契约
zr_vm_lib_container/src/zr_vm_lib_container/generational_pool_type_layout.c	zr_pool_canonical_scan	function	zr_vm_lib_container/src/zr_vm_lib_container/generational_pool_type_layout.c:193	支撑池的扫描调用链	池状态与句柄代数校验;线程本地模式由调用方串行化	zr_vm_lib_container/src/zr_vm_lib_container/generational_pool_type_layout.c:135;zr_vm_lib_container/src/zr_vm_lib_container/generational_pool_type_layout.c:193	no-comment	名称、相邻类型描述符或已注释调用边界足以说明职责，无额外长期契约
zr_vm_lib_container/src/zr_vm_lib_container/generational_pool_type_layout.c	ZrPool_CreateFromTypeLayout	function	tests/container/test_generational_pool_type_layout.c:92;tests/container/test_generational_pool_type_layout.c:141;tests/container/test_generational_pool_type_layout.c:214;tests/container/test_generational_pool_type_layout.c:232;tests/container/test_generational_pool_type_layout.c:262;其余11处已扫描	将核心类型布局适配为稳定槽位池	池状态与句柄代数校验;线程本地模式由调用方串行化	zr_vm_lib_container/src/zr_vm_lib_container/generational_pool_type_layout.c:151;tests/container/test_generational_pool_type_layout.c:92	no-comment	名称、相邻类型描述符或已注释调用边界足以说明职责，无额外长期契约
zr_vm_lib_container/src/zr_vm_lib_container/module.c	kContainerItemsField	state	zr_vm_lib_container/src/zr_vm_lib_container/module.c:186;zr_vm_lib_container/src/zr_vm_lib_container/module.c:187;zr_vm_lib_container/src/zr_vm_lib_container/module.c:223;zr_vm_lib_container/src/zr_vm_lib_container/module.c:224;zr_vm_lib_container/src/zr_vm_lib_container/module.c:565;其余4处已扫描	保持原生回调与语言层对象字段名称一致	仅在所属模块或注册生命周期内使用	zr_vm_lib_container/src/zr_vm_lib_container/module.c:22;zr_vm_lib_container/src/zr_vm_lib_container/module.c:186	no-comment	名称、相邻类型描述符或已注释调用边界足以说明职责，无额外长期契约
zr_vm_lib_container/src/zr_vm_lib_container/module.c	kContainerEntriesField	state	zr_vm_lib_container/src/zr_vm_lib_container/module.c:189;zr_vm_lib_container/src/zr_vm_lib_container/module.c:190;zr_vm_lib_container/src/zr_vm_lib_container/module.c:226;zr_vm_lib_container/src/zr_vm_lib_container/module.c:227;zr_vm_lib_container/src/zr_vm_lib_container/module.c:558;其余5处已扫描	保持原生回调与语言层对象字段名称一致	仅在所属模块或注册生命周期内使用	zr_vm_lib_container/src/zr_vm_lib_container/module.c:23;zr_vm_lib_container/src/zr_vm_lib_container/module.c:189	no-comment	名称、相邻类型描述符或已注释调用边界足以说明职责，无额外长期契约
zr_vm_lib_container/src/zr_vm_lib_container/module.c	kContainerSourceField	state	zr_vm_lib_container/src/zr_vm_lib_container/module.c:586;zr_vm_lib_container/src/zr_vm_lib_container/module.c:886;zr_vm_lib_container/src/zr_vm_lib_container/module.c:918;zr_vm_lib_container/src/zr_vm_lib_container/module.c:2660	保持原生回调与语言层对象字段名称一致	仅在所属模块或注册生命周期内使用	zr_vm_lib_container/src/zr_vm_lib_container/module.c:24;zr_vm_lib_container/src/zr_vm_lib_container/module.c:586	no-comment	名称、相邻类型描述符或已注释调用边界足以说明职责，无额外长期契约
zr_vm_lib_container/src/zr_vm_lib_container/module.c	kContainerIndexField	state	zr_vm_lib_container/src/zr_vm_lib_container/module.c:600;zr_vm_lib_container/src/zr_vm_lib_container/module.c:892;zr_vm_lib_container/src/zr_vm_lib_container/module.c:924;zr_vm_lib_container/src/zr_vm_lib_container/module.c:2707	保持原生回调与语言层对象字段名称一致	仅在所属模块或注册生命周期内使用	zr_vm_lib_container/src/zr_vm_lib_container/module.c:25;zr_vm_lib_container/src/zr_vm_lib_container/module.c:600	no-comment	名称、相邻类型描述符或已注释调用边界足以说明职责，无额外长期契约
zr_vm_lib_container/src/zr_vm_lib_container/module.c	kContainerNextNodeField	state	zr_vm_lib_container/src/zr_vm_lib_container/module.c:608;zr_vm_lib_container/src/zr_vm_lib_container/module.c:895;zr_vm_lib_container/src/zr_vm_lib_container/module.c:927;zr_vm_lib_container/src/zr_vm_lib_container/module.c:2683	保持原生回调与语言层对象字段名称一致	仅在所属模块或注册生命周期内使用	zr_vm_lib_container/src/zr_vm_lib_container/module.c:26;zr_vm_lib_container/src/zr_vm_lib_container/module.c:608	no-comment	名称、相邻类型描述符或已注释调用边界足以说明职责，无额外长期契约
zr_vm_lib_container/src/zr_vm_lib_container/module.c	kContainerCountField	state	zr_vm_lib_container/src/zr_vm_lib_container/module.c:192;zr_vm_lib_container/src/zr_vm_lib_container/module.c:193;zr_vm_lib_container/src/zr_vm_lib_container/module.c:229;zr_vm_lib_container/src/zr_vm_lib_container/module.c:230;zr_vm_lib_container/src/zr_vm_lib_container/module.c:876;其余17处已扫描	保持原生回调与语言层对象字段名称一致	仅在所属模块或注册生命周期内使用	zr_vm_lib_container/src/zr_vm_lib_container/module.c:27;zr_vm_lib_container/src/zr_vm_lib_container/module.c:192	no-comment	名称、相邻类型描述符或已注释调用边界足以说明职责，无额外长期契约
zr_vm_lib_container/src/zr_vm_lib_container/module.c	kContainerLengthField	state	zr_vm_lib_container/src/zr_vm_lib_container/module.c:195;zr_vm_lib_container/src/zr_vm_lib_container/module.c:196;zr_vm_lib_container/src/zr_vm_lib_container/module.c:232;zr_vm_lib_container/src/zr_vm_lib_container/module.c:233;zr_vm_lib_container/src/zr_vm_lib_container/module.c:875;其余6处已扫描	保持原生回调与语言层对象字段名称一致	仅在所属模块或注册生命周期内使用	zr_vm_lib_container/src/zr_vm_lib_container/module.c:28;zr_vm_lib_container/src/zr_vm_lib_container/module.c:195	no-comment	名称、相邻类型描述符或已注释调用边界足以说明职责，无额外长期契约
zr_vm_lib_container/src/zr_vm_lib_container/module.c	kContainerCapacityField	state	zr_vm_lib_container/src/zr_vm_lib_container/module.c:198;zr_vm_lib_container/src/zr_vm_lib_container/module.c:199;zr_vm_lib_container/src/zr_vm_lib_container/module.c:235;zr_vm_lib_container/src/zr_vm_lib_container/module.c:236;zr_vm_lib_container/src/zr_vm_lib_container/module.c:881;其余4处已扫描	保持原生回调与语言层对象字段名称一致	仅在所属模块或注册生命周期内使用	zr_vm_lib_container/src/zr_vm_lib_container/module.c:29;zr_vm_lib_container/src/zr_vm_lib_container/module.c:198	no-comment	名称、相邻类型描述符或已注释调用边界足以说明职责，无额外长期契约
zr_vm_lib_container/src/zr_vm_lib_container/module.c	kContainerCurrentField	state	zr_vm_lib_container/src/zr_vm_lib_container/module.c:593;zr_vm_lib_container/src/zr_vm_lib_container/module.c:889;zr_vm_lib_container/src/zr_vm_lib_container/module.c:921	保持原生回调与语言层对象字段名称一致	仅在所属模块或注册生命周期内使用	zr_vm_lib_container/src/zr_vm_lib_container/module.c:30;zr_vm_lib_container/src/zr_vm_lib_container/module.c:593	no-comment	名称、相邻类型描述符或已注释调用边界足以说明职责，无额外长期契约
zr_vm_lib_container/src/zr_vm_lib_container/module.c	kContainerValueField	state	zr_vm_lib_container/src/zr_vm_lib_container/module.c:201;zr_vm_lib_container/src/zr_vm_lib_container/module.c:202;zr_vm_lib_container/src/zr_vm_lib_container/module.c:238;zr_vm_lib_container/src/zr_vm_lib_container/module.c:239;zr_vm_lib_container/src/zr_vm_lib_container/module.c:898;其余8处已扫描	保持原生回调与语言层对象字段名称一致	仅在所属模块或注册生命周期内使用	zr_vm_lib_container/src/zr_vm_lib_container/module.c:31;zr_vm_lib_container/src/zr_vm_lib_container/module.c:201	no-comment	名称、相邻类型描述符或已注释调用边界足以说明职责，无额外长期契约
zr_vm_lib_container/src/zr_vm_lib_container/module.c	kContainerNextField	state	zr_vm_lib_container/src/zr_vm_lib_container/module.c:204;zr_vm_lib_container/src/zr_vm_lib_container/module.c:205;zr_vm_lib_container/src/zr_vm_lib_container/module.c:241;zr_vm_lib_container/src/zr_vm_lib_container/module.c:242;zr_vm_lib_container/src/zr_vm_lib_container/module.c:899;其余11处已扫描	保持原生回调与语言层对象字段名称一致	仅在所属模块或注册生命周期内使用	zr_vm_lib_container/src/zr_vm_lib_container/module.c:32;zr_vm_lib_container/src/zr_vm_lib_container/module.c:204	no-comment	名称、相邻类型描述符或已注释调用边界足以说明职责，无额外长期契约
zr_vm_lib_container/src/zr_vm_lib_container/module.c	kContainerPreviousField	state	zr_vm_lib_container/src/zr_vm_lib_container/module.c:207;zr_vm_lib_container/src/zr_vm_lib_container/module.c:208;zr_vm_lib_container/src/zr_vm_lib_container/module.c:244;zr_vm_lib_container/src/zr_vm_lib_container/module.c:245;zr_vm_lib_container/src/zr_vm_lib_container/module.c:900;其余8处已扫描	保持原生回调与语言层对象字段名称一致	仅在所属模块或注册生命周期内使用	zr_vm_lib_container/src/zr_vm_lib_container/module.c:33;zr_vm_lib_container/src/zr_vm_lib_container/module.c:207	no-comment	名称、相邻类型描述符或已注释调用边界足以说明职责，无额外长期契约
zr_vm_lib_container/src/zr_vm_lib_container/module.c	kContainerFirstField	state	zr_vm_lib_container/src/zr_vm_lib_container/module.c:213;zr_vm_lib_container/src/zr_vm_lib_container/module.c:877;zr_vm_lib_container/src/zr_vm_lib_container/module.c:3717;zr_vm_lib_container/src/zr_vm_lib_container/module.c:3737;zr_vm_lib_container/src/zr_vm_lib_container/module.c:3759;其余7处已扫描	保持原生回调与语言层对象字段名称一致	仅在所属模块或注册生命周期内使用	zr_vm_lib_container/src/zr_vm_lib_container/module.c:34;zr_vm_lib_container/src/zr_vm_lib_container/module.c:213	no-comment	名称、相邻类型描述符或已注释调用边界足以说明职责，无额外长期契约
zr_vm_lib_container/src/zr_vm_lib_container/module.c	kContainerLastField	state	zr_vm_lib_container/src/zr_vm_lib_container/module.c:210;zr_vm_lib_container/src/zr_vm_lib_container/module.c:211;zr_vm_lib_container/src/zr_vm_lib_container/module.c:247;zr_vm_lib_container/src/zr_vm_lib_container/module.c:248;zr_vm_lib_container/src/zr_vm_lib_container/module.c:882;其余8处已扫描	保持原生回调与语言层对象字段名称一致	仅在所属模块或注册生命周期内使用	zr_vm_lib_container/src/zr_vm_lib_container/module.c:35;zr_vm_lib_container/src/zr_vm_lib_container/module.c:210	no-comment	名称、相邻类型描述符或已注释调用边界足以说明职责，无额外长期契约
zr_vm_lib_container/src/zr_vm_lib_container/module.c	kContainerPairFirstField	state	zr_vm_lib_container/src/zr_vm_lib_container/module.c:214;zr_vm_lib_container/src/zr_vm_lib_container/module.c:216;zr_vm_lib_container/src/zr_vm_lib_container/module.c:217;zr_vm_lib_container/src/zr_vm_lib_container/module.c:250;zr_vm_lib_container/src/zr_vm_lib_container/module.c:251;其余8处已扫描	保持原生回调与语言层对象字段名称一致	仅在所属模块或注册生命周期内使用	zr_vm_lib_container/src/zr_vm_lib_container/module.c:36;zr_vm_lib_container/src/zr_vm_lib_container/module.c:214	no-comment	名称、相邻类型描述符或已注释调用边界足以说明职责，无额外长期契约
zr_vm_lib_container/src/zr_vm_lib_container/module.c	kContainerPairSecondField	state	zr_vm_lib_container/src/zr_vm_lib_container/module.c:219;zr_vm_lib_container/src/zr_vm_lib_container/module.c:220;zr_vm_lib_container/src/zr_vm_lib_container/module.c:253;zr_vm_lib_container/src/zr_vm_lib_container/module.c:254;zr_vm_lib_container/src/zr_vm_lib_container/module.c:579;其余8处已扫描	保持原生回调与语言层对象字段名称一致	仅在所属模块或注册生命周期内使用	zr_vm_lib_container/src/zr_vm_lib_container/module.c:37;zr_vm_lib_container/src/zr_vm_lib_container/module.c:219	no-comment	名称、相邻类型描述符或已注释调用边界足以说明职责，无额外长期契约
zr_vm_lib_container/src/zr_vm_lib_container/module.c	ZR_CONTAINER_FIELD_CACHE_CAPACITY	macro	zr_vm_lib_container/src/zr_vm_lib_container/module.c:153;zr_vm_lib_container/src/zr_vm_lib_container/module.c:257;zr_vm_lib_container/src/zr_vm_lib_container/module.c:263	为模块共享契约提供编译期标识或配置	由编译期定义;调用处不修改	zr_vm_lib_container/src/zr_vm_lib_container/module.c:40;zr_vm_lib_container/src/zr_vm_lib_container/module.c:153	no-comment	名称、相邻类型描述符或已注释调用边界足以说明职责，无额外长期契约
zr_vm_lib_container/src/zr_vm_lib_container/module.c	ZR_CONTAINER_HOT_MAP_LOOKUP_CACHE_SLOT_COUNT	macro	zr_vm_lib_container/src/zr_vm_lib_container/module.c:77;zr_vm_lib_container/src/zr_vm_lib_container/module.c:434;zr_vm_lib_container/src/zr_vm_lib_container/module.c:442;zr_vm_lib_container/src/zr_vm_lib_container/module.c:443;zr_vm_lib_container/src/zr_vm_lib_container/module.c:451;其余3处已扫描	为模块共享契约提供编译期标识或配置	由编译期定义;调用处不修改	zr_vm_lib_container/src/zr_vm_lib_container/module.c:41;zr_vm_lib_container/src/zr_vm_lib_container/module.c:77	no-comment	名称、相邻类型描述符或已注释调用边界足以说明职责，无额外长期契约
zr_vm_lib_container/src/zr_vm_lib_container/module.c	ZrContainerFieldStringCacheEntry	type	zr_vm_lib_container/src/zr_vm_lib_container/module.c:47;zr_vm_lib_container/src/zr_vm_lib_container/module.c:153	保存容器热路径的可失效派生缓存	字段关系与有效期由创建及释放路径约束	zr_vm_lib_container/src/zr_vm_lib_container/module.c:44;zr_vm_lib_container/src/zr_vm_lib_container/module.c:47	no-comment	名称、相邻类型描述符或已注释调用边界足以说明职责，无额外长期契约
zr_vm_lib_container/src/zr_vm_lib_container/module.c	ZrContainerHotFieldStringCache	type	zr_vm_lib_container/src/zr_vm_lib_container/module.c:59;zr_vm_lib_container/src/zr_vm_lib_container/module.c:302;zr_vm_lib_container/src/zr_vm_lib_container/module.c:303;zr_vm_lib_container/src/zr_vm_lib_container/module.c:556;zr_vm_lib_container/src/zr_vm_lib_container/module.c:563;其余6处已扫描	保存容器热路径的可失效派生缓存	字段关系与有效期由创建及释放路径约束	zr_vm_lib_container/src/zr_vm_lib_container/module.c:49;zr_vm_lib_container/src/zr_vm_lib_container/module.c:59	no-comment	名称、相邻类型描述符或已注释调用边界足以说明职责，无额外长期契约
zr_vm_lib_container/src/zr_vm_lib_container/module.c	ZrContainerHotMapLookupCacheSlot	type	zr_vm_lib_container/src/zr_vm_lib_container/module.c:66;zr_vm_lib_container/src/zr_vm_lib_container/module.c:77;zr_vm_lib_container/src/zr_vm_lib_container/module.c:375;zr_vm_lib_container/src/zr_vm_lib_container/module.c:390;zr_vm_lib_container/src/zr_vm_lib_container/module.c:410;其余2处已扫描	保存容器热路径的可失效派生缓存	字段关系与有效期由创建及释放路径约束	zr_vm_lib_container/src/zr_vm_lib_container/module.c:61;zr_vm_lib_container/src/zr_vm_lib_container/module.c:66	no-comment	名称、相邻类型描述符或已注释调用边界足以说明职责，无额外长期契约
zr_vm_lib_container/src/zr_vm_lib_container/module.c	ZrContainerHotMapLookupCache	type	zr_vm_lib_container/src/zr_vm_lib_container/module.c:78;zr_vm_lib_container/src/zr_vm_lib_container/module.c:317;zr_vm_lib_container/src/zr_vm_lib_container/module.c:318;zr_vm_lib_container/src/zr_vm_lib_container/module.c:332;zr_vm_lib_container/src/zr_vm_lib_container/module.c:347;其余7处已扫描	保存容器热路径的可失效派生缓存	字段关系与有效期由创建及释放路径约束	zr_vm_lib_container/src/zr_vm_lib_container/module.c:69;zr_vm_lib_container/src/zr_vm_lib_container/module.c:78	commented	新增宏观契约注释，说明调用目的、所有权或时序
zr_vm_lib_container/src/zr_vm_lib_container/module.c	gZrContainerDebugHotMapLookupStats	state	zr_vm_lib_container/src/zr_vm_lib_container/module.c:113;zr_vm_lib_container/src/zr_vm_lib_container/module.c:119;zr_vm_lib_container/src/zr_vm_lib_container/module.c:363;zr_vm_lib_container/src/zr_vm_lib_container/module.c:364	保存模块内部可复用状态或描述符	仅在所属模块或注册生命周期内使用	zr_vm_lib_container/src/zr_vm_lib_container/module.c:81;zr_vm_lib_container/src/zr_vm_lib_container/module.c:113	no-comment	名称、相邻类型描述符或已注释调用边界足以说明职责，无额外长期契约
zr_vm_lib_container/src/zr_vm_lib_container/module.c	zr_container_field_name_equals	function	zr_vm_lib_container/src/zr_vm_lib_container/module.c:223;zr_vm_lib_container/src/zr_vm_lib_container/module.c:226;zr_vm_lib_container/src/zr_vm_lib_container/module.c:229;zr_vm_lib_container/src/zr_vm_lib_container/module.c:232;zr_vm_lib_container/src/zr_vm_lib_container/module.c:235;其余20处已扫描	支撑容器的协调调用链	由描述符或注册入口调用;状态检查见当前实现	zr_vm_lib_container/src/zr_vm_lib_container/module.c:106;zr_vm_lib_container/src/zr_vm_lib_container/module.c:223	no-comment	名称、相邻类型描述符或已注释调用边界足以说明职责，无额外长期契约
zr_vm_lib_container/src/zr_vm_lib_container/module.c	ZrVmLibContainer_Debug_ResetHotMapLookupStats	function	tests/container/test_container_runtime.c:1472	支撑模块的协调调用链	由描述符或注册入口调用;状态检查见当前实现	zr_vm_lib_container/src/zr_vm_lib_container/module.c:111;tests/container/test_container_runtime.c:1472	no-comment	名称、相邻类型描述符或已注释调用边界足以说明职责，无额外长期契约
zr_vm_lib_container/src/zr_vm_lib_container/module.c	ZrVmLibContainer_Debug_GetHotMapLookupStats	function	tests/container/test_container_runtime.c:1476	支撑模块的协调调用链	由描述符或注册入口调用;状态检查见当前实现	zr_vm_lib_container/src/zr_vm_lib_container/module.c:117;tests/container/test_container_runtime.c:1476	no-comment	名称、相邻类型描述符或已注释调用边界足以说明职责，无额外长期契约
zr_vm_lib_container/src/zr_vm_lib_container/module.c	zr_container_cache_field_string_once	function	zr_vm_lib_container/src/zr_vm_lib_container/module.c:187;zr_vm_lib_container/src/zr_vm_lib_container/module.c:190;zr_vm_lib_container/src/zr_vm_lib_container/module.c:193;zr_vm_lib_container/src/zr_vm_lib_container/module.c:196;zr_vm_lib_container/src/zr_vm_lib_container/module.c:199;其余26处已扫描	支撑容器的协调调用链	由描述符或注册入口调用;状态检查见当前实现	zr_vm_lib_container/src/zr_vm_lib_container/module.c:126;zr_vm_lib_container/src/zr_vm_lib_container/module.c:187	no-comment	名称、相邻类型描述符或已注释调用边界足以说明职责，无额外长期契约
zr_vm_lib_container/src/zr_vm_lib_container/module.c	zr_container_cached_field_string::process_cache	state	未发现其他文本引用;见定义或描述符	进程级字段字符串缓存按 GlobalState 身份清空	多 GlobalState 并行访问契约待核实	zr_vm_lib_container/src/zr_vm_lib_container/module.c:148	TODO	函数静态缓存可写且无同步，源码已标注并行核查入口
zr_vm_lib_container/src/zr_vm_lib_container/module.c	zr_container_cached_field_string	function	zr_vm_lib_container/src/zr_vm_lib_container/module.c:292;zr_vm_lib_container/src/zr_vm_lib_container/module.c:798;zr_vm_lib_container/src/zr_vm_lib_container/module.c:822;zr_vm_lib_container/src/zr_vm_lib_container/module.c:999;zr_vm_lib_container/src/zr_vm_lib_container/module.c:1320	支撑容器的协调调用链	并发或回调重入支持范围尚待确认	zr_vm_lib_container/src/zr_vm_lib_container/module.c:151;zr_vm_lib_container/src/zr_vm_lib_container/module.c:292	TODO	当前实现存在待确认的并发/重入契约;已在源码标注核查入口
zr_vm_lib_container/src/zr_vm_lib_container/module.c	zr_container_make_field_key	function	zr_vm_lib_container/src/zr_vm_lib_container/module.c:755;zr_vm_lib_container/src/zr_vm_lib_container/module.c:860	支撑容器的构造调用链	由描述符或注册入口调用;状态检查见当前实现	zr_vm_lib_container/src/zr_vm_lib_container/module.c:285;zr_vm_lib_container/src/zr_vm_lib_container/module.c:755	no-comment	名称、相邻类型描述符或已注释调用边界足以说明职责，无额外长期契约
zr_vm_lib_container/src/zr_vm_lib_container/module.c	zr_container_hot_field_string_cache	function	zr_vm_lib_container/src/zr_vm_lib_container/module.c:556;zr_vm_lib_container/src/zr_vm_lib_container/module.c:563;zr_vm_lib_container/src/zr_vm_lib_container/module.c:570;zr_vm_lib_container/src/zr_vm_lib_container/module.c:577;zr_vm_lib_container/src/zr_vm_lib_container/module.c:584;其余3处已扫描	支撑容器的协调调用链	由描述符或注册入口调用;状态检查见当前实现	zr_vm_lib_container/src/zr_vm_lib_container/module.c:302;zr_vm_lib_container/src/zr_vm_lib_container/module.c:556	no-comment	名称、相邻类型描述符或已注释调用边界足以说明职责，无额外长期契约
zr_vm_lib_container/src/zr_vm_lib_container/module.c	zr_container_hot_map_lookup_cache	function	zr_vm_lib_container/src/zr_vm_lib_container/module.c:409;zr_vm_lib_container/src/zr_vm_lib_container/module.c:2287;zr_vm_lib_container/src/zr_vm_lib_container/module.c:2405	支撑容器的协调调用链	由描述符或注册入口调用;状态检查见当前实现	zr_vm_lib_container/src/zr_vm_lib_container/module.c:317;zr_vm_lib_container/src/zr_vm_lib_container/module.c:409	no-comment	名称、相邻类型描述符或已注释调用边界足以说明职责，无额外长期契约
zr_vm_lib_container/src/zr_vm_lib_container/module.c	zr_container_reset_hot_map_lookup_cache_state	function	zr_vm_lib_container/src/zr_vm_lib_container/module.c:421;zr_vm_lib_container/src/zr_vm_lib_container/module.c:473;zr_vm_lib_container/src/zr_vm_lib_container/module.c:516	支撑容器的协调调用链	由描述符或注册入口调用;状态检查见当前实现	zr_vm_lib_container/src/zr_vm_lib_container/module.c:332;zr_vm_lib_container/src/zr_vm_lib_container/module.c:421	no-comment	名称、相邻类型描述符或已注释调用边界足以说明职责，无额外长期契约
zr_vm_lib_container/src/zr_vm_lib_container/module.c	zr_container_commit_hot_map_lookup_cache_entry_hit	function	zr_vm_lib_container/src/zr_vm_lib_container/module.c:379;zr_vm_lib_container/src/zr_vm_lib_container/module.c:523;zr_vm_lib_container/src/zr_vm_lib_container/module.c:542	支撑容器的协调调用链	由描述符或注册入口调用;状态检查见当前实现	zr_vm_lib_container/src/zr_vm_lib_container/module.c:347;zr_vm_lib_container/src/zr_vm_lib_container/module.c:379	no-comment	名称、相邻类型描述符或已注释调用边界足以说明职责，无额外长期契约
zr_vm_lib_container/src/zr_vm_lib_container/module.c	zr_container_commit_hot_map_lookup_cache_hit	function	zr_vm_lib_container/src/zr_vm_lib_container/module.c:400;zr_vm_lib_container/src/zr_vm_lib_container/module.c:486	支撑容器的协调调用链	由描述符或注册入口调用;状态检查见当前实现	zr_vm_lib_container/src/zr_vm_lib_container/module.c:374;zr_vm_lib_container/src/zr_vm_lib_container/module.c:400	no-comment	名称、相邻类型描述符或已注释调用边界足以说明职责，无额外长期契约
zr_vm_lib_container/src/zr_vm_lib_container/module.c	zr_container_try_hot_map_lookup_cache_slot	function	zr_vm_lib_container/src/zr_vm_lib_container/module.c:490;zr_vm_lib_container/src/zr_vm_lib_container/module.c:492;zr_vm_lib_container/src/zr_vm_lib_container/module.c:494;zr_vm_lib_container/src/zr_vm_lib_container/module.c:496	支撑容器的尝试调用链	由描述符或注册入口调用;状态检查见当前实现	zr_vm_lib_container/src/zr_vm_lib_container/module.c:388;zr_vm_lib_container/src/zr_vm_lib_container/module.c:490	no-comment	名称、相邻类型描述符或已注释调用边界足以说明职责，无额外长期契约
zr_vm_lib_container/src/zr_vm_lib_container/module.c	zr_container_update_hot_map_lookup_cache	function	zr_vm_lib_container/src/zr_vm_lib_container/module.c:2325;zr_vm_lib_container/src/zr_vm_lib_container/module.c:2349;zr_vm_lib_container/src/zr_vm_lib_container/module.c:2359;zr_vm_lib_container/src/zr_vm_lib_container/module.c:2433;zr_vm_lib_container/src/zr_vm_lib_container/module.c:2447	支撑容器的更新调用链	由描述符或注册入口调用;状态检查见当前实现	zr_vm_lib_container/src/zr_vm_lib_container/module.c:404;zr_vm_lib_container/src/zr_vm_lib_container/module.c:2325	no-comment	名称、相邻类型描述符或已注释调用边界足以说明职责，无额外长期契约
zr_vm_lib_container/src/zr_vm_lib_container/module.c	zr_container_try_hot_map_lookup_cache	function	zr_vm_lib_container/src/zr_vm_lib_container/module.c:2289	支撑容器的尝试调用链	由描述符或注册入口调用;状态检查见当前实现	zr_vm_lib_container/src/zr_vm_lib_container/module.c:458;zr_vm_lib_container/src/zr_vm_lib_container/module.c:2289	no-comment	名称、相邻类型描述符或已注释调用边界足以说明职责，无额外长期契约
zr_vm_lib_container/src/zr_vm_lib_container/module.c	zr_container_try_hot_map_lookup_cache_entry	function	zr_vm_lib_container/src/zr_vm_lib_container/module.c:2407	支撑容器的尝试调用链	由描述符或注册入口调用;状态检查见当前实现	zr_vm_lib_container/src/zr_vm_lib_container/module.c:504;zr_vm_lib_container/src/zr_vm_lib_container/module.c:2407	no-comment	名称、相邻类型描述符或已注释调用边界足以说明职责，无额外长期契约
zr_vm_lib_container/src/zr_vm_lib_container/module.c	zr_container_entries_field_string_fast	function	zr_vm_lib_container/src/zr_vm_lib_container/module.c:2162;zr_vm_lib_container/src/zr_vm_lib_container/module.c:2209	支撑容器的协调调用链	由描述符或注册入口调用;状态检查见当前实现	zr_vm_lib_container/src/zr_vm_lib_container/module.c:555;zr_vm_lib_container/src/zr_vm_lib_container/module.c:2162	no-comment	名称、相邻类型描述符或已注释调用边界足以说明职责，无额外长期契约
zr_vm_lib_container/src/zr_vm_lib_container/module.c	zr_container_items_field_string_fast	function	zr_vm_lib_container/src/zr_vm_lib_container/module.c:2213	支撑容器的协调调用链	由描述符或注册入口调用;状态检查见当前实现	zr_vm_lib_container/src/zr_vm_lib_container/module.c:562;zr_vm_lib_container/src/zr_vm_lib_container/module.c:2213	no-comment	名称、相邻类型描述符或已注释调用边界足以说明职责，无额外长期契约
zr_vm_lib_container/src/zr_vm_lib_container/module.c	zr_container_pair_first_field_string_fast	function	zr_vm_lib_container/src/zr_vm_lib_container/module.c:1397	支撑容器的协调调用链	由描述符或注册入口调用;状态检查见当前实现	zr_vm_lib_container/src/zr_vm_lib_container/module.c:569;zr_vm_lib_container/src/zr_vm_lib_container/module.c:1397	no-comment	名称、相邻类型描述符或已注释调用边界足以说明职责，无额外长期契约
zr_vm_lib_container/src/zr_vm_lib_container/module.c	zr_container_pair_second_field_string_fast	function	zr_vm_lib_container/src/zr_vm_lib_container/module.c:1412;zr_vm_lib_container/src/zr_vm_lib_container/module.c:1429	支撑容器的协调调用链	由描述符或注册入口调用;状态检查见当前实现	zr_vm_lib_container/src/zr_vm_lib_container/module.c:576;zr_vm_lib_container/src/zr_vm_lib_container/module.c:1412	no-comment	名称、相邻类型描述符或已注释调用边界足以说明职责，无额外长期契约
zr_vm_lib_container/src/zr_vm_lib_container/module.c	zr_container_iterator_source_field_string_fast	function	zr_vm_lib_container/src/zr_vm_lib_container/module.c:1214	支撑容器的协调调用链	由描述符或注册入口调用;状态检查见当前实现	zr_vm_lib_container/src/zr_vm_lib_container/module.c:583;zr_vm_lib_container/src/zr_vm_lib_container/module.c:1214	no-comment	名称、相邻类型描述符或已注释调用边界足以说明职责，无额外长期契约
zr_vm_lib_container/src/zr_vm_lib_container/module.c	zr_container_iterator_current_field_string_fast	function	zr_vm_lib_container/src/zr_vm_lib_container/module.c:1224	支撑容器的协调调用链	由描述符或注册入口调用;状态检查见当前实现	zr_vm_lib_container/src/zr_vm_lib_container/module.c:590;zr_vm_lib_container/src/zr_vm_lib_container/module.c:1224	no-comment	名称、相邻类型描述符或已注释调用边界足以说明职责，无额外长期契约
zr_vm_lib_container/src/zr_vm_lib_container/module.c	zr_container_iterator_index_field_string_fast	function	zr_vm_lib_container/src/zr_vm_lib_container/module.c:1285	支撑容器的协调调用链	由描述符或注册入口调用;状态检查见当前实现	zr_vm_lib_container/src/zr_vm_lib_container/module.c:597;zr_vm_lib_container/src/zr_vm_lib_container/module.c:1285	no-comment	名称、相邻类型描述符或已注释调用边界足以说明职责，无额外长期契约
zr_vm_lib_container/src/zr_vm_lib_container/module.c	zr_container_iterator_next_node_field_string_fast	function	zr_vm_lib_container/src/zr_vm_lib_container/module.c:1302	支撑容器的协调调用链	由描述符或注册入口调用;状态检查见当前实现	zr_vm_lib_container/src/zr_vm_lib_container/module.c:604;zr_vm_lib_container/src/zr_vm_lib_container/module.c:1302	no-comment	名称、相邻类型描述符或已注释调用边界足以说明职责，无额外长期契约
zr_vm_lib_container/src/zr_vm_lib_container/module.c	zr_container_iterator_runtime_prototype	function	zr_vm_lib_container/src/zr_vm_lib_container/module.c:2587	支撑容器的协调调用链	由描述符或注册入口调用;状态检查见当前实现	zr_vm_lib_container/src/zr_vm_lib_container/module.c:613;zr_vm_lib_container/src/zr_vm_lib_container/module.c:2587	no-comment	名称、相邻类型描述符或已注释调用边界足以说明职责，无额外长期契约
zr_vm_lib_container/src/zr_vm_lib_container/module.c	zr_container_self_object	function	zr_vm_lib_container/src/zr_vm_lib_container/module.c:707;zr_vm_lib_container/src/zr_vm_lib_container/module.c:2830;zr_vm_lib_container/src/zr_vm_lib_container/module.c:2864;zr_vm_lib_container/src/zr_vm_lib_container/module.c:2892;zr_vm_lib_container/src/zr_vm_lib_container/module.c:2941;其余24处已扫描	支撑容器的协调调用链	由描述符或注册入口调用;状态检查见当前实现	zr_vm_lib_container/src/zr_vm_lib_container/module.c:685;zr_vm_lib_container/src/zr_vm_lib_container/module.c:707	no-comment	名称、相邻类型描述符或已注释调用边界足以说明职责，无额外长期契约
zr_vm_lib_container/src/zr_vm_lib_container/module.c	zr_container_object_is_owner_instance	function	zr_vm_lib_container/src/zr_vm_lib_container/module.c:710;zr_vm_lib_container/src/zr_vm_lib_container/module.c:2848	支撑容器的协调调用链	由描述符或注册入口调用;状态检查见当前实现	zr_vm_lib_container/src/zr_vm_lib_container/module.c:693;zr_vm_lib_container/src/zr_vm_lib_container/module.c:710	no-comment	名称、相邻类型描述符或已注释调用边界足以说明职责，无额外长期契约
zr_vm_lib_container/src/zr_vm_lib_container/module.c	zr_container_resolve_construct_target	function	zr_vm_lib_container/src/zr_vm_lib_container/module.c:2803;zr_vm_lib_container/src/zr_vm_lib_container/module.c:2909;zr_vm_lib_container/src/zr_vm_lib_container/module.c:3283;zr_vm_lib_container/src/zr_vm_lib_container/module.c:3557;zr_vm_lib_container/src/zr_vm_lib_container/module.c:3680;其余1处已扫描	支撑容器的协调调用链	由描述符或注册入口调用;状态检查见当前实现	zr_vm_lib_container/src/zr_vm_lib_container/module.c:698;zr_vm_lib_container/src/zr_vm_lib_container/module.c:2803	no-comment	名称、相邻类型描述符或已注释调用边界足以说明职责，无额外长期契约
zr_vm_lib_container/src/zr_vm_lib_container/module.c	zr_container_value_type_for_object	function	zr_vm_lib_container/src/zr_vm_lib_container/module.c:741;zr_vm_lib_container/src/zr_vm_lib_container/module.c:850;zr_vm_lib_container/src/zr_vm_lib_container/module.c:1633;zr_vm_lib_container/src/zr_vm_lib_container/module.c:1672	支撑容器的协调调用链	由描述符或注册入口调用;状态检查见当前实现	zr_vm_lib_container/src/zr_vm_lib_container/module.c:720;zr_vm_lib_container/src/zr_vm_lib_container/module.c:741	no-comment	名称、相邻类型描述符或已注释调用边界足以说明职责，无额外长期契约
zr_vm_lib_container/src/zr_vm_lib_container/module.c	zr_container_value_set_object_fast	function	zr_vm_lib_container/src/zr_vm_lib_container/module.c:741;zr_vm_lib_container/src/zr_vm_lib_container/module.c:850;zr_vm_lib_container/src/zr_vm_lib_container/module.c:1210;zr_vm_lib_container/src/zr_vm_lib_container/module.c:1298;zr_vm_lib_container/src/zr_vm_lib_container/module.c:1633;其余4处已扫描	支撑容器的写入调用链	由描述符或注册入口调用;状态检查见当前实现	zr_vm_lib_container/src/zr_vm_lib_container/module.c:724;zr_vm_lib_container/src/zr_vm_lib_container/module.c:741	no-comment	名称、相邻类型描述符或已注释调用边界足以说明职责，无额外长期契约
zr_vm_lib_container/src/zr_vm_lib_container/module.c	zr_container_finish_object	function	zr_vm_lib_container/src/zr_vm_lib_container/module.c:2826;zr_vm_lib_container/src/zr_vm_lib_container/module.c:2937;zr_vm_lib_container/src/zr_vm_lib_container/module.c:3165;zr_vm_lib_container/src/zr_vm_lib_container/module.c:3294;zr_vm_lib_container/src/zr_vm_lib_container/module.c:3375;其余7处已扫描	支撑容器的协调调用链	由描述符或注册入口调用;状态检查见当前实现	zr_vm_lib_container/src/zr_vm_lib_container/module.c:736;zr_vm_lib_container/src/zr_vm_lib_container/module.c:2826	no-comment	名称、相邻类型描述符或已注释调用边界足以说明职责，无额外长期契约
zr_vm_lib_container/src/zr_vm_lib_container/module.c	zr_container_set_value_field_fast	function	zr_vm_lib_container/src/zr_vm_lib_container/module.c:809;zr_vm_lib_container/src/zr_vm_lib_container/module.c:833;zr_vm_lib_container/src/zr_vm_lib_container/module.c:851;zr_vm_lib_container/src/zr_vm_lib_container/module.c:1460;zr_vm_lib_container/src/zr_vm_lib_container/module.c:2222;其余5处已扫描	支撑容器的写入调用链	由描述符或注册入口调用;状态检查见当前实现	zr_vm_lib_container/src/zr_vm_lib_container/module.c:745;zr_vm_lib_container/src/zr_vm_lib_container/module.c:809	no-comment	名称、相邻类型描述符或已注释调用边界足以说明职责，无额外长期契约
zr_vm_lib_container/src/zr_vm_lib_container/module.c	zr_container_set_int_field_fast	function	zr_vm_lib_container/src/zr_vm_lib_container/module.c:2554;zr_vm_lib_container/src/zr_vm_lib_container/module.c:2933;zr_vm_lib_container/src/zr_vm_lib_container/module.c:2934;zr_vm_lib_container/src/zr_vm_lib_container/module.c:2964;zr_vm_lib_container/src/zr_vm_lib_container/module.c:2989;其余15处已扫描	支撑容器的写入调用链	由描述符或注册入口调用;状态检查见当前实现	zr_vm_lib_container/src/zr_vm_lib_container/module.c:785;zr_vm_lib_container/src/zr_vm_lib_container/module.c:2554	no-comment	名称、相邻类型描述符或已注释调用边界足以说明职责，无额外长期契约
zr_vm_lib_container/src/zr_vm_lib_container/module.c	zr_container_set_null_field_fast	function	zr_vm_lib_container/src/zr_vm_lib_container/module.c:847;zr_vm_lib_container/src/zr_vm_lib_container/module.c:2226;zr_vm_lib_container/src/zr_vm_lib_container/module.c:2235;zr_vm_lib_container/src/zr_vm_lib_container/module.c:2252;zr_vm_lib_container/src/zr_vm_lib_container/module.c:2256;其余14处已扫描	支撑容器的写入调用链	由描述符或注册入口调用;状态检查见当前实现	zr_vm_lib_container/src/zr_vm_lib_container/module.c:812;zr_vm_lib_container/src/zr_vm_lib_container/module.c:847	no-comment	名称、相邻类型描述符或已注释调用边界足以说明职责，无额外长期契约
zr_vm_lib_container/src/zr_vm_lib_container/module.c	zr_container_set_object_field_fast	function	zr_vm_lib_container/src/zr_vm_lib_container/module.c:2932;zr_vm_lib_container/src/zr_vm_lib_container/module.c:3290;zr_vm_lib_container/src/zr_vm_lib_container/module.c:3564;zr_vm_lib_container/src/zr_vm_lib_container/module.c:3715;zr_vm_lib_container/src/zr_vm_lib_container/module.c:3717;其余10处已扫描	支撑容器的写入调用链	由描述符或注册入口调用;状态检查见当前实现	zr_vm_lib_container/src/zr_vm_lib_container/module.c:836;zr_vm_lib_container/src/zr_vm_lib_container/module.c:2932	no-comment	名称、相邻类型描述符或已注释调用边界足以说明职责，无额外长期契约
zr_vm_lib_container/src/zr_vm_lib_container/module.c	zr_container_get_field_value	function	zr_vm_lib_container/src/zr_vm_lib_container/module.c:1380;zr_vm_lib_container/src/zr_vm_lib_container/module.c:1667	支撑容器的获取调用链	由描述符或注册入口调用;状态检查见当前实现	zr_vm_lib_container/src/zr_vm_lib_container/module.c:854;zr_vm_lib_container/src/zr_vm_lib_container/module.c:1380	no-comment	名称、相邻类型描述符或已注释调用边界足以说明职责，无额外长期契约
zr_vm_lib_container/src/zr_vm_lib_container/module.c	zr_container_find_own_string_pair_exact	function	zr_vm_lib_container/src/zr_vm_lib_container/module.c:1082;zr_vm_lib_container/src/zr_vm_lib_container/module.c:1122;zr_vm_lib_container/src/zr_vm_lib_container/module.c:1341	支撑容器的查找调用链	由描述符或注册入口调用;状态检查见当前实现	zr_vm_lib_container/src/zr_vm_lib_container/module.c:934;zr_vm_lib_container/src/zr_vm_lib_container/module.c:1082	no-comment	名称、相邻类型描述符或已注释调用边界足以说明职责，无额外长期契约
zr_vm_lib_container/src/zr_vm_lib_container/module.c	zr_container_pair_matches_field_string	function	zr_vm_lib_container/src/zr_vm_lib_container/module.c:100;zr_vm_lib_container/src/zr_vm_lib_container/module.c:801;zr_vm_lib_container/src/zr_vm_lib_container/module.c:825;zr_vm_lib_container/src/zr_vm_lib_container/module.c:1061;zr_vm_lib_container/src/zr_vm_lib_container/module.c:1066;其余4处已扫描	支撑容器的协调调用链	由描述符或注册入口调用;状态检查见当前实现	zr_vm_lib_container/src/zr_vm_lib_container/module.c:955;zr_vm_lib_container/src/zr_vm_lib_container/module.c:100	no-comment	名称、相邻类型描述符或已注释调用边界足以说明职责，无额外长期契约
zr_vm_lib_container/src/zr_vm_lib_container/module.c	zr_container_try_match_cached_field_pair_exact	function	zr_vm_lib_container/src/zr_vm_lib_container/module.c:1000;zr_vm_lib_container/src/zr_vm_lib_container/module.c:1399;zr_vm_lib_container/src/zr_vm_lib_container/module.c:1414;zr_vm_lib_container/src/zr_vm_lib_container/module.c:1436	支撑容器的尝试调用链	由描述符或注册入口调用;状态检查见当前实现	zr_vm_lib_container/src/zr_vm_lib_container/module.c:973;zr_vm_lib_container/src/zr_vm_lib_container/module.c:1000	no-comment	名称、相邻类型描述符或已注释调用边界足以说明职责，无额外长期契约
zr_vm_lib_container/src/zr_vm_lib_container/module.c	zr_container_try_get_hot_field_value_exact	function	zr_vm_lib_container/src/zr_vm_lib_container/module.c:1370	支撑容器的获取调用链	由描述符或注册入口调用;状态检查见当前实现	zr_vm_lib_container/src/zr_vm_lib_container/module.c:983;zr_vm_lib_container/src/zr_vm_lib_container/module.c:1370	no-comment	名称、相邻类型描述符或已注释调用边界足以说明职责，无额外长期契约
zr_vm_lib_container/src/zr_vm_lib_container/module.c	zr_container_cache_string_lookup_pair_mru	function	zr_vm_lib_container/src/zr_vm_lib_container/module.c:103;zr_vm_lib_container/src/zr_vm_lib_container/module.c:804;zr_vm_lib_container/src/zr_vm_lib_container/module.c:828;zr_vm_lib_container/src/zr_vm_lib_container/module.c:1043;zr_vm_lib_container/src/zr_vm_lib_container/module.c:1075;其余3处已扫描	支撑容器的协调调用链	由描述符或注册入口调用;状态检查见当前实现	zr_vm_lib_container/src/zr_vm_lib_container/module.c:1004;zr_vm_lib_container/src/zr_vm_lib_container/module.c:103	no-comment	名称、相邻类型描述符或已注释调用边界足以说明职责，无额外长期契约
zr_vm_lib_container/src/zr_vm_lib_container/module.c	zr_container_try_set_existing_pair_value_plain_fast	function	zr_vm_lib_container/src/zr_vm_lib_container/module.c:92;zr_vm_lib_container/src/zr_vm_lib_container/module.c:1147;zr_vm_lib_container/src/zr_vm_lib_container/module.c:1438;zr_vm_lib_container/src/zr_vm_lib_container/module.c:1509	支撑容器的写入调用链	由描述符或注册入口调用;状态检查见当前实现	zr_vm_lib_container/src/zr_vm_lib_container/module.c:1027;zr_vm_lib_container/src/zr_vm_lib_container/module.c:92	no-comment	名称、相邻类型描述符或已注释调用边界足以说明职责，无额外长期契约
zr_vm_lib_container/src/zr_vm_lib_container/module.c	zr_container_find_own_cached_field_pair_fast	function	zr_vm_lib_container/src/zr_vm_lib_container/module.c:1101;zr_vm_lib_container/src/zr_vm_lib_container/module.c:1142;zr_vm_lib_container/src/zr_vm_lib_container/module.c:2145	支撑容器的查找调用链	由描述符或注册入口调用;状态检查见当前实现	zr_vm_lib_container/src/zr_vm_lib_container/module.c:1047;zr_vm_lib_container/src/zr_vm_lib_container/module.c:1101	no-comment	名称、相邻类型描述符或已注释调用边界足以说明职责，无额外长期契约
zr_vm_lib_container/src/zr_vm_lib_container/module.c	zr_container_get_cached_field_value_fast	function	zr_vm_lib_container/src/zr_vm_lib_container/module.c:1403;zr_vm_lib_container/src/zr_vm_lib_container/module.c:1418	支撑容器的获取调用链	由描述符或注册入口调用;状态检查见当前实现	zr_vm_lib_container/src/zr_vm_lib_container/module.c:1096;zr_vm_lib_container/src/zr_vm_lib_container/module.c:1403	no-comment	名称、相邻类型描述符或已注释调用边界足以说明职责，无额外长期契约
zr_vm_lib_container/src/zr_vm_lib_container/module.c	zr_container_refresh_cached_field_slot	function	zr_vm_lib_container/src/zr_vm_lib_container/module.c:96;zr_vm_lib_container/src/zr_vm_lib_container/module.c:767;zr_vm_lib_container/src/zr_vm_lib_container/module.c:1178	支撑容器的协调调用链	由描述符或注册入口调用;状态检查见当前实现	zr_vm_lib_container/src/zr_vm_lib_container/module.c:1106;zr_vm_lib_container/src/zr_vm_lib_container/module.c:96	no-comment	名称、相邻类型描述符或已注释调用边界足以说明职责，无额外长期契约
zr_vm_lib_container/src/zr_vm_lib_container/module.c	zr_container_set_cached_field_value_fast	function	zr_vm_lib_container/src/zr_vm_lib_container/module.c:1198;zr_vm_lib_container/src/zr_vm_lib_container/module.c:1452;zr_vm_lib_container/src/zr_vm_lib_container/module.c:2195	支撑容器的写入调用链	由描述符或注册入口调用;状态检查见当前实现	zr_vm_lib_container/src/zr_vm_lib_container/module.c:1129;zr_vm_lib_container/src/zr_vm_lib_container/module.c:1198	no-comment	名称、相邻类型描述符或已注释调用边界足以说明职责，无额外长期契约
zr_vm_lib_container/src/zr_vm_lib_container/module.c	zr_container_set_iterator_cached_value_fast	function	zr_vm_lib_container/src/zr_vm_lib_container/module.c:1212;zr_vm_lib_container/src/zr_vm_lib_container/module.c:1222;zr_vm_lib_container/src/zr_vm_lib_container/module.c:1283;zr_vm_lib_container/src/zr_vm_lib_container/module.c:1300	支撑容器的写入调用链	由描述符或注册入口调用;状态检查见当前实现	zr_vm_lib_container/src/zr_vm_lib_container/module.c:1192;zr_vm_lib_container/src/zr_vm_lib_container/module.c:1212	no-comment	名称、相邻类型描述符或已注释调用边界足以说明职责，无额外长期契约
zr_vm_lib_container/src/zr_vm_lib_container/module.c	zr_container_set_iterator_source_object_fast	function	zr_vm_lib_container/src/zr_vm_lib_container/module.c:2601	支撑容器的写入调用链	由描述符或注册入口调用;状态检查见当前实现	zr_vm_lib_container/src/zr_vm_lib_container/module.c:1201;zr_vm_lib_container/src/zr_vm_lib_container/module.c:2601	no-comment	名称、相邻类型描述符或已注释调用边界足以说明职责，无额外长期契约
zr_vm_lib_container/src/zr_vm_lib_container/module.c	zr_container_set_iterator_current_value_fast	function	zr_vm_lib_container/src/zr_vm_lib_container/module.c:1261;zr_vm_lib_container/src/zr_vm_lib_container/module.c:1268;zr_vm_lib_container/src/zr_vm_lib_container/module.c:2748;zr_vm_lib_container/src/zr_vm_lib_container/module.c:2774	支撑容器的写入调用链	由描述符或注册入口调用;状态检查见当前实现	zr_vm_lib_container/src/zr_vm_lib_container/module.c:1219;zr_vm_lib_container/src/zr_vm_lib_container/module.c:1261	no-comment	名称、相邻类型描述符或已注释调用边界足以说明职责，无额外长期契约
zr_vm_lib_container/src/zr_vm_lib_container/module.c	zr_container_set_iterator_cached_int_pair_fast	function	zr_vm_lib_container/src/zr_vm_lib_container/module.c:1254;zr_vm_lib_container/src/zr_vm_lib_container/module.c:1276	支撑容器的写入调用链	由描述符或注册入口调用;状态检查见当前实现	zr_vm_lib_container/src/zr_vm_lib_container/module.c:1229;zr_vm_lib_container/src/zr_vm_lib_container/module.c:1254	no-comment	名称、相邻类型描述符或已注释调用边界足以说明职责，无额外长期契约
zr_vm_lib_container/src/zr_vm_lib_container/module.c	zr_container_set_iterator_current_int_fast	function	zr_vm_lib_container/src/zr_vm_lib_container/module.c:2733	支撑容器的写入调用链	由描述符或注册入口调用;状态检查见当前实现	zr_vm_lib_container/src/zr_vm_lib_container/module.c:1249;zr_vm_lib_container/src/zr_vm_lib_container/module.c:2733	no-comment	名称、相邻类型描述符或已注释调用边界足以说明职责，无额外长期契约
zr_vm_lib_container/src/zr_vm_lib_container/module.c	zr_container_set_iterator_current_null_fast	function	zr_vm_lib_container/src/zr_vm_lib_container/module.c:2598;zr_vm_lib_container/src/zr_vm_lib_container/module.c:2728;zr_vm_lib_container/src/zr_vm_lib_container/module.c:2742;zr_vm_lib_container/src/zr_vm_lib_container/module.c:2766;zr_vm_lib_container/src/zr_vm_lib_container/module.c:2778	支撑容器的写入调用链	由描述符或注册入口调用;状态检查见当前实现	zr_vm_lib_container/src/zr_vm_lib_container/module.c:1264;zr_vm_lib_container/src/zr_vm_lib_container/module.c:2598	no-comment	名称、相邻类型描述符或已注释调用边界足以说明职责，无额外长期契约
zr_vm_lib_container/src/zr_vm_lib_container/module.c	zr_container_set_iterator_index_fast	function	zr_vm_lib_container/src/zr_vm_lib_container/module.c:2602;zr_vm_lib_container/src/zr_vm_lib_container/module.c:2734;zr_vm_lib_container/src/zr_vm_lib_container/module.c:2749	支撑容器的写入调用链	由描述符或注册入口调用;状态检查见当前实现	zr_vm_lib_container/src/zr_vm_lib_container/module.c:1271;zr_vm_lib_container/src/zr_vm_lib_container/module.c:2602	no-comment	名称、相邻类型描述符或已注释调用边界足以说明职责，无额外长期契约
zr_vm_lib_container/src/zr_vm_lib_container/module.c	zr_container_set_iterator_next_node_fast	function	zr_vm_lib_container/src/zr_vm_lib_container/module.c:2603;zr_vm_lib_container/src/zr_vm_lib_container/module.c:2782	支撑容器的写入调用链	由描述符或注册入口调用;状态检查见当前实现	zr_vm_lib_container/src/zr_vm_lib_container/module.c:1290;zr_vm_lib_container/src/zr_vm_lib_container/module.c:2603	no-comment	名称、相邻类型描述符或已注释调用边界足以说明职责，无额外长期契约
zr_vm_lib_container/src/zr_vm_lib_container/module.c	zr_container_find_own_field_pair_fast	function	zr_vm_lib_container/src/zr_vm_lib_container/module.c:1375	支撑容器的查找调用链	由描述符或注册入口调用;状态检查见当前实现	zr_vm_lib_container/src/zr_vm_lib_container/module.c:1307;zr_vm_lib_container/src/zr_vm_lib_container/module.c:1375	no-comment	名称、相邻类型描述符或已注释调用边界足以说明职责，无额外长期契约
zr_vm_lib_container/src/zr_vm_lib_container/module.c	zr_container_get_own_field_value_fast	function	zr_vm_lib_container/src/zr_vm_lib_container/module.c:1386;zr_vm_lib_container/src/zr_vm_lib_container/module.c:1408;zr_vm_lib_container/src/zr_vm_lib_container/module.c:1423;zr_vm_lib_container/src/zr_vm_lib_container/module.c:1640;zr_vm_lib_container/src/zr_vm_lib_container/module.c:2772;其余3处已扫描	支撑容器的获取调用链	由描述符或注册入口调用;状态检查见当前实现	zr_vm_lib_container/src/zr_vm_lib_container/module.c:1360;zr_vm_lib_container/src/zr_vm_lib_container/module.c:1386	no-comment	名称、相邻类型描述符或已注释调用边界足以说明职责，无额外长期契约
zr_vm_lib_container/src/zr_vm_lib_container/module.c	zr_container_get_object_field_fast	function	zr_vm_lib_container/src/zr_vm_lib_container/module.c:2660;zr_vm_lib_container/src/zr_vm_lib_container/module.c:2683;zr_vm_lib_container/src/zr_vm_lib_container/module.c:2784;zr_vm_lib_container/src/zr_vm_lib_container/module.c:3712;zr_vm_lib_container/src/zr_vm_lib_container/module.c:3713;其余9处已扫描	支撑容器的获取调用链	由描述符或注册入口调用;状态检查见当前实现	zr_vm_lib_container/src/zr_vm_lib_container/module.c:1383;zr_vm_lib_container/src/zr_vm_lib_container/module.c:2660	no-comment	名称、相邻类型描述符或已注释调用边界足以说明职责，无额外长期契约
zr_vm_lib_container/src/zr_vm_lib_container/module.c	zr_container_pair_get_first_fast	function	zr_vm_lib_container/src/zr_vm_lib_container/module.c:1476;zr_vm_lib_container/src/zr_vm_lib_container/module.c:2853;zr_vm_lib_container/src/zr_vm_lib_container/module.c:2855;zr_vm_lib_container/src/zr_vm_lib_container/module.c:2880;zr_vm_lib_container/src/zr_vm_lib_container/module.c:2881;其余1处已扫描	支撑容器的获取调用链	由描述符或注册入口调用;状态检查见当前实现	zr_vm_lib_container/src/zr_vm_lib_container/module.c:1396;zr_vm_lib_container/src/zr_vm_lib_container/module.c:1476	no-comment	名称、相邻类型描述符或已注释调用边界足以说明职责，无额外长期契约
zr_vm_lib_container/src/zr_vm_lib_container/module.c	zr_container_pair_get_second_fast	function	zr_vm_lib_container/src/zr_vm_lib_container/module.c:1492;zr_vm_lib_container/src/zr_vm_lib_container/module.c:2854;zr_vm_lib_container/src/zr_vm_lib_container/module.c:2856;zr_vm_lib_container/src/zr_vm_lib_container/module.c:2884;zr_vm_lib_container/src/zr_vm_lib_container/module.c:2885;其余1处已扫描	支撑容器的获取调用链	由描述符或注册入口调用;状态检查见当前实现	zr_vm_lib_container/src/zr_vm_lib_container/module.c:1411;zr_vm_lib_container/src/zr_vm_lib_container/module.c:1492	no-comment	名称、相邻类型描述符或已注释调用边界足以说明职责，无额外长期契约
zr_vm_lib_container/src/zr_vm_lib_container/module.c	zr_container_pair_set_second_fast	function	zr_vm_lib_container/src/zr_vm_lib_container/module.c:1506	支撑容器的写入调用链	由描述符或注册入口调用;状态检查见当前实现	zr_vm_lib_container/src/zr_vm_lib_container/module.c:1426;zr_vm_lib_container/src/zr_vm_lib_container/module.c:1506	no-comment	名称、相邻类型描述符或已注释调用边界足以说明职责，无额外长期契约
zr_vm_lib_container/src/zr_vm_lib_container/module.c	zr_container_map_entry_get_first_value_fast	function	zr_vm_lib_container/src/zr_vm_lib_container/module.c:2314;zr_vm_lib_container/src/zr_vm_lib_container/module.c:2373;zr_vm_lib_container/src/zr_vm_lib_container/module.c:2428;zr_vm_lib_container/src/zr_vm_lib_container/module.c:2466	支撑容器的获取调用链	由描述符或注册入口调用;状态检查见当前实现	zr_vm_lib_container/src/zr_vm_lib_container/module.c:1463;zr_vm_lib_container/src/zr_vm_lib_container/module.c:2314	no-comment	名称、相邻类型描述符或已注释调用边界足以说明职责，无额外长期契约
zr_vm_lib_container/src/zr_vm_lib_container/module.c	zr_container_map_entry_get_second_value_fast	function	zr_vm_lib_container/src/zr_vm_lib_container/module.c:3404;zr_vm_lib_container/src/zr_vm_lib_container/module.c:3448	支撑容器的获取调用链	由描述符或注册入口调用;状态检查见当前实现	zr_vm_lib_container/src/zr_vm_lib_container/module.c:1479;zr_vm_lib_container/src/zr_vm_lib_container/module.c:3404	no-comment	名称、相邻类型描述符或已注释调用边界足以说明职责，无额外长期契约
zr_vm_lib_container/src/zr_vm_lib_container/module.c	zr_container_map_entry_set_second_value_fast	function	zr_vm_lib_container/src/zr_vm_lib_container/module.c:3475;zr_vm_lib_container/src/zr_vm_lib_container/module.c:3550	支撑容器的写入调用链	由描述符或注册入口调用;状态检查见当前实现	zr_vm_lib_container/src/zr_vm_lib_container/module.c:1495;zr_vm_lib_container/src/zr_vm_lib_container/module.c:3475	no-comment	名称、相邻类型描述符或已注释调用边界足以说明职责，无额外长期契约
zr_vm_lib_container/src/zr_vm_lib_container/module.c	zr_container_array_get_value_fast	function	zr_vm_lib_container/src/zr_vm_lib_container/module.c:1617;zr_vm_lib_container/src/zr_vm_lib_container/module.c:2095;zr_vm_lib_container/src/zr_vm_lib_container/module.c:2121;zr_vm_lib_container/src/zr_vm_lib_container/module.c:2509;zr_vm_lib_container/src/zr_vm_lib_container/module.c:2523;其余5处已扫描	支撑容器的获取调用链	由描述符或注册入口调用;状态检查见当前实现	zr_vm_lib_container/src/zr_vm_lib_container/module.c:1522;zr_vm_lib_container/src/zr_vm_lib_container/module.c:1617	no-comment	名称、相邻类型描述符或已注释调用边界足以说明职责，无额外长期契约
zr_vm_lib_container/src/zr_vm_lib_container/module.c	zr_container_array_length_fast	function	zr_vm_lib_container/src/zr_vm_lib_container/module.c:1989;zr_vm_lib_container/src/zr_vm_lib_container/module.c:2000;zr_vm_lib_container/src/zr_vm_lib_container/module.c:2079;zr_vm_lib_container/src/zr_vm_lib_container/module.c:2111;zr_vm_lib_container/src/zr_vm_lib_container/module.c:2305;其余14处已扫描	支撑容器的协调调用链	由描述符或注册入口调用;状态检查见当前实现	zr_vm_lib_container/src/zr_vm_lib_container/module.c:1549;zr_vm_lib_container/src/zr_vm_lib_container/module.c:1989	no-comment	名称、相邻类型描述符或已注释调用边界足以说明职责，无额外长期契约
zr_vm_lib_container/src/zr_vm_lib_container/module.c	zr_container_array_raw_int_active	function	zr_vm_lib_container/src/zr_vm_lib_container/module.c:86;zr_vm_lib_container/src/zr_vm_lib_container/module.c:1531;zr_vm_lib_container/src/zr_vm_lib_container/module.c:1912;zr_vm_lib_container/src/zr_vm_lib_container/module.c:2021;zr_vm_lib_container/src/zr_vm_lib_container/module.c:2048;其余7处已扫描	支撑容器的协调调用链	由描述符或注册入口调用;状态检查见当前实现	zr_vm_lib_container/src/zr_vm_lib_container/module.c:1561;zr_vm_lib_container/src/zr_vm_lib_container/module.c:86	no-comment	名称、相邻类型描述符或已注释调用边界足以说明职责，无额外长期契约
zr_vm_lib_container/src/zr_vm_lib_container/module.c	zr_container_hash_set_clear_reuse_storage	function	zr_vm_lib_container/src/zr_vm_lib_container/module.c:1590	支撑容器的清空调用链	由描述符或注册入口调用;状态检查见当前实现	zr_vm_lib_container/src/zr_vm_lib_container/module.c:1569;zr_vm_lib_container/src/zr_vm_lib_container/module.c:1590	no-comment	名称、相邻类型描述符或已注释调用边界足以说明职责，无额外长期契约
zr_vm_lib_container/src/zr_vm_lib_container/module.c	zr_container_array_clear_items_reuse_storage	function	zr_vm_lib_container/src/zr_vm_lib_container/module.c:3031;zr_vm_lib_container/src/zr_vm_lib_container/module.c:3351;zr_vm_lib_container/src/zr_vm_lib_container/module.c:3652	支撑容器的清空调用链	由描述符或注册入口调用;状态检查见当前实现	zr_vm_lib_container/src/zr_vm_lib_container/module.c:1585;zr_vm_lib_container/src/zr_vm_lib_container/module.c:3031	no-comment	名称、相邻类型描述符或已注释调用边界足以说明职责，无额外长期契约
zr_vm_lib_container/src/zr_vm_lib_container/module.c	zr_container_array_get_object_fast	function	zr_vm_lib_container/src/zr_vm_lib_container/module.c:87;zr_vm_lib_container/src/zr_vm_lib_container/module.c:2308;zr_vm_lib_container/src/zr_vm_lib_container/module.c:2367;zr_vm_lib_container/src/zr_vm_lib_container/module.c:2423;zr_vm_lib_container/src/zr_vm_lib_container/module.c:2460	支撑容器的获取调用链	由描述符或注册入口调用;状态检查见当前实现	zr_vm_lib_container/src/zr_vm_lib_container/module.c:1614;zr_vm_lib_container/src/zr_vm_lib_container/module.c:87	no-comment	名称、相邻类型描述符或已注释调用边界足以说明职责，无额外长期契约
zr_vm_lib_container/src/zr_vm_lib_container/module.c	zr_container_array_make_receiver_value	function	zr_vm_lib_container/src/zr_vm_lib_container/module.c:3274	支撑容器的构造调用链	由描述符或注册入口调用;状态检查见当前实现	zr_vm_lib_container/src/zr_vm_lib_container/module.c:1626;zr_vm_lib_container/src/zr_vm_lib_container/module.c:3274	no-comment	名称、相邻类型描述符或已注释调用边界足以说明职责，无额外长期契约
zr_vm_lib_container/src/zr_vm_lib_container/module.c	zr_container_get_int_field	function	zr_vm_lib_container/src/zr_vm_lib_container/module.c:2543;zr_vm_lib_container/src/zr_vm_lib_container/module.c:2707;zr_vm_lib_container/src/zr_vm_lib_container/module.c:3727;zr_vm_lib_container/src/zr_vm_lib_container/module.c:3772;zr_vm_lib_container/src/zr_vm_lib_container/module.c:3808	支撑容器的获取调用链	由描述符或注册入口调用;状态检查见当前实现	zr_vm_lib_container/src/zr_vm_lib_container/module.c:1636;zr_vm_lib_container/src/zr_vm_lib_container/module.c:2543	no-comment	名称、相邻类型描述符或已注释调用边界足以说明职责，无额外长期契约
zr_vm_lib_container/src/zr_vm_lib_container/module.c	zr_container_call_method	function	zr_vm_lib_container/src/zr_vm_lib_container/module.c:1695;zr_vm_lib_container/src/zr_vm_lib_container/module.c:1852;zr_vm_lib_container/src/zr_vm_lib_container/module.c:1877	支撑容器的协调调用链	由描述符或注册入口调用;状态检查见当前实现	zr_vm_lib_container/src/zr_vm_lib_container/module.c:1654;zr_vm_lib_container/src/zr_vm_lib_container/module.c:1695	no-comment	名称、相邻类型描述符或已注释调用边界足以说明职责，无额外长期契约
zr_vm_lib_container/src/zr_vm_lib_container/module.c	zr_container_values_equal	function	zr_vm_lib_container/src/zr_vm_lib_container/module.c:1825;zr_vm_lib_container/src/zr_vm_lib_container/module.c:2375;zr_vm_lib_container/src/zr_vm_lib_container/module.c:2468;zr_vm_lib_container/src/zr_vm_lib_container/module.c:2525;zr_vm_lib_container/src/zr_vm_lib_container/module.c:2858;其余4处已扫描	支撑容器的比较相等调用链	由描述符或注册入口调用;状态检查见当前实现	zr_vm_lib_container/src/zr_vm_lib_container/module.c:1678;zr_vm_lib_container/src/zr_vm_lib_container/module.c:1825	no-comment	名称、相邻类型描述符或已注释调用边界足以说明职责，无额外长期契约
zr_vm_lib_container/src/zr_vm_lib_container/module.c	zr_container_int_values_equal_fast	function	zr_vm_lib_container/src/zr_vm_lib_container/module.c:2511;zr_vm_lib_container/src/zr_vm_lib_container/module.c:3072;zr_vm_lib_container/src/zr_vm_lib_container/module.c:3129	支撑容器的比较相等调用链	由描述符或注册入口调用;状态检查见当前实现	zr_vm_lib_container/src/zr_vm_lib_container/module.c:1703;zr_vm_lib_container/src/zr_vm_lib_container/module.c:2511	no-comment	名称、相邻类型描述符或已注释调用边界足以说明职责，无额外长期契约
zr_vm_lib_container/src/zr_vm_lib_container/module.c	zr_container_try_read_int64_needle_fast	function	zr_vm_lib_container/src/zr_vm_lib_container/module.c:2495;zr_vm_lib_container/src/zr_vm_lib_container/module.c:3056;zr_vm_lib_container/src/zr_vm_lib_container/module.c:3113	支撑容器的读取调用链	由描述符或注册入口调用;状态检查见当前实现	zr_vm_lib_container/src/zr_vm_lib_container/module.c:1727;zr_vm_lib_container/src/zr_vm_lib_container/module.c:2495	no-comment	名称、相邻类型描述符或已注释调用边界足以说明职责，无额外长期契约
zr_vm_lib_container/src/zr_vm_lib_container/module.c	zr_container_result_set_int_fast	function	zr_vm_lib_container/src/zr_vm_lib_container/module.c:1791;zr_vm_lib_container/src/zr_vm_lib_container/module.c:2874;zr_vm_lib_container/src/zr_vm_lib_container/module.c:2887;zr_vm_lib_container/src/zr_vm_lib_container/module.c:2902;zr_vm_lib_container/src/zr_vm_lib_container/module.c:3059;其余6处已扫描	支撑容器的写入调用链	由描述符或注册入口调用;状态检查见当前实现	zr_vm_lib_container/src/zr_vm_lib_container/module.c:1742;zr_vm_lib_container/src/zr_vm_lib_container/module.c:1791	no-comment	名称、相邻类型描述符或已注释调用边界足以说明职责，无额外长期契约
zr_vm_lib_container/src/zr_vm_lib_container/module.c	zr_container_result_set_bool_fast	function	zr_vm_lib_container/src/zr_vm_lib_container/module.c:1788;zr_vm_lib_container/src/zr_vm_lib_container/module.c:2843;zr_vm_lib_container/src/zr_vm_lib_container/module.c:2849;zr_vm_lib_container/src/zr_vm_lib_container/module.c:2857;zr_vm_lib_container/src/zr_vm_lib_container/module.c:3116;其余14处已扫描	支撑容器的写入调用链	由描述符或注册入口调用;状态检查见当前实现	zr_vm_lib_container/src/zr_vm_lib_container/module.c:1748;zr_vm_lib_container/src/zr_vm_lib_container/module.c:1788	no-comment	名称、相邻类型描述符或已注释调用边界足以说明职责，无额外长期契约
zr_vm_lib_container/src/zr_vm_lib_container/module.c	zr_container_result_set_uint_fast	function	zr_vm_lib_container/src/zr_vm_lib_container/module.c:1794	支撑容器的写入调用链	由描述符或注册入口调用;状态检查见当前实现	zr_vm_lib_container/src/zr_vm_lib_container/module.c:1754;zr_vm_lib_container/src/zr_vm_lib_container/module.c:1794	no-comment	名称、相邻类型描述符或已注释调用边界足以说明职责，无额外长期契约
zr_vm_lib_container/src/zr_vm_lib_container/module.c	zr_container_result_set_double_fast	function	zr_vm_lib_container/src/zr_vm_lib_container/module.c:1797	支撑容器的写入调用链	由描述符或注册入口调用;状态检查见当前实现	zr_vm_lib_container/src/zr_vm_lib_container/module.c:1760;zr_vm_lib_container/src/zr_vm_lib_container/module.c:1797	no-comment	名称、相邻类型描述符或已注释调用边界足以说明职责，无额外长期契约
zr_vm_lib_container/src/zr_vm_lib_container/module.c	zr_container_result_set_null_fast	function	zr_vm_lib_container/src/zr_vm_lib_container/module.c:1779;zr_vm_lib_container/src/zr_vm_lib_container/module.c:1785;zr_vm_lib_container/src/zr_vm_lib_container/module.c:2968;zr_vm_lib_container/src/zr_vm_lib_container/module.c:2993;zr_vm_lib_container/src/zr_vm_lib_container/module.c:3014;其余11处已扫描	支撑容器的写入调用链	由描述符或注册入口调用;状态检查见当前实现	zr_vm_lib_container/src/zr_vm_lib_container/module.c:1766;zr_vm_lib_container/src/zr_vm_lib_container/module.c:1779	no-comment	名称、相邻类型描述符或已注释调用边界足以说明职责，无额外长期契约
zr_vm_lib_container/src/zr_vm_lib_container/module.c	zr_container_result_copy_no_profile	function	zr_vm_lib_container/src/zr_vm_lib_container/module.c:3238;zr_vm_lib_container/src/zr_vm_lib_container/module.c:3279;zr_vm_lib_container/src/zr_vm_lib_container/module.c:3405;zr_vm_lib_container/src/zr_vm_lib_container/module.c:3449;zr_vm_lib_container/src/zr_vm_lib_container/module.c:3511;其余2处已扫描	支撑容器的协调调用链	由描述符或注册入口调用;状态检查见当前实现	zr_vm_lib_container/src/zr_vm_lib_container/module.c:1772;zr_vm_lib_container/src/zr_vm_lib_container/module.c:3238	no-comment	名称、相邻类型描述符或已注释调用边界足以说明职责，无额外长期契约
zr_vm_lib_container/src/zr_vm_lib_container/module.c	zr_container_values_compare	function	zr_vm_lib_container/src/zr_vm_lib_container/module.c:2879;zr_vm_lib_container/src/zr_vm_lib_container/module.c:2883	支撑容器的比较顺序调用链	由描述符或注册入口调用;状态检查见当前实现	zr_vm_lib_container/src/zr_vm_lib_container/module.c:1807;zr_vm_lib_container/src/zr_vm_lib_container/module.c:2879	no-comment	名称、相邻类型描述符或已注释调用边界足以说明职责，无额外长期契约
zr_vm_lib_container/src/zr_vm_lib_container/module.c	zr_container_value_hash	function	zr_vm_lib_container/src/zr_vm_lib_container/module.c:1676;zr_vm_lib_container/src/zr_vm_lib_container/module.c:1860;zr_vm_lib_container/src/zr_vm_lib_container/module.c:1861;zr_vm_lib_container/src/zr_vm_lib_container/module.c:2363;zr_vm_lib_container/src/zr_vm_lib_container/module.c:2374;其余6处已扫描	支撑容器的哈希调用链	由描述符或注册入口调用;状态检查见当前实现	zr_vm_lib_container/src/zr_vm_lib_container/module.c:1868;zr_vm_lib_container/src/zr_vm_lib_container/module.c:1676	no-comment	名称、相邻类型描述符或已注释调用边界足以说明职责，无额外长期契约
zr_vm_lib_container/src/zr_vm_lib_container/module.c	zr_container_storage_set	function	zr_vm_lib_container/src/zr_vm_lib_container/module.c:1989;zr_vm_lib_container/src/zr_vm_lib_container/module.c:2097;zr_vm_lib_container/src/zr_vm_lib_container/module.c:2101;zr_vm_lib_container/src/zr_vm_lib_container/module.c:2123	支撑容器的写入调用链	由描述符或注册入口调用;状态检查见当前实现	zr_vm_lib_container/src/zr_vm_lib_container/module.c:1890;zr_vm_lib_container/src/zr_vm_lib_container/module.c:1989	no-comment	名称、相邻类型描述符或已注释调用边界足以说明职责，无额外长期契约
zr_vm_lib_container/src/zr_vm_lib_container/module.c	zr_container_storage_push_raw_int_fast	function	zr_vm_lib_container/src/zr_vm_lib_container/module.c:1985	支撑容器的追加调用链	由描述符或注册入口调用;状态检查见当前实现	zr_vm_lib_container/src/zr_vm_lib_container/module.c:1902;zr_vm_lib_container/src/zr_vm_lib_container/module.c:1985	no-comment	名称、相邻类型描述符或已注释调用边界足以说明职责，无额外长期契约
zr_vm_lib_container/src/zr_vm_lib_container/module.c	zr_container_storage_push_gc_value_dense_pair_pool_fast	function	zr_vm_lib_container/src/zr_vm_lib_container/module.c:2960	支撑容器的追加调用链	由描述符或注册入口调用;状态检查见当前实现	zr_vm_lib_container/src/zr_vm_lib_container/module.c:1934;zr_vm_lib_container/src/zr_vm_lib_container/module.c:2960	no-comment	名称、相邻类型描述符或已注释调用边界足以说明职责，无额外长期契约
zr_vm_lib_container/src/zr_vm_lib_container/module.c	zr_container_storage_push	function	zr_vm_lib_container/src/zr_vm_lib_container/module.c:2961;zr_vm_lib_container/src/zr_vm_lib_container/module.c:3498;zr_vm_lib_container/src/zr_vm_lib_container/module.c:3587	支撑容器的追加调用链	由描述符或注册入口调用;状态检查见当前实现	zr_vm_lib_container/src/zr_vm_lib_container/module.c:1979;zr_vm_lib_container/src/zr_vm_lib_container/module.c:2961	no-comment	名称、相邻类型描述符或已注释调用边界足以说明职责，无额外长期契约
zr_vm_lib_container/src/zr_vm_lib_container/module.c	zr_container_storage_remove_last	function	zr_vm_lib_container/src/zr_vm_lib_container/module.c:2127	支撑容器的移除调用链	由描述符或注册入口调用;状态检查见当前实现	zr_vm_lib_container/src/zr_vm_lib_container/module.c:1992;zr_vm_lib_container/src/zr_vm_lib_container/module.c:2127	no-comment	名称、相邻类型描述符或已注释调用边界足以说明职责，无额外长期契约
zr_vm_lib_container/src/zr_vm_lib_container/module.c	zr_container_storage_remove_at_raw_int_fast	function	zr_vm_lib_container/src/zr_vm_lib_container/module.c:2117	支撑容器的移除调用链	由描述符或注册入口调用;状态检查见当前实现	zr_vm_lib_container/src/zr_vm_lib_container/module.c:2018;zr_vm_lib_container/src/zr_vm_lib_container/module.c:2117	no-comment	名称、相邻类型描述符或已注释调用边界足以说明职责，无额外长期契约
zr_vm_lib_container/src/zr_vm_lib_container/module.c	zr_container_storage_insert_raw_int_fast	function	zr_vm_lib_container/src/zr_vm_lib_container/module.c:2086	支撑容器的插入调用链	由描述符或注册入口调用;状态检查见当前实现	zr_vm_lib_container/src/zr_vm_lib_container/module.c:2042;zr_vm_lib_container/src/zr_vm_lib_container/module.c:2086	no-comment	名称、相邻类型描述符或已注释调用边界足以说明职责，无额外长期契约
zr_vm_lib_container/src/zr_vm_lib_container/module.c	zr_container_storage_insert	function	zr_vm_lib_container/src/zr_vm_lib_container/module.c:2988	支撑容器的插入调用链	由描述符或注册入口调用;状态检查见当前实现	zr_vm_lib_container/src/zr_vm_lib_container/module.c:2072;zr_vm_lib_container/src/zr_vm_lib_container/module.c:2988	no-comment	名称、相邻类型描述符或已注释调用边界足以说明职责，无额外长期契约
zr_vm_lib_container/src/zr_vm_lib_container/module.c	zr_container_storage_remove_at	function	zr_vm_lib_container/src/zr_vm_lib_container/module.c:3007;zr_vm_lib_container/src/zr_vm_lib_container/module.c:3323;zr_vm_lib_container/src/zr_vm_lib_container/module.c:3624	支撑容器的移除调用链	由描述符或注册入口调用;状态检查见当前实现	zr_vm_lib_container/src/zr_vm_lib_container/module.c:2104;zr_vm_lib_container/src/zr_vm_lib_container/module.c:3007	no-comment	名称、相邻类型描述符或已注释调用边界足以说明职责，无额外长期契约
zr_vm_lib_container/src/zr_vm_lib_container/module.c	zr_container_get_hidden_array_fast	function	zr_vm_lib_container/src/zr_vm_lib_container/module.c:2162;zr_vm_lib_container/src/zr_vm_lib_container/module.c:2183	支撑容器的获取调用链	由描述符或注册入口调用;状态检查见当前实现	zr_vm_lib_container/src/zr_vm_lib_container/module.c:2130;zr_vm_lib_container/src/zr_vm_lib_container/module.c:2162	no-comment	名称、相邻类型描述符或已注释调用边界足以说明职责，无额外长期契约
zr_vm_lib_container/src/zr_vm_lib_container/module.c	zr_container_get_entries_array_fast	function	zr_vm_lib_container/src/zr_vm_lib_container/module.c:2177	支撑容器的获取调用链	由描述符或注册入口调用;状态检查见当前实现	zr_vm_lib_container/src/zr_vm_lib_container/module.c:2161;zr_vm_lib_container/src/zr_vm_lib_container/module.c:2177	no-comment	名称、相邻类型描述符或已注释调用边界足以说明职责，无额外长期契约
zr_vm_lib_container/src/zr_vm_lib_container/module.c	zr_container_get_entries_array_cached_fast	function	zr_vm_lib_container/src/zr_vm_lib_container/module.c:3438;zr_vm_lib_container/src/zr_vm_lib_container/module.c:3489;zr_vm_lib_container/src/zr_vm_lib_container/module.c:3545	支撑容器的获取调用链	由描述符或注册入口调用;状态检查见当前实现	zr_vm_lib_container/src/zr_vm_lib_container/module.c:2165;zr_vm_lib_container/src/zr_vm_lib_container/module.c:3438	no-comment	名称、相邻类型描述符或已注释调用边界足以说明职责，无额外长期契约
zr_vm_lib_container/src/zr_vm_lib_container/module.c	zr_container_ensure_hidden_array_fast	function	zr_vm_lib_container/src/zr_vm_lib_container/module.c:2209;zr_vm_lib_container/src/zr_vm_lib_container/module.c:2213	支撑容器的确保调用链	由描述符或注册入口调用;状态检查见当前实现	zr_vm_lib_container/src/zr_vm_lib_container/module.c:2180;zr_vm_lib_container/src/zr_vm_lib_container/module.c:2209	no-comment	名称、相邻类型描述符或已注释调用边界足以说明职责，无额外长期契约
zr_vm_lib_container/src/zr_vm_lib_container/module.c	zr_container_ensure_entries_array_fast	function	zr_vm_lib_container/src/zr_vm_lib_container/module.c:3306;zr_vm_lib_container/src/zr_vm_lib_container/module.c:3321;zr_vm_lib_container/src/zr_vm_lib_container/module.c:3346;zr_vm_lib_container/src/zr_vm_lib_container/module.c:3368;zr_vm_lib_container/src/zr_vm_lib_container/module.c:3397;其余7处已扫描	支撑容器的确保调用链	由描述符或注册入口调用;状态检查见当前实现	zr_vm_lib_container/src/zr_vm_lib_container/module.c:2208;zr_vm_lib_container/src/zr_vm_lib_container/module.c:3306	no-comment	名称、相邻类型描述符或已注释调用边界足以说明职责，无额外长期契约
zr_vm_lib_container/src/zr_vm_lib_container/module.c	zr_container_ensure_items_array_fast	function	zr_vm_lib_container/src/zr_vm_lib_container/module.c:2950;zr_vm_lib_container/src/zr_vm_lib_container/module.c:2982;zr_vm_lib_container/src/zr_vm_lib_container/module.c:3006;zr_vm_lib_container/src/zr_vm_lib_container/module.c:3026;zr_vm_lib_container/src/zr_vm_lib_container/module.c:3049;其余4处已扫描	支撑容器的确保调用链	由描述符或注册入口调用;状态检查见当前实现	zr_vm_lib_container/src/zr_vm_lib_container/module.c:2212;zr_vm_lib_container/src/zr_vm_lib_container/module.c:2950	no-comment	名称、相邻类型描述符或已注释调用边界足以说明职责，无额外长期契约
zr_vm_lib_container/src/zr_vm_lib_container/module.c	zr_container_make_pair	function	zr_vm_lib_container/src/zr_vm_lib_container/module.c:3479	支撑容器的构造调用链	由描述符或注册入口调用;状态检查见当前实现	zr_vm_lib_container/src/zr_vm_lib_container/module.c:2216;zr_vm_lib_container/src/zr_vm_lib_container/module.c:3479	no-comment	名称、相邻类型描述符或已注释调用边界足以说明职责，无额外长期契约
zr_vm_lib_container/src/zr_vm_lib_container/module.c	zr_container_make_linked_node	function	zr_vm_lib_container/src/zr_vm_lib_container/module.c:3754;zr_vm_lib_container/src/zr_vm_lib_container/module.c:3790	支撑容器的构造调用链	由描述符或注册入口调用;状态检查见当前实现	zr_vm_lib_container/src/zr_vm_lib_container/module.c:2242;zr_vm_lib_container/src/zr_vm_lib_container/module.c:3754	no-comment	名称、相邻类型描述符或已注释调用边界足以说明职责，无额外长期契约
zr_vm_lib_container/src/zr_vm_lib_container/module.c	zr_container_map_find_index	function	zr_vm_lib_container/src/zr_vm_lib_container/module.c:3307;zr_vm_lib_container/src/zr_vm_lib_container/module.c:3322	先查身份缓存再按 hash 与相等性搜索 Map 键	由描述符或注册入口调用;状态检查见当前实现	zr_vm_lib_container/src/zr_vm_lib_container/module.c:2264;zr_vm_lib_container/src/zr_vm_lib_container/module.c:3307	commented	新增宏观契约注释，说明调用目的、所有权或时序
zr_vm_lib_container/src/zr_vm_lib_container/module.c	zr_container_map_find_index::hot_cache	block	Map.containsKey;Map.getItem;Map.setItem	字符串键先尝试版本化热缓存再回退到哈希/相等比较	entries 身份或 memberVersion 变化必须失效	zr_vm_lib_container/src/zr_vm_lib_container/module.c:2277	commented	函数注释解释缓存适用范围与回退路径
zr_vm_lib_container/src/zr_vm_lib_container/module.c	zr_container_map_find_entry_object_fast	function	zr_vm_lib_container/src/zr_vm_lib_container/module.c:3398;zr_vm_lib_container/src/zr_vm_lib_container/module.c:3442;zr_vm_lib_container/src/zr_vm_lib_container/module.c:3473;zr_vm_lib_container/src/zr_vm_lib_container/module.c:3547	支撑容器的查找调用链	由描述符或注册入口调用;状态检查见当前实现	zr_vm_lib_container/src/zr_vm_lib_container/module.c:2389;zr_vm_lib_container/src/zr_vm_lib_container/module.c:3398	no-comment	名称、相邻类型描述符或已注释调用边界足以说明职责，无额外长期契约
zr_vm_lib_container/src/zr_vm_lib_container/module.c	zr_container_set_find_index	function	zr_vm_lib_container/src/zr_vm_lib_container/module.c:3582;zr_vm_lib_container/src/zr_vm_lib_container/module.c:3609;zr_vm_lib_container/src/zr_vm_lib_container/module.c:3623	支撑容器的查找调用链	由描述符或注册入口调用;状态检查见当前实现	zr_vm_lib_container/src/zr_vm_lib_container/module.c:2476;zr_vm_lib_container/src/zr_vm_lib_container/module.c:3582	no-comment	名称、相邻类型描述符或已注释调用边界足以说明职责，无额外长期契约
zr_vm_lib_container/src/zr_vm_lib_container/module.c	zr_container_array_ensure_capacity	function	zr_vm_lib_container/src/zr_vm_lib_container/module.c:2957;zr_vm_lib_container/src/zr_vm_lib_container/module.c:2987	支撑容器的确保调用链	由描述符或注册入口调用;状态检查见当前实现	zr_vm_lib_container/src/zr_vm_lib_container/module.c:2536;zr_vm_lib_container/src/zr_vm_lib_container/module.c:2957	no-comment	名称、相邻类型描述符或已注释调用边界足以说明职责，无额外长期契约
zr_vm_lib_container/src/zr_vm_lib_container/module.c	zr_container_array_prepare_backing_storage	function	zr_vm_lib_container/src/zr_vm_lib_container/module.c:2928	支撑容器的协调调用链	由描述符或注册入口调用;状态检查见当前实现	zr_vm_lib_container/src/zr_vm_lib_container/module.c:2557;zr_vm_lib_container/src/zr_vm_lib_container/module.c:2928	no-comment	名称、相邻类型描述符或已注释调用边界足以说明职责，无额外长期契约
zr_vm_lib_container/src/zr_vm_lib_container/module.c	zr_container_iterator_make	function	zr_vm_lib_container/src/zr_vm_lib_container/module.c:3159;zr_vm_lib_container/src/zr_vm_lib_container/module.c:3194;zr_vm_lib_container/src/zr_vm_lib_container/module.c:3369;zr_vm_lib_container/src/zr_vm_lib_container/module.c:3670;zr_vm_lib_container/src/zr_vm_lib_container/module.c:3922	支撑容器的构造调用链	由描述符或注册入口调用;状态检查见当前实现	zr_vm_lib_container/src/zr_vm_lib_container/module.c:2574;zr_vm_lib_container/src/zr_vm_lib_container/module.c:3159	no-comment	名称、相邻类型描述符或已注释调用边界足以说明职责，无额外长期契约
zr_vm_lib_container/src/zr_vm_lib_container/module.c	zr_container_iterator_self	function	zr_vm_lib_container/src/zr_vm_lib_container/module.c:2711;zr_vm_lib_container/src/zr_vm_lib_container/module.c:2756	支撑容器的协调调用链	由描述符或注册入口调用;状态检查见当前实现	zr_vm_lib_container/src/zr_vm_lib_container/module.c:2609;zr_vm_lib_container/src/zr_vm_lib_container/module.c:2711	no-comment	名称、相邻类型描述符或已注释调用边界足以说明职责，无额外长期契约
zr_vm_lib_container/src/zr_vm_lib_container/module.c	zr_container_iterator_finish_move_next	function	zr_vm_lib_container/src/zr_vm_lib_container/module.c:2717;zr_vm_lib_container/src/zr_vm_lib_container/module.c:2729;zr_vm_lib_container/src/zr_vm_lib_container/module.c:2731;zr_vm_lib_container/src/zr_vm_lib_container/module.c:2735;zr_vm_lib_container/src/zr_vm_lib_container/module.c:2737;其余11处已扫描	支撑容器的协调调用链	由描述符或注册入口调用;状态检查见当前实现	zr_vm_lib_container/src/zr_vm_lib_container/module.c:2627;zr_vm_lib_container/src/zr_vm_lib_container/module.c:2717	no-comment	名称、相邻类型描述符或已注释调用边界足以说明职责，无额外长期契约
zr_vm_lib_container/src/zr_vm_lib_container/module.c	zr_container_iterator_source_object_fast	function	zr_vm_lib_container/src/zr_vm_lib_container/module.c:2720	支撑容器的协调调用链	由描述符或注册入口调用;状态检查见当前实现	zr_vm_lib_container/src/zr_vm_lib_container/module.c:2640;zr_vm_lib_container/src/zr_vm_lib_container/module.c:2720	no-comment	名称、相邻类型描述符或已注释调用边界足以说明职责，无额外长期契约
zr_vm_lib_container/src/zr_vm_lib_container/module.c	zr_container_iterator_next_node_object_fast	function	zr_vm_lib_container/src/zr_vm_lib_container/module.c:2764	支撑容器的协调调用链	由描述符或注册入口调用;状态检查见当前实现	zr_vm_lib_container/src/zr_vm_lib_container/module.c:2663;zr_vm_lib_container/src/zr_vm_lib_container/module.c:2764	no-comment	名称、相邻类型描述符或已注释调用边界足以说明职责，无额外长期契约
zr_vm_lib_container/src/zr_vm_lib_container/module.c	zr_container_iterator_index_fast	function	zr_vm_lib_container/src/zr_vm_lib_container/module.c:2721	支撑容器的协调调用链	由描述符或注册入口调用;状态检查见当前实现	zr_vm_lib_container/src/zr_vm_lib_container/module.c:2686;zr_vm_lib_container/src/zr_vm_lib_container/module.c:2721	no-comment	名称、相邻类型描述符或已注释调用边界足以说明职责，无额外长期契约
zr_vm_lib_container/src/zr_vm_lib_container/module.c	zr_container_array_iterator_move_next_native	function	zr_vm_lib_container/src/zr_vm_lib_container/module.c:84;zr_vm_lib_container/src/zr_vm_lib_container/module.c:632;zr_vm_lib_container/src/zr_vm_lib_container/module.c:646;zr_vm_lib_container/src/zr_vm_lib_container/module.c:3164;zr_vm_lib_container/src/zr_vm_lib_container/module.c:3199;其余2处已扫描	支撑容器的协调调用链	由描述符或注册入口调用;状态检查见当前实现	zr_vm_lib_container/src/zr_vm_lib_container/module.c:2710;zr_vm_lib_container/src/zr_vm_lib_container/module.c:84	no-comment	名称、相邻类型描述符或已注释调用边界足以说明职责，无额外长期契约
zr_vm_lib_container/src/zr_vm_lib_container/module.c	zr_container_linked_list_iterator_move_next_native	function	zr_vm_lib_container/src/zr_vm_lib_container/module.c:85;zr_vm_lib_container/src/zr_vm_lib_container/module.c:634;zr_vm_lib_container/src/zr_vm_lib_container/module.c:3927	支撑容器的协调调用链	由描述符或注册入口调用;状态检查见当前实现	zr_vm_lib_container/src/zr_vm_lib_container/module.c:2755;zr_vm_lib_container/src/zr_vm_lib_container/module.c:85	no-comment	名称、相邻类型描述符或已注释调用边界足以说明职责，无额外长期契约
zr_vm_lib_container/src/zr_vm_lib_container/module.c	zr_container_pair_constructor	function	zr_vm_lib_container/src/zr_vm_lib_container/module.c:4076	支撑容器的协调调用链	由描述符或注册入口调用;状态检查见当前实现	zr_vm_lib_container/src/zr_vm_lib_container/module.c:2790;zr_vm_lib_container/src/zr_vm_lib_container/module.c:4076	no-comment	名称、相邻类型描述符或已注释调用边界足以说明职责，无额外长期契约
zr_vm_lib_container/src/zr_vm_lib_container/module.c	zr_container_pair_equals	function	zr_vm_lib_container/src/zr_vm_lib_container/module.c:4068	支撑容器的协调调用链	由描述符或注册入口调用;状态检查见当前实现	zr_vm_lib_container/src/zr_vm_lib_container/module.c:2829;zr_vm_lib_container/src/zr_vm_lib_container/module.c:4068	no-comment	名称、相邻类型描述符或已注释调用边界足以说明职责，无额外长期契约
zr_vm_lib_container/src/zr_vm_lib_container/module.c	zr_container_pair_compare	function	zr_vm_lib_container/src/zr_vm_lib_container/module.c:4070;zr_vm_lib_container/src/zr_vm_lib_container/module.c:4077	支撑容器的比较顺序调用链	由描述符或注册入口调用;状态检查见当前实现	zr_vm_lib_container/src/zr_vm_lib_container/module.c:2863;zr_vm_lib_container/src/zr_vm_lib_container/module.c:4070	no-comment	名称、相邻类型描述符或已注释调用边界足以说明职责，无额外长期契约
zr_vm_lib_container/src/zr_vm_lib_container/module.c	zr_container_pair_hash_code	function	zr_vm_lib_container/src/zr_vm_lib_container/module.c:4072	支撑容器的哈希调用链	由描述符或注册入口调用;状态检查见当前实现	zr_vm_lib_container/src/zr_vm_lib_container/module.c:2891;zr_vm_lib_container/src/zr_vm_lib_container/module.c:4072	no-comment	名称、相邻类型描述符或已注释调用边界足以说明职责，无额外长期契约
zr_vm_lib_container/src/zr_vm_lib_container/module.c	zr_container_array_constructor	function	zr_vm_lib_container/src/zr_vm_lib_container/module.c:3992	支撑容器的协调调用链	由描述符或注册入口调用;状态检查见当前实现	zr_vm_lib_container/src/zr_vm_lib_container/module.c:2908;zr_vm_lib_container/src/zr_vm_lib_container/module.c:3992	no-comment	名称、相邻类型描述符或已注释调用边界足以说明职责，无额外长期契约
zr_vm_lib_container/src/zr_vm_lib_container/module.c	zr_container_array_add	function	zr_vm_lib_container/src/zr_vm_lib_container/module.c:3977	支撑容器的添加调用链	由描述符或注册入口调用;状态检查见当前实现	zr_vm_lib_container/src/zr_vm_lib_container/module.c:2940;zr_vm_lib_container/src/zr_vm_lib_container/module.c:3977	no-comment	名称、相邻类型描述符或已注释调用边界足以说明职责，无额外长期契约
zr_vm_lib_container/src/zr_vm_lib_container/module.c	zr_container_array_insert	function	zr_vm_lib_container/src/zr_vm_lib_container/module.c:3979	支撑容器的插入调用链	由描述符或注册入口调用;状态检查见当前实现	zr_vm_lib_container/src/zr_vm_lib_container/module.c:2972;zr_vm_lib_container/src/zr_vm_lib_container/module.c:3979	no-comment	名称、相邻类型描述符或已注释调用边界足以说明职责，无额外长期契约
zr_vm_lib_container/src/zr_vm_lib_container/module.c	zr_container_array_remove_at	function	zr_vm_lib_container/src/zr_vm_lib_container/module.c:3981	支撑容器的移除调用链	由描述符或注册入口调用;状态检查见当前实现	zr_vm_lib_container/src/zr_vm_lib_container/module.c:2997;zr_vm_lib_container/src/zr_vm_lib_container/module.c:3981	no-comment	名称、相邻类型描述符或已注释调用边界足以说明职责，无额外长期契约
zr_vm_lib_container/src/zr_vm_lib_container/module.c	zr_container_array_clear	function	zr_vm_lib_container/src/zr_vm_lib_container/module.c:3983	支撑容器的清空调用链	由描述符或注册入口调用;状态检查见当前实现	zr_vm_lib_container/src/zr_vm_lib_container/module.c:3018;zr_vm_lib_container/src/zr_vm_lib_container/module.c:3983	no-comment	名称、相邻类型描述符或已注释调用边界足以说明职责，无额外长期契约
zr_vm_lib_container/src/zr_vm_lib_container/module.c	zr_container_array_index_of	function	zr_vm_lib_container/src/zr_vm_lib_container/module.c:3986	支撑容器的协调调用链	由描述符或注册入口调用;状态检查见当前实现	zr_vm_lib_container/src/zr_vm_lib_container/module.c:3039;zr_vm_lib_container/src/zr_vm_lib_container/module.c:3986	no-comment	名称、相邻类型描述符或已注释调用边界足以说明职责，无额外长期契约
zr_vm_lib_container/src/zr_vm_lib_container/module.c	zr_container_array_contains	function	zr_vm_lib_container/src/zr_vm_lib_container/module.c:3984	支撑容器的协调调用链	由描述符或注册入口调用;状态检查见当前实现	zr_vm_lib_container/src/zr_vm_lib_container/module.c:3092;zr_vm_lib_container/src/zr_vm_lib_container/module.c:3984	no-comment	名称、相邻类型描述符或已注释调用边界足以说明职责，无额外长期契约
zr_vm_lib_container/src/zr_vm_lib_container/module.c	zr_container_array_get_iterator	function	zr_vm_lib_container/src/zr_vm_lib_container/module.c:3988	支撑容器的获取调用链	由描述符或注册入口调用;状态检查见当前实现	zr_vm_lib_container/src/zr_vm_lib_container/module.c:3149;zr_vm_lib_container/src/zr_vm_lib_container/module.c:3988	no-comment	名称、相邻类型描述符或已注释调用边界足以说明职责，无额外长期契约
zr_vm_lib_container/src/zr_vm_lib_container/module.c	zr_container_native_array_get_iterator_native	function	zr_vm_lib_container/src/zr_vm_lib_container/module.c:4277	支撑容器的获取调用链	由描述符或注册入口调用;状态检查见当前实现	zr_vm_lib_container/src/zr_vm_lib_container/module.c:3168;zr_vm_lib_container/src/zr_vm_lib_container/module.c:4277	no-comment	名称、相邻类型描述符或已注释调用边界足以说明职责，无额外长期契约
zr_vm_lib_container/src/zr_vm_lib_container/module.c	zr_container_array_get_item	function	zr_vm_lib_container/src/zr_vm_lib_container/module.c:3993	支撑容器的获取调用链	由描述符或注册入口调用;状态检查见当前实现	zr_vm_lib_container/src/zr_vm_lib_container/module.c:3210;zr_vm_lib_container/src/zr_vm_lib_container/module.c:3993	no-comment	名称、相邻类型描述符或已注释调用边界足以说明职责，无额外长期契约
zr_vm_lib_container/src/zr_vm_lib_container/module.c	zr_container_array_set_item	function	zr_vm_lib_container/src/zr_vm_lib_container/module.c:3996	支撑容器的写入调用链	由描述符或注册入口调用;状态检查见当前实现	zr_vm_lib_container/src/zr_vm_lib_container/module.c:3241;zr_vm_lib_container/src/zr_vm_lib_container/module.c:3996	no-comment	名称、相邻类型描述符或已注释调用边界足以说明职责，无额外长期契约
zr_vm_lib_container/src/zr_vm_lib_container/module.c	zr_container_map_constructor	function	zr_vm_lib_container/src/zr_vm_lib_container/module.c:4012	支撑容器的协调调用链	由描述符或注册入口调用;状态检查见当前实现	zr_vm_lib_container/src/zr_vm_lib_container/module.c:3282;zr_vm_lib_container/src/zr_vm_lib_container/module.c:4012	no-comment	名称、相邻类型描述符或已注释调用边界足以说明职责，无额外长期契约
zr_vm_lib_container/src/zr_vm_lib_container/module.c	zr_container_map_contains_key	function	zr_vm_lib_container/src/zr_vm_lib_container/module.c:4003	支撑容器的协调调用链	由描述符或注册入口调用;状态检查见当前实现	zr_vm_lib_container/src/zr_vm_lib_container/module.c:3297;zr_vm_lib_container/src/zr_vm_lib_container/module.c:4003	no-comment	名称、相邻类型描述符或已注释调用边界足以说明职责，无额外长期契约
zr_vm_lib_container/src/zr_vm_lib_container/module.c	zr_container_map_remove	function	zr_vm_lib_container/src/zr_vm_lib_container/module.c:4005	支撑容器的移除调用链	由描述符或注册入口调用;状态检查见当前实现	zr_vm_lib_container/src/zr_vm_lib_container/module.c:3312;zr_vm_lib_container/src/zr_vm_lib_container/module.c:4005	no-comment	名称、相邻类型描述符或已注释调用边界足以说明职责，无额外长期契约
zr_vm_lib_container/src/zr_vm_lib_container/module.c	zr_container_map_clear	function	zr_vm_lib_container/src/zr_vm_lib_container/module.c:4007	支撑容器的清空调用链	由描述符或注册入口调用;状态检查见当前实现	zr_vm_lib_container/src/zr_vm_lib_container/module.c:3338;zr_vm_lib_container/src/zr_vm_lib_container/module.c:4007	no-comment	名称、相邻类型描述符或已注释调用边界足以说明职责，无额外长期契约
zr_vm_lib_container/src/zr_vm_lib_container/module.c	zr_container_map_get_iterator	function	zr_vm_lib_container/src/zr_vm_lib_container/module.c:4008	支撑容器的获取调用链	由描述符或注册入口调用;状态检查见当前实现	zr_vm_lib_container/src/zr_vm_lib_container/module.c:3359;zr_vm_lib_container/src/zr_vm_lib_container/module.c:4008	no-comment	名称、相邻类型描述符或已注释调用边界足以说明职责，无额外长期契约
zr_vm_lib_container/src/zr_vm_lib_container/module.c	zr_container_map_get_item_core	function	zr_vm_lib_container/src/zr_vm_lib_container/module.c:3413	支撑容器的获取调用链	由描述符或注册入口调用;状态检查见当前实现	zr_vm_lib_container/src/zr_vm_lib_container/module.c:3378;zr_vm_lib_container/src/zr_vm_lib_container/module.c:3413	no-comment	名称、相邻类型描述符或已注释调用边界足以说明职责，无额外长期契约
zr_vm_lib_container/src/zr_vm_lib_container/module.c	zr_container_map_get_item	function	zr_vm_lib_container/src/zr_vm_lib_container/module.c:4016	支撑容器的获取调用链	由描述符或注册入口调用;状态检查见当前实现	zr_vm_lib_container/src/zr_vm_lib_container/module.c:3408;zr_vm_lib_container/src/zr_vm_lib_container/module.c:4016	no-comment	名称、相邻类型描述符或已注释调用边界足以说明职责，无额外长期契约
zr_vm_lib_container/src/zr_vm_lib_container/module.c	zr_container_map_get_item_readonly_inline_fast	function	zr_vm_lib_container/src/zr_vm_lib_container/module.c:4027	支撑容器的获取调用链	由描述符或注册入口调用;状态检查见当前实现	zr_vm_lib_container/src/zr_vm_lib_container/module.c:3419;zr_vm_lib_container/src/zr_vm_lib_container/module.c:4027	no-comment	名称、相邻类型描述符或已注释调用边界足以说明职责，无额外长期契约
zr_vm_lib_container/src/zr_vm_lib_container/module.c	zr_container_map_set_item_core	function	zr_vm_lib_container/src/zr_vm_lib_container/module.c:3519;zr_vm_lib_container/src/zr_vm_lib_container/module.c:3553	支撑容器的写入调用链	由描述符或注册入口调用;状态检查见当前实现	zr_vm_lib_container/src/zr_vm_lib_container/module.c:3452;zr_vm_lib_container/src/zr_vm_lib_container/module.c:3519	no-comment	名称、相邻类型描述符或已注释调用边界足以说明职责，无额外长期契约
zr_vm_lib_container/src/zr_vm_lib_container/module.c	zr_container_map_set_item	function	zr_vm_lib_container/src/zr_vm_lib_container/module.c:4031	支撑容器的写入调用链	由描述符或注册入口调用;状态检查见当前实现	zr_vm_lib_container/src/zr_vm_lib_container/module.c:3514;zr_vm_lib_container/src/zr_vm_lib_container/module.c:4031	no-comment	名称、相邻类型描述符或已注释调用边界足以说明职责，无额外长期契约
zr_vm_lib_container/src/zr_vm_lib_container/module.c	zr_container_map_set_item_readonly_inline_no_result_fast	function	zr_vm_lib_container/src/zr_vm_lib_container/module.c:4042	支撑容器的写入调用链	由描述符或注册入口调用;状态检查见当前实现	zr_vm_lib_container/src/zr_vm_lib_container/module.c:3526;zr_vm_lib_container/src/zr_vm_lib_container/module.c:4042	no-comment	名称、相邻类型描述符或已注释调用边界足以说明职责，无额外长期契约
zr_vm_lib_container/src/zr_vm_lib_container/module.c	zr_container_set_constructor	function	zr_vm_lib_container/src/zr_vm_lib_container/module.c:4060	支撑容器的写入调用链	由描述符或注册入口调用;状态检查见当前实现	zr_vm_lib_container/src/zr_vm_lib_container/module.c:3556;zr_vm_lib_container/src/zr_vm_lib_container/module.c:4060	no-comment	名称、相邻类型描述符或已注释调用边界足以说明职责，无额外长期契约
zr_vm_lib_container/src/zr_vm_lib_container/module.c	zr_container_set_add	function	zr_vm_lib_container/src/zr_vm_lib_container/module.c:4049	支撑容器的添加调用链	由描述符或注册入口调用;状态检查见当前实现	zr_vm_lib_container/src/zr_vm_lib_container/module.c:3571;zr_vm_lib_container/src/zr_vm_lib_container/module.c:4049	no-comment	名称、相邻类型描述符或已注释调用边界足以说明职责，无额外长期契约
zr_vm_lib_container/src/zr_vm_lib_container/module.c	zr_container_set_contains	function	zr_vm_lib_container/src/zr_vm_lib_container/module.c:4051	支撑容器的写入调用链	由描述符或注册入口调用;状态检查见当前实现	zr_vm_lib_container/src/zr_vm_lib_container/module.c:3598;zr_vm_lib_container/src/zr_vm_lib_container/module.c:4051	no-comment	名称、相邻类型描述符或已注释调用边界足以说明职责，无额外长期契约
zr_vm_lib_container/src/zr_vm_lib_container/module.c	zr_container_set_remove	function	zr_vm_lib_container/src/zr_vm_lib_container/module.c:4053	支撑容器的移除调用链	由描述符或注册入口调用;状态检查见当前实现	zr_vm_lib_container/src/zr_vm_lib_container/module.c:3613;zr_vm_lib_container/src/zr_vm_lib_container/module.c:4053	no-comment	名称、相邻类型描述符或已注释调用边界足以说明职责，无额外长期契约
zr_vm_lib_container/src/zr_vm_lib_container/module.c	zr_container_set_clear	function	zr_vm_lib_container/src/zr_vm_lib_container/module.c:4055	支撑容器的清空调用链	由描述符或注册入口调用;状态检查见当前实现	zr_vm_lib_container/src/zr_vm_lib_container/module.c:3639;zr_vm_lib_container/src/zr_vm_lib_container/module.c:4055	no-comment	名称、相邻类型描述符或已注释调用边界足以说明职责，无额外长期契约
zr_vm_lib_container/src/zr_vm_lib_container/module.c	zr_container_set_get_iterator	function	zr_vm_lib_container/src/zr_vm_lib_container/module.c:4056	支撑容器的获取调用链	由描述符或注册入口调用;状态检查见当前实现	zr_vm_lib_container/src/zr_vm_lib_container/module.c:3660;zr_vm_lib_container/src/zr_vm_lib_container/module.c:4056	no-comment	名称、相邻类型描述符或已注释调用边界足以说明职责，无额外长期契约
zr_vm_lib_container/src/zr_vm_lib_container/module.c	zr_container_linked_node_constructor	function	zr_vm_lib_container/src/zr_vm_lib_container/module.c:4111	支撑容器的协调调用链	由描述符或注册入口调用;状态检查见当前实现	zr_vm_lib_container/src/zr_vm_lib_container/module.c:3679;zr_vm_lib_container/src/zr_vm_lib_container/module.c:4111	no-comment	名称、相邻类型描述符或已注释调用边界足以说明职责，无额外长期契约
zr_vm_lib_container/src/zr_vm_lib_container/module.c	zr_container_linked_list_unlink_node	function	zr_vm_lib_container/src/zr_vm_lib_container/module.c:3835;zr_vm_lib_container/src/zr_vm_lib_container/module.c:3858;zr_vm_lib_container/src/zr_vm_lib_container/module.c:3876	支撑容器的协调调用链	由描述符或注册入口调用;状态检查见当前实现	zr_vm_lib_container/src/zr_vm_lib_container/module.c:3703;zr_vm_lib_container/src/zr_vm_lib_container/module.c:3835	no-comment	名称、相邻类型描述符或已注释调用边界足以说明职责，无额外长期契约
zr_vm_lib_container/src/zr_vm_lib_container/module.c	zr_container_linked_list_constructor	function	zr_vm_lib_container/src/zr_vm_lib_container/module.c:4102	支撑容器的协调调用链	由描述符或注册入口调用;状态检查见当前实现	zr_vm_lib_container/src/zr_vm_lib_container/module.c:3731;zr_vm_lib_container/src/zr_vm_lib_container/module.c:4102	no-comment	名称、相邻类型描述符或已注释调用边界足以说明职责，无额外长期契约
zr_vm_lib_container/src/zr_vm_lib_container/module.c	zr_container_linked_list_add_first	function	zr_vm_lib_container/src/zr_vm_lib_container/module.c:4086	支撑容器的添加调用链	由描述符或注册入口调用;状态检查见当前实现	zr_vm_lib_container/src/zr_vm_lib_container/module.c:3744;zr_vm_lib_container/src/zr_vm_lib_container/module.c:4086	no-comment	名称、相邻类型描述符或已注释调用边界足以说明职责，无额外长期契约
zr_vm_lib_container/src/zr_vm_lib_container/module.c	zr_container_linked_list_add_last	function	zr_vm_lib_container/src/zr_vm_lib_container/module.c:4088	支撑容器的添加调用链	由描述符或注册入口调用;状态检查见当前实现	zr_vm_lib_container/src/zr_vm_lib_container/module.c:3780;zr_vm_lib_container/src/zr_vm_lib_container/module.c:4088	no-comment	名称、相邻类型描述符或已注释调用边界足以说明职责，无额外长期契约
zr_vm_lib_container/src/zr_vm_lib_container/module.c	zr_container_linked_list_remove_first	function	zr_vm_lib_container/src/zr_vm_lib_container/module.c:4090	支撑容器的移除调用链	由描述符或注册入口调用;状态检查见当前实现	zr_vm_lib_container/src/zr_vm_lib_container/module.c:3816;zr_vm_lib_container/src/zr_vm_lib_container/module.c:4090	no-comment	名称、相邻类型描述符或已注释调用边界足以说明职责，无额外长期契约
zr_vm_lib_container/src/zr_vm_lib_container/module.c	zr_container_linked_list_remove_last	function	zr_vm_lib_container/src/zr_vm_lib_container/module.c:4092	支撑容器的移除调用链	由描述符或注册入口调用;状态检查见当前实现	zr_vm_lib_container/src/zr_vm_lib_container/module.c:3839;zr_vm_lib_container/src/zr_vm_lib_container/module.c:4092	no-comment	名称、相邻类型描述符或已注释调用边界足以说明职责，无额外长期契约
zr_vm_lib_container/src/zr_vm_lib_container/module.c	zr_container_linked_list_remove	function	zr_vm_lib_container/src/zr_vm_lib_container/module.c:4094	支撑容器的移除调用链	由描述符或注册入口调用;状态检查见当前实现	zr_vm_lib_container/src/zr_vm_lib_container/module.c:3862;zr_vm_lib_container/src/zr_vm_lib_container/module.c:4094	no-comment	名称、相邻类型描述符或已注释调用边界足以说明职责，无额外长期契约
zr_vm_lib_container/src/zr_vm_lib_container/module.c	zr_container_linked_list_clear	function	zr_vm_lib_container/src/zr_vm_lib_container/module.c:4096	支撑容器的清空调用链	由描述符或注册入口调用;状态检查见当前实现	zr_vm_lib_container/src/zr_vm_lib_container/module.c:3887;zr_vm_lib_container/src/zr_vm_lib_container/module.c:4096	no-comment	名称、相邻类型描述符或已注释调用边界足以说明职责，无额外长期契约
zr_vm_lib_container/src/zr_vm_lib_container/module.c	zr_container_linked_list_get_iterator	function	zr_vm_lib_container/src/zr_vm_lib_container/module.c:4098	支撑容器的获取调用链	由描述符或注册入口调用;状态检查见当前实现	zr_vm_lib_container/src/zr_vm_lib_container/module.c:3914;zr_vm_lib_container/src/zr_vm_lib_container/module.c:4098	no-comment	名称、相邻类型描述符或已注释调用边界足以说明职责，无额外长期契约
zr_vm_lib_container/src/zr_vm_lib_container/module.c	kArrayValueParameter	state	zr_vm_lib_container/src/zr_vm_lib_container/module.c:3978;zr_vm_lib_container/src/zr_vm_lib_container/module.c:3985;zr_vm_lib_container/src/zr_vm_lib_container/module.c:3987	保存模块内部可复用状态或描述符	仅在所属模块或注册生命周期内使用	zr_vm_lib_container/src/zr_vm_lib_container/module.c:3931;zr_vm_lib_container/src/zr_vm_lib_container/module.c:3978	no-comment	名称、相邻类型描述符或已注释调用边界足以说明职责，无额外长期契约
zr_vm_lib_container/src/zr_vm_lib_container/module.c	kArrayInsertParameters	state	zr_vm_lib_container/src/zr_vm_lib_container/module.c:3980;zr_vm_lib_container/src/zr_vm_lib_container/module.c:3996;zr_vm_lib_container/src/zr_vm_lib_container/module.c:4150;zr_vm_lib_container/src/zr_vm_lib_container/module.c:4151	向原生模块注册表提供语言层类型、成员或协议元数据	仅在所属模块或注册生命周期内使用	zr_vm_lib_container/src/zr_vm_lib_container/module.c:3932;zr_vm_lib_container/src/zr_vm_lib_container/module.c:3980	no-comment	名称、相邻类型描述符或已注释调用边界足以说明职责，无额外长期契约
zr_vm_lib_container/src/zr_vm_lib_container/module.c	kArrayIndexParameter	state	zr_vm_lib_container/src/zr_vm_lib_container/module.c:3982;zr_vm_lib_container/src/zr_vm_lib_container/module.c:3992;zr_vm_lib_container/src/zr_vm_lib_container/module.c:3994;zr_vm_lib_container/src/zr_vm_lib_container/module.c:4146;zr_vm_lib_container/src/zr_vm_lib_container/module.c:4147;其余2处已扫描	保存模块内部可复用状态或描述符	仅在所属模块或注册生命周期内使用	zr_vm_lib_container/src/zr_vm_lib_container/module.c:3933;zr_vm_lib_container/src/zr_vm_lib_container/module.c:3982	no-comment	名称、相邻类型描述符或已注释调用边界足以说明职责，无额外长期契约
zr_vm_lib_container/src/zr_vm_lib_container/module.c	kMapKeyParameter	state	zr_vm_lib_container/src/zr_vm_lib_container/module.c:4004;zr_vm_lib_container/src/zr_vm_lib_container/module.c:4006;zr_vm_lib_container/src/zr_vm_lib_container/module.c:4019;zr_vm_lib_container/src/zr_vm_lib_container/module.c:4020	保存模块内部可复用状态或描述符	仅在所属模块或注册生命周期内使用	zr_vm_lib_container/src/zr_vm_lib_container/module.c:3934;zr_vm_lib_container/src/zr_vm_lib_container/module.c:4004	no-comment	名称、相邻类型描述符或已注释调用边界足以说明职责，无额外长期契约
zr_vm_lib_container/src/zr_vm_lib_container/module.c	kMapSetItemParameters	state	zr_vm_lib_container/src/zr_vm_lib_container/module.c:4034;zr_vm_lib_container/src/zr_vm_lib_container/module.c:4035	向原生模块注册表提供语言层类型、成员或协议元数据	仅在所属模块或注册生命周期内使用	zr_vm_lib_container/src/zr_vm_lib_container/module.c:3935;zr_vm_lib_container/src/zr_vm_lib_container/module.c:4034	no-comment	名称、相邻类型描述符或已注释调用边界足以说明职责，无额外长期契约
zr_vm_lib_container/src/zr_vm_lib_container/module.c	kSetValueParameter	state	zr_vm_lib_container/src/zr_vm_lib_container/module.c:4050;zr_vm_lib_container/src/zr_vm_lib_container/module.c:4052;zr_vm_lib_container/src/zr_vm_lib_container/module.c:4054	保存模块内部可复用状态或描述符	仅在所属模块或注册生命周期内使用	zr_vm_lib_container/src/zr_vm_lib_container/module.c:3936;zr_vm_lib_container/src/zr_vm_lib_container/module.c:4050	no-comment	名称、相邻类型描述符或已注释调用边界足以说明职责，无额外长期契约
zr_vm_lib_container/src/zr_vm_lib_container/module.c	kPairParameters	state	zr_vm_lib_container/src/zr_vm_lib_container/module.c:4076	向原生模块注册表提供语言层类型、成员或协议元数据	仅在所属模块或注册生命周期内使用	zr_vm_lib_container/src/zr_vm_lib_container/module.c:3937;zr_vm_lib_container/src/zr_vm_lib_container/module.c:4076	no-comment	名称、相邻类型描述符或已注释调用边界足以说明职责，无额外长期契约
zr_vm_lib_container/src/zr_vm_lib_container/module.c	kPairOtherParameter	state	zr_vm_lib_container/src/zr_vm_lib_container/module.c:4069;zr_vm_lib_container/src/zr_vm_lib_container/module.c:4071;zr_vm_lib_container/src/zr_vm_lib_container/module.c:4077	保存模块内部可复用状态或描述符	仅在所属模块或注册生命周期内使用	zr_vm_lib_container/src/zr_vm_lib_container/module.c:3938;zr_vm_lib_container/src/zr_vm_lib_container/module.c:4069	no-comment	名称、相邻类型描述符或已注释调用边界足以说明职责，无额外长期契约
zr_vm_lib_container/src/zr_vm_lib_container/module.c	kLinkedNodeValueParameter	state	zr_vm_lib_container/src/zr_vm_lib_container/module.c:4087;zr_vm_lib_container/src/zr_vm_lib_container/module.c:4089;zr_vm_lib_container/src/zr_vm_lib_container/module.c:4095;zr_vm_lib_container/src/zr_vm_lib_container/module.c:4111	保存模块内部可复用状态或描述符	仅在所属模块或注册生命周期内使用	zr_vm_lib_container/src/zr_vm_lib_container/module.c:3939;zr_vm_lib_container/src/zr_vm_lib_container/module.c:4087	no-comment	名称、相邻类型描述符或已注释调用边界足以说明职责，无额外长期契约
zr_vm_lib_container/src/zr_vm_lib_container/module.c	kSpanSliceParameters	state	zr_vm_lib_container/src/zr_vm_lib_container/module.c:4126;zr_vm_lib_container/src/zr_vm_lib_container/module.c:4138	向原生模块注册表提供语言层类型、成员或协议元数据	仅在所属模块或注册生命周期内使用	zr_vm_lib_container/src/zr_vm_lib_container/module.c:3940;zr_vm_lib_container/src/zr_vm_lib_container/module.c:4126	no-comment	名称、相邻类型描述符或已注释调用边界足以说明职责，无额外长期契约
zr_vm_lib_container/src/zr_vm_lib_container/module.c	kMapKeyConstraints	state	zr_vm_lib_container/src/zr_vm_lib_container/module.c:3960	向原生模块注册表提供语言层类型、成员或协议元数据	仅在所属模块或注册生命周期内使用	zr_vm_lib_container/src/zr_vm_lib_container/module.c:3945;zr_vm_lib_container/src/zr_vm_lib_container/module.c:3960	no-comment	名称、相邻类型描述符或已注释调用边界足以说明职责，无额外长期契约
zr_vm_lib_container/src/zr_vm_lib_container/module.c	kSetValueConstraints	state	zr_vm_lib_container/src/zr_vm_lib_container/module.c:3964	向原生模块注册表提供语言层类型、成员或协议元数据	仅在所属模块或注册生命周期内使用	zr_vm_lib_container/src/zr_vm_lib_container/module.c:3946;zr_vm_lib_container/src/zr_vm_lib_container/module.c:3964	no-comment	名称、相邻类型描述符或已注释调用边界足以说明职责，无额外长期契约
zr_vm_lib_container/src/zr_vm_lib_container/module.c	kArrayImplements	state	zr_vm_lib_container/src/zr_vm_lib_container/module.c:4164	向原生模块注册表提供语言层类型、成员或协议元数据	仅在所属模块或注册生命周期内使用	zr_vm_lib_container/src/zr_vm_lib_container/module.c:3947;zr_vm_lib_container/src/zr_vm_lib_container/module.c:4164	no-comment	名称、相邻类型描述符或已注释调用边界足以说明职责，无额外长期契约
zr_vm_lib_container/src/zr_vm_lib_container/module.c	kMapImplements	state	zr_vm_lib_container/src/zr_vm_lib_container/module.c:4165	向原生模块注册表提供语言层类型、成员或协议元数据	仅在所属模块或注册生命周期内使用	zr_vm_lib_container/src/zr_vm_lib_container/module.c:3948;zr_vm_lib_container/src/zr_vm_lib_container/module.c:4165	no-comment	名称、相邻类型描述符或已注释调用边界足以说明职责，无额外长期契约
zr_vm_lib_container/src/zr_vm_lib_container/module.c	kSetImplements	state	zr_vm_lib_container/src/zr_vm_lib_container/module.c:4166	向原生模块注册表提供语言层类型、成员或协议元数据	仅在所属模块或注册生命周期内使用	zr_vm_lib_container/src/zr_vm_lib_container/module.c:3949;zr_vm_lib_container/src/zr_vm_lib_container/module.c:4166	no-comment	名称、相邻类型描述符或已注释调用边界足以说明职责，无额外长期契约
zr_vm_lib_container/src/zr_vm_lib_container/module.c	kPairImplements	state	zr_vm_lib_container/src/zr_vm_lib_container/module.c:4167	向原生模块注册表提供语言层类型、成员或协议元数据	仅在所属模块或注册生命周期内使用	zr_vm_lib_container/src/zr_vm_lib_container/module.c:3950;zr_vm_lib_container/src/zr_vm_lib_container/module.c:4167	no-comment	名称、相邻类型描述符或已注释调用边界足以说明职责，无额外长期契约
zr_vm_lib_container/src/zr_vm_lib_container/module.c	kLinkedListImplements	state	zr_vm_lib_container/src/zr_vm_lib_container/module.c:4168	向原生模块注册表提供语言层类型、成员或协议元数据	仅在所属模块或注册生命周期内使用	zr_vm_lib_container/src/zr_vm_lib_container/module.c:3955;zr_vm_lib_container/src/zr_vm_lib_container/module.c:4168	no-comment	名称、相邻类型描述符或已注释调用边界足以说明职责，无额外长期契约
zr_vm_lib_container/src/zr_vm_lib_container/module.c	kSingleGenericT	state	zr_vm_lib_container/src/zr_vm_lib_container/module.c:4164;zr_vm_lib_container/src/zr_vm_lib_container/module.c:4168;zr_vm_lib_container/src/zr_vm_lib_container/module.c:4169;zr_vm_lib_container/src/zr_vm_lib_container/module.c:4182;zr_vm_lib_container/src/zr_vm_lib_container/module.c:4183;其余14处已扫描	保存模块内部可复用状态或描述符	仅在所属模块或注册生命周期内使用	zr_vm_lib_container/src/zr_vm_lib_container/module.c:3957;zr_vm_lib_container/src/zr_vm_lib_container/module.c:4164	no-comment	名称、相邻类型描述符或已注释调用边界足以说明职责，无额外长期契约
zr_vm_lib_container/src/zr_vm_lib_container/module.c	kGenericKV	state	zr_vm_lib_container/src/zr_vm_lib_container/module.c:4167	保存模块内部可复用状态或描述符	仅在所属模块或注册生命周期内使用	zr_vm_lib_container/src/zr_vm_lib_container/module.c:3958;zr_vm_lib_container/src/zr_vm_lib_container/module.c:4167	no-comment	名称、相邻类型描述符或已注释调用边界足以说明职责，无额外长期契约
zr_vm_lib_container/src/zr_vm_lib_container/module.c	kMapGenericParameters	state	zr_vm_lib_container/src/zr_vm_lib_container/module.c:4165	向原生模块注册表提供语言层类型、成员或协议元数据	仅在所属模块或注册生命周期内使用	zr_vm_lib_container/src/zr_vm_lib_container/module.c:3959;zr_vm_lib_container/src/zr_vm_lib_container/module.c:4165	no-comment	名称、相邻类型描述符或已注释调用边界足以说明职责，无额外长期契约
zr_vm_lib_container/src/zr_vm_lib_container/module.c	kSetGenericParameters	state	zr_vm_lib_container/src/zr_vm_lib_container/module.c:4166	向原生模块注册表提供语言层类型、成员或协议元数据	仅在所属模块或注册生命周期内使用	zr_vm_lib_container/src/zr_vm_lib_container/module.c:3963;zr_vm_lib_container/src/zr_vm_lib_container/module.c:4166	no-comment	名称、相邻类型描述符或已注释调用边界足以说明职责，无额外长期契约
zr_vm_lib_container/src/zr_vm_lib_container/module.c	kArrayFields	state	zr_vm_lib_container/src/zr_vm_lib_container/module.c:4164	向原生模块注册表提供语言层类型、成员或协议元数据	仅在所属模块或注册生命周期内使用	zr_vm_lib_container/src/zr_vm_lib_container/module.c:3967;zr_vm_lib_container/src/zr_vm_lib_container/module.c:4164	no-comment	名称、相邻类型描述符或已注释调用边界足以说明职责，无额外长期契约
zr_vm_lib_container/src/zr_vm_lib_container/module.c	kArrayMethods	state	zr_vm_lib_container/src/zr_vm_lib_container/module.c:4164	向原生模块注册表提供语言层类型、成员或协议元数据	仅在所属模块或注册生命周期内使用	zr_vm_lib_container/src/zr_vm_lib_container/module.c:3973;zr_vm_lib_container/src/zr_vm_lib_container/module.c:4164	no-comment	名称、相邻类型描述符或已注释调用边界足以说明职责，无额外长期契约
zr_vm_lib_container/src/zr_vm_lib_container/module.c	kArrayMetaMethods	state	zr_vm_lib_container/src/zr_vm_lib_container/module.c:4164	向原生模块注册表提供语言层类型、成员或协议元数据	仅在所属模块或注册生命周期内使用	zr_vm_lib_container/src/zr_vm_lib_container/module.c:3991;zr_vm_lib_container/src/zr_vm_lib_container/module.c:4164	no-comment	名称、相邻类型描述符或已注释调用边界足以说明职责，无额外长期契约
zr_vm_lib_container/src/zr_vm_lib_container/module.c	kMapFields	state	zr_vm_lib_container/src/zr_vm_lib_container/module.c:4165	向原生模块注册表提供语言层类型、成员或协议元数据	仅在所属模块或注册生命周期内使用	zr_vm_lib_container/src/zr_vm_lib_container/module.c:3999;zr_vm_lib_container/src/zr_vm_lib_container/module.c:4165	no-comment	名称、相邻类型描述符或已注释调用边界足以说明职责，无额外长期契约
zr_vm_lib_container/src/zr_vm_lib_container/module.c	kMapMethods	state	zr_vm_lib_container/src/zr_vm_lib_container/module.c:4165	向原生模块注册表提供语言层类型、成员或协议元数据	仅在所属模块或注册生命周期内使用	zr_vm_lib_container/src/zr_vm_lib_container/module.c:4002;zr_vm_lib_container/src/zr_vm_lib_container/module.c:4165	no-comment	名称、相邻类型描述符或已注释调用边界足以说明职责，无额外长期契约
zr_vm_lib_container/src/zr_vm_lib_container/module.c	kMapMetaMethods	state	zr_vm_lib_container/src/zr_vm_lib_container/module.c:4165	向原生模块注册表提供语言层类型、成员或协议元数据	仅在所属模块或注册生命周期内使用	zr_vm_lib_container/src/zr_vm_lib_container/module.c:4011;zr_vm_lib_container/src/zr_vm_lib_container/module.c:4165	no-comment	名称、相邻类型描述符或已注释调用边界足以说明职责，无额外长期契约
zr_vm_lib_container/src/zr_vm_lib_container/module.c	kSetFields	state	zr_vm_lib_container/src/zr_vm_lib_container/module.c:4166	向原生模块注册表提供语言层类型、成员或协议元数据	仅在所属模块或注册生命周期内使用	zr_vm_lib_container/src/zr_vm_lib_container/module.c:4045;zr_vm_lib_container/src/zr_vm_lib_container/module.c:4166	no-comment	名称、相邻类型描述符或已注释调用边界足以说明职责，无额外长期契约
zr_vm_lib_container/src/zr_vm_lib_container/module.c	kSetMethods	state	zr_vm_lib_container/src/zr_vm_lib_container/module.c:4166	向原生模块注册表提供语言层类型、成员或协议元数据	仅在所属模块或注册生命周期内使用	zr_vm_lib_container/src/zr_vm_lib_container/module.c:4048;zr_vm_lib_container/src/zr_vm_lib_container/module.c:4166	no-comment	名称、相邻类型描述符或已注释调用边界足以说明职责，无额外长期契约
zr_vm_lib_container/src/zr_vm_lib_container/module.c	kSetMetaMethods	state	zr_vm_lib_container/src/zr_vm_lib_container/module.c:4166	向原生模块注册表提供语言层类型、成员或协议元数据	仅在所属模块或注册生命周期内使用	zr_vm_lib_container/src/zr_vm_lib_container/module.c:4059;zr_vm_lib_container/src/zr_vm_lib_container/module.c:4166	no-comment	名称、相邻类型描述符或已注释调用边界足以说明职责，无额外长期契约
zr_vm_lib_container/src/zr_vm_lib_container/module.c	kPairFields	state	zr_vm_lib_container/src/zr_vm_lib_container/module.c:4167	向原生模块注册表提供语言层类型、成员或协议元数据	仅在所属模块或注册生命周期内使用	zr_vm_lib_container/src/zr_vm_lib_container/module.c:4063;zr_vm_lib_container/src/zr_vm_lib_container/module.c:4167	no-comment	名称、相邻类型描述符或已注释调用边界足以说明职责，无额外长期契约
zr_vm_lib_container/src/zr_vm_lib_container/module.c	kPairMethods	state	zr_vm_lib_container/src/zr_vm_lib_container/module.c:4167	向原生模块注册表提供语言层类型、成员或协议元数据	仅在所属模块或注册生命周期内使用	zr_vm_lib_container/src/zr_vm_lib_container/module.c:4067;zr_vm_lib_container/src/zr_vm_lib_container/module.c:4167	no-comment	名称、相邻类型描述符或已注释调用边界足以说明职责，无额外长期契约
zr_vm_lib_container/src/zr_vm_lib_container/module.c	kPairMetaMethods	state	zr_vm_lib_container/src/zr_vm_lib_container/module.c:4167	向原生模块注册表提供语言层类型、成员或协议元数据	仅在所属模块或注册生命周期内使用	zr_vm_lib_container/src/zr_vm_lib_container/module.c:4075;zr_vm_lib_container/src/zr_vm_lib_container/module.c:4167	no-comment	名称、相邻类型描述符或已注释调用边界足以说明职责，无额外长期契约
zr_vm_lib_container/src/zr_vm_lib_container/module.c	kLinkedListFields	state	zr_vm_lib_container/src/zr_vm_lib_container/module.c:4168	向原生模块注册表提供语言层类型、成员或协议元数据	仅在所属模块或注册生命周期内使用	zr_vm_lib_container/src/zr_vm_lib_container/module.c:4080;zr_vm_lib_container/src/zr_vm_lib_container/module.c:4168	no-comment	名称、相邻类型描述符或已注释调用边界足以说明职责，无额外长期契约
zr_vm_lib_container/src/zr_vm_lib_container/module.c	kLinkedListMethods	state	zr_vm_lib_container/src/zr_vm_lib_container/module.c:4168	向原生模块注册表提供语言层类型、成员或协议元数据	仅在所属模块或注册生命周期内使用	zr_vm_lib_container/src/zr_vm_lib_container/module.c:4085;zr_vm_lib_container/src/zr_vm_lib_container/module.c:4168	no-comment	名称、相邻类型描述符或已注释调用边界足以说明职责，无额外长期契约
zr_vm_lib_container/src/zr_vm_lib_container/module.c	kLinkedListMetaMethods	state	zr_vm_lib_container/src/zr_vm_lib_container/module.c:4168	向原生模块注册表提供语言层类型、成员或协议元数据	仅在所属模块或注册生命周期内使用	zr_vm_lib_container/src/zr_vm_lib_container/module.c:4101;zr_vm_lib_container/src/zr_vm_lib_container/module.c:4168	no-comment	名称、相邻类型描述符或已注释调用边界足以说明职责，无额外长期契约
zr_vm_lib_container/src/zr_vm_lib_container/module.c	kLinkedNodeFields	state	zr_vm_lib_container/src/zr_vm_lib_container/module.c:4169	向原生模块注册表提供语言层类型、成员或协议元数据	仅在所属模块或注册生命周期内使用	zr_vm_lib_container/src/zr_vm_lib_container/module.c:4105;zr_vm_lib_container/src/zr_vm_lib_container/module.c:4169	no-comment	名称、相邻类型描述符或已注释调用边界足以说明职责，无额外长期契约
zr_vm_lib_container/src/zr_vm_lib_container/module.c	kLinkedNodeMetaMethods	state	zr_vm_lib_container/src/zr_vm_lib_container/module.c:4169	向原生模块注册表提供语言层类型、成员或协议元数据	仅在所属模块或注册生命周期内使用	zr_vm_lib_container/src/zr_vm_lib_container/module.c:4110;zr_vm_lib_container/src/zr_vm_lib_container/module.c:4169	no-comment	名称、相邻类型描述符或已注释调用边界足以说明职责，无额外长期契约
zr_vm_lib_container/src/zr_vm_lib_container/module.c	kSpanFields	state	zr_vm_lib_container/src/zr_vm_lib_container/module.c:4172;zr_vm_lib_container/src/zr_vm_lib_container/module.c:4173;zr_vm_lib_container/src/zr_vm_lib_container/module.c:4188;zr_vm_lib_container/src/zr_vm_lib_container/module.c:4189	向原生模块注册表提供语言层类型、成员或协议元数据	仅在所属模块或注册生命周期内使用	zr_vm_lib_container/src/zr_vm_lib_container/module.c:4114;zr_vm_lib_container/src/zr_vm_lib_container/module.c:4172	no-comment	名称、相邻类型描述符或已注释调用边界足以说明职责，无额外长期契约
zr_vm_lib_container/src/zr_vm_lib_container/module.c	kSpanMethods	state	zr_vm_lib_container/src/zr_vm_lib_container/module.c:4174;zr_vm_lib_container/src/zr_vm_lib_container/module.c:4175	向原生模块注册表提供语言层类型、成员或协议元数据	仅在所属模块或注册生命周期内使用	zr_vm_lib_container/src/zr_vm_lib_container/module.c:4123;zr_vm_lib_container/src/zr_vm_lib_container/module.c:4174	no-comment	名称、相邻类型描述符或已注释调用边界足以说明职责，无额外长期契约
zr_vm_lib_container/src/zr_vm_lib_container/module.c	kReadOnlySpanMethods	state	zr_vm_lib_container/src/zr_vm_lib_container/module.c:4190;zr_vm_lib_container/src/zr_vm_lib_container/module.c:4191	向原生模块注册表提供语言层类型、成员或协议元数据	仅在所属模块或注册生命周期内使用	zr_vm_lib_container/src/zr_vm_lib_container/module.c:4135;zr_vm_lib_container/src/zr_vm_lib_container/module.c:4190	no-comment	名称、相邻类型描述符或已注释调用边界足以说明职责，无额外长期契约
zr_vm_lib_container/src/zr_vm_lib_container/module.c	kSpanMetaMethods	state	zr_vm_lib_container/src/zr_vm_lib_container/module.c:4176;zr_vm_lib_container/src/zr_vm_lib_container/module.c:4177	向原生模块注册表提供语言层类型、成员或协议元数据	仅在所属模块或注册生命周期内使用	zr_vm_lib_container/src/zr_vm_lib_container/module.c:4142;zr_vm_lib_container/src/zr_vm_lib_container/module.c:4176	no-comment	名称、相邻类型描述符或已注释调用边界足以说明职责，无额外长期契约
zr_vm_lib_container/src/zr_vm_lib_container/module.c	kReadOnlySpanMetaMethods	state	zr_vm_lib_container/src/zr_vm_lib_container/module.c:4192;zr_vm_lib_container/src/zr_vm_lib_container/module.c:4193	向原生模块注册表提供语言层类型、成员或协议元数据	仅在所属模块或注册生命周期内使用	zr_vm_lib_container/src/zr_vm_lib_container/module.c:4154;zr_vm_lib_container/src/zr_vm_lib_container/module.c:4192	no-comment	名称、相邻类型描述符或已注释调用边界足以说明职责，无额外长期契约
zr_vm_lib_container/src/zr_vm_lib_container/module.c	g_container_types	state	zr_vm_lib_container/src/zr_vm_lib_container/module.c:4212;zr_vm_lib_container/src/zr_vm_lib_container/module.c:4213	保存模块内部可复用状态或描述符	仅在所属模块或注册生命周期内使用	zr_vm_lib_container/src/zr_vm_lib_container/module.c:4163;zr_vm_lib_container/src/zr_vm_lib_container/module.c:4212	no-comment	名称、相邻类型描述符或已注释调用边界足以说明职责，无额外长期契约
zr_vm_lib_container/src/zr_vm_lib_container/module.c	g_container_module_descriptor	state	zr_vm_lib_container/src/zr_vm_lib_container/module.c:4228;zr_vm_lib_container/src/zr_vm_lib_container/module.c:4286	保存模块内部可复用状态或描述符	仅在所属模块或注册生命周期内使用	zr_vm_lib_container/src/zr_vm_lib_container/module.c:4205;zr_vm_lib_container/src/zr_vm_lib_container/module.c:4228	commented	新增宏观契约注释，说明调用目的、所有权或时序
zr_vm_lib_container/src/zr_vm_lib_container/module.c	ZrVmLibContainer_GetModuleDescriptor	function	zr_vm_lib_container/src/zr_vm_lib_container/module.c:4294	支撑模块的协调调用链	由描述符或注册入口调用;状态检查见当前实现	zr_vm_lib_container/src/zr_vm_lib_container/module.c:4227;zr_vm_lib_container/src/zr_vm_lib_container/module.c:4294	no-comment	名称、相邻类型描述符或已注释调用边界足以说明职责，无额外长期契约
zr_vm_lib_container/src/zr_vm_lib_container/module.c	ZrVmLibContainer_GetPoolingModuleDescriptor	function	tests/container/test_generational_pool.c:146;tests/container/test_generational_pool_artifact.c:183;tests/container/test_generational_pool_artifact.c:272;tests/container/test_generational_pool_artifact.c:302;tests/container/test_pooling_closed_type_runtime.c:20	支撑模块的协调调用链	由描述符或注册入口调用;状态检查见当前实现	zr_vm_lib_container/src/zr_vm_lib_container/module.c:4231;tests/container/test_generational_pool.c:146	no-comment	名称、相邻类型描述符或已注释调用边界足以说明职责，无额外长期契约
zr_vm_lib_container/src/zr_vm_lib_container/module.c	zr_container_install_basic_array_method	function	zr_vm_lib_container/src/zr_vm_lib_container/module.c:4275	支撑容器的安装调用链	由描述符或注册入口调用;状态检查见当前实现	zr_vm_lib_container/src/zr_vm_lib_container/module.c:4235;zr_vm_lib_container/src/zr_vm_lib_container/module.c:4275	no-comment	名称、相邻类型描述符或已注释调用边界足以说明职责，无额外长期契约
zr_vm_lib_container/src/zr_vm_lib_container/module.c	zr_container_install_basic_array_adapter	function	zr_vm_lib_container/src/zr_vm_lib_container/module.c:4289	支撑容器的安装调用链	由描述符或注册入口调用;状态检查见当前实现	zr_vm_lib_container/src/zr_vm_lib_container/module.c:4270;zr_vm_lib_container/src/zr_vm_lib_container/module.c:4289	no-comment	名称、相邻类型描述符或已注释调用边界足以说明职责，无额外长期契约
zr_vm_lib_container/src/zr_vm_lib_container/module.c	ZrVmLibContainer_Register	function	tests/container/container_test_common.c:58;zr_vm_aot/tests/parser/test_execbc_aot_pipeline.c:2994;zr_vm_aot/tests/parser/test_execbc_aot_pipeline.c:3141;zr_vm_aot/tests/parser/test_execbc_aot_pipeline.c:3315;zr_vm_aot/tests/parser/test_execbc_aot_pipeline.c:3761;其余11处已扫描	在 CLI 和测试环境中按依赖顺序注册迭代、容器与池模块	由描述符或注册入口调用;状态检查见当前实现	zr_vm_lib_container/src/zr_vm_lib_container/module.c:4281;tests/container/container_test_common.c:58	commented	新增宏观契约注释，说明调用目的、所有权或时序
zr_vm_lib_container/src/zr_vm_lib_container/module.c	ZrVm_GetNativeModule_v1	function	zr_vm_library/src/zr_vm_library/native_binding/native_binding_registry_plugin.c:351;zr_vm_library/src/zr_vm_library/native_binding/native_binding_registry_plugin.c:355	支撑模块的协调调用链	由本文件调用方提供有效状态	zr_vm_lib_container/src/zr_vm_lib_container/module.c:4293;zr_vm_library/src/zr_vm_library/native_binding/native_binding_registry_plugin.c:351	no-comment	名称、相邻类型描述符或已注释调用边界足以说明职责，无额外长期契约
zr_vm_lib_container/src/zr_vm_lib_container/pooling.c	kPoolAvailableField	state	zr_vm_lib_container/src/zr_vm_lib_container/pooling.c:175;zr_vm_lib_container/src/zr_vm_lib_container/pooling.c:190	保持原生回调与语言层对象字段名称一致	仅在所属模块或注册生命周期内使用	zr_vm_lib_container/src/zr_vm_lib_container/pooling.c:15;zr_vm_lib_container/src/zr_vm_lib_container/pooling.c:175	no-comment	名称、相邻类型描述符或已注释调用边界足以说明职责，无额外长期契约
zr_vm_lib_container/src/zr_vm_lib_container/pooling.c	kPoolNextGenerationField	state	zr_vm_lib_container/src/zr_vm_lib_container/pooling.c:144;zr_vm_lib_container/src/zr_vm_lib_container/pooling.c:145;zr_vm_lib_container/src/zr_vm_lib_container/pooling.c:328;zr_vm_lib_container/src/zr_vm_lib_container/pooling.c:378	保持原生回调与语言层对象字段名称一致	仅在所属模块或注册生命周期内使用	zr_vm_lib_container/src/zr_vm_lib_container/pooling.c:16;zr_vm_lib_container/src/zr_vm_lib_container/pooling.c:144	no-comment	名称、相邻类型描述符或已注释调用边界足以说明职责，无额外长期契约
zr_vm_lib_container/src/zr_vm_lib_container/pooling.c	kPoolReturnCountField	state	zr_vm_lib_container/src/zr_vm_lib_container/pooling.c:147;zr_vm_lib_container/src/zr_vm_lib_container/pooling.c:148;zr_vm_lib_container/src/zr_vm_lib_container/pooling.c:444;zr_vm_lib_container/src/zr_vm_lib_container/pooling.c:446	保持原生回调与语言层对象字段名称一致	仅在所属模块或注册生命周期内使用	zr_vm_lib_container/src/zr_vm_lib_container/pooling.c:17;zr_vm_lib_container/src/zr_vm_lib_container/pooling.c:147	no-comment	名称、相邻类型描述符或已注释调用边界足以说明职责，无额外长期契约
zr_vm_lib_container/src/zr_vm_lib_container/pooling.c	kPoolReuseCountField	state	zr_vm_lib_container/src/zr_vm_lib_container/pooling.c:150;zr_vm_lib_container/src/zr_vm_lib_container/pooling.c:151;zr_vm_lib_container/src/zr_vm_lib_container/pooling.c:383;zr_vm_lib_container/src/zr_vm_lib_container/pooling.c:385	保持原生回调与语言层对象字段名称一致	仅在所属模块或注册生命周期内使用	zr_vm_lib_container/src/zr_vm_lib_container/pooling.c:18;zr_vm_lib_container/src/zr_vm_lib_container/pooling.c:150	no-comment	名称、相邻类型描述符或已注释调用边界足以说明职责，无额外长期契约
zr_vm_lib_container/src/zr_vm_lib_container/pooling.c	kLeaseOwnerField	state	zr_vm_lib_container/src/zr_vm_lib_container/pooling.c:364;zr_vm_lib_container/src/zr_vm_lib_container/pooling.c:423	保持原生回调与语言层对象字段名称一致	仅在所属模块或注册生命周期内使用	zr_vm_lib_container/src/zr_vm_lib_container/pooling.c:19;zr_vm_lib_container/src/zr_vm_lib_container/pooling.c:364	no-comment	名称、相邻类型描述符或已注释调用边界足以说明职责，无额外长期契约
zr_vm_lib_container/src/zr_vm_lib_container/pooling.c	kLeaseBackingField	state	zr_vm_lib_container/src/zr_vm_lib_container/pooling.c:368;zr_vm_lib_container/src/zr_vm_lib_container/pooling.c:425;zr_vm_lib_container/src/zr_vm_lib_container/pooling.c:436;zr_vm_lib_container/src/zr_vm_lib_container/pooling.c:464	保持原生回调与语言层对象字段名称一致	仅在所属模块或注册生命周期内使用	zr_vm_lib_container/src/zr_vm_lib_container/pooling.c:20;zr_vm_lib_container/src/zr_vm_lib_container/pooling.c:368	no-comment	名称、相邻类型描述符或已注释调用边界足以说明职责，无额外长期契约
zr_vm_lib_container/src/zr_vm_lib_container/pooling.c	kLeaseLengthField	state	zr_vm_lib_container/src/zr_vm_lib_container/pooling.c:372;zr_vm_lib_container/src/zr_vm_lib_container/pooling.c:440;zr_vm_lib_container/src/zr_vm_lib_container/pooling.c:482;zr_vm_lib_container/src/zr_vm_lib_container/pooling.c:568	保持原生回调与语言层对象字段名称一致	仅在所属模块或注册生命周期内使用	zr_vm_lib_container/src/zr_vm_lib_container/pooling.c:21;zr_vm_lib_container/src/zr_vm_lib_container/pooling.c:372	no-comment	名称、相邻类型描述符或已注释调用边界足以说明职责，无额外长期契约
zr_vm_lib_container/src/zr_vm_lib_container/pooling.c	kLeaseGenerationField	state	zr_vm_lib_container/src/zr_vm_lib_container/pooling.c:374	保持原生回调与语言层对象字段名称一致	仅在所属模块或注册生命周期内使用	zr_vm_lib_container/src/zr_vm_lib_container/pooling.c:22;zr_vm_lib_container/src/zr_vm_lib_container/pooling.c:374	no-comment	名称、相邻类型描述符或已注释调用边界足以说明职责，无额外长期契约
zr_vm_lib_container/src/zr_vm_lib_container/pooling.c	kLeaseReturnedField	state	zr_vm_lib_container/src/zr_vm_lib_container/pooling.c:376;zr_vm_lib_container/src/zr_vm_lib_container/pooling.c:418;zr_vm_lib_container/src/zr_vm_lib_container/pooling.c:432;zr_vm_lib_container/src/zr_vm_lib_container/pooling.c:469	保持原生回调与语言层对象字段名称一致	仅在所属模块或注册生命周期内使用	zr_vm_lib_container/src/zr_vm_lib_container/pooling.c:23;zr_vm_lib_container/src/zr_vm_lib_container/pooling.c:376	no-comment	名称、相邻类型描述符或已注释调用边界足以说明职责，无额外长期契约
zr_vm_lib_container/src/zr_vm_lib_container/pooling.c	pooling_context_self	function	zr_vm_lib_container/src/zr_vm_lib_container/pooling.c:308;zr_vm_lib_container/src/zr_vm_lib_container/pooling.c:410;zr_vm_lib_container/src/zr_vm_lib_container/pooling.c:454	支撑池模块的协调调用链	通过 ZrLibCallContext 调用;失败沿返回值或 VM 状态传播	zr_vm_lib_container/src/zr_vm_lib_container/pooling.c:25;zr_vm_lib_container/src/zr_vm_lib_container/pooling.c:308	no-comment	名称、相邻类型描述符或已注释调用边界足以说明职责，无额外长期契约
zr_vm_lib_container/src/zr_vm_lib_container/pooling.c	pooling_object_field	function	zr_vm_lib_container/src/zr_vm_lib_container/pooling.c:174;zr_vm_lib_container/src/zr_vm_lib_container/pooling.c:422;zr_vm_lib_container/src/zr_vm_lib_container/pooling.c:424;zr_vm_lib_container/src/zr_vm_lib_container/pooling.c:461	支撑池模块的协调调用链	通过 ZrLibCallContext 调用;失败沿返回值或 VM 状态传播	zr_vm_lib_container/src/zr_vm_lib_container/pooling.c:39;zr_vm_lib_container/src/zr_vm_lib_container/pooling.c:174	no-comment	名称、相邻类型描述符或已注释调用边界足以说明职责，无额外长期契约
zr_vm_lib_container/src/zr_vm_lib_container/pooling.c	pooling_int_field	function	zr_vm_lib_container/src/zr_vm_lib_container/pooling.c:327;zr_vm_lib_container/src/zr_vm_lib_container/pooling.c:384;zr_vm_lib_container/src/zr_vm_lib_container/pooling.c:445;zr_vm_lib_container/src/zr_vm_lib_container/pooling.c:481;zr_vm_lib_container/src/zr_vm_lib_container/pooling.c:567	支撑池模块的协调调用链	通过 ZrLibCallContext 调用;失败沿返回值或 VM 状态传播	zr_vm_lib_container/src/zr_vm_lib_container/pooling.c:57;zr_vm_lib_container/src/zr_vm_lib_container/pooling.c:327	no-comment	名称、相邻类型描述符或已注释调用边界足以说明职责，无额外长期契约
zr_vm_lib_container/src/zr_vm_lib_container/pooling.c	pooling_bool_field	function	zr_vm_lib_container/src/zr_vm_lib_container/pooling.c:417;zr_vm_lib_container/src/zr_vm_lib_container/pooling.c:468	支撑池模块的协调调用链	通过 ZrLibCallContext 调用;失败沿返回值或 VM 状态传播	zr_vm_lib_container/src/zr_vm_lib_container/pooling.c:79;zr_vm_lib_container/src/zr_vm_lib_container/pooling.c:417	no-comment	名称、相邻类型描述符或已注释调用边界足以说明职责，无额外长期契约
zr_vm_lib_container/src/zr_vm_lib_container/pooling.c	pooling_has_field	function	zr_vm_lib_container/src/zr_vm_lib_container/pooling.c:144;zr_vm_lib_container/src/zr_vm_lib_container/pooling.c:147;zr_vm_lib_container/src/zr_vm_lib_container/pooling.c:150	支撑池模块的协调调用链	通过 ZrLibCallContext 调用;失败沿返回值或 VM 状态传播	zr_vm_lib_container/src/zr_vm_lib_container/pooling.c:93;zr_vm_lib_container/src/zr_vm_lib_container/pooling.c:144	no-comment	名称、相邻类型描述符或已注释调用边界足以说明职责，无额外长期契约
zr_vm_lib_container/src/zr_vm_lib_container/pooling.c	pooling_set_object_field	function	zr_vm_lib_container/src/zr_vm_lib_container/pooling.c:187;zr_vm_lib_container/src/zr_vm_lib_container/pooling.c:363;zr_vm_lib_container/src/zr_vm_lib_container/pooling.c:365;zr_vm_lib_container/src/zr_vm_lib_container/pooling.c:433;zr_vm_lib_container/src/zr_vm_lib_container/pooling.c:556	支撑池模块的写入调用链	通过 ZrLibCallContext 调用;失败沿返回值或 VM 状态传播	zr_vm_lib_container/src/zr_vm_lib_container/pooling.c:103;zr_vm_lib_container/src/zr_vm_lib_container/pooling.c:187	no-comment	名称、相邻类型描述符或已注释调用边界足以说明职责，无额外长期契约
zr_vm_lib_container/src/zr_vm_lib_container/pooling.c	pooling_set_int_field	function	zr_vm_lib_container/src/zr_vm_lib_container/pooling.c:145;zr_vm_lib_container/src/zr_vm_lib_container/pooling.c:148;zr_vm_lib_container/src/zr_vm_lib_container/pooling.c:151;zr_vm_lib_container/src/zr_vm_lib_container/pooling.c:371;zr_vm_lib_container/src/zr_vm_lib_container/pooling.c:373;其余6处已扫描	支撑池模块的写入调用链	通过 ZrLibCallContext 调用;失败沿返回值或 VM 状态传播	zr_vm_lib_container/src/zr_vm_lib_container/pooling.c:119;zr_vm_lib_container/src/zr_vm_lib_container/pooling.c:145	no-comment	名称、相邻类型描述符或已注释调用边界足以说明职责，无额外长期契约
zr_vm_lib_container/src/zr_vm_lib_container/pooling.c	pooling_set_bool_field	function	zr_vm_lib_container/src/zr_vm_lib_container/pooling.c:375;zr_vm_lib_container/src/zr_vm_lib_container/pooling.c:431	支撑池模块的写入调用链	通过 ZrLibCallContext 调用;失败沿返回值或 VM 状态传播	zr_vm_lib_container/src/zr_vm_lib_container/pooling.c:130;zr_vm_lib_container/src/zr_vm_lib_container/pooling.c:375	no-comment	名称、相邻类型描述符或已注释调用边界足以说明职责，无额外长期契约
zr_vm_lib_container/src/zr_vm_lib_container/pooling.c	pooling_initialize_pool_state	function	zr_vm_lib_container/src/zr_vm_lib_container/pooling.c:323	支撑池模块的协调调用链	通过 ZrLibCallContext 调用;失败沿返回值或 VM 状态传播	zr_vm_lib_container/src/zr_vm_lib_container/pooling.c:141;zr_vm_lib_container/src/zr_vm_lib_container/pooling.c:323	no-comment	名称、相邻类型描述符或已注释调用边界足以说明职责，无额外长期契约
zr_vm_lib_container/src/zr_vm_lib_container/pooling.c	pooling_array_set	function	zr_vm_lib_container/src/zr_vm_lib_container/pooling.c:210;zr_vm_lib_container/src/zr_vm_lib_container/pooling.c:234;zr_vm_lib_container/src/zr_vm_lib_container/pooling.c:277;zr_vm_lib_container/src/zr_vm_lib_container/pooling.c:521	支撑池模块的写入调用链	通过 ZrLibCallContext 调用;失败沿返回值或 VM 状态传播	zr_vm_lib_container/src/zr_vm_lib_container/pooling.c:155;zr_vm_lib_container/src/zr_vm_lib_container/pooling.c:210	no-comment	名称、相邻类型描述符或已注释调用边界足以说明职责，无额外长期契约
zr_vm_lib_container/src/zr_vm_lib_container/pooling.c	pooling_ensure_available	function	zr_vm_lib_container/src/zr_vm_lib_container/pooling.c:224;zr_vm_lib_container/src/zr_vm_lib_container/pooling.c:257	支撑池模块的确保调用链	通过 ZrLibCallContext 调用;失败沿返回值或 VM 状态传播	zr_vm_lib_container/src/zr_vm_lib_container/pooling.c:171;zr_vm_lib_container/src/zr_vm_lib_container/pooling.c:224	no-comment	名称、相邻类型描述符或已注释调用边界足以说明职责，无额外长期契约
zr_vm_lib_container/src/zr_vm_lib_container/pooling.c	pooling_clear_backing	function	zr_vm_lib_container/src/zr_vm_lib_container/pooling.c:427	支撑池模块的清空调用链	通过 ZrLibCallContext 调用;失败沿返回值或 VM 状态传播	zr_vm_lib_container/src/zr_vm_lib_container/pooling.c:200;zr_vm_lib_container/src/zr_vm_lib_container/pooling.c:427	commented	新增宏观契约注释，说明调用目的、所有权或时序
zr_vm_lib_container/src/zr_vm_lib_container/pooling.c	pooling_store_available	function	zr_vm_lib_container/src/zr_vm_lib_container/pooling.c:428	支撑池模块的协调调用链	通过 ZrLibCallContext 调用;失败沿返回值或 VM 状态传播	zr_vm_lib_container/src/zr_vm_lib_container/pooling.c:217;zr_vm_lib_container/src/zr_vm_lib_container/pooling.c:428	no-comment	名称、相邻类型描述符或已注释调用边界足以说明职责，无额外长期契约
zr_vm_lib_container/src/zr_vm_lib_container/pooling.c	pooling_acquire_backing	function	zr_vm_lib_container/src/zr_vm_lib_container/pooling.c:338	支撑池模块的取得调用链	通过 ZrLibCallContext 调用;失败沿返回值或 VM 状态传播	zr_vm_lib_container/src/zr_vm_lib_container/pooling.c:242;zr_vm_lib_container/src/zr_vm_lib_container/pooling.c:338	commented	新增宏观契约注释，说明调用目的、所有权或时序
zr_vm_lib_container/src/zr_vm_lib_container/pooling.c	pooling_buffer_pool_rent	function	zr_vm_lib_container/src/zr_vm_lib_container/pooling.c:755	支撑池模块的租用调用链	通过 ZrLibCallContext 调用;失败沿返回值或 VM 状态传播	zr_vm_lib_container/src/zr_vm_lib_container/pooling.c:305;zr_vm_lib_container/src/zr_vm_lib_container/pooling.c:755	commented	新增宏观契约注释，说明调用目的、所有权或时序
zr_vm_lib_container/src/zr_vm_lib_container/pooling.c	pooling_pool_lease_close	function	zr_vm_lib_container/src/zr_vm_lib_container/pooling.c:793;zr_vm_lib_container/src/zr_vm_lib_container/pooling.c:817	支撑池模块的关闭调用链	通过 ZrLibCallContext 调用;失败沿返回值或 VM 状态传播	zr_vm_lib_container/src/zr_vm_lib_container/pooling.c:407;zr_vm_lib_container/src/zr_vm_lib_container/pooling.c:793	commented	新增宏观契约注释，说明调用目的、所有权或时序
zr_vm_lib_container/src/zr_vm_lib_container/pooling.c	pooling_pool_lease_close::clear_then_return	block	PoolLease.close;PoolLease 元关闭方法	归还 backing 前清空 GC 引用，再使旧 lease 无效	清理失败不归还 backing	zr_vm_lib_container/src/zr_vm_lib_container/pooling.c:422	commented	函数注释解释所有权及保活风险
zr_vm_lib_container/src/zr_vm_lib_container/pooling.c	pooling_require_active_backing	function	zr_vm_lib_container/src/zr_vm_lib_container/pooling.c:495;zr_vm_lib_container/src/zr_vm_lib_container/pooling.c:517;zr_vm_lib_container/src/zr_vm_lib_container/pooling.c:537	支撑池模块的取得调用链	通过 ZrLibCallContext 调用;失败沿返回值或 VM 状态传播	zr_vm_lib_container/src/zr_vm_lib_container/pooling.c:451;zr_vm_lib_container/src/zr_vm_lib_container/pooling.c:495	no-comment	名称、相邻类型描述符或已注释调用边界足以说明职责，无额外长期契约
zr_vm_lib_container/src/zr_vm_lib_container/pooling.c	pooling_read_index	function	zr_vm_lib_container/src/zr_vm_lib_container/pooling.c:504;zr_vm_lib_container/src/zr_vm_lib_container/pooling.c:524	支撑池模块的读取调用链	通过 ZrLibCallContext 调用;失败沿返回值或 VM 状态传播	zr_vm_lib_container/src/zr_vm_lib_container/pooling.c:477;zr_vm_lib_container/src/zr_vm_lib_container/pooling.c:504	no-comment	名称、相邻类型描述符或已注释调用边界足以说明职责，无额外长期契约
zr_vm_lib_container/src/zr_vm_lib_container/pooling.c	pooling_pool_lease_get_item	function	zr_vm_lib_container/src/zr_vm_lib_container/pooling.c:803	支撑池模块的获取调用链	通过 ZrLibCallContext 调用;失败沿返回值或 VM 状态传播	zr_vm_lib_container/src/zr_vm_lib_container/pooling.c:491;zr_vm_lib_container/src/zr_vm_lib_container/pooling.c:803	no-comment	名称、相邻类型描述符或已注释调用边界足以说明职责，无额外长期契约
zr_vm_lib_container/src/zr_vm_lib_container/pooling.c	pooling_pool_lease_set_item	function	zr_vm_lib_container/src/zr_vm_lib_container/pooling.c:810	支撑池模块的写入调用链	通过 ZrLibCallContext 调用;失败沿返回值或 VM 状态传播	zr_vm_lib_container/src/zr_vm_lib_container/pooling.c:513;zr_vm_lib_container/src/zr_vm_lib_container/pooling.c:810	no-comment	名称、相邻类型描述符或已注释调用边界足以说明职责，无额外长期契约
zr_vm_lib_container/src/zr_vm_lib_container/pooling.c	pooling_pool_lease_span	function	zr_vm_lib_container/src/zr_vm_lib_container/pooling.c:785	通过 lease 源对象生成随租约关闭而失效的 Span	通过 ZrLibCallContext 调用;失败沿返回值或 VM 状态传播	zr_vm_lib_container/src/zr_vm_lib_container/pooling.c:533;zr_vm_lib_container/src/zr_vm_lib_container/pooling.c:785	commented	新增宏观契约注释，说明调用目的、所有权或时序
zr_vm_lib_container/src/zr_vm_lib_container/pooling.c	kSingleGenericT	state	zr_vm_lib_container/src/zr_vm_lib_container/module.c:4164;zr_vm_lib_container/src/zr_vm_lib_container/module.c:4168;zr_vm_lib_container/src/zr_vm_lib_container/module.c:4169;zr_vm_lib_container/src/zr_vm_lib_container/module.c:4182;zr_vm_lib_container/src/zr_vm_lib_container/module.c:4183;其余14处已扫描	保存模块内部可复用状态或描述符	仅在所属模块或注册生命周期内使用	zr_vm_lib_container/src/zr_vm_lib_container/pooling.c:575;zr_vm_lib_container/src/zr_vm_lib_container/module.c:4164	no-comment	名称、相邻类型描述符或已注释调用边界足以说明职责，无额外长期契约
zr_vm_lib_container/src/zr_vm_lib_container/pooling.c	kRentParameters	state	zr_vm_lib_container/src/zr_vm_lib_container/pooling.c:759;zr_vm_lib_container/src/zr_vm_lib_container/pooling.c:760	向原生模块注册表提供语言层类型、成员或协议元数据	仅在所属模块或注册生命周期内使用	zr_vm_lib_container/src/zr_vm_lib_container/pooling.c:579;zr_vm_lib_container/src/zr_vm_lib_container/pooling.c:759	no-comment	名称、相邻类型描述符或已注释调用边界足以说明职责，无额外长期契约
zr_vm_lib_container/src/zr_vm_lib_container/pooling.c	kIndexParameters	state	zr_vm_lib_container/src/zr_vm_lib_container/pooling.c:805;zr_vm_lib_container/src/zr_vm_lib_container/pooling.c:806	向原生模块注册表提供语言层类型、成员或协议元数据	仅在所属模块或注册生命周期内使用	zr_vm_lib_container/src/zr_vm_lib_container/pooling.c:583;zr_vm_lib_container/src/zr_vm_lib_container/pooling.c:805	no-comment	名称、相邻类型描述符或已注释调用边界足以说明职责，无额外长期契约
zr_vm_lib_container/src/zr_vm_lib_container/pooling.c	kIndexValueParameters	state	zr_vm_lib_container/src/zr_vm_lib_container/pooling.c:812;zr_vm_lib_container/src/zr_vm_lib_container/pooling.c:813	向原生模块注册表提供语言层类型、成员或协议元数据	仅在所属模块或注册生命周期内使用	zr_vm_lib_container/src/zr_vm_lib_container/pooling.c:587;zr_vm_lib_container/src/zr_vm_lib_container/pooling.c:812	no-comment	名称、相邻类型描述符或已注释调用边界足以说明职责，无额外长期契约
zr_vm_lib_container/src/zr_vm_lib_container/pooling.c	kPoolValueParameters	state	zr_vm_lib_container/src/zr_vm_lib_container/pooling.c:635;zr_vm_lib_container/src/zr_vm_lib_container/pooling.c:636	向原生模块注册表提供语言层类型、成员或协议元数据	仅在所属模块或注册生命周期内使用	zr_vm_lib_container/src/zr_vm_lib_container/pooling.c:592;zr_vm_lib_container/src/zr_vm_lib_container/pooling.c:635	no-comment	名称、相邻类型描述符或已注释调用边界足以说明职责，无额外长期契约
zr_vm_lib_container/src/zr_vm_lib_container/pooling.c	kPoolHandleParameters	state	zr_vm_lib_container/src/zr_vm_lib_container/pooling.c:644;zr_vm_lib_container/src/zr_vm_lib_container/pooling.c:645;zr_vm_lib_container/src/zr_vm_lib_container/pooling.c:653;zr_vm_lib_container/src/zr_vm_lib_container/pooling.c:654	向原生模块注册表提供语言层类型、成员或协议元数据	仅在所属模块或注册生命周期内使用	zr_vm_lib_container/src/zr_vm_lib_container/pooling.c:596;zr_vm_lib_container/src/zr_vm_lib_container/pooling.c:644	no-comment	名称、相邻类型描述符或已注释调用边界足以说明职责，无额外长期契约
zr_vm_lib_container/src/zr_vm_lib_container/pooling.c	kPoolReadParameters	state	zr_vm_lib_container/src/zr_vm_lib_container/pooling.c:662;zr_vm_lib_container/src/zr_vm_lib_container/pooling.c:663	向原生模块注册表提供语言层类型、成员或协议元数据	仅在所属模块或注册生命周期内使用	zr_vm_lib_container/src/zr_vm_lib_container/pooling.c:600;zr_vm_lib_container/src/zr_vm_lib_container/pooling.c:662	no-comment	名称、相邻类型描述符或已注释调用边界足以说明职责，无额外长期契约
zr_vm_lib_container/src/zr_vm_lib_container/pooling.c	kPoolBorrowParameters	state	zr_vm_lib_container/src/zr_vm_lib_container/pooling.c:671;zr_vm_lib_container/src/zr_vm_lib_container/pooling.c:672	向原生模块注册表提供语言层类型、成员或协议元数据	仅在所属模块或注册生命周期内使用	zr_vm_lib_container/src/zr_vm_lib_container/pooling.c:605;zr_vm_lib_container/src/zr_vm_lib_container/pooling.c:671	no-comment	名称、相邻类型描述符或已注释调用边界足以说明职责，无额外长期契约
zr_vm_lib_container/src/zr_vm_lib_container/pooling.c	kPoolHandleFields	state	zr_vm_lib_container/src/zr_vm_lib_container/pooling.c:848;zr_vm_lib_container/src/zr_vm_lib_container/pooling.c:849	向原生模块注册表提供语言层类型、成员或协议元数据	仅在所属模块或注册生命周期内使用	zr_vm_lib_container/src/zr_vm_lib_container/pooling.c:610;zr_vm_lib_container/src/zr_vm_lib_container/pooling.c:848	no-comment	名称、相邻类型描述符或已注释调用边界足以说明职责，无额外长期契约
zr_vm_lib_container/src/zr_vm_lib_container/pooling.c	kGenerationalPoolMethods	state	zr_vm_lib_container/src/zr_vm_lib_container/pooling.c:857;zr_vm_lib_container/src/zr_vm_lib_container/pooling.c:858	向原生模块注册表提供语言层类型、成员或协议元数据	仅在所属模块或注册生命周期内使用	zr_vm_lib_container/src/zr_vm_lib_container/pooling.c:628;zr_vm_lib_container/src/zr_vm_lib_container/pooling.c:857	no-comment	名称、相邻类型描述符或已注释调用边界足以说明职责，无额外长期契约
zr_vm_lib_container/src/zr_vm_lib_container/pooling.c	kPoolRefFields	state	zr_vm_lib_container/src/zr_vm_lib_container/pooling.c:868;zr_vm_lib_container/src/zr_vm_lib_container/pooling.c:869	向原生模块注册表提供语言层类型、成员或协议元数据	仅在所属模块或注册生命周期内使用	zr_vm_lib_container/src/zr_vm_lib_container/pooling.c:676;zr_vm_lib_container/src/zr_vm_lib_container/pooling.c:868	no-comment	名称、相邻类型描述符或已注释调用边界足以说明职责，无额外长期契约
zr_vm_lib_container/src/zr_vm_lib_container/pooling.c	kPoolRefMethods	state	zr_vm_lib_container/src/zr_vm_lib_container/pooling.c:870;zr_vm_lib_container/src/zr_vm_lib_container/pooling.c:871	向原生模块注册表提供语言层类型、成员或协议元数据	仅在所属模块或注册生命周期内使用	zr_vm_lib_container/src/zr_vm_lib_container/pooling.c:683;zr_vm_lib_container/src/zr_vm_lib_container/pooling.c:870	no-comment	名称、相邻类型描述符或已注释调用边界足以说明职责，无额外长期契约
zr_vm_lib_container/src/zr_vm_lib_container/pooling.c	kPoolReadRefFields	state	zr_vm_lib_container/src/zr_vm_lib_container/pooling.c:882;zr_vm_lib_container/src/zr_vm_lib_container/pooling.c:883	向原生模块注册表提供语言层类型、成员或协议元数据	仅在所属模块或注册生命周期内使用	zr_vm_lib_container/src/zr_vm_lib_container/pooling.c:703;zr_vm_lib_container/src/zr_vm_lib_container/pooling.c:882	no-comment	名称、相邻类型描述符或已注释调用边界足以说明职责，无额外长期契约
zr_vm_lib_container/src/zr_vm_lib_container/pooling.c	kPoolReadRefMethods	state	zr_vm_lib_container/src/zr_vm_lib_container/pooling.c:884;zr_vm_lib_container/src/zr_vm_lib_container/pooling.c:885	向原生模块注册表提供语言层类型、成员或协议元数据	仅在所属模块或注册生命周期内使用	zr_vm_lib_container/src/zr_vm_lib_container/pooling.c:711;zr_vm_lib_container/src/zr_vm_lib_container/pooling.c:884	no-comment	名称、相邻类型描述符或已注释调用边界足以说明职责，无额外长期契约
zr_vm_lib_container/src/zr_vm_lib_container/pooling.c	kPoolRefMetaMethods	state	zr_vm_lib_container/src/zr_vm_lib_container/pooling.c:872;zr_vm_lib_container/src/zr_vm_lib_container/pooling.c:873;zr_vm_lib_container/src/zr_vm_lib_container/pooling.c:886;zr_vm_lib_container/src/zr_vm_lib_container/pooling.c:887	向原生模块注册表提供语言层类型、成员或协议元数据	仅在所属模块或注册生命周期内使用	zr_vm_lib_container/src/zr_vm_lib_container/pooling.c:731;zr_vm_lib_container/src/zr_vm_lib_container/pooling.c:872	no-comment	名称、相邻类型描述符或已注释调用边界足以说明职责，无额外长期契约
zr_vm_lib_container/src/zr_vm_lib_container/pooling.c	kBufferPoolFields	state	zr_vm_lib_container/src/zr_vm_lib_container/pooling.c:825;zr_vm_lib_container/src/zr_vm_lib_container/pooling.c:826	向原生模块注册表提供语言层类型、成员或协议元数据	仅在所属模块或注册生命周期内使用	zr_vm_lib_container/src/zr_vm_lib_container/pooling.c:740;zr_vm_lib_container/src/zr_vm_lib_container/pooling.c:825	no-comment	名称、相邻类型描述符或已注释调用边界足以说明职责，无额外长期契约
zr_vm_lib_container/src/zr_vm_lib_container/pooling.c	kBufferPoolMethods	state	zr_vm_lib_container/src/zr_vm_lib_container/pooling.c:827;zr_vm_lib_container/src/zr_vm_lib_container/pooling.c:828	向原生模块注册表提供语言层类型、成员或协议元数据	仅在所属模块或注册生命周期内使用	zr_vm_lib_container/src/zr_vm_lib_container/pooling.c:751;zr_vm_lib_container/src/zr_vm_lib_container/pooling.c:827	no-comment	名称、相邻类型描述符或已注释调用边界足以说明职责，无额外长期契约
zr_vm_lib_container/src/zr_vm_lib_container/pooling.c	kPoolLeaseFields	state	zr_vm_lib_container/src/zr_vm_lib_container/pooling.c:834;zr_vm_lib_container/src/zr_vm_lib_container/pooling.c:835	向原生模块注册表提供语言层类型、成员或协议元数据	仅在所属模块或注册生命周期内使用	zr_vm_lib_container/src/zr_vm_lib_container/pooling.c:765;zr_vm_lib_container/src/zr_vm_lib_container/pooling.c:834	no-comment	名称、相邻类型描述符或已注释调用边界足以说明职责，无额外长期契约
zr_vm_lib_container/src/zr_vm_lib_container/pooling.c	kPoolLeaseMethods	state	zr_vm_lib_container/src/zr_vm_lib_container/pooling.c:836;zr_vm_lib_container/src/zr_vm_lib_container/pooling.c:837	向原生模块注册表提供语言层类型、成员或协议元数据	仅在所属模块或注册生命周期内使用	zr_vm_lib_container/src/zr_vm_lib_container/pooling.c:781;zr_vm_lib_container/src/zr_vm_lib_container/pooling.c:836	no-comment	名称、相邻类型描述符或已注释调用边界足以说明职责，无额外长期契约
zr_vm_lib_container/src/zr_vm_lib_container/pooling.c	kPoolLeaseMetaMethods	state	zr_vm_lib_container/src/zr_vm_lib_container/pooling.c:838;zr_vm_lib_container/src/zr_vm_lib_container/pooling.c:839	向原生模块注册表提供语言层类型、成员或协议元数据	仅在所属模块或注册生命周期内使用	zr_vm_lib_container/src/zr_vm_lib_container/pooling.c:799;zr_vm_lib_container/src/zr_vm_lib_container/pooling.c:838	no-comment	名称、相邻类型描述符或已注释调用边界足以说明职责，无额外长期契约
zr_vm_lib_container/src/zr_vm_lib_container/pooling.c	kPoolingTypes	state	zr_vm_lib_container/src/zr_vm_lib_container/pooling.c:913;zr_vm_lib_container/src/zr_vm_lib_container/pooling.c:914	向原生模块注册表提供语言层类型、成员或协议元数据	仅在所属模块或注册生命周期内使用	zr_vm_lib_container/src/zr_vm_lib_container/pooling.c:822;zr_vm_lib_container/src/zr_vm_lib_container/pooling.c:913	commented	新增宏观契约注释，说明调用目的、所有权或时序
zr_vm_lib_container/src/zr_vm_lib_container/pooling.c	kPoolingConstants	state	zr_vm_lib_container/src/zr_vm_lib_container/pooling.c:911;zr_vm_lib_container/src/zr_vm_lib_container/pooling.c:912	保持原生回调与语言层对象字段名称一致	仅在所属模块或注册生命周期内使用	zr_vm_lib_container/src/zr_vm_lib_container/pooling.c:896;zr_vm_lib_container/src/zr_vm_lib_container/pooling.c:911	no-comment	名称、相邻类型描述符或已注释调用边界足以说明职责，无额外长期契约
zr_vm_lib_container/src/zr_vm_lib_container/pooling.c	kPoolingModuleLinks	state	zr_vm_lib_container/src/zr_vm_lib_container/pooling.c:916;zr_vm_lib_container/src/zr_vm_lib_container/pooling.c:917	保持原生回调与语言层对象字段名称一致	仅在所属模块或注册生命周期内使用	zr_vm_lib_container/src/zr_vm_lib_container/pooling.c:904;zr_vm_lib_container/src/zr_vm_lib_container/pooling.c:916	no-comment	名称、相邻类型描述符或已注释调用边界足以说明职责，无额外长期契约
zr_vm_lib_container/src/zr_vm_lib_container/pooling.c	kPoolingModuleDescriptor	state	zr_vm_lib_container/src/zr_vm_lib_container/pooling.c:925	向原生模块注册表提供语言层类型、成员或协议元数据	仅在所属模块或注册生命周期内使用	zr_vm_lib_container/src/zr_vm_lib_container/pooling.c:908;zr_vm_lib_container/src/zr_vm_lib_container/pooling.c:925	no-comment	名称、相邻类型描述符或已注释调用边界足以说明职责，无额外长期契约
zr_vm_lib_container/src/zr_vm_lib_container/pooling.c	ZrVmLibContainer_Pooling_GetModuleDescriptor	function	zr_vm_lib_container/src/zr_vm_lib_container/module.c:4232;zr_vm_lib_container/src/zr_vm_lib_container/module.c:4288	支撑模块的协调调用链	由描述符或注册入口调用;状态检查见当前实现	zr_vm_lib_container/src/zr_vm_lib_container/pooling.c:924;zr_vm_lib_container/src/zr_vm_lib_container/module.c:4232	no-comment	名称、相邻类型描述符或已注释调用边界足以说明职责，无额外长期契约
zr_vm_lib_container/src/zr_vm_lib_container/pooling.h	ZrVmLibContainer_Pooling_GetModuleDescriptor	function	zr_vm_lib_container/src/zr_vm_lib_container/module.c:4232;zr_vm_lib_container/src/zr_vm_lib_container/module.c:4288	支撑模块的协调调用链	由描述符或注册入口调用;状态检查见当前实现	zr_vm_lib_container/src/zr_vm_lib_container/pooling.h:6;zr_vm_lib_container/src/zr_vm_lib_container/module.c:4232	no-comment	名称、相邻类型描述符或已注释调用边界足以说明职责，无额外长期契约
zr_vm_lib_container/src/zr_vm_lib_container/pooling_generational_runtime.c	ZR_POOLING_RUNTIME_FIELD	macro	zr_vm_lib_container/src/zr_vm_lib_container/pooling_generational_runtime.c:119;zr_vm_lib_container/src/zr_vm_lib_container/pooling_generational_runtime.c:269;zr_vm_lib_container/src/zr_vm_lib_container/pooling_generational_runtime.c:355	为模块共享契约提供编译期标识或配置	由编译期定义;调用处不修改	zr_vm_lib_container/src/zr_vm_lib_container/pooling_generational_runtime.c:16;zr_vm_lib_container/src/zr_vm_lib_container/pooling_generational_runtime.c:119	no-comment	名称、相邻类型描述符或已注释调用边界足以说明职责，无额外长期契约
zr_vm_lib_container/src/zr_vm_lib_container/pooling_generational_runtime.c	ZR_POOLING_GUARD_FIELD	macro	zr_vm_lib_container/src/zr_vm_lib_container/pooling_generational_runtime.c:131;zr_vm_lib_container/src/zr_vm_lib_container/pooling_generational_runtime.c:615;zr_vm_lib_container/src/zr_vm_lib_container/pooling_generational_runtime.c:656	为模块共享契约提供编译期标识或配置	由编译期定义;调用处不修改	zr_vm_lib_container/src/zr_vm_lib_container/pooling_generational_runtime.c:17;zr_vm_lib_container/src/zr_vm_lib_container/pooling_generational_runtime.c:131	no-comment	名称、相邻类型描述符或已注释调用边界足以说明职责，无额外长期契约
zr_vm_lib_container/src/zr_vm_lib_container/pooling_generational_runtime.c	ZR_POOLING_GUARD_OWNER_FIELD	macro	zr_vm_lib_container/src/zr_vm_lib_container/pooling_generational_runtime.c:575;zr_vm_lib_container/src/zr_vm_lib_container/pooling_generational_runtime.c:660	为模块共享契约提供编译期标识或配置	由编译期定义;调用处不修改	zr_vm_lib_container/src/zr_vm_lib_container/pooling_generational_runtime.c:18;zr_vm_lib_container/src/zr_vm_lib_container/pooling_generational_runtime.c:575	no-comment	名称、相邻类型描述符或已注释调用边界足以说明职责，无额外长期契约
zr_vm_lib_container/src/zr_vm_lib_container/pooling_generational_runtime.c	ZR_POOLING_GUARD_VALUE_FIELD	macro	zr_vm_lib_container/src/zr_vm_lib_container/pooling_generational_runtime.c:580;zr_vm_lib_container/src/zr_vm_lib_container/pooling_generational_runtime.c:683;zr_vm_lib_container/src/zr_vm_lib_container/pooling_generational_runtime.c:697;zr_vm_lib_container/src/zr_vm_lib_container/pooling_generational_runtime.c:867	为模块共享契约提供编译期标识或配置	由编译期定义;调用处不修改	zr_vm_lib_container/src/zr_vm_lib_container/pooling_generational_runtime.c:19;zr_vm_lib_container/src/zr_vm_lib_container/pooling_generational_runtime.c:580	no-comment	名称、相邻类型描述符或已注释调用边界足以说明职责，无额外长期契约
zr_vm_lib_container/src/zr_vm_lib_container/pooling_generational_runtime.c	SZrPoolingRuntime	type	zr_vm_lib_container/src/zr_vm_lib_container/pooling_generational_runtime.c:31;zr_vm_lib_container/src/zr_vm_lib_container/pooling_generational_runtime.c:115;zr_vm_lib_container/src/zr_vm_lib_container/pooling_generational_runtime.c:124;zr_vm_lib_container/src/zr_vm_lib_container/pooling_generational_runtime.c:155;zr_vm_lib_container/src/zr_vm_lib_container/pooling_generational_runtime.c:194;其余12处已扫描	定义模块边界使用的状态或协议数据	字段关系与有效期由创建及释放路径约束	zr_vm_lib_container/src/zr_vm_lib_container/pooling_generational_runtime.c:22;zr_vm_lib_container/src/zr_vm_lib_container/pooling_generational_runtime.c:31	commented	新增宏观契约注释，说明调用目的、所有权或时序
zr_vm_lib_container/src/zr_vm_lib_container/pooling_generational_runtime.c	SZrPoolingGuardRuntime	type	zr_vm_lib_container/src/zr_vm_lib_container/pooling_generational_runtime.c:38;zr_vm_lib_container/src/zr_vm_lib_container/pooling_generational_runtime.c:127;zr_vm_lib_container/src/zr_vm_lib_container/pooling_generational_runtime.c:136;zr_vm_lib_container/src/zr_vm_lib_container/pooling_generational_runtime.c:559;zr_vm_lib_container/src/zr_vm_lib_container/pooling_generational_runtime.c:634;其余2处已扫描	保存受生命周期约束的池借用状态	字段关系与有效期由创建及释放路径约束	zr_vm_lib_container/src/zr_vm_lib_container/pooling_generational_runtime.c:34;zr_vm_lib_container/src/zr_vm_lib_container/pooling_generational_runtime.c:38	commented	新增宏观契约注释，说明调用目的、所有权或时序
zr_vm_lib_container/src/zr_vm_lib_container/pooling_generational_runtime.c	pooling_runtime_field	function	zr_vm_lib_container/src/zr_vm_lib_container/pooling_generational_runtime.c:106;zr_vm_lib_container/src/zr_vm_lib_container/pooling_generational_runtime.c:118;zr_vm_lib_container/src/zr_vm_lib_container/pooling_generational_runtime.c:130;zr_vm_lib_container/src/zr_vm_lib_container/pooling_generational_runtime.c:380;zr_vm_lib_container/src/zr_vm_lib_container/pooling_generational_runtime.c:579	支撑池模块的协调调用链	通过 ZrLibCallContext 调用;失败沿返回值或 VM 状态传播	zr_vm_lib_container/src/zr_vm_lib_container/pooling_generational_runtime.c:40;zr_vm_lib_container/src/zr_vm_lib_container/pooling_generational_runtime.c:106	no-comment	名称、相邻类型描述符或已注释调用边界足以说明职责，无额外长期契约
zr_vm_lib_container/src/zr_vm_lib_container/pooling_generational_runtime.c	pooling_runtime_set_native_pointer	function	zr_vm_lib_container/src/zr_vm_lib_container/pooling_generational_runtime.c:268;zr_vm_lib_container/src/zr_vm_lib_container/pooling_generational_runtime.c:354;zr_vm_lib_container/src/zr_vm_lib_container/pooling_generational_runtime.c:614;zr_vm_lib_container/src/zr_vm_lib_container/pooling_generational_runtime.c:655	支撑池模块的写入调用链	通过 ZrLibCallContext 调用;失败沿返回值或 VM 状态传播	zr_vm_lib_container/src/zr_vm_lib_container/pooling_generational_runtime.c:50;zr_vm_lib_container/src/zr_vm_lib_container/pooling_generational_runtime.c:268	no-comment	名称、相邻类型描述符或已注释调用边界足以说明职责，无额外长期契约
zr_vm_lib_container/src/zr_vm_lib_container/pooling_generational_runtime.c	pooling_runtime_set_object	function	zr_vm_lib_container/src/zr_vm_lib_container/pooling_generational_runtime.c:657	支撑池模块的写入调用链	通过 ZrLibCallContext 调用;失败沿返回值或 VM 状态传播	zr_vm_lib_container/src/zr_vm_lib_container/pooling_generational_runtime.c:61;zr_vm_lib_container/src/zr_vm_lib_container/pooling_generational_runtime.c:657	no-comment	名称、相邻类型描述符或已注释调用边界足以说明职责，无额外长期契约
zr_vm_lib_container/src/zr_vm_lib_container/pooling_generational_runtime.c	pooling_runtime_set_hidden_value	function	zr_vm_lib_container/src/zr_vm_lib_container/pooling_generational_runtime.c:680;zr_vm_lib_container/src/zr_vm_lib_container/pooling_generational_runtime.c:694	支撑池模块的写入调用链	通过 ZrLibCallContext 调用;失败沿返回值或 VM 状态传播	zr_vm_lib_container/src/zr_vm_lib_container/pooling_generational_runtime.c:77;zr_vm_lib_container/src/zr_vm_lib_container/pooling_generational_runtime.c:680	no-comment	名称、相邻类型描述符或已注释调用边界足以说明职责，无额外长期契约
zr_vm_lib_container/src/zr_vm_lib_container/pooling_generational_runtime.c	pooling_runtime_object_field	function	zr_vm_lib_container/src/zr_vm_lib_container/pooling_generational_runtime.c:572	支撑池模块的协调调用链	通过 ZrLibCallContext 调用;失败沿返回值或 VM 状态传播	zr_vm_lib_container/src/zr_vm_lib_container/pooling_generational_runtime.c:101;zr_vm_lib_container/src/zr_vm_lib_container/pooling_generational_runtime.c:572	no-comment	名称、相邻类型描述符或已注释调用边界足以说明职责，无额外长期契约
zr_vm_lib_container/src/zr_vm_lib_container/pooling_generational_runtime.c	pooling_runtime_from_object	function	zr_vm_lib_container/src/zr_vm_lib_container/pooling_generational_runtime.c:160;zr_vm_lib_container/src/zr_vm_lib_container/pooling_generational_runtime.c:257;zr_vm_lib_container/src/zr_vm_lib_container/pooling_generational_runtime.c:295;zr_vm_lib_container/src/zr_vm_lib_container/pooling_generational_runtime.c:577	支撑池模块的协调调用链	通过 ZrLibCallContext 调用;失败沿返回值或 VM 状态传播	zr_vm_lib_container/src/zr_vm_lib_container/pooling_generational_runtime.c:115;zr_vm_lib_container/src/zr_vm_lib_container/pooling_generational_runtime.c:160	no-comment	名称、相邻类型描述符或已注释调用边界足以说明职责，无额外长期契约
zr_vm_lib_container/src/zr_vm_lib_container/pooling_generational_runtime.c	pooling_guard_from_object	function	zr_vm_lib_container/src/zr_vm_lib_container/pooling_generational_runtime.c:567;zr_vm_lib_container/src/zr_vm_lib_container/pooling_generational_runtime.c:777;zr_vm_lib_container/src/zr_vm_lib_container/pooling_generational_runtime.c:859	支撑池模块的协调调用链	通过 ZrLibCallContext 调用;失败沿返回值或 VM 状态传播	zr_vm_lib_container/src/zr_vm_lib_container/pooling_generational_runtime.c:127;zr_vm_lib_container/src/zr_vm_lib_container/pooling_generational_runtime.c:567	no-comment	名称、相邻类型描述符或已注释调用边界足以说明职责，无额外长期契约
zr_vm_lib_container/src/zr_vm_lib_container/pooling_generational_runtime.c	pooling_value_scan	function	zr_vm_lib_container/src/zr_vm_lib_container/pooling_generational_runtime.c:346	支撑池模块的扫描调用链	通过 ZrLibCallContext 调用;失败沿返回值或 VM 状态传播	zr_vm_lib_container/src/zr_vm_lib_container/pooling_generational_runtime.c:139;zr_vm_lib_container/src/zr_vm_lib_container/pooling_generational_runtime.c:346	no-comment	名称、相邻类型描述符或已注释调用边界足以说明职责，无额外长期契约
zr_vm_lib_container/src/zr_vm_lib_container/pooling_generational_runtime.c	pooling_pool_trace	function	zr_vm_lib_container/src/zr_vm_lib_container/pooling_generational_runtime.c:356	支撑池模块的追踪调用链	通过 ZrLibCallContext 调用;失败沿返回值或 VM 状态传播	zr_vm_lib_container/src/zr_vm_lib_container/pooling_generational_runtime.c:149;zr_vm_lib_container/src/zr_vm_lib_container/pooling_generational_runtime.c:356	commented	新增宏观契约注释，说明调用目的、所有权或时序
zr_vm_lib_container/src/zr_vm_lib_container/pooling_generational_runtime.c	pooling_barrier_value	function	zr_vm_lib_container/src/zr_vm_lib_container/pooling_generational_runtime.c:205	支撑池模块的协调调用链	通过 ZrLibCallContext 调用;失败沿返回值或 VM 状态传播	zr_vm_lib_container/src/zr_vm_lib_container/pooling_generational_runtime.c:174;zr_vm_lib_container/src/zr_vm_lib_container/pooling_generational_runtime.c:205	no-comment	名称、相邻类型描述符或已注释调用边界足以说明职责，无额外长期契约
zr_vm_lib_container/src/zr_vm_lib_container/pooling_generational_runtime.c	pooling_runtime_barrier_storage	function	zr_vm_lib_container/src/zr_vm_lib_container/pooling_generational_runtime.c:503;zr_vm_lib_container/src/zr_vm_lib_container/pooling_generational_runtime.c:605	支撑池模块的协调调用链	通过 ZrLibCallContext 调用;失败沿返回值或 VM 状态传播	zr_vm_lib_container/src/zr_vm_lib_container/pooling_generational_runtime.c:191;zr_vm_lib_container/src/zr_vm_lib_container/pooling_generational_runtime.c:503	no-comment	名称、相邻类型描述符或已注释调用边界足以说明职责，无额外长期契约
zr_vm_lib_container/src/zr_vm_lib_container/pooling_generational_runtime.c	pooling_runtime_layout_matches	function	zr_vm_lib_container/src/zr_vm_lib_container/pooling_generational_runtime.c:298	支撑池模块的协调调用链	通过 ZrLibCallContext 调用;失败沿返回值或 VM 状态传播	zr_vm_lib_container/src/zr_vm_lib_container/pooling_generational_runtime.c:209;zr_vm_lib_container/src/zr_vm_lib_container/pooling_generational_runtime.c:298	no-comment	名称、相邻类型描述符或已注释调用边界足以说明职责，无额外长期契约
zr_vm_lib_container/src/zr_vm_lib_container/pooling_generational_runtime.c	pooling_runtime_layout_function	function	zr_vm_lib_container/src/zr_vm_lib_container/pooling_generational_runtime.c:586;zr_vm_lib_container/src/zr_vm_lib_container/pooling_generational_runtime.c:667	支撑池模块的协调调用链	通过 ZrLibCallContext 调用;失败沿返回值或 VM 状态传播	zr_vm_lib_container/src/zr_vm_lib_container/pooling_generational_runtime.c:234;zr_vm_lib_container/src/zr_vm_lib_container/pooling_generational_runtime.c:586	no-comment	名称、相邻类型描述符或已注释调用边界足以说明职责，无额外长期契约
zr_vm_lib_container/src/zr_vm_lib_container/pooling_generational_runtime.c	pooling_pool_finalize	function	zr_vm_lib_container/src/zr_vm_lib_container/pooling_generational_runtime.c:357;zr_vm_lib_container/src/zr_vm_lib_container/pooling_generational_runtime.c:365	支撑池模块的协调调用链	通过 ZrLibCallContext 调用;失败沿返回值或 VM 状态传播	zr_vm_lib_container/src/zr_vm_lib_container/pooling_generational_runtime.c:250;zr_vm_lib_container/src/zr_vm_lib_container/pooling_generational_runtime.c:357	no-comment	名称、相邻类型描述符或已注释调用边界足以说明职责，无额外长期契约
zr_vm_lib_container/src/zr_vm_lib_container/pooling_generational_runtime.c	pooling_runtime_require	function	zr_vm_lib_container/src/zr_vm_lib_container/pooling_generational_runtime.c:487;zr_vm_lib_container/src/zr_vm_lib_container/pooling_generational_runtime.c:519;zr_vm_lib_container/src/zr_vm_lib_container/pooling_generational_runtime.c:538;zr_vm_lib_container/src/zr_vm_lib_container/pooling_generational_runtime.c:721	支撑池模块的取得调用链	通过 ZrLibCallContext 调用;失败沿返回值或 VM 状态传播	zr_vm_lib_container/src/zr_vm_lib_container/pooling_generational_runtime.c:273;zr_vm_lib_container/src/zr_vm_lib_container/pooling_generational_runtime.c:487	commented	新增宏观契约注释，说明调用目的、所有权或时序
zr_vm_lib_container/src/zr_vm_lib_container/pooling_generational_runtime.c	pooling_read_uint_field	function	zr_vm_lib_container/src/zr_vm_lib_container/pooling_generational_runtime.c:418;zr_vm_lib_container/src/zr_vm_lib_container/pooling_generational_runtime.c:420;zr_vm_lib_container/src/zr_vm_lib_container/pooling_generational_runtime.c:422	支撑池模块的读取调用链	通过 ZrLibCallContext 调用;失败沿返回值或 VM 状态传播	zr_vm_lib_container/src/zr_vm_lib_container/pooling_generational_runtime.c:375;zr_vm_lib_container/src/zr_vm_lib_container/pooling_generational_runtime.c:418	no-comment	名称、相邻类型描述符或已注释调用边界足以说明职责，无额外长期契约
zr_vm_lib_container/src/zr_vm_lib_container/pooling_generational_runtime.c	pooling_read_handle	function	zr_vm_lib_container/src/zr_vm_lib_container/pooling_generational_runtime.c:528;zr_vm_lib_container/src/zr_vm_lib_container/pooling_generational_runtime.c:546;zr_vm_lib_container/src/zr_vm_lib_container/pooling_generational_runtime.c:737	支撑池模块的读取调用链	通过 ZrLibCallContext 调用;失败沿返回值或 VM 状态传播	zr_vm_lib_container/src/zr_vm_lib_container/pooling_generational_runtime.c:400;zr_vm_lib_container/src/zr_vm_lib_container/pooling_generational_runtime.c:528	no-comment	名称、相邻类型描述符或已注释调用边界足以说明职责，无额外长期契约
zr_vm_lib_container/src/zr_vm_lib_container/pooling_generational_runtime.c	pooling_set_uint_field	function	zr_vm_lib_container/src/zr_vm_lib_container/pooling_generational_runtime.c:465;zr_vm_lib_container/src/zr_vm_lib_container/pooling_generational_runtime.c:466;zr_vm_lib_container/src/zr_vm_lib_container/pooling_generational_runtime.c:471	支撑池模块的写入调用链	通过 ZrLibCallContext 调用;失败沿返回值或 VM 状态传播	zr_vm_lib_container/src/zr_vm_lib_container/pooling_generational_runtime.c:435;zr_vm_lib_container/src/zr_vm_lib_container/pooling_generational_runtime.c:465	no-comment	名称、相邻类型描述符或已注释调用边界足以说明职责，无额外长期契约
zr_vm_lib_container/src/zr_vm_lib_container/pooling_generational_runtime.c	pooling_new_handle	function	zr_vm_lib_container/src/zr_vm_lib_container/pooling_generational_runtime.c:505	支撑池模块的创建调用链	通过 ZrLibCallContext 调用;失败沿返回值或 VM 状态传播	zr_vm_lib_container/src/zr_vm_lib_container/pooling_generational_runtime.c:446;zr_vm_lib_container/src/zr_vm_lib_container/pooling_generational_runtime.c:505	no-comment	名称、相邻类型描述符或已注释调用边界足以说明职责，无额外长期契约
zr_vm_lib_container/src/zr_vm_lib_container/pooling_generational_runtime.c	ZrPooling_Generational_Deliver	function	zr_vm_lib_container/src/zr_vm_lib_container/pooling.c:632	支撑池模块的协调调用链	通过 ZrLibCallContext 调用;失败沿返回值或 VM 状态传播	zr_vm_lib_container/src/zr_vm_lib_container/pooling_generational_runtime.c:480;zr_vm_lib_container/src/zr_vm_lib_container/pooling.c:632	no-comment	名称、相邻类型描述符或已注释调用边界足以说明职责，无额外长期契约
zr_vm_lib_container/src/zr_vm_lib_container/pooling_generational_runtime.c	ZrPooling_Generational_IsLive	function	zr_vm_lib_container/src/zr_vm_lib_container/pooling.c:641	支撑池模块的协调调用链	通过 ZrLibCallContext 调用;失败沿返回值或 VM 状态传播	zr_vm_lib_container/src/zr_vm_lib_container/pooling_generational_runtime.c:516;zr_vm_lib_container/src/zr_vm_lib_container/pooling.c:641	no-comment	名称、相邻类型描述符或已注释调用边界足以说明职责，无额外长期契约
zr_vm_lib_container/src/zr_vm_lib_container/pooling_generational_runtime.c	ZrPooling_Generational_Recycle	function	zr_vm_lib_container/src/zr_vm_lib_container/pooling.c:650	支撑池模块的协调调用链	通过 ZrLibCallContext 调用;失败沿返回值或 VM 状态传播	zr_vm_lib_container/src/zr_vm_lib_container/pooling_generational_runtime.c:535;zr_vm_lib_container/src/zr_vm_lib_container/pooling.c:650	no-comment	名称、相邻类型描述符或已注释调用边界足以说明职责，无额外长期契约
zr_vm_lib_container/src/zr_vm_lib_container/pooling_generational_runtime.c	pooling_guard_release	function	zr_vm_lib_container/src/zr_vm_lib_container/pooling_generational_runtime.c:620;zr_vm_lib_container/src/zr_vm_lib_container/pooling_generational_runtime.c:782;zr_vm_lib_container/src/zr_vm_lib_container/pooling_generational_runtime.c:833	关闭语言层 guard 时写回元素并释放底层借用	通过 ZrLibCallContext 调用;失败沿返回值或 VM 状态传播	zr_vm_lib_container/src/zr_vm_lib_container/pooling_generational_runtime.c:555;zr_vm_lib_container/src/zr_vm_lib_container/pooling_generational_runtime.c:620	commented	新增宏观契约注释，说明调用目的、所有权或时序
zr_vm_lib_container/src/zr_vm_lib_container/pooling_generational_runtime.c	pooling_guard_finalize	function	zr_vm_lib_container/src/zr_vm_lib_container/pooling_generational_runtime.c:688;zr_vm_lib_container/src/zr_vm_lib_container/pooling_generational_runtime.c:699;zr_vm_lib_container/src/zr_vm_lib_container/pooling_generational_runtime.c:705;zr_vm_lib_container/src/zr_vm_lib_container/pooling_generational_runtime.c:707;zr_vm_lib_container/src/zr_vm_lib_container/pooling_generational_runtime.c:788	支撑池模块的协调调用链	通过 ZrLibCallContext 调用;失败沿返回值或 VM 状态传播	zr_vm_lib_container/src/zr_vm_lib_container/pooling_generational_runtime.c:619;zr_vm_lib_container/src/zr_vm_lib_container/pooling_generational_runtime.c:688	no-comment	名称、相邻类型描述符或已注释调用边界足以说明职责，无额外长期契约
zr_vm_lib_container/src/zr_vm_lib_container/pooling_generational_runtime.c	pooling_new_guard_view	function	zr_vm_lib_container/src/zr_vm_lib_container/pooling_generational_runtime.c:744	支撑池模块的创建调用链	通过 ZrLibCallContext 调用;失败沿返回值或 VM 状态传播	zr_vm_lib_container/src/zr_vm_lib_container/pooling_generational_runtime.c:624;zr_vm_lib_container/src/zr_vm_lib_container/pooling_generational_runtime.c:744	commented	新增宏观契约注释，说明调用目的、所有权或时序
zr_vm_lib_container/src/zr_vm_lib_container/pooling_generational_runtime.c	pooling_try_guard	function	zr_vm_lib_container/src/zr_vm_lib_container/pooling_generational_runtime.c:807;zr_vm_lib_container/src/zr_vm_lib_container/pooling_generational_runtime.c:813	把底层借用转为语言层 out 参数视图并处理旧视图	通过 ZrLibCallContext 调用;失败沿返回值或 VM 状态传播	zr_vm_lib_container/src/zr_vm_lib_container/pooling_generational_runtime.c:716;zr_vm_lib_container/src/zr_vm_lib_container/pooling_generational_runtime.c:807	commented	新增宏观契约注释，说明调用目的、所有权或时序
zr_vm_lib_container/src/zr_vm_lib_container/pooling_generational_runtime.c	pooling_try_guard::out_writeback	block	ZrPooling_Generational_TryRead;ZrPooling_Generational_TryBorrow	先结束旧借用再交付新视图给 out 参数	写回失败释放新借用	zr_vm_lib_container/src/zr_vm_lib_container/pooling_generational_runtime.c:757	commented	函数注释解释交付顺序与失败清理
zr_vm_lib_container/src/zr_vm_lib_container/pooling_generational_runtime.c	ZrPooling_Generational_TryRead	function	zr_vm_lib_container/src/zr_vm_lib_container/pooling.c:659	支撑池模块的协调调用链	通过 ZrLibCallContext 调用;失败沿返回值或 VM 状态传播	zr_vm_lib_container/src/zr_vm_lib_container/pooling_generational_runtime.c:804;zr_vm_lib_container/src/zr_vm_lib_container/pooling.c:659	no-comment	名称、相邻类型描述符或已注释调用边界足以说明职责，无额外长期契约
zr_vm_lib_container/src/zr_vm_lib_container/pooling_generational_runtime.c	ZrPooling_Generational_TryBorrow	function	zr_vm_lib_container/src/zr_vm_lib_container/pooling.c:668	支撑池模块的协调调用链	通过 ZrLibCallContext 调用;失败沿返回值或 VM 状态传播	zr_vm_lib_container/src/zr_vm_lib_container/pooling_generational_runtime.c:810;zr_vm_lib_container/src/zr_vm_lib_container/pooling.c:668	no-comment	名称、相邻类型描述符或已注释调用边界足以说明职责，无额外长期契约
zr_vm_lib_container/src/zr_vm_lib_container/pooling_generational_runtime.c	ZrPooling_Generational_RefClose	function	zr_vm_lib_container/src/zr_vm_lib_container/pooling.c:697;zr_vm_lib_container/src/zr_vm_lib_container/pooling.c:725;zr_vm_lib_container/src/zr_vm_lib_container/pooling.c:735	支撑池模块的协调调用链	通过 ZrLibCallContext 调用;失败沿返回值或 VM 状态传播	zr_vm_lib_container/src/zr_vm_lib_container/pooling_generational_runtime.c:816;zr_vm_lib_container/src/zr_vm_lib_container/pooling.c:697	no-comment	名称、相邻类型描述符或已注释调用边界足以说明职责，无额外长期契约
zr_vm_lib_container/src/zr_vm_lib_container/pooling_generational_runtime.c	ZrPooling_Generational_RefValue	function	zr_vm_lib_container/src/zr_vm_lib_container/pooling.c:687;zr_vm_lib_container/src/zr_vm_lib_container/pooling.c:715	支撑池模块的协调调用链	通过 ZrLibCallContext 调用;失败沿返回值或 VM 状态传播	zr_vm_lib_container/src/zr_vm_lib_container/pooling_generational_runtime.c:842;zr_vm_lib_container/src/zr_vm_lib_container/pooling.c:687	no-comment	名称、相邻类型描述符或已注释调用边界足以说明职责，无额外长期契约
zr_vm_lib_container/src/zr_vm_lib_container/pooling_generational_runtime.h	ZrPooling_Generational_Deliver	function	zr_vm_lib_container/src/zr_vm_lib_container/pooling.c:632	支撑池模块的协调调用链	通过 ZrLibCallContext 调用;失败沿返回值或 VM 状态传播	zr_vm_lib_container/src/zr_vm_lib_container/pooling_generational_runtime.h:7;zr_vm_lib_container/src/zr_vm_lib_container/pooling.c:632	commented	新增宏观契约注释，说明调用目的、所有权或时序
zr_vm_lib_container/src/zr_vm_lib_container/pooling_generational_runtime.h	ZrPooling_Generational_IsLive	function	zr_vm_lib_container/src/zr_vm_lib_container/pooling.c:641	支撑池模块的协调调用链	通过 ZrLibCallContext 调用;失败沿返回值或 VM 状态传播	zr_vm_lib_container/src/zr_vm_lib_container/pooling_generational_runtime.h:11;zr_vm_lib_container/src/zr_vm_lib_container/pooling.c:641	commented	新增宏观契约注释，说明调用目的、所有权或时序
zr_vm_lib_container/src/zr_vm_lib_container/pooling_generational_runtime.h	ZrPooling_Generational_Recycle	function	zr_vm_lib_container/src/zr_vm_lib_container/pooling.c:650	支撑池模块的协调调用链	通过 ZrLibCallContext 调用;失败沿返回值或 VM 状态传播	zr_vm_lib_container/src/zr_vm_lib_container/pooling_generational_runtime.h:15;zr_vm_lib_container/src/zr_vm_lib_container/pooling.c:650	commented	新增宏观契约注释，说明调用目的、所有权或时序
zr_vm_lib_container/src/zr_vm_lib_container/pooling_generational_runtime.h	ZrPooling_Generational_TryRead	function	zr_vm_lib_container/src/zr_vm_lib_container/pooling.c:659	支撑池模块的协调调用链	通过 ZrLibCallContext 调用;失败沿返回值或 VM 状态传播	zr_vm_lib_container/src/zr_vm_lib_container/pooling_generational_runtime.h:19;zr_vm_lib_container/src/zr_vm_lib_container/pooling.c:659	commented	新增宏观契约注释，说明调用目的、所有权或时序
zr_vm_lib_container/src/zr_vm_lib_container/pooling_generational_runtime.h	ZrPooling_Generational_TryBorrow	function	zr_vm_lib_container/src/zr_vm_lib_container/pooling.c:668	支撑池模块的协调调用链	通过 ZrLibCallContext 调用;失败沿返回值或 VM 状态传播	zr_vm_lib_container/src/zr_vm_lib_container/pooling_generational_runtime.h:23;zr_vm_lib_container/src/zr_vm_lib_container/pooling.c:668	commented	新增宏观契约注释，说明调用目的、所有权或时序
zr_vm_lib_container/src/zr_vm_lib_container/pooling_generational_runtime.h	ZrPooling_Generational_RefClose	function	zr_vm_lib_container/src/zr_vm_lib_container/pooling.c:697;zr_vm_lib_container/src/zr_vm_lib_container/pooling.c:725;zr_vm_lib_container/src/zr_vm_lib_container/pooling.c:735	支撑池模块的协调调用链	通过 ZrLibCallContext 调用;失败沿返回值或 VM 状态传播	zr_vm_lib_container/src/zr_vm_lib_container/pooling_generational_runtime.h:27;zr_vm_lib_container/src/zr_vm_lib_container/pooling.c:697	commented	新增宏观契约注释，说明调用目的、所有权或时序
zr_vm_lib_container/src/zr_vm_lib_container/pooling_generational_runtime.h	ZrPooling_Generational_RefValue	function	zr_vm_lib_container/src/zr_vm_lib_container/pooling.c:687;zr_vm_lib_container/src/zr_vm_lib_container/pooling.c:715	支撑池模块的协调调用链	通过 ZrLibCallContext 调用;失败沿返回值或 VM 状态传播	zr_vm_lib_container/src/zr_vm_lib_container/pooling_generational_runtime.h:31;zr_vm_lib_container/src/zr_vm_lib_container/pooling.c:687	commented	新增宏观契约注释，说明调用目的、所有权或时序
