file	unit	kind	callers	intent	constraints	evidence	decision	reason
zr_vm_language_server/include/zr_vm_language_server.h	ZR_VM_LANGUAGE_SERVER_H	macro	zr_vm_language_server/include/zr_vm_language_server.h:7	限制本公开头文件在同一编译单元中只定义一次。	仅作为预处理包含保护，不属于运行时接口。	zr_vm_language_server/include/zr_vm_language_server.h:8	no-comment	结构性头文件保护宏；名称与 #ifndef 已完整表达作用。
zr_vm_language_server/include/zr_vm_language_server.h	zr_vm_language_server.h	interface	tests/language_server/test_lsp_interface.c:9	语言服务聚合入口，向嵌入者与测试集中暴露子模块头文件	仅聚合声明，不创建会话状态	zr_vm_language_server/include/zr_vm_language_server.h:16;tests/language_server/test_lsp_interface.c:9	commented	仓内测试及库入口通过该头文件取得子模块契约
zr_vm_language_server/include/zr_vm_language_server/conf.h	ZR_VM_LANGUAGE_SERVER_CONF_H	macro	zr_vm_language_server/include/zr_vm_language_server/conf.h:7	限制本公开头文件在同一编译单元中只定义一次。	仅作为预处理包含保护，不属于运行时接口。	zr_vm_language_server/include/zr_vm_language_server/conf.h:8	no-comment	结构性头文件保护宏；名称与 #ifndef 已完整表达作用。
zr_vm_language_server/include/zr_vm_language_server/conf.h	ZR_LANGUAGE_SERVER_API	macro	zr_vm_language_server/src/zr_vm_language_server/interface/lsp_descriptor_metadata_coordinates.c:9;zr_vm_language_server/src/zr_vm_language_server/interface/lsp_interface.c:1137	将公开 LSP 声明接到仓库统一导出 ABI，供共享核心和传输适配层链接。	作为 ZR_API 别名使用；不同平台的可见性由公共头控制。	zr_vm_language_server/include/zr_vm_language_server/conf.h:13;zr_vm_language_server/src/zr_vm_language_server/interface/lsp_descriptor_metadata_coordinates.c:9;zr_vm_language_server/src/zr_vm_language_server/interface/lsp_interface.c:1137	commented	已核对直接消费点，所在连续常量组的 Doxygen 注释说明共同契约。
zr_vm_language_server/include/zr_vm_language_server/conf.h	ZR_LSP_DYNAMIC_CAPACITY_GROWTH_FACTOR	macro	zr_vm_language_server/stdio/stdio_diagnostics.c:58;zr_vm_language_server/stdio/stdio_semantic_tokens_cache.c:105	为 stdio 文档、诊断和语义 token 缓存扩容提供共同倍率。	仅用于动态增长；最终可分配容量仍受分配器和消息限制约束。	zr_vm_language_server/include/zr_vm_language_server/conf.h:16;zr_vm_language_server/stdio/stdio_diagnostics.c:58;zr_vm_language_server/stdio/stdio_semantic_tokens_cache.c:105	commented	已核对直接消费点，所在连续常量组的 Doxygen 注释说明共同契约。
zr_vm_language_server/include/zr_vm_language_server/conf.h	ZR_LSP_PROJECT_INDEX_INITIAL_CAPACITY	macro	zr_vm_language_server/src/zr_vm_language_server/interface/lsp_interface.c:1023	设置会话项目索引容器的首次分配容量。	只影响首次分配，不限制可打开项目数。	zr_vm_language_server/include/zr_vm_language_server/conf.h:22;zr_vm_language_server/src/zr_vm_language_server/interface/lsp_interface.c:1023	commented	已核对直接消费点，所在连续常量组的 Doxygen 注释说明共同契约。
zr_vm_language_server/include/zr_vm_language_server/conf.h	ZR_LSP_ARRAY_INITIAL_CAPACITY	macro	zr_vm_language_server/src/zr_vm_language_server/interface/lsp_inlay_hints.c:116;zr_vm_language_server/src/zr_vm_language_server/interface/lsp_inlay_hints.c:383	设置一般 LSP 结果数组的首次分配容量。	结果增长仍由数组容器负责；不能当作协议结果上限。	zr_vm_language_server/include/zr_vm_language_server/conf.h:23;zr_vm_language_server/src/zr_vm_language_server/interface/lsp_inlay_hints.c:116;zr_vm_language_server/src/zr_vm_language_server/interface/lsp_inlay_hints.c:383	commented	已核对直接消费点，所在连续常量组的 Doxygen 注释说明共同契约。
zr_vm_language_server/include/zr_vm_language_server/conf.h	ZR_LSP_SMALL_ARRAY_INITIAL_CAPACITY	macro	zr_vm_language_server/src/zr_vm_language_server/incremental_parser.c:286;zr_vm_language_server/src/zr_vm_language_server/interface/lsp_interface.c:190;zr_vm_language_server/stdio/stdio_linked_editing.c:279;zr_vm_language_server/stdio/stdio_linked_editing.c:311	为诊断和局部容器提供小数组初始容量，同时限制联动编辑固定数组的响应范围数量。	动态数组可继续增长；联动编辑的 semanticRanges 固定栈数组以此值为上限，改变该宏会改变最多返回的范围数。	zr_vm_language_server/include/zr_vm_language_server/conf.h:24;zr_vm_language_server/src/zr_vm_language_server/incremental_parser.c:286;zr_vm_language_server/src/zr_vm_language_server/interface/lsp_interface.c:190;zr_vm_language_server/stdio/stdio_linked_editing.c:279;zr_vm_language_server/stdio/stdio_linked_editing.c:311;zr_vm_language_server/include/zr_vm_language_server/conf.h:20	TODO	TODO: SMALL 宏同时控制分配初始容量和联动编辑结果上限；需核对是否拆出独立上限，避免常规容量调优改变用户可见的范围数。
zr_vm_language_server/include/zr_vm_language_server/conf.h	ZR_LSP_LARGE_ARRAY_INITIAL_CAPACITY	macro	zr_vm_language_server/src/zr_vm_language_server/reference_tracker.c:130	设置引用和较大结果集合的初始容量。	只影响首次分配；不能当作引用数量上限。	zr_vm_language_server/include/zr_vm_language_server/conf.h:25;zr_vm_language_server/src/zr_vm_language_server/reference_tracker.c:130	commented	已核对直接消费点，所在连续常量组的 Doxygen 注释说明共同契约。
zr_vm_language_server/include/zr_vm_language_server/conf.h	ZR_LSP_FILE_VERSION_HISTORICAL_CONTENT_CAPACITY	macro	zr_vm_language_server/src/zr_vm_language_server/incremental_parser.c:210	限制文件版本保留的历史文本槽数，供声明局部重解析读取上一代内容。	达到容量后淘汰最旧槽；已 Acquire 的文本块仍按引用计数保活。	zr_vm_language_server/include/zr_vm_language_server/conf.h:26;zr_vm_language_server/src/zr_vm_language_server/incremental_parser.c:210	commented	已核对直接消费点，所在连续常量组的 Doxygen 注释说明共同契约。
zr_vm_language_server/include/zr_vm_language_server/conf.h	ZR_LSP_HISTORICAL_SEMANTIC_SNAPSHOT_CAPACITY	macro	zr_vm_language_server/src/zr_vm_language_server/interface/lsp_semantic_snapshot_cache.c:151;zr_vm_language_server/src/zr_vm_language_server/interface/lsp_semantic_snapshot_cache.c:235	让历史语义快照与历史文本使用相同代际窗口。	容量继承文件版本历史上限；淘汰会使旧查询快照失效。	zr_vm_language_server/include/zr_vm_language_server/conf.h:27;zr_vm_language_server/src/zr_vm_language_server/interface/lsp_semantic_snapshot_cache.c:151;zr_vm_language_server/src/zr_vm_language_server/interface/lsp_semantic_snapshot_cache.c:235	commented	已核对直接消费点，所在连续常量组的 Doxygen 注释说明共同契约。
zr_vm_language_server/include/zr_vm_language_server/conf.h	ZR_LSP_SEMANTIC_CACHE_DEFAULT_LIMIT_BYTES	macro	zr_vm_language_server/src/zr_vm_language_server/interface/lsp_semantic_cache_lru.c:138	设置 LRU 语义查询缓存的默认内存预算。	实际占用与驱逐由 lsp_semantic_cache_lru.c 管理。	zr_vm_language_server/include/zr_vm_language_server/conf.h:30;zr_vm_language_server/src/zr_vm_language_server/interface/lsp_semantic_cache_lru.c:138	commented	已核对直接消费点，所在连续常量组的 Doxygen 注释说明共同契约。
zr_vm_language_server/include/zr_vm_language_server/conf.h	ZR_LSP_GLOBAL_SCOPE_SYMBOL_INITIAL_CAPACITY	macro	zr_vm_language_server/src/zr_vm_language_server/symbol_table.c:557	设置符号表全局作用域的初始符号数组容量。	仅影响首次分配；与 LRU 语义缓存预算无关。	zr_vm_language_server/include/zr_vm_language_server/conf.h:32;zr_vm_language_server/src/zr_vm_language_server/symbol_table.c:557	commented	已核对直接消费点，所在连续常量组的 Doxygen 注释说明共同契约。
zr_vm_language_server/include/zr_vm_language_server/conf.h	ZR_LSP_HASH_TABLE_INITIAL_SIZE_LOG2	macro	zr_vm_language_server/src/zr_vm_language_server/incremental_parser.c:469;zr_vm_language_server/src/zr_vm_language_server/interface/lsp_interface.c:1019	给 URI 到版本/分析器等哈希表提供初始桶规模。	该值是桶数的对数配置，不是条目上限。	zr_vm_language_server/include/zr_vm_language_server/conf.h:35;zr_vm_language_server/src/zr_vm_language_server/incremental_parser.c:469;zr_vm_language_server/src/zr_vm_language_server/interface/lsp_interface.c:1019	commented	已核对直接消费点，所在连续常量组的 Doxygen 注释说明共同契约。
zr_vm_language_server/include/zr_vm_language_server/conf.h	ZR_LSP_HASH_MULTIPLIER	macro	zr_vm_language_server/src/zr_vm_language_server/incremental_parser.c:649;zr_vm_language_server/src/zr_vm_language_server/semantic/semantic_analyzer_support.c:133	统一内容及 AST 哈希路径使用的乘数，使增量缓存比较保持相同算法。	修改后须核对依赖哈希与缓存失效路径。	zr_vm_language_server/include/zr_vm_language_server/conf.h:36;zr_vm_language_server/src/zr_vm_language_server/incremental_parser.c:649;zr_vm_language_server/src/zr_vm_language_server/semantic/semantic_analyzer_support.c:133	commented	已核对直接消费点，所在连续常量组的 Doxygen 注释说明共同契约。
zr_vm_language_server/include/zr_vm_language_server/conf.h	ZR_LSP_NATIVE_GENERIC_ARGUMENT_MAX	macro	zr_vm_language_server/src/zr_vm_language_server/interface/lsp_interface_support.c:2959;zr_vm_language_server/src/zr_vm_language_server/interface/lsp_interface_support.c:3001	限制 native 声明投影到 LSP 展示时暂存的泛型参数个数。	是本地缓冲界限，不是语言泛型参数语法上限。	zr_vm_language_server/include/zr_vm_language_server/conf.h:42;zr_vm_language_server/src/zr_vm_language_server/interface/lsp_interface_support.c:2959;zr_vm_language_server/src/zr_vm_language_server/interface/lsp_interface_support.c:3001	commented	已核对直接消费点，所在连续常量组的 Doxygen 注释说明共同契约。
zr_vm_language_server/include/zr_vm_language_server/conf.h	ZR_LSP_NATIVE_GENERIC_TEXT_MAX	macro	zr_vm_language_server/src/zr_vm_language_server/interface/lsp_interface_support.c:2960;zr_vm_language_server/src/zr_vm_language_server/interface/lsp_interface_support.c:3003	限制 native 泛型参数展示的本地文本缓冲长度。	是展示缓冲界限，超长文本由消费点截断。	zr_vm_language_server/include/zr_vm_language_server/conf.h:43;zr_vm_language_server/src/zr_vm_language_server/interface/lsp_interface_support.c:2960;zr_vm_language_server/src/zr_vm_language_server/interface/lsp_interface_support.c:3003	commented	已核对直接消费点，所在连续常量组的 Doxygen 注释说明共同契约。
zr_vm_language_server/include/zr_vm_language_server/conf.h	ZR_LSP_MARKDOWN_BUFFER_SIZE	macro	zr_vm_language_server/src/zr_vm_language_server/interface/lsp_interface.c:636;zr_vm_language_server/src/zr_vm_language_server/lsp_decorator_navigation.c:502	约束 hover 与导航提示文案的栈上 Markdown 缓冲。	容量不足时消费点决定截断或失败，不等同于协议文本上限。	zr_vm_language_server/include/zr_vm_language_server/conf.h:46;zr_vm_language_server/src/zr_vm_language_server/interface/lsp_interface.c:636;zr_vm_language_server/src/zr_vm_language_server/lsp_decorator_navigation.c:502	commented	已核对直接消费点，所在连续常量组的 Doxygen 注释说明共同契约。
zr_vm_language_server/include/zr_vm_language_server/conf.h	ZR_LSP_SIGNATURE_RANGE_PACK_BASE	macro	zr_vm_language_server/src/zr_vm_language_server/lsp_signature_help.c:161;zr_vm_language_server/src/zr_vm_language_server/lsp_signature_help.c:162	在没有源码偏移时为调用签名或引用候选范围生成行列评分权重。	权重不是字符长度；超过 4095 列的行需要另行核对排序可靠性。	zr_vm_language_server/include/zr_vm_language_server/conf.h:53;zr_vm_language_server/src/zr_vm_language_server/lsp_signature_help.c:161;zr_vm_language_server/src/zr_vm_language_server/lsp_signature_help.c:162;zr_vm_language_server/src/zr_vm_language_server/reference_tracker.c:82	TODO	TODO: 超过 4095 列的行可能破坏回退评分的长度顺序；需针对长行调用与引用匹配补测试，再决定是否统一改用源码偏移或无溢出的行列比较。
zr_vm_language_server/include/zr_vm_language_server/conf.h	ZR_LSP_MEMBER_RECURSION_MAX_DEPTH	macro	zr_vm_language_server/src/zr_vm_language_server/interface/lsp_interface_support.c:1527;zr_vm_language_server/src/zr_vm_language_server/interface/lsp_interface_support.c:1607	限制成员类型展开和继承遍历深度，以防环状或过深成员关系拖垮查询。	达到上限时相关成员可能不再展开。	zr_vm_language_server/include/zr_vm_language_server/conf.h:56;zr_vm_language_server/src/zr_vm_language_server/interface/lsp_interface_support.c:1527;zr_vm_language_server/src/zr_vm_language_server/interface/lsp_interface_support.c:1607	commented	已核对直接消费点，所在连续常量组的 Doxygen 注释说明共同契约。
zr_vm_language_server/include/zr_vm_language_server/conf.h	ZR_LSP_AST_RECURSION_MAX_DEPTH	macro	zr_vm_language_server/src/zr_vm_language_server/lsp_editor_features.c:652;zr_vm_language_server/src/zr_vm_language_server/lsp_editor_features.c:664	限制编辑器功能遍历 AST 的递归深度。	达到上限时相应遍历停止深入，可能返回部分结果。	zr_vm_language_server/include/zr_vm_language_server/conf.h:57;zr_vm_language_server/src/zr_vm_language_server/lsp_editor_features.c:652;zr_vm_language_server/src/zr_vm_language_server/lsp_editor_features.c:664	commented	已核对直接消费点，所在连续常量组的 Doxygen 注释说明共同契约。
zr_vm_language_server/include/zr_vm_language_server/conf.h	ZR_LSP_SHORT_TEXT_BUFFER_LENGTH	macro	zr_vm_language_server/src/zr_vm_language_server/incremental_parser.c:653;zr_vm_language_server/src/zr_vm_language_server/lsp_code_lens.c:192	为 short text 文本投影路径提供固定本地缓冲容量。	缓冲容量不是协议文本上限；调用点决定截断或失败。	zr_vm_language_server/include/zr_vm_language_server/conf.h:63;zr_vm_language_server/src/zr_vm_language_server/incremental_parser.c:653;zr_vm_language_server/src/zr_vm_language_server/lsp_code_lens.c:192	commented	已核对直接消费点，所在连续常量组的 Doxygen 注释说明共同契约。
zr_vm_language_server/include/zr_vm_language_server/conf.h	ZR_LSP_INTEGER_BUFFER_LENGTH	macro	zr_vm_language_server/src/zr_vm_language_server/lsp_signature_help.c:2394	为 integer 文本投影路径提供固定本地缓冲容量。	缓冲容量不是协议文本上限；调用点决定截断或失败。	zr_vm_language_server/include/zr_vm_language_server/conf.h:64;zr_vm_language_server/src/zr_vm_language_server/lsp_signature_help.c:2394	commented	已核对直接消费点，所在连续常量组的 Doxygen 注释说明共同契约。
zr_vm_language_server/include/zr_vm_language_server/conf.h	ZR_LSP_TYPE_BUFFER_LENGTH	macro	zr_vm_language_server/src/zr_vm_language_server/interface/lsp_interface_support.c:774;zr_vm_language_server/src/zr_vm_language_server/interface/lsp_interface_support.c:1676	为 type 文本投影路径提供固定本地缓冲容量。	缓冲容量不是协议文本上限；调用点决定截断或失败。	zr_vm_language_server/include/zr_vm_language_server/conf.h:65;zr_vm_language_server/src/zr_vm_language_server/interface/lsp_interface_support.c:774;zr_vm_language_server/src/zr_vm_language_server/interface/lsp_interface_support.c:1676	commented	已核对直接消费点，所在连续常量组的 Doxygen 注释说明共同契约。
zr_vm_language_server/include/zr_vm_language_server/conf.h	ZR_LSP_DETAIL_BUFFER_LENGTH	macro	zr_vm_language_server/src/zr_vm_language_server/metadata/lsp_metadata_provider.c:1088;zr_vm_language_server/src/zr_vm_language_server/metadata/lsp_metadata_provider.c:1157	为 detail 文本投影路径提供固定本地缓冲容量。	缓冲容量不是协议文本上限；调用点决定截断或失败。	zr_vm_language_server/include/zr_vm_language_server/conf.h:66;zr_vm_language_server/src/zr_vm_language_server/metadata/lsp_metadata_provider.c:1088;zr_vm_language_server/src/zr_vm_language_server/metadata/lsp_metadata_provider.c:1157	commented	已核对直接消费点，所在连续常量组的 Doxygen 注释说明共同契约。
zr_vm_language_server/include/zr_vm_language_server/conf.h	ZR_LSP_TEXT_BUFFER_LENGTH	macro	zr_vm_language_server/src/zr_vm_language_server/interface/lsp_completion_semantic_facts.c:499;zr_vm_language_server/src/zr_vm_language_server/interface/lsp_interface.c:891	为 text 文本投影路径提供固定本地缓冲容量。	缓冲容量不是协议文本上限；调用点决定截断或失败。	zr_vm_language_server/include/zr_vm_language_server/conf.h:67;zr_vm_language_server/src/zr_vm_language_server/interface/lsp_completion_semantic_facts.c:499;zr_vm_language_server/src/zr_vm_language_server/interface/lsp_interface.c:891	commented	已核对直接消费点，所在连续常量组的 Doxygen 注释说明共同契约。
zr_vm_language_server/include/zr_vm_language_server/conf.h	ZR_LSP_LONG_TEXT_BUFFER_LENGTH	macro	zr_vm_language_server/src/zr_vm_language_server/interface/lsp_completion_semantic_facts.c:453;zr_vm_language_server/src/zr_vm_language_server/interface/lsp_inlay_hints.c:107	为 long text 文本投影路径提供固定本地缓冲容量。	缓冲容量不是协议文本上限；调用点决定截断或失败。	zr_vm_language_server/include/zr_vm_language_server/conf.h:68;zr_vm_language_server/src/zr_vm_language_server/interface/lsp_completion_semantic_facts.c:453;zr_vm_language_server/src/zr_vm_language_server/interface/lsp_inlay_hints.c:107	commented	已核对直接消费点，所在连续常量组的 Doxygen 注释说明共同契约。
zr_vm_language_server/include/zr_vm_language_server/conf.h	ZR_LSP_HOVER_BUFFER_LENGTH	macro	zr_vm_language_server/src/zr_vm_language_server/interface/lsp_interface.c:822;zr_vm_language_server/src/zr_vm_language_server/interface/lsp_interface.c:823	为 hover 文本投影路径提供固定本地缓冲容量。	缓冲容量不是协议文本上限；调用点决定截断或失败。	zr_vm_language_server/include/zr_vm_language_server/conf.h:69;zr_vm_language_server/src/zr_vm_language_server/interface/lsp_interface.c:822;zr_vm_language_server/src/zr_vm_language_server/interface/lsp_interface.c:823	commented	已核对直接消费点，所在连续常量组的 Doxygen 注释说明共同契约。
zr_vm_language_server/include/zr_vm_language_server/conf.h	ZR_LSP_MAX_HEADER_BYTES	macro	zr_vm_language_server/stdio/stdio_frame_reader.c:145;zr_vm_language_server/stdio/stdio_frame_reader.c:157	限定 stdio Content-Length 帧头可读取的总字节数。	超过上限的帧由读取器拒绝。	zr_vm_language_server/include/zr_vm_language_server/conf.h:71;zr_vm_language_server/stdio/stdio_frame_reader.c:145;zr_vm_language_server/stdio/stdio_frame_reader.c:157	commented	已核对直接消费点，所在连续常量组的 Doxygen 注释说明共同契约。
zr_vm_language_server/include/zr_vm_language_server/conf.h	ZR_LSP_MAX_HEADER_COUNT	macro	zr_vm_language_server/stdio/stdio_frame_reader.c:146	限定 stdio Content-Length 帧可接受的头部数量。	超过上限的帧由读取器拒绝。	zr_vm_language_server/include/zr_vm_language_server/conf.h:72;zr_vm_language_server/stdio/stdio_frame_reader.c:146	commented	已核对直接消费点，所在连续常量组的 Doxygen 注释说明共同契约。
zr_vm_language_server/include/zr_vm_language_server/conf.h	ZR_LSP_MAX_MESSAGE_BYTES	macro	zr_vm_language_server/stdio/stdio_frame_reader.c:147	限定 stdio JSON-RPC 帧的消息体字节数。	超过上限的消息由读取器拒绝；与文档字符串缓冲分开。	zr_vm_language_server/include/zr_vm_language_server/conf.h:73;zr_vm_language_server/stdio/stdio_frame_reader.c:147	commented	已核对直接消费点，所在连续常量组的 Doxygen 注释说明共同契约。
zr_vm_language_server/include/zr_vm_language_server/conf.h	ZR_LSP_DOCUMENTATION_BUFFER_LENGTH	macro	zr_vm_language_server/src/zr_vm_language_server/interface/lsp_interface_support.c:511;zr_vm_language_server/src/zr_vm_language_server/interface/lsp_interface_support.c:773	约束文档、声明投影及编辑器文案的本地暂存缓冲。	与 stdio 帧大小无关；截断或失败由各消费点决定。	zr_vm_language_server/include/zr_vm_language_server/conf.h:75;zr_vm_language_server/src/zr_vm_language_server/interface/lsp_interface_support.c:511;zr_vm_language_server/src/zr_vm_language_server/interface/lsp_interface_support.c:773	commented	已核对直接消费点，所在连续常量组的 Doxygen 注释说明共同契约。
zr_vm_language_server/include/zr_vm_language_server/conf.h	ZR_LSP_COMMENT_SCAN_LINE_LIMIT	macro	zr_vm_language_server/src/zr_vm_language_server/interface/lsp_interface_support.c:662;zr_vm_language_server/src/zr_vm_language_server/interface/lsp_interface_support.c:663	限制文档注释关联扫描时向前回溯的行数。	超出窗口的注释不会被该扫描路径关联。	zr_vm_language_server/include/zr_vm_language_server/conf.h:78;zr_vm_language_server/src/zr_vm_language_server/interface/lsp_interface_support.c:662;zr_vm_language_server/src/zr_vm_language_server/interface/lsp_interface_support.c:663	commented	已核对直接消费点，所在连续常量组的 Doxygen 注释说明共同契约。
zr_vm_language_server/include/zr_vm_language_server/conf.h	ZR_LSP_COMMENT_BUFFER_LENGTH	macro	zr_vm_language_server/src/zr_vm_language_server/interface/lsp_interface_support.c:510;zr_vm_language_server/src/zr_vm_language_server/interface/lsp_interface_support.c:746	为扫描得到的注释文本提供本地展示缓冲。	与全文件语义分析范围无关，过长文本可能被截断。	zr_vm_language_server/include/zr_vm_language_server/conf.h:79;zr_vm_language_server/src/zr_vm_language_server/interface/lsp_interface_support.c:510;zr_vm_language_server/src/zr_vm_language_server/interface/lsp_interface_support.c:746	commented	已核对直接消费点，所在连续常量组的 Doxygen 注释说明共同契约。
zr_vm_language_server/include/zr_vm_language_server/conf.h	ZR_LSP_SEMANTIC_TOKEN_INITIAL_CAPACITY	macro	zr_vm_language_server/src/zr_vm_language_server/semantic/lsp_semantic_tokens.c:700;zr_vm_language_server/src/zr_vm_language_server/semantic/lsp_semantic_tokens.c:708	设置语义 token 结果数组的首次分配容量。	不是 token 数量上限。	zr_vm_language_server/include/zr_vm_language_server/conf.h:81;zr_vm_language_server/src/zr_vm_language_server/semantic/lsp_semantic_tokens.c:700;zr_vm_language_server/src/zr_vm_language_server/semantic/lsp_semantic_tokens.c:708	commented	已核对直接消费点，所在连续常量组的 Doxygen 注释说明共同契约。
zr_vm_language_server/include/zr_vm_language_server/conf.h	ZR_LSP_NUMERIC_RANGE_SEGMENT_DISPLAY_LIMIT	macro	zr_vm_language_server/src/zr_vm_language_server/semantic/lsp_numeric_range_text.c:56;zr_vm_language_server/src/zr_vm_language_server/semantic/lsp_numeric_range_text.c:57	限制 hover 数值范围文案拼接的区间数。	超过上限的区间不会全部展示，底层范围事实未因此改变。	zr_vm_language_server/include/zr_vm_language_server/conf.h:83;zr_vm_language_server/src/zr_vm_language_server/semantic/lsp_numeric_range_text.c:56;zr_vm_language_server/src/zr_vm_language_server/semantic/lsp_numeric_range_text.c:57	commented	已核对直接消费点，所在连续常量组的 Doxygen 注释说明共同契约。
zr_vm_language_server/include/zr_vm_language_server/conf.h	ZR_LSP_STDIO_CONTENT_LENGTH_HEADER_PREFIX	macro	zr_vm_language_server/stdio/stdio_transport.c:419	固定 stdio 帧解析时识别的 Content-Length 头名。	仅约束传输层帧头，不参与 JSON 数字精度判断。	zr_vm_language_server/include/zr_vm_language_server/conf.h:86;zr_vm_language_server/stdio/stdio_transport.c:419	commented	已核对直接消费点，所在连续常量组的 Doxygen 注释说明共同契约。
zr_vm_language_server/include/zr_vm_language_server/conf.h	ZR_LSP_JSON_SAFE_INTEGER_MAX	macro	zr_vm_language_server/stdio/stdio_editing.c:22;zr_vm_language_server/stdio/stdio_editing_json.c:151;zr_vm_language_server/stdio/stdio_json_rpc.c:14	约束通过 JSON 数字传递的版本、请求 ID 等整数精度。	超过 JavaScript 安全整数上限时不能可靠往返。	zr_vm_language_server/include/zr_vm_language_server/conf.h:87;zr_vm_language_server/stdio/stdio_editing.c:22;zr_vm_language_server/stdio/stdio_editing_json.c:151;zr_vm_language_server/stdio/stdio_json_rpc.c:14	commented	已核对直接消费点，所在连续常量组的 Doxygen 注释说明共同契约。
zr_vm_language_server/include/zr_vm_language_server/conf.h	ZR_LSP_JSON_RPC_FIELD_JSONRPC	macro	zr_vm_language_server/stdio/stdio_json_rpc.c:62;zr_vm_language_server/stdio/stdio_transport.c:435	JSON-RPC 消息版本键贯穿入站验证与出站消息组包。	请求版本须符合 2.0；输出请求、响应及通知均须携带相同版本字面量。	zr_vm_language_server/include/zr_vm_language_server/conf.h:90;zr_vm_language_server/stdio/stdio_json_rpc.c:62;zr_vm_language_server/stdio/stdio_transport.c:435	commented	已核对直接消费点，所在连续常量组的 Doxygen 注释说明共同契约。
zr_vm_language_server/include/zr_vm_language_server/conf.h	ZR_LSP_JSON_RPC_VERSION	macro	zr_vm_language_server/stdio/stdio_json_rpc.c:65;zr_vm_language_server/stdio/stdio_transport.c:435	固定 JSON-RPC 消息的协议版本 2.0。	请求校验与响应序列化须使用同一版本字面量。	zr_vm_language_server/include/zr_vm_language_server/conf.h:91;zr_vm_language_server/stdio/stdio_json_rpc.c:65;zr_vm_language_server/stdio/stdio_transport.c:435	commented	已核对直接消费点，所在连续常量组的 Doxygen 注释说明共同契约。
zr_vm_language_server/include/zr_vm_language_server/conf.h	ZR_LSP_JSON_RPC_FIELD_ID	macro	zr_vm_language_server/stdio/stdio_json_rpc.c:50;zr_vm_language_server/stdio/stdio_transport.c:126	JSON-RPC id 键关联入站请求与对应响应，同时用于服务端发出的请求。	通知没有 id；原始 id 的类型与回传规则由消息解析器及响应构造器约束。	zr_vm_language_server/include/zr_vm_language_server/conf.h:92;zr_vm_language_server/stdio/stdio_json_rpc.c:50;zr_vm_language_server/stdio/stdio_transport.c:126	commented	已核对直接消费点，所在连续常量组的 Doxygen 注释说明共同契约。
zr_vm_language_server/include/zr_vm_language_server/conf.h	ZR_LSP_JSON_RPC_FIELD_METHOD	macro	zr_vm_language_server/stdio/stdio_json_rpc.c:63;zr_vm_language_server/stdio/stdio_transport.c:483	JSON-RPC method 键用于分派客户端请求，并命名服务端发出的通知。	新增方法须同步分派表及客户端通知处理端。	zr_vm_language_server/include/zr_vm_language_server/conf.h:93;zr_vm_language_server/stdio/stdio_json_rpc.c:63;zr_vm_language_server/stdio/stdio_transport.c:483	commented	已核对直接消费点，所在连续常量组的 Doxygen 注释说明共同契约。
zr_vm_language_server/include/zr_vm_language_server/conf.h	ZR_LSP_JSON_RPC_FIELD_PARAMS	macro	zr_vm_language_server/stdio/stdio_json_rpc.c:70;zr_vm_language_server/stdio/stdio_transport.c:488	JSON-RPC params 键承载入站请求参数与服务端出站通知参数。	参数形状由具体方法决定；更名须同步分派和出站通知构造。	zr_vm_language_server/include/zr_vm_language_server/conf.h:94;zr_vm_language_server/stdio/stdio_json_rpc.c:70;zr_vm_language_server/stdio/stdio_transport.c:488	commented	已核对直接消费点，所在连续常量组的 Doxygen 注释说明共同契约。
zr_vm_language_server/include/zr_vm_language_server/conf.h	ZR_LSP_JSON_RPC_FIELD_RESULT	macro	zr_vm_language_server/stdio/stdio_transport.c:451;tests/language_server/test_stdio_initialize.c:355	"约定输出字段 ""result""，供客户端消费服务端结果。"	字段是否输出取决于结果形状；更名须同步该结果的构造路径和客户端消费端。	zr_vm_language_server/include/zr_vm_language_server/conf.h:95;zr_vm_language_server/stdio/stdio_transport.c:451;tests/language_server/test_stdio_initialize.c:355	commented	已核对直接消费点，所在连续常量组的 Doxygen 注释说明共同契约。
zr_vm_language_server/include/zr_vm_language_server/conf.h	ZR_LSP_JSON_RPC_FIELD_ERROR	macro	zr_vm_language_server/stdio/stdio_transport.c:466;tests/language_server/test_stdio_initialize.c:340	"约定输出字段 ""error""，供客户端消费服务端结果。"	字段是否输出取决于结果形状；更名须同步该结果的构造路径和客户端消费端。	zr_vm_language_server/include/zr_vm_language_server/conf.h:96;zr_vm_language_server/stdio/stdio_transport.c:466;tests/language_server/test_stdio_initialize.c:340	commented	已核对直接消费点，所在连续常量组的 Doxygen 注释说明共同契约。
zr_vm_language_server/include/zr_vm_language_server/conf.h	ZR_LSP_JSON_RPC_FIELD_CODE	macro	zr_vm_language_server/stdio/stdio_transport.c:467;tests/language_server/test_stdio_initialize.c:341	"约定输出字段 ""code""，供客户端消费服务端结果。"	字段是否输出取决于结果形状；更名须同步该结果的构造路径和客户端消费端。	zr_vm_language_server/include/zr_vm_language_server/conf.h:97;zr_vm_language_server/stdio/stdio_transport.c:467;tests/language_server/test_stdio_initialize.c:341	commented	已核对直接消费点，所在连续常量组的 Doxygen 注释说明共同契约。
zr_vm_language_server/include/zr_vm_language_server/conf.h	ZR_LSP_JSON_RPC_FIELD_MESSAGE	macro	zr_vm_language_server/stdio/stdio_transport.c:468	"约定输出字段 ""message""，供客户端消费服务端结果。"	字段是否输出取决于结果形状；更名须同步该结果的构造路径和客户端消费端。	zr_vm_language_server/include/zr_vm_language_server/conf.h:98;zr_vm_language_server/stdio/stdio_transport.c:468	commented	已核对直接消费点，所在连续常量组的 Doxygen 注释说明共同契约。
zr_vm_language_server/include/zr_vm_language_server/conf.h	ZR_LSP_FIELD_LINE	macro	zr_vm_language_server/stdio/stdio_editor_features_json.c:185;zr_vm_language_server/stdio/stdio_json.c:9	位置对象的 line 字段在服务端解析位置与序列化结果时共用。	行号必须遵守协商的位置编码及 0 起始约定。	zr_vm_language_server/include/zr_vm_language_server/conf.h:104;zr_vm_language_server/stdio/stdio_editor_features_json.c:185;zr_vm_language_server/stdio/stdio_json.c:9	commented	已核对直接消费点，所在连续常量组的 Doxygen 注释说明共同契约。
zr_vm_language_server/include/zr_vm_language_server/conf.h	ZR_LSP_FIELD_CHARACTER	macro	zr_vm_language_server/stdio/stdio_editor_features_json.c:186;zr_vm_language_server/stdio/stdio_json.c:10	位置对象的 character 字段在服务端解析位置与序列化结果时共用。	字符列须遵守协商的位置编码，不能按 UTF-8 字节数混用。	zr_vm_language_server/include/zr_vm_language_server/conf.h:105;zr_vm_language_server/stdio/stdio_editor_features_json.c:186;zr_vm_language_server/stdio/stdio_json.c:10	commented	已核对直接消费点，所在连续常量组的 Doxygen 注释说明共同契约。
zr_vm_language_server/include/zr_vm_language_server/conf.h	ZR_LSP_FIELD_START	macro	zr_vm_language_server/stdio/stdio_json.c:22;zr_vm_language_server/stdio/stdio_lsp_parse.c:109	"约定共享字段 ""start""，使对应输入解析与输出组包使用相同协议名称。"	同名字段可能出现在不同消息形状中；更名须核对实际输入解析、输出构造及客户端消费端。	zr_vm_language_server/include/zr_vm_language_server/conf.h:106;zr_vm_language_server/stdio/stdio_json.c:22;zr_vm_language_server/stdio/stdio_lsp_parse.c:109	commented	已核对直接消费点，所在连续常量组的 Doxygen 注释说明共同契约。
zr_vm_language_server/include/zr_vm_language_server/conf.h	ZR_LSP_FIELD_END	macro	zr_vm_language_server/stdio/stdio_json.c:23;zr_vm_language_server/stdio/stdio_lsp_parse.c:110	"约定共享字段 ""end""，使对应输入解析与输出组包使用相同协议名称。"	同名字段可能出现在不同消息形状中；更名须核对实际输入解析、输出构造及客户端消费端。	zr_vm_language_server/include/zr_vm_language_server/conf.h:107;zr_vm_language_server/stdio/stdio_json.c:23;zr_vm_language_server/stdio/stdio_lsp_parse.c:110	commented	已核对直接消费点，所在连续常量组的 Doxygen 注释说明共同契约。
zr_vm_language_server/include/zr_vm_language_server/conf.h	ZR_LSP_FIELD_URI	macro	zr_vm_language_server/stdio/stdio_completion.c:205;zr_vm_language_server/stdio/stdio_completion.c:237	URI 字段在文档请求解析、补全回填数据及结果序列化中共用。	URI 在所属消息内指明文档身份；更名须同步这些实际使用点。	zr_vm_language_server/include/zr_vm_language_server/conf.h:108;zr_vm_language_server/stdio/stdio_completion.c:205;zr_vm_language_server/stdio/stdio_completion.c:237	commented	已核对直接消费点，所在连续常量组的 Doxygen 注释说明共同契约。
zr_vm_language_server/include/zr_vm_language_server/conf.h	ZR_LSP_FIELD_RANGE	macro	zr_vm_language_server/stdio/stdio_completion.c:130;zr_vm_language_server/stdio/stdio_diagnostic_json.c:52	range 字段在客户端范围请求与服务端编辑或诊断结果中共用。	范围端点须遵守协商编码；更名须分别核对输入和输出消息形状。	zr_vm_language_server/include/zr_vm_language_server/conf.h:109;zr_vm_language_server/stdio/stdio_completion.c:130;zr_vm_language_server/stdio/stdio_diagnostic_json.c:52	commented	已核对直接消费点，所在连续常量组的 Doxygen 注释说明共同契约。
zr_vm_language_server/include/zr_vm_language_server/conf.h	ZR_LSP_FIELD_RANGE_LENGTH	macro	zr_vm_language_server/stdio/stdio_document_content.c:47;zr_vm_language_server/stdio/stdio_documents.c:116	"约定输入消息字段 ""rangeLength""，供服务端解析客户端请求或通知。"	更改字段名须同步客户端消息和对应请求处理器；缺省值与类型限制由具体处理器校验。	zr_vm_language_server/include/zr_vm_language_server/conf.h:110;zr_vm_language_server/stdio/stdio_document_content.c:47;zr_vm_language_server/stdio/stdio_documents.c:116	commented	已核对直接消费点，所在连续常量组的 Doxygen 注释说明共同契约。
zr_vm_language_server/include/zr_vm_language_server/conf.h	ZR_LSP_FIELD_NAME	macro	zr_vm_language_server/stdio/stdio_editor_features_json.c:249;zr_vm_language_server/stdio/stdio_hierarchy.c:27	name 字段在层级数据解析与符号/项目结果序列化中复用。	相同字段名的值受各消息对象类型约束，不应跨对象直接交换。	zr_vm_language_server/include/zr_vm_language_server/conf.h:111;zr_vm_language_server/stdio/stdio_editor_features_json.c:249;zr_vm_language_server/stdio/stdio_hierarchy.c:27	commented	已核对直接消费点，所在连续常量组的 Doxygen 注释说明共同契约。
zr_vm_language_server/include/zr_vm_language_server/conf.h	ZR_LSP_FIELD_KIND	macro	zr_vm_language_server/stdio/stdio_completion_json.c:39;zr_vm_language_server/stdio/stdio_completion_json.c:62	kind 字段在层级对象解析与补全、符号等结果序列化中复用。	枚举值由对应 LSP 结果类型规定，字段名复用不表示枚举可互换。	zr_vm_language_server/include/zr_vm_language_server/conf.h:112;zr_vm_language_server/stdio/stdio_completion_json.c:39;zr_vm_language_server/stdio/stdio_completion_json.c:62	commented	已核对直接消费点，所在连续常量组的 Doxygen 注释说明共同契约。
zr_vm_language_server/include/zr_vm_language_server/conf.h	ZR_LSP_FIELD_LOCATION	macro	zr_vm_language_server/stdio/stdio_diagnostic_json.c:28;zr_vm_language_server/stdio/stdio_navigation_json.c:26	"约定输出字段 ""location""，供客户端消费服务端结果。"	字段是否输出取决于结果形状；更名须同步该结果的构造路径和客户端消费端。	zr_vm_language_server/include/zr_vm_language_server/conf.h:113;zr_vm_language_server/stdio/stdio_diagnostic_json.c:28;zr_vm_language_server/stdio/stdio_navigation_json.c:26	commented	已核对直接消费点，所在连续常量组的 Doxygen 注释说明共同契约。
zr_vm_language_server/include/zr_vm_language_server/conf.h	ZR_LSP_FIELD_CONTAINER_NAME	macro	zr_vm_language_server/stdio/stdio_navigation_json.c:31;zr_vm_language_server/wasm/wasm_exports.cpp:341	"约定输出字段 ""containerName""，供客户端消费服务端结果。"	字段是否输出取决于结果形状；更名须同步该结果的构造路径和客户端消费端。	zr_vm_language_server/include/zr_vm_language_server/conf.h:114;zr_vm_language_server/stdio/stdio_navigation_json.c:31;zr_vm_language_server/wasm/wasm_exports.cpp:341	commented	已核对直接消费点，所在连续常量组的 Doxygen 注释说明共同契约。
zr_vm_language_server/include/zr_vm_language_server/conf.h	ZR_LSP_FIELD_SEVERITY	macro	zr_vm_language_server/stdio/stdio_diagnostic_json.c:122;zr_vm_language_server/wasm/wasm_diagnostic_json.cpp:256	"约定输出字段 ""severity""，供客户端消费服务端结果。"	字段是否输出取决于结果形状；更名须同步该结果的构造路径和客户端消费端。	zr_vm_language_server/include/zr_vm_language_server/conf.h:115;zr_vm_language_server/stdio/stdio_diagnostic_json.c:122;zr_vm_language_server/wasm/wasm_diagnostic_json.cpp:256	commented	已核对直接消费点，所在连续常量组的 Doxygen 注释说明共同契约。
zr_vm_language_server/include/zr_vm_language_server/conf.h	ZR_LSP_FIELD_SOURCE	macro	zr_vm_language_server/stdio/stdio_diagnostic_json.c:77;zr_vm_language_server/stdio/stdio_diagnostic_json.c:123	"约定输出字段 ""source""，供客户端消费服务端结果。"	字段是否输出取决于结果形状；更名须同步该结果的构造路径和客户端消费端。	zr_vm_language_server/include/zr_vm_language_server/conf.h:116;zr_vm_language_server/stdio/stdio_diagnostic_json.c:77;zr_vm_language_server/stdio/stdio_diagnostic_json.c:123	commented	已核对直接消费点，所在连续常量组的 Doxygen 注释说明共同契约。
zr_vm_language_server/include/zr_vm_language_server/conf.h	ZR_LSP_FIELD_CODE	macro	zr_vm_language_server/stdio/stdio_diagnostic_json.c:86;zr_vm_language_server/stdio/stdio_diagnostic_json.c:128	将诊断 code 字段与 JSON-RPC error.code 共用同一字面量，避免序列化键分叉。	修改字段名须同步核对协议读写端和客户端；字段是否出现由具体消息形状决定。	zr_vm_language_server/include/zr_vm_language_server/conf.h:117;zr_vm_language_server/stdio/stdio_diagnostic_json.c:86;zr_vm_language_server/stdio/stdio_diagnostic_json.c:128	commented	已核对直接消费点，所在连续常量组的 Doxygen 注释说明共同契约。
zr_vm_language_server/include/zr_vm_language_server/conf.h	ZR_LSP_FIELD_MESSAGE	macro	zr_vm_language_server/stdio/stdio_diagnostic_json.c:30;zr_vm_language_server/stdio/stdio_diagnostic_json.c:124	将诊断 message 字段与 JSON-RPC error.message 共用同一字面量，避免序列化键分叉。	修改字段名须同步核对协议读写端和客户端；字段是否出现由具体消息形状决定。	zr_vm_language_server/include/zr_vm_language_server/conf.h:118;zr_vm_language_server/stdio/stdio_diagnostic_json.c:30;zr_vm_language_server/stdio/stdio_diagnostic_json.c:124	commented	已核对直接消费点，所在连续常量组的 Doxygen 注释说明共同契约。
zr_vm_language_server/include/zr_vm_language_server/conf.h	ZR_LSP_FIELD_CODE_DESCRIPTION	macro	zr_vm_language_server/stdio/stdio_diagnostic_json.c:133;zr_vm_language_server/wasm/wasm_diagnostic_json.cpp:279	"约定输出字段 ""codeDescription""，供客户端消费服务端结果。"	字段是否输出取决于结果形状；更名须同步该结果的构造路径和客户端消费端。	zr_vm_language_server/include/zr_vm_language_server/conf.h:119;zr_vm_language_server/stdio/stdio_diagnostic_json.c:133;zr_vm_language_server/wasm/wasm_diagnostic_json.cpp:279	commented	已核对直接消费点，所在连续常量组的 Doxygen 注释说明共同契约。
zr_vm_language_server/include/zr_vm_language_server/conf.h	ZR_LSP_FIELD_HREF	macro	zr_vm_language_server/stdio/stdio_diagnostic_json.c:135;zr_vm_language_server/wasm/wasm_diagnostic_json.cpp:275	"约定输出字段 ""href""，供客户端消费服务端结果。"	字段是否输出取决于结果形状；更名须同步该结果的构造路径和客户端消费端。	zr_vm_language_server/include/zr_vm_language_server/conf.h:120;zr_vm_language_server/stdio/stdio_diagnostic_json.c:135;zr_vm_language_server/wasm/wasm_diagnostic_json.cpp:275	commented	已核对直接消费点，所在连续常量组的 Doxygen 注释说明共同契约。
zr_vm_language_server/include/zr_vm_language_server/conf.h	ZR_LSP_FIELD_RELATED_INFORMATION	macro	zr_vm_language_server/stdio/stdio_diagnostic_json.c:146;zr_vm_language_server/wasm/wasm_diagnostic_json.cpp:307	"约定输出字段 ""relatedInformation""，供客户端消费服务端结果。"	字段是否输出取决于结果形状；更名须同步该结果的构造路径和客户端消费端。	zr_vm_language_server/include/zr_vm_language_server/conf.h:121;zr_vm_language_server/stdio/stdio_diagnostic_json.c:146;zr_vm_language_server/wasm/wasm_diagnostic_json.cpp:307	commented	已核对直接消费点，所在连续常量组的 Doxygen 注释说明共同契约。
zr_vm_language_server/include/zr_vm_language_server/conf.h	ZR_LSP_FIELD_FIXES	macro	zr_vm_language_server/stdio/stdio_diagnostic_json.c:91;zr_vm_language_server/wasm/wasm_diagnostic_json.cpp:193	"约定输出字段 ""fixes""，供客户端消费服务端结果。"	字段是否输出取决于结果形状；更名须同步该结果的构造路径和客户端消费端。	zr_vm_language_server/include/zr_vm_language_server/conf.h:122;zr_vm_language_server/stdio/stdio_diagnostic_json.c:91;zr_vm_language_server/wasm/wasm_diagnostic_json.cpp:193	commented	已核对直接消费点，所在连续常量组的 Doxygen 注释说明共同契约。
zr_vm_language_server/include/zr_vm_language_server/conf.h	ZR_LSP_FIELD_DESCRIPTOR_ID	macro	zr_vm_language_server/stdio/stdio_diagnostic_json.c:78;zr_vm_language_server/wasm/wasm_diagnostic_json.cpp:167	"约定输出字段 ""descriptorId""，供客户端消费服务端结果。"	字段是否输出取决于结果形状；更名须同步该结果的构造路径和客户端消费端。	zr_vm_language_server/include/zr_vm_language_server/conf.h:123;zr_vm_language_server/stdio/stdio_diagnostic_json.c:78;zr_vm_language_server/wasm/wasm_diagnostic_json.cpp:167	commented	已核对直接消费点，所在连续常量组的 Doxygen 注释说明共同契约。
zr_vm_language_server/include/zr_vm_language_server/conf.h	ZR_LSP_FIELD_NO_FIX_REASON	macro	zr_vm_language_server/stdio/stdio_diagnostic_json.c:83;zr_vm_language_server/wasm/wasm_diagnostic_json.cpp:176	"约定输出字段 ""noFixReason""，供客户端消费服务端结果。"	字段是否输出取决于结果形状；更名须同步该结果的构造路径和客户端消费端。	zr_vm_language_server/include/zr_vm_language_server/conf.h:124;zr_vm_language_server/stdio/stdio_diagnostic_json.c:83;zr_vm_language_server/wasm/wasm_diagnostic_json.cpp:176	commented	已核对直接消费点，所在连续常量组的 Doxygen 注释说明共同契约。
zr_vm_language_server/include/zr_vm_language_server/conf.h	ZR_LSP_FIELD_APPLICABILITY	macro	zr_vm_language_server/stdio/stdio_diagnostic_json.c:54;zr_vm_language_server/wasm/wasm_diagnostic_json.cpp:139	"约定输出字段 ""applicability""，供客户端消费服务端结果。"	字段是否输出取决于结果形状；更名须同步该结果的构造路径和客户端消费端。	zr_vm_language_server/include/zr_vm_language_server/conf.h:125;zr_vm_language_server/stdio/stdio_diagnostic_json.c:54;zr_vm_language_server/wasm/wasm_diagnostic_json.cpp:139	commented	已核对直接消费点，所在连续常量组的 Doxygen 注释说明共同契约。
zr_vm_language_server/include/zr_vm_language_server/conf.h	ZR_LSP_FIELD_TYPE	macro	zr_vm_language_server/stdio/stdio_workspace_files.c:174	"约定输入消息字段 ""type""，供服务端解析客户端请求或通知。"	更改字段名须同步客户端消息和对应请求处理器；缺省值与类型限制由具体处理器校验。	zr_vm_language_server/include/zr_vm_language_server/conf.h:126;zr_vm_language_server/stdio/stdio_workspace_files.c:174	commented	已核对直接消费点，所在连续常量组的 Doxygen 注释说明共同契约。
zr_vm_language_server/include/zr_vm_language_server/conf.h	ZR_LSP_FIELD_LABEL	macro	zr_vm_language_server/stdio/stdio_completion.c:98;zr_vm_language_server/stdio/stdio_completion.c:235	label 字段用于读取待解析补全项，并输出服务端补全候选。	resolve 请求携带的 label 应与候选数据相符，输出文本由候选项生成。	zr_vm_language_server/include/zr_vm_language_server/conf.h:127;zr_vm_language_server/stdio/stdio_completion.c:98;zr_vm_language_server/stdio/stdio_completion.c:235	commented	已核对直接消费点，所在连续常量组的 Doxygen 注释说明共同契约。
zr_vm_language_server/include/zr_vm_language_server/conf.h	ZR_LSP_FIELD_LABEL_DETAILS	macro	zr_vm_language_server/stdio/stdio_completion_json.c:52	"约定输出字段 ""labelDetails""，供客户端消费服务端结果。"	字段是否输出取决于结果形状；更名须同步该结果的构造路径和客户端消费端。	zr_vm_language_server/include/zr_vm_language_server/conf.h:128;zr_vm_language_server/stdio/stdio_completion_json.c:52	commented	已核对直接消费点，所在连续常量组的 Doxygen 注释说明共同契约。
zr_vm_language_server/include/zr_vm_language_server/conf.h	ZR_LSP_FIELD_DETAIL	macro	zr_vm_language_server/stdio/stdio_completion_json.c:49;zr_vm_language_server/stdio/stdio_completion_json.c:51	detail 字段用于读取补全项附带信息，并输出候选详情。	缺失 detail 可接受；更名须同时核对解析和结果序列化。	zr_vm_language_server/include/zr_vm_language_server/conf.h:129;zr_vm_language_server/stdio/stdio_completion_json.c:49;zr_vm_language_server/stdio/stdio_completion_json.c:51	commented	已核对直接消费点，所在连续常量组的 Doxygen 注释说明共同契约。
zr_vm_language_server/include/zr_vm_language_server/conf.h	ZR_LSP_FIELD_VALUE	macro	zr_vm_language_server/stdio/stdio_completion_json.c:63;zr_vm_language_server/stdio/stdio_diagnostics.c:201	value 字段在请求参数解析与富文本或诊断值序列化中复用。	同名字段的类型依所属消息而定，不能将不同对象形状等同。	zr_vm_language_server/include/zr_vm_language_server/conf.h:130;zr_vm_language_server/stdio/stdio_completion_json.c:63;zr_vm_language_server/stdio/stdio_diagnostics.c:201	commented	已核对直接消费点，所在连续常量组的 Doxygen 注释说明共同契约。
zr_vm_language_server/include/zr_vm_language_server/conf.h	ZR_LSP_FIELD_WORK_DONE_TOKEN	macro	zr_vm_language_server/stdio/stdio_request_progress.c:88	"约定输入消息字段 ""workDoneToken""，供服务端解析客户端请求或通知。"	更改字段名须同步客户端消息和对应请求处理器；缺省值与类型限制由具体处理器校验。	zr_vm_language_server/include/zr_vm_language_server/conf.h:131;zr_vm_language_server/stdio/stdio_request_progress.c:88	commented	已核对直接消费点，所在连续常量组的 Doxygen 注释说明共同契约。
zr_vm_language_server/include/zr_vm_language_server/conf.h	ZR_LSP_FIELD_PARTIAL_RESULT_TOKEN	macro	zr_vm_language_server/stdio/stdio_request_progress.c:90;tests/language_server/test_stdio_request_progress.c:260	"约定输入消息字段 ""partialResultToken""，供服务端解析客户端请求或通知。"	更改字段名须同步客户端消息和对应请求处理器；缺省值与类型限制由具体处理器校验。	zr_vm_language_server/include/zr_vm_language_server/conf.h:132;zr_vm_language_server/stdio/stdio_request_progress.c:90;tests/language_server/test_stdio_request_progress.c:260	commented	已核对直接消费点，所在连续常量组的 Doxygen 注释说明共同契约。
zr_vm_language_server/include/zr_vm_language_server/conf.h	ZR_LSP_FIELD_TOKEN	macro	zr_vm_language_server/stdio/stdio_request_progress.c:123;zr_vm_language_server/stdio/stdio_request_progress.c:226	"约定进度通知字段 ""token""，供服务端向客户端发布长请求状态。"	更改字段名须同步客户端进度消费端；仅在进度通知对应阶段输出。	zr_vm_language_server/include/zr_vm_language_server/conf.h:133;zr_vm_language_server/stdio/stdio_request_progress.c:123;zr_vm_language_server/stdio/stdio_request_progress.c:226	commented	已核对直接消费点，所在连续常量组的 Doxygen 注释说明共同契约。
zr_vm_language_server/include/zr_vm_language_server/conf.h	ZR_LSP_FIELD_CANCELLABLE	macro	zr_vm_language_server/stdio/stdio_request_progress.c:131	"约定进度通知字段 ""cancellable""，供服务端向客户端发布长请求状态。"	更改字段名须同步客户端进度消费端；仅在进度通知对应阶段输出。	zr_vm_language_server/include/zr_vm_language_server/conf.h:134;zr_vm_language_server/stdio/stdio_request_progress.c:131	commented	已核对直接消费点，所在连续常量组的 Doxygen 注释说明共同契约。
zr_vm_language_server/include/zr_vm_language_server/conf.h	ZR_LSP_FIELD_ROLE	macro	zr_vm_language_server/stdio/stdio_navigation_json.c:115;zr_vm_language_server/wasm/wasm_exports.cpp:411	"约定输出字段 ""role""，供客户端消费服务端结果。"	字段是否输出取决于结果形状；更名须同步该结果的构造路径和客户端消费端。	zr_vm_language_server/include/zr_vm_language_server/conf.h:135;zr_vm_language_server/stdio/stdio_navigation_json.c:115;zr_vm_language_server/wasm/wasm_exports.cpp:411	commented	已核对直接消费点，所在连续常量组的 Doxygen 注释说明共同契约。
zr_vm_language_server/include/zr_vm_language_server/conf.h	ZR_LSP_FIELD_SECTIONS	macro	zr_vm_language_server/stdio/stdio_navigation_json.c:130;zr_vm_language_server/wasm/wasm_exports.cpp:433	"约定输出字段 ""sections""，供客户端消费服务端结果。"	字段是否输出取决于结果形状；更名须同步该结果的构造路径和客户端消费端。	zr_vm_language_server/include/zr_vm_language_server/conf.h:136;zr_vm_language_server/stdio/stdio_navigation_json.c:130;zr_vm_language_server/wasm/wasm_exports.cpp:433	commented	已核对直接消费点，所在连续常量组的 Doxygen 注释说明共同契约。
zr_vm_language_server/include/zr_vm_language_server/conf.h	ZR_LSP_FIELD_DOCUMENTATION	macro	zr_vm_language_server/stdio/stdio_completion_json.c:64;zr_vm_language_server/stdio/stdio_navigation_json.c:202	"约定输出字段 ""documentation""，供客户端消费服务端结果。"	字段是否输出取决于结果形状；更名须同步该结果的构造路径和客户端消费端。	zr_vm_language_server/include/zr_vm_language_server/conf.h:137;zr_vm_language_server/stdio/stdio_completion_json.c:64;zr_vm_language_server/stdio/stdio_navigation_json.c:202	commented	已核对直接消费点，所在连续常量组的 Doxygen 注释说明共同契约。
zr_vm_language_server/include/zr_vm_language_server/conf.h	ZR_LSP_FIELD_INSERT_TEXT	macro	zr_vm_language_server/stdio/stdio_completion.c:97;zr_vm_language_server/stdio/stdio_completion_json.c:74	insertText 字段写入补全及行内补全结果，并供服务端组装 textEdit 时回读刚序列化的候选文本。	回读对象须是同一次补全结果；插入文本应与编辑范围和插入格式保持一致。	zr_vm_language_server/include/zr_vm_language_server/conf.h:138;zr_vm_language_server/stdio/stdio_completion.c:97;zr_vm_language_server/stdio/stdio_completion_json.c:74	commented	已核对直接消费点，所在连续常量组的 Doxygen 注释说明共同契约。
zr_vm_language_server/include/zr_vm_language_server/conf.h	ZR_LSP_FIELD_INSERT_TEXT_FORMAT	macro	zr_vm_language_server/stdio/stdio_completion_json.c:89;zr_vm_language_server/wasm/wasm_exports.cpp:215	"约定输出字段 ""insertTextFormat""，供客户端消费服务端结果。"	字段是否输出取决于结果形状；更名须同步该结果的构造路径和客户端消费端。	zr_vm_language_server/include/zr_vm_language_server/conf.h:139;zr_vm_language_server/stdio/stdio_completion_json.c:89;zr_vm_language_server/wasm/wasm_exports.cpp:215	commented	已核对直接消费点，所在连续常量组的 Doxygen 注释说明共同契约。
zr_vm_language_server/include/zr_vm_language_server/conf.h	ZR_LSP_FIELD_FILTER_TEXT	macro	zr_vm_language_server/stdio/stdio_completion_json.c:35;zr_vm_language_server/stdio/stdio_inline_completion.c:172	"约定输出字段 ""filterText""，供客户端消费服务端结果。"	字段是否输出取决于结果形状；更名须同步该结果的构造路径和客户端消费端。	zr_vm_language_server/include/zr_vm_language_server/conf.h:140;zr_vm_language_server/stdio/stdio_completion_json.c:35;zr_vm_language_server/stdio/stdio_inline_completion.c:172	commented	已核对直接消费点，所在连续常量组的 Doxygen 注释说明共同契约。
zr_vm_language_server/include/zr_vm_language_server/conf.h	ZR_LSP_FIELD_SORT_TEXT	macro	zr_vm_language_server/stdio/stdio_completion_json.c:36	"约定输出字段 ""sortText""，供客户端消费服务端结果。"	字段是否输出取决于结果形状；更名须同步该结果的构造路径和客户端消费端。	zr_vm_language_server/include/zr_vm_language_server/conf.h:141;zr_vm_language_server/stdio/stdio_completion_json.c:36	commented	已核对直接消费点，所在连续常量组的 Doxygen 注释说明共同契约。
zr_vm_language_server/include/zr_vm_language_server/conf.h	ZR_LSP_FIELD_COMMIT_CHARACTERS	macro	zr_vm_language_server/stdio/stdio_completion_json.c:41	"约定输出字段 ""commitCharacters""，供客户端消费服务端结果。"	字段是否输出取决于结果形状；更名须同步该结果的构造路径和客户端消费端。	zr_vm_language_server/include/zr_vm_language_server/conf.h:142;zr_vm_language_server/stdio/stdio_completion_json.c:41	commented	已核对直接消费点，所在连续常量组的 Doxygen 注释说明共同契约。
zr_vm_language_server/include/zr_vm_language_server/conf.h	ZR_LSP_FIELD_CONTENTS	macro	zr_vm_language_server/stdio/stdio_navigation_json.c:66;zr_vm_language_server/wasm/wasm_exports.cpp:308	"约定输出字段 ""contents""，供客户端消费服务端结果。"	字段是否输出取决于结果形状；更名须同步该结果的构造路径和客户端消费端。	zr_vm_language_server/include/zr_vm_language_server/conf.h:143;zr_vm_language_server/stdio/stdio_navigation_json.c:66;zr_vm_language_server/wasm/wasm_exports.cpp:308	commented	已核对直接消费点，所在连续常量组的 Doxygen 注释说明共同契约。
zr_vm_language_server/include/zr_vm_language_server/conf.h	ZR_LSP_FIELD_PARAMETERS	macro	zr_vm_language_server/stdio/stdio_navigation_json.c:239	"约定输出字段 ""parameters""，供客户端消费服务端结果。"	字段是否输出取决于结果形状；更名须同步该结果的构造路径和客户端消费端。	zr_vm_language_server/include/zr_vm_language_server/conf.h:144;zr_vm_language_server/stdio/stdio_navigation_json.c:239	commented	已核对直接消费点，所在连续常量组的 Doxygen 注释说明共同契约。
zr_vm_language_server/include/zr_vm_language_server/conf.h	ZR_LSP_FIELD_SIGNATURES	macro	zr_vm_language_server/stdio/stdio_navigation_json.c:246	"约定输出字段 ""signatures""，供客户端消费服务端结果。"	字段是否输出取决于结果形状；更名须同步该结果的构造路径和客户端消费端。	zr_vm_language_server/include/zr_vm_language_server/conf.h:145;zr_vm_language_server/stdio/stdio_navigation_json.c:246	commented	已核对直接消费点，所在连续常量组的 Doxygen 注释说明共同契约。
zr_vm_language_server/include/zr_vm_language_server/conf.h	ZR_LSP_FIELD_ACTIVE_SIGNATURE	macro	zr_vm_language_server/stdio/stdio_navigation_json.c:247	"约定输出字段 ""activeSignature""，供客户端消费服务端结果。"	字段是否输出取决于结果形状；更名须同步该结果的构造路径和客户端消费端。	zr_vm_language_server/include/zr_vm_language_server/conf.h:146;zr_vm_language_server/stdio/stdio_navigation_json.c:247	commented	已核对直接消费点，所在连续常量组的 Doxygen 注释说明共同契约。
zr_vm_language_server/include/zr_vm_language_server/conf.h	ZR_LSP_FIELD_ACTIVE_PARAMETER	macro	zr_vm_language_server/stdio/stdio_navigation_json.c:248	"约定输出字段 ""activeParameter""，供客户端消费服务端结果。"	字段是否输出取决于结果形状；更名须同步该结果的构造路径和客户端消费端。	zr_vm_language_server/include/zr_vm_language_server/conf.h:147;zr_vm_language_server/stdio/stdio_navigation_json.c:248	commented	已核对直接消费点，所在连续常量组的 Doxygen 注释说明共同契约。
zr_vm_language_server/include/zr_vm_language_server/conf.h	ZR_LSP_FIELD_TEXT_DOCUMENT	macro	zr_vm_language_server/stdio/stdio_documents.c:134;zr_vm_language_server/stdio/stdio_documents.c:183	textDocument 字段承载客户端文档请求身份，并出现在服务端发出的文档相关消息中。	URI 的规范化和文档生命周期由对应处理器维护。	zr_vm_language_server/include/zr_vm_language_server/conf.h:148;zr_vm_language_server/stdio/stdio_documents.c:134;zr_vm_language_server/stdio/stdio_documents.c:183	commented	已核对直接消费点，所在连续常量组的 Doxygen 注释说明共同契约。
zr_vm_language_server/include/zr_vm_language_server/conf.h	ZR_LSP_FIELD_TEXT	macro	zr_vm_language_server/stdio/stdio_document_content.c:35;zr_vm_language_server/stdio/stdio_documents.c:114	text 字段既读取客户端文档变更内容，也用于生成文档相关结果。	文本所有权和版本约束由具体消息处理器决定。	zr_vm_language_server/include/zr_vm_language_server/conf.h:149;zr_vm_language_server/stdio/stdio_document_content.c:35;zr_vm_language_server/stdio/stdio_documents.c:114	commented	已核对直接消费点，所在连续常量组的 Doxygen 注释说明共同契约。
zr_vm_language_server/include/zr_vm_language_server/conf.h	ZR_LSP_FIELD_VERSION	macro	zr_vm_language_server/stdio/stdio_diagnostics.c:129;zr_vm_language_server/stdio/stdio_diagnostics.c:322	version 字段在文档更新输入及诊断等输出中维持版本关联。	版本与文档身份配对，输出不可假设始终有版本。	zr_vm_language_server/include/zr_vm_language_server/conf.h:150;zr_vm_language_server/stdio/stdio_diagnostics.c:129;zr_vm_language_server/stdio/stdio_diagnostics.c:322	commented	已核对直接消费点，所在连续常量组的 Doxygen 注释说明共同契约。
zr_vm_language_server/include/zr_vm_language_server/conf.h	ZR_LSP_FIELD_CONTENT_HASH	macro	zr_vm_language_server/stdio/stdio_editing.c:125;zr_vm_language_server/stdio/stdio_editing_json.c:166	"约定回填元数据字段 ""contentHash""，供快照写出与后续校验或恢复共同使用。"	更改字段名须同步快照写入与读取路径；字段含义由相应快照版本及处理器约束。	zr_vm_language_server/include/zr_vm_language_server/conf.h:152;zr_vm_language_server/stdio/stdio_editing.c:125;zr_vm_language_server/stdio/stdio_editing_json.c:166	commented	已核对直接消费点，所在连续常量组的 Doxygen 注释说明共同契约。
zr_vm_language_server/include/zr_vm_language_server/conf.h	ZR_LSP_FIELD_CONTENT_LENGTH	macro	zr_vm_language_server/stdio/stdio_editing.c:128;zr_vm_language_server/stdio/stdio_editing_json.c:168	"约定回填元数据字段 ""contentLength""，供快照写出与后续校验或恢复共同使用。"	更改字段名须同步快照写入与读取路径；字段含义由相应快照版本及处理器约束。	zr_vm_language_server/include/zr_vm_language_server/conf.h:153;zr_vm_language_server/stdio/stdio_editing.c:128;zr_vm_language_server/stdio/stdio_editing_json.c:168	commented	已核对直接消费点，所在连续常量组的 Doxygen 注释说明共同契约。
zr_vm_language_server/include/zr_vm_language_server/conf.h	ZR_LSP_FIELD_CONTENT_GENERATION	macro	zr_vm_language_server/stdio/stdio_editing.c:134;zr_vm_language_server/stdio/stdio_editing_json.c:174	"约定回填元数据字段 ""contentGeneration""，供快照写出与后续校验或恢复共同使用。"	更改字段名须同步快照写入与读取路径；字段含义由相应快照版本及处理器约束。	zr_vm_language_server/include/zr_vm_language_server/conf.h:154;zr_vm_language_server/stdio/stdio_editing.c:134;zr_vm_language_server/stdio/stdio_editing_json.c:174	commented	已核对直接消费点，所在连续常量组的 Doxygen 注释说明共同契约。
zr_vm_language_server/include/zr_vm_language_server/conf.h	ZR_LSP_FIELD_SEMANTIC_IDENTITY	macro	zr_vm_language_server/stdio/stdio_editing.c:139;zr_vm_language_server/stdio/stdio_editing_json.c:130	"约定回填元数据字段 ""semanticIdentity""，供快照写出与后续校验或恢复共同使用。"	更改字段名须同步快照写入与读取路径；字段含义由相应快照版本及处理器约束。	zr_vm_language_server/include/zr_vm_language_server/conf.h:155;zr_vm_language_server/stdio/stdio_editing.c:139;zr_vm_language_server/stdio/stdio_editing_json.c:130	commented	已核对直接消费点，所在连续常量组的 Doxygen 注释说明共同契约。
zr_vm_language_server/include/zr_vm_language_server/conf.h	ZR_LSP_FIELD_SYMBOL_ID	macro	zr_vm_language_server/stdio/stdio_editor_features_json.c:261;zr_vm_language_server/stdio/stdio_hierarchy.c:33	symbolId 字段把文档符号结果的语义身份传给后续层级请求解析。	客户端回传的标识须对应当前文档和语义版本；字段名须同步符号序列化与层级解析。	zr_vm_language_server/include/zr_vm_language_server/conf.h:156;zr_vm_language_server/stdio/stdio_editor_features_json.c:261;zr_vm_language_server/stdio/stdio_hierarchy.c:33	commented	已核对直接消费点，所在连续常量组的 Doxygen 注释说明共同契约。
zr_vm_language_server/include/zr_vm_language_server/conf.h	ZR_LSP_FIELD_TYPE_ID	macro	zr_vm_language_server/stdio/stdio_editor_features_json.c:263;zr_vm_language_server/stdio/stdio_hierarchy.c:34	typeId 字段把文档符号结果的语义身份传给后续层级请求解析。	客户端回传的标识须对应当前文档和语义版本；字段名须同步符号序列化与层级解析。	zr_vm_language_server/include/zr_vm_language_server/conf.h:157;zr_vm_language_server/stdio/stdio_editor_features_json.c:263;zr_vm_language_server/stdio/stdio_hierarchy.c:34	commented	已核对直接消费点，所在连续常量组的 Doxygen 注释说明共同契约。
zr_vm_language_server/include/zr_vm_language_server/conf.h	ZR_LSP_FIELD_DOCUMENT_GENERATION	macro	zr_vm_language_server/stdio/stdio_editing.c:72;zr_vm_language_server/stdio/stdio_editing_json.c:111	"约定回填元数据字段 ""documentGeneration""，供快照写出与后续校验或恢复共同使用。"	更改字段名须同步快照写入与读取路径；字段含义由相应快照版本及处理器约束。	zr_vm_language_server/include/zr_vm_language_server/conf.h:158;zr_vm_language_server/stdio/stdio_editing.c:72;zr_vm_language_server/stdio/stdio_editing_json.c:111	commented	已核对直接消费点，所在连续常量组的 Doxygen 注释说明共同契约。
zr_vm_language_server/include/zr_vm_language_server/conf.h	ZR_LSP_FIELD_PROJECT_GENERATION	macro	zr_vm_language_server/stdio/stdio_editing.c:75;zr_vm_language_server/stdio/stdio_editing_json.c:115	"约定回填元数据字段 ""projectGeneration""，供快照写出与后续校验或恢复共同使用。"	更改字段名须同步快照写入与读取路径；字段含义由相应快照版本及处理器约束。	zr_vm_language_server/include/zr_vm_language_server/conf.h:159;zr_vm_language_server/stdio/stdio_editing.c:75;zr_vm_language_server/stdio/stdio_editing_json.c:115	commented	已核对直接消费点，所在连续常量组的 Doxygen 注释说明共同契约。
zr_vm_language_server/include/zr_vm_language_server/conf.h	ZR_LSP_FIELD_PROVIDER_GENERATION	macro	zr_vm_language_server/stdio/stdio_editing.c:78;zr_vm_language_server/stdio/stdio_editing_json.c:119	"约定回填元数据字段 ""providerGeneration""，供快照写出与后续校验或恢复共同使用。"	更改字段名须同步快照写入与读取路径；字段含义由相应快照版本及处理器约束。	zr_vm_language_server/include/zr_vm_language_server/conf.h:160;zr_vm_language_server/stdio/stdio_editing.c:78;zr_vm_language_server/stdio/stdio_editing_json.c:119	commented	已核对直接消费点，所在连续常量组的 Doxygen 注释说明共同契约。
zr_vm_language_server/include/zr_vm_language_server/conf.h	ZR_LSP_FIELD_SEMANTIC_GENERATION	macro	zr_vm_language_server/stdio/stdio_editing.c:81;zr_vm_language_server/stdio/stdio_editing_json.c:123	"约定回填元数据字段 ""semanticGeneration""，供快照写出与后续校验或恢复共同使用。"	更改字段名须同步快照写入与读取路径；字段含义由相应快照版本及处理器约束。	zr_vm_language_server/include/zr_vm_language_server/conf.h:161;zr_vm_language_server/stdio/stdio_editing.c:81;zr_vm_language_server/stdio/stdio_editing_json.c:123	commented	已核对直接消费点，所在连续常量组的 Doxygen 注释说明共同契约。
zr_vm_language_server/include/zr_vm_language_server/conf.h	ZR_LSP_FIELD_DEPENDENCY_FINGERPRINT	macro	zr_vm_language_server/stdio/stdio_editing.c:84;zr_vm_language_server/stdio/stdio_editing_json.c:127	"约定回填元数据字段 ""dependencyFingerprint""，供快照写出与后续校验或恢复共同使用。"	更改字段名须同步快照写入与读取路径；字段含义由相应快照版本及处理器约束。	zr_vm_language_server/include/zr_vm_language_server/conf.h:162;zr_vm_language_server/stdio/stdio_editing.c:84;zr_vm_language_server/stdio/stdio_editing_json.c:127	commented	已核对直接消费点，所在连续常量组的 Doxygen 注释说明共同契约。
zr_vm_language_server/include/zr_vm_language_server/conf.h	ZR_LSP_FIELD_IS_OPEN_DOCUMENT	macro	zr_vm_language_server/stdio/stdio_editing.c:111;zr_vm_language_server/stdio/stdio_editing_json.c:177	"约定回填元数据字段 ""isOpenDocument""，供快照写出与后续校验或恢复共同使用。"	更改字段名须同步快照写入与读取路径；字段含义由相应快照版本及处理器约束。	zr_vm_language_server/include/zr_vm_language_server/conf.h:163;zr_vm_language_server/stdio/stdio_editing.c:111;zr_vm_language_server/stdio/stdio_editing_json.c:177	commented	已核对直接消费点，所在连续常量组的 Doxygen 注释说明共同契约。
zr_vm_language_server/include/zr_vm_language_server/conf.h	ZR_LSP_FIELD_DIAGNOSTICS	macro	zr_vm_language_server/stdio/stdio_diagnostics.c:133;zr_vm_language_server/stdio/stdio_editing.c:352	连接 publishDiagnostics 推送通知与 code action 请求上下文中的诊断列表。	客户端发送的上下文列表与服务端发布的诊断列表形状各由对应消息约束；它不属于文档代际身份。	zr_vm_language_server/include/zr_vm_language_server/conf.h:165;zr_vm_language_server/stdio/stdio_diagnostics.c:133;zr_vm_language_server/stdio/stdio_editing.c:352	commented	已核对直接消费点，所在连续常量组的 Doxygen 注释说明共同契约。
zr_vm_language_server/include/zr_vm_language_server/conf.h	ZR_LSP_FIELD_POSITION	macro	zr_vm_language_server/stdio/stdio_completion.c:206;zr_vm_language_server/stdio/stdio_completion.c:238	position 字段连接客户端位置请求与服务端补全回填数据。	坐标必须遵循协商的位置编码；回填数据只能用于相应文档版本。	zr_vm_language_server/include/zr_vm_language_server/conf.h:167;zr_vm_language_server/stdio/stdio_completion.c:206;zr_vm_language_server/stdio/stdio_completion.c:238	commented	已核对直接消费点，所在连续常量组的 Doxygen 注释说明共同契约。
zr_vm_language_server/include/zr_vm_language_server/conf.h	ZR_LSP_FIELD_NEW_TEXT	macro	zr_vm_language_server/stdio/stdio_completion.c:131;zr_vm_language_server/stdio/stdio_diagnostic_json.c:53	"约定输出字段 ""newText""，供客户端消费服务端结果。"	字段是否输出取决于结果形状；更名须同步该结果的构造路径和客户端消费端。	zr_vm_language_server/include/zr_vm_language_server/conf.h:168;zr_vm_language_server/stdio/stdio_completion.c:131;zr_vm_language_server/stdio/stdio_diagnostic_json.c:53	commented	已核对直接消费点，所在连续常量组的 Doxygen 注释说明共同契约。
zr_vm_language_server/include/zr_vm_language_server/conf.h	ZR_LSP_FIELD_CHANGES	macro	zr_vm_language_server/stdio/stdio_editing_json.c:229;zr_vm_language_server/stdio/stdio_workspace_files.c:166	changes 字段在工作区文件变更输入与 WorkspaceEdit 输出中复用。	输入事件列表和输出编辑映射形状不同，须按具体消息解析或构造。	zr_vm_language_server/include/zr_vm_language_server/conf.h:169;zr_vm_language_server/stdio/stdio_editing_json.c:229;zr_vm_language_server/stdio/stdio_workspace_files.c:166	commented	已核对直接消费点，所在连续常量组的 Doxygen 注释说明共同契约。
zr_vm_language_server/include/zr_vm_language_server/conf.h	ZR_LSP_FIELD_DOCUMENT_CHANGES	macro	zr_vm_language_server/stdio/stdio_editing_json.c:216;zr_vm_language_server/stdio/stdio_rename.c:123	"约定输出字段 ""documentChanges""，供客户端消费服务端结果。"	字段是否输出取决于结果形状；更名须同步该结果的构造路径和客户端消费端。	zr_vm_language_server/include/zr_vm_language_server/conf.h:170;zr_vm_language_server/stdio/stdio_editing_json.c:216;zr_vm_language_server/stdio/stdio_rename.c:123	commented	已核对直接消费点，所在连续常量组的 Doxygen 注释说明共同契约。
zr_vm_language_server/include/zr_vm_language_server/conf.h	ZR_LSP_FIELD_CONTENT_CHANGES	macro	zr_vm_language_server/stdio/stdio_documents.c:233	"约定输入消息字段 ""contentChanges""，供服务端解析客户端请求或通知。"	更改字段名须同步客户端消息和对应请求处理器；缺省值与类型限制由具体处理器校验。	zr_vm_language_server/include/zr_vm_language_server/conf.h:171;zr_vm_language_server/stdio/stdio_documents.c:233	commented	已核对直接消费点，所在连续常量组的 Doxygen 注释说明共同契约。
zr_vm_language_server/include/zr_vm_language_server/conf.h	ZR_LSP_FIELD_CONTEXT	macro	zr_vm_language_server/stdio/stdio_editing.c:348;zr_vm_language_server/stdio/stdio_editing_json.c:338	"约定输入消息字段 ""context""，供服务端解析客户端请求或通知。"	更改字段名须同步客户端消息和对应请求处理器；缺省值与类型限制由具体处理器校验。	zr_vm_language_server/include/zr_vm_language_server/conf.h:172;zr_vm_language_server/stdio/stdio_editing.c:348;zr_vm_language_server/stdio/stdio_editing_json.c:338	commented	已核对直接消费点，所在连续常量组的 Doxygen 注释说明共同契约。
zr_vm_language_server/include/zr_vm_language_server/conf.h	ZR_LSP_FIELD_ONLY	macro	zr_vm_language_server/stdio/stdio_editing.c:361;zr_vm_language_server/stdio/stdio_editing_json.c:339	"约定输入消息字段 ""only""，供服务端解析客户端请求或通知。"	更改字段名须同步客户端消息和对应请求处理器；缺省值与类型限制由具体处理器校验。	zr_vm_language_server/include/zr_vm_language_server/conf.h:173;zr_vm_language_server/stdio/stdio_editing.c:361;zr_vm_language_server/stdio/stdio_editing_json.c:339	commented	已核对直接消费点，所在连续常量组的 Doxygen 注释说明共同契约。
zr_vm_language_server/include/zr_vm_language_server/conf.h	ZR_LSP_FIELD_INCLUDE_DECLARATION	macro	zr_vm_language_server/stdio/stdio_navigation.c:186	"约定输入消息字段 ""includeDeclaration""，供服务端解析客户端请求或通知。"	更改字段名须同步客户端消息和对应请求处理器；缺省值与类型限制由具体处理器校验。	zr_vm_language_server/include/zr_vm_language_server/conf.h:174;zr_vm_language_server/stdio/stdio_navigation.c:186	commented	已核对直接消费点，所在连续常量组的 Doxygen 注释说明共同契约。
zr_vm_language_server/include/zr_vm_language_server/conf.h	ZR_LSP_FIELD_QUERY	macro	zr_vm_language_server/stdio/stdio_navigation.c:241	"约定输入消息字段 ""query""，供服务端解析客户端请求或通知。"	更改字段名须同步客户端消息和对应请求处理器；缺省值与类型限制由具体处理器校验。	zr_vm_language_server/include/zr_vm_language_server/conf.h:175;zr_vm_language_server/stdio/stdio_navigation.c:241	commented	已核对直接消费点，所在连续常量组的 Doxygen 注释说明共同契约。
zr_vm_language_server/include/zr_vm_language_server/conf.h	ZR_LSP_FIELD_TOKEN_TYPES	macro	zr_vm_language_server/stdio/stdio_semantic_tokens_json.c:16;tests/language_server/test_stdio_initialize.c:206	"约定输出字段 ""tokenTypes""，供客户端消费服务端结果。"	字段是否输出取决于结果形状；更名须同步该结果的构造路径和客户端消费端。	zr_vm_language_server/include/zr_vm_language_server/conf.h:176;zr_vm_language_server/stdio/stdio_semantic_tokens_json.c:16;tests/language_server/test_stdio_initialize.c:206	commented	已核对直接消费点，所在连续常量组的 Doxygen 注释说明共同契约。
zr_vm_language_server/include/zr_vm_language_server/conf.h	ZR_LSP_FIELD_TOKEN_MODIFIERS	macro	zr_vm_language_server/stdio/stdio_semantic_tokens_json.c:17	"约定输出字段 ""tokenModifiers""，供客户端消费服务端结果。"	字段是否输出取决于结果形状；更名须同步该结果的构造路径和客户端消费端。	zr_vm_language_server/include/zr_vm_language_server/conf.h:177;zr_vm_language_server/stdio/stdio_semantic_tokens_json.c:17	commented	已核对直接消费点，所在连续常量组的 Doxygen 注释说明共同契约。
zr_vm_language_server/include/zr_vm_language_server/conf.h	ZR_LSP_FIELD_DATA	macro	zr_vm_language_server/stdio/stdio_completion.c:162;zr_vm_language_server/stdio/stdio_completion.c:207	data 字段承载补全或其他请求的回填标识，也承载若干响应数据。	各消息中 data 的形状由对应提供者决定，不应跨结果类型直接解释。	zr_vm_language_server/include/zr_vm_language_server/conf.h:178;zr_vm_language_server/stdio/stdio_completion.c:162;zr_vm_language_server/stdio/stdio_completion.c:207	commented	已核对直接消费点，所在连续常量组的 Doxygen 注释说明共同契约。
zr_vm_language_server/include/zr_vm_language_server/conf.h	ZR_LSP_FIELD_SNAPSHOT	macro	zr_vm_language_server/stdio/stdio_editing.c:109;zr_vm_language_server/stdio/stdio_editing_json.c:284	"约定回填元数据字段 ""snapshot""，供快照写出与后续校验或恢复共同使用。"	更改字段名须同步快照写入与读取路径；字段含义由相应快照版本及处理器约束。	zr_vm_language_server/include/zr_vm_language_server/conf.h:179;zr_vm_language_server/stdio/stdio_editing.c:109;zr_vm_language_server/stdio/stdio_editing_json.c:284	commented	已核对直接消费点，所在连续常量组的 Doxygen 注释说明共同契约。
zr_vm_language_server/include/zr_vm_language_server/conf.h	ZR_LSP_FIELD_DISABLED	macro	zr_vm_language_server/stdio/stdio_editing.c:168;zr_vm_language_server/stdio/stdio_editing.c:172	"约定输出字段 ""disabled""，供客户端消费服务端结果。"	字段是否输出取决于结果形状；更名须同步该结果的构造路径和客户端消费端。	zr_vm_language_server/include/zr_vm_language_server/conf.h:180;zr_vm_language_server/stdio/stdio_editing.c:168;zr_vm_language_server/stdio/stdio_editing.c:172	commented	已核对直接消费点，所在连续常量组的 Doxygen 注释说明共同契约。
zr_vm_language_server/include/zr_vm_language_server/conf.h	ZR_LSP_FIELD_REASON	macro	zr_vm_language_server/stdio/stdio_editing.c:171	"约定输出字段 ""reason""，供客户端消费服务端结果。"	字段是否输出取决于结果形状；更名须同步该结果的构造路径和客户端消费端。	zr_vm_language_server/include/zr_vm_language_server/conf.h:181;zr_vm_language_server/stdio/stdio_editing.c:171	commented	已核对直接消费点，所在连续常量组的 Doxygen 注释说明共同契约。
zr_vm_language_server/include/zr_vm_language_server/conf.h	ZR_LSP_FIELD_PLACEHOLDER	macro	zr_vm_language_server/stdio/stdio_rename.c:229;zr_vm_language_server/wasm/wasm_exports.cpp:1754	"约定输出字段 ""placeholder""，供客户端消费服务端结果。"	字段是否输出取决于结果形状；更名须同步该结果的构造路径和客户端消费端。	zr_vm_language_server/include/zr_vm_language_server/conf.h:182;zr_vm_language_server/stdio/stdio_rename.c:229;zr_vm_language_server/wasm/wasm_exports.cpp:1754	commented	已核对直接消费点，所在连续常量组的 Doxygen 注释说明共同契约。
zr_vm_language_server/include/zr_vm_language_server/conf.h	ZR_LSP_FIELD_NEW_NAME	macro	zr_vm_language_server/stdio/stdio_rename.c:249	"约定输入消息字段 ""newName""，供服务端解析客户端请求或通知。"	更改字段名须同步客户端消息和对应请求处理器；缺省值与类型限制由具体处理器校验。	zr_vm_language_server/include/zr_vm_language_server/conf.h:183;zr_vm_language_server/stdio/stdio_rename.c:249	commented	已核对直接消费点，所在连续常量组的 Doxygen 注释说明共同契约。
zr_vm_language_server/include/zr_vm_language_server/conf.h	ZR_LSP_FIELD_OPEN_CLOSE	macro	zr_vm_language_server/stdio/stdio_initialize.c:188	"约定 initialize 成功响应字段 ""openClose""，向客户端声明服务端能力或注册信息。"	字段是否输出取决于服务端实际支持与协商结果；更名须同步客户端能力消费端。	zr_vm_language_server/include/zr_vm_language_server/conf.h:185;zr_vm_language_server/stdio/stdio_initialize.c:188	commented	已核对直接消费点，所在连续常量组的 Doxygen 注释说明共同契约。
zr_vm_language_server/include/zr_vm_language_server/conf.h	ZR_LSP_FIELD_CHANGE	macro	zr_vm_language_server/stdio/stdio_initialize.c:189	"约定 initialize 成功响应字段 ""change""，向客户端声明服务端能力或注册信息。"	字段是否输出取决于服务端实际支持与协商结果；更名须同步客户端能力消费端。	zr_vm_language_server/include/zr_vm_language_server/conf.h:186;zr_vm_language_server/stdio/stdio_initialize.c:189	commented	已核对直接消费点，所在连续常量组的 Doxygen 注释说明共同契约。
zr_vm_language_server/include/zr_vm_language_server/conf.h	ZR_LSP_FIELD_SAVE	macro	zr_vm_language_server/stdio/stdio_initialize.c:187	"约定 initialize 成功响应字段 ""save""，向客户端声明服务端能力或注册信息。"	字段是否输出取决于服务端实际支持与协商结果；更名须同步客户端能力消费端。	zr_vm_language_server/include/zr_vm_language_server/conf.h:187;zr_vm_language_server/stdio/stdio_initialize.c:187	commented	已核对直接消费点，所在连续常量组的 Doxygen 注释说明共同契约。
zr_vm_language_server/include/zr_vm_language_server/conf.h	ZR_LSP_FIELD_WILL_SAVE_WAIT_UNTIL	macro	zr_vm_language_server/stdio/stdio_initialize.c:191	"约定 initialize 成功响应字段 ""willSaveWaitUntil""，向客户端声明服务端能力或注册信息。"	字段是否输出取决于服务端实际支持与协商结果；更名须同步客户端能力消费端。	zr_vm_language_server/include/zr_vm_language_server/conf.h:188;zr_vm_language_server/stdio/stdio_initialize.c:191	commented	已核对直接消费点，所在连续常量组的 Doxygen 注释说明共同契约。
zr_vm_language_server/include/zr_vm_language_server/conf.h	ZR_LSP_FIELD_INCLUDE_TEXT	macro	zr_vm_language_server/stdio/stdio_initialize.c:192	"约定 initialize 成功响应字段 ""includeText""，向客户端声明服务端能力或注册信息。"	字段是否输出取决于服务端实际支持与协商结果；更名须同步客户端能力消费端。	zr_vm_language_server/include/zr_vm_language_server/conf.h:189;zr_vm_language_server/stdio/stdio_initialize.c:192	commented	已核对直接消费点，所在连续常量组的 Doxygen 注释说明共同契约。
zr_vm_language_server/include/zr_vm_language_server/conf.h	ZR_LSP_FIELD_RESOLVE_PROVIDER	macro	zr_vm_language_server/stdio/stdio_initialize.c:198;zr_vm_language_server/stdio/stdio_initialize.c:216	"约定 initialize 成功响应字段 ""resolveProvider""，向客户端声明服务端能力或注册信息。"	字段是否输出取决于服务端实际支持与协商结果；更名须同步客户端能力消费端。	zr_vm_language_server/include/zr_vm_language_server/conf.h:190;zr_vm_language_server/stdio/stdio_initialize.c:198;zr_vm_language_server/stdio/stdio_initialize.c:216	commented	已核对直接消费点，所在连续常量组的 Doxygen 注释说明共同契约。
zr_vm_language_server/include/zr_vm_language_server/conf.h	ZR_LSP_FIELD_TRIGGER_CHARACTERS	macro	zr_vm_language_server/stdio/stdio_initialize.c:201;zr_vm_language_server/stdio/stdio_initialize.c:207	"约定 initialize 成功响应字段 ""triggerCharacters""，向客户端声明服务端能力或注册信息。"	字段是否输出取决于服务端实际支持与协商结果；更名须同步客户端能力消费端。	zr_vm_language_server/include/zr_vm_language_server/conf.h:191;zr_vm_language_server/stdio/stdio_initialize.c:201;zr_vm_language_server/stdio/stdio_initialize.c:207	commented	已核对直接消费点，所在连续常量组的 Doxygen 注释说明共同契约。
zr_vm_language_server/include/zr_vm_language_server/conf.h	ZR_LSP_FIELD_ALL_COMMIT_CHARACTERS	macro	zr_vm_language_server/stdio/stdio_initialize.c:204	"约定 initialize 成功响应字段 ""allCommitCharacters""，向客户端声明服务端能力或注册信息。"	字段是否输出取决于服务端实际支持与协商结果；更名须同步客户端能力消费端。	zr_vm_language_server/include/zr_vm_language_server/conf.h:192;zr_vm_language_server/stdio/stdio_initialize.c:204	commented	已核对直接消费点，所在连续常量组的 Doxygen 注释说明共同契约。
zr_vm_language_server/include/zr_vm_language_server/conf.h	ZR_LSP_FIELD_PREPARE_PROVIDER	macro	zr_vm_language_server/stdio/stdio_initialize.c:214	"约定 initialize 成功响应字段 ""prepareProvider""，向客户端声明服务端能力或注册信息。"	字段是否输出取决于服务端实际支持与协商结果；更名须同步客户端能力消费端。	zr_vm_language_server/include/zr_vm_language_server/conf.h:193;zr_vm_language_server/stdio/stdio_initialize.c:214	commented	已核对直接消费点，所在连续常量组的 Doxygen 注释说明共同契约。
zr_vm_language_server/include/zr_vm_language_server/conf.h	ZR_LSP_FIELD_CAPABILITIES	macro	zr_vm_language_server/stdio/stdio_initialize.c:185;zr_vm_language_server/stdio/stdio_initialize_capabilities.c:22	capabilities 字段区分客户端 initialize 能力输入与服务端能力响应。	两种能力对象方向相反且结构不同，不能互相替代。	zr_vm_language_server/include/zr_vm_language_server/conf.h:194;zr_vm_language_server/stdio/stdio_initialize.c:185;zr_vm_language_server/stdio/stdio_initialize_capabilities.c:22	commented	已核对直接消费点，所在连续常量组的 Doxygen 注释说明共同契约。
zr_vm_language_server/include/zr_vm_language_server/conf.h	ZR_LSP_FIELD_GENERAL	macro	zr_vm_language_server/stdio/stdio_position_encoding.c:466	"约定输入消息字段 ""general""，供服务端解析客户端请求或通知。"	更改字段名须同步客户端消息和对应请求处理器；缺省值与类型限制由具体处理器校验。	zr_vm_language_server/include/zr_vm_language_server/conf.h:195;zr_vm_language_server/stdio/stdio_position_encoding.c:466	commented	已核对直接消费点，所在连续常量组的 Doxygen 注释说明共同契约。
zr_vm_language_server/include/zr_vm_language_server/conf.h	ZR_LSP_FIELD_POSITION_ENCODING	macro	zr_vm_language_server/stdio/stdio_initialize.c:193;tests/language_server/test_stdio_initialize.c:202	"约定 initialize 成功响应字段 ""positionEncoding""，向客户端声明服务端能力或注册信息。"	字段是否输出取决于服务端实际支持与协商结果；更名须同步客户端能力消费端。	zr_vm_language_server/include/zr_vm_language_server/conf.h:196;zr_vm_language_server/stdio/stdio_initialize.c:193;tests/language_server/test_stdio_initialize.c:202	commented	已核对直接消费点，所在连续常量组的 Doxygen 注释说明共同契约。
zr_vm_language_server/include/zr_vm_language_server/conf.h	ZR_LSP_FIELD_POSITION_ENCODINGS	macro	zr_vm_language_server/stdio/stdio_position_encoding.c:467	"约定输入消息字段 ""positionEncodings""，供服务端解析客户端请求或通知。"	更改字段名须同步客户端消息和对应请求处理器；缺省值与类型限制由具体处理器校验。	zr_vm_language_server/include/zr_vm_language_server/conf.h:197;zr_vm_language_server/stdio/stdio_position_encoding.c:467	commented	已核对直接消费点，所在连续常量组的 Doxygen 注释说明共同契约。
zr_vm_language_server/include/zr_vm_language_server/conf.h	ZR_LSP_FIELD_TEXT_DOCUMENT_SYNC	macro	zr_vm_language_server/stdio/stdio_initialize.c:186	"约定 initialize 成功响应字段 ""textDocumentSync""，向客户端声明服务端能力或注册信息。"	字段是否输出取决于服务端实际支持与协商结果；更名须同步客户端能力消费端。	zr_vm_language_server/include/zr_vm_language_server/conf.h:198;zr_vm_language_server/stdio/stdio_initialize.c:186	commented	已核对直接消费点，所在连续常量组的 Doxygen 注释说明共同契约。
zr_vm_language_server/include/zr_vm_language_server/conf.h	ZR_LSP_FIELD_COMPLETION_PROVIDER	macro	zr_vm_language_server/stdio/stdio_initialize.c:197;zr_vm_language_server/stdio/stdio_initialize.c:200	"约定 initialize 成功响应字段 ""completionProvider""，向客户端声明服务端能力或注册信息。"	字段是否输出取决于服务端实际支持与协商结果；更名须同步客户端能力消费端。	zr_vm_language_server/include/zr_vm_language_server/conf.h:199;zr_vm_language_server/stdio/stdio_initialize.c:197;zr_vm_language_server/stdio/stdio_initialize.c:200	commented	已核对直接消费点，所在连续常量组的 Doxygen 注释说明共同契约。
zr_vm_language_server/include/zr_vm_language_server/conf.h	ZR_LSP_FIELD_HOVER_PROVIDER	macro	zr_vm_language_server/stdio/stdio_initialize.c:223	"约定 initialize 成功响应字段 ""hoverProvider""，向客户端声明服务端能力或注册信息。"	字段是否输出取决于服务端实际支持与协商结果；更名须同步客户端能力消费端。	zr_vm_language_server/include/zr_vm_language_server/conf.h:200;zr_vm_language_server/stdio/stdio_initialize.c:223	commented	已核对直接消费点，所在连续常量组的 Doxygen 注释说明共同契约。
zr_vm_language_server/include/zr_vm_language_server/conf.h	ZR_LSP_FIELD_SIGNATURE_HELP_PROVIDER	macro	zr_vm_language_server/stdio/stdio_initialize.c:206	"约定 initialize 成功响应字段 ""signatureHelpProvider""，向客户端声明服务端能力或注册信息。"	字段是否输出取决于服务端实际支持与协商结果；更名须同步客户端能力消费端。	zr_vm_language_server/include/zr_vm_language_server/conf.h:201;zr_vm_language_server/stdio/stdio_initialize.c:206	commented	已核对直接消费点，所在连续常量组的 Doxygen 注释说明共同契约。
zr_vm_language_server/include/zr_vm_language_server/conf.h	ZR_LSP_FIELD_DEFINITION_PROVIDER	macro	zr_vm_language_server/stdio/stdio_initialize.c:224	"约定 initialize 成功响应字段 ""definitionProvider""，向客户端声明服务端能力或注册信息。"	字段是否输出取决于服务端实际支持与协商结果；更名须同步客户端能力消费端。	zr_vm_language_server/include/zr_vm_language_server/conf.h:202;zr_vm_language_server/stdio/stdio_initialize.c:224	commented	已核对直接消费点，所在连续常量组的 Doxygen 注释说明共同契约。
zr_vm_language_server/include/zr_vm_language_server/conf.h	ZR_LSP_FIELD_REFERENCES_PROVIDER	macro	zr_vm_language_server/stdio/stdio_initialize.c:225	"约定 initialize 成功响应字段 ""referencesProvider""，向客户端声明服务端能力或注册信息。"	字段是否输出取决于服务端实际支持与协商结果；更名须同步客户端能力消费端。	zr_vm_language_server/include/zr_vm_language_server/conf.h:203;zr_vm_language_server/stdio/stdio_initialize.c:225	commented	已核对直接消费点，所在连续常量组的 Doxygen 注释说明共同契约。
zr_vm_language_server/include/zr_vm_language_server/conf.h	ZR_LSP_FIELD_RENAME_PROVIDER	macro	zr_vm_language_server/stdio/stdio_initialize.c:213	"约定 initialize 成功响应字段 ""renameProvider""，向客户端声明服务端能力或注册信息。"	字段是否输出取决于服务端实际支持与协商结果；更名须同步客户端能力消费端。	zr_vm_language_server/include/zr_vm_language_server/conf.h:204;zr_vm_language_server/stdio/stdio_initialize.c:213	commented	已核对直接消费点，所在连续常量组的 Doxygen 注释说明共同契约。
zr_vm_language_server/include/zr_vm_language_server/conf.h	ZR_LSP_FIELD_DOCUMENT_SYMBOL_PROVIDER	macro	zr_vm_language_server/stdio/stdio_initialize.c:226	"约定 initialize 成功响应字段 ""documentSymbolProvider""，向客户端声明服务端能力或注册信息。"	字段是否输出取决于服务端实际支持与协商结果；更名须同步客户端能力消费端。	zr_vm_language_server/include/zr_vm_language_server/conf.h:205;zr_vm_language_server/stdio/stdio_initialize.c:226	commented	已核对直接消费点，所在连续常量组的 Doxygen 注释说明共同契约。
zr_vm_language_server/include/zr_vm_language_server/conf.h	ZR_LSP_FIELD_WORKSPACE_SYMBOL_PROVIDER	macro	zr_vm_language_server/stdio/stdio_initialize.c:215;zr_vm_language_server/stdio/stdio_initialize.c:218	"约定 initialize 成功响应字段 ""workspaceSymbolProvider""，向客户端声明服务端能力或注册信息。"	字段是否输出取决于服务端实际支持与协商结果；更名须同步客户端能力消费端。	zr_vm_language_server/include/zr_vm_language_server/conf.h:206;zr_vm_language_server/stdio/stdio_initialize.c:215;zr_vm_language_server/stdio/stdio_initialize.c:218	commented	已核对直接消费点，所在连续常量组的 Doxygen 注释说明共同契约。
zr_vm_language_server/include/zr_vm_language_server/conf.h	ZR_LSP_FIELD_DOCUMENT_HIGHLIGHT_PROVIDER	macro	zr_vm_language_server/stdio/stdio_initialize.c:227	"约定 initialize 成功响应字段 ""documentHighlightProvider""，向客户端声明服务端能力或注册信息。"	字段是否输出取决于服务端实际支持与协商结果；更名须同步客户端能力消费端。	zr_vm_language_server/include/zr_vm_language_server/conf.h:207;zr_vm_language_server/stdio/stdio_initialize.c:227	commented	已核对直接消费点，所在连续常量组的 Doxygen 注释说明共同契约。
zr_vm_language_server/include/zr_vm_language_server/conf.h	ZR_LSP_FIELD_INLAY_HINT_PROVIDER	macro	zr_vm_language_server/stdio/stdio_initialize.c:219;zr_vm_language_server/stdio/stdio_initialize.c:222	"约定 initialize 成功响应字段 ""inlayHintProvider""，向客户端声明服务端能力或注册信息。"	字段是否输出取决于服务端实际支持与协商结果；更名须同步客户端能力消费端。	zr_vm_language_server/include/zr_vm_language_server/conf.h:208;zr_vm_language_server/stdio/stdio_initialize.c:219;zr_vm_language_server/stdio/stdio_initialize.c:222	commented	已核对直接消费点，所在连续常量组的 Doxygen 注释说明共同契约。
zr_vm_language_server/include/zr_vm_language_server/conf.h	ZR_LSP_FIELD_LEGEND	macro	zr_vm_language_server/stdio/stdio_initialize.c:232;tests/language_server/test_stdio_initialize.c:204	"约定 initialize 成功响应字段 ""legend""，向客户端声明服务端能力或注册信息。"	字段是否输出取决于服务端实际支持与协商结果；更名须同步客户端能力消费端。	zr_vm_language_server/include/zr_vm_language_server/conf.h:209;zr_vm_language_server/stdio/stdio_initialize.c:232;tests/language_server/test_stdio_initialize.c:204	commented	已核对直接消费点，所在连续常量组的 Doxygen 注释说明共同契约。
zr_vm_language_server/include/zr_vm_language_server/conf.h	ZR_LSP_FIELD_FULL	macro	zr_vm_language_server/stdio/stdio_initialize.c:233	"约定 initialize 成功响应字段 ""full""，向客户端声明服务端能力或注册信息。"	字段是否输出取决于服务端实际支持与协商结果；更名须同步客户端能力消费端。	zr_vm_language_server/include/zr_vm_language_server/conf.h:210;zr_vm_language_server/stdio/stdio_initialize.c:233	commented	已核对直接消费点，所在连续常量组的 Doxygen 注释说明共同契约。
zr_vm_language_server/include/zr_vm_language_server/conf.h	ZR_LSP_FIELD_DELTA	macro	zr_vm_language_server/stdio/stdio_initialize.c:234	"约定 initialize 成功响应字段 ""delta""，向客户端声明服务端能力或注册信息。"	字段是否输出取决于服务端实际支持与协商结果；更名须同步客户端能力消费端。	zr_vm_language_server/include/zr_vm_language_server/conf.h:211;zr_vm_language_server/stdio/stdio_initialize.c:234	commented	已核对直接消费点，所在连续常量组的 Doxygen 注释说明共同契约。
zr_vm_language_server/include/zr_vm_language_server/conf.h	ZR_LSP_FIELD_SEMANTIC_TOKENS_PROVIDER	macro	zr_vm_language_server/stdio/stdio_initialize.c:231;tests/language_server/test_stdio_initialize.c:203	"约定 initialize 成功响应字段 ""semanticTokensProvider""，向客户端声明服务端能力或注册信息。"	字段是否输出取决于服务端实际支持与协商结果；更名须同步客户端能力消费端。	zr_vm_language_server/include/zr_vm_language_server/conf.h:212;zr_vm_language_server/stdio/stdio_initialize.c:231;tests/language_server/test_stdio_initialize.c:203	commented	已核对直接消费点，所在连续常量组的 Doxygen 注释说明共同契约。
zr_vm_language_server/include/zr_vm_language_server/conf.h	ZR_LSP_FIELD_SUPPORTED	macro	zr_vm_language_server/stdio/stdio_initialize.c:242	"约定 initialize 成功响应字段 ""supported""，向客户端声明服务端能力或注册信息。"	字段是否输出取决于服务端实际支持与协商结果；更名须同步客户端能力消费端。	zr_vm_language_server/include/zr_vm_language_server/conf.h:213;zr_vm_language_server/stdio/stdio_initialize.c:242	commented	已核对直接消费点，所在连续常量组的 Doxygen 注释说明共同契约。
zr_vm_language_server/include/zr_vm_language_server/conf.h	ZR_LSP_FIELD_CHANGE_NOTIFICATIONS	macro	zr_vm_language_server/stdio/stdio_initialize.c:243	"约定 initialize 成功响应字段 ""changeNotifications""，向客户端声明服务端能力或注册信息。"	字段是否输出取决于服务端实际支持与协商结果；更名须同步客户端能力消费端。	zr_vm_language_server/include/zr_vm_language_server/conf.h:214;zr_vm_language_server/stdio/stdio_initialize.c:243	commented	已核对直接消费点，所在连续常量组的 Doxygen 注释说明共同契约。
zr_vm_language_server/include/zr_vm_language_server/conf.h	ZR_LSP_FIELD_WORKSPACE_FOLDERS	macro	zr_vm_language_server/stdio/stdio_initialize.c:97;zr_vm_language_server/stdio/stdio_initialize.c:241	workspaceFolders 字段读取 initialize 输入根目录，并声明服务端工作区文件夹支持。	输入是客户端根目录列表，输出是服务端能力对象。	zr_vm_language_server/include/zr_vm_language_server/conf.h:215;zr_vm_language_server/stdio/stdio_initialize.c:97;zr_vm_language_server/stdio/stdio_initialize.c:241	commented	已核对直接消费点，所在连续常量组的 Doxygen 注释说明共同契约。
zr_vm_language_server/include/zr_vm_language_server/conf.h	ZR_LSP_FIELD_WORKSPACE	macro	zr_vm_language_server/stdio/stdio_initialize.c:240;tests/language_server/test_stdio_initialize.c:207	"约定 initialize 成功响应字段 ""workspace""，向客户端声明服务端能力或注册信息。"	字段是否输出取决于服务端实际支持与协商结果；更名须同步客户端能力消费端。	zr_vm_language_server/include/zr_vm_language_server/conf.h:216;zr_vm_language_server/stdio/stdio_initialize.c:240;tests/language_server/test_stdio_initialize.c:207	commented	已核对直接消费点，所在连续常量组的 Doxygen 注释说明共同契约。
zr_vm_language_server/include/zr_vm_language_server/conf.h	ZR_LSP_FIELD_ROOT_URI	macro	zr_vm_language_server/stdio/stdio_initialize.c:106	"约定输入消息字段 ""rootUri""，供服务端解析客户端请求或通知。"	更改字段名须同步客户端消息和对应请求处理器；缺省值与类型限制由具体处理器校验。	zr_vm_language_server/include/zr_vm_language_server/conf.h:217;zr_vm_language_server/stdio/stdio_initialize.c:106	commented	已核对直接消费点，所在连续常量组的 Doxygen 注释说明共同契约。
zr_vm_language_server/include/zr_vm_language_server/conf.h	ZR_LSP_FIELD_ROOT_PATH	macro	zr_vm_language_server/stdio/stdio_initialize.c:112	"约定输入消息字段 ""rootPath""，供服务端解析客户端请求或通知。"	更改字段名须同步客户端消息和对应请求处理器；缺省值与类型限制由具体处理器校验。	zr_vm_language_server/include/zr_vm_language_server/conf.h:218;zr_vm_language_server/stdio/stdio_initialize.c:112	commented	已核对直接消费点，所在连续常量组的 Doxygen 注释说明共同契约。
zr_vm_language_server/include/zr_vm_language_server/conf.h	ZR_LSP_FIELD_EVENT	macro	zr_vm_language_server/stdio/stdio_initialize.c:127	"约定输入消息字段 ""event""，供服务端解析客户端请求或通知。"	更改字段名须同步客户端消息和对应请求处理器；缺省值与类型限制由具体处理器校验。	zr_vm_language_server/include/zr_vm_language_server/conf.h:220;zr_vm_language_server/stdio/stdio_initialize.c:127	commented	已核对直接消费点，所在连续常量组的 Doxygen 注释说明共同契约。
zr_vm_language_server/include/zr_vm_language_server/conf.h	ZR_LSP_FIELD_ADDED	macro	zr_vm_language_server/stdio/stdio_initialize.c:132	"约定输入消息字段 ""added""，供服务端解析客户端请求或通知。"	更改字段名须同步客户端消息和对应请求处理器；缺省值与类型限制由具体处理器校验。	zr_vm_language_server/include/zr_vm_language_server/conf.h:221;zr_vm_language_server/stdio/stdio_initialize.c:132	commented	已核对直接消费点，所在连续常量组的 Doxygen 注释说明共同契约。
zr_vm_language_server/include/zr_vm_language_server/conf.h	ZR_LSP_FIELD_REMOVED	macro	zr_vm_language_server/stdio/stdio_initialize.c:140	"约定输入消息字段 ""removed""，供服务端解析客户端请求或通知。"	更改字段名须同步客户端消息和对应请求处理器；缺省值与类型限制由具体处理器校验。	zr_vm_language_server/include/zr_vm_language_server/conf.h:222;zr_vm_language_server/stdio/stdio_initialize.c:140	commented	已核对直接消费点，所在连续常量组的 Doxygen 注释说明共同契约。
zr_vm_language_server/include/zr_vm_language_server/conf.h	ZR_LSP_FIELD_FILE_OPERATIONS	macro	zr_vm_language_server/stdio/stdio_workspace_files.c:58;tests/language_server/test_stdio_initialize.c:208	"约定 initialize 成功响应字段 ""fileOperations""，向客户端声明服务端能力或注册信息。"	字段是否输出取决于服务端实际支持与协商结果；更名须同步客户端能力消费端。	zr_vm_language_server/include/zr_vm_language_server/conf.h:223;zr_vm_language_server/stdio/stdio_workspace_files.c:58;tests/language_server/test_stdio_initialize.c:208	commented	已核对直接消费点，所在连续常量组的 Doxygen 注释说明共同契约。
zr_vm_language_server/include/zr_vm_language_server/conf.h	ZR_LSP_FIELD_DID_CREATE	macro	zr_vm_language_server/stdio/stdio_workspace_files.c:63;tests/language_server/test_stdio_initialize.c:209	"约定 initialize 成功响应字段 ""didCreate""，向客户端声明服务端能力或注册信息。"	字段是否输出取决于服务端实际支持与协商结果；更名须同步客户端能力消费端。	zr_vm_language_server/include/zr_vm_language_server/conf.h:224;zr_vm_language_server/stdio/stdio_workspace_files.c:63;tests/language_server/test_stdio_initialize.c:209	commented	已核对直接消费点，所在连续常量组的 Doxygen 注释说明共同契约。
zr_vm_language_server/include/zr_vm_language_server/conf.h	ZR_LSP_FIELD_WILL_RENAME	macro	zr_vm_language_server/stdio/stdio_workspace_files.c:64;tests/language_server/test_stdio_initialize.c:210	"约定 initialize 成功响应字段 ""willRename""，向客户端声明服务端能力或注册信息。"	字段是否输出取决于服务端实际支持与协商结果；更名须同步客户端能力消费端。	zr_vm_language_server/include/zr_vm_language_server/conf.h:225;zr_vm_language_server/stdio/stdio_workspace_files.c:64;tests/language_server/test_stdio_initialize.c:210	commented	已核对直接消费点，所在连续常量组的 Doxygen 注释说明共同契约。
zr_vm_language_server/include/zr_vm_language_server/conf.h	ZR_LSP_FIELD_DID_RENAME	macro	zr_vm_language_server/stdio/stdio_workspace_files.c:65;tests/language_server/test_stdio_initialize.c:211	"约定 initialize 成功响应字段 ""didRename""，向客户端声明服务端能力或注册信息。"	字段是否输出取决于服务端实际支持与协商结果；更名须同步客户端能力消费端。	zr_vm_language_server/include/zr_vm_language_server/conf.h:226;zr_vm_language_server/stdio/stdio_workspace_files.c:65;tests/language_server/test_stdio_initialize.c:211	commented	已核对直接消费点，所在连续常量组的 Doxygen 注释说明共同契约。
zr_vm_language_server/include/zr_vm_language_server/conf.h	ZR_LSP_FIELD_DID_DELETE	macro	zr_vm_language_server/stdio/stdio_workspace_files.c:66;tests/language_server/test_stdio_initialize.c:212	"约定 initialize 成功响应字段 ""didDelete""，向客户端声明服务端能力或注册信息。"	字段是否输出取决于服务端实际支持与协商结果；更名须同步客户端能力消费端。	zr_vm_language_server/include/zr_vm_language_server/conf.h:227;zr_vm_language_server/stdio/stdio_workspace_files.c:66;tests/language_server/test_stdio_initialize.c:212	commented	已核对直接消费点，所在连续常量组的 Doxygen 注释说明共同契约。
zr_vm_language_server/include/zr_vm_language_server/conf.h	ZR_LSP_FIELD_FILTERS	macro	zr_vm_language_server/stdio/stdio_workspace_files.c:37	"约定 initialize 成功响应字段 ""filters""，向客户端声明服务端能力或注册信息。"	字段是否输出取决于服务端实际支持与协商结果；更名须同步客户端能力消费端。	zr_vm_language_server/include/zr_vm_language_server/conf.h:228;zr_vm_language_server/stdio/stdio_workspace_files.c:37	commented	已核对直接消费点，所在连续常量组的 Doxygen 注释说明共同契约。
zr_vm_language_server/include/zr_vm_language_server/conf.h	ZR_LSP_FIELD_PATTERN	macro	zr_vm_language_server/stdio/stdio_workspace_files.c:43	"约定 initialize 成功响应字段 ""pattern""，向客户端声明服务端能力或注册信息。"	字段是否输出取决于服务端实际支持与协商结果；更名须同步客户端能力消费端。	zr_vm_language_server/include/zr_vm_language_server/conf.h:229;zr_vm_language_server/stdio/stdio_workspace_files.c:43	commented	已核对直接消费点，所在连续常量组的 Doxygen 注释说明共同契约。
zr_vm_language_server/include/zr_vm_language_server/conf.h	ZR_LSP_FIELD_GLOB	macro	zr_vm_language_server/stdio/stdio_workspace_files.c:44	"约定 initialize 成功响应字段 ""glob""，向客户端声明服务端能力或注册信息。"	字段是否输出取决于服务端实际支持与协商结果；更名须同步客户端能力消费端。	zr_vm_language_server/include/zr_vm_language_server/conf.h:230;zr_vm_language_server/stdio/stdio_workspace_files.c:44	commented	已核对直接消费点，所在连续常量组的 Doxygen 注释说明共同契约。
zr_vm_language_server/include/zr_vm_language_server/conf.h	ZR_LSP_FIELD_FILES	macro	zr_vm_language_server/stdio/stdio_workspace_files.c:248;zr_vm_language_server/stdio/stdio_workspace_files.c:277	"约定输入消息字段 ""files""，供服务端解析客户端请求或通知。"	更改字段名须同步客户端消息和对应请求处理器；缺省值与类型限制由具体处理器校验。	zr_vm_language_server/include/zr_vm_language_server/conf.h:231;zr_vm_language_server/stdio/stdio_workspace_files.c:248;zr_vm_language_server/stdio/stdio_workspace_files.c:277	commented	已核对直接消费点，所在连续常量组的 Doxygen 注释说明共同契约。
zr_vm_language_server/include/zr_vm_language_server/conf.h	ZR_LSP_FIELD_OLD_URI	macro	zr_vm_language_server/stdio/stdio_workspace_files.c:285;zr_vm_language_server/stdio/stdio_workspace_files.c:300	"约定输入消息字段 ""oldUri""，供服务端解析客户端请求或通知。"	更改字段名须同步客户端消息和对应请求处理器；缺省值与类型限制由具体处理器校验。	zr_vm_language_server/include/zr_vm_language_server/conf.h:232;zr_vm_language_server/stdio/stdio_workspace_files.c:285;zr_vm_language_server/stdio/stdio_workspace_files.c:300	commented	已核对直接消费点，所在连续常量组的 Doxygen 注释说明共同契约。
zr_vm_language_server/include/zr_vm_language_server/conf.h	ZR_LSP_FIELD_NEW_URI	macro	zr_vm_language_server/stdio/stdio_workspace_files.c:287;zr_vm_language_server/stdio/stdio_workspace_files.c:301	"约定输入消息字段 ""newUri""，供服务端解析客户端请求或通知。"	更改字段名须同步客户端消息和对应请求处理器；缺省值与类型限制由具体处理器校验。	zr_vm_language_server/include/zr_vm_language_server/conf.h:233;zr_vm_language_server/stdio/stdio_workspace_files.c:287;zr_vm_language_server/stdio/stdio_workspace_files.c:301	commented	已核对直接消费点，所在连续常量组的 Doxygen 注释说明共同契约。
zr_vm_language_server/include/zr_vm_language_server/conf.h	ZR_LSP_FIELD_SERVER_INFO	macro	zr_vm_language_server/stdio/stdio_initialize.c:246	"约定 initialize 成功响应字段 ""serverInfo""，向客户端声明服务端能力或注册信息。"	字段是否输出取决于服务端实际支持与协商结果；更名须同步客户端能力消费端。	zr_vm_language_server/include/zr_vm_language_server/conf.h:234;zr_vm_language_server/stdio/stdio_initialize.c:246	commented	已核对直接消费点，所在连续常量组的 Doxygen 注释说明共同契约。
zr_vm_language_server/include/zr_vm_language_server/conf.h	ZR_LSP_FIELD_SOURCE_KIND	macro	zr_vm_language_server/stdio/stdio_project.c:20;zr_vm_language_server/wasm/wasm_exports.cpp:492	"约定输出字段 ""sourceKind""，供客户端消费服务端结果。"	字段是否输出取决于结果形状；更名须同步该结果的构造路径和客户端消费端。	zr_vm_language_server/include/zr_vm_language_server/conf.h:235;zr_vm_language_server/stdio/stdio_project.c:20;zr_vm_language_server/wasm/wasm_exports.cpp:492	commented	已核对直接消费点，所在连续常量组的 Doxygen 注释说明共同契约。
zr_vm_language_server/include/zr_vm_language_server/conf.h	ZR_LSP_FIELD_IS_ENTRY	macro	zr_vm_language_server/stdio/stdio_project.c:21;zr_vm_language_server/wasm/wasm_exports.cpp:493	"约定输出字段 ""isEntry""，供客户端消费服务端结果。"	字段是否输出取决于结果形状；更名须同步该结果的构造路径和客户端消费端。	zr_vm_language_server/include/zr_vm_language_server/conf.h:236;zr_vm_language_server/stdio/stdio_project.c:21;zr_vm_language_server/wasm/wasm_exports.cpp:493	commented	已核对直接消费点，所在连续常量组的 Doxygen 注释说明共同契约。
zr_vm_language_server/include/zr_vm_language_server/conf.h	ZR_LSP_FIELD_MODULE_NAME	macro	zr_vm_language_server/stdio/stdio_project.c:30;zr_vm_language_server/wasm/wasm_exports.cpp:494	"约定输出字段 ""moduleName""，供客户端消费服务端结果。"	字段是否输出取决于结果形状；更名须同步该结果的构造路径和客户端消费端。	zr_vm_language_server/include/zr_vm_language_server/conf.h:237;zr_vm_language_server/stdio/stdio_project.c:30;zr_vm_language_server/wasm/wasm_exports.cpp:494	commented	已核对直接消费点，所在连续常量组的 Doxygen 注释说明共同契约。
zr_vm_language_server/include/zr_vm_language_server/conf.h	ZR_LSP_FIELD_DISPLAY_NAME	macro	zr_vm_language_server/stdio/stdio_project.c:33;zr_vm_language_server/wasm/wasm_exports.cpp:495	"约定输出字段 ""displayName""，供客户端消费服务端结果。"	字段是否输出取决于结果形状；更名须同步该结果的构造路径和客户端消费端。	zr_vm_language_server/include/zr_vm_language_server/conf.h:238;zr_vm_language_server/stdio/stdio_project.c:33;zr_vm_language_server/wasm/wasm_exports.cpp:495	commented	已核对直接消费点，所在连续常量组的 Doxygen 注释说明共同契约。
zr_vm_language_server/include/zr_vm_language_server/conf.h	ZR_LSP_FIELD_DESCRIPTION	macro	zr_vm_language_server/stdio/stdio_project.c:36;zr_vm_language_server/wasm/wasm_exports.cpp:496	"约定输出字段 ""description""，供客户端消费服务端结果。"	字段是否输出取决于结果形状；更名须同步该结果的构造路径和客户端消费端。	zr_vm_language_server/include/zr_vm_language_server/conf.h:239;zr_vm_language_server/stdio/stdio_project.c:36;zr_vm_language_server/wasm/wasm_exports.cpp:496	commented	已核对直接消费点，所在连续常量组的 Doxygen 注释说明共同契约。
zr_vm_language_server/include/zr_vm_language_server/conf.h	ZR_LSP_FIELD_NAVIGATION_URI	macro	zr_vm_language_server/stdio/stdio_project.c:39;zr_vm_language_server/wasm/wasm_exports.cpp:497	"约定输出字段 ""navigationUri""，供客户端消费服务端结果。"	字段是否输出取决于结果形状；更名须同步该结果的构造路径和客户端消费端。	zr_vm_language_server/include/zr_vm_language_server/conf.h:240;zr_vm_language_server/stdio/stdio_project.c:39;zr_vm_language_server/wasm/wasm_exports.cpp:497	commented	已核对直接消费点，所在连续常量组的 Doxygen 注释说明共同契约。
zr_vm_language_server/include/zr_vm_language_server/conf.h	ZR_LSP_FIELD_PADDING_LEFT	macro	zr_vm_language_server/stdio/stdio_navigation_json.c:269;zr_vm_language_server/wasm/wasm_exports.cpp:451	"约定输出字段 ""paddingLeft""，供客户端消费服务端结果。"	字段是否输出取决于结果形状；更名须同步该结果的构造路径和客户端消费端。	zr_vm_language_server/include/zr_vm_language_server/conf.h:241;zr_vm_language_server/stdio/stdio_navigation_json.c:269;zr_vm_language_server/wasm/wasm_exports.cpp:451	commented	已核对直接消费点，所在连续常量组的 Doxygen 注释说明共同契约。
zr_vm_language_server/include/zr_vm_language_server/conf.h	ZR_LSP_FIELD_PADDING_RIGHT	macro	zr_vm_language_server/stdio/stdio_navigation_json.c:270;zr_vm_language_server/wasm/wasm_exports.cpp:452	"约定输出字段 ""paddingRight""，供客户端消费服务端结果。"	字段是否输出取决于结果形状；更名须同步该结果的构造路径和客户端消费端。	zr_vm_language_server/include/zr_vm_language_server/conf.h:242;zr_vm_language_server/stdio/stdio_navigation_json.c:270;zr_vm_language_server/wasm/wasm_exports.cpp:452	commented	已核对直接消费点，所在连续常量组的 Doxygen 注释说明共同契约。
zr_vm_language_server/include/zr_vm_language_server/conf.h	ZR_LSP_FIELD_TITLE	macro	zr_vm_language_server/stdio/stdio_diagnostic_json.c:50;zr_vm_language_server/stdio/stdio_editing_json.c:258	"约定输出字段 ""title""，供客户端消费服务端结果。"	字段是否输出取决于结果形状；更名须同步该结果的构造路径和客户端消费端。	zr_vm_language_server/include/zr_vm_language_server/conf.h:243;zr_vm_language_server/stdio/stdio_diagnostic_json.c:50;zr_vm_language_server/stdio/stdio_editing_json.c:258	commented	已核对直接消费点，所在连续常量组的 Doxygen 注释说明共同契约。
zr_vm_language_server/include/zr_vm_language_server/conf.h	ZR_LSP_FIELD_COMMAND	macro	zr_vm_language_server/stdio/stdio_editor_features_json.c:178;zr_vm_language_server/stdio/stdio_editor_features_json.c:194	"约定输出字段 ""command""，供客户端消费服务端结果。"	字段是否输出取决于结果形状；更名须同步该结果的构造路径和客户端消费端。	zr_vm_language_server/include/zr_vm_language_server/conf.h:244;zr_vm_language_server/stdio/stdio_editor_features_json.c:178;zr_vm_language_server/stdio/stdio_editor_features_json.c:194	commented	已核对直接消费点，所在连续常量组的 Doxygen 注释说明共同契约。
zr_vm_language_server/include/zr_vm_language_server/conf.h	ZR_LSP_FIELD_ARGUMENT	macro	zr_vm_language_server/stdio/stdio_editor_features_json.c:196	"约定输出字段 ""argument""，供客户端消费服务端结果。"	字段是否输出取决于结果形状；更名须同步该结果的构造路径和客户端消费端。	zr_vm_language_server/include/zr_vm_language_server/conf.h:245;zr_vm_language_server/stdio/stdio_editor_features_json.c:196	commented	已核对直接消费点，所在连续常量组的 Doxygen 注释说明共同契约。
zr_vm_language_server/include/zr_vm_language_server/conf.h	ZR_LSP_FIELD_ARGUMENTS	macro	zr_vm_language_server/stdio/stdio_editor_features_json.c:204;zr_vm_language_server/wasm/wasm_exports.cpp:847	"约定输出字段 ""arguments""，供客户端消费服务端结果。"	字段是否输出取决于结果形状；更名须同步该结果的构造路径和客户端消费端。	zr_vm_language_server/include/zr_vm_language_server/conf.h:246;zr_vm_language_server/stdio/stdio_editor_features_json.c:204;zr_vm_language_server/wasm/wasm_exports.cpp:847	commented	已核对直接消费点，所在连续常量组的 Doxygen 注释说明共同契约。
zr_vm_language_server/include/zr_vm_language_server/conf.h	ZR_LSP_FIELD_EDIT	macro	zr_vm_language_server/stdio/stdio_diagnostic_json.c:51;zr_vm_language_server/stdio/stdio_editing.c:167	"约定输出字段 ""edit""，供客户端消费服务端结果。"	字段是否输出取决于结果形状；更名须同步该结果的构造路径和客户端消费端。	zr_vm_language_server/include/zr_vm_language_server/conf.h:247;zr_vm_language_server/stdio/stdio_diagnostic_json.c:51;zr_vm_language_server/stdio/stdio_editing.c:167	commented	已核对直接消费点，所在连续常量组的 Doxygen 注释说明共同契约。
zr_vm_language_server/include/zr_vm_language_server/conf.h	ZR_LSP_FIELD_CODE_ACTION_KINDS	macro	zr_vm_language_server/stdio/stdio_initialize_capabilities.c:47	"约定 initialize 成功响应字段 ""codeActionKinds""，向客户端声明服务端能力或注册信息。"	字段是否输出取决于服务端实际支持与协商结果；更名须同步客户端能力消费端。	zr_vm_language_server/include/zr_vm_language_server/conf.h:248;zr_vm_language_server/stdio/stdio_initialize_capabilities.c:47	commented	已核对直接消费点，所在连续常量组的 Doxygen 注释说明共同契约。
zr_vm_language_server/include/zr_vm_language_server/conf.h	ZR_LSP_FIELD_DOCUMENT_FORMATTING_PROVIDER	macro	zr_vm_language_server/stdio/stdio_initialize_capabilities.c:53	"约定 initialize 成功响应字段 ""documentFormattingProvider""，向客户端声明服务端能力或注册信息。"	字段是否输出取决于服务端实际支持与协商结果；更名须同步客户端能力消费端。	zr_vm_language_server/include/zr_vm_language_server/conf.h:249;zr_vm_language_server/stdio/stdio_initialize_capabilities.c:53	commented	已核对直接消费点，所在连续常量组的 Doxygen 注释说明共同契约。
zr_vm_language_server/include/zr_vm_language_server/conf.h	ZR_LSP_FIELD_DOCUMENT_RANGE_FORMATTING_PROVIDER	macro	zr_vm_language_server/stdio/stdio_initialize_capabilities.c:59;zr_vm_language_server/stdio/stdio_initialize_capabilities.c:64	"约定 initialize 成功响应字段 ""documentRangeFormattingProvider""，向客户端声明服务端能力或注册信息。"	字段是否输出取决于服务端实际支持与协商结果；更名须同步客户端能力消费端。	zr_vm_language_server/include/zr_vm_language_server/conf.h:250;zr_vm_language_server/stdio/stdio_initialize_capabilities.c:59;zr_vm_language_server/stdio/stdio_initialize_capabilities.c:64	commented	已核对直接消费点，所在连续常量组的 Doxygen 注释说明共同契约。
zr_vm_language_server/include/zr_vm_language_server/conf.h	ZR_LSP_FIELD_DOCUMENT_ON_TYPE_FORMATTING_PROVIDER	macro	zr_vm_language_server/stdio/stdio_initialize_capabilities.c:68	"约定 initialize 成功响应字段 ""documentOnTypeFormattingProvider""，向客户端声明服务端能力或注册信息。"	字段是否输出取决于服务端实际支持与协商结果；更名须同步客户端能力消费端。	zr_vm_language_server/include/zr_vm_language_server/conf.h:251;zr_vm_language_server/stdio/stdio_initialize_capabilities.c:68	commented	已核对直接消费点，所在连续常量组的 Doxygen 注释说明共同契约。
zr_vm_language_server/include/zr_vm_language_server/conf.h	ZR_LSP_FIELD_FIRST_TRIGGER_CHARACTER	macro	zr_vm_language_server/stdio/stdio_initialize_capabilities.c:69	"约定 initialize 成功响应字段 ""firstTriggerCharacter""，向客户端声明服务端能力或注册信息。"	字段是否输出取决于服务端实际支持与协商结果；更名须同步客户端能力消费端。	zr_vm_language_server/include/zr_vm_language_server/conf.h:252;zr_vm_language_server/stdio/stdio_initialize_capabilities.c:69	commented	已核对直接消费点，所在连续常量组的 Doxygen 注释说明共同契约。
zr_vm_language_server/include/zr_vm_language_server/conf.h	ZR_LSP_FIELD_MORE_TRIGGER_CHARACTER	macro	zr_vm_language_server/stdio/stdio_initialize_capabilities.c:70	"约定 initialize 成功响应字段 ""moreTriggerCharacter""，向客户端声明服务端能力或注册信息。"	字段是否输出取决于服务端实际支持与协商结果；更名须同步客户端能力消费端。	zr_vm_language_server/include/zr_vm_language_server/conf.h:253;zr_vm_language_server/stdio/stdio_initialize_capabilities.c:70	commented	已核对直接消费点，所在连续常量组的 Doxygen 注释说明共同契约。
zr_vm_language_server/include/zr_vm_language_server/conf.h	ZR_LSP_FIELD_CH	macro	zr_vm_language_server/stdio/stdio_editing.c:304	"约定输入消息字段 ""ch""，供服务端解析客户端请求或通知。"	更改字段名须同步客户端消息和对应请求处理器；缺省值与类型限制由具体处理器校验。	zr_vm_language_server/include/zr_vm_language_server/conf.h:254;zr_vm_language_server/stdio/stdio_editing.c:304	commented	已核对直接消费点，所在连续常量组的 Doxygen 注释说明共同契约。
zr_vm_language_server/include/zr_vm_language_server/conf.h	ZR_LSP_FIELD_CODE_ACTION_PROVIDER	macro	zr_vm_language_server/stdio/stdio_initialize_capabilities.c:46;zr_vm_language_server/stdio/stdio_initialize_capabilities.c:52	"约定 initialize 成功响应字段 ""codeActionProvider""，向客户端声明服务端能力或注册信息。"	字段是否输出取决于服务端实际支持与协商结果；更名须同步客户端能力消费端。	zr_vm_language_server/include/zr_vm_language_server/conf.h:255;zr_vm_language_server/stdio/stdio_initialize_capabilities.c:46;zr_vm_language_server/stdio/stdio_initialize_capabilities.c:52	commented	已核对直接消费点，所在连续常量组的 Doxygen 注释说明共同契约。
zr_vm_language_server/include/zr_vm_language_server/conf.h	ZR_LSP_FIELD_FOLDING_RANGE_PROVIDER	macro	zr_vm_language_server/stdio/stdio_initialize_capabilities.c:72	"约定 initialize 成功响应字段 ""foldingRangeProvider""，向客户端声明服务端能力或注册信息。"	字段是否输出取决于服务端实际支持与协商结果；更名须同步客户端能力消费端。	zr_vm_language_server/include/zr_vm_language_server/conf.h:256;zr_vm_language_server/stdio/stdio_initialize_capabilities.c:72	commented	已核对直接消费点，所在连续常量组的 Doxygen 注释说明共同契约。
zr_vm_language_server/include/zr_vm_language_server/conf.h	ZR_LSP_FIELD_SELECTION_RANGE_PROVIDER	macro	zr_vm_language_server/stdio/stdio_initialize_capabilities.c:73	"约定 initialize 成功响应字段 ""selectionRangeProvider""，向客户端声明服务端能力或注册信息。"	字段是否输出取决于服务端实际支持与协商结果；更名须同步客户端能力消费端。	zr_vm_language_server/include/zr_vm_language_server/conf.h:257;zr_vm_language_server/stdio/stdio_initialize_capabilities.c:73	commented	已核对直接消费点，所在连续常量组的 Doxygen 注释说明共同契约。
zr_vm_language_server/include/zr_vm_language_server/conf.h	ZR_LSP_FIELD_LINKED_EDITING_RANGE_PROVIDER	macro	zr_vm_language_server/stdio/stdio_initialize_capabilities.c:74	"约定 initialize 成功响应字段 ""linkedEditingRangeProvider""，向客户端声明服务端能力或注册信息。"	字段是否输出取决于服务端实际支持与协商结果；更名须同步客户端能力消费端。	zr_vm_language_server/include/zr_vm_language_server/conf.h:258;zr_vm_language_server/stdio/stdio_initialize_capabilities.c:74	commented	已核对直接消费点，所在连续常量组的 Doxygen 注释说明共同契约。
zr_vm_language_server/include/zr_vm_language_server/conf.h	ZR_LSP_FIELD_MONIKER_PROVIDER	macro	zr_vm_language_server/stdio/stdio_initialize_capabilities.c:75	"约定 initialize 成功响应字段 ""monikerProvider""，向客户端声明服务端能力或注册信息。"	字段是否输出取决于服务端实际支持与协商结果；更名须同步客户端能力消费端。	zr_vm_language_server/include/zr_vm_language_server/conf.h:259;zr_vm_language_server/stdio/stdio_initialize_capabilities.c:75	commented	已核对直接消费点，所在连续常量组的 Doxygen 注释说明共同契约。
zr_vm_language_server/include/zr_vm_language_server/conf.h	ZR_LSP_FIELD_INLINE_VALUE_PROVIDER	macro	zr_vm_language_server/stdio/stdio_initialize_capabilities.c:76	"约定 initialize 成功响应字段 ""inlineValueProvider""，向客户端声明服务端能力或注册信息。"	字段是否输出取决于服务端实际支持与协商结果；更名须同步客户端能力消费端。	zr_vm_language_server/include/zr_vm_language_server/conf.h:260;zr_vm_language_server/stdio/stdio_initialize_capabilities.c:76	commented	已核对直接消费点，所在连续常量组的 Doxygen 注释说明共同契约。
zr_vm_language_server/include/zr_vm_language_server/conf.h	ZR_LSP_FIELD_INLINE_COMPLETION_PROVIDER	macro	zr_vm_language_server/stdio/stdio_initialize_capabilities.c:78;tests/language_server/test_stdio_optional_capability_allocations.c:123	"约定 initialize 成功响应字段 ""inlineCompletionProvider""，向客户端声明服务端能力或注册信息。"	字段是否输出取决于服务端实际支持与协商结果；更名须同步客户端能力消费端。	zr_vm_language_server/include/zr_vm_language_server/conf.h:261;zr_vm_language_server/stdio/stdio_initialize_capabilities.c:78;tests/language_server/test_stdio_optional_capability_allocations.c:123	commented	已核对直接消费点，所在连续常量组的 Doxygen 注释说明共同契约。
zr_vm_language_server/include/zr_vm_language_server/conf.h	ZR_LSP_FIELD_DOCUMENT_LINK_PROVIDER	macro	zr_vm_language_server/stdio/stdio_initialize_capabilities.c:85;zr_vm_language_server/stdio/stdio_initialize_capabilities.c:88	"约定 initialize 成功响应字段 ""documentLinkProvider""，向客户端声明服务端能力或注册信息。"	字段是否输出取决于服务端实际支持与协商结果；更名须同步客户端能力消费端。	zr_vm_language_server/include/zr_vm_language_server/conf.h:262;zr_vm_language_server/stdio/stdio_initialize_capabilities.c:85;zr_vm_language_server/stdio/stdio_initialize_capabilities.c:88	commented	已核对直接消费点，所在连续常量组的 Doxygen 注释说明共同契约。
zr_vm_language_server/include/zr_vm_language_server/conf.h	ZR_LSP_FIELD_IMPLEMENTATION_PROVIDER	macro	zr_vm_language_server/stdio/stdio_initialize_capabilities.c:79	"约定 initialize 成功响应字段 ""implementationProvider""，向客户端声明服务端能力或注册信息。"	字段是否输出取决于服务端实际支持与协商结果；更名须同步客户端能力消费端。	zr_vm_language_server/include/zr_vm_language_server/conf.h:263;zr_vm_language_server/stdio/stdio_initialize_capabilities.c:79	commented	已核对直接消费点，所在连续常量组的 Doxygen 注释说明共同契约。
zr_vm_language_server/include/zr_vm_language_server/conf.h	ZR_LSP_FIELD_CODE_LENS_PROVIDER	macro	zr_vm_language_server/stdio/stdio_initialize_capabilities.c:89;zr_vm_language_server/stdio/stdio_initialize_capabilities.c:92	"约定 initialize 成功响应字段 ""codeLensProvider""，向客户端声明服务端能力或注册信息。"	字段是否输出取决于服务端实际支持与协商结果；更名须同步客户端能力消费端。	zr_vm_language_server/include/zr_vm_language_server/conf.h:264;zr_vm_language_server/stdio/stdio_initialize_capabilities.c:89;zr_vm_language_server/stdio/stdio_initialize_capabilities.c:92	commented	已核对直接消费点，所在连续常量组的 Doxygen 注释说明共同契约。
zr_vm_language_server/include/zr_vm_language_server/conf.h	ZR_LSP_FIELD_CALL_HIERARCHY_PROVIDER	macro	zr_vm_language_server/stdio/stdio_initialize_capabilities.c:80	"约定 initialize 成功响应字段 ""callHierarchyProvider""，向客户端声明服务端能力或注册信息。"	字段是否输出取决于服务端实际支持与协商结果；更名须同步客户端能力消费端。	zr_vm_language_server/include/zr_vm_language_server/conf.h:265;zr_vm_language_server/stdio/stdio_initialize_capabilities.c:80	commented	已核对直接消费点，所在连续常量组的 Doxygen 注释说明共同契约。
zr_vm_language_server/include/zr_vm_language_server/conf.h	ZR_LSP_FIELD_TYPE_HIERARCHY_PROVIDER	macro	zr_vm_language_server/stdio/stdio_initialize_capabilities.c:81	"约定 initialize 成功响应字段 ""typeHierarchyProvider""，向客户端声明服务端能力或注册信息。"	字段是否输出取决于服务端实际支持与协商结果；更名须同步客户端能力消费端。	zr_vm_language_server/include/zr_vm_language_server/conf.h:266;zr_vm_language_server/stdio/stdio_initialize_capabilities.c:81	commented	已核对直接消费点，所在连续常量组的 Doxygen 注释说明共同契约。
zr_vm_language_server/include/zr_vm_language_server/conf.h	ZR_LSP_FIELD_DIAGNOSTIC_PROVIDER	macro	zr_vm_language_server/stdio/stdio_initialize_capabilities.c:93	"约定 initialize 成功响应字段 ""diagnosticProvider""，向客户端声明服务端能力或注册信息。"	字段是否输出取决于服务端实际支持与协商结果；更名须同步客户端能力消费端。	zr_vm_language_server/include/zr_vm_language_server/conf.h:267;zr_vm_language_server/stdio/stdio_initialize_capabilities.c:93	commented	已核对直接消费点，所在连续常量组的 Doxygen 注释说明共同契约。
zr_vm_language_server/include/zr_vm_language_server/conf.h	ZR_LSP_FIELD_WORKSPACE_DIAGNOSTICS	macro	zr_vm_language_server/stdio/stdio_initialize_capabilities.c:95	"约定 initialize 成功响应字段 ""workspaceDiagnostics""，向客户端声明服务端能力或注册信息。"	字段是否输出取决于服务端实际支持与协商结果；更名须同步客户端能力消费端。	zr_vm_language_server/include/zr_vm_language_server/conf.h:268;zr_vm_language_server/stdio/stdio_initialize_capabilities.c:95	commented	已核对直接消费点，所在连续常量组的 Doxygen 注释说明共同契约。
zr_vm_language_server/include/zr_vm_language_server/conf.h	ZR_LSP_FIELD_RANGES	macro	zr_vm_language_server/stdio/stdio_editing.c:252;zr_vm_language_server/stdio/stdio_linked_editing.c:337	ranges 字段读取多范围格式化请求，并承载联动编辑范围响应。	两处数组语义不同，须分别按请求与响应协议处理。	zr_vm_language_server/include/zr_vm_language_server/conf.h:269;zr_vm_language_server/stdio/stdio_editing.c:252;zr_vm_language_server/stdio/stdio_linked_editing.c:337	commented	已核对直接消费点，所在连续常量组的 Doxygen 注释说明共同契约。
zr_vm_language_server/include/zr_vm_language_server/conf.h	ZR_LSP_FIELD_WORD_PATTERN	macro	zr_vm_language_server/stdio/stdio_linked_editing.c:338	"约定输出字段 ""wordPattern""，供客户端消费服务端结果。"	字段是否输出取决于结果形状；更名须同步该结果的构造路径和客户端消费端。	zr_vm_language_server/include/zr_vm_language_server/conf.h:270;zr_vm_language_server/stdio/stdio_linked_editing.c:338	commented	已核对直接消费点，所在连续常量组的 Doxygen 注释说明共同契约。
zr_vm_language_server/include/zr_vm_language_server/conf.h	ZR_LSP_FIELD_SCHEME	macro	zr_vm_language_server/stdio/stdio_moniker.c:151	"约定输出字段 ""scheme""，供客户端消费服务端结果。"	字段是否输出取决于结果形状；更名须同步该结果的构造路径和客户端消费端。	zr_vm_language_server/include/zr_vm_language_server/conf.h:271;zr_vm_language_server/stdio/stdio_moniker.c:151	commented	已核对直接消费点，所在连续常量组的 Doxygen 注释说明共同契约。
zr_vm_language_server/include/zr_vm_language_server/conf.h	ZR_LSP_FIELD_IDENTIFIER	macro	zr_vm_language_server/stdio/stdio_diagnostics.c:371;zr_vm_language_server/stdio/stdio_moniker.c:152	identifier 字段用于解析工作区诊断筛选参数，并输出 moniker 标识。	请求与结果中的 identifier 类型和约束分别由其对象定义。	zr_vm_language_server/include/zr_vm_language_server/conf.h:272;zr_vm_language_server/stdio/stdio_diagnostics.c:371;zr_vm_language_server/stdio/stdio_moniker.c:152	commented	已核对直接消费点，所在连续常量组的 Doxygen 注释说明共同契约。
zr_vm_language_server/include/zr_vm_language_server/conf.h	ZR_LSP_FIELD_UNIQUE	macro	zr_vm_language_server/stdio/stdio_moniker.c:153	"约定输出字段 ""unique""，供客户端消费服务端结果。"	字段是否输出取决于结果形状；更名须同步该结果的构造路径和客户端消费端。	zr_vm_language_server/include/zr_vm_language_server/conf.h:273;zr_vm_language_server/stdio/stdio_moniker.c:153	commented	已核对直接消费点，所在连续常量组的 Doxygen 注释说明共同契约。
zr_vm_language_server/include/zr_vm_language_server/conf.h	ZR_LSP_FIELD_VARIABLE_NAME	macro	zr_vm_language_server/stdio/stdio_inline_value.c:49	"约定输出字段 ""variableName""，供客户端消费服务端结果。"	字段是否输出取决于结果形状；更名须同步该结果的构造路径和客户端消费端。	zr_vm_language_server/include/zr_vm_language_server/conf.h:274;zr_vm_language_server/stdio/stdio_inline_value.c:49	commented	已核对直接消费点，所在连续常量组的 Doxygen 注释说明共同契约。
zr_vm_language_server/include/zr_vm_language_server/conf.h	ZR_LSP_FIELD_CASE_SENSITIVE_LOOKUP	macro	zr_vm_language_server/stdio/stdio_inline_value.c:50	"约定输出字段 ""caseSensitiveLookup""，供客户端消费服务端结果。"	字段是否输出取决于结果形状；更名须同步该结果的构造路径和客户端消费端。	zr_vm_language_server/include/zr_vm_language_server/conf.h:275;zr_vm_language_server/stdio/stdio_inline_value.c:50	commented	已核对直接消费点，所在连续常量组的 Doxygen 注释说明共同契约。
zr_vm_language_server/include/zr_vm_language_server/conf.h	ZR_LSP_FIELD_TEXT_EDIT	macro	zr_vm_language_server/stdio/stdio_completion.c:132	"约定输出字段 ""textEdit""，供客户端消费服务端结果。"	字段是否输出取决于结果形状；更名须同步该结果的构造路径和客户端消费端。	zr_vm_language_server/include/zr_vm_language_server/conf.h:276;zr_vm_language_server/stdio/stdio_completion.c:132	commented	已核对直接消费点，所在连续常量组的 Doxygen 注释说明共同契约。
zr_vm_language_server/include/zr_vm_language_server/conf.h	ZR_LSP_FIELD_INTER_FILE_DEPENDENCIES	macro	zr_vm_language_server/stdio/stdio_initialize_capabilities.c:94	"约定 initialize 成功响应字段 ""interFileDependencies""，向客户端声明服务端能力或注册信息。"	字段是否输出取决于服务端实际支持与协商结果；更名须同步客户端能力消费端。	zr_vm_language_server/include/zr_vm_language_server/conf.h:277;zr_vm_language_server/stdio/stdio_initialize_capabilities.c:94	commented	已核对直接消费点，所在连续常量组的 Doxygen 注释说明共同契约。
zr_vm_language_server/include/zr_vm_language_server/conf.h	ZR_LSP_FIELD_START_LINE	macro	zr_vm_language_server/stdio/stdio_editor_features_json.c:16;zr_vm_language_server/stdio/stdio_position_encoding.c:596	startLine 字段供折叠范围响应组包及发送前的位置编码转换共用。	编码转换读取的是服务端已生成的同一响应对象；字段须与折叠范围坐标结构保持一致。	zr_vm_language_server/include/zr_vm_language_server/conf.h:278;zr_vm_language_server/stdio/stdio_editor_features_json.c:16;zr_vm_language_server/stdio/stdio_position_encoding.c:596	commented	已核对直接消费点，所在连续常量组的 Doxygen 注释说明共同契约。
zr_vm_language_server/include/zr_vm_language_server/conf.h	ZR_LSP_FIELD_START_CHARACTER	macro	zr_vm_language_server/stdio/stdio_editor_features_json.c:17;zr_vm_language_server/stdio/stdio_position_encoding.c:597	startCharacter 字段供折叠范围响应组包及发送前的位置编码转换共用。	编码转换读取的是服务端已生成的同一响应对象；字段须与折叠范围坐标结构保持一致。	zr_vm_language_server/include/zr_vm_language_server/conf.h:279;zr_vm_language_server/stdio/stdio_editor_features_json.c:17;zr_vm_language_server/stdio/stdio_position_encoding.c:597	commented	已核对直接消费点，所在连续常量组的 Doxygen 注释说明共同契约。
zr_vm_language_server/include/zr_vm_language_server/conf.h	ZR_LSP_FIELD_END_LINE	macro	zr_vm_language_server/stdio/stdio_editor_features_json.c:18;zr_vm_language_server/stdio/stdio_position_encoding.c:598	endLine 字段供折叠范围响应组包及发送前的位置编码转换共用。	编码转换读取的是服务端已生成的同一响应对象；字段须与折叠范围坐标结构保持一致。	zr_vm_language_server/include/zr_vm_language_server/conf.h:280;zr_vm_language_server/stdio/stdio_editor_features_json.c:18;zr_vm_language_server/stdio/stdio_position_encoding.c:598	commented	已核对直接消费点，所在连续常量组的 Doxygen 注释说明共同契约。
zr_vm_language_server/include/zr_vm_language_server/conf.h	ZR_LSP_FIELD_END_CHARACTER	macro	zr_vm_language_server/stdio/stdio_editor_features_json.c:19;zr_vm_language_server/stdio/stdio_position_encoding.c:599	endCharacter 字段供折叠范围响应组包及发送前的位置编码转换共用。	编码转换读取的是服务端已生成的同一响应对象；字段须与折叠范围坐标结构保持一致。	zr_vm_language_server/include/zr_vm_language_server/conf.h:281;zr_vm_language_server/stdio/stdio_editor_features_json.c:19;zr_vm_language_server/stdio/stdio_position_encoding.c:599	commented	已核对直接消费点，所在连续常量组的 Doxygen 注释说明共同契约。
zr_vm_language_server/include/zr_vm_language_server/conf.h	ZR_LSP_FIELD_PARENT	macro	zr_vm_language_server/stdio/stdio_editor_features_json.c:68;zr_vm_language_server/stdio/stdio_editor_features_json.c:71	"约定输出字段 ""parent""，供客户端消费服务端结果。"	字段是否输出取决于结果形状；更名须同步该结果的构造路径和客户端消费端。	zr_vm_language_server/include/zr_vm_language_server/conf.h:282;zr_vm_language_server/stdio/stdio_editor_features_json.c:68;zr_vm_language_server/stdio/stdio_editor_features_json.c:71	commented	已核对直接消费点，所在连续常量组的 Doxygen 注释说明共同契约。
zr_vm_language_server/include/zr_vm_language_server/conf.h	ZR_LSP_FIELD_TARGET	macro	zr_vm_language_server/stdio/stdio_editor_features_json.c:114;zr_vm_language_server/stdio/stdio_editor_features_json.c:116	"约定输出字段 ""target""，供客户端消费服务端结果。"	字段是否输出取决于结果形状；更名须同步该结果的构造路径和客户端消费端。	zr_vm_language_server/include/zr_vm_language_server/conf.h:283;zr_vm_language_server/stdio/stdio_editor_features_json.c:114;zr_vm_language_server/stdio/stdio_editor_features_json.c:116	commented	已核对直接消费点，所在连续常量组的 Doxygen 注释说明共同契约。
zr_vm_language_server/include/zr_vm_language_server/conf.h	ZR_LSP_FIELD_TOOLTIP	macro	zr_vm_language_server/stdio/stdio_editor_features_json.c:119;zr_vm_language_server/stdio/stdio_editor_features_json.c:125	"约定输出字段 ""tooltip""，供客户端消费服务端结果。"	字段是否输出取决于结果形状；更名须同步该结果的构造路径和客户端消费端。	zr_vm_language_server/include/zr_vm_language_server/conf.h:284;zr_vm_language_server/stdio/stdio_editor_features_json.c:119;zr_vm_language_server/stdio/stdio_editor_features_json.c:125	commented	已核对直接消费点，所在连续常量组的 Doxygen 注释说明共同契约。
zr_vm_language_server/include/zr_vm_language_server/conf.h	ZR_LSP_FIELD_IS_PREFERRED	macro	zr_vm_language_server/stdio/stdio_editing_json.c:262;zr_vm_language_server/stdio/stdio_editing_json.c:281	"约定输出字段 ""isPreferred""，供客户端消费服务端结果。"	字段是否输出取决于结果形状；更名须同步该结果的构造路径和客户端消费端。	zr_vm_language_server/include/zr_vm_language_server/conf.h:285;zr_vm_language_server/stdio/stdio_editing_json.c:262;zr_vm_language_server/stdio/stdio_editing_json.c:281	commented	已核对直接消费点，所在连续常量组的 Doxygen 注释说明共同契约。
zr_vm_language_server/include/zr_vm_language_server/conf.h	ZR_LSP_FIELD_ITEMS	macro	zr_vm_language_server/stdio/stdio_diagnostics.c:290;zr_vm_language_server/stdio/stdio_diagnostics.c:342;zr_vm_language_server/stdio/stdio_request_progress.c:279	约定拉取诊断结果的 items 列表键；服务端进度路径会从已组装响应读取该列表并分批发送。	普通结果与分批进度必须共享相同列表形状；更名须同步诊断构造、进度读取和客户端消费。	zr_vm_language_server/include/zr_vm_language_server/conf.h:286;zr_vm_language_server/stdio/stdio_diagnostics.c:290;zr_vm_language_server/stdio/stdio_diagnostics.c:342;zr_vm_language_server/stdio/stdio_request_progress.c:279	commented	已核对直接消费点，所在连续常量组的 Doxygen 注释说明共同契约。
zr_vm_language_server/include/zr_vm_language_server/conf.h	ZR_LSP_FIELD_RESULT_ID	macro	zr_vm_language_server/stdio/stdio_diagnostics.c:289;zr_vm_language_server/stdio/stdio_diagnostics.c:338;zr_vm_language_server/stdio/stdio_semantic_tokens_json.c:54	约定诊断报告与语义 token 结果的 resultId，供客户端增量请求关联前次结果。	同一字段名由各提供者分别生成身份；更名须同步结果输出和客户端 previousResultId 回传路径。	zr_vm_language_server/include/zr_vm_language_server/conf.h:287;zr_vm_language_server/stdio/stdio_diagnostics.c:289;zr_vm_language_server/stdio/stdio_diagnostics.c:338;zr_vm_language_server/stdio/stdio_semantic_tokens_json.c:54	commented	已核对直接消费点，所在连续常量组的 Doxygen 注释说明共同契约。
zr_vm_language_server/include/zr_vm_language_server/conf.h	ZR_LSP_FIELD_PREVIOUS_RESULT_ID	macro	zr_vm_language_server/stdio/stdio_diagnostics.c:268;zr_vm_language_server/stdio/stdio_diagnostics.c:269	"约定输入消息字段 ""previousResultId""，供服务端解析客户端请求或通知。"	更改字段名须同步客户端消息和对应请求处理器；缺省值与类型限制由具体处理器校验。	zr_vm_language_server/include/zr_vm_language_server/conf.h:288;zr_vm_language_server/stdio/stdio_diagnostics.c:268;zr_vm_language_server/stdio/stdio_diagnostics.c:269	commented	已核对直接消费点，所在连续常量组的 Doxygen 注释说明共同契约。
zr_vm_language_server/include/zr_vm_language_server/conf.h	ZR_LSP_FIELD_PREVIOUS_RESULT_IDS	macro	zr_vm_language_server/stdio/stdio_diagnostics.c:370	"约定输入消息字段 ""previousResultIds""，供服务端解析客户端请求或通知。"	更改字段名须同步客户端消息和对应请求处理器；缺省值与类型限制由具体处理器校验。	zr_vm_language_server/include/zr_vm_language_server/conf.h:289;zr_vm_language_server/stdio/stdio_diagnostics.c:370	commented	已核对直接消费点，所在连续常量组的 Doxygen 注释说明共同契约。
zr_vm_language_server/include/zr_vm_language_server/conf.h	ZR_LSP_FIELD_EDITS	macro	zr_vm_language_server/stdio/stdio_editing_json.c:72;zr_vm_language_server/stdio/stdio_rename.c:29	edits 字段输出文档编辑列表，也供重命名构造路径读取这些列表。	列表项的所有权与范围编码由 WorkspaceEdit 构造和读取方共同维护。	zr_vm_language_server/include/zr_vm_language_server/conf.h:290;zr_vm_language_server/stdio/stdio_editing_json.c:72;zr_vm_language_server/stdio/stdio_rename.c:29	commented	已核对直接消费点，所在连续常量组的 Doxygen 注释说明共同契约。
zr_vm_language_server/include/zr_vm_language_server/conf.h	ZR_LSP_FIELD_DELETE_COUNT	macro	zr_vm_language_server/stdio/stdio_semantic_tokens_json.c:158	"约定输出字段 ""deleteCount""，供客户端消费服务端结果。"	字段是否输出取决于结果形状；更名须同步该结果的构造路径和客户端消费端。	zr_vm_language_server/include/zr_vm_language_server/conf.h:291;zr_vm_language_server/stdio/stdio_semantic_tokens_json.c:158	commented	已核对直接消费点，所在连续常量组的 Doxygen 注释说明共同契约。
zr_vm_language_server/include/zr_vm_language_server/conf.h	ZR_LSP_FIELD_SELECTION_RANGE	macro	zr_vm_language_server/stdio/stdio_editor_features_json.c:253;zr_vm_language_server/stdio/stdio_hierarchy.c:31	selectionRange 字段随服务端层级项输出，并在后续调用/类型层级请求中回读。	回传范围须对应原层级项及当前文档坐标编码。	zr_vm_language_server/include/zr_vm_language_server/conf.h:292;zr_vm_language_server/stdio/stdio_editor_features_json.c:253;zr_vm_language_server/stdio/stdio_hierarchy.c:31	commented	已核对直接消费点，所在连续常量组的 Doxygen 注释说明共同契约。
zr_vm_language_server/include/zr_vm_language_server/conf.h	ZR_LSP_FIELD_ITEM	macro	zr_vm_language_server/stdio/stdio_hierarchy.c:26;tests/language_server/test_stdio_handler_cancellation.c:162	"约定输入消息字段 ""item""，供服务端解析客户端请求或通知。"	更改字段名须同步客户端消息和对应请求处理器；缺省值与类型限制由具体处理器校验。	zr_vm_language_server/include/zr_vm_language_server/conf.h:293;zr_vm_language_server/stdio/stdio_hierarchy.c:26;tests/language_server/test_stdio_handler_cancellation.c:162	commented	已核对直接消费点，所在连续常量组的 Doxygen 注释说明共同契约。
zr_vm_language_server/include/zr_vm_language_server/conf.h	ZR_LSP_FIELD_FROM	macro	zr_vm_language_server/stdio/stdio_editor_features_json.c:323	"约定输出字段 ""from""，供客户端消费服务端结果。"	字段是否输出取决于结果形状；更名须同步该结果的构造路径和客户端消费端。	zr_vm_language_server/include/zr_vm_language_server/conf.h:294;zr_vm_language_server/stdio/stdio_editor_features_json.c:323	commented	已核对直接消费点，所在连续常量组的 Doxygen 注释说明共同契约。
zr_vm_language_server/include/zr_vm_language_server/conf.h	ZR_LSP_FIELD_TO	macro	zr_vm_language_server/stdio/stdio_editor_features_json.c:323	"约定输出字段 ""to""，供客户端消费服务端结果。"	字段是否输出取决于结果形状；更名须同步该结果的构造路径和客户端消费端。	zr_vm_language_server/include/zr_vm_language_server/conf.h:295;zr_vm_language_server/stdio/stdio_editor_features_json.c:323	commented	已核对直接消费点，所在连续常量组的 Doxygen 注释说明共同契约。
zr_vm_language_server/include/zr_vm_language_server/conf.h	ZR_LSP_FIELD_FROM_RANGES	macro	zr_vm_language_server/stdio/stdio_editor_features_json.c:325	"约定输出字段 ""fromRanges""，供客户端消费服务端结果。"	字段是否输出取决于结果形状；更名须同步该结果的构造路径和客户端消费端。	zr_vm_language_server/include/zr_vm_language_server/conf.h:296;zr_vm_language_server/stdio/stdio_editor_features_json.c:325	commented	已核对直接消费点，所在连续常量组的 Doxygen 注释说明共同契约。
zr_vm_language_server/include/zr_vm_language_server/conf.h	ZR_LSP_MARKUP_KIND_MARKDOWN	macro	zr_vm_language_server/stdio/stdio_completion_json.c:62;zr_vm_language_server/stdio/stdio_navigation_json.c:64	固定 hover/文档响应的 Markdown 标记格式字面量。	发送的内容须采用该格式可解释的语法。	zr_vm_language_server/include/zr_vm_language_server/conf.h:299;zr_vm_language_server/stdio/stdio_completion_json.c:62;zr_vm_language_server/stdio/stdio_navigation_json.c:64	commented	已核对直接消费点，所在连续常量组的 Doxygen 注释说明共同契约。
zr_vm_language_server/include/zr_vm_language_server/conf.h	ZR_LSP_INSERT_TEXT_FORMAT_KIND_PLAINTEXT	macro	zr_vm_language_server/src/zr_vm_language_server/interface/lsp_interface.c:1836;zr_vm_language_server/src/zr_vm_language_server/interface/lsp_interface.c:1837	为补全项的普通文本选择内部格式标签 plaintext，供结果组包时转换为 LSP 数值。	标签不是线上 insertTextFormat 值；输出须映射到数值 1。	zr_vm_language_server/include/zr_vm_language_server/conf.h:300;zr_vm_language_server/src/zr_vm_language_server/interface/lsp_interface.c:1836;zr_vm_language_server/src/zr_vm_language_server/interface/lsp_interface.c:1837	commented	已核对直接消费点，所在连续常量组的 Doxygen 注释说明共同契约。
zr_vm_language_server/include/zr_vm_language_server/conf.h	ZR_LSP_INSERT_TEXT_FORMAT_KIND_SNIPPET	macro	zr_vm_language_server/stdio/stdio_completion_json.c:83	为补全项的片段文本选择内部格式标签 snippet，供结果组包时转换为 LSP 数值。	标签不是线上 insertTextFormat 值；输出须映射到数值 2，并与实际片段语法一致。	zr_vm_language_server/include/zr_vm_language_server/conf.h:301;zr_vm_language_server/stdio/stdio_completion_json.c:83	commented	已核对直接消费点，所在连续常量组的 Doxygen 注释说明共同契约。
zr_vm_language_server/include/zr_vm_language_server/conf.h	ZR_LSP_DIAGNOSTIC_SOURCE_NAME	macro	zr_vm_language_server/stdio/stdio_diagnostic_json.c:77;zr_vm_language_server/stdio/stdio_diagnostic_json.c:123	将诊断来源统一标识为 zr，供客户端分类展示。	仅是展示来源，不改变诊断身份或严重程度。	zr_vm_language_server/include/zr_vm_language_server/conf.h:302;zr_vm_language_server/stdio/stdio_diagnostic_json.c:77;zr_vm_language_server/stdio/stdio_diagnostic_json.c:123	commented	已核对直接消费点，所在连续常量组的 Doxygen 注释说明共同契约。
zr_vm_language_server/include/zr_vm_language_server/conf.h	ZR_LSP_POSITION_ENCODING_UTF8	macro	zr_vm_language_server/stdio/stdio_position_encoding.c:9;zr_vm_language_server/stdio/stdio_position_encoding.c:475	固定 initialize 位置编码协商字面量 utf8。	实际坐标投影必须遵守协商结果。	zr_vm_language_server/include/zr_vm_language_server/conf.h:303;zr_vm_language_server/stdio/stdio_position_encoding.c:9;zr_vm_language_server/stdio/stdio_position_encoding.c:475	commented	已核对直接消费点，所在连续常量组的 Doxygen 注释说明共同契约。
zr_vm_language_server/include/zr_vm_language_server/conf.h	ZR_LSP_POSITION_ENCODING_UTF16	macro	zr_vm_language_server/stdio/stdio_position_encoding.c:9	固定 initialize 位置编码协商字面量 utf16。	实际坐标投影必须遵守协商结果。	zr_vm_language_server/include/zr_vm_language_server/conf.h:304;zr_vm_language_server/stdio/stdio_position_encoding.c:9	commented	已核对直接消费点，所在连续常量组的 Doxygen 注释说明共同契约。
zr_vm_language_server/include/zr_vm_language_server/conf.h	ZR_LSP_COMPLETION_COMMIT_CHARACTER_SEMICOLON	macro	zr_vm_language_server/stdio/stdio_completion_json.c:6	固定 completion 候选项可接受的提交字符 semicolon。	只应在该候选项支持时交给客户端。	zr_vm_language_server/include/zr_vm_language_server/conf.h:307;zr_vm_language_server/stdio/stdio_completion_json.c:6	commented	已核对直接消费点，所在连续常量组的 Doxygen 注释说明共同契约。
zr_vm_language_server/include/zr_vm_language_server/conf.h	ZR_LSP_COMPLETION_COMMIT_CHARACTER_COMMA	macro	zr_vm_language_server/stdio/stdio_completion_json.c:7	固定 completion 候选项可接受的提交字符 comma。	只应在该候选项支持时交给客户端。	zr_vm_language_server/include/zr_vm_language_server/conf.h:308;zr_vm_language_server/stdio/stdio_completion_json.c:7	commented	已核对直接消费点，所在连续常量组的 Doxygen 注释说明共同契约。
zr_vm_language_server/include/zr_vm_language_server/conf.h	ZR_LSP_COMPLETION_COMMIT_CHARACTER_DOT	macro	zr_vm_language_server/stdio/stdio_completion_json.c:8	固定 completion 候选项可接受的提交字符 dot。	只应在该候选项支持时交给客户端。	zr_vm_language_server/include/zr_vm_language_server/conf.h:309;zr_vm_language_server/stdio/stdio_completion_json.c:8	commented	已核对直接消费点，所在连续常量组的 Doxygen 注释说明共同契约。
zr_vm_language_server/include/zr_vm_language_server/conf.h	ZR_LSP_COMPLETION_COMMIT_CHARACTER_OPEN_PAREN	macro	zr_vm_language_server/stdio/stdio_completion_json.c:9	固定 completion 候选项可接受的提交字符 paren。	只应在该候选项支持时交给客户端。	zr_vm_language_server/include/zr_vm_language_server/conf.h:310;zr_vm_language_server/stdio/stdio_completion_json.c:9	commented	已核对直接消费点，所在连续常量组的 Doxygen 注释说明共同契约。
zr_vm_language_server/include/zr_vm_language_server/conf.h	ZR_LSP_COMPLETION_TRIGGER_CHARACTER_MEMBER_ACCESS	macro	zr_vm_language_server/stdio/stdio_initialize.c:161	固定 initialize 向客户端协商的触发字符 access。	须与相应请求处理器的触发语义一致。	zr_vm_language_server/include/zr_vm_language_server/conf.h:313;zr_vm_language_server/stdio/stdio_initialize.c:161	commented	已核对直接消费点，所在连续常量组的 Doxygen 注释说明共同契约。
zr_vm_language_server/include/zr_vm_language_server/conf.h	ZR_LSP_COMPLETION_TRIGGER_CHARACTER_NAMESPACE_ACCESS	macro	zr_vm_language_server/stdio/stdio_initialize.c:162	固定 initialize 向客户端协商的触发字符 access。	须与相应请求处理器的触发语义一致。	zr_vm_language_server/include/zr_vm_language_server/conf.h:314;zr_vm_language_server/stdio/stdio_initialize.c:162	commented	已核对直接消费点，所在连续常量组的 Doxygen 注释说明共同契约。
zr_vm_language_server/include/zr_vm_language_server/conf.h	ZR_LSP_SIGNATURE_TRIGGER_CHARACTER_OPEN_PAREN	macro	zr_vm_language_server/stdio/stdio_initialize.c:165	固定 initialize 向客户端协商的触发字符 paren。	须与相应请求处理器的触发语义一致。	zr_vm_language_server/include/zr_vm_language_server/conf.h:315;zr_vm_language_server/stdio/stdio_initialize.c:165	commented	已核对直接消费点，所在连续常量组的 Doxygen 注释说明共同契约。
zr_vm_language_server/include/zr_vm_language_server/conf.h	ZR_LSP_SIGNATURE_TRIGGER_CHARACTER_ARGUMENT_SEPARATOR	macro	zr_vm_language_server/stdio/stdio_initialize.c:166	固定 initialize 向客户端协商的触发字符 separator。	须与相应请求处理器的触发语义一致。	zr_vm_language_server/include/zr_vm_language_server/conf.h:316;zr_vm_language_server/stdio/stdio_initialize.c:166	commented	已核对直接消费点，所在连续常量组的 Doxygen 注释说明共同契约。
zr_vm_language_server/include/zr_vm_language_server/conf.h	ZR_LSP_METHOD_INITIALIZE	macro	zr_vm_language_server/stdio/stdio_requests.c:134;tests/language_server/test_stdio_initialize.c:348	"固定客户端请求 ""initialize"" 的路由名，供服务端分派对应处理器。"	方法键须与客户端发出的请求名一致；实际可用性由能力声明和对应处理器决定。	zr_vm_language_server/include/zr_vm_language_server/conf.h:322;zr_vm_language_server/stdio/stdio_requests.c:134;tests/language_server/test_stdio_initialize.c:348	commented	已核对直接消费点，所在连续常量组的 Doxygen 注释说明共同契约。
zr_vm_language_server/include/zr_vm_language_server/conf.h	ZR_LSP_METHOD_SHUTDOWN	macro	zr_vm_language_server/stdio/stdio_requests.c:167;tests/language_server/test_stdio_initialize.c:374	"固定客户端请求 ""shutdown"" 的路由名，供服务端分派对应处理器。"	方法键须与客户端发出的请求名一致；实际可用性由能力声明和对应处理器决定。	zr_vm_language_server/include/zr_vm_language_server/conf.h:323;zr_vm_language_server/stdio/stdio_requests.c:167;tests/language_server/test_stdio_initialize.c:374	commented	已核对直接消费点，所在连续常量组的 Doxygen 注释说明共同契约。
zr_vm_language_server/include/zr_vm_language_server/conf.h	ZR_LSP_METHOD_INITIALIZED	macro	zr_vm_language_server/stdio/stdio_requests.c:311	"固定客户端通知 ""initialized"" 的接收名，供服务端分派对应事件。"	此消息由客户端发送；服务端处理时应按生命周期与参数形状校验。	zr_vm_language_server/include/zr_vm_language_server/conf.h:324;zr_vm_language_server/stdio/stdio_requests.c:311	commented	已核对直接消费点，所在连续常量组的 Doxygen 注释说明共同契约。
zr_vm_language_server/include/zr_vm_language_server/conf.h	ZR_LSP_METHOD_EXIT	macro	zr_vm_language_server/stdio/stdio_requests.c:301;zr_vm_language_server/stdio/stdio_transport.c:135	"固定客户端通知 ""exit"" 的接收名，供服务端分派对应事件。"	此消息由客户端发送；服务端处理时应按生命周期与参数形状校验。	zr_vm_language_server/include/zr_vm_language_server/conf.h:325;zr_vm_language_server/stdio/stdio_requests.c:301;zr_vm_language_server/stdio/stdio_transport.c:135	commented	已核对直接消费点，所在连续常量组的 Doxygen 注释说明共同契约。
zr_vm_language_server/include/zr_vm_language_server/conf.h	ZR_LSP_METHOD_CANCEL_REQUEST	macro	zr_vm_language_server/stdio/stdio_requests.c:329;zr_vm_language_server/stdio/stdio_transport.c:124	"固定客户端通知 ""$/cancelRequest"" 的接收名，供服务端分派对应事件。"	此消息由客户端发送；服务端处理时应按生命周期与参数形状校验。	zr_vm_language_server/include/zr_vm_language_server/conf.h:326;zr_vm_language_server/stdio/stdio_requests.c:329;zr_vm_language_server/stdio/stdio_transport.c:124	commented	已核对直接消费点，所在连续常量组的 Doxygen 注释说明共同契约。
zr_vm_language_server/include/zr_vm_language_server/conf.h	ZR_LSP_METHOD_SET_TRACE	macro	zr_vm_language_server/stdio/stdio_requests.c:316	"固定客户端通知 ""$/setTrace"" 的接收名，供服务端分派对应事件。"	此消息由客户端发送；服务端处理时应按生命周期与参数形状校验。	zr_vm_language_server/include/zr_vm_language_server/conf.h:327;zr_vm_language_server/stdio/stdio_requests.c:316	commented	已核对直接消费点，所在连续常量组的 Doxygen 注释说明共同契约。
zr_vm_language_server/include/zr_vm_language_server/conf.h	ZR_LSP_METHOD_TEXT_DOCUMENT_PUBLISH_DIAGNOSTICS	macro	zr_vm_language_server/stdio/stdio_diagnostics.c:135;zr_vm_language_server/stdio/stdio_diagnostics.c:173	固定 textDocument/publishDiagnostics 方法名，供服务端向客户端发送诊断通知。	此方向是服务端通知；不进入普通请求分派。	zr_vm_language_server/include/zr_vm_language_server/conf.h:328;zr_vm_language_server/stdio/stdio_diagnostics.c:135;zr_vm_language_server/stdio/stdio_diagnostics.c:173	commented	已核对直接消费点，所在连续常量组的 Doxygen 注释说明共同契约。
zr_vm_language_server/include/zr_vm_language_server/conf.h	ZR_LSP_METHOD_TEXT_DOCUMENT_COMPLETION	macro	zr_vm_language_server/stdio/stdio_request_dispatch.c:25;tests/language_server/test_stdio_handler_cancellation.c:63	"固定客户端请求 ""textDocument/completion"" 的路由名，供服务端分派对应处理器。"	方法键须与客户端发出的请求名一致；实际可用性由能力声明和对应处理器决定。	zr_vm_language_server/include/zr_vm_language_server/conf.h:329;zr_vm_language_server/stdio/stdio_request_dispatch.c:25;tests/language_server/test_stdio_handler_cancellation.c:63	commented	已核对直接消费点，所在连续常量组的 Doxygen 注释说明共同契约。
zr_vm_language_server/include/zr_vm_language_server/conf.h	ZR_LSP_METHOD_TEXT_DOCUMENT_HOVER	macro	zr_vm_language_server/stdio/stdio_request_dispatch.c:29;tests/language_server/test_stdio_handler_cancellation.c:40	"固定客户端请求 ""textDocument/hover"" 的路由名，供服务端分派对应处理器。"	方法键须与客户端发出的请求名一致；实际可用性由能力声明和对应处理器决定。	zr_vm_language_server/include/zr_vm_language_server/conf.h:330;zr_vm_language_server/stdio/stdio_request_dispatch.c:29;tests/language_server/test_stdio_handler_cancellation.c:40	commented	已核对直接消费点，所在连续常量组的 Doxygen 注释说明共同契约。
zr_vm_language_server/include/zr_vm_language_server/conf.h	ZR_LSP_METHOD_TEXT_DOCUMENT_SIGNATURE_HELP	macro	zr_vm_language_server/stdio/stdio_request_dispatch.c:33;tests/language_server/test_stdio_handler_cancellation.c:42	"固定客户端请求 ""textDocument/signatureHelp"" 的路由名，供服务端分派对应处理器。"	方法键须与客户端发出的请求名一致；实际可用性由能力声明和对应处理器决定。	zr_vm_language_server/include/zr_vm_language_server/conf.h:331;zr_vm_language_server/stdio/stdio_request_dispatch.c:33;tests/language_server/test_stdio_handler_cancellation.c:42	commented	已核对直接消费点，所在连续常量组的 Doxygen 注释说明共同契约。
zr_vm_language_server/include/zr_vm_language_server/conf.h	ZR_LSP_METHOD_TEXT_DOCUMENT_DEFINITION	macro	zr_vm_language_server/stdio/stdio_request_dispatch.c:37;tests/language_server/test_stdio_handler_cancellation.c:44	"固定客户端请求 ""textDocument/definition"" 的路由名，供服务端分派对应处理器。"	方法键须与客户端发出的请求名一致；实际可用性由能力声明和对应处理器决定。	zr_vm_language_server/include/zr_vm_language_server/conf.h:332;zr_vm_language_server/stdio/stdio_request_dispatch.c:37;tests/language_server/test_stdio_handler_cancellation.c:44	commented	已核对直接消费点，所在连续常量组的 Doxygen 注释说明共同契约。
zr_vm_language_server/include/zr_vm_language_server/conf.h	ZR_LSP_METHOD_TEXT_DOCUMENT_REFERENCES	macro	zr_vm_language_server/stdio/stdio_request_dispatch.c:41;zr_vm_language_server/stdio/stdio_request_progress.c:46	"固定客户端请求 ""textDocument/references"" 的路由名，供服务端分派对应处理器。"	方法键须与客户端发出的请求名一致；实际可用性由能力声明和对应处理器决定。	zr_vm_language_server/include/zr_vm_language_server/conf.h:333;zr_vm_language_server/stdio/stdio_request_dispatch.c:41;zr_vm_language_server/stdio/stdio_request_progress.c:46	commented	已核对直接消费点，所在连续常量组的 Doxygen 注释说明共同契约。
zr_vm_language_server/include/zr_vm_language_server/conf.h	ZR_LSP_METHOD_TEXT_DOCUMENT_DOCUMENT_SYMBOL	macro	zr_vm_language_server/stdio/stdio_request_dispatch.c:95;tests/language_server/test_stdio_handler_cancellation.c:47	"固定客户端请求 ""textDocument/documentSymbol"" 的路由名，供服务端分派对应处理器。"	方法键须与客户端发出的请求名一致；实际可用性由能力声明和对应处理器决定。	zr_vm_language_server/include/zr_vm_language_server/conf.h:334;zr_vm_language_server/stdio/stdio_request_dispatch.c:95;tests/language_server/test_stdio_handler_cancellation.c:47	commented	已核对直接消费点，所在连续常量组的 Doxygen 注释说明共同契约。
zr_vm_language_server/include/zr_vm_language_server/conf.h	ZR_LSP_METHOD_WORKSPACE_SYMBOL	macro	zr_vm_language_server/stdio/stdio_request_dispatch.c:97;zr_vm_language_server/stdio/stdio_request_progress.c:45	"固定客户端请求 ""workspace/symbol"" 的路由名，供服务端分派对应处理器。"	方法键须与客户端发出的请求名一致；实际可用性由能力声明和对应处理器决定。	zr_vm_language_server/include/zr_vm_language_server/conf.h:335;zr_vm_language_server/stdio/stdio_request_dispatch.c:97;zr_vm_language_server/stdio/stdio_request_progress.c:45	commented	已核对直接消费点，所在连续常量组的 Doxygen 注释说明共同契约。
zr_vm_language_server/include/zr_vm_language_server/conf.h	ZR_LSP_METHOD_TEXT_DOCUMENT_DOCUMENT_HIGHLIGHT	macro	zr_vm_language_server/stdio/stdio_request_dispatch.c:101;tests/language_server/test_stdio_handler_cancellation.c:49	"固定客户端请求 ""textDocument/documentHighlight"" 的路由名，供服务端分派对应处理器。"	方法键须与客户端发出的请求名一致；实际可用性由能力声明和对应处理器决定。	zr_vm_language_server/include/zr_vm_language_server/conf.h:336;zr_vm_language_server/stdio/stdio_request_dispatch.c:101;tests/language_server/test_stdio_handler_cancellation.c:49	commented	已核对直接消费点，所在连续常量组的 Doxygen 注释说明共同契约。
zr_vm_language_server/include/zr_vm_language_server/conf.h	ZR_LSP_METHOD_TEXT_DOCUMENT_INLAY_HINT	macro	zr_vm_language_server/stdio/stdio_request_dispatch.c:35;tests/language_server/test_stdio_handler_cancellation.c:43	"固定客户端请求 ""textDocument/inlayHint"" 的路由名，供服务端分派对应处理器。"	方法键须与客户端发出的请求名一致；实际可用性由能力声明和对应处理器决定。	zr_vm_language_server/include/zr_vm_language_server/conf.h:337;zr_vm_language_server/stdio/stdio_request_dispatch.c:35;tests/language_server/test_stdio_handler_cancellation.c:43	commented	已核对直接消费点，所在连续常量组的 Doxygen 注释说明共同契约。
zr_vm_language_server/include/zr_vm_language_server/conf.h	ZR_LSP_METHOD_TEXT_DOCUMENT_SEMANTIC_TOKENS_FULL	macro	zr_vm_language_server/stdio/stdio_request_dispatch.c:103;tests/language_server/test_stdio_handler_cancellation.c:65	"固定客户端请求 ""textDocument/semanticTokens/full"" 的路由名，供服务端分派对应处理器。"	方法键须与客户端发出的请求名一致；实际可用性由能力声明和对应处理器决定。	zr_vm_language_server/include/zr_vm_language_server/conf.h:338;zr_vm_language_server/stdio/stdio_request_dispatch.c:103;tests/language_server/test_stdio_handler_cancellation.c:65	commented	已核对直接消费点，所在连续常量组的 Doxygen 注释说明共同契约。
zr_vm_language_server/include/zr_vm_language_server/conf.h	ZR_LSP_METHOD_TEXT_DOCUMENT_SEMANTIC_TOKENS_FULL_DELTA	macro	zr_vm_language_server/stdio/stdio_request_dispatch.c:105;tests/language_server/test_stdio_handler_cancellation.c:66	"固定客户端请求 ""textDocument/semanticTokens/full/delta"" 的路由名，供服务端分派对应处理器。"	方法键须与客户端发出的请求名一致；实际可用性由能力声明和对应处理器决定。	zr_vm_language_server/include/zr_vm_language_server/conf.h:339;zr_vm_language_server/stdio/stdio_request_dispatch.c:105;tests/language_server/test_stdio_handler_cancellation.c:66	commented	已核对直接消费点，所在连续常量组的 Doxygen 注释说明共同契约。
zr_vm_language_server/include/zr_vm_language_server/conf.h	ZR_LSP_METHOD_TEXT_DOCUMENT_SEMANTIC_TOKENS_RANGE	macro	zr_vm_language_server/stdio/stdio_request_dispatch.c:107;tests/language_server/test_stdio_handler_cancellation.c:67	"固定客户端请求 ""textDocument/semanticTokens/range"" 的路由名，供服务端分派对应处理器。"	方法键须与客户端发出的请求名一致；实际可用性由能力声明和对应处理器决定。	zr_vm_language_server/include/zr_vm_language_server/conf.h:340;zr_vm_language_server/stdio/stdio_request_dispatch.c:107;tests/language_server/test_stdio_handler_cancellation.c:67	commented	已核对直接消费点，所在连续常量组的 Doxygen 注释说明共同契约。
zr_vm_language_server/include/zr_vm_language_server/conf.h	ZR_LSP_METHOD_TEXT_DOCUMENT_PREPARE_RENAME	macro	zr_vm_language_server/stdio/stdio_request_dispatch.c:109;tests/language_server/test_stdio_handler_cancellation.c:56	"固定客户端请求 ""textDocument/prepareRename"" 的路由名，供服务端分派对应处理器。"	方法键须与客户端发出的请求名一致；实际可用性由能力声明和对应处理器决定。	zr_vm_language_server/include/zr_vm_language_server/conf.h:341;zr_vm_language_server/stdio/stdio_request_dispatch.c:109;tests/language_server/test_stdio_handler_cancellation.c:56	commented	已核对直接消费点，所在连续常量组的 Doxygen 注释说明共同契约。
zr_vm_language_server/include/zr_vm_language_server/conf.h	ZR_LSP_METHOD_TEXT_DOCUMENT_RENAME	macro	zr_vm_language_server/stdio/stdio_request_dispatch.c:111;zr_vm_language_server/stdio/stdio_request_progress.c:48	"固定客户端请求 ""textDocument/rename"" 的路由名，供服务端分派对应处理器。"	方法键须与客户端发出的请求名一致；实际可用性由能力声明和对应处理器决定。	zr_vm_language_server/include/zr_vm_language_server/conf.h:342;zr_vm_language_server/stdio/stdio_request_dispatch.c:111;zr_vm_language_server/stdio/stdio_request_progress.c:48	commented	已核对直接消费点，所在连续常量组的 Doxygen 注释说明共同契约。
zr_vm_language_server/include/zr_vm_language_server/conf.h	ZR_LSP_METHOD_COMPLETION_ITEM_RESOLVE	macro	zr_vm_language_server/stdio/stdio_request_dispatch.c:27;tests/language_server/test_stdio_handler_cancellation.c:64	"固定客户端请求 ""completionItem/resolve"" 的路由名，供服务端分派对应处理器。"	方法键须与客户端发出的请求名一致；实际可用性由能力声明和对应处理器决定。	zr_vm_language_server/include/zr_vm_language_server/conf.h:343;zr_vm_language_server/stdio/stdio_request_dispatch.c:27;tests/language_server/test_stdio_handler_cancellation.c:64	commented	已核对直接消费点，所在连续常量组的 Doxygen 注释说明共同契约。
zr_vm_language_server/include/zr_vm_language_server/conf.h	ZR_LSP_METHOD_TEXT_DOCUMENT_FORMATTING	macro	zr_vm_language_server/stdio/stdio_request_dispatch.c:43;tests/language_server/test_stdio_handler_cancellation.c:70	"固定客户端请求 ""textDocument/formatting"" 的路由名，供服务端分派对应处理器。"	方法键须与客户端发出的请求名一致；实际可用性由能力声明和对应处理器决定。	zr_vm_language_server/include/zr_vm_language_server/conf.h:344;zr_vm_language_server/stdio/stdio_request_dispatch.c:43;tests/language_server/test_stdio_handler_cancellation.c:70	commented	已核对直接消费点，所在连续常量组的 Doxygen 注释说明共同契约。
zr_vm_language_server/include/zr_vm_language_server/conf.h	ZR_LSP_METHOD_TEXT_DOCUMENT_RANGE_FORMATTING	macro	zr_vm_language_server/stdio/stdio_request_dispatch.c:45;tests/language_server/test_stdio_handler_cancellation.c:71	"固定客户端请求 ""textDocument/rangeFormatting"" 的路由名，供服务端分派对应处理器。"	方法键须与客户端发出的请求名一致；实际可用性由能力声明和对应处理器决定。	zr_vm_language_server/include/zr_vm_language_server/conf.h:345;zr_vm_language_server/stdio/stdio_request_dispatch.c:45;tests/language_server/test_stdio_handler_cancellation.c:71	commented	已核对直接消费点，所在连续常量组的 Doxygen 注释说明共同契约。
zr_vm_language_server/include/zr_vm_language_server/conf.h	ZR_LSP_METHOD_TEXT_DOCUMENT_RANGES_FORMATTING	macro	zr_vm_language_server/stdio/stdio_request_dispatch.c:47;tests/language_server/lsp_capability_inventory_probe.c:189	"固定客户端请求 ""textDocument/rangesFormatting"" 的路由名，供服务端分派对应处理器。"	方法键须与客户端发出的请求名一致；实际可用性由能力声明和对应处理器决定。	zr_vm_language_server/include/zr_vm_language_server/conf.h:346;zr_vm_language_server/stdio/stdio_request_dispatch.c:47;tests/language_server/lsp_capability_inventory_probe.c:189	commented	已核对直接消费点，所在连续常量组的 Doxygen 注释说明共同契约。
zr_vm_language_server/include/zr_vm_language_server/conf.h	ZR_LSP_METHOD_TEXT_DOCUMENT_ON_TYPE_FORMATTING	macro	zr_vm_language_server/stdio/stdio_request_dispatch.c:52;tests/language_server/test_stdio_handler_cancellation.c:73	"固定客户端请求 ""textDocument/onTypeFormatting"" 的路由名，供服务端分派对应处理器。"	方法键须与客户端发出的请求名一致；实际可用性由能力声明和对应处理器决定。	zr_vm_language_server/include/zr_vm_language_server/conf.h:347;zr_vm_language_server/stdio/stdio_request_dispatch.c:52;tests/language_server/test_stdio_handler_cancellation.c:73	commented	已核对直接消费点，所在连续常量组的 Doxygen 注释说明共同契约。
zr_vm_language_server/include/zr_vm_language_server/conf.h	ZR_LSP_METHOD_TEXT_DOCUMENT_CODE_ACTION	macro	zr_vm_language_server/stdio/stdio_request_dispatch.c:56;tests/language_server/test_stdio_handler_cancellation.c:75	"固定客户端请求 ""textDocument/codeAction"" 的路由名，供服务端分派对应处理器。"	方法键须与客户端发出的请求名一致；实际可用性由能力声明和对应处理器决定。	zr_vm_language_server/include/zr_vm_language_server/conf.h:348;zr_vm_language_server/stdio/stdio_request_dispatch.c:56;tests/language_server/test_stdio_handler_cancellation.c:75	commented	已核对直接消费点，所在连续常量组的 Doxygen 注释说明共同契约。
zr_vm_language_server/include/zr_vm_language_server/conf.h	ZR_LSP_METHOD_CODE_ACTION_RESOLVE	macro	zr_vm_language_server/stdio/stdio_position_encoding.c:680;zr_vm_language_server/stdio/stdio_request_dispatch.c:58	"固定客户端请求 ""codeAction/resolve"" 的路由名，供服务端分派对应处理器。"	方法键须与客户端发出的请求名一致；实际可用性由能力声明和对应处理器决定。	zr_vm_language_server/include/zr_vm_language_server/conf.h:349;zr_vm_language_server/stdio/stdio_position_encoding.c:680;zr_vm_language_server/stdio/stdio_request_dispatch.c:58	commented	已核对直接消费点，所在连续常量组的 Doxygen 注释说明共同契约。
zr_vm_language_server/include/zr_vm_language_server/conf.h	ZR_LSP_METHOD_TEXT_DOCUMENT_FOLDING_RANGE	macro	zr_vm_language_server/stdio/stdio_request_dispatch.c:60;tests/language_server/test_stdio_handler_cancellation.c:59	"固定客户端请求 ""textDocument/foldingRange"" 的路由名，供服务端分派对应处理器。"	方法键须与客户端发出的请求名一致；实际可用性由能力声明和对应处理器决定。	zr_vm_language_server/include/zr_vm_language_server/conf.h:350;zr_vm_language_server/stdio/stdio_request_dispatch.c:60;tests/language_server/test_stdio_handler_cancellation.c:59	commented	已核对直接消费点，所在连续常量组的 Doxygen 注释说明共同契约。
zr_vm_language_server/include/zr_vm_language_server/conf.h	ZR_LSP_METHOD_TEXT_DOCUMENT_SELECTION_RANGE	macro	zr_vm_language_server/stdio/stdio_request_dispatch.c:62;tests/language_server/test_stdio_handler_cancellation.c:60	"固定客户端请求 ""textDocument/selectionRange"" 的路由名，供服务端分派对应处理器。"	方法键须与客户端发出的请求名一致；实际可用性由能力声明和对应处理器决定。	zr_vm_language_server/include/zr_vm_language_server/conf.h:351;zr_vm_language_server/stdio/stdio_request_dispatch.c:62;tests/language_server/test_stdio_handler_cancellation.c:60	commented	已核对直接消费点，所在连续常量组的 Doxygen 注释说明共同契约。
zr_vm_language_server/include/zr_vm_language_server/conf.h	ZR_LSP_METHOD_TEXT_DOCUMENT_LINKED_EDITING_RANGE	macro	zr_vm_language_server/stdio/stdio_request_dispatch.c:64;tests/language_server/test_stdio_handler_cancellation.c:77	"固定客户端请求 ""textDocument/linkedEditingRange"" 的路由名，供服务端分派对应处理器。"	方法键须与客户端发出的请求名一致；实际可用性由能力声明和对应处理器决定。	zr_vm_language_server/include/zr_vm_language_server/conf.h:352;zr_vm_language_server/stdio/stdio_request_dispatch.c:64;tests/language_server/test_stdio_handler_cancellation.c:77	commented	已核对直接消费点，所在连续常量组的 Doxygen 注释说明共同契约。
zr_vm_language_server/include/zr_vm_language_server/conf.h	ZR_LSP_METHOD_TEXT_DOCUMENT_MONIKER	macro	zr_vm_language_server/stdio/stdio_request_dispatch.c:66;tests/language_server/test_stdio_handler_cancellation.c:78	"固定客户端请求 ""textDocument/moniker"" 的路由名，供服务端分派对应处理器。"	方法键须与客户端发出的请求名一致；实际可用性由能力声明和对应处理器决定。	zr_vm_language_server/include/zr_vm_language_server/conf.h:353;zr_vm_language_server/stdio/stdio_request_dispatch.c:66;tests/language_server/test_stdio_handler_cancellation.c:78	commented	已核对直接消费点，所在连续常量组的 Doxygen 注释说明共同契约。
zr_vm_language_server/include/zr_vm_language_server/conf.h	ZR_LSP_METHOD_TEXT_DOCUMENT_INLINE_VALUE	macro	zr_vm_language_server/stdio/stdio_request_dispatch.c:68;tests/language_server/test_stdio_handler_cancellation.c:79	"固定客户端请求 ""textDocument/inlineValue"" 的路由名，供服务端分派对应处理器。"	方法键须与客户端发出的请求名一致；实际可用性由能力声明和对应处理器决定。	zr_vm_language_server/include/zr_vm_language_server/conf.h:354;zr_vm_language_server/stdio/stdio_request_dispatch.c:68;tests/language_server/test_stdio_handler_cancellation.c:79	commented	已核对直接消费点，所在连续常量组的 Doxygen 注释说明共同契约。
zr_vm_language_server/include/zr_vm_language_server/conf.h	ZR_LSP_METHOD_TEXT_DOCUMENT_INLINE_COMPLETION	macro	zr_vm_language_server/stdio/stdio_request_dispatch.c:70;tests/language_server/lsp_capability_inventory_probe.c:187	"固定客户端请求 ""textDocument/inlineCompletion"" 的路由名，供服务端分派对应处理器。"	方法键须与客户端发出的请求名一致；实际可用性由能力声明和对应处理器决定。	zr_vm_language_server/include/zr_vm_language_server/conf.h:355;zr_vm_language_server/stdio/stdio_request_dispatch.c:70;tests/language_server/lsp_capability_inventory_probe.c:187	commented	已核对直接消费点，所在连续常量组的 Doxygen 注释说明共同契约。
zr_vm_language_server/include/zr_vm_language_server/conf.h	ZR_LSP_METHOD_TEXT_DOCUMENT_DOCUMENT_LINK	macro	zr_vm_language_server/stdio/stdio_request_dispatch.c:75;tests/language_server/test_stdio_handler_cancellation.c:61	"固定客户端请求 ""textDocument/documentLink"" 的路由名，供服务端分派对应处理器。"	方法键须与客户端发出的请求名一致；实际可用性由能力声明和对应处理器决定。	zr_vm_language_server/include/zr_vm_language_server/conf.h:356;zr_vm_language_server/stdio/stdio_request_dispatch.c:75;tests/language_server/test_stdio_handler_cancellation.c:61	commented	已核对直接消费点，所在连续常量组的 Doxygen 注释说明共同契约。
zr_vm_language_server/include/zr_vm_language_server/conf.h	ZR_LSP_METHOD_TEXT_DOCUMENT_IMPLEMENTATION	macro	zr_vm_language_server/stdio/stdio_request_dispatch.c:39;tests/language_server/test_stdio_handler_cancellation.c:58	"固定客户端请求 ""textDocument/implementation"" 的路由名，供服务端分派对应处理器。"	方法键须与客户端发出的请求名一致；实际可用性由能力声明和对应处理器决定。	zr_vm_language_server/include/zr_vm_language_server/conf.h:357;zr_vm_language_server/stdio/stdio_request_dispatch.c:39;tests/language_server/test_stdio_handler_cancellation.c:58	commented	已核对直接消费点，所在连续常量组的 Doxygen 注释说明共同契约。
zr_vm_language_server/include/zr_vm_language_server/conf.h	ZR_LSP_METHOD_TEXT_DOCUMENT_CODE_LENS	macro	zr_vm_language_server/stdio/stdio_request_dispatch.c:77;tests/language_server/test_stdio_handler_cancellation.c:62	"固定客户端请求 ""textDocument/codeLens"" 的路由名，供服务端分派对应处理器。"	方法键须与客户端发出的请求名一致；实际可用性由能力声明和对应处理器决定。	zr_vm_language_server/include/zr_vm_language_server/conf.h:358;zr_vm_language_server/stdio/stdio_request_dispatch.c:77;tests/language_server/test_stdio_handler_cancellation.c:62	commented	已核对直接消费点，所在连续常量组的 Doxygen 注释说明共同契约。
zr_vm_language_server/include/zr_vm_language_server/conf.h	ZR_LSP_METHOD_TEXT_DOCUMENT_PREPARE_CALL_HIERARCHY	macro	zr_vm_language_server/stdio/stdio_request_dispatch.c:79;tests/language_server/test_stdio_handler_cancellation.c:50	"固定客户端请求 ""textDocument/prepareCallHierarchy"" 的路由名，供服务端分派对应处理器。"	方法键须与客户端发出的请求名一致；实际可用性由能力声明和对应处理器决定。	zr_vm_language_server/include/zr_vm_language_server/conf.h:359;zr_vm_language_server/stdio/stdio_request_dispatch.c:79;tests/language_server/test_stdio_handler_cancellation.c:50	commented	已核对直接消费点，所在连续常量组的 Doxygen 注释说明共同契约。
zr_vm_language_server/include/zr_vm_language_server/conf.h	ZR_LSP_METHOD_CALL_HIERARCHY_INCOMING_CALLS	macro	zr_vm_language_server/stdio/stdio_request_dispatch.c:81;zr_vm_language_server/stdio/stdio_request_progress.c:49	"固定客户端请求 ""callHierarchy/incomingCalls"" 的路由名，供服务端分派对应处理器。"	方法键须与客户端发出的请求名一致；实际可用性由能力声明和对应处理器决定。	zr_vm_language_server/include/zr_vm_language_server/conf.h:360;zr_vm_language_server/stdio/stdio_request_dispatch.c:81;zr_vm_language_server/stdio/stdio_request_progress.c:49	commented	已核对直接消费点，所在连续常量组的 Doxygen 注释说明共同契约。
zr_vm_language_server/include/zr_vm_language_server/conf.h	ZR_LSP_METHOD_CALL_HIERARCHY_OUTGOING_CALLS	macro	zr_vm_language_server/stdio/stdio_request_dispatch.c:83;zr_vm_language_server/stdio/stdio_request_progress.c:50	"固定客户端请求 ""callHierarchy/outgoingCalls"" 的路由名，供服务端分派对应处理器。"	方法键须与客户端发出的请求名一致；实际可用性由能力声明和对应处理器决定。	zr_vm_language_server/include/zr_vm_language_server/conf.h:361;zr_vm_language_server/stdio/stdio_request_dispatch.c:83;zr_vm_language_server/stdio/stdio_request_progress.c:50	commented	已核对直接消费点，所在连续常量组的 Doxygen 注释说明共同契约。
zr_vm_language_server/include/zr_vm_language_server/conf.h	ZR_LSP_METHOD_TEXT_DOCUMENT_PREPARE_TYPE_HIERARCHY	macro	zr_vm_language_server/stdio/stdio_request_dispatch.c:85;tests/language_server/test_stdio_handler_cancellation.c:53	"固定客户端请求 ""textDocument/prepareTypeHierarchy"" 的路由名，供服务端分派对应处理器。"	方法键须与客户端发出的请求名一致；实际可用性由能力声明和对应处理器决定。	zr_vm_language_server/include/zr_vm_language_server/conf.h:362;zr_vm_language_server/stdio/stdio_request_dispatch.c:85;tests/language_server/test_stdio_handler_cancellation.c:53	commented	已核对直接消费点，所在连续常量组的 Doxygen 注释说明共同契约。
zr_vm_language_server/include/zr_vm_language_server/conf.h	ZR_LSP_METHOD_TYPE_HIERARCHY_SUPERTYPES	macro	zr_vm_language_server/stdio/stdio_request_dispatch.c:87;zr_vm_language_server/stdio/stdio_request_progress.c:51	"固定客户端请求 ""typeHierarchy/supertypes"" 的路由名，供服务端分派对应处理器。"	方法键须与客户端发出的请求名一致；实际可用性由能力声明和对应处理器决定。	zr_vm_language_server/include/zr_vm_language_server/conf.h:363;zr_vm_language_server/stdio/stdio_request_dispatch.c:87;zr_vm_language_server/stdio/stdio_request_progress.c:51	commented	已核对直接消费点，所在连续常量组的 Doxygen 注释说明共同契约。
zr_vm_language_server/include/zr_vm_language_server/conf.h	ZR_LSP_METHOD_TYPE_HIERARCHY_SUBTYPES	macro	zr_vm_language_server/stdio/stdio_request_dispatch.c:89;zr_vm_language_server/stdio/stdio_request_progress.c:52	"固定客户端请求 ""typeHierarchy/subtypes"" 的路由名，供服务端分派对应处理器。"	方法键须与客户端发出的请求名一致；实际可用性由能力声明和对应处理器决定。	zr_vm_language_server/include/zr_vm_language_server/conf.h:364;zr_vm_language_server/stdio/stdio_request_dispatch.c:89;zr_vm_language_server/stdio/stdio_request_progress.c:52	commented	已核对直接消费点，所在连续常量组的 Doxygen 注释说明共同契约。
zr_vm_language_server/include/zr_vm_language_server/conf.h	ZR_LSP_METHOD_TEXT_DOCUMENT_DIAGNOSTIC	macro	zr_vm_language_server/stdio/stdio_request_dispatch.c:91;tests/language_server/test_stdio_handler_cancellation.c:68	"固定客户端请求 ""textDocument/diagnostic"" 的路由名，供服务端分派对应处理器。"	方法键须与客户端发出的请求名一致；实际可用性由能力声明和对应处理器决定。	zr_vm_language_server/include/zr_vm_language_server/conf.h:365;zr_vm_language_server/stdio/stdio_request_dispatch.c:91;tests/language_server/test_stdio_handler_cancellation.c:68	commented	已核对直接消费点，所在连续常量组的 Doxygen 注释说明共同契约。
zr_vm_language_server/include/zr_vm_language_server/conf.h	ZR_LSP_METHOD_WORKSPACE_DIAGNOSTIC	macro	zr_vm_language_server/stdio/stdio_request_dispatch.c:93;zr_vm_language_server/stdio/stdio_request_progress.c:47	"固定客户端请求 ""workspace/diagnostic"" 的路由名，供服务端分派对应处理器。"	方法键须与客户端发出的请求名一致；实际可用性由能力声明和对应处理器决定。	zr_vm_language_server/include/zr_vm_language_server/conf.h:366;zr_vm_language_server/stdio/stdio_request_dispatch.c:93;zr_vm_language_server/stdio/stdio_request_progress.c:47	commented	已核对直接消费点，所在连续常量组的 Doxygen 注释说明共同契约。
zr_vm_language_server/include/zr_vm_language_server/conf.h	ZR_LSP_METHOD_WORKSPACE_DID_CHANGE_CONFIGURATION	macro	zr_vm_language_server/stdio/stdio_requests.c:328	"固定客户端通知 ""workspace/didChangeConfiguration"" 的接收名，供服务端分派对应事件。"	此消息由客户端发送；服务端处理时应按生命周期与参数形状校验。	zr_vm_language_server/include/zr_vm_language_server/conf.h:367;zr_vm_language_server/stdio/stdio_requests.c:328	commented	已核对直接消费点，所在连续常量组的 Doxygen 注释说明共同契约。
zr_vm_language_server/include/zr_vm_language_server/conf.h	ZR_LSP_METHOD_WORKSPACE_DID_CHANGE_WATCHED_FILES	macro	zr_vm_language_server/stdio/stdio_requests.c:351	"固定客户端通知 ""workspace/didChangeWatchedFiles"" 的接收名，供服务端分派对应事件。"	此消息由客户端发送；服务端处理时应按生命周期与参数形状校验。	zr_vm_language_server/include/zr_vm_language_server/conf.h:368;zr_vm_language_server/stdio/stdio_requests.c:351	commented	已核对直接消费点，所在连续常量组的 Doxygen 注释说明共同契约。
zr_vm_language_server/include/zr_vm_language_server/conf.h	ZR_LSP_METHOD_WORKSPACE_DID_CHANGE_WORKSPACE_FOLDERS	macro	zr_vm_language_server/stdio/stdio_requests.c:333	"固定客户端通知 ""workspace/didChangeWorkspaceFolders"" 的接收名，供服务端分派对应事件。"	此消息由客户端发送；服务端处理时应按生命周期与参数形状校验。	zr_vm_language_server/include/zr_vm_language_server/conf.h:369;zr_vm_language_server/stdio/stdio_requests.c:333	commented	已核对直接消费点，所在连续常量组的 Doxygen 注释说明共同契约。
zr_vm_language_server/include/zr_vm_language_server/conf.h	ZR_LSP_METHOD_WORKSPACE_DID_CREATE_FILES	macro	zr_vm_language_server/stdio/stdio_requests.c:353	"固定客户端通知 ""workspace/didCreateFiles"" 的接收名，供服务端分派对应事件。"	此消息由客户端发送；服务端处理时应按生命周期与参数形状校验。	zr_vm_language_server/include/zr_vm_language_server/conf.h:370;zr_vm_language_server/stdio/stdio_requests.c:353	commented	已核对直接消费点，所在连续常量组的 Doxygen 注释说明共同契约。
zr_vm_language_server/include/zr_vm_language_server/conf.h	ZR_LSP_METHOD_WORKSPACE_WILL_RENAME_FILES	macro	zr_vm_language_server/stdio/stdio_request_dispatch.c:99;tests/language_server/test_stdio_handler_cancellation.c:82	"固定客户端请求 ""workspace/willRenameFiles"" 的路由名，供服务端分派对应处理器。"	方法键须与客户端发出的请求名一致；实际可用性由能力声明和对应处理器决定。	zr_vm_language_server/include/zr_vm_language_server/conf.h:371;zr_vm_language_server/stdio/stdio_request_dispatch.c:99;tests/language_server/test_stdio_handler_cancellation.c:82	commented	已核对直接消费点，所在连续常量组的 Doxygen 注释说明共同契约。
zr_vm_language_server/include/zr_vm_language_server/conf.h	ZR_LSP_METHOD_WORKSPACE_DID_RENAME_FILES	macro	zr_vm_language_server/stdio/stdio_requests.c:355	"固定客户端通知 ""workspace/didRenameFiles"" 的接收名，供服务端分派对应事件。"	此消息由客户端发送；服务端处理时应按生命周期与参数形状校验。	zr_vm_language_server/include/zr_vm_language_server/conf.h:372;zr_vm_language_server/stdio/stdio_requests.c:355	commented	已核对直接消费点，所在连续常量组的 Doxygen 注释说明共同契约。
zr_vm_language_server/include/zr_vm_language_server/conf.h	ZR_LSP_METHOD_WORKSPACE_DID_DELETE_FILES	macro	zr_vm_language_server/stdio/stdio_requests.c:357	"固定客户端通知 ""workspace/didDeleteFiles"" 的接收名，供服务端分派对应事件。"	此消息由客户端发送；服务端处理时应按生命周期与参数形状校验。	zr_vm_language_server/include/zr_vm_language_server/conf.h:373;zr_vm_language_server/stdio/stdio_requests.c:357	commented	已核对直接消费点，所在连续常量组的 Doxygen 注释说明共同契约。
zr_vm_language_server/include/zr_vm_language_server/conf.h	ZR_LSP_METHOD_TEXT_DOCUMENT_DID_OPEN	macro	zr_vm_language_server/stdio/stdio_requests.c:343	"固定客户端通知 ""textDocument/didOpen"" 的接收名，供服务端分派对应事件。"	此消息由客户端发送；服务端处理时应按生命周期与参数形状校验。	zr_vm_language_server/include/zr_vm_language_server/conf.h:374;zr_vm_language_server/stdio/stdio_requests.c:343	commented	已核对直接消费点，所在连续常量组的 Doxygen 注释说明共同契约。
zr_vm_language_server/include/zr_vm_language_server/conf.h	ZR_LSP_METHOD_TEXT_DOCUMENT_DID_CHANGE	macro	zr_vm_language_server/stdio/stdio_requests.c:345	"固定客户端通知 ""textDocument/didChange"" 的接收名，供服务端分派对应事件。"	此消息由客户端发送；服务端处理时应按生命周期与参数形状校验。	zr_vm_language_server/include/zr_vm_language_server/conf.h:375;zr_vm_language_server/stdio/stdio_requests.c:345	commented	已核对直接消费点，所在连续常量组的 Doxygen 注释说明共同契约。
zr_vm_language_server/include/zr_vm_language_server/conf.h	ZR_LSP_METHOD_TEXT_DOCUMENT_DID_CLOSE	macro	zr_vm_language_server/stdio/stdio_requests.c:347	"固定客户端通知 ""textDocument/didClose"" 的接收名，供服务端分派对应事件。"	此消息由客户端发送；服务端处理时应按生命周期与参数形状校验。	zr_vm_language_server/include/zr_vm_language_server/conf.h:376;zr_vm_language_server/stdio/stdio_requests.c:347	commented	已核对直接消费点，所在连续常量组的 Doxygen 注释说明共同契约。
zr_vm_language_server/include/zr_vm_language_server/conf.h	ZR_LSP_METHOD_TEXT_DOCUMENT_WILL_SAVE_WAIT_UNTIL	macro	zr_vm_language_server/stdio/stdio_request_dispatch.c:54;tests/language_server/test_stdio_handler_cancellation.c:74	"固定客户端请求 ""textDocument/willSaveWaitUntil"" 的路由名，供服务端分派对应处理器。"	方法键须与客户端发出的请求名一致；实际可用性由能力声明和对应处理器决定。	zr_vm_language_server/include/zr_vm_language_server/conf.h:377;zr_vm_language_server/stdio/stdio_request_dispatch.c:54;tests/language_server/test_stdio_handler_cancellation.c:74	commented	已核对直接消费点，所在连续常量组的 Doxygen 注释说明共同契约。
zr_vm_language_server/include/zr_vm_language_server/conf.h	ZR_LSP_METHOD_TEXT_DOCUMENT_DID_SAVE	macro	zr_vm_language_server/stdio/stdio_requests.c:349	"固定客户端通知 ""textDocument/didSave"" 的接收名，供服务端分派对应事件。"	此消息由客户端发送；服务端处理时应按生命周期与参数形状校验。	zr_vm_language_server/include/zr_vm_language_server/conf.h:378;zr_vm_language_server/stdio/stdio_requests.c:349	commented	已核对直接消费点，所在连续常量组的 Doxygen 注释说明共同契约。
zr_vm_language_server/include/zr_vm_language_server/conf.h	ZR_LSP_METHOD_ZR_NATIVE_DECLARATION_DOCUMENT	macro	zr_vm_language_server/stdio/stdio_request_dispatch.c:113;tests/language_server/test_stdio_handler_cancellation.c:45	"固定客户端请求 ""zr/nativeDeclarationDocument"" 的路由名，供服务端分派对应处理器。"	方法键须与客户端发出的请求名一致；实际可用性由能力声明和对应处理器决定。	zr_vm_language_server/include/zr_vm_language_server/conf.h:379;zr_vm_language_server/stdio/stdio_request_dispatch.c:113;tests/language_server/test_stdio_handler_cancellation.c:45	commented	已核对直接消费点，所在连续常量组的 Doxygen 注释说明共同契约。
zr_vm_language_server/include/zr_vm_language_server/conf.h	ZR_LSP_METHOD_ZR_PROJECT_MODULES	macro	zr_vm_language_server/stdio/stdio_request_dispatch.c:115;tests/language_server/test_stdio_handler_cancellation.c:81	"固定客户端请求 ""zr/projectModules"" 的路由名，供服务端分派对应处理器。"	方法键须与客户端发出的请求名一致；实际可用性由能力声明和对应处理器决定。	zr_vm_language_server/include/zr_vm_language_server/conf.h:380;zr_vm_language_server/stdio/stdio_request_dispatch.c:115;tests/language_server/test_stdio_handler_cancellation.c:81	commented	已核对直接消费点，所在连续常量组的 Doxygen 注释说明共同契约。
zr_vm_language_server/include/zr_vm_language_server/conf.h	ZR_LSP_METHOD_ZR_RICH_HOVER	macro	zr_vm_language_server/stdio/stdio_request_dispatch.c:31;tests/language_server/test_stdio_handler_cancellation.c:41	"固定客户端请求 ""zr/richHover"" 的路由名，供服务端分派对应处理器。"	方法键须与客户端发出的请求名一致；实际可用性由能力声明和对应处理器决定。	zr_vm_language_server/include/zr_vm_language_server/conf.h:381;zr_vm_language_server/stdio/stdio_request_dispatch.c:31;tests/language_server/test_stdio_handler_cancellation.c:41	commented	已核对直接消费点，所在连续常量组的 Doxygen 注释说明共同契约。
zr_vm_language_server/include/zr_vm_language_server/conf.h	ZR_LSP_METHOD_ZR_SELECTED_PROJECT	macro	zr_vm_language_server/stdio/stdio_requests.c:338	"固定客户端通知 ""zr/selectedProject"" 的接收名，供服务端分派对应事件。"	此消息由客户端发送；服务端处理时应按生命周期与参数形状校验。	zr_vm_language_server/include/zr_vm_language_server/conf.h:382;zr_vm_language_server/stdio/stdio_requests.c:338	commented	已核对直接消费点，所在连续常量组的 Doxygen 注释说明共同契约。
zr_vm_language_server/include/zr_vm_language_server/conf.h	ZR_LSP_FIELD_INITIALIZATION_OPTIONS	macro	zr_vm_language_server/stdio/stdio_initialize.c:20	"约定输入消息字段 ""initializationOptions""，供服务端解析客户端请求或通知。"	更改字段名须同步客户端消息和对应请求处理器；缺省值与类型限制由具体处理器校验。	zr_vm_language_server/include/zr_vm_language_server/conf.h:385;zr_vm_language_server/stdio/stdio_initialize.c:20	commented	已核对直接消费点，所在连续常量组的 Doxygen 注释说明共同契约。
zr_vm_language_server/include/zr_vm_language_server/conf.h	ZR_LSP_INITIALIZATION_OPTION_SELECTED_PROJECT_URI	macro	zr_vm_language_server/stdio/stdio_initialize.c:25	initialize 选定工程的扩展参数，与后续工程切换请求共同维护工作区上下文。	修改数值或字面量需同步核对其直接消费点。	zr_vm_language_server/include/zr_vm_language_server/conf.h:386;zr_vm_language_server/stdio/stdio_initialize.c:25	commented	已核对直接消费点，所在连续常量组的 Doxygen 注释说明共同契约。
zr_vm_language_server/include/zr_vm_language_server/conf.h	ZR_LSP_SERVER_NAME	macro	zr_vm_language_server/stdio/stdio_initialize.c:247	向客户端 initialize 响应报告 stdio 服务名称。	改变后需同步核对客户端展示和能力探针。	zr_vm_language_server/include/zr_vm_language_server/conf.h:389;zr_vm_language_server/stdio/stdio_initialize.c:247	commented	已核对直接消费点，所在连续常量组的 Doxygen 注释说明共同契约。
zr_vm_language_server/include/zr_vm_language_server/conf.h	ZR_LSP_SERVER_VERSION	macro	zr_vm_language_server/stdio/stdio_initialize.c:248	向客户端 initialize 响应报告 stdio 服务版本。	该版本仅作为服务身份元数据，不代表协议版本。	zr_vm_language_server/include/zr_vm_language_server/conf.h:390;zr_vm_language_server/stdio/stdio_initialize.c:248	commented	已核对直接消费点，所在连续常量组的 Doxygen 注释说明共同契约。
zr_vm_language_server/include/zr_vm_language_server/conf.h	ZR_LSP_TEXT_DOCUMENT_SYNC_KIND_INCREMENTAL	macro	zr_vm_language_server/stdio/stdio_initialize.c:190	向客户端声明文本同步采用增量模式。	与 stdio didChange 应用逻辑须一致。	zr_vm_language_server/include/zr_vm_language_server/conf.h:393;zr_vm_language_server/stdio/stdio_initialize.c:190	commented	已核对直接消费点，所在连续常量组的 Doxygen 注释说明共同契约。
zr_vm_language_server/include/zr_vm_language_server/conf.h	ZR_LSP_INSERT_TEXT_FORMAT_PLAIN_TEXT	macro	zr_vm_language_server/stdio/stdio_completion_json.c:21	给 completion 插入文本标明普通文本格式。	序列化时须与客户端期望的 LSP 数值一致。	zr_vm_language_server/include/zr_vm_language_server/conf.h:394;zr_vm_language_server/stdio/stdio_completion_json.c:21	commented	已核对直接消费点，所在连续常量组的 Doxygen 注释说明共同契约。
zr_vm_language_server/include/zr_vm_language_server/conf.h	ZR_LSP_INSERT_TEXT_FORMAT_SNIPPET	macro	zr_vm_language_server/stdio/stdio_completion_json.c:84	给 completion 插入文本标明 snippet 格式。	只有实际包含 snippet 语法的项才能宣告该格式。	zr_vm_language_server/include/zr_vm_language_server/conf.h:395;zr_vm_language_server/stdio/stdio_completion_json.c:84	commented	已核对直接消费点，所在连续常量组的 Doxygen 注释说明共同契约。
zr_vm_language_server/include/zr_vm_language_server/conf.h	ZR_LSP_CODE_ACTION_KIND_QUICK_FIX	macro	zr_vm_language_server/src/zr_vm_language_server/lsp_code_actions.c:521;zr_vm_language_server/src/zr_vm_language_server/lsp_code_actions.c:645	固定 code action 类别 quick_fix，供能力协商与动作结果共用。	类别须与客户端声明支持的 action kind 对齐。	zr_vm_language_server/include/zr_vm_language_server/conf.h:398;zr_vm_language_server/src/zr_vm_language_server/lsp_code_actions.c:521;zr_vm_language_server/src/zr_vm_language_server/lsp_code_actions.c:645	commented	已核对直接消费点，所在连续常量组的 Doxygen 注释说明共同契约。
zr_vm_language_server/include/zr_vm_language_server/conf.h	ZR_LSP_CODE_ACTION_KIND_REFACTOR_REWRITE	macro	zr_vm_language_server/src/zr_vm_language_server/lsp_property_code_actions.c:45;zr_vm_language_server/src/zr_vm_language_server/lsp_property_code_actions.c:46	固定 code action 类别 refactor_rewrite，供能力协商与动作结果共用。	类别须与客户端声明支持的 action kind 对齐。	zr_vm_language_server/include/zr_vm_language_server/conf.h:399;zr_vm_language_server/src/zr_vm_language_server/lsp_property_code_actions.c:45;zr_vm_language_server/src/zr_vm_language_server/lsp_property_code_actions.c:46	commented	已核对直接消费点，所在连续常量组的 Doxygen 注释说明共同契约。
zr_vm_language_server/include/zr_vm_language_server/conf.h	ZR_LSP_CODE_ACTION_KIND_SOURCE_ORGANIZE_IMPORTS	macro	zr_vm_language_server/src/zr_vm_language_server/lsp_code_actions.c:754	固定 code action 类别 source_organize_imports，供能力协商与动作结果共用。	类别须与客户端声明支持的 action kind 对齐。	zr_vm_language_server/include/zr_vm_language_server/conf.h:400;zr_vm_language_server/src/zr_vm_language_server/lsp_code_actions.c:754	commented	已核对直接消费点，所在连续常量组的 Doxygen 注释说明共同契约。
zr_vm_language_server/include/zr_vm_language_server/conf.h	ZR_LSP_CODE_ACTION_KIND_SOURCE_REMOVE_UNUSED	macro	zr_vm_language_server/src/zr_vm_language_server/lsp_code_actions.c:697	固定 code action 类别 source_remove_unused，供能力协商与动作结果共用。	类别须与客户端声明支持的 action kind 对齐。	zr_vm_language_server/include/zr_vm_language_server/conf.h:401;zr_vm_language_server/src/zr_vm_language_server/lsp_code_actions.c:697	commented	已核对直接消费点，所在连续常量组的 Doxygen 注释说明共同契约。
zr_vm_language_server/include/zr_vm_language_server/conf.h	ZR_LSP_COMMAND_RUN_CURRENT_PROJECT	macro	zr_vm_language_server/src/zr_vm_language_server/lsp_code_lens.c:313;zr_vm_language_server/src/zr_vm_language_server/lsp_code_lens.c:337	固定 code lens 触发当前项目运行命令的客户端命令名。	命令名需与扩展注册的处理器保持一致。	zr_vm_language_server/include/zr_vm_language_server/conf.h:402;zr_vm_language_server/src/zr_vm_language_server/lsp_code_lens.c:313;zr_vm_language_server/src/zr_vm_language_server/lsp_code_lens.c:337	commented	已核对直接消费点，所在连续常量组的 Doxygen 注释说明共同契约。
zr_vm_language_server/include/zr_vm_language_server/conf.h	ZR_LSP_FOLDING_RANGE_KIND_REGION	macro	zr_vm_language_server/src/zr_vm_language_server/lsp_folding_ranges.c:33;zr_vm_language_server/src/zr_vm_language_server/lsp_folding_ranges.c:259	固定折叠范围类别 region，供序列化使用。	仅用于相应折叠范围的 kind 字段。	zr_vm_language_server/include/zr_vm_language_server/conf.h:403;zr_vm_language_server/src/zr_vm_language_server/lsp_folding_ranges.c:33;zr_vm_language_server/src/zr_vm_language_server/lsp_folding_ranges.c:259	commented	已核对直接消费点，所在连续常量组的 Doxygen 注释说明共同契约。
zr_vm_language_server/include/zr_vm_language_server/conf.h	ZR_LSP_FOLDING_RANGE_KIND_IMPORTS	macro	zr_vm_language_server/src/zr_vm_language_server/lsp_folding_ranges.c:355	固定折叠范围类别 imports，供序列化使用。	仅用于相应折叠范围的 kind 字段。	zr_vm_language_server/include/zr_vm_language_server/conf.h:404;zr_vm_language_server/src/zr_vm_language_server/lsp_folding_ranges.c:355	commented	已核对直接消费点，所在连续常量组的 Doxygen 注释说明共同契约。
zr_vm_language_server/include/zr_vm_language_server/conf.h	ZR_LSP_FOLDING_RANGE_KIND_COMMENT	macro	zr_vm_language_server/src/zr_vm_language_server/lsp_folding_ranges.c:364	固定折叠范围类别 comment，供序列化使用。	仅用于相应折叠范围的 kind 字段。	zr_vm_language_server/include/zr_vm_language_server/conf.h:405;zr_vm_language_server/src/zr_vm_language_server/lsp_folding_ranges.c:364	commented	已核对直接消费点，所在连续常量组的 Doxygen 注释说明共同契约。
zr_vm_language_server/include/zr_vm_language_server/conf.h	ZR_LSP_DOCUMENT_DIAGNOSTIC_REPORT_KIND_FULL	macro	zr_vm_language_server/stdio/stdio_diagnostics.c:288;zr_vm_language_server/stdio/stdio_diagnostics.c:341	固定拉取诊断报告类别 full。	full 和 unchanged 的使用须与 previousResultId 比较结果一致。	zr_vm_language_server/include/zr_vm_language_server/conf.h:406;zr_vm_language_server/stdio/stdio_diagnostics.c:288;zr_vm_language_server/stdio/stdio_diagnostics.c:341	commented	已核对直接消费点，所在连续常量组的 Doxygen 注释说明共同契约。
zr_vm_language_server/include/zr_vm_language_server/conf.h	ZR_LSP_DOCUMENT_DIAGNOSTIC_REPORT_KIND_UNCHANGED	macro	zr_vm_language_server/stdio/stdio_diagnostics.c:287;zr_vm_language_server/stdio/stdio_diagnostics.c:340	固定拉取诊断报告类别 unchanged。	full 和 unchanged 的使用须与 previousResultId 比较结果一致。	zr_vm_language_server/include/zr_vm_language_server/conf.h:407;zr_vm_language_server/stdio/stdio_diagnostics.c:287;zr_vm_language_server/stdio/stdio_diagnostics.c:340	commented	已核对直接消费点，所在连续常量组的 Doxygen 注释说明共同契约。
zr_vm_language_server/include/zr_vm_language_server/conf.h	EZrLspCompletionItemKind	type	zr_vm_language_server/src/zr_vm_language_server/interface/lsp_interface.c:1791	核心 completion 项到 LSP 协议 kind 数值的映射范围	公开声明；具体资源归属及失败语义由实现和调用方共同约束。	zr_vm_language_server/include/zr_vm_language_server/conf.h:410;zr_vm_language_server/src/zr_vm_language_server/interface/lsp_interface.c:1791	commented	声明处 Doxygen 已说明调用职责、前提或结果约束。
zr_vm_language_server/include/zr_vm_language_server/conf.h	EZrLspSymbolKind	type	zr_vm_language_server/src/zr_vm_language_server/interface/lsp_interface_support.c:1134	符号表条目到文档／工作区符号及层级项目的 LSP kind 映射	公开声明；具体资源归属及失败语义由实现和调用方共同约束。	zr_vm_language_server/include/zr_vm_language_server/conf.h:426;zr_vm_language_server/src/zr_vm_language_server/interface/lsp_interface_support.c:1134	commented	声明处 Doxygen 已说明调用职责、前提或结果约束。
zr_vm_language_server/include/zr_vm_language_server/conf.h	EZrLspInlayHintKind	type	zr_vm_language_server/src/zr_vm_language_server/interface/lsp_inlay_hints.c:363	inlay hint 序列化到客户端时使用的 LSP kind 值	公开声明；具体资源归属及失败语义由实现和调用方共同约束。	zr_vm_language_server/include/zr_vm_language_server/conf.h:441;zr_vm_language_server/src/zr_vm_language_server/interface/lsp_inlay_hints.c:363	commented	声明处 Doxygen 已说明调用职责、前提或结果约束。
zr_vm_language_server/include/zr_vm_language_server/conf.h	ZR_LSP_JSON_RPC_PARSE_ERROR_CODE	macro	zr_vm_language_server/stdio/zr_vm_language_server_stdio.c:172	请求解析、分派及取消路径共用的 JSON-RPC/LSP 错误码。	修改数值或字面量需同步核对其直接消费点。	zr_vm_language_server/include/zr_vm_language_server/conf.h:447;zr_vm_language_server/stdio/zr_vm_language_server_stdio.c:172	commented	已核对直接消费点，所在连续常量组的 Doxygen 注释说明共同契约。
zr_vm_language_server/include/zr_vm_language_server/conf.h	ZR_LSP_JSON_RPC_INVALID_REQUEST_CODE	macro	zr_vm_language_server/stdio/stdio_requests.c:79;zr_vm_language_server/stdio/stdio_requests.c:141	请求解析、分派及取消路径共用的 JSON-RPC/LSP 错误码。	修改数值或字面量需同步核对其直接消费点。	zr_vm_language_server/include/zr_vm_language_server/conf.h:448;zr_vm_language_server/stdio/stdio_requests.c:79;zr_vm_language_server/stdio/stdio_requests.c:141	commented	已核对直接消费点，所在连续常量组的 Doxygen 注释说明共同契约。
zr_vm_language_server/include/zr_vm_language_server/conf.h	ZR_LSP_JSON_RPC_METHOD_NOT_FOUND_CODE	macro	zr_vm_language_server/stdio/stdio_requests.c:220	请求解析、分派及取消路径共用的 JSON-RPC/LSP 错误码。	修改数值或字面量需同步核对其直接消费点。	zr_vm_language_server/include/zr_vm_language_server/conf.h:449;zr_vm_language_server/stdio/stdio_requests.c:220	commented	已核对直接消费点，所在连续常量组的 Doxygen 注释说明共同契约。
zr_vm_language_server/include/zr_vm_language_server/conf.h	ZR_LSP_JSON_RPC_INVALID_PARAMS_CODE	macro	zr_vm_language_server/stdio/stdio_requests.c:137;zr_vm_language_server/stdio/stdio_requests.c:197	请求解析、分派及取消路径共用的 JSON-RPC/LSP 错误码。	修改数值或字面量需同步核对其直接消费点。	zr_vm_language_server/include/zr_vm_language_server/conf.h:450;zr_vm_language_server/stdio/stdio_requests.c:137;zr_vm_language_server/stdio/stdio_requests.c:197	commented	已核对直接消费点，所在连续常量组的 Doxygen 注释说明共同契约。
zr_vm_language_server/include/zr_vm_language_server/conf.h	ZR_LSP_JSON_RPC_INTERNAL_ERROR_CODE	macro	zr_vm_language_server/stdio/stdio_requests.c:157;zr_vm_language_server/stdio/stdio_requests.c:203	请求解析、分派及取消路径共用的 JSON-RPC/LSP 错误码。	修改数值或字面量需同步核对其直接消费点。	zr_vm_language_server/include/zr_vm_language_server/conf.h:451;zr_vm_language_server/stdio/stdio_requests.c:157;zr_vm_language_server/stdio/stdio_requests.c:203	commented	已核对直接消费点，所在连续常量组的 Doxygen 注释说明共同契约。
zr_vm_language_server/include/zr_vm_language_server/conf.h	ZR_LSP_JSON_RPC_REQUEST_CANCELLED_CODE	macro	zr_vm_language_server/stdio/stdio_requests.c:57;zr_vm_language_server/stdio/stdio_requests.c:153	请求解析、分派及取消路径共用的 JSON-RPC/LSP 错误码。	修改数值或字面量需同步核对其直接消费点。	zr_vm_language_server/include/zr_vm_language_server/conf.h:452;zr_vm_language_server/stdio/stdio_requests.c:57;zr_vm_language_server/stdio/stdio_requests.c:153	commented	已核对直接消费点，所在连续常量组的 Doxygen 注释说明共同契约。
zr_vm_language_server/include/zr_vm_language_server/conf.h	ZR_LSP_JSON_RPC_CONTENT_MODIFIED_CODE	macro	zr_vm_language_server/stdio/stdio_requests.c:192;zr_vm_language_server/stdio/stdio_requests.c:244	请求解析、分派及取消路径共用的 JSON-RPC/LSP 错误码。	修改数值或字面量需同步核对其直接消费点。	zr_vm_language_server/include/zr_vm_language_server/conf.h:453;zr_vm_language_server/stdio/stdio_requests.c:192;zr_vm_language_server/stdio/stdio_requests.c:244	commented	已核对直接消费点，所在连续常量组的 Doxygen 注释说明共同契约。
zr_vm_language_server/include/zr_vm_language_server/conf.h	ZR_LSP_PROGRESS_KIND_BEGIN	macro	zr_vm_language_server/stdio/stdio_request_progress.c:149;tests/language_server/test_stdio_request_progress.c:151	统一 stdio 长请求工作进度与分批响应使用的 ZR_LSP_PROGRESS_KIND_BEGIN 约定。	当前定义位于 conf.h 的包含保护之后，重复包含或外部覆盖须另行核对。	zr_vm_language_server/include/zr_vm_language_server/conf.h:461;zr_vm_language_server/stdio/stdio_request_progress.c:149;tests/language_server/test_stdio_request_progress.c:151;zr_vm_language_server/include/zr_vm_language_server/conf.h:455;zr_vm_language_server/include/zr_vm_language_server/conf.h:458	TODO	TODO: 这些定义位于头文件保护宏之外；需核对多次包含及外部覆盖场景，再确认这是否为刻意保留的布局。
zr_vm_language_server/include/zr_vm_language_server/conf.h	ZR_LSP_PROGRESS_KIND_END	macro	zr_vm_language_server/stdio/stdio_request_progress.c:163;tests/language_server/test_stdio_request_progress.c:154	统一 stdio 长请求工作进度与分批响应使用的 ZR_LSP_PROGRESS_KIND_END 约定。	当前定义位于 conf.h 的包含保护之后，重复包含或外部覆盖须另行核对。	zr_vm_language_server/include/zr_vm_language_server/conf.h:462;zr_vm_language_server/stdio/stdio_request_progress.c:163;tests/language_server/test_stdio_request_progress.c:154;zr_vm_language_server/include/zr_vm_language_server/conf.h:455;zr_vm_language_server/include/zr_vm_language_server/conf.h:458	TODO	TODO: 这些定义位于头文件保护宏之外；需核对多次包含及外部覆盖场景，再确认这是否为刻意保留的布局。
zr_vm_language_server/include/zr_vm_language_server/conf.h	ZR_LSP_METHOD_PROGRESS	macro	zr_vm_language_server/stdio/stdio_request_progress.c:141;zr_vm_language_server/stdio/stdio_request_progress.c:251	为长请求工作进度与部分结果通知固定 $/progress 方法名。	该方法由服务端向客户端发送；进度 token 及批次数据须与所属请求关联。	zr_vm_language_server/include/zr_vm_language_server/conf.h:463;zr_vm_language_server/stdio/stdio_request_progress.c:141;zr_vm_language_server/stdio/stdio_request_progress.c:251	TODO	TODO: 这些定义位于头文件保护宏之外；需核对多次包含及外部覆盖场景，再确认这是否为刻意保留的布局。
zr_vm_language_server/include/zr_vm_language_server/conf.h	ZR_LSP_PARTIAL_RESULT_BATCH_SIZE	macro	zr_vm_language_server/stdio/stdio_request_progress.c:183;zr_vm_language_server/stdio/stdio_request_progress.c:187	限定 stdio 长请求每批发布的部分结果数量。	当前定义位于 conf.h 的包含保护之后，重复包含或外部覆盖须另行核对。	zr_vm_language_server/include/zr_vm_language_server/conf.h:464;zr_vm_language_server/stdio/stdio_request_progress.c:183;zr_vm_language_server/stdio/stdio_request_progress.c:187;zr_vm_language_server/include/zr_vm_language_server/conf.h:455;zr_vm_language_server/include/zr_vm_language_server/conf.h:458	TODO	TODO: 这些定义位于头文件保护宏之外；需核对多次包含及外部覆盖场景，再确认这是否为刻意保留的布局。
zr_vm_language_server/include/zr_vm_language_server/incremental_parser.h	ZR_VM_LANGUAGE_SERVER_INCREMENTAL_PARSER_H	macro	zr_vm_language_server/include/zr_vm_language_server/incremental_parser.h:5	限制本公开头文件在同一编译单元中只定义一次。	仅作为预处理包含保护，不属于运行时接口。	zr_vm_language_server/include/zr_vm_language_server/incremental_parser.h:6	no-comment	结构性头文件保护宏；名称与 #ifndef 已完整表达作用。
zr_vm_language_server/include/zr_vm_language_server/incremental_parser.h	SZrDiagnostic	type	tests/language_server/test_lsp_interface.c:2025;tests/language_server/test_lsp_semantic_query_diagnostic_replacement_cases.h:30	隔离增量解析的文件版本与诊断对象的完整定义，使版本表只保存诊断指针。	诊断对象由诊断层构造；文件版本清理 parserDiagnostics 时负责逐项释放。	zr_vm_language_server/include/zr_vm_language_server/incremental_parser.h:17;tests/language_server/test_lsp_interface.c:2025;tests/language_server/test_lsp_semantic_query_diagnostic_replacement_cases.h:30	commented	公开类型声明现已使用相邻 Doxygen @brief 说明借用或别名职责。
zr_vm_language_server/include/zr_vm_language_server/incremental_parser.h	SZrFileVersionContentBlock	type	zr_vm_language_server/src/zr_vm_language_server/incremental_parser.c:111;tests/language_server/test_incremental_parser.c:378	被文件版本、历史槽和请求快照共同引用的不可变文本块	refCount 维持内容有效期；更新版本只替换当前块，仍被请求读取的旧块待最后一次释放后回收	zr_vm_language_server/include/zr_vm_language_server/incremental_parser.h:21;zr_vm_language_server/src/zr_vm_language_server/incremental_parser.c:111;tests/language_server/test_incremental_parser.c:378	commented	声明处 Doxygen 已说明调用职责、前提或结果约束。
zr_vm_language_server/include/zr_vm_language_server/incremental_parser.h	SZrFileVersionHistoricalContent	type	zr_vm_language_server/src/zr_vm_language_server/incremental_parser.c:194;zr_vm_language_server/src/zr_vm_language_server/interface/lsp_semantic_snapshot_cache.c:209	保存最近一次更新前的内容和当时的文档来源，供声明级重解析与历史语义比较	历史槽按新到旧排列，容量由 ZR_LSP_FILE_VERSION_HISTORICAL_CONTENT_CAPACITY 限制	zr_vm_language_server/include/zr_vm_language_server/incremental_parser.h:30;zr_vm_language_server/src/zr_vm_language_server/incremental_parser.c:194;zr_vm_language_server/src/zr_vm_language_server/interface/lsp_semantic_snapshot_cache.c:209	commented	声明处 Doxygen 已说明调用职责、前提或结果约束。
zr_vm_language_server/include/zr_vm_language_server/incremental_parser.h	enum EZrFileChangeImpact	type	zr_vm_language_server/src/zr_vm_language_server/semantic/semantic_analyzer_change.c:105	将一次文本变更归类为模块、声明签名或声明体影响	语义缓存据此决定保留的查询范围；分类属于分析结果，不保证可直接重用旧 AST	zr_vm_language_server/include/zr_vm_language_server/incremental_parser.h:39;zr_vm_language_server/src/zr_vm_language_server/semantic/semantic_analyzer_change.c:105	commented	声明处 Doxygen 已说明调用职责、前提或结果约束。
zr_vm_language_server/include/zr_vm_language_server/incremental_parser.h	EZrFileChangeImpact	type	zr_vm_language_server/src/zr_vm_language_server/project/lsp_project.c:2818	将文件变更影响分类作为 C 类型，供 SZrFileChangeInfo.impact 在解析器与项目索引间传递。	取值须来自 EZrFileChangeImpact 枚举；语义影响由后续重解析与索引处理器解释。	zr_vm_language_server/include/zr_vm_language_server/incremental_parser.h:47;zr_vm_language_server/src/zr_vm_language_server/project/lsp_project.c:2818	commented	枚举别名已有独立 Doxygen @brief，说明公开 C API 的类型契约。
zr_vm_language_server/include/zr_vm_language_server/incremental_parser.h	enum EZrIncrementalParseMode	type	zr_vm_language_server/src/zr_vm_language_server/project/lsp_project.c:1839	记录本次 AST 实际经历的解析路径，供项目索引与回归测试判断缓存复用范围	公开声明；具体资源归属及失败语义由实现和调用方共同约束。	zr_vm_language_server/include/zr_vm_language_server/incremental_parser.h:50;zr_vm_language_server/src/zr_vm_language_server/project/lsp_project.c:1839	commented	声明处 Doxygen 已说明调用职责、前提或结果约束。
zr_vm_language_server/include/zr_vm_language_server/incremental_parser.h	EZrIncrementalParseMode	type	zr_vm_language_server/src/zr_vm_language_server/incremental_parser.c:719	将实际解析路径作为 C 类型，供 SZrFileVersion.lastParseMode 记录本轮 AST 的复用范围。	值仅描述已完成的解析路径，不代表当前文本始终有可用 AST。	zr_vm_language_server/include/zr_vm_language_server/incremental_parser.h:57;zr_vm_language_server/src/zr_vm_language_server/incremental_parser.c:719	commented	枚举别名已有独立 Doxygen @brief，说明公开 C API 的类型契约。
zr_vm_language_server/include/zr_vm_language_server/incremental_parser.h	SZrFileChangeInfo	type	zr_vm_language_server/src/zr_vm_language_server/incremental/incremental_syntax_reparse.c:22;zr_vm_language_server/src/zr_vm_language_server/incremental/incremental_syntax_reparse.h:15	关联旧/新范围、声明身份与词法等价性，让更新后的解析和语义缓存使用同一变更事实	isTokenEquivalent 仅表示可复用现有 AST 的词法判定；声明影响仍需在调用链后续分类	zr_vm_language_server/include/zr_vm_language_server/incremental_parser.h:61;zr_vm_language_server/src/zr_vm_language_server/incremental/incremental_syntax_reparse.c:22;zr_vm_language_server/src/zr_vm_language_server/incremental/incremental_syntax_reparse.h:15	commented	声明处 Doxygen 已说明调用职责、前提或结果约束。
zr_vm_language_server/include/zr_vm_language_server/incremental_parser.h	SZrFileVersion	type	zr_vm_language_server/src/zr_vm_language_server/diagnostics/lsp_diagnostic_store.c:166;zr_vm_language_server/src/zr_vm_language_server/incremental_parser.c:23	URI 对应的可变文档状态，承接客户端 overlay 或工作区磁盘缓存	parser 持有此记录及其 AST、诊断和当前/历史内容块；GetFileVersion 返回借用指针，移除文件或释放 parser 后失效	zr_vm_language_server/include/zr_vm_language_server/incremental_parser.h:74;zr_vm_language_server/src/zr_vm_language_server/diagnostics/lsp_diagnostic_store.c:166;zr_vm_language_server/src/zr_vm_language_server/incremental_parser.c:23	commented	声明处 Doxygen 已说明调用职责、前提或结果约束。
zr_vm_language_server/include/zr_vm_language_server/incremental_parser.h	SZrFileVersionContentSnapshot	type	zr_vm_language_server/src/zr_vm_language_server/incremental_parser.c:324;zr_vm_language_server/src/zr_vm_language_server/interface/lsp_binary_metadata_coordinates.c:57	为解析、导航和语义请求固定一次文本内容读取	Acquire 持有 contentBlock，故内容可跨文件更新继续读取；uri 不独立持有，仍须维持文档所属上下文有效	zr_vm_language_server/include/zr_vm_language_server/incremental_parser.h:97;zr_vm_language_server/src/zr_vm_language_server/incremental_parser.c:324;zr_vm_language_server/src/zr_vm_language_server/interface/lsp_binary_metadata_coordinates.c:57	commented	声明处 Doxygen 已说明调用职责、前提或结果约束。
zr_vm_language_server/include/zr_vm_language_server/incremental_parser.h	SZrIncrementalParser	type	zr_vm_language_server/src/zr_vm_language_server/incremental_parser.c:457;tests/language_server/test_incremental_parser.c:102	管理 URI 到文件版本的映射及其 AST 生命周期，供 LSP 文档同步与项目索引共享	retainedPreviousAstOutput 仅供一次 ParseRetainingPreviousAst 调用临时移交旧 AST，不应由普通调用方直接设置	zr_vm_language_server/include/zr_vm_language_server/incremental_parser.h:110;zr_vm_language_server/src/zr_vm_language_server/incremental_parser.c:457;tests/language_server/test_incremental_parser.c:102	commented	声明处 Doxygen 已说明调用职责、前提或结果约束。
zr_vm_language_server/include/zr_vm_language_server/incremental_parser.h	ZrLanguageServer_IncrementalParser_New	function	zr_vm_language_server/src/zr_vm_language_server/interface/lsp_interface.c:1013;tests/language_server/test_incremental_parser.c:102	为 LSP 上下文创建文档版本和解析状态的所有者	成功返回需用 IncrementalParser_Free 释放的解析器	zr_vm_language_server/include/zr_vm_language_server/incremental_parser.h:121;zr_vm_language_server/src/zr_vm_language_server/interface/lsp_interface.c:1013;tests/language_server/test_incremental_parser.c:102	commented	声明处 Doxygen 已说明调用职责、前提或结果约束。
zr_vm_language_server/include/zr_vm_language_server/incremental_parser.h	ZrLanguageServer_IncrementalParser_Free	function	zr_vm_language_server/src/zr_vm_language_server/interface/lsp_interface.c:1113;tests/language_server/test_incremental_parser.c:108	在上下文结束时释放全部文件版本、AST 与解析状态	释放 parser 持有的文件版本、AST 和诊断；其后所有借用指针均失效。	zr_vm_language_server/include/zr_vm_language_server/incremental_parser.h:125;zr_vm_language_server/src/zr_vm_language_server/interface/lsp_interface.c:1113;tests/language_server/test_incremental_parser.c:108	commented	声明处 Doxygen 已说明调用职责、前提或结果约束。
zr_vm_language_server/include/zr_vm_language_server/incremental_parser.h	ZrLanguageServer_IncrementalParser_UpdateFile	function	zr_vm_language_server/src/zr_vm_language_server/interface/lsp_interface.c:1371;zr_vm_language_server/src/zr_vm_language_server/interface/lsp_interface.c:1400	将项目扫描或 provider 缓存中的磁盘文本写入版本表，供后续解析与索引读取	已有记录依版本规则更新；首次 URI 若 HashSet_Add 失败，当前实现会误报成功并泄漏新记录，调用方不可仅以真值认定可查到版本。	zr_vm_language_server/include/zr_vm_language_server/incremental_parser.h:132;zr_vm_language_server/src/zr_vm_language_server/interface/lsp_interface.c:1371;zr_vm_language_server/src/zr_vm_language_server/interface/lsp_interface.c:1400;zr_vm_language_server/src/zr_vm_language_server/incremental_parser.c:580;zr_vm_language_server/src/zr_vm_language_server/incremental_parser.c:592;zr_vm_language_server/src/zr_vm_language_server/incremental_parser.c:601;zr_vm_core/include/zr_vm_core/hash_set.h:499;zr_vm_core/include/zr_vm_core/hash_set.h:510	BUG	BUG: 首次 URI 创建 FileVersion 后，HashSet_Add 在分配或 rehash 失败时返回 NULL；共享更新器未释放该记录，仍返回 TRUE，令调用方误判版本已入表。
zr_vm_language_server/include/zr_vm_language_server/incremental_parser.h	ZrLanguageServer_IncrementalParser_UpdateOpenDocument	function	zr_vm_language_server/src/zr_vm_language_server/interface/lsp_interface.c:1364;zr_vm_language_server/src/zr_vm_language_server/interface/lsp_interface.c:1393	将客户端打开文档的文本作为 overlay 写入版本表，优先于磁盘缓存参与语义请求	通常须提供递增版本；首次 URI 若 HashSet_Add 失败，当前实现会误报成功并泄漏新记录，调用方不可仅以真值认定可查到 overlay 版本。	zr_vm_language_server/include/zr_vm_language_server/incremental_parser.h:143;zr_vm_language_server/src/zr_vm_language_server/interface/lsp_interface.c:1364;zr_vm_language_server/src/zr_vm_language_server/interface/lsp_interface.c:1393;zr_vm_language_server/src/zr_vm_language_server/incremental_parser.c:580;zr_vm_language_server/src/zr_vm_language_server/incremental_parser.c:592;zr_vm_language_server/src/zr_vm_language_server/incremental_parser.c:601;zr_vm_core/include/zr_vm_core/hash_set.h:499;zr_vm_core/include/zr_vm_core/hash_set.h:510	BUG	BUG: 首次 URI 创建 FileVersion 后，HashSet_Add 在分配或 rehash 失败时返回 NULL；共享更新器未释放该记录，仍返回 TRUE，令调用方误判 overlay 已入表。
zr_vm_language_server/include/zr_vm_language_server/incremental_parser.h	ZrLanguageServer_IncrementalParser_Parse	function	zr_vm_language_server/src/zr_vm_language_server/interface/lsp_interface.c:1446;zr_vm_language_server/src/zr_vm_language_server/incremental_parser.c:893	将已更新的文本转成 AST 和解析诊断，供 LSP 分析器及项目索引消费	会按词法等价、声明局部重解析、完整重解析的可用条件选择路径；语法失败时可能保留旧 AST 并设置 usesFallbackAst；有可用 AST 或解析诊断时为真；调用方不得仅凭真值认为当前文本语义有效	zr_vm_language_server/include/zr_vm_language_server/incremental_parser.h:154;zr_vm_language_server/src/zr_vm_language_server/interface/lsp_interface.c:1446;zr_vm_language_server/src/zr_vm_language_server/incremental_parser.c:893	commented	声明处 Doxygen 已说明调用职责、前提或结果约束。
zr_vm_language_server/include/zr_vm_language_server/incremental_parser.h	ZrLanguageServer_IncrementalParser_ParseRetainingPreviousAst	function	zr_vm_language_server/src/zr_vm_language_server/interface/lsp_interface.c:1441;tests/language_server/test_incremental_parser.c:537	在替换 AST 时把旧树交给语义快照缓存，以保留上一代查询结果的比较上下文	retainedPreviousAst 是可写输出槽；同一 parser 不可嵌套执行此移交；输出非 NULL 时所有权转给调用方，必须交由快照缓存接管或用 ZrParser_Ast_Free 释放	zr_vm_language_server/include/zr_vm_language_server/incremental_parser.h:161;zr_vm_language_server/src/zr_vm_language_server/interface/lsp_interface.c:1441;tests/language_server/test_incremental_parser.c:537	commented	声明处 Doxygen 已说明调用职责、前提或结果约束。
zr_vm_language_server/include/zr_vm_language_server/incremental_parser.h	ZrLanguageServer_IncrementalParser_GetAST	function	zr_vm_language_server/src/zr_vm_language_server/project/lsp_project.c:2270;zr_vm_language_server/src/zr_vm_language_server/project/lsp_project.c:2567	给项目索引等消费者取得文件 AST；必要时惰性触发解析	借用指针；下一次解析、移除文件或释放 parser 后可能失效	zr_vm_language_server/include/zr_vm_language_server/incremental_parser.h:170;zr_vm_language_server/src/zr_vm_language_server/project/lsp_project.c:2270;zr_vm_language_server/src/zr_vm_language_server/project/lsp_project.c:2567	commented	声明处 Doxygen 已说明调用职责、前提或结果约束。
zr_vm_language_server/include/zr_vm_language_server/incremental_parser.h	ZrLanguageServer_IncrementalParser_RemoveFile	function	zr_vm_language_server/stdio/stdio_document_content.c:215;zr_vm_language_server/stdio/stdio_documents.c:317	在项目文件驱逐或 URI 更名时移除版本记录并释放其 AST 与诊断	调用方须先结束对该文件版本及 AST 的借用	zr_vm_language_server/include/zr_vm_language_server/incremental_parser.h:175;zr_vm_language_server/stdio/stdio_document_content.c:215;zr_vm_language_server/stdio/stdio_documents.c:317	commented	声明处 Doxygen 已说明调用职责、前提或结果约束。
zr_vm_language_server/include/zr_vm_language_server/incremental_parser.h	ZrLanguageServer_IncrementalParser_GetFileVersion	function	zr_vm_language_server/stdio/stdio_document_content.c:9;zr_vm_language_server/src/zr_vm_language_server/diagnostics/lsp_diagnostic_store.c:207	给 LSP 处理器借用当前 URI 对应的版本记录	记录由 parser 持有；RemoveFile、IncrementalParser_Free 后不得再使用	zr_vm_language_server/include/zr_vm_language_server/incremental_parser.h:181;zr_vm_language_server/stdio/stdio_document_content.c:9;zr_vm_language_server/src/zr_vm_language_server/diagnostics/lsp_diagnostic_store.c:207	commented	声明处 Doxygen 已说明调用职责、前提或结果约束。
zr_vm_language_server/include/zr_vm_language_server/incremental_parser.h	ZrLanguageServer_FileVersion_New	function	zr_vm_language_server/src/zr_vm_language_server/incremental_parser.c:580	为首次见到的 URI 建立文本、AST 与诊断状态，供解析器版本表收纳	uri 为借用引用；返回记录需由解析器或调用方最终使用 FileVersion_Free 释放	zr_vm_language_server/include/zr_vm_language_server/incremental_parser.h:186;zr_vm_language_server/src/zr_vm_language_server/incremental_parser.c:580	commented	声明处 Doxygen 已说明调用职责、前提或结果约束。
zr_vm_language_server/include/zr_vm_language_server/incremental_parser.h	ZrLanguageServer_FileVersion_Free	function	zr_vm_language_server/src/zr_vm_language_server/incremental_parser.c:496;zr_vm_language_server/src/zr_vm_language_server/incremental_parser.c:949	释放版本记录拥有的 AST、诊断和内容块；已有快照仍可保持文本块有效	公开声明；具体资源归属及失败语义由实现和调用方共同约束。	zr_vm_language_server/include/zr_vm_language_server/incremental_parser.h:193;zr_vm_language_server/src/zr_vm_language_server/incremental_parser.c:496;zr_vm_language_server/src/zr_vm_language_server/incremental_parser.c:949	commented	声明处 Doxygen 已说明调用职责、前提或结果约束。
zr_vm_language_server/include/zr_vm_language_server/incremental_parser.h	ZrLanguageServer_FileVersion_UpdateContent	function	zr_vm_language_server/src/zr_vm_language_server/incremental_parser.c:567	用已计算的变更事实替换文本并保留有限历史，供后续解析选择复用路径	changeInfo 描述同一次旧/新文本变更；调用方负责版本单调性；成功时新内容生效并标记解析状态；失败时保留旧版本	zr_vm_language_server/include/zr_vm_language_server/incremental_parser.h:198;zr_vm_language_server/src/zr_vm_language_server/incremental_parser.c:567	commented	声明处 Doxygen 已说明调用职责、前提或结果约束。
zr_vm_language_server/include/zr_vm_language_server/incremental_parser.h	ZrLanguageServer_FileVersionContentSnapshot_Acquire	function	zr_vm_language_server/src/zr_vm_language_server/interface/lsp_binary_metadata_coordinates.c:74;zr_vm_language_server/stdio/stdio_completion.c:69	为一个请求固定文件版本的当前文本，避免更新时释放读取中的内容	成功后必须调用 FileVersionContentSnapshot_Free；只有文本块独立保活，uri/AST 不因此延寿	zr_vm_language_server/include/zr_vm_language_server/incremental_parser.h:207;zr_vm_language_server/src/zr_vm_language_server/interface/lsp_binary_metadata_coordinates.c:74;zr_vm_language_server/stdio/stdio_completion.c:69	commented	声明处 Doxygen 已说明调用职责、前提或结果约束。
zr_vm_language_server/include/zr_vm_language_server/incremental_parser.h	ZrLanguageServer_FileVersionContentSnapshot_Free	function	zr_vm_language_server/src/zr_vm_language_server/interface/lsp_binary_metadata_coordinates.c:92;zr_vm_language_server/stdio/stdio_completion.c:76	释放一次文本快照的引用，并清空输出结构，防止继续读取已过期内容	公开声明；具体资源归属及失败语义由实现和调用方共同约束。	zr_vm_language_server/include/zr_vm_language_server/incremental_parser.h:212;zr_vm_language_server/src/zr_vm_language_server/interface/lsp_binary_metadata_coordinates.c:92;zr_vm_language_server/stdio/stdio_completion.c:76	commented	声明处 Doxygen 已说明调用职责、前提或结果约束。
zr_vm_language_server/include/zr_vm_language_server/incremental_parser.h	ZrLanguageServer_FileVersionHistoricalContentSnapshot_Count	function	tests/language_server/test_incremental_parser.c:760;tests/language_server/test_incremental_parser.c:799	查询可供声明级重解析对照的历史文本数量	历史按新到旧排列，更新可能淘汰最旧条目	zr_vm_language_server/include/zr_vm_language_server/incremental_parser.h:218;tests/language_server/test_incremental_parser.c:760;tests/language_server/test_incremental_parser.c:799	commented	声明处 Doxygen 已说明调用职责、前提或结果约束。
zr_vm_language_server/include/zr_vm_language_server/incremental_parser.h	ZrLanguageServer_FileVersionHistoricalContentSnapshot_Acquire	function	tests/language_server/test_incremental_parser.c:761;zr_vm_language_server/src/zr_vm_language_server/incremental_parser.c:761	固定指定历史文本，供增量语法重解析比较旧/新内容	historyIndex 小于 Count 的当次结果，且调用期间版本记录未被移除；成功后必须调用 FileVersionContentSnapshot_Free	zr_vm_language_server/include/zr_vm_language_server/incremental_parser.h:224;tests/language_server/test_incremental_parser.c:761;zr_vm_language_server/src/zr_vm_language_server/incremental_parser.c:761	commented	声明处 Doxygen 已说明调用职责、前提或结果约束。
zr_vm_language_server/include/zr_vm_language_server/lsp_capability_registry.h	ZR_VM_LANGUAGE_SERVER_LSP_CAPABILITY_REGISTRY_H	macro	zr_vm_language_server/include/zr_vm_language_server/lsp_capability_registry.h:7	限制本公开头文件在同一编译单元中只定义一次。	仅作为预处理包含保护，不属于运行时接口。	zr_vm_language_server/include/zr_vm_language_server/lsp_capability_registry.h:8	no-comment	结构性头文件保护宏；名称与 #ifndef 已完整表达作用。
zr_vm_language_server/include/zr_vm_language_server/lsp_capability_registry.h	EZrLspRuntimeMask	type	zr_vm_language_server/src/zr_vm_language_server/protocol/lsp_capability_registry.c:375;tests/language_server/test_lsp_capability_registry.c:448	区分 stdio native 与 Web/WASM 可用性；描述符可组合这两个位	公开声明；具体资源归属及失败语义由实现和调用方共同约束。	zr_vm_language_server/include/zr_vm_language_server/lsp_capability_registry.h:13;zr_vm_language_server/src/zr_vm_language_server/protocol/lsp_capability_registry.c:375;tests/language_server/test_lsp_capability_registry.c:448	commented	声明处 Doxygen 已说明调用职责、前提或结果约束。
zr_vm_language_server/include/zr_vm_language_server/lsp_capability_registry.h	EZrLspCapabilityResolveBehavior	type	tests/language_server/test_lsp_capability_registry.c:482	resolve 必须补充实际内容，原样返回不能作为可发布的 resolve 能力	公开声明；具体资源归属及失败语义由实现和调用方共同约束。	zr_vm_language_server/include/zr_vm_language_server/lsp_capability_registry.h:19;tests/language_server/test_lsp_capability_registry.c:482	commented	声明处 Doxygen 已说明调用职责、前提或结果约束。
zr_vm_language_server/include/zr_vm_language_server/lsp_capability_registry.h	EZrLspCapabilityImplementationLayer	type	tests/language_server/test_lsp_capability_registry.c:119;tests/language_server/test_lsp_capability_registry.c:338	标明能力由共享核心实现，还是只由 native 传输适配器实现	公开声明；具体资源归属及失败语义由实现和调用方共同约束。	zr_vm_language_server/include/zr_vm_language_server/lsp_capability_registry.h:26;tests/language_server/test_lsp_capability_registry.c:119;tests/language_server/test_lsp_capability_registry.c:338	commented	声明处 Doxygen 已说明调用职责、前提或结果约束。
zr_vm_language_server/include/zr_vm_language_server/lsp_capability_registry.h	SZrLspCapabilityDescriptor	type	zr_vm_language_server/src/zr_vm_language_server/protocol/lsp_capability_registry.c:33;tests/language_server/lsp_capability_inventory_probe.c:313	为能力清单、native 初始化协商和一致性测试提供同一份元数据	各字符串均为借用的静态名称，表示协议方法、代码入口和测试标识，并非可调用函数指针；runtimeMask 描述基础能力，resolveRuntimeMask 单独描述 resolve	zr_vm_language_server/include/zr_vm_language_server/lsp_capability_registry.h:37;zr_vm_language_server/src/zr_vm_language_server/protocol/lsp_capability_registry.c:33;tests/language_server/lsp_capability_inventory_probe.c:313	commented	声明处 Doxygen 已说明调用职责、前提或结果约束。
zr_vm_language_server/include/zr_vm_language_server/lsp_capability_registry.h	ZrLanguageServer_LspCapabilityRegistry_Count	function	tests/language_server/lsp_capability_inventory_probe.c:306;zr_vm_language_server/src/zr_vm_language_server/protocol/lsp_capability_registry.c:282	返回进程内静态能力表的条目数，供清单探针完整枚举	公开声明；具体资源归属及失败语义由实现和调用方共同约束。	zr_vm_language_server/include/zr_vm_language_server/lsp_capability_registry.h:58;tests/language_server/lsp_capability_inventory_probe.c:306;zr_vm_language_server/src/zr_vm_language_server/protocol/lsp_capability_registry.c:282	commented	声明处 Doxygen 已说明调用职责、前提或结果约束。
zr_vm_language_server/include/zr_vm_language_server/lsp_capability_registry.h	ZrLanguageServer_LspCapabilityRegistry_At	function	tests/language_server/lsp_capability_inventory_probe.c:309;tests/language_server/lsp_capability_inventory_probe.c:314	按静态顺序借用一个描述符；越界返回空指针，调用方不得修改或释放	公开声明；具体资源归属及失败语义由实现和调用方共同约束。	zr_vm_language_server/include/zr_vm_language_server/lsp_capability_registry.h:61;tests/language_server/lsp_capability_inventory_probe.c:309;tests/language_server/lsp_capability_inventory_probe.c:314	commented	声明处 Doxygen 已说明调用职责、前提或结果约束。
zr_vm_language_server/include/zr_vm_language_server/lsp_capability_registry.h	ZrLanguageServer_LspCapabilityRegistry_Find	function	tests/language_server/test_lsp_capability_registry.c:115;zr_vm_language_server/src/zr_vm_language_server/protocol/lsp_capability_registry.c:381	按协议能力键借用描述符，供初始化协商和测试定位同一契约	公开声明；具体资源归属及失败语义由实现和调用方共同约束。	zr_vm_language_server/include/zr_vm_language_server/lsp_capability_registry.h:64;tests/language_server/test_lsp_capability_registry.c:115;zr_vm_language_server/src/zr_vm_language_server/protocol/lsp_capability_registry.c:381	commented	声明处 Doxygen 已说明调用职责、前提或结果约束。
zr_vm_language_server/include/zr_vm_language_server/lsp_capability_registry.h	ZrLanguageServer_LspCapabilityRegistry_HasRequiredMetadata	function	tests/language_server/test_lsp_capability_registry.c:206;zr_vm_language_server/src/zr_vm_language_server/protocol/lsp_capability_registry.c:358	校验描述符的入口归属、运行时掩码、resolve 元数据等内部约束	只检查元数据形状，不验证字符串命名的入口确实可执行；元数据自洽时为真；空指针或不完整的条目为假	zr_vm_language_server/include/zr_vm_language_server/lsp_capability_registry.h:71;tests/language_server/test_lsp_capability_registry.c:206;zr_vm_language_server/src/zr_vm_language_server/protocol/lsp_capability_registry.c:358	commented	声明处 Doxygen 已说明调用职责、前提或结果约束。
zr_vm_language_server/include/zr_vm_language_server/lsp_capability_registry.h	ZrLanguageServer_LspCapabilityRegistry_IsDescriptorPublishable	function	tests/language_server/lsp_capability_inventory_probe.c:318;zr_vm_language_server/src/zr_vm_language_server/protocol/lsp_capability_registry.c:382	在元数据校验后施加对 resolve 行为和实验性协议能力的发布策略	返回真仅说明条目符合静态发布约束，实际 initialize 响应仍由各传输层构造。	zr_vm_language_server/include/zr_vm_language_server/lsp_capability_registry.h:78;tests/language_server/lsp_capability_inventory_probe.c:318;zr_vm_language_server/src/zr_vm_language_server/protocol/lsp_capability_registry.c:382	commented	声明处 Doxygen 已说明调用职责、前提或结果约束。
zr_vm_language_server/include/zr_vm_language_server/lsp_capability_registry.h	ZrLanguageServer_LspCapabilityRegistry_HasResolveForRuntime	function	zr_vm_language_server/stdio/stdio_initialize.c:199;zr_vm_language_server/stdio/stdio_initialize_capabilities.c:51	供 native initialize 等调用方判定指定后端是否可宣告 resolveProvider	runtime 必须是单个 native 或 WASM 枚举值；其他值返回假；基础 provider 的 runtimeMask 不等于 resolveRuntimeMask，不能据前者推断后者。	zr_vm_language_server/include/zr_vm_language_server/lsp_capability_registry.h:86;zr_vm_language_server/stdio/stdio_initialize.c:199;zr_vm_language_server/stdio/stdio_initialize_capabilities.c:51	commented	声明处 Doxygen 已说明调用职责、前提或结果约束。
zr_vm_language_server/include/zr_vm_language_server/lsp_diagnostic_store.h	ZR_VM_LANGUAGE_SERVER_LSP_DIAGNOSTIC_STORE_H	macro	zr_vm_language_server/include/zr_vm_language_server/lsp_diagnostic_store.h:1	限制本公开头文件在同一编译单元中只定义一次。	仅作为预处理包含保护，不属于运行时接口。	zr_vm_language_server/include/zr_vm_language_server/lsp_diagnostic_store.h:2	no-comment	结构性头文件保护宏；名称与 #ifndef 已完整表达作用。
zr_vm_language_server/include/zr_vm_language_server/lsp_diagnostic_store.h	ZR_LSP_DIAGNOSTIC_RESULT_ID_MAX	macro	zr_vm_language_server/stdio/stdio_diagnostics.c:92;zr_vm_language_server/stdio/stdio_diagnostics.c:261	各传输层分配诊断结果 ID 缓冲区时共用的容量。	BuildResultId 会检查实际写入长度；使用更短的缓冲区可能返回失败。	zr_vm_language_server/include/zr_vm_language_server/lsp_diagnostic_store.h:10;zr_vm_language_server/stdio/stdio_diagnostics.c:92;zr_vm_language_server/stdio/stdio_diagnostics.c:261	commented	已核对直接消费点，所在连续常量组的 Doxygen 注释说明共同契约。
zr_vm_language_server/include/zr_vm_language_server/lsp_diagnostic_store.h	ZrLanguageServer_LspDiagnosticStore_BuildResultId	function	zr_vm_language_server/stdio/stdio_diagnostics.c:187;zr_vm_language_server/wasm/wasm_exports.cpp:1336	根据语义快照身份及结构化诊断内容构造推送／拉取共用的结果 ID	diagnostics 是有效的 SZrLspDiagnostic* 数组，state、context 和 uri 属于同一会话；只借用 diagnostics；调用方仍负责释放诊断及数组。stdio 推送去重和拉取 unchanged 比较，以及 WASM 诊断报告，都依赖此 ID 指向相同的文档与诊断快照；成功写入完整且以零结尾的 ID 时为真；上下文、文档身份或缓冲区不足时为假	zr_vm_language_server/include/zr_vm_language_server/lsp_diagnostic_store.h:21;zr_vm_language_server/stdio/stdio_diagnostics.c:187;zr_vm_language_server/wasm/wasm_exports.cpp:1336;zr_vm_language_server/src/zr_vm_language_server/diagnostics/lsp_diagnostic_store.c:196;zr_vm_language_server/stdio/stdio_diagnostics.c:282;zr_vm_language_server/stdio/stdio_diagnostics.c:290	TODO	TODO: 实现将诊断及其子项排序后再计算哈希，而 stdio 序列化保留原顺序；需核对客户端是否将 items 顺序视为结果内容，并以重排诊断的 previousResultId 测试确认。
zr_vm_language_server/include/zr_vm_language_server/lsp_interface.h	ZR_VM_LANGUAGE_SERVER_LSP_INTERFACE_H	macro	zr_vm_language_server/include/zr_vm_language_server/lsp_interface.h:7	限制本公开头文件在同一编译单元中只定义一次。	仅作为预处理包含保护，不属于运行时接口。	zr_vm_language_server/include/zr_vm_language_server/lsp_interface.h:8	no-comment	结构性头文件保护宏；名称与 #ifndef 已完整表达作用。
zr_vm_language_server/include/zr_vm_language_server/lsp_interface.h	SZrLspPosition	type	zr_vm_language_server/stdio/stdio_completion.c:11;zr_vm_language_server/stdio/stdio_completion.c:55	编辑器请求和响应共用的位置；行号从零开始，character 以 UTF-16 码元计。	行号从零开始；character 为 UTF-16 码元列号。	zr_vm_language_server/include/zr_vm_language_server/lsp_interface.h:20;zr_vm_language_server/stdio/stdio_completion.c:11;zr_vm_language_server/stdio/stdio_completion.c:55	commented	公开契约需在声明处说明调用目的与结果有效期
zr_vm_language_server/include/zr_vm_language_server/lsp_interface.h	SZrLspRange	type	zr_vm_language_server/stdio/stdio_completion.c:53;zr_vm_language_server/stdio/stdio_completion.c:56	编辑器可选择或展示的范围；坐标使用 SZrLspPosition 的编码契约。	start 与 end 必须采用同一文档版本及坐标编码。	zr_vm_language_server/include/zr_vm_language_server/lsp_interface.h:26;zr_vm_language_server/stdio/stdio_completion.c:53;zr_vm_language_server/stdio/stdio_completion.c:56	commented	公开契约需在声明处说明调用目的与结果有效期
zr_vm_language_server/include/zr_vm_language_server/lsp_interface.h	SZrOptimizationRemark	type	zr_vm_language_server/src/zr_vm_language_server/interface/lsp_diagnostic_projection.c:25;zr_vm_core/src/zr_vm_core/optimization_remark.c:123	仅借用优化 remark 的语义层类型，避免公共 LSP 接口依赖其完整定义。	仅在 ProjectOptimizationRemarkRange 中按不透明指针借用。	zr_vm_language_server/include/zr_vm_language_server/lsp_interface.h:32;zr_vm_language_server/src/zr_vm_language_server/interface/lsp_diagnostic_projection.c:25;zr_vm_core/src/zr_vm_core/optimization_remark.c:123	commented	公开契约需在声明处说明调用目的与结果有效期
zr_vm_language_server/include/zr_vm_language_server/lsp_interface.h	SZrLspLocation	type	zr_vm_language_server/stdio/stdio_editor_features.c:25;zr_vm_language_server/stdio/stdio_json.c:33	导航目标；URI 字符串与拥有此位置的查询结果使用同一 VM 生命周期。	URI 为 VM 字符串；原生位置对象由结果调用方释放。	zr_vm_language_server/include/zr_vm_language_server/lsp_interface.h:35;zr_vm_language_server/stdio/stdio_editor_features.c:25;zr_vm_language_server/stdio/stdio_json.c:33	commented	公开契约需在声明处说明调用目的与结果有效期
zr_vm_language_server/include/zr_vm_language_server/lsp_interface.h	SZrLspDiagnosticRelatedInformation	type	zr_vm_language_server/stdio/stdio_diagnostic_json.c:19;zr_vm_language_server/stdio/stdio_diagnostic_json.c:150	为诊断补充另一个源码位置和解释，随所属诊断一同释放容器。	location 和 message 随诊断结果使用同一 VM 状态。	zr_vm_language_server/include/zr_vm_language_server/lsp_interface.h:41;zr_vm_language_server/stdio/stdio_diagnostic_json.c:19;zr_vm_language_server/stdio/stdio_diagnostic_json.c:150	commented	公开契约需在声明处说明调用目的与结果有效期
zr_vm_language_server/include/zr_vm_language_server/lsp_interface.h	SZrLspDiagnosticFix	type	zr_vm_language_server/stdio/stdio_diagnostic_json.c:40;zr_vm_language_server/stdio/stdio_diagnostic_json.c:95	可供 code action 投影的诊断修复候选；适用性由诊断产生方决定。	editRange 必须对应诊断发布的文档版本。	zr_vm_language_server/include/zr_vm_language_server/lsp_interface.h:47;zr_vm_language_server/stdio/stdio_diagnostic_json.c:40;zr_vm_language_server/stdio/stdio_diagnostic_json.c:95	commented	公开契约需在声明处说明调用目的与结果有效期
zr_vm_language_server/include/zr_vm_language_server/lsp_interface.h	SZrLspDiagnostic	type	zr_vm_language_server/stdio/stdio_diagnostic_json.c:63;zr_vm_language_server/stdio/stdio_diagnostic_json.c:110	解析、语义和导入错误的统一展示对象，供发布器及 code action 消费。	relatedInformation 与 fixes 是诊断内的值数组；调用方用 FreeDiagnostics 归还外层结果。	zr_vm_language_server/include/zr_vm_language_server/lsp_interface.h:58;zr_vm_language_server/stdio/stdio_diagnostic_json.c:63;zr_vm_language_server/stdio/stdio_diagnostic_json.c:110	commented	公开契约需在声明处说明调用目的与结果有效期
zr_vm_language_server/include/zr_vm_language_server/lsp_interface.h	SZrLspCompletionItem	type	zr_vm_language_server/stdio/stdio_completion.c:136;zr_vm_language_server/stdio/stdio_completion.c:152	把语义候选与插入行为交给编辑器；可选文本由 VM 字符串管理。	结构体原生分配，标签与可选文本随 VM 状态保留。	zr_vm_language_server/include/zr_vm_language_server/lsp_interface.h:71;zr_vm_language_server/stdio/stdio_completion.c:136;zr_vm_language_server/stdio/stdio_completion.c:152	commented	公开契约需在声明处说明调用目的与结果有效期
zr_vm_language_server/include/zr_vm_language_server/lsp_interface.h	SZrLspHover	type	zr_vm_language_server/stdio/stdio_lsp_memory.c:98;zr_vm_language_server/stdio/stdio_lsp_memory.c:104	常规 hover 的 Markdown 内容与可选命中范围；由查询方按对象结果释放。	contents 数组需单独释放；文本字符串由 VM 状态管理。	zr_vm_language_server/include/zr_vm_language_server/lsp_interface.h:81;zr_vm_language_server/stdio/stdio_lsp_memory.c:98;zr_vm_language_server/stdio/stdio_lsp_memory.c:104	commented	公开契约需在声明处说明调用目的与结果有效期
zr_vm_language_server/include/zr_vm_language_server/lsp_interface.h	SZrLspRichHoverSection	type	zr_vm_language_server/stdio/stdio_navigation_json.c:94	扩展 hover 的单个带角色片段，供客户端按语义字段分组展示。	section 原生分配；角色、标签和值字符串由 VM 管理。	zr_vm_language_server/include/zr_vm_language_server/lsp_interface.h:87;zr_vm_language_server/stdio/stdio_navigation_json.c:94	commented	公开契约需在声明处说明调用目的与结果有效期
zr_vm_language_server/include/zr_vm_language_server/lsp_interface.h	SZrLspRichHover	type	zr_vm_language_server/stdio/stdio_lsp_memory.c:108;zr_vm_language_server/stdio/stdio_navigation.c:34	扩展 hover 的分段响应；与普通 hover 的内容数组及释放路径分开。	由 FreeRichHover 释放 sections 中的项和容器。	zr_vm_language_server/include/zr_vm_language_server/lsp_interface.h:94;zr_vm_language_server/stdio/stdio_lsp_memory.c:108;zr_vm_language_server/stdio/stdio_navigation.c:34	commented	公开契约需在声明处说明调用目的与结果有效期
zr_vm_language_server/include/zr_vm_language_server/lsp_interface.h	SZrLspParameterInformation	type	zr_vm_language_server/stdio/stdio_navigation_json.c:210	签名参数的标签及可选 Markdown 文档，生命周期由所属签名帮助控制。	由所属 SignatureHelp 的释放路径统一归还原生项。	zr_vm_language_server/include/zr_vm_language_server/lsp_interface.h:100;zr_vm_language_server/stdio/stdio_navigation_json.c:210	commented	公开契约需在声明处说明调用目的与结果有效期
zr_vm_language_server/include/zr_vm_language_server/lsp_interface.h	SZrLspSignatureInformation	type	zr_vm_language_server/stdio/stdio_navigation_json.c:179	一种候选调用签名；parameters 保存参数对象指针并由签名帮助释放。	parameters 为参数对象指针数组，由 SignatureHelp_Free 清理。	zr_vm_language_server/include/zr_vm_language_server/lsp_interface.h:106;zr_vm_language_server/stdio/stdio_navigation_json.c:179	commented	公开契约需在声明处说明调用目的与结果有效期
zr_vm_language_server/include/zr_vm_language_server/lsp_interface.h	SZrLspSignatureHelp	type	zr_vm_language_server/stdio/stdio_lsp_memory.c:113;zr_vm_language_server/stdio/stdio_navigation.c:57	调用点的候选签名及当前激活项；使用 LspSignatureHelp_Free 归还。	由 SignatureHelp_Free 释放嵌套签名和参数数组。	zr_vm_language_server/include/zr_vm_language_server/lsp_interface.h:113;zr_vm_language_server/stdio/stdio_lsp_memory.c:113;zr_vm_language_server/stdio/stdio_navigation.c:57	commented	公开契约需在声明处说明调用目的与结果有效期
zr_vm_language_server/include/zr_vm_language_server/lsp_interface.h	SZrLspSymbolInformation	type	zr_vm_language_server/stdio/stdio_lsp_memory.c:30;zr_vm_language_server/stdio/stdio_lsp_memory.c:31	文档或工作区符号的导航摘要，容器名和位置由索引或当前分析器提供。	name 与容器文本是 VM 字符串；结果原生项由调用方清理。	zr_vm_language_server/include/zr_vm_language_server/lsp_interface.h:120;zr_vm_language_server/stdio/stdio_lsp_memory.c:30;zr_vm_language_server/stdio/stdio_lsp_memory.c:31	commented	公开契约需在声明处说明调用目的与结果有效期
zr_vm_language_server/include/zr_vm_language_server/lsp_interface.h	SZrLspProjectModuleSummary	type	zr_vm_language_server/stdio/stdio_project.c:4;zr_vm_language_server/stdio/stdio_project.c:57	项目浏览视图的模块摘要，导航 URI 和范围可指向源码或虚拟声明。	返回数组由 FreeProjectModules 释放；文本由 VM 管理。	zr_vm_language_server/include/zr_vm_language_server/lsp_interface.h:128;zr_vm_language_server/stdio/stdio_project.c:4;zr_vm_language_server/stdio/stdio_project.c:57	commented	公开契约需在声明处说明调用目的与结果有效期
zr_vm_language_server/include/zr_vm_language_server/lsp_interface.h	SZrLspInlayHint	type	zr_vm_language_server/stdio/stdio_lsp_memory.c:70;zr_vm_language_server/stdio/stdio_lsp_memory.c:72	文档内联提示；生成时以请求范围筛选，返回数组由 FreeInlayHints 释放。	label 为 VM 字符串，原生项由 FreeInlayHints 清理。	zr_vm_language_server/include/zr_vm_language_server/lsp_interface.h:139;zr_vm_language_server/stdio/stdio_lsp_memory.c:70;zr_vm_language_server/stdio/stdio_lsp_memory.c:72	commented	公开契约需在声明处说明调用目的与结果有效期
zr_vm_language_server/include/zr_vm_language_server/lsp_interface.h	SZrLspDocumentHighlight	type	zr_vm_language_server/stdio/stdio_lsp_memory.c:88;zr_vm_language_server/stdio/stdio_lsp_memory.c:89	当前文档内同一语义目标的局部高亮位置。	范围是当前文档的 LSP 坐标；原生项由请求层清理。	zr_vm_language_server/include/zr_vm_language_server/lsp_interface.h:148;zr_vm_language_server/stdio/stdio_lsp_memory.c:88;zr_vm_language_server/stdio/stdio_lsp_memory.c:89	commented	公开契约需在声明处说明调用目的与结果有效期
zr_vm_language_server/include/zr_vm_language_server/lsp_interface.h	SZrLspTextEdit	type	zr_vm_language_server/stdio/stdio_editing.c:195;zr_vm_language_server/stdio/stdio_editing.c:225	源码编辑提案；调用方须在相同文档版本上应用坐标。	range 须与应用编辑时的文档版本匹配。	zr_vm_language_server/include/zr_vm_language_server/lsp_interface.h:154;zr_vm_language_server/stdio/stdio_editing.c:195;zr_vm_language_server/stdio/stdio_editing.c:225	commented	公开契约需在声明处说明调用目的与结果有效期
zr_vm_language_server/include/zr_vm_language_server/lsp_interface.h	SZrLspCodeAction	type	zr_vm_language_server/stdio/stdio_editing.c:383;zr_vm_language_server/stdio/stdio_editing_json.c:241	与诊断或重构建议关联的一组文本编辑；FreeCodeActions 释放嵌套 edits。	edits 为嵌套指针数组，由 FreeCodeActions 连同动作清理。	zr_vm_language_server/include/zr_vm_language_server/lsp_interface.h:160;zr_vm_language_server/stdio/stdio_editing.c:383;zr_vm_language_server/stdio/stdio_editing_json.c:241	commented	公开契约需在声明处说明调用目的与结果有效期
zr_vm_language_server/include/zr_vm_language_server/lsp_interface.h	SZrLspFoldingRange	type	zr_vm_language_server/stdio/stdio_editor_features.c:47;zr_vm_language_server/stdio/stdio_editor_features_json.c:3	编辑器折叠段，起止位置已投影到 LSP 坐标。	行列为 LSP 坐标；结果对象由 FreeFoldingRanges 清理。	zr_vm_language_server/include/zr_vm_language_server/lsp_interface.h:168;zr_vm_language_server/stdio/stdio_editor_features.c:47;zr_vm_language_server/stdio/stdio_editor_features_json.c:3	commented	公开契约需在声明处说明调用目的与结果有效期
zr_vm_language_server/include/zr_vm_language_server/lsp_interface.h	SZrLspSelectionRange	type	zr_vm_language_server/stdio/stdio_editor_features.c:96;zr_vm_language_server/stdio/stdio_editor_features_json.c:45	选择范围及可选的父、祖父包围范围；标志位决定后续范围是否有效。	只有 hasParent 或 hasGrandParent 为真时对应字段有效。	zr_vm_language_server/include/zr_vm_language_server/lsp_interface.h:177;zr_vm_language_server/stdio/stdio_editor_features.c:96;zr_vm_language_server/stdio/stdio_editor_features_json.c:45	commented	公开契约需在声明处说明调用目的与结果有效期
zr_vm_language_server/include/zr_vm_language_server/lsp_interface.h	SZrLspDocumentLink	type	zr_vm_language_server/stdio/stdio_editor_features.c:125;zr_vm_language_server/stdio/stdio_editor_features_json.c:94	文档中的可点击目标；target 可指向普通源码或只读虚拟声明 URI。	target 和 tooltip 是 VM 字符串；原生项由 FreeDocumentLinks 清理。	zr_vm_language_server/include/zr_vm_language_server/lsp_interface.h:186;zr_vm_language_server/stdio/stdio_editor_features.c:125;zr_vm_language_server/stdio/stdio_editor_features_json.c:94	commented	公开契约需在声明处说明调用目的与结果有效期
zr_vm_language_server/include/zr_vm_language_server/lsp_interface.h	SZrLspCodeLens	type	zr_vm_language_server/stdio/stdio_editor_features.c:151;zr_vm_language_server/stdio/stdio_editor_features_json.c:150	放在源码范围上的命令入口；hasPositionArgument 决定附带坐标是否有效。	只有 hasPositionArgument 为真时读取 positionArgument。	zr_vm_language_server/include/zr_vm_language_server/lsp_interface.h:193;zr_vm_language_server/stdio/stdio_editor_features.c:151;zr_vm_language_server/stdio/stdio_editor_features_json.c:150	commented	公开契约需在声明处说明调用目的与结果有效期
zr_vm_language_server/include/zr_vm_language_server/lsp_interface.h	SZrLspHierarchyItem	type	zr_vm_language_server/stdio/stdio_editor_features_json.c:230;zr_vm_language_server/stdio/stdio_editor_features_json.c:284	调用/类型层级查询的导航节点，兼容普通位置和快照语义身份。	有语义身份时，semanticVersion 应与准备阶段的文档版本相配；否则后续查询可能找不到目标。	zr_vm_language_server/include/zr_vm_language_server/lsp_interface.h:206;zr_vm_language_server/stdio/stdio_editor_features_json.c:230;zr_vm_language_server/stdio/stdio_editor_features_json.c:284	commented	公开契约需在声明处说明调用目的与结果有效期
zr_vm_language_server/include/zr_vm_language_server/lsp_interface.h	SZrLspHierarchyCall	type	zr_vm_language_server/stdio/stdio_editor_features_json.c:310;zr_vm_language_server/stdio/stdio_editor_features_json.c:337	一条层级调用边；item 与 fromRanges 随 FreeHierarchyCalls 一并释放。	item 和 fromRanges 随 FreeHierarchyCalls 清理。	zr_vm_language_server/include/zr_vm_language_server/lsp_interface.h:220;zr_vm_language_server/stdio/stdio_editor_features_json.c:310;zr_vm_language_server/stdio/stdio_editor_features_json.c:337	commented	公开契约需在声明处说明调用目的与结果有效期
zr_vm_language_server/include/zr_vm_language_server/lsp_interface.h	FZrLspRequestCancellationCheck	type	zr_vm_language_server/src/zr_vm_language_server/interface/lsp_interface.c:1058	同步请求的可选取消探针；userData 由注册方持有，执行期必须有效。	userData 只借用到当前同步请求结束。	zr_vm_language_server/include/zr_vm_language_server/lsp_interface.h:226;zr_vm_language_server/src/zr_vm_language_server/interface/lsp_interface.c:1058	commented	公开契约需在声明处说明调用目的与结果有效期
zr_vm_language_server/include/zr_vm_language_server/lsp_interface.h	SZrLspWorkspace	type	zr_vm_language_server/src/zr_vm_language_server/project/lsp_workspace.c:14;zr_vm_language_server/src/zr_vm_language_server/project/lsp_workspace.c:85	工作区文件夹状态由上下文持有；公共头文件只暴露指针以隔离实现。	上下文持有，不能从前向声明访问内部字段。	zr_vm_language_server/include/zr_vm_language_server/lsp_interface.h:229;zr_vm_language_server/src/zr_vm_language_server/project/lsp_workspace.c:14;zr_vm_language_server/src/zr_vm_language_server/project/lsp_workspace.c:85	commented	公开契约需在声明处说明调用目的与结果有效期
zr_vm_language_server/include/zr_vm_language_server/lsp_interface.h	SZrLspContext	type	zr_vm_language_server/stdio/stdio_documents.c:5;zr_vm_language_server/stdio/stdio_editor_features.c:5	一个语言服务会话共享的解析器、URI 分析器、工程索引和语义缓存。	New/Free 管理成员所有权；请求层可短暂设置取消探针，不能跨请求保留 userData。	zr_vm_language_server/include/zr_vm_language_server/lsp_interface.h:235;zr_vm_language_server/stdio/stdio_documents.c:5;zr_vm_language_server/stdio/stdio_editor_features.c:5	commented	公开契约需在声明处说明调用目的与结果有效期
zr_vm_language_server/include/zr_vm_language_server/lsp_interface.h	SZrLspHistoricalSemanticSnapshot	type	tests/language_server/test_lsp_snapshot_cache_cases.h:906;zr_vm_language_server/src/zr_vm_language_server/interface/lsp_semantic_snapshot_cache.c:284	最近历史版本的语义身份及借用分析器。	analyzer 由历史缓存持有，条目逐出、URI 移除或上下文释放后失效；缓存上限调整可清理其内部查询存储。	zr_vm_language_server/include/zr_vm_language_server/lsp_interface.h:255;tests/language_server/test_lsp_snapshot_cache_cases.h:906;zr_vm_language_server/src/zr_vm_language_server/interface/lsp_semantic_snapshot_cache.c:284	commented	公开契约需在声明处说明调用目的与结果有效期
zr_vm_language_server/include/zr_vm_language_server/lsp_interface.h	SZrLspSemanticCacheStorageInfo	type	tests/language_server/test_lsp_multi_project_provider_generation_cases.h:38;zr_vm_language_server/src/zr_vm_language_server/interface/lsp_interface.c:1593	语义缓存当前上限、占用峰值和逐出统计的只读快照。	按值复制统计；不借用缓存内部指针。	zr_vm_language_server/include/zr_vm_language_server/lsp_interface.h:262;tests/language_server/test_lsp_multi_project_provider_generation_cases.h:38;zr_vm_language_server/src/zr_vm_language_server/interface/lsp_interface.c:1593	commented	公开契约需在声明处说明调用目的与结果有效期
zr_vm_language_server/include/zr_vm_language_server/lsp_interface.h	ZrLanguageServer_LspContext_New	function	zr_vm_language_server/stdio/stdio_server.c:112;zr_vm_language_server/wasm/wasm_exports.cpp:944	为一个语言服务会话建立解析器、工程工作区和语义缓存。	返回: 成功时返回由调用方持有的上下文；失败时返回 ZR_NULL。	zr_vm_language_server/include/zr_vm_language_server/lsp_interface.h:274;zr_vm_language_server/stdio/stdio_server.c:112;zr_vm_language_server/wasm/wasm_exports.cpp:944	commented	公开契约需在声明处说明调用目的与结果有效期
zr_vm_language_server/include/zr_vm_language_server/lsp_interface.h	ZrLanguageServer_LspContext_Free	function	zr_vm_language_server/stdio/stdio_server.c:163;zr_vm_language_server/wasm/wasm_exports.cpp:954	结束会话并释放其工程索引、分析器和缓存；state 应与创建时相同。	state 应与 Context_New 相同；调用后不得使用 context。	zr_vm_language_server/include/zr_vm_language_server/lsp_interface.h:277;zr_vm_language_server/stdio/stdio_server.c:163;zr_vm_language_server/wasm/wasm_exports.cpp:954	commented	公开契约需在声明处说明调用目的与结果有效期
zr_vm_language_server/include/zr_vm_language_server/lsp_interface.h	ZrLanguageServer_LspContext_SetRequestCancellationCheck	function	zr_vm_language_server/stdio/stdio_requests.c:144;zr_vm_language_server/stdio/stdio_requests.c:147	将当前同步请求的取消探针临时交给遍历型查询。	回调与 userData 不转移所有权；请求结束时应以空回调清除。	zr_vm_language_server/include/zr_vm_language_server/lsp_interface.h:282;zr_vm_language_server/stdio/stdio_requests.c:144;zr_vm_language_server/stdio/stdio_requests.c:147	commented	公开契约需在声明处说明调用目的与结果有效期
zr_vm_language_server/include/zr_vm_language_server/lsp_interface.h	ZrLanguageServer_LspContext_IsRequestCancellationRequested	function	zr_vm_language_server/stdio/stdio_diagnostics.c:395;zr_vm_language_server/stdio/stdio_handler_result.h:18	让查询及响应发送路径检查当前请求的取消状态；未注册探针时返回假。	未注册探针或 context 为空时返回假。	zr_vm_language_server/include/zr_vm_language_server/lsp_interface.h:287;zr_vm_language_server/stdio/stdio_diagnostics.c:395;zr_vm_language_server/stdio/stdio_handler_result.h:18	commented	公开契约需在声明处说明调用目的与结果有效期
zr_vm_language_server/include/zr_vm_language_server/lsp_interface.h	ZrLanguageServer_Lsp_GetHistoricalSemanticSnapshot	function	tests/language_server/test_lsp_snapshot_cache_cases.h:957;tests/language_server/test_lsp_snapshot_cache_cases.h:959	按历史索引借出 URI 的旧版语义分析器及版本身份，供快照回归和比较使用。	索引 0 是最近一次更新前的版本；返回分析器随缓存逐出或上下文释放失效。	zr_vm_language_server/include/zr_vm_language_server/lsp_interface.h:294;tests/language_server/test_lsp_snapshot_cache_cases.h:957;tests/language_server/test_lsp_snapshot_cache_cases.h:959	commented	公开契约需在声明处说明调用目的与结果有效期
zr_vm_language_server/include/zr_vm_language_server/lsp_interface.h	ZrLanguageServer_Lsp_SetSemanticCacheStorageLimit	function	tests/language_server/test_lsp_multi_project_provider_generation_cases.h:237;tests/language_server/test_lsp_snapshot_cache_cases.h:1064	调整会话语义缓存上限并立即执行逐出。	limitBytes 为零会释放可逐出的查询存储；不能跨此调用保留分析器的内部缓存指针。	zr_vm_language_server/include/zr_vm_language_server/lsp_interface.h:304;tests/language_server/test_lsp_multi_project_provider_generation_cases.h:237;tests/language_server/test_lsp_snapshot_cache_cases.h:1064	commented	公开契约需在声明处说明调用目的与结果有效期
zr_vm_language_server/include/zr_vm_language_server/lsp_interface.h	ZrLanguageServer_Lsp_GetSemanticCacheStorageInfo	function	tests/language_server/test_lsp_multi_project_provider_generation_cases.h:132;tests/language_server/test_lsp_snapshot_cache_cases.h:1066	读取当前缓存占用和累计逐出统计；outInfo 为调用方提供的值对象。	outInfo 必须是可写值对象；失败时被清零。	zr_vm_language_server/include/zr_vm_language_server/lsp_interface.h:310;tests/language_server/test_lsp_multi_project_provider_generation_cases.h:132;tests/language_server/test_lsp_snapshot_cache_cases.h:1066	commented	公开契约需在声明处说明调用目的与结果有效期
zr_vm_language_server/include/zr_vm_language_server/lsp_interface.h	ZrLanguageServer_LspContext_SetClientSelectedZrpUri	function	zr_vm_language_server/stdio/stdio_initialize.c:31;zr_vm_language_server/stdio/stdio_initialize.c:41	保存 IDE 选中的 .zrp URI，使多工程目录下的项目发现以该工程为准。	传入 ZR_NULL 清除选择；上下文持有转换后的原生路径，不借用输入 URI 缓冲区。	zr_vm_language_server/include/zr_vm_language_server/lsp_interface.h:318;zr_vm_language_server/stdio/stdio_initialize.c:31;zr_vm_language_server/stdio/stdio_initialize.c:41	commented	公开契约需在声明处说明调用目的与结果有效期
zr_vm_language_server/include/zr_vm_language_server/lsp_interface.h	ZrLanguageServer_Lsp_UpdateDocument	function	zr_vm_language_server/stdio/stdio_document_content.c:172;zr_vm_language_server/wasm/wasm_exports.cpp:975	接收编辑器文档版本，更新解析与语义状态并刷新所属工程的依赖索引。	content 按 contentLength 指定的字节长度读取；更新失败后不得继续信任旧分析器。	zr_vm_language_server/include/zr_vm_language_server/lsp_interface.h:326;zr_vm_language_server/stdio/stdio_document_content.c:172;zr_vm_language_server/wasm/wasm_exports.cpp:975	commented	公开契约需在声明处说明调用目的与结果有效期
zr_vm_language_server/include/zr_vm_language_server/lsp_interface.h	ZrLanguageServer_Lsp_GetDiagnostics	function	zr_vm_language_server/stdio/stdio_diagnostics.c:103;zr_vm_language_server/stdio/stdio_diagnostics.c:274	汇总当前文档的解析、语义和导入诊断，供发布与代码动作使用。	result 是可追加的 SZrLspDiagnostic* 数组；无论查询成功与否，已有项最终由 FreeDiagnostics 归还。	zr_vm_language_server/include/zr_vm_language_server/lsp_interface.h:337;zr_vm_language_server/stdio/stdio_diagnostics.c:103;zr_vm_language_server/stdio/stdio_diagnostics.c:274	commented	公开契约需在声明处说明调用目的与结果有效期
zr_vm_language_server/include/zr_vm_language_server/lsp_interface.h	ZrLanguageServer_Lsp_GetCompletion	function	zr_vm_language_server/stdio/stdio_completion.c:183;zr_vm_language_server/stdio/stdio_completion.c:256	将光标处的语义候选投影为编辑器补全项；非代码区域可正常返回空列表。	result 保存原生 SZrLspCompletionItem*；序列化后释放项和数组，文本由 VM 管理。	zr_vm_language_server/include/zr_vm_language_server/lsp_interface.h:346;zr_vm_language_server/stdio/stdio_completion.c:183;zr_vm_language_server/stdio/stdio_completion.c:256	commented	公开契约需在声明处说明调用目的与结果有效期
zr_vm_language_server/include/zr_vm_language_server/lsp_interface.h	ZrLanguageServer_Lsp_GetHover	function	zr_vm_language_server/stdio/stdio_navigation.c:17;zr_vm_language_server/wasm/wasm_exports.cpp:1107	按语义目标与调用签名构建普通 Markdown 悬停内容。	成功产生对象时，调用方须释放 contents 数组和 hover 对象；内容字符串属于 VM 状态。	zr_vm_language_server/include/zr_vm_language_server/lsp_interface.h:356;zr_vm_language_server/stdio/stdio_navigation.c:17;zr_vm_language_server/wasm/wasm_exports.cpp:1107	commented	公开契约需在声明处说明调用目的与结果有效期
zr_vm_language_server/include/zr_vm_language_server/lsp_interface.h	ZrLanguageServer_Lsp_GetRichHover	function	zr_vm_language_server/stdio/stdio_navigation.c:41;zr_vm_language_server/wasm/wasm_exports.cpp:1601	将普通悬停拆为带角色片段，供扩展客户端逐字段展示。	返回对象使用 FreeRichHover，不能按普通 hover 的容器格式释放。	zr_vm_language_server/include/zr_vm_language_server/lsp_interface.h:366;zr_vm_language_server/stdio/stdio_navigation.c:41;zr_vm_language_server/wasm/wasm_exports.cpp:1601	commented	公开契约需在声明处说明调用目的与结果有效期
zr_vm_language_server/include/zr_vm_language_server/lsp_interface.h	ZrLanguageServer_Lsp_GetSignatureHelp	function	zr_vm_language_server/stdio/stdio_navigation.c:64;zr_vm_language_server/src/zr_vm_language_server/interface/lsp_interface.c:2031	为调用点提供候选签名、参数说明和当前激活参数。	返回的嵌套对象由 LspSignatureHelp_Free 统一释放。	zr_vm_language_server/include/zr_vm_language_server/lsp_interface.h:376;zr_vm_language_server/stdio/stdio_navigation.c:64;zr_vm_language_server/src/zr_vm_language_server/interface/lsp_interface.c:2031	commented	公开契约需在声明处说明调用目的与结果有效期
zr_vm_language_server/include/zr_vm_language_server/lsp_interface.h	ZrLanguageServer_Lsp_GetDefinition	function	zr_vm_language_server/stdio/stdio_navigation.c:116;zr_vm_language_server/wasm/wasm_exports.cpp:1147	统一解析源码与原生虚拟声明页的定义目标。	result 中的 SZrLspLocation* 由调用方在消费后逐项释放；URI 字符串由 VM 管理。	zr_vm_language_server/include/zr_vm_language_server/lsp_interface.h:386;zr_vm_language_server/stdio/stdio_navigation.c:116;zr_vm_language_server/wasm/wasm_exports.cpp:1147	commented	公开契约需在声明处说明调用目的与结果有效期
zr_vm_language_server/include/zr_vm_language_server/lsp_interface.h	ZrLanguageServer_Lsp_FindReferences	function	zr_vm_language_server/stdio/stdio_linked_editing.c:288;zr_vm_language_server/stdio/stdio_navigation.c:192	按语义身份收集跨文件引用；includeDeclaration 决定是否包含声明位置。	可被请求取消；失败时 result 中已追加的位置仍需调用方清理。	zr_vm_language_server/include/zr_vm_language_server/lsp_interface.h:396;zr_vm_language_server/stdio/stdio_linked_editing.c:288;zr_vm_language_server/stdio/stdio_navigation.c:192	commented	公开契约需在声明处说明调用目的与结果有效期
zr_vm_language_server/include/zr_vm_language_server/lsp_interface.h	ZrLanguageServer_Lsp_Rename	function	zr_vm_language_server/stdio/stdio_rename.c:264;zr_vm_language_server/wasm/wasm_exports.cpp:1241	收集可编辑目标的位置，供协议层构造带版本校验的 WorkspaceEdit。	newName 当前只作非空检查；调用方不得把此函数视为标识符合法性或冲突验证。	zr_vm_language_server/include/zr_vm_language_server/lsp_interface.h:407;zr_vm_language_server/stdio/stdio_rename.c:264;zr_vm_language_server/wasm/wasm_exports.cpp:1241	commented	公开契约需在声明处说明调用目的与结果有效期
zr_vm_language_server/include/zr_vm_language_server/lsp_interface.h	ZrLanguageServer_Lsp_GetDocumentSymbols	function	zr_vm_language_server/stdio/stdio_navigation.c:219;zr_vm_language_server/wasm/wasm_exports.cpp:1281	生成当前文档的大纲符号；结果为需逐项释放的 SZrLspSymbolInformation* 数组。	result 为符号指针数组；序列化后逐项清理。	zr_vm_language_server/include/zr_vm_language_server/lsp_interface.h:415;zr_vm_language_server/stdio/stdio_navigation.c:219;zr_vm_language_server/wasm/wasm_exports.cpp:1281	commented	公开契约需在声明处说明调用目的与结果有效期
zr_vm_language_server/include/zr_vm_language_server/lsp_interface.h	ZrLanguageServer_Lsp_GetWorkspaceSymbols	function	zr_vm_language_server/stdio/stdio_navigation.c:256;zr_vm_language_server/wasm/wasm_exports.cpp:1523	合并打开文档与项目索引中的匹配符号；query 为 VM 字符串，结果按文档符号方式释放。	query 是 VM 字符串；result 按符号指针数组清理。	zr_vm_language_server/include/zr_vm_language_server/lsp_interface.h:421;zr_vm_language_server/stdio/stdio_navigation.c:256;zr_vm_language_server/wasm/wasm_exports.cpp:1523	commented	公开契约需在声明处说明调用目的与结果有效期
zr_vm_language_server/include/zr_vm_language_server/lsp_interface.h	ZrLanguageServer_Lsp_GetNativeDeclarationDocument	function	zr_vm_language_server/stdio/stdio_navigation.c:154;zr_vm_language_server/wasm/wasm_exports.cpp:1560	为原生模块的虚拟声明 URI 生成只读文档，供跳转目标与客户端取文。	仅接受已识别的虚拟声明 URI；outText 是由 VM 管理的字符串，调用方无需原生释放。	zr_vm_language_server/include/zr_vm_language_server/lsp_interface.h:430;zr_vm_language_server/stdio/stdio_navigation.c:154;zr_vm_language_server/wasm/wasm_exports.cpp:1560	commented	公开契约需在声明处说明调用目的与结果有效期
zr_vm_language_server/include/zr_vm_language_server/lsp_interface.h	ZrLanguageServer_Lsp_GetProjectModules	function	zr_vm_language_server/stdio/stdio_project.c:94;zr_vm_language_server/wasm/wasm_exports.cpp:1634	汇总项目图中的源码、FFI、二进制和原生模块，供客户端浏览树展示。	result 应先零初始化或由同一 state 初始化；失败后也可交给 FreeProjectModules 清理已追加项。	zr_vm_language_server/include/zr_vm_language_server/lsp_interface.h:439;zr_vm_language_server/stdio/stdio_project.c:94;zr_vm_language_server/wasm/wasm_exports.cpp:1634	commented	公开契约需在声明处说明调用目的与结果有效期
zr_vm_language_server/include/zr_vm_language_server/lsp_interface.h	ZrLanguageServer_Lsp_FreeProjectModules	function	zr_vm_language_server/stdio/stdio_project.c:95;zr_vm_language_server/stdio/stdio_project.c:100	归还 GetProjectModules 的摘要项和数组；其中的 VM 字符串不单独释放。	state 应与摘要创建时相同；只释放原生项。	zr_vm_language_server/include/zr_vm_language_server/lsp_interface.h:445;zr_vm_language_server/stdio/stdio_project.c:95;zr_vm_language_server/stdio/stdio_project.c:100	commented	公开契约需在声明处说明调用目的与结果有效期
zr_vm_language_server/include/zr_vm_language_server/lsp_interface.h	ZrLanguageServer_Lsp_FreeRichHover	function	zr_vm_language_server/stdio/stdio_lsp_memory.c:109;zr_vm_language_server/wasm/wasm_exports.cpp:1609	归还扩展悬停的所有角色片段及容器。	state 应与结果创建时相同；只释放原生项。	zr_vm_language_server/include/zr_vm_language_server/lsp_interface.h:447;zr_vm_language_server/stdio/stdio_lsp_memory.c:109;zr_vm_language_server/wasm/wasm_exports.cpp:1609	commented	公开契约需在声明处说明调用目的与结果有效期
zr_vm_language_server/include/zr_vm_language_server/lsp_interface.h	ZrLanguageServer_Lsp_GetInlayHints	function	zr_vm_language_server/stdio/stdio_navigation.c:94;zr_vm_language_server/wasm/wasm_exports.cpp:1491	在给定文档范围内收集类型等内联提示；结果对象与容器由 FreeInlayHints 归还。	uri 须有可分析文档；result 用 FreeInlayHints 清理。	zr_vm_language_server/include/zr_vm_language_server/lsp_interface.h:450;zr_vm_language_server/stdio/stdio_navigation.c:94;zr_vm_language_server/wasm/wasm_exports.cpp:1491	commented	公开契约需在声明处说明调用目的与结果有效期
zr_vm_language_server/include/zr_vm_language_server/lsp_interface.h	ZrLanguageServer_Lsp_FreeInlayHints	function	tests/language_server/test_lsp_inlay_canonical_declaration_cases.h:76;zr_vm_language_server/wasm/wasm_exports.cpp:1498	归还 GetInlayHints 的原生提示项；label 字符串仍归 VM 所有。	state 应与提示创建时相同；不释放 VM 字符串。	zr_vm_language_server/include/zr_vm_language_server/lsp_interface.h:457;tests/language_server/test_lsp_inlay_canonical_declaration_cases.h:76;zr_vm_language_server/wasm/wasm_exports.cpp:1498	commented	公开契约需在声明处说明调用目的与结果有效期
zr_vm_language_server/include/zr_vm_language_server/lsp_interface.h	ZrLanguageServer_Lsp_GetDocumentHighlights	function	zr_vm_language_server/stdio/stdio_navigation.c:278;zr_vm_language_server/wasm/wasm_exports.cpp:1670	找出当前文档中同一语义目标的出现位置，供编辑器局部高亮。	result 中的高亮指针需在序列化后逐项清理。	zr_vm_language_server/include/zr_vm_language_server/lsp_interface.h:460;zr_vm_language_server/stdio/stdio_navigation.c:278;zr_vm_language_server/wasm/wasm_exports.cpp:1670	commented	公开契约需在声明处说明调用目的与结果有效期
zr_vm_language_server/include/zr_vm_language_server/lsp_interface.h	ZrLanguageServer_Lsp_GetSemanticTokens	function	zr_vm_language_server/stdio/stdio_semantic_tokens.c:30;zr_vm_language_server/stdio/stdio_semantic_tokens.c:96	生成 LSP semanticTokens/full 的整数 data 数组。	result 元素是 TZrUInt32 而非原生对象指针；消费后直接释放数组缓冲区。	zr_vm_language_server/include/zr_vm_language_server/lsp_interface.h:470;zr_vm_language_server/stdio/stdio_semantic_tokens.c:30;zr_vm_language_server/stdio/stdio_semantic_tokens.c:96	commented	公开契约需在声明处说明调用目的与结果有效期
zr_vm_language_server/include/zr_vm_language_server/lsp_interface.h	ZrLanguageServer_Lsp_SemanticTokenTypeCount	function	zr_vm_language_server/stdio/stdio_semantic_tokens_json.c:23;zr_vm_language_server/src/zr_vm_language_server/semantic/lsp_semantic_tokens.c:739	返回语义 token 图例中的类型数量，供 initialize 能力和请求结果共用。	与 SemanticTokenTypeName 的有效索引范围一致。	zr_vm_language_server/include/zr_vm_language_server/lsp_interface.h:475;zr_vm_language_server/stdio/stdio_semantic_tokens_json.c:23;zr_vm_language_server/src/zr_vm_language_server/semantic/lsp_semantic_tokens.c:739	commented	公开契约需在声明处说明调用目的与结果有效期
zr_vm_language_server/include/zr_vm_language_server/lsp_interface.h	ZrLanguageServer_Lsp_SemanticTokenTypeName	function	zr_vm_language_server/stdio/stdio_semantic_tokens_json.c:24;tests/language_server/lsp_capability_inventory_probe.c:353	按图例索引读取静态类型名；返回文本不归调用方所有。	索引越界返回 ZR_NULL；有效文本为静态只读存储。	zr_vm_language_server/include/zr_vm_language_server/lsp_interface.h:477;zr_vm_language_server/stdio/stdio_semantic_tokens_json.c:24;tests/language_server/lsp_capability_inventory_probe.c:353	commented	公开契约需在声明处说明调用目的与结果有效期
zr_vm_language_server/include/zr_vm_language_server/lsp_interface.h	ZrLanguageServer_Lsp_GetFormatting	function	zr_vm_language_server/stdio/stdio_editing.c:196;zr_vm_language_server/wasm/wasm_exports.cpp:1782	为整份文档提出格式化编辑；调用方负责在相同文档版本上应用。	result 是 SZrLspTextEdit* 数组，完成后使用 FreeTextEdits。	zr_vm_language_server/include/zr_vm_language_server/lsp_interface.h:483;zr_vm_language_server/stdio/stdio_editing.c:196;zr_vm_language_server/wasm/wasm_exports.cpp:1782	commented	公开契约需在声明处说明调用目的与结果有效期
zr_vm_language_server/include/zr_vm_language_server/lsp_interface.h	ZrLanguageServer_Lsp_GetRangeFormatting	function	zr_vm_language_server/stdio/stdio_editing.c:226;zr_vm_language_server/stdio/stdio_editing.c:276	只为客户端选择的范围提出格式化编辑；结果仍按 FreeTextEdits 释放。	range 必须对应当前文档；结果用 FreeTextEdits 清理。	zr_vm_language_server/include/zr_vm_language_server/lsp_interface.h:489;zr_vm_language_server/stdio/stdio_editing.c:226;zr_vm_language_server/stdio/stdio_editing.c:276	commented	公开契约需在声明处说明调用目的与结果有效期
zr_vm_language_server/include/zr_vm_language_server/lsp_interface.h	ZrLanguageServer_Lsp_GetCodeActions	function	zr_vm_language_server/stdio/stdio_editing.c:384;zr_vm_language_server/wasm/wasm_exports.cpp:1868	结合给定范围及诊断修复生成可执行的编辑动作。	result 中每个动作可能持有嵌套文本编辑；统一使用 FreeCodeActions。	zr_vm_language_server/include/zr_vm_language_server/lsp_interface.h:499;zr_vm_language_server/stdio/stdio_editing.c:384;zr_vm_language_server/wasm/wasm_exports.cpp:1868	commented	公开契约需在声明处说明调用目的与结果有效期
zr_vm_language_server/include/zr_vm_language_server/lsp_interface.h	ZrLanguageServer_Lsp_GetFoldingRanges	function	zr_vm_language_server/stdio/stdio_editor_features.c:48;zr_vm_language_server/wasm/wasm_exports.cpp:1901	将语法结构投影为文档折叠段；返回数组用 FreeFoldingRanges 归还。	result 中的折叠段由 FreeFoldingRanges 清理。	zr_vm_language_server/include/zr_vm_language_server/lsp_interface.h:506;zr_vm_language_server/stdio/stdio_editor_features.c:48;zr_vm_language_server/wasm/wasm_exports.cpp:1901	commented	公开契约需在声明处说明调用目的与结果有效期
zr_vm_language_server/include/zr_vm_language_server/lsp_interface.h	ZrLanguageServer_Lsp_GetSelectionRanges	function	zr_vm_language_server/stdio/stdio_editor_features.c:97;zr_vm_language_server/wasm/wasm_exports.cpp:1938	为 positions 中的每个光标构造逐层包围的选择范围。	positions 在调用期间借用；result 中的原生项由 FreeSelectionRanges 释放。	zr_vm_language_server/include/zr_vm_language_server/lsp_interface.h:515;zr_vm_language_server/stdio/stdio_editor_features.c:97;zr_vm_language_server/wasm/wasm_exports.cpp:1938	commented	公开契约需在声明处说明调用目的与结果有效期
zr_vm_language_server/include/zr_vm_language_server/lsp_interface.h	ZrLanguageServer_Lsp_GetDocumentLinks	function	zr_vm_language_server/stdio/stdio_editor_features.c:126;zr_vm_language_server/wasm/wasm_exports.cpp:1972	查找文档可导航链接，包括虚拟声明目标；返回数组用 FreeDocumentLinks 归还。	result 中的链接由 FreeDocumentLinks 清理。	zr_vm_language_server/include/zr_vm_language_server/lsp_interface.h:523;zr_vm_language_server/stdio/stdio_editor_features.c:126;zr_vm_language_server/wasm/wasm_exports.cpp:1972	commented	公开契约需在声明处说明调用目的与结果有效期
zr_vm_language_server/include/zr_vm_language_server/lsp_interface.h	ZrLanguageServer_Lsp_GetCodeLens	function	zr_vm_language_server/stdio/stdio_editor_features.c:152;zr_vm_language_server/wasm/wasm_exports.cpp:2001	在文档源码上生成可执行命令标记；返回数组用 FreeCodeLens 归还。	result 中的原生标记由 FreeCodeLens 清理。	zr_vm_language_server/include/zr_vm_language_server/lsp_interface.h:529;zr_vm_language_server/stdio/stdio_editor_features.c:152;zr_vm_language_server/wasm/wasm_exports.cpp:2001	commented	公开契约需在声明处说明调用目的与结果有效期
zr_vm_language_server/include/zr_vm_language_server/lsp_interface.h	ZrLanguageServer_Lsp_GetDeclaration	function	仓内未发现独立调用点；仅有实现和公开声明	提供独立的声明导航入口，当前实现复用定义查询和位置结果契约。	当前仅为 GetDefinition 别名；仓内未见调用。	zr_vm_language_server/include/zr_vm_language_server/lsp_interface.h:538;zr_vm_language_server/src/zr_vm_language_server/lsp_editor_features.c:774	TODO	TODO: 仓内仅见此声明和实现、未见协议调用；确认未来需不需要区分声明与定义目标。
zr_vm_language_server/include/zr_vm_language_server/lsp_interface.h	ZrLanguageServer_Lsp_GetTypeDefinition	function	仓内未发现独立调用点；仅有实现和公开声明	提供类型定义导航入口，当前实现复用定义查询和位置结果契约。	当前仅为 GetDefinition 别名；仓内未见调用。	zr_vm_language_server/include/zr_vm_language_server/lsp_interface.h:548;zr_vm_language_server/src/zr_vm_language_server/lsp_editor_features.c:782	TODO	TODO: 仓内仅见此声明和实现、未见协议调用；确认类型定义是否需要独立语义解析。
zr_vm_language_server/include/zr_vm_language_server/lsp_interface.h	ZrLanguageServer_Lsp_GetImplementation	function	tests/language_server/test_lsp_semantic_query_parity.c:869	取得接口或抽象目标的实现位置；结果是调用方负责释放的位置对象数组。	result 中的位置对象由调用方逐项清理。	zr_vm_language_server/include/zr_vm_language_server/lsp_interface.h:555;tests/language_server/test_lsp_semantic_query_parity.c:869	commented	公开契约需在声明处说明调用目的与结果有效期
zr_vm_language_server/include/zr_vm_language_server/lsp_interface.h	ZrLanguageServer_Lsp_PrepareCallHierarchy	function	zr_vm_language_server/stdio/stdio_hierarchy.c:107;tests/language_server/test_lsp_advanced_editor_features.c:1670	在光标处准备调用层级节点，并保存后续查询需要的语义身份与文档版本。	result 中的 SZrLspHierarchyItem* 由 FreeHierarchyItems 归还。	zr_vm_language_server/include/zr_vm_language_server/lsp_interface.h:565;zr_vm_language_server/stdio/stdio_hierarchy.c:107;tests/language_server/test_lsp_advanced_editor_features.c:1670	commented	公开契约需在声明处说明调用目的与结果有效期
zr_vm_language_server/include/zr_vm_language_server/lsp_interface.h	ZrLanguageServer_Lsp_GetCallHierarchyIncomingCalls	function	zr_vm_language_server/stdio/stdio_hierarchy.c:137;tests/language_server/test_lsp_advanced_editor_features.c:1778	根据已准备节点列出调用它的目标与来源范围。	item 的语义版本须仍匹配当前文档；返回边及嵌套节点由 FreeHierarchyCalls 释放。	zr_vm_language_server/include/zr_vm_language_server/lsp_interface.h:575;zr_vm_language_server/stdio/stdio_hierarchy.c:137;tests/language_server/test_lsp_advanced_editor_features.c:1778	commented	公开契约需在声明处说明调用目的与结果有效期
zr_vm_language_server/include/zr_vm_language_server/lsp_interface.h	ZrLanguageServer_Lsp_GetCallHierarchyOutgoingCalls	function	zr_vm_language_server/stdio/stdio_hierarchy.c:157;tests/language_server/test_lsp_advanced_editor_features.c:1724	根据已准备节点列出它调用的目标；版本约束和释放方式与 incoming 相同。	item 必须来自有效的 prepare 版本；结果用 FreeHierarchyCalls 清理。	zr_vm_language_server/include/zr_vm_language_server/lsp_interface.h:581;zr_vm_language_server/stdio/stdio_hierarchy.c:157;tests/language_server/test_lsp_advanced_editor_features.c:1724	commented	公开契约需在声明处说明调用目的与结果有效期
zr_vm_language_server/include/zr_vm_language_server/lsp_interface.h	ZrLanguageServer_Lsp_PrepareTypeHierarchy	function	zr_vm_language_server/stdio/stdio_hierarchy.c:102;tests/language_server/test_lsp_advanced_editor_features.c:1880	在光标处准备类型层级节点，供后续父类与子类查询复用语义身份。	result 中的节点由 FreeHierarchyItems 清理。	zr_vm_language_server/include/zr_vm_language_server/lsp_interface.h:587;zr_vm_language_server/stdio/stdio_hierarchy.c:102;tests/language_server/test_lsp_advanced_editor_features.c:1880	commented	公开契约需在声明处说明调用目的与结果有效期
zr_vm_language_server/include/zr_vm_language_server/lsp_interface.h	ZrLanguageServer_Lsp_GetTypeHierarchySupertypes	function	zr_vm_language_server/stdio/stdio_hierarchy.c:181;tests/language_server/test_lsp_advanced_editor_features.c:1931	列出已准备类型的直接父类型；item 的文档版本须有效，结果用 FreeHierarchyItems 释放。	item 版本须匹配当前文档；结果用 FreeHierarchyItems 清理。	zr_vm_language_server/include/zr_vm_language_server/lsp_interface.h:594;zr_vm_language_server/stdio/stdio_hierarchy.c:181;tests/language_server/test_lsp_advanced_editor_features.c:1931	commented	公开契约需在声明处说明调用目的与结果有效期
zr_vm_language_server/include/zr_vm_language_server/lsp_interface.h	ZrLanguageServer_Lsp_GetTypeHierarchySubtypes	function	zr_vm_language_server/stdio/stdio_hierarchy.c:200;tests/language_server/test_lsp_advanced_editor_features.c:1983	列出已准备类型的直接子类型；item 的文档版本须有效，结果用 FreeHierarchyItems 释放。	item 版本须匹配当前文档；结果用 FreeHierarchyItems 清理。	zr_vm_language_server/include/zr_vm_language_server/lsp_interface.h:600;zr_vm_language_server/stdio/stdio_hierarchy.c:200;tests/language_server/test_lsp_advanced_editor_features.c:1983	commented	公开契约需在声明处说明调用目的与结果有效期
zr_vm_language_server/include/zr_vm_language_server/lsp_interface.h	ZrLanguageServer_Lsp_FreeTextEdits	function	zr_vm_language_server/stdio/stdio_editing.c:197;zr_vm_language_server/stdio/stdio_editing.c:203	归还格式化或独立文本编辑结果的原生项与数组。	state 与分配器一致；释放原生项和数组。	zr_vm_language_server/include/zr_vm_language_server/lsp_interface.h:606;zr_vm_language_server/stdio/stdio_editing.c:197;zr_vm_language_server/stdio/stdio_editing.c:203	commented	公开契约需在声明处说明调用目的与结果有效期
zr_vm_language_server/include/zr_vm_language_server/lsp_interface.h	ZrLanguageServer_Lsp_FreeDiagnostics	function	zr_vm_language_server/stdio/stdio_lsp_memory.c:41;zr_vm_language_server/wasm/wasm_exports.cpp:265	归还诊断项及其相关信息和修复子数组；诊断文本仍由 VM 管理。	state 与分配器一致；同时释放两个嵌套数组。	zr_vm_language_server/include/zr_vm_language_server/lsp_interface.h:608;zr_vm_language_server/stdio/stdio_lsp_memory.c:41;zr_vm_language_server/wasm/wasm_exports.cpp:265	commented	公开契约需在声明处说明调用目的与结果有效期
zr_vm_language_server/include/zr_vm_language_server/lsp_interface.h	ZrLanguageServer_Lsp_DiagnosticNoFixReasonName	function	zr_vm_language_server/stdio/stdio_diagnostic_json.c:81;zr_vm_language_server/wasm/wasm_diagnostic_json.cpp:171	将可说明的“无自动修复”原因映射为协议字符串；未指定原因返回空指针。	未指定原因返回空指针；非空文本为静态只读存储。	zr_vm_language_server/include/zr_vm_language_server/lsp_interface.h:610;zr_vm_language_server/stdio/stdio_diagnostic_json.c:81;zr_vm_language_server/wasm/wasm_diagnostic_json.cpp:171	commented	公开契约需在声明处说明调用目的与结果有效期
zr_vm_language_server/include/zr_vm_language_server/lsp_interface.h	ZrLanguageServer_Lsp_FreeCodeActions	function	zr_vm_language_server/stdio/stdio_editing.c:385;zr_vm_language_server/stdio/stdio_editing.c:394	归还动作及每个动作携带的文本编辑数组。	state 与分配器一致；同时清理每个动作的 edits。	zr_vm_language_server/include/zr_vm_language_server/lsp_interface.h:613;zr_vm_language_server/stdio/stdio_editing.c:385;zr_vm_language_server/stdio/stdio_editing.c:394	commented	公开契约需在声明处说明调用目的与结果有效期
zr_vm_language_server/include/zr_vm_language_server/lsp_interface.h	ZrLanguageServer_Lsp_FreeFoldingRanges	function	zr_vm_language_server/stdio/stdio_editor_features.c:49;zr_vm_language_server/stdio/stdio_editor_features.c:54	归还折叠段结果中的原生项与数组。	state 与分配器一致；释放原生项和数组。	zr_vm_language_server/include/zr_vm_language_server/lsp_interface.h:615;zr_vm_language_server/stdio/stdio_editor_features.c:49;zr_vm_language_server/stdio/stdio_editor_features.c:54	commented	公开契约需在声明处说明调用目的与结果有效期
zr_vm_language_server/include/zr_vm_language_server/lsp_interface.h	ZrLanguageServer_Lsp_FreeSelectionRanges	function	zr_vm_language_server/stdio/stdio_editor_features.c:104;zr_vm_language_server/stdio/stdio_editor_features.c:110	归还选择范围结果中的原生项与数组。	state 与分配器一致；释放原生项和数组。	zr_vm_language_server/include/zr_vm_language_server/lsp_interface.h:617;zr_vm_language_server/stdio/stdio_editor_features.c:104;zr_vm_language_server/stdio/stdio_editor_features.c:110	commented	公开契约需在声明处说明调用目的与结果有效期
zr_vm_language_server/include/zr_vm_language_server/lsp_interface.h	ZrLanguageServer_Lsp_FreeDocumentLinks	function	zr_vm_language_server/stdio/stdio_editor_features.c:127;zr_vm_language_server/stdio/stdio_editor_features.c:132	归还文档链接结果中的原生项与数组。	state 与分配器一致；释放原生项和数组。	zr_vm_language_server/include/zr_vm_language_server/lsp_interface.h:619;zr_vm_language_server/stdio/stdio_editor_features.c:127;zr_vm_language_server/stdio/stdio_editor_features.c:132	commented	公开契约需在声明处说明调用目的与结果有效期
zr_vm_language_server/include/zr_vm_language_server/lsp_interface.h	ZrLanguageServer_Lsp_FreeCodeLens	function	zr_vm_language_server/stdio/stdio_editor_features.c:153;zr_vm_language_server/stdio/stdio_editor_features.c:158	归还源码命令标记结果中的原生项与数组。	state 与分配器一致；释放原生项和数组。	zr_vm_language_server/include/zr_vm_language_server/lsp_interface.h:621;zr_vm_language_server/stdio/stdio_editor_features.c:153;zr_vm_language_server/stdio/stdio_editor_features.c:158	commented	公开契约需在声明处说明调用目的与结果有效期
zr_vm_language_server/include/zr_vm_language_server/lsp_interface.h	ZrLanguageServer_Lsp_FreeHierarchyItems	function	zr_vm_language_server/stdio/stdio_hierarchy.c:113;zr_vm_language_server/stdio/stdio_hierarchy.c:118	归还准备调用或类型层级时生成的节点数组。	state 与分配器一致；释放节点和数组。	zr_vm_language_server/include/zr_vm_language_server/lsp_interface.h:623;zr_vm_language_server/stdio/stdio_hierarchy.c:113;zr_vm_language_server/stdio/stdio_hierarchy.c:118	commented	公开契约需在声明处说明调用目的与结果有效期
zr_vm_language_server/include/zr_vm_language_server/lsp_interface.h	ZrLanguageServer_Lsp_FreeHierarchyCalls	function	zr_vm_language_server/stdio/stdio_hierarchy.c:138;zr_vm_language_server/stdio/stdio_hierarchy.c:143	归还调用层级边、嵌套目标节点及来源范围数组。	state 与分配器一致；释放嵌套节点、范围和数组。	zr_vm_language_server/include/zr_vm_language_server/lsp_interface.h:625;zr_vm_language_server/stdio/stdio_hierarchy.c:138;zr_vm_language_server/stdio/stdio_hierarchy.c:143	commented	公开契约需在声明处说明调用目的与结果有效期
zr_vm_language_server/include/zr_vm_language_server/lsp_interface.h	ZrLanguageServer_Lsp_PrepareRename	function	zr_vm_language_server/stdio/stdio_rename.c:212;zr_vm_language_server/wasm/wasm_exports.cpp:1743	预检查光标目标能否重命名，并给出标识符范围与展示占位文本。	返回的占位文本由 VM 管理；真正 Rename 仍会重新解析并获取当前文档快照。	zr_vm_language_server/include/zr_vm_language_server/lsp_interface.h:631;zr_vm_language_server/stdio/stdio_rename.c:212;zr_vm_language_server/wasm/wasm_exports.cpp:1743	commented	公开契约需在声明处说明调用目的与结果有效期
zr_vm_language_server/include/zr_vm_language_server/lsp_interface.h	ZrLanguageServer_LspSignatureHelp_Free	function	zr_vm_language_server/stdio/stdio_lsp_memory.c:114;zr_vm_language_server/src/zr_vm_language_server/interface/lsp_interface.c:2035	归还签名、参数及其数组容器；标签与文档字符串仍由 VM 管理。	state 与分配器一致；释放嵌套原生项。	zr_vm_language_server/include/zr_vm_language_server/lsp_interface.h:639;zr_vm_language_server/stdio/stdio_lsp_memory.c:114;zr_vm_language_server/src/zr_vm_language_server/interface/lsp_interface.c:2035	commented	公开契约需在声明处说明调用目的与结果有效期
zr_vm_language_server/include/zr_vm_language_server/lsp_interface.h	ZrLanguageServer_LspRange_FromFileRangeWithContent	function	tests/language_server/test_lsp_position_mapping.c:357;zr_vm_language_server/src/zr_vm_language_server/interface/lsp_interface_support.c:1021	用产生文件范围的同一份内容把解析器字节偏移投影到 LSP UTF-16 范围。	前置条件: content 与 fileRange 的偏移来自同一文档版本。	zr_vm_language_server/include/zr_vm_language_server/lsp_interface.h:646;tests/language_server/test_lsp_position_mapping.c:357;zr_vm_language_server/src/zr_vm_language_server/interface/lsp_interface_support.c:1021	commented	公开契约需在声明处说明调用目的与结果有效期
zr_vm_language_server/include/zr_vm_language_server/lsp_interface.h	ZrLanguageServer_LspRange_ToFileRangeWithContent	function	tests/language_server/test_lsp_position_mapping.c:278	将客户端范围定位到解析器字节偏移并关联来源 URI。	返回范围借用 uri；content 与客户端坐标必须对应同一文档版本。	zr_vm_language_server/include/zr_vm_language_server/lsp_interface.h:654;tests/language_server/test_lsp_position_mapping.c:278	commented	公开契约需在声明处说明调用目的与结果有效期
zr_vm_language_server/include/zr_vm_language_server/lsp_interface.h	ZrLanguageServer_Lsp_TryRangeFromDescriptorMetadataCoordinates	function	tests/language_server/test_lsp_project_utf16_ranges.c:469;zr_vm_language_server/src/zr_vm_language_server/project/lsp_project_navigation.c:188	在没有源文本可重算偏移时，将描述符的一基结构坐标投影到 LSP 零基范围。	只接受正坐标和正序范围；此入口不做 UTF-16 字节换算。	zr_vm_language_server/include/zr_vm_language_server/lsp_interface.h:663;tests/language_server/test_lsp_project_utf16_ranges.c:469;zr_vm_language_server/src/zr_vm_language_server/project/lsp_project_navigation.c:188	commented	公开契约需在声明处说明调用目的与结果有效期
zr_vm_language_server/include/zr_vm_language_server/lsp_interface.h	ZrLanguageServer_Lsp_ProjectOptimizationRemarkRange	function	仓内未发现独立调用点；仅有实现和公开声明	将优化 remark 的规范字节范围按对应内容投影到 LSP UTF-16 范围。	交由语义适配器完成，不重新分析源码；content 须是 remark 对应版本的文本。	zr_vm_language_server/include/zr_vm_language_server/lsp_interface.h:672;zr_vm_language_server/src/zr_vm_language_server/interface/lsp_diagnostic_projection.c:24	commented	公开契约需在声明处说明调用目的与结果有效期
zr_vm_language_server/include/zr_vm_language_server/lsp_interface.h	ZrLanguageServer_LspPosition_FromFilePositionWithContent	function	tests/language_server/test_lsp_incremental_equivalence.c:429;zr_vm_language_server/src/zr_vm_language_server/interface/lsp_interface_position.c:13	用同版本内容把解析器字节偏移转成客户端零基行、UTF-16 列。	filePosition.offset 与 content 对应同一文档版本。	zr_vm_language_server/include/zr_vm_language_server/lsp_interface.h:679;tests/language_server/test_lsp_incremental_equivalence.c:429;zr_vm_language_server/src/zr_vm_language_server/interface/lsp_interface_position.c:13	commented	公开契约需在声明处说明调用目的与结果有效期
zr_vm_language_server/include/zr_vm_language_server/lsp_interface.h	ZrLanguageServer_LspPosition_ToFilePositionWithContent	function	tests/language_server/test_lsp_incremental_equivalence.c:431;zr_vm_language_server/src/zr_vm_language_server/interface/lsp_interface.c:427	把客户端零基行、UTF-16 列转成解析器偏移及一基文件坐标。	content 对应请求文档版本；输入列按 UTF-16 码元解释。	zr_vm_language_server/include/zr_vm_language_server/lsp_interface.h:685;tests/language_server/test_lsp_incremental_equivalence.c:431;zr_vm_language_server/src/zr_vm_language_server/interface/lsp_interface.c:427	commented	公开契约需在声明处说明调用目的与结果有效期
zr_vm_language_server/include/zr_vm_language_server/lsp_semantic_snapshot.h	ZR_VM_LANGUAGE_SERVER_LSP_SEMANTIC_SNAPSHOT_H	macro	zr_vm_language_server/include/zr_vm_language_server/lsp_semantic_snapshot.h:3	限制本公开头文件在同一编译单元中只定义一次。	仅作为预处理包含保护，不属于运行时接口。	zr_vm_language_server/include/zr_vm_language_server/lsp_semantic_snapshot.h:4	no-comment	结构性头文件保护宏；名称与 #ifndef 已完整表达作用。
zr_vm_language_server/include/zr_vm_language_server/lsp_semantic_snapshot.h	SZrLspContext	type	tests/language_server/lsp_native_virtual_fixture.h:10;tests/language_server/lsp_numeric_range_query_test_support.c:102	声明不暴露内部布局的 LSP 上下文类型，让请求快照 API 借用文档、项目和分析器所有者。	获取的快照引用 context；在 Release 前须保持 context 有效。	zr_vm_language_server/include/zr_vm_language_server/lsp_semantic_snapshot.h:11;tests/language_server/lsp_native_virtual_fixture.h:10;tests/language_server/lsp_numeric_range_query_test_support.c:102	commented	公开类型声明现已使用相邻 Doxygen @brief 说明借用或别名职责。
zr_vm_language_server/include/zr_vm_language_server/lsp_semantic_snapshot.h	SZrLspSemanticSnapshot	type	zr_vm_language_server/stdio/stdio_requests.c:85;zr_vm_language_server/stdio/stdio_semantic_tokens.c:16	声明不暴露内部布局的请求私有语义快照，供多个 LSP 处理器共享一致的代际视图。	只能经 Acquire/Release 管理；GetIdentity 借出的地址在快照释放后失效。	zr_vm_language_server/include/zr_vm_language_server/lsp_semantic_snapshot.h:13;zr_vm_language_server/stdio/stdio_requests.c:85;zr_vm_language_server/stdio/stdio_semantic_tokens.c:16	commented	公开类型声明现已使用相邻 Doxygen @brief 说明借用或别名职责。
zr_vm_language_server/include/zr_vm_language_server/lsp_semantic_snapshot.h	SZrLspSemanticSnapshotIdentity	type	zr_vm_language_server/stdio/stdio_editing.c:67;zr_vm_language_server/stdio/stdio_editing_json.c:101	汇总文档、项目、provider 与分析器的代际身份，供请求发送前验证和结果 ID 复用	TrackDependency 可更新 dependencyFingerprint；GetIdentity 返回的地址仅在快照存活时有效	zr_vm_language_server/include/zr_vm_language_server/lsp_semantic_snapshot.h:17;zr_vm_language_server/stdio/stdio_editing.c:67;zr_vm_language_server/stdio/stdio_editing_json.c:101	commented	声明处 Doxygen 已说明调用职责、前提或结果约束。
zr_vm_language_server/include/zr_vm_language_server/lsp_semantic_snapshot.h	ZrLanguageServer_LspSemanticSnapshot_Acquire	function	zr_vm_language_server/stdio/stdio_requests.c:95;zr_vm_language_server/stdio/stdio_semantic_tokens.c:26	在语义请求开始时获取文档文本和当前项目/分析器身份，用于隔离请求期间的更新	仅文本块被独立保活；AST、分析器和上下文仍为借用引用，请求发出响应前须 Validate；成功后必须 Release；无法取得当前文档或分析器时为 NULL	zr_vm_language_server/include/zr_vm_language_server/lsp_semantic_snapshot.h:29;zr_vm_language_server/stdio/stdio_requests.c:95;zr_vm_language_server/stdio/stdio_semantic_tokens.c:26	commented	声明处 Doxygen 已说明调用职责、前提或结果约束。
zr_vm_language_server/include/zr_vm_language_server/lsp_semantic_snapshot.h	ZrLanguageServer_LspSemanticSnapshot_Release	function	zr_vm_language_server/stdio/stdio_requests.c:116;zr_vm_language_server/stdio/stdio_semantic_tokens.c:33	结束语义请求时释放文本引用与已登记依赖；活动槽应先清空	公开声明；具体资源归属及失败语义由实现和调用方共同约束。	zr_vm_language_server/include/zr_vm_language_server/lsp_semantic_snapshot.h:34;zr_vm_language_server/stdio/stdio_requests.c:116;zr_vm_language_server/stdio/stdio_semantic_tokens.c:33	commented	声明处 Doxygen 已说明调用职责、前提或结果约束。
zr_vm_language_server/include/zr_vm_language_server/lsp_semantic_snapshot.h	ZrLanguageServer_LspSemanticSnapshot_GetIdentity	function	zr_vm_language_server/src/zr_vm_language_server/diagnostics/lsp_diagnostic_store.c:205;zr_vm_language_server/src/zr_vm_language_server/interface/lsp_workspace_edit_snapshot.c:26	读取请求身份，供诊断缓存和编辑版本栅栏比较	借用指针；TrackDependency 后其中的指纹可能变化	zr_vm_language_server/include/zr_vm_language_server/lsp_semantic_snapshot.h:40;zr_vm_language_server/src/zr_vm_language_server/diagnostics/lsp_diagnostic_store.c:205;zr_vm_language_server/src/zr_vm_language_server/interface/lsp_workspace_edit_snapshot.c:26	commented	声明处 Doxygen 已说明调用职责、前提或结果约束。
zr_vm_language_server/include/zr_vm_language_server/lsp_semantic_snapshot.h	ZrLanguageServer_LspSemanticSnapshot_Content	function	tests/language_server/test_lsp_incremental_equivalence.c:409;tests/language_server/test_lsp_incremental_equivalence.c:412	读取请求开始时固定的文本，供语义结果与原文一致性校验	借用缓冲区，Release 后失效；长度由 ContentLength 给出	zr_vm_language_server/include/zr_vm_language_server/lsp_semantic_snapshot.h:45;tests/language_server/test_lsp_incremental_equivalence.c:409;tests/language_server/test_lsp_incremental_equivalence.c:412	commented	声明处 Doxygen 已说明调用职责、前提或结果约束。
zr_vm_language_server/include/zr_vm_language_server/lsp_semantic_snapshot.h	ZrLanguageServer_LspSemanticSnapshot_ContentLength	function	tests/language_server/test_lsp_incremental_equivalence.c:405;tests/language_server/test_lsp_incremental_equivalence.c:407	读取固定文本的字节长度，不能将其误作 UTF-16 列数	公开声明；具体资源归属及失败语义由实现和调用方共同约束。	zr_vm_language_server/include/zr_vm_language_server/lsp_semantic_snapshot.h:48;tests/language_server/test_lsp_incremental_equivalence.c:405;tests/language_server/test_lsp_incremental_equivalence.c:407	commented	声明处 Doxygen 已说明调用职责、前提或结果约束。
zr_vm_language_server/include/zr_vm_language_server/lsp_semantic_snapshot.h	ZrLanguageServer_LspSemanticSnapshot_FormatResultId	function	zr_vm_language_server/stdio/stdio_semantic_tokens.c:42;zr_vm_language_server/stdio/stdio_semantic_tokens.c:107	为语义 token 全量/增量响应生成同一依赖身份下的结果 ID	payloadLength 属于 ID 的一部分，避免长度变化时复用旧 delta；buffer 应足够容纳完整 ID	zr_vm_language_server/include/zr_vm_language_server/lsp_semantic_snapshot.h:52;zr_vm_language_server/stdio/stdio_semantic_tokens.c:42;zr_vm_language_server/stdio/stdio_semantic_tokens.c:107	commented	声明处 Doxygen 已说明调用职责、前提或结果约束。
zr_vm_language_server/include/zr_vm_language_server/lsp_semantic_snapshot.h	ZrLanguageServer_LspSemanticSnapshot_TrackDependency	function	zr_vm_language_server/src/zr_vm_language_server/interface/lsp_interface.c:1250;zr_vm_language_server/src/zr_vm_language_server/snapshot/lsp_semantic_snapshot.c:292	登记请求实际读取的跨文档依赖，让发布前验证和结果 ID 包含该文档	未能捕获依赖版本时为假；调用方不应把未登记的读取视为受快照保护	zr_vm_language_server/include/zr_vm_language_server/lsp_semantic_snapshot.h:61;zr_vm_language_server/src/zr_vm_language_server/interface/lsp_interface.c:1250;zr_vm_language_server/src/zr_vm_language_server/snapshot/lsp_semantic_snapshot.c:292;zr_vm_language_server/src/zr_vm_language_server/snapshot/lsp_semantic_snapshot.c:436;zr_vm_language_server/src/zr_vm_language_server/snapshot/lsp_semantic_snapshot.c:444	TODO	TODO: Lsp_FindAnalyzer 当前丢弃本函数失败结果；需核对缺失版本但分析器仍存在的调用路径是否可发布过期结果。
zr_vm_language_server/include/zr_vm_language_server/lsp_semantic_snapshot.h	ZrLanguageServer_LspSemanticSnapshot_Validate	function	zr_vm_language_server/stdio/stdio_requests.c:232;tests/language_server/test_lsp_incremental_equivalence.c:401	响应发布前复核文档、项目、provider、分析器及已登记依赖的代际状态	任一身份变化时为假；stdio 请求处理器据此返回 Content modified	zr_vm_language_server/include/zr_vm_language_server/lsp_semantic_snapshot.h:68;zr_vm_language_server/stdio/stdio_requests.c:232;tests/language_server/test_lsp_incremental_equivalence.c:401	commented	声明处 Doxygen 已说明调用职责、前提或结果约束。
zr_vm_language_server/include/zr_vm_language_server/lsp_semantic_snapshot.h	ZrLanguageServer_LspSemanticSnapshot_SetActive	function	zr_vm_language_server/stdio/stdio_requests.c:115;zr_vm_language_server/stdio/stdio_requests.c:209	把本次请求快照设为上下文活动槽，以便跨文档分析器读取自动登记依赖	传入快照必须属于同一 context；Release 前应先设 NULL 清空活动槽；活动槽不增加引用计数，同一上下文只有一个槽	zr_vm_language_server/include/zr_vm_language_server/lsp_semantic_snapshot.h:75;zr_vm_language_server/stdio/stdio_requests.c:115;zr_vm_language_server/stdio/stdio_requests.c:209	commented	声明处 Doxygen 已说明调用职责、前提或结果约束。
zr_vm_language_server/include/zr_vm_language_server/lsp_semantic_snapshot.h	ZrLanguageServer_LspSemanticSnapshot_GetActive	function	zr_vm_language_server/stdio/stdio_semantic_tokens.c:24;zr_vm_language_server/stdio/stdio_semantic_tokens.c:87	供语义 token 处理器取得当前请求快照，以生成与请求一致的结果 ID	借用指针；调用方不能释放该槽中的快照	zr_vm_language_server/include/zr_vm_language_server/lsp_semantic_snapshot.h:81;zr_vm_language_server/stdio/stdio_semantic_tokens.c:24;zr_vm_language_server/stdio/stdio_semantic_tokens.c:87	commented	声明处 Doxygen 已说明调用职责、前提或结果约束。
zr_vm_language_server/include/zr_vm_language_server/lsp_semantic_snapshot.h	ZrLanguageServer_LspSemanticSnapshot_ProviderChanged	function	zr_vm_language_server/src/zr_vm_language_server/project/lsp_project.c:2854;zr_vm_language_server/src/zr_vm_language_server/project/lsp_project.c:2896	元数据 provider 重载后推进代际标记，使旧语义快照在发布前验证失败	由项目元数据更新路径调用；不暴露 provider 的内部生命周期	zr_vm_language_server/include/zr_vm_language_server/lsp_semantic_snapshot.h:85;zr_vm_language_server/src/zr_vm_language_server/project/lsp_project.c:2854;zr_vm_language_server/src/zr_vm_language_server/project/lsp_project.c:2896	commented	声明处 Doxygen 已说明调用职责、前提或结果约束。
zr_vm_language_server/include/zr_vm_language_server/lsp_uri.h	ZR_VM_LANGUAGE_SERVER_LSP_URI_H	macro	zr_vm_language_server/include/zr_vm_language_server/lsp_uri.h:5	限制本公开头文件在同一编译单元中只定义一次。	仅作为预处理包含保护，不属于运行时接口。	zr_vm_language_server/include/zr_vm_language_server/lsp_uri.h:6	no-comment	结构性头文件保护宏；名称与 #ifndef 已完整表达作用。
zr_vm_language_server/include/zr_vm_language_server/lsp_uri.h	ZrLanguageServer_LspUri_FileToNativePath	function	zr_vm_language_server/stdio/stdio_document_file.c:55;zr_vm_language_server/src/zr_vm_language_server/interface/lsp_interface_position.c:38	将 file URI 解析为本机绝对路径，供工作区、项目索引和源码读取共用同一文件身份	buffer 可写且 bufferSize 非零；虚拟文档方案不能进入本机文件 API；成功时写入以 NUL 结尾的路径；失败时调用方不得使用 buffer 中的内容	zr_vm_language_server/include/zr_vm_language_server/lsp_uri.h:15;zr_vm_language_server/stdio/stdio_document_file.c:55;zr_vm_language_server/src/zr_vm_language_server/interface/lsp_interface_position.c:38	commented	公开契约只允许在返回真时读取 buffer；Windows 非绝对本机路径返回假符合当前路径边界。
zr_vm_language_server/include/zr_vm_language_server/lsp_uri.h	ZrLanguageServer_LspUri_FromNativePath	function	zr_vm_language_server/stdio/stdio_initialize.c:79;zr_vm_language_server/src/zr_vm_language_server/project/lsp_project.c:1445	把项目发现或导航得到的绝对本机路径转换为客户端可识别的 file URI	nativePath 是以 NUL 结尾的绝对路径；Windows UNC 路径须包含主机和共享名；state 管理的 URI；路径不合法或编码失败时为 NULL	zr_vm_language_server/include/zr_vm_language_server/lsp_uri.h:22;zr_vm_language_server/stdio/stdio_initialize.c:79;zr_vm_language_server/src/zr_vm_language_server/project/lsp_project.c:1445	commented	声明处 Doxygen 已说明调用职责、前提或结果约束。
zr_vm_language_server/include/zr_vm_language_server/lsp_uri.h	ZrLanguageServer_LspUri_Equivalent	function	zr_vm_language_server/stdio/stdio_documents.c:19;zr_vm_language_server/src/zr_vm_language_server/interface/lsp_interface_support.c:227	让打开文档、工作区根目录与项目记录按同一文件身份比较 URI	file URI 经本机路径词法归一化比较且不解析符号链接；虚拟 URI 应按完整长度比较，但当前实现的 strcmp 路径有内嵌 NUL 缺陷。	zr_vm_language_server/include/zr_vm_language_server/lsp_uri.h:28;zr_vm_language_server/stdio/stdio_documents.c:19;zr_vm_language_server/src/zr_vm_language_server/interface/lsp_interface_support.c:227;zr_vm_language_server/src/zr_vm_language_server/protocol/lsp_uri.c:418;zr_vm_language_server/src/zr_vm_language_server/protocol/lsp_uri.c:422	BUG	BUG: 当前实现先用 strcmp 比较 SZrString，含内嵌 NUL 的 URI 可能被误判为同一身份；参见协议实现。
zr_vm_language_server/include/zr_vm_language_server/reference_tracker.h	ZR_VM_LANGUAGE_SERVER_REFERENCE_TRACKER_H	macro	zr_vm_language_server/include/zr_vm_language_server/reference_tracker.h:5	限制本公开头文件在同一编译单元中只定义一次。	仅作为预处理包含保护，不属于运行时接口。	zr_vm_language_server/include/zr_vm_language_server/reference_tracker.h:6	no-comment	结构性头文件保护宏；名称与 #ifndef 已完整表达作用。
zr_vm_language_server/include/zr_vm_language_server/reference_tracker.h	enum EZrReferenceType	type	zr_vm_language_server/src/zr_vm_language_server/semantic/semantic_analyzer_support.c:87	区分导航查询中的读取、写入、定义与调用位置，供语义分析记录引用用途	公开声明；具体资源归属及失败语义由实现和调用方共同约束。	zr_vm_language_server/include/zr_vm_language_server/reference_tracker.h:15;zr_vm_language_server/src/zr_vm_language_server/semantic/semantic_analyzer_support.c:87	commented	声明处 Doxygen 已说明调用职责、前提或结果约束。
zr_vm_language_server/include/zr_vm_language_server/reference_tracker.h	EZrReferenceType	type	zr_vm_language_server/src/zr_vm_language_server/reference_tracker.c:162	把引用用途分类传给追踪器的记录字段与 AddReference 参数。	取值须来自 EZrReferenceType 枚举；引用位置和所指符号的有效期另由追踪器契约约束。	zr_vm_language_server/include/zr_vm_language_server/reference_tracker.h:23;zr_vm_language_server/src/zr_vm_language_server/reference_tracker.c:162	commented	枚举别名已有独立 Doxygen @brief，说明公开 C API 的类型契约。
zr_vm_language_server/include/zr_vm_language_server/reference_tracker.h	SZrReference	type	zr_vm_language_server/src/zr_vm_language_server/reference_tracker.c:89;tests/language_server/test_lsp_interface.c:2037	单次语义引用的展示层记录；符号指针与位置中的 source 均借用分析快照	symbolId 保存规范语义身份；语法恢复路径可能没有有效 ID，消费者须检查。	zr_vm_language_server/include/zr_vm_language_server/reference_tracker.h:29;zr_vm_language_server/src/zr_vm_language_server/reference_tracker.c:89;tests/language_server/test_lsp_interface.c:2037	commented	声明处 Doxygen 已说明调用职责、前提或结果约束。
zr_vm_language_server/include/zr_vm_language_server/reference_tracker.h	SZrReferenceTracker	type	zr_vm_language_server/src/zr_vm_language_server/reference_tracker.c:117;tests/language_server/test_lsp_cross_snapshot_external_reference_cases.h:120	按分析器生命周期持有引用记录；销毁符号表前须先销毁追踪器	公开声明；具体资源归属及失败语义由实现和调用方共同约束。	zr_vm_language_server/include/zr_vm_language_server/reference_tracker.h:37;zr_vm_language_server/src/zr_vm_language_server/reference_tracker.c:117;tests/language_server/test_lsp_cross_snapshot_external_reference_cases.h:120	commented	声明处 Doxygen 已说明调用职责、前提或结果约束。
zr_vm_language_server/include/zr_vm_language_server/reference_tracker.h	ZrLanguageServer_ReferenceTracker_New	function	zr_vm_language_server/src/zr_vm_language_server/semantic/semantic_analyzer.c:1680;zr_vm_language_server/src/zr_vm_language_server/semantic/semantic_analyzer_support.c:329	为一个符号表创建引用集合，供语义分析记录定义和使用位置	state、state->global 和 symbolTable 必须非空；构造本体分配失败返回 NULL；返回的 tracker 由调用方释放；引用数组缓冲失败路径存在已证 BUG。	zr_vm_language_server/include/zr_vm_language_server/reference_tracker.h:50;zr_vm_language_server/src/zr_vm_language_server/semantic/semantic_analyzer.c:1680;zr_vm_language_server/src/zr_vm_language_server/semantic/semantic_analyzer_support.c:329;zr_vm_language_server/src/zr_vm_language_server/reference_tracker.c:117;zr_vm_language_server/src/zr_vm_language_server/reference_tracker.c:118;zr_vm_language_server/src/zr_vm_language_server/reference_tracker.c:127;zr_vm_language_server/src/zr_vm_language_server/reference_tracker.c:132;zr_vm_core/include/zr_vm_core/array.h:36;zr_vm_core/include/zr_vm_core/array.h:42	BUG	BUG: 引用数组分配失败后 Array_Init 仍标记有效，构造函数直接返回，后续 AddReference 可断言或写空缓冲。TODO: symbolTable 参数仅校验非空且未保存；需核查归属约束或评估移除。
zr_vm_language_server/include/zr_vm_language_server/reference_tracker.h	ZrLanguageServer_ReferenceTracker_Free	function	zr_vm_language_server/src/zr_vm_language_server/semantic/semantic_analyzer.c:1747;zr_vm_language_server/src/zr_vm_language_server/semantic/semantic_analyzer_support.c:316	释放追踪器持有的记录；记录中的符号和位置 source 仍归符号表或快照所有	公开声明；具体资源归属及失败语义由实现和调用方共同约束。	zr_vm_language_server/include/zr_vm_language_server/reference_tracker.h:54;zr_vm_language_server/src/zr_vm_language_server/semantic/semantic_analyzer.c:1747;zr_vm_language_server/src/zr_vm_language_server/semantic/semantic_analyzer_support.c:316	commented	声明处 Doxygen 已说明调用职责、前提或结果约束。
zr_vm_language_server/include/zr_vm_language_server/reference_tracker.h	ZrLanguageServer_ReferenceTracker_AddReference	function	zr_vm_language_server/src/zr_vm_language_server/semantic/semantic_analyzer_support.c:83;tests/language_server/test_reference_tracker.c:169	把一次引用同时登记到追踪器与符号的引用视图，服务后续定位与计数	symbol 属于关联的仍存活符号表；location 的 source 在查询期间有效；底层 Array_Push 不返回扩容结果，本接口不能报告后续数组扩容失败；参数无效或记录本体分配失败时返回假	zr_vm_language_server/include/zr_vm_language_server/reference_tracker.h:62;zr_vm_language_server/src/zr_vm_language_server/semantic/semantic_analyzer_support.c:83;tests/language_server/test_reference_tracker.c:169	commented	声明处 Doxygen 已说明调用职责、前提或结果约束。
zr_vm_language_server/include/zr_vm_language_server/reference_tracker.h	ZrLanguageServer_ReferenceTracker_FindReferenceAt	function	tests/language_server/test_reference_tracker.c:183;tests/language_server/test_reference_tracker.c:252	在同源位置中选最窄的引用，供按位置查询识别光标所在符号	返回借用指针；同跨度时非定义引用优先，追踪器释放后不得继续使用。	zr_vm_language_server/include/zr_vm_language_server/reference_tracker.h:72;tests/language_server/test_reference_tracker.c:183;tests/language_server/test_reference_tracker.c:252	commented	声明处 Doxygen 已说明调用职责、前提或结果约束。
zr_vm_language_server/include/zr_vm_language_server/semantic_analyzer.h	ZR_VM_LANGUAGE_SERVER_SEMANTIC_ANALYZER_H	macro	zr_vm_language_server/include/zr_vm_language_server/semantic_analyzer.h:5	限制本公开头文件在同一编译单元中只定义一次。	仅作为预处理包含保护，不属于运行时接口。	zr_vm_language_server/include/zr_vm_language_server/semantic_analyzer.h:6	no-comment	结构性头文件保护宏；名称与 #ifndef 已完整表达作用。
zr_vm_language_server/include/zr_vm_language_server/semantic_analyzer.h	SZrFileChangeInfo	type	zr_vm_language_server/src/zr_vm_language_server/incremental/incremental_syntax_reparse.c:22;zr_vm_language_server/src/zr_vm_language_server/incremental/incremental_syntax_reparse.h:15	增量解析产生的编辑范围与影响分类，供缓存保留判定借用	公开声明；具体资源归属及失败语义由实现和调用方共同约束。	zr_vm_language_server/include/zr_vm_language_server/semantic_analyzer.h:21;zr_vm_language_server/src/zr_vm_language_server/incremental/incremental_syntax_reparse.c:22;zr_vm_language_server/src/zr_vm_language_server/incremental/incremental_syntax_reparse.h:15	commented	声明处 Doxygen 已说明调用职责、前提或结果约束。
zr_vm_language_server/include/zr_vm_language_server/semantic_analyzer.h	enum EZrDiagnosticSeverity	type	zr_vm_language_server/src/zr_vm_language_server/semantic/semantic_analyzer_diagnostic_projection.c:83	LSP 发布层使用的诊断等级，由 parser 结构化诊断投影而来	公开声明；具体资源归属及失败语义由实现和调用方共同约束。	zr_vm_language_server/include/zr_vm_language_server/semantic_analyzer.h:24;zr_vm_language_server/src/zr_vm_language_server/semantic/semantic_analyzer_diagnostic_projection.c:83	commented	声明处 Doxygen 已说明调用职责、前提或结果约束。
zr_vm_language_server/include/zr_vm_language_server/semantic_analyzer.h	EZrDiagnosticSeverity	type	zr_vm_language_server/src/zr_vm_language_server/semantic/semantic_analyzer.c:2126;zr_vm_language_server/src/zr_vm_language_server/semantic/semantic_analyzer_diagnostic_projection.c:7	把诊断等级分类传给诊断记录与构造 API，供协议投影映射严重程度。	仅使用 EZrDiagnosticSeverity 的枚举值；展示优先级由诊断序列化层解释。	zr_vm_language_server/include/zr_vm_language_server/semantic_analyzer.h:32;zr_vm_language_server/src/zr_vm_language_server/semantic/semantic_analyzer.c:2126;zr_vm_language_server/src/zr_vm_language_server/semantic/semantic_analyzer_diagnostic_projection.c:7	commented	枚举别名已有独立 Doxygen @brief，说明公开 C API 的类型契约。
zr_vm_language_server/include/zr_vm_language_server/semantic_analyzer.h	SZrDiagnosticRelatedInformation	type	zr_vm_language_server/src/zr_vm_language_server/interface/lsp_interface_support.c:1097;zr_vm_language_server/src/zr_vm_language_server/semantic/semantic_analyzer.c:2163	诊断附加的跨位置线索；message 由状态中的 GC 管理	公开声明；具体资源归属及失败语义由实现和调用方共同约束。	zr_vm_language_server/include/zr_vm_language_server/semantic_analyzer.h:35;zr_vm_language_server/src/zr_vm_language_server/interface/lsp_interface_support.c:1097;zr_vm_language_server/src/zr_vm_language_server/semantic/semantic_analyzer.c:2163	commented	声明处 Doxygen 已说明调用职责、前提或结果约束。
zr_vm_language_server/include/zr_vm_language_server/semantic_analyzer.h	SZrDiagnosticFix	type	zr_vm_language_server/src/zr_vm_language_server/interface/lsp_diagnostic_fixes.c:25;zr_vm_language_server/src/zr_vm_language_server/semantic/semantic_analyzer_diagnostic_fixes.c:10	可投影为 code action 的单项修复，范围与适用性来自 parser 诊断	公开声明；具体资源归属及失败语义由实现和调用方共同约束。	zr_vm_language_server/include/zr_vm_language_server/semantic_analyzer.h:41;zr_vm_language_server/src/zr_vm_language_server/interface/lsp_diagnostic_fixes.c:25;zr_vm_language_server/src/zr_vm_language_server/semantic/semantic_analyzer_diagnostic_fixes.c:10	commented	声明处 Doxygen 已说明调用职责、前提或结果约束。
zr_vm_language_server/include/zr_vm_language_server/semantic_analyzer.h	SZrDiagnostic	type	tests/language_server/test_lsp_interface.c:2025;tests/language_server/test_lsp_semantic_query_diagnostic_replacement_cases.h:30	汇集 parser 错误、语义事实和可选修复，供发布诊断与 code action 复用	结构本体及两个附属数组由 Diagnostic_Free 释放；字符串由 GC 管理。	zr_vm_language_server/include/zr_vm_language_server/semantic_analyzer.h:52;tests/language_server/test_lsp_interface.c:2025;tests/language_server/test_lsp_semantic_query_diagnostic_replacement_cases.h:30	commented	声明处 Doxygen 已说明调用职责、前提或结果约束。
zr_vm_language_server/include/zr_vm_language_server/semantic_analyzer.h	SZrCompletionItem	type	zr_vm_language_server/src/zr_vm_language_server/interface/lsp_completion_semantic_facts.c:490;zr_vm_language_server/src/zr_vm_language_server/interface/lsp_interface.c:1774	补全查询交给 LSP 序列化层的展示项	字符串由 GC 管理；可选 typeInfo 只借用，不随 CompletionItem_Free 释放。	zr_vm_language_server/include/zr_vm_language_server/semantic_analyzer.h:70;zr_vm_language_server/src/zr_vm_language_server/interface/lsp_completion_semantic_facts.c:490;zr_vm_language_server/src/zr_vm_language_server/interface/lsp_interface.c:1774	commented	声明处 Doxygen 已说明调用职责、前提或结果约束。
zr_vm_language_server/include/zr_vm_language_server/semantic_analyzer.h	SZrHoverInfo	type	zr_vm_language_server/src/zr_vm_language_server/semantic/semantic_analyzer.c:1969;tests/language_server/test_semantic_analyzer.c:229	悬停文本与对应源码范围的展示结果	contents 由 GC 管理；typeInfo 只借用，调用方不得让它先于结果消费者失效。	zr_vm_language_server/include/zr_vm_language_server/semantic_analyzer.h:82;zr_vm_language_server/src/zr_vm_language_server/semantic/semantic_analyzer.c:1969;tests/language_server/test_semantic_analyzer.c:229	commented	声明处 Doxygen 已说明调用职责、前提或结果约束。
zr_vm_language_server/include/zr_vm_language_server/semantic_analyzer.h	SZrAnalysisCache	type	zr_vm_language_server/src/zr_vm_language_server/semantic/semantic_analyzer.c:1604;zr_vm_language_server/src/zr_vm_language_server/semantic/semantic_analyzer.c:1606	用 AST 内容哈希和声明范围验证可复用的语义查询结果	只有 isValid 且哈希、范围与旧 AST 保有关系均匹配时才能复用借用事实。	zr_vm_language_server/include/zr_vm_language_server/semantic_analyzer.h:92;zr_vm_language_server/src/zr_vm_language_server/semantic/semantic_analyzer.c:1604;zr_vm_language_server/src/zr_vm_language_server/semantic/semantic_analyzer.c:1606	commented	声明处 Doxygen 已说明调用职责、前提或结果约束。
zr_vm_language_server/include/zr_vm_language_server/semantic_analyzer.h	SZrSemanticAnalysisMetrics	type	zr_vm_language_server/src/zr_vm_language_server/semantic/semantic_analyzer.c:1786;zr_vm_language_server/src/zr_vm_language_server/semantic/semantic_analyzer_analysis.c:112	记录请求、实际执行、命中及局部缓存失效原因，供回归用例验证重算边界	公开声明；具体资源归属及失败语义由实现和调用方共同约束。	zr_vm_language_server/include/zr_vm_language_server/semantic_analyzer.h:102;zr_vm_language_server/src/zr_vm_language_server/semantic/semantic_analyzer.c:1786;zr_vm_language_server/src/zr_vm_language_server/semantic/semantic_analyzer_analysis.c:112	commented	声明处 Doxygen 已说明调用职责、前提或结果约束。
zr_vm_language_server/include/zr_vm_language_server/semantic_analyzer.h	SZrSemanticAnalyzer	type	tests/language_server/test_lsp_analysis_provider_generation_cases.h:5;tests/language_server/test_lsp_canonical_completion_cases.h:41	按文档版本聚合符号、引用、诊断和 parser 语义上下文，供 LSP 查询	ast、semanticContext 与 hirModule 通常借用文档或编译器状态；scopedQueryAnalyzer 和 ownedAst 由本对象拥有，borrowedAst 由历史快照持有。 文档更新必须先完成旧 AST 的缓存保留判定，再交由解析器替换 AST。	zr_vm_language_server/include/zr_vm_language_server/semantic_analyzer.h:119;tests/language_server/test_lsp_analysis_provider_generation_cases.h:5;tests/language_server/test_lsp_canonical_completion_cases.h:41	commented	声明处 Doxygen 已说明调用职责、前提或结果约束。
zr_vm_language_server/include/zr_vm_language_server/semantic_analyzer.h	ZrLanguageServer_SemanticAnalyzer_New	function	tests/language_server/test_lsp_local_semantic_scope_cases.h:146;tests/language_server/test_lsp_semantic_query_diagnostic_replacement_cases.h:27	为一个文档版本建立符号、引用与诊断的拥有者；首次分析时再建编译器事实	成功时返回需用 SemanticAnalyzer_Free 释放的分析器。	zr_vm_language_server/include/zr_vm_language_server/semantic_analyzer.h:145;tests/language_server/test_lsp_local_semantic_scope_cases.h:146;tests/language_server/test_lsp_semantic_query_diagnostic_replacement_cases.h:27	commented	声明处 Doxygen 已说明调用职责、前提或结果约束。
zr_vm_language_server/include/zr_vm_language_server/semantic_analyzer.h	ZrLanguageServer_SemanticAnalyzer_SetCacheEnabled	function	zr_vm_language_server/src/zr_vm_language_server/semantic/semantic_analyzer_scope_cache.c:277;zr_vm_language_server/src/zr_vm_language_server/semantic/semantic_analyzer.c:2311	设定主分析与局部查询的缓存策略；关闭缓存不等于立即释放已分配存储	公开声明；具体资源归属及失败语义由实现和调用方共同约束。	zr_vm_language_server/include/zr_vm_language_server/semantic_analyzer.h:148;zr_vm_language_server/src/zr_vm_language_server/semantic/semantic_analyzer_scope_cache.c:277;zr_vm_language_server/src/zr_vm_language_server/semantic/semantic_analyzer.c:2311	commented	声明处 Doxygen 已说明调用职责、前提或结果约束。
zr_vm_language_server/include/zr_vm_language_server/semantic_analyzer.h	ZrLanguageServer_SemanticAnalyzer_ClearCache	function	zr_vm_language_server/src/zr_vm_language_server/project/lsp_project.c:1840;zr_vm_language_server/src/zr_vm_language_server/semantic/semantic_analyzer.c:1705	文档或外部 provider 变化时撤销可复用事实和局部查询分析器	公开声明；具体资源归属及失败语义由实现和调用方共同约束。	zr_vm_language_server/include/zr_vm_language_server/semantic_analyzer.h:151;zr_vm_language_server/src/zr_vm_language_server/project/lsp_project.c:1840;zr_vm_language_server/src/zr_vm_language_server/semantic/semantic_analyzer.c:1705	commented	声明处 Doxygen 已说明调用职责、前提或结果约束。
zr_vm_language_server/include/zr_vm_language_server/semantic_analyzer.h	ZrLanguageServer_SemanticAnalyzer_GetCacheStorageBytes	function	zr_vm_language_server/src/zr_vm_language_server/interface/lsp_semantic_cache_lru.c:43;zr_vm_language_server/src/zr_vm_language_server/interface/lsp_semantic_cache_lru.c:203	估算主分析器与局部分析器占用的可回收缓存字节，供工作区 LRU 预算管理	公开声明；具体资源归属及失败语义由实现和调用方共同约束。	zr_vm_language_server/include/zr_vm_language_server/semantic_analyzer.h:154;zr_vm_language_server/src/zr_vm_language_server/interface/lsp_semantic_cache_lru.c:43;zr_vm_language_server/src/zr_vm_language_server/interface/lsp_semantic_cache_lru.c:203	commented	声明处 Doxygen 已说明调用职责、前提或结果约束。
zr_vm_language_server/include/zr_vm_language_server/semantic_analyzer.h	ZrLanguageServer_SemanticAnalyzer_ReleaseCacheStorage	function	zr_vm_language_server/src/zr_vm_language_server/interface/lsp_semantic_cache_lru.c:205;zr_vm_language_server/src/zr_vm_language_server/semantic/semantic_analyzer.c:2392	在工作区预算回收时释放可重建的缓存存储，同时保留分析器身份	公开声明；具体资源归属及失败语义由实现和调用方共同约束。	zr_vm_language_server/include/zr_vm_language_server/semantic_analyzer.h:158;zr_vm_language_server/src/zr_vm_language_server/interface/lsp_semantic_cache_lru.c:205;zr_vm_language_server/src/zr_vm_language_server/semantic/semantic_analyzer.c:2392	commented	声明处 Doxygen 已说明调用职责、前提或结果约束。
zr_vm_language_server/include/zr_vm_language_server/semantic_analyzer.h	ZrLanguageServer_SemanticAnalyzer_GetMetrics	function	tests/language_server/test_lsp_analysis_provider_generation_cases.h:68;tests/language_server/test_lsp_local_semantic_dependency_cases.h:201	拷贝分析请求与缓存指标，供测试比较编辑前后的重算范围	公开声明；具体资源归属及失败语义由实现和调用方共同约束。	zr_vm_language_server/include/zr_vm_language_server/semantic_analyzer.h:162;tests/language_server/test_lsp_analysis_provider_generation_cases.h:68;tests/language_server/test_lsp_local_semantic_dependency_cases.h:201	commented	声明处 Doxygen 已说明调用职责、前提或结果约束。
zr_vm_language_server/include/zr_vm_language_server/semantic_analyzer.h	ZrLanguageServer_SemanticAnalyzer_GetOrCreateScopedQueryAnalyzer	function	tests/language_server/test_lsp_analysis_provider_generation_cases.h:61;tests/language_server/test_lsp_analysis_provider_generation_cases.h:93	获取主分析器拥有的局部查询分析器，避免局部请求覆盖全量事实	返回借用指针；主分析器重置缓存、失效或释放后不可保留此指针。	zr_vm_language_server/include/zr_vm_language_server/semantic_analyzer.h:170;tests/language_server/test_lsp_analysis_provider_generation_cases.h:61;tests/language_server/test_lsp_analysis_provider_generation_cases.h:93	commented	声明处 Doxygen 已说明调用职责、前提或结果约束。
zr_vm_language_server/include/zr_vm_language_server/semantic_analyzer.h	ZrLanguageServer_SemanticAnalyzer_InvalidateScopedQueryAnalyzer	function	zr_vm_language_server/src/zr_vm_language_server/interface/lsp_interface.c:1451;zr_vm_language_server/src/zr_vm_language_server/semantic/semantic_analyzer.c:1740	撤销局部事实及旧 AST 借用，供编辑、provider 切换或历史快照退出调用	公开声明；具体资源归属及失败语义由实现和调用方共同约束。	zr_vm_language_server/include/zr_vm_language_server/semantic_analyzer.h:175;zr_vm_language_server/src/zr_vm_language_server/interface/lsp_interface.c:1451;zr_vm_language_server/src/zr_vm_language_server/semantic/semantic_analyzer.c:1740	commented	声明处 Doxygen 已说明调用职责、前提或结果约束。
zr_vm_language_server/include/zr_vm_language_server/semantic_analyzer.h	ZrLanguageServer_SemanticAnalyzer_PrepareScopedQueryCacheForChange	function	zr_vm_language_server/src/zr_vm_language_server/interface/lsp_interface.c:1425	解析器替换旧树前，判断局部缓存能否跨编辑存活并报告是否要保留旧 AST	currentAst、changeInfo 对应当前文档版本；调用后须按 retainCurrentAst 选择解析入口；返回假时局部查询缓存已失效，retainCurrentAst 会置假。	zr_vm_language_server/include/zr_vm_language_server/semantic_analyzer.h:184;zr_vm_language_server/src/zr_vm_language_server/interface/lsp_interface.c:1425	commented	声明处 Doxygen 已说明调用职责、前提或结果约束。
zr_vm_language_server/include/zr_vm_language_server/semantic_analyzer.h	ZrLanguageServer_SemanticAnalyzer_CommitScopedQueryCachePreservation	function	zr_vm_language_server/src/zr_vm_language_server/interface/lsp_interface.c:1516	解析新树后再次校验声明范围和内容，决定是否沿用旧局部语义事实	state 非空，newAst 属于替换后的文档版本；retainedAst 非空时由本函数在成功路径接管，失败路径释放；调用方不得重复释放。	zr_vm_language_server/include/zr_vm_language_server/semantic_analyzer.h:196;zr_vm_language_server/src/zr_vm_language_server/interface/lsp_interface.c:1516	commented	声明处 Doxygen 已说明调用职责、前提或结果约束。
zr_vm_language_server/include/zr_vm_language_server/semantic_analyzer.h	ZrLanguageServer_SemanticAnalyzer_Free	function	tests/language_server/test_lsp_local_semantic_scope_cases.h:174;tests/language_server/test_lsp_semantic_query_diagnostic_replacement_cases.h:53	释放分析器拥有的事实与缓存；普通 ast 仍由文档版本持有	公开声明；具体资源归属及失败语义由实现和调用方共同约束。	zr_vm_language_server/include/zr_vm_language_server/semantic_analyzer.h:203;tests/language_server/test_lsp_local_semantic_scope_cases.h:174;tests/language_server/test_lsp_semantic_query_diagnostic_replacement_cases.h:53	commented	声明处 Doxygen 已说明调用职责、前提或结果约束。
zr_vm_language_server/include/zr_vm_language_server/semantic_analyzer.h	ZrLanguageServer_SemanticAnalyzer_Analyze	function	tests/language_server/test_lsp_analysis_provider_generation_cases.h:69;tests/language_server/test_ownership_diagnostics.c:249	让项目索引或打开文档发布整棵 AST 的符号、类型和诊断事实	ast 在分析器使用期间由文档或快照持有；不得在查询前释放。	zr_vm_language_server/include/zr_vm_language_server/semantic_analyzer.h:209;tests/language_server/test_lsp_analysis_provider_generation_cases.h:69;tests/language_server/test_ownership_diagnostics.c:249	commented	声明处 Doxygen 已说明调用职责、前提或结果约束。
zr_vm_language_server/include/zr_vm_language_server/semantic_analyzer.h	ZrLanguageServer_SemanticAnalyzer_AnalyzeScope	function	tests/language_server/test_lsp_analysis_provider_generation_cases.h:65;zr_vm_language_server/src/zr_vm_language_server/semantic/semantic_analyzer_analysis.c:242	对一棵 AST 中的声明根进行局部语义查询；缓存命中时可复用旧事实	scopeRoot 必须为 ast 本身或其中受支持的声明节点；旧事实借用的 AST 须继续存活。	zr_vm_language_server/include/zr_vm_language_server/semantic_analyzer.h:216;tests/language_server/test_lsp_analysis_provider_generation_cases.h:65;zr_vm_language_server/src/zr_vm_language_server/semantic/semantic_analyzer_analysis.c:242	commented	声明处 Doxygen 已说明调用职责、前提或结果约束。
zr_vm_language_server/include/zr_vm_language_server/semantic_analyzer.h	ZrLanguageServer_SemanticAnalyzer_FindAnalysisRootAtPosition	function	zr_vm_language_server/src/zr_vm_language_server/semantic/semantic_analyzer_change.c:81;zr_vm_language_server/src/zr_vm_language_server/semantic/semantic_analyzer_scope_cache.c:51	按文档位置选出可独立分析的最内层声明，供编辑分类与局部查询共用	公开声明；具体资源归属及失败语义由实现和调用方共同约束。	zr_vm_language_server/include/zr_vm_language_server/semantic_analyzer.h:223;zr_vm_language_server/src/zr_vm_language_server/semantic/semantic_analyzer_change.c:81;zr_vm_language_server/src/zr_vm_language_server/semantic/semantic_analyzer_scope_cache.c:51	commented	声明处 Doxygen 已说明调用职责、前提或结果约束。
zr_vm_language_server/include/zr_vm_language_server/semantic_analyzer.h	ZrLanguageServer_SemanticAnalyzer_ClassifyFileChange	function	zr_vm_language_server/src/zr_vm_language_server/interface/lsp_interface.c:1418;tests/language_server/test_lsp_snapshot_cache_cases.h:732	在增量解析前判定编辑影响声明正文、签名或整个模块，以免误用局部缓存	边界编辑或无法定位声明时保守地标为模块级影响。	zr_vm_language_server/include/zr_vm_language_server/semantic_analyzer.h:230;zr_vm_language_server/src/zr_vm_language_server/interface/lsp_interface.c:1418;tests/language_server/test_lsp_snapshot_cache_cases.h:732	commented	声明处 Doxygen 已说明调用职责、前提或结果约束。
zr_vm_language_server/include/zr_vm_language_server/semantic_analyzer.h	ZrLanguageServer_SemanticAnalyzer_GetDiagnostics	function	zr_vm_language_server/src/zr_vm_language_server/interface/lsp_interface.c:1670;tests/language_server/test_semantic_analyzer.c:1776	把当前分析的诊断借用指针追加到结果数组，供 LSP 立即序列化	result 经 Array_Construct 或 Array_Init 准备；调用方释放数组容器；元素仍归分析器所有；下一轮分析或分析器释放后不可继续使用。	zr_vm_language_server/include/zr_vm_language_server/semantic_analyzer.h:239;zr_vm_language_server/src/zr_vm_language_server/interface/lsp_interface.c:1670;tests/language_server/test_semantic_analyzer.c:1776	commented	声明处 Doxygen 已说明调用职责、前提或结果约束。
zr_vm_language_server/include/zr_vm_language_server/semantic_analyzer.h	ZrLanguageServer_SemanticAnalyzer_GetSymbolAt	function	zr_vm_language_server/src/zr_vm_language_server/interface/lsp_interface_support.c:5222;zr_vm_language_server/src/zr_vm_language_server/semantic/semantic_analyzer.c:1994	通过 parser 规范 SymbolId 找到展示层符号；结果由分析器的符号表持有	公开声明；具体资源归属及失败语义由实现和调用方共同约束。	zr_vm_language_server/include/zr_vm_language_server/semantic_analyzer.h:244;zr_vm_language_server/src/zr_vm_language_server/interface/lsp_interface_support.c:5222;zr_vm_language_server/src/zr_vm_language_server/semantic/semantic_analyzer.c:1994	commented	声明处 Doxygen 已说明调用职责、前提或结果约束。
zr_vm_language_server/include/zr_vm_language_server/semantic_analyzer.h	ZrLanguageServer_SemanticAnalyzer_ResolveTypeAtPosition	function	tests/language_server/test_lsp_interface.c:7778;zr_vm_language_server/src/zr_vm_language_server/semantic/semantic_analyzer.c:1997	从规范类型事实复制位置处的精确类型，供表达式悬停展示	outType 已由调用方初始化；成功后的复制内容也由调用方释放；缺少精确事实或已解析类型引用时返回假。	zr_vm_language_server/include/zr_vm_language_server/semantic_analyzer.h:252;tests/language_server/test_lsp_interface.c:7778;zr_vm_language_server/src/zr_vm_language_server/semantic/semantic_analyzer.c:1997	commented	声明处 Doxygen 已说明调用职责、前提或结果约束。
zr_vm_language_server/include/zr_vm_language_server/semantic_analyzer.h	ZrLanguageServer_SemanticAnalyzer_FormatTypeId	function	zr_vm_language_server/src/zr_vm_language_server/interface/lsp_interface_support.c:2146;zr_vm_language_server/src/zr_vm_language_server/lsp_property_code_actions.c:353	用 parser 的规范类型格式化规则写入调用方缓冲区，保持各 LSP 展示入口一致	公开声明；具体资源归属及失败语义由实现和调用方共同约束。	zr_vm_language_server/include/zr_vm_language_server/semantic_analyzer.h:259;zr_vm_language_server/src/zr_vm_language_server/interface/lsp_interface_support.c:2146;zr_vm_language_server/src/zr_vm_language_server/lsp_property_code_actions.c:353	commented	声明处 Doxygen 已说明调用职责、前提或结果约束。
zr_vm_language_server/include/zr_vm_language_server/semantic_analyzer.h	ZrLanguageServer_SemanticAnalyzer_GetHoverInfo	function	tests/language_server/test_semantic_analyzer.c:1188;tests/language_server/test_semantic_analyzer.c:1275	把符号或精确表达式事实转成悬停文本；成功结果由调用方用 HoverInfo_Free 释放	可选 typeInfo 通常借用分析器符号，须在分析器重算前消费	zr_vm_language_server/include/zr_vm_language_server/semantic_analyzer.h:271;tests/language_server/test_semantic_analyzer.c:1188;tests/language_server/test_semantic_analyzer.c:1275;zr_vm_language_server/src/zr_vm_language_server/semantic/semantic_analyzer.c:2005;zr_vm_language_server/src/zr_vm_language_server/semantic/semantic_analyzer.c:2014;zr_vm_language_server/src/zr_vm_language_server/semantic/semantic_analyzer.c:2281	BUG	BUG: 无符号但解析出精确表达式类型时，实现把栈上 resolvedType 借给结果并立即释放其内部资源；读取返回结果的 typeInfo 会遇到悬空指针，见 semantic_analyzer.c 中该分支。
zr_vm_language_server/include/zr_vm_language_server/semantic_analyzer.h	ZrLanguageServer_Diagnostic_New	function	zr_vm_language_server/src/zr_vm_language_server/incremental_parser.c:79;zr_vm_language_server/src/zr_vm_language_server/interface/lsp_interface.c:1655	创建可直接发布的诊断，包括原始错误或分析不可用提示	返回对象由调用方用 Diagnostic_Free 释放；message 必须非空。	zr_vm_language_server/include/zr_vm_language_server/semantic_analyzer.h:280;zr_vm_language_server/src/zr_vm_language_server/incremental_parser.c:79;zr_vm_language_server/src/zr_vm_language_server/interface/lsp_interface.c:1655	commented	声明处 Doxygen 已说明调用职责、前提或结果约束。
zr_vm_language_server/include/zr_vm_language_server/semantic_analyzer.h	ZrLanguageServer_Diagnostic_FromStructured	function	zr_vm_language_server/src/zr_vm_language_server/incremental_parser.c:103;zr_vm_language_server/src/zr_vm_language_server/semantic/semantic_analyzer_query_diagnostics.c:185	复制 parser 结构化诊断的文本、附加位置与修复，供 LSP 响应独立持有	位置中的 source 仍借用原有 GC 字符串；失败时返回 ZR_NULL，已分配的中间对象由本函数清理。	zr_vm_language_server/include/zr_vm_language_server/semantic_analyzer.h:290;zr_vm_language_server/src/zr_vm_language_server/incremental_parser.c:103;zr_vm_language_server/src/zr_vm_language_server/semantic/semantic_analyzer_query_diagnostics.c:185	commented	声明处 Doxygen 已说明调用职责、前提或结果约束。
zr_vm_language_server/include/zr_vm_language_server/semantic_analyzer.h	ZrLanguageServer_Diagnostic_AddRelatedInformation	function	zr_vm_language_server/src/zr_vm_language_server/project/lsp_project_diagnostics.c:102;zr_vm_language_server/src/zr_vm_language_server/semantic/semantic_analyzer_diagnostic_projection.c:129	为诊断补充跨位置线索，供编辑器解释错误因果关系	公开声明；具体资源归属及失败语义由实现和调用方共同约束。	zr_vm_language_server/include/zr_vm_language_server/semantic_analyzer.h:294;zr_vm_language_server/src/zr_vm_language_server/project/lsp_project_diagnostics.c:102;zr_vm_language_server/src/zr_vm_language_server/semantic/semantic_analyzer_diagnostic_projection.c:129	commented	声明处 Doxygen 已说明调用职责、前提或结果约束。
zr_vm_language_server/include/zr_vm_language_server/semantic_analyzer.h	ZrLanguageServer_Diagnostic_AddFix	function	zr_vm_language_server/src/zr_vm_language_server/semantic/semantic_analyzer_diagnostic_projection.c:112	把 parser 的结构化修复复制到诊断，供 code action 投影读取	公开声明；具体资源归属及失败语义由实现和调用方共同约束。	zr_vm_language_server/include/zr_vm_language_server/semantic_analyzer.h:300;zr_vm_language_server/src/zr_vm_language_server/semantic/semantic_analyzer_diagnostic_projection.c:112	commented	声明处 Doxygen 已说明调用职责、前提或结果约束。
zr_vm_language_server/include/zr_vm_language_server/semantic_analyzer.h	ZrLanguageServer_Diagnostic_Free	function	zr_vm_language_server/src/zr_vm_language_server/incremental_parser.c:36;zr_vm_language_server/src/zr_vm_language_server/interface/lsp_interface.c:1663	释放诊断本体与附属数组；GC 字符串仍归状态管理	公开声明；具体资源归属及失败语义由实现和调用方共同约束。	zr_vm_language_server/include/zr_vm_language_server/semantic_analyzer.h:306;zr_vm_language_server/src/zr_vm_language_server/incremental_parser.c:36;zr_vm_language_server/src/zr_vm_language_server/interface/lsp_interface.c:1663	commented	声明处 Doxygen 已说明调用职责、前提或结果约束。
zr_vm_language_server/include/zr_vm_language_server/semantic_analyzer.h	ZrLanguageServer_CompletionItem_New	function	zr_vm_language_server/src/zr_vm_language_server/interface/lsp_interface_support.c:1443;zr_vm_language_server/src/zr_vm_language_server/lsp_token_metadata.c:127	创建供补全响应合并与序列化的展示项	可选 typeInfo 只借用；项本体由调用方用 CompletionItem_Free 释放。	zr_vm_language_server/include/zr_vm_language_server/semantic_analyzer.h:312;zr_vm_language_server/src/zr_vm_language_server/interface/lsp_interface_support.c:1443;zr_vm_language_server/src/zr_vm_language_server/lsp_token_metadata.c:127	commented	声明处 Doxygen 已说明调用职责、前提或结果约束。
zr_vm_language_server/include/zr_vm_language_server/semantic_analyzer.h	ZrLanguageServer_CompletionItem_Free	function	zr_vm_language_server/src/zr_vm_language_server/interface/lsp_interface.c:1842;tests/language_server/test_lsp_canonical_completion_cases.h:202	释放补全项本体；借用类型与 GC 字符串不在此释放	公开声明；具体资源归属及失败语义由实现和调用方共同约束。	zr_vm_language_server/include/zr_vm_language_server/semantic_analyzer.h:320;zr_vm_language_server/src/zr_vm_language_server/interface/lsp_interface.c:1842;tests/language_server/test_lsp_canonical_completion_cases.h:202	commented	声明处 Doxygen 已说明调用职责、前提或结果约束。
zr_vm_language_server/include/zr_vm_language_server/semantic_analyzer.h	ZrLanguageServer_HoverInfo_New	function	zr_vm_language_server/src/zr_vm_language_server/semantic/semantic_analyzer.c:2008	为悬停查询创建文本与范围结果；typeInfo 仅借用	若传入 typeInfo，其对象及内部资源须活到结果最后一次被读取。	zr_vm_language_server/include/zr_vm_language_server/semantic_analyzer.h:326;zr_vm_language_server/src/zr_vm_language_server/semantic/semantic_analyzer.c:2008	commented	声明处 Doxygen 已说明调用职责、前提或结果约束。
zr_vm_language_server/include/zr_vm_language_server/semantic_analyzer.h	ZrLanguageServer_HoverInfo_Free	function	tests/language_server/test_semantic_analyzer.c:2601;tests/language_server/test_semantic_analyzer.c:2610	释放悬停结果本体；不释放借用类型及 GC 字符串	公开声明；具体资源归属及失败语义由实现和调用方共同约束。	zr_vm_language_server/include/zr_vm_language_server/semantic_analyzer.h:332;tests/language_server/test_semantic_analyzer.c:2601;tests/language_server/test_semantic_analyzer.c:2610	commented	声明处 Doxygen 已说明调用职责、前提或结果约束。
zr_vm_language_server/include/zr_vm_language_server/symbol_table.h	ZR_VM_LANGUAGE_SERVER_SYMBOL_TABLE_H	macro	zr_vm_language_server/include/zr_vm_language_server/symbol_table.h:5	限制本公开头文件在同一编译单元中只定义一次。	仅作为预处理包含保护，不属于运行时接口。	zr_vm_language_server/include/zr_vm_language_server/symbol_table.h:6	no-comment	结构性头文件保护宏；名称与 #ifndef 已完整表达作用。
zr_vm_language_server/include/zr_vm_language_server/symbol_table.h	enum EZrSymbolType	type	zr_vm_language_server/src/zr_vm_language_server/semantic/semantic_analyzer_symbols.c:765	将 AST 声明种类映射为 LSP 展示、补全与导航共用的符号分类	公开声明；具体资源归属及失败语义由实现和调用方共同约束。	zr_vm_language_server/include/zr_vm_language_server/symbol_table.h:20;zr_vm_language_server/src/zr_vm_language_server/semantic/semantic_analyzer_symbols.c:765	commented	声明处 Doxygen 已说明调用职责、前提或结果约束。
zr_vm_language_server/include/zr_vm_language_server/symbol_table.h	EZrSymbolType	type	zr_vm_language_server/src/zr_vm_language_server/interface/lsp_interface_support.c:358;zr_vm_language_server/src/zr_vm_language_server/metadata/lsp_metadata_provider.c:724	把符号分类传给 Symbol_New/AddSymbolEx 并保存在符号视图中，供后续 LSP kind 投影。	类型须与实际声明类别相符；枚举别名不改变符号对象的所有权。	zr_vm_language_server/include/zr_vm_language_server/symbol_table.h:36;zr_vm_language_server/src/zr_vm_language_server/interface/lsp_interface_support.c:358;zr_vm_language_server/src/zr_vm_language_server/metadata/lsp_metadata_provider.c:724	commented	枚举别名已有独立 Doxygen @brief，说明公开 C API 的类型契约。
zr_vm_language_server/include/zr_vm_language_server/symbol_table.h	SZrSymbol	type	tests/language_server/test_lsp_canonical_receiver_member_type_cases.h:19;tests/language_server/test_lsp_incremental_equivalence.c:357	把声明的范围、展示类型和 parser 规范身份汇集为 LSP 符号视图	typeInfo 与 references 由符号持有；name、ffiHoverMetadata、astNode 和范围 source 借用当前分析上下文，semanticId 无效时不能据此执行规范语义查询。	zr_vm_language_server/include/zr_vm_language_server/symbol_table.h:43;tests/language_server/test_lsp_canonical_receiver_member_type_cases.h:19;tests/language_server/test_lsp_incremental_equivalence.c:357	commented	声明处 Doxygen 已说明调用职责、前提或结果约束。
zr_vm_language_server/include/zr_vm_language_server/symbol_table.h	SZrSymbolScope	type	zr_vm_language_server/src/zr_vm_language_server/interface/lsp_interface.c:60;zr_vm_language_server/src/zr_vm_language_server/interface/lsp_interface_support.c:1404	保存符号收集时建立的词法层级，并在分析结束后继续服务按位置查找	parent 指向同一表内较外层作用域；symbols 中的符号与作用域一起由表释放。	zr_vm_language_server/include/zr_vm_language_server/symbol_table.h:68;zr_vm_language_server/src/zr_vm_language_server/interface/lsp_interface.c:60;zr_vm_language_server/src/zr_vm_language_server/interface/lsp_interface_support.c:1404	commented	声明处 Doxygen 已说明调用职责、前提或结果约束。
zr_vm_language_server/include/zr_vm_language_server/symbol_table.h	SZrSymbolTable	type	zr_vm_language_server/src/zr_vm_language_server/interface/lsp_interface.c:59;zr_vm_language_server/src/zr_vm_language_server/interface/lsp_interface_support.c:23	同时保存词法作用域树和名称索引，供分析收集与 LSP 查询复用	scopeStack 表示构建中的当前路径，allScopes 保留退出后的作用域；名称索引只保存符号指针，符号实体仍由各作用域拥有。	zr_vm_language_server/include/zr_vm_language_server/symbol_table.h:82;zr_vm_language_server/src/zr_vm_language_server/interface/lsp_interface.c:59;zr_vm_language_server/src/zr_vm_language_server/interface/lsp_interface_support.c:23	commented	声明处 Doxygen 已说明调用职责、前提或结果约束。
zr_vm_language_server/include/zr_vm_language_server/symbol_table.h	ZrLanguageServer_SymbolTable_New	function	zr_vm_language_server/src/zr_vm_language_server/semantic/semantic_analyzer.c:1657;zr_vm_language_server/src/zr_vm_language_server/semantic/semantic_analyzer_support.c:324	为一次语义分析建立全局作用域和名称索引	成功时返回由调用方持有的表；失败时返回 ZR_NULL	zr_vm_language_server/include/zr_vm_language_server/symbol_table.h:98;zr_vm_language_server/src/zr_vm_language_server/semantic/semantic_analyzer.c:1657;zr_vm_language_server/src/zr_vm_language_server/semantic/semantic_analyzer_support.c:324;zr_vm_language_server/src/zr_vm_language_server/symbol_table.c:531;zr_vm_language_server/src/zr_vm_language_server/symbol_table.c:550	BUG	BUG: globalScope 分配失败时实现只释放表本体，先前初始化的两个数组和哈希表未析构；低内存路径会泄漏原生存储，见 symbol_table.c 的初始化与失败分支。
zr_vm_language_server/include/zr_vm_language_server/symbol_table.h	ZrLanguageServer_SymbolTable_Free	function	zr_vm_language_server/src/zr_vm_language_server/semantic/semantic_analyzer.c:1682;zr_vm_language_server/src/zr_vm_language_server/semantic/semantic_analyzer_support.c:320	释放表内全部作用域与符号；先释放仍借用这些符号的分析查询结果	公开声明；具体资源归属及失败语义由实现和调用方共同约束。	zr_vm_language_server/include/zr_vm_language_server/symbol_table.h:101;zr_vm_language_server/src/zr_vm_language_server/semantic/semantic_analyzer.c:1682;zr_vm_language_server/src/zr_vm_language_server/semantic/semantic_analyzer_support.c:320	commented	声明处 Doxygen 已说明调用职责、前提或结果约束。
zr_vm_language_server/include/zr_vm_language_server/symbol_table.h	ZrLanguageServer_SymbolTable_AddSymbolEx	function	zr_vm_language_server/src/zr_vm_language_server/semantic/lsp_property_contract.c:75;zr_vm_language_server/src/zr_vm_language_server/semantic/semantic_analyzer_support.c:582	将一个声明投影到当前作用域及名称索引，供补全、悬停和位置查询使用	非全局声明先用 EnterScope 建好所属词法作用域；name 与 astNode 在分析期保持有效；可选 outSymbol 返回表持有的借用指针；typeInfo 会复制到新符号。	zr_vm_language_server/include/zr_vm_language_server/symbol_table.h:108;zr_vm_language_server/src/zr_vm_language_server/semantic/lsp_property_contract.c:75;zr_vm_language_server/src/zr_vm_language_server/semantic/semantic_analyzer_support.c:582	commented	声明处 Doxygen 已说明调用职责、前提或结果约束。
zr_vm_language_server/include/zr_vm_language_server/symbol_table.h	ZrLanguageServer_SymbolTable_Lookup	function	zr_vm_language_server/src/zr_vm_language_server/interface/lsp_interface_support.c:1398;zr_vm_language_server/src/zr_vm_language_server/interface/lsp_interface_support.c:1580	从指定作用域向父作用域查找同名声明，供收集期解析可见符号	scope 为空时使用当前构建作用域；同名重载只返回首个，完整候选用 LookupAll。	zr_vm_language_server/include/zr_vm_language_server/symbol_table.h:120;zr_vm_language_server/src/zr_vm_language_server/interface/lsp_interface_support.c:1398;zr_vm_language_server/src/zr_vm_language_server/interface/lsp_interface_support.c:1580	commented	声明处 Doxygen 已说明调用职责、前提或结果约束。
zr_vm_language_server/include/zr_vm_language_server/symbol_table.h	ZrLanguageServer_SymbolTable_LookupAtPosition	function	zr_vm_language_server/src/zr_vm_language_server/interface/lsp_interface_support.c:2242;zr_vm_language_server/src/zr_vm_language_server/semantic/semantic_analyzer.c:600	结合源位置和作用域选择同名符号，供文档查询避免把局部声明误配为全局声明	返回表持有的借用指针；若位置携带 source，应与声明所在源文件相符。	zr_vm_language_server/include/zr_vm_language_server/symbol_table.h:126;zr_vm_language_server/src/zr_vm_language_server/interface/lsp_interface_support.c:2242;zr_vm_language_server/src/zr_vm_language_server/semantic/semantic_analyzer.c:600	commented	声明处 Doxygen 已说明调用职责、前提或结果约束。
zr_vm_language_server/include/zr_vm_language_server/symbol_table.h	ZrLanguageServer_SymbolTable_LookupAll	function	zr_vm_language_server/src/zr_vm_language_server/semantic/semantic_analyzer_symbols.c:679	收集当前位置可见的同名候选，供重载与调用签名分析	result 须为零初始化数组，或 elementSize 为 sizeof(SZrSymbol *) 的有效数组；无效时函数初始化，有效时追加，调用方释放容器。	zr_vm_language_server/include/zr_vm_language_server/symbol_table.h:135;zr_vm_language_server/src/zr_vm_language_server/semantic/semantic_analyzer_symbols.c:679	commented	声明处 Doxygen 已说明调用职责、前提或结果约束。
zr_vm_language_server/include/zr_vm_language_server/symbol_table.h	ZrLanguageServer_SymbolTable_FindDefinition	function	仓内未发现独立调用点；仅有实现和公开声明	在已收集的声明范围内选择匹配位置的符号；返回表持有的借用指针	公开声明；具体资源归属及失败语义由实现和调用方共同约束。	zr_vm_language_server/include/zr_vm_language_server/symbol_table.h:140;zr_vm_language_server/src/zr_vm_language_server/symbol_table.c:1142	commented	声明处 Doxygen 已说明调用职责、前提或结果约束。
zr_vm_language_server/include/zr_vm_language_server/symbol_table.h	ZrLanguageServer_SymbolTable_FindBySemanticId	function	zr_vm_language_server/src/zr_vm_language_server/interface/lsp_interface.c:1973;zr_vm_language_server/src/zr_vm_language_server/semantic/lsp_semantic_query.c:2831	将 parser 的稳定 SymbolId 映射回已投影的 LSP 符号，保持导航与规范查询同一身份	无效 ID 或未投影的声明返回 ZR_NULL；结果仍由表拥有。	zr_vm_language_server/include/zr_vm_language_server/symbol_table.h:147;zr_vm_language_server/src/zr_vm_language_server/interface/lsp_interface.c:1973;zr_vm_language_server/src/zr_vm_language_server/semantic/lsp_semantic_query.c:2831	commented	声明处 Doxygen 已说明调用职责、前提或结果约束。
zr_vm_language_server/include/zr_vm_language_server/symbol_table.h	ZrLanguageServer_SymbolTable_EnterScope	function	zr_vm_language_server/src/zr_vm_language_server/semantic/semantic_analyzer_symbols.c:1385;zr_vm_language_server/src/zr_vm_language_server/semantic/semantic_analyzer_symbols.c:1456	收集 AST 声明前压入词法作用域；完成该子树后须配对 ExitScope	作用域即使出栈仍保留在 allScopes，以支持稍后的按位置查询。	zr_vm_language_server/include/zr_vm_language_server/symbol_table.h:155;zr_vm_language_server/src/zr_vm_language_server/semantic/semantic_analyzer_symbols.c:1385;zr_vm_language_server/src/zr_vm_language_server/semantic/semantic_analyzer_symbols.c:1456	commented	声明处 Doxygen 已说明调用职责、前提或结果约束。
zr_vm_language_server/include/zr_vm_language_server/symbol_table.h	ZrLanguageServer_SymbolTable_ExitScope	function	zr_vm_language_server/src/zr_vm_language_server/semantic/semantic_analyzer_symbols.c:1430;zr_vm_language_server/src/zr_vm_language_server/semantic/semantic_analyzer_symbols.c:1490	结束当前收集路径；全局作用域始终保留在栈底	公开声明；具体资源归属及失败语义由实现和调用方共同约束。	zr_vm_language_server/include/zr_vm_language_server/symbol_table.h:160;zr_vm_language_server/src/zr_vm_language_server/semantic/semantic_analyzer_symbols.c:1430;zr_vm_language_server/src/zr_vm_language_server/semantic/semantic_analyzer_symbols.c:1490	commented	声明处 Doxygen 已说明调用职责、前提或结果约束。
zr_vm_language_server/include/zr_vm_language_server/symbol_table.h	ZrLanguageServer_SymbolTable_GetCurrentScope	function	zr_vm_language_server/src/zr_vm_language_server/semantic/semantic_analyzer_symbols.c:677;zr_vm_language_server/src/zr_vm_language_server/symbol_table.c:818	返回收集路径的栈顶作用域；空栈时回退到全局作用域	公开声明；具体资源归属及失败语义由实现和调用方共同约束。	zr_vm_language_server/include/zr_vm_language_server/symbol_table.h:163;zr_vm_language_server/src/zr_vm_language_server/semantic/semantic_analyzer_symbols.c:677;zr_vm_language_server/src/zr_vm_language_server/symbol_table.c:818	commented	声明处 Doxygen 已说明调用职责、前提或结果约束。
zr_vm_language_server/include/zr_vm_language_server/symbol_table.h	ZrLanguageServer_Symbol_New	function	tests/language_server/test_reference_tracker.c:436;zr_vm_language_server/src/zr_vm_language_server/symbol_table.c:824	为声明创建独立符号并复制可选类型；调用方可直接持有或交给符号表	成功后需由 Symbol_Free 或拥有它的符号表释放；name 和 astNode 不复制。	zr_vm_language_server/include/zr_vm_language_server/symbol_table.h:169;tests/language_server/test_reference_tracker.c:436;zr_vm_language_server/src/zr_vm_language_server/symbol_table.c:824	commented	声明处 Doxygen 已说明调用职责、前提或结果约束。
zr_vm_language_server/include/zr_vm_language_server/symbol_table.h	ZrLanguageServer_Symbol_Free	function	zr_vm_language_server/src/zr_vm_language_server/symbol_table.c:588;tests/language_server/test_reference_tracker.c:498	释放符号拥有的类型与引用数组；不释放借用的 AST 和 GC 字符串	公开声明；具体资源归属及失败语义由实现和调用方共同约束。	zr_vm_language_server/include/zr_vm_language_server/symbol_table.h:176;zr_vm_language_server/src/zr_vm_language_server/symbol_table.c:588;tests/language_server/test_reference_tracker.c:498	commented	声明处 Doxygen 已说明调用职责、前提或结果约束。
zr_vm_language_server/include/zr_vm_language_server/symbol_table.h	ZrLanguageServer_Symbol_AddReference	function	zr_vm_language_server/src/zr_vm_language_server/reference_tracker.c:182;tests/language_server/test_symbol_table.c:256	为展示层符号保留引用位置与计数，通常经 ReferenceTracker_AddReference 调用	公开声明；具体资源归属及失败语义由实现和调用方共同约束。	zr_vm_language_server/include/zr_vm_language_server/symbol_table.h:179;zr_vm_language_server/src/zr_vm_language_server/reference_tracker.c:182;tests/language_server/test_symbol_table.c:256	commented	声明处 Doxygen 已说明调用职责、前提或结果约束。
