file	unit	kind	callers	intent	constraints	evidence	decision	reason
zr_vm_lib_ffi/CMakeLists.txt	zr_vm_libffi_dependency_selection	block	zr_vm_attach_libffi;zr_vm_lib_ffi_static;zr_vm_lib_ffi_shared	优先使用系统 libffi，只有 Windows x64 MSVC 缺失时从仓库副本构建，实现同一模块的可选 ABI 后端	系统头与库须同时找到；无后端时 ZR_VM_HAS_LIBFFI=0，调用与 callback 会报 ABI 错误	zr_vm_lib_ffi/CMakeLists.txt:14-33;zr_vm_lib_ffi/src/zr_vm_lib_ffi/runtime.c:205;zr_vm_lib_ffi/src/zr_vm_lib_ffi/ffi_runtime/ffi_runtime_invoke.c:150-152	commented	建议 CMake 注释说明降级仍注册 zr.ffi，但不能执行依赖 libffi 的调用
zr_vm_lib_ffi/CMakeLists.txt	zr_vm_libffi_bundled_win64	block	zr_vm_attach_libffi;preprocess_libffi_asm.cmake;zr_vm_libffi_vendor	Windows x64 MSVC 下生成 libffi 配置并把上游汇编预处理成 MASM 可消费形式	仅 WIN32+MSVC+64 位且系统 libffi 未找到；版本配置需与 vendor 子模块版本一致	zr_vm_lib_ffi/CMakeLists.txt:33-112;zr_vm_lib_ffi/cmake/preprocess_libffi_asm.cmake:22-43	commented	建议说明选择这个平台特例及生成汇编与 C 后端必须配套
zr_vm_lib_ffi/CMakeLists.txt	zr_vm_attach_libffi	function	zr_vm_lib_ffi_static;zr_vm_lib_ffi_shared	给两种链接形式附加同一 libffi 头、库及能力宏，使运行时条件编译与链接后端一致	调用目标必须先由 zr_declare_module 建立；缺失后端时定义 0 并保留可加载模块	zr_vm_lib_ffi/CMakeLists.txt:4;zr_vm_lib_ffi/CMakeLists.txt:116;zr_vm_lib_ffi/CMakeLists.txt:117;zr_vm_lib_ffi/CMakeLists.txt:121;zr_vm_lib_ffi/CMakeLists.txt:122;zr_vm_lib_ffi/CMakeLists.txt:123;zr_vm_lib_ffi/CMakeLists.txt:124;zr_vm_lib_ffi/CMakeLists.txt:125;zr_vm_lib_ffi/CMakeLists.txt:126;zr_vm_lib_ffi/CMakeLists.txt:127;zr_vm_lib_ffi/CMakeLists.txt:129;zr_vm_lib_ffi/CMakeLists.txt:134;zr_vm_lib_ffi/CMakeLists.txt:138;zr_vm_common/CommonMacros.cmake:6;zr_vm_common/CommonMacros.cmake:20;zr_vm_common/CommonMacros.cmake:36	commented	建议函数前注释说明宏值决定 callback 与 ffi_call 可用性
zr_vm_lib_ffi/CMakeLists.txt	zr_vm_libffi_threads_link	block	zr_vm_lib_ffi_static;zr_vm_lib_ffi_shared;ffi_runtime_callback.c	非 Windows Unix 构建向 FFI 模块提供 pthread 回调线程标识依赖	仅 UNIX 且非 WIN32；静态与动态目标分别链接	zr_vm_lib_ffi/CMakeLists.txt:142-150;zr_vm_lib_ffi/src/zr_vm_lib_ffi/runtime.c:223	commented	建议说明 pthread 依赖源于回调创建线程和跨线程策略
zr_vm_lib_ffi/cmake/preprocess_libffi_asm.cmake	libffi_asm_required_inputs	block	zr_vm_lib_ffi/CMakeLists.txt:add_custom_command	独立脚本在生成阶段验证编译器、上游汇编、输出目录和 vendor 根路径，避免静默生成空 MASM 文件	仅由 Windows x64 vendor 构建调用；五个 -D 输入缺一即失败	zr_vm_lib_ffi/cmake/preprocess_libffi_asm.cmake:1-18;zr_vm_lib_ffi/CMakeLists.txt:54-71	no-comment	当前 FATAL_ERROR 与输入名称已完整表达失败前提
zr_vm_lib_ffi/cmake/preprocess_libffi_asm.cmake	libffi_asm_preprocess	block	zr_vm_lib_ffi/CMakeLists.txt:add_custom_command;MSVC cl.exe	利用 cl 预处理上游 win64_intel.S，消除 C 预处理指令并供 ASM_MASM 使用	必须使用同一配置目录和 X86_WIN64 等定义；失败时阻断构建	zr_vm_lib_ffi/cmake/preprocess_libffi_asm.cmake:22-43;zr_vm_lib_ffi/CMakeLists.txt:39-70	commented	建议解释 /EP 输出并非 C 编译产物，而是 MASM 的输入
zr_vm_lib_ffi/cmake/fficonfig_x86_win64.h.in	ZR_VM_LIBFFI_FFICONFIG_X86_WIN64_H	macro	zr_vm_libffi_vendor;ffi.h.in;ffiw64.c	作为 Windows x64 内嵌 libffi 配置边界，固定 ABI、平台能力和上游条件编译输入	仅 MSVC vendor 路径生成到 binary dir，不应拿来配置系统 libffi	zr_vm_lib_ffi/cmake/fficonfig_x86_win64.h.in:5-59;zr_vm_lib_ffi/CMakeLists.txt:33-50	commented	建议文件首部说明随 vendored libffi 版本维护的 ABI 配置
zr_vm_lib_ffi/cmake/fficonfig_x86_win64.h.in	FFI_MMAP_EXEC_WRIT	macro	zr_libffi/libffi/src/closures.c;zr_libffi/libffi/src/dlmalloc.c	选择内嵌 libffi closure 可执行内存分配路径，以便 callback trampoline 在 Win64 可调用	仅 vendor Win64 配置；上游 closures.c 在 Windows/DEP 分支也设置此值	zr_vm_lib_ffi/cmake/fficonfig_x86_win64.h.in:13;zr_vm_lib_ffi/third_party/zr_libffi/libffi/src/closures.c:126-143	commented	建议注释说明这个值遵循上游 Windows DEP 分支，供 callback closure 分配执行页
zr_vm_lib_ffi/cmake/fficonfig_x86_win64.h.in	HAVE_AS_CFI_PSEUDO_OP	macro	zr_libffi/libffi/include/ffi_cfi.h;preprocess_libffi_asm.cmake	禁止上游汇编输出 GAS 风格 CFI 指令，维持 MASM 可解析输入	仅 vendor Win64 预处理路径；当前已有准确注释	zr_vm_lib_ffi/cmake/fficonfig_x86_win64.h.in:19-20;zr_vm_lib_ffi/cmake/preprocess_libffi_asm.cmake:22-37	no-comment	现有注释已说明 MASM 与 CFI 的不兼容原因
zr_vm_lib_ffi/cmake/fficonfig_x86_win64.h.in	HAVE_LONG_DOUBLE	macro	CMakeLists.txt 的同值 HAVE_LONG_DOUBLE 配置；ffi.h.in:FFI_TYPE_LONGDOUBLE；types.c:ffi_type_longdouble（间接）	固定 MSVC Win64 的 long double 等同 8 字节 double 的 ABI 布局	必须与编译器和 vendor FFI_VERSION_STRING 一致	zr_vm_lib_ffi/cmake/fficonfig_x86_win64.h.in:30;zr_vm_lib_ffi/cmake/fficonfig_x86_win64.h.in:47	commented	建议在宏组前解释 ABI 选择，避免误按 Unix x64 的 long double 大小改动
zr_vm_lib_ffi/cmake/fficonfig_x86_win64.h.in	FFI_HIDDEN	macro	zr_libffi/libffi/src/x86/ffiw64.c;zr_libffi/libffi/include/ffi_common.h	兼容上游汇编标记与 MSVC C 声明，防止可见性属性落到不支持的编译器路径	LIBFFI_ASM 时是带参数宏，否则为空修饰符	zr_vm_lib_ffi/cmake/fficonfig_x86_win64.h.in:53-57;zr_vm_lib_ffi/third_party/zr_libffi/libffi/src/x86/ffiw64.c:39-52	commented	建议解释双形态宏是为了保留上游 FFI_HIDDEN 两种调用语法
zr_vm_lib_ffi/include/zr_vm_lib_ffi/conf.h	ZR_VM_LIB_FFI_API	macro	runtime.h:ValidateNativeImportContract;runtime.h:PrepareNativeCallPlan	统一 FFI C 辅助接口的导出标记，使宿主可在静态与共享链接中访问	当前别名为 ZR_API；模块入口声明直接使用 ZR_API	zr_vm_lib_ffi/include/zr_vm_lib_ffi/conf.h:8-10;zr_vm_lib_ffi/include/zr_vm_lib_ffi/runtime.h:55-67	no-comment	别名名称和两处导出声明已经说明用途，无独立契约
zr_vm_lib_ffi/include/zr_vm_lib_ffi/conf.h	ZR_FFI_ERROR_BUFFER_LENGTH	macro	runtime.c:LoadLibrary;ffi_runtime_support.c:zr_ffi_strdup callers;ffi_runtime_invoke.c	限定临时 ABI、库加载和符号解析错误缓冲区容量	固定 256 字节；调用方仍需遵守 snprintf 截断语义	zr_vm_lib_ffi/include/zr_vm_lib_ffi/conf.h:12;zr_vm_lib_ffi/src/zr_vm_lib_ffi/runtime.c:23;zr_vm_lib_ffi/src/zr_vm_lib_ffi/ffi_runtime/ffi_runtime_invoke.c:93	no-comment	常量名称和各调用点足以表达容量，未发现跨层约束
zr_vm_lib_ffi/include/zr_vm_lib_ffi/conf.h	ZR_FFI_DIAGNOSTIC_BUFFER_LENGTH	macro	ffi_runtime_support.c:zr_ffi_raise_error	限定最终拼接到 VM 运行时异常的诊断文本长度	固定 512 字节；过长系统错误会截断	zr_vm_lib_ffi/include/zr_vm_lib_ffi/conf.h:13;zr_vm_lib_ffi/src/zr_vm_lib_ffi/ffi_runtime/ffi_runtime_support.c:26-37	no-comment	常量直接作为 vsnprintf 缓冲区容量，现有命名足够
zr_vm_lib_ffi/include/zr_vm_lib_ffi/module.h	ZrVmLibFfi_GetModuleDescriptor@declaration	function	tests/parser/test_buffer_pool_ffi.c:420;ZrVmLibFfi_Register;native plugin query	向静态注册、测试或宿主返回 zr.ffi 的进程期模块描述符借用指针	不得修改或释放结果；描述符本身不完成注册	zr_vm_lib_ffi/include/zr_vm_lib_ffi/module.h:13;zr_vm_lib_ffi/src/zr_vm_lib_ffi/module.c:307-329	commented	建议 Doxygen @brief 和 @return 写明共享静态描述符与借用所有权
zr_vm_lib_ffi/include/zr_vm_lib_ffi/module.h	ZrVmLibFfi_Register@declaration	function	zr_vm_cli/project.c:366;LSP interface;tests/ffi/test_ffi_module.c	在宿主 global 的 native registry 注册 zr.ffi 供 import 与 extern 调用	需有效 SZrGlobalState；返回注册成功状态；先注册再执行脚本 import	zr_vm_lib_ffi/include/zr_vm_lib_ffi/module.h:18;zr_vm_lib_ffi/src/zr_vm_lib_ffi/module.c:331-333;zr_vm_cli/src/zr_vm_cli/project/project.c:366	commented	建议 Doxygen 说明注册时机和失败返回，勿与 descriptor 查询混同
zr_vm_lib_ffi/include/zr_vm_lib_ffi/module.h	ZrVm_GetNativeModule_v1@declaration	function	native_binding_registry_plugin.c:351-380 经动态符号查找	满足共享库 native plugin 固定入口约定，复用同一描述符	仅 ZR_LIBRARY_TYPE_SHARED 导出；描述符 ABI 再由 loader 检查；指针为借用	zr_vm_lib_ffi/include/zr_vm_lib_ffi/module.h:20-26;zr_vm_library/src/zr_vm_library/native_binding/native_binding_registry_plugin.c:351-383	commented	建议 Doxygen 区分符号后缀 v1 与 descriptor->abiVersion
zr_vm_lib_ffi/include/zr_vm_lib_ffi/runtime.h	ZrVmLibFfiRuntime_GetModuleDescriptor@declaration	function	module.c:GetModuleDescriptor;Register;GetNativeModule_v1	把模块描述符实现与三个发布入口连接，保持静态注册和插件路径同源	返回文件静态对象借用指针，调用者不可释放	zr_vm_lib_ffi/include/zr_vm_lib_ffi/runtime.h:12;zr_vm_lib_ffi/src/zr_vm_lib_ffi/module.c:307-337	no-comment	内部辅助声明的三个调用点和公开 module.h 已覆盖所有权
zr_vm_lib_ffi/include/zr_vm_lib_ffi/runtime.h	ZrFfi_LoadLibrary@declaration	function	module.c:g_ffi_functions.loadLibrary;tests/ffi/test_ffi_module.c	脚本按路径创建托管动态库句柄，后续 getSymbol 与 extern 使用它	路径字符串需由 VM 提供；失败抛 LoadError；成功句柄由 GC/finalizer 兜底	zr_vm_lib_ffi/include/zr_vm_lib_ffi/runtime.h:17;zr_vm_lib_ffi/src/zr_vm_lib_ffi/module.c:37-39;zr_vm_lib_ffi/src/zr_vm_lib_ffi/runtime.c:20	commented	建议 Doxygen 说明脚本入口、句柄归属和异常语义
zr_vm_lib_ffi/include/zr_vm_lib_ffi/runtime.h	ZrFfi_CreateCallback@declaration	function	module.c:g_ffi_functions.callback;tests/ffi/test_ffi_module.c:632-700	将 ZR closure 包成 C 可调用 trampoline，并在 handle 中保持 VM closure 可达	需要可解析 signature 和 libffi；callback 只允许创建线程及激活寿命策略内调用	zr_vm_lib_ffi/include/zr_vm_lib_ffi/runtime.h:22;zr_vm_lib_ffi/src/zr_vm_lib_ffi/runtime.c:185;zr_vm_lib_ffi/src/zr_vm_lib_ffi/ffi_runtime/ffi_runtime_callback.c:645-670	commented	建议 Doxygen 强调跨线程及 close 之后不可调用
zr_vm_lib_ffi/include/zr_vm_lib_ffi/runtime.h	ZrFfi_SizeOf@declaration	function	module.c:g_ffi_functions.sizeof;tests/ffi/test_ffi_module.c:1484-1505	按运行时 FFI 类型描述符查询目标 ABI 的字节尺寸	只接受解析器支持的 descriptor；解析失败为 MarshalError	zr_vm_lib_ffi/include/zr_vm_lib_ffi/runtime.h:24;zr_vm_lib_ffi/src/zr_vm_lib_ffi/runtime.c:70;zr_vm_lib_ffi/src/zr_vm_lib_ffi/module.c:42	commented	建议 Doxygen 说明查询是 ABI 布局，不是任意 ZR 对象大小
zr_vm_lib_ffi/include/zr_vm_lib_ffi/runtime.h	ZrFfi_AlignOf@declaration	function	module.c:g_ffi_functions.alignof;tests/ffi/test_ffi_module.c:1484-1505	按运行时 FFI 类型描述符查询目标 ABI 对齐	仅支持可解析 descriptor；失败为 MarshalError	zr_vm_lib_ffi/include/zr_vm_lib_ffi/runtime.h:26;zr_vm_lib_ffi/src/zr_vm_lib_ffi/runtime.c:84;zr_vm_lib_ffi/src/zr_vm_lib_ffi/module.c:43	commented	建议 Doxygen 指明与 sizeof 共用 ABI 类型解析契约
zr_vm_lib_ffi/include/zr_vm_lib_ffi/runtime.h	ZrFfi_NullPointer@declaration	function	module.c:g_ffi_functions.nullPointer	为 ABI 调用提供带目标类型的空指针 wrapper，不能直接读内存	非 pointer descriptor 会包成 pointer；地址始终为空；GC 释放布局	zr_vm_lib_ffi/include/zr_vm_lib_ffi/runtime.h:28;zr_vm_lib_ffi/src/zr_vm_lib_ffi/runtime.c:254;zr_vm_lib_ffi/src/zr_vm_lib_ffi/module.c:44	commented	建议 Doxygen 说明目标类型包装和空地址不可读
zr_vm_lib_ffi/include/zr_vm_lib_ffi/runtime.h	ZrFfi_Library_Close@declaration	function	module.c:g_library_methods.close;tests/ffi/test_ffi_module.c:835-885	禁止后续查找与调用，并在无存活 SymbolHandle 时关闭动态库	可重复；有 symbol 时只设 closeRequested，底层库延迟到 symbol finalize 释放	zr_vm_lib_ffi/include/zr_vm_lib_ffi/runtime.h:33;zr_vm_lib_ffi/src/zr_vm_lib_ffi/runtime.c:100;zr_vm_lib_ffi/src/zr_vm_lib_ffi/ffi_runtime/ffi_runtime_callback.c:540-556	commented	建议 Doxygen 区分脚本可观察已关闭与实际 dlclose 延迟
zr_vm_lib_ffi/include/zr_vm_lib_ffi/runtime.h	ZrFfi_Library_IsClosed@declaration	function	module.c:g_library_methods.isClosed;tests/ffi/test_ffi_module.c:835-885	报告 handle 对脚本是否已关闭，配合 close 的幂等契约	返回 closeRequested 或底层句柄为空，不承诺物理库已卸载	zr_vm_lib_ffi/include/zr_vm_lib_ffi/runtime.h:35;zr_vm_lib_ffi/src/zr_vm_lib_ffi/runtime.c:116	commented	建议 Doxygen 说明逻辑关闭状态与延迟卸载
zr_vm_lib_ffi/include/zr_vm_lib_ffi/runtime.h	ZrFfi_Library_GetSymbol@declaration	function	module.c:g_library_methods.getSymbol;tests/ffi/test_ffi_module.c:372-397	用脚本提供的 signature 解析导出并创建持有库 owner 的 SymbolHandle	库必须未请求关闭；signature 需匹配 C ABI；错误会抛 MarshalError 或 SymbolError	zr_vm_lib_ffi/include/zr_vm_lib_ffi/runtime.h:39;zr_vm_lib_ffi/src/zr_vm_lib_ffi/runtime.c:363	commented	建议 Doxygen 说明 ABI 准确性由调用方保证与 SymbolHandle 持库
zr_vm_lib_ffi/include/zr_vm_lib_ffi/runtime.h	ZrFfi_Library_GetContractSymbol@declaration	function	module.c:g_library_methods.getContractSymbol;compiler_extern_declaration.c:743	让源代码 extern 的保留契约按当前活动调用帧解析动态符号	脚本参数实际是 contract 索引整数；必须属于活动 caller 且 library locator 匹配	zr_vm_lib_ffi/include/zr_vm_lib_ffi/runtime.h:44;zr_vm_lib_ffi/src/zr_vm_lib_ffi/runtime.c:401;zr_vm_parser/src/zr_vm_parser/compiler/compiler_extern_declaration.c:739-743	commented	建议 Doxygen 说明它不是传任意 contract 对象，当前描述符/文档签名写 object 与实现不一致
zr_vm_lib_ffi/include/zr_vm_lib_ffi/runtime.h	ZrFfi_Library_GetVersion@declaration	function	module.c:g_library_methods.getVersion;tests/ffi/test_ffi_module.c:801-831	调用动态库可选的零参版本导出并复制返回的 C 字符串	调用方须确保提供的导出确为 const char*(*)(void) 且返回有效 NUL 结尾字符串；缺失返回 null	zr_vm_lib_ffi/include/zr_vm_lib_ffi/runtime.h:49;zr_vm_lib_ffi/src/zr_vm_lib_ffi/runtime.c:129	commented	建议 Doxygen 写清非类型检查的 ABI 前提，避免把任意符号名传入
zr_vm_lib_ffi/include/zr_vm_lib_ffi/runtime.h	ZrVmLibFfi_ValidateNativeImportContract@declaration	function	tests/ffi/test_native_extern_contract.c:753-894;嵌入宿主	在解析符号前独立验证 retained native import contract 能否形成当前平台 signature	错误写入 caller 自有 errorBuffer；不能替代 parser 源码定位与动态库导出检查	zr_vm_lib_ffi/include/zr_vm_lib_ffi/runtime.h:55-58;zr_vm_lib_ffi/src/zr_vm_lib_ffi/ffi_runtime/ffi_runtime_contract.c:613-625	commented	建议 Doxygen 说明输入缓冲区和验证边界
zr_vm_lib_ffi/include/zr_vm_lib_ffi/runtime.h	ZrVmLibFfi_PrepareNativeCallPlan@declaration	function	当前生产代码无直接调用;宿主 C 集成接口	将 native import contract 与 callbackId 交给核心 native-call 规划器，生成可检验调用计划	plan 与 diagnostic 由调用方提供；capability 不匹配时清空 plan 并返回 false	zr_vm_lib_ffi/include/zr_vm_lib_ffi/runtime.h:63-67;zr_vm_lib_ffi/src/zr_vm_lib_ffi/ffi_runtime/ffi_runtime_contract.c:632-673	commented	建议 Doxygen 说明此接口供宿主预检而非直接执行 native symbol
zr_vm_lib_ffi/include/zr_vm_lib_ffi/runtime.h	ZrFfi_Symbol_Call@declaration	function	module.c:g_symbol_methods.call;tests/ffi/test_ffi_module.c:372-397	以数组形式向已编译 signature 的 native symbol 传参	数组长度须匹配 signature；owner library 未关闭；内部调用前 pin GC 对象	zr_vm_lib_ffi/include/zr_vm_lib_ffi/runtime.h:72;zr_vm_lib_ffi/src/zr_vm_lib_ffi/runtime.c:888;zr_vm_lib_ffi/src/zr_vm_lib_ffi/ffi_runtime/ffi_runtime_invoke.c:113-153	commented	建议 Doxygen 说明数组调用与 native ABI 约束
zr_vm_lib_ffi/include/zr_vm_lib_ffi/runtime.h	ZrFfi_Symbol_MetaCall@declaration	function	module.c:g_symbol_meta_methods.ZR_META_CALL;脚本 symbol(...)	把脚本位置参数临时包装成数组并复用 Symbol_Call 的 ABI 路径	临时数组在 invoke 完成前必须保持 GC rooted；允许的参数个数受 descriptor 0xFFFF 上界限制	zr_vm_lib_ffi/include/zr_vm_lib_ffi/runtime.h:74;zr_vm_lib_ffi/src/zr_vm_lib_ffi/runtime.c:914;zr_vm_lib_ffi/src/zr_vm_lib_ffi/module.c:74-77	commented	建议 Doxygen 说明直接调用语法与共享 invoke 链
zr_vm_lib_ffi/include/zr_vm_lib_ffi/runtime.h	ZrFfi_Callback_Close@declaration	function	module.c:g_callback_methods.close;tests/ffi/test_ffi_module.c:835-885	使 callback handle 后续 trampoline 失效，维持幂等关闭语义	仅设 closed；ffi_closure 真正由 finalizer 释放；外部 C 不得保留并继续调用旧 codePointer	zr_vm_lib_ffi/include/zr_vm_lib_ffi/runtime.h:77;zr_vm_lib_ffi/src/zr_vm_lib_ffi/runtime.c:171;zr_vm_lib_ffi/src/zr_vm_lib_ffi/ffi_runtime/ffi_runtime_callback.c:614-622	commented	建议 Doxygen 强调已传播给 C 的函数指针的生命周期
zr_vm_lib_ffi/include/zr_vm_lib_ffi/runtime.h	ZrFfi_Pointer_As@declaration	function	module.c:g_pointer_methods.as;tests/ffi/test_ffi_module.c:500-531	创建共享同一 native 地址与 owner 的新类型视图，不复制底层字节	调用方保证目标类型与地址布局兼容；若 owner 是 BufferHandle 则单独增加 pin	zr_vm_lib_ffi/include/zr_vm_lib_ffi/runtime.h:82;zr_vm_lib_ffi/src/zr_vm_lib_ffi/runtime.c:508	commented	建议 Doxygen 说明 reinterpret 不转换内存，且新视图须独立 close
zr_vm_lib_ffi/include/zr_vm_lib_ffi/runtime.h	ZrFfi_Pointer_Read@declaration	function	module.c:g_pointer_methods.read;tests/ffi/test_ffi_module.c:756-766	按提供的 FFI type descriptor 从 native 地址解码标量或结构	地址非空且 handle 未关闭；调用者须保证实际存储至少有 type 大小并满足对齐；当前实现没有 byteLength 检查	zr_vm_lib_ffi/include/zr_vm_lib_ffi/runtime.h:86;zr_vm_lib_ffi/src/zr_vm_lib_ffi/runtime.c:580	commented	建议 Doxygen 明示 read 是需要外部布局保证的 native 读取
zr_vm_lib_ffi/include/zr_vm_lib_ffi/runtime.h	ZrFfi_Pointer_Close@declaration	function	module.c:g_pointer_methods.close;docs/wiki/03-modules/ffi-runtime-handle-reference.md:160-164	释放视图持有的 buffer pin 并使地址不可用	可重复；GC finalizer 对未手动关闭的视图仍会释放 owner pin	zr_vm_lib_ffi/include/zr_vm_lib_ffi/runtime.h:88;zr_vm_lib_ffi/src/zr_vm_lib_ffi/runtime.c:488;zr_vm_lib_ffi/src/zr_vm_lib_ffi/ffi_runtime/ffi_runtime_callback.c:559-575	commented	建议 Doxygen 说明关闭单个视图不会关闭 BufferHandle
zr_vm_lib_ffi/include/zr_vm_lib_ffi/runtime.h	ZrFfi_Pointer_Span@declaration	function	module.c:g_pointer_methods.span;g_ptr_methods.span;zr.container Span 协议	把有明确 pin 长度的 pointer 暴露为连续视图供 container 消费	span 借用 source handle；原 pointer 与 owner 的生命周期必须覆盖 span 使用	zr_vm_lib_ffi/include/zr_vm_lib_ffi/runtime.h:90;zr_vm_lib_ffi/src/zr_vm_lib_ffi/module.c:96-122;zr_vm_lib_ffi/src/zr_vm_lib_ffi/ffi_runtime/ffi_runtime_pointer_view.c:37-87	commented	建议 Doxygen 说明 Span 只借用且依赖 pointer 有效性
zr_vm_lib_ffi/include/zr_vm_lib_ffi/runtime.h	ZrFfi_Pointer_GetItem@declaration	function	module.c:g_pointer_meta_methods.ZR_META_GET_ITEM	让 pinned byte pointer 的脚本下标读取走受边界检查的路径	索引须在 byteLength 内；null 或 closed pointer 不可读	zr_vm_lib_ffi/include/zr_vm_lib_ffi/runtime.h:92;zr_vm_lib_ffi/src/zr_vm_lib_ffi/module.c:125-133;zr_vm_lib_ffi/src/zr_vm_lib_ffi/ffi_runtime/ffi_runtime_pointer_view.c:90-111	commented	建议 Doxygen 说明索引单位是字节，与 typed read 不同
zr_vm_lib_ffi/include/zr_vm_lib_ffi/runtime.h	ZrFfi_Pointer_SetItem@declaration	function	module.c:g_pointer_meta_methods.ZR_META_SET_ITEM	让 pinned byte pointer 的脚本下标写入校验地址边界和 byte 值	索引须在 byteLength 内；value 必须 0..255；closed 不可写	zr_vm_lib_ffi/include/zr_vm_lib_ffi/runtime.h:94;zr_vm_lib_ffi/src/zr_vm_lib_ffi/module.c:134-141;zr_vm_lib_ffi/src/zr_vm_lib_ffi/ffi_runtime/ffi_runtime_pointer_view.c:114-144	commented	建议 Doxygen 说明它会拒绝超出 u8 范围的值
zr_vm_lib_ffi/include/zr_vm_lib_ffi/runtime.h	ZrFfi_Buffer_Allocate@declaration	function	module.c:g_buffer_methods.allocate;tests/ffi/test_ffi_module.c:317-344	为 native 参数创建 VM 管理的零初始化字节存储	长度必须非负；正长度分配失败抛 MarshalError；显式 close 与 GC 兜底	zr_vm_lib_ffi/include/zr_vm_lib_ffi/runtime.h:97;zr_vm_lib_ffi/src/zr_vm_lib_ffi/runtime.c:614	commented	建议 Doxygen 指明 owned native 存储与零初始化
zr_vm_lib_ffi/include/zr_vm_lib_ffi/runtime.h	ZrFfi_Buffer_Close@declaration	function	module.c:g_buffer_methods.close;tests/ffi/test_ffi_module.c:835-885	使 BufferHandle 不再可 pin，并在所有 pointer pin 释放后回收内存	可重复；已有 pointer view 的实际内存延迟回收	zr_vm_lib_ffi/include/zr_vm_lib_ffi/runtime.h:99;zr_vm_lib_ffi/src/zr_vm_lib_ffi/runtime.c:653;zr_vm_lib_ffi/src/zr_vm_lib_ffi/ffi_runtime/ffi_runtime_callback.c:559-575	commented	建议 Doxygen 说明逻辑关闭与 pin 延迟释放关系
zr_vm_lib_ffi/include/zr_vm_lib_ffi/runtime.h	ZrFfi_Buffer_Pin@declaration	function	module.c:g_buffer_methods.pin;tests/ffi/test_ffi_module.c:500-531	创建持有 BufferHandle owner 的 pointer view，使地址在 view 存活期稳定	已 close 的 buffer 不可再 pin；每个 view 独立增加 pinCount 并需 close	zr_vm_lib_ffi/include/zr_vm_lib_ffi/runtime.h:101;zr_vm_lib_ffi/src/zr_vm_lib_ffi/runtime.c:683	commented	建议 Doxygen 说明 pin 计数和 owner 生命周期
zr_vm_lib_ffi/include/zr_vm_lib_ffi/runtime.h	ZrFfi_Buffer_Read@declaration	function	module.c:g_buffer_methods.read;tests/ffi/test_ffi_module.c:500-531	复制 native buffer 的指定字节区间为 ZR 数组	offset 与 length 非负且在 size 内；返回值应覆盖全部请求区间	zr_vm_lib_ffi/include/zr_vm_lib_ffi/runtime.h:103;zr_vm_lib_ffi/src/zr_vm_lib_ffi/runtime.c:741	commented	建议 Doxygen 写明复制语义与完整区间要求
zr_vm_lib_ffi/include/zr_vm_lib_ffi/runtime.h	ZrFfi_Buffer_Write@declaration	function	module.c:g_buffer_methods.write;tests/ffi/test_ffi_module.c:500-531	把脚本数组写入 native buffer，供后续 FFI pointer/native call 使用	offset 与长度须在 size 内；数组元素应为 u8 有效范围	zr_vm_lib_ffi/include/zr_vm_lib_ffi/runtime.h:107;zr_vm_lib_ffi/src/zr_vm_lib_ffi/runtime.c:788;zr_vm_lib_ffi/src/zr_vm_lib_ffi/ffi_runtime/ffi_runtime_pointer_view.c:134-140	commented	建议 Doxygen 明示 byte 数值范围，具体实现的收窄缺陷另记 BUG
zr_vm_lib_ffi/include/zr_vm_lib_ffi/runtime.h	ZrFfi_Buffer_Slice@declaration	function	module.c:g_buffer_methods.slice	复制一段 buffer 字节形成独立 owned BufferHandle	offset 与 length 在原 buffer 范围内；新句柄单独 close 和回收	zr_vm_lib_ffi/include/zr_vm_lib_ffi/runtime.h:109;zr_vm_lib_ffi/src/zr_vm_lib_ffi/runtime.c:835	commented	建议 Doxygen 强调 copied slice 与 Span 借用不同
zr_vm_lib_ffi/src/zr_vm_lib_ffi/module.c	kPointerGenericParameters	state	g_ffi_types.Ptr;g_ffi_types.Ptr32;g_ffi_types.Ptr64	让三个语义指针族共享单参数 T 的类型元数据，供编译器与 IDE 保留泛型身份	泛型参数是类型层标记，不改变 runtime pointer 实际地址和布局	zr_vm_lib_ffi/src/zr_vm_lib_ffi/module.c:12;zr_vm_lib_ffi/src/zr_vm_lib_ffi/module.c:203-243	commented	建议注释说明 T 只描述 ABI-aware 指针族的静态身份
zr_vm_lib_ffi/src/zr_vm_lib_ffi/module.c	g_pinned_pointer_fields	state	g_ffi_types.PointerHandle;Ptr;Ptr32;Ptr64;container contiguous length role	公开 pinned pointer 的 byte length 字段供连续视图长度契约识别	字段长度来自 runtime 的 byteLength，不授予超出 pin 的读取权	zr_vm_lib_ffi/src/zr_vm_lib_ffi/module.c:17-23;zr_vm_lib_ffi/src/zr_vm_lib_ffi/runtime.c:4;zr_vm_lib_ffi/src/zr_vm_lib_ffi/runtime.c:732	commented	建议注释解释字段角色连接 container 视图与 private pin 长度
zr_vm_lib_ffi/src/zr_vm_lib_ffi/module.c	g_pointer_index_parameters	state	g_pointer_meta_methods.ZR_META_GET_ITEM	把脚本下标读取参数标注为零基字节索引	实际访问仍以 runtime 的 byteLength 检查	zr_vm_lib_ffi/src/zr_vm_lib_ffi/module.c:25-27;zr_vm_lib_ffi/src/zr_vm_lib_ffi/ffi_runtime/ffi_runtime_pointer_view.c:90-111	no-comment	字段描述已写 Zero-based byte index，回调内有边界检查
zr_vm_lib_ffi/src/zr_vm_lib_ffi/module.c	g_pointer_index_value_parameters	state	g_pointer_meta_methods.ZR_META_SET_ITEM	给字节下标写入提供 index 与 u8 value 的 IDE/metadata 签名	当前实现额外要求数值 0..255	zr_vm_lib_ffi/src/zr_vm_lib_ffi/module.c:29-32;zr_vm_lib_ffi/src/zr_vm_lib_ffi/ffi_runtime/ffi_runtime_pointer_view.c:114-144	no-comment	两个参数的名称、类型和文档已足够明确
zr_vm_lib_ffi/src/zr_vm_lib_ffi/module.c	g_ffi_functions	state	native_binding_metadata.c 模块函数注册;脚本 import zr.ffi	发布 loadLibrary、callback、sizeof、alignof 与 nullPointer 五个脚本入口	实参个数在 descriptor 固定；底层 libffi 可选但 callback 和 call 执行需要它	zr_vm_lib_ffi/src/zr_vm_lib_ffi/module.c:37-45;zr_vm_library/src/zr_vm_library/native_binding/native_binding_metadata.c:905-932	commented	建议注释说明这是脚本可见入口表，并解释 libffi 可选后端的失败边界
zr_vm_lib_ffi/src/zr_vm_lib_ffi/module.c	g_library_methods	state	g_ffi_types.LibraryHandle;compiler_extern_declaration.c:getContractSymbol	发布动态符号、静态保留契约符号及关闭/版本方法	getContractSymbol 只认活动调用帧中的同库 retained contract 整数索引；getVersion 元数据声明 string，运行时可返回 null。	zr_vm_lib_ffi/src/zr_vm_lib_ffi/module.c:52-66;zr_vm_lib_ffi/src/zr_vm_lib_ffi/runtime.c:401;zr_vm_parser/src/zr_vm_parser/compiler/compiler_extern_declaration.c:739-743;docs/wiki/03-modules/ffi.md:66-86;docs/wiki/03-modules/ffi-api.md:69;zr_vm_lib_ffi/src/zr_vm_lib_ffi/runtime.c:415;zr_vm_parser/src/zr_vm_parser/compiler/compiler_extern_declaration.c:830-852;zr_vm_lib_ffi/src/zr_vm_lib_ffi/module.c:62-65;zr_vm_lib_ffi/src/zr_vm_lib_ffi/runtime.c:149;zr_vm_library/src/zr_vm_library/native_binding/native_binding_metadata.c:523;zr_vm_library/src/zr_vm_library/native_binding/native_binding_support.c:50-54	TODO	TODO: 参数文档错位已由并发 FFI 文档审查修正；仍需确认脚本手动传索引的受支持范围，以及是否应隐藏这个依赖活动调用帧的编译器入口。另需核实 returnTypeName 是否表达可空结果。
zr_vm_lib_ffi/src/zr_vm_lib_ffi/module.c	g_symbol_methods	state	g_ffi_types.SymbolHandle;tests/ffi/test_ffi_module.c:372-397	提供显式数组调用方式给动态签名与 retained contract 两类 symbol	数组项个数和 ABI 类型由 invoke 路径核验	zr_vm_lib_ffi/src/zr_vm_lib_ffi/module.c:68-71;zr_vm_lib_ffi/src/zr_vm_lib_ffi/runtime.c:888	no-comment	唯一 call 方法描述和 runtime.h 契约已表达用途
zr_vm_lib_ffi/src/zr_vm_lib_ffi/module.c	g_symbol_meta_methods	state	g_ffi_types.SymbolHandle;native_binding_metadata.c 元方法注册	允许 SymbolHandle 作为脚本函数直接以位置参数调用	0..65535 个位置参数的 descriptor 上限仍受 signature 实际数量校验	zr_vm_lib_ffi/src/zr_vm_lib_ffi/module.c:74-77;zr_vm_lib_ffi/src/zr_vm_lib_ffi/runtime.c:914	commented	建议注释解释 @call 与 call(array) 共用 ffi_symbol_invoke_array
zr_vm_lib_ffi/src/zr_vm_lib_ffi/module.c	g_callback_methods	state	g_ffi_types.CallbackHandle;tests/ffi/test_ffi_module.c:835-885	向脚本发布显式 callback 关闭入口，避免 native 侧继续调用 VM trampoline	close 幂等，但物理 closure 由 GC finalizer 释放	zr_vm_lib_ffi/src/zr_vm_lib_ffi/module.c:79-82;zr_vm_lib_ffi/src/zr_vm_lib_ffi/runtime.c:171	no-comment	单一方法描述准确，runtime.h 可承载生命周期说明
zr_vm_lib_ffi/src/zr_vm_lib_ffi/module.c	g_pointer_methods	state	g_ffi_types.PointerHandle;PointerHandle 实例	为基础指针 wrapper 发布 reinterpret、typed read、close 与 Span 借用	Span 创建标记 CONTIGUOUS_VIEW_CREATE；其余访问需遵守 pin/owner	zr_vm_lib_ffi/src/zr_vm_lib_ffi/module.c:87-107;zr_vm_lib_ffi/src/zr_vm_lib_ffi/runtime.c:508;zr_vm_lib_ffi/src/zr_vm_lib_ffi/runtime.c:580;zr_vm_lib_ffi/src/zr_vm_lib_ffi/ffi_runtime/ffi_runtime_pointer_view.c:37-87	commented	建议注释解释 PointerHandle 的基础字节语义与 Span 协议角色
zr_vm_lib_ffi/src/zr_vm_lib_ffi/module.c	g_ptr_methods	state	g_ffi_types.Ptr;Ptr32;Ptr64	为泛型语义指针族只补充返回 Span<T> 的视图方法，其余能力由 PointerHandle 继承	泛型 T 不会在本方法体做 ABI 转换；必须有有效 pinned address	zr_vm_lib_ffi/src/zr_vm_lib_ffi/module.c:110-122;zr_vm_lib_ffi/src/zr_vm_lib_ffi/module.c:203-243	commented	建议注释说明 typed Span 来自泛型元数据，实际回调与基础指针相同
zr_vm_lib_ffi/src/zr_vm_lib_ffi/module.c	g_pointer_meta_methods	state	g_ffi_types.PointerHandle;脚本 ptr[index] 与 ptr[index]=value	把 byte 下标运算符路由到有 byteLength 边界验证的回调	只暴露 u8 字节访问，不根据 Ptr<T> 泛型自动改变元素宽度	zr_vm_lib_ffi/src/zr_vm_lib_ffi/module.c:125-142;zr_vm_lib_ffi/src/zr_vm_lib_ffi/ffi_runtime/ffi_runtime_pointer_view.c:90-144	commented	建议注释区分下标字节语义与 read(type) 的 typed 语义
zr_vm_lib_ffi/src/zr_vm_lib_ffi/module.c	g_buffer_methods	state	g_ffi_types.BufferHandle;tests/ffi/test_ffi_module.c:500-531	公开 owned native byte buffer 的分配、复制读写、slice 与 pin 生命周期操作	allocate 为静态方法；pin 返回借用 pointer；slice 返回独立 owned buffer	zr_vm_lib_ffi/src/zr_vm_lib_ffi/module.c:145-158;zr_vm_lib_ffi/src/zr_vm_lib_ffi/runtime.c:614;zr_vm_lib_ffi/src/zr_vm_lib_ffi/runtime.c:835	commented	建议注释概括 owned buffer、pin 视图和 copied slice 的区别
zr_vm_lib_ffi/src/zr_vm_lib_ffi/module.c	g_ffi_types	state	g_ffi_module_descriptor.types;native_binding_metadata.c;tests/module/test_module_system.c	发布 Library/Symbol/Callback/Pointer/Buffer 句柄与 Ptr/Ptr32/Ptr64、Char/WChar 类型元数据	Pointer 族 ownerMode=borrowed；BufferHandle=owned；连续视图协议只标在 pointer 族	zr_vm_lib_ffi/src/zr_vm_lib_ffi/module.c:163-251;tests/module/test_module_system.c:3875-3917	commented	建议注释说明 FFI lowering/owner metadata 会被 parser、IDE 与运行时共同消费
zr_vm_lib_ffi/src/zr_vm_lib_ffi/module.c	g_ffi_hints	state	g_ffi_module_descriptor.typeHints;LSP 类型提示	为脚本函数和类型提供人工可读签名，供 IDE 与模块信息展示	必须与 descriptor 表和实际参数读取保持一致	zr_vm_lib_ffi/src/zr_vm_lib_ffi/module.c:254-271;zr_vm_lib_ffi/src/zr_vm_lib_ffi/module.c:307-316	commented	建议注释说明 hints 是展示层镜像，改 API 时需同步 descriptor 与 JSON
zr_vm_lib_ffi/src/zr_vm_lib_ffi/module.c	g_ffi_type_hints_json	state	g_ffi_module_descriptor.typeHintsJson;native-binding metadata	提供 zr.native.hints/v1 机器可读的函数与类型列表，支持外部工具消费	静态字符串须与 g_ffi_hints 和 g_ffi_types 同步	zr_vm_lib_ffi/src/zr_vm_lib_ffi/module.c:274-297;zr_vm_lib_ffi/src/zr_vm_lib_ffi/module.c:307-316	commented	建议注释解释为什么同时维护结构化 hints 与 JSON 镜像
zr_vm_lib_ffi/src/zr_vm_lib_ffi/module.c	g_ffi_module_links	state	g_ffi_module_descriptor.moduleLinks;native registry link resolution	声明 zr.ffi 对 zr.container 的 Span 协议依赖，保证视图类型可解析	被链接的 container provider 应先可用；不传递动态库句柄所有权	zr_vm_lib_ffi/src/zr_vm_lib_ffi/module.c:300-302;zr_vm_lib_ffi/src/zr_vm_lib_ffi/module.c:318-319;zr_vm_lib_ffi/src/zr_vm_lib_ffi/ffi_runtime/ffi_runtime_pointer_view.c:52-55	commented	建议注释说明依赖来自 pointer.span 的构造而非 ABI 调用
zr_vm_lib_ffi/src/zr_vm_lib_ffi/module.c	g_ffi_module_descriptor	state	ZrVmLibFfiRuntime_GetModuleDescriptor;native registry;plugin loader	汇总脚本 API、类型、hint、模块链接与宿主能力要求为唯一 zr.ffi provider contract	静态只读；要求 runtime 支持 TYPE_HINTS、TYPE_METADATA、SAFE_CALL_HELPERS 和 FFI_RUNTIME	zr_vm_lib_ffi/src/zr_vm_lib_ffi/module.c:307-325;zr_vm_library/src/zr_vm_library/native_binding/native_binding_registry_plugin.c:377-383	commented	建议注释解释注册、插件和工具查询共享同一描述符
zr_vm_lib_ffi/src/zr_vm_lib_ffi/module.c	ZrVmLibFfiRuntime_GetModuleDescriptor	function	ZrVmLibFfi_GetModuleDescriptor;ZrVmLibFfi_Register;ZrVm_GetNativeModule_v1	返回模块静态描述符地址供三个发布入口共享	无分配；返回值不能释放	zr_vm_lib_ffi/src/zr_vm_lib_ffi/module.c:327-337	no-comment	单行访问器意图由 descriptor 和公开接口注释覆盖
zr_vm_lib_ffi/src/zr_vm_lib_ffi/module.c	ZrVmLibFfi_GetModuleDescriptor	function	tests/parser/test_buffer_pool_ffi.c:420;宿主查询	向非插件宿主暴露同一静态描述符	只借用不注册，不释放	zr_vm_lib_ffi/src/zr_vm_lib_ffi/module.c:329;zr_vm_lib_ffi/include/zr_vm_lib_ffi/module.h:13	no-comment	公开声明应记录调用契约，此转发实现无额外意图
zr_vm_lib_ffi/src/zr_vm_lib_ffi/module.c	ZrVmLibFfi_Register	function	zr_vm_cli/project.c:366;LSP;tests/ffi/test_ffi_module.c	把 zr.ffi 描述符写入指定 global 的 native registry，开启脚本 import 与 extern 调用	返回 registry 状态；调用方应在运行脚本前完成注册	zr_vm_lib_ffi/src/zr_vm_lib_ffi/module.c:331-333;zr_vm_cli/src/zr_vm_cli/project/project.c:366	no-comment	公开声明承载时机与返回语义，包装实现只转发
zr_vm_lib_ffi/src/zr_vm_lib_ffi/module.c	ZrVm_GetNativeModule_v1	function	native_binding_registry_plugin.c:351-383 动态符号调用	给共享插件加载器返回与内建注册相同的 descriptor	仅共享构建出现；loader 独立校验 abiVersion	zr_vm_lib_ffi/src/zr_vm_lib_ffi/module.c:335-337;zr_vm_lib_ffi/include/zr_vm_lib_ffi/module.h:20-26	no-comment	公开声明解释固定符号名，单行实现无需重复
zr_vm_lib_ffi/src/zr_vm_lib_ffi/module.c	g_ffi_types::LibraryHandle	type	ZrFfi_LoadLibrary;getSymbol;getContractSymbol;getVersion	向脚本暴露动态库生命周期的 managed wrapper，symbol 借用其底层库	脚本 close 为逻辑关闭；已有 SymbolHandle 持有 owner 并延迟卸载	zr_vm_lib_ffi/src/zr_vm_lib_ffi/module.c:165-168;zr_vm_lib_ffi/src/zr_vm_lib_ffi/runtime.c:100;zr_vm_lib_ffi/src/zr_vm_lib_ffi/runtime.c:344	commented	建议注释类型条目说明 owner 关系，避免误以为 close 立即 dlclose
zr_vm_lib_ffi/src/zr_vm_lib_ffi/module.c	g_ffi_types::SymbolHandle	type	zr_ffi_library_create_symbol;ZrFfi_Symbol_Call;ZrFfi_Symbol_MetaCall	把已解析 native 地址与 ABI signature 成对保存供重复调用	持有 LibraryHandle hidden owner；库逻辑关闭后不可继续调用	zr_vm_lib_ffi/src/zr_vm_lib_ffi/module.c:170-174;zr_vm_lib_ffi/src/zr_vm_lib_ffi/runtime.c:343;zr_vm_lib_ffi/src/zr_vm_lib_ffi/ffi_runtime/ffi_runtime_invoke.c:129-140	commented	建议注释类型条目说明 native 函数地址不能脱离库生存
zr_vm_lib_ffi/src/zr_vm_lib_ffi/module.c	g_ffi_types::CallbackHandle	type	ZrFfi_CreateCallback;ZrFfi_Callback_Close;zr_ffi_callback_trampoline	把 ZR closure 与 libffi executable trampoline 绑定成 native callback	只允许创建线程与活跃调用策略内进入 VM；close 之后外部不得调用已保存地址	zr_vm_lib_ffi/src/zr_vm_lib_ffi/module.c:176-180;zr_vm_lib_ffi/src/zr_vm_lib_ffi/runtime.c:185;zr_vm_lib_ffi/src/zr_vm_lib_ffi/ffi_runtime/ffi_runtime_callback.c:645-670	commented	建议注释类型条目警示跨语言函数指针生命周期
zr_vm_lib_ffi/src/zr_vm_lib_ffi/module.c	g_ffi_types::PointerHandle	type	ZrFfi_NullPointer;ZrFfi_Buffer_Pin;ZrFfi_Pointer_As;container Span	基础 native 地址 wrapper，同时声明 pinned contiguous source 元数据	ffiOwnerMode=borrowed；仅有显式 pin 长度时可下标/Span；read(type) 另需布局保证	zr_vm_lib_ffi/src/zr_vm_lib_ffi/module.c:182-195;zr_vm_lib_ffi/src/zr_vm_lib_ffi/runtime.c:254;zr_vm_lib_ffi/src/zr_vm_lib_ffi/ffi_runtime/ffi_runtime_pointer_view.c:37-144	commented	建议注释区分 borrowed pointer 与 BufferHandle-owned storage
zr_vm_lib_ffi/src/zr_vm_lib_ffi/module.c	g_ffi_types::BufferHandle	type	ZrFfi_Buffer_Allocate;ZrFfi_Buffer_Pin;ZrFfi_Buffer_Close	拥有 native 字节存储的 wrapper，pin 生成借用 pointer view	ownerMode=owned；close 后拒绝新 pin；已有 pin 释放后才回收字节	zr_vm_lib_ffi/src/zr_vm_lib_ffi/module.c:197-201;zr_vm_lib_ffi/src/zr_vm_lib_ffi/runtime.c:614;zr_vm_lib_ffi/src/zr_vm_lib_ffi/runtime.c:683	commented	建议注释类型条目说明 owned 与 pinCount 的延迟释放
zr_vm_lib_ffi/src/zr_vm_lib_ffi/module.c	g_ffi_types::Ptr	type	脚本泛型类型;g_ptr_methods.span;IDE type hints	在 PointerHandle 上提供泛型 T 的语义指针身份和 Span<T> 投影	继承基础 pointer 的实际存储与 borrowed ownerMode，T 不自动做 native ABI 校验	zr_vm_lib_ffi/src/zr_vm_lib_ffi/module.c:203-215;zr_vm_lib_ffi/src/zr_vm_lib_ffi/module.c:110-122	commented	建议注释类型条目说明泛型描述与实际内存安全检查的界限
zr_vm_lib_ffi/src/zr_vm_lib_ffi/module.c	g_ffi_types::Ptr32	type	脚本泛型类型;ABI-aware pointer hints	为 32 位语义指针提供静态类型身份，复用 PointerHandle 生命周期	描述符仍 loweringKind=pointer；是否允许当前目标指针宽度需由其他 ABI 校验链决定	zr_vm_lib_ffi/src/zr_vm_lib_ffi/module.c:217-229	commented	建议注释说明 Ptr32 是语义类型而不是内存中 32 位地址的直接重解释
zr_vm_lib_ffi/src/zr_vm_lib_ffi/module.c	g_ffi_types::Ptr64	type	脚本泛型类型;ABI-aware pointer hints	为 64 位语义指针提供静态类型身份，复用 PointerHandle 生命周期	描述符仍 loweringKind=pointer；ABI 目标指针宽度需另行核验	zr_vm_lib_ffi/src/zr_vm_lib_ffi/module.c:231-243	commented	建议注释说明 Ptr64 与本机指针宽度可能不同
zr_vm_lib_ffi/src/zr_vm_lib_ffi/module.c	g_ffi_types::Char	type	脚本 FFI metadata;ABI type hints	给单字节 ABI 字符提供独立类型名，避免与 ZR string 混淆	结构包装仅供元数据；无直接 constructor 或方法	zr_vm_lib_ffi/src/zr_vm_lib_ffi/module.c:244-246;zr_vm_lib_ffi/src/zr_vm_lib_ffi/module.c:269-270	no-comment	现有 documentation 已明确 Single-byte ABI character wrapper
zr_vm_lib_ffi/src/zr_vm_lib_ffi/module.c	g_ffi_types::WChar	type	脚本 FFI metadata;ABI type hints	给宽字符 ABI 提供类型名，供 FFI metadata 与 IDE 展示	具体宽度随目标 ABI，不应从类型名推定 16 位或 32 位	zr_vm_lib_ffi/src/zr_vm_lib_ffi/module.c:248-250;zr_vm_lib_ffi/src/zr_vm_lib_ffi/module.c:269-270	commented	建议补充宽度依赖目标 ABI 的约束
zr_vm_lib_ffi/src/zr_vm_lib_ffi/runtime.c	zr_ffi_pointer_set_length_field	function	zr_vm_lib_ffi/src/zr_vm_lib_ffi/runtime.c:292;zr_vm_lib_ffi/src/zr_vm_lib_ffi/runtime.c:498;zr_vm_lib_ffi/src/zr_vm_lib_ffi/runtime.c:573;zr_vm_lib_ffi/src/zr_vm_lib_ffi/runtime.c:732	长度投影	字段不拥有地址；新建/关闭视图时更新	zr_vm_lib_ffi/src/zr_vm_lib_ffi/runtime.c:4;zr_vm_lib_ffi/src/zr_vm_lib_ffi/runtime.c:14	no-comment	原注释准确区分脚本length与私有byteLength
zr_vm_lib_ffi/src/zr_vm_lib_ffi/runtime.c	ZrFfi_LoadLibrary	function	zr_vm_lib_ffi/src/zr_vm_lib_ffi/module.c:38（descriptor注册）；zr_vm_library/src/zr_vm_library/native_binding/native_binding_dispatch_lanes.h:277（统一派发）;zr_vm_parser/src/zr_vm_parser/compiler/compiler_extern_declaration.c:873	打开并托管库	路径副本独占；对象失败关闭加载器引用	zr_vm_lib_ffi/src/zr_vm_lib_ffi/runtime.c:20;zr_vm_lib_ffi/src/zr_vm_lib_ffi/runtime.c:65;zr_vm_lib_ffi/src/zr_vm_lib_ffi/ffi_runtime/ffi_runtime_support.c:41;zr_vm_parser/src/zr_vm_parser/compiler/compiler_extern_declaration.c:851	BUG	仅路径复制OOM而后构造成功可交付不能匹配contract的句柄
zr_vm_lib_ffi/src/zr_vm_lib_ffi/runtime.c	ZrFfi_SizeOf	function	zr_vm_lib_ffi/src/zr_vm_lib_ffi/module.c:42（descriptor注册）；zr_vm_library/src/zr_vm_library/native_binding/native_binding_dispatch_lanes.h:277（统一派发）	查询尺寸	临时布局树销毁；不访问native地址	zr_vm_lib_ffi/src/zr_vm_lib_ffi/runtime.c:70;zr_vm_lib_ffi/src/zr_vm_lib_ffi/runtime.c:80	commented	补充输入借用和布局回收
zr_vm_lib_ffi/src/zr_vm_lib_ffi/runtime.c	ZrFfi_AlignOf	function	zr_vm_lib_ffi/src/zr_vm_lib_ffi/module.c:43（descriptor注册）；zr_vm_library/src/zr_vm_library/native_binding/native_binding_dispatch_lanes.h:277（统一派发）	查询对齐	布局结果转整数后销毁	zr_vm_lib_ffi/src/zr_vm_lib_ffi/runtime.c:84;zr_vm_lib_ffi/src/zr_vm_lib_ffi/runtime.c:94	commented	补充布局作用域
zr_vm_lib_ffi/src/zr_vm_lib_ffi/runtime.c	ZrFfi_Library_Close	function	zr_vm_lib_ffi/src/zr_vm_lib_ffi/module.c:53（descriptor注册）；zr_vm_library/src/zr_vm_library/native_binding/native_binding_dispatch_lanes.h:277（统一派发）	逻辑关闭及延期卸载	openSymbolCount为0才物理关闭；重复关闭安全	zr_vm_lib_ffi/src/zr_vm_lib_ffi/runtime.c:100;zr_vm_lib_ffi/src/zr_vm_lib_ffi/runtime.c:112	no-comment	旧注释准确说明符号owner和关闭顺序
zr_vm_lib_ffi/src/zr_vm_lib_ffi/runtime.c	ZrFfi_Library_IsClosed	function	zr_vm_lib_ffi/src/zr_vm_lib_ffi/module.c:55（descriptor注册）；zr_vm_library/src/zr_vm_library/native_binding/native_binding_dispatch_lanes.h:277（统一派发）	投影关闭状态	逻辑请求或物理句柄空均返回true	zr_vm_lib_ffi/src/zr_vm_lib_ffi/runtime.c:116;zr_vm_lib_ffi/src/zr_vm_lib_ffi/runtime.c:123	commented	补充逻辑与物理状态差别
zr_vm_lib_ffi/src/zr_vm_lib_ffi/runtime.c	ZrFfi_Library_GetVersion	function	zr_vm_lib_ffi/src/zr_vm_lib_ffi/module.c:64（descriptor注册）；zr_vm_library/src/zr_vm_library/native_binding/native_binding_dispatch_lanes.h:277（统一派发）	直接调用可选版本导出	真实ABI由调用方保证；缺失返回null	zr_vm_lib_ffi/src/zr_vm_lib_ffi/runtime.c:129;zr_vm_lib_ffi/src/zr_vm_lib_ffi/runtime.c:166	BUG	close且有symbol引用时仍执行版本导出，绕过已声明逻辑关闭
zr_vm_lib_ffi/src/zr_vm_lib_ffi/runtime.c	ZrFfi_Callback_Close	function	zr_vm_lib_ffi/src/zr_vm_lib_ffi/module.c:80（descriptor注册）；zr_vm_library/src/zr_vm_library/native_binding/native_binding_dispatch_lanes.h:277（统一派发）	停用VM回调	closed只置位；closure保留到finalizer	zr_vm_lib_ffi/src/zr_vm_lib_ffi/runtime.c:171;zr_vm_lib_ffi/src/zr_vm_lib_ffi/runtime.c:179	commented	补充代码指针存储生命期
zr_vm_lib_ffi/src/zr_vm_lib_ffi/runtime.c	ZrFfi_CreateCallback	function	zr_vm_lib_ffi/src/zr_vm_lib_ffi/module.c:40（descriptor注册）；zr_vm_library/src/zr_vm_library/native_binding/native_binding_dispatch_lanes.h:277（统一派发）	构造libffi闭包	签名/closure独占；ownerObject关联hidden callable；失败逐级清理	zr_vm_lib_ffi/src/zr_vm_lib_ffi/runtime.c:185;zr_vm_lib_ffi/src/zr_vm_lib_ffi/runtime.c:249	no-comment	旧注释与线程、激活策略和无后端拒绝分支相符
zr_vm_lib_ffi/src/zr_vm_lib_ffi/runtime.c	ZrFfi_NullPointer	function	zr_vm_lib_ffi/src/zr_vm_lib_ffi/module.c:44（descriptor注册）；zr_vm_library/src/zr_vm_library/native_binding/native_binding_dispatch_lanes.h:277（统一派发）	建立typed null	布局自有；非pointer克隆子类型；无owner pin	zr_vm_lib_ffi/src/zr_vm_lib_ffi/runtime.c:254;zr_vm_lib_ffi/src/zr_vm_lib_ffi/runtime.c:294	commented	补充布局克隆和空地址限制
zr_vm_lib_ffi/src/zr_vm_lib_ffi/runtime.c	zr_ffi_library_create_symbol	function	zr_vm_lib_ffi/src/zr_vm_lib_ffi/runtime.c:386;zr_vm_lib_ffi/src/zr_vm_lib_ffi/runtime.c:476	解析导出并托管signature	任何返回均消费签名；构造失败归还预增symbol计数	zr_vm_lib_ffi/src/zr_vm_lib_ffi/runtime.c:302;zr_vm_lib_ffi/src/zr_vm_lib_ffi/runtime.c:359	commented	补充签名转移和计数回滚
zr_vm_lib_ffi/src/zr_vm_lib_ffi/runtime.c	ZrFfi_Library_GetSymbol	function	zr_vm_lib_ffi/src/zr_vm_lib_ffi/module.c:57（descriptor注册）；zr_vm_library/src/zr_vm_library/native_binding/native_binding_dispatch_lanes.h:277（统一派发）	动态描述符绑定导出	输入borrowed；签名失败无symbol；交create_symbol消费	zr_vm_lib_ffi/src/zr_vm_lib_ffi/runtime.c:363;zr_vm_lib_ffi/src/zr_vm_lib_ffi/runtime.c:392	no-comment	准确旧注释足以区分动态签名路径
zr_vm_lib_ffi/src/zr_vm_lib_ffi/runtime.c	ZrFfi_Library_GetContractSymbol	function	zr_vm_lib_ffi/src/zr_vm_lib_ffi/module.c:59（descriptor注册）；zr_vm_library/src/zr_vm_library/native_binding/native_binding_dispatch_lanes.h:277（统一派发）;zr_vm_parser/src/zr_vm_parser/compiler/compiler_extern_declaration.c:885	绑定活动帧的同库contract	AOT优先VM回退；原始路径strcmp；独立签名树	zr_vm_lib_ffi/src/zr_vm_lib_ffi/runtime.c:401;zr_vm_lib_ffi/src/zr_vm_lib_ffi/runtime.c:482;zr_vm_lib_ffi/src/zr_vm_lib_ffi/ffi_runtime/ffi_runtime_support.c:41;zr_vm_parser/src/zr_vm_parser/compiler/compiler_extern_declaration.c:851	TODO	编译器索引uint32；高int64手工调用AOT可达约束待核查
zr_vm_lib_ffi/src/zr_vm_lib_ffi/runtime.c	ZrFfi_Pointer_Close	function	zr_vm_lib_ffi/src/zr_vm_lib_ffi/module.c:94（descriptor注册）；zr_vm_library/src/zr_vm_library/native_binding/native_binding_dispatch_lanes.h:277（统一派发）	释放一次owner pin	封闭地址/长度先于release；closed避免finalizer重复释放	zr_vm_lib_ffi/src/zr_vm_lib_ffi/runtime.c:488;zr_vm_lib_ffi/src/zr_vm_lib_ffi/runtime.c:502;zr_vm_lib_ffi/src/zr_vm_lib_ffi/ffi_runtime/ffi_runtime_callback.c:559	no-comment	旧注释准确覆盖顺序与幂等性
zr_vm_lib_ffi/src/zr_vm_lib_ffi/runtime.c	ZrFfi_Pointer_As	function	zr_vm_lib_ffi/src/zr_vm_lib_ffi/module.c:88（descriptor注册）；zr_vm_library/src/zr_vm_library/native_binding/native_binding_dispatch_lanes.h:277（统一派发）	同地址建立类型别名	新树独占；Buffer owner独立增pin；构造失败回滚	zr_vm_lib_ffi/src/zr_vm_lib_ffi/runtime.c:508;zr_vm_lib_ffi/src/zr_vm_lib_ffi/runtime.c:576;zr_vm_lib_ffi/src/zr_vm_lib_ffi/ffi_runtime/ffi_runtime_callback.c:559	TODO	closed仍可生成空别名的合法性未由API证明
zr_vm_lib_ffi/src/zr_vm_lib_ffi/runtime.c	ZrFfi_Pointer_Read	function	zr_vm_lib_ffi/src/zr_vm_lib_ffi/module.c:91（descriptor注册）；zr_vm_library/src/zr_vm_library/native_binding/native_binding_dispatch_lanes.h:277（统一派发）	按显式布局解码地址	公开声明要求容量/对齐；本处只拒绝null/closed	zr_vm_lib_ffi/src/zr_vm_lib_ffi/runtime.c:580;zr_vm_lib_ffi/src/zr_vm_lib_ffi/runtime.c:609	TODO	未限制byteLength事实明确；是否强制运行时保护待核查
zr_vm_lib_ffi/src/zr_vm_lib_ffi/runtime.c	ZrFfi_Buffer_Allocate	function	zr_vm_lib_ffi/src/zr_vm_lib_ffi/module.c:146（descriptor注册）；zr_vm_library/src/zr_vm_library/native_binding/native_binding_dispatch_lanes.h:277（统一派发）	建立零初始化native存储	size=0允许bytes空；失败释放局部资源	zr_vm_lib_ffi/src/zr_vm_lib_ffi/runtime.c:614;zr_vm_lib_ffi/src/zr_vm_lib_ffi/runtime.c:649;zr_vm_lib_ffi/src/zr_vm_lib_ffi/ffi_runtime/ffi_runtime_callback.c:559	commented	补充零长与失败归属
zr_vm_lib_ffi/src/zr_vm_lib_ffi/runtime.c	ZrFfi_Buffer_Close	function	zr_vm_lib_ffi/src/zr_vm_lib_ffi/module.c:148（descriptor注册）；zr_vm_library/src/zr_vm_library/native_binding/native_binding_dispatch_lanes.h:277（统一派发）	关闭owner并延期释放	仍存活pin维持地址；read/write/slice不得继续owner操作	zr_vm_lib_ffi/src/zr_vm_lib_ffi/runtime.c:653;zr_vm_lib_ffi/src/zr_vm_lib_ffi/runtime.c:666;zr_vm_lib_ffi/src/zr_vm_lib_ffi/ffi_runtime/ffi_runtime_callback.c:559	no-comment	旧注释与require_open_owner和pin-release一致
zr_vm_lib_ffi/src/zr_vm_lib_ffi/runtime.c	zr_ffi_buffer_require_open_owner	function	zr_vm_lib_ffi/src/zr_vm_lib_ffi/runtime.c:752;zr_vm_lib_ffi/src/zr_vm_lib_ffi/runtime.c:798;zr_vm_lib_ffi/src/zr_vm_lib_ffi/runtime.c:845	统一拒绝已关闭owner操作	调用方先核对Buffer种类；不拒绝仍存活pointer	zr_vm_lib_ffi/src/zr_vm_lib_ffi/runtime.c:671;zr_vm_lib_ffi/src/zr_vm_lib_ffi/runtime.c:677	commented	补充数据存在与owner操作能力的区别
zr_vm_lib_ffi/src/zr_vm_lib_ffi/runtime.c	ZrFfi_Buffer_Pin	function	zr_vm_lib_ffi/src/zr_vm_lib_ffi/module.c:150（descriptor注册）；zr_vm_library/src/zr_vm_library/native_binding/native_binding_dispatch_lanes.h:277（统一派发）	借出字节视图	hidden owner保GC可达；pinCount保native内存；失败回滚	zr_vm_lib_ffi/src/zr_vm_lib_ffi/runtime.c:683;zr_vm_lib_ffi/src/zr_vm_lib_ffi/runtime.c:735;zr_vm_lib_ffi/src/zr_vm_lib_ffi/ffi_runtime/ffi_runtime_callback.c:559	no-comment	已有两处注释准确覆盖可达性和计数
zr_vm_lib_ffi/src/zr_vm_lib_ffi/runtime.c	ZrFfi_Buffer_Read	function	zr_vm_lib_ffi/src/zr_vm_lib_ffi/module.c:152（descriptor注册）；zr_vm_library/src/zr_vm_library/native_binding/native_binding_dispatch_lanes.h:277（统一派发）	复制范围为独立数组	先验证size-offset；临时根覆盖逐项追加	zr_vm_lib_ffi/src/zr_vm_lib_ffi/runtime.c:741;zr_vm_lib_ffi/src/zr_vm_lib_ffi/runtime.c:784;zr_vm_library/src/zr_vm_library/native_binding/native_binding_dispatch.c:1503	TODO	忽略PushValue失败，但脚本最终成功短数组尚未证明
zr_vm_lib_ffi/src/zr_vm_lib_ffi/runtime.c	ZrFfi_Buffer_Write	function	zr_vm_lib_ffi/src/zr_vm_lib_ffi/module.c:154（descriptor注册）；zr_vm_library/src/zr_vm_library/native_binding/native_binding_dispatch_lanes.h:277（统一派发）	顺序写脚本数组到native存储	范围写前拒绝；后续元素失败已有前缀不回滚；截断字节	zr_vm_lib_ffi/src/zr_vm_lib_ffi/runtime.c:788;zr_vm_lib_ffi/src/zr_vm_lib_ffi/runtime.c:829	TODO	原子性及非法值拒绝规则需核查
zr_vm_lib_ffi/src/zr_vm_lib_ffi/runtime.c	ZrFfi_Buffer_Slice	function	zr_vm_lib_ffi/src/zr_vm_lib_ffi/module.c:156（descriptor注册）；zr_vm_library/src/zr_vm_library/native_binding/native_binding_dispatch_lanes.h:277（统一派发）	复制独立native buffer	新存储自有；失败不改原buffer状态和pin	zr_vm_lib_ffi/src/zr_vm_lib_ffi/runtime.c:835;zr_vm_lib_ffi/src/zr_vm_lib_ffi/runtime.c:883	commented	补充差值边界及失败回滚
zr_vm_lib_ffi/src/zr_vm_lib_ffi/runtime.c	ZrFfi_Symbol_Call	function	zr_vm_lib_ffi/src/zr_vm_lib_ffi/module.c:69（descriptor注册）；zr_vm_library/src/zr_vm_library/native_binding/native_binding_dispatch_lanes.h:277（统一派发）	数组入口执行native调用	invoke检查owner、参数数和pin；writebackContext为空	zr_vm_lib_ffi/src/zr_vm_lib_ffi/runtime.c:888;zr_vm_lib_ffi/src/zr_vm_lib_ffi/runtime.c:908	commented	区分数组借用与位置ref写回入口
zr_vm_lib_ffi/src/zr_vm_lib_ffi/runtime.c	ZrFfi_Symbol_MetaCall	function	zr_vm_lib_ffi/src/zr_vm_lib_ffi/module.c:75（descriptor注册）；zr_vm_library/src/zr_vm_library/native_binding/native_binding_dispatch_lanes.h:277（统一派发）	位置参数rooted打包并调用	逐项失败结束root；同步call/callback期间root不断	zr_vm_lib_ffi/src/zr_vm_lib_ffi/runtime.c:914;zr_vm_lib_ffi/src/zr_vm_lib_ffi/runtime.c:954;zr_vm_library/src/zr_vm_library/native_binding/native_binding_dispatch.c:1503	no-comment	原注释准确；局部数组根与invoke cleanup相配
zr_vm_lib_ffi/src/zr_vm_lib_ffi/runtime.c	ZrFfi_LoadLibrary::路径复制失败	block	zr_vm_lib_ffi/src/zr_vm_lib_ffi/module.c:38（descriptor注册）；zr_vm_library/src/zr_vm_library/native_binding/native_binding_dispatch_lanes.h:277（统一派发）;zr_vm_parser/src/zr_vm_parser/compiler/compiler_extern_declaration.c:873	路径副本OOM后没有回滚库加载或返回失败	路径副本独占；对象失败关闭加载器引用	zr_vm_lib_ffi/src/zr_vm_lib_ffi/runtime.c:52;zr_vm_lib_ffi/src/zr_vm_lib_ffi/ffi_runtime/ffi_runtime_support.c:50	BUG	路径副本OOM后没有回滚库加载或返回失败
zr_vm_lib_ffi/src/zr_vm_lib_ffi/runtime.c	ZrFfi_Library_GetVersion::逻辑关闭旁路	block	zr_vm_lib_ffi/src/zr_vm_lib_ffi/module.c:64（descriptor注册）；zr_vm_library/src/zr_vm_library/native_binding/native_binding_dispatch_lanes.h:277（统一派发）	已有symbol时close只置位；本分支不检查closeRequested	真实ABI由调用方保证；缺失返回null	zr_vm_lib_ffi/src/zr_vm_lib_ffi/runtime.c:149;zr_vm_lib_ffi/src/zr_vm_lib_ffi/ffi_runtime/ffi_runtime_invoke.c:136	BUG	已有symbol时close只置位；本分支不检查closeRequested
zr_vm_lib_ffi/src/zr_vm_lib_ffi/runtime.c	ZrFfi_CreateCallback::后端与构造回滚	block	zr_vm_lib_ffi/src/zr_vm_lib_ffi/module.c:40（descriptor注册）；zr_vm_library/src/zr_vm_library/native_binding/native_binding_dispatch_lanes.h:277（统一派发）	无libffi销毁签名；closure准备或对象失败归还closure/signature/data	签名/closure独占；ownerObject关联hidden callable；失败逐级清理	zr_vm_lib_ffi/src/zr_vm_lib_ffi/runtime.c:225;zr_vm_lib_ffi/src/zr_vm_lib_ffi/ffi_runtime/ffi_runtime_callback.c:618	commented	无libffi销毁签名；closure准备或对象失败归还closure/signature/data
zr_vm_lib_ffi/src/zr_vm_lib_ffi/runtime.c	zr_ffi_library_create_symbol::owner计数交接	block	zr_vm_lib_ffi/src/zr_vm_lib_ffi/runtime.c:386;zr_vm_lib_ffi/src/zr_vm_lib_ffi/runtime.c:476	对象失败减计数；成功由symbol finalizer归还	任何返回均消费签名；构造失败归还预增symbol计数	zr_vm_lib_ffi/src/zr_vm_lib_ffi/runtime.c:344;zr_vm_lib_ffi/src/zr_vm_lib_ffi/ffi_runtime/ffi_runtime_callback.c:540	commented	对象失败减计数；成功由symbol finalizer归还
zr_vm_lib_ffi/src/zr_vm_lib_ffi/runtime.c	ZrFfi_Library_GetContractSymbol::AOT收窄	block	zr_vm_lib_ffi/src/zr_vm_lib_ffi/module.c:59（descriptor注册）；zr_vm_library/src/zr_vm_library/native_binding/native_binding_dispatch_lanes.h:277（统一派发）;zr_vm_parser/src/zr_vm_parser/compiler/compiler_extern_declaration.c:885	手工高索引权限及实际AOT帧可达性待核查	AOT优先VM回退；原始路径strcmp；独立签名树	zr_vm_lib_ffi/src/zr_vm_lib_ffi/runtime.c:435;zr_vm_library/src/zr_vm_library/aot_runtime.c:1713	TODO	手工高索引权限及实际AOT帧可达性待核查
zr_vm_lib_ffi/src/zr_vm_lib_ffi/runtime.c	ZrFfi_Library_GetContractSymbol::同库活动帧筛选	block	zr_vm_lib_ffi/src/zr_vm_lib_ffi/module.c:59（descriptor注册）；zr_vm_library/src/zr_vm_library/native_binding/native_binding_dispatch_lanes.h:277（统一派发）;zr_vm_parser/src/zr_vm_parser/compiler/compiler_extern_declaration.c:885	AOT/VM借用记录；原路径精确匹配，未匹配继续向外	AOT优先VM回退；原始路径strcmp；独立签名树	zr_vm_lib_ffi/src/zr_vm_lib_ffi/runtime.c:443;zr_vm_parser/src/zr_vm_parser/compiler/compiler_extern_declaration.c:885	commented	AOT/VM借用记录；原路径精确匹配，未匹配继续向外
zr_vm_lib_ffi/src/zr_vm_lib_ffi/runtime.c	ZrFfi_Pointer_As::关闭与owner再pin	block	zr_vm_lib_ffi/src/zr_vm_lib_ffi/module.c:88（descriptor注册）；zr_vm_library/src/zr_vm_library/native_binding/native_binding_dispatch_lanes.h:277（统一派发）	空别名语义待核查；增pin及失败回滚已读	新树独占；Buffer owner独立增pin；构造失败回滚	zr_vm_lib_ffi/src/zr_vm_lib_ffi/runtime.c:553;zr_vm_lib_ffi/src/zr_vm_lib_ffi/ffi_runtime/ffi_runtime_callback.c:565	TODO	空别名语义待核查；增pin及失败回滚已读
zr_vm_lib_ffi/src/zr_vm_lib_ffi/runtime.c	ZrFfi_Pointer_Read::布局容量	block	zr_vm_lib_ffi/src/zr_vm_lib_ffi/module.c:91（descriptor注册）；zr_vm_library/src/zr_vm_library/native_binding/native_binding_dispatch_lanes.h:277（统一派发）	声明把容量对齐交给调用方；是否增加已知pin保护待核查	公开声明要求容量/对齐；本处只拒绝null/closed	zr_vm_lib_ffi/src/zr_vm_lib_ffi/runtime.c:603;zr_vm_lib_ffi/src/zr_vm_lib_ffi/ffi_runtime/ffi_runtime_callback.c:513	TODO	声明把容量对齐交给调用方；是否增加已知pin保护待核查
zr_vm_lib_ffi/src/zr_vm_lib_ffi/runtime.c	ZrFfi_Buffer_Pin::预增pin回滚	block	zr_vm_lib_ffi/src/zr_vm_lib_ffi/module.c:150（descriptor注册）；zr_vm_library/src/zr_vm_library/native_binding/native_binding_dispatch_lanes.h:277（统一派发）	已有准确注释说明对象失败回滚与close/finalizer归还	hidden owner保GC可达；pinCount保native内存；失败回滚	zr_vm_lib_ffi/src/zr_vm_lib_ffi/runtime.c:721;zr_vm_lib_ffi/src/zr_vm_lib_ffi/ffi_runtime/ffi_runtime_callback.c:559	no-comment	已有准确注释说明对象失败回滚与close/finalizer归还
zr_vm_lib_ffi/src/zr_vm_lib_ffi/runtime.c	ZrFfi_Buffer_Read::结果临时根	block	zr_vm_lib_ffi/src/zr_vm_lib_ffi/module.c:152（descriptor注册）；zr_vm_library/src/zr_vm_library/native_binding/native_binding_dispatch_lanes.h:277（统一派发）	数组逐项分配期间维持可达性；发布后结束根	先验证size-offset；临时根覆盖逐项追加	zr_vm_lib_ffi/src/zr_vm_lib_ffi/runtime.c:771;zr_vm_library/src/zr_vm_library/native_binding/native_binding_dispatch.c:1503	commented	数组逐项分配期间维持可达性；发布后结束根
zr_vm_lib_ffi/src/zr_vm_lib_ffi/runtime.c	ZrFfi_Buffer_Read::追加失败传播	block	zr_vm_lib_ffi/src/zr_vm_lib_ffi/module.c:152（descriptor注册）；zr_vm_library/src/zr_vm_library/native_binding/native_binding_dispatch_lanes.h:277（统一派发）	返回值未检查；threadStatus和最终派发出口需继续核对	先验证size-offset；临时根覆盖逐项追加	zr_vm_lib_ffi/src/zr_vm_lib_ffi/runtime.c:780;zr_vm_library/src/zr_vm_library/native_binding/native_binding_dispatch.c:1528	TODO	返回值未检查；threadStatus和最终派发出口需继续核对
zr_vm_lib_ffi/src/zr_vm_lib_ffi/runtime.c	ZrFfi_Buffer_Write::前缀提交	block	zr_vm_lib_ffi/src/zr_vm_lib_ffi/module.c:154（descriptor注册）；zr_vm_library/src/zr_vm_library/native_binding/native_binding_dispatch_lanes.h:277（统一派发）	元素不兼容失败时前缀已写；原子保证未明确	范围写前拒绝；后续元素失败已有前缀不回滚；截断字节	zr_vm_lib_ffi/src/zr_vm_lib_ffi/runtime.c:815;zr_vm_lib_ffi/src/zr_vm_lib_ffi/runtime.c:826	TODO	元素不兼容失败时前缀已写；原子保证未明确
zr_vm_lib_ffi/src/zr_vm_lib_ffi/runtime.c	ZrFfi_Buffer_Write::字节截断	block	zr_vm_lib_ffi/src/zr_vm_lib_ffi/module.c:154（descriptor注册）；zr_vm_library/src/zr_vm_library/native_binding/native_binding_dispatch_lanes.h:277（统一派发）	范围外整数截断；是否必须拒绝需核对公开前提	范围写前拒绝；后续元素失败已有前缀不回滚；截断字节	zr_vm_lib_ffi/src/zr_vm_lib_ffi/runtime.c:826;zr_vm_lib_ffi/src/zr_vm_lib_ffi/ffi_runtime/ffi_runtime_pointer_view.c:134	TODO	范围外整数截断；是否必须拒绝需核对公开前提
zr_vm_lib_ffi/src/zr_vm_lib_ffi/runtime.c	ZrFfi_Symbol_MetaCall::调用与根结束	block	zr_vm_lib_ffi/src/zr_vm_lib_ffi/module.c:75（descriptor注册）；zr_vm_library/src/zr_vm_library/native_binding/native_binding_dispatch_lanes.h:277（统一派发）	已有准确注释；成功失败均在invoke返回后结束数组根	逐项失败结束root；同步call/callback期间root不断	zr_vm_lib_ffi/src/zr_vm_lib_ffi/runtime.c:945;zr_vm_lib_ffi/src/zr_vm_lib_ffi/ffi_runtime/ffi_runtime_invoke.c:86	no-comment	已有准确注释；成功失败均在invoke返回后结束数组根
zr_vm_lib_ffi/src/zr_vm_lib_ffi/ffi_runtime/ffi_runtime_contract.c	zr_ffi_contract_primitive_name	function	zr_ffi_type_from_contract	将 canonical kind 与目标字长转成运行时标量类型名称，供同一套 libffi 原语构造器使用	输入 kind 与 size 应已由合同验证且宽度应吻合目标 ABI	zr_vm_lib_ffi/src/zr_vm_lib_ffi/ffi_runtime/ffi_runtime_contract.c:10	commented	建议说明 canonical 类型和运行时基本类型之间的转换边界
zr_vm_lib_ffi/src/zr_vm_lib_ffi/ffi_runtime/ffi_runtime_contract.c	zr_ffi_union_abi_storage_type	function	zr_ffi_aggregate_from_contract	为 canonical union 按目标平台挑选一个可被 libffi 表示的存储类别	仅用于非空 union；失败应拒绝导入而非退化为错误 ABI	zr_vm_lib_ffi/src/zr_vm_lib_ffi/ffi_runtime/ffi_runtime_contract.c:50	commented	建议说明平台 ABI 分类取舍与被拒类型的意义
zr_vm_lib_ffi/src/zr_vm_lib_ffi/ffi_runtime/ffi_runtime_contract.c	zr_ffi_aggregate_from_contract	function	zr_ffi_type_from_contract	把经签名验证的聚合字段变成自有布局树和 libffi 聚合参数类型	字段来自 signatureContract 指定范围；成功后由 zr_ffi_destroy_type 释放	zr_vm_lib_ffi/src/zr_vm_lib_ffi/ffi_runtime/ffi_runtime_contract.c:122	commented	建议描述 canonical 字段与 ABI 元素树转换及返回所有权；OOM 的 NULL fields 缺陷集中记录于 zr_ffi_destroy_type 根源
zr_vm_lib_ffi/src/zr_vm_lib_ffi/ffi_runtime/ffi_runtime_contract.c	zr_ffi_validate_contract_layout	function	zr_ffi_signature_from_contract	在发布 native 符号签名前比对 canonical 结构偏移与 libffi 的主机 ABI 结果	递归检查指针 pointee；标量也需与合同 size/align 一致	zr_vm_lib_ffi/src/zr_vm_lib_ffi/ffi_runtime/ffi_runtime_contract.c:221	commented	建议说明 canonical 聚合布局与 libffi 结构偏移核对；标量遗漏集中记录于 zr_ffi_type_from_contract
zr_vm_lib_ffi/src/zr_vm_lib_ffi/ffi_runtime/ffi_runtime_contract.c	zr_ffi_type_from_contract	function	zr_ffi_signature_from_contract;zr_ffi_aggregate_from_contract	按 canonical 合同种类降低为可供参数编组和 libffi CIF 使用的自有类型树	返回类型必须与合同 size/align/签名哈希一致；失败不得留下半构造树	zr_vm_lib_ffi/src/zr_vm_lib_ffi/ffi_runtime/ffi_runtime_contract.c:302;zr_vm_common/include/zr_vm_common/zr_ffi_contract.h:590-599;zr_vm_lib_ffi/src/zr_vm_lib_ffi/ffi_runtime/ffi_runtime_contract.c:8-37	BUG	标量创建仅使用 kind，对合同 size/align 不核对；contract.c 与 common zr_ffi_contract.h
zr_vm_lib_ffi/src/zr_vm_lib_ffi/ffi_runtime/ffi_runtime_contract.c	zr_ffi_contract_is_available	function	zr_ffi_signature_from_contract	在导入时拒绝当前操作系统不可用的 native extern	仅检查 OS availability；目标 triple/ABI 另由 common validator 和本地尺寸检查	zr_vm_lib_ffi/src/zr_vm_lib_ffi/ffi_runtime/ffi_runtime_contract.c:373	no-comment	函数名与紧邻分支已表达平台位掩码用途，且没有隐藏资源语义
zr_vm_lib_ffi/src/zr_vm_lib_ffi/ffi_runtime/ffi_runtime_contract.c	zr_ffi_signature_from_contract	function	ZrFfi_Library_GetContractSymbol;ZrVmLibFfi_ValidateNativeImportContract	在动态库符号绑定前把保留的 canonical import 转成可执行 libffi 签名	先验证 hash、平台、capability、policy、目标字长及聚合布局；成功后调用方持有并析构	zr_vm_lib_ffi/src/zr_vm_lib_ffi/ffi_runtime/ffi_runtime_contract.c:386	commented	建议说明绑定前的 policy/ABI 验证门禁与返回签名所有权；OOM 的 NULL parameters 缺陷集中记录于 zr_ffi_destroy_signature
zr_vm_lib_ffi/src/zr_vm_lib_ffi/ffi_runtime/ffi_runtime_contract.c	ZrVmLibFfi_ValidateNativeImportContract	function	tests/ffi/test_native_extern_contract.c;公开 runtime.h API	供编译及宿主在实际加载库前试验 canonical 合同能否由本机 libffi 执行	成功会立即析构临时签名；errorBuffer 当前调用者均给可写空间	zr_vm_lib_ffi/src/zr_vm_lib_ffi/ffi_runtime/ffi_runtime_contract.c:613	commented	建议 Doxygen 说明比 common 合同哈希检查更严格及错误缓冲区前提
zr_vm_lib_ffi/src/zr_vm_lib_ffi/ffi_runtime/ffi_runtime_contract.c	ZrVmLibFfi_PrepareNativeCallPlan	function	runtime.h 公开 API；当前仓库无生产调用	在 core native-call planner 前填入 FFI import 的目标环境与非稳定地址策略	plan 与 diagnostic 可选性遵循 core Prepare；地址稳定性强制 false，后续调用须持 pin lease	zr_vm_lib_ffi/src/zr_vm_lib_ffi/ffi_runtime/ffi_runtime_contract.c:632	commented	建议 Doxygen 明确这是准备计划而非执行调用，且调用方必须履行 pin 条件
zr_vm_lib_ffi/src/zr_vm_lib_ffi/ffi_runtime/ffi_runtime_contract.c	zr_ffi_aggregate_from_contract::abi_elements	block	zr_ffi_validate_contract_layout;ffi_prep_cif	union 以单个 ABI 存储代表项提交 libffi，struct 按字段顺序提交	必须让 ffiElements 在 type 生存期内有效，并以实际 ABI 布局校验	zr_vm_lib_ffi/src/zr_vm_lib_ffi/ffi_runtime/ffi_runtime_contract.c:178	commented	建议说明为何 union 与 struct 的元素表结构不同
zr_vm_lib_ffi/src/zr_vm_lib_ffi/ffi_runtime/ffi_runtime_contract.c	zr_ffi_signature_from_contract::policy_gate	block	ZrFfi_Library_GetContractSymbol	在创建可调用 SymbolHandle 前拒绝运行时尚不能兑现的 cleanup/error/callback 策略	不能把声明了策略的合同静默当成普通 native 调用	zr_vm_lib_ffi/src/zr_vm_lib_ffi/ffi_runtime/ffi_runtime_contract.c:423	commented	建议说明拒绝优于悄悄忽略策略的设计目的
zr_vm_lib_ffi/src/zr_vm_lib_ffi/ffi_runtime/ffi_runtime_contract.c	zr_ffi_signature_from_contract::ref_out_wrap	block	zr_ffi_symbol_invoke_array	将 canonical ref/out 参数包装成指针，以便调用时申请 pointee 存储并写回语言参数	只对 direction 非 IN 的参数包装；原 parameterType 转移后需释放	zr_vm_lib_ffi/src/zr_vm_lib_ffi/ffi_runtime/ffi_runtime_contract.c:508	commented	建议说明布局树与调用时 writeback 的契约
zr_vm_lib_ffi/src/zr_vm_lib_ffi/ffi_runtime/ffi_runtime_contract.c	zr_ffi_signature_from_contract::variadic_cif	block	zr_ffi_symbol_invoke_array	为变参标记准备 libffi CIF	实际调用数组固定等于 parameterCount；需确认 variadic 调用如何传递额外参数及默认提升	zr_vm_lib_ffi/src/zr_vm_lib_ffi/ffi_runtime/ffi_runtime_contract.c:580	TODO	ffi_prep_cif_var 固定数和总数均为 parameterCount，invoke.c 强制实参数相等；需核对语言层 varargs 入口
zr_vm_lib_ffi/src/zr_vm_lib_ffi/ffi_runtime/ffi_runtime_types.c	zr_ffi_destroy_type	function	zr_ffi_destroy_signature;ZrFfi_SizeOf;ZrFfi_AlignOf;zr_ffi_parse_type_descriptor;zr_ffi_aggregate_from_contract	递归归还每个 TypeLayout 私有名称、子类型和 libffi 元素表	仅可析构完整初始化或可安全部分初始化的自有树；不得处理借用的 libffi 全局 primitive ffi_type	zr_vm_lib_ffi/src/zr_vm_lib_ffi/ffi_runtime/ffi_runtime_types.c:5;zr_vm_lib_ffi/src/zr_vm_lib_ffi/ffi_runtime/ffi_runtime_types.c:463-473;zr_vm_lib_ffi/src/zr_vm_lib_ffi/ffi_runtime/ffi_runtime_contract.c:137-150	BUG	聚合 fieldCount>0 且 fields 分配失败为 NULL 时遍历越界；types.c，调用来自 types.c/101-103 与 contract.c
zr_vm_lib_ffi/src/zr_vm_lib_ffi/ffi_runtime/ffi_runtime_types.c	zr_ffi_destroy_signature	function	zr_ffi_destroy_type;zr_ffi_parse_signature;zr_ffi_signature_from_contract;zr_ffi_handle_finalize	归还描述符或 canonical 导入创建的参数树、返回树和 CIF 参数表	只释放自有类型树；必须支持构造中途失败的部分初始化状态	zr_vm_lib_ffi/src/zr_vm_lib_ffi/ffi_runtime/ffi_runtime_types.c:45;zr_vm_lib_ffi/src/zr_vm_lib_ffi/ffi_runtime/ffi_runtime_types.c:640-647;zr_vm_lib_ffi/src/zr_vm_lib_ffi/ffi_runtime/ffi_runtime_contract.c:484-492	BUG	parameterCount>0 而 parameters 尚为 NULL 时仍索引；types.c，调用来自 types.c 和 contract.c
zr_vm_lib_ffi/src/zr_vm_lib_ffi/ffi_runtime/ffi_runtime_types.c	zr_ffi_new_type	function	zr_ffi_make_primitive_type;zr_ffi_parse_type_descriptor;zr_ffi_aggregate_from_contract;zr_ffi_type_from_contract;zr_ffi_pointer_type_from_target	建立零初始化的类型树节点，以便失败路径按 kind 选择回收	返回值可为 NULL；字段所有权由后续构造步骤逐个取得	zr_vm_lib_ffi/src/zr_vm_lib_ffi/ffi_runtime/ffi_runtime_types.c:66	no-comment	函数名和零初始化调用约定简单；所有权在 TypeLayout 结构注释集中说明更清晰
zr_vm_lib_ffi/src/zr_vm_lib_ffi/ffi_runtime/ffi_runtime_types.c	zr_ffi_clone_type	function	zr_ffi_pointer_type_from_target;自身递归	给包装 pointer 的 pointee 建独立树，原目标可立即释放	必须深拷贝子树与 ffiElements 并维持 union/function 描述信息	zr_vm_lib_ffi/src/zr_vm_lib_ffi/ffi_runtime/ffi_runtime_types.c:76	commented	建议说明 pointer wrapper 拥有独立 pointee；clone 子节点失败后的解引用根源记录在 aggregate_children 块
zr_vm_lib_ffi/src/zr_vm_lib_ffi/ffi_runtime/ffi_runtime_types.c	zr_ffi_init_primitive_type	function	zr_ffi_make_primitive_type	集中绑定 native 原语的 size、align 与 libffi 全局 ffi_type	ffiType 为借用，name 为自有副本；调用方应处理名称分配失败	zr_vm_lib_ffi/src/zr_vm_lib_ffi/ffi_runtime/ffi_runtime_types.c:155	commented	建议解释 libffi 全局类型不属于 TypeLayout，而名称副本属于
zr_vm_lib_ffi/src/zr_vm_lib_ffi/ffi_runtime/ffi_runtime_types.c	zr_ffi_make_primitive_type	function	zr_ffi_parse_type_descriptor;zr_ffi_type_from_contract;ZrFfi_Buffer_Pin	把语言/合同原语名映射到主机 ABI 的类型树节点	未知名称返回 NULL；成功结果由调用者通过 zr_ffi_destroy_type 释放	zr_vm_lib_ffi/src/zr_vm_lib_ffi/ffi_runtime/ffi_runtime_types.c:175	commented	建议说明跨动态描述符与 canonical 合同共用的原语入口
zr_vm_lib_ffi/src/zr_vm_lib_ffi/ffi_runtime/ffi_runtime_types.c	zr_ffi_parse_abi	function	zr_ffi_parse_signature;zr_ffi_signature_from_contract	把动态描述符或 canonical cdecl/stdcall 策略转成 libffi 调用约定	显式 ABI 名必须在当前目标得到准确支持，不能静默映射到不同平台默认约定	zr_vm_lib_ffi/src/zr_vm_lib_ffi/ffi_runtime/ffi_runtime_types.c:286;zr_vm_lib_ffi/src/zr_vm_lib_ffi/ffi_runtime/ffi_runtime_types.c:286-300	BUG	sysv 与 win64 在任意平台都返回 FFI_DEFAULT_ABI；例如 Linux abi=win64 实际按 SysV 调用，types.c
zr_vm_lib_ffi/src/zr_vm_lib_ffi/ffi_runtime/ffi_runtime_types.c	zr_ffi_pointer_type_from_target	function	zr_ffi_type_from_contract;zr_ffi_signature_from_contract;ZrFfi_NullPointer;ZrFfi_Pointer_As;ZrFfi_Buffer_Pin	构造拥有独立 pointee 副本的 pointer descriptor，允许调用方释放传入目标	target 只借用；返回 pointer 自有子树并在 ref/out 写回前保持有效	zr_vm_lib_ffi/src/zr_vm_lib_ffi/ffi_runtime/ffi_runtime_types.c:323	commented	建议说明 clone 的必要性及返回类型所有权
zr_vm_lib_ffi/src/zr_vm_lib_ffi/ffi_runtime/ffi_runtime_types.c	zr_ffi_parse_type_descriptor	function	ZrFfi_SizeOf;ZrFfi_AlignOf;ZrFfi_NullPointer;ZrFfi_Pointer_As;ZrFfi_Pointer_Read;zr_ffi_parse_signature	将用户对象描述符转换为布局树供 sizeof、指针及动态符号调用	用户对象不可信；pack/align/offset 应验证 ABI 有效性及溢出，成功节点由调用方释放	zr_vm_lib_ffi/src/zr_vm_lib_ffi/ffi_runtime/ffi_runtime_types.c:346	commented	建议说明用户 descriptor schema、返回树所有权及 sizeof/pointer/signature 共享入口；风险标签集中在 aggregate_align_pack 和 string_encoding 块
zr_vm_lib_ffi/src/zr_vm_lib_ffi/ffi_runtime/ffi_runtime_types.c	zr_ffi_parse_signature	function	ZrFfi_CreateCallback;ZrFfi_Library_GetSymbol;zr_ffi_parse_type_descriptor	将用户提供的签名对象和参数描述符变成 libffi CIF	descriptor 及 errorBuffer 必须有效；成功签名交给 CallbackHandle 或 SymbolHandle；失败回滚需能处理空参数数组	zr_vm_lib_ffi/src/zr_vm_lib_ffi/ffi_runtime/ffi_runtime_types.c:606	commented	建议说明动态签名交给 handle 拥有，且 caller 提供清零的错误缓冲区；OOM 缺陷集中记录于 zr_ffi_destroy_signature
zr_vm_lib_ffi/src/zr_vm_lib_ffi/ffi_runtime/ffi_runtime_types.c	zr_ffi_clone_type::aggregate_children	block	zr_ffi_pointer_type_from_target	复制聚合 pointee 以隔离输入 descriptor 的释放	每个子字段 clone 失败应中止；复制的 libffi 元素必须引用复制后子树	zr_vm_lib_ffi/src/zr_vm_lib_ffi/ffi_runtime/ffi_runtime_types.c:106;zr_vm_lib_ffi/src/zr_vm_lib_ffi/ffi_runtime/ffi_runtime_types.c:115-137	BUG	types.c 无子 clone 结果检查，紧接着解引用 child->ffiType，OOM 时崩溃
zr_vm_lib_ffi/src/zr_vm_lib_ffi/ffi_runtime/ffi_runtime_types.c	zr_ffi_parse_type_descriptor::aggregate_align_pack	block	ZrFfi_SizeOf;ZrFfi_AlignOf;zr_ffi_parse_signature	计算运行时 struct/union 的字段偏移和公开 size、align	pack/align 应是目标 ABI 可表示的 2 的幂，偏移和总长需避免溢出	zr_vm_lib_ffi/src/zr_vm_lib_ffi/ffi_runtime/ffi_runtime_types.c:461;zr_vm_lib_ffi/src/zr_vm_lib_ffi/ffi_runtime/ffi_runtime_types.c:461-469;zr_vm_lib_ffi/src/zr_vm_lib_ffi/ffi_runtime/ffi_runtime_types.c:530-535;zr_vm_lib_ffi/src/zr_vm_lib_ffi/ffi_runtime/ffi_runtime_support.c:61-67	BUG	types.c,492-496 直接接纳非幂值；support.c 掩码对齐仅适合 2 的幂
zr_vm_lib_ffi/src/zr_vm_lib_ffi/ffi_runtime/ffi_runtime_types.c	zr_ffi_parse_type_descriptor::string_encoding	block	zr_ffi_parse_signature;ZrFfi_SizeOf	接受字符串编码 descriptor 并记录在 type tree	若 utf16/ansi 被允许，传入与返回值必须按此编码转换并管理临时缓冲区	zr_vm_lib_ffi/src/zr_vm_lib_ffi/ffi_runtime/ffi_runtime_types.c:381;zr_vm_lib_ffi/src/zr_vm_lib_ffi/ffi_runtime/ffi_runtime_callback.c:377-385;zr_vm_lib_ffi/src/zr_vm_lib_ffi/ffi_runtime/ffi_runtime_callback.c:521-525	BUG	encoding 仅在 types.c 设置/clone，callback.c 与 488-491 一律按 char* 处理
zr_vm_lib_ffi/src/zr_vm_lib_ffi/ffi_runtime/ffi_runtime_types.c	zr_ffi_parse_signature::variadic_cif	block	ZrFfi_Library_GetSymbol;ZrFfi_CreateCallback	准备动态签名的变参 libffi CIF	nfixed 与 ntotal 的关系应与实际参数数组相符；C vararg 默认提升也需保证	zr_vm_lib_ffi/src/zr_vm_lib_ffi/ffi_runtime/ffi_runtime_types.c:696	TODO	types.c 均传 parameterCount，invoke.c 固定实参数；需以含额外参数的调用场景确认设计
zr_vm_lib_ffi/src/zr_vm_lib_ffi/ffi_runtime/ffi_runtime_internal.h	ZrFfiErrorCode	type	zr_ffi_raise_error;invoke.c;callback.c	把加载、编组、ABI、线程和 native 执行失败归类为可观察 FFI 错误	枚举值被诊断和测试消费，新增值需同步 error_name	zr_vm_lib_ffi/src/zr_vm_lib_ffi/ffi_runtime/ffi_runtime_internal.h:80	commented	建议说明分类用于调用方错误处理，不只是日志文本
zr_vm_lib_ffi/src/zr_vm_lib_ffi/ffi_runtime/ffi_runtime_internal.h	ZrFfiTypeKind	type	types.c;contract.c;callback.c;invoke.c	描述运行时类型树节点，使动态 descriptor 和 canonical contract 共用 marshal/ABI 代码	kind 决定 union 成员解释和递归释放；新增 kind 必须覆盖所有 switch	zr_vm_lib_ffi/src/zr_vm_lib_ffi/ffi_runtime/ffi_runtime_internal.h:93	commented	建议说明 union 分支与所有权由 kind 驱动
zr_vm_lib_ffi/src/zr_vm_lib_ffi/ffi_runtime/ffi_runtime_internal.h	ZrFfiDirection	type	types.c;contract.c;invoke.c	表达 pointer/ref 参数的输入输出方向，驱动临时存储和 writeback	IN 不写回；OUT/INOUT 需要 writebackContext 或 managed property reference	zr_vm_lib_ffi/src/zr_vm_lib_ffi/ffi_runtime/ffi_runtime_internal.h:115	commented	建议在 enum 旁明确方向对调用链的影响
zr_vm_lib_ffi/src/zr_vm_lib_ffi/ffi_runtime/ffi_runtime_internal.h	ZrFfiStringEncoding	type	types.c descriptor parser;callback.c marshal/result	记录字符串 descriptor 的编码意图	当前编码只记录不转换，非 UTF-8 使用者存在错误风险	zr_vm_lib_ffi/src/zr_vm_lib_ffi/ffi_runtime/ffi_runtime_internal.h:119	commented	建议描述编码策略元数据；不支持的转换 BUG 标签集中在 types.c string_encoding 分支
zr_vm_lib_ffi/src/zr_vm_lib_ffi/ffi_runtime/ffi_runtime_internal.h	ZrFfiHandleKind	type	support.c finalizer;runtime.c APIs;invoke.c	区分动态库、符号、回调、指针和 buffer 的 finalizer/关闭协议	读取 native pointer 后调用方仍须校验 kind、closed/finalized	zr_vm_lib_ffi/src/zr_vm_lib_ffi/ffi_runtime/ffi_runtime_internal.h:127	commented	建议说明 kind 是 finalizer 分发和句柄安全检查的核心不变量
zr_vm_lib_ffi/src/zr_vm_lib_ffi/ffi_runtime/ffi_runtime_internal.h	ZrFfiFieldLayout	type	types.c;contract.c;callback.c struct marshal	保存字段名称、独立类型子树和相对偏移，供布局检查与读写字段	name/type 由父树拥有；offset 必须在 size 内且满足目标 ABI	zr_vm_lib_ffi/src/zr_vm_lib_ffi/ffi_runtime/ffi_runtime_internal.h:140	commented	建议说明字段树不是 VM object 字段本身，而是 native frame 布局
zr_vm_lib_ffi/src/zr_vm_lib_ffi/ffi_runtime/ffi_runtime_internal.h	ZrFfiParameter	type	ZrFfiSignature;types.c;contract.c;invoke.c	以可释放类型树保存每个 native 参数布局	参数数组及其中 type 归 Signature 所有	zr_vm_lib_ffi/src/zr_vm_lib_ffi/ffi_runtime/ffi_runtime_internal.h:147	commented	建议说明参数 type 不可借用 descriptor 临时对象
zr_vm_lib_ffi/src/zr_vm_lib_ffi/ffi_runtime/ffi_runtime_internal.h	ZrFfiSignature	type	SymbolData;CallbackData;runtime.c;contract.c;types.c	聚合调用约定、策略、参数树及可选 libffi CIF，是一次 native/callback 调用的共享契约	成功后句柄拥有 signature；cif/ffiParameterTypes 仅在 libffi 构建可用	zr_vm_lib_ffi/src/zr_vm_lib_ffi/ffi_runtime/ffi_runtime_internal.h:153	commented	建议说明动态签名与 canonical 签名都最终落到此生命周期
zr_vm_lib_ffi/src/zr_vm_lib_ffi/ffi_runtime/ffi_runtime_internal.h	ZrFfiTypeLayout	type	所有 parser/marshal/callback/invoke 路径	用递归树同时承载 VM 描述符语义、大小对齐和 libffi 表示	子类型由父节点拥有；ffiType 中部分指向 libffi 全局静态对象	zr_vm_lib_ffi/src/zr_vm_lib_ffi/ffi_runtime/ffi_runtime_internal.h:174	commented	建议说明 union/function/pointer 的 union 成员与递归销毁不变量
zr_vm_lib_ffi/src/zr_vm_lib_ffi/ffi_runtime/ffi_runtime_internal.h	ZrFfiHandleData	type	all handle data;zr_ffi_handle_finalize	为所有 VM FFI 句柄提供 kind/finalized 公共前缀	必须位于各派生结构首字段，finalizerData 指向它且仅 finalize 一次	zr_vm_lib_ffi/src/zr_vm_lib_ffi/ffi_runtime/ffi_runtime_internal.h:208	commented	建议说明首字段布局是 C 转型和 finalizer 分发前提
zr_vm_lib_ffi/src/zr_vm_lib_ffi/ffi_runtime/ffi_runtime_internal.h	ZrFfiLibraryData	type	runtime.c;support.c;callback.c symbol owner release	持有动态库加载器句柄及延迟关闭所需的符号计数	closeRequested 后不能创建/调用新 Symbol；openSymbolCount 清零才可真正卸载	zr_vm_lib_ffi/src/zr_vm_lib_ffi/ffi_runtime/ffi_runtime_internal.h:215	commented	建议说明 LibraryHandle 与 SymbolHandle 的借用关系和延迟 close
zr_vm_lib_ffi/src/zr_vm_lib_ffi/ffi_runtime/ffi_runtime_internal.h	ZrFfiSymbolData	type	runtime.c;invoke.c;callback.c finalizer	保存可调用地址、签名和库所有者，使 native 调用期间库仍存活	symbolAddress 借用 libraryHandle；finalizer 先释放 owner 计数再销毁 signature	zr_vm_lib_ffi/src/zr_vm_lib_ffi/ffi_runtime/ffi_runtime_internal.h:225	commented	建议说明地址有效期由隐藏 owner 字段而非裸指针保证
zr_vm_lib_ffi/src/zr_vm_lib_ffi/ffi_runtime/ffi_runtime_internal.h	ZrFfiCallbackData	type	runtime.c callback creation;callback.c trampoline/finalizer;invoke.c activation	保存 callback root、owner thread、动态策略和 libffi closure 生命周期	ownerObject 必须保持 callback root；closed/active policy 在每次 trampoline 前检查	zr_vm_lib_ffi/src/zr_vm_lib_ffi/ffi_runtime/ffi_runtime_internal.h:235	commented	建议说明 VM callback 从 native thread 回到 owner state 的限制及策略覆盖
zr_vm_lib_ffi/src/zr_vm_lib_ffi/ffi_runtime/ffi_runtime_internal.h	ZrFfiPointerData	type	runtime.c pointer APIs;callback.c finalizer;invoke.c marshal	持有外部地址、边界、类型和 buffer owner 关联，供 pointer read/write	address 借用 buffer；owner pinCount 必须覆盖使用期，closed 后不可读写	zr_vm_lib_ffi/src/zr_vm_lib_ffi/ffi_runtime/ffi_runtime_internal.h:261	commented	建议说明 pointer 不拥有 address，owner 字段负责 keep-alive
zr_vm_lib_ffi/src/zr_vm_lib_ffi/ffi_runtime/ffi_runtime_internal.h	ZrFfiBufferData	type	runtime.c buffer APIs;callback.c pointer owner release	拥有可分配字节区并以 pinCount 延迟释放，支撑 pointer slice 的稳定地址	closeRequested 只标记；pinCount 清零前 bytes 不得释放	zr_vm_lib_ffi/src/zr_vm_lib_ffi/ffi_runtime/ffi_runtime_internal.h:271	commented	建议说明 close 与 slice/pin 的两阶段生命周期
zr_vm_lib_ffi/src/zr_vm_lib_ffi/ffi_runtime/ffi_runtime_internal.h	ZrFfiMarshalledValue	type	invoke.c zr_ffi_symbol_invoke_array	保存一次调用的临时参数、回写内存和 callback activation 快照	每字段仅在对应阶段初始化；cleanup 必须释放 allocation 并还原 callback 状态	zr_vm_lib_ffi/src/zr_vm_lib_ffi/ffi_runtime/ffi_runtime_internal.h:281	commented	建议说明数组元素是一次调用帧，不跨 native call 保存
zr_vm_lib_ffi/src/zr_vm_lib_ffi/ffi_runtime/ffi_runtime_internal.h	ZrFfiCallbackInvokeArgs	type	callback.c zr_ffi_callback_try_invoke	把 trampoline 的 callback value、参数数组和返回槽传入受保护 VM 调用	仅在 Exception_TryRun 生命周期内借用；succeeded 由 VM 调用更新	zr_vm_lib_ffi/src/zr_vm_lib_ffi/ffi_runtime/ffi_runtime_internal.h:299	commented	建议说明结构承载的是临时调用状态，不是可逃逸 callback handle
zr_vm_lib_ffi/src/zr_vm_lib_ffi/ffi_runtime/ffi_runtime_internal.h	zr_ffi_destroy_type	function	types.c;contract.c;runtime.c;callback.c	跨 translation unit 的递归类型析构入口	调用方只能交出自有树；失败半成品必须可安全析构	zr_vm_lib_ffi/src/zr_vm_lib_ffi/ffi_runtime/ffi_runtime_internal.h:343	no-comment	内部原型与实现参数一致；所有权、失败语义与调用限制集中在 ffi_runtime_types.c:zr_ffi_destroy_type 的定义注释，不在声明重贴风险标签
zr_vm_lib_ffi/src/zr_vm_lib_ffi/ffi_runtime/ffi_runtime_internal.h	zr_ffi_destroy_signature	function	types.c;runtime.c;contract.c;callback.c	跨 translation unit 的签名树析构入口	签名所有参数/返回 type 都由其拥有，且可处理失败半成品	zr_vm_lib_ffi/src/zr_vm_lib_ffi/ffi_runtime/ffi_runtime_internal.h:344	no-comment	内部原型与实现参数一致；所有权、失败语义与调用限制集中在 ffi_runtime_types.c:zr_ffi_destroy_signature 的定义注释，不在声明重贴风险标签
zr_vm_lib_ffi/src/zr_vm_lib_ffi/ffi_runtime/ffi_runtime_internal.h	zr_ffi_parse_type_descriptor	function	runtime.c;types.c recursion;contract-like function descriptors	公开给 runtime translation units 的动态 descriptor lowering 入口	state 与 descriptor 借用；返回树由调用方负责释放；errorBuffer 可写且尺寸正确	zr_vm_lib_ffi/src/zr_vm_lib_ffi/ffi_runtime/ffi_runtime_internal.h:356	no-comment	内部原型与实现参数一致；所有权、失败语义与调用限制集中在 ffi_runtime_types.c:zr_ffi_parse_type_descriptor 的定义注释，不在声明重贴风险标签
zr_vm_lib_ffi/src/zr_vm_lib_ffi/ffi_runtime/ffi_runtime_internal.h	zr_ffi_parse_signature	function	runtime.c;types.c function descriptors	公开动态签名 lowering 入口，供 callback/library symbol 创建	返回签名交给 handle owner；变参和 callback policy 必须与 invoke/trampoline 一致	zr_vm_lib_ffi/src/zr_vm_lib_ffi/ffi_runtime/ffi_runtime_internal.h:358	no-comment	内部原型与实现参数一致；所有权、失败语义与调用限制集中在 ffi_runtime_types.c:zr_ffi_parse_signature 的定义注释，不在声明重贴风险标签
zr_vm_lib_ffi/src/zr_vm_lib_ffi/ffi_runtime/ffi_runtime_internal.h	zr_ffi_signature_from_contract	function	runtime.c contract symbol;contract.c public validator	把跨编译单元的 immutable contract 转为可执行签名树	contract 借用且必须先通过 common validator；返回值由调用方拥有	zr_vm_lib_ffi/src/zr_vm_lib_ffi/ffi_runtime/ffi_runtime_internal.h:360	no-comment	内部原型与实现参数一致；所有权、失败语义与调用限制集中在 ffi_runtime_contract.c:zr_ffi_signature_from_contract 的定义注释，不在声明重贴风险标签
zr_vm_lib_ffi/src/zr_vm_lib_ffi/ffi_runtime/ffi_runtime_internal.h	zr_ffi_handle_finalize	function	support.c object finalizer registration;callback.c	作为 VM GC finalizer 统一分发句柄资源释放	不得在 finalized 后重复释放；依赖隐藏字段 owner 生命周期	zr_vm_lib_ffi/src/zr_vm_lib_ffi/ffi_runtime/ffi_runtime_internal.h:376	no-comment	内部跨文件声明；已核对调用点与实现，作为 VM GC finalizer 统一分发句柄资源释放的限制应集中于对应实现和所属结构注释，声明本身无额外契约
zr_vm_lib_ffi/src/zr_vm_lib_ffi/ffi_runtime/ffi_runtime_internal.h	ZR_VM_HAS_LIBFFI	macro	zr_vm_lib_ffi/CMakeLists.txt;contract.c;types.c;callback.c;invoke.c	在缺少编译定义时选择无 libffi 降级构建路径	CMake 构建正常会显式定义；无 libffi 时调用应报告不可执行而非尝试 native call	zr_vm_lib_ffi/src/zr_vm_lib_ffi/ffi_runtime/ffi_runtime_internal.h:36	no-comment	条件编译名和 CMake 定义已直接表达构建开关
zr_vm_lib_ffi/src/zr_vm_lib_ffi/ffi_runtime/ffi_runtime_internal.h	ZrFfiAbiUnsignedSlot	type	support.c zr_ffi_call_storage_size	取 libffi 整数返回槽宽度，避免窄整数返回值存储太小	有 libffi 时使用 ffi_arg；降级构建时使用 uintptr_t	zr_vm_lib_ffi/src/zr_vm_lib_ffi/ffi_runtime/ffi_runtime_internal.h:60	commented	建议说明为何本地标量 size 与实际 call storage size 不同
zr_vm_lib_ffi/src/zr_vm_lib_ffi/ffi_runtime/ffi_runtime_internal.h	ZrFfiAbiSignedSlot	type	ffi_runtime_internal.h ABI aliases	为 libffi 有符号整数槽保留平台别名	当前实现未直接使用；应确认是否需要或删除	zr_vm_lib_ffi/src/zr_vm_lib_ffi/ffi_runtime/ffi_runtime_internal.h:61	no-comment	仅为可选 libffi 有符号槽保留平台别名，当前无直接读取或写入；名称和条件编译已足够，不凭未使用情况制造 TODO
zr_vm_lib_ffi/src/zr_vm_lib_ffi/ffi_runtime/ffi_runtime_internal.h	ZR_FFI_HIDDEN_HANDLE_FIELD	macro	support.c zr_ffi_new_handle_object_with_finalizer;zr_ffi_get_handle_data	把 native 句柄数据与 VM 对象连接，供每个方法查找 kind	该字段不可被用户覆写，否则可能把任意 native pointer 当成句柄	zr_vm_lib_ffi/src/zr_vm_lib_ffi/ffi_runtime/ffi_runtime_internal.h:69	commented	建议说明它与 finalizerData 是同一所有权对象的两条访问通道
zr_vm_lib_ffi/src/zr_vm_lib_ffi/ffi_runtime/ffi_runtime_internal.h	ZR_FFI_HIDDEN_HANDLE_ID_FIELD	macro	callback.c zr_ffi_try_get_handle_id_wrapper	读取对象包装的 FFI handle id，用于标量 lowering	缺失时还有公开 handleId 字段兼容分支	zr_vm_lib_ffi/src/zr_vm_lib_ffi/ffi_runtime/ffi_runtime_internal.h:70	no-comment	具体兼容策略已在 callback.c 读取处可见，字段名足够
zr_vm_lib_ffi/src/zr_vm_lib_ffi/ffi_runtime/ffi_runtime_internal.h	ZR_FFI_HIDDEN_OWNER_FIELD	macro	support.c object creation;invoke.c;callback.c owner release	使 Symbol/Pointer 句柄保留其 Library/Buffer owner 并支持延迟关闭	VM GC 必须扫描隐藏字段；释放 owner 引用前不得卸载库/释放 buffer	zr_vm_lib_ffi/src/zr_vm_lib_ffi/ffi_runtime/ffi_runtime_internal.h:73	commented	建议说明 GC keep-alive 与 openSymbolCount/pinCount 的配套关系
zr_vm_lib_ffi/src/zr_vm_lib_ffi/ffi_runtime/ffi_runtime_internal.h	ZR_FFI_HIDDEN_CALLBACK_FIELD	macro	support.c callback creation;callback.c trampoline	使 native callback closure 反查 VM callable，并让 GC 保持 callable 存活	callbackData.ownerObject 有效期受 CallbackHandle 与 native 调用 pin 控制	zr_vm_lib_ffi/src/zr_vm_lib_ffi/ffi_runtime/ffi_runtime_internal.h:76	commented	建议说明 closure 需要 VM root 而不能仅存裸 SZrTypeValue 指针
zr_vm_lib_ffi/src/zr_vm_lib_ffi/ffi_runtime/ffi_runtime_internal.h	ZrFfiTypeLayout forward declaration	type	ZrFfiFieldLayout;ZrFfiParameter;ZrFfiSignature	允许递归指针字段在完整 TypeLayout 定义前引用类型	完整类型布局在同一头文件 line 150 给出	zr_vm_lib_ffi/src/zr_vm_lib_ffi/ffi_runtime/ffi_runtime_internal.h:135	no-comment	纯 C 前置声明，无独立调用契约
zr_vm_lib_ffi/src/zr_vm_lib_ffi/ffi_runtime/ffi_runtime_internal.h	ZrFfiSignature forward declaration	type	ZrFfiTypeLayout.functionType	让函数类型树节点可持有嵌套签名指针	实际子签名由父函数类型递归析构	zr_vm_lib_ffi/src/zr_vm_lib_ffi/ffi_runtime/ffi_runtime_internal.h:136	no-comment	纯 C 前置声明，所有权在完整结构注释中说明
zr_vm_lib_ffi/src/zr_vm_lib_ffi/ffi_runtime/ffi_runtime_internal.h	zr_ffi_error_name	function	support.c zr_ffi_raise_error	将错误枚举变成人类可读诊断分类	返回静态字符串，调用方不得释放	zr_vm_lib_ffi/src/zr_vm_lib_ffi/ffi_runtime/ffi_runtime_internal.h:307	no-comment	内部跨文件声明；已核对调用点与实现，将错误枚举变成人类可读诊断分类的限制应集中于对应实现和所属结构注释，声明本身无额外契约
zr_vm_lib_ffi/src/zr_vm_lib_ffi/ffi_runtime/ffi_runtime_internal.h	zr_ffi_raise_error	function	runtime.c;invoke.c;pointer_view.c	把 FFI 失败经 VM 运行错误通道报告	state 与 format 必须有效；调用后上层通常返回 false	zr_vm_lib_ffi/src/zr_vm_lib_ffi/ffi_runtime/ffi_runtime_internal.h:308	no-comment	内部跨文件声明；已核对调用点与实现，把 FFI 失败经 VM 运行错误通道报告的限制应集中于对应实现和所属结构注释，声明本身无额外契约
zr_vm_lib_ffi/src/zr_vm_lib_ffi/ffi_runtime/ffi_runtime_internal.h	zr_ffi_strdup	function	runtime.c;types.c;contract.c	复制 native 路径、符号名和类型标签，以脱离临时输入对象	返回堆内存，调用方最终 free 或交给对应句柄/类型树	zr_vm_lib_ffi/src/zr_vm_lib_ffi/ffi_runtime/ffi_runtime_internal.h:309	no-comment	内部跨文件声明；已核对调用点与实现，复制 native 路径、符号名和类型标签，以脱离临时输入对象的限制应集中于对应实现和所属结构注释，声明本身无额外契约
zr_vm_lib_ffi/src/zr_vm_lib_ffi/ffi_runtime/ffi_runtime_internal.h	zr_ffi_align_up	function	types.c aggregate parser	根据字段对齐推进动态 struct/union 布局	alignment 必须为 2 的幂且 value+mask 不可溢出	zr_vm_lib_ffi/src/zr_vm_lib_ffi/ffi_runtime/ffi_runtime_internal.h:310	no-comment	内部跨文件声明；已核对调用点与实现，根据字段对齐推进动态 struct/union 布局的限制应集中于对应实现和所属结构注释，声明本身无额外契约
zr_vm_lib_ffi/src/zr_vm_lib_ffi/ffi_runtime/ffi_runtime_internal.h	zr_ffi_call_storage_size	function	support.c zero_call_storage;invoke.c	区分声明类型大小与 libffi 整数返回槽大小	用于 ffi_call 的返回槽不能按窄整数 sizeof 分配	zr_vm_lib_ffi/src/zr_vm_lib_ffi/ffi_runtime/ffi_runtime_internal.h:311	no-comment	内部跨文件声明；已核对调用点与实现，区分声明类型大小与 libffi 整数返回槽大小的限制应集中于对应实现和所属结构注释，声明本身无额外契约
zr_vm_lib_ffi/src/zr_vm_lib_ffi/ffi_runtime/ffi_runtime_internal.h	zr_ffi_non_void_call_storage_size	function	invoke.c;support.c zero_call_storage	为 void 及回调兜底提供最小可写调用槽	只用于临时调用存储，不能据此解释 native 类型尺寸	zr_vm_lib_ffi/src/zr_vm_lib_ffi/ffi_runtime/ffi_runtime_internal.h:312	no-comment	内部跨文件声明；已核对调用点与实现，为 void 及回调兜底提供最小可写调用槽的限制应集中于对应实现和所属结构注释，声明本身无额外契约
zr_vm_lib_ffi/src/zr_vm_lib_ffi/ffi_runtime/ffi_runtime_internal.h	zr_ffi_zero_call_storage	function	callback.c trampoline	在 callback 被拒或抛错时返回 ABI 类型对应的零值	returnStorage 可为空；只能写与 call storage 相符的尺寸	zr_vm_lib_ffi/src/zr_vm_lib_ffi/ffi_runtime/ffi_runtime_internal.h:313	no-comment	内部跨文件声明；已核对调用点与实现，在 callback 被拒或抛错时返回 ABI 类型对应的零值的限制应集中于对应实现和所属结构注释，声明本身无额外契约
zr_vm_lib_ffi/src/zr_vm_lib_ffi/ffi_runtime/ffi_runtime_internal.h	zr_ffi_invoke_native_symbol	function	invoke.c zr_ffi_symbol_invoke_array	在已准备 CIF、参数和 pin lease 后执行 native 符号	symbol/returnStorage/ffiArguments 均由调用方维持有效；Windows SEH 特殊处理	zr_vm_lib_ffi/src/zr_vm_lib_ffi/ffi_runtime/ffi_runtime_internal.h:314	no-comment	内部跨文件声明；已核对调用点与实现，在已准备 CIF、参数和 pin lease 后执行 native 符号的限制应集中于对应实现和所属结构注释，声明本身无额外契约
zr_vm_lib_ffi/src/zr_vm_lib_ffi/ffi_runtime/ffi_runtime_internal.h	zr_ffi_find_field_raw	function	support.c;types.c;callback.c;invoke.c;runtime.c	读取 VM 对象的借用字段，用于描述符和隐藏 owner/root	返回值随对象和 GC 生命周期变化，不能跨可能移动对象的调用长期保存	zr_vm_lib_ffi/src/zr_vm_lib_ffi/ffi_runtime/ffi_runtime_internal.h:316	no-comment	内部跨文件声明；已核对调用点与实现，读取 VM 对象的借用字段，用于描述符和隐藏 owner/root的限制应集中于对应实现和所属结构注释，声明本身无额外契约
zr_vm_lib_ffi/src/zr_vm_lib_ffi/ffi_runtime/ffi_runtime_internal.h	zr_ffi_read_string_value	function	types.c;callback.c;support.c	从 VM 字符串提供 native char* 视图给 parser 和 marshal	返回借用指针；native 调用期间应 pin 对应 VM 值	zr_vm_lib_ffi/src/zr_vm_lib_ffi/ffi_runtime/ffi_runtime_internal.h:317	no-comment	内部跨文件声明；已核对调用点与实现，从 VM 字符串提供 native char* 视图给 parser 和 marshal的限制应集中于对应实现和所属结构注释，声明本身无额外契约
zr_vm_lib_ffi/src/zr_vm_lib_ffi/ffi_runtime/ffi_runtime_internal.h	zr_ffi_read_object_string_field	function	types.c;callback.c	按字段名提取描述符字符串值	字段缺失或非字符串返回 false，outText 不保证改写	zr_vm_lib_ffi/src/zr_vm_lib_ffi/ffi_runtime/ffi_runtime_internal.h:318	no-comment	内部跨文件声明；已核对调用点与实现，按字段名提取描述符字符串值的限制应集中于对应实现和所属结构注释，声明本身无额外契约
zr_vm_lib_ffi/src/zr_vm_lib_ffi/ffi_runtime/ffi_runtime_internal.h	zr_ffi_read_bool_value	function	callback.c;support.c	把 VM bool 及整数转换成策略/参数布尔值	数值非零为 true；其他类型拒绝	zr_vm_lib_ffi/src/zr_vm_lib_ffi/ffi_runtime/ffi_runtime_internal.h:320	no-comment	内部跨文件声明；已核对调用点与实现，把 VM bool 及整数转换成策略/参数布尔值的限制应集中于对应实现和所属结构注释，声明本身无额外契约
zr_vm_lib_ffi/src/zr_vm_lib_ffi/ffi_runtime/ffi_runtime_internal.h	zr_ffi_read_object_bool_field	function	types.c varargs;callback.c	读取对象布尔配置如 varargs/closed	字段缺失时保留调用方默认值	zr_vm_lib_ffi/src/zr_vm_lib_ffi/ffi_runtime/ffi_runtime_internal.h:321	no-comment	内部跨文件声明；已核对调用点与实现，读取对象布尔配置如 varargs/closed的限制应集中于对应实现和所属结构注释，声明本身无额外契约
zr_vm_lib_ffi/src/zr_vm_lib_ffi/ffi_runtime/ffi_runtime_internal.h	zr_ffi_read_int_value	function	runtime.c Buffer_Write;support.c field parser	把 VM 数值读取为 int64，供大小、偏移和字节操作	必须验证无符号与浮点范围，避免越界/未定义转换	zr_vm_lib_ffi/src/zr_vm_lib_ffi/ffi_runtime/ffi_runtime_internal.h:323	no-comment	内部跨文件声明；已核对调用点与实现，把 VM 数值读取为 int64，供大小、偏移和字节操作的限制应集中于对应实现和所属结构注释，声明本身无额外契约
zr_vm_lib_ffi/src/zr_vm_lib_ffi/ffi_runtime/ffi_runtime_internal.h	zr_ffi_value_is_object	function	types.c;callback.c;invoke.c	在解释描述符、聚合值或句柄前确认 VM 值为对象/数组	outObject 仅借用，后续操作可能触发 GC 时需 root	zr_vm_lib_ffi/src/zr_vm_lib_ffi/ffi_runtime/ffi_runtime_internal.h:324	no-comment	内部跨文件声明；已核对调用点与实现，在解释描述符、聚合值或句柄前确认 VM 值为对象/数组的限制应集中于对应实现和所属结构注释，声明本身无额外契约
zr_vm_lib_ffi/src/zr_vm_lib_ffi/ffi_runtime/ffi_runtime_internal.h	zr_ffi_read_object_int_field	function	types.c pack/align/offset;signature hash	读取用户 descriptor 的整数布局参数	缺失时保留默认值；读出的 align/pack 还需单独校验	zr_vm_lib_ffi/src/zr_vm_lib_ffi/ffi_runtime/ffi_runtime_internal.h:325	no-comment	内部跨文件声明；已核对调用点与实现，读取用户 descriptor 的整数布局参数的限制应集中于对应实现和所属结构注释，声明本身无额外契约
zr_vm_lib_ffi/src/zr_vm_lib_ffi/ffi_runtime/ffi_runtime_internal.h	zr_ffi_read_object_field_object	function	types.c fields/parameters	确认描述符复合字段指向 VM 对象或数组	返回借用对象，调用方须检查预期 ARRAY internalType	zr_vm_lib_ffi/src/zr_vm_lib_ffi/ffi_runtime/ffi_runtime_internal.h:327	no-comment	内部跨文件声明；已核对调用点与实现，确认描述符复合字段指向 VM 对象或数组的限制应集中于对应实现和所属结构注释，声明本身无额外契约
zr_vm_lib_ffi/src/zr_vm_lib_ffi/ffi_runtime/ffi_runtime_internal.h	zr_ffi_array_get	function	types.c;invoke.c;runtime.c	取描述符或调用参数数组中的借用元素	调用前用 array_length 和类型检查约束 index	zr_vm_lib_ffi/src/zr_vm_lib_ffi/ffi_runtime/ffi_runtime_internal.h:329	no-comment	内部跨文件声明；已核对调用点与实现，取描述符或调用参数数组中的借用元素的限制应集中于对应实现和所属结构注释，声明本身无额外契约
zr_vm_lib_ffi/src/zr_vm_lib_ffi/ffi_runtime/ffi_runtime_internal.h	zr_ffi_array_length	function	types.c;invoke.c;runtime.c	提供 descriptor 字段数或调用实参数以分配 native 参数表	array 必须确实是 VM array	zr_vm_lib_ffi/src/zr_vm_lib_ffi/ffi_runtime/ffi_runtime_internal.h:330	no-comment	内部跨文件声明；已核对调用点与实现，提供 descriptor 字段数或调用实参数以分配 native 参数表的限制应集中于对应实现和所属结构注释，声明本身无额外契约
zr_vm_lib_ffi/src/zr_vm_lib_ffi/ffi_runtime/ffi_runtime_internal.h	zr_ffi_get_handle_data	function	runtime.c;invoke.c;callback.c;pointer_view.c	从 VM 句柄对象取 native data 公共前缀	返回仅借用，仍须检查 kind 和 closed/finalized	zr_vm_lib_ffi/src/zr_vm_lib_ffi/ffi_runtime/ffi_runtime_internal.h:331	no-comment	内部跨文件声明；已核对调用点与实现，从 VM 句柄对象取 native data 公共前缀的限制应集中于对应实现和所属结构注释，声明本身无额外契约
zr_vm_lib_ffi/src/zr_vm_lib_ffi/ffi_runtime/ffi_runtime_internal.h	zr_ffi_set_hidden_pointer	function	support.c handle creation	在 VM 对象挂上 native 句柄数据地址	地址生命周期由 finalizerData 及句柄 finalizer 管控	zr_vm_lib_ffi/src/zr_vm_lib_ffi/ffi_runtime/ffi_runtime_internal.h:332	no-comment	内部跨文件声明；已核对调用点与实现，在 VM 对象挂上 native 句柄数据地址的限制应集中于对应实现和所属结构注释，声明本身无额外契约
zr_vm_lib_ffi/src/zr_vm_lib_ffi/ffi_runtime/ffi_runtime_internal.h	zr_ffi_set_hidden_value	function	support.c handle creation	在 VM 对象挂上 owner 或 callback root，维持 GC 可达性	owner/callback 必须在暴露对象给用户前设置	zr_vm_lib_ffi/src/zr_vm_lib_ffi/ffi_runtime/ffi_runtime_internal.h:333	no-comment	内部跨文件声明；已核对调用点与实现，在 VM 对象挂上 owner 或 callback root，维持 GC 可达性的限制应集中于对应实现和所属结构注释，声明本身无额外契约
zr_vm_lib_ffi/src/zr_vm_lib_ffi/ffi_runtime/ffi_runtime_internal.h	zr_ffi_get_self_object	function	runtime.c;pointer_view.c	从库方法的 call context 取得 receiver 句柄对象	只返回借用值；调用方须检验 handle kind	zr_vm_lib_ffi/src/zr_vm_lib_ffi/ffi_runtime/ffi_runtime_internal.h:335	no-comment	内部跨文件声明；已核对调用点与实现，从库方法的 call context 取得 receiver 句柄对象的限制应集中于对应实现和所属结构注释，声明本身无额外契约
zr_vm_lib_ffi/src/zr_vm_lib_ffi/ffi_runtime/ffi_runtime_internal.h	zr_ffi_new_handle_object_with_finalizer	function	runtime.c library/symbol/callback/pointer/buffer creation	将 native data 包装为带 GC finalizer 和隐藏 owner/root 的 VM 对象	定义处须保证 hidden handle/owner/callback 字段建立；调用方只在成功返回后发布对象。	zr_vm_lib_ffi/src/zr_vm_lib_ffi/ffi_runtime/ffi_runtime_internal.h:336	no-comment	已在 ffi_runtime_support.c 定义处记录已证 BUG 和失败链条，声明不重复缺陷标签。
zr_vm_lib_ffi/src/zr_vm_lib_ffi/ffi_runtime/ffi_runtime_internal.h	zr_ffi_close_dynamic_library	function	runtime.c;callback.c release/finalizer	归还平台 loader 句柄，配合库延迟关闭	仅在没有活符号需要其地址时调用	zr_vm_lib_ffi/src/zr_vm_lib_ffi/ffi_runtime/ffi_runtime_internal.h:339	no-comment	内部跨文件声明；已核对调用点与实现，归还平台 loader 句柄，配合库延迟关闭的限制应集中于对应实现和所属结构注释，声明本身无额外契约
zr_vm_lib_ffi/src/zr_vm_lib_ffi/ffi_runtime/ffi_runtime_internal.h	zr_ffi_open_dynamic_library	function	runtime.c ZrFfi_LoadLibrary	加载 native 库并返回待 LibraryHandle 接管的地址	成功必须最终 close；失败写入诊断缓冲区	zr_vm_lib_ffi/src/zr_vm_lib_ffi/ffi_runtime/ffi_runtime_internal.h:340	no-comment	内部跨文件声明；已核对调用点与实现，加载 native 库并返回待 LibraryHandle 接管的地址的限制应集中于对应实现和所属结构注释，声明本身无额外契约
zr_vm_lib_ffi/src/zr_vm_lib_ffi/ffi_runtime/ffi_runtime_internal.h	zr_ffi_lookup_symbol	function	runtime.c version/getSymbol	从仍打开的库解析借用符号地址	结果不可比库句柄活得更久	zr_vm_lib_ffi/src/zr_vm_lib_ffi/ffi_runtime/ffi_runtime_internal.h:341	no-comment	内部跨文件声明；已核对调用点与实现，从仍打开的库解析借用符号地址的限制应集中于对应实现和所属结构注释，声明本身无额外契约
zr_vm_lib_ffi/src/zr_vm_lib_ffi/ffi_runtime/ffi_runtime_internal.h	zr_ffi_new_type	function	types.c;contract.c	给动态或 canonical lowerer 提供零初始化节点	失败返回 NULL，成功节点由 parent tree 或 caller 接管	zr_vm_lib_ffi/src/zr_vm_lib_ffi/ffi_runtime/ffi_runtime_internal.h:345	no-comment	内部原型与实现参数一致；所有权、失败语义与调用限制集中在 ffi_runtime_types.c:zr_ffi_new_type 的定义注释，不在声明重贴风险标签
zr_vm_lib_ffi/src/zr_vm_lib_ffi/ffi_runtime/ffi_runtime_internal.h	zr_ffi_clone_type	function	types.c pointer_from_target	复制 pointee 类型树使原 descriptor 可被销毁	递归失败必须整体报错，不能返回缺失子节点的副本	zr_vm_lib_ffi/src/zr_vm_lib_ffi/ffi_runtime/ffi_runtime_internal.h:346	no-comment	内部原型与实现参数一致；所有权、失败语义与调用限制集中在 ffi_runtime_types.c:zr_ffi_clone_type 的定义注释，不在声明重贴风险标签
zr_vm_lib_ffi/src/zr_vm_lib_ffi/ffi_runtime/ffi_runtime_internal.h	zr_ffi_init_primitive_type	function	types.c make_primitive_type	绑定原语大小、对齐及静态 libffi 类型	name 副本由节点拥有，ffiType 不拥有	zr_vm_lib_ffi/src/zr_vm_lib_ffi/ffi_runtime/ffi_runtime_internal.h:347	no-comment	内部原型与实现参数一致；所有权、失败语义与调用限制集中在 ffi_runtime_types.c:zr_ffi_init_primitive_type 的定义注释，不在声明重贴风险标签
zr_vm_lib_ffi/src/zr_vm_lib_ffi/ffi_runtime/ffi_runtime_internal.h	zr_ffi_make_primitive_type	function	types.c parse_descriptor;contract.c;runtime.c	给原语描述符或 canonical kind 生成 ABI 类型节点	未知名字返回 NULL；成功需 destroy_type	zr_vm_lib_ffi/src/zr_vm_lib_ffi/ffi_runtime/ffi_runtime_internal.h:353	no-comment	内部原型与实现参数一致；所有权、失败语义与调用限制集中在 ffi_runtime_types.c:zr_ffi_make_primitive_type 的定义注释，不在声明重贴风险标签
zr_vm_lib_ffi/src/zr_vm_lib_ffi/ffi_runtime/ffi_runtime_internal.h	zr_ffi_parse_abi	function	types.c parse_signature;contract.c signature_from_contract	从动态字符串或 canonical ABI 选择 libffi convention	显式名称不得被当成另一平台默认 ABI	zr_vm_lib_ffi/src/zr_vm_lib_ffi/ffi_runtime/ffi_runtime_internal.h:354	no-comment	内部原型与实现参数一致；所有权、失败语义与调用限制集中在 ffi_runtime_types.c:zr_ffi_parse_abi 的定义注释，不在声明重贴风险标签
zr_vm_lib_ffi/src/zr_vm_lib_ffi/ffi_runtime/ffi_runtime_internal.h	zr_ffi_pointer_type_from_target	function	runtime.c;contract.c	为普通类型构造可作为 FFI pointer/ref/out 的独立包装	输入 target 借用；返回节点拥有深拷贝的 pointee	zr_vm_lib_ffi/src/zr_vm_lib_ffi/ffi_runtime/ffi_runtime_internal.h:355	no-comment	内部原型与实现参数一致；所有权、失败语义与调用限制集中在 ffi_runtime_types.c:zr_ffi_pointer_type_from_target 的定义注释，不在声明重贴风险标签
zr_vm_lib_ffi/src/zr_vm_lib_ffi/ffi_runtime/ffi_runtime_internal.h	zr_ffi_extract_numeric_value	function	callback.c build_scalar_argument	从 VM 标量提取数值以填充 native frame	返回 double 中间值，整数精度/范围需要在目标转换前核验	zr_vm_lib_ffi/src/zr_vm_lib_ffi/ffi_runtime/ffi_runtime_internal.h:364	no-comment	内部跨文件声明；已核对调用点与实现，从 VM 标量提取数值以填充 native frame的限制应集中于对应实现和所属结构注释，声明本身无额外契约
zr_vm_lib_ffi/src/zr_vm_lib_ffi/ffi_runtime/ffi_runtime_internal.h	zr_ffi_build_struct_argument	function	callback.c build_scalar_argument	按字段布局把 VM object 编组到 native 聚合缓冲区	type 布局必须已验证，field.offset+size 不得超出缓冲区	zr_vm_lib_ffi/src/zr_vm_lib_ffi/ffi_runtime/ffi_runtime_internal.h:365	no-comment	内部跨文件声明；已核对调用点与实现，按字段布局把 VM object 编组到 native 聚合缓冲区的限制应集中于对应实现和所属结构注释，声明本身无额外契约
zr_vm_lib_ffi/src/zr_vm_lib_ffi/ffi_runtime/ffi_runtime_internal.h	zr_ffi_build_scalar_argument	function	invoke.c;callback.c	把 VM 参数编组成 libffi 可消费的标量或 aggregate 内存	值与 type 匹配，指针与字符串借用对象必须在 native call 中保持存活	zr_vm_lib_ffi/src/zr_vm_lib_ffi/ffi_runtime/ffi_runtime_internal.h:367	no-comment	内部跨文件声明；已核对调用点与实现，把 VM 参数编组成 libffi 可消费的标量或 aggregate 内存的限制应集中于对应实现和所属结构注释，声明本身无额外契约
zr_vm_lib_ffi/src/zr_vm_lib_ffi/ffi_runtime/ffi_runtime_internal.h	zr_ffi_callback_try_invoke	function	callback.c trampoline Exception_TryRun	在 VM 异常保护区域调用用户 callback 并报告结果	invokeArgs 只在同步 TryRun 期间有效	zr_vm_lib_ffi/src/zr_vm_lib_ffi/ffi_runtime/ffi_runtime_internal.h:369	no-comment	内部跨文件声明；已核对调用点与实现，在 VM 异常保护区域调用用户 callback 并报告结果的限制应集中于对应实现和所属结构注释，声明本身无额外契约
zr_vm_lib_ffi/src/zr_vm_lib_ffi/ffi_runtime/ffi_runtime_internal.h	zr_ffi_struct_to_object	function	callback.c set_result_from_scalar	把 native 聚合内存转换为 VM 对象并逐字段赋值	bytes 必须符合 type 所述大小和偏移；结果创建期间需临时 root	zr_vm_lib_ffi/src/zr_vm_lib_ffi/ffi_runtime/ffi_runtime_internal.h:370	no-comment	内部跨文件声明；已核对调用点与实现，把 native 聚合内存转换为 VM 对象并逐字段赋值的限制应集中于对应实现和所属结构注释，声明本身无额外契约
zr_vm_lib_ffi/src/zr_vm_lib_ffi/ffi_runtime/ffi_runtime_internal.h	zr_ffi_set_result_from_scalar	function	runtime.c Pointer_Read;invoke.c;callback.c trampoline	把 native 返回槽或 ref/out 内存转换成 VM 值	type 与实际 ABI 返回槽一致；非自有 native 字符串须在复制前有效	zr_vm_lib_ffi/src/zr_vm_lib_ffi/ffi_runtime/ffi_runtime_internal.h:372	no-comment	内部跨文件声明；已核对调用点与实现，把 native 返回槽或 ref/out 内存转换成 VM 值的限制应集中于对应实现和所属结构注释，声明本身无额外契约
zr_vm_lib_ffi/src/zr_vm_lib_ffi/ffi_runtime/ffi_runtime_internal.h	zr_ffi_symbol_release_owner	function	callback.c finalizer	符号关闭时递减库活符号数并可能完成延迟卸载	必须仅对先前增加过 openSymbolCount 的符号调用一次	zr_vm_lib_ffi/src/zr_vm_lib_ffi/ffi_runtime/ffi_runtime_internal.h:374	no-comment	内部跨文件声明；已核对调用点与实现，符号关闭时递减库活符号数并可能完成延迟卸载的限制应集中于对应实现和所属结构注释，声明本身无额外契约
zr_vm_lib_ffi/src/zr_vm_lib_ffi/ffi_runtime/ffi_runtime_internal.h	zr_ffi_pointer_release_owner	function	runtime.c pointer close;callback.c finalizer	指针关闭时归还 buffer pin 并可能完成延迟 free	只能对相应 buffer owner 的已计数 pin 释放一次	zr_vm_lib_ffi/src/zr_vm_lib_ffi/ffi_runtime/ffi_runtime_internal.h:375	no-comment	内部跨文件声明；已核对调用点与实现，指针关闭时归还 buffer pin 并可能完成延迟 free的限制应集中于对应实现和所属结构注释，声明本身无额外契约
zr_vm_lib_ffi/src/zr_vm_lib_ffi/ffi_runtime/ffi_runtime_internal.h	zr_ffi_callback_trampoline	function	runtime.c ffi_prep_closure_loc;callback.c	作为 libffi 注册回调入口，把 native 调用安全转入 VM	同 owner thread；需保持 ownerObject 与 closure 生存且执行 callback policy	zr_vm_lib_ffi/src/zr_vm_lib_ffi/ffi_runtime/ffi_runtime_internal.h:377	no-comment	内部跨文件声明；已核对调用点与实现，作为 libffi 注册回调入口，把 native 调用安全转入 VM的限制应集中于对应实现和所属结构注释，声明本身无额外契约
zr_vm_lib_ffi/src/zr_vm_lib_ffi/ffi_runtime/ffi_runtime_internal.h	zr_ffi_symbol_invoke_array	function	runtime.c Symbol.Call/MetaCall	在 pinned VM 参数与库句柄保护下编组、调用并写回 native 参数	调用数量必须等于签名 parameterCount；每个临时分配和 pin 必须清理	zr_vm_lib_ffi/src/zr_vm_lib_ffi/ffi_runtime/ffi_runtime_internal.h:378	no-comment	内部跨文件声明；已核对调用点与实现，在 pinned VM 参数与库句柄保护下编组、调用并写回 native 参数的限制应集中于对应实现和所属结构注释，声明本身无额外契约
zr_vm_lib_ffi/src/zr_vm_lib_ffi/ffi_runtime/ffi_runtime_internal.h	ffi_abi	type	ZR_VM_HAS_LIBFFI 条件编译；runtime.c fallback	在无 libffi 构建保留 ABI 参数整数形状	仅 ZR_VM_HAS_LIBFFI=0 时有效；不会在降级构建创建实例	zr_vm_lib_ffi/src/zr_vm_lib_ffi/ffi_runtime/ffi_runtime_internal.h:51	no-comment	opaque 兼容前置声明，条件编译上下文足够表达用途
zr_vm_lib_ffi/src/zr_vm_lib_ffi/ffi_runtime/ffi_runtime_internal.h	ffi_type	type	ZR_VM_HAS_LIBFFI 条件编译；runtime.c fallback	允许无 libffi 构建引用 opaque 类型而不链接 libffi 实现	仅 ZR_VM_HAS_LIBFFI=0 时有效；不会在降级构建创建实例	zr_vm_lib_ffi/src/zr_vm_lib_ffi/ffi_runtime/ffi_runtime_internal.h:52	no-comment	opaque 兼容前置声明，条件编译上下文足够表达用途
zr_vm_lib_ffi/src/zr_vm_lib_ffi/ffi_runtime/ffi_runtime_internal.h	ffi_cif	type	ZR_VM_HAS_LIBFFI 条件编译；runtime.c fallback	允许无 libffi 构建声明 callback trampoline 接口	仅 ZR_VM_HAS_LIBFFI=0 时有效；不会在降级构建创建实例	zr_vm_lib_ffi/src/zr_vm_lib_ffi/ffi_runtime/ffi_runtime_internal.h:53	no-comment	opaque 兼容前置声明，条件编译上下文足够表达用途
zr_vm_lib_ffi/src/zr_vm_lib_ffi/ffi_runtime/ffi_runtime_internal.h	ffi_closure	type	ZR_VM_HAS_LIBFFI 条件编译；runtime.c fallback	在条件编译接口中保留 libffi closure 的前置类型	仅 ZR_VM_HAS_LIBFFI=0 时有效；不会在降级构建创建实例	zr_vm_lib_ffi/src/zr_vm_lib_ffi/ffi_runtime/ffi_runtime_internal.h:54	no-comment	opaque 兼容前置声明，条件编译上下文足够表达用途
zr_vm_lib_ffi/src/zr_vm_lib_ffi/ffi_runtime/ffi_runtime_contract.c	zr_ffi_type_from_contract::forward_decl	function	zr_ffi_aggregate_from_contract	允许 aggregate lowering 调用本文件稍后定义的 recursive type lowering	实际契约与定义一致	zr_vm_lib_ffi/src/zr_vm_lib_ffi/ffi_runtime/ffi_runtime_contract.c:41	no-comment	仅为 C 文件内排序所需前置声明，契约集中于定义
zr_vm_lib_ffi/src/zr_vm_lib_ffi/ffi_runtime/ffi_runtime_types.c	zr_ffi_parse_type_descriptor::dynamic_union_abi	block	zr_ffi_parse_signature;ZrFfi_Library_GetSymbol	为动态对象 union descriptor 建 libffi 参数类型	union ABI 类别必须与实际重叠字段布局一致	zr_vm_lib_ffi/src/zr_vm_lib_ffi/ffi_runtime/ffi_runtime_types.c:538	TODO	动态 union 的重叠字段全部作为顺序 FFI_TYPE_STRUCT elements 提交 libffi；canonical contract.c 却使用单一代表存储。尚未以本机 libffi fixture 验证实际传参 ABI，需测试 i32/f64 混合 union 再定性
zr_vm_lib_ffi/src/zr_vm_lib_ffi/ffi_runtime/ffi_runtime_types.c	zr_ffi_parse_type_descriptor::aggregate_size_overflow	block	ZrFfi_SizeOf;ZrFfi_Library_GetSymbol;zr_ffi_build_struct_argument	从显式 offset 和子类型大小累积 aggregate 的有效字节范围	fieldOffset+size 及 align_up 加法须在 TZrSize 范围内，否则拒绝描述符	zr_vm_lib_ffi/src/zr_vm_lib_ffi/ffi_runtime/ffi_runtime_types.c:518;zr_vm_lib_ffi/src/zr_vm_lib_ffi/ffi_runtime/ffi_runtime_types.c:515-534;zr_vm_lib_ffi/src/zr_vm_lib_ffi/runtime.c:70;zr_vm_lib_ffi/src/zr_vm_lib_ffi/ffi_runtime/ffi_runtime_callback.c:111-116	BUG	64 位内层 i64 offset=INT64_MAX 得 size=2^63+8；外层该字段 offset=INT64_MAX 相加回绕成 7，最终 size=8；runtime.c sizeof 可观察错误尺寸，callback.c 用巨大 offset 编组可能越界
zr_vm_lib_ffi/src/zr_vm_lib_ffi/ffi_runtime/ffi_runtime_types.c	zr_ffi_clone_type::function_metadata	block	zr_ffi_pointer_type_from_target;ZrFfi_NullPointer;ZrFfi_Pointer_As	保留 pointer pointee function descriptor 的嵌套签名元数据	函数类型节点需要独立签名所有权，或明确 wrapper 不保留此元数据	zr_vm_lib_ffi/src/zr_vm_lib_ffi/ffi_runtime/ffi_runtime_types.c:140	TODO	clone switch 未处理 FUNCTION，副本 functionType.signature 为 NULL；当前消费方多只读 pointer size，需确认是否为刻意丢弃及后续调用所需契约
zr_vm_lib_ffi/src/zr_vm_lib_ffi/ffi_runtime/ffi_runtime_callback.c	zr_ffi_extract_numeric_value	function	zr_ffi_build_scalar_argument;zr_ffi_union_field_is_default;ZrFfi_Symbol_Call;ZrFfi_Symbol_MetaCall;zr_ffi_callback_trampoline	在 VM 数值到 native 标量转换及 union 活跃字段判别之间提供共同的数值读取入口	所有整数先变为 double;64 位整数超出 2^53 后可能失去低位;调用者需区分整数与浮点的精度要求	zr_vm_lib_ffi/src/zr_vm_lib_ffi/ffi_runtime/ffi_runtime_callback.c:7;zr_vm_lib_ffi/src/zr_vm_lib_ffi/ffi_runtime/ffi_runtime_callback.c:353;tests/ffi/test_ffi_module.c:401	BUG	BUG: 通过 SymbolHandle.call 或回调返回 i64/u64 的 9007199254740993 时先舍入为 9007199254740992;现有精度测试可作为回归入口;建议整数分支直接读取整型并验证范围
zr_vm_lib_ffi/src/zr_vm_lib_ffi/ffi_runtime/ffi_runtime_callback.c	zr_ffi_union_field_is_default	function	zr_ffi_build_struct_argument::union_active_field;test_native_extern_union_rejects_ambiguous_active_member	用对象字段的默认值约定挑选输入 union 的唯一活跃成员	所有字段须存在;null/数值零/bool false 被视为未激活;无法表达值恰为零的唯一活跃成员	zr_vm_lib_ffi/src/zr_vm_lib_ffi/ffi_runtime/ffi_runtime_callback.c:30;zr_vm_lib_ffi/src/zr_vm_lib_ffi/ffi_runtime/ffi_runtime_callback.c:86;tests/ffi/test_native_extern_contract.c:1480	TODO	TODO: 核实 native extern union 值为零或 false 时是否有显式判别来源;当前约定会在无非默认成员时报错;可从 union 输入测试与编译器布局元数据继续确认
zr_vm_lib_ffi/src/zr_vm_lib_ffi/ffi_runtime/ffi_runtime_callback.c	zr_ffi_build_struct_argument	function	zr_ffi_build_scalar_argument::aggregate;zr_ffi_symbol_invoke_array;zr_ffi_callback_trampoline;test_native_extern_mixed_union_uses_integer_abi_class	把 VM 对象的命名字段编码到 libffi 所需聚合体字节布局	布局 offset/size 必须由解析器或 canonical contract 验证;union 仅允许一个非默认成员;输入字节由调用方拥有	zr_vm_lib_ffi/src/zr_vm_lib_ffi/ffi_runtime/ffi_runtime_callback.c:58;zr_vm_lib_ffi/src/zr_vm_lib_ffi/ffi_runtime/ffi_runtime_callback.c:414;zr_vm_lib_ffi/src/zr_vm_lib_ffi/ffi_runtime/ffi_runtime_contract.c:543;tests/ffi/test_native_extern_contract.c:1433	commented	建议在定义前说明普通 struct 按字段布局封送以及 union 的活跃字段约定和 ABI 验证前提
zr_vm_lib_ffi/src/zr_vm_lib_ffi/ffi_runtime/ffi_runtime_callback.c	zr_ffi_build_struct_argument::union_active_field	block	zr_ffi_build_struct_argument;zr_ffi_union_field_is_default;test_native_extern_union_rejects_ambiguous_active_member	避免把互相覆盖的 union 字段逐一写入同一缓冲区	所有字段存在且恰有一个非默认成员;零值活跃成员目前无法区分	zr_vm_lib_ffi/src/zr_vm_lib_ffi/ffi_runtime/ffi_runtime_callback.c:68;tests/ffi/test_native_extern_contract.c:1433;tests/ffi/test_native_extern_contract.c:1480	commented	建议在块前说明只写一个成员是为了保留 union 覆盖语义;零值疑点在判别函数 TODO 中追踪
zr_vm_lib_ffi/src/zr_vm_lib_ffi/ffi_runtime/ffi_runtime_callback.c	zr_ffi_object_uses_pointer_lowering	function	zr_ffi_try_lower_pointer_wrapper;zr_ffi_build_scalar_argument;test_zr_ffi_source_extern_pointer_parameter_accepts_buffer_handle	读取源语言类原型上的 FFI pointer lowering 标识以允许包装对象传入 native pointer 形参	仅带原型标记的对象进入包装降低;实际句柄 kind 和关闭状态由下一层检查	zr_vm_lib_ffi/src/zr_vm_lib_ffi/ffi_runtime/ffi_runtime_callback.c:132;zr_vm_lib_ffi/src/zr_vm_lib_ffi/ffi_runtime/ffi_runtime_callback.c:178;tests/ffi/test_ffi_module.c:1215	commented	建议说明标记属于源 extern 包装类型契约而不是普通对象类型转换
zr_vm_lib_ffi/src/zr_vm_lib_ffi/ffi_runtime/ffi_runtime_callback.c	zr_ffi_object_uses_handle_id_lowering	function	zr_ffi_try_lower_handle_id_wrapper;zr_ffi_build_scalar_argument;test_zr_ffi_source_extern_handle_id_parameter_accepts_source_wrapper	读取源语言包装类型的 handle_id 标记和底层整数类型名	只有目标整数类型名与原型元数据一致时才允许降低;实际 closed 与字段存在性在下一层检查	zr_vm_lib_ffi/src/zr_vm_lib_ffi/ffi_runtime/ffi_runtime_callback.c:145;zr_vm_lib_ffi/src/zr_vm_lib_ffi/ffi_runtime/ffi_runtime_callback.c:282;tests/ffi/test_ffi_module.c:1292	commented	建议说明原型元数据限制转换发生于 native 边界并约束整数 ABI 类型
zr_vm_lib_ffi/src/zr_vm_lib_ffi/ffi_runtime/ffi_runtime_callback.c	zr_ffi_try_lower_pointer_wrapper	function	zr_ffi_build_scalar_argument::pointer;zr_ffi_symbol_invoke_array;test_zr_ffi_can_lower_buffer_handle_directly_to_pointer_argument	把标记过的 PointerHandle 或 BufferHandle 包装对象转换为 native 地址	句柄需未关闭;该函数只借用地址且不延长生命周期;外层调用应在 ffi_call 期间固定 VM 对象	zr_vm_lib_ffi/src/zr_vm_lib_ffi/ffi_runtime/ffi_runtime_callback.c:170;zr_vm_lib_ffi/src/zr_vm_lib_ffi/ffi_runtime/ffi_runtime_invoke.c:235;tests/ffi/test_ffi_module.c:583	commented	建议写明返回地址属于被固定的句柄而非此函数分配的内存
zr_vm_lib_ffi/src/zr_vm_lib_ffi/ffi_runtime/ffi_runtime_callback.c	zr_ffi_integer_type_name_for_layout	function	zr_ffi_try_lower_handle_id_wrapper;zr_ffi_build_scalar_argument	为 handle_id 原型声明和 native 整数形参建立精确类型名比较	仅八种整型返回名称;其余布局拒绝降低	zr_vm_lib_ffi/src/zr_vm_lib_ffi/ffi_runtime/ffi_runtime_callback.c:210;zr_vm_lib_ffi/src/zr_vm_lib_ffi/ffi_runtime/ffi_runtime_callback.c:279	no-comment	名称与八种类型映射已完整表达局部判定目的;上层降低函数应解释跨层契约
zr_vm_lib_ffi/src/zr_vm_lib_ffi/ffi_runtime/ffi_runtime_callback.c	zr_ffi_try_read_handle_id_field	function	zr_ffi_try_lower_handle_id_wrapper;zr_ffi_build_scalar_argument;ZrSystem_Fs_Stream_Close	从未关闭的包装对象读取内部或公开 handle ID 字段作为借用值	优先隐藏字段;closed 为 true 时拒绝;字段值只是浅拷贝且后续需要按目标整数类型验证	zr_vm_lib_ffi/src/zr_vm_lib_ffi/ffi_runtime/ffi_runtime_callback.c:238;zr_vm_lib_system/src/zr_vm_lib_system/fs/fs_stream.c:223;tests/ffi/test_ffi_module.c:1292	commented	建议说明内部字段优先级兼容系统 FS 句柄与用户包装类型
zr_vm_lib_ffi/src/zr_vm_lib_ffi/ffi_runtime/ffi_runtime_callback.c	zr_ffi_try_lower_handle_id_wrapper	function	zr_ffi_build_scalar_argument;zr_ffi_symbol_invoke_array;test_zr_ffi_source_extern_handle_id_parameter_accepts_source_wrapper	只在目标 native 整数类型与包装原型底层类型相同的条件下降低 handle_id	失败时上层继续普通数值封送并最终报类型错;不在普通 Zr 函数调用中隐式转换	zr_vm_lib_ffi/src/zr_vm_lib_ffi/ffi_runtime/ffi_runtime_callback.c:267;zr_vm_lib_ffi/src/zr_vm_lib_ffi/ffi_runtime/ffi_runtime_callback.c:304;tests/ffi/test_ffi_module.c:1337	commented	建议解释签名类型名匹配以及仅供 FFI 调用的设计目的
zr_vm_lib_ffi/src/zr_vm_lib_ffi/ffi_runtime/ffi_runtime_callback.c	zr_ffi_build_scalar_argument	function	zr_ffi_symbol_invoke_array::arguments;zr_ffi_build_struct_argument::field;zr_ffi_callback_trampoline::return;test_zr_ffi_preserves_64_bit_integer_precision	把 VM 标量、聚合对象和 source extern 句柄包装值封送到 libffi 实参或回调返回缓冲区	输入值与借用字符串/指针必须在 native 调用期间保持有效;整数范围需符合目标 ABI;void 不作为有效实参	zr_vm_lib_ffi/src/zr_vm_lib_ffi/ffi_runtime/ffi_runtime_callback.c:293;zr_vm_lib_ffi/src/zr_vm_lib_ffi/ffi_runtime/ffi_runtime_invoke.c:349;zr_vm_lib_ffi/src/zr_vm_lib_ffi/ffi_runtime/ffi_runtime_callback.c:864;tests/ffi/test_ffi_module.c:401	BUG	BUG: 整数封送统一经 double 造成 i64/u64 精度损失;同一入口还被回调返回使用;建议注释明确共享双向用途并在函数内保留缺陷标签
zr_vm_lib_ffi/src/zr_vm_lib_ffi/ffi_runtime/ffi_runtime_callback.c	zr_ffi_build_scalar_argument::numeric_range	block	zr_ffi_symbol_invoke_array;zr_ffi_callback_trampoline;zr_ffi_extract_numeric_value	将 VM 数值适配为指定宽度的 C 整数或浮点 ABI 值	浮点转整数及窄化转换前没有检查 NaN/无穷/目标范围;超界浮点转整数在 C 中行为未定义	zr_vm_lib_ffi/src/zr_vm_lib_ffi/ffi_runtime/ffi_runtime_callback.c:317;zr_vm_lib_ffi/src/zr_vm_lib_ffi/ffi_runtime/ffi_runtime_callback.c:353;zr_vm_lib_ffi/src/zr_vm_lib_ffi/ffi_runtime/ffi_runtime_invoke.c:349	BUG	BUG: 动态 i32 形参接收 1e300 或 NaN 时直接执行 double 到 int32_t 转换;该路径可由 SymbolHandle.call([数值]) 到达且违反 C 浮点转整数的可表示范围前提;建议加入范围及非有限数检查
zr_vm_lib_ffi/src/zr_vm_lib_ffi/ffi_runtime/ffi_runtime_callback.c	zr_ffi_callback_trampoline::void_return	block	ZrFfi_CreateCallback;zr_ffi_parse_signature;libffi closure 所指向的原生回调入口	在回调执行成功后把 VM 返回值写入 libffi 返回槽	动态签名允许 void 返回但 zr_ffi_build_scalar_argument 没有 void 分支;即使回调成功也会记录封送错误	zr_vm_lib_ffi/src/zr_vm_lib_ffi/ffi_runtime/ffi_runtime_callback.c:863;zr_vm_lib_ffi/src/zr_vm_lib_ffi/ffi_runtime/ffi_runtime_callback.c:308;zr_vm_lib_ffi/src/zr_vm_lib_ffi/ffi_runtime/ffi_runtime_types.c:629;zr_vm_lib_ffi/src/zr_vm_lib_ffi/runtime.c:227	BUG	"BUG: ffi.callback({returnType:""void""}) 建立 closure 后每次成功回调仍落到 unsupported value type;应由 trampoline 对 void 直接成功处理;需添加真实 C fixture 回归"
zr_vm_lib_ffi/src/zr_vm_lib_ffi/ffi_runtime/ffi_runtime_callback.c	zr_ffi_build_scalar_argument::string_encoding	block	zr_ffi_symbol_invoke_array;zr_ffi_callback_trampoline;zr_ffi_parse_type_descriptor	把 VM 字符串借为 native 字符指针	动态类型描述符接受 utf8/utf16/ansi 但此处不看 encoding;utf16 C 形参收到 UTF-8 字节	zr_vm_lib_ffi/src/zr_vm_lib_ffi/ffi_runtime/ffi_runtime_callback.c:379;zr_vm_lib_ffi/src/zr_vm_lib_ffi/ffi_runtime/ffi_runtime_types.c:381	BUG	BUG: encoding=utf16 的签名可达而封送仍传 char* UTF-8 数据;建议校验并转换编码且明确临时缓冲所有权;现有测试仅覆盖 utf8
zr_vm_lib_ffi/src/zr_vm_lib_ffi/ffi_runtime/ffi_runtime_callback.c	zr_ffi_callback_try_invoke	function	ZrCore_Exception_TryRun;zr_ffi_callback_trampoline;ffi_prep_closure_loc	把 libffi closure 调用转交 VM 可调用值并在异常恢复点内捕获结果	参数与结果依赖调用者保持根和异常状态;只在 callback_trampoline 中作为 FZrTryFunction 使用	zr_vm_lib_ffi/src/zr_vm_lib_ffi/ffi_runtime/ffi_runtime_callback.c:428;zr_vm_lib_ffi/src/zr_vm_lib_ffi/ffi_runtime/ffi_runtime_callback.c:795;zr_vm_core/src/zr_vm_core/exception.c:532	commented	建议说明 TryRun 是禁止 VM 异常跨 C ABI 传播的边界
zr_vm_lib_ffi/src/zr_vm_lib_ffi/ffi_runtime/ffi_runtime_callback.c	zr_ffi_struct_to_object	function	zr_ffi_set_result_from_scalar::aggregate;zr_ffi_symbol_invoke_array::return;zr_ffi_callback_trampoline::argument;ZrFfi_Pointer_Read	将 native 聚合体字节复制成 VM 对象字段并临时固定新对象	每个聚合字段成功进入 VM 对象后才可发布结果；SetFieldCString 在 pin/键分配失败时静默返回。	zr_vm_lib_ffi/src/zr_vm_lib_ffi/ffi_runtime/ffi_runtime_callback.c:443;zr_vm_lib_ffi/src/zr_vm_lib_ffi/ffi_runtime/ffi_runtime_callback.c:471;zr_vm_library/src/zr_vm_library/native_binding/native_binding_dispatch.c:1307;zr_vm_library/src/zr_vm_library/native_binding/native_binding_dispatch.c:1321-1340	BUG	BUG: 任一字段写入失败后仍返回完整的 struct/ref-out/回调参数对象，调用方可观察到字段缺失；以分配故障注入核实错误状态及缺字段结果。
zr_vm_lib_ffi/src/zr_vm_lib_ffi/ffi_runtime/ffi_runtime_callback.c	zr_ffi_set_result_from_scalar	function	zr_ffi_symbol_invoke_array::return_and_writeback;zr_ffi_callback_trampoline::arguments;zr_ffi_struct_to_object::fields;ZrFfi_Pointer_Read	把 native 返回槽、回调实参或指针指向的字节值投影为 VM 值	传入字节须满足类型对齐和有效期;聚合体可能创建 VM 对象;现无 pointer/function 返回型转换	zr_vm_lib_ffi/src/zr_vm_lib_ffi/ffi_runtime/ffi_runtime_callback.c:480;zr_vm_lib_ffi/src/zr_vm_lib_ffi/ffi_runtime/ffi_runtime_invoke.c:545;zr_vm_lib_ffi/src/zr_vm_lib_ffi/runtime.c:603;zr_vm_lib_ffi/src/zr_vm_lib_ffi/ffi_runtime/ffi_runtime_callback.c:531-537;zr_vm_lib_ffi/src/zr_vm_lib_ffi/ffi_runtime/ffi_runtime_invoke.c:543-549	BUG	BUG: 解析器接受 pointer 返回型但此 switch 无 pointer 分支;任何此类 SymbolHandle.call 的 native 返回都会报告封送失败;回调 pointer 形参也无法进入 VM
zr_vm_lib_ffi/src/zr_vm_lib_ffi/ffi_runtime/ffi_runtime_callback.c	zr_ffi_set_result_from_scalar::u64_return	block	zr_ffi_symbol_invoke_array::return;zr_ffi_set_result_from_scalar::enum;ZrCore_Value_InitAsUInt	将原生 u64 返回值交给 VM 数值类型	现强制转为 int64 再调用 SetInt;大于 INT64_MAX 的 u64 变为负数而非 UINT64 值	zr_vm_lib_ffi/src/zr_vm_lib_ffi/ffi_runtime/ffi_runtime_callback.c:510;zr_vm_core/src/zr_vm_core/value.c:67;tests/ffi/test_ffi_module.c:401	BUG	BUG: u64 大于 INT64_MAX 的返回值会失去无符号语义;建议专用 uint 初始化并扩充边界测试;2^53+1 精度测试不足以覆盖此范围
zr_vm_lib_ffi/src/zr_vm_lib_ffi/ffi_runtime/ffi_runtime_callback.c	zr_ffi_symbol_release_owner	function	zr_ffi_handle_finalize::symbol;ZrFfi_Library_Close;zr_ffi_library_create_symbol	SymbolHandle 析构时减少 LibraryHandle 的未释放符号数并在请求关闭后延迟卸载动态库	依赖隐藏 owner 字段保持库对象可达;每个符号只释放一次;库关闭后不可继续调用符号	zr_vm_lib_ffi/src/zr_vm_lib_ffi/ffi_runtime/ffi_runtime_callback.c:540;zr_vm_lib_ffi/src/zr_vm_lib_ffi/runtime.c:106;zr_vm_lib_ffi/src/zr_vm_lib_ffi/runtime.c:344	commented	建议说明动态库关闭延迟到最后一个符号释放的所有权协议
zr_vm_lib_ffi/src/zr_vm_lib_ffi/ffi_runtime/ffi_runtime_callback.c	zr_ffi_pointer_release_owner	function	zr_ffi_handle_finalize::pointer;ZrFfi_Pointer_Close;ZrFfi_Buffer_Close;ZrFfi_Buffer_Pin	释放 PointerHandle 对 BufferHandle 字节存储的引用计数并完成延迟关闭	仅 owner 为 BufferHandle 时减少 pinCount;地址在最后一次释放后无效;同一 pointer 关闭或 finalize 只能释放一次	zr_vm_lib_ffi/src/zr_vm_lib_ffi/ffi_runtime/ffi_runtime_callback.c:559;zr_vm_lib_ffi/src/zr_vm_lib_ffi/runtime.c:499;zr_vm_lib_ffi/src/zr_vm_lib_ffi/runtime.c:659	commented	建议说明指针只是借用缓冲区字节而 pinCount 维持 native 内存存活
zr_vm_lib_ffi/src/zr_vm_lib_ffi/ffi_runtime/ffi_runtime_callback.c	zr_ffi_handle_finalize	function	zr_ffi_new_handle_object_with_finalizer;garbage_collector_run_a_few_finalizers;ZrFfi_Callback_Close;ZrFfi_Buffer_Close	在 GC 最终化时按句柄 kind 释放动态库、closure、签名及 native 字节存储	依赖 finalizerData 防重入和隐藏 owner 引用;CallbackHandle.close 只设置 closed 而 closure 到 GC 最终化才释放	zr_vm_lib_ffi/src/zr_vm_lib_ffi/ffi_runtime/ffi_runtime_callback.c:580;zr_vm_lib_ffi/src/zr_vm_lib_ffi/ffi_runtime/ffi_runtime_support.c:365;zr_vm_core/src/zr_vm_core/gc/gc_sweep.c:60	commented	建议说明显式 close 与最终化的分工以及释放顺序与隐藏 owner 的关系
zr_vm_lib_ffi/src/zr_vm_lib_ffi/ffi_runtime/ffi_runtime_callback.c	zr_ffi_callback_trampoline	function	ffi_prep_closure_loc;zr_ffi_invoke_native_symbol;test_native_extern_call_lifetime_callback_supports_reentrancy;test_zr_ffi_foreign_thread_callback_reports_error	在 libffi 的 C 回调入口恢复同线程 VM 执行并将异常转换为 native 默认返回值或回调错误	只有创建回调的线程可执行;call lifetime 需在同步 native 调用期间有效;栈锚点必须跨 VM 栈重分配恢复;不能让 VM 异常穿透 C ABI	zr_vm_lib_ffi/src/zr_vm_lib_ffi/ffi_runtime/ffi_runtime_callback.c:649;zr_vm_lib_ffi/src/zr_vm_lib_ffi/runtime.c:227;tests/ffi/test_native_extern_contract.c:1297;tests/ffi/test_ffi_module.c:1093	commented	建议在定义前概述 closure 到 VM 的控制权交接与异常/线程/生存期边界;内部关键块分别记录
zr_vm_lib_ffi/src/zr_vm_lib_ffi/ffi_runtime/ffi_runtime_callback.c	zr_ffi_callback_trampoline::argument_roots	block	zr_ffi_callback_trampoline;libffi closure 所指向的原生回调入口	把原生回调实参转换为供 VM 执行的 SZrTypeValue 数组	聚合参数完成转换后，临时根已结束；已转成的 VM 对象暂存于 calloc 的 argumentValues，尚未进入 VM 调用栈；后续聚合参数转换可能继续分配对象	zr_vm_lib_ffi/src/zr_vm_lib_ffi/ffi_runtime/ffi_runtime_callback.c:475;zr_vm_lib_ffi/src/zr_vm_lib_ffi/ffi_runtime/ffi_runtime_callback.c:745;zr_vm_lib_ffi/src/zr_vm_lib_ffi/ffi_runtime/ffi_runtime_callback.c:791;zr_vm_core/src/zr_vm_core/memory.c:39;zr_vm_core/src/zr_vm_core/memory.c:19	TODO	TODO: 后续对象分配失败可经 GcMalloc/GcAndMalloc 触发 GcFull，前序聚合值仅在 calloc 数组中；需核对 GC 是否扫描该数组，并以多聚合形参与强制收集验证 CallValue 前的可达性。ReserveScratchSlots 本身不是 GC 证据。
zr_vm_lib_ffi/src/zr_vm_lib_ffi/ffi_runtime/ffi_runtime_callback.c	zr_ffi_callback_trampoline::stack_handoff	block	ZrCore_Exception_TryRun;ZrLib_CallValue;test_zr_ffi_callback_trampoline_reanchors_saved_stack_after_native_callback	在重入 VM 调用后用栈锚点恢复原 callInfo 和栈顶	ZrLib_CallValue 可能搬移 VM 栈;保存的裸指针需在调用后经锚点恢复;异常 handler 栈长度要回到外层值	zr_vm_lib_ffi/src/zr_vm_lib_ffi/ffi_runtime/ffi_runtime_callback.c:759;zr_vm_lib_ffi/src/zr_vm_lib_ffi/ffi_runtime/ffi_runtime_callback.c:795;tests/ffi/test_ffi_native_call_pin_contract.c:83	commented	建议说明锚点与恢复顺序服务于 native 回调重入而非普通栈指针赋值
zr_vm_lib_ffi/src/zr_vm_lib_ffi/ffi_runtime/ffi_runtime_callback.c	zr_ffi_callback_trampoline::exception_default	block	ZrCore_Exception_TryRun;zr_ffi_symbol_invoke_array::callback_errors;test_native_extern_callback_exception_returns_default	按合约把 VM 异常吸收在 native 边界并选择 abort 或零值返回	returnDefault 只吞回调异常;外层检查 callbackExceptionObserved 与 activeExceptionPolicy;还需清理 VM pendingControl	zr_vm_lib_ffi/src/zr_vm_lib_ffi/ffi_runtime/ffi_runtime_callback.c:824;zr_vm_lib_ffi/src/zr_vm_lib_ffi/ffi_runtime/ffi_runtime_invoke.c:526;tests/ffi/test_native_extern_contract.c:1168	commented	建议说明不能让 VM 异常跨 libffi/原生栈展开以及为何在 native 边界清除 pending 状态
zr_vm_lib_ffi/src/zr_vm_lib_ffi/ffi_runtime/ffi_runtime_invoke.c	zr_ffi_record_pending_error	function	zr_ffi_symbol_invoke_array::allocation_failure;zr_ffi_symbol_invoke_array::native_failure;zr_ffi_symbol_invoke_array::writeback_failure	把 ffi_call 前后发现的错误延迟到 unpin 和 free 之后再抛给 VM	仅传可写非空错误缓冲和格式;最后一次错误覆盖此前错误;若抛出式 API 在调用点先 longjmp 则无法到 cleanup	zr_vm_lib_ffi/src/zr_vm_lib_ffi/ffi_runtime/ffi_runtime_invoke.c:7;zr_vm_lib_ffi/src/zr_vm_lib_ffi/ffi_runtime/ffi_runtime_invoke.c:171;zr_vm_lib_ffi/src/zr_vm_lib_ffi/ffi_runtime/ffi_runtime_invoke.c:618	commented	建议解释延迟报错避免绕过 GC unpin 与 native 内存释放
zr_vm_lib_ffi/src/zr_vm_lib_ffi/ffi_runtime/ffi_runtime_invoke.c	zr_ffi_return_code_is_failure	function	zr_ffi_symbol_invoke_array::return_code_policy;zr_ffi_signature_from_contract	判定 canonical returnCode 策略中的非零整数返回值是否代表 native 失败	只识别 bool/整数/enum;其他返回型直接视为未失败;u64 消息用 int64 显示可能误导	zr_vm_lib_ffi/src/zr_vm_lib_ffi/ffi_runtime/ffi_runtime_invoke.c:29;zr_vm_lib_ffi/src/zr_vm_lib_ffi/ffi_runtime/ffi_runtime_invoke.c:432;zr_vm_lib_ffi/src/zr_vm_lib_ffi/ffi_runtime/ffi_runtime_contract.c:469	commented	建议说明此 helper 只实现 nonzero failure 判定且返回消息为有符号显示
zr_vm_lib_ffi/src/zr_vm_lib_ffi/ffi_runtime/ffi_runtime_invoke.c	zr_ffi_symbol_invoke_array	function	ZrFfi_Symbol_Call;ZrFfi_Symbol_MetaCall;zr_ffi_invoke_native_symbol;test_native_extern_current_syntax_executes_ref_contract	统一动态 SymbolHandle.call 与源 extern meta call 的 libffi 调用路径	签名参数数目和库 owner 必须有效;meta call 才有 ref/out 回写上下文;GC pin 覆盖 native 执行与回调;错误延迟至 cleanup 后抛出	zr_vm_lib_ffi/src/zr_vm_lib_ffi/ffi_runtime/ffi_runtime_invoke.c:82;zr_vm_lib_ffi/src/zr_vm_lib_ffi/runtime.c:902;zr_vm_lib_ffi/src/zr_vm_lib_ffi/runtime.c:945;tests/ffi/test_native_extern_contract.c:1731	commented	建议说明两种调用入口共享封送及清理而回写只有 meta call 可用;有独立关键块详见下列行
zr_vm_lib_ffi/src/zr_vm_lib_ffi/ffi_runtime/ffi_runtime_invoke.c	zr_ffi_symbol_invoke_array::gc_pins	block	ZrFfi_Symbol_Call;ZrFfi_Symbol_MetaCall;zr_ffi_invoke_native_symbol;test_zr_ffi_symbol_call_pins_gc_values_across_native_call_boundary	固定 symbol、library owner、每个参数和 ref 容器以防 ffi_call 及同步回调期间 GC 回收	所有成功和失败出口要在原生地址使用结束后逆序解除 pin;测试只做源码顺序断言	zr_vm_lib_ffi/src/zr_vm_lib_ffi/ffi_runtime/ffi_runtime_invoke.c:181;zr_vm_lib_ffi/src/zr_vm_lib_ffi/ffi_runtime/ffi_runtime_invoke.c:597;tests/ffi/test_ffi_native_call_pin_contract.c:47	commented	建议块前说明 pin 覆盖借用的字符串、buffer 地址及 closure 所有者直到 native 调用结束
zr_vm_lib_ffi/src/zr_vm_lib_ffi/ffi_runtime/ffi_runtime_invoke.c	zr_ffi_symbol_invoke_array::callback_activation	block	zr_ffi_callback_trampoline;test_native_extern_call_lifetime_rejects_late_callback;test_native_extern_call_lifetime_callback_supports_reentrancy	按当前符号的 callback lifetime/thread/exception 合约暂时激活 CallbackHandle 并保留重入前状态	同一 callback 可在嵌套 native 调用再次激活;cleanup 必须倒序恢复;首次激活完成后保留本次 lastError 供外层报告	zr_vm_lib_ffi/src/zr_vm_lib_ffi/ffi_runtime/ffi_runtime_invoke.c:375;zr_vm_lib_ffi/src/zr_vm_lib_ffi/ffi_runtime/ffi_runtime_invoke.c:556;tests/ffi/test_native_extern_contract.c:1246;tests/ffi/test_native_extern_contract.c:1297	commented	建议说明 save/activate/restore 序列服务于同步生命周期及重入而非持久修改回调对象
zr_vm_lib_ffi/src/zr_vm_lib_ffi/ffi_runtime/ffi_runtime_invoke.c	zr_ffi_symbol_invoke_array::ref_out_writeback	block	ZrCore_PropertyReference_Store;ZrLib_CallContext_WriteBackArgument;test_native_extern_current_syntax_executes_ref_contract;test_native_extern_current_syntax_executes_out_contract	把 native 写入的临时 pointee 字节转换为 VM 值并写回源语言 ref/out 实参	只有 writebackContext 存在时分配 pointee;逐个写回在原生调用成功之后进行;中途失败会保留先前已经写回的参数	zr_vm_lib_ffi/src/zr_vm_lib_ffi/ffi_runtime/ffi_runtime_invoke.c:482;zr_vm_lib_ffi/src/zr_vm_lib_ffi/ffi_runtime/ffi_runtime_invoke.c:503;tests/ffi/test_native_extern_contract.c:1731;tests/ffi/test_native_extern_contract.c:1770	TODO	TODO: 核实多 ref/out 写回中后一个失败时是否允许前一个已生效;当前无回滚且错误在 cleanup 后抛出;由编译器 ref/out 契约及失败注入测试确认
zr_vm_lib_ffi/src/zr_vm_lib_ffi/ffi_runtime/ffi_runtime_invoke.c	zr_ffi_symbol_invoke_array::cleanup	block	zr_ffi_symbol_invoke_array::all_goto_cleanup;zr_ffi_handle_finalize;ZrCore_Gc_NativeCallUnpin	汇聚所有普通失败路径以恢复 callback 上下文、释放 native 缓冲和 GC pin 后再报告 VM 错误	入口校验的直接失败发生在资源分配前;ffi_call 后错误先捕获 errno/lastError;callback 嵌套状态倒序恢复	zr_vm_lib_ffi/src/zr_vm_lib_ffi/ffi_runtime/ffi_runtime_invoke.c:556;zr_vm_lib_ffi/src/zr_vm_lib_ffi/ffi_runtime/ffi_runtime_invoke.c:618	commented	建议说明 cleanup 顺序是错误抛出前的资源边界;避免逐个 free 作实现复述
zr_vm_lib_ffi/src/zr_vm_lib_ffi/ffi_runtime/ffi_runtime_support.c	zr_ffi_error_name	function	zr_ffi_raise_error	为 VM 异常提供稳定 FFI 错误类别前缀	未知枚举退化为 FfiError；返回静态字符串	zr_vm_lib_ffi/src/zr_vm_lib_ffi/ffi_runtime/ffi_runtime_support.c:4	commented	相邻注释解释统一诊断类别
zr_vm_lib_ffi/src/zr_vm_lib_ffi/ffi_runtime/ffi_runtime_support.c	zr_ffi_raise_error	function	runtime.c 的公开 native 回调；zr_ffi_symbol_invoke_array；PointerHandle 回调	把加载、签名、封送或 native 调用失败提升为当前 VM 异常	state 和 format 有效；ZrCore_Debug_RunError 不返回	zr_vm_lib_ffi/src/zr_vm_lib_ffi/ffi_runtime/ffi_runtime_support.c:26	commented	相邻注释说明异常边界
zr_vm_lib_ffi/src/zr_vm_lib_ffi/ffi_runtime/ffi_runtime_support.c	zr_ffi_strdup	function	ZrFfi_LoadLibrary；zr_ffi_library_create_symbol；type/contract 解析和克隆	让路径、符号、字段名在原始 VM 字符串释放后仍由 native 结构持有	malloc 副本由 library/symbol/type/signature 的销毁路径释放；OOM 返回空	zr_vm_lib_ffi/src/zr_vm_lib_ffi/ffi_runtime/ffi_runtime_support.c:41	commented	相邻注释说明独立所有权
zr_vm_lib_ffi/src/zr_vm_lib_ffi/ffi_runtime/ffi_runtime_support.c	zr_ffi_align_up	function	zr_ffi_parse_type_descriptor 的字段偏移与聚合总大小	为动态结构描述符计算对齐后的字段位置和 sizeof	算法只适用于 2 的幂；输入 pack/align 未验证；value+mask 可溢出	zr_vm_lib_ffi/src/zr_vm_lib_ffi/ffi_runtime/ffi_runtime_support.c:61;zr_vm_lib_ffi/src/zr_vm_lib_ffi/ffi_runtime/ffi_runtime_types.c:461-469;zr_vm_lib_ffi/src/zr_vm_lib_ffi/ffi_runtime/ffi_runtime_types.c:530-535	BUG	types.c 的任意正 align/pack 可达；align=3 单 i8 字段报告 size=1 且 alignment=3
zr_vm_lib_ffi/src/zr_vm_lib_ffi/ffi_runtime/ffi_runtime_support.c	zr_ffi_call_storage_size	function	zr_ffi_non_void_call_storage_size	为 libffi 窄整数提供 ABI 槽位宽度而非语言类型字节数	type 为空按指针宽度；void 返回 0	zr_vm_lib_ffi/src/zr_vm_lib_ffi/ffi_runtime/ffi_runtime_support.c:73	commented	相邻注释说明 ABI 槽位目的
zr_vm_lib_ffi/src/zr_vm_lib_ffi/ffi_runtime/ffi_runtime_support.c	zr_ffi_non_void_call_storage_size	function	zr_ffi_symbol_invoke_array；zr_ffi_zero_call_storage	确保调用与拒绝回调的返回缓冲至少有可传递指针宽度	void/type 空也分配指针宽度	zr_vm_lib_ffi/src/zr_vm_lib_ffi/ffi_runtime/ffi_runtime_support.c:102	commented	相邻注释说明最小缓冲契约
zr_vm_lib_ffi/src/zr_vm_lib_ffi/ffi_runtime/ffi_runtime_support.c	zr_ffi_zero_call_storage	function	zr_ffi_callback_trampoline 的线程/异常/封送失败分支	回调无法正常返回时给 native 方确定的零返回槽	storage 可空；大小与 libffi ABI 槽位一致	zr_vm_lib_ffi/src/zr_vm_lib_ffi/ffi_runtime/ffi_runtime_support.c:108	commented	相邻注释说明错误回退值
zr_vm_lib_ffi/src/zr_vm_lib_ffi/ffi_runtime/ffi_runtime_support.c	zr_ffi_invoke_native_symbol	function	zr_ffi_symbol_invoke_array	以已准备签名和符号地址执行 native 函数并封装平台失败	调用者准备 CIF；Windows SEH 转失败；POSIX 原生崩溃不被此层接管	zr_vm_lib_ffi/src/zr_vm_lib_ffi/ffi_runtime/ffi_runtime_support.c:122	commented	相邻注释解释平台异常边界
zr_vm_lib_ffi/src/zr_vm_lib_ffi/ffi_runtime/ffi_runtime_support.c	zr_ffi_find_field_raw	function	类型描述符解析；句柄 owner/回调/字段读取	从 VM 对象取得借用字段值供解析和句柄关系检查	返回指针依赖对象及其底层存储继续存活	zr_vm_lib_ffi/src/zr_vm_lib_ffi/ffi_runtime/ffi_runtime_support.c:161	no-comment	直接委托 ZrLib_Object_GetFieldCString，借用语义由所调用 API 决定
zr_vm_lib_ffi/src/zr_vm_lib_ffi/ffi_runtime/ffi_runtime_support.c	zr_ffi_read_string_value	function	zr_ffi_read_object_string_field；zr_ffi_parse_type_descriptor；zr_ffi_build_scalar_argument	把 VM 字符串交给描述符解析和 native 字符串封送	返回 NUL 终止的借用 char 指针；VM 原始字节长度没有随指针传递	zr_vm_lib_ffi/src/zr_vm_lib_ffi/ffi_runtime/ffi_runtime_support.c:166	commented	相邻注释说明 NUL 语义及借用
zr_vm_lib_ffi/src/zr_vm_lib_ffi/ffi_runtime/ffi_runtime_support.c	zr_ffi_read_object_string_field	function	动态 type 解析；回调 wrapper 属性读取	读取描述符和包装对象的字符串字段	字段缺失或类型不符返回假；不复制字符数据	zr_vm_lib_ffi/src/zr_vm_lib_ffi/ffi_runtime/ffi_runtime_support.c:176	no-comment	字段读取和 string 类型检查由两个已审 helper 组合完成
zr_vm_lib_ffi/src/zr_vm_lib_ffi/ffi_runtime/ffi_runtime_support.c	zr_ffi_read_bool_value	function	zr_ffi_build_scalar_argument；union 默认字段检查；zr_ffi_read_object_bool_field	接受 bool 或整数类 VM 值供 ABI bool 和包装字段使用	浮点与对象拒绝；非零整数映射真	zr_vm_lib_ffi/src/zr_vm_lib_ffi/ffi_runtime/ffi_runtime_support.c:181	no-comment	接受类型与转换条件在函数内清晰且无额外状态所有权
zr_vm_lib_ffi/src/zr_vm_lib_ffi/ffi_runtime/ffi_runtime_support.c	zr_ffi_read_object_bool_field	function	wrapper 的 handle-id 标志；动态 type 描述符字段	从对象字段取得布尔语义供 wrapper/descriptor 分支	字段缺失或类型不符返回假	zr_vm_lib_ffi/src/zr_vm_lib_ffi/ffi_runtime/ffi_runtime_support.c:204	no-comment	只组合已审字段读取及 bool 转换
zr_vm_lib_ffi/src/zr_vm_lib_ffi/ffi_runtime/ffi_runtime_support.c	zr_ffi_read_int_value	function	ZrFfi_Buffer_Write；zr_ffi_read_object_int_field	把 VM 数值投影为布局字段或字节写入使用的 int64	浮点越界转整数是 C 未定义行为；unsigned 大于 INT64_MAX 可改变值域	zr_vm_lib_ffi/src/zr_vm_lib_ffi/ffi_runtime/ffi_runtime_support.c:212;zr_vm_lib_ffi/src/zr_vm_lib_ffi/ffi_runtime/ffi_runtime_support.c:220-226;zr_vm_lib_ffi/src/zr_vm_lib_ffi/runtime.c:818	BUG	Buffer_Write 接受 float 数组元素；极大浮点走直接 int64 强转
zr_vm_lib_ffi/src/zr_vm_lib_ffi/ffi_runtime/ffi_runtime_support.c	zr_ffi_value_is_object	function	type descriptor、结构值、回调 wrapper 及调用参数封送	拒绝空值和非 object/array 后供调用方读取对象字段	仅借用对象地址；调用方负责 VM 根和具体对象种类校验	zr_vm_lib_ffi/src/zr_vm_lib_ffi/ffi_runtime/ffi_runtime_support.c:233	no-comment	过滤条件显式，并未承担对象生命周期管理
zr_vm_lib_ffi/src/zr_vm_lib_ffi/ffi_runtime/ffi_runtime_support.c	zr_ffi_read_object_int_field	function	动态聚合 pack/align/offset；enum 值解析	将可选整数型描述符字段交给布局解析	字段缺失或不兼容时返回假；调用方提供默认值	zr_vm_lib_ffi/src/zr_vm_lib_ffi/ffi_runtime/ffi_runtime_support.c:243	no-comment	直接复用字段读取与数值投影，默认值由各调用点决定
zr_vm_lib_ffi/src/zr_vm_lib_ffi/ffi_runtime/ffi_runtime_support.c	zr_ffi_read_object_field_object	function	动态 struct/union 字段数组与函数参数对象	读取对象字段供 descriptor 递归解析	仅验证 object/array，具体 internalType 由调用方检查	zr_vm_lib_ffi/src/zr_vm_lib_ffi/ffi_runtime/ffi_runtime_support.c:248	no-comment	函数边界仅承担对象形状初筛
zr_vm_lib_ffi/src/zr_vm_lib_ffi/ffi_runtime/ffi_runtime_support.c	zr_ffi_array_get	function	Buffer_Write；symbol 参数数组；聚合字段及签名参数解析	统一从 VM 数组按索引取得借用参数或字段值	索引范围与空值处理由调用方或 ZrLib_Array_Get 负责	zr_vm_lib_ffi/src/zr_vm_lib_ffi/ffi_runtime/ffi_runtime_support.c:259	no-comment	直接委托库数组访问 API，未引入额外策略
zr_vm_lib_ffi/src/zr_vm_lib_ffi/ffi_runtime/ffi_runtime_support.c	zr_ffi_array_length	function	Buffer_Write；symbol 参数数组；聚合字段及签名参数解析	取得运行时数组长度供实参和描述符计数	数组类型须已由调用方确认	zr_vm_lib_ffi/src/zr_vm_lib_ffi/ffi_runtime/ffi_runtime_support.c:263	no-comment	直接委托库数组长度 API
zr_vm_lib_ffi/src/zr_vm_lib_ffi/ffi_runtime/ffi_runtime_support.c	zr_ffi_get_handle_data	function	runtime.c 的 Library/Symbol/Buffer/Pointer 回调；回调及 symbol 调用	从语言句柄对象解出 native 状态供各操作共用	返回值借用；调用方必须核对 kind、关闭标志和 owner	zr_vm_lib_ffi/src/zr_vm_lib_ffi/ffi_runtime/ffi_runtime_support.c:269	commented	相邻注释强调返回值只作借用
zr_vm_lib_ffi/src/zr_vm_lib_ffi/ffi_runtime/ffi_runtime_support.c	zr_ffi_set_hidden_pointer	function	zr_ffi_new_handle_object_with_finalizer	把 native 状态地址存入 VM 句柄字段供后续 get_handle_data 解码	字段写入底层 API 无成功返回值；对象和 state 须有效	zr_vm_lib_ffi/src/zr_vm_lib_ffi/ffi_runtime/ffi_runtime_support.c:284	no-comment	仅封装指针值构造与字段赋值，事务疑点登记在创建者
zr_vm_lib_ffi/src/zr_vm_lib_ffi/ffi_runtime/ffi_runtime_support.c	zr_ffi_set_hidden_value	function	zr_ffi_new_handle_object_with_finalizer	把 owner/回调对象存入句柄字段以维持 GC 可达性	值须在字段写入过程中保持有效；底层写入无成功返回值	zr_vm_lib_ffi/src/zr_vm_lib_ffi/ffi_runtime/ffi_runtime_support.c:295	no-comment	只包装字段赋值，根与失败契约由创建者负责
zr_vm_lib_ffi/src/zr_vm_lib_ffi/ffi_runtime/ffi_runtime_support.c	zr_ffi_new_instance_for_module_type	function	zr_ffi_new_handle_object_with_finalizer	优先使用 zr.ffi 类型原型创建实例，再尝试调用方可见的未限定名称	类型名缓冲固定 160 字节；创建失败返回空	zr_vm_lib_ffi/src/zr_vm_lib_ffi/ffi_runtime/ffi_runtime_support.c:305	commented	相邻注释说明两种原型查找关系
zr_vm_lib_ffi/src/zr_vm_lib_ffi/ffi_runtime/ffi_runtime_support.c	zr_ffi_get_self_object	function	runtime.c 各实例方法；Pointer_Span/GetItem/SetItem	要求 native 方法有合法语言层 receiver 并返回对象借用	self 无效时抛 VM 错误且 RunError 不返回	zr_vm_lib_ffi/src/zr_vm_lib_ffi/ffi_runtime/ffi_runtime_support.c:326	no-comment	接收者类型检查与不返回的错误 API 已使契约直接可见
zr_vm_lib_ffi/src/zr_vm_lib_ffi/ffi_runtime/ffi_runtime_support.c	zr_ffi_new_handle_object_with_finalizer	function	loadLibrary/callback/getSymbol/nullPointer/pin/as/allocate/slice	把 native 数据接入 VM 句柄终结路径，并用隐藏 owner/callback 字段维持依赖可达性	hidden handle、owner、callback 字段必须成功建立后才能发布对象；SetFieldCString 在 pin/字符串分配失败时静默返回，此函数未核验写入结果。	zr_vm_lib_ffi/src/zr_vm_lib_ffi/ffi_runtime/ffi_runtime_support.c:345;zr_vm_library/src/zr_vm_library/native_binding/native_binding_dispatch.c:1321-1340;zr_vm_lib_ffi/src/zr_vm_lib_ffi/runtime.c:347;zr_vm_lib_ffi/src/zr_vm_lib_ffi/ffi_runtime/ffi_runtime_callback.c:584-606	BUG	BUG: SymbolHandle owner 字段写入失败后仍返回成功；LibraryHandle 随后可被 GC 提前终结并 dlclose，而符号对象保留失效 symbolAddress。callback 字段失败也使 trampoline 取不到 VM 函数；以分配故障注入验证各回滚路径。
zr_vm_lib_ffi/src/zr_vm_lib_ffi/ffi_runtime/ffi_runtime_support.c	zr_ffi_close_dynamic_library	function	Library_Close；symbol 最后释放；LibraryHandle 终结	归还 OS 加载器句柄并让相关 native 符号地址失效	调用前须确认无存活 SymbolHandle 使用此库；空句柄安全	zr_vm_lib_ffi/src/zr_vm_lib_ffi/ffi_runtime/ffi_runtime_support.c:380	commented	相邻注释说明调用时点与地址有效期
zr_vm_lib_ffi/src/zr_vm_lib_ffi/ffi_runtime/ffi_runtime_support.c	zr_ffi_open_dynamic_library	function	ZrFfi_LoadLibrary	取得系统动态库句柄供 LibraryHandle 持有	成功结果必须在 close/finalize 释放；POSIX RTLD_NOW|RTLD_LOCAL	zr_vm_lib_ffi/src/zr_vm_lib_ffi/ffi_runtime/ffi_runtime_support.c:393	commented	相邻注释说明加载模式与归属
zr_vm_lib_ffi/src/zr_vm_lib_ffi/ffi_runtime/ffi_runtime_support.c	zr_ffi_lookup_symbol	function	zr_ffi_library_create_symbol；ZrFfi_Library_Version	从已加载库借用 native 函数地址供 SymbolHandle 调用	符号地址有效期不得超过 LibraryHandle 真实加载期	zr_vm_lib_ffi/src/zr_vm_lib_ffi/ffi_runtime/ffi_runtime_support.c:411	commented	相邻注释说明借用与持有链
zr_vm_lib_ffi/src/zr_vm_lib_ffi/ffi_runtime/ffi_runtime_pointer_view.c	zr_ffi_pointer_require_open	function	ZrFfi_Pointer_Span；ZrFfi_Pointer_GetItem；ZrFfi_Pointer_SetItem	在构造 Span 或索引 native 字节前统一检查句柄种类与关闭状态	零长度空地址允许表示空视图；非零长度必须有地址	zr_vm_lib_ffi/src/zr_vm_lib_ffi/ffi_runtime/ffi_runtime_pointer_view.c:4	commented	相邻注释说明共享有效期边界
zr_vm_lib_ffi/src/zr_vm_lib_ffi/ffi_runtime/ffi_runtime_pointer_view.c	ZrFfi_Pointer_Span	function	module.c 的 PointerHandle.span 属性描述符；Span 消费者	把 pinned PointerHandle 暴露为 zr.container.Span 并用 source 字段维持 owner 可达	Span 长度取 byteLength；调用方仍可显式 close PointerHandle	zr_vm_lib_ffi/src/zr_vm_lib_ffi/ffi_runtime/ffi_runtime_pointer_view.c:37	commented	相邻注释说明 source 根与显式关闭的限制
zr_vm_lib_ffi/src/zr_vm_lib_ffi/ffi_runtime/ffi_runtime_pointer_view.c	ZrFfi_Pointer_GetItem	function	module.c 的 PointerHandle 下标读取描述符	按索引读取 pinned native 字节供语言层 Span/下标消费	要求未关闭且索引在 byteLength 范围内	zr_vm_lib_ffi/src/zr_vm_lib_ffi/ffi_runtime/ffi_runtime_pointer_view.c:90	commented	相邻注释说明窗口与有效期
zr_vm_lib_ffi/src/zr_vm_lib_ffi/ffi_runtime/ffi_runtime_pointer_view.c	ZrFfi_Pointer_SetItem	function	module.c 的 PointerHandle 下标写入描述符	把语言层写入传到 pinned Buffer 的 native 字节窗口	要求未关闭、索引有界、字节值 0..255	zr_vm_lib_ffi/src/zr_vm_lib_ffi/ffi_runtime/ffi_runtime_pointer_view.c:114	commented	相邻注释说明与 Buffer 共享底层存储
zr_vm_lib_ffi/cmake/fficonfig_x86_win64.h.in	SIZEOF_LONG_DOUBLE	macro	Bundled Win64 fficonfig.h 生成入口；该 vendor C 源目前没有直接条件读取此宏	固定 MSVC Win64 的 long double 存储宽度为 8 字节，与 ABI 特性开关形成一组配置。	只能用于当前 bundled Win64/MSVC 配置；需与 HAVE_LONG_DOUBLE 和编译器实际布局一致。	zr_vm_lib_ffi/cmake/fficonfig_x86_win64.h.in:47;zr_vm_lib_ffi/cmake/fficonfig_x86_win64.h.in:30	no-comment	同一 ABI 约束已在 HAVE_LONG_DOUBLE 前说明；本常量的 8 字节含义可从宏定义直接读取。
zr_vm_lib_ffi/src/zr_vm_lib_ffi/ffi_runtime/ffi_runtime_internal.h	WIN32_LEAN_AND_MEAN	macro	该头文件紧随其后的 windows.h；ffi_runtime_support.c 的动态库装载分支	在 FFI 运行时纳入 Windows 平台声明前减少无关 Windows 子系统声明。	必须先于 windows.h 定义；只作用于 Win32 条件分支。	zr_vm_lib_ffi/src/zr_vm_lib_ffi/ffi_runtime/ffi_runtime_internal.h:40-43	no-comment	本地 Windows 头文件配置开关紧贴 include，调用限制可从条件块直接读取。
