file	unit	kind	callers	intent	constraints	evidence	decision	reason
zr_vm_common/CMakeLists.txt	common_source_glob	语句块	zr_vm_common_src;zr_declare_module;zr_declare_executable	发现并发布公共 C 源码集合供模块直接编译	新文件加入后需验证 CMake 增量重配置	zr_vm_common/CMakeLists.txt;zr_vm_common/CommonMacros.cmake	TODO	现有 GLOB_RECURSE 无 CONFIGURE_DEPENDS，增量发现路径待验证
zr_vm_common/CMakeLists.txt	zr_vm_common_src	状态	zr_declare_module;zr_declare_executable;zr_vm_language_server/CMakeLists.txt	跨目录共享 common 源清单	上层需先 add_subdirectory(zr_vm_common)	CMakeLists.txt;zr_vm_language_server/CMakeLists.txt	commented	已在声明或入口前说明调用目的和约束
zr_vm_common/ThirdPartyMacros.cmake	zr_get_third_party_target_name	函数	zr_register_owned_third_party;zr_link_third_party_for_module;zr_vm_core/third_party/zr_utf8proc/CMakeLists.txt	统一全仓第三方静态目标名称	输出变量写入 PARENT_SCOPE	zr_vm_common/ThirdPartyMacros.cmake;zr_vm_core/third_party/zr_utf8proc/CMakeLists.txt	commented	已在声明或入口前说明调用目的和约束
zr_vm_common/ThirdPartyMacros.cmake	zr_link_third_party_for_module	函数	zr_vm_core/CMakeLists.txt;zr_vm_library/CMakeLists.txt;zr_vm_language_server/CMakeLists.txt	将已注册第三方目标附加到各模块变体	未注册目标会在配置期失败	zr_vm_common/ThirdPartyMacros.cmake;zr_vm_core/CMakeLists.txt	commented	已在声明或入口前说明调用目的和约束
zr_vm_common/ThirdPartyMacros.cmake	zr_link_third_party_for_target	函数	tests/CMakeLists.txt;zr_vm_language_server/CMakeLists.txt;zr_vm_aot/tests/scripts/CMakeLists.txt	让测试与独立工具目标复用第三方静态库	目标与依赖目标必须先存在	zr_vm_common/ThirdPartyMacros.cmake;tests/CMakeLists.txt	commented	已在声明或入口前说明调用目的和约束
zr_vm_common/ThirdPartyMacros.cmake	zr_register_owned_third_party	函数	zr_vm_core/third_party/zr_xx_hash/CMakeLists.txt;zr_vm_library/third_party/zr_c_json/CMakeLists.txt;tests/third_party/zr_unity/CMakeLists.txt	注册一次源代码所属的第三方静态目标	已有目标时返回，调用方先准备源码列表	zr_vm_common/ThirdPartyMacros.cmake;zr_vm_core/third_party/zr_xx_hash/CMakeLists.txt	commented	已在声明或入口前说明调用目的和约束
zr_vm_common/ThirdPartyMacros.cmake	zr_register_owned_third_party::target_properties	语句块	zr_register_owned_third_party;shared module targets	让第三方代码可嵌入共享模块并限制意外符号导出	PIC 和隐藏可见性对链接消费者生效	zr_vm_common/ThirdPartyMacros.cmake;zr_vm_core/CMakeLists.txt	commented	已在声明或入口前说明调用目的和约束
zr_vm_common/include/zr_vm_common.h	ZR_VM_COMMON_H	宏	预处理器 include guard	阻止公共头重复展开	预处理器保护；无运行时状态	zr_vm_common/include/zr_vm_common.h:6	no-comment	普通 include guard；无需重复说明
zr_vm_common/include/zr_vm_common.h	ZR_TODO_PARAMETER	宏	zr_vm_core/src/zr_vm_core/exception.c	占位尚待处理的回调参数，并保持跨平台函数签名一致	宏自带分号，只能放在完整语句位置	zr_vm_common/include/zr_vm_common.h:34;zr_vm_core/src/zr_vm_core/exception.c	commented	相邻组注释已说明语句位置和统一签名目的
zr_vm_common/include/zr_vm_common.h	ZR_UNUSED_PARAMETER	宏	zr_vm_parser/src/zr_vm_parser/compiler.c;zr_vm_core/include/zr_vm_core/execution_control.h;zr_vm_library/src/zr_vm_library/aot_runtime.c	显式消费未使用参数，以保留宿主回调 ABI 形状	宏自带分号，只能放在完整语句位置	zr_vm_common/include/zr_vm_common.h:36;zr_vm_parser/src/zr_vm_parser/compiler.c	no-comment	名称及组注释足以定位用途，逐项注释只会重复协议编号或容量值
zr_vm_common/include/zr_vm_common/zr_abi_conf.h	ZR_CLI_MANIFEST_VERSION	宏	scripts/audit_magic_constants.py	预留 CLI 清单格式版本	当前未发现清单读写者	zr_vm_common/include/zr_vm_common/zr_abi_conf.h;scripts/audit_magic_constants.py	TODO	全仓仅常量审计脚本引用，需核查清单读写链
zr_vm_common/include/zr_vm_common/zr_abi_conf.h	ZR_NATIVE_MODULE_INFO_VERSION	宏	zr_vm_library/src/zr_vm_library/native_binding/native_binding_metadata.c	脚本可见模块元数据对象的版本	当前为信息字段，不作为插件加载门槛	zr_vm_common/include/zr_vm_common/zr_abi_conf.h;zr_vm_library/src/zr_vm_library/native_binding/native_binding_metadata.c	commented	已核实生产端和加载端对版本的使用
zr_vm_common/include/zr_vm_common/zr_abi_conf.h	ZR_VM_NATIVE_PLUGIN_ABI_VERSION	宏	zr_vm_library/src/zr_vm_library/native_binding/native_binding_registry_plugin.c;native module descriptors	定义原生插件描述符布局版本	注册端要求精确匹配	zr_vm_common/include/zr_vm_common/zr_abi_conf.h;zr_vm_library/src/zr_vm_library/native_binding/native_binding_registry_plugin.c	commented	已核实生产端和加载端对版本的使用
zr_vm_common/include/zr_vm_common/zr_abi_conf.h	ZR_VM_NATIVE_RUNTIME_ABI_VERSION	宏	zr_vm_library/src/zr_vm_library/native_binding/native_binding_support.c;native module descriptors	定义原生模块所需的最小运行时 ABI	要求高于当前宿主时拒绝	zr_vm_common/include/zr_vm_common/zr_abi_conf.h;zr_vm_library/src/zr_vm_library/native_binding/native_binding_support.c	commented	已核实生产端和加载端对版本的使用
zr_vm_common/include/zr_vm_common/zr_api_conf.h	ZR_API	宏	zr_vm_core/include/zr_vm_core/conf.h;zr_vm_lib_ffi/include/zr_vm_lib_ffi/module.h	首方公开 C API 在 Windows 共享构建导出符号	取决于 ZR_PLATFORM_WIN 与 ZR_LIBRARY_TYPE_SHARED	zr_vm_common/include/zr_vm_common/zr_api_conf.h;zr_vm_core/include/zr_vm_core/conf.h;zr_vm_lib_ffi/include/zr_vm_lib_ffi/module.h	commented	已在声明或入口前说明调用目的和约束
zr_vm_common/include/zr_vm_common/zr_api_conf.h	ZR_API::shared_dependency_declarations	语句块	zr_declare_module;zr_link_library_for_module	区分 Windows 共享库本体导出与依赖声明	依赖共享模块同样带 ZR_LIBRARY_TYPE_SHARED	zr_vm_common/include/zr_vm_common/zr_api_conf.h;zr_vm_common/CommonMacros.cmake	TODO	依赖头可能随消费模块编译为 dllexport，需以 MSVC 导出表确认实际影响
zr_vm_common/include/zr_vm_common/zr_api_conf.h	ZR_API_IMPORT	宏	全仓无实际使用点	预备的 Windows DLL 消费侧导入声明	目前无客户端按此宏声明接口	zr_vm_common/include/zr_vm_common/zr_api_conf.h	TODO	全仓检索只有本头定义，需核查导入契约是否还需要
zr_vm_common/include/zr_vm_common/zr_api_conf.h	ZR_CURRENT_MODULE	宏	zr_vm_core/src/zr_vm_core.c;zr_vm_common/CommonMacros.cmake	提供模块名供版本诊断输出	构建目标可覆盖否则回落 zr_vm_common	zr_vm_core/src/zr_vm_core.c;zr_vm_common/CommonMacros.cmake	commented	已在声明或入口前说明调用目的和约束
zr_vm_common/include/zr_vm_common/zr_array_conf.h	ZR_ARRAY_CONF_H	宏	预处理器 include guard	阻止公共头重复展开	预处理器保护；无运行时状态	zr_vm_common/include/zr_vm_common/zr_array_conf.h:6	no-comment	普通 include guard；无需重复说明
zr_vm_common/include/zr_vm_common/zr_array_conf.h	ZR_ARRAY_INCREASEMENT_MULTIPLIER_PERCENT	宏	zr_vm_core/include/zr_vm_core/array.h	供 core 原生动态数组按百分比计算下一次扩容	这是容量倍率，不是元素数；数组 API 至少按 100% 处理	zr_vm_common/include/zr_vm_common/zr_array_conf.h:10;zr_vm_core/include/zr_vm_core/array.h	commented	相邻组注释说明调用契约，无需对该常量重复逐行解释
zr_vm_common/include/zr_vm_common/zr_array_conf.h	ZR_ARRAY_COUNT	宏	zr_vm_parser/src/zr_vm_parser/attribute_contract.c;zr_vm_core/src/zr_vm_core/module/module_prototype.c;zr_vm_library/src/zr_vm_library/builtin_module.c	把编译期固定数组的元素个数交给 descriptor 数量和遍历边界	参数必须保留数组类型；指针退化后 sizeof 结果不再是元素数	zr_vm_common/include/zr_vm_common/zr_array_conf.h:13;zr_vm_parser/src/zr_vm_parser/attribute_contract.c	commented	公开宏已补 Doxygen 前置条件
zr_vm_common/include/zr_vm_common/zr_array_conf.h	SZrArray	类型	zr_vm_parser/include/zr_vm_parser/ast.h;zr_vm_core/include/zr_vm_core/array.h;zr_vm_library/src/zr_vm_library/native_binding/native_binding_internal.h	保存原生动态数组的头地址、元素宽度及 length/capacity	数组 API 管理 head；它不是 GC 对象，持有者须管理 C 容器生命周期	zr_vm_common/include/zr_vm_common/zr_array_conf.h:17;zr_vm_parser/include/zr_vm_parser/ast.h	commented	类型已有 Doxygen 说明跨层目的
zr_vm_common/include/zr_vm_common/zr_ast_constants.h	ZR_AST_CONSTANTS_H	宏	预处理器 include guard	阻止公共头重复展开	预处理器保护；无运行时状态	zr_vm_common/include/zr_vm_common/zr_ast_constants.h:6	no-comment	普通 include guard；无需重复说明
zr_vm_common/include/zr_vm_common/zr_ast_constants.h	ZR_AST_CONSTANT_REMOVED_INTERMEDIATE_STATEMENT	宏	zr_vm_parser/src/zr_vm_parser/semantic/semantic_query_public_contract.c;tests/parser/test_semantic_query_public_contract_cases.h	将 REMOVED_INTERMEDIATE_STATEMENT 节点映射为无 parser 依赖的编译产物编号	序列化值须与 EZrAstNodeType 保持一致；保留已废弃编号	zr_vm_common/include/zr_vm_common/zr_ast_constants.h:19;zr_vm_parser/src/zr_vm_parser/semantic/semantic_query_public_contract.c	commented	已有逐段 enum 对照；逐值重复不会增加调用约束
zr_vm_common/include/zr_vm_common/zr_ast_constants.h	ZR_AST_CONSTANT_STRUCT_FIELD	宏	zr_vm_core/src/zr_vm_core/debug.c;tests/core/test_tail_reuse_callinfo_reset.c;tests/gc/gc_tests.c	将 STRUCT_FIELD 节点映射为无 parser 依赖的编译产物编号	序列化值须与 EZrAstNodeType 保持一致；保留已废弃编号	zr_vm_common/include/zr_vm_common/zr_ast_constants.h:20;zr_vm_core/src/zr_vm_core/debug.c	no-comment	已有逐段 enum 对照；逐值重复不会增加调用约束
zr_vm_common/include/zr_vm_common/zr_ast_constants.h	ZR_AST_CONSTANT_STRUCT_METHOD	宏	zr_vm_core/src/zr_vm_core/debug.c;zr_vm_library/src/zr_vm_library/native_binding/native_binding_call_binding.c	将 STRUCT_METHOD 节点映射为无 parser 依赖的编译产物编号	序列化值须与 EZrAstNodeType 保持一致；保留已废弃编号	zr_vm_common/include/zr_vm_common/zr_ast_constants.h:21;zr_vm_core/src/zr_vm_core/debug.c	no-comment	已有逐段 enum 对照；逐值重复不会增加调用约束
zr_vm_common/include/zr_vm_common/zr_ast_constants.h	ZR_AST_CONSTANT_STRUCT_META_FUNCTION	宏	zr_vm_core/src/zr_vm_core/debug.c;zr_vm_library/src/zr_vm_library/native_binding/native_binding_call_binding.c	将 STRUCT_META_FUNCTION 节点映射为无 parser 依赖的编译产物编号	序列化值须与 EZrAstNodeType 保持一致；保留已废弃编号	zr_vm_common/include/zr_vm_common/zr_ast_constants.h:22;zr_vm_core/src/zr_vm_core/debug.c	no-comment	已有逐段 enum 对照；逐值重复不会增加调用约束
zr_vm_common/include/zr_vm_common/zr_ast_constants.h	ZR_AST_CONSTANT_CLASS_FIELD	宏	zr_vm_core/src/zr_vm_core/debug.c;zr_vm_library/src/zr_vm_library/native_binding/native_binding_runtime_metadata.c	将 CLASS_FIELD 节点映射为无 parser 依赖的编译产物编号	序列化值须与 EZrAstNodeType 保持一致；保留已废弃编号	zr_vm_common/include/zr_vm_common/zr_ast_constants.h:23;zr_vm_core/src/zr_vm_core/debug.c	no-comment	已有逐段 enum 对照；逐值重复不会增加调用约束
zr_vm_common/include/zr_vm_common/zr_ast_constants.h	ZR_AST_CONSTANT_CLASS_METHOD	宏	zr_vm_core/src/zr_vm_core/debug.c;zr_vm_library/src/zr_vm_library/native_binding/native_binding_call_binding.c	将 CLASS_METHOD 节点映射为无 parser 依赖的编译产物编号	序列化值须与 EZrAstNodeType 保持一致；保留已废弃编号	zr_vm_common/include/zr_vm_common/zr_ast_constants.h:24;zr_vm_core/src/zr_vm_core/debug.c	no-comment	已有逐段 enum 对照；逐值重复不会增加调用约束
zr_vm_common/include/zr_vm_common/zr_ast_constants.h	ZR_AST_CONSTANT_CLASS_PROPERTY	宏	zr_vm_core/src/zr_vm_core/debug.c	将 CLASS_PROPERTY 节点映射为无 parser 依赖的编译产物编号	序列化值须与 EZrAstNodeType 保持一致；保留已废弃编号	zr_vm_common/include/zr_vm_common/zr_ast_constants.h:25;zr_vm_core/src/zr_vm_core/debug.c	no-comment	已有逐段 enum 对照；逐值重复不会增加调用约束
zr_vm_common/include/zr_vm_common/zr_ast_constants.h	ZR_AST_CONSTANT_CLASS_META_FUNCTION	宏	zr_vm_core/src/zr_vm_core/debug.c;zr_vm_library/src/zr_vm_library/native_binding/native_binding_call_binding.c	将 CLASS_META_FUNCTION 节点映射为无 parser 依赖的编译产物编号	序列化值须与 EZrAstNodeType 保持一致；保留已废弃编号	zr_vm_common/include/zr_vm_common/zr_ast_constants.h:26;zr_vm_core/src/zr_vm_core/debug.c	no-comment	已有逐段 enum 对照；逐值重复不会增加调用约束
zr_vm_common/include/zr_vm_common/zr_ast_constants.h	ZR_AST_CONSTANT_IMPORT_EXPRESSION	宏	仅头内声明或预留协议编号	将 IMPORT_EXPRESSION 节点映射为无 parser 依赖的编译产物编号	序列化值须与 EZrAstNodeType 保持一致；保留已废弃编号	zr_vm_common/include/zr_vm_common/zr_ast_constants.h:31	no-comment	已有逐段 enum 对照；逐值重复不会增加调用约束
zr_vm_common/include/zr_vm_common/zr_ast_constants.h	ZR_AST_CONSTANT_UNION_DECLARATION	宏	仅头内声明或预留协议编号	将 UNION_DECLARATION 节点映射为无 parser 依赖的编译产物编号	序列化值须与 EZrAstNodeType 保持一致；保留已废弃编号	zr_vm_common/include/zr_vm_common/zr_ast_constants.h:35	no-comment	已有逐段 enum 对照；逐值重复不会增加调用约束
zr_vm_common/include/zr_vm_common/zr_ast_constants.h	ZR_AST_CONSTANT_UNION_VARIANT	宏	zr_vm_core/src/zr_vm_core/execution/execution_inline_frame.c;zr_vm_lib_debug/src/zr_vm_lib_debug/debug_union.c	将 UNION_VARIANT 节点映射为无 parser 依赖的编译产物编号	序列化值须与 EZrAstNodeType 保持一致；保留已废弃编号	zr_vm_common/include/zr_vm_common/zr_ast_constants.h:36;zr_vm_core/src/zr_vm_core/execution/execution_inline_frame.c	no-comment	已有逐段 enum 对照；逐值重复不会增加调用约束
zr_vm_common/include/zr_vm_common/zr_ast_constants.h	ZR_AST_CONSTANT_PROPERTY_DECLARATION	宏	zr_vm_core/src/zr_vm_core/module/module_prototype.c;tests/parser/test_property_unified_ast.c	将 PROPERTY_DECLARATION 节点映射为无 parser 依赖的编译产物编号	序列化值须与 EZrAstNodeType 保持一致；保留已废弃编号	zr_vm_common/include/zr_vm_common/zr_ast_constants.h:40;zr_vm_core/src/zr_vm_core/module/module_prototype.c	no-comment	已有逐段 enum 对照；逐值重复不会增加调用约束
zr_vm_common/include/zr_vm_common/zr_ast_constants.h	ZR_ACCESS_CONSTANT_PUBLIC	宏	zr_vm_core/src/zr_vm_core/debug.c;zr_vm_library/src/zr_vm_library/aot_runtime.c;tests/parser/test_aot_c_code_stripping.c	将成员可见性固定为 core 可读的线格式编号	须与 parser EZrAccessModifier 对齐	zr_vm_common/include/zr_vm_common/zr_ast_constants.h:45;zr_vm_core/src/zr_vm_core/debug.c	commented	可见性线格式说明及枚举对照已覆盖
zr_vm_common/include/zr_vm_common/zr_ast_constants.h	ZR_ACCESS_CONSTANT_PRIVATE	宏	zr_vm_core/src/zr_vm_core/debug.c;tests/parser/test_aot_reachability.c	将成员可见性固定为 core 可读的线格式编号	须与 parser EZrAccessModifier 对齐	zr_vm_common/include/zr_vm_common/zr_ast_constants.h:46;zr_vm_core/src/zr_vm_core/debug.c	no-comment	可见性线格式说明及枚举对照已覆盖
zr_vm_common/include/zr_vm_common/zr_ast_constants.h	ZR_ACCESS_CONSTANT_PROTECTED	宏	zr_vm_core/src/zr_vm_core/debug.c;zr_vm_library/src/zr_vm_library/aot_runtime.c;zr_vm_aot/zr_vm_library/src/zr_vm_library/aot_runtime.c	将成员可见性固定为 core 可读的线格式编号	须与 parser EZrAccessModifier 对齐	zr_vm_common/include/zr_vm_common/zr_ast_constants.h:47;zr_vm_core/src/zr_vm_core/debug.c	no-comment	可见性线格式说明及枚举对照已覆盖
zr_vm_common/include/zr_vm_common/zr_ast_constants.h	ZR_COMPILED_MEMBER_MODIFIER_REF_FIELD	宏	zr_vm_parser/src/zr_vm_parser/compiler/compiler_struct.c;zr_vm_core/src/zr_vm_core/function_type_layout.c	在编译产物中携带 ref 字段修饰位	parser 写端与 core layout reader 需按同一位解释	zr_vm_common/include/zr_vm_common/zr_ast_constants.h:50;zr_vm_parser/src/zr_vm_parser/compiler/compiler_struct.c	no-comment	常量名称与相邻 wire 格式说明已明确
zr_vm_common/include/zr_vm_common/zr_common_conf.h	ZR_COMMON_CONF_H	宏	预处理器 include guard	阻止公共头重复展开	预处理器保护；无运行时状态	zr_vm_common/include/zr_vm_common/zr_common_conf.h:6	no-comment	普通 include guard；无需重复说明
zr_vm_common/include/zr_vm_common/zr_common_conf.h	ZR_IS_OVER_32_INT	宏	zr_vm_common/include/zr_vm_common/zr_vm_conf.h	在编译期探测宿主 unsigned int 位宽分支	结果只反映 C int 宽度，不等于指针/size_t 宽度	zr_vm_common/include/zr_vm_common/zr_common_conf.h:28;zr_vm_common/include/zr_vm_common/zr_vm_conf.h	no-comment	基础宏名称与直接使用处足以说明用途
zr_vm_common/include/zr_vm_common/zr_common_conf.h	ZR_BIT_MASK	宏	全仓扫描未见生产调用	构造指定位的掩码	无活跃生产调用；位宽及有符号移位界限待定义	zr_vm_common/include/zr_vm_common/zr_common_conf.h:32	TODO	待未来使用前确认高位移位行为
zr_vm_common/include/zr_vm_common/zr_common_conf.h	TZrSize	类型	zr_vm_parser/include/zr_vm_parser/artifact_projection.h;zr_vm_core/include/zr_vm_core/array.h;zr_vm_library/include/zr_vm_library/aot_runtime.h	为原生内存长度、偏移或指针传递建立跨模块 C 类型	宿主位宽相关；不得直接假设与 .zro 固定宽度字段同构	zr_vm_common/include/zr_vm_common/zr_common_conf.h:35;zr_vm_parser/include/zr_vm_parser/artifact_projection.h	commented	基础类型组注释或声明签名已给出确切语义
zr_vm_common/include/zr_vm_common/zr_common_conf.h	ZR_MAX_SIZE	宏	zr_vm_parser/src/zr_vm_parser/canonical_type.c;zr_vm_core/include/zr_vm_core/raw_object.h;zr_vm_library/src/zr_vm_library/native_binding/native_binding_call_binding.c	给原生尺寸计算提供 size_t 上界	随目标平台 size_t 宽度变化，不能写入固定宽度线格式	zr_vm_common/include/zr_vm_common/zr_common_conf.h:36;zr_vm_parser/src/zr_vm_parser/canonical_type.c	no-comment	基础宏名称与直接使用处足以说明用途
zr_vm_common/include/zr_vm_common/zr_common_conf.h	TZrMemoryOffset	类型	zr_vm_parser/include/zr_vm_parser/compiler.h;zr_vm_core/include/zr_vm_core/batch_contract.h;zr_vm_library/src/zr_vm_library/aot_runtime.c	为原生内存长度、偏移或指针传递建立跨模块 C 类型	宿主位宽相关；不得直接假设与 .zro 固定宽度字段同构	zr_vm_common/include/zr_vm_common/zr_common_conf.h:38;zr_vm_parser/include/zr_vm_parser/compiler.h	no-comment	基础类型组注释或声明签名已给出确切语义
zr_vm_common/include/zr_vm_common/zr_common_conf.h	ZR_MAX_MEMORY_OFFSET	宏	zr_vm_core/src/zr_vm_core/gc/gc.c;tests/gc/gc_tests.c	给 ptrdiff_t 形式的原生偏移提供保守正上界	不能按无符号 size_t 上界直接解释	zr_vm_common/include/zr_vm_common/zr_common_conf.h:40;zr_vm_core/src/zr_vm_core/gc/gc.c	no-comment	基础宏名称与直接使用处足以说明用途
zr_vm_common/include/zr_vm_common/zr_common_conf.h	TZrPtr	类型	zr_vm_core/include/zr_vm_core/execution_budget.h	为原生内存长度、偏移或指针传递建立跨模块 C 类型	宿主位宽相关；不得直接假设与 .zro 固定宽度字段同构	zr_vm_common/include/zr_vm_common/zr_common_conf.h:42;zr_vm_core/include/zr_vm_core/execution_budget.h	no-comment	基础类型组注释或声明签名已给出确切语义
zr_vm_common/include/zr_vm_common/zr_common_conf.h	TZrBytePtr	类型	zr_vm_library/include/zr_vm_library/file.h	为原生内存长度、偏移或指针传递建立跨模块 C 类型	宿主位宽相关；不得直接假设与 .zro 固定宽度字段同构	zr_vm_common/include/zr_vm_common/zr_common_conf.h:43;zr_vm_library/include/zr_vm_library/file.h	no-comment	基础类型组注释或声明签名已给出确切语义
zr_vm_common/include/zr_vm_common/zr_common_conf.h	TZrNativePtr	类型	zr_vm_core/include/zr_vm_core/call_info.h;tests/core/test_precall_frame_slot_reset.c;tests/parser/test_ownership_aot_pending_cases.h	为原生内存长度、偏移或指针传递建立跨模块 C 类型	宿主位宽相关；不得直接假设与 .zro 固定宽度字段同构	zr_vm_common/include/zr_vm_common/zr_common_conf.h:45;zr_vm_core/include/zr_vm_core/call_info.h	no-comment	基础类型组注释或声明签名已给出确切语义
zr_vm_common/include/zr_vm_common/zr_common_conf.h	TZrChar	类型	zr_vm_parser/include/zr_vm_parser/ast.h;zr_vm_core/include/zr_vm_core/aot_ir.h;zr_vm_library/include/zr_vm_library/aot_runtime.h	为字节码、ABI 和 core 数值字段提供明确的 C 字节或整数宽度	跨模块复制须遵守有符号性及实际目标字节宽度	zr_vm_common/include/zr_vm_common/zr_common_conf.h:48;zr_vm_parser/include/zr_vm_parser/ast.h	no-comment	基础类型组注释或声明签名已给出确切语义
zr_vm_common/include/zr_vm_common/zr_common_conf.h	TZrByte	类型	zr_vm_parser/include/zr_vm_parser/artifact_exec_ir.h;zr_vm_core/include/zr_vm_core/artifact_exec_ir.h;zr_vm_library/include/zr_vm_library/batch_protocol.h	为字节码、ABI 和 core 数值字段提供明确的 C 字节或整数宽度	跨模块复制须遵守有符号性及实际目标字节宽度	zr_vm_common/include/zr_vm_common/zr_common_conf.h:49;zr_vm_parser/include/zr_vm_parser/artifact_exec_ir.h	no-comment	基础类型组注释或声明签名已给出确切语义
zr_vm_common/include/zr_vm_common/zr_common_conf.h	TZrUInt8	类型	zr_vm_parser/src/zr_vm_parser/artifact_projection.c;zr_vm_core/include/zr_vm_core/call_info.h;zr_vm_library/src/zr_vm_library/aot_runtime.c	为字节码、ABI 和 core 数值字段提供明确的 C 字节或整数宽度	跨模块复制须遵守有符号性及实际目标字节宽度	zr_vm_common/include/zr_vm_common/zr_common_conf.h:50;zr_vm_parser/src/zr_vm_parser/artifact_projection.c	no-comment	基础类型组注释或声明签名已给出确切语义
zr_vm_common/include/zr_vm_common/zr_common_conf.h	TZrInt8	类型	zr_vm_parser/src/zr_vm_parser/compiler/compile_time_declaration_patch_transaction.c;zr_vm_core/include/zr_vm_core/conversion.h;tests/module/test_reflection_token_resolve.c	为字节码、ABI 和 core 数值字段提供明确的 C 字节或整数宽度	跨模块复制须遵守有符号性及实际目标字节宽度	zr_vm_common/include/zr_vm_common/zr_common_conf.h:51;zr_vm_parser/src/zr_vm_parser/compiler/compile_time_declaration_patch_transaction.c	no-comment	基础类型组注释或声明签名已给出确切语义
zr_vm_common/include/zr_vm_common/zr_common_conf.h	TZrUInt16	类型	zr_vm_parser/include/zr_vm_parser/exec_ir_fusion.h;zr_vm_core/include/zr_vm_core/artifact_exec_ir.h;zr_vm_library/include/zr_vm_library/native_binding.h	为字节码、ABI 和 core 数值字段提供明确的 C 字节或整数宽度	跨模块复制须遵守有符号性及实际目标字节宽度	zr_vm_common/include/zr_vm_common/zr_common_conf.h:52;zr_vm_parser/include/zr_vm_parser/exec_ir_fusion.h	no-comment	基础类型组注释或声明签名已给出确切语义
zr_vm_common/include/zr_vm_common/zr_common_conf.h	TZrInt16	类型	zr_vm_parser/src/zr_vm_parser/compiler/compile_time_declaration_patch_transaction.c;zr_vm_core/src/zr_vm_core/execution/execution_dispatch.c;tests/instructions/test_instructions.c	为字节码、ABI 和 core 数值字段提供明确的 C 字节或整数宽度	跨模块复制须遵守有符号性及实际目标字节宽度	zr_vm_common/include/zr_vm_common/zr_common_conf.h:53;zr_vm_parser/src/zr_vm_parser/compiler/compile_time_declaration_patch_transaction.c	no-comment	基础类型组注释或声明签名已给出确切语义
zr_vm_common/include/zr_vm_common/zr_common_conf.h	TZrUInt32	类型	zr_vm_parser/include/zr_vm_parser/aot_generic_policy.h;zr_vm_core/include/zr_vm_core/aot_ir.h;zr_vm_library/include/zr_vm_library/aot_runtime.h	为字节码、ABI 和 core 数值字段提供明确的 C 字节或整数宽度	跨模块复制须遵守有符号性及实际目标字节宽度	zr_vm_common/include/zr_vm_common/zr_common_conf.h:54;zr_vm_parser/include/zr_vm_parser/aot_generic_policy.h	no-comment	基础类型组注释或声明签名已给出确切语义
zr_vm_common/include/zr_vm_common/zr_common_conf.h	TZrInt32	类型	zr_vm_parser/include/zr_vm_parser/ast.h;zr_vm_core/include/zr_vm_core/callback.h;zr_vm_library/src/zr_vm_library/native_binding/native_binding.c	为字节码、ABI 和 core 数值字段提供明确的 C 字节或整数宽度	跨模块复制须遵守有符号性及实际目标字节宽度	zr_vm_common/include/zr_vm_common/zr_common_conf.h:55;zr_vm_parser/include/zr_vm_parser/ast.h	no-comment	基础类型组注释或声明签名已给出确切语义
zr_vm_common/include/zr_vm_common/zr_common_conf.h	TZrUInt64	类型	zr_vm_parser/include/zr_vm_parser/aot_generic_policy.h;zr_vm_core/include/zr_vm_core/aot_ir.h;zr_vm_library/include/zr_vm_library/aot_runtime.h	为字节码、ABI 和 core 数值字段提供明确的 C 字节或整数宽度	跨模块复制须遵守有符号性及实际目标字节宽度	zr_vm_common/include/zr_vm_common/zr_common_conf.h:56;zr_vm_parser/include/zr_vm_parser/aot_generic_policy.h	no-comment	基础类型组注释或声明签名已给出确切语义
zr_vm_common/include/zr_vm_common/zr_common_conf.h	TZrInt64	类型	zr_vm_parser/include/zr_vm_parser/ast.h;zr_vm_core/include/zr_vm_core/contiguous_view.h;zr_vm_library/include/zr_vm_library/aot_runtime.h	为字节码、ABI 和 core 数值字段提供明确的 C 字节或整数宽度	跨模块复制须遵守有符号性及实际目标字节宽度	zr_vm_common/include/zr_vm_common/zr_common_conf.h:57;zr_vm_parser/include/zr_vm_parser/ast.h	no-comment	基础类型组注释或声明签名已给出确切语义
zr_vm_common/include/zr_vm_common/zr_common_conf.h	ZR_INT_MAX	宏	zr_vm_core/include/zr_vm_core/math.h;zr_vm_cli/src/zr_vm_cli/repl/repl_session.c;zr_vm_aot/zr_vm_parser/src/zr_vm_parser/backend_aot/backend_aot_c_lowering_typed_power.c	向整数转换与范围检查提供 64 位整数边界	对应 long long/unsigned long long，须与目标 TZrInt64/TZrUInt64 宽度匹配	zr_vm_common/include/zr_vm_common/zr_common_conf.h:59;zr_vm_core/include/zr_vm_core/math.h	no-comment	基础宏名称与直接使用处足以说明用途
zr_vm_common/include/zr_vm_common/zr_common_conf.h	ZR_INT_MIN	宏	仅头内声明或预留协议编号	向整数转换与范围检查提供 64 位整数边界	对应 long long/unsigned long long，须与目标 TZrInt64/TZrUInt64 宽度匹配	zr_vm_common/include/zr_vm_common/zr_common_conf.h:60	no-comment	基础宏名称与直接使用处足以说明用途
zr_vm_common/include/zr_vm_common/zr_common_conf.h	ZR_UINT_MAX	宏	zr_vm_core/include/zr_vm_core/math.h;zr_vm_aot/zr_vm_parser/src/zr_vm_parser/backend_aot/backend_aot_c_lowering_typed_power.c	向整数转换与范围检查提供 64 位整数边界	对应 long long/unsigned long long，须与目标 TZrInt64/TZrUInt64 宽度匹配	zr_vm_common/include/zr_vm_common/zr_common_conf.h:61;zr_vm_core/include/zr_vm_core/math.h	no-comment	基础宏名称与直接使用处足以说明用途
zr_vm_common/include/zr_vm_common/zr_common_conf.h	TZrFloat32	类型	zr_vm_parser/src/zr_vm_parser/compiler/compile_time_declaration_patch_transaction.c;zr_vm_core/src/zr_vm_core/execution/execution_inline_frame.c;tests/acceptance/2026-07-01-aot-10-s4z11-fieldinfo-primitive-pod-float32-nan-guard.md	固定 core 值槽与 native ABI 使用的浮点、布尔或枚举 C 表示	VM 类型标签与 C 表示分开；边界转换须保持宽度和取值约束	zr_vm_common/include/zr_vm_common/zr_common_conf.h:63;zr_vm_parser/src/zr_vm_parser/compiler/compile_time_declaration_patch_transaction.c	no-comment	基础类型组注释或声明签名已给出确切语义
zr_vm_common/include/zr_vm_common/zr_common_conf.h	TZrFloat	类型	zr_vm_core/include/zr_vm_core/conversion.h	固定 core 值槽与 native ABI 使用的浮点、布尔或枚举 C 表示	VM 类型标签与 C 表示分开；边界转换须保持宽度和取值约束	zr_vm_common/include/zr_vm_common/zr_common_conf.h:64;zr_vm_core/include/zr_vm_core/conversion.h	no-comment	基础类型组注释或声明签名已给出确切语义
zr_vm_common/include/zr_vm_common/zr_common_conf.h	TZrFloat64	类型	zr_vm_parser/src/zr_vm_parser/compiler/compile_time_executor.c;zr_vm_core/include/zr_vm_core/exec_ir_interpreter.h;zr_vm_library/include/zr_vm_library/aot_runtime.h	固定 core 值槽与 native ABI 使用的浮点、布尔或枚举 C 表示	VM 类型标签与 C 表示分开；边界转换须保持宽度和取值约束	zr_vm_common/include/zr_vm_common/zr_common_conf.h:65;zr_vm_parser/src/zr_vm_parser/compiler/compile_time_executor.c	no-comment	基础类型组注释或声明签名已给出确切语义
zr_vm_common/include/zr_vm_common/zr_common_conf.h	TZrDouble	类型	zr_vm_parser/include/zr_vm_parser/ast.h;zr_vm_core/src/zr_vm_core/execution/execution_inline_frame.c;tests/module/test_reflection_token_resolve.c	固定 core 值槽与 native ABI 使用的浮点、布尔或枚举 C 表示	VM 类型标签与 C 表示分开；边界转换须保持宽度和取值约束	zr_vm_common/include/zr_vm_common/zr_common_conf.h:66;zr_vm_parser/include/zr_vm_parser/ast.h	no-comment	基础类型组注释或声明签名已给出确切语义
zr_vm_common/include/zr_vm_common/zr_common_conf.h	TZrBool	类型	zr_vm_parser/include/zr_vm_parser/aot_generic_policy.h;zr_vm_core/include/zr_vm_core/aot_ir.h;zr_vm_library/include/zr_vm_library/aot_runtime.h	固定 core 值槽与 native ABI 使用的浮点、布尔或枚举 C 表示	VM 类型标签与 C 表示分开；边界转换须保持宽度和取值约束	zr_vm_common/include/zr_vm_common/zr_common_conf.h:68;zr_vm_parser/include/zr_vm_parser/aot_generic_policy.h	no-comment	基础类型组注释或声明签名已给出确切语义
zr_vm_common/include/zr_vm_common/zr_common_conf.h	TZrEnum	类型	zr_vm_core/src/zr_vm_core/meta.c	固定 core 值槽与 native ABI 使用的浮点、布尔或枚举 C 表示	VM 类型标签与 C 表示分开；边界转换须保持宽度和取值约束	zr_vm_common/include/zr_vm_common/zr_common_conf.h:70;zr_vm_core/src/zr_vm_core/meta.c	no-comment	基础类型组注释或声明签名已给出确切语义
zr_vm_common/include/zr_vm_common/zr_common_conf.h	TZrNativeString	类型	zr_vm_library/include/zr_vm_library/project.h	作为原生 API 的 NUL 终止字符串参数/返回视图	内嵌 NUL 会截断可见内容；生命周期由具体 API 决定	zr_vm_common/include/zr_vm_common/zr_common_conf.h:73;zr_vm_library/include/zr_vm_library/project.h	commented	基础类型组注释或声明签名已给出确切语义
zr_vm_common/include/zr_vm_common/zr_common_conf.h	TZrNativeObject	类型	zr_vm_core/include/zr_vm_core/value.h	作为 native 回调与 VM 值转换之间的共享标量暂存槽	union 读取成员须与写入值类型相符，不能推断 GC 所有权	zr_vm_common/include/zr_vm_common/zr_common_conf.h:76;zr_vm_core/include/zr_vm_core/value.h	commented	类型已有 Doxygen 说明跨层目的
zr_vm_common/include/zr_vm_common/zr_common_conf.h	ZR_NULL	宏	zr_vm_parser/include/zr_vm_parser/semantic_value_facts.h;zr_vm_core/include/zr_vm_core/array.h;zr_vm_library/include/zr_vm_library/native_binding.h	提供 C 层统一空值与布尔字面量	TZrBool 与 VM 值标签并非同一类型	zr_vm_common/include/zr_vm_common/zr_common_conf.h:99;zr_vm_parser/include/zr_vm_parser/semantic_value_facts.h	no-comment	名称及基础类型组已明确，无需逐项解释
zr_vm_common/include/zr_vm_common/zr_common_conf.h	ZR_TRUE	宏	zr_vm_parser/src/zr_vm_parser/artifact_metadata_projection.c;zr_vm_core/include/zr_vm_core/array.h;zr_vm_library/src/zr_vm_library/aot_runtime.c	提供 C 层统一空值与布尔字面量	TZrBool 与 VM 值标签并非同一类型	zr_vm_common/include/zr_vm_common/zr_common_conf.h:100;zr_vm_parser/src/zr_vm_parser/artifact_metadata_projection.c	no-comment	名称及基础类型组已明确，无需逐项解释
zr_vm_common/include/zr_vm_common/zr_common_conf.h	ZR_FALSE	宏	zr_vm_parser/include/zr_vm_parser/semantic_value_facts.h;zr_vm_core/include/zr_vm_core/array.h;zr_vm_library/include/zr_vm_library/native_binding.h	提供 C 层统一空值与布尔字面量	TZrBool 与 VM 值标签并非同一类型	zr_vm_common/include/zr_vm_common/zr_common_conf.h:101;zr_vm_parser/include/zr_vm_parser/semantic_value_facts.h	no-comment	名称及基础类型组已明确，无需逐项解释
zr_vm_common/include/zr_vm_common/zr_common_conf.h	ZR_ASSERT	宏	zr_vm_parser/src/zr_vm_parser/canonical_type.c;zr_vm_core/include/zr_vm_core/array.h;zr_vm_library/src/zr_vm_library/native_binding/native_binding_dispatch.c	在调试构建检查 core 前置条件	release 不求值断言条件；条件不得有副作用	zr_vm_common/include/zr_vm_common/zr_common_conf.h:105;zr_vm_parser/src/zr_vm_parser/canonical_type.c	commented	邻接注释明确 debug/release 差异
zr_vm_common/include/zr_vm_common/zr_common_conf.h	ZR_CHECK	宏	zr_vm_core/include/zr_vm_core/conversion.h	在调试构建检查 core 前置条件	release 不求值断言条件；条件不得有副作用	zr_vm_common/include/zr_vm_common/zr_common_conf.h:110;zr_vm_core/include/zr_vm_core/conversion.h	no-comment	邻接注释明确 debug/release 差异
zr_vm_common/include/zr_vm_common/zr_common_conf.h	ZR_CHECK_EXP	宏	仅头内声明或预留协议编号	在调试构建检查 core 前置条件	release 不求值断言条件；条件不得有副作用	zr_vm_common/include/zr_vm_common/zr_common_conf.h:112	no-comment	邻接注释明确 debug/release 差异
zr_vm_common/include/zr_vm_common/zr_common_conf.h	ZR_COMPILER_CLANG	宏	zr_vm_common/include/zr_vm_common/zr_instruction_conf.h	统一各编译器的存储类、对齐或调用修饰	头文件跨编译器使用，ABI 相关定义须与工具链一致	zr_vm_common/include/zr_vm_common/zr_common_conf.h:115;zr_vm_common/include/zr_vm_common/zr_instruction_conf.h	no-comment	编译器条件分支已直接描述选择，已有 TLS 兼容性注释
zr_vm_common/include/zr_vm_common/zr_common_conf.h	ZR_COMPILER_GNU	宏	zr_vm_common/include/zr_vm_common/zr_instruction_conf.h	统一各编译器的存储类、对齐或调用修饰	头文件跨编译器使用，ABI 相关定义须与工具链一致	zr_vm_common/include/zr_vm_common/zr_common_conf.h:117;zr_vm_common/include/zr_vm_common/zr_instruction_conf.h	no-comment	编译器条件分支已直接描述选择，已有 TLS 兼容性注释
zr_vm_common/include/zr_vm_common/zr_common_conf.h	ZR_COMPILER_MSVC	宏	zr_vm_common/include/zr_vm_common/zr_ffi_contract.h	统一各编译器的存储类、对齐或调用修饰	头文件跨编译器使用，ABI 相关定义须与工具链一致	zr_vm_common/include/zr_vm_common/zr_common_conf.h:119;zr_vm_common/include/zr_vm_common/zr_ffi_contract.h	no-comment	编译器条件分支已直接描述选择，已有 TLS 兼容性注释
zr_vm_common/include/zr_vm_common/zr_common_conf.h	ZR_THREAD_LOCAL	宏	zr_vm_core/include/zr_vm_core/profile.h;zr_vm_library/src/zr_vm_library/native_binding/native_binding_dispatch.c;tests/harness/runtime_support.c	统一各编译器的存储类、对齐或调用修饰	头文件跨编译器使用，ABI 相关定义须与工具链一致	zr_vm_common/include/zr_vm_common/zr_common_conf.h:129;zr_vm_core/include/zr_vm_core/profile.h	no-comment	编译器条件分支已直接描述选择，已有 TLS 兼容性注释
zr_vm_common/include/zr_vm_common/zr_common_conf.h	ZR_STRUCT_ALIGN	宏	zr_vm_core/include/zr_vm_core/call_info.h;zr_vm_library/include/zr_vm_library/common_state.h	统一各编译器的存储类、对齐或调用修饰	头文件跨编译器使用，ABI 相关定义须与工具链一致	zr_vm_common/include/zr_vm_common/zr_common_conf.h:144;zr_vm_core/include/zr_vm_core/call_info.h	no-comment	编译器条件分支已直接描述选择，已有 TLS 兼容性注释
zr_vm_common/include/zr_vm_common/zr_common_conf.h	ZR_ALIGN_SIZE	宏	zr_vm_parser/src/zr_vm_parser/compiler/compiler_extern_declaration.c;zr_vm_core/include/zr_vm_core/raw_object.h;tests/acceptance/2026-06-17-metadata-token-p0.md	统一各编译器的存储类、对齐或调用修饰	头文件跨编译器使用，ABI 相关定义须与工具链一致	zr_vm_common/include/zr_vm_common/zr_common_conf.h:145;zr_vm_parser/src/zr_vm_parser/compiler/compiler_extern_declaration.c	no-comment	编译器条件分支已直接描述选择，已有 TLS 兼容性注释
zr_vm_common/include/zr_vm_common/zr_common_conf.h	ZR_FORCE_INLINE	宏	zr_vm_parser/include/zr_vm_parser/semantic_value_facts.h;zr_vm_core/include/zr_vm_core/array.h;zr_vm_library/include/zr_vm_library/aot_runtime.h	统一各编译器的存储类、对齐或调用修饰	头文件跨编译器使用，ABI 相关定义须与工具链一致	zr_vm_common/include/zr_vm_common/zr_common_conf.h:146;zr_vm_parser/include/zr_vm_parser/semantic_value_facts.h	no-comment	编译器条件分支已直接描述选择，已有 TLS 兼容性注释
zr_vm_common/include/zr_vm_common/zr_common_conf.h	ZR_NO_RETURN	宏	zr_vm_core/include/zr_vm_core/debug.h;zr_vm_library/include/zr_vm_library/native_binding.h;tests/acceptance/2026-07-26-syntax-55-status-records-review.md	统一各编译器的存储类、对齐或调用修饰	头文件跨编译器使用，ABI 相关定义须与工具链一致	zr_vm_common/include/zr_vm_common/zr_common_conf.h:147;zr_vm_core/include/zr_vm_core/debug.h	no-comment	编译器条件分支已直接描述选择，已有 TLS 兼容性注释
zr_vm_common/include/zr_vm_common/zr_common_conf.h	ZR_FAST_CALL	宏	仅头内声明或预留协议编号	统一各编译器的存储类、对齐或调用修饰	头文件跨编译器使用，ABI 相关定义须与工具链一致	zr_vm_common/include/zr_vm_common/zr_common_conf.h:148	no-comment	编译器条件分支已直接描述选择，已有 TLS 兼容性注释
zr_vm_common/include/zr_vm_common/zr_common_conf.h	ZR_IN	宏	仅头内声明或预留协议编号	在公共 C 声明中保留输入/输出参数方向标记	当前为空宏，方向含义供文档和调用约定，不参与运行时检查	zr_vm_common/include/zr_vm_common/zr_common_conf.h:173	no-comment	基础宏名称与直接使用处足以说明用途
zr_vm_common/include/zr_vm_common/zr_common_conf.h	ZR_OUT	宏	zr_vm_parser/src/zr_vm_parser/compiler/module_init_analysis.c;zr_vm_core/include/zr_vm_core/io.h;zr_vm_library/include/zr_vm_library/file.h	在公共 C 声明中保留输入/输出参数方向标记	当前为空宏，方向含义供文档和调用约定，不参与运行时检查	zr_vm_common/include/zr_vm_common/zr_common_conf.h:174;zr_vm_parser/src/zr_vm_parser/compiler/module_init_analysis.c	no-comment	基础宏名称与直接使用处足以说明用途
zr_vm_common/include/zr_vm_common/zr_common_conf.h	ZR_INOUT	宏	仅头内声明或预留协议编号	在公共 C 声明中保留输入/输出参数方向标记	当前为空宏，方向含义供文档和调用约定，不参与运行时检查	zr_vm_common/include/zr_vm_common/zr_common_conf.h:175	no-comment	基础宏名称与直接使用处足以说明用途
zr_vm_common/include/zr_vm_common/zr_common_conf.h	FZrAllocator	类型	zr_vm_core/include/zr_vm_core/global.h	由宿主注入内存分配/重分配回调供 core 统一使用	旧块、原大小、新大小及类别成组传递；返回块的所有权按 caller 协议	zr_vm_common/include/zr_vm_common/zr_common_conf.h:180;zr_vm_core/include/zr_vm_core/global.h	commented	基础类型组注释或声明签名已给出确切语义
zr_vm_common/include/zr_vm_common/zr_common_conf.h	TZrExceptionLongJump	类型	zr_vm_core/include/zr_vm_core/exception.h	为 core 异常非局部跳转保存 jmp_buf 上下文	只能在有效栈帧生命周期内恢复	zr_vm_common/include/zr_vm_common/zr_common_conf.h:183;zr_vm_core/include/zr_vm_core/exception.h	no-comment	基础类型组注释或声明签名已给出确切语义
zr_vm_common/include/zr_vm_common/zr_common_conf.h	TZrDebugSignal	类型	zr_vm_core/include/zr_vm_core/call_info.h;tests/core/test_execution_dispatch_callable_metadata.c;tests/module/test_reflection_dynamic_generic_instance_interpreter.h	保存异步信号处理与调试停机之间可安全读写的标记类型	只能传递 sig_atomic_t 可表示的状态，不可替代完整事件载荷	zr_vm_common/include/zr_vm_common/zr_common_conf.h:186;zr_vm_core/include/zr_vm_core/call_info.h	no-comment	基础类型组注释或声明签名已给出确切语义
zr_vm_common/include/zr_vm_common/zr_common_conf.h	ZR_DEBUG_SIGNAL_NONE	宏	zr_vm_core/src/zr_vm_core/debug.c;tests/core/test_execution_dispatch_callable_metadata.c;tests/module/test_reflection_dynamic_generic_instance_interpreter.h	区分无信号、单步陷阱及断点调试通知	信号处理和主执行线程按同一状态编码解释	zr_vm_common/include/zr_vm_common/zr_common_conf.h:187;zr_vm_core/src/zr_vm_core/debug.c	no-comment	调试配置组注释已解释开关成本与一致性
zr_vm_common/include/zr_vm_common/zr_common_conf.h	ZR_DEBUG_SIGNAL_TRAP	宏	仅头内声明或预留协议编号	区分无信号、单步陷阱及断点调试通知	信号处理和主执行线程按同一状态编码解释	zr_vm_common/include/zr_vm_common/zr_common_conf.h:188	no-comment	调试配置组注释已解释开关成本与一致性
zr_vm_common/include/zr_vm_common/zr_common_conf.h	ZR_DEBUG_SIGNAL_BREAKPOINT	宏	仅头内声明或预留协议编号	区分无信号、单步陷阱及断点调试通知	信号处理和主执行线程按同一状态编码解释	zr_vm_common/include/zr_vm_common/zr_common_conf.h:189	no-comment	调试配置组注释已解释开关成本与一致性
zr_vm_common/include/zr_vm_common/zr_common_conf.h	ZR_LIKELY	宏	zr_vm_core/include/zr_vm_core/hash_set.h	向支持的编译器传递热/冷分支提示	非 GNU 编译器退化为原条件，语义须相同	zr_vm_common/include/zr_vm_common/zr_common_conf.h:194;zr_vm_core/include/zr_vm_core/hash_set.h	no-comment	条件编译分支直观且同组用途明确
zr_vm_common/include/zr_vm_common/zr_common_conf.h	ZR_UNLIKELY	宏	zr_vm_core/include/zr_vm_core/math.h;tests/acceptance/2026-04-21-w1-t7-t8-existing-pair-slow-lane.md;tests/parser/test_aot_c_source_contracts.c	向支持的编译器传递热/冷分支提示	非 GNU 编译器退化为原条件，语义须相同	zr_vm_common/include/zr_vm_common/zr_common_conf.h:195;zr_vm_core/include/zr_vm_core/math.h	no-comment	条件编译分支直观且同组用途明确
zr_vm_common/include/zr_vm_common/zr_common_conf.h	ZR_ABORT	宏	zr_vm_core/src/zr_vm_core/debug.c;tests/acceptance/crash-recovery-validation.md;zr_vm_lib_testing/src/zr_vm_lib_testing/runtime/assertions.c	在不可恢复的内部前置条件失败时终止进程	不会返回；调用点必须先完成必要诊断和资源策略	zr_vm_common/include/zr_vm_common/zr_common_conf.h:201;zr_vm_core/src/zr_vm_core/debug.c	no-comment	基础宏名称与直接使用处足以说明用途
zr_vm_common/include/zr_vm_common/zr_common_conf.h	ZR_MACRO_REGISTER_WRAP	宏	zr_vm_common/include/zr_vm_common/zr_instruction_conf.h	把宏生成的注册片段包在调用方提供的起止包装中	参数展开顺序由预处理器决定；不得传入带副作用表达式	zr_vm_common/include/zr_vm_common/zr_common_conf.h:205;zr_vm_common/include/zr_vm_common/zr_instruction_conf.h	no-comment	基础宏名称与直接使用处足以说明用途
zr_vm_common/include/zr_vm_common/zr_constant_reference_conf.h	ZR_CONSTANT_REFERENCE_CONF_H	宏	预处理器 include guard	阻止公共头重复展开	预处理器保护；无运行时状态	zr_vm_common/include/zr_vm_common/zr_constant_reference_conf.h:6	no-comment	普通 include guard；无需重复说明
zr_vm_common/include/zr_vm_common/zr_constant_reference_conf.h	EZrConstantReferenceStepType	类型	zr_vm_parser/src/zr_vm_parser/compiler/compiler_locals.c;zr_vm_core/src/zr_vm_core/constant_reference.c	让编译器以路径步骤记录常量来源，运行时沿父子路径解析	带符号步骤被编码到 uint32，须用配对宏还原	zr_vm_common/include/zr_vm_common/zr_constant_reference_conf.h:12	commented	类型已有 Doxygen 说明跨层目的
zr_vm_common/include/zr_vm_common/zr_constant_reference_conf.h	ZR_CONSTANT_REF_STEP_TO_UINT32	宏	zr_vm_parser/src/zr_vm_parser/compiler/compiler_locals.c	在有符号路径标签与无符号存储之间往返转换	编码和解码必须配对使用；负值保留其位模式	zr_vm_common/include/zr_vm_common/zr_constant_reference_conf.h:21;zr_vm_parser/src/zr_vm_parser/compiler/compiler_locals.c	no-comment	枚举 Doxygen 已说明负标签与持久化转换
zr_vm_common/include/zr_vm_common/zr_constant_reference_conf.h	ZR_CONSTANT_REF_STEP_FROM_UINT32	宏	仅头内声明或预留协议编号	在有符号路径标签与无符号存储之间往返转换	编码和解码必须配对使用；负值保留其位模式	zr_vm_common/include/zr_vm_common/zr_constant_reference_conf.h:22	no-comment	枚举 Doxygen 已说明负标签与持久化转换
zr_vm_common/include/zr_vm_common/zr_contract_conf.h	ZR_VM_COMMON_ZR_CONTRACT_CONF_H	宏	预处理器 include guard	阻止公共头重复展开	预处理器保护；无运行时状态	zr_vm_common/include/zr_vm_common/zr_contract_conf.h:6	no-comment	普通 include guard；无需重复说明
zr_vm_common/include/zr_vm_common/zr_contract_conf.h	ZR_TYPE_MODIFIER_FLAG_RESOURCE	宏	zr_vm_parser/include/zr_vm_parser/ast.h;zr_vm_core/src/zr_vm_core/exec_ir/exec_ir_materialize_objects.c;tests/core/test_gc_domain_bridge.c	在类型元数据中编码资源、开放泛型或仅布局导入修饰	这些是位标志，不可当互斥枚举	zr_vm_common/include/zr_vm_common/zr_contract_conf.h:10;zr_vm_parser/include/zr_vm_parser/ast.h	no-comment	标志名和跨 parser/core 消费点足以界定用途
zr_vm_common/include/zr_vm_common/zr_contract_conf.h	ZR_TYPE_MODIFIER_FLAG_OPEN_GENERIC	宏	zr_vm_parser/src/zr_vm_parser/compiler/compiler_class.c;zr_vm_core/src/zr_vm_core/reflection.c	在类型元数据中编码资源、开放泛型或仅布局导入修饰	这些是位标志，不可当互斥枚举	zr_vm_common/include/zr_vm_common/zr_contract_conf.h:11;zr_vm_parser/src/zr_vm_parser/compiler/compiler_class.c	no-comment	标志名和跨 parser/core 消费点足以界定用途
zr_vm_common/include/zr_vm_common/zr_contract_conf.h	ZR_TYPE_MODIFIER_FLAG_IMPORTED_LAYOUT_ONLY	宏	zr_vm_parser/src/zr_vm_parser/compiler.c;zr_vm_core/src/zr_vm_core/module/module_prototype.c;tests/parser/test_span_core.c	在类型元数据中编码资源、开放泛型或仅布局导入修饰	这些是位标志，不可当互斥枚举	zr_vm_common/include/zr_vm_common/zr_contract_conf.h:12;zr_vm_parser/src/zr_vm_parser/compiler.c	no-comment	标志名和跨 parser/core 消费点足以界定用途
zr_vm_common/include/zr_vm_common/zr_contract_conf.h	EZrMemberContractRole	类型	zr_vm_parser/include/zr_vm_parser/compiler.h;zr_vm_core/include/zr_vm_core/constant_reference.h;zr_vm_library/src/zr_vm_library/native_binding/native_binding_metadata.c	让编译器发出稳定成员角色并由 library/core 按角色绑定内建协议	编号跨模块传播，不可按名称猜测或重排	zr_vm_common/include/zr_vm_common/zr_contract_conf.h:15;zr_vm_parser/include/zr_vm_parser/compiler.h	commented	类型已有 Doxygen 说明跨层目的
zr_vm_common/include/zr_vm_common/zr_contract_conf.h	EZrProviderContractRole	类型	zr_vm_library/include/zr_vm_library/native_binding.h;tests/library/test_official_provider_convergence.c	让官方 provider 在注册及发现阶段声明其能力类别	能力角色与模块显示名分开匹配	zr_vm_common/include/zr_vm_common/zr_contract_conf.h:50;zr_vm_library/include/zr_vm_library/native_binding.h	commented	类型已有 Doxygen 说明跨层目的
zr_vm_common/include/zr_vm_common/zr_contract_conf.h	EZrCanonicalTypeRole	类型	zr_vm_parser/src/zr_vm_parser/type_inference/type_inference_reflection_surface.c;zr_vm_library/include/zr_vm_library/native_binding.h	对齐 parser 推断、native descriptor 与反射中的规范类型角色	角色值是跨 provider 编号，扩展时须保持既有值	zr_vm_common/include/zr_vm_common/zr_contract_conf.h:57;zr_vm_parser/src/zr_vm_parser/type_inference/type_inference_reflection_surface.c	commented	类型已有 Doxygen 说明跨层目的
zr_vm_common/include/zr_vm_common/zr_contract_conf.h	EZrCanonicalTypeSurfaceFlag	类型	zr_vm_library/include/zr_vm_library/native_binding.h;zr_vm_parser/src/zr_vm_parser/type_inference/type_inference_reflection_surface.c	以位集标出规范类型公开的元数据和构造能力	多个 surface 可组合，不能按互斥 enum 索引	zr_vm_common/include/zr_vm_common/zr_contract_conf.h:82	commented	类型已有 Doxygen 说明跨层目的
zr_vm_common/include/zr_vm_common/zr_contract_conf.h	EZrCanonicalTypeProjectionKind	类型	zr_vm_parser/src/zr_vm_parser/type_inference/type_inference_reflection_surface.c;zr_vm_library/include/zr_vm_library/native_binding.h	告诉反射/类型推断应生成类、接口、结构或擦除视图	投影种类由解析方解释，不是运行时对象标签	zr_vm_common/include/zr_vm_common/zr_contract_conf.h:92;zr_vm_parser/src/zr_vm_parser/type_inference/type_inference_reflection_surface.c	commented	类型已有 Doxygen 说明跨层目的
zr_vm_common/include/zr_vm_common/zr_debug_conf.h	ZR_DEBUG_CONF_H	宏	预处理器 include guard	阻止公共头重复展开	预处理器保护；无运行时状态	zr_vm_common/include/zr_vm_common/zr_debug_conf.h:6	no-comment	普通 include guard；无需重复说明
zr_vm_common/include/zr_vm_common/zr_debug_conf.h	ZR_DEBUG_MAX_FIELDS	宏	zr_vm_core/src/zr_vm_core/debug.c	限定调试字段数量或启用可选运行时检查	检查开关须在编译单元间一致；默认关闭	zr_vm_common/include/zr_vm_common/zr_debug_conf.h:11;zr_vm_core/src/zr_vm_core/debug.c	no-comment	调试配置组注释已解释开关成本与一致性
zr_vm_common/include/zr_vm_common/zr_debug_conf.h	ZR_DEBUG_SEARCH_THRESHOLD	宏	仅头内声明或预留协议编号	限定调试字段数量或启用可选运行时检查	检查开关须在编译单元间一致；默认关闭	zr_vm_common/include/zr_vm_common/zr_debug_conf.h:12	no-comment	调试配置组注释已解释开关成本与一致性
zr_vm_common/include/zr_vm_common/zr_debug_conf.h	ZR_ENABLE_RUNTIME_BOUNDS_CHECK	宏	zr_vm_core/src/zr_vm_core/state.c	限定调试字段数量或启用可选运行时检查	检查开关须在编译单元间一致；默认关闭	zr_vm_common/include/zr_vm_common/zr_debug_conf.h:18;zr_vm_core/src/zr_vm_core/state.c	commented	调试配置组注释已解释开关成本与一致性
zr_vm_common/include/zr_vm_common/zr_debug_conf.h	ZR_ENABLE_RUNTIME_TYPE_CHECK	宏	zr_vm_core/src/zr_vm_core/state.c	限定调试字段数量或启用可选运行时检查	检查开关须在编译单元间一致；默认关闭	zr_vm_common/include/zr_vm_common/zr_debug_conf.h:22;zr_vm_core/src/zr_vm_core/state.c	no-comment	调试配置组注释已解释开关成本与一致性
zr_vm_common/include/zr_vm_common/zr_debug_conf.h	ZR_ENABLE_RUNTIME_RANGE_CHECK	宏	zr_vm_core/src/zr_vm_core/state.c	限定调试字段数量或启用可选运行时检查	检查开关须在编译单元间一致；默认关闭	zr_vm_common/include/zr_vm_common/zr_debug_conf.h:26;zr_vm_core/src/zr_vm_core/state.c	no-comment	调试配置组注释已解释开关成本与一致性
zr_vm_common/include/zr_vm_common/zr_ffi_contract.h	EZrFfiAbi	类型	compiler_ffi_contract.c;ffi_runtime_contract.c	记录 C/system/stdcall 调用约定	由契约哈希与校验函数解释，调用方不得混用枚举值	zr_vm_common/include/zr_vm_common/zr_ffi_contract.h;zr_vm_parser/src/zr_vm_parser/compiler/compiler_ffi_contract.c	commented	已在声明或入口前说明调用目的和约束
zr_vm_common/include/zr_vm_common/zr_ffi_contract.h	EZrFfiCallableCallSiteMarker	类型	compiler_ffi_callable_contract.c;ZrCommon_FfiCallableParameterContract_Validate	要求源码调用点 ref/out 标记	由契约哈希与校验函数解释，调用方不得混用枚举值	zr_vm_common/include/zr_vm_common/zr_ffi_contract.h;zr_vm_parser/src/zr_vm_parser/compiler/compiler_ffi_callable_contract.c	commented	已在声明或入口前说明调用目的和约束
zr_vm_common/include/zr_vm_common/zr_ffi_contract.h	EZrFfiCallableEntryInitialization	类型	compiler_ffi_callable_contract.c;ZrCommon_FfiCallableParameterContract_Validate	表达调用前初始化条件	由契约哈希与校验函数解释，调用方不得混用枚举值	zr_vm_common/include/zr_vm_common/zr_ffi_contract.h;zr_vm_parser/src/zr_vm_parser/compiler/compiler_ffi_callable_contract.c	commented	已在声明或入口前说明调用目的和约束
zr_vm_common/include/zr_vm_common/zr_ffi_contract.h	EZrFfiCallableEscapeUpperBound	类型	compiler_ffi_callable_contract.c;ZrCommon_FfiCallableParameterContract_Validate	记录引用可逃逸范围	由契约哈希与校验函数解释，调用方不得混用枚举值	zr_vm_common/include/zr_vm_common/zr_ffi_contract.h;zr_vm_parser/src/zr_vm_parser/compiler/compiler_ffi_callable_contract.c	commented	已在声明或入口前说明调用目的和约束
zr_vm_common/include/zr_vm_common/zr_ffi_contract.h	EZrFfiCallableExitInitialization	类型	compiler_ffi_callable_contract.c;ZrCommon_FfiCallableParameterContract_Validate	表达调用后初始化保证	由契约哈希与校验函数解释，调用方不得混用枚举值	zr_vm_common/include/zr_vm_common/zr_ffi_contract.h;zr_vm_parser/src/zr_vm_parser/compiler/compiler_ffi_callable_contract.c	commented	已在声明或入口前说明调用目的和约束
zr_vm_common/include/zr_vm_common/zr_ffi_contract.h	EZrFfiCallablePassingForm	类型	compiler_ffi_callable_contract.c;ZrCommon_FfiCallableParameterContract_Validate	记录语言参数传递形态	由契约哈希与校验函数解释，调用方不得混用枚举值	zr_vm_common/include/zr_vm_common/zr_ffi_contract.h;zr_vm_parser/src/zr_vm_parser/compiler/compiler_ffi_callable_contract.c	commented	已在声明或入口前说明调用目的和约束
zr_vm_common/include/zr_vm_common/zr_ffi_contract.h	EZrFfiCallableReceiverEffect	类型	compiler_ffi_callable_contract.c;ZrCommon_FfiCallableContract_Validate	描述接收者可写性	由契约哈希与校验函数解释，调用方不得混用枚举值	zr_vm_common/include/zr_vm_common/zr_ffi_contract.h;zr_vm_parser/src/zr_vm_parser/compiler/compiler_ffi_callable_contract.c	commented	已在声明或入口前说明调用目的和约束
zr_vm_common/include/zr_vm_common/zr_ffi_contract.h	EZrFfiCallbackExceptionPolicy	类型	compiler_ffi_contract.c;ZrCommon_NativeImportContract_Validate	限定回调异常传播策略	由契约哈希与校验函数解释，调用方不得混用枚举值	zr_vm_common/include/zr_vm_common/zr_ffi_contract.h;zr_vm_parser/src/zr_vm_parser/compiler/compiler_ffi_contract.c	commented	已在声明或入口前说明调用目的和约束
zr_vm_common/include/zr_vm_common/zr_ffi_contract.h	EZrFfiCallbackLifetime	类型	compiler_ffi_contract.c;ZrCommon_NativeImportContract_Validate	限定回调存活期限	由契约哈希与校验函数解释，调用方不得混用枚举值	zr_vm_common/include/zr_vm_common/zr_ffi_contract.h;zr_vm_parser/src/zr_vm_parser/compiler/compiler_ffi_contract.c	commented	已在声明或入口前说明调用目的和约束
zr_vm_common/include/zr_vm_common/zr_ffi_contract.h	EZrFfiCallbackThreadPolicy	类型	compiler_ffi_contract.c;ZrCommon_NativeImportContract_Validate	限定回调线程	由契约哈希与校验函数解释，调用方不得混用枚举值	zr_vm_common/include/zr_vm_common/zr_ffi_contract.h;zr_vm_parser/src/zr_vm_parser/compiler/compiler_ffi_contract.c	commented	已在声明或入口前说明调用目的和约束
zr_vm_common/include/zr_vm_common/zr_ffi_contract.h	EZrFfiCharset	类型	compiler_ffi_contract.c;ffi_runtime_contract.c	选择文本编码约定	由契约哈希与校验函数解释，调用方不得混用枚举值	zr_vm_common/include/zr_vm_common/zr_ffi_contract.h;zr_vm_parser/src/zr_vm_parser/compiler/compiler_ffi_contract.c	commented	已在声明或入口前说明调用目的和约束
zr_vm_common/include/zr_vm_common/zr_ffi_contract.h	EZrFfiCleanupPolicy	类型	compiler_ffi_contract.c;ZrCommon_NativeImportContract_Validate	表达资源清理责任	由契约哈希与校验函数解释，调用方不得混用枚举值	zr_vm_common/include/zr_vm_common/zr_ffi_contract.h;zr_vm_parser/src/zr_vm_parser/compiler/compiler_ffi_contract.c	commented	已在声明或入口前说明调用目的和约束
zr_vm_common/include/zr_vm_common/zr_ffi_contract.h	EZrFfiDirection	类型	compiler_ffi_contract.c;ZrCommon_NativeImportContract_Validate	区分 in/ref/out 参数方向	由契约哈希与校验函数解释，调用方不得混用枚举值	zr_vm_common/include/zr_vm_common/zr_ffi_contract.h;zr_vm_parser/src/zr_vm_parser/compiler/compiler_ffi_contract.c	commented	已在声明或入口前说明调用目的和约束
zr_vm_common/include/zr_vm_common/zr_ffi_contract.h	EZrFfiErrorPolicy	类型	compiler_ffi_contract.c;ZrCommon_NativeImportContract_Validate	表达 native 错误翻译策略	由契约哈希与校验函数解释，调用方不得混用枚举值	zr_vm_common/include/zr_vm_common/zr_ffi_contract.h;zr_vm_parser/src/zr_vm_parser/compiler/compiler_ffi_contract.c	commented	已在声明或入口前说明调用目的和约束
zr_vm_common/include/zr_vm_common/zr_ffi_contract.h	EZrFfiMarshallingKind	类型	compiler_ffi_contract.c;ffi_runtime_contract.c	选择封送方式	由契约哈希与校验函数解释，调用方不得混用枚举值	zr_vm_common/include/zr_vm_common/zr_ffi_contract.h;zr_vm_parser/src/zr_vm_parser/compiler/compiler_ffi_contract.c	commented	已在声明或入口前说明调用目的和约束
zr_vm_common/include/zr_vm_common/zr_ffi_contract.h	EZrFfiParameterOwnership	类型	compiler_ffi_contract.c;ffi_runtime_contract.c	表达跨 native 边界所有权	由契约哈希与校验函数解释，调用方不得混用枚举值	zr_vm_common/include/zr_vm_common/zr_ffi_contract.h;zr_vm_parser/src/zr_vm_parser/compiler/compiler_ffi_contract.c	commented	已在声明或入口前说明调用目的和约束
zr_vm_common/include/zr_vm_common/zr_ffi_contract.h	EZrFfiTargetEndianness	类型	ZrCommon_FfiContract_ComputeTargetAbiHash;compiler_ffi_contract.c	把目标字节序纳入 ABI 身份	由契约哈希与校验函数解释，调用方不得混用枚举值	zr_vm_common/include/zr_vm_common/zr_ffi_contract.h;zr_vm_parser/src/zr_vm_parser/compiler/compiler_ffi_contract.c	commented	已在声明或入口前说明调用目的和约束
zr_vm_common/include/zr_vm_common/zr_ffi_contract.h	EZrFfiTypeKind	类型	compiler_ffi_contract.c;ffi_runtime_contract.c	限定可映射到 native ABI 的类型类别	由契约哈希与校验函数解释，调用方不得混用枚举值	zr_vm_common/include/zr_vm_common/zr_ffi_contract.h;zr_vm_parser/src/zr_vm_parser/compiler/compiler_ffi_contract.c	commented	已在声明或入口前说明调用目的和约束
zr_vm_common/include/zr_vm_common/zr_ffi_contract.h	SZrFfiAggregateFieldContract	类型	compiler_ffi_contract.c;ZrCommon_FfiTypeAggregateRange_Validate	记录聚合字段名、偏移及对齐	字段名必须 NUL 终止且范围位于容器内	zr_vm_common/include/zr_vm_common/zr_ffi_contract.h;zr_vm_parser/src/zr_vm_parser/compiler/compiler_ffi_contract.c	commented	已在声明或入口前说明调用目的和约束
zr_vm_common/include/zr_vm_common/zr_ffi_contract.h	SZrFfiCallableContract	类型	compiler_ffi_callable_contract.c;ZrCommon_FfiCallableContract_Validate	记录语言侧函数形态和副作用	哈希应与有效字段一致	zr_vm_common/include/zr_vm_common/zr_ffi_contract.h;zr_vm_parser/src/zr_vm_parser/compiler/compiler_ffi_callable_contract.c	commented	已在声明或入口前说明调用目的和约束
zr_vm_common/include/zr_vm_common/zr_ffi_contract.h	SZrFfiCallableParameterContract	类型	compiler_ffi_callable_contract.c;ZrCommon_FfiCallableParameterContract_Validate	记录语言参数借用与初始化关系	各传递形式有固定合法组合	zr_vm_common/include/zr_vm_common/zr_ffi_contract.h;zr_vm_parser/src/zr_vm_parser/compiler/compiler_ffi_callable_contract.c	commented	已在声明或入口前说明调用目的和约束
zr_vm_common/include/zr_vm_common/zr_ffi_contract.h	SZrFfiParameterContract	类型	compiler_ffi_contract.c;ffi_runtime_contract.c	连接参数类型与方向/封送/所有权	方向应与 callable 传递形式一致	zr_vm_common/include/zr_vm_common/zr_ffi_contract.h;zr_vm_parser/src/zr_vm_parser/compiler/compiler_ffi_contract.c	commented	已在声明或入口前说明调用目的和约束
zr_vm_common/include/zr_vm_common/zr_ffi_contract.h	SZrFfiSignatureContract	类型	compiler_ffi_contract.c;ZrCommon_FfiSignatureContract_ComputeHash	承载 native 目标 ABI 与完整函数签名	数量有固定上限且哈希覆盖有效字段	zr_vm_common/include/zr_vm_common/zr_ffi_contract.h;zr_vm_parser/src/zr_vm_parser/compiler/compiler_ffi_contract.c	commented	已在声明或入口前说明调用目的和约束
zr_vm_common/include/zr_vm_common/zr_ffi_contract.h	SZrFfiSourceMapping	类型	compiler_ffi_contract.c;ZrCommon_NativeImportContract_Validate	将导入契约错误映射到源文件	文档必须终止，起点不晚于终点	zr_vm_common/include/zr_vm_common/zr_ffi_contract.h;zr_vm_parser/src/zr_vm_parser/compiler/compiler_ffi_contract.c	commented	已在声明或入口前说明调用目的和约束
zr_vm_common/include/zr_vm_common/zr_ffi_contract.h	SZrFfiTypeContract	类型	compiler_ffi_contract.c;ffi_runtime_contract.c	记录类型布局与稳定身份	aggregateFieldStart/count 指向签名字段数组	zr_vm_common/include/zr_vm_common/zr_ffi_contract.h;zr_vm_parser/src/zr_vm_parser/compiler/compiler_ffi_contract.c	commented	已在声明或入口前说明调用目的和约束
zr_vm_common/include/zr_vm_common/zr_ffi_contract.h	SZrNativeImportContract	类型	compiler_ffi_contract.c;ffi_runtime_contract.c;aot_runtime.c	串起库标识、源位置、callable 和 native 签名	格式验证通过后还需动态解析库与符号	zr_vm_common/include/zr_vm_common/zr_ffi_contract.h;zr_vm_parser/src/zr_vm_parser/compiler/compiler_ffi_contract.c	commented	已在声明或入口前说明调用目的和约束
zr_vm_common/include/zr_vm_common/zr_ffi_contract.h	ZR_FFI_CALLABLE_EFFECT_*	宏组	compiler_ffi_callable_contract.c;ZrCommon_FfiCallableContract_Validate	编码 throws/async/generator 等语言效果	只允许掩码中的已知位	zr_vm_common/include/zr_vm_common/zr_ffi_contract.h;zr_vm_parser/src/zr_vm_parser/compiler/compiler_ffi_callable_contract.c	commented	已在声明或入口前说明调用目的和约束
zr_vm_common/include/zr_vm_common/zr_ffi_contract.h	ZR_FFI_CONTRACT_*_CAPACITY	宏组	compiler_ffi_contract.c;ZrCommon_NativeImportContract_Validate	约束标识符和源码映射文本缓冲区	写入需 NUL 终止，验证端确认	zr_vm_common/include/zr_vm_common/zr_ffi_contract.h;zr_vm_parser/src/zr_vm_parser/compiler/compiler_ffi_contract.c	commented	已在声明或入口前说明调用目的和约束
zr_vm_common/include/zr_vm_common/zr_ffi_contract.h	ZR_FFI_CONTRACT_ABI_MODEL_VERSION	宏	ZrCommon_FfiContract_ComputeTargetAbiHash	划分宿主 ABI 指纹算法版本	改变参与字段需升级	zr_vm_common/include/zr_vm_common/zr_ffi_contract.h;zr_vm_common/include/zr_vm_common/zr_ffi_contract.h	commented	已在声明或入口前说明调用目的和约束
zr_vm_common/include/zr_vm_common/zr_ffi_contract.h	ZR_FFI_CONTRACT_AVAILABILITY_*	宏组	compiler_ffi_contract.c;ffi_runtime_contract.c	标记 native 导入允许的操作系统集合	运行时按宿主平台核对	zr_vm_common/include/zr_vm_common/zr_ffi_contract.h;zr_vm_lib_ffi/src/zr_vm_lib_ffi/ffi_runtime/ffi_runtime_contract.c	commented	已在声明或入口前说明调用目的和约束
zr_vm_common/include/zr_vm_common/zr_ffi_contract.h	ZR_FFI_CONTRACT_CAPABILITY_FFI_RUNTIME	宏	compiler_ffi_contract.c;ZrCommon_NativeImportContract_Validate	将 native provider 的 FFI 能力位写入导入契约	缺少该位的契约不予接受	zr_vm_common/include/zr_vm_common/zr_ffi_contract.h;zr_vm_parser/src/zr_vm_parser/compiler/compiler_ffi_contract.c	commented	已在声明或入口前说明调用目的和约束
zr_vm_common/include/zr_vm_common/zr_ffi_contract.h	ZR_FFI_CONTRACT_FNV_*	宏组	ZrCommon_FfiContract_HashByte;ZrCommon_FfiCallableContract_ComputeHash	固定契约哈希的种子和乘数	产消端字节顺序相同	zr_vm_common/include/zr_vm_common/zr_ffi_contract.h;zr_vm_common/include/zr_vm_common/zr_ffi_contract.h	commented	已在声明或入口前说明调用目的和约束
zr_vm_common/include/zr_vm_common/zr_ffi_contract.h	ZR_FFI_CONTRACT_MAX_AGGREGATE_FIELDS	宏	compiler_ffi_contract.c;ZrCommon_FfiSignatureContract_ComputeHash	限制结构体/联合体展开字段数量	字段切片须在固定数组内	zr_vm_common/include/zr_vm_common/zr_ffi_contract.h;zr_vm_parser/src/zr_vm_parser/compiler/compiler_ffi_contract.c	commented	已在声明或入口前说明调用目的和约束
zr_vm_common/include/zr_vm_common/zr_ffi_contract.h	ZR_FFI_CONTRACT_MAX_IMPORTS_PER_FUNCTION	宏	zr_vm_core/src/zr_vm_core/io.c;zr_vm_core/src/zr_vm_core/io_runtime.c;tests/ffi/test_native_extern_contract.c	限制单个函数的导入契约数量	反序列化与运行时注册均验证上限	zr_vm_common/include/zr_vm_common/zr_ffi_contract.h;zr_vm_core/src/zr_vm_core/io.c;zr_vm_core/src/zr_vm_core/io_runtime.c	commented	已在声明或入口前说明调用目的和约束
zr_vm_common/include/zr_vm_common/zr_ffi_contract.h	ZR_FFI_CONTRACT_MAX_PARAMETERS	宏	compiler_ffi_contract.c;ZrCommon_NativeImportContract_Validate	固定签名与 callable 数组容量	参数计数不得超过 32	zr_vm_common/include/zr_vm_common/zr_ffi_contract.h;zr_vm_parser/src/zr_vm_parser/compiler/compiler_ffi_contract.c	commented	已在声明或入口前说明调用目的和约束
zr_vm_common/include/zr_vm_common/zr_ffi_contract.h	ZR_FFI_CONTRACT_SCHEMA_VERSION	宏	compiler_ffi_contract.c;ZrCommon_NativeImportContract_Validate	约束 native 导入序列化格式版本	产消两端一致	zr_vm_common/include/zr_vm_common/zr_ffi_contract.h;zr_vm_parser/src/zr_vm_parser/compiler/compiler_ffi_contract.c	commented	已在声明或入口前说明调用目的和约束
zr_vm_common/include/zr_vm_common/zr_ffi_contract.h	ZR_FFI_CONTRACT_TYPE_FLAG_*	宏组	compiler_ffi_contract.c;ZrCommon_FfiTypeContract_Validate	投影类型的布局和所有权特征	GC 引用和资源等标志禁止直接 FFI	zr_vm_common/include/zr_vm_common/zr_ffi_contract.h;zr_vm_parser/src/zr_vm_parser/compiler/compiler_ffi_contract.c	commented	已在声明或入口前说明调用目的和约束
zr_vm_common/include/zr_vm_common/zr_ffi_contract.h	ZrCommon_FfiCallableContract_ComputeHash	函数	compiler_ffi_callable_contract.c;ZrCommon_FfiCallableContract_Validate	重算语言 callable 身份供产消端比对	空指针或超量参数返回 0	zr_vm_common/include/zr_vm_common/zr_ffi_contract.h;zr_vm_parser/src/zr_vm_parser/compiler/compiler_ffi_contract.c	commented	已追溯 parser 生产端、验证器及运行时消费者
zr_vm_common/include/zr_vm_common/zr_ffi_contract.h	ZrCommon_FfiCallableContract_Validate	函数	ZrCommon_NativeImportContract_Validate	比对 callable 的字段合法性及哈希	参数数量不得超限	zr_vm_common/include/zr_vm_common/zr_ffi_contract.h;zr_vm_parser/src/zr_vm_parser/compiler/compiler_ffi_contract.c	commented	已追溯 parser 生产端、验证器及运行时消费者
zr_vm_common/include/zr_vm_common/zr_ffi_contract.h	ZrCommon_FfiCallableParameterContract_Validate	函数	ZrCommon_FfiCallableContract_Validate	限制每种语言参数传递形式的组合	类型哈希不能为零	zr_vm_common/include/zr_vm_common/zr_ffi_contract.h;zr_vm_parser/src/zr_vm_parser/compiler/compiler_ffi_contract.c	commented	已追溯 parser 生产端、验证器及运行时消费者
zr_vm_common/include/zr_vm_common/zr_ffi_contract.h	ZrCommon_FfiContract_ComputeTargetAbiHash	函数	compiler_ffi_contract.c;ZrCommon_NativeImportContract_Validate	为目标数据模型与调用约定生成指纹	目标三元组是可终止字符串	zr_vm_common/include/zr_vm_common/zr_ffi_contract.h;zr_vm_parser/src/zr_vm_parser/compiler/compiler_ffi_contract.c	commented	已追溯 parser 生产端、验证器及运行时消费者
zr_vm_common/include/zr_vm_common/zr_ffi_contract.h	ZrCommon_FfiContract_GetHostTargetTriple	函数	compiler_ffi_contract.c;ZrCommon_NativeImportContract_Validate	获取当前工具链描述的宿主目标	生成与运行时目标需一致	zr_vm_common/include/zr_vm_common/zr_ffi_contract.h;zr_vm_parser/src/zr_vm_parser/compiler/compiler_ffi_contract.c	commented	已追溯 parser 生产端、验证器及运行时消费者
zr_vm_common/include/zr_vm_common/zr_ffi_contract.h	ZrCommon_FfiContract_GetHostTargetTriple::ZR_FFI_HOST_ARCH	宏组	ZrCommon_FfiContract_GetHostTargetTriple;compiler_ffi_contract.c	在编译期固定宿主架构名称	未知架构回落 unknown，契约验证再与宿主比对	zr_vm_common/include/zr_vm_common/zr_ffi_contract.h;zr_vm_parser/src/zr_vm_parser/compiler/compiler_ffi_contract.c	no-comment	局部宏仅服务同一函数，函数注释已说明对外契约
zr_vm_common/include/zr_vm_common/zr_ffi_contract.h	ZrCommon_FfiContract_HashByte	函数	ZrCommon_FfiContract_HashU32;ZrCommon_FfiContract_HashText	对单字节进行 FNV 更新	调用方保持字段顺序不变	zr_vm_common/include/zr_vm_common/zr_ffi_contract.h;zr_vm_parser/src/zr_vm_parser/compiler/compiler_ffi_contract.c	commented	已追溯 parser 生产端、验证器及运行时消费者
zr_vm_common/include/zr_vm_common/zr_ffi_contract.h	ZrCommon_FfiContract_HashText	函数	ZrCommon_FfiSignatureContract_ComputeHash;ZrCommon_FfiContract_ComputeTargetAbiHash	纳入终止文本以区分目标三元组	调用方保证可终止	zr_vm_common/include/zr_vm_common/zr_ffi_contract.h;zr_vm_parser/src/zr_vm_parser/compiler/compiler_ffi_contract.c	commented	已追溯 parser 生产端、验证器及运行时消费者
zr_vm_common/include/zr_vm_common/zr_ffi_contract.h	ZrCommon_FfiContract_HashType	函数	ZrCommon_FfiSignatureContract_ComputeHash	纳入类型布局身份	调用方保证 type 有效	zr_vm_common/include/zr_vm_common/zr_ffi_contract.h;zr_vm_parser/src/zr_vm_parser/compiler/compiler_ffi_contract.c	commented	已追溯 parser 生产端、验证器及运行时消费者
zr_vm_common/include/zr_vm_common/zr_ffi_contract.h	ZrCommon_FfiContract_HashU32	函数	ZrCommon_FfiCallableContract_ComputeHash;ZrCommon_FfiContract_ComputeTargetAbiHash	按固定字节顺序编码 32 位字段	不直接哈希宿主内存表示	zr_vm_common/include/zr_vm_common/zr_ffi_contract.h;zr_vm_parser/src/zr_vm_parser/compiler/compiler_ffi_contract.c	commented	已追溯 parser 生产端、验证器及运行时消费者
zr_vm_common/include/zr_vm_common/zr_ffi_contract.h	ZrCommon_FfiContract_HashU64	函数	ZrCommon_FfiCallableContract_ComputeHash;ZrCommon_FfiSignatureContract_ComputeHash	按固定字节顺序编码 64 位字段	不直接哈希宿主内存表示	zr_vm_common/include/zr_vm_common/zr_ffi_contract.h;zr_vm_parser/src/zr_vm_parser/compiler/compiler_ffi_contract.c	commented	已追溯 parser 生产端、验证器及运行时消费者
zr_vm_common/include/zr_vm_common/zr_ffi_contract.h	ZrCommon_FfiReturnCodeType_Validate	函数	ZrCommon_NativeImportContract_Validate	限制 return-code 策略可处理的返回类型	仅标量整数、布尔或枚举	zr_vm_common/include/zr_vm_common/zr_ffi_contract.h;zr_vm_parser/src/zr_vm_parser/compiler/compiler_ffi_contract.c	commented	已追溯 parser 生产端、验证器及运行时消费者
zr_vm_common/include/zr_vm_common/zr_ffi_contract.h	ZrCommon_FfiSignatureContract_ComputeHash	函数	compiler_ffi_contract.c;ZrCommon_NativeImportContract_Validate	为 native 签名与聚合布局计算指纹	计数受限但独立入口未检查 targetTriple 终止	zr_vm_common/include/zr_vm_common/zr_ffi_contract.h;zr_vm_parser/src/zr_vm_parser/compiler/compiler_ffi_contract.c	TODO	目标文本未终止时独立调用可能越界，现有复合验证先检查 NUL，需明确独立 API 契约
zr_vm_common/include/zr_vm_common/zr_ffi_contract.h	ZrCommon_FfiTypeAggregateRange_Validate	函数	ZrCommon_NativeImportContract_Validate	核对聚合字段切片和字段边界	先经过基本类型校验	zr_vm_common/include/zr_vm_common/zr_ffi_contract.h;zr_vm_parser/src/zr_vm_parser/compiler/compiler_ffi_contract.c	commented	已追溯 parser 生产端、验证器及运行时消费者
zr_vm_common/include/zr_vm_common/zr_ffi_contract.h	ZrCommon_FfiTypeContract_Validate	函数	ZrCommon_NativeImportContract_Validate	过滤无效类型布局或禁止的所有权位	allowVoid 仅用于返回值	zr_vm_common/include/zr_vm_common/zr_ffi_contract.h;zr_vm_parser/src/zr_vm_parser/compiler/compiler_ffi_contract.c	commented	已追溯 parser 生产端、验证器及运行时消费者
zr_vm_common/include/zr_vm_common/zr_ffi_contract.h	ZrCommon_NativeImportContract_Validate	函数	compiler_ffi_contract.c;ffi_runtime_contract.c;aot_runtime.c	进入动态链接前复核格式、宿主 ABI 和签名	不保证库或符号实际存在	zr_vm_common/include/zr_vm_common/zr_ffi_contract.h;zr_vm_lib_ffi/src/zr_vm_lib_ffi/ffi_runtime/ffi_runtime_contract.c	commented	已追溯 parser 生产端、验证器及运行时消费者
zr_vm_common/include/zr_vm_common/zr_gc_internal_conf.h	ZR_GC_INTERNAL_CONF_H	宏	预处理器 include guard	防止公共头在同一编译单元中重复定义	只参与预处理；不构成运行时 API	zr_vm_common/include/zr_vm_common/zr_gc_internal_conf.h:6	no-comment	普通 include guard；无需逐个注释
zr_vm_common/include/zr_vm_common/zr_gc_internal_conf.h	ZR_GC_WORK_TO_MEMORY_BYTES	macro	zr_vm_core/src/zr_vm_core/gc/gc.c:836	GC 将分配债务、扫描工作和 finalizer 工作折算成预算。	safepoint 工作量、债务单位和 finalizer 批量须配套。	zr_vm_common/include/zr_vm_common/zr_gc_internal_conf.h:11; zr_vm_core/src/zr_vm_core/gc/gc.c:836	commented	已有按调用链核对的分组或类型注释；逐项记录消费方。
zr_vm_common/include/zr_vm_common/zr_gc_internal_conf.h	ZR_GC_SWEEP_SLICE_BUDGET_MAX	macro	zr_vm_core/src/zr_vm_core/gc/gc_cycle.c:3149	GC 将分配债务、扫描工作和 finalizer 工作折算成预算。	safepoint 工作量、债务单位和 finalizer 批量须配套。	zr_vm_common/include/zr_vm_common/zr_gc_internal_conf.h:12; zr_vm_core/src/zr_vm_core/gc/gc_cycle.c:3149	commented	已有按调用链核对的分组或类型注释；逐项记录消费方。
zr_vm_common/include/zr_vm_common/zr_gc_internal_conf.h	ZR_GC_DEFAULT_PAUSE_BUDGET	macro	zr_vm_core/src/zr_vm_core/gc/gc.c:387	GC 将分配债务、扫描工作和 finalizer 工作折算成预算。	safepoint 工作量、债务单位和 finalizer 批量须配套。	zr_vm_common/include/zr_vm_common/zr_gc_internal_conf.h:13; zr_vm_core/src/zr_vm_core/gc/gc.c:387	commented	已有按调用链核对的分组或类型注释；逐项记录消费方。
zr_vm_common/include/zr_vm_common/zr_gc_internal_conf.h	ZR_GC_DEFAULT_SWEEP_SLICE_BUDGET	macro	zr_vm_core/src/zr_vm_core/gc/gc.c:388	GC 将分配债务、扫描工作和 finalizer 工作折算成预算。	safepoint 工作量、债务单位和 finalizer 批量须配套。	zr_vm_common/include/zr_vm_common/zr_gc_internal_conf.h:14; zr_vm_core/src/zr_vm_core/gc/gc.c:388	commented	已有按调用链核对的分组或类型注释；逐项记录消费方。
zr_vm_common/include/zr_vm_common/zr_gc_internal_conf.h	ZR_GC_FINALIZER_BATCH_MAX	macro	zr_vm_core/src/zr_vm_core/gc/gc_cycle.c:2989	GC 将分配债务、扫描工作和 finalizer 工作折算成预算。	safepoint 工作量、债务单位和 finalizer 批量须配套。	zr_vm_common/include/zr_vm_common/zr_gc_internal_conf.h:15; zr_vm_core/src/zr_vm_core/gc/gc_cycle.c:2989	commented	已有按调用链核对的分组或类型注释；逐项记录消费方。
zr_vm_common/include/zr_vm_common/zr_gc_internal_conf.h	ZR_GC_FINALIZER_WORK_COST	macro	zr_vm_core/src/zr_vm_core/gc/gc_sweep.c:93	GC 将分配债务、扫描工作和 finalizer 工作折算成预算。	safepoint 工作量、债务单位和 finalizer 批量须配套。	zr_vm_common/include/zr_vm_common/zr_gc_internal_conf.h:16; zr_vm_core/src/zr_vm_core/gc/gc_sweep.c:93	commented	已有按调用链核对的分组或类型注释；逐项记录消费方。
zr_vm_common/include/zr_vm_common/zr_gc_internal_conf.h	ZR_GC_DEBT_CREDIT_BYTES	macro	zr_vm_core/src/zr_vm_core/gc/gc.c:348; zr_vm_core/src/zr_vm_core/gc/gc_cycle.c:3253	GC 将分配债务、扫描工作和 finalizer 工作折算成预算。	safepoint 工作量、债务单位和 finalizer 批量须配套。	zr_vm_common/include/zr_vm_common/zr_gc_internal_conf.h:17; zr_vm_core/src/zr_vm_core/gc/gc.c:348; zr_vm_core/src/zr_vm_core/gc/gc_cycle.c:3253	commented	已有按调用链核对的分组或类型注释；逐项记录消费方。
zr_vm_common/include/zr_vm_common/zr_gc_internal_conf.h	ZR_GC_MANAGED_MEMORY_DRIFT_TOLERANCE_DIVISOR	macro	zr_vm_core/src/zr_vm_core/gc/gc_cycle.c:407	GC 将分配债务、扫描工作和 finalizer 工作折算成预算。	safepoint 工作量、债务单位和 finalizer 批量须配套。	zr_vm_common/include/zr_vm_common/zr_gc_internal_conf.h:18; zr_vm_core/src/zr_vm_core/gc/gc_cycle.c:407	commented	已有按调用链核对的分组或类型注释；逐项记录消费方。
zr_vm_common/include/zr_vm_common/zr_gc_internal_conf.h	ZR_GC_PROPAGATE_ALL_ITERATION_LIMIT	macro	tests/gc/gc_tests.c:2638	GC 周期或退出路径的迭代防护预算。	触发上限后需检查阶段是否仍能推进。	zr_vm_common/include/zr_vm_common/zr_gc_internal_conf.h:22; tests/gc/gc_tests.c:2638	commented	仅 tests/gc/gc_tests.c 构造长链使用；注释已明确测试用途。
zr_vm_common/include/zr_vm_common/zr_gc_internal_conf.h	ZR_GC_RUN_UNTIL_STATE_ITERATION_LIMIT	macro	zr_vm_core/src/zr_vm_core/gc/gc_cycle.c:378	GC 周期或退出路径的迭代防护预算。	触发上限后需检查阶段是否仍能推进。	zr_vm_common/include/zr_vm_common/zr_gc_internal_conf.h:23; zr_vm_core/src/zr_vm_core/gc/gc_cycle.c:378	commented	已有按调用链核对的分组或类型注释；逐项记录消费方。
zr_vm_common/include/zr_vm_common/zr_gc_internal_conf.h	ZR_GC_GENERATIONAL_FULL_SWEEP_ITERATION_LIMIT	macro	zr_vm_core/src/zr_vm_core/gc/gc_cycle.c:2935	GC 周期或退出路径的迭代防护预算。	触发上限后需检查阶段是否仍能推进。	zr_vm_common/include/zr_vm_common/zr_gc_internal_conf.h:24; zr_vm_core/src/zr_vm_core/gc/gc_cycle.c:2935	commented	已有按调用链核对的分组或类型注释；逐项记录消费方。
zr_vm_common/include/zr_vm_common/zr_gc_internal_conf.h	ZR_GC_SHUTDOWN_FULL_COLLECTION_ITERATION_LIMIT	macro	zr_vm_core/src/zr_vm_core/gc/gc.c:505	GC 周期或退出路径的迭代防护预算。	触发上限后需检查阶段是否仍能推进。	zr_vm_common/include/zr_vm_common/zr_gc_internal_conf.h:25; zr_vm_core/src/zr_vm_core/gc/gc.c:505	commented	已有按调用链核对的分组或类型注释；逐项记录消费方。
zr_vm_common/include/zr_vm_common/zr_hash_conf.h	ZR_HASH_CONF_H	宏	预处理器 include guard	阻止公共头重复展开	预处理器保护；无运行时状态	zr_vm_common/include/zr_vm_common/zr_hash_conf.h:6	no-comment	普通 include guard；无需重复说明
zr_vm_common/include/zr_vm_common/zr_hash_conf.h	ZR_STABLE_HASH_FILE_CHUNK_BUFFER_LENGTH	宏	zr_vm_library/src/zr_vm_library/aot_runtime.c;zr_vm_cli/src/zr_vm_cli/compiler/compiler.c;tests/ffi/test_native_extern_contract.c	为文件和元数据身份提供跨进程稳定哈希参数	持久化键依赖常量稳定；缓冲区长度仍由调用方检查	zr_vm_common/include/zr_vm_common/zr_hash_conf.h:10;zr_vm_library/src/zr_vm_library/aot_runtime.c	commented	同组稳定散列契约已说明，具体参数直接可见
zr_vm_common/include/zr_vm_common/zr_hash_conf.h	ZR_STABLE_HASH_HEX_BUFFER_LENGTH	宏	zr_vm_library/src/zr_vm_library/aot_runtime.c;zr_vm_cli/include/zr_vm_cli/conf.h;tests/ffi/test_native_extern_contract.c	为文件/模块摘要提供十六进制文本缓存	调用方须区分数据长度和末尾 NUL；需按具体写入 API 检查容量	zr_vm_common/include/zr_vm_common/zr_hash_conf.h:11;zr_vm_library/src/zr_vm_library/aot_runtime.c	no-comment	同组稳定散列契约已说明，具体参数直接可见
zr_vm_common/include/zr_vm_common/zr_hash_conf.h	ZR_STABLE_HASH_HEX_PRINTF_FORMAT	宏	zr_vm_library/src/zr_vm_library/aot_runtime.c;zr_vm_cli/src/zr_vm_cli/project/project.c;tests/ffi/test_native_extern_contract.c	为文件和元数据身份提供跨进程稳定哈希参数	持久化键依赖常量稳定；缓冲区长度仍由调用方检查	zr_vm_common/include/zr_vm_common/zr_hash_conf.h:12;zr_vm_library/src/zr_vm_library/aot_runtime.c	no-comment	同组稳定散列契约已说明，具体参数直接可见
zr_vm_common/include/zr_vm_common/zr_hash_conf.h	ZR_STABLE_HASH_FNV1A64_OFFSET_BASIS	宏	zr_vm_library/src/zr_vm_library/aot_runtime.c;zr_vm_cli/src/zr_vm_cli/compiler/compiler.c;tests/ffi/test_native_extern_contract.c	为文件和元数据身份提供跨进程稳定哈希参数	持久化键依赖常量稳定；缓冲区长度仍由调用方检查	zr_vm_common/include/zr_vm_common/zr_hash_conf.h:14;zr_vm_library/src/zr_vm_library/aot_runtime.c	no-comment	同组稳定散列契约已说明，具体参数直接可见
zr_vm_common/include/zr_vm_common/zr_hash_conf.h	ZR_STABLE_HASH_FNV1A64_PRIME	宏	zr_vm_library/src/zr_vm_library/aot_runtime.c;zr_vm_cli/src/zr_vm_cli/compiler/compiler.c;tests/ffi/test_native_extern_contract.c	为文件和元数据身份提供跨进程稳定哈希参数	持久化键依赖常量稳定；缓冲区长度仍由调用方检查	zr_vm_common/include/zr_vm_common/zr_hash_conf.h:15;zr_vm_library/src/zr_vm_library/aot_runtime.c	no-comment	同组稳定散列契约已说明，具体参数直接可见
zr_vm_common/include/zr_vm_common/zr_hash_conf.h	ZR_RUNTIME_REFLECTION_MEMBER_HASH_BASE	宏	zr_vm_core/src/zr_vm_core/reflection.c	为反射成员或方法身份提供不同起始偏移；最终哈希还结合 owner 与类别	偏移本身不保证无碰撞，消费者须按完整身份处理	zr_vm_common/include/zr_vm_common/zr_hash_conf.h:18;zr_vm_core/src/zr_vm_core/reflection.c	commented	邻接注释已说明两个键域的关系
zr_vm_common/include/zr_vm_common/zr_hash_conf.h	ZR_RUNTIME_REFLECTION_METHOD_HASH_BASE	宏	zr_vm_core/src/zr_vm_core/reflection.c	为反射成员或方法身份提供不同起始偏移；最终哈希还结合 owner 与类别	偏移本身不保证无碰撞，消费者须按完整身份处理	zr_vm_common/include/zr_vm_common/zr_hash_conf.h:19;zr_vm_core/src/zr_vm_core/reflection.c	no-comment	邻接注释已说明两个键域的关系
zr_vm_common/include/zr_vm_common/zr_log_conf.h	ZR_LOG_CONF_H	宏	预处理器 include guard	阻止公共头重复展开	预处理器保护；无运行时状态	zr_vm_common/include/zr_vm_common/zr_log_conf.h:6	no-comment	普通 include guard；无需重复说明
zr_vm_common/include/zr_vm_common/zr_log_conf.h	ZR_LOG_DEBUG_FUNCTION_STR_SIZE_MAX	宏	zr_vm_core/include/zr_vm_core/string.h	限制 core 调试日志中函数名/签名暂存的字符缓存	写入端须为 NUL 终止留空间	zr_vm_common/include/zr_vm_common/zr_log_conf.h:8;zr_vm_core/include/zr_vm_core/string.h	no-comment	名称及组注释足以定位用途，逐项注释只会重复协议编号或容量值
zr_vm_common/include/zr_vm_common/zr_log_conf.h	EZrLogLevel	类型	zr_vm_parser/src/zr_vm_parser/compiler/compiler_diagnostics.c;zr_vm_core/include/zr_vm_core/log.h;tests/compileTime/test_comptime_runtime_contract.c	在 core 日志 sink、parser 诊断和异常报告间传递严重度	过滤规则按等级解释，不能作为异常类型	zr_vm_common/include/zr_vm_common/zr_log_conf.h:11;zr_vm_parser/src/zr_vm_parser/compiler/compiler_diagnostics.c	commented	类型已有 Doxygen 说明跨层目的
zr_vm_common/include/zr_vm_common/zr_log_conf.h	ZR_ERROR_MESSAGE_NOT_ENOUGH_MEMORY	宏	zr_vm_core/src/zr_vm_core/log.c	提供日志/分配失败路径共用的内存不足提示	只是错误文本，不负责分配失败后的状态恢复	zr_vm_common/include/zr_vm_common/zr_log_conf.h:23;zr_vm_core/src/zr_vm_core/log.c	no-comment	名称及组注释足以定位用途，逐项注释只会重复协议编号或容量值
zr_vm_common/include/zr_vm_common/zr_memory_conf.h	ZR_MEMORY_CONF_H	宏	预处理器 include guard	阻止公共头重复展开	预处理器保护；无运行时状态	zr_vm_common/include/zr_vm_common/zr_memory_conf.h:6	no-comment	普通 include guard；无需重复说明
zr_vm_common/include/zr_vm_common/zr_memory_conf.h	EZrMemoryNativeType	类型	zr_vm_core/include/zr_vm_core/memory.h;zr_vm_language_server/wasm/wasm_exports.cpp;tests/module/test_module_system.c	给 native 分配与诊断统计标记资源类别	类别不表示 GC 对象类型，也不能推断回收时机	zr_vm_common/include/zr_vm_common/zr_memory_conf.h:10;zr_vm_core/include/zr_vm_core/memory.h	commented	类型已有 Doxygen 说明跨层目的
zr_vm_common/include/zr_vm_common/zr_meta_conf.h	ZR_META_CONF_H	宏	预处理器 include guard	防止公共头在同一编译单元中重复定义	只参与预处理；不构成运行时 API	zr_vm_common/include/zr_vm_common/zr_meta_conf.h:6	no-comment	普通 include guard；无需逐个注释
zr_vm_common/include/zr_vm_common/zr_meta_conf.h	ZR_META_CALL_UNARY_ARGUMENT_COUNT	macro	zr_vm_core/src/zr_vm_core/execution/execution_control.c:116; zr_vm_core/src/zr_vm_core/execution/execution_dispatch.c:6199; zr_vm_core/src/zr_vm_core/meta.c:129	meta 调用帧的 receiver 与参数位置协议。	调用方构造栈帧与 meta.c 读取槽位须同步。	zr_vm_common/include/zr_vm_common/zr_meta_conf.h:10; zr_vm_core/src/zr_vm_core/execution/execution_control.c:116; zr_vm_core/src/zr_vm_core/execution/execution_dispatch.c:6199	commented	已有按调用链核对的分组或类型注释；逐项记录消费方。
zr_vm_common/include/zr_vm_common/zr_meta_conf.h	ZR_META_CALL_MAX_ARGUMENTS	macro	zr_vm_core/src/zr_vm_core/execution/execution_control.c:87; zr_vm_core/src/zr_vm_core/execution/execution_dispatch.c:6517; zr_vm_core/src/zr_vm_core/execution/execution_numeric.c:846	meta 调用帧的 receiver 与参数位置协议。	调用方构造栈帧与 meta.c 读取槽位须同步。	zr_vm_common/include/zr_vm_common/zr_meta_conf.h:11; zr_vm_core/src/zr_vm_core/execution/execution_control.c:87; zr_vm_core/src/zr_vm_core/execution/execution_dispatch.c:6517	commented	已有按调用链核对的分组或类型注释；逐项记录消费方。
zr_vm_common/include/zr_vm_common/zr_meta_conf.h	ZR_META_CALL_SELF_SLOT_OFFSET	macro	zr_vm_common/include/zr_vm_common/zr_meta_conf.h:15	meta 调用帧的 receiver 与参数位置协议。	调用方构造栈帧与 meta.c 读取槽位须同步。	zr_vm_common/include/zr_vm_common/zr_meta_conf.h:12; zr_vm_common/include/zr_vm_common/zr_meta_conf.h:15	commented	已有按调用链核对的分组或类型注释；逐项记录消费方。
zr_vm_common/include/zr_vm_common/zr_meta_conf.h	ZR_META_CALL_SECOND_ARGUMENT_SLOT_OFFSET	macro	zr_vm_common/include/zr_vm_common/zr_meta_conf.h:16	meta 调用帧的 receiver 与参数位置协议。	调用方构造栈帧与 meta.c 读取槽位须同步。	zr_vm_common/include/zr_vm_common/zr_meta_conf.h:13; zr_vm_common/include/zr_vm_common/zr_meta_conf.h:16	commented	已有按调用链核对的分组或类型注释；逐项记录消费方。
zr_vm_common/include/zr_vm_common/zr_meta_conf.h	ZR_META_CALL_SELF_SLOT	macro	zr_vm_core/src/zr_vm_core/execution/execution_control.c:158; zr_vm_core/src/zr_vm_core/meta.c:74	meta 调用帧的 receiver 与参数位置协议。	调用方构造栈帧与 meta.c 读取槽位须同步。	zr_vm_common/include/zr_vm_common/zr_meta_conf.h:15; zr_vm_core/src/zr_vm_core/execution/execution_control.c:158; zr_vm_core/src/zr_vm_core/meta.c:74	commented	已有按调用链核对的分组或类型注释；逐项记录消费方。
zr_vm_common/include/zr_vm_common/zr_meta_conf.h	ZR_META_CALL_SECOND_ARGUMENT_SLOT	macro	zr_vm_core/src/zr_vm_core/execution/execution_control.c:171; zr_vm_core/src/zr_vm_core/meta.c:358	meta 调用帧的 receiver 与参数位置协议。	调用方构造栈帧与 meta.c 读取槽位须同步。	zr_vm_common/include/zr_vm_common/zr_meta_conf.h:16; zr_vm_core/src/zr_vm_core/execution/execution_control.c:171; zr_vm_core/src/zr_vm_core/meta.c:358	commented	已有按调用链核对的分组或类型注释；逐项记录消费方。
zr_vm_common/include/zr_vm_common/zr_meta_conf.h	ZR_META_CALL_SLOT_COUNT	macro	zr_vm_core/src/zr_vm_core/execution/execution_control.c:136; zr_vm_common/include/zr_vm_common/zr_meta_conf.h:18	meta 调用帧的 receiver 与参数位置协议。	调用方构造栈帧与 meta.c 读取槽位须同步。	zr_vm_common/include/zr_vm_common/zr_meta_conf.h:17; zr_vm_core/src/zr_vm_core/execution/execution_control.c:136; zr_vm_common/include/zr_vm_common/zr_meta_conf.h:18	commented	已有按调用链核对的分组或类型注释；逐项记录消费方。
zr_vm_common/include/zr_vm_common/zr_meta_conf.h	ZR_META_CALL_STACK_TOP	macro	zr_vm_core/src/zr_vm_core/execution/execution_control.c:150; zr_vm_core/src/zr_vm_core/meta.c:129	meta 调用帧的 receiver 与参数位置协议。	调用方构造栈帧与 meta.c 读取槽位须同步。	zr_vm_common/include/zr_vm_common/zr_meta_conf.h:18; zr_vm_core/src/zr_vm_core/execution/execution_control.c:150; zr_vm_core/src/zr_vm_core/meta.c:129	commented	已有按调用链核对的分组或类型注释；逐项记录消费方。
zr_vm_common/include/zr_vm_common/zr_meta_conf.h	ZR_META_DECLARE	macro	zr_vm_common/include/zr_vm_common/zr_meta_conf.h:69	单一元方法列表生成枚举、名称和原生 metadata 引用。	增删或调序须保持 EZrMetaType 与 CZrMetaName 的索引对应。	zr_vm_common/include/zr_vm_common/zr_meta_conf.h:21; zr_vm_common/include/zr_vm_common/zr_meta_conf.h:69	commented	已有按调用链核对的分组或类型注释；逐项记录消费方。
zr_vm_common/include/zr_vm_common/zr_meta_conf.h	ZR_META_ENUM	macro	zr_vm_common/include/zr_vm_common/zr_meta_conf.h:53	单一元方法列表生成枚举、名称和原生 metadata 引用。	增删或调序须保持 EZrMetaType 与 CZrMetaName 的索引对应。	zr_vm_common/include/zr_vm_common/zr_meta_conf.h:51; zr_vm_common/include/zr_vm_common/zr_meta_conf.h:53	commented	已有按调用链核对的分组或类型注释；逐项记录消费方。
zr_vm_common/include/zr_vm_common/zr_meta_conf.h	ZR_META_ENUM_WRAP	macro	zr_vm_common/include/zr_vm_common/zr_meta_conf.h:69	单一元方法列表生成枚举、名称和原生 metadata 引用。	增删或调序须保持 EZrMetaType 与 CZrMetaName 的索引对应。	zr_vm_common/include/zr_vm_common/zr_meta_conf.h:53; zr_vm_common/include/zr_vm_common/zr_meta_conf.h:69	commented	已有按调用链核对的分组或类型注释；逐项记录消费方。
zr_vm_common/include/zr_vm_common/zr_meta_conf.h	ZR_META_ENUM_DECLARE	macro	zr_vm_common/include/zr_vm_common/zr_meta_conf.h:69	单一元方法列表生成枚举、名称和原生 metadata 引用。	增删或调序须保持 EZrMetaType 与 CZrMetaName 的索引对应。	zr_vm_common/include/zr_vm_common/zr_meta_conf.h:55; zr_vm_common/include/zr_vm_common/zr_meta_conf.h:69	commented	已有按调用链核对的分组或类型注释；逐项记录消费方。
zr_vm_common/include/zr_vm_common/zr_meta_conf.h	ZR_META_CONSTANT	macro	zr_vm_common/include/zr_vm_common/zr_meta_conf.h:66	单一元方法列表生成枚举、名称和原生 metadata 引用。	增删或调序须保持 EZrMetaType 与 CZrMetaName 的索引对应。	zr_vm_common/include/zr_vm_common/zr_meta_conf.h:57; zr_vm_common/include/zr_vm_common/zr_meta_conf.h:66	commented	已有按调用链核对的分组或类型注释；逐项记录消费方。
zr_vm_common/include/zr_vm_common/zr_meta_conf.h	ZR_META_CONSTANT_WRAP	macro	zr_vm_common/include/zr_vm_common/zr_meta_conf.h:74	单一元方法列表生成枚举、名称和原生 metadata 引用。	增删或调序须保持 EZrMetaType 与 CZrMetaName 的索引对应。	zr_vm_common/include/zr_vm_common/zr_meta_conf.h:59; zr_vm_common/include/zr_vm_common/zr_meta_conf.h:74	commented	已有按调用链核对的分组或类型注释；逐项记录消费方。
zr_vm_common/include/zr_vm_common/zr_meta_conf.h	ZR_META_CONSTANT_DECLARE	macro	zr_vm_common/include/zr_vm_common/zr_meta_conf.h:74	单一元方法列表生成枚举、名称和原生 metadata 引用。	增删或调序须保持 EZrMetaType 与 CZrMetaName 的索引对应。	zr_vm_common/include/zr_vm_common/zr_meta_conf.h:66; zr_vm_common/include/zr_vm_common/zr_meta_conf.h:74	commented	已有按调用链核对的分组或类型注释；逐项记录消费方。
zr_vm_common/include/zr_vm_common/zr_meta_conf.h	EZrMetaType	enum	zr_vm_core/include/zr_vm_core/io.h:515; zr_vm_core/include/zr_vm_core/meta.h:16; zr_vm_core/include/zr_vm_core/object.h:263	元方法类型编号由统一列表生成。	CZrMetaName 必须与编号一一对应。	zr_vm_common/include/zr_vm_common/zr_meta_conf.h:71; zr_vm_core/include/zr_vm_core/io.h:515; zr_vm_core/include/zr_vm_core/meta.h:16	commented	已有按调用链核对的分组或类型注释；逐项记录消费方。
zr_vm_common/include/zr_vm_common/zr_meta_conf.h	CZrMetaName	table	zr_vm_core/src/zr_vm_core/debug.c:1294; zr_vm_core/src/zr_vm_core/meta.c:43; zr_vm_parser/src/zr_vm_parser/type_inference/type_inference_native.c:1591	元方法名表按 EZrMetaType 索引供 parser、core 和 native metadata 使用。	列表顺序与枚举展开顺序必须一致，索引需在有效范围。	zr_vm_common/include/zr_vm_common/zr_meta_conf.h:74; zr_vm_core/src/zr_vm_core/debug.c:1294; zr_vm_core/src/zr_vm_core/meta.c:43	commented	已有按调用链核对的分组或类型注释；逐项记录消费方。
zr_vm_common/include/zr_vm_common/zr_object_conf.h	ZR_OBJECT_CONF_H	宏	预处理器 include guard	防止公共头在同一编译单元中重复定义	只参与预处理；不构成运行时 API	zr_vm_common/include/zr_vm_common/zr_object_conf.h:6	no-comment	普通 include guard；无需逐个注释
zr_vm_common/include/zr_vm_common/zr_object_conf.h	ZR_DEBUG_GARBAGE_COLLECT_MEM_TEST	macro	zr_vm_core/src/zr_vm_core/gc/gc.c:1088	未锚定作用域深度的哨兵值。	闭包与 GC 比较时不得当成真实作用域深度。	zr_vm_common/include/zr_vm_common/zr_object_conf.h:11; zr_vm_core/src/zr_vm_core/gc/gc.c:1088	commented	已有按调用链核对的分组或类型注释；逐项记录消费方。
zr_vm_common/include/zr_vm_common/zr_object_conf.h	ZR_GARBAGE_COLLECT_DEBT_SIZE	macro	未见其他 C/H 直接引用	GC 初始化或周期调度使用该阈值、倍率或步长预算。	调整时同时检查债务、停顿、minor/major 阶段及统计单位。	zr_vm_common/include/zr_vm_common/zr_object_conf.h:15	no-comment	当前无直接调用；保留历史常量记录，分组注释不声称它被运行时使用。
zr_vm_common/include/zr_vm_common/zr_object_conf.h	ZR_GARBAGE_COLLECT_MINOR_MULTIPLIER	macro	zr_vm_core/src/zr_vm_core/gc/gc.c:395	GC 初始化或周期调度使用该阈值、倍率或步长预算。	调整时同时检查债务、停顿、minor/major 阶段及统计单位。	zr_vm_common/include/zr_vm_common/zr_object_conf.h:16; zr_vm_core/src/zr_vm_core/gc/gc.c:395	commented	已有按调用链核对的分组或类型注释；逐项记录消费方。
zr_vm_common/include/zr_vm_common/zr_object_conf.h	ZR_GARBAGE_COLLECT_MAJOR_MULTIPLIER	macro	zr_vm_core/src/zr_vm_core/gc/gc.c:394	GC 初始化或周期调度使用该阈值、倍率或步长预算。	调整时同时检查债务、停顿、minor/major 阶段及统计单位。	zr_vm_common/include/zr_vm_common/zr_object_conf.h:17; zr_vm_core/src/zr_vm_core/gc/gc.c:394	commented	已有按调用链核对的分组或类型注释；逐项记录消费方。
zr_vm_common/include/zr_vm_common/zr_object_conf.h	ZR_GARBAGE_COLLECT_STEP_MULTIPLIER_PERCENT	macro	zr_vm_core/src/zr_vm_core/gc/gc.c:396	GC 初始化或周期调度使用该阈值、倍率或步长预算。	调整时同时检查债务、停顿、minor/major 阶段及统计单位。	zr_vm_common/include/zr_vm_common/zr_object_conf.h:18; zr_vm_core/src/zr_vm_core/gc/gc.c:396	commented	已有按调用链核对的分组或类型注释；逐项记录消费方。
zr_vm_common/include/zr_vm_common/zr_object_conf.h	ZR_GARBAGE_COLLECT_STEP_LOG2_SIZE	macro	zr_vm_core/src/zr_vm_core/gc/gc.c:397	GC 初始化或周期调度使用该阈值、倍率或步长预算。	调整时同时检查债务、停顿、minor/major 阶段及统计单位。	zr_vm_common/include/zr_vm_common/zr_object_conf.h:20; zr_vm_core/src/zr_vm_core/gc/gc.c:397	commented	已有按调用链核对的分组或类型注释；逐项记录消费方。
zr_vm_common/include/zr_vm_common/zr_object_conf.h	ZR_GARBAGE_COLLECT_PAUSE_THRESHOLD_PERCENT	macro	zr_vm_core/src/zr_vm_core/gc/gc.c:398	GC 初始化或周期调度使用该阈值、倍率或步长预算。	调整时同时检查债务、停顿、minor/major 阶段及统计单位。	zr_vm_common/include/zr_vm_common/zr_object_conf.h:22; zr_vm_core/src/zr_vm_core/gc/gc.c:398	commented	已有按调用链核对的分组或类型注释；逐项记录消费方。
zr_vm_common/include/zr_vm_common/zr_object_conf.h	ZR_OBJECT_DENSE_LOOKUP_CACHE_SLOT_COUNT	macro	未见其他 C/H 直接引用	对象密集成员查找缓存的固定槽数。	缓存布局与访问探测循环须一致。	zr_vm_common/include/zr_vm_common/zr_object_conf.h:23	no-comment	全仓 C/H 未见生产直接引用；已有分组协议说明，暂不为单个未用常量重复注释。
zr_vm_common/include/zr_vm_common/zr_object_conf.h	ZR_GC_SCOPE_DEPTH_NONE	macro	zr_vm_core/include/zr_vm_core/raw_object.h:69; zr_vm_core/src/zr_vm_core/closure.c:22; zr_vm_core/src/zr_vm_core/function.c:1018	未锚定作用域深度的哨兵值。	闭包与 GC 比较时不得当成真实作用域深度。	zr_vm_common/include/zr_vm_common/zr_object_conf.h:24; zr_vm_core/include/zr_vm_core/raw_object.h:69; zr_vm_core/src/zr_vm_core/closure.c:22	commented	已有按调用链核对的分组或类型注释；逐项记录消费方。
zr_vm_common/include/zr_vm_common/zr_object_conf.h	EZrGarbageCollectMode	enum	zr_vm_core/include/zr_vm_core/gc.h:177; zr_vm_common/include/zr_vm_common/zr_object_conf.h:34	选择增量或代际 GC 调度路径。	切换模式须核对 collector 阶段及对象状态。	zr_vm_common/include/zr_vm_common/zr_object_conf.h:28; zr_vm_core/include/zr_vm_core/gc.h:177; zr_vm_common/include/zr_vm_common/zr_object_conf.h:34	commented	已有按调用链核对的分组或类型注释；逐项记录消费方。
zr_vm_common/include/zr_vm_common/zr_object_conf.h	EZrGarbageCollectIncrementalObjectStatus	enum	zr_vm_core/include/zr_vm_core/gc.h:180; zr_vm_core/src/zr_vm_core/gc/gc_internal.h:52; zr_vm_core/src/zr_vm_core/gc/gc_object.c:962	描述标记颜色及等待释放的状态。	写屏障应维持灰黑对象可达性。	zr_vm_common/include/zr_vm_common/zr_object_conf.h:38; zr_vm_core/include/zr_vm_core/gc.h:180; zr_vm_core/src/zr_vm_core/gc/gc_internal.h:52	commented	已有按调用链核对的分组或类型注释；逐项记录消费方。
zr_vm_common/include/zr_vm_common/zr_object_conf.h	EZrGarbageCollectGenerationalObjectStatus	enum	zr_vm_core/include/zr_vm_core/gc.h:558; zr_vm_core/src/zr_vm_core/gc/gc_cycle.c:2160; zr_vm_common/include/zr_vm_common/zr_object_conf.h:70	描述 minor/major 期间对象年龄和扫描状态。	状态顺序被比较谓词使用。	zr_vm_common/include/zr_vm_common/zr_object_conf.h:58; zr_vm_core/include/zr_vm_core/gc.h:558; zr_vm_core/src/zr_vm_core/gc/gc_cycle.c:2160	commented	已有按调用链核对的分组或类型注释；逐项记录消费方。
zr_vm_common/include/zr_vm_common/zr_object_conf.h	EZrGarbageCollectStatus	enum	zr_vm_core/include/zr_vm_core/gc.h:178; zr_vm_common/include/zr_vm_common/zr_object_conf.h:81; tests/gc/gc_tests.c:682	描述 GC 的运行与暂停原因。	用户停用、内部停用和退出不能混同。	zr_vm_common/include/zr_vm_common/zr_object_conf.h:73; zr_vm_core/include/zr_vm_core/gc.h:178; zr_vm_common/include/zr_vm_common/zr_object_conf.h:81	commented	已有按调用链核对的分组或类型注释；逐项记录消费方。
zr_vm_common/include/zr_vm_common/zr_object_conf.h	EZrGarbageCollectRunningStatus	enum	zr_vm_core/include/zr_vm_core/gc.h:179; zr_vm_core/src/zr_vm_core/gc/gc.c:734; zr_vm_core/src/zr_vm_core/gc/gc_cycle.c:375	记录 GC 当前阶段，供后续步骤恢复。	阶段切换与 safepoint 调用顺序相互约束。	zr_vm_common/include/zr_vm_common/zr_object_conf.h:84; zr_vm_core/include/zr_vm_core/gc.h:179; zr_vm_core/src/zr_vm_core/gc/gc.c:734	commented	已有按调用链核对的分组或类型注释；逐项记录消费方。
zr_vm_common/include/zr_vm_common/zr_object_conf.h	EZrGarbageCollectGeneration	enum	zr_vm_core/include/zr_vm_core/gc.h:181; zr_vm_core/src/zr_vm_core/gc/gc_object.c:1166; zr_vm_common/include/zr_vm_common/zr_object_conf.h:107	A/B 是增量标记周期代号，用于比较当前周期的对象标记。	它不是 young/old 堆代；gc_cycle 翻转 collector 代号。	zr_vm_common/include/zr_vm_common/zr_object_conf.h:101; zr_vm_core/include/zr_vm_core/gc.h:181; zr_vm_core/src/zr_vm_core/gc/gc_object.c:1166; zr_vm_core/include/zr_vm_core/gc.h:24; zr_vm_core/src/zr_vm_core/gc/gc_cycle.c:3136	commented	已有按调用链核对的分组或类型注释；逐项记录消费方。
zr_vm_common/include/zr_vm_common/zr_object_conf.h	EZrGarbageCollectHeapGenerationKind	enum	zr_vm_core/include/zr_vm_core/gc_young_allocation.h:288; zr_vm_core/src/zr_vm_core/gc/gc_remembered_set.c:23; zr_vm_common/include/zr_vm_common/zr_object_conf.h:117	对象堆代分类，供晋升和 GC 报告。	与 A/B 周期代号及物理 region 分开。	zr_vm_common/include/zr_vm_common/zr_object_conf.h:110; zr_vm_core/include/zr_vm_core/gc_young_allocation.h:288; zr_vm_core/src/zr_vm_core/gc/gc_remembered_set.c:23	commented	已有按调用链核对的分组或类型注释；逐项记录消费方。
zr_vm_common/include/zr_vm_common/zr_object_conf.h	EZrGarbageCollectRegionKind	enum	zr_vm_core/include/zr_vm_core/gc.h:74; zr_vm_core/include/zr_vm_core/gc_young_allocation.h:169; zr_vm_core/src/zr_vm_core/gc/gc_cycle.c:2158	物理 region 类型，供分配和统计归集。	统计与对象标记需要同一分类。	zr_vm_common/include/zr_vm_common/zr_object_conf.h:120; zr_vm_core/include/zr_vm_core/gc.h:74; zr_vm_core/include/zr_vm_core/gc_young_allocation.h:169	commented	已有按调用链核对的分组或类型注释；逐项记录消费方。
zr_vm_common/include/zr_vm_common/zr_object_conf.h	EZrGarbageCollectStorageKind	enum	zr_vm_core/include/zr_vm_core/gc.h:564; zr_vm_core/include/zr_vm_core/gc_young_allocation.h:170; zr_vm_core/src/zr_vm_core/gc/gc_cycle.c:2159	区分可移动、固定和长存储对象。	搬迁须尊重 pin 与存储种类。	zr_vm_common/include/zr_vm_common/zr_object_conf.h:134; zr_vm_core/include/zr_vm_core/gc.h:564; zr_vm_core/include/zr_vm_core/gc_young_allocation.h:170	commented	已有按调用链核对的分组或类型注释；逐项记录消费方。
zr_vm_common/include/zr_vm_common/zr_object_conf.h	EZrGarbageCollectEscapeKind	enum	zr_vm_common/include/zr_vm_common/zr_object_conf.h:158	记录返回、闭包、宿主等逃逸来源的位集。	位集可组合，所有者只增减对应来源。	zr_vm_common/include/zr_vm_common/zr_object_conf.h:145; zr_vm_common/include/zr_vm_common/zr_object_conf.h:158	commented	已有按调用链核对的分组或类型注释；逐项记录消费方。
zr_vm_common/include/zr_vm_common/zr_object_conf.h	EZrGarbageCollectPinKind	enum	zr_vm_core/include/zr_vm_core/gc.h:282; zr_vm_core/src/zr_vm_core/gc/gc.c:1018; zr_vm_common/include/zr_vm_common/zr_object_conf.h:169	记录各方固定对象的来源位集。	撤销 pin 不应清除其他持有者的位。	zr_vm_common/include/zr_vm_common/zr_object_conf.h:161; zr_vm_core/include/zr_vm_core/gc.h:282; zr_vm_core/src/zr_vm_core/gc/gc.c:1018	commented	已有按调用链核对的分组或类型注释；逐项记录消费方。
zr_vm_common/include/zr_vm_common/zr_object_conf.h	EZrGarbageCollectPromotionReason	enum	zr_vm_core/include/zr_vm_core/closure.h:167; zr_vm_core/include/zr_vm_core/gc.h:479; zr_vm_core/include/zr_vm_core/gc_young_allocation.h:171	记录对象晋升的诊断原因。	属于单值原因而非位集。	zr_vm_common/include/zr_vm_common/zr_object_conf.h:172; zr_vm_core/include/zr_vm_core/closure.h:167; zr_vm_core/include/zr_vm_core/gc.h:479	commented	已有按调用链核对的分组或类型注释；逐项记录消费方。
zr_vm_common/include/zr_vm_common/zr_object_conf.h	EZrRawObjectType	enum	zr_vm_core/include/zr_vm_core/raw_object.h:34; zr_vm_core/src/zr_vm_core/debug_heap.c:20; zr_vm_core/src/zr_vm_core/gc/gc_object.c:1086	把 GC 对象布局映射到 VM 值标签。	编号须与对应 ZR_VALUE_TYPE 标签一致。	zr_vm_common/include/zr_vm_common/zr_object_conf.h:187; zr_vm_core/include/zr_vm_core/raw_object.h:34; zr_vm_core/src/zr_vm_core/debug_heap.c:20	commented	已有按调用链核对的分组或类型注释；逐项记录消费方。
zr_vm_common/include/zr_vm_common/zr_object_conf.h	EZrObjectPrototypeType	enum	zr_vm_core/include/zr_vm_core/object.h:219; zr_vm_core/src/zr_vm_core/debug.c:1197; zr_vm_core/src/zr_vm_core/execution/execution_internal.h:961	区分模块、类、接口等成员解析规则。	继承和实例化依赖该类别。	zr_vm_common/include/zr_vm_common/zr_object_conf.h:206; zr_vm_core/include/zr_vm_core/object.h:219; zr_vm_core/src/zr_vm_core/debug.c:1197	commented	已有按调用链核对的分组或类型注释；逐项记录消费方。
zr_vm_common/include/zr_vm_common/zr_object_conf.h	SZrGarbageCollectionObjectMark	struct	zr_vm_core/include/zr_vm_core/raw_object.h:38; zr_vm_common/include/zr_vm_common/zr_object_conf.h:244	GC 对象头汇集颜色、周期代号、堆代、region、逃逸、pin 和搬迁信息。	forwardingAddress 仅在搬迁修正引用期间可用；forwardingRefLocation 的有效写入未找到。	zr_vm_common/include/zr_vm_common/zr_object_conf.h:223; zr_vm_core/include/zr_vm_core/raw_object.h:38; zr_vm_common/include/zr_vm_common/zr_object_conf.h:244; zr_vm_core/src/zr_vm_core/gc/gc_cycle.c:964; zr_vm_core/src/zr_vm_core/gc/gc_cycle.c:2521	TODO	forwardingRefLocation 仅见初始化和清零；需确认是否为弃用字段。
zr_vm_common/include/zr_vm_common/zr_parser_conf.h	ZR_PARSER_CONF_H	宏	预处理器 include guard	阻止公共头重复展开	预处理器保护；无运行时状态	zr_vm_common/include/zr_vm_common/zr_parser_conf.h:6	no-comment	普通 include guard；无需重复说明
zr_vm_common/include/zr_vm_common/zr_parser_conf.h	ZR_PARSER_LEXER_BUFFER_INITIAL_SIZE	宏	zr_vm_parser/src/zr_vm_parser/lexer.c	限定 parser 临时缓冲区或初始动态容量	容量单位由消费方决定，扩容前仍须检查溢出	zr_vm_common/include/zr_vm_common/zr_parser_conf.h:11;zr_vm_parser/src/zr_vm_parser/lexer.c	commented	容量组注释说明诊断预算，数值由调用方直接消费
zr_vm_common/include/zr_vm_common/zr_parser_conf.h	ZR_PARSER_MAX_CONSECUTIVE_ERRORS	宏	zr_vm_parser/src/zr_vm_parser/parser.c	限制 parser 连续错误后继续尝试恢复的次数	超过后诊断路径应停止反复报错	zr_vm_common/include/zr_vm_common/zr_parser_conf.h:12;zr_vm_parser/src/zr_vm_parser/parser.c	no-comment	恢复预算组注释已覆盖跨阶段目的
zr_vm_common/include/zr_vm_common/zr_parser_conf.h	ZR_PARSER_MAX_RECOVERY_SKIP_TOKENS	宏	zr_vm_parser/src/zr_vm_parser/parser.c	限制 parser 单次错误恢复跳过的 token 数	过长错误区域按恢复失败处理，不能无限扫描	zr_vm_common/include/zr_vm_common/zr_parser_conf.h:13;zr_vm_parser/src/zr_vm_parser/parser.c	no-comment	恢复预算组注释已覆盖跨阶段目的
zr_vm_common/include/zr_vm_common/zr_parser_conf.h	ZR_PARSER_COMPILE_TIME_RUNTIME_SAFE_MAX_DEPTH	宏	zr_vm_parser/src/zr_vm_parser/compiler/compiler_instruction.c	限制编译期执行相关递归深度	超过后由 compiler 走安全降级/诊断路径	zr_vm_common/include/zr_vm_common/zr_parser_conf.h:14;zr_vm_parser/src/zr_vm_parser/compiler/compiler_instruction.c	no-comment	恢复预算组注释已覆盖跨阶段目的
zr_vm_common/include/zr_vm_common/zr_parser_conf.h	ZR_PARSER_RECURSIVE_MEMBER_LOOKUP_MAX_DEPTH	宏	zr_vm_parser/src/zr_vm_parser/compiler/compile_expression_types.c;zr_vm_language_server/src/zr_vm_language_server/lsp_signature_help.c	限制 parser 与 LSP 的递归成员查找深度	循环/深层继承图不能无限递归；调用方处理上限	zr_vm_common/include/zr_vm_common/zr_parser_conf.h:16;zr_vm_parser/src/zr_vm_parser/compiler/compile_expression_types.c	no-comment	恢复预算组注释已覆盖跨阶段目的
zr_vm_common/include/zr_vm_common/zr_parser_conf.h	ZR_PARSER_DYNAMIC_CAPACITY_GROWTH_FACTOR	宏	zr_vm_parser/src/zr_vm_parser/ast.c	让 parser 动态列表按倍数增长	调用方扩容仍须防止 size_t 乘法溢出	zr_vm_common/include/zr_vm_common/zr_parser_conf.h:17;zr_vm_parser/src/zr_vm_parser/ast.c	no-comment	容量组注释说明诊断预算，数值由调用方直接消费
zr_vm_common/include/zr_vm_common/zr_parser_conf.h	ZR_PARSER_INITIAL_CAPACITY_PAIR	宏	zr_vm_parser/src/zr_vm_parser/compiler/compiler_class.c;zr_vm_language_server/src/zr_vm_language_server/semantic_type_prototypes.c	为 parser 的 pair 规模动态表提供初始元素容量	只是初始元素数；运行时根据实际数量扩容	zr_vm_common/include/zr_vm_common/zr_parser_conf.h:19;zr_vm_parser/src/zr_vm_parser/compiler/compiler_class.c	no-comment	容量组注释说明诊断预算，数值由调用方直接消费
zr_vm_common/include/zr_vm_common/zr_parser_conf.h	ZR_PARSER_INITIAL_CAPACITY_TINY	宏	zr_vm_parser/src/zr_vm_parser/bound_expression.c;zr_vm_language_server/src/zr_vm_language_server/semantic_type_prototypes.c	为 parser 的 tiny 规模动态表提供初始元素容量	只是初始元素数；运行时根据实际数量扩容	zr_vm_common/include/zr_vm_common/zr_parser_conf.h:20;zr_vm_parser/src/zr_vm_parser/bound_expression.c	no-comment	容量组注释说明诊断预算，数值由调用方直接消费
zr_vm_common/include/zr_vm_common/zr_parser_conf.h	ZR_PARSER_INITIAL_CAPACITY_SMALL	宏	zr_vm_parser/src/zr_vm_parser/ast.c;zr_vm_language_server/src/zr_vm_language_server/semantic_type_prototypes.c	为 parser 的 small 规模动态表提供初始元素容量	只是初始元素数；运行时根据实际数量扩容	zr_vm_common/include/zr_vm_common/zr_parser_conf.h:21;zr_vm_parser/src/zr_vm_parser/ast.c	no-comment	容量组注释说明诊断预算，数值由调用方直接消费
zr_vm_common/include/zr_vm_common/zr_parser_conf.h	ZR_PARSER_INITIAL_CAPACITY_MEDIUM	宏	zr_vm_parser/src/zr_vm_parser/compiler/compiler_class.c	为 parser 的 medium 规模动态表提供初始元素容量	只是初始元素数；运行时根据实际数量扩容	zr_vm_common/include/zr_vm_common/zr_parser_conf.h:22;zr_vm_parser/src/zr_vm_parser/compiler/compiler_class.c	no-comment	容量组注释说明诊断预算，数值由调用方直接消费
zr_vm_common/include/zr_vm_common/zr_parser_conf.h	ZR_PARSER_INITIAL_CAPACITY_LARGE	宏	zr_vm_parser/src/zr_vm_parser/compiler/compiler_state.c	为 parser 的 large 规模动态表提供初始元素容量	只是初始元素数；运行时根据实际数量扩容	zr_vm_common/include/zr_vm_common/zr_parser_conf.h:23;zr_vm_parser/src/zr_vm_parser/compiler/compiler_state.c	no-comment	容量组注释说明诊断预算，数值由调用方直接消费
zr_vm_common/include/zr_vm_common/zr_parser_conf.h	ZR_PARSER_INSTRUCTION_INITIAL_CAPACITY	宏	zr_vm_parser/src/zr_vm_parser/compiler/compiler_state.c	给 compiler 指令列表的初始元素容量	不是最终指令数上限，写入前需按列表 API 扩容	zr_vm_common/include/zr_vm_common/zr_parser_conf.h:24;zr_vm_parser/src/zr_vm_parser/compiler/compiler_state.c	no-comment	容量组注释说明诊断预算，数值由调用方直接消费
zr_vm_common/include/zr_vm_common/zr_parser_conf.h	ZR_PARSER_U32_NONE	宏	仅头内声明或预留协议编号	表示 parser 中不存在的索引、槽位或词法结束	哨兵宽度随字段类型而异；有效 0 与缺席值需明确区分	zr_vm_common/include/zr_vm_common/zr_parser_conf.h:27	commented	哨兵组注释解释宽度；具体字段名已明确
zr_vm_common/include/zr_vm_common/zr_parser_conf.h	ZR_PARSER_I32_NONE	宏	zr_vm_parser/src/zr_vm_parser/compiler/compiler_class_support.c	表示 parser 中不存在的索引、槽位或词法结束	哨兵宽度随字段类型而异；有效 0 与缺席值需明确区分	zr_vm_common/include/zr_vm_common/zr_parser_conf.h:28;zr_vm_parser/src/zr_vm_parser/compiler/compiler_class_support.c	no-comment	哨兵组注释解释宽度；具体字段名已明确
zr_vm_common/include/zr_vm_common/zr_parser_conf.h	ZR_PARSER_SLOT_NONE	宏	zr_vm_parser/src/zr_vm_parser/compiler/compile_expression.c;tests/parser/test_aot_c_parameter_passing_form_projection_cases.h	表示 parser 中不存在的索引、槽位或词法结束	哨兵宽度随字段类型而异；有效 0 与缺席值需明确区分	zr_vm_common/include/zr_vm_common/zr_parser_conf.h:29;zr_vm_parser/src/zr_vm_parser/compiler/compile_expression.c	no-comment	哨兵组注释解释宽度；具体字段名已明确
zr_vm_common/include/zr_vm_common/zr_parser_conf.h	ZR_PARSER_MEMBER_ID_NONE	宏	zr_vm_parser/src/zr_vm_parser/compiler/compile_expression.c	表示 parser 中不存在的索引、槽位或词法结束	哨兵宽度随字段类型而异；有效 0 与缺席值需明确区分	zr_vm_common/include/zr_vm_common/zr_parser_conf.h:30;zr_vm_parser/src/zr_vm_parser/compiler/compile_expression.c	no-comment	哨兵组注释解释宽度；具体字段名已明确
zr_vm_common/include/zr_vm_common/zr_parser_conf.h	ZR_PARSER_INDEX_NONE	宏	zr_vm_parser/src/zr_vm_parser/compiler/compile_expression.c	表示 parser 中不存在的索引、槽位或词法结束	哨兵宽度随字段类型而异；有效 0 与缺席值需明确区分	zr_vm_common/include/zr_vm_common/zr_parser_conf.h:31;zr_vm_parser/src/zr_vm_parser/compiler/compile_expression.c	no-comment	哨兵组注释解释宽度；具体字段名已明确
zr_vm_common/include/zr_vm_common/zr_parser_conf.h	ZR_PARSER_LABEL_ID_NONE	宏	zr_vm_parser/src/zr_vm_parser/compiler/compile_expression_receiver_guard.c	表示 parser 中不存在的索引、槽位或词法结束	哨兵宽度随字段类型而异；有效 0 与缺席值需明确区分	zr_vm_common/include/zr_vm_common/zr_parser_conf.h:32;zr_vm_parser/src/zr_vm_parser/compiler/compile_expression_receiver_guard.c	no-comment	哨兵组注释解释宽度；具体字段名已明确
zr_vm_common/include/zr_vm_common/zr_parser_conf.h	ZR_PARSER_LEXER_EOZ	宏	zr_vm_parser/src/zr_vm_parser/lexer.c	表示 parser 中不存在的索引、槽位或词法结束	不同宽度哨兵不能与有效零值混用	zr_vm_common/include/zr_vm_common/zr_parser_conf.h:33;zr_vm_parser/src/zr_vm_parser/lexer.c	no-comment	哨兵组注释解释宽度；具体字段名已明确
zr_vm_common/include/zr_vm_common/zr_parser_conf.h	ZR_PARSER_ARRAY_SIZE_BUFFER_LENGTH	宏	zr_vm_parser/src/zr_vm_parser/type_inference/type_inference_core.c	给 parser 的 array size 文本/数字格式化暂存设置固定缓存长度	消费方须预留 NUL 并检查格式化或拷贝结果；不是语义长度上限	zr_vm_common/include/zr_vm_common/zr_parser_conf.h:35;zr_vm_parser/src/zr_vm_parser/type_inference/type_inference_core.c	no-comment	容量组注释说明诊断预算，数值由调用方直接消费
zr_vm_common/include/zr_vm_common/zr_parser_conf.h	ZR_PARSER_INTEGER_BUFFER_LENGTH	宏	zr_vm_parser/src/zr_vm_parser/compiler/compiler_struct.c;zr_vm_language_server/src/zr_vm_language_server/semantic_type_prototypes.c	给 parser 的 integer 文本/数字格式化暂存设置固定缓存长度	消费方须预留 NUL 并检查格式化或拷贝结果；不是语义长度上限	zr_vm_common/include/zr_vm_common/zr_parser_conf.h:36;zr_vm_parser/src/zr_vm_parser/compiler/compiler_struct.c	no-comment	容量组注释说明诊断预算，数值由调用方直接消费
zr_vm_common/include/zr_vm_common/zr_parser_conf.h	ZR_PARSER_GENERATED_NAME_BUFFER_LENGTH	宏	zr_vm_parser/src/zr_vm_parser/compiler/compile_statement.c	给 parser 的 generated name 文本/数字格式化暂存设置固定缓存长度	消费方须预留 NUL 并检查格式化或拷贝结果；不是语义长度上限	zr_vm_common/include/zr_vm_common/zr_parser_conf.h:37;zr_vm_parser/src/zr_vm_parser/compiler/compile_statement.c	no-comment	容量组注释说明诊断预算，数值由调用方直接消费
zr_vm_common/include/zr_vm_common/zr_parser_conf.h	ZR_PARSER_TYPE_NAME_BUFFER_LENGTH	宏	zr_vm_parser/src/zr_vm_parser/compiler/compile_expression_call.c;zr_vm_cli/src/zr_vm_cli/repl/repl_session.c;zr_vm_language_server/src/zr_vm_language_server/semantic_type_prototypes.c	给 parser 的 type name 文本/数字格式化暂存设置固定缓存长度	消费方须预留 NUL 并检查格式化或拷贝结果；不是语义长度上限	zr_vm_common/include/zr_vm_common/zr_parser_conf.h:38;zr_vm_parser/src/zr_vm_parser/compiler/compile_expression_call.c	no-comment	容量组注释说明诊断预算，数值由调用方直接消费
zr_vm_common/include/zr_vm_common/zr_parser_conf.h	ZR_PARSER_DETAIL_BUFFER_LENGTH	宏	zr_vm_parser/src/zr_vm_parser/compiler/module_init_analysis.c	给 parser 的 detail 文本/数字格式化暂存设置固定缓存长度	消费方须预留 NUL 并检查格式化或拷贝结果；不是语义长度上限	zr_vm_common/include/zr_vm_common/zr_parser_conf.h:39;zr_vm_parser/src/zr_vm_parser/compiler/module_init_analysis.c	no-comment	容量组注释说明诊断预算，数值由调用方直接消费
zr_vm_common/include/zr_vm_common/zr_parser_conf.h	ZR_PARSER_ERROR_SNIPPET_CONTEXT_RADIUS	宏	zr_vm_parser/src/zr_vm_parser/lexer.c	限制词法/语法诊断截取原始行时的左右文窗口	这是显示截取半径，不是错误恢复次数上限	zr_vm_common/include/zr_vm_common/zr_parser_conf.h:40;zr_vm_parser/src/zr_vm_parser/lexer.c	no-comment	恢复预算组注释已覆盖跨阶段目的
zr_vm_common/include/zr_vm_common/zr_parser_conf.h	ZR_PARSER_ERROR_SNIPPET_FOCUS_COLUMN	宏	zr_vm_parser/src/zr_vm_parser/lexer.c	在截断后的错误片段中定位焦点显示列	随上下文半径同步调整；仅用于诊断展示	zr_vm_common/include/zr_vm_common/zr_parser_conf.h:41;zr_vm_parser/src/zr_vm_parser/lexer.c	no-comment	恢复预算组注释已覆盖跨阶段目的
zr_vm_common/include/zr_vm_common/zr_parser_conf.h	ZR_PARSER_ERROR_BUFFER_LENGTH	宏	zr_vm_parser/src/zr_vm_parser/compiler.c;zr_vm_cli/src/zr_vm_cli/compiler/compiler.c;zr_vm_language_server/src/zr_vm_language_server/project/lsp_project.c	给 parser 的 error 文本/数字格式化暂存设置固定缓存长度	消费方须预留 NUL 并检查格式化或拷贝结果；不是语义长度上限	zr_vm_common/include/zr_vm_common/zr_parser_conf.h:42;zr_vm_parser/src/zr_vm_parser/compiler.c	no-comment	容量组注释说明诊断预算，数值由调用方直接消费
zr_vm_common/include/zr_vm_common/zr_parser_conf.h	ZR_PARSER_TEXT_BUFFER_LENGTH	宏	zr_vm_parser/src/zr_vm_parser/compiler/compile_time_executor.c	给 parser 的 text 文本/数字格式化暂存设置固定缓存长度	消费方须预留 NUL 并检查格式化或拷贝结果；不是语义长度上限	zr_vm_common/include/zr_vm_common/zr_parser_conf.h:43;zr_vm_parser/src/zr_vm_parser/compiler/compile_time_executor.c	no-comment	容量组注释说明诊断预算，数值由调用方直接消费
zr_vm_common/include/zr_vm_common/zr_parser_conf.h	ZR_PARSER_DECLARATION_BUFFER_LENGTH	宏	zr_vm_parser/src/zr_vm_parser/compiler/compile_expression_union.c;zr_vm_language_server/src/zr_vm_language_server/lsp_property_code_actions.c	给 parser 的 declaration 文本/数字格式化暂存设置固定缓存长度	消费方须预留 NUL 并检查格式化或拷贝结果；不是语义长度上限	zr_vm_common/include/zr_vm_common/zr_parser_conf.h:44;zr_vm_parser/src/zr_vm_parser/compiler/compile_expression_union.c	no-comment	容量组注释说明诊断预算，数值由调用方直接消费
zr_vm_common/include/zr_vm_common/zr_path_conf.h	ZR_PATH_CONF_H	宏	预处理器 include guard	阻止公共头重复展开	预处理器保护；无运行时状态	zr_vm_common/include/zr_vm_common/zr_path_conf.h:6	no-comment	普通 include guard；无需重复说明
zr_vm_common/include/zr_vm_common/zr_path_conf.h	ZR_VM_PATH_LENGTH_MAX	宏	zr_vm_library/include/zr_vm_library/conf.h;zr_vm_language_server/include/zr_vm_language_server/conf.h;zr_vm_lib_system/include/zr_vm_lib_system/conf.h	给 CLI、library 与 LSP 的原生路径暂存设定共享容量	这是缓冲区容量，拼接时须留末尾 NUL	zr_vm_common/include/zr_vm_common/zr_path_conf.h:11;zr_vm_library/include/zr_vm_library/conf.h	commented	路径与扩展名组注释覆盖该约束
zr_vm_common/include/zr_vm_common/zr_path_conf.h	ZR_VM_POSIX_DIRECTORY_CREATE_MODE	宏	zr_vm_library/src/zr_vm_library/file.c;zr_vm_cli/src/zr_vm_cli/project/project.c;zr_vm_lib_system/include/zr_vm_lib_system/conf.h	让 CLI、library 和 system 模块创建目录时使用一致 POSIX 权限请求	最终权限仍受进程 umask 影响；Windows 路径不消费此模式	zr_vm_common/include/zr_vm_common/zr_path_conf.h:12;zr_vm_library/src/zr_vm_library/file.c	no-comment	名称及组注释足以定位用途，逐项注释只会重复协议编号或容量值
zr_vm_common/include/zr_vm_common/zr_path_conf.h	ZR_VM_SOURCE_MODULE_FILE_EXTENSION	宏	zr_vm_library/src/zr_vm_library/aot_runtime.c;zr_vm_cli/src/zr_vm_cli/project/project.c;zr_vm_aot/zr_vm_library/src/zr_vm_library/aot_runtime.c	固定源码、二进制或中间产物使用的模块后缀	创建、查找和后缀裁剪须使用同一字节拼写	zr_vm_common/include/zr_vm_common/zr_path_conf.h:14;zr_vm_library/src/zr_vm_library/aot_runtime.c	no-comment	路径与扩展名组注释覆盖该约束
zr_vm_common/include/zr_vm_common/zr_path_conf.h	ZR_VM_SOURCE_MODULE_FILE_EXTENSION_LENGTH	宏	zr_vm_library/src/zr_vm_library/aot_runtime.c;zr_vm_aot/zr_vm_library/src/zr_vm_library/aot_runtime.c	让路径后缀比较和截取共用源码模块扩展名的字节长度	长度不含 NUL，路径至少达到该长度才能截取	zr_vm_common/include/zr_vm_common/zr_path_conf.h:15;zr_vm_library/src/zr_vm_library/aot_runtime.c	no-comment	路径与扩展名组注释覆盖该约束
zr_vm_common/include/zr_vm_common/zr_path_conf.h	ZR_VM_BINARY_MODULE_FILE_EXTENSION	宏	zr_vm_library/include/zr_vm_library/project.h;zr_vm_cli/src/zr_vm_cli/project/project.c;zr_vm_language_server/src/zr_vm_language_server/module/lsp_module_metadata.c	固定源码、二进制或中间产物使用的模块后缀	创建、查找和后缀裁剪须使用同一字节拼写	zr_vm_common/include/zr_vm_common/zr_path_conf.h:17;zr_vm_library/include/zr_vm_library/project.h	no-comment	路径与扩展名组注释覆盖该约束
zr_vm_common/include/zr_vm_common/zr_path_conf.h	ZR_VM_BINARY_MODULE_FILE_EXTENSION_LENGTH	宏	zr_vm_library/src/zr_vm_library/aot_runtime.c;zr_vm_aot/zr_vm_library/src/zr_vm_library/aot_runtime.c	让路径比较和裁剪使用对应模块扩展名的数据字节数	长度不含末尾 NUL；裁剪前确认路径长度足够	zr_vm_common/include/zr_vm_common/zr_path_conf.h:18;zr_vm_library/src/zr_vm_library/aot_runtime.c	no-comment	路径与扩展名组注释覆盖该约束
zr_vm_common/include/zr_vm_common/zr_path_conf.h	ZR_VM_INTERMEDIATE_MODULE_FILE_EXTENSION	宏	zr_vm_library/src/zr_vm_library/project/project_import_resolver.c;zr_vm_cli/src/zr_vm_cli/project/project.c;zr_vm_language_server/src/zr_vm_language_server/module/lsp_module_metadata.c	固定源码、二进制或中间产物使用的模块后缀	创建、查找和后缀裁剪须使用同一字节拼写	zr_vm_common/include/zr_vm_common/zr_path_conf.h:20;zr_vm_library/src/zr_vm_library/project/project_import_resolver.c	no-comment	路径与扩展名组注释覆盖该约束
zr_vm_common/include/zr_vm_common/zr_path_conf.h	ZR_VM_INTERMEDIATE_MODULE_FILE_EXTENSION_LENGTH	宏	zr_vm_library/src/zr_vm_library/project/project_import_resolver.c	让路径比较和裁剪使用对应模块扩展名的数据字节数	长度不含末尾 NUL；裁剪前确认路径长度足够	zr_vm_common/include/zr_vm_common/zr_path_conf.h:21;zr_vm_library/src/zr_vm_library/project/project_import_resolver.c	no-comment	路径与扩展名组注释覆盖该约束
zr_vm_common/include/zr_vm_common/zr_runtime_limits_conf.h	ZR_RUNTIME_LIMITS_CONF_H	宏	预处理器 include guard	防止公共头在同一编译单元中重复定义	只参与预处理；不构成运行时 API	zr_vm_common/include/zr_vm_common/zr_runtime_limits_conf.h:6	no-comment	普通 include guard；无需逐个注释
zr_vm_common/include/zr_vm_common/zr_runtime_limits_conf.h	ZR_GLOBAL_API_STRING_CACHE_BUCKET_COUNT	macro	zr_vm_core/include/zr_vm_core/global.h:101; zr_vm_core/src/zr_vm_core/gc/gc_cycle.c:2107; zr_vm_core/src/zr_vm_core/gc/gc_mark.c:258	全局字符串或拼接缓存布局的桶数与深度。	global 数组布局、散列取模、GC 扫描循环必须同值。	zr_vm_common/include/zr_vm_common/zr_runtime_limits_conf.h:11; zr_vm_core/include/zr_vm_core/global.h:101; zr_vm_core/src/zr_vm_core/gc/gc_cycle.c:2107	commented	已有按调用链核对的分组或类型注释；逐项记录消费方。
zr_vm_common/include/zr_vm_common/zr_runtime_limits_conf.h	ZR_GLOBAL_API_STRING_CACHE_BUCKET_DEPTH	macro	zr_vm_core/include/zr_vm_core/global.h:102; zr_vm_core/src/zr_vm_core/gc/gc_cycle.c:2108; zr_vm_core/src/zr_vm_core/gc/gc_mark.c:259	全局字符串或拼接缓存布局的桶数与深度。	global 数组布局、散列取模、GC 扫描循环必须同值。	zr_vm_common/include/zr_vm_common/zr_runtime_limits_conf.h:12; zr_vm_core/include/zr_vm_core/global.h:102; zr_vm_core/src/zr_vm_core/gc/gc_cycle.c:2108	commented	已有按调用链核对的分组或类型注释；逐项记录消费方。
zr_vm_common/include/zr_vm_common/zr_runtime_limits_conf.h	ZR_GLOBAL_CONCAT_PAIR_CACHE_BUCKET_COUNT	macro	zr_vm_core/include/zr_vm_core/global.h:103; zr_vm_core/src/zr_vm_core/execution/execution_internal.h:672; zr_vm_core/src/zr_vm_core/gc/gc_cycle.c:2116	全局字符串或拼接缓存布局的桶数与深度。	global 数组布局、散列取模、GC 扫描循环必须同值。	zr_vm_common/include/zr_vm_common/zr_runtime_limits_conf.h:13; zr_vm_core/include/zr_vm_core/global.h:103; zr_vm_core/src/zr_vm_core/execution/execution_internal.h:672	commented	已有按调用链核对的分组或类型注释；逐项记录消费方。
zr_vm_common/include/zr_vm_common/zr_runtime_limits_conf.h	ZR_GLOBAL_CONCAT_PAIR_CACHE_BUCKET_DEPTH	macro	zr_vm_core/include/zr_vm_core/global.h:104; zr_vm_core/src/zr_vm_core/execution/execution_internal.h:687; zr_vm_core/src/zr_vm_core/gc/gc_cycle.c:2117	全局字符串或拼接缓存布局的桶数与深度。	global 数组布局、散列取模、GC 扫描循环必须同值。	zr_vm_common/include/zr_vm_common/zr_runtime_limits_conf.h:14; zr_vm_core/include/zr_vm_core/global.h:104; zr_vm_core/src/zr_vm_core/execution/execution_internal.h:687	commented	已有按调用链核对的分组或类型注释；逐项记录消费方。
zr_vm_common/include/zr_vm_common/zr_runtime_limits_conf.h	ZR_STRING_TABLE_INITIAL_SIZE_LOG2	macro	zr_vm_core/src/zr_vm_core/string.c:660	字符串或对象表初始化容量的 log2 参数。	分配器按指数换算容量，增长路径保持一致。	zr_vm_common/include/zr_vm_common/zr_runtime_limits_conf.h:16; zr_vm_core/src/zr_vm_core/string.c:660	commented	已有按调用链核对的分组或类型注释；逐项记录消费方。
zr_vm_common/include/zr_vm_common/zr_runtime_limits_conf.h	ZR_OBJECT_TABLE_INITIAL_SIZE_LOG2	macro	zr_vm_core/src/zr_vm_core/exec_ir/exec_ir_materialize_objects.c:561; zr_vm_core/src/zr_vm_core/global.c:510; zr_vm_core/src/zr_vm_core/module/module.c:120	字符串或对象表初始化容量的 log2 参数。	分配器按指数换算容量，增长路径保持一致。	zr_vm_common/include/zr_vm_common/zr_runtime_limits_conf.h:17; zr_vm_core/src/zr_vm_core/exec_ir/exec_ir_materialize_objects.c:561; zr_vm_core/src/zr_vm_core/global.c:510	commented	已有按调用链核对的分组或类型注释；逐项记录消费方。
zr_vm_common/include/zr_vm_common/zr_runtime_limits_conf.h	ZR_STACK_NATIVE_CALL_RESERVED_MIN	macro	zr_vm_core/src/zr_vm_core/function.c:3825; zr_vm_core/src/zr_vm_core/state.c:307	native 进入 VM 与错误处理前保留栈空间。	错误处理自身不可再次越过栈限制。	zr_vm_common/include/zr_vm_common/zr_runtime_limits_conf.h:20; zr_vm_core/src/zr_vm_core/function.c:3825; zr_vm_core/src/zr_vm_core/state.c:307	commented	已有按调用链核对的分组或类型注释；逐项记录消费方。
zr_vm_common/include/zr_vm_common/zr_runtime_limits_conf.h	ZR_NATIVE_CALL_STACK_ERROR_HANDLER_GUARD_DIVISOR	macro	zr_vm_core/src/zr_vm_core/function.c:1641	native 进入 VM 与错误处理前保留栈空间。	错误处理自身不可再次越过栈限制。	zr_vm_common/include/zr_vm_common/zr_runtime_limits_conf.h:21; zr_vm_core/src/zr_vm_core/function.c:1641	commented	已有按调用链核对的分组或类型注释；逐项记录消费方。
zr_vm_common/include/zr_vm_common/zr_runtime_limits_conf.h	ZR_NATIVE_CALL_STACK_ERROR_HANDLER_GUARD_MULTIPLIER	macro	zr_vm_core/src/zr_vm_core/function.c:1642	native 进入 VM 与错误处理前保留栈空间。	错误处理自身不可再次越过栈限制。	zr_vm_common/include/zr_vm_common/zr_runtime_limits_conf.h:22; zr_vm_core/src/zr_vm_core/function.c:1642	commented	已有按调用链核对的分组或类型注释；逐项记录消费方。
zr_vm_common/include/zr_vm_common/zr_runtime_limits_conf.h	ZR_VM_READ_ALL_IO_FALLBACK_CAPACITY	macro	zr_vm_core/src/zr_vm_core/module/module_loader.c:131; zr_vm_parser/src/zr_vm_parser/compiler/compile_statement.c:417; zr_vm_parser/src/zr_vm_parser/compiler/module_init_analysis.c:3228	模块装载在未知输入余量时的初始读取容量。	仅是初始缓冲容量，后续读取仍须处理增长与溢出。	zr_vm_common/include/zr_vm_common/zr_runtime_limits_conf.h:23; zr_vm_core/src/zr_vm_core/module/module_loader.c:131; zr_vm_parser/src/zr_vm_parser/compiler/compile_statement.c:417	commented	已有按调用链核对的分组或类型注释；逐项记录消费方。
zr_vm_common/include/zr_vm_common/zr_runtime_limits_conf.h	ZR_RUNTIME_SMALL_TEXT_BUFFER_LENGTH	macro	zr_vm_core/src/zr_vm_core/meta.c:152; zr_vm_core/src/zr_vm_core/value.c:372	诊断、反射和调试格式化文本的临时缓冲容量。	调用方使用有界格式化并处理截断。	zr_vm_common/include/zr_vm_common/zr_runtime_limits_conf.h:26; zr_vm_core/src/zr_vm_core/meta.c:152; zr_vm_core/src/zr_vm_core/value.c:372	commented	已有按调用链核对的分组或类型注释；逐项记录消费方。
zr_vm_common/include/zr_vm_common/zr_runtime_limits_conf.h	ZR_RUNTIME_MEMBER_NAME_BUFFER_LENGTH	macro	zr_vm_core/src/zr_vm_core/reflection.c:1215	诊断、反射和调试格式化文本的临时缓冲容量。	调用方使用有界格式化并处理截断。	zr_vm_common/include/zr_vm_common/zr_runtime_limits_conf.h:27; zr_vm_core/src/zr_vm_core/reflection.c:1215	commented	已有按调用链核对的分组或类型注释；逐项记录消费方。
zr_vm_common/include/zr_vm_common/zr_runtime_limits_conf.h	ZR_RUNTIME_TYPE_NAME_BUFFER_LENGTH	macro	zr_vm_core/src/zr_vm_core/reflection.c:1216	诊断、反射和调试格式化文本的临时缓冲容量。	调用方使用有界格式化并处理截断。	zr_vm_common/include/zr_vm_common/zr_runtime_limits_conf.h:28; zr_vm_core/src/zr_vm_core/reflection.c:1216	commented	已有按调用链核对的分组或类型注释；逐项记录消费方。
zr_vm_common/include/zr_vm_common/zr_runtime_limits_conf.h	ZR_RUNTIME_DIAGNOSTIC_BUFFER_LENGTH	macro	zr_vm_core/src/zr_vm_core/execution/execution_dispatch.c:9883	诊断、反射和调试格式化文本的临时缓冲容量。	调用方使用有界格式化并处理截断。	zr_vm_common/include/zr_vm_common/zr_runtime_limits_conf.h:29; zr_vm_core/src/zr_vm_core/execution/execution_dispatch.c:9883	commented	已有按调用链核对的分组或类型注释；逐项记录消费方。
zr_vm_common/include/zr_vm_common/zr_runtime_limits_conf.h	ZR_RUNTIME_QUALIFIED_NAME_BUFFER_LENGTH	macro	zr_vm_core/src/zr_vm_core/module/module_prototype.c:87; zr_vm_core/src/zr_vm_core/reflection.c:2090; zr_vm_library/src/zr_vm_library/native_binding/native_binding_dispatch.c:1515	诊断、反射和调试格式化文本的临时缓冲容量。	调用方使用有界格式化并处理截断。	zr_vm_common/include/zr_vm_common/zr_runtime_limits_conf.h:30; zr_vm_core/src/zr_vm_core/module/module_prototype.c:87; zr_vm_core/src/zr_vm_core/reflection.c:2090	commented	已有按调用链核对的分组或类型注释；逐项记录消费方。
zr_vm_common/include/zr_vm_common/zr_runtime_limits_conf.h	ZR_RUNTIME_ERROR_BUFFER_LENGTH	macro	zr_vm_core/include/zr_vm_core/global.h:136; zr_vm_core/src/zr_vm_core/debug.c:1070; zr_vm_core/src/zr_vm_core/execution/execution_dispatch.c:2101	诊断、反射和调试格式化文本的临时缓冲容量。	调用方使用有界格式化并处理截断。	zr_vm_common/include/zr_vm_common/zr_runtime_limits_conf.h:31; zr_vm_core/include/zr_vm_core/global.h:136; zr_vm_core/src/zr_vm_core/debug.c:1070	commented	已有按调用链核对的分组或类型注释；逐项记录消费方。
zr_vm_common/include/zr_vm_common/zr_runtime_limits_conf.h	ZR_RUNTIME_DEBUG_STRING_BUFFER_LENGTH	macro	zr_vm_core/src/zr_vm_core/value.c:560	诊断、反射和调试格式化文本的临时缓冲容量。	调用方使用有界格式化并处理截断。	zr_vm_common/include/zr_vm_common/zr_runtime_limits_conf.h:32; zr_vm_core/src/zr_vm_core/value.c:560	commented	已有按调用链核对的分组或类型注释；逐项记录消费方。
zr_vm_common/include/zr_vm_common/zr_runtime_limits_conf.h	ZR_RUNTIME_DEBUG_COLLECTION_PREVIEW_MAX	macro	zr_vm_core/src/zr_vm_core/value.c:559	调试输出对集合预览元素的数量上限。	不应被误当成运行时集合长度约束。	zr_vm_common/include/zr_vm_common/zr_runtime_limits_conf.h:33; zr_vm_core/src/zr_vm_core/value.c:559	commented	已有按调用链核对的分组或类型注释；逐项记录消费方。
zr_vm_common/include/zr_vm_common/zr_runtime_limits_conf.h	ZR_RUNTIME_REFLECTION_FORMAT_BUFFER_LENGTH	macro	zr_vm_core/src/zr_vm_core/reflection.c:4552	诊断、反射和调试格式化文本的临时缓冲容量。	调用方使用有界格式化并处理截断。	zr_vm_common/include/zr_vm_common/zr_runtime_limits_conf.h:34; zr_vm_core/src/zr_vm_core/reflection.c:4552	commented	已有按调用链核对的分组或类型注释；逐项记录消费方。
zr_vm_common/include/zr_vm_common/zr_runtime_limits_conf.h	ZR_RUNTIME_OBJECT_CALL_INLINE_ARGUMENT_CAPACITY	macro	zr_vm_core/src/zr_vm_core/object/object_call.c:2281	对象调用快速路径的内联实参数组容量。	超出上限应走非内联路径，避免栈数组越界。	zr_vm_common/include/zr_vm_common/zr_runtime_limits_conf.h:35; zr_vm_core/src/zr_vm_core/object/object_call.c:2281	commented	已有按调用链核对的分组或类型注释；逐项记录消费方。
zr_vm_common/include/zr_vm_common/zr_runtime_limits_conf.h	ZR_RUNTIME_OBJECT_PROTOTYPE_INITIAL_CAPACITY	macro	zr_vm_core/src/zr_vm_core/object/object.c:663	对象原型与继承列表的初始容量或增长参数。	扩容计算与实际分配长度保持一致。	zr_vm_common/include/zr_vm_common/zr_runtime_limits_conf.h:36; zr_vm_core/src/zr_vm_core/object/object.c:663	commented	已有按调用链核对的分组或类型注释；逐项记录消费方。
zr_vm_common/include/zr_vm_common/zr_runtime_limits_conf.h	ZR_RUNTIME_OBJECT_PROTOTYPE_GROWTH_FACTOR	macro	zr_vm_core/src/zr_vm_core/object/object.c:665	对象原型与继承列表的初始容量或增长参数。	扩容计算与实际分配长度保持一致。	zr_vm_common/include/zr_vm_common/zr_runtime_limits_conf.h:37; zr_vm_core/src/zr_vm_core/object/object.c:665	commented	已有按调用链核对的分组或类型注释；逐项记录消费方。
zr_vm_common/include/zr_vm_common/zr_runtime_limits_conf.h	ZR_RUNTIME_PROTOTYPE_INHERIT_INITIAL_CAPACITY	macro	未见其他 C/H 直接引用	对象原型与继承列表的初始容量或增长参数。	扩容计算与实际分配长度保持一致。	zr_vm_common/include/zr_vm_common/zr_runtime_limits_conf.h:38	no-comment	全仓 C/H 未见生产直接引用；已有分组协议说明，暂不为单个未用常量重复注释。
zr_vm_common/include/zr_vm_common/zr_runtime_sentinel_conf.h	ZR_RUNTIME_SENTINEL_CONF_H	宏	预处理器 include guard	防止公共头在同一编译单元中重复定义	只参与预处理；不构成运行时 API	zr_vm_common/include/zr_vm_common/zr_runtime_sentinel_conf.h:6	no-comment	普通 include guard；无需逐个注释
zr_vm_common/include/zr_vm_common/zr_runtime_sentinel_conf.h	ZR_RUNTIME_CALLSITE_CACHE_MEMBER_ENTRY_NONE	macro	zr_vm_core/src/zr_vm_core/execution/execution_member_access.c:418; zr_vm_core/src/zr_vm_core/execution/execution_meta_access.c:153	调用点缓存、调试行或 SemIR deopt 字段的无值标记。	只在所属字段域比较，不能当有效索引或 ID。	zr_vm_common/include/zr_vm_common/zr_runtime_sentinel_conf.h:11; zr_vm_core/src/zr_vm_core/execution/execution_member_access.c:418; zr_vm_core/src/zr_vm_core/execution/execution_meta_access.c:153	commented	已有按调用链核对的分组或类型注释；逐项记录消费方。
zr_vm_common/include/zr_vm_common/zr_runtime_sentinel_conf.h	ZR_RUNTIME_DEBUG_HOOK_LINE_NONE	macro	zr_vm_core/src/zr_vm_core/debug.c:618; zr_vm_core/src/zr_vm_core/function.c:3617; zr_vm_core/src/zr_vm_core/state.c:113	调用点缓存、调试行或 SemIR deopt 字段的无值标记。	只在所属字段域比较，不能当有效索引或 ID。	zr_vm_common/include/zr_vm_common/zr_runtime_sentinel_conf.h:12; zr_vm_core/src/zr_vm_core/debug.c:618; zr_vm_core/src/zr_vm_core/function.c:3617	commented	已有按调用链核对的分组或类型注释；逐项记录消费方。
zr_vm_common/include/zr_vm_common/zr_runtime_sentinel_conf.h	ZR_RUNTIME_SEMIR_DEOPT_ID_NONE	macro	zr_vm_parser/src/zr_vm_parser/compiler/compile_expression_support.c:143; zr_vm_parser/src/zr_vm_parser/compiler/compiler_quickening.c:9823; zr_vm_parser/src/zr_vm_parser/compiler/compiler_semir.c:14	调用点缓存、调试行或 SemIR deopt 字段的无值标记。	只在所属字段域比较，不能当有效索引或 ID。	zr_vm_common/include/zr_vm_common/zr_runtime_sentinel_conf.h:13; zr_vm_parser/src/zr_vm_parser/compiler/compile_expression_support.c:143; zr_vm_parser/src/zr_vm_parser/compiler/compiler_quickening.c:9823	commented	已有按调用链核对的分组或类型注释；逐项记录消费方。
zr_vm_common/include/zr_vm_common/zr_runtime_sentinel_conf.h	ZR_RUNTIME_INVALID_POINTER_GUARD_LOW_BOUND	macro	zr_vm_core/src/zr_vm_core/gc/gc_cycle.c:277; zr_vm_core/src/zr_vm_core/gc/gc_object.c:909; zr_vm_core/src/zr_vm_core/gc/gc_sweep.c:22	GC 与状态检查对可疑地址采用的保守指针边界。	只是启发式守卫，不是对象有效性证明；高地址上界仅在 64 位平台定义。	zr_vm_common/include/zr_vm_common/zr_runtime_sentinel_conf.h:14; zr_vm_core/src/zr_vm_core/gc/gc_cycle.c:277; zr_vm_core/src/zr_vm_core/gc/gc_object.c:909	commented	已有按调用链核对的分组或类型注释；逐项记录消费方。
zr_vm_common/include/zr_vm_common/zr_runtime_sentinel_conf.h	ZR_RUNTIME_LIKELY_USER_POINTER_MAX_INCLUSIVE	macro	zr_vm_core/src/zr_vm_core/gc/gc_cycle.c:280	GC 与状态检查对可疑地址采用的保守指针边界。	只是启发式守卫，不是对象有效性证明；高地址上界仅在 64 位平台定义。	zr_vm_common/include/zr_vm_common/zr_runtime_sentinel_conf.h:20; zr_vm_core/src/zr_vm_core/gc/gc_cycle.c:280	commented	已有按调用链核对的分组或类型注释；逐项记录消费方。
zr_vm_common/include/zr_vm_common/zr_runtime_sentinel_conf.h	ZR_RUNTIME_REFLECTION_ENTRY_HASH_SALT	macro	zr_vm_core/src/zr_vm_core/reflection.c:4225	反射条目散列使用独立盐隔离普通成员键域。	与 module path hash 混合时应维持一致身份域。	zr_vm_common/include/zr_vm_common/zr_runtime_sentinel_conf.h:23; zr_vm_core/src/zr_vm_core/reflection.c:4225	commented	已有按调用链核对的分组或类型注释；逐项记录消费方。
zr_vm_common/include/zr_vm_common/zr_string_conf.h	ZR_STRING_CONF_H	宏	预处理器 include guard	阻止公共头重复展开	预处理器保护；无运行时状态	zr_vm_common/include/zr_vm_common/zr_string_conf.h:6	no-comment	普通 include guard；无需重复说明
zr_vm_common/include/zr_vm_common/zr_string_conf.h	ZR_VM_SHORT_STRING_MAX	宏	zr_vm_core/include/zr_vm_core/container_storage_contract.h;tests/core/test_execution_member_access_fast_paths.c;tests/gc/gc_tests.c	确定 core 短字符串内联长度上限并影响对象布局	与头部短长度编码及 GC 扫描策略保持一致	zr_vm_common/include/zr_vm_common/zr_string_conf.h:16;zr_vm_core/include/zr_vm_core/container_storage_contract.h	commented	相邻组注释说明调用契约，无需对该常量重复逐行解释
zr_vm_common/include/zr_vm_common/zr_string_conf.h	ZR_VM_LONG_STRING_FLAG	宏	zr_vm_parser/src/zr_vm_parser/canonical_type.c;zr_vm_core/include/zr_vm_core/string.h;zr_vm_library/src/zr_vm_library/aot_runtime.c	标记长字符串布局，供 core 字符串及 parser/native 调用者判别	不能当作字符串字节数；长字符串长度走独立字段	zr_vm_common/include/zr_vm_common/zr_string_conf.h:17;zr_vm_parser/src/zr_vm_parser/canonical_type.c	no-comment	名称及组注释足以定位用途，逐项注释只会重复协议编号或容量值
zr_vm_common/include/zr_vm_common/zr_string_conf.h	ZR_NUMBER_TO_STRING_LENGTH_MAX	宏	zr_vm_core/include/zr_vm_core/string.h	给 core 数值或 native 指针文本化提供固定缓冲上限	调用方须检查 snprintf 结果并预留末尾 NUL	zr_vm_common/include/zr_vm_common/zr_string_conf.h:19;zr_vm_core/include/zr_vm_core/string.h	no-comment	字符串存储及 locale 组注释已覆盖
zr_vm_common/include/zr_vm_common/zr_string_conf.h	ZR_STRING_NULL_STRING	宏	zr_vm_core/src/zr_vm_core/execution/execution_numeric.c	向 core 值格式化提供 null/boolean 的统一字面文本	只描述显示文本，不替代 VM 值标签	zr_vm_common/include/zr_vm_common/zr_string_conf.h:21;zr_vm_core/src/zr_vm_core/execution/execution_numeric.c	no-comment	字符串存储及 locale 组注释已覆盖
zr_vm_common/include/zr_vm_common/zr_string_conf.h	ZR_STRING_TRUE_STRING	宏	zr_vm_core/src/zr_vm_core/execution/execution_numeric.c	向 core 值格式化提供 null/boolean 的统一字面文本	只描述显示文本，不替代 VM 值标签	zr_vm_common/include/zr_vm_common/zr_string_conf.h:22;zr_vm_core/src/zr_vm_core/execution/execution_numeric.c	no-comment	字符串存储及 locale 组注释已覆盖
zr_vm_common/include/zr_vm_common/zr_string_conf.h	ZR_STRING_FALSE_STRING	宏	zr_vm_core/src/zr_vm_core/execution/execution_numeric.c	向 core 值格式化提供 null/boolean 的统一字面文本	只描述显示文本，不替代 VM 值标签	zr_vm_common/include/zr_vm_common/zr_string_conf.h:23;zr_vm_core/src/zr_vm_core/execution/execution_numeric.c	no-comment	字符串存储及 locale 组注释已覆盖
zr_vm_common/include/zr_vm_common/zr_string_conf.h	ZR_STRING_DECIMAL_NUMBER_SET	宏	zr_vm_core/src/zr_vm_core/execution/execution_numeric.c	供 core 数值文本化判断小数表达式是否已有分隔符	匹配集合是文本扫描规则，受 locale 小数点处理影响	zr_vm_common/include/zr_vm_common/zr_string_conf.h:25;zr_vm_core/src/zr_vm_core/execution/execution_numeric.c	no-comment	字符串存储及 locale 组注释已覆盖
zr_vm_common/include/zr_vm_common/zr_string_conf.h	ZR_STRING_LOCALE_DECIMAL_POINT	宏	zr_vm_core/src/zr_vm_core/execution/execution_numeric.c	让 core 数值文本化从进程 locale 取得小数分隔符	仅取 decimal_point 首字节；多字节 locale 的正确性待调用方另证	zr_vm_common/include/zr_vm_common/zr_string_conf.h:28;zr_vm_core/src/zr_vm_core/execution/execution_numeric.c	commented	已有组注释描述 locale 依赖，单项值保持可检索
zr_vm_common/include/zr_vm_common/zr_string_conf.h	ZR_STRING_UTF8_SIZE	宏	zr_vm_core/include/zr_vm_core/string.h;zr_vm_lib_system/src/zr_vm_lib_system/console/console.c	为单个 UTF-8 编码/解码暂存提供固定栈缓冲容量	core 字符串与 utf8 例程共享；不能推断每个码点恰好占满缓冲	zr_vm_common/include/zr_vm_common/zr_string_conf.h:30;zr_vm_core/include/zr_vm_core/string.h	no-comment	字符串存储及 locale 组注释已覆盖
zr_vm_common/include/zr_vm_common/zr_string_conf.h	ZR_STRING_SIGNED_INTEGER_PRINT_FORMAT	宏	zr_vm_core/src/zr_vm_core/execution/execution_numeric.c	统一 core 对应数值/指针/字符的 snprintf 转换契约	LEN 是含 NUL 的目标容量；返回值可大于等于容量，调用方需处理截断	zr_vm_common/include/zr_vm_common/zr_string_conf.h:34;zr_vm_core/src/zr_vm_core/execution/execution_numeric.c	commented	格式化组注释说明容量契约，格式串本身清楚
zr_vm_common/include/zr_vm_common/zr_string_conf.h	ZR_STRING_UNSIGNED_INTEGER_PRINT_FORMAT	宏	zr_vm_core/src/zr_vm_core/execution/execution_numeric.c	统一 core 对应数值/指针/字符的 snprintf 转换契约	LEN 是含 NUL 的目标容量；返回值可大于等于容量，调用方需处理截断	zr_vm_common/include/zr_vm_common/zr_string_conf.h:36;zr_vm_core/src/zr_vm_core/execution/execution_numeric.c	no-comment	格式化组注释说明容量契约，格式串本身清楚
zr_vm_common/include/zr_vm_common/zr_string_conf.h	ZR_STRING_FLOAT_PRINT_FORMAT	宏	zr_vm_core/src/zr_vm_core/execution/execution_numeric.c	统一 core 对应数值/指针/字符的 snprintf 转换契约	LEN 是含 NUL 的目标容量；返回值可大于等于容量，调用方需处理截断	zr_vm_common/include/zr_vm_common/zr_string_conf.h:38;zr_vm_core/src/zr_vm_core/execution/execution_numeric.c	no-comment	格式化组注释说明容量契约，格式串本身清楚
zr_vm_common/include/zr_vm_common/zr_string_conf.h	ZR_STRING_POINTER_PRINT_FORMAT	宏	zr_vm_core/src/zr_vm_core/execution/execution_numeric.c	统一 core 对应数值/指针/字符的 snprintf 转换契约	LEN 是含 NUL 的目标容量；返回值可大于等于容量，调用方需处理截断	zr_vm_common/include/zr_vm_common/zr_string_conf.h:40;zr_vm_core/src/zr_vm_core/execution/execution_numeric.c	no-comment	格式化组注释说明容量契约，格式串本身清楚
zr_vm_common/include/zr_vm_common/zr_string_conf.h	ZR_STRING_CHAR_PRINT_FORMAT	宏	仅头内声明或预留协议编号	统一 core 对应数值/指针/字符的 snprintf 转换契约	LEN 是含 NUL 的目标容量；返回值可大于等于容量，调用方需处理截断	zr_vm_common/include/zr_vm_common/zr_string_conf.h:42	no-comment	格式化组注释说明容量契约，格式串本身清楚
zr_vm_common/include/zr_vm_common/zr_thread_conf.h	ZR_THREAD_CONF_H	宏	预处理器 include guard	防止公共头在同一编译单元中重复定义	只参与预处理；不构成运行时 API	zr_vm_common/include/zr_vm_common/zr_thread_conf.h:6	no-comment	普通 include guard；无需逐个注释
zr_vm_common/include/zr_vm_common/zr_thread_conf.h	ZR_THREAD_STACK_SIZE_MIN	macro	zr_vm_core/src/zr_vm_core/state.c:51; zr_vm_common/include/zr_vm_common/zr_thread_conf.h:10	线程栈起始容量和增长时的额外保留。	调用帧增长路径与预留容量保持一致。	zr_vm_common/include/zr_vm_common/zr_thread_conf.h:9; zr_vm_core/src/zr_vm_core/state.c:51; zr_vm_common/include/zr_vm_common/zr_thread_conf.h:10	commented	已有按调用链核对的分组或类型注释；逐项记录消费方。
zr_vm_common/include/zr_vm_common/zr_thread_conf.h	ZR_THREAD_STACK_SIZE_BASIC	macro	zr_vm_core/src/zr_vm_core/state.c:30	线程栈起始容量和增长时的额外保留。	调用帧增长路径与预留容量保持一致。	zr_vm_common/include/zr_vm_common/zr_thread_conf.h:10; zr_vm_core/src/zr_vm_core/state.c:30	commented	已有按调用链核对的分组或类型注释；逐项记录消费方。
zr_vm_common/include/zr_vm_common/zr_thread_conf.h	ZR_THREAD_STACK_SIZE_EXTRA	macro	zr_vm_core/src/zr_vm_core/stack.c:86; zr_vm_core/src/zr_vm_core/state.c:30	线程栈起始容量和增长时的额外保留。	调用帧增长路径与预留容量保持一致。	zr_vm_common/include/zr_vm_common/zr_thread_conf.h:11; zr_vm_core/src/zr_vm_core/stack.c:86; zr_vm_core/src/zr_vm_core/state.c:30	commented	已有按调用链核对的分组或类型注释；逐项记录消费方。
zr_vm_common/include/zr_vm_common/zr_thread_conf.h	ZR_THREAD_LOCK	macro	zr_vm_core/src/zr_vm_core/debug.c:1154; zr_vm_core/src/zr_vm_core/function.c:3623; zr_vm_core/src/zr_vm_core/io.c:22	native、IO、调试与栈边界的宿主锁钩子。	宿主覆盖须成对定义并保证重入时锁顺序；默认空操作。	zr_vm_common/include/zr_vm_common/zr_thread_conf.h:18; zr_vm_core/src/zr_vm_core/debug.c:1154; zr_vm_core/src/zr_vm_core/function.c:3623	commented	已有按调用链核对的分组或类型注释；逐项记录消费方。
zr_vm_common/include/zr_vm_common/zr_thread_conf.h	ZR_THREAD_UNLOCK	macro	zr_vm_core/src/zr_vm_core/debug.c:1091; zr_vm_core/src/zr_vm_core/exception.c:591; zr_vm_core/src/zr_vm_core/function.c:3621	native、IO、调试与栈边界的宿主锁钩子。	宿主覆盖须成对定义并保证重入时锁顺序；默认空操作。	zr_vm_common/include/zr_vm_common/zr_thread_conf.h:19; zr_vm_core/src/zr_vm_core/debug.c:1091; zr_vm_core/src/zr_vm_core/exception.c:591	commented	已有按调用链核对的分组或类型注释；逐项记录消费方。
zr_vm_common/include/zr_vm_common/zr_thread_conf.h	EZrThreadStatus	enum	zr_vm_core/include/zr_vm_core/call_info.h:44; zr_vm_core/include/zr_vm_core/callback.h:123; zr_vm_core/include/zr_vm_core/closure.h:141	跨模块报告线程执行完成、让出和错误状态。	状态不可与 GC 状态或调用状态互换。	zr_vm_common/include/zr_vm_common/zr_thread_conf.h:23; zr_vm_core/include/zr_vm_core/call_info.h:44; zr_vm_core/include/zr_vm_core/callback.h:123	commented	已有按调用链核对的分组或类型注释；逐项记录消费方。
zr_vm_common/include/zr_vm_common/zr_type_conf.h	ZR_TYPE_CONF_H	宏	预处理器 include guard	防止公共头在同一编译单元中重复定义	只参与预处理；不构成运行时 API	zr_vm_common/include/zr_vm_common/zr_type_conf.h:6	no-comment	普通 include guard；无需逐个注释
zr_vm_common/include/zr_vm_common/zr_type_conf.h	EZrValueType	enum	zr_vm_core/include/zr_vm_core/constant_reference.h:112; zr_vm_core/include/zr_vm_core/function.h:54; zr_vm_core/include/zr_vm_core/gc.h:490	VM 值标签兼作类型分派和原始对象编号的基础。	区间谓词与 switch 组依赖编号顺序；序列化和解释器共享布局。	zr_vm_common/include/zr_vm_common/zr_type_conf.h:14; zr_vm_core/include/zr_vm_core/constant_reference.h:112; zr_vm_core/include/zr_vm_core/function.h:54	commented	已有按调用链核对的分组或类型注释；逐项记录消费方。
zr_vm_common/include/zr_vm_common/zr_type_conf.h	EZrStaticCType	enum	zr_vm_core/include/zr_vm_core/function.h:203; zr_vm_core/include/zr_vm_core/io.h:144; zr_vm_core/src/zr_vm_core/io.c:411	SemIR/AOT 把动态值映射到静态 C 表示。	GC_REF 与原生指针语义不同，类型映射需贯穿 reader 与代码生成。	zr_vm_common/include/zr_vm_common/zr_type_conf.h:71; zr_vm_core/include/zr_vm_core/function.h:203; zr_vm_core/include/zr_vm_core/io.h:144	commented	已有按调用链核对的分组或类型注释；逐项记录消费方。
zr_vm_common/include/zr_vm_common/zr_type_conf.h	ZR_VALUE_IS_TYPE_NULL	macro	zr_vm_core/include/zr_vm_core/value.h:122; zr_vm_core/src/zr_vm_core/closure.c:550; zr_vm_core/src/zr_vm_core/debug.c:255	core 和 parser 通过该谓词识别 null 值类别。	只与指定值标签匹配；新增值标签须核对分类。	zr_vm_common/include/zr_vm_common/zr_type_conf.h:91; zr_vm_core/include/zr_vm_core/value.h:122; zr_vm_core/src/zr_vm_core/closure.c:550	commented	已有按调用链核对的分组或类型注释；逐项记录消费方。
zr_vm_common/include/zr_vm_common/zr_type_conf.h	ZR_VALUE_IS_TYPE_BOOL	macro	zr_vm_core/src/zr_vm_core/exec_ir/exec_ir_interpreter.c:70; zr_vm_core/src/zr_vm_core/execution/execution_dispatch.c:2153; zr_vm_core/src/zr_vm_core/execution/execution_internal.h:745	core 和 parser 通过该谓词识别 bool 值类别。	只与指定值标签匹配；新增值标签须核对分类。	zr_vm_common/include/zr_vm_common/zr_type_conf.h:92; zr_vm_core/src/zr_vm_core/exec_ir/exec_ir_interpreter.c:70; zr_vm_core/src/zr_vm_core/execution/execution_dispatch.c:2153	commented	已有按调用链核对的分组或类型注释；逐项记录消费方。
zr_vm_common/include/zr_vm_common/zr_type_conf.h	ZR_VALUE_IS_TYPE_SIGNED_INT	macro	zr_vm_core/src/zr_vm_core/exec_ir/exec_ir_interpreter.c:83; zr_vm_core/src/zr_vm_core/execution/execution_dispatch.c:4724	core 和 parser 通过该谓词识别 signed int 值类别。	编号区间依赖 EZrValueType 连续排列。	zr_vm_common/include/zr_vm_common/zr_type_conf.h:93; zr_vm_core/src/zr_vm_core/exec_ir/exec_ir_interpreter.c:83; zr_vm_core/src/zr_vm_core/execution/execution_dispatch.c:4724	commented	已有按调用链核对的分组或类型注释；逐项记录消费方。
zr_vm_common/include/zr_vm_common/zr_type_conf.h	ZR_VALUE_IS_TYPE_UNSIGNED_INT	macro	zr_vm_core/src/zr_vm_core/exec_ir/exec_ir_interpreter.c:97; zr_vm_core/src/zr_vm_core/execution/execution_dispatch.c:2159	core 和 parser 通过该谓词识别 unsigned int 值类别。	编号区间依赖 EZrValueType 连续排列。	zr_vm_common/include/zr_vm_common/zr_type_conf.h:94; zr_vm_core/src/zr_vm_core/exec_ir/exec_ir_interpreter.c:97; zr_vm_core/src/zr_vm_core/execution/execution_dispatch.c:2159	commented	已有按调用链核对的分组或类型注释；逐项记录消费方。
zr_vm_common/include/zr_vm_common/zr_type_conf.h	ZR_VALUE_IS_TYPE_INT	macro	zr_vm_core/src/zr_vm_core/exception.c:990; zr_vm_core/src/zr_vm_core/execution/execution_dispatch.c:2156	core 和 parser 通过该谓词识别 int 值类别。	编号区间依赖 EZrValueType 连续排列。	zr_vm_common/include/zr_vm_common/zr_type_conf.h:96; zr_vm_core/src/zr_vm_core/exception.c:990; zr_vm_core/src/zr_vm_core/execution/execution_dispatch.c:2156	commented	已有按调用链核对的分组或类型注释；逐项记录消费方。
zr_vm_common/include/zr_vm_common/zr_type_conf.h	ZR_VALUE_IS_TYPE_FLOAT	macro	zr_vm_core/src/zr_vm_core/exec_ir/exec_ir_interpreter.c:111; zr_vm_core/src/zr_vm_core/execution/execution_dispatch.c:2162; zr_vm_core/src/zr_vm_core/execution/execution_inline_frame.c:439	core 和 parser 通过该谓词识别 float 值类别。	编号区间依赖 EZrValueType 连续排列。	zr_vm_common/include/zr_vm_common/zr_type_conf.h:98; zr_vm_core/src/zr_vm_core/exec_ir/exec_ir_interpreter.c:111; zr_vm_core/src/zr_vm_core/execution/execution_dispatch.c:2162	commented	已有按调用链核对的分组或类型注释；逐项记录消费方。
zr_vm_common/include/zr_vm_common/zr_type_conf.h	ZR_VALUE_IS_TYPE_NUMBER	macro	zr_vm_core/src/zr_vm_core/exec_ir/exec_ir_interpreter.c:429; zr_vm_core/src/zr_vm_core/execution/execution_dispatch.c:7537; zr_vm_core/src/zr_vm_core/execution/execution_internal.h:746	core 和 parser 通过该谓词识别 number 值类别。	编号区间依赖 EZrValueType 连续排列。	zr_vm_common/include/zr_vm_common/zr_type_conf.h:99; zr_vm_core/src/zr_vm_core/exec_ir/exec_ir_interpreter.c:429; zr_vm_core/src/zr_vm_core/execution/execution_dispatch.c:7537	commented	已有按调用链核对的分组或类型注释；逐项记录消费方。
zr_vm_common/include/zr_vm_common/zr_type_conf.h	ZR_VALUE_IS_TYPE_STRING	macro	zr_vm_core/src/zr_vm_core/execution/execution_dispatch.c:2168; zr_vm_core/src/zr_vm_core/execution/execution_internal.h:720; zr_vm_core/src/zr_vm_core/execution/execution_numeric.c:134	core 和 parser 通过该谓词识别 string 值类别。	只与指定值标签匹配；新增值标签须核对分类。	zr_vm_common/include/zr_vm_common/zr_type_conf.h:100; zr_vm_core/src/zr_vm_core/execution/execution_dispatch.c:2168; zr_vm_core/src/zr_vm_core/execution/execution_internal.h:720	commented	已有按调用链核对的分组或类型注释；逐项记录消费方。
zr_vm_common/include/zr_vm_common/zr_type_conf.h	ZR_VALUE_IS_TYPE_NATIVE	macro	zr_vm_core/src/zr_vm_core/execution/execution_internal.h:747; zr_vm_core/src/zr_vm_core/string.c:336; zr_vm_core/src/zr_vm_core/value.c:148	core 和 parser 通过该谓词识别 native 值类别。	只与指定值标签匹配；新增值标签须核对分类。	zr_vm_common/include/zr_vm_common/zr_type_conf.h:101; zr_vm_core/src/zr_vm_core/execution/execution_internal.h:747; zr_vm_core/src/zr_vm_core/string.c:336	commented	已有按调用链核对的分组或类型注释；逐项记录消费方。
zr_vm_common/include/zr_vm_common/zr_type_conf.h	ZR_VALUE_IS_TYPE_BASIC	macro	未见其他 C/H 直接引用	core 和 parser 通过该谓词识别 basic 值类别。	编号区间依赖 EZrValueType 连续排列。	zr_vm_common/include/zr_vm_common/zr_type_conf.h:105	no-comment	全仓 C/H 未见生产直接引用；已有分组协议说明，暂不为单个未用常量重复注释。
zr_vm_common/include/zr_vm_common/zr_type_conf.h	ZR_VALUE_IS_TYPE_BUFFER	macro	未见其他 C/H 直接引用	core 和 parser 通过该谓词识别 buffer 值类别。	只与指定值标签匹配；新增值标签须核对分类。	zr_vm_common/include/zr_vm_common/zr_type_conf.h:108	no-comment	全仓 C/H 未见生产直接引用；已有分组协议说明，暂不为单个未用常量重复注释。
zr_vm_common/include/zr_vm_common/zr_type_conf.h	ZR_VALUE_IS_TYPE_ARRAY	macro	tests/instructions/test_instructions.c:2257; zr_vm_rust_binding/src/zr_vm_rust_binding/value.c:290	core 和 parser 通过该谓词识别 array 值类别。	只与指定值标签匹配；新增值标签须核对分类。	zr_vm_common/include/zr_vm_common/zr_type_conf.h:109; tests/instructions/test_instructions.c:2257; zr_vm_rust_binding/src/zr_vm_rust_binding/value.c:290	commented	已有按调用链核对的分组或类型注释；逐项记录消费方。
zr_vm_common/include/zr_vm_common/zr_type_conf.h	ZR_VALUE_IS_TYPE_FUNCTION	macro	tests/ffi/test_ffi_module.c:340; tests/module/test_module_system.c:2213; zr_vm_rust_binding/src/zr_vm_rust_binding/value.c:296	core 和 parser 通过该谓词识别 function 值类别。	只与指定值标签匹配；新增值标签须核对分类。	zr_vm_common/include/zr_vm_common/zr_type_conf.h:110; tests/ffi/test_ffi_module.c:340; tests/module/test_module_system.c:2213	commented	已有按调用链核对的分组或类型注释；逐项记录消费方。
zr_vm_common/include/zr_vm_common/zr_type_conf.h	ZR_VALUE_IS_TYPE_CLOSURE	macro	tests/instructions/test_instructions.c:6990; tests/module/test_module_system.c:2213; zr_vm_rust_binding/src/zr_vm_rust_binding/value.c:296	core 和 parser 通过该谓词识别 closure 值类别。	只与指定值标签匹配；新增值标签须核对分类。	zr_vm_common/include/zr_vm_common/zr_type_conf.h:111; tests/instructions/test_instructions.c:6990; tests/module/test_module_system.c:2213	commented	已有按调用链核对的分组或类型注释；逐项记录消费方。
zr_vm_common/include/zr_vm_common/zr_type_conf.h	ZR_VALUE_IS_TYPE_CLOSURE_VALUE	macro	zr_vm_rust_binding/src/zr_vm_rust_binding/value.c:297	core 和 parser 通过该谓词识别 closure value 值类别。	只与指定值标签匹配；新增值标签须核对分类。	zr_vm_common/include/zr_vm_common/zr_type_conf.h:112; zr_vm_rust_binding/src/zr_vm_rust_binding/value.c:297	commented	已有按调用链核对的分组或类型注释；逐项记录消费方。
zr_vm_common/include/zr_vm_common/zr_type_conf.h	ZR_VALUE_IS_TYPE_OBJECT	macro	zr_vm_core/src/zr_vm_core/execution/execution_dispatch.c:6541; zr_vm_core/src/zr_vm_core/execution/execution_object.c:572; tests/instructions/test_instructions.c:2224	core 和 parser 通过该谓词识别 object 值类别。	只与指定值标签匹配；新增值标签须核对分类。	zr_vm_common/include/zr_vm_common/zr_type_conf.h:113; zr_vm_core/src/zr_vm_core/execution/execution_dispatch.c:6541; zr_vm_core/src/zr_vm_core/execution/execution_object.c:572	commented	已有按调用链核对的分组或类型注释；逐项记录消费方。
zr_vm_common/include/zr_vm_common/zr_type_conf.h	ZR_VALUE_IS_TYPE_THREAD	macro	zr_vm_rust_binding/src/zr_vm_rust_binding/value.c:293	core 和 parser 通过该谓词识别 thread 值类别。	只与指定值标签匹配；新增值标签须核对分类。	zr_vm_common/include/zr_vm_common/zr_type_conf.h:114; zr_vm_rust_binding/src/zr_vm_rust_binding/value.c:293	commented	已有按调用链核对的分组或类型注释；逐项记录消费方。
zr_vm_common/include/zr_vm_common/zr_type_conf.h	ZR_VALUE_IS_TYPE_ZR_ITEM	macro	zr_vm_core/src/zr_vm_core/exec_ir/exec_ir_materialize_objects.c:273; zr_vm_core/src/zr_vm_core/value.c:33	core 和 parser 通过该谓词识别 zr item 值类别。	编号区间依赖 EZrValueType 连续排列。	zr_vm_common/include/zr_vm_common/zr_type_conf.h:116; zr_vm_core/src/zr_vm_core/exec_ir/exec_ir_materialize_objects.c:273; zr_vm_core/src/zr_vm_core/value.c:33	commented	已有按调用链核对的分组或类型注释；逐项记录消费方。
zr_vm_common/include/zr_vm_common/zr_type_conf.h	ZR_VALUE_IS_TYPE_NORMAL	macro	zr_vm_core/include/zr_vm_core/value.h:319; zr_vm_core/src/zr_vm_core/exec_ir/exec_ir_materialize_objects.c:264	core 和 parser 通过该谓词识别 normal 值类别。	编号区间依赖 EZrValueType 连续排列。	zr_vm_common/include/zr_vm_common/zr_type_conf.h:119; zr_vm_core/include/zr_vm_core/value.h:319; zr_vm_core/src/zr_vm_core/exec_ir/exec_ir_materialize_objects.c:264	commented	已有按调用链核对的分组或类型注释；逐项记录消费方。
zr_vm_common/include/zr_vm_common/zr_type_conf.h	ZR_VALUE_CASES_SIGNED_INT	macro	zr_vm_core/src/zr_vm_core/execution/execution_inline_frame.c:348; zr_vm_core/src/zr_vm_core/execution/execution_numeric.c:77; zr_vm_core/src/zr_vm_core/function_frame_place.c:407	数值转换和解释器 switch 复用 signed_int 类型 case 集。	case 集必须与对应 ZR_VALUE_IS_TYPE 谓词保持一致。	zr_vm_common/include/zr_vm_common/zr_type_conf.h:123; zr_vm_core/src/zr_vm_core/execution/execution_inline_frame.c:348; zr_vm_core/src/zr_vm_core/execution/execution_numeric.c:77	commented	已有按调用链核对的分组或类型注释；逐项记录消费方。
zr_vm_common/include/zr_vm_common/zr_type_conf.h	ZR_VALUE_CASES_UNSIGNED_INT	macro	zr_vm_core/src/zr_vm_core/execution/execution_inline_frame.c:356; zr_vm_core/src/zr_vm_core/execution/execution_numeric.c:84; zr_vm_core/src/zr_vm_core/function_frame_place.c:415	数值转换和解释器 switch 复用 unsigned_int 类型 case 集。	case 集必须与对应 ZR_VALUE_IS_TYPE 谓词保持一致。	zr_vm_common/include/zr_vm_common/zr_type_conf.h:129; zr_vm_core/src/zr_vm_core/execution/execution_inline_frame.c:356; zr_vm_core/src/zr_vm_core/execution/execution_numeric.c:84	commented	已有按调用链核对的分组或类型注释；逐项记录消费方。
zr_vm_common/include/zr_vm_common/zr_type_conf.h	ZR_VALUE_CASES_INT	macro	zr_vm_core/src/zr_vm_core/value.c:252; zr_vm_common/include/zr_vm_common/zr_type_conf.h:144	数值转换和解释器 switch 复用 int 类型 case 集。	case 集必须与对应 ZR_VALUE_IS_TYPE 谓词保持一致。	zr_vm_common/include/zr_vm_common/zr_type_conf.h:135; zr_vm_core/src/zr_vm_core/value.c:252; zr_vm_common/include/zr_vm_common/zr_type_conf.h:144	commented	已有按调用链核对的分组或类型注释；逐项记录消费方。
zr_vm_common/include/zr_vm_common/zr_type_conf.h	ZR_VALUE_CASES_FLOAT	macro	zr_vm_core/src/zr_vm_core/execution/execution_numeric.c:91; zr_vm_core/src/zr_vm_core/string.c:348; zr_vm_core/src/zr_vm_core/value.c:254	数值转换和解释器 switch 复用 float 类型 case 集。	case 集必须与对应 ZR_VALUE_IS_TYPE 谓词保持一致。	zr_vm_common/include/zr_vm_common/zr_type_conf.h:139; zr_vm_core/src/zr_vm_core/execution/execution_numeric.c:91; zr_vm_core/src/zr_vm_core/string.c:348	commented	已有按调用链核对的分组或类型注释；逐项记录消费方。
zr_vm_common/include/zr_vm_common/zr_type_conf.h	ZR_VALUE_CASES_NUMBER	macro	zr_vm_core/src/zr_vm_core/value.c:366	数值转换和解释器 switch 复用 number 类型 case 集。	case 集必须与对应 ZR_VALUE_IS_TYPE 谓词保持一致。	zr_vm_common/include/zr_vm_common/zr_type_conf.h:143; zr_vm_core/src/zr_vm_core/value.c:366	commented	已有按调用链核对的分组或类型注释；逐项记录消费方。
zr_vm_common/include/zr_vm_common/zr_type_conf.h	ZR_VALUE_CASES_NATIVE	macro	zr_vm_core/src/zr_vm_core/execution/execution_numeric.c:104; zr_vm_core/src/zr_vm_core/string.c:358; zr_vm_core/src/zr_vm_core/value.c:367	数值转换和解释器 switch 复用 native 类型 case 集。	case 集必须与对应 ZR_VALUE_IS_TYPE 谓词保持一致。	zr_vm_common/include/zr_vm_common/zr_type_conf.h:147; zr_vm_core/src/zr_vm_core/execution/execution_numeric.c:104; zr_vm_core/src/zr_vm_core/string.c:358	commented	已有按调用链核对的分组或类型注释；逐项记录消费方。
zr_vm_common/include/zr_vm_common/zr_type_conf.h	ZR_TYPE_RANGE_INT8_MIN	macro	zr_vm_core/src/zr_vm_core/reflection_field_value_primitive.c:151; zr_vm_parser/src/zr_vm_parser/type_inference.c:4057; zr_vm_parser/src/zr_vm_parser/type_inference/type_inference_numeric_range.c:17	parser 类型推断用该静态整数边界检查字面量和数值范围。	比较前保持 TZrInt64 单位与有符号语义。	zr_vm_common/include/zr_vm_common/zr_type_conf.h:152; zr_vm_core/src/zr_vm_core/reflection_field_value_primitive.c:151; zr_vm_parser/src/zr_vm_parser/type_inference.c:4057	commented	已有按调用链核对的分组或类型注释；逐项记录消费方。
zr_vm_common/include/zr_vm_common/zr_type_conf.h	ZR_TYPE_RANGE_INT8_MAX	macro	zr_vm_core/src/zr_vm_core/reflection_field_value_primitive.c:152; zr_vm_parser/src/zr_vm_parser/type_inference.c:4058; zr_vm_parser/src/zr_vm_parser/type_inference/type_inference_numeric_range.c:18	parser 类型推断用该静态整数边界检查字面量和数值范围。	比较前保持 TZrInt64 单位与有符号语义。	zr_vm_common/include/zr_vm_common/zr_type_conf.h:153; zr_vm_core/src/zr_vm_core/reflection_field_value_primitive.c:152; zr_vm_parser/src/zr_vm_parser/type_inference.c:4058	commented	已有按调用链核对的分组或类型注释；逐项记录消费方。
zr_vm_common/include/zr_vm_common/zr_type_conf.h	ZR_TYPE_RANGE_INT16_MIN	macro	zr_vm_core/src/zr_vm_core/reflection_field_value_primitive.c:155; zr_vm_parser/src/zr_vm_parser/type_inference.c:4061; zr_vm_parser/src/zr_vm_parser/type_inference/type_inference_numeric_range.c:21	parser 类型推断用该静态整数边界检查字面量和数值范围。	比较前保持 TZrInt64 单位与有符号语义。	zr_vm_common/include/zr_vm_common/zr_type_conf.h:154; zr_vm_core/src/zr_vm_core/reflection_field_value_primitive.c:155; zr_vm_parser/src/zr_vm_parser/type_inference.c:4061	commented	已有按调用链核对的分组或类型注释；逐项记录消费方。
zr_vm_common/include/zr_vm_common/zr_type_conf.h	ZR_TYPE_RANGE_INT16_MAX	macro	zr_vm_core/src/zr_vm_core/reflection_field_value_primitive.c:156; zr_vm_parser/src/zr_vm_parser/type_inference.c:4062; zr_vm_parser/src/zr_vm_parser/type_inference/type_inference_numeric_range.c:22	parser 类型推断用该静态整数边界检查字面量和数值范围。	比较前保持 TZrInt64 单位与有符号语义。	zr_vm_common/include/zr_vm_common/zr_type_conf.h:155; zr_vm_core/src/zr_vm_core/reflection_field_value_primitive.c:156; zr_vm_parser/src/zr_vm_parser/type_inference.c:4062	commented	已有按调用链核对的分组或类型注释；逐项记录消费方。
zr_vm_common/include/zr_vm_common/zr_type_conf.h	ZR_TYPE_RANGE_INT32_MIN	macro	zr_vm_core/src/zr_vm_core/reflection_field_value_primitive.c:159; zr_vm_parser/src/zr_vm_parser/type_inference.c:4065; zr_vm_parser/src/zr_vm_parser/type_inference/type_inference_numeric_range.c:25	parser 类型推断用该静态整数边界检查字面量和数值范围。	比较前保持 TZrInt64 单位与有符号语义。	zr_vm_common/include/zr_vm_common/zr_type_conf.h:156; zr_vm_core/src/zr_vm_core/reflection_field_value_primitive.c:159; zr_vm_parser/src/zr_vm_parser/type_inference.c:4065	commented	已有按调用链核对的分组或类型注释；逐项记录消费方。
zr_vm_common/include/zr_vm_common/zr_type_conf.h	ZR_TYPE_RANGE_INT32_MAX	macro	zr_vm_core/src/zr_vm_core/reflection_field_value_primitive.c:160; zr_vm_parser/src/zr_vm_parser/type_inference.c:4066; zr_vm_parser/src/zr_vm_parser/type_inference/type_inference_numeric_range.c:26	parser 类型推断用该静态整数边界检查字面量和数值范围。	比较前保持 TZrInt64 单位与有符号语义。	zr_vm_common/include/zr_vm_common/zr_type_conf.h:157; zr_vm_core/src/zr_vm_core/reflection_field_value_primitive.c:160; zr_vm_parser/src/zr_vm_parser/type_inference.c:4066	commented	已有按调用链核对的分组或类型注释；逐项记录消费方。
zr_vm_common/include/zr_vm_common/zr_type_conf.h	ZR_TYPE_RANGE_INT64_MIN	macro	zr_vm_core/src/zr_vm_core/execution/execution_dispatch.c:4946; zr_vm_core/src/zr_vm_core/reflection_field_value_primitive.c:163; zr_vm_parser/src/zr_vm_parser/type_inference.c:4069	parser 类型推断用该静态整数边界检查字面量和数值范围。	比较前保持 TZrInt64 单位与有符号语义。	zr_vm_common/include/zr_vm_common/zr_type_conf.h:158; zr_vm_core/src/zr_vm_core/execution/execution_dispatch.c:4946; zr_vm_core/src/zr_vm_core/reflection_field_value_primitive.c:163	commented	已有按调用链核对的分组或类型注释；逐项记录消费方。
zr_vm_common/include/zr_vm_common/zr_type_conf.h	ZR_TYPE_RANGE_INT64_MAX	macro	zr_vm_core/src/zr_vm_core/execution/execution_dispatch.c:4944; zr_vm_core/src/zr_vm_core/reflection_field_value_primitive.c:164; zr_vm_parser/src/zr_vm_parser/type_inference.c:4070	parser 类型推断用该静态整数边界检查字面量和数值范围。	比较前保持 TZrInt64 单位与有符号语义。	zr_vm_common/include/zr_vm_common/zr_type_conf.h:159; zr_vm_core/src/zr_vm_core/execution/execution_dispatch.c:4944; zr_vm_core/src/zr_vm_core/reflection_field_value_primitive.c:164	commented	已有按调用链核对的分组或类型注释；逐项记录消费方。
zr_vm_common/include/zr_vm_common/zr_type_conf.h	ZR_TYPE_RANGE_UINT8_MAX	macro	zr_vm_parser/src/zr_vm_parser/type_inference.c:4074; zr_vm_parser/src/zr_vm_parser/type_inference/type_inference_numeric_range.c:34; tests/module/test_reflection_token_resolve.c:3685	parser 类型推断用该静态整数边界检查字面量和数值范围。	比较前保持 TZrInt64 单位与有符号语义。	zr_vm_common/include/zr_vm_common/zr_type_conf.h:160; zr_vm_parser/src/zr_vm_parser/type_inference.c:4074; zr_vm_parser/src/zr_vm_parser/type_inference/type_inference_numeric_range.c:34	commented	已有按调用链核对的分组或类型注释；逐项记录消费方。
zr_vm_common/include/zr_vm_common/zr_type_conf.h	ZR_TYPE_RANGE_UINT16_MAX	macro	zr_vm_parser/src/zr_vm_parser/type_inference.c:4078; zr_vm_parser/src/zr_vm_parser/type_inference/type_inference_numeric_range.c:38; zr_vm_language_server/src/zr_vm_language_server/semantic_type_prototypes.c:592	parser 类型推断用该静态整数边界检查字面量和数值范围。	比较前保持 TZrInt64 单位与有符号语义。	zr_vm_common/include/zr_vm_common/zr_type_conf.h:161; zr_vm_parser/src/zr_vm_parser/type_inference.c:4078; zr_vm_parser/src/zr_vm_parser/type_inference/type_inference_numeric_range.c:38	commented	已有按调用链核对的分组或类型注释；逐项记录消费方。
zr_vm_common/include/zr_vm_common/zr_type_conf.h	ZR_TYPE_RANGE_UINT32_MAX	macro	zr_vm_parser/src/zr_vm_parser/type_inference.c:4082; zr_vm_parser/src/zr_vm_parser/type_inference/type_inference_numeric_range.c:42; zr_vm_language_server/src/zr_vm_language_server/semantic_type_prototypes.c:596	parser 类型推断用该静态整数边界检查字面量和数值范围。	比较前保持 TZrInt64 单位与有符号语义。	zr_vm_common/include/zr_vm_common/zr_type_conf.h:162; zr_vm_parser/src/zr_vm_parser/type_inference.c:4082; zr_vm_parser/src/zr_vm_parser/type_inference/type_inference_numeric_range.c:42	commented	已有按调用链核对的分组或类型注释；逐项记录消费方。
zr_vm_common/include/zr_vm_common/zr_type_conf.h	ZR_TYPE_RANGE_UINT64_MAX	macro	zr_vm_parser/src/zr_vm_parser/type_inference.c:4086; zr_vm_parser/src/zr_vm_parser/type_inference/type_inference_numeric_range.c:46; zr_vm_parser/src/zr_vm_parser/type_inference/type_inference_semantic_facts.c:459	parser 类型推断用该静态整数边界检查字面量和数值范围。	字面量范围以 TZrInt64 表示，UINT64 上界因此停在 INT64_MAX。	zr_vm_common/include/zr_vm_common/zr_type_conf.h:164; zr_vm_parser/src/zr_vm_parser/type_inference.c:4086; zr_vm_parser/src/zr_vm_parser/type_inference/type_inference_numeric_range.c:46	commented	已有按调用链核对的分组或类型注释；逐项记录消费方。
zr_vm_common/include/zr_vm_common/zr_version_info.h	ZR_VERSION_INFO_H	宏	预处理器 include guard	阻止公共头重复展开	预处理器保护；无运行时状态	zr_vm_common/include/zr_vm_common/zr_version_info.h:6	no-comment	普通 include guard；无需重复说明
zr_vm_common/include/zr_vm_common/zr_version_info.h	ZR_VM_COPYRIGHT	宏	仅头内声明或预留协议编号	向 CLI/版本输出提供静态产品识别文本	只用于展示，不表示文件格式或运行时能力版本	zr_vm_common/include/zr_vm_common/zr_version_info.h:9	no-comment	版本组注释已说明来源及跨编译限制
zr_vm_common/include/zr_vm_common/zr_version_info.h	ZR_VM_AUTHOR	宏	仅头内声明或预留协议编号	向 CLI/版本输出提供静态产品识别文本	只用于展示，不表示文件格式或运行时能力版本	zr_vm_common/include/zr_vm_common/zr_version_info.h:10	no-comment	版本组注释已说明来源及跨编译限制
zr_vm_common/include/zr_vm_common/zr_version_info.h	ZR_VM_DESCRIPTION	宏	仅头内声明或预留协议编号	向 CLI/版本输出提供静态产品识别文本	只用于展示，不表示文件格式或运行时能力版本	zr_vm_common/include/zr_vm_common/zr_version_info.h:11	no-comment	版本组注释已说明来源及跨编译限制
zr_vm_common/include/zr_vm_common/zr_version_info.h	ZR_VM_MAJOR_VERSION	宏	zr_vm_parser/src/zr_vm_parser/writer/writer_binary.c	确定 CLI/产物对外报告的源码语义版本片段	改变后需核对 .zro 兼容版本策略，不可直接等同 patch 门槛	zr_vm_common/include/zr_vm_common/zr_version_info.h:14;zr_vm_parser/src/zr_vm_parser/writer/writer_binary.c	commented	版本组注释已说明来源及跨编译限制
zr_vm_common/include/zr_vm_common/zr_version_info.h	ZR_VM_MINOR_VERSION	宏	zr_vm_parser/src/zr_vm_parser/writer/writer_binary.c	确定 CLI/产物对外报告的源码语义版本片段	改变后需核对 .zro 兼容版本策略，不可直接等同 patch 门槛	zr_vm_common/include/zr_vm_common/zr_version_info.h:15;zr_vm_parser/src/zr_vm_parser/writer/writer_binary.c	no-comment	版本组注释已说明来源及跨编译限制
zr_vm_common/include/zr_vm_common/zr_version_info.h	ZR_VM_PATCH_VERSION	宏	仅头内声明或预留协议编号	确定 CLI/产物对外报告的源码语义版本片段	改变后需核对 .zro 兼容版本策略，不可直接等同 patch 门槛	zr_vm_common/include/zr_vm_common/zr_version_info.h:16	no-comment	版本组注释已说明来源及跨编译限制
zr_vm_common/include/zr_vm_common/zr_version_info.h	ZR_VM_COMPILER_VERSION	宏	仅头内声明或预留协议编号	将构建时注入的编译器版本并入完整版本文本	未注入时走后备值；值不参与编译产物格式协商	zr_vm_common/include/zr_vm_common/zr_version_info.h:19	no-comment	版本组注释已说明来源及跨编译限制
zr_vm_common/include/zr_vm_common/zr_version_info.h	ZR_VM_PUBLISH_VERSION	宏	仅头内声明或预留协议编号	构造对外发布版本后缀	由构建配置选择，不能作为 ABI 探测依据	zr_vm_common/include/zr_vm_common/zr_version_info.h:23	no-comment	版本组注释已说明来源及跨编译限制
zr_vm_common/include/zr_vm_common/zr_version_info.h	ZR_VM_PLATFORM_INFO	宏	仅头内声明或预留协议编号	依据目标构建宏选择平台显示名和路径分支	交叉编译时须对应目标平台，而非构建宿主	zr_vm_common/include/zr_vm_common/zr_version_info.h:32	commented	版本组注释已说明来源及跨编译限制
zr_vm_common/include/zr_vm_common/zr_version_info.h	ZR_VM_PLATFORM_IS_WIN	宏	zr_vm_language_server/src/zr_vm_language_server/module/lsp_module_metadata.c;tests/language_server/test_lsp_interface.c;tests/parser/test_project_import_canonicalization.c	依据目标构建宏选择平台显示名和路径分支	交叉编译时须对应目标平台，而非构建宿主	zr_vm_common/include/zr_vm_common/zr_version_info.h:33;zr_vm_language_server/src/zr_vm_language_server/module/lsp_module_metadata.c	no-comment	版本组注释已说明来源及跨编译限制
zr_vm_common/include/zr_vm_common/zr_version_info.h	ZR_SEPARATOR	宏	zr_vm_library/src/zr_vm_library/aot_runtime.c;zr_vm_cli/src/zr_vm_cli/project/project.c;zr_vm_language_server/src/zr_vm_language_server/module/lsp_module_metadata.c	让路径拼接在 CLI、library、LSP 使用目标平台目录分隔符	由目标平台宏选定，跨平台路径文本仍须正常化	zr_vm_common/include/zr_vm_common/zr_version_info.h:34;zr_vm_library/src/zr_vm_library/aot_runtime.c	no-comment	名称及组注释足以定位用途，逐项注释只会重复协议编号或容量值
zr_vm_common/include/zr_vm_common/zr_version_info.h	ZR_VM_PLATFORM_IS_DARWIN	宏	仅头内声明或预留协议编号	依据目标构建宏选择平台显示名和路径分支	交叉编译时须对应目标平台，而非构建宿主	zr_vm_common/include/zr_vm_common/zr_version_info.h:37	no-comment	版本组注释已说明来源及跨编译限制
zr_vm_common/include/zr_vm_common/zr_version_info.h	ZR_VM_PLATFORM_IS_UNIX	宏	仅头内声明或预留协议编号	依据目标构建宏选择平台显示名和路径分支	交叉编译时须对应目标平台，而非构建宿主	zr_vm_common/include/zr_vm_common/zr_version_info.h:41	no-comment	版本组注释已说明来源及跨编译限制
zr_vm_common/include/zr_vm_common/zr_version_info.h	ZR_EXPAND	宏	仅头内声明或预留协议编号	将版本宏两层展开后转成字符串	须在字符串化前展开数值宏	zr_vm_common/include/zr_vm_common/zr_version_info.h:49	no-comment	预处理器组合在 ZR_VM_VERSION_FULL 处已有明确用途
zr_vm_common/include/zr_vm_common/zr_version_info.h	ZR_AS_STR	宏	仅头内声明或预留协议编号	将版本宏两层展开后转成字符串	须在字符串化前展开数值宏	zr_vm_common/include/zr_vm_common/zr_version_info.h:51	no-comment	预处理器组合在 ZR_VM_VERSION_FULL 处已有明确用途
zr_vm_common/include/zr_vm_common/zr_version_info.h	ZR_TO_STR	宏	仅头内声明或预留协议编号	将版本宏两层展开后转成字符串	须在字符串化前展开数值宏	zr_vm_common/include/zr_vm_common/zr_version_info.h:52	no-comment	预处理器组合在 ZR_VM_VERSION_FULL 处已有明确用途
zr_vm_common/include/zr_vm_common/zr_version_info.h	ZR_VM_VERSION	宏	仅头内声明或预留协议编号	拼接 major/minor/patch 成 CLI 可读版本	源码版本与 .zro patch 协议是不同编号	zr_vm_common/include/zr_vm_common/zr_version_info.h:55	no-comment	版本组注释已说明来源及跨编译限制
zr_vm_common/include/zr_vm_common/zr_version_info.h	ZR_VM_VERSION_FULL	宏	zr_vm_core/src/zr_vm_core.c;zr_vm_cli/src/zr_vm_cli/command/command.c	拼接版本、平台、模式和编译器信息供 CLI 展示	仅作产品识别，不保证运行时 ABI 或产物兼容	zr_vm_common/include/zr_vm_common/zr_version_info.h:57;zr_vm_core/src/zr_vm_core.c	no-comment	版本组注释已说明来源及跨编译限制
zr_vm_common/include/zr_vm_common/zr_vm_conf.h	ZR_VM_CONF_H	宏	预处理器 include guard	防止公共头在同一编译单元中重复定义	只参与预处理；不构成运行时 API	zr_vm_common/include/zr_vm_common/zr_vm_conf.h:6	no-comment	普通 include guard；无需逐个注释
zr_vm_common/include/zr_vm_common/zr_vm_conf.h	ZR_VM_MAX_STACK	macro	zr_vm_core/src/zr_vm_core/stack.c:89; zr_vm_common/include/zr_vm_common/zr_vm_conf.h:9	VM 栈最大值、错误区和负偏移保留区的共享界限。	默认依整数位宽选取；宿主覆写时须检查保留区与真实栈空间不重叠。	zr_vm_common/include/zr_vm_common/zr_vm_conf.h:11; zr_vm_core/src/zr_vm_core/stack.c:89; zr_vm_common/include/zr_vm_common/zr_vm_conf.h:9	commented	已有按调用链核对的分组或类型注释；逐项记录消费方。
zr_vm_common/include/zr_vm_common/zr_vm_conf.h	ZR_VM_ERROR_STACK	macro	zr_vm_core/src/zr_vm_core/stack.c:89	VM 栈最大值、错误区和负偏移保留区的共享界限。	默认依整数位宽选取；宿主覆写时须检查保留区与真实栈空间不重叠。	zr_vm_common/include/zr_vm_common/zr_vm_conf.h:18; zr_vm_core/src/zr_vm_core/stack.c:89	commented	已有按调用链核对的分组或类型注释；逐项记录消费方。
zr_vm_common/include/zr_vm_common/zr_vm_conf.h	ZR_VM_STACK_GLOBAL_MODULE_REGISTRY	macro	zr_vm_core/src/zr_vm_core/stack.c:149; zr_vm_core/src/zr_vm_core/value.c:188; tests/core/test_native_closure_value.c:50	VM 栈最大值、错误区和负偏移保留区的共享界限。	默认依整数位宽选取；宿主覆写时须检查保留区与真实栈空间不重叠。	zr_vm_common/include/zr_vm_common/zr_vm_conf.h:19; zr_vm_core/src/zr_vm_core/stack.c:149; zr_vm_core/src/zr_vm_core/value.c:188	commented	已有按调用链核对的分组或类型注释；逐项记录消费方。
zr_vm_common/include/zr_vm_common/zr_vm_conf.h	ZR_VM_STACK_CLOSURE_MAX	macro	zr_vm_core/src/zr_vm_core/value.c:201	限制由保留负偏移编码的 closure capture 索引。	value.c:201 用负 offset 与正上限比较，检查恒成立。	zr_vm_common/include/zr_vm_common/zr_vm_conf.h:22; zr_vm_core/src/zr_vm_core/value.c:201; zr_vm_core/src/zr_vm_core/value.c:200	BUG	调用链可证：value.c:200 换算 closureIndex；201 错比 offset，无法执行预期上界保护。
zr_vm_common/include/zr_vm_common/zr_vm_conf.h	ZR_VM_MAX_NATIVE_CALL_STACK	macro	zr_vm_core/src/zr_vm_core/function.c:1641; zr_vm_common/include/zr_vm_common/zr_vm_conf.h:25	native 递归调用深度独立于 VM 脚本栈计数。	宿主可覆写；递归路径应在耗尽 C 栈前检查。	zr_vm_common/include/zr_vm_common/zr_vm_conf.h:26; zr_vm_core/src/zr_vm_core/function.c:1641; zr_vm_common/include/zr_vm_common/zr_vm_conf.h:25	commented	已有按调用链核对的分组或类型注释；逐项记录消费方。
zr_vm_common/src/zr_vm_common/ssa_platform_contract.c	ZR_SSA_PLATFORM_FNV_OFFSET	macro	ssa_platform_hash_u32;ssa_platform_hash_u64	维持跨宿主一致的 ABI 哈希编码	更改编码需同步 schema 与产物	zr_vm_common/src/zr_vm_common/ssa_platform_contract.c;tests/core/test_ssa_platform_matrix.c	commented	文件内哈希组注释说明跨宿主目的
zr_vm_common/src/zr_vm_common/ssa_platform_contract.c	ZR_SSA_PLATFORM_FNV_PRIME	macro	ssa_platform_hash_u32;ssa_platform_hash_u64	维持跨宿主一致的 ABI 哈希编码	更改编码需同步 schema 与产物	zr_vm_common/src/zr_vm_common/ssa_platform_contract.c;tests/core/test_ssa_platform_matrix.c	commented	文件内哈希组注释说明跨宿主目的
zr_vm_common/src/zr_vm_common/ssa_platform_contract.c	ZrCommon_SsaPlatform_AbiEqual	function	Check;ValidateArtifact	定位两份有效 ABI 的首个不匹配字段	按头文件公开契约调用;可选诊断不拥有输入对象	zr_vm_common/src/zr_vm_common/ssa_platform_contract.c;zr_vm_common/include/zr_vm_common/ssa_platform_contract.h;tests/core/test_ssa_platform_matrix.c	commented	实现内关键顺序/不变量已有注释
zr_vm_common/src/zr_vm_common/ssa_platform_contract.c	ZrCommon_SsaPlatform_AbiInit	function	DetectHostAbi;CapabilityInit;ObservationInit;ArtifactContractInit	建立尚未填充的目标 ABI 记录	按头文件公开契约调用;可选诊断不拥有输入对象	zr_vm_common/src/zr_vm_common/ssa_platform_contract.c;zr_vm_common/include/zr_vm_common/ssa_platform_contract.h;tests/core/test_ssa_platform_matrix.c	no-comment	公开声明已说明调用目的，实现无需重复注释
zr_vm_common/src/zr_vm_common/ssa_platform_contract.c	ZrCommon_SsaPlatform_ArtifactContractInit	function	tests/core/test_ssa_platform_matrix.c::artifact_contract	建立产物声明的身份字段	按头文件公开契约调用;可选诊断不拥有输入对象	zr_vm_common/src/zr_vm_common/ssa_platform_contract.c;zr_vm_common/include/zr_vm_common/ssa_platform_contract.h;tests/core/test_ssa_platform_matrix.c	no-comment	公开声明已说明调用目的，实现无需重复注释
zr_vm_common/src/zr_vm_common/ssa_platform_contract.c	ZrCommon_SsaPlatform_CapabilityInit	function	tests/core/test_ssa_platform_matrix.c::platform_capability	建立能力声明的身份字段和默认分派许可	按头文件公开契约调用;可选诊断不拥有输入对象	zr_vm_common/src/zr_vm_common/ssa_platform_contract.c;zr_vm_common/include/zr_vm_common/ssa_platform_contract.h;tests/core/test_ssa_platform_matrix.c	no-comment	公开声明已说明调用目的，实现无需重复注释
zr_vm_common/src/zr_vm_common/ssa_platform_contract.c	ZrCommon_SsaPlatform_CapabilitySupports	function	能力查询预留入口;当前无直接测试调用	按单个位查询声明的目标能力	按头文件公开契约调用;可选诊断不拥有输入对象	zr_vm_common/src/zr_vm_common/ssa_platform_contract.c;zr_vm_common/include/zr_vm_common/ssa_platform_contract.h;tests/core/test_ssa_platform_matrix.c	commented	实现内关键顺序/不变量已有注释
zr_vm_common/src/zr_vm_common/ssa_platform_contract.c	ZrCommon_SsaPlatform_Check	function	ZrTests_Ssa_CheckPlatform;tests/core/test_ssa_platform_matrix.c	将运行观察与能力声明进行完整对照	按头文件公开契约调用;可选诊断不拥有输入对象	zr_vm_common/src/zr_vm_common/ssa_platform_contract.c;zr_vm_common/include/zr_vm_common/ssa_platform_contract.h;tests/core/test_ssa_platform_matrix.c	BUG	临时探针复现 CROSS_COMPILE 与 executed/semanticPassed/PASSED 同时出现时仍被误验收；该入口需核对 runner 与执行结果一致性
zr_vm_common/src/zr_vm_common/ssa_platform_contract.c	ZrCommon_SsaPlatform_Check::backend_feature_dispatch	block	Check	分别核验后端、需求和分派许可	失败即返回;诊断对应首个错误	zr_vm_common/src/zr_vm_common/ssa_platform_contract.c;tests/core/test_ssa_platform_matrix.c	commented	关键阶段注释解释跨层校验顺序
zr_vm_common/src/zr_vm_common/ssa_platform_contract.c	ZrCommon_SsaPlatform_Check::outcome_stages	block	Check	防止不可用或不支持记录被提升为通过	失败即返回;诊断对应首个错误	zr_vm_common/src/zr_vm_common/ssa_platform_contract.c;tests/core/test_ssa_platform_matrix.c	commented	关键阶段注释解释跨层校验顺序
zr_vm_common/src/zr_vm_common/ssa_platform_contract.c	ZrCommon_SsaPlatform_Check::semantic_witness	block	Check	跨分派比较结果、异常和源码映射	失败即返回;诊断对应首个错误	zr_vm_common/src/zr_vm_common/ssa_platform_contract.c;tests/core/test_ssa_platform_matrix.c	commented	关键阶段注释解释跨层校验顺序
zr_vm_common/src/zr_vm_common/ssa_platform_contract.c	ZrCommon_SsaPlatform_ComputeAbiHash	function	tests/core/test_ssa_platform_matrix.c;目标适配器预留入口	为跨产物 ABI 比较提供稳定编码	按头文件公开契约调用;可选诊断不拥有输入对象	zr_vm_common/src/zr_vm_common/ssa_platform_contract.c;zr_vm_common/include/zr_vm_common/ssa_platform_contract.h;tests/core/test_ssa_platform_matrix.c	no-comment	公开声明已说明调用目的，实现无需重复注释
zr_vm_common/src/zr_vm_common/ssa_platform_contract.c	ZrCommon_SsaPlatform_DetectHostAbi	function	tests/core/test_ssa_platform_matrix.c	给宿主测试与适配器提供初始 ABI 见证	按头文件公开契约调用;可选诊断不拥有输入对象	zr_vm_common/src/zr_vm_common/ssa_platform_contract.c;zr_vm_common/include/zr_vm_common/ssa_platform_contract.h;tests/core/test_ssa_platform_matrix.c	TODO	宿主回调 ABI 见证尚未绑定真实调用探针
zr_vm_common/src/zr_vm_common/ssa_platform_contract.c	ZrCommon_SsaPlatform_DiagnosticInit	function	Check;ValidateArtifact;tests/core/test_ssa_platform_matrix.c	为独立或组合校验提供可重复使用的诊断输出	按头文件公开契约调用;可选诊断不拥有输入对象	zr_vm_common/src/zr_vm_common/ssa_platform_contract.c;zr_vm_common/include/zr_vm_common/ssa_platform_contract.h;tests/core/test_ssa_platform_matrix.c	no-comment	公开声明已说明调用目的，实现无需重复注释
zr_vm_common/src/zr_vm_common/ssa_platform_contract.c	ZrCommon_SsaPlatform_IsRuntimeAcceptance	function	tests/core/test_ssa_platform_matrix.c;矩阵运行验收入口	判断单份观察内部是否具备运行通过的基本证据	按头文件公开契约调用;可选诊断不拥有输入对象	zr_vm_common/src/zr_vm_common/ssa_platform_contract.c;zr_vm_common/include/zr_vm_common/ssa_platform_contract.h;tests/core/test_ssa_platform_matrix.c	BUG	临时探针复现交叉编译或禁用 JIT 路径误验收
zr_vm_common/src/zr_vm_common/ssa_platform_contract.c	ZrCommon_SsaPlatform_ObservationInit	function	tests/core/test_ssa_platform_matrix.c::passing_observation	建立尚未运行的观察记录	按头文件公开契约调用;可选诊断不拥有输入对象	zr_vm_common/src/zr_vm_common/ssa_platform_contract.c;zr_vm_common/include/zr_vm_common/ssa_platform_contract.h;tests/core/test_ssa_platform_matrix.c	no-comment	公开声明已说明调用目的，实现无需重复注释
zr_vm_common/src/zr_vm_common/ssa_platform_contract.c	ZrCommon_SsaPlatform_OutcomeName	function	报告适配器预留入口;当前无直接生产调用	把运行结果呈现给矩阵报告	按头文件公开契约调用;可选诊断不拥有输入对象	zr_vm_common/src/zr_vm_common/ssa_platform_contract.c;zr_vm_common/include/zr_vm_common/ssa_platform_contract.h;tests/core/test_ssa_platform_matrix.c	no-comment	公开声明已说明调用目的，实现无需重复注释
zr_vm_common/src/zr_vm_common/ssa_platform_contract.c	ZrCommon_SsaPlatform_StatusName	function	报告适配器预留入口;当前无直接生产调用	把失败分类呈现给矩阵报告	按头文件公开契约调用;可选诊断不拥有输入对象	zr_vm_common/src/zr_vm_common/ssa_platform_contract.c;zr_vm_common/include/zr_vm_common/ssa_platform_contract.h;tests/core/test_ssa_platform_matrix.c	no-comment	公开声明已说明调用目的，实现无需重复注释
zr_vm_common/src/zr_vm_common/ssa_platform_contract.c	ZrCommon_SsaPlatform_ValidateAbi	function	AbiEqual;ValidateCapability;Check;IsRuntimeAcceptance;ValidateArtifact;测试	在比较之前拒绝不可表达的 ABI 值	按头文件公开契约调用;可选诊断不拥有输入对象	zr_vm_common/src/zr_vm_common/ssa_platform_contract.c;zr_vm_common/include/zr_vm_common/ssa_platform_contract.h;tests/core/test_ssa_platform_matrix.c	no-comment	公开声明已说明调用目的，实现无需重复注释
zr_vm_common/src/zr_vm_common/ssa_platform_contract.c	ZrCommon_SsaPlatform_ValidateArtifact	function	tests/core/test_ssa_platform_matrix.c	在装载前比对产物与目标能力	按头文件公开契约调用;可选诊断不拥有输入对象	zr_vm_common/src/zr_vm_common/ssa_platform_contract.c;zr_vm_common/include/zr_vm_common/ssa_platform_contract.h;tests/core/test_ssa_platform_matrix.c	commented	实现内关键顺序/不变量已有注释
zr_vm_common/src/zr_vm_common/ssa_platform_contract.c	ZrCommon_SsaPlatform_ValidateArtifact::preload_policy	block	ValidateArtifact	装载前检查目标、ABI、需求与受限平台策略	失败即返回;诊断对应首个错误	zr_vm_common/src/zr_vm_common/ssa_platform_contract.c;tests/core/test_ssa_platform_matrix.c	commented	关键阶段注释解释跨层校验顺序
zr_vm_common/src/zr_vm_common/ssa_platform_contract.c	ZrCommon_SsaPlatform_ValidateCapability	function	Check;ValidateArtifact;tests/core/test_ssa_platform_matrix.c	为观察与产物校验确立可信目标基准	按头文件公开契约调用;可选诊断不拥有输入对象	zr_vm_common/src/zr_vm_common/ssa_platform_contract.c;zr_vm_common/include/zr_vm_common/ssa_platform_contract.h;tests/core/test_ssa_platform_matrix.c	commented	实现内关键顺序/不变量已有注释
zr_vm_common/src/zr_vm_common/ssa_platform_contract.c	ZrTests_Ssa_CheckPlatform	function	tests/core/test_ssa_platform_matrix.c	让矩阵测试复用 Check 的布尔通过判断	按头文件公开契约调用;可选诊断不拥有输入对象	zr_vm_common/src/zr_vm_common/ssa_platform_contract.c;zr_vm_common/include/zr_vm_common/ssa_platform_contract.h;tests/core/test_ssa_platform_matrix.c	no-comment	公开声明已说明调用目的，实现无需重复注释
zr_vm_common/src/zr_vm_common/ssa_platform_contract.c	ssa_platform_backend_feature	function	Check	为共享平台契约的上层校验提供局部判定或诊断上下文	仅处理已传入的值对象;不拥有对象	zr_vm_common/src/zr_vm_common/ssa_platform_contract.c;zr_vm_common/include/zr_vm_common/ssa_platform_contract.h;tests/core/test_ssa_platform_matrix.c	commented	相邻分组注释说明共同设计意图
zr_vm_common/src/zr_vm_common/ssa_platform_contract.c	ssa_platform_copy_artifact_context	function	ZrCommon_SsaPlatform_ValidateArtifact	为共享平台契约的上层校验提供局部判定或诊断上下文	仅处理已传入的值对象;不拥有对象	zr_vm_common/src/zr_vm_common/ssa_platform_contract.c;zr_vm_common/include/zr_vm_common/ssa_platform_contract.h;tests/core/test_ssa_platform_matrix.c	no-comment	局部纯映射或转发，名称及上层契约足够解释目的
zr_vm_common/src/zr_vm_common/ssa_platform_contract.c	ssa_platform_copy_observation_context	function	ZrCommon_SsaPlatform_Check	为共享平台契约的上层校验提供局部判定或诊断上下文	仅处理已传入的值对象;不拥有对象	zr_vm_common/src/zr_vm_common/ssa_platform_contract.c;zr_vm_common/include/zr_vm_common/ssa_platform_contract.h;tests/core/test_ssa_platform_matrix.c	commented	相邻分组注释说明共同设计意图
zr_vm_common/src/zr_vm_common/ssa_platform_contract.c	ssa_platform_feature_allowed	function	ValidateCapability;CapabilitySupports	为共享平台契约的上层校验提供局部判定或诊断上下文	仅处理已传入的值对象;不拥有对象	zr_vm_common/src/zr_vm_common/ssa_platform_contract.c;zr_vm_common/include/zr_vm_common/ssa_platform_contract.h;tests/core/test_ssa_platform_matrix.c	no-comment	局部纯映射或转发，名称及上层契约足够解释目的
zr_vm_common/src/zr_vm_common/ssa_platform_contract.c	ssa_platform_hash_abi_without_callback	function	ZrCommon_SsaPlatform_DetectHostAbi;ZrCommon_SsaPlatform_ComputeAbiHash	为共享平台契约的上层校验提供局部判定或诊断上下文	仅处理已传入的值对象;不拥有对象	zr_vm_common/src/zr_vm_common/ssa_platform_contract.c;zr_vm_common/include/zr_vm_common/ssa_platform_contract.h;tests/core/test_ssa_platform_matrix.c	no-comment	局部纯映射或转发，名称及上层契约足够解释目的
zr_vm_common/src/zr_vm_common/ssa_platform_contract.c	ssa_platform_hash_u32	function	ssa_platform_hash_abi_without_callback	为共享平台契约的上层校验提供局部判定或诊断上下文	仅处理已传入的值对象;不拥有对象	zr_vm_common/src/zr_vm_common/ssa_platform_contract.c;zr_vm_common/include/zr_vm_common/ssa_platform_contract.h;tests/core/test_ssa_platform_matrix.c	commented	相邻分组注释说明共同设计意图
zr_vm_common/src/zr_vm_common/ssa_platform_contract.c	ssa_platform_hash_u64	function	ZrCommon_SsaPlatform_ComputeAbiHash	为共享平台契约的上层校验提供局部判定或诊断上下文	仅处理已传入的值对象;不拥有对象	zr_vm_common/src/zr_vm_common/ssa_platform_contract.c;zr_vm_common/include/zr_vm_common/ssa_platform_contract.h;tests/core/test_ssa_platform_matrix.c	no-comment	局部纯映射或转发，名称及上层契约足够解释目的
zr_vm_common/src/zr_vm_common/ssa_platform_contract.c	ssa_platform_is_machine_code_forbidden	function	ssa_platform_feature_allowed;Check;IsRuntimeAcceptance;ValidateArtifact	为共享平台契约的上层校验提供局部判定或诊断上下文	仅处理已传入的值对象;不拥有对象	zr_vm_common/src/zr_vm_common/ssa_platform_contract.c;zr_vm_common/include/zr_vm_common/ssa_platform_contract.h;tests/core/test_ssa_platform_matrix.c	commented	相邻分组注释说明共同设计意图
zr_vm_common/src/zr_vm_common/ssa_platform_contract.c	ssa_platform_set_status	function	身份、ABI、能力、观察及产物各级校验	为共享平台契约的上层校验提供局部判定或诊断上下文	仅处理已传入的值对象;不拥有对象	zr_vm_common/src/zr_vm_common/ssa_platform_contract.c;zr_vm_common/include/zr_vm_common/ssa_platform_contract.h;tests/core/test_ssa_platform_matrix.c	no-comment	局部纯映射或转发，名称及上层契约足够解释目的
zr_vm_common/src/zr_vm_common/ssa_platform_contract.c	ssa_platform_string_present	function	ssa_platform_validate_identity;ZrCommon_SsaPlatform_IsRuntimeAcceptance	为共享平台契约的上层校验提供局部判定或诊断上下文	仅处理已传入的值对象;不拥有对象	zr_vm_common/src/zr_vm_common/ssa_platform_contract.c;zr_vm_common/include/zr_vm_common/ssa_platform_contract.h;tests/core/test_ssa_platform_matrix.c	commented	相邻分组注释说明共同设计意图
zr_vm_common/src/zr_vm_common/ssa_platform_contract.c	ssa_platform_target_architecture_compatible	function	ssa_platform_validate_identity;ZrCommon_SsaPlatform_IsRuntimeAcceptance	为共享平台契约的上层校验提供局部判定或诊断上下文	仅处理已传入的值对象;不拥有对象	zr_vm_common/src/zr_vm_common/ssa_platform_contract.c;zr_vm_common/include/zr_vm_common/ssa_platform_contract.h;tests/core/test_ssa_platform_matrix.c	commented	相邻分组注释说明共同设计意图
zr_vm_common/src/zr_vm_common/ssa_platform_contract.c	ssa_platform_valid_architecture	function	ssa_platform_validate_identity;ZrCommon_SsaPlatform_IsRuntimeAcceptance	为共享平台契约的上层校验提供局部判定或诊断上下文	仅处理已传入的值对象;不拥有对象	zr_vm_common/src/zr_vm_common/ssa_platform_contract.c;zr_vm_common/include/zr_vm_common/ssa_platform_contract.h;tests/core/test_ssa_platform_matrix.c	no-comment	局部纯映射或转发，名称及上层契约足够解释目的
zr_vm_common/src/zr_vm_common/ssa_platform_contract.c	ssa_platform_valid_backend	function	ZrCommon_SsaPlatform_Check;ZrCommon_SsaPlatform_IsRuntimeAcceptance	为共享平台契约的上层校验提供局部判定或诊断上下文	仅处理已传入的值对象;不拥有对象	zr_vm_common/src/zr_vm_common/ssa_platform_contract.c;zr_vm_common/include/zr_vm_common/ssa_platform_contract.h;tests/core/test_ssa_platform_matrix.c	no-comment	局部纯映射或转发，名称及上层契约足够解释目的
zr_vm_common/src/zr_vm_common/ssa_platform_contract.c	ssa_platform_valid_dispatch	function	ZrCommon_SsaPlatform_Check;ZrCommon_SsaPlatform_IsRuntimeAcceptance	为共享平台契约的上层校验提供局部判定或诊断上下文	仅处理已传入的值对象;不拥有对象	zr_vm_common/src/zr_vm_common/ssa_platform_contract.c;zr_vm_common/include/zr_vm_common/ssa_platform_contract.h;tests/core/test_ssa_platform_matrix.c	commented	相邻分组注释说明共同设计意图
zr_vm_common/src/zr_vm_common/ssa_platform_contract.c	ssa_platform_valid_outcome	function	ZrCommon_SsaPlatform_Check;ZrCommon_SsaPlatform_IsRuntimeAcceptance	为共享平台契约的上层校验提供局部判定或诊断上下文	仅处理已传入的值对象;不拥有对象	zr_vm_common/src/zr_vm_common/ssa_platform_contract.c;zr_vm_common/include/zr_vm_common/ssa_platform_contract.h;tests/core/test_ssa_platform_matrix.c	no-comment	局部纯映射或转发，名称及上层契约足够解释目的
zr_vm_common/src/zr_vm_common/ssa_platform_contract.c	ssa_platform_valid_runner	function	ZrCommon_SsaPlatform_Check;ZrCommon_SsaPlatform_IsRuntimeAcceptance	为共享平台契约的上层校验提供局部判定或诊断上下文	仅处理已传入的值对象;不拥有对象	zr_vm_common/src/zr_vm_common/ssa_platform_contract.c;zr_vm_common/include/zr_vm_common/ssa_platform_contract.h;tests/core/test_ssa_platform_matrix.c	no-comment	局部纯映射或转发，名称及上层契约足够解释目的
zr_vm_common/src/zr_vm_common/ssa_platform_contract.c	ssa_platform_valid_target	function	ssa_platform_validate_identity;ZrCommon_SsaPlatform_IsRuntimeAcceptance	为共享平台契约的上层校验提供局部判定或诊断上下文	仅处理已传入的值对象;不拥有对象	zr_vm_common/src/zr_vm_common/ssa_platform_contract.c;zr_vm_common/include/zr_vm_common/ssa_platform_contract.h;tests/core/test_ssa_platform_matrix.c	commented	相邻分组注释说明共同设计意图
zr_vm_common/src/zr_vm_common/ssa_platform_contract.c	ssa_platform_validate_identity	function	ValidateCapability;Check;ValidateArtifact	为共享平台契约的上层校验提供局部判定或诊断上下文	仅处理已传入的值对象;不拥有对象	zr_vm_common/src/zr_vm_common/ssa_platform_contract.c;zr_vm_common/include/zr_vm_common/ssa_platform_contract.h;tests/core/test_ssa_platform_matrix.c	TODO	三元组内容与枚举一致性待查目标适配器
