file	unit	kind	callers	intent	constraints	evidence	decision	reason
zr_vm_language_server/src/zr_vm_language_server/semantic/lsp_canonical_completion.c	canonical_completion_kind_text	function	AppendVisibleSymbols	把 parser 类别映射为补全类别	枚举未知时显示变量	zr_vm_language_server/src/zr_vm_language_server/semantic/lsp_canonical_completion.c:11	commented	源码注释说明调用目的和约束
zr_vm_language_server/src/zr_vm_language_server/semantic/lsp_canonical_completion.c	canonical_completion_symbol_is_exact	function	AppendVisibleSymbols	筛除无声明身份的候选	必须有稳定符号 ID 和声明节点	zr_vm_language_server/src/zr_vm_language_server/semantic/lsp_canonical_completion.c:31	commented	源码注释说明调用目的和约束
zr_vm_language_server/src/zr_vm_language_server/semantic/lsp_canonical_completion.c	canonical_completion_detail	function	AppendVisibleSymbols	优先使用 parser 签名补全详情	类型回退只读取同一快照	zr_vm_language_server/src/zr_vm_language_server/semantic/lsp_canonical_completion.c:41	commented	源码注释说明调用目的和约束
zr_vm_language_server/src/zr_vm_language_server/semantic/lsp_canonical_completion.c	canonical_completion_documentation	function	AppendVisibleSymbols	按符号 ID 取 parser 文档事实	借用当前语义快照	zr_vm_language_server/src/zr_vm_language_server/semantic/lsp_canonical_completion.c:61	commented	源码注释说明调用目的和约束
zr_vm_language_server/src/zr_vm_language_server/semantic/lsp_canonical_completion.c	canonical_completion_type_use_detail	function	AppendVisibleSymbols	显示本次类型使用点的解析类型	使用点和声明须同 ID	zr_vm_language_server/src/zr_vm_language_server/semantic/lsp_canonical_completion.c:80	commented	源码注释说明调用目的和约束
zr_vm_language_server/src/zr_vm_language_server/semantic/lsp_canonical_completion.c	ZrLanguageServer_LspCanonicalCompletion_AppendVisibleSymbols	function	zr_vm_language_server/src/zr_vm_language_server/semantic/lsp_semantic_query.c::ZrLanguageServer_LspCanonicalCompletion_AppendVisibleSymbols();tests/language_server/test_lsp_type_use.c::ZrLanguageServer_LspCanonicalCompletion_AppendVisibleSymbols()	给作用域补全追加精确声明	同一快照；false 也可能表示零候选	zr_vm_language_server/src/zr_vm_language_server/semantic/lsp_canonical_completion.c:104	commented	源码注释说明调用目的和约束
zr_vm_language_server/src/zr_vm_language_server/semantic/lsp_canonical_completion.h	ZrLanguageServer_LspCanonicalCompletion_AppendVisibleSymbols	interface	zr_vm_language_server/src/zr_vm_language_server/semantic/lsp_semantic_query.c::ZrLanguageServer_LspCanonicalCompletion_AppendVisibleSymbols();tests/language_server/test_lsp_type_use.c::ZrLanguageServer_LspCanonicalCompletion_AppendVisibleSymbols()	给作用域补全追加精确声明	同一快照；false 也可能表示零候选	zr_vm_language_server/src/zr_vm_language_server/semantic/lsp_canonical_completion.h:11	commented	Doxygen 注释经实现和调用方复核
zr_vm_language_server/src/zr_vm_language_server/semantic/lsp_canonical_hover.c	canonical_hover_kind_text	function	BuildSymbol	保留 AST 中更具体的声明类别	缺声明节点时退回符号类别	zr_vm_language_server/src/zr_vm_language_server/semantic/lsp_canonical_hover.c:11	commented	源码注释说明调用目的和约束
zr_vm_language_server/src/zr_vm_language_server/semantic/lsp_canonical_hover.c	canonical_hover_string_text	function	BuildSymbol;canonical_hover_append_section	统一借用短串与长串文本	不延长原字符串生命周期	zr_vm_language_server/src/zr_vm_language_server/semantic/lsp_canonical_hover.c:47	commented	源码注释说明调用目的和约束
zr_vm_language_server/src/zr_vm_language_server/semantic/lsp_canonical_hover.c	canonical_hover_append_section	function	canonical_hover_append_documentation_fact;canonical_hover_enrich_source_symbol	合并独立文档和 FFI 段落	超出 markdown 容量时保留原文	zr_vm_language_server/src/zr_vm_language_server/semantic/lsp_canonical_hover.c:57	commented	源码注释说明调用目的和约束
zr_vm_language_server/src/zr_vm_language_server/semantic/lsp_canonical_hover.c	canonical_hover_range_is_in_extern_block	function	canonical_hover_symbol_is_ffi_extern	确认声明是否属于 extern 块	沿当前文档 AST 包装节点查找	zr_vm_language_server/src/zr_vm_language_server/semantic/lsp_canonical_hover.c:96	commented	源码注释说明调用目的和约束
zr_vm_language_server/src/zr_vm_language_server/semantic/lsp_canonical_hover.c	canonical_hover_symbol_is_ffi_extern	function	canonical_hover_enrich_source_symbol	避免把普通声明误标为 FFI	符号 AST 与文档 AST 同快照	zr_vm_language_server/src/zr_vm_language_server/semantic/lsp_canonical_hover.c:153	commented	源码注释说明调用目的和约束
zr_vm_language_server/src/zr_vm_language_server/semantic/lsp_canonical_hover.c	canonical_hover_enrich_source_symbol	function	BuildSymbol	补充当前文档注释和旧符号 FFI 事实	先匹配 ID；获取内容快照后释放	zr_vm_language_server/src/zr_vm_language_server/semantic/lsp_canonical_hover.c:168	commented	源码注释说明调用目的和约束
zr_vm_language_server/src/zr_vm_language_server/semantic/lsp_canonical_hover.c	canonical_hover_create	function	BuildSymbol	创建有当前文档坐标的 hover	hover 由上层释放；字符串由 GC 持有	zr_vm_language_server/src/zr_vm_language_server/semantic/lsp_canonical_hover.c:224	commented	源码注释说明调用目的和约束
zr_vm_language_server/src/zr_vm_language_server/semantic/lsp_canonical_hover.c	canonical_hover_append_documentation_fact	function	BuildSymbol	把 parser 文档事实附于 hover	symbol ID 在快照内有效	zr_vm_language_server/src/zr_vm_language_server/semantic/lsp_canonical_hover.c:258	commented	源码注释说明调用目的和约束
zr_vm_language_server/src/zr_vm_language_server/semantic/lsp_canonical_hover.c	ZrLanguageServer_LspCanonicalHover_BuildSymbol	function	zr_vm_language_server/src/zr_vm_language_server/semantic/lsp_semantic_query.c::ZrLanguageServer_LspCanonicalHover_BuildSymbol()	从 canonical 符号建立编辑器 hover	同快照；仅 ID 相同才合并旧符号事实	zr_vm_language_server/src/zr_vm_language_server/semantic/lsp_canonical_hover.c:285	commented	源码注释说明调用目的和约束
zr_vm_language_server/src/zr_vm_language_server/semantic/lsp_canonical_hover.h	ZrLanguageServer_LspCanonicalHover_BuildSymbol	interface	zr_vm_language_server/src/zr_vm_language_server/semantic/lsp_semantic_query.c::ZrLanguageServer_LspCanonicalHover_BuildSymbol()	从 canonical 符号建立编辑器 hover	同快照；仅 ID 相同才合并旧符号事实	zr_vm_language_server/src/zr_vm_language_server/semantic/lsp_canonical_hover.h:12	commented	Doxygen 注释经实现和调用方复核
zr_vm_language_server/src/zr_vm_language_server/semantic/lsp_cross_snapshot_references.c	cross_snapshot_references_same_declaration	function	cross_snapshot_references_append_analyzer;AppendNativeDeclaration	用 URI 和完整范围标识虚拟声明	同名不足以证明同目标	zr_vm_language_server/src/zr_vm_language_server/semantic/lsp_cross_snapshot_references.c:12	commented	源码注释说明调用目的和约束
zr_vm_language_server/src/zr_vm_language_server/semantic/lsp_cross_snapshot_references.c	cross_snapshot_references_append_analyzer	function	Append	重解析其他快照的外部声明后合并引用	取消时终止；单文件失败可跳过	zr_vm_language_server/src/zr_vm_language_server/semantic/lsp_cross_snapshot_references.c:25	commented	源码注释说明调用目的和约束
zr_vm_language_server/src/zr_vm_language_server/semantic/lsp_cross_snapshot_references.c	cross_snapshot_references_append_external_analyzer	function	AppendExternal	按外部稳定身份合并单个快照引用	provider 代数须相同	zr_vm_language_server/src/zr_vm_language_server/semantic/lsp_cross_snapshot_references.c:89	commented	源码注释说明调用目的和约束
zr_vm_language_server/src/zr_vm_language_server/semantic/lsp_cross_snapshot_references.c	ZrLanguageServer_LspCrossSnapshotReferences_Append	function	zr_vm_language_server/src/zr_vm_language_server/semantic/lsp_semantic_query.c::ZrLanguageServer_LspCrossSnapshotReferences_Append()	给本地声明追加其他文件引用	依赖项目索引；false 不证明无引用	zr_vm_language_server/src/zr_vm_language_server/semantic/lsp_cross_snapshot_references.c:135	commented	源码注释说明调用目的和约束
zr_vm_language_server/src/zr_vm_language_server/semantic/lsp_cross_snapshot_references.h	ZrLanguageServer_LspCrossSnapshotReferences_Append	interface	zr_vm_language_server/src/zr_vm_language_server/semantic/lsp_semantic_query.c::ZrLanguageServer_LspCrossSnapshotReferences_Append()	给本地声明追加其他文件引用	依赖项目索引；false 不证明无引用	zr_vm_language_server/src/zr_vm_language_server/semantic/lsp_cross_snapshot_references.h:11	commented	Doxygen 注释经实现和调用方复核
zr_vm_language_server/src/zr_vm_language_server/semantic/lsp_cross_snapshot_references.c	ZrLanguageServer_LspCrossSnapshotReferences_AppendExternal	function	zr_vm_language_server/src/zr_vm_language_server/semantic/lsp_semantic_query.c::ZrLanguageServer_LspCrossSnapshotReferences_AppendExternal()	给导入成员追加跨快照引用	拒绝过期 provider 代数	zr_vm_language_server/src/zr_vm_language_server/semantic/lsp_cross_snapshot_references.c:188	commented	源码注释说明调用目的和约束
zr_vm_language_server/src/zr_vm_language_server/semantic/lsp_cross_snapshot_references.h	ZrLanguageServer_LspCrossSnapshotReferences_AppendExternal	interface	zr_vm_language_server/src/zr_vm_language_server/semantic/lsp_semantic_query.c::ZrLanguageServer_LspCrossSnapshotReferences_AppendExternal()	给导入成员追加跨快照引用	拒绝过期 provider 代数	zr_vm_language_server/src/zr_vm_language_server/semantic/lsp_cross_snapshot_references.h:22	commented	Doxygen 注释经实现和调用方复核
zr_vm_language_server/src/zr_vm_language_server/semantic/lsp_cross_snapshot_references.c	ZrLanguageServer_LspCrossSnapshotReferences_AppendNativeDeclaration	function	zr_vm_language_server/src/zr_vm_language_server/semantic/lsp_semantic_query.c::ZrLanguageServer_LspCrossSnapshotReferences_AppendNativeDeclaration()	从 native 虚拟声明反查源码使用点	虚拟 URI 必须归属项目索引	zr_vm_language_server/src/zr_vm_language_server/semantic/lsp_cross_snapshot_references.c:251	commented	源码注释说明调用目的和约束
zr_vm_language_server/src/zr_vm_language_server/semantic/lsp_cross_snapshot_references.h	ZrLanguageServer_LspCrossSnapshotReferences_AppendNativeDeclaration	interface	zr_vm_language_server/src/zr_vm_language_server/semantic/lsp_semantic_query.c::ZrLanguageServer_LspCrossSnapshotReferences_AppendNativeDeclaration()	从 native 虚拟声明反查源码使用点	虚拟 URI 必须归属项目索引	zr_vm_language_server/src/zr_vm_language_server/semantic/lsp_cross_snapshot_references.h:32	commented	Doxygen 注释经实现和调用方复核
zr_vm_language_server/src/zr_vm_language_server/semantic/lsp_external_callable_contract.c	external_callable_text_is_available	function	FromResolvedMember;FromResolvedMethod;Format	拦截占位类型文本进入签名	空值和 unknown 不可用	zr_vm_language_server/src/zr_vm_language_server/semantic/lsp_external_callable_contract.c:8	commented	源码注释说明调用目的和约束
zr_vm_language_server/src/zr_vm_language_server/semantic/lsp_external_callable_contract.c	external_callable_generic_parameters_are_supported	function	FromResolvedMethod	限制到可完整表达的泛型方法	有约束泛型暂不支持	zr_vm_language_server/src/zr_vm_language_server/semantic/lsp_external_callable_contract.c:15	commented	源码注释说明调用目的和约束
zr_vm_language_server/src/zr_vm_language_server/semantic/lsp_external_callable_contract.c	external_callable_append	function	Format	统一签名段落容量检查	失败后整条签名须丢弃	zr_vm_language_server/src/zr_vm_language_server/semantic/lsp_external_callable_contract.c:34	commented	源码注释说明调用目的和约束
zr_vm_language_server/src/zr_vm_language_server/semantic/lsp_external_callable_contract.c	external_callable_passing_prefix	function	FormatParameter	保留 canonical 借用与 escape 标签	只接受已知传参形式	zr_vm_language_server/src/zr_vm_language_server/semantic/lsp_external_callable_contract.c:59	commented	源码注释说明调用目的和约束
zr_vm_language_server/src/zr_vm_language_server/semantic/lsp_external_callable_contract.c	external_callable_parameter_value_type_id	function	FormatParameter	取引用参数被引用的值类型	canonicalContext 与参数同快照	zr_vm_language_server/src/zr_vm_language_server/semantic/lsp_external_callable_contract.c:81	commented	源码注释说明调用目的和约束
zr_vm_language_server/src/zr_vm_language_server/semantic/lsp_external_callable_contract.c	ZrLanguageServer_LspExternalCallableContract_FromResolvedMember	function	zr_vm_language_server/src/zr_vm_language_server/lsp_external_callable_signature_help.c::ZrLanguageServer_LspExternalCallableContract_FromResolvedMember();zr_vm_language_server/src/zr_vm_language_server/metadata/lsp_metadata_provider.c::ZrLanguageServer_LspExternalCallableContract_FromResolvedMember()	从 descriptor 构造普通函数视图	借用元数据；仍需 Format 验证	zr_vm_language_server/src/zr_vm_language_server/semantic/lsp_external_callable_contract.c:101	commented	源码注释说明调用目的和约束
zr_vm_language_server/src/zr_vm_language_server/semantic/lsp_external_callable_contract.h	ZrLanguageServer_LspExternalCallableContract_FromResolvedMember	interface	zr_vm_language_server/src/zr_vm_language_server/lsp_external_callable_signature_help.c::ZrLanguageServer_LspExternalCallableContract_FromResolvedMember();zr_vm_language_server/src/zr_vm_language_server/metadata/lsp_metadata_provider.c::ZrLanguageServer_LspExternalCallableContract_FromResolvedMember()	从 descriptor 构造普通函数视图	借用元数据；仍需 Format 验证	zr_vm_language_server/src/zr_vm_language_server/semantic/lsp_external_callable_contract.h:32	commented	Doxygen 注释经实现和调用方复核
zr_vm_language_server/src/zr_vm_language_server/semantic/lsp_external_callable_contract.c	ZrLanguageServer_LspExternalCallableContract_FromResolvedMethod	function	zr_vm_language_server/src/zr_vm_language_server/lsp_external_callable_signature_help.c::ZrLanguageServer_LspExternalCallableContract_FromResolvedMethod();zr_vm_language_server/src/zr_vm_language_server/metadata/lsp_metadata_provider.c::ZrLanguageServer_LspExternalCallableContract_FromResolvedMethod()	对齐方法 descriptor 与 canonical 接收者	拒绝 static 和未支持 effect	zr_vm_language_server/src/zr_vm_language_server/semantic/lsp_external_callable_contract.c:134	commented	源码注释说明调用目的和约束
zr_vm_language_server/src/zr_vm_language_server/semantic/lsp_external_callable_contract.h	ZrLanguageServer_LspExternalCallableContract_FromResolvedMethod	interface	zr_vm_language_server/src/zr_vm_language_server/lsp_external_callable_signature_help.c::ZrLanguageServer_LspExternalCallableContract_FromResolvedMethod();zr_vm_language_server/src/zr_vm_language_server/metadata/lsp_metadata_provider.c::ZrLanguageServer_LspExternalCallableContract_FromResolvedMethod()	对齐方法 descriptor 与 canonical 接收者	拒绝 static 和未支持 effect	zr_vm_language_server/src/zr_vm_language_server/semantic/lsp_external_callable_contract.h:39	commented	Doxygen 注释经实现和调用方复核
zr_vm_language_server/src/zr_vm_language_server/semantic/lsp_external_callable_contract.c	ZrLanguageServer_LspExternalCallableContract_FormatParameter	function	zr_vm_language_server/src/zr_vm_language_server/lsp_external_callable_signature_help.c::ZrLanguageServer_LspExternalCallableContract_FormatParameter();Format	让签名帮助与完整签名共用参数标签	容量不足不可使用输出	zr_vm_language_server/src/zr_vm_language_server/semantic/lsp_external_callable_contract.c:191	commented	源码注释说明调用目的和约束
zr_vm_language_server/src/zr_vm_language_server/semantic/lsp_external_callable_contract.h	ZrLanguageServer_LspExternalCallableContract_FormatParameter	interface	zr_vm_language_server/src/zr_vm_language_server/lsp_external_callable_signature_help.c::ZrLanguageServer_LspExternalCallableContract_FormatParameter();Format	让签名帮助与完整签名共用参数标签	容量不足不可使用输出	zr_vm_language_server/src/zr_vm_language_server/semantic/lsp_external_callable_contract.h:50	commented	Doxygen 注释经实现和调用方复核
zr_vm_language_server/src/zr_vm_language_server/semantic/lsp_external_callable_contract.c	ZrLanguageServer_LspExternalCallableContract_Format	function	zr_vm_language_server/src/zr_vm_language_server/lsp_external_callable_signature_help.c::ZrLanguageServer_LspExternalCallableContract_Format();zr_vm_language_server/src/zr_vm_language_server/metadata/lsp_metadata_provider.c::ZrLanguageServer_LspExternalCallableContract_Format()	生成 hover 与签名帮助共用签名	类型或容量不可靠时拒绝整条	zr_vm_language_server/src/zr_vm_language_server/semantic/lsp_external_callable_contract.c:268	commented	源码注释说明调用目的和约束
zr_vm_language_server/src/zr_vm_language_server/semantic/lsp_external_callable_contract.h	ZrLanguageServer_LspExternalCallableContract_Format	interface	zr_vm_language_server/src/zr_vm_language_server/lsp_external_callable_signature_help.c::ZrLanguageServer_LspExternalCallableContract_Format();zr_vm_language_server/src/zr_vm_language_server/metadata/lsp_metadata_provider.c::ZrLanguageServer_LspExternalCallableContract_Format()	生成 hover 与签名帮助共用签名	类型或容量不可靠时拒绝整条	zr_vm_language_server/src/zr_vm_language_server/semantic/lsp_external_callable_contract.h:45	commented	Doxygen 注释经实现和调用方复核
zr_vm_language_server/src/zr_vm_language_server/semantic/lsp_external_target_identity.c	external_target_kind_matches_member	function	MatchesMember	限定 parser 与 provider 可对应的目标类别	不支持类别不能同名回退	zr_vm_language_server/src/zr_vm_language_server/semantic/lsp_external_target_identity.c:4	commented	源码注释说明调用目的和约束
zr_vm_language_server/src/zr_vm_language_server/semantic/lsp_external_target_identity.c	ZrLanguageServer_LspExternalTargetIdentity_IsAvailable	function	zr_vm_language_server/src/zr_vm_language_server/semantic/lsp_semantic_query.c::ZrLanguageServer_LspExternalTargetIdentity_IsAvailable();zr_vm_language_server/src/zr_vm_language_server/semantic/lsp_semantic_reference_query.c::ZrLanguageServer_LspExternalTargetIdentity_IsAvailable()	判断能否跨快照比较外部身份	owner、token、hash 不得缺失	zr_vm_language_server/src/zr_vm_language_server/semantic/lsp_external_target_identity.c:28	commented	源码注释说明调用目的和约束
zr_vm_language_server/src/zr_vm_language_server/semantic/lsp_external_target_identity.h	ZrLanguageServer_LspExternalTargetIdentity_IsAvailable	interface	zr_vm_language_server/src/zr_vm_language_server/semantic/lsp_semantic_query.c::ZrLanguageServer_LspExternalTargetIdentity_IsAvailable();zr_vm_language_server/src/zr_vm_language_server/semantic/lsp_semantic_reference_query.c::ZrLanguageServer_LspExternalTargetIdentity_IsAvailable()	判断能否跨快照比较外部身份	owner、token、hash 不得缺失	zr_vm_language_server/src/zr_vm_language_server/semantic/lsp_external_target_identity.h:7	commented	Doxygen 注释经实现和调用方复核
zr_vm_language_server/src/zr_vm_language_server/semantic/lsp_external_target_identity.c	ZrLanguageServer_LspExternalTargetIdentity_MatchesMember	function	zr_vm_language_server/src/zr_vm_language_server/semantic/lsp_semantic_query.c::ZrLanguageServer_LspExternalTargetIdentity_MatchesMember()	核对 provider 成员和 parser 目标身份	上层另核 provider generation	zr_vm_language_server/src/zr_vm_language_server/semantic/lsp_external_target_identity.c:41	commented	源码注释说明调用目的和约束
zr_vm_language_server/src/zr_vm_language_server/semantic/lsp_external_target_identity.h	ZrLanguageServer_LspExternalTargetIdentity_MatchesMember	interface	zr_vm_language_server/src/zr_vm_language_server/semantic/lsp_semantic_query.c::ZrLanguageServer_LspExternalTargetIdentity_MatchesMember()	核对 provider 成员和 parser 目标身份	上层另核 provider generation	zr_vm_language_server/src/zr_vm_language_server/semantic/lsp_external_target_identity.h:13	commented	Doxygen 注释经实现和调用方复核
zr_vm_language_server/src/zr_vm_language_server/semantic/lsp_external_target_identity.c	ZrLanguageServer_LspExternalTargetIdentity_MatchesReference	function	zr_vm_language_server/src/zr_vm_language_server/semantic/lsp_semantic_reference_query.c::ZrLanguageServer_LspExternalTargetIdentity_MatchesReference();zr_vm_language_server/src/zr_vm_language_server/semantic/lsp_cross_snapshot_references.c::ZrLanguageServer_LspExternalTargetIdentity_MatchesReference()	跨 analyzer 比较引用与目标身份	包含 provider generation	zr_vm_language_server/src/zr_vm_language_server/semantic/lsp_external_target_identity.c:63	commented	源码注释说明调用目的和约束
zr_vm_language_server/src/zr_vm_language_server/semantic/lsp_external_target_identity.h	ZrLanguageServer_LspExternalTargetIdentity_MatchesReference	interface	zr_vm_language_server/src/zr_vm_language_server/semantic/lsp_semantic_reference_query.c::ZrLanguageServer_LspExternalTargetIdentity_MatchesReference();zr_vm_language_server/src/zr_vm_language_server/semantic/lsp_cross_snapshot_references.c::ZrLanguageServer_LspExternalTargetIdentity_MatchesReference()	跨 analyzer 比较引用与目标身份	包含 provider generation	zr_vm_language_server/src/zr_vm_language_server/semantic/lsp_external_target_identity.h:19	commented	Doxygen 注释经实现和调用方复核
zr_vm_language_server/src/zr_vm_language_server/semantic/lsp_property_contract.c	lsp_property_access_text	function	FormatQuery	将 parser 访问级别展示于 property 签名	未知级别展示 unavailable	zr_vm_language_server/src/zr_vm_language_server/semantic/lsp_property_contract.c:11	commented	源码注释说明调用目的和约束
zr_vm_language_server/src/zr_vm_language_server/semantic/lsp_property_contract.c	lsp_property_receiver_text	function	FormatQuery	展示 canonical 接收者可变性	未知 effect 展示 unavailable	zr_vm_language_server/src/zr_vm_language_server/semantic/lsp_property_contract.c:21	commented	源码注释说明调用目的和约束
zr_vm_language_server/src/zr_vm_language_server/semantic/lsp_property_contract.c	ZrLanguageServer_LspPropertyContract_RegisterSourceSymbol	function	zr_vm_language_server/src/zr_vm_language_server/semantic/semantic_analyzer_symbols.c::ZrLanguageServer_LspPropertyContract_RegisterSourceSymbol()	向旧符号表注册 parser property 身份	AST 与 analyzer 同快照；符号不转移所有权	zr_vm_language_server/src/zr_vm_language_server/semantic/lsp_property_contract.c:32	commented	源码注释说明调用目的和约束
zr_vm_language_server/src/zr_vm_language_server/semantic/lsp_property_contract.h	ZrLanguageServer_LspPropertyContract_RegisterSourceSymbol	interface	zr_vm_language_server/src/zr_vm_language_server/semantic/semantic_analyzer_symbols.c::ZrLanguageServer_LspPropertyContract_RegisterSourceSymbol()	向旧符号表注册 parser property 身份	AST 与 analyzer 同快照；符号不转移所有权	zr_vm_language_server/src/zr_vm_language_server/semantic/lsp_property_contract.h:12	commented	Doxygen 注释经实现和调用方复核
zr_vm_language_server/src/zr_vm_language_server/semantic/lsp_property_contract.c	ZrLanguageServer_LspPropertyContract_FormatQuery	function	zr_vm_language_server/src/zr_vm_language_server/metadata/lsp_metadata_provider.c::ZrLanguageServer_LspPropertyContract_FormatQuery();FormatSignature	源与外部 property 共用签名格式	调用方须提供已验证类型文本	zr_vm_language_server/src/zr_vm_language_server/semantic/lsp_property_contract.c:109	commented	源码注释说明调用目的和约束
zr_vm_language_server/src/zr_vm_language_server/semantic/lsp_property_contract.h	ZrLanguageServer_LspPropertyContract_FormatQuery	interface	zr_vm_language_server/src/zr_vm_language_server/metadata/lsp_metadata_provider.c::ZrLanguageServer_LspPropertyContract_FormatQuery();FormatSignature	源与外部 property 共用签名格式	调用方须提供已验证类型文本	zr_vm_language_server/src/zr_vm_language_server/semantic/lsp_property_contract.h:26	commented	Doxygen 注释经实现和调用方复核
zr_vm_language_server/src/zr_vm_language_server/semantic/lsp_property_contract.c	ZrLanguageServer_LspPropertyContract_FormatSignature	function	zr_vm_language_server/src/zr_vm_language_server/interface/lsp_interface_support.c::ZrLanguageServer_LspPropertyContract_FormatSignature()	从当前 parser 快照重核源 property 类型	符号 ID 和类型 ID 须与查询一致	zr_vm_language_server/src/zr_vm_language_server/semantic/lsp_property_contract.c:182	commented	源码注释说明调用目的和约束
zr_vm_language_server/src/zr_vm_language_server/semantic/lsp_property_contract.h	ZrLanguageServer_LspPropertyContract_FormatSignature	interface	zr_vm_language_server/src/zr_vm_language_server/interface/lsp_interface_support.c::ZrLanguageServer_LspPropertyContract_FormatSignature()	从当前 parser 快照重核源 property 类型	符号 ID 和类型 ID 须与查询一致	zr_vm_language_server/src/zr_vm_language_server/semantic/lsp_property_contract.h:20	commented	Doxygen 注释经实现和调用方复核
zr_vm_language_server/src/zr_vm_language_server/semantic/lsp_property_contract.c	ZrLanguageServer_LspPropertyContract_FindSourceSymbolAt	function	zr_vm_language_server/src/zr_vm_language_server/lsp_property_code_actions.c::ZrLanguageServer_LspPropertyContract_FindSourceSymbolAt();zr_vm_language_server/src/zr_vm_language_server/interface/lsp_interface_support.c::ZrLanguageServer_LspPropertyContract_FindSourceSymbolAt()	按位置解析的 property ID 找回旧符号	返回借用符号表对象	zr_vm_language_server/src/zr_vm_language_server/semantic/lsp_property_contract.c:215	commented	源码注释说明调用目的和约束
zr_vm_language_server/src/zr_vm_language_server/semantic/lsp_property_contract.h	ZrLanguageServer_LspPropertyContract_FindSourceSymbolAt	interface	zr_vm_language_server/src/zr_vm_language_server/lsp_property_code_actions.c::ZrLanguageServer_LspPropertyContract_FindSourceSymbolAt();zr_vm_language_server/src/zr_vm_language_server/interface/lsp_interface_support.c::ZrLanguageServer_LspPropertyContract_FindSourceSymbolAt()	按位置解析的 property ID 找回旧符号	返回借用符号表对象	zr_vm_language_server/src/zr_vm_language_server/semantic/lsp_property_contract.h:33	commented	Doxygen 注释经实现和调用方复核
zr_vm_language_server/src/zr_vm_language_server/semantic/lsp_scheduler_contract.c	ZrLanguageServer_LspSchedulerContract_ResolveArtifact	function	tests/language_server/test_lsp_interface.c::ZrLanguageServer_LspSchedulerContract_ResolveArtifact()	核验 canonical artifact 的调度 ABI	目前仅测试调用；真实接入须核对构建代	zr_vm_language_server/src/zr_vm_language_server/semantic/lsp_scheduler_contract.c:8	commented	源码注释说明调用目的和约束
zr_vm_language_server/src/zr_vm_language_server/semantic/lsp_scheduler_contract.h	ZrLanguageServer_LspSchedulerContract_ResolveArtifact	interface	tests/language_server/test_lsp_interface.c::ZrLanguageServer_LspSchedulerContract_ResolveArtifact()	核验 canonical artifact 的调度 ABI	目前仅测试调用；真实接入须核对构建代	zr_vm_language_server/src/zr_vm_language_server/semantic/lsp_scheduler_contract.h:30	TODO	现有声明标注真实请求接入时需核实发布代
zr_vm_language_server/src/zr_vm_language_server/semantic/lsp_stable_slot_contract.c	stable_slot_member_name	function	AppendPrototypeHover	展示 source acquire 成员名称	文本借用 prototype	zr_vm_language_server/src/zr_vm_language_server/semantic/lsp_stable_slot_contract.c:9	commented	源码注释说明调用目的和约束
zr_vm_language_server/src/zr_vm_language_server/semantic/lsp_stable_slot_contract.c	ZrLanguageServer_LspStableSlotContract_Classify	function	tests/language_server/test_lsp_stable_slot_contract_cases.h::ZrLanguageServer_LspStableSlotContract_Classify();AppendPrototypeHover	依协议和成员角色分类稳定槽契约	成员指针借用 prototype	zr_vm_language_server/src/zr_vm_language_server/semantic/lsp_stable_slot_contract.c:19	commented	源码注释说明调用目的和约束
zr_vm_language_server/src/zr_vm_language_server/semantic/lsp_stable_slot_contract.h	ZrLanguageServer_LspStableSlotContract_Classify	interface	tests/language_server/test_lsp_stable_slot_contract_cases.h::ZrLanguageServer_LspStableSlotContract_Classify();AppendPrototypeHover	依协议和成员角色分类稳定槽契约	成员指针借用 prototype	zr_vm_language_server/src/zr_vm_language_server/semantic/lsp_stable_slot_contract.h:25	commented	Doxygen 注释经实现和调用方复核
zr_vm_language_server/src/zr_vm_language_server/semantic/lsp_stable_slot_contract.c	ZrLanguageServer_LspStableSlotContract_AppendPrototypeHover	function	zr_vm_language_server/src/zr_vm_language_server/semantic/semantic_analyzer.c::ZrLanguageServer_LspStableSlotContract_AppendPrototypeHover()	给类型 hover 补充弱身份和 guard 限制	缓冲区须先有终止符	zr_vm_language_server/src/zr_vm_language_server/semantic/lsp_stable_slot_contract.c:95	commented	源码注释说明调用目的和约束
zr_vm_language_server/src/zr_vm_language_server/semantic/lsp_stable_slot_contract.h	ZrLanguageServer_LspStableSlotContract_AppendPrototypeHover	interface	zr_vm_language_server/src/zr_vm_language_server/semantic/semantic_analyzer.c::ZrLanguageServer_LspStableSlotContract_AppendPrototypeHover()	给类型 hover 补充弱身份和 guard 限制	缓冲区须先有终止符	zr_vm_language_server/src/zr_vm_language_server/semantic/lsp_stable_slot_contract.h:29	commented	Doxygen 注释经实现和调用方复核
zr_vm_language_server/src/zr_vm_language_server/semantic/lsp_external_callable_contract.h	EZrLspExternalCallableKind	type	FromResolvedMember;FromResolvedMethod;Format	区分 descriptor 函数与 canonical 方法签名来源	NONE 代表未构造契约	zr_vm_language_server/src/zr_vm_language_server/semantic/lsp_external_callable_contract.h:8	commented	现有注释解释状态或借用生命周期
zr_vm_language_server/src/zr_vm_language_server/semantic/lsp_external_callable_contract.h	SZrLspExternalCallableContract	type	FromResolvedMember;FromResolvedMethod;Format	保存 descriptor 与 canonical 快照短期借用	提供者与 semanticContext 须仍存活	zr_vm_language_server/src/zr_vm_language_server/semantic/lsp_external_callable_contract.h:18	commented	现有注释解释状态或借用生命周期
zr_vm_language_server/src/zr_vm_language_server/semantic/lsp_scheduler_contract.h	SZrLspSchedulerContract	type	ResolveArtifact;tests/language_server/test_lsp_interface.c::ZrLanguageServer_LspSchedulerContract_ResolveArtifact()	保存已验证的调度 ABI 投影	字段为值拷贝；仅成功后使用	zr_vm_language_server/src/zr_vm_language_server/semantic/lsp_scheduler_contract.h:9	commented	现有注释解释状态或借用生命周期
zr_vm_language_server/src/zr_vm_language_server/semantic/lsp_stable_slot_contract.h	EZrLspStableSlotContractKind	type	Classify;AppendPrototypeHover	区分 source/ref/handle 所有权约束	NONE 代表分类失败	zr_vm_language_server/src/zr_vm_language_server/semantic/lsp_stable_slot_contract.h:8	commented	现有注释解释状态或借用生命周期
zr_vm_language_server/src/zr_vm_language_server/semantic/lsp_stable_slot_contract.h	SZrLspStableSlotContract	type	Classify;AppendPrototypeHover	保存成员角色供 hover 展示	成员指针借用 prototype	zr_vm_language_server/src/zr_vm_language_server/semantic/lsp_stable_slot_contract.h:17	commented	现有注释解释状态或借用生命周期
zr_vm_language_server/src/zr_vm_language_server/semantic/lsp_canonical_completion.c	AppendVisibleSymbols::result_delta	block	AppendVisibleSymbols	只把本次新增候选计入返回结果	结果数组可能已有其他来源项目	zr_vm_language_server/src/zr_vm_language_server/semantic/lsp_canonical_completion.c:137	commented	源码注释说明调用目的和约束
zr_vm_language_server/src/zr_vm_language_server/semantic/lsp_cross_snapshot_references.c	Append::project_scan	block	Append	遍历项目 analyzer 并容忍单文件不可用	取消时终止；部分结果非完整性证明	zr_vm_language_server/src/zr_vm_language_server/semantic/lsp_cross_snapshot_references.c:158	commented	源码注释说明调用目的和约束
zr_vm_language_server/src/zr_vm_language_server/semantic/lsp_property_contract.c	RegisterSourceSymbol::bridge_identity	block	RegisterSourceSymbol	在旧符号上固定 parser ID 供反向导航	与当前查询的 ID 和类型一致	zr_vm_language_server/src/zr_vm_language_server/semantic/lsp_property_contract.c:92	commented	源码注释说明调用目的和约束
zr_vm_language_server/src/zr_vm_language_server/semantic/lsp_scheduler_contract.c	ResolveArtifact::source_identity	block	ResolveArtifact	源码调度器身份应与 artifact 相互核对	metadataToken 和 scheduleSignatureHash 当前只检查非零，未验证相等	zr_vm_language_server/src/zr_vm_language_server/semantic/lsp_scheduler_contract.c:53	BUG	完整调用路径证明：测试直接传入 sourceFact；单独异或其非零 metadataToken 或 scheduleSignatureHash 后，其余比较不受影响，失配 artifact 仍可能返回 true
zr_vm_language_server/src/zr_vm_language_server/semantic/lsp_scheduler_contract.c	ResolveArtifact::policy_expectation	block	ResolveArtifact	区分 attached 与 isolated 的要求	先解析 scheduler contract row	zr_vm_language_server/src/zr_vm_language_server/semantic/lsp_scheduler_contract.c:91	commented	源码注释说明调用目的和约束
zr_vm_language_server/src/zr_vm_language_server/semantic/lsp_stable_slot_contract.c	Classify::precedence	block	Classify	source/ref 要求协议；handle 用三元身份	prototype 角色来自当前元数据代	zr_vm_language_server/src/zr_vm_language_server/semantic/lsp_stable_slot_contract.c:71	commented	源码注释说明调用目的和约束
zr_vm_language_server/src/zr_vm_language_server/semantic/lsp_canonical_hover.c	canonical_hover_append_section::substring_dedup	block	canonical_hover_append_documentation_fact;canonical_hover_enrich_source_symbol	避免重复文档却误吞子串相同的独立文档	文档 foo 与名称 foo 时，签名含 foo 即触发	zr_vm_language_server/src/zr_vm_language_server/semantic/lsp_canonical_hover.c:83	BUG	从 BuildSymbol 到 DocumentationOfSymbol 再到 append_section 可达；strstr 将完整文档 foo 作为签名子串判重，hover 缺少文档段
zr_vm_language_server/src/zr_vm_language_server/semantic/lsp_stable_slot_contract.c	AppendPrototypeHover::truncated_append	block	semantic_analyzer.c::semantic_append_stable_slot_hover	容量不足的追加路径会留下截断契约	上层忽略返回 false	zr_vm_language_server/src/zr_vm_language_server/semantic/lsp_stable_slot_contract.c:144	BUG	snprintf 在容量不足时先写入部分文本再返回 false；实际语义分析器调用方忽略结果，hover 展示残缺 stable-slot 说明
zr_vm_language_server/src/zr_vm_language_server/semantic/lsp_local_semantic_expression_text.c	expression_text_append_format	function	expression_text_append_constant@zr_vm_language_server/src/zr_vm_language_server/semantic/lsp_local_semantic_expression_text.c:197;ZrLanguageServer_LspLocalSemanticExpressionText_AppendHover@zr_vm_language_server/src/zr_vm_language_server/semantic/lsp_local_semantic_expression_text.c:243	统一常量与表达式片段的固定缓冲区失败语义	buffer/used 由调用方提供；失败不得发布半截 hover	zr_vm_language_server/src/zr_vm_language_server/semantic/lsp_local_semantic_expression_text.c:10	commented	已核对调用链与借用边界，源码注释说明其设计目的。
zr_vm_language_server/src/zr_vm_language_server/semantic/lsp_local_semantic_expression_text.c	expression_text_string_value	function	expression_text_append_escaped_string_constant@zr_vm_language_server/src/zr_vm_language_server/semantic/lsp_local_semantic_expression_text.c:51	为语义常量取统一的短/长字符串字节视图	SZrString 借自仍有效的 parser 事实；不转移所有权	zr_vm_language_server/src/zr_vm_language_server/semantic/lsp_local_semantic_expression_text.c:36	commented	已核对调用链与借用边界，源码注释说明其设计目的。
zr_vm_language_server/src/zr_vm_language_server/semantic/lsp_local_semantic_expression_text.c	expression_text_append_escaped_string_constant	function	expression_text_append_constant@zr_vm_language_server/src/zr_vm_language_server/semantic/lsp_local_semantic_expression_text.c:221	把常量字符串转换为 hover 可读且不含原始控制符的片段	只有 STRING 常量触发；输出受固定缓冲区限制	zr_vm_language_server/src/zr_vm_language_server/semantic/lsp_local_semantic_expression_text.c:47	commented	已核对调用链与借用边界，源码注释说明其设计目的。
zr_vm_language_server/src/zr_vm_language_server/semantic/lsp_local_semantic_expression_text.c	expression_text_kind	function	ZrLanguageServer_LspLocalSemanticExpressionText_AppendHover@zr_vm_language_server/src/zr_vm_language_server/semantic/lsp_local_semantic_expression_text.c:247	向 hover 提供表达式类别标签	未知枚举回退 unknown，不宣称更精确类别	zr_vm_language_server/src/zr_vm_language_server/semantic/lsp_local_semantic_expression_text.c:118	commented	已核对调用链与借用边界，源码注释说明其设计目的。
zr_vm_language_server/src/zr_vm_language_server/semantic/lsp_local_semantic_expression_text.c	expression_text_exactness	function	ZrLanguageServer_LspLocalSemanticExpressionText_AppendHover@zr_vm_language_server/src/zr_vm_language_server/semantic/lsp_local_semantic_expression_text.c:248	向 hover 暴露推断是否精确	近似与未知不得显示为 exact	zr_vm_language_server/src/zr_vm_language_server/semantic/lsp_local_semantic_expression_text.c:155	commented	已核对调用链与借用边界，源码注释说明其设计目的。
zr_vm_language_server/src/zr_vm_language_server/semantic/lsp_local_semantic_expression_text.c	expression_text_ownership_intrinsic_operation	function	ZrLanguageServer_LspLocalSemanticExpressionText_AppendOwnershipIntrinsicHover@zr_vm_language_server/src/zr_vm_language_server/semantic/lsp_local_semantic_expression_text.c:267	为已知所有权 intrinsic 选择 UI 操作名	未知操作返回空且调用方略过	zr_vm_language_server/src/zr_vm_language_server/semantic/lsp_local_semantic_expression_text.c:168	commented	已核对调用链与借用边界，源码注释说明其设计目的。
zr_vm_language_server/src/zr_vm_language_server/semantic/lsp_local_semantic_expression_text.c	expression_text_append_constant	function	ZrLanguageServer_LspLocalSemanticExpressionText_AppendHover@zr_vm_language_server/src/zr_vm_language_server/semantic/lsp_local_semantic_expression_text.c:252	只附加 parser 已证明的表达式常量	hasConstant 为假时成功但不写入	zr_vm_language_server/src/zr_vm_language_server/semantic/lsp_local_semantic_expression_text.c:187	commented	已核对调用链与借用边界，源码注释说明其设计目的。
zr_vm_language_server/src/zr_vm_language_server/semantic/lsp_local_semantic_expression_text.c	ZrLanguageServer_LspLocalSemanticExpressionText_AppendHover	function	ZrLanguageServer_LspLocalSemanticHoverText_AppendFacts@zr_vm_language_server/src/zr_vm_language_server/semantic/lsp_local_semantic_hover_text.c:317	把表达式事实与精度加入统一 hover 附录	fact 借自语义快照；容量不足返回失败	zr_vm_language_server/src/zr_vm_language_server/semantic/lsp_local_semantic_expression_text.c:234;zr_vm_language_server/src/zr_vm_language_server/semantic/lsp_local_semantic_hover_text.c:317	commented	已核对调用链与借用边界，源码注释说明其设计目的。
zr_vm_language_server/src/zr_vm_language_server/semantic/lsp_local_semantic_expression_text.c	ZrLanguageServer_LspLocalSemanticExpressionText_AppendOwnershipIntrinsicHover	function	ZrLanguageServer_LspLocalSemanticHoverText_AppendFacts@zr_vm_language_server/src/zr_vm_language_server/semantic/lsp_local_semantic_hover_text.c:321	把所有权 intrinsic 的操作与 place 加入 hover 附录	fact 借自语义快照；未知操作不输出	zr_vm_language_server/src/zr_vm_language_server/semantic/lsp_local_semantic_expression_text.c:256;zr_vm_language_server/src/zr_vm_language_server/semantic/lsp_local_semantic_hover_text.c:321	commented	已核对调用链与借用边界，源码注释说明其设计目的。
zr_vm_language_server/src/zr_vm_language_server/semantic/lsp_local_semantic_hover_text.c	lsp_local_hover_text_append_format	function	lsp_local_hover_text_append_numeric@zr_vm_language_server/src/zr_vm_language_server/semantic/lsp_local_semantic_hover_text.c:59;lsp_local_hover_text_append_reference@zr_vm_language_server/src/zr_vm_language_server/semantic/lsp_local_semantic_hover_text.c:207	统一局部事实附录的缓冲区边界	任一片段失败时上层放弃附录	zr_vm_language_server/src/zr_vm_language_server/semantic/lsp_local_semantic_hover_text.c:13	commented	已核对调用链与借用边界，源码注释说明其设计目的。
zr_vm_language_server/src/zr_vm_language_server/semantic/lsp_local_semantic_hover_text.c	lsp_local_hover_text_string_text	function	lsp_local_hover_text_append_reference@zr_vm_language_server/src/zr_vm_language_server/semantic/lsp_local_semantic_hover_text.c:215;ZrLanguageServer_LspLocalSemanticHoverText_AppendMarkdownSection@zr_vm_language_server/src/zr_vm_language_server/semantic/lsp_local_semantic_hover_text.c:382	读取符号名、诊断和 Markdown 的短/长字符串视图	原 SZrString 仍由 state/语义快照持有	zr_vm_language_server/src/zr_vm_language_server/semantic/lsp_local_semantic_hover_text.c:39	commented	已核对调用链与借用边界，源码注释说明其设计目的。
zr_vm_language_server/src/zr_vm_language_server/semantic/lsp_local_semantic_hover_text.c	lsp_local_hover_text_append_numeric	function	ZrLanguageServer_LspLocalSemanticHoverText_AppendFacts@zr_vm_language_server/src/zr_vm_language_server/semantic/lsp_local_semantic_hover_text.c:326	显示数值区间、无符号区间和溢出提示	只展示 fact 中已设置的字段；范围格式复用公共服务	zr_vm_language_server/src/zr_vm_language_server/semantic/lsp_local_semantic_hover_text.c:50;zr_vm_language_server/src/zr_vm_language_server/semantic/lsp_local_semantic_hover_text.c:60	commented	已核对调用链与借用边界，源码注释说明其设计目的。
zr_vm_language_server/src/zr_vm_language_server/semantic/lsp_local_semantic_hover_text.c	lsp_local_hover_text_append_logical	function	ZrLanguageServer_LspLocalSemanticHoverText_AppendFacts@zr_vm_language_server/src/zr_vm_language_server/semantic/lsp_local_semantic_hover_text.c:327	显示确定的逻辑值与短路信息	未知逻辑值不生成确定结论	zr_vm_language_server/src/zr_vm_language_server/semantic/lsp_local_semantic_hover_text.c:89	commented	已核对调用链与借用边界，源码注释说明其设计目的。
zr_vm_language_server/src/zr_vm_language_server/semantic/lsp_local_semantic_hover_text.c	lsp_local_hover_text_append_reachability	function	ZrLanguageServer_LspLocalSemanticHoverText_AppendFacts@zr_vm_language_server/src/zr_vm_language_server/semantic/lsp_local_semantic_hover_text.c:328	将 parser 的不可达原因解释给 hover 用户	只在 UNREACHABLE 事实存在时写入	zr_vm_language_server/src/zr_vm_language_server/semantic/lsp_local_semantic_hover_text.c:118	commented	已核对调用链与借用边界，源码注释说明其设计目的。
zr_vm_language_server/src/zr_vm_language_server/semantic/lsp_local_semantic_hover_text.c	lsp_local_hover_text_reference_kind	function	lsp_local_hover_text_append_reference@zr_vm_language_server/src/zr_vm_language_server/semantic/lsp_local_semantic_hover_text.c:211	统一引用事实在 hover 中的类别用语	未知枚举显示 unknown	zr_vm_language_server/src/zr_vm_language_server/semantic/lsp_local_semantic_hover_text.c:175	commented	已核对调用链与借用边界，源码注释说明其设计目的。
zr_vm_language_server/src/zr_vm_language_server/semantic/lsp_local_semantic_hover_text.c	lsp_local_hover_text_append_reference	function	ZrLanguageServer_LspLocalSemanticHoverText_AppendFacts@zr_vm_language_server/src/zr_vm_language_server/semantic/lsp_local_semantic_hover_text.c:329	为表达式悬停补充引用种类、符号与已解析声明位置	声明范围仅在 resolved 且非空时输出	zr_vm_language_server/src/zr_vm_language_server/semantic/lsp_local_semantic_hover_text.c:196	commented	已核对调用链与借用边界，源码注释说明其设计目的。
zr_vm_language_server/src/zr_vm_language_server/semantic/lsp_local_semantic_hover_text.c	lsp_local_hover_text_append_ownership	function	ZrLanguageServer_LspLocalSemanticHoverText_AppendFacts@zr_vm_language_server/src/zr_vm_language_server/semantic/lsp_local_semantic_hover_text.c:330	仅将违反约束的所有权事实变成 hover 警告	事实与诊断消息属于 analyzer 快照	zr_vm_language_server/src/zr_vm_language_server/semantic/lsp_local_semantic_hover_text.c:237	commented	已核对调用链与借用边界，源码注释说明其设计目的。
zr_vm_language_server/src/zr_vm_language_server/semantic/lsp_local_semantic_hover_text.c	lsp_local_hover_text_append_expression_payload	function	ZrLanguageServer_LspLocalSemanticHoverText_AppendFacts@zr_vm_language_server/src/zr_vm_language_server/semantic/lsp_local_semantic_hover_text.c:331	附加调用目标、实参数或成员名载荷	仅 hasCallInfo/hasMemberInfo 时显示	zr_vm_language_server/src/zr_vm_language_server/semantic/lsp_local_semantic_hover_text.c:265	commented	已核对调用链与借用边界，源码注释说明其设计目的。
zr_vm_language_server/src/zr_vm_language_server/semantic/lsp_local_semantic_hover_text.c	ZrLanguageServer_LspLocalSemanticHoverText_AppendFacts	function	local_query_build_hover_with_document@zr_vm_language_server/src/zr_vm_language_server/semantic/lsp_local_semantic_query.c:739;ZrLanguageServer_LspLocalSemanticHoverText_BuildFactMarkdown@zr_vm_language_server/src/zr_vm_language_server/semantic/lsp_local_semantic_hover_text.c:348	按统一顺序组合局部语义事实片段	各 fact 必须来自仍有效的同一查询快照	zr_vm_language_server/src/zr_vm_language_server/semantic/lsp_local_semantic_hover_text.c:308;zr_vm_language_server/src/zr_vm_language_server/semantic/lsp_local_semantic_query.c:739	commented	已核对调用链与借用边界，源码注释说明其设计目的。
zr_vm_language_server/src/zr_vm_language_server/semantic/lsp_local_semantic_hover_text.c	ZrLanguageServer_LspLocalSemanticHoverText_BuildFactMarkdown	function	ZrLanguageServer_LspLocalSemanticQuery_AppendFactsToHover@zr_vm_language_server/src/zr_vm_language_server/semantic/lsp_local_semantic_query.c:797	为已有符号 hover 物化可选事实附录	无事实或格式化失败返回空；字符串由 state 管理	zr_vm_language_server/src/zr_vm_language_server/semantic/lsp_local_semantic_hover_text.c:335;zr_vm_language_server/src/zr_vm_language_server/semantic/lsp_local_semantic_query.c:797	commented	已核对调用链与借用边界，源码注释说明其设计目的。
zr_vm_language_server/src/zr_vm_language_server/semantic/lsp_local_semantic_hover_text.c	ZrLanguageServer_LspLocalSemanticHoverText_AppendMarkdownSection	function	ZrLanguageServer_LspLocalSemanticQuery_AppendFactsToHover@zr_vm_language_server/src/zr_vm_language_server/semantic/lsp_local_semantic_query.c:815	去重后合并原 hover 与事实附录	容量不足保留原字符串；新结果由 state 管理	zr_vm_language_server/src/zr_vm_language_server/semantic/lsp_local_semantic_hover_text.c:367;zr_vm_language_server/src/zr_vm_language_server/semantic/lsp_local_semantic_query.c:815	commented	已核对调用链与借用边界，源码注释说明其设计目的。
zr_vm_language_server/src/zr_vm_language_server/semantic/lsp_local_semantic_query.c	ZR_LSP_LOCAL_QUERY_VISIBLE_RANGE_LINE_WIDTH	macro	local_query_range_width@zr_vm_language_server/src/zr_vm_language_server/semantic/lsp_local_semantic_query.c:114	为无可靠偏移时的跨行宽度排序提供权重	只影响候选事实的优先级	zr_vm_language_server/src/zr_vm_language_server/semantic/lsp_local_semantic_query.c:16;zr_vm_language_server/src/zr_vm_language_server/semantic/lsp_local_semantic_query.c:114	commented	已核对调用链与借用边界，源码注释说明其设计目的。
zr_vm_language_server/src/zr_vm_language_server/semantic/lsp_local_semantic_query.c	local_query_append_format	function	local_query_build_hover_with_document@zr_vm_language_server/src/zr_vm_language_server/semantic/lsp_local_semantic_query.c:725	为独立事实 hover 统一容量失败语义	输出是调用方固定大小 Markdown 缓冲区	zr_vm_language_server/src/zr_vm_language_server/semantic/lsp_local_semantic_query.c:19	commented	已核对调用链与借用边界，源码注释说明其设计目的。
zr_vm_language_server/src/zr_vm_language_server/semantic/lsp_local_semantic_query.c	local_query_hover_range	function	local_query_build_hover_with_document@zr_vm_language_server/src/zr_vm_language_server/semantic/lsp_local_semantic_query.c:761	为多事实 hover 选择最贴近用户 token 的范围	优先 intrinsic 名称，然后表达式及其他事实	zr_vm_language_server/src/zr_vm_language_server/semantic/lsp_local_semantic_query.c:45	commented	已核对调用链与借用边界，源码注释说明其设计目的。
zr_vm_language_server/src/zr_vm_language_server/semantic/lsp_local_semantic_query.c	local_query_range_contains_position	function	local_query_find_payload_expression_fact@zr_vm_language_server/src/zr_vm_language_server/semantic/lsp_local_semantic_query.c:241;local_query_find_parser_diagnostic_at@zr_vm_language_server/src/zr_vm_language_server/semantic/lsp_local_semantic_query.c:133	限定当前 URI 和字节范围中的候选事实	当前实现用包含末端的偏移比较	zr_vm_language_server/src/zr_vm_language_server/semantic/lsp_local_semantic_query.c:78	commented	已核对调用链与借用边界，源码注释说明其设计目的。
zr_vm_language_server/src/zr_vm_language_server/semantic/lsp_local_semantic_query.c	local_query_range_width	function	local_query_find_numeric_fact@zr_vm_language_server/src/zr_vm_language_server/semantic/lsp_local_semantic_query.c:378	给光标附近数值事实提供最窄候选排序	无可靠偏移时应使用行列宽度	zr_vm_language_server/src/zr_vm_language_server/semantic/lsp_local_semantic_query.c:101;zr_vm_language_server/src/zr_vm_language_server/semantic/lsp_local_semantic_query.c:102;zr_vm_language_server/src/zr_vm_language_server/semantic/lsp_local_semantic_query.c:103	TODO	零偏移的范围会先走 end.offset>=start.offset 分支返回零，后续行列分支不可达；需确认该类 parser 范围是否可达。
zr_vm_language_server/src/zr_vm_language_server/semantic/lsp_local_semantic_query.c	local_query_find_parser_diagnostic_at	function	local_query_set_diagnostic_if_blocked@zr_vm_language_server/src/zr_vm_language_server/semantic/lsp_local_semantic_query.c:187	把覆盖光标的 parser 诊断作为局部事实查询的遮挡条件	诊断指针借自当前 fileVersion	zr_vm_language_server/src/zr_vm_language_server/semantic/lsp_local_semantic_query.c:122;zr_vm_language_server/src/zr_vm_language_server/semantic/lsp_local_semantic_query.c:133	commented	已核对调用链与借用边界，源码注释说明其设计目的。
zr_vm_language_server/src/zr_vm_language_server/semantic/lsp_local_semantic_query.c	local_query_position_range	function	local_query_seed@zr_vm_language_server/src/zr_vm_language_server/semantic/lsp_local_semantic_query.c:175	用当前文档快照把 LSP 位置映射到 parser 查询坐标	快照若回退旧 AST，新内容行列不一定对应旧事实	zr_vm_language_server/src/zr_vm_language_server/semantic/lsp_local_semantic_query.c:142;zr_vm_language_server/src/zr_vm_language_server/semantic/lsp_local_semantic_query.c:154;zr_vm_language_server/src/zr_vm_language_server/semantic/lsp_local_semantic_query.c:157	TODO	回退仅清零偏移但保留新内容行列；parser 查询可按行列匹配旧事实。需用编辑后位移且诊断不覆盖光标的场景核验。
zr_vm_language_server/src/zr_vm_language_server/semantic/lsp_local_semantic_query.c	local_query_seed	function	ZrLanguageServer_LspLocalSemanticQuery_ExpressionAt@zr_vm_language_server/src/zr_vm_language_server/semantic/lsp_local_semantic_query.c:629;ZrLanguageServer_LspLocalSemanticQuery_ReferenceAt@zr_vm_language_server/src/zr_vm_language_server/semantic/lsp_local_semantic_query.c:660	重用查询结果前清除旧借用并建立当前光标范围	调用方不能跨文档分析器更新保留旧事实	zr_vm_language_server/src/zr_vm_language_server/semantic/lsp_local_semantic_query.c:169	commented	已核对调用链与借用边界，源码注释说明其设计目的。
zr_vm_language_server/src/zr_vm_language_server/semantic/lsp_local_semantic_query.c	local_query_set_diagnostic_if_blocked	function	ZrLanguageServer_LspLocalSemanticQuery_ExpressionAt@zr_vm_language_server/src/zr_vm_language_server/semantic/lsp_local_semantic_query.c:631;ZrLanguageServer_LspLocalSemanticQuery_ReferenceAt@zr_vm_language_server/src/zr_vm_language_server/semantic/lsp_local_semantic_query.c:662	以 parser 诊断遮挡旧事实，供 hover 返回无结果	只区分是否覆盖光标；不拥有诊断	zr_vm_language_server/src/zr_vm_language_server/semantic/lsp_local_semantic_query.c:179	commented	已核对调用链与借用边界，源码注释说明其设计目的。
zr_vm_language_server/src/zr_vm_language_server/semantic/lsp_local_semantic_query.c	local_query_node_prefers_structural_fact	function	local_query_find_expression_fact@zr_vm_language_server/src/zr_vm_language_server/semantic/lsp_local_semantic_query.c:336	让复合节点在没有自身 fact 时避免降级为子表达式事实	仅对二元、逻辑、一元、赋值、条件节点生效	zr_vm_language_server/src/zr_vm_language_server/semantic/lsp_local_semantic_query.c:198	commented	已核对调用链与借用边界，源码注释说明其设计目的。
zr_vm_language_server/src/zr_vm_language_server/semantic/lsp_local_semantic_query.c	local_query_reference_is_member_payload	function	local_query_find_reference_payload_expression_fact@zr_vm_language_server/src/zr_vm_language_server/semantic/lsp_local_semantic_query.c:274	识别可回连到成员表达式载荷的引用种类	其他引用类型不触发载荷回查	zr_vm_language_server/src/zr_vm_language_server/semantic/lsp_local_semantic_query.c:211	commented	已核对调用链与借用边界，源码注释说明其设计目的。
zr_vm_language_server/src/zr_vm_language_server/semantic/lsp_local_semantic_query.c	local_query_find_payload_expression_fact	function	local_query_find_expression_fact@zr_vm_language_server/src/zr_vm_language_server/semantic/lsp_local_semantic_query.c:327	悬停在调用目标或成员 token 时选最窄载荷事实	需要 analyzer 语义数组仍有效	zr_vm_language_server/src/zr_vm_language_server/semantic/lsp_local_semantic_query.c:218;zr_vm_language_server/src/zr_vm_language_server/semantic/lsp_local_semantic_query.c:241;zr_vm_language_server/src/zr_vm_language_server/semantic/lsp_local_semantic_query.c:245	commented	已核对调用链与借用边界，源码注释说明其设计目的。
zr_vm_language_server/src/zr_vm_language_server/semantic/lsp_local_semantic_query.c	local_query_find_reference_payload_expression_fact	function	local_query_find_expression_fact@zr_vm_language_server/src/zr_vm_language_server/semantic/lsp_local_semantic_query.c:322	借成员引用的 AST 节点或范围找回计算成员表达式	只接受 MEMBER_ACCESS/MEMBER_WRITE 引用	zr_vm_language_server/src/zr_vm_language_server/semantic/lsp_local_semantic_query.c:265;zr_vm_language_server/src/zr_vm_language_server/semantic/lsp_local_semantic_query.c:274;zr_vm_language_server/src/zr_vm_language_server/semantic/lsp_local_semantic_query.c:281	commented	已核对调用链与借用边界，源码注释说明其设计目的。
zr_vm_language_server/src/zr_vm_language_server/semantic/lsp_local_semantic_query.c	local_query_find_expression_fact	function	local_query_collect_facts@zr_vm_language_server/src/zr_vm_language_server/semantic/lsp_local_semantic_query.c:545	按成员载荷、调用载荷、AST 结构、位置回退顺序选择表达式事实	返回 parser/analyzer 快照借用事实	zr_vm_language_server/src/zr_vm_language_server/semantic/lsp_local_semantic_query.c:312;zr_vm_language_server/src/zr_vm_language_server/semantic/lsp_local_semantic_query.c:322;zr_vm_language_server/src/zr_vm_language_server/semantic/lsp_local_semantic_query.c:327;zr_vm_language_server/src/zr_vm_language_server/semantic/lsp_local_semantic_query.c:336	commented	已核对调用链与借用边界，源码注释说明其设计目的。
zr_vm_language_server/src/zr_vm_language_server/semantic/lsp_local_semantic_query.c	local_query_find_numeric_fact	function	local_query_collect_facts@zr_vm_language_server/src/zr_vm_language_server/semantic/lsp_local_semantic_query.c:546	优先按表达式节点配对数值事实，再选覆盖光标的最窄范围	范围回退依赖当前快照同源	zr_vm_language_server/src/zr_vm_language_server/semantic/lsp_local_semantic_query.c:345;zr_vm_language_server/src/zr_vm_language_server/semantic/lsp_local_semantic_query.c:358;zr_vm_language_server/src/zr_vm_language_server/semantic/lsp_local_semantic_query.c:374	commented	已核对调用链与借用边界，源码注释说明其设计目的。
zr_vm_language_server/src/zr_vm_language_server/semantic/lsp_local_semantic_query.c	local_query_find_logical_fact	function	local_query_collect_facts@zr_vm_language_server/src/zr_vm_language_server/semantic/lsp_local_semantic_query.c:550	在不可达区域借条件节点恢复逻辑原因	仅在直接逻辑事实缺席时使用 causeNode	zr_vm_language_server/src/zr_vm_language_server/semantic/lsp_local_semantic_query.c:389;zr_vm_language_server/src/zr_vm_language_server/semantic/lsp_local_semantic_query.c:413	commented	已核对调用链与借用边界，源码注释说明其设计目的。
zr_vm_language_server/src/zr_vm_language_server/semantic/lsp_local_semantic_query.c	local_query_find_reachability_fact	function	local_query_collect_facts@zr_vm_language_server/src/zr_vm_language_server/semantic/lsp_local_semantic_query.c:555	直接命中失败时借关联逻辑节点恢复可达性事实	只在已有 logicalFact.relatedNode 时回退	zr_vm_language_server/src/zr_vm_language_server/semantic/lsp_local_semantic_query.c:445;zr_vm_language_server/src/zr_vm_language_server/semantic/lsp_local_semantic_query.c:463	commented	已核对调用链与借用边界，源码注释说明其设计目的。
zr_vm_language_server/src/zr_vm_language_server/semantic/lsp_local_semantic_query.c	local_query_find_ownership_fact	function	local_query_collect_facts@zr_vm_language_server/src/zr_vm_language_server/semantic/lsp_local_semantic_query.c:560	将表达式内部最窄且优先违规的所有权事实带入 hover	候选范围需与表达式同源且包含在表达式内	zr_vm_language_server/src/zr_vm_language_server/semantic/lsp_local_semantic_query.c:472;zr_vm_language_server/src/zr_vm_language_server/semantic/lsp_local_semantic_query.c:500;zr_vm_language_server/src/zr_vm_language_server/semantic/lsp_local_semantic_query.c:525	commented	已核对调用链与借用边界，源码注释说明其设计目的。
zr_vm_language_server/src/zr_vm_language_server/semantic/lsp_local_semantic_query.c	local_query_collect_facts	function	ZrLanguageServer_LspLocalSemanticQuery_ExpressionAt@zr_vm_language_server/src/zr_vm_language_server/semantic/lsp_local_semantic_query.c:640	从同一个 analyzer 快照汇集表达式、数值、控制流、引用和所有权事实	收集后只借用，结果不可跨分析器失效继续读取	zr_vm_language_server/src/zr_vm_language_server/semantic/lsp_local_semantic_query.c:536;zr_vm_language_server/src/zr_vm_language_server/semantic/lsp_local_semantic_query.c:545;zr_vm_language_server/src/zr_vm_language_server/semantic/lsp_local_semantic_query.c:565	commented	已核对调用链与借用边界，源码注释说明其设计目的。
zr_vm_language_server/src/zr_vm_language_server/semantic/lsp_local_semantic_query.c	local_query_set_fact_status_if_any	function	ZrLanguageServer_LspLocalSemanticQuery_ExpressionAt@zr_vm_language_server/src/zr_vm_language_server/semantic/lsp_local_semantic_query.c:641	只在任一事实存在时将 UNKNOWN 提升为 FACT	诊断遮挡已在收集前处理	zr_vm_language_server/src/zr_vm_language_server/semantic/lsp_local_semantic_query.c:570	commented	已核对调用链与借用边界，源码注释说明其设计目的。
zr_vm_language_server/src/zr_vm_language_server/semantic/lsp_local_semantic_query.c	ZrLanguageServer_LspLocalSemanticQuery_Init	function	ZrLanguageServer_Lsp_GetHover@zr_vm_language_server/src/zr_vm_language_server/semantic/lsp_local_semantic_query.c:616;test_lsp_local_semantic_hover@tests/language_server/test_lsp_local_semantic_hover.c:189	供调用方在栈上建立空的借用结果	初始化不会分配事实；后续查询可重用	zr_vm_language_server/src/zr_vm_language_server/semantic/lsp_local_semantic_query.c:587;zr_vm_language_server/src/zr_vm_language_server/semantic/lsp_local_semantic_query.c:592	commented	已核对调用链与借用边界，源码注释说明其设计目的。
zr_vm_language_server/src/zr_vm_language_server/semantic/lsp_local_semantic_query.c	ZrLanguageServer_LspLocalSemanticQuery_Clear	function	local_query_seed@zr_vm_language_server/src/zr_vm_language_server/semantic/lsp_local_semantic_query.c:173;lsp_refresh_local_hover_query@zr_vm_language_server/src/zr_vm_language_server/interface/lsp_interface.c:989	解除旧 fact 与诊断引用以安全重用查询结果	不释放 parser/analyzer 所拥有的对象	zr_vm_language_server/src/zr_vm_language_server/semantic/lsp_local_semantic_query.c:596;zr_vm_language_server/src/zr_vm_language_server/semantic/lsp_local_semantic_query.c:601	commented	已核对调用链与借用边界，源码注释说明其设计目的。
zr_vm_language_server/src/zr_vm_language_server/semantic/lsp_local_semantic_query.c	ZrLanguageServer_LspLocalSemanticQuery_ExpressionAt	function	ZrLanguageServer_Lsp_GetHover@zr_vm_language_server/src/zr_vm_language_server/interface/lsp_interface.c:1902;ZrStdioInlineValue_CreateSemanticTextForLspRange@zr_vm_language_server/stdio/stdio_inline_value_semantic_text.c:256	为 hover 和 inline value 获取当前位置所有局部语义事实	成功可返回 UNKNOWN 或 DIAGNOSTIC_FAILURE；结果借用当前快照	zr_vm_language_server/src/zr_vm_language_server/semantic/lsp_local_semantic_query.c:616;zr_vm_language_server/src/zr_vm_language_server/semantic/lsp_local_semantic_query.c:629;zr_vm_language_server/src/zr_vm_language_server/semantic/lsp_local_semantic_query.c:631;zr_vm_language_server/src/zr_vm_language_server/semantic/lsp_local_semantic_query.c:640	commented	已核对调用链与借用边界，源码注释说明其设计目的。
zr_vm_language_server/src/zr_vm_language_server/semantic/lsp_local_semantic_query.c	ZrLanguageServer_LspLocalSemanticQuery_ReferenceAt	function	test_lsp_local_semantic_query@tests/language_server/test_lsp_local_semantic_query.c:993	供轻量引用查询绕开表达式事实集合	成功仍可能无引用事实或被 parser 诊断遮挡	zr_vm_language_server/src/zr_vm_language_server/semantic/lsp_local_semantic_query.c:647;zr_vm_language_server/src/zr_vm_language_server/semantic/lsp_local_semantic_query.c:666	commented	已核对调用链与借用边界，源码注释说明其设计目的。
zr_vm_language_server/src/zr_vm_language_server/semantic/lsp_local_semantic_query.c	local_query_build_hover_with_document	function	ZrLanguageServer_LspLocalSemanticQuery_BuildHover@zr_vm_language_server/src/zr_vm_language_server/semantic/lsp_local_semantic_query.c:771;ZrLanguageServer_LspLocalSemanticQuery_BuildHoverForDocument@zr_vm_language_server/src/zr_vm_language_server/semantic/lsp_local_semantic_query.c:781	把借用事实物化为由请求方拥有的 hover，文档版再补 canonical 类型	query 必须是 FACT；格式化失败不发布部分结果	zr_vm_language_server/src/zr_vm_language_server/semantic/lsp_local_semantic_query.c:681;zr_vm_language_server/src/zr_vm_language_server/semantic/lsp_local_semantic_query.c:711;zr_vm_language_server/src/zr_vm_language_server/semantic/lsp_local_semantic_query.c:739;zr_vm_language_server/src/zr_vm_language_server/semantic/lsp_local_semantic_query.c:761	commented	已核对调用链与借用边界，源码注释说明其设计目的。
zr_vm_language_server/src/zr_vm_language_server/semantic/lsp_local_semantic_query.c	ZrLanguageServer_LspLocalSemanticQuery_BuildHover	function	test_lsp_local_semantic_hover@tests/language_server/test_lsp_local_semantic_hover.c:193	测试和无文档消费者的纯事实悬停入口	无文档内容时类型显示 unknown 且范围投影可为空	zr_vm_language_server/src/zr_vm_language_server/semantic/lsp_local_semantic_query.c:767;zr_vm_language_server/src/zr_vm_language_server/semantic/lsp_local_semantic_query.c:771	commented	已核对调用链与借用边界，源码注释说明其设计目的。
zr_vm_language_server/src/zr_vm_language_server/semantic/lsp_local_semantic_query.c	ZrLanguageServer_LspLocalSemanticQuery_BuildHoverForDocument	function	ZrLanguageServer_Lsp_GetHover@zr_vm_language_server/src/zr_vm_language_server/interface/lsp_interface.c:2074	给 LSP hover 请求附当前文档的 canonical 类型与范围	context/uri 对应 query 所取快照	zr_vm_language_server/src/zr_vm_language_server/semantic/lsp_local_semantic_query.c:775;zr_vm_language_server/src/zr_vm_language_server/semantic/lsp_local_semantic_query.c:781	commented	已核对调用链与借用边界，源码注释说明其设计目的。
zr_vm_language_server/src/zr_vm_language_server/semantic/lsp_local_semantic_query.c	ZrLanguageServer_LspLocalSemanticQuery_AppendFactsToHover	function	ZrLanguageServer_Lsp_GetHover@zr_vm_language_server/src/zr_vm_language_server/interface/lsp_interface.c:1942	把局部事实补进已有符号 hover，避免两条入口丢失事实	不会转移 hover 所有权；附录失败时保留原结果	zr_vm_language_server/src/zr_vm_language_server/semantic/lsp_local_semantic_query.c:785;zr_vm_language_server/src/zr_vm_language_server/semantic/lsp_local_semantic_query.c:797;zr_vm_language_server/src/zr_vm_language_server/semantic/lsp_local_semantic_query.c:815	commented	已核对调用链与借用边界，源码注释说明其设计目的。
zr_vm_language_server/src/zr_vm_language_server/semantic/lsp_numeric_range_text.c	lsp_numeric_range_text_append_format	function	ZrLanguageServer_LspNumericRangeText_AppendRange@zr_vm_language_server/src/zr_vm_language_server/semantic/lsp_numeric_range_text.c:102;lsp_numeric_range_text_append_segments@zr_vm_language_server/src/zr_vm_language_server/semantic/lsp_numeric_range_text.c:59	在固定缓冲区内统一数值片段的容量失败语义	失败后上层应丢弃半截展示	zr_vm_language_server/src/zr_vm_language_server/semantic/lsp_numeric_range_text.c:9	commented	已核对调用链与借用边界，源码注释说明其设计目的。
zr_vm_language_server/src/zr_vm_language_server/semantic/lsp_numeric_range_text.c	lsp_numeric_range_text_is_float_fact	function	ZrLanguageServer_LspNumericRangeText_AppendRange@zr_vm_language_server/src/zr_vm_language_server/semantic/lsp_numeric_range_text.c:106	按源或目标浮点类型选择浮点区间展示	仅检查 fact 类型元数据，不推断新区间	zr_vm_language_server/src/zr_vm_language_server/semantic/lsp_numeric_range_text.c:35	commented	已核对调用链与借用边界，源码注释说明其设计目的。
zr_vm_language_server/src/zr_vm_language_server/semantic/lsp_numeric_range_text.c	lsp_numeric_range_text_append_segments	function	ZrLanguageServer_LspNumericRangeText_AppendRange@zr_vm_language_server/src/zr_vm_language_server/semantic/lsp_numeric_range_text.c:124	为非连续整数区间附可截断的分段摘要	经 parser accessor 读取额外段；展示上限来自 LSP 配置	zr_vm_language_server/src/zr_vm_language_server/semantic/lsp_numeric_range_text.c:44;zr_vm_language_server/src/zr_vm_language_server/semantic/lsp_numeric_range_text.c:65;zr_vm_language_server/src/zr_vm_language_server/semantic/lsp_numeric_range_text.c:78	commented	已核对调用链与借用边界，源码注释说明其设计目的。
zr_vm_language_server/src/zr_vm_language_server/semantic/lsp_numeric_range_text.c	ZrLanguageServer_LspNumericRangeText_AppendRange	function	lsp_local_hover_text_append_numeric@zr_vm_language_server/src/zr_vm_language_server/semantic/lsp_local_semantic_hover_text.c:60;lsp_completion_semantic_facts@zr_vm_language_server/src/zr_vm_language_server/interface/lsp_completion_semantic_facts.c:282;lsp_signature_semantic_facts@zr_vm_language_server/src/zr_vm_language_server/interface/lsp_signature_semantic_facts.c:280	统一 hover、补全、签名及 inlay hint 的区间文本	无 hasRange 成功但无输出；调用方决定是否包含 range 标签	zr_vm_language_server/src/zr_vm_language_server/semantic/lsp_numeric_range_text.c:91;zr_vm_language_server/src/zr_vm_language_server/semantic/lsp_numeric_range_text.c:98;zr_vm_language_server/src/zr_vm_language_server/semantic/lsp_numeric_range_text.c:106	commented	已核对调用链与借用边界，源码注释说明其设计目的。
zr_vm_language_server/src/zr_vm_language_server/semantic/lsp_local_semantic_expression_text.h	ZrLanguageServer_LspLocalSemanticExpressionText_AppendHover[declaration]	interface	ZrLanguageServer_LspLocalSemanticHoverText_AppendFacts@zr_vm_language_server/src/zr_vm_language_server/semantic/lsp_local_semantic_hover_text.c:317	公开表达式事实片段格式化入口	缓冲区 used 和 fact 快照在调用期间有效	zr_vm_language_server/src/zr_vm_language_server/semantic/lsp_local_semantic_expression_text.h:12	commented	公开声明已写调用前提与失败/所有权约定。
zr_vm_language_server/src/zr_vm_language_server/semantic/lsp_local_semantic_expression_text.h	ZrLanguageServer_LspLocalSemanticExpressionText_AppendOwnershipIntrinsicHover[declaration]	interface	ZrLanguageServer_LspLocalSemanticHoverText_AppendFacts@zr_vm_language_server/src/zr_vm_language_server/semantic/lsp_local_semantic_hover_text.c:321	公开所有权 intrinsic 文本入口	未知操作不追加；遵循缓冲区容量约定	zr_vm_language_server/src/zr_vm_language_server/semantic/lsp_local_semantic_expression_text.h:23	commented	公开声明已写调用前提与失败/所有权约定。
zr_vm_language_server/src/zr_vm_language_server/semantic/lsp_local_semantic_hover_text.h	ZrLanguageServer_LspLocalSemanticHoverText_AppendFacts[declaration]	interface	local_query_build_hover_with_document@zr_vm_language_server/src/zr_vm_language_server/semantic/lsp_local_semantic_query.c:739	统一组合借用语义事实的接口	各 fact 来自同一有效快照	zr_vm_language_server/src/zr_vm_language_server/semantic/lsp_local_semantic_hover_text.h:10	commented	公开声明已写调用前提与失败/所有权约定。
zr_vm_language_server/src/zr_vm_language_server/semantic/lsp_local_semantic_hover_text.h	ZrLanguageServer_LspLocalSemanticHoverText_BuildFactMarkdown[declaration]	interface	ZrLanguageServer_LspLocalSemanticQuery_AppendFactsToHover@zr_vm_language_server/src/zr_vm_language_server/semantic/lsp_local_semantic_query.c:797	为已有 hover 创建事实附录	返回字符串由 state 管理，空结果允许	zr_vm_language_server/src/zr_vm_language_server/semantic/lsp_local_semantic_hover_text.h:20	commented	公开声明已写调用前提与失败/所有权约定。
zr_vm_language_server/src/zr_vm_language_server/semantic/lsp_local_semantic_hover_text.h	ZrLanguageServer_LspLocalSemanticHoverText_AppendMarkdownSection[declaration]	interface	ZrLanguageServer_LspLocalSemanticQuery_AppendFactsToHover@zr_vm_language_server/src/zr_vm_language_server/semantic/lsp_local_semantic_query.c:815	合并去重 Markdown 段的接口	无法合并时保留 base	zr_vm_language_server/src/zr_vm_language_server/semantic/lsp_local_semantic_hover_text.h:28	commented	公开声明已写调用前提与失败/所有权约定。
zr_vm_language_server/src/zr_vm_language_server/semantic/lsp_local_semantic_query.h	EZrLspLocalSemanticQueryStatus	type	ZrLanguageServer_LspLocalSemanticQuery_ExpressionAt@zr_vm_language_server/src/zr_vm_language_server/semantic/lsp_local_semantic_query.c:631;ZrLanguageServer_Lsp_GetHover@zr_vm_language_server/src/zr_vm_language_server/interface/lsp_interface.c:1908	把无事实、可显示事实与诊断遮挡显式区分	调用者需按 status 决定是否发布 hover	zr_vm_language_server/src/zr_vm_language_server/semantic/lsp_local_semantic_query.h:8;zr_vm_language_server/src/zr_vm_language_server/semantic/lsp_local_semantic_query.c:631	commented	已核对调用链与借用边界，源码注释说明其设计目的。
zr_vm_language_server/src/zr_vm_language_server/semantic/lsp_local_semantic_query.h	SZrLspLocalSemanticQueryResult	type	ZrLanguageServer_Lsp_GetHover@zr_vm_language_server/src/zr_vm_language_server/interface/lsp_interface.c:1901;ZrStdioInlineValue_CreateSemanticTextForLspRange@zr_vm_language_server/stdio/stdio_inline_value_semantic_text.c:246	把一个文档快照的多类局部事实集合成借用视图	不持有事实与诊断；分析器重算后指针失效	zr_vm_language_server/src/zr_vm_language_server/semantic/lsp_local_semantic_query.h:18;zr_vm_language_server/src/zr_vm_language_server/semantic/lsp_local_semantic_query.c:536	commented	已核对调用链与借用边界，源码注释说明其设计目的。
zr_vm_language_server/src/zr_vm_language_server/semantic/lsp_local_semantic_query.h	ZrLanguageServer_LspLocalSemanticQuery_Init[declaration]	interface	ZrLanguageServer_Lsp_GetHover@zr_vm_language_server/src/zr_vm_language_server/interface/lsp_interface.c:1901	为栈结果建立空视图	不分配或拥有 analyzer 事实	zr_vm_language_server/src/zr_vm_language_server/semantic/lsp_local_semantic_query.h:32	commented	公开声明已写调用前提与失败/所有权约定。
zr_vm_language_server/src/zr_vm_language_server/semantic/lsp_local_semantic_query.h	ZrLanguageServer_LspLocalSemanticQuery_Clear[declaration]	interface	lsp_refresh_local_hover_query@zr_vm_language_server/src/zr_vm_language_server/interface/lsp_interface.c:989	重用前解除旧借用关系	不释放 parser/analyzer 对象	zr_vm_language_server/src/zr_vm_language_server/semantic/lsp_local_semantic_query.h:36	commented	公开声明已写调用前提与失败/所有权约定。
zr_vm_language_server/src/zr_vm_language_server/semantic/lsp_local_semantic_query.h	ZrLanguageServer_LspLocalSemanticQuery_ExpressionAt[declaration]	interface	ZrLanguageServer_Lsp_GetHover@zr_vm_language_server/src/zr_vm_language_server/interface/lsp_interface.c:1902;ZrStdioInlineValue_CreateSemanticTextForLspRange@zr_vm_language_server/stdio/stdio_inline_value_semantic_text.c:256	为 hover 和 inline value 查询全部局部事实	成功不保证 FACT；文档语义快照必须仍有效	zr_vm_language_server/src/zr_vm_language_server/semantic/lsp_local_semantic_query.h:44	commented	公开声明已写调用前提与失败/所有权约定。
zr_vm_language_server/src/zr_vm_language_server/semantic/lsp_local_semantic_query.h	ZrLanguageServer_LspLocalSemanticQuery_ReferenceAt[declaration]	interface	test_lsp_local_semantic_query@tests/language_server/test_lsp_local_semantic_query.c:993	只查询引用事实以减轻导航路径成本	状态仍可能 UNKNOWN 或 DIAGNOSTIC_FAILURE	zr_vm_language_server/src/zr_vm_language_server/semantic/lsp_local_semantic_query.h:52	commented	公开声明已写调用前提与失败/所有权约定。
zr_vm_language_server/src/zr_vm_language_server/semantic/lsp_local_semantic_query.h	ZrLanguageServer_LspLocalSemanticQuery_BuildHover[declaration]	interface	test_lsp_local_semantic_hover@tests/language_server/test_lsp_local_semantic_hover.c:193	从已取得事实建立不依赖文档的 hover	无文档类型可退化为 unknown	zr_vm_language_server/src/zr_vm_language_server/semantic/lsp_local_semantic_query.h:60	commented	公开声明已写调用前提与失败/所有权约定。
zr_vm_language_server/src/zr_vm_language_server/semantic/lsp_local_semantic_query.h	ZrLanguageServer_LspLocalSemanticQuery_BuildHoverForDocument[declaration]	interface	ZrLanguageServer_Lsp_GetHover@zr_vm_language_server/src/zr_vm_language_server/interface/lsp_interface.c:2074	利用当前文档增加 canonical 类型信息	query 事实在调用期间有效	zr_vm_language_server/src/zr_vm_language_server/semantic/lsp_local_semantic_query.h:66	commented	公开声明已写调用前提与失败/所有权约定。
zr_vm_language_server/src/zr_vm_language_server/semantic/lsp_local_semantic_query.h	ZrLanguageServer_LspLocalSemanticQuery_AppendFactsToHover[declaration]	interface	ZrLanguageServer_Lsp_GetHover@zr_vm_language_server/src/zr_vm_language_server/interface/lsp_interface.c:1942	将局部事实附于已有符号 hover	调用方继续拥有最终 hover	zr_vm_language_server/src/zr_vm_language_server/semantic/lsp_local_semantic_query.h:74	commented	公开声明已写调用前提与失败/所有权约定。
zr_vm_language_server/src/zr_vm_language_server/semantic/lsp_numeric_range_text.h	ZrLanguageServer_LspNumericRangeText_AppendRange[declaration]	interface	lsp_local_hover_text_append_numeric@zr_vm_language_server/src/zr_vm_language_server/semantic/lsp_local_semantic_hover_text.c:60;lsp_inlay_hints@zr_vm_language_server/src/zr_vm_language_server/interface/lsp_inlay_hints.c:155	公开统一数值区间展示接口	fact 借用当前快照；无区间无输出，失败不发布残缺文本	zr_vm_language_server/src/zr_vm_language_server/semantic/lsp_numeric_range_text.h:11	commented	公开声明已写调用前提与失败/所有权约定。
zr_vm_language_server/src/zr_vm_language_server/semantic/lsp_semantic_call_hierarchy.c	semantic_call_hierarchy_node_is_callable	函数	Prepare;resolve_item;append_edges	限制可形成稳定层级根的声明 AST 种类	不接受普通调用表达式	zr_vm_language_server/src/zr_vm_language_server/semantic/lsp_semantic_call_hierarchy.c:10	commented	已在声明或实现附近写明调用目的与约束。
zr_vm_language_server/src/zr_vm_language_server/semantic/lsp_semantic_call_hierarchy.c	semantic_call_hierarchy_node_kind	函数	create_item	向编辑器映射函数与方法图标	仅在可调用节点校验后使用	zr_vm_language_server/src/zr_vm_language_server/semantic/lsp_semantic_call_hierarchy.c:32	commented	已在声明或实现附近写明调用目的与约束。
zr_vm_language_server/src/zr_vm_language_server/semantic/lsp_semantic_call_hierarchy.c	semantic_call_hierarchy_find_semantic_symbol	函数	Prepare	由光标 AST 找回同快照函数身份	要求有效 symbol/type ID	zr_vm_language_server/src/zr_vm_language_server/semantic/lsp_semantic_call_hierarchy.c:43	commented	已在声明或实现附近写明调用目的与约束。
zr_vm_language_server/src/zr_vm_language_server/semantic/lsp_semantic_call_hierarchy.c	semantic_call_hierarchy_create_item	函数	Prepare;append_call	创建客户端可回传的函数层级项目	声明和选择范围同源且文档版本有效	zr_vm_language_server/src/zr_vm_language_server/semantic/lsp_semantic_call_hierarchy.c:71	commented	已在声明或实现附近写明调用目的与约束。
zr_vm_language_server/src/zr_vm_language_server/semantic/lsp_semantic_call_hierarchy.c	semantic_call_hierarchy_ranges_equal	函数	resolve_item	比较回传项目与当前声明范围	四个 LSP 坐标完全一致	zr_vm_language_server/src/zr_vm_language_server/semantic/lsp_semantic_call_hierarchy.c:130	no-comment	纯坐标等值谓词，名称和返回表达式已足够。
zr_vm_language_server/src/zr_vm_language_server/semantic/lsp_semantic_call_hierarchy.c	semantic_call_hierarchy_resolve_item	函数	append_edges	拒绝编辑后失效的回传项目	版本;ID;AST;声明事实;范围全部匹配	zr_vm_language_server/src/zr_vm_language_server/semantic/lsp_semantic_call_hierarchy.c:140	commented	已在声明或实现附近写明调用目的与约束。
zr_vm_language_server/src/zr_vm_language_server/semantic/lsp_semantic_call_hierarchy.c	semantic_call_hierarchy_find_call	函数	append_call	把同一函数的多条调用边合并为单个调用项目	语义 ID 在当前分析器上下文内唯一	zr_vm_language_server/src/zr_vm_language_server/semantic/lsp_semantic_call_hierarchy.c:216	commented	已在声明或实现附近写明调用目的与约束。
zr_vm_language_server/src/zr_vm_language_server/semantic/lsp_semantic_call_hierarchy.c	semantic_call_hierarchy_has_range	函数	append_call	避免同一调用点重复进入 fromRanges	比较最终 LSP 范围	zr_vm_language_server/src/zr_vm_language_server/semantic/lsp_semantic_call_hierarchy.c:237	no-comment	纯局部去重谓词，名称及调用点足够说明契约。
zr_vm_language_server/src/zr_vm_language_server/semantic/lsp_semantic_call_hierarchy.c	semantic_call_hierarchy_append_call	函数	append_edges	投影已解析边并归并同目标调用点	要求项目 URI 与调用点同源；跨文件契约另记语句块	zr_vm_language_server/src/zr_vm_language_server/semantic/lsp_semantic_call_hierarchy.c:261	commented	已在实现附近说明调用项归并与结果所有权。
zr_vm_language_server/src/zr_vm_language_server/semantic/lsp_semantic_call_hierarchy.c	semantic_call_hierarchy_append_call::same_uri_guard	语句块	append_edges	限制项目与调用点为同一 URI	当前 parser 查询仅使用本上下文的事实；跨文档扩展待审	zr_vm_language_server/src/zr_vm_language_server/semantic/lsp_semantic_call_hierarchy.c:286	TODO	同 URI 条件已确认；是否支持未来跨文件目标需要沿 parser 关系事实审查。
zr_vm_language_server/src/zr_vm_language_server/semantic/lsp_semantic_call_hierarchy.c	ZrLanguageServer_LspSemanticCallHierarchy_Prepare	函数	Lsp_PrepareCallHierarchy;test_lsp_advanced_editor_features	为层级请求创建已验证根项目	只能从已解析声明产生；结果由 FreeHierarchyItems 释放	zr_vm_language_server/src/zr_vm_language_server/semantic/lsp_semantic_call_hierarchy.c:332	commented	已在声明或实现附近写明调用目的与约束。
zr_vm_language_server/src/zr_vm_language_server/semantic/lsp_semantic_call_hierarchy.c	semantic_call_hierarchy_append_edges	函数	AppendIncoming;AppendOutgoing	统一查询解析器的直接调用边并投影目标	取消后返回失败但已生成项目仍需释放	zr_vm_language_server/src/zr_vm_language_server/semantic/lsp_semantic_call_hierarchy.c:405	commented	已在声明或实现附近写明调用目的与约束。
zr_vm_language_server/src/zr_vm_language_server/semantic/lsp_semantic_call_hierarchy.c	ZrLanguageServer_LspSemanticCallHierarchy_AppendIncoming	函数	Lsp_GetCallHierarchyIncomingCalls	投影直接调用者	输入为当前版本 prepare 项目	zr_vm_language_server/src/zr_vm_language_server/semantic/lsp_semantic_call_hierarchy.c:512	commented	已在声明或实现附近写明调用目的与约束。
zr_vm_language_server/src/zr_vm_language_server/semantic/lsp_semantic_call_hierarchy.c	ZrLanguageServer_LspSemanticCallHierarchy_AppendOutgoing	函数	Lsp_GetCallHierarchyOutgoingCalls	投影直接被调函数	输入为当前版本 prepare 项目	zr_vm_language_server/src/zr_vm_language_server/semantic/lsp_semantic_call_hierarchy.c:522	commented	已在声明或实现附近写明调用目的与约束。
zr_vm_language_server/src/zr_vm_language_server/semantic/lsp_semantic_call_hierarchy.h	ZrLanguageServer_LspSemanticCallHierarchy_Prepare::declaration	接口	lsp_hierarchy.c::Lsp_PrepareCallHierarchy	声明层级根准备契约	回传项带版本；调用方释放结果	zr_vm_language_server/src/zr_vm_language_server/semantic/lsp_semantic_call_hierarchy.h:8	commented	已在声明或实现附近写明调用目的与约束。
zr_vm_language_server/src/zr_vm_language_server/semantic/lsp_semantic_call_hierarchy.h	ZrLanguageServer_LspSemanticCallHierarchy_AppendIncoming::declaration	接口	lsp_hierarchy.c::Lsp_GetCallHierarchyIncomingCalls	声明调用者查询契约	过期项拒绝；调用方释放结果	zr_vm_language_server/src/zr_vm_language_server/semantic/lsp_semantic_call_hierarchy.h:16	commented	已在声明或实现附近写明调用目的与约束。
zr_vm_language_server/src/zr_vm_language_server/semantic/lsp_semantic_call_hierarchy.h	ZrLanguageServer_LspSemanticCallHierarchy_AppendOutgoing::declaration	接口	lsp_hierarchy.c::Lsp_GetCallHierarchyOutgoingCalls	声明被调者查询契约	过期项拒绝；调用方释放结果	zr_vm_language_server/src/zr_vm_language_server/semantic/lsp_semantic_call_hierarchy.h:23	commented	已在声明或实现附近写明调用目的与约束。
zr_vm_language_server/src/zr_vm_language_server/semantic/lsp_semantic_definition_query.c	semantic_definition_query_append_location	函数	AppendReachingDefinition	将定义事实投影为编辑器 Location	结果数组接管分配对象；URI 借用快照	zr_vm_language_server/src/zr_vm_language_server/semantic/lsp_semantic_definition_query.c:10	commented	已在声明或实现附近写明调用目的与约束。
zr_vm_language_server/src/zr_vm_language_server/semantic/lsp_semantic_definition_query.c	ZrLanguageServer_LspSemanticDefinitionQuery_AppendReachingDefinition	函数	lsp_semantic_query.c::AppendDefinition	导航到使用点可达的赋值；失败退回声明	仅本地符号且有语义上下文	zr_vm_language_server/src/zr_vm_language_server/semantic/lsp_semantic_definition_query.c:37	commented	已在声明或实现附近写明调用目的与约束。
zr_vm_language_server/src/zr_vm_language_server/semantic/lsp_semantic_definition_query.c	ZrLanguageServer_LspSemanticDefinitionQuery_AppendReachingDefinition::fact_resolution	语句块	AppendReachingDefinition	先补齐线性和 CFG 可达事实以支持准确跳转	需要 AST 才能解析 CFG；解析失败后的导航准确性待核	zr_vm_language_server/src/zr_vm_language_server/semantic/lsp_semantic_definition_query.c:75	TODO	CFG 返回值当前被丢弃，需构造失败快照核对 DefinitionsOf 与声明回退行为。
zr_vm_language_server/src/zr_vm_language_server/semantic/lsp_semantic_definition_query.h	ZrLanguageServer_LspSemanticDefinitionQuery_AppendReachingDefinition::declaration	接口	lsp_semantic_query.c::AppendDefinition	声明本地符号定义导航入口	query 需先解析；上层释放 Location	zr_vm_language_server/src/zr_vm_language_server/semantic/lsp_semantic_definition_query.h:8	commented	已在声明或实现附近写明调用目的与约束。
zr_vm_language_server/src/zr_vm_language_server/semantic/lsp_semantic_implementation_query.c	semantic_implementation_ranges_equal	函数	semantic_implementation_has_location	对最终 LSP 范围做去重比较	四坐标严格相同	zr_vm_language_server/src/zr_vm_language_server/semantic/lsp_semantic_implementation_query.c:9	commented	已在实现附近说明编辑器最终范围的去重目的。
zr_vm_language_server/src/zr_vm_language_server/semantic/lsp_semantic_implementation_query.c	semantic_implementation_has_location	函数	semantic_implementation_append_location	避免实现关系重复显示同一位置	URI 和转换后的范围共同构成键	zr_vm_language_server/src/zr_vm_language_server/semantic/lsp_semantic_implementation_query.c:19	commented	已在声明或实现附近写明调用目的与约束。
zr_vm_language_server/src/zr_vm_language_server/semantic/lsp_semantic_implementation_query.c	semantic_implementation_append_location	函数	ZrLanguageServer_LspSemanticImplementationQuery_Append	为实现关系追加唯一导航位置	结果接管 Location；URI 借用	zr_vm_language_server/src/zr_vm_language_server/semantic/lsp_semantic_implementation_query.c:42	commented	已在声明或实现附近写明调用目的与约束。
zr_vm_language_server/src/zr_vm_language_server/semantic/lsp_semantic_implementation_query.c	ZrLanguageServer_LspSemanticImplementationQuery_Append	函数	lsp_editor_features.c::Lsp_GetImplementation	从规范化本地符号查本模块实现和覆盖关系	只输出有源范围关系；项目级契约另记语句块	zr_vm_language_server/src/zr_vm_language_server/semantic/lsp_semantic_implementation_query.c:79	commented	已在实现附近说明当前模块的实现关系投影。
zr_vm_language_server/src/zr_vm_language_server/semantic/lsp_semantic_implementation_query.c	ZrLanguageServer_LspSemanticImplementationQuery_Append::module_scope	语句块	ZrLanguageServer_LspSemanticImplementationQuery_Append	以当前 analyzer 的语义上下文查询实现事实	项目内其他文档实现是否纳入 editor implementation 待核	zr_vm_language_server/src/zr_vm_language_server/semantic/lsp_semantic_implementation_query.c:120	TODO	当前只以本 analyzer 的语义上下文及 module scope 查询，跨快照项目索引的意图待查。
zr_vm_language_server/src/zr_vm_language_server/semantic/lsp_semantic_implementation_query.h	ZrLanguageServer_LspSemanticImplementationQuery_Append::declaration	接口	lsp_editor_features.c::Lsp_GetImplementation	声明编辑器 implementation 查询入口	返回值表示实际追加；外部目标无本地结果	zr_vm_language_server/src/zr_vm_language_server/semantic/lsp_semantic_implementation_query.h:8	commented	已在声明或实现附近写明调用目的与约束。
zr_vm_language_server/src/zr_vm_language_server/semantic/lsp_semantic_reference_query.c	semantic_reference_query_ranges_equal	函数	has_location;find_highlight	共享位置与高亮的最终范围等值判断	四个 LSP 坐标严格相同	zr_vm_language_server/src/zr_vm_language_server/semantic/lsp_semantic_reference_query.c:10	commented	已在实现附近说明编辑器最终范围的去重目的。
zr_vm_language_server/src/zr_vm_language_server/semantic/lsp_semantic_reference_query.c	semantic_reference_query_has_location	函数	AppendRange	合并同 URI 同范围的引用	结果可能由跨快照路径预填	zr_vm_language_server/src/zr_vm_language_server/semantic/lsp_semantic_reference_query.c:20	commented	已在声明或实现附近写明调用目的与约束。
zr_vm_language_server/src/zr_vm_language_server/semantic/lsp_semantic_reference_query.c	ZrLanguageServer_LspSemanticReferenceQuery_AppendRange	函数	append_location;lsp_cross_snapshot_references.c::Append	把语义源范围绑定文档并加入唯一 Location	分析器与范围来自相同快照	zr_vm_language_server/src/zr_vm_language_server/semantic/lsp_semantic_reference_query.c:43	commented	已在声明或实现附近写明调用目的与约束。
zr_vm_language_server/src/zr_vm_language_server/semantic/lsp_semantic_reference_query.c	semantic_reference_query_append_location	函数	append_references_for_symbol_id	把引用事实交给统一范围投影	空事实不追加	zr_vm_language_server/src/zr_vm_language_server/semantic/lsp_semantic_reference_query.c:87	commented	已在声明或实现附近写明调用目的与约束。
zr_vm_language_server/src/zr_vm_language_server/semantic/lsp_semantic_reference_query.c	semantic_reference_query_highlight_kind	函数	append_highlight_range	将声明和写事实映射为写高亮	读写分类遵循当前 LSP 数值约定	zr_vm_language_server/src/zr_vm_language_server/semantic/lsp_semantic_reference_query.c:99	commented	已在声明或实现附近写明调用目的与约束。
zr_vm_language_server/src/zr_vm_language_server/semantic/lsp_semantic_reference_query.c	semantic_reference_query_symbol_id	函数	AppendReferences;AppendHighlights	在规范符号与 AST 符号冲突时阻断错误查询	要求有效规范 symbol ID	zr_vm_language_server/src/zr_vm_language_server/semantic/lsp_semantic_reference_query.c:109	commented	已在声明或实现附近写明调用目的与约束。
zr_vm_language_server/src/zr_vm_language_server/semantic/lsp_semantic_reference_query.c	semantic_reference_query_find_highlight	函数	append_highlight_range	定位同范围已有高亮以合并读写事实	范围限定于单文档结果数组	zr_vm_language_server/src/zr_vm_language_server/semantic/lsp_semantic_reference_query.c:123	commented	已在声明或实现附近写明调用目的与约束。
zr_vm_language_server/src/zr_vm_language_server/semantic/lsp_semantic_reference_query.c	semantic_reference_query_append_highlight_range	函数	append_highlight;append_external_highlights	只投影请求文档的高亮并让写优先	事实源 URI 必须等于请求 URI	zr_vm_language_server/src/zr_vm_language_server/semantic/lsp_semantic_reference_query.c:144	commented	已在声明或实现附近写明调用目的与约束。
zr_vm_language_server/src/zr_vm_language_server/semantic/lsp_semantic_reference_query.c	semantic_reference_query_append_highlight	函数	AppendHighlights	把普通引用事实转为文档高亮	空事实不追加	zr_vm_language_server/src/zr_vm_language_server/semantic/lsp_semantic_reference_query.c:196	commented	已在声明或实现附近写明调用目的与约束。
zr_vm_language_server/src/zr_vm_language_server/semantic/lsp_semantic_reference_query.c	semantic_reference_query_append_external_highlights	函数	AppendHighlights	按 provider 代次和外部目标身份筛选当前文档事实	外部目标身份及代次必须有效	zr_vm_language_server/src/zr_vm_language_server/semantic/lsp_semantic_reference_query.c:209	commented	已在声明或实现附近写明调用目的与约束。
zr_vm_language_server/src/zr_vm_language_server/semantic/lsp_semantic_reference_query.c	semantic_reference_query_append_references_for_symbol_id	函数	AppendReferences	收集本快照声明与已解析使用点	声明包含由参数决定；取消可留部分结果	zr_vm_language_server/src/zr_vm_language_server/semantic/lsp_semantic_reference_query.c:249	commented	已在声明或实现附近写明调用目的与约束。
zr_vm_language_server/src/zr_vm_language_server/semantic/lsp_semantic_reference_query.c	ZrLanguageServer_LspSemanticReferenceQuery_AppendReferences	函数	lsp_semantic_query.c::AppendReferences	本地规范符号的引用查询	跨快照由上层另行合并	zr_vm_language_server/src/zr_vm_language_server/semantic/lsp_semantic_reference_query.c:311	commented	已在声明或实现附近写明调用目的与约束。
zr_vm_language_server/src/zr_vm_language_server/semantic/lsp_semantic_reference_query.c	ZrLanguageServer_LspSemanticReferenceQuery_AppendHighlights	函数	lsp_semantic_query.c::AppendDocumentHighlights	投影请求文档的本地或外部引用高亮	外部目标先验 provider 代次；取消可留部分结果	zr_vm_language_server/src/zr_vm_language_server/semantic/lsp_semantic_reference_query.c:339	commented	已在声明或实现附近写明调用目的与约束。
zr_vm_language_server/src/zr_vm_language_server/semantic/lsp_semantic_reference_query.h	ZrLanguageServer_LspSemanticReferenceQuery_AppendReferences::declaration	接口	lsp_semantic_query.c::AppendReferences	声明本快照引用收集入口	可选声明；跨快照由上层接续	zr_vm_language_server/src/zr_vm_language_server/semantic/lsp_semantic_reference_query.h:8	commented	已在声明或实现附近写明调用目的与约束。
zr_vm_language_server/src/zr_vm_language_server/semantic/lsp_semantic_reference_query.h	ZrLanguageServer_LspSemanticReferenceQuery_AppendRange::declaration	接口	lsp_cross_snapshot_references.c::Append	声明跨快照可复用的位置投影入口	analyzer 和范围快照一致	zr_vm_language_server/src/zr_vm_language_server/semantic/lsp_semantic_reference_query.h:16	commented	已在声明或实现附近写明调用目的与约束。
zr_vm_language_server/src/zr_vm_language_server/semantic/lsp_semantic_reference_query.h	ZrLanguageServer_LspSemanticReferenceQuery_AppendHighlights::declaration	接口	lsp_semantic_query.c::AppendDocumentHighlights	声明当前文档高亮入口	调用方释放高亮结果	zr_vm_language_server/src/zr_vm_language_server/semantic/lsp_semantic_reference_query.h:24	commented	已在声明或实现附近写明调用目的与约束。
zr_vm_language_server/src/zr_vm_language_server/semantic/lsp_semantic_relation_query.c	semantic_relation_query_is_import_origin	函数	ResolveImportOrigin	按符号和类型身份挑选真正导入来源关系	仅外部 import/export origin 有效	zr_vm_language_server/src/zr_vm_language_server/semantic/lsp_semantic_relation_query.c:9	commented	已在声明或实现附近写明调用目的与约束。
zr_vm_language_server/src/zr_vm_language_server/semantic/lsp_semantic_relation_query.c	semantic_relation_query_resolve_metadata_target	函数	ResolveImportOrigin;ResolveImportOriginAt	让解析器来源身份与 metadata 声明身份达成一致	失败清零 outTarget；源缺失时使用虚拟文档	zr_vm_language_server/src/zr_vm_language_server/semantic/lsp_semantic_relation_query.c:22	commented	已在声明或实现附近写明调用目的与约束。
zr_vm_language_server/src/zr_vm_language_server/semantic/lsp_semantic_relation_query.c	ZrLanguageServer_LspSemanticRelationQuery_ResolveImportOrigin	函数	lsp_semantic_query.c::semantic_query_resolve_canonical_import_origin_target	符号导航仅接受唯一一致的外部导入关系	NOT_APPLICABLE 与 INVALID 必须分辨	zr_vm_language_server/src/zr_vm_language_server/semantic/lsp_semantic_relation_query.c:90	commented	已在声明或实现附近写明调用目的与约束。
zr_vm_language_server/src/zr_vm_language_server/semantic/lsp_semantic_relation_query.c	ZrLanguageServer_LspSemanticRelationQuery_ResolveImportOriginAt	函数	lsp_semantic_query.c::semantic_query_resolve_canonical_import_literal_target	字面量导航依据解析器精确来源范围	parser 解析成功后仍要 metadata 一致性校验	zr_vm_language_server/src/zr_vm_language_server/semantic/lsp_semantic_relation_query.c:169	commented	已在声明或实现附近写明调用目的与约束。
zr_vm_language_server/src/zr_vm_language_server/semantic/lsp_semantic_relation_query.h	SZrLspSemanticImportOriginTarget	类型	ResolveImportOrigin;ResolveImportOriginAt;lsp_semantic_query.c	传递导入来源身份与导航声明	字符串和模块信息借用当前快照	zr_vm_language_server/src/zr_vm_language_server/semantic/lsp_semantic_relation_query.h:7	commented	已在声明或实现附近写明调用目的与约束。
zr_vm_language_server/src/zr_vm_language_server/semantic/lsp_semantic_relation_query.h	EZrLspSemanticImportOriginResolution	类型	lsp_semantic_query.c::semantic_query_resolve_canonical_import_origin_target	区分非适用;已解析;无效三种分支	无效不能降级为任意同名声明	zr_vm_language_server/src/zr_vm_language_server/semantic/lsp_semantic_relation_query.h:16	commented	已在声明或实现附近写明调用目的与约束。
zr_vm_language_server/src/zr_vm_language_server/semantic/lsp_semantic_relation_query.h	ZrLanguageServer_LspSemanticRelationQuery_ResolveImportOrigin::declaration	接口	lsp_semantic_query.c::semantic_query_resolve_canonical_import_origin_target	声明符号入口的外部导入来源解析	outTarget 失败清零；成功字段借用	zr_vm_language_server/src/zr_vm_language_server/semantic/lsp_semantic_relation_query.h:25	commented	已在声明或实现附近写明调用目的与约束。
zr_vm_language_server/src/zr_vm_language_server/semantic/lsp_semantic_relation_query.h	ZrLanguageServer_LspSemanticRelationQuery_ResolveImportOriginAt::declaration	接口	lsp_semantic_query.c::semantic_query_resolve_canonical_import_literal_target	声明字面量入口的来源解析	需 parser 证明精确 import 范围	zr_vm_language_server/src/zr_vm_language_server/semantic/lsp_semantic_relation_query.h:35	commented	已在声明或实现附近写明调用目的与约束。
zr_vm_language_server/src/zr_vm_language_server/semantic/lsp_semantic_type_hierarchy.c	semantic_type_hierarchy_node_is_type	函数	Prepare;append_item;resolve_item;append_relations	层级关系只面向命名类型声明	不接受临时表达式类型	zr_vm_language_server/src/zr_vm_language_server/semantic/lsp_semantic_type_hierarchy.c:10	commented	已在声明或实现附近写明调用目的与约束。
zr_vm_language_server/src/zr_vm_language_server/semantic/lsp_semantic_type_hierarchy.c	semantic_type_hierarchy_node_kind	函数	append_item	将类型声明映射为编辑器符号种类	只有已验证声明才投影	zr_vm_language_server/src/zr_vm_language_server/semantic/lsp_semantic_type_hierarchy.c:19	commented	已在声明或实现附近写明调用目的与约束。
zr_vm_language_server/src/zr_vm_language_server/semantic/lsp_semantic_type_hierarchy.c	semantic_type_hierarchy_has_item	函数	append_item	合并同一语义类型的重复关系目标	ID 仅在当前快照内比较	zr_vm_language_server/src/zr_vm_language_server/semantic/lsp_semantic_type_hierarchy.c:36	no-comment	局部语义 ID 去重谓词，名称和使用点已足够。
zr_vm_language_server/src/zr_vm_language_server/semantic/lsp_semantic_type_hierarchy.c	semantic_type_hierarchy_append_item	函数	Prepare;append_relations	创建带版本与语义身份的可回传类型项目	声明和选中范围必须绑定同一 URI	zr_vm_language_server/src/zr_vm_language_server/semantic/lsp_semantic_type_hierarchy.c:58	commented	已在声明或实现附近写明调用目的与约束。
zr_vm_language_server/src/zr_vm_language_server/semantic/lsp_semantic_type_hierarchy.c	semantic_type_hierarchy_resolve_item	函数	append_relations	重验客户端回传项目的版本;声明事实;范围	过期项目拒绝查询	zr_vm_language_server/src/zr_vm_language_server/semantic/lsp_semantic_type_hierarchy.c:127	commented	已在声明或实现附近写明调用目的与约束。
zr_vm_language_server/src/zr_vm_language_server/semantic/lsp_semantic_type_hierarchy.c	ZrLanguageServer_LspSemanticTypeHierarchy_Prepare	函数	lsp_hierarchy.c::Lsp_PrepareTypeHierarchy	从光标位置创建经过事实验证的层级根	仅 class;struct;interface;enum	zr_vm_language_server/src/zr_vm_language_server/semantic/lsp_semantic_type_hierarchy.c:206	commented	已在声明或实现附近写明调用目的与约束。
zr_vm_language_server/src/zr_vm_language_server/semantic/lsp_semantic_type_hierarchy.c	semantic_type_hierarchy_append_relations	函数	AppendSupertypes;AppendSubtypes	从解析器直接类型关系投影当前快照可导航目标	无关系返回可用空数组；取消返回失败	zr_vm_language_server/src/zr_vm_language_server/semantic/lsp_semantic_type_hierarchy.c:278	commented	已在声明或实现附近写明调用目的与约束。
zr_vm_language_server/src/zr_vm_language_server/semantic/lsp_semantic_type_hierarchy.c	ZrLanguageServer_LspSemanticTypeHierarchy_AppendSupertypes	函数	lsp_hierarchy.c::Lsp_GetTypeHierarchySupertypes	提供直接基类型方向	输入项目必须当前版本	zr_vm_language_server/src/zr_vm_language_server/semantic/lsp_semantic_type_hierarchy.c:388	commented	已在声明或实现附近写明调用目的与约束。
zr_vm_language_server/src/zr_vm_language_server/semantic/lsp_semantic_type_hierarchy.c	ZrLanguageServer_LspSemanticTypeHierarchy_AppendSubtypes	函数	lsp_hierarchy.c::Lsp_GetTypeHierarchySubtypes	提供直接派生类型方向	输入项目必须当前版本	zr_vm_language_server/src/zr_vm_language_server/semantic/lsp_semantic_type_hierarchy.c:398	commented	已在声明或实现附近写明调用目的与约束。
zr_vm_language_server/src/zr_vm_language_server/semantic/lsp_semantic_type_hierarchy.h	ZrLanguageServer_LspSemanticTypeHierarchy_Prepare::declaration	接口	lsp_hierarchy.c::Lsp_PrepareTypeHierarchy	声明类型层级根准备契约	编辑后重做 prepare；调用方释放项目	zr_vm_language_server/src/zr_vm_language_server/semantic/lsp_semantic_type_hierarchy.h:8	commented	已在声明或实现附近写明调用目的与约束。
zr_vm_language_server/src/zr_vm_language_server/semantic/lsp_semantic_type_hierarchy.h	ZrLanguageServer_LspSemanticTypeHierarchy_AppendSupertypes::declaration	接口	lsp_hierarchy.c::Lsp_GetTypeHierarchySupertypes	声明基类型方向查询契约	空关系正常；调用方释放结果	zr_vm_language_server/src/zr_vm_language_server/semantic/lsp_semantic_type_hierarchy.h:16	commented	已在声明或实现附近写明调用目的与约束。
zr_vm_language_server/src/zr_vm_language_server/semantic/lsp_semantic_type_hierarchy.h	ZrLanguageServer_LspSemanticTypeHierarchy_AppendSubtypes::declaration	接口	lsp_hierarchy.c::Lsp_GetTypeHierarchySubtypes	声明派生类型方向查询契约	空关系正常；调用方释放结果	zr_vm_language_server/src/zr_vm_language_server/semantic/lsp_semantic_type_hierarchy.h:23	commented	已在声明或实现附近写明调用目的与约束。
zr_vm_language_server/src/zr_vm_language_server/semantic/lsp_optimization_remarks.h	EZrLspOptimizationRemarkResult	type	ZrLanguageServer_LspOptimizationRemarks_Query;ZrLanguageServer_Lsp_ProjectOptimizationRemarkRange;tests/parser/test_ssa_optimization_remarks_projection.c:138	区分成功、过期、取消和输入错误，供请求层决定是否发布结果	调用方必须依据返回码处理 page 标志	zr_vm_language_server/src/zr_vm_language_server/semantic/lsp_optimization_remarks.h:13;zr_vm_language_server/src/zr_vm_language_server/semantic/lsp_optimization_remarks.c:293	commented	头文件已有宏观分类注释
zr_vm_language_server/src/zr_vm_language_server/semantic/lsp_optimization_remarks.h	SZrLspOptimizationRemark	type	ZrLanguageServer_LspOptimizationRemark_ProjectVersioned;ZrLanguageServer_Lsp_ProjectOptimizationRemarkRange	承载可脱离 core store 存活的 LSP 投影	固定字符串和数值字段为副本;range 基于匹配的源文本	zr_vm_language_server/src/zr_vm_language_server/semantic/lsp_optimization_remarks.h:22;zr_vm_language_server/src/zr_vm_language_server/semantic/lsp_optimization_remarks.c:178	commented	现有注释已说明所有权
zr_vm_language_server/src/zr_vm_language_server/semantic/lsp_optimization_remarks.h	SZrLspOptimizationRemarkPage	type	ZrLanguageServer_LspOptimizationRemarks_Query;tests/parser/test_ssa_optimization_remarks_projection.c:138	返回独立分页副本及截断、过期元数据	items 须由 Page_Free 释放;count 不等于 totalMatches	zr_vm_language_server/src/zr_vm_language_server/semantic/lsp_optimization_remarks.h:59;zr_vm_language_server/src/zr_vm_language_server/semantic/lsp_optimization_remarks.c:356	commented	头文件已有调用方所有权说明
zr_vm_language_server/src/zr_vm_language_server/semantic/lsp_optimization_remarks.h	FZrLspOptimizationRemarkCancellationCheck	type	ZrLanguageServer_LspOptimizationRemarks_Query;tests/parser/test_ssa_optimization_remarks_projection.c:150	允许长查询在记录投影前与投影中观察取消	回调期间 request 和 store 需存活	zr_vm_language_server/src/zr_vm_language_server/semantic/lsp_optimization_remarks.h:72;zr_vm_language_server/src/zr_vm_language_server/semantic/lsp_optimization_remarks.c:335	commented	头文件已有回调生命周期注释
zr_vm_language_server/src/zr_vm_language_server/semantic/lsp_optimization_remarks.h	SZrLspOptimizationRemarkRequest	type	ZrLanguageServer_LspOptimizationRemarks_Query;tests/parser/test_ssa_optimization_remarks_projection.c:133	桥接编辑器过滤条件与 core 查询并保留合法版本零	借用 content 和 cancellationUserData;显式 hasDocumentVersion 区分零值	zr_vm_language_server/src/zr_vm_language_server/semantic/lsp_optimization_remarks.h:78;zr_vm_language_server/src/zr_vm_language_server/semantic/lsp_optimization_remarks.c:276	commented	头文件已有借用契约
zr_vm_language_server/src/zr_vm_language_server/semantic/lsp_optimization_remarks.h	SZrLspOptimizationRemarkCache	type	ZrLanguageServer_LspOptimizationRemarkCache_Begin;tests/parser/test_ssa_optimization_remarks_projection.c:156	把文档版本与请求代数一并作为异步发布门闩	发布结果前须 Begin;代数到最大值时需要额外策略	zr_vm_language_server/src/zr_vm_language_server/semantic/lsp_optimization_remarks.h:107;zr_vm_language_server/src/zr_vm_language_server/semantic/lsp_optimization_remarks.c:24	commented	头文件已有双钥匙约束
zr_vm_language_server/src/zr_vm_language_server/semantic/lsp_optimization_remarks.c	lsp_remark_diag_clear	function	ProjectVersioned;Query;zr_vm_language_server/src/zr_vm_language_server/semantic/lsp_optimization_remarks.c:130	避免复用诊断对象携带上次请求的错误	允许空 diagnostic，遵循 core 清理契约	zr_vm_language_server/src/zr_vm_language_server/semantic/lsp_optimization_remarks.c:9;zr_vm_language_server/src/zr_vm_language_server/semantic/lsp_optimization_remarks.c:247	commented	实现侧说明跨层诊断约定
zr_vm_language_server/src/zr_vm_language_server/semantic/lsp_optimization_remarks.c	lsp_remark_max_count_for_item_size	function	Query;zr_vm_language_server/src/zr_vm_language_server/semantic/lsp_optimization_remarks.c:317	在 core 页复制前限制目标数组乘法	返回 size_t 容量上界	zr_vm_language_server/src/zr_vm_language_server/semantic/lsp_optimization_remarks.c:14;zr_vm_language_server/src/zr_vm_language_server/semantic/lsp_optimization_remarks.c:317	commented	实现侧说明分配边界
zr_vm_language_server/src/zr_vm_language_server/semantic/lsp_optimization_remarks.c	lsp_remark_cache_bump_generation	function	Cache_Begin;Cache_Invalidate;zr_vm_language_server/src/zr_vm_language_server/semantic/lsp_optimization_remarks.c:372	使新请求和失效事件与旧异步结果分离	达到 UINT64_MAX 后停止递增	zr_vm_language_server/src/zr_vm_language_server/semantic/lsp_optimization_remarks.c:24;zr_vm_language_server/src/zr_vm_language_server/semantic/lsp_optimization_remarks.c:406	BUG	上限代数后同版本 Begin 无法淘汰旧请求，旧 PublishGeneration 能通过
zr_vm_language_server/src/zr_vm_language_server/semantic/lsp_optimization_remarks.c	lsp_remark_position	function	ProjectVersioned;zr_vm_language_server/src/zr_vm_language_server/semantic/lsp_optimization_remarks.c:174	将 core UTF-8 字节位置映射为 LSP UTF-16 行列	需要与 remark 同源版本的 content;无内容时退化为首行字节列	zr_vm_language_server/src/zr_vm_language_server/semantic/lsp_optimization_remarks.c:28;tests/parser/test_ssa_optimization_remarks_projection.c:113	commented	实现侧说明跨协议坐标意图
zr_vm_language_server/src/zr_vm_language_server/semantic/lsp_optimization_remarks.c	lsp_remark_fixed_string_is_terminated	function	Query;zr_vm_language_server/src/zr_vm_language_server/semantic/lsp_optimization_remarks.c:265	拒绝跨层固定数组中未终止的过滤字符串	只在 hasPass 或 hasModule 时校验	zr_vm_language_server/src/zr_vm_language_server/semantic/lsp_optimization_remarks.c:102;tests/parser/test_ssa_optimization_remarks_projection.c:228	commented	实现侧说明信任边界
zr_vm_language_server/src/zr_vm_language_server/semantic/lsp_optimization_remarks.c	ZrLanguageServer_LspOptimizationRemarkRequest_Init	function	tests/parser/test_ssa_optimization_remarks_projection.c:133;Query	建立可追加过滤条件的空请求	必须在设置字段前调用;默认 pageLimit 为 64	zr_vm_language_server/src/zr_vm_language_server/semantic/lsp_optimization_remarks.c:108;tests/parser/test_ssa_optimization_remarks_projection.c:133	commented	公开声明已说明初始化目的
zr_vm_language_server/src/zr_vm_language_server/semantic/lsp_optimization_remarks.c	ZrLanguageServer_LspOptimizationRemarkPage_Free	function	tests/parser/test_ssa_optimization_remarks_projection.c:141;Query 的调用方	释放独立页副本并复位以供重复查询	不得传入借用的 items	zr_vm_language_server/src/zr_vm_language_server/semantic/lsp_optimization_remarks.c:115;tests/parser/test_ssa_optimization_remarks_projection.c:141	commented	公开声明已说明重用规则
zr_vm_language_server/src/zr_vm_language_server/semantic/lsp_optimization_remarks.c	ZrLanguageServer_LspOptimizationRemark_ProjectVersioned	function	ZrLanguageServer_Lsp_ProjectOptimizationRemarkRange;Query;tests/parser/test_ssa_optimization_remarks_projection.c:106	验证 core row 后建立可独立保存的 LSP 坐标与字段副本	content 须匹配源版本;不匹配时返回 STALE 而不发布位置	zr_vm_language_server/src/zr_vm_language_server/semantic/lsp_optimization_remarks.c:122;zr_vm_language_server/src/zr_vm_language_server/interface/lsp_diagnostic_projection.c:34	commented	公开声明与关键版本块已解释
zr_vm_language_server/src/zr_vm_language_server/semantic/lsp_optimization_remarks.c	ZrLanguageServer_LspOptimizationRemark_Project	function	仓内仅定义及公开声明，未发现直接调用	提供无显式版本零筛选的兼容投影	零值代表不筛版本，可能不同于合法版本零	zr_vm_language_server/src/zr_vm_language_server/semantic/lsp_optimization_remarks.c:189;zr_vm_language_server/src/zr_vm_language_server/semantic/lsp_optimization_remarks.h:121	TODO	仓内未见使用，外部契约和保留必要性需核查
zr_vm_language_server/src/zr_vm_language_server/semantic/lsp_optimization_remarks.c	lsp_remark_fill_query	function	Query;zr_vm_language_server/src/zr_vm_language_server/semantic/lsp_optimization_remarks.c:277	把编辑器过滤字段映射到 core 同名查询	显式 has* 可筛合法零值;旧非零值隐式生效	zr_vm_language_server/src/zr_vm_language_server/semantic/lsp_optimization_remarks.c:202;zr_vm_language_server/src/zr_vm_language_server/semantic/lsp_optimization_remarks.c:217	commented	实现侧说明两套零值约定
zr_vm_language_server/src/zr_vm_language_server/semantic/lsp_optimization_remarks.c	ZrLanguageServer_LspOptimizationRemarks_Query	function	tests/parser/test_ssa_optimization_remarks_projection.c:138;仓内未见正式 LSP handler 调用	筛选 core store，分页并投影为 LSP 安全副本	首次或已释放 page;请求和 store 在调用期间有效;可取消	zr_vm_language_server/src/zr_vm_language_server/semantic/lsp_optimization_remarks.c:235;tests/parser/test_ssa_optimization_remarks_projection.c:138	TODO	公开声明已说明查询契约；接入真实请求时还须核对 store 快照锁和取消时序
zr_vm_language_server/src/zr_vm_language_server/semantic/lsp_optimization_remarks.c	ZrLanguageServer_LspOptimizationRemarks_Query::stale_probe	block	版本化 Query;tests/parser/test_ssa_optimization_remarks_projection.c:243	仅以保留其它过滤条件的候选判定过期，避免无关模块触发 stale	当前版本空页且其它版本有同筛选候选时才返回 STALE	zr_vm_language_server/src/zr_vm_language_server/semantic/lsp_optimization_remarks.c:286;tests/parser/test_ssa_optimization_remarks_projection.c:243	commented	已有原注释和测试覆盖设计意图
zr_vm_language_server/src/zr_vm_language_server/semantic/lsp_optimization_remarks.c	ZrLanguageServer_LspOptimizationRemarks_Query::cancel_projection	block	Query;tests/parser/test_ssa_optimization_remarks_projection.c:150	请求取消时丢弃部分投影，不让客户端见到不完整页	回调可在每条记录前触发，返回 CANCELLED	zr_vm_language_server/src/zr_vm_language_server/semantic/lsp_optimization_remarks.c:335;zr_vm_language_server/src/zr_vm_language_server/semantic/lsp_optimization_remarks.c:341	commented	函数契约已说明取消边界
zr_vm_language_server/src/zr_vm_language_server/semantic/lsp_optimization_remarks.c	ZrLanguageServer_LspOptimizationRemarkCache_Init	function	tests/parser/test_ssa_optimization_remarks_projection.c:156	建立默认拒绝的缓存门闩	首次 Begin 前 valid 为假	zr_vm_language_server/src/zr_vm_language_server/semantic/lsp_optimization_remarks.c:361;tests/parser/test_ssa_optimization_remarks_projection.c:156	commented	公开声明已说明初态
zr_vm_language_server/src/zr_vm_language_server/semantic/lsp_optimization_remarks.c	ZrLanguageServer_LspOptimizationRemarkCache_Begin	function	tests/parser/test_ssa_optimization_remarks_projection.c:157;异步请求启动方	新请求换代并撤销已发布结果	调用方需捕获新 generation	zr_vm_language_server/src/zr_vm_language_server/semantic/lsp_optimization_remarks.c:367;tests/parser/test_ssa_optimization_remarks_projection.c:157	commented	公开声明已说明门闩更新
zr_vm_language_server/src/zr_vm_language_server/semantic/lsp_optimization_remarks.c	ZrLanguageServer_LspOptimizationRemarkCache_Accept	function	仓内未见直接调用，异步消费者待接入	按版本读取已发布的同步缓存	不验证 generation	zr_vm_language_server/src/zr_vm_language_server/semantic/lsp_optimization_remarks.c:376;zr_vm_language_server/src/zr_vm_language_server/semantic/lsp_optimization_remarks.h:166	commented	公开声明限定同步读取用途
zr_vm_language_server/src/zr_vm_language_server/semantic/lsp_optimization_remarks.c	ZrLanguageServer_LspOptimizationRemarkCache_Invalidate	function	仓内未见直接调用，文档变更消费方待接入	撤销已发布结果并推进代数	溢出时无法区分旧 generation	zr_vm_language_server/src/zr_vm_language_server/semantic/lsp_optimization_remarks.c:384;zr_vm_language_server/src/zr_vm_language_server/semantic/lsp_optimization_remarks.c:24	commented	公开声明已说明失效目的
zr_vm_language_server/src/zr_vm_language_server/semantic/lsp_optimization_remarks.c	ZrLanguageServer_LspOptimizationRemarkCache_Publish	function	仓内未见直接调用，同步结果生产方待接入	发布同文档版本的同步结果	不验证 generation，不应用于异步结果	zr_vm_language_server/src/zr_vm_language_server/semantic/lsp_optimization_remarks.c:391;zr_vm_language_server/src/zr_vm_language_server/semantic/lsp_optimization_remarks.h:173	commented	公开声明限定同步发布用途
zr_vm_language_server/src/zr_vm_language_server/semantic/lsp_optimization_remarks.c	ZrLanguageServer_LspOptimizationRemarkCache_PublishGeneration	function	tests/parser/test_ssa_optimization_remarks_projection.c:159;异步结果生产方	仅接受捕获的版本和代数仍当前的结果	旧请求的 generation 必须与 Begin 时捕获一致	zr_vm_language_server/src/zr_vm_language_server/semantic/lsp_optimization_remarks.c:401;tests/parser/test_ssa_optimization_remarks_projection.c:159	commented	公开声明已说明双重门闩
zr_vm_language_server/src/zr_vm_language_server/semantic/lsp_optimization_remarks.c	ZrLanguageServer_LspOptimizationRemarkCache_AcceptGeneration	function	tests/parser/test_ssa_optimization_remarks_projection.c:161;异步结果消费者	只允许读当前版本且当前代数的已发布结果	先 PublishGeneration 并保持 valid	zr_vm_language_server/src/zr_vm_language_server/semantic/lsp_optimization_remarks.c:411;tests/parser/test_ssa_optimization_remarks_projection.c:161	commented	公开声明已说明接纳限制
zr_vm_language_server/src/zr_vm_language_server/semantic/lsp_semantic_token_canonical.h	ZR_LSP_SEMANTIC_TOKEN_TYPE_UNKNOWN	宏	TypeFromCanonicalSymbol;ResolveCanonical	以负值保留无精确分类状态，调用方不加入无符号编码数组	只用于内部分类结果	zr_vm_language_server/src/zr_vm_language_server/semantic/lsp_semantic_token_canonical.h:8;zr_vm_language_server/src/zr_vm_language_server/semantic/lsp_semantic_tokens.c:281	commented	声明处说明协议边界
zr_vm_language_server/src/zr_vm_language_server/semantic/lsp_semantic_token_canonical.h	ZR_LSP_SEMANTIC_TOKEN_MODIFIER_DECLARATION	宏	TypeFromCanonicalSymbol 的调用者;semantic_token_add_symbol_tokens	映射 stdio legend 的 declaration 首位	必须与 stdio modifier 顺序一致	zr_vm_language_server/src/zr_vm_language_server/semantic/lsp_semantic_token_canonical.h:10;zr_vm_language_server/stdio/stdio_semantic_tokens_json.c:13	commented	声明处说明跨层序号
zr_vm_language_server/src/zr_vm_language_server/semantic/lsp_semantic_token_canonical.h	EZrLspSemanticTokenType	类型	TypeFromCanonicalSymbol;semantic_token_type_priority;g_semanticTokenTypeNames	语义类别序号作为 LSP legend 下标	枚举顺序与名称数组一致	zr_vm_language_server/src/zr_vm_language_server/semantic/lsp_semantic_token_canonical.h:13;zr_vm_language_server/src/zr_vm_language_server/semantic/lsp_semantic_tokens.c:9	commented	声明处说明稳定 ABI
zr_vm_language_server/src/zr_vm_language_server/semantic/lsp_semantic_token_canonical.c	semantic_token_ranges_equal	函数	ResolveCanonical	保证兜底类型事实仅对应扫描出的原词元	比较源身份及首尾字节偏移	zr_vm_language_server/src/zr_vm_language_server/semantic/lsp_semantic_token_canonical.c:6;zr_vm_language_server/src/zr_vm_language_server/semantic/lsp_semantic_token_canonical.c:141	commented	解释精确匹配意图
zr_vm_language_server/src/zr_vm_language_server/semantic/lsp_semantic_token_canonical.c	ZrLanguageServer_LspSemanticToken_TypeFromCanonicalSymbol	函数	semantic_token_add_symbol_tokens;ResolveCanonical	由 parser 已解析身份映射 LSP 类别	身份不完整返回未知，不猜成员	zr_vm_language_server/src/zr_vm_language_server/semantic/lsp_semantic_token_canonical.c:19;zr_vm_language_server/src/zr_vm_language_server/semantic/lsp_semantic_tokens.c:280	commented	公开声明与外部目标分支说明目的
zr_vm_language_server/src/zr_vm_language_server/semantic/lsp_semantic_token_canonical.c	TypeFromCanonicalSymbol.external_identity	语句块	ZrLanguageServer_LspSemanticToken_TypeFromCanonicalSymbol	只对身份完整的插件目标使用外部分类	owner/token/hash 全部有效	zr_vm_language_server/src/zr_vm_language_server/semantic/lsp_semantic_token_canonical.c:26;zr_vm_language_server/src/zr_vm_language_server/semantic/lsp_semantic_token_canonical.c:29	commented	避免错误地以缺失元数据猜类型
zr_vm_language_server/src/zr_vm_language_server/semantic/lsp_semantic_token_canonical.c	ZrLanguageServer_LspSemanticToken_ResolveCanonical	函数	semantic_token_scan_source 的普通词和成员链	以当前文档跨度查询精确符号，必要时查询精确 owner 类型	analyzer、uri、跨度同一快照；outModifiers 可空	zr_vm_language_server/src/zr_vm_language_server/semantic/lsp_semantic_token_canonical.c:97;zr_vm_language_server/src/zr_vm_language_server/semantic/lsp_semantic_tokens.c:505	commented	声明写明快照约束
zr_vm_language_server/src/zr_vm_language_server/semantic/lsp_semantic_token_canonical.c	ResolveCanonical.owner_type_fallback	语句块	ZrLanguageServer_LspSemanticToken_ResolveCanonical	SymbolAt 未命中时仍能为精确 owner 类型提供 class token	引用必须已解析且范围完全相等	zr_vm_language_server/src/zr_vm_language_server/semantic/lsp_semantic_token_canonical.c:134;zr_vm_language_server/src/zr_vm_language_server/semantic/lsp_semantic_token_canonical.c:148	commented	说明不能以邻近表达式类型代替
zr_vm_language_server/src/zr_vm_language_server/semantic/lsp_semantic_token_entries.h	SZrLspSemanticTokenEntry	类型	Entries_Add;Entries_AppendEncoded	保存编码前的绝对 UTF-16 坐标与分类	同跨度候选可合并，最终输出相对五元组	zr_vm_language_server/src/zr_vm_language_server/semantic/lsp_semantic_token_entries.h:8;zr_vm_language_server/src/zr_vm_language_server/semantic/lsp_semantic_token_entries.c:288	commented	结构声明解释状态关系
zr_vm_language_server/src/zr_vm_language_server/semantic/lsp_semantic_token_entries.c	ZR_LSP_SEMANTIC_TOKEN_COMPARE_LESS	宏	semantic_token_entry_compare	qsort 三态比较值	只用于排序回调	zr_vm_language_server/src/zr_vm_language_server/semantic/lsp_semantic_token_entries.c:8;zr_vm_language_server/src/zr_vm_language_server/semantic/lsp_semantic_token_entries.c:169	commented	宏组注释说明范围
zr_vm_language_server/src/zr_vm_language_server/semantic/lsp_semantic_token_entries.c	ZR_LSP_SEMANTIC_TOKEN_COMPARE_EQUAL	宏	semantic_token_entry_compare	qsort 同值比较结果	只用于排序回调	zr_vm_language_server/src/zr_vm_language_server/semantic/lsp_semantic_token_entries.c:9;zr_vm_language_server/src/zr_vm_language_server/semantic/lsp_semantic_token_entries.c:188	commented	宏组注释覆盖
zr_vm_language_server/src/zr_vm_language_server/semantic/lsp_semantic_token_entries.c	ZR_LSP_SEMANTIC_TOKEN_COMPARE_GREATER	宏	semantic_token_entry_compare	qsort 大于比较结果	只用于排序回调	zr_vm_language_server/src/zr_vm_language_server/semantic/lsp_semantic_token_entries.c:10;zr_vm_language_server/src/zr_vm_language_server/semantic/lsp_semantic_token_entries.c:170	commented	宏组注释覆盖
zr_vm_language_server/src/zr_vm_language_server/semantic/lsp_semantic_token_entries.c	semantic_token_type_priority	函数	Entries_Add;semantic_token_entry_is_preferred	解决声明与扫描候选的类别冲突	仅在相同或重叠跨度比较	zr_vm_language_server/src/zr_vm_language_server/semantic/lsp_semantic_token_entries.c:13;zr_vm_language_server/src/zr_vm_language_server/semantic/lsp_semantic_token_entries.c:209	commented	说明优先级用途
zr_vm_language_server/src/zr_vm_language_server/semantic/lsp_semantic_token_entries.c	ZrLanguageServer_LspSemanticTokenEntries_Add	函数	AddUtf16Span;AddFileRange	汇集 token 并合并同跨度候选	entries 为已初始化的可写 entry 数组	zr_vm_language_server/src/zr_vm_language_server/semantic/lsp_semantic_token_entries.c:37;zr_vm_language_server/src/zr_vm_language_server/semantic/lsp_semantic_token_entries.c:51	commented	公开声明和合并块说明
zr_vm_language_server/src/zr_vm_language_server/semantic/lsp_semantic_token_entries.c	Entries_Add.same_span_merge	语句块	ZrLanguageServer_LspSemanticTokenEntries_Add	合并声明与扫描的同跨度候选	同类别或高优先级类别覆写	zr_vm_language_server/src/zr_vm_language_server/semantic/lsp_semantic_token_entries.c:51;zr_vm_language_server/src/zr_vm_language_server/semantic/lsp_semantic_token_entries.c:62	commented	阻止重复 token
zr_vm_language_server/src/zr_vm_language_server/semantic/lsp_semantic_token_entries.c	ZrLanguageServer_LspSemanticTokenEntries_AddUtf16Span	函数	semantic_token_add_utf16_span;semantic_token_add_utf16_span_with_modifiers	把扫描字节跨度投影为单行 UTF-16 token	输入内容与偏移来自同一快照	zr_vm_language_server/src/zr_vm_language_server/semantic/lsp_semantic_token_entries.c:80;zr_vm_language_server/src/zr_vm_language_server/semantic/lsp_semantic_token_entries.c:99	commented	声明写明坐标和单行约束
zr_vm_language_server/src/zr_vm_language_server/semantic/lsp_semantic_token_entries.c	ZrLanguageServer_LspSemanticTokenEntries_AddFileRange	函数	semantic_token_add_file_range_with_modifiers	把 parser 声明范围投影到当前文档坐标	源范围必须可映射为单行	zr_vm_language_server/src/zr_vm_language_server/semantic/lsp_semantic_token_entries.c:123;zr_vm_language_server/src/zr_vm_language_server/semantic/lsp_semantic_token_entries.c:139	commented	声明说明 parser/LSP 边界
zr_vm_language_server/src/zr_vm_language_server/semantic/lsp_semantic_token_entries.c	semantic_token_entry_compare	函数	qsort in Entries_AppendEncoded	令 delta 编码输入按位置递增并确定同起点次序	比较不修改 entry	zr_vm_language_server/src/zr_vm_language_server/semantic/lsp_semantic_token_entries.c:161;zr_vm_language_server/src/zr_vm_language_server/semantic/lsp_semantic_token_entries.c:231	commented	说明排序协议目的
zr_vm_language_server/src/zr_vm_language_server/semantic/lsp_semantic_token_entries.c	semantic_token_entries_overlap	函数	Entries_AppendEncoded	判断相邻候选是否违反 LSP 单行无重叠要求	左侧 entry 在排序结果中先出现	zr_vm_language_server/src/zr_vm_language_server/semantic/lsp_semantic_token_entries.c:192;zr_vm_language_server/src/zr_vm_language_server/semantic/lsp_semantic_token_entries.c:247	commented	解释排斥边界
zr_vm_language_server/src/zr_vm_language_server/semantic/lsp_semantic_token_entries.c	semantic_token_entry_is_preferred	函数	Entries_AppendEncoded	从重叠候选中选择语义类别较具体的较短跨度	相同优先级取更短区间	zr_vm_language_server/src/zr_vm_language_server/semantic/lsp_semantic_token_entries.c:201;zr_vm_language_server/src/zr_vm_language_server/semantic/lsp_semantic_token_entries.c:248	commented	解释裁决目的
zr_vm_language_server/src/zr_vm_language_server/semantic/lsp_semantic_token_entries.c	ZrLanguageServer_LspSemanticTokenEntries_AppendEncoded	函数	ZrLanguageServer_Lsp_GetSemanticTokens	排序、去重叠并输出 LSP 五元组	就地重排缩短 entries，追加至已初始化 result	zr_vm_language_server/src/zr_vm_language_server/semantic/lsp_semantic_token_entries.c:218;zr_vm_language_server/src/zr_vm_language_server/semantic/lsp_semantic_token_entries.c:279	TODO	多重重叠裁决仍需可达输入验证
zr_vm_language_server/src/zr_vm_language_server/semantic/lsp_semantic_token_entries.c	Entries_AppendEncoded.overlap_resolution	语句块	ZrLanguageServer_LspSemanticTokenEntries_AppendEncoded	对相邻重叠项保留优先候选	需核查被宽 token 抑制的早期项是否可能重新有效	zr_vm_language_server/src/zr_vm_language_server/semantic/lsp_semantic_token_entries.c:237;zr_vm_language_server/src/zr_vm_language_server/semantic/lsp_semantic_token_entries.c:247	TODO	已在源码写明核查入口
zr_vm_language_server/src/zr_vm_language_server/semantic/lsp_semantic_tokens.c	g_semanticTokenTypeNames	状态	SemanticTokenTypeCount;SemanticTokenTypeName;stdio legend	提供与编码 typeIndex 对应的协议 legend	顺序与 EZrLspSemanticTokenType 对齐	zr_vm_language_server/src/zr_vm_language_server/semantic/lsp_semantic_tokens.c:9;zr_vm_language_server/stdio/stdio_semantic_tokens_json.c:23	commented	数组上方标明 ABI 约束
zr_vm_language_server/src/zr_vm_language_server/semantic/lsp_semantic_tokens.c	semantic_token_get_string_view	函数	semantic_token_string_equals_native	借用 VM 短串或长串原生视图比较导入名	只读借用，不释放	zr_vm_language_server/src/zr_vm_language_server/semantic/lsp_semantic_tokens.c:65;zr_vm_language_server/src/zr_vm_language_server/semantic/lsp_semantic_tokens.c:94	commented	解释内存布局与所有权
zr_vm_language_server/src/zr_vm_language_server/semantic/lsp_semantic_tokens.c	semantic_token_string_equals_native	函数	semantic_token_find_import_binding	比较 AST 绑定名与扫描切片	不创建或转移字符串	zr_vm_language_server/src/zr_vm_language_server/semantic/lsp_semantic_tokens.c:86;zr_vm_language_server/src/zr_vm_language_server/semantic/lsp_semantic_tokens.c:159	commented	解释桥接目的
zr_vm_language_server/src/zr_vm_language_server/semantic/lsp_semantic_tokens.c	semantic_token_is_identifier_start	函数	semantic_token_scan_source	划定轻量源码扫描的标识符起点	精确类型仍来自 parser 查询	zr_vm_language_server/src/zr_vm_language_server/semantic/lsp_semantic_tokens.c:99;zr_vm_language_server/src/zr_vm_language_server/semantic/lsp_semantic_tokens.c:468	commented	说明扫描与语义层的分工
zr_vm_language_server/src/zr_vm_language_server/semantic/lsp_semantic_tokens.c	semantic_token_is_identifier_char	函数	semantic_token_scan_source	划定扫描器的词尾和成员链片段	仅处理该扫描器认可的 ASCII 词边界	zr_vm_language_server/src/zr_vm_language_server/semantic/lsp_semantic_tokens.c:104;zr_vm_language_server/src/zr_vm_language_server/semantic/lsp_semantic_tokens.c:486	commented	说明词边界用途
zr_vm_language_server/src/zr_vm_language_server/semantic/lsp_semantic_tokens.c	semantic_token_add_utf16_span	函数	semantic_token_scan_source	给无 modifier 的关键词和装饰器提交候选	同一文档快照的字节跨度	zr_vm_language_server/src/zr_vm_language_server/semantic/lsp_semantic_tokens.c:109;zr_vm_language_server/src/zr_vm_language_server/semantic/lsp_semantic_tokens.c:438	commented	说明统一校验入口
zr_vm_language_server/src/zr_vm_language_server/semantic/lsp_semantic_tokens.c	semantic_token_add_utf16_span_with_modifiers	函数	semantic_token_scan_source	为已解析标识符携带 declaration 位	同一文档快照的字节跨度	zr_vm_language_server/src/zr_vm_language_server/semantic/lsp_semantic_tokens.c:121;zr_vm_language_server/src/zr_vm_language_server/semantic/lsp_semantic_tokens.c:513	commented	说明 modifier 传递
zr_vm_language_server/src/zr_vm_language_server/semantic/lsp_semantic_tokens.c	semantic_token_add_file_range_with_modifiers	函数	semantic_token_add_symbol_tokens	把 parser 声明事实交给文档坐标转换层	范围必须属于当前 uri	zr_vm_language_server/src/zr_vm_language_server/semantic/lsp_semantic_tokens.c:140;zr_vm_language_server/src/zr_vm_language_server/semantic/lsp_semantic_tokens.c:285	commented	说明声明投影
zr_vm_language_server/src/zr_vm_language_server/semantic/lsp_semantic_tokens.c	semantic_token_find_import_binding	函数	semantic_token_append_import_alias_binding;semantic_token_scan_source	在本次请求的 AST 绑定列表中按名字查别名	返回借用指针，可能缺失	zr_vm_language_server/src/zr_vm_language_server/semantic/lsp_semantic_tokens.c:152;zr_vm_language_server/src/zr_vm_language_server/semantic/lsp_semantic_tokens.c:563	commented	说明生命周期
zr_vm_language_server/src/zr_vm_language_server/semantic/lsp_semantic_tokens.c	semantic_token_identifier_is_import_alias_declaration	函数	semantic_token_append_import_alias_binding	对 AST 未覆盖的简单 import 赋值识别别名声明	仅识别当前行局部文本形态	zr_vm_language_server/src/zr_vm_language_server/semantic/lsp_semantic_tokens.c:168;zr_vm_language_server/src/zr_vm_language_server/semantic/lsp_semantic_tokens.c:218	commented	说明文本补丁边界
zr_vm_language_server/src/zr_vm_language_server/semantic/lsp_semantic_tokens.c	semantic_token_append_import_alias_binding	函数	semantic_token_scan_source	补足 AST 缺失的导入别名供本次扫描着色	临时绑定由 FreeImportBindings 释放	zr_vm_language_server/src/zr_vm_language_server/semantic/lsp_semantic_tokens.c:204;zr_vm_language_server/src/zr_vm_language_server/semantic/lsp_semantic_tokens.c:726	commented	说明创建与释放链
zr_vm_language_server/src/zr_vm_language_server/semantic/lsp_semantic_tokens.c	semantic_token_add_symbol_tokens	函数	ZrLanguageServer_Lsp_GetSemanticTokens	先把当前文档的精确声明投影为 token	借用 parser 查询结果并在函数结束释放数组	zr_vm_language_server/src/zr_vm_language_server/semantic/lsp_semantic_tokens.c:246;zr_vm_language_server/src/zr_vm_language_server/semantic/lsp_semantic_tokens.c:265	commented	说明声明先行的原因
zr_vm_language_server/src/zr_vm_language_server/semantic/lsp_semantic_tokens.c	semantic_token_is_meta_method	函数	semantic_token_scan_source	复用共享语言知识表识别 @ 特殊成员	未知名称不强行标注	zr_vm_language_server/src/zr_vm_language_server/semantic/lsp_semantic_tokens.c:299;zr_vm_language_server/src/zr_vm_language_server/semantic/lsp_semantic_tokens.c:455	commented	说明避免重复知识表
zr_vm_language_server/src/zr_vm_language_server/semantic/lsp_semantic_tokens.c	semantic_token_is_keyword_word	函数	semantic_token_scan_source	为没有符号事实的保留词提供关键词候选	仅词表精确匹配	zr_vm_language_server/src/zr_vm_language_server/semantic/lsp_semantic_tokens.c:304;zr_vm_language_server/src/zr_vm_language_server/semantic/lsp_semantic_tokens.c:497	commented	说明语义层缺口
zr_vm_language_server/src/zr_vm_language_server/semantic/lsp_semantic_tokens.c	semantic_token_is_keyword_word.keywordWords	状态	semantic_token_is_keyword_word	扫描器专用保留词集合	需随语言关键字语义维护	zr_vm_language_server/src/zr_vm_language_server/semantic/lsp_semantic_tokens.c:305;zr_vm_language_server/src/zr_vm_language_server/semantic/lsp_semantic_tokens.c:320	no-comment	所属函数注释已说明词表目的，数组本身无额外契约
zr_vm_language_server/src/zr_vm_language_server/semantic/lsp_semantic_tokens.c	semantic_token_scan_source	函数	ZrLanguageServer_Lsp_GetSemanticTokens	在快照上补全关键词、装饰器与精确已解析标识符	跳过字符串注释，传入 AST 绑定只在请求中有效	zr_vm_language_server/src/zr_vm_language_server/semantic/lsp_semantic_tokens.c:332;zr_vm_language_server/src/zr_vm_language_server/semantic/lsp_semantic_tokens.c:713	TODO	按名字查导入别名可能误标遮蔽变量
zr_vm_language_server/src/zr_vm_language_server/semantic/lsp_semantic_tokens.c	semantic_token_scan_source.removed_prefix	语句块	semantic_token_scan_source	防止废弃的百分号/美元前缀语法被误识为现行标识符	跳过其后连续的标识符字符	zr_vm_language_server/src/zr_vm_language_server/semantic/lsp_semantic_tokens.c:412;tests/language_server/test_lsp_project_features.c:6805	commented	已有回归用例支持
zr_vm_language_server/src/zr_vm_language_server/semantic/lsp_semantic_tokens.c	semantic_token_scan_source.import_alias_lookup	语句块	semantic_token_scan_source	按 AST 导入绑定补全别名及成员链	未核对引用点作用域，需遮蔽用例验证	zr_vm_language_server/src/zr_vm_language_server/semantic/lsp_semantic_tokens.c:561;zr_vm_language_server/src/zr_vm_language_server/semantic/lsp_semantic_tokens.c:565	TODO	源码留有下一步核查入口
zr_vm_language_server/src/zr_vm_language_server/semantic/lsp_semantic_tokens.c	ZrLanguageServer_Lsp_GetSemanticTokens	函数	stdio full/delta;WASM semantic tokens;tests	对文档快照合成完整 LSP token 数据	调用方初始化并释放 result；获取快照失败返回 false	zr_vm_language_server/src/zr_vm_language_server/semantic/lsp_semantic_tokens.c:675;zr_vm_language_server/stdio/stdio_semantic_tokens.c:30	commented	注释说明跨适配器入口
zr_vm_language_server/src/zr_vm_language_server/semantic/lsp_semantic_tokens.c	ZrLanguageServer_Lsp_GetSemanticTokens.snapshot_lifecycle	语句块	ZrLanguageServer_Lsp_GetSemanticTokens	在同一快照上完成所有字节跨度与 UTF-16 转换	请求结束释放 snapshot、bindings 与 entries	zr_vm_language_server/src/zr_vm_language_server/semantic/lsp_semantic_tokens.c:689;zr_vm_language_server/src/zr_vm_language_server/semantic/lsp_semantic_tokens.c:727	commented	说明内容版本一致性与资源生命周期
zr_vm_language_server/src/zr_vm_language_server/semantic/lsp_semantic_tokens.c	ZrLanguageServer_Lsp_SemanticTokenTypeCount	函数	stdio legend;tests	输出 legend 类型数量	与名称数组长度一致	zr_vm_language_server/src/zr_vm_language_server/semantic/lsp_semantic_tokens.c:733;zr_vm_language_server/stdio/stdio_semantic_tokens_json.c:23	commented	说明公共序号来源
zr_vm_language_server/src/zr_vm_language_server/semantic/lsp_semantic_tokens.c	ZrLanguageServer_Lsp_SemanticTokenTypeName	函数	stdio legend;tests	按编码序号提供 legend 名称	越界返回 NULL，返回值静态只读	zr_vm_language_server/src/zr_vm_language_server/semantic/lsp_semantic_tokens.c:738;tests/language_server/lsp_capability_inventory_probe.c:353	commented	说明边界与所有权
