file	unit	kind	callers	intent	constraints	evidence	decision	reason
zr_vm_lib_thread/CMakeLists.txt	zr_declare_module(zr_vm_thread)	config	顶层 CMake;zr_vm_cli/CMakeLists.txt	将原生线程提供者编译为可供 CLI 导入的模块	链接 core/library/parser；线程后端在运行时按策略选定	zr_vm_lib_thread/CMakeLists.txt;zr_vm_cli/CMakeLists.txt	no-comment	模块声明与下方依赖直接表达构建角色
zr_vm_lib_thread/CMakeLists.txt	zr_link_library_for_module(zr_vm_thread)	config	zr_declare_module;zr_vm_lib_thread/src/zr_vm_lib_thread/runtime/runtime.c	连接 VM 对象、task 工作项和解析器契约所需库	构建链依赖 core、library、parser	zr_vm_lib_thread/CMakeLists.txt;zr_vm_lib_thread/src/zr_vm_lib_thread/runtime/runtime.c	no-comment	三个链接目标直接列出所需依赖
zr_vm_lib_thread/CMakeLists.txt	zr_install_module(zr_vm_thread)	config	安装流程	安装动态库和公开头文件	遵循通用模块宏安装约定	zr_vm_lib_thread/CMakeLists.txt	no-comment	安装命令本身已说明用途
zr_vm_lib_thread/include/zr_vm_lib_thread/conf.h	ZR_VM_THREAD_CONF_H	macro	module.h;runtime.h	避免公共配置头重复包含	普通 include guard	zr_vm_lib_thread/include/zr_vm_lib_thread/conf.h	no-comment	防重复包含语义自明
zr_vm_lib_thread/include/zr_vm_lib_thread/conf.h	ZR_VM_THREAD_API	macro	module.h;runtime.h	统一公开 API 的平台导出标记	等同于 ZR_API	zr_vm_lib_thread/include/zr_vm_lib_thread/conf.h	no-comment	导出别名无需附加约束
zr_vm_lib_thread/include/zr_vm_lib_thread/module.h	ZR_VM_THREAD_MODULE_H	macro	module.h 包含者	避免模块接口头重复包含	普通 include guard	zr_vm_lib_thread/include/zr_vm_lib_thread/module.h	no-comment	防重复包含语义自明
zr_vm_lib_thread/include/zr_vm_lib_thread/module.h	ZrVmThread_GetModuleDescriptor	function	ZrVmThread_Register;tests/thread/test_thread_runtime.c;tests/library/test_official_provider_convergence.c	向宿主返回 zr.thread 静态描述符以核对与注册契约	模块持有返回对象，调用方不得释放	zr_vm_lib_thread/include/zr_vm_lib_thread/module.h;zr_vm_lib_thread/src/zr_vm_lib_thread/module.c;tests/thread/test_thread_runtime.c	commented	公开静态所有权须向宿主说明
zr_vm_lib_thread/include/zr_vm_lib_thread/module.h	ZrVmThread_Register	function	zr_vm_cli/src/zr_vm_cli/project/project.c;tests/thread/test_thread_runtime.c;zr_vm_lib_thread/src/zr_vm_lib_thread/runtime/runtime_isolated_domain.c	将 zr.thread 提供者登记到目标全局状态	目标 global 非空；实例化前另需 zr.task 的 Job/Task 内建类型	zr_vm_lib_thread/include/zr_vm_lib_thread/module.h;zr_vm_cli/src/zr_vm_cli/project/project.c;zr_vm_lib_thread/src/zr_vm_lib_thread/module.c	commented	注册顺序与脚本签名依赖跨模块
zr_vm_lib_thread/include/zr_vm_lib_thread/module.h	ZrVm_GetNativeModule_v1	function	zr_vm_library/src/zr_vm_library/native_binding/native_binding_registry_plugin.c	插件加载器通过固定符号取得同一描述符	只在共享库构建导出；描述符 ABI 另行校验	zr_vm_lib_thread/include/zr_vm_lib_thread/module.h;zr_vm_lib_thread/src/zr_vm_lib_thread/module.c;zr_vm_library/src/zr_vm_library/native_binding/native_binding_registry_plugin.c	commented	固定入口名与 ABI 版本需要区分
zr_vm_lib_thread/include/zr_vm_lib_thread/runtime.h	ZR_VM_THREAD_RUNTIME_H	macro	runtime.h 包含者	避免运行时宿主接口重复包含	普通 include guard	zr_vm_lib_thread/include/zr_vm_lib_thread/runtime.h	no-comment	防重复包含语义自明
zr_vm_lib_thread/include/zr_vm_lib_thread/runtime.h	EZrVmThreadSchedulerExecutionPolicy	type	ZrVmThread_Runtime_SetSchedulerExecutionPolicy;zr_vm_thread_scheduler_construct	由宿主选择 attached 或 isolated worker 域	策略在调度器构造时快照，不暴露脚本级切换	zr_vm_lib_thread/include/zr_vm_lib_thread/runtime.h;zr_vm_lib_thread/src/zr_vm_lib_thread/runtime/runtime.c;tests/thread/test_thread_runtime.c	commented	宿主策略与实例生命周期的关系已有组注释
zr_vm_lib_thread/include/zr_vm_lib_thread/runtime.h	ZrVmThread_Runtime_GetModuleDescriptor	function	ZrVmThread_GetModuleDescriptor;ZrVm_GetNativeModule_v1;ZrVmThread_Register	返回运行时维护的静态模块描述符	不转移所有权	zr_vm_lib_thread/include/zr_vm_lib_thread/runtime.h;zr_vm_lib_thread/src/zr_vm_lib_thread/module.c;zr_vm_lib_thread/src/zr_vm_lib_thread/runtime/runtime.c	no-comment	公开门面已说明静态所有权，此内部转发不重复
zr_vm_lib_thread/include/zr_vm_lib_thread/runtime.h	ZrVmThread_Runtime_SetSchedulerExecutionPolicy	function	tests/thread/test_thread_runtime.c;zr_vm_thread_scheduler_construct	为之后构造的调度器选定执行域	policy 枚举合法；void 字段写可因 pin/key 分配失败静默返回	zr_vm_lib_thread/include/zr_vm_lib_thread/runtime.h;zr_vm_lib_thread/src/zr_vm_lib_thread/runtime/runtime.c;tests/thread/test_thread_runtime.c;zr_vm_library/src/zr_vm_library/native_binding/native_binding_dispatch.c	BUG	写入失败仍报告 true，后续实例使用旧策略或默认 attached
zr_vm_lib_thread/include/zr_vm_lib_thread/runtime.h	ZrVmThread_Runtime_SetIsolatedTransferQuota	function	tests/thread/test_thread_runtime.c;zr_vm_thread_isolated_configured_transfer_quota	限制隔离任务捕获和结果的跨域复制预算	三预算非零；每个 void 字段写均可因 pin/key 分配失败静默返回	zr_vm_lib_thread/include/zr_vm_lib_thread/runtime.h;zr_vm_lib_thread/src/zr_vm_lib_thread/runtime/runtime.c;tests/thread/test_thread_runtime.c;zr_vm_library/src/zr_vm_library/native_binding/native_binding_dispatch.c	BUG	部分写入仍报告 true，后续实例可能快照新旧混合预算
zr_vm_lib_thread/include/zr_vm_lib_thread/runtime.h	ZrVmThread_Runtime_ShutdownIsolatedSchedulers	function	tests/thread/test_thread_runtime.c;zr_vm_thread_isolated_scheduler_shutdown_all	拒绝隔离任务新提交并故障化尚未启动的队列	不等待在途 worker；销毁 global 前仍须推进完成消息并确保 worker 退出	zr_vm_lib_thread/include/zr_vm_lib_thread/runtime.h;zr_vm_lib_thread/src/zr_vm_lib_thread/runtime/runtime.c;zr_vm_lib_thread/src/zr_vm_lib_thread/runtime/runtime_isolated_domain.c;tests/thread/test_thread_runtime.c	TODO	当前契约明确不等待 worker；若需安全销毁屏障，应另定等待退出的宿主接口
zr_vm_lib_thread/include/zr_vm_lib_thread/runtime.h	ZrVmThread_Runtime_GetLastSchedulerWorkerDomain	function	tests/thread/test_thread_runtime.c;zr_vm_task_record_last_worker_domain	读取最近成功完成的隔离 worker 域身份供宿主诊断	无记录或输出为空时返回假，输出可用时包含 id/generation	zr_vm_lib_thread/include/zr_vm_lib_thread/runtime.h;zr_vm_lib_thread/src/zr_vm_lib_thread/runtime/runtime.c;tests/thread/test_thread_runtime.c	commented	诊断记录是域身份而非域所有权
zr_vm_lib_thread/src/zr_vm_lib_thread/runtime/runtime.c	ZR_ARRAY_COUNT	macro	g_send_generic_parameter;g_task_descriptor	为静态描述符数组填写准确计数	仅用于编译期已知数组	zr_vm_lib_thread/src/zr_vm_lib_thread/runtime/runtime.c	no-comment	宏展开语义直接表达数组长度
zr_vm_lib_thread/src/zr_vm_lib_thread/runtime/runtime.c	ZrVmTaskExecuteRequest	type	zr_vm_task_execute_callable_body;zr_vm_task_execute_handle	把 callable、返回值和调用完成标记跨 TryRun 回调传递	仅同步受保护调用期间有效	zr_vm_lib_thread/src/zr_vm_lib_thread/runtime/runtime.c;zr_vm_library/src/zr_vm_library/native_binding/native_binding_dispatch.c	no-comment	局部回调载荷由两端使用点说明
zr_vm_lib_thread/src/zr_vm_lib_thread/runtime/runtime.c	kTaskMainSchedulerField	state	zr_vm_task_main_scheduler;zr_vm_task_ensure_scheduler_with_field	把默认单域 scheduler 锚定在 global 的 zr 根对象	仅调用者 VM 域访问，不能由 worker 直接解引用	zr_vm_lib_thread/src/zr_vm_lib_thread/runtime/runtime.c;zr_vm_lib_thread/src/zr_vm_lib_thread/runtime/runtime_workers.c	commented	隐藏字段组注释说明 VM 状态与旧传输共用
zr_vm_lib_thread/src/zr_vm_lib_thread/runtime/runtime.c	kTaskQueueField	state	zr_vm_task_scheduler_queue;zr_vm_task_scheduler_step_internal	在 scheduler VM 对象中持有本地任务队列	队列由 caller 域执行循环读写	zr_vm_lib_thread/src/zr_vm_lib_thread/runtime/runtime.c	commented	隐藏字段组注释覆盖其 VM 所有权
zr_vm_lib_thread/src/zr_vm_lib_thread/runtime/runtime.c	kTaskQueueHeadField	state	zr_vm_task_scheduler_step_internal;zr_vm_task_ensure_scheduler_with_field	标记本地队列下一项以避免每步移动数组	仅在 caller 域泵循环更新	zr_vm_lib_thread/src/zr_vm_lib_thread/runtime/runtime.c	commented	隐藏字段组注释覆盖其 VM 所有权
zr_vm_lib_thread/src/zr_vm_lib_thread/runtime/runtime.c	kTaskSupportMultithreadField	state	zr_vm_task_ensure_scheduler_with_field;zr_vm_thread_scheduler_construct	把项目多线程开关快照到 scheduler 对象	由 project.supportMultithread 初始化	zr_vm_lib_thread/src/zr_vm_lib_thread/runtime/runtime.c;zr_vm_cli/src/zr_vm_cli/project/project.c	commented	组注释说明项目开关与运行时对象边界
zr_vm_lib_thread/src/zr_vm_lib_thread/runtime/runtime.c	kTaskIsPumpingField	state	zr_vm_task_scheduler_pump_internal;zr_vm_task_wait_for_handle	阻止同一 scheduler 递归泵并区分 pending wait	只由 caller 执行帧切换	zr_vm_lib_thread/src/zr_vm_lib_thread/runtime/runtime.c	commented	组注释说明 scheduler 状态属于单 VM 域
zr_vm_lib_thread/src/zr_vm_lib_thread/runtime/runtime.c	kTaskSchedulerRuntimeField	state	zr_vm_task_scheduler_get_runtime;zr_vm_task_scheduler_process_external	从 GC scheduler 对象找到原生消息队列运行时	只存裸 nativePointer，当前无析构路径	zr_vm_lib_thread/src/zr_vm_lib_thread/runtime/runtime.c;zr_vm_core/src/zr_vm_core/gc/gc_object.c	BUG	原生消息运行时成功分配后未释放
zr_vm_lib_thread/src/zr_vm_lib_thread/runtime/runtime.c	kTaskPendingWorkersField	state	zr_vm_task_scheduler_pending_worker_remove;zr_vm_task_scheduler_has_pending_workers;zr_vm_lib_thread/src/zr_vm_lib_thread/runtime/runtime_workers.c	以 VM 数组根住旧 worker 的 Task 句柄	应在结果/故障消费后置空以退出 wait	zr_vm_lib_thread/src/zr_vm_lib_thread/runtime/runtime.c;zr_vm_lib_thread/src/zr_vm_lib_thread/runtime/runtime_workers.c	commented	隐藏状态与 GC 保活关系非显然
zr_vm_lib_thread/src/zr_vm_lib_thread/runtime/runtime.c	kTaskLastWorkerIsolateIdField	state	zr_vm_task_record_last_worker_isolate;zr_vm_lib_thread/src/zr_vm_lib_thread/runtime/runtime_workers.c	记录最近旧 worker 的诊断 isolate 编号	仅诊断，不能用作域能力令牌	zr_vm_lib_thread/src/zr_vm_lib_thread/runtime/runtime.c;zr_vm_lib_thread/src/zr_vm_lib_thread/runtime/runtime_workers.c	no-comment	记录函数已显式表达诊断用途
zr_vm_lib_thread/src/zr_vm_lib_thread/runtime/runtime.c	kTaskLastWorkerDomainIdField	state	zr_vm_task_record_last_worker_domain;ZrVmThread_Runtime_GetLastSchedulerWorkerDomain	保存最近隔离 worker 的 GcDomain id	必须与 generation 成对读取才构成身份	zr_vm_lib_thread/src/zr_vm_lib_thread/runtime/runtime.c;tests/thread/test_thread_runtime.c	commented	域身份配对限制在公开 getter 说明
zr_vm_lib_thread/src/zr_vm_lib_thread/runtime/runtime.c	kTaskLastWorkerDomainGenerationField	state	zr_vm_task_record_last_worker_domain;ZrVmThread_Runtime_GetLastSchedulerWorkerDomain	保存最近隔离 worker 的 GcDomain generation	不能单独凭 id 判定同一域	zr_vm_lib_thread/src/zr_vm_lib_thread/runtime/runtime.c;zr_vm_core/include/zr_vm_core/gc_domain.h	commented	域身份配对限制在公开 getter 说明
zr_vm_lib_thread/src/zr_vm_lib_thread/runtime/runtime.c	kTaskStatusField	state	zr_vm_task_execute_handle;zr_vm_task_wait_for_handle;zr_vm_task_scheduler_process_external	承载旧本地 Task 的 created/running/completed/faulted 状态	完成前 result/error 字段不可作为结果读取	zr_vm_lib_thread/src/zr_vm_lib_thread/runtime/runtime.c	commented	组注释说明 VM handle 生命周期
zr_vm_lib_thread/src/zr_vm_lib_thread/runtime/runtime.c	kTaskCallableField	state	zr_vm_task_create_async_handle;zr_vm_task_execute_handle;zr_vm_task_scheduler_process_external	在任务执行前保留 callable，完成时清除根	worker 完成或故障后置 null	zr_vm_lib_thread/src/zr_vm_lib_thread/runtime/runtime.c;zr_vm_lib_thread/src/zr_vm_lib_thread/runtime/runtime_workers.c	commented	组注释覆盖 GC 根目的
zr_vm_lib_thread/src/zr_vm_lib_thread/runtime/runtime.c	kTaskResultField	state	zr_vm_task_execute_handle;zr_vm_task_wait_for_handle;zr_vm_task_scheduler_process_external	保存旧 Task 成功结果	仅 completed 状态读取	zr_vm_lib_thread/src/zr_vm_lib_thread/runtime/runtime.c	commented	由 Task 状态/结果协议组说明
zr_vm_lib_thread/src/zr_vm_lib_thread/runtime/runtime.c	kTaskErrorField	state	zr_vm_task_handle_mark_faulted;zr_vm_task_wait_for_handle;zr_vm_task_scheduler_process_external	保存旧 Task 失败值	仅 faulted 状态用于重新抛出	zr_vm_lib_thread/src/zr_vm_lib_thread/runtime/runtime.c	commented	由 Task 状态/错误协议组说明
zr_vm_lib_thread/src/zr_vm_lib_thread/runtime/runtime.c	kTaskSchedulerOwnerField	state	zr_vm_task_create_async_handle;zr_vm_task_wait_for_handle	让 Task.result 回到创建它的 scheduler 泵完成事件	GC 字段保持 scheduler 存活	zr_vm_lib_thread/src/zr_vm_lib_thread/runtime/runtime.c	commented	跨 await/结果读取的 scheduler 归属非显然
zr_vm_lib_thread/src/zr_vm_lib_thread/runtime/runtime.c	kThreadSchedulerWorkerCountField	state	zr_vm_thread_scheduler_construct	保存脚本请求的 worker 数	原始 int64 值与后端 uint32 参数可能不一致	zr_vm_lib_thread/src/zr_vm_lib_thread/runtime/runtime.c	BUG	正 int64 窄化缺失上限检查
zr_vm_lib_thread/src/zr_vm_lib_thread/runtime/runtime.c	kThreadSchedulerExecutionPolicyField	state	zr_vm_thread_scheduler_construct;zr_vm_thread_scheduler_schedule	在实例上固化 attached/isolated 后端选择	宿主随后修改全局配置不追溯	zr_vm_lib_thread/src/zr_vm_lib_thread/runtime/runtime.c;zr_vm_lib_thread/include/zr_vm_lib_thread/runtime.h	commented	快照语义已在构造回调与头注释说明
zr_vm_lib_thread/src/zr_vm_lib_thread/runtime/runtime.c	kThreadSchedulerConfiguredPolicyField	state	ZrVmThread_Runtime_SetSchedulerExecutionPolicy;zr_vm_thread_scheduler_construct	在 global 根保存之后新建实例的默认策略	仅宿主主状态读写，不是现有实例的实时开关	zr_vm_lib_thread/src/zr_vm_lib_thread/runtime/runtime.c	commented	配置与实例状态分离需要说明
zr_vm_lib_thread/src/zr_vm_lib_thread/runtime/runtime.c	kThreadSchedulerConfiguredQuotaObjectsField	state	ZrVmThread_Runtime_SetIsolatedTransferQuota;zr_vm_thread_isolated_configured_transfer_quota	设置跨域复制对象数预算	之后构造的隔离 scheduler 才快照	zr_vm_lib_thread/src/zr_vm_lib_thread/runtime/runtime.c	commented	同一配置组三限额
zr_vm_lib_thread/src/zr_vm_lib_thread/runtime/runtime.c	kThreadSchedulerConfiguredQuotaBytesField	state	ZrVmThread_Runtime_SetIsolatedTransferQuota;zr_vm_thread_isolated_configured_transfer_quota	设置跨域复制字节预算	之后构造的隔离 scheduler 才快照	zr_vm_lib_thread/src/zr_vm_lib_thread/runtime/runtime.c	commented	同一配置组三限额
zr_vm_lib_thread/src/zr_vm_lib_thread/runtime/runtime.c	kThreadSchedulerConfiguredQuotaDepthField	state	ZrVmThread_Runtime_SetIsolatedTransferQuota;zr_vm_thread_isolated_configured_transfer_quota	设置跨域复制递归深度预算	之后构造的隔离 scheduler 才快照	zr_vm_lib_thread/src/zr_vm_lib_thread/runtime/runtime.c	commented	同一配置组三限额
zr_vm_lib_thread/src/zr_vm_lib_thread/runtime/runtime.c	kThreadSchedulerIsolatedShutdownField	state	ZrVmThread_Runtime_ShutdownIsolatedSchedulers;zr_vm_thread_isolated_scheduler_is_shutdown	在 global 根表示隔离调度器停止收新单	不代表在途 worker 已退出	zr_vm_lib_thread/src/zr_vm_lib_thread/runtime/runtime.c;zr_vm_lib_thread/src/zr_vm_lib_thread/runtime/runtime_isolated_domain.c	TODO	当前契约明确不等待 worker；若需安全销毁屏障，应另定等待退出的宿主接口
zr_vm_lib_thread/src/zr_vm_lib_thread/runtime/runtime.c	kTaskSchedulerExternalWaitMs	state	zr_vm_task_scheduler_step_internal	限制等待 worker 消息时的单次短轮询休眠	当前 Helgrind 兼容路径避免条件变量阻塞	zr_vm_lib_thread/src/zr_vm_lib_thread/runtime/runtime.c	no-comment	已有 wait 路径原注释解释轮询设计
zr_vm_lib_thread/src/zr_vm_lib_thread/runtime/runtime.c	zr_vm_task_self_object	function	zr_vm_thread_scheduler_schedule;zr_vm_lib_thread/src/zr_vm_lib_thread/runtime/runtime_wrappers.c	从原生方法上下文取当前包装实例	self 仅允许 object/array 且返回当前 state 中 GC 对象	zr_vm_lib_thread/src/zr_vm_lib_thread/runtime/runtime.c;zr_vm_lib_thread/src/zr_vm_lib_thread/runtime/runtime_wrappers.c	no-comment	调用上下文适配器，类型检查自明
zr_vm_lib_thread/src/zr_vm_lib_thread/runtime/runtime.c	zr_vm_task_value_type_for_object	function	zr_vm_task_finish_object	将 VM array 对象的结果标签保留为 array	对象为空时默认 object	zr_vm_lib_thread/src/zr_vm_lib_thread/runtime/runtime.c	no-comment	单处机械类型映射
zr_vm_lib_thread/src/zr_vm_lib_thread/runtime/runtime.c	zr_vm_task_finish_object	function	zr_vm_thread_scheduler_construct;zr_vm_task_create_async_handle;zr_vm_lib_thread/src/zr_vm_lib_thread/runtime/runtime_wrappers.c	把新对象写入原生回调返回槽	state/result/object 有效；数组需保留数组值类型	zr_vm_lib_thread/src/zr_vm_lib_thread/runtime/runtime.c;zr_vm_lib_thread/src/zr_vm_lib_thread/runtime/runtime_wrappers.c	no-comment	构造回调统一返回适配器
zr_vm_lib_thread/src/zr_vm_lib_thread/runtime/runtime.c	zr_vm_task_set_value_field	function	zr_vm_task_create_async_handle;zr_vm_task_scheduler_process_external;zr_vm_lib_thread/src/zr_vm_lib_thread/runtime/runtime_wrappers.c	通过 VM 字段 API 保存任务状态并建立 GC 可见边	输入无效时静默返回；调用方需保证字段写入成功	zr_vm_lib_thread/src/zr_vm_lib_thread/runtime/runtime.c;zr_vm_library/src/zr_vm_library/native_binding/native_binding_dispatch.c	no-comment	薄包装；失败语义由底层 SetField 契约
zr_vm_lib_thread/src/zr_vm_lib_thread/runtime/runtime.c	zr_vm_task_set_null_field	function	zr_vm_task_execute_handle;zr_vm_task_scheduler_process_external;zr_vm_lib_thread/src/zr_vm_lib_thread/runtime/runtime_wrappers.c	清除任务已完成后不再需要的 callable/result/error 根	创建 null 值后复用字段写入	zr_vm_lib_thread/src/zr_vm_lib_thread/runtime/runtime.c	no-comment	机械字段适配器
zr_vm_lib_thread/src/zr_vm_lib_thread/runtime/runtime.c	zr_vm_task_set_bool_field	function	zr_vm_task_scheduler_pump_internal;ZrVmThread_Runtime_ShutdownIsolatedSchedulers;zr_vm_lib_thread/src/zr_vm_lib_thread/runtime/runtime_wrappers.c	写入 scheduler 开关与 wrapper 状态	只在所属 VM state 操作字段	zr_vm_lib_thread/src/zr_vm_lib_thread/runtime/runtime.c	no-comment	机械值封装适配器
zr_vm_lib_thread/src/zr_vm_lib_thread/runtime/runtime.c	zr_vm_task_set_int_field	function	zr_vm_task_execute_handle;zr_vm_task_scheduler_step_internal;zr_vm_lib_thread/src/zr_vm_lib_thread/runtime/runtime_wrappers.c	写入 Task 状态、队列 head 和长度字段	只在所属 VM state 操作字段	zr_vm_lib_thread/src/zr_vm_lib_thread/runtime/runtime.c	no-comment	机械值封装适配器
zr_vm_lib_thread/src/zr_vm_lib_thread/runtime/runtime.c	zr_vm_task_set_uint_field	function	ZrVmThread_Runtime_SetSchedulerExecutionPolicy;zr_vm_task_record_last_worker_domain	写入策略、预算和域诊断无符号字段	只在所属 VM state 操作字段	zr_vm_lib_thread/src/zr_vm_lib_thread/runtime/runtime.c	no-comment	机械值封装适配器
zr_vm_lib_thread/src/zr_vm_lib_thread/runtime/runtime.c	zr_vm_task_get_field_value	function	zr_vm_task_get_object_field;zr_vm_task_scheduler_get_runtime;zr_vm_lib_thread/src/zr_vm_lib_thread/runtime/runtime_wrappers.c	从当前 VM 对象读取内部字段	返回借用指针，后续 GC/字段改写后不得长期保留	zr_vm_lib_thread/src/zr_vm_lib_thread/runtime/runtime.c;zr_vm_library/src/zr_vm_library/native_binding/native_binding_dispatch.c	no-comment	字段查询薄包装，借用约束在调用场景说明
zr_vm_lib_thread/src/zr_vm_lib_thread/runtime/runtime.c	zr_vm_task_get_object_field	function	zr_vm_task_root_object;zr_vm_task_wait_for_handle;zr_vm_lib_thread/src/zr_vm_lib_thread/runtime/runtime_wrappers.c	从内部字段恢复 object/array VM 对象	返回当前 state 的对象指针，跨域不得直接使用	zr_vm_lib_thread/src/zr_vm_lib_thread/runtime/runtime.c	no-comment	机械类型过滤器
zr_vm_lib_thread/src/zr_vm_lib_thread/runtime/runtime.c	zr_vm_task_get_bool_field	function	zr_vm_task_scheduler_pump_internal;zr_vm_thread_isolated_scheduler_is_shutdown	读取布尔开关并提供默认值	缺失或非 bool 时返回传入默认值	zr_vm_lib_thread/src/zr_vm_lib_thread/runtime/runtime.c;zr_vm_lib_thread/src/zr_vm_lib_thread/runtime/runtime_isolated_domain.c	no-comment	默认分支与调用值明确
zr_vm_lib_thread/src/zr_vm_lib_thread/runtime/runtime.c	zr_vm_task_get_int_field	function	zr_vm_task_scheduler_step_internal;zr_vm_task_wait_for_handle	读取 VM Task 状态或 queue head	接受整数值，缺失/不匹配时使用默认值	zr_vm_lib_thread/src/zr_vm_lib_thread/runtime/runtime.c	no-comment	值型适配器且各调用仅内部字段
zr_vm_lib_thread/src/zr_vm_lib_thread/runtime/runtime.c	zr_vm_task_get_uint_field	function	zr_vm_thread_scheduler_construct;zr_vm_thread_isolated_configured_transfer_quota;ZrVmThread_Runtime_GetLastSchedulerWorkerDomain	读取宿主配置与域身份整数	负数拒绝并回退默认值；调用方负责范围收窄	zr_vm_lib_thread/src/zr_vm_lib_thread/runtime/runtime.c	no-comment	默认与符号检查由函数体直接表达
zr_vm_lib_thread/src/zr_vm_lib_thread/runtime/runtime.c	zr_vm_task_copy_value_or_null	function	zr_vm_lib_thread/src/zr_vm_lib_thread/runtime/runtime_wrappers.c;zr_vm_lib_thread/src/zr_vm_lib_thread/runtime/runtime_transport.c	向回调结果复制现有 VM 值或写 null	result 必须非空；跨域不能复制原 GC 指针	zr_vm_lib_thread/src/zr_vm_lib_thread/runtime/runtime.c;zr_vm_lib_thread/src/zr_vm_lib_thread/runtime/runtime_wrappers.c	no-comment	简单当前域结果适配器
zr_vm_lib_thread/src/zr_vm_lib_thread/runtime/runtime.c	zr_vm_task_root_object	function	ZrVmThread_Runtime_SetSchedulerExecutionPolicy;zr_vm_task_main_scheduler;zr_vm_task_record_last_worker_domain	取得当前 global 的 zr VM 根对象以锚定配置和调度器	global->zrObject 必须是有效 object；只在所属域使用	zr_vm_lib_thread/src/zr_vm_lib_thread/runtime/runtime.c	commented	root 作为 GC 锚的设计需在关联状态注释说明
zr_vm_lib_thread/src/zr_vm_lib_thread/runtime/runtime.c	zr_vm_task_default_support_multithread	function	zr_vm_thread_scheduler_construct;zr_vm_task_require_multithread;zr_vm_task_ensure_scheduler_with_field	把项目配置 supportMultithread 映射为线程功能门禁	未附项目上下文时默认禁止多线程	zr_vm_lib_thread/src/zr_vm_lib_thread/runtime/runtime.c;zr_vm_cli/src/zr_vm_cli/project/project.c	commented	配置开关防止无项目环境误启 worker
zr_vm_lib_thread/src/zr_vm_lib_thread/runtime/runtime.c	zr_vm_task_next_worker_isolate_id	function	zr_vm_lib_thread/src/zr_vm_lib_thread/runtime/runtime_workers.c;zr_vm_lib_thread/src/zr_vm_lib_thread/runtime/runtime_isolated_domain.c	生成旧/隔离 worker 的诊断 isolate 编号	静态计数器无同步；并发嵌套创建的可达性待核	zr_vm_lib_thread/src/zr_vm_lib_thread/runtime/runtime.c;zr_vm_lib_thread/src/zr_vm_lib_thread/runtime/runtime_workers.c;zr_vm_lib_thread/src/zr_vm_lib_thread/runtime/runtime_isolated_domain.c	TODO	两个后端都调用非原子递增，需验证是否有并行入口
zr_vm_lib_thread/src/zr_vm_lib_thread/runtime/runtime.c	zr_vm_task_scheduler_alloc_runtime	function	zr_vm_task_scheduler_get_runtime	分配跨 worker 的消息队列和同步原语	分配后应与 scheduler/global 生命周期配对销毁	zr_vm_lib_thread/src/zr_vm_lib_thread/runtime/runtime.c;zr_vm_lib_thread/src/zr_vm_lib_thread/runtime/runtime_internal.h	BUG	成功分配后无释放调用
zr_vm_lib_thread/src/zr_vm_lib_thread/runtime/runtime.c	zr_vm_task_scheduler_signal_runtime	function	zr_vm_lib_thread/src/zr_vm_lib_thread/runtime/runtime_transport.c;zr_vm_lib_thread/src/zr_vm_lib_thread/runtime/runtime_workers.c	Channel 或 worker 入队后唤醒 scheduler 等待方	runtime 指针须在 worker 与 caller 两端持续有效	zr_vm_lib_thread/src/zr_vm_lib_thread/runtime/runtime.c;zr_vm_lib_thread/src/zr_vm_lib_thread/runtime/runtime_transport.c	commented	原生通知句柄跨线程寿命需说明
zr_vm_lib_thread/src/zr_vm_lib_thread/runtime/runtime.c	zr_vm_task_scheduler_get_runtime	function	zr_vm_task_scheduler_process_external;zr_vm_task_scheduler_wait_for_external;zr_vm_lib_thread/src/zr_vm_lib_thread/runtime/runtime_transport.c	懒建并从 scheduler 隐藏字段取原生消息队列	nativePointer 无析构；void 字段写可因 pin/key 分配失败静默返回	zr_vm_lib_thread/src/zr_vm_lib_thread/runtime/runtime.c;zr_vm_lib_thread/src/zr_vm_lib_thread/runtime/runtime_transport.c;zr_vm_core/src/zr_vm_core/gc/gc_object.c;zr_vm_library/src/zr_vm_library/native_binding/native_binding_dispatch.c	BUG	对象 GC 不回收 runtime；字段写失败后仍返回裸 runtime，后续查询重复分配并泄漏旧句柄
zr_vm_lib_thread/src/zr_vm_lib_thread/module.c	ZrVmThread_GetModuleDescriptor/实现	function	tests/thread/test_thread_runtime.c;ZrVmThread_Register	转发静态 runtime 描述符	不复制或释放描述符	zr_vm_lib_thread/src/zr_vm_lib_thread/module.c;zr_vm_lib_thread/src/zr_vm_lib_thread/runtime/runtime.c	no-comment	薄转发，公开声明已记所有权
zr_vm_lib_thread/src/zr_vm_lib_thread/module.c	ZrVmThread_Register/实现	function	zr_vm_cli/src/zr_vm_cli/project/project.c;tests/thread/test_thread_runtime.c	先附着 native registry 再登记 zr.thread 描述符	global 非空；registry/descriptor 任一步失败返回假	zr_vm_lib_thread/src/zr_vm_lib_thread/module.c;zr_vm_cli/src/zr_vm_cli/project/project.c	commented	跨注册表的顺序在实现注释说明
zr_vm_lib_thread/src/zr_vm_lib_thread/module.c	ZrVm_GetNativeModule_v1/实现	function	zr_vm_library/src/zr_vm_library/native_binding/native_binding_registry_plugin.c	满足插件加载器固定符号约定	共享库构建才提供，返回静态描述符	zr_vm_lib_thread/src/zr_vm_lib_thread/module.c;zr_vm_library/src/zr_vm_library/native_binding/native_binding_registry_plugin.c	no-comment	公开声明已解释符号与 ABI
zr_vm_lib_thread/src/zr_vm_lib_thread/runtime/runtime.c	zr_vm_task_record_last_worker_isolate	function	zr_vm_lib_thread/src/zr_vm_lib_thread/runtime/runtime_workers.c	把旧 worker 诊断编号写入 caller 根	只在 caller state 更新；旧 direct spawn 链目前无生产入口	zr_vm_lib_thread/src/zr_vm_lib_thread/runtime/runtime.c;zr_vm_lib_thread/src/zr_vm_lib_thread/runtime/runtime_workers.c	TODO	需确认旧 worker 诊断路径是否保留
zr_vm_lib_thread/src/zr_vm_lib_thread/runtime/runtime.c	zr_vm_task_record_last_worker_domain	function	zr_vm_task_scheduler_process_external;ZrVmThread_Runtime_GetLastSchedulerWorkerDomain	在 caller 根记录成功交付结果的 worker GcDomain 身份	只有完成/Claim/Commit 成功后写入 id 和 generation	zr_vm_lib_thread/src/zr_vm_lib_thread/runtime/runtime.c;tests/thread/test_thread_runtime.c	commented	完成后诊断身份与 worker 生存期无关
zr_vm_lib_thread/src/zr_vm_lib_thread/runtime/runtime.c	ZrVmThread_Runtime_SetSchedulerExecutionPolicy/实现	function	tests/thread/test_thread_runtime.c;zr_vm_thread_scheduler_construct	在全局根写新调度器默认策略	policy 枚举合法；void 字段写可因 pin/key 分配失败静默返回	zr_vm_lib_thread/src/zr_vm_lib_thread/runtime/runtime.c;zr_vm_lib_thread/include/zr_vm_lib_thread/runtime.h;zr_vm_library/src/zr_vm_library/native_binding/native_binding_dispatch.c	BUG	写入失败仍报告 true，后续实例使用旧策略或默认 attached
zr_vm_lib_thread/src/zr_vm_lib_thread/runtime/runtime.c	ZrVmThread_Runtime_SetIsolatedTransferQuota/实现	function	tests/thread/test_thread_runtime.c;zr_vm_thread_isolated_configured_transfer_quota	为新隔离调度器设置对象数/字节数/深度预算	三预算非零；每个 void 字段写均可因 pin/key 分配失败静默返回	zr_vm_lib_thread/src/zr_vm_lib_thread/runtime/runtime.c;zr_vm_lib_thread/include/zr_vm_lib_thread/runtime.h;zr_vm_library/src/zr_vm_library/native_binding/native_binding_dispatch.c	BUG	部分写入仍报告 true，后续实例可能快照新旧混合预算
zr_vm_lib_thread/src/zr_vm_lib_thread/runtime/runtime.c	ZrVmThread_Runtime_ShutdownIsolatedSchedulers/实现	function	tests/thread/test_thread_runtime.c;zr_vm_thread_isolated_scheduler_shutdown_all	设置全局停止标记并故障化 pending launch	没有等待 live worker 或 drain completion，不能据返回值销毁 global	zr_vm_lib_thread/src/zr_vm_lib_thread/runtime/runtime.c;zr_vm_lib_thread/src/zr_vm_lib_thread/runtime/runtime_isolated_domain.c;zr_vm_core/src/zr_vm_core/global.c	TODO	当前契约明确不等待 worker；若需安全销毁屏障，应另定等待退出的宿主接口
zr_vm_lib_thread/src/zr_vm_lib_thread/runtime/runtime.c	zr_vm_thread_isolated_configured_transfer_quota	function	zr_vm_thread_scheduler_construct	把根配置或默认预算组装为 core transfer quota	只在构造 isolated scheduler 时读取；默认 256 对象/1MiB/32 深度	zr_vm_lib_thread/src/zr_vm_lib_thread/runtime/runtime.c;zr_vm_core/include/zr_vm_core/ownership_transfer.h	no-comment	固定默认与三字段读取直接表明策略
zr_vm_lib_thread/src/zr_vm_lib_thread/runtime/runtime.c	ZrVmThread_Runtime_GetLastSchedulerWorkerDomain/实现	function	tests/thread/test_thread_runtime.c	把最近完成 worker 的域 id/generation 复制给宿主	输出先清零；无有效 id/generation 或越界返回假	zr_vm_lib_thread/src/zr_vm_lib_thread/runtime/runtime.c;zr_vm_lib_thread/include/zr_vm_lib_thread/runtime.h	no-comment	公开头已解释，输出分支自明
zr_vm_lib_thread/src/zr_vm_lib_thread/runtime/runtime.c	zr_vm_task_ensure_scheduler_with_field	function	zr_vm_task_main_scheduler	在 global 根懒建本域调度器和任务队列	新队列/对象在 caller GC 域；为旧消息路径提供原生收件箱	zr_vm_lib_thread/src/zr_vm_lib_thread/runtime/runtime.c;zr_vm_lib_thread/src/zr_vm_lib_thread/runtime/runtime_workers.c	commented	GC 根与本地消息队列双层所有权
zr_vm_lib_thread/src/zr_vm_lib_thread/runtime/runtime.c	zr_vm_task_main_scheduler	function	zr_vm_lib_thread/src/zr_vm_lib_thread/runtime/runtime_transport.c;zr_vm_lib_thread/src/zr_vm_lib_thread/runtime/runtime_workers.c	返回默认 scheduler 供 Channel 唤醒或旧直接 worker 消息回投	仅 caller 域；若根不存在则创建	zr_vm_lib_thread/src/zr_vm_lib_thread/runtime/runtime.c;zr_vm_lib_thread/src/zr_vm_lib_thread/runtime/runtime_transport.c	no-comment	薄转发，职责由 ensure 函数描述
zr_vm_lib_thread/src/zr_vm_lib_thread/runtime/runtime.c	zr_vm_task_scheduler_queue	function	zr_vm_task_scheduler_step_internal	读取或修复 scheduler 的本地数组队列	队列在 caller GC 域创建，worker 不直接访问	zr_vm_lib_thread/src/zr_vm_lib_thread/runtime/runtime.c	no-comment	缺失/类型不符重建逻辑明确
zr_vm_lib_thread/src/zr_vm_lib_thread/runtime/runtime.c	zr_vm_task_scheduler_pending_worker_remove	function	zr_vm_task_scheduler_process_external	完成后把旧 worker handle 从 GC 根数组置空	仅旧直接 worker 消息使用；数组不缩容	zr_vm_lib_thread/src/zr_vm_lib_thread/runtime/runtime.c;zr_vm_lib_thread/src/zr_vm_lib_thread/runtime/runtime_workers.c	TODO	直接 worker 入口无生产 caller，旧保活链需确认意图
zr_vm_lib_thread/src/zr_vm_lib_thread/runtime/runtime.c	zr_vm_task_scheduler_has_pending_workers	function	zr_vm_task_scheduler_step_internal	判定是否应短等旧 worker 外部消息	检查 root 数组中非空对象；旧直接 worker 入口当前孤立	zr_vm_lib_thread/src/zr_vm_lib_thread/runtime/runtime.c;zr_vm_lib_thread/src/zr_vm_lib_thread/runtime/runtime_workers.c	TODO	旧消息等待链无已确认生产入口
zr_vm_lib_thread/src/zr_vm_lib_thread/runtime/runtime.c	zr_vm_task_scheduler_process_external	function	zr_vm_task_scheduler_step_internal;zr_vm_thread_isolated_await	在 caller 域消费 worker 消息并完成 Task/信封	跨域 Claim/Commit 和 Task root Release 必须在 caller state；返回假亦可能已处理失败消息	zr_vm_lib_thread/src/zr_vm_lib_thread/runtime/runtime.c;zr_vm_lib_thread/src/zr_vm_lib_thread/runtime/runtime_isolated_domain.c;zr_vm_library/src/zr_vm_library/task_runtime.c	commented	worker 只发布 native 消息，GC 工作项由 caller 结算
zr_vm_lib_thread/src/zr_vm_lib_thread/runtime/runtime.c	zr_vm_task_scheduler_process_external/isolated_completion	block	zr_vm_thread_isolated_worker_run;zr_vm_task_scheduler_enqueue_isolated_completion	在 caller 域 Claim/Commit 结果信封并结算 prepared Job	失败 Abort/Free 后先释放 caller 根再向 worker 发 ack；ack 不是 join	zr_vm_lib_thread/src/zr_vm_lib_thread/runtime/runtime.c;zr_vm_lib_thread/src/zr_vm_lib_thread/runtime/runtime_isolated_domain.c;zr_vm_core/src/zr_vm_core/ownership_transfer.c	commented	两域对信封释放责任以 ack 协议交接
zr_vm_lib_thread/src/zr_vm_lib_thread/runtime/runtime.c	zr_vm_task_scheduler_process_external/isolated_fault	block	zr_vm_thread_isolated_enqueue_fault;zr_vm_task_scheduler_enqueue_isolated_fault	worker 故障时在 caller 域撤销捕获并 fault Job	ReleasePreparedJob 后 ack worker；必须在释放 launch 前结算	zr_vm_lib_thread/src/zr_vm_lib_thread/runtime/runtime.c;zr_vm_lib_thread/src/zr_vm_lib_thread/runtime/runtime_isolated_domain.c	commented	故障路径同样需要主域根与 worker 生命周期握手
zr_vm_lib_thread/src/zr_vm_lib_thread/runtime/runtime.c	zr_vm_task_scheduler_enqueue_isolated_completion	function	zr_vm_thread_isolated_worker_run	在原生队列发布 result envelope 和 prepared Job 所有权	成功后清零来源 workItem；预留 message 可避免 worker 分配失败	zr_vm_lib_thread/src/zr_vm_lib_thread/runtime/runtime.c;zr_vm_lib_thread/src/zr_vm_lib_thread/runtime/runtime_isolated_domain.c	commented	入队即发生所有权转移
zr_vm_lib_thread/src/zr_vm_lib_thread/runtime/runtime.c	zr_vm_task_scheduler_enqueue_isolated_fault	function	zr_vm_thread_isolated_enqueue_fault	在原生队列发布失败任务以让 caller 域结算	成功后清零来源 workItem，caller 负责 fault/release	zr_vm_lib_thread/src/zr_vm_lib_thread/runtime/runtime.c;zr_vm_lib_thread/src/zr_vm_lib_thread/runtime/runtime_isolated_domain.c	commented	错误不可由 worker 直接改 caller GC Task
zr_vm_lib_thread/src/zr_vm_lib_thread/runtime/runtime.c	zr_vm_task_scheduler_wait_for_external	function	zr_vm_task_scheduler_step_internal;zr_vm_task_wait_for_handle	在没有消息时短睡并重新检查原生收件箱	只表示当前队列是否非空，不保证 Task 已完成	zr_vm_lib_thread/src/zr_vm_lib_thread/runtime/runtime.c	no-comment	原有 Helgrind 注释解释短轮询而非 cond wait
zr_vm_lib_thread/src/zr_vm_lib_thread/runtime/runtime.c	zr_vm_task_raise_runtime_error	function	zr_vm_task_require_multithread;zr_vm_thread_scheduler_construct;zr_vm_lib_thread/src/zr_vm_lib_thread/runtime/runtime_transport.c	把原生回调错误归一成脚本可捕获异常	state 非空；构造异常失败回退 Debug_RunError	zr_vm_lib_thread/src/zr_vm_lib_thread/runtime/runtime.c;zr_vm_core/src/zr_vm_core/exception.c	no-comment	共享错误适配器，失败路径在实现明确
zr_vm_lib_thread/src/zr_vm_lib_thread/runtime/runtime.c	zr_vm_task_require_multithread	function	zr_vm_thread_scheduler_schedule;zr_vm_lib_thread/src/zr_vm_lib_thread/runtime/runtime_wrappers.c	对 worker/shared wrapper API 执行项目开关门禁	无项目上下文视为禁止；失败设置运行时异常	zr_vm_lib_thread/src/zr_vm_lib_thread/runtime/runtime.c;zr_vm_library/include/zr_vm_library/project.h	commented	项目级许可和调度器创建分离
zr_vm_lib_thread/src/zr_vm_lib_thread/runtime/runtime.c	zr_vm_task_new_typed_object	function	zr_vm_task_ensure_scheduler_with_field;zr_vm_lib_thread/src/zr_vm_lib_thread/runtime/runtime_wrappers.c	取得 zr.thread 类型原型并创建对象实例	原型缺失回退到普通对象；调用方不得假设必有原型	zr_vm_lib_thread/src/zr_vm_lib_thread/runtime/runtime.c;zr_vm_library/src/zr_vm_library/native_binding/native_binding_registry_plugin.c	no-comment	明确回退语义在函数体，调用方处理对象
zr_vm_lib_thread/src/zr_vm_lib_thread/runtime/runtime.c	zr_vm_thread_new_task_object	function	zr_vm_task_create_async_handle	从 zr.task.Task 原型创建旧异步 handle	原型缺失回退普通对象；仅旧本地任务链使用	zr_vm_lib_thread/src/zr_vm_lib_thread/runtime/runtime.c;zr_vm_library/src/zr_vm_library/task_runtime.c	TODO	canonical TaskRuntime 已另有 Task 建立入口，需确认旧链用途
zr_vm_lib_thread/src/zr_vm_lib_thread/runtime/runtime.c	zr_vm_task_resolve_construct_target	function	zr_vm_thread_scheduler_construct;zr_vm_lib_thread/src/zr_vm_lib_thread/runtime/runtime_wrappers.c	选择原生构造上下文的 self 或闭合泛型原型实例	返回当前 VM 对象；无目标原型返回空	zr_vm_lib_thread/src/zr_vm_lib_thread/runtime/runtime.c;zr_vm_library/src/zr_vm_library/native_binding/native_binding_dispatch.c	commented	反射与普通构造需保留正确原型
zr_vm_lib_thread/src/zr_vm_lib_thread/runtime/runtime.c	zr_vm_task_is_integer_value	function	zr_vm_task_read_strict_int;zr_vm_task_value_equals（本模块均无外部调用）	鉴别 VM 有符号/无符号整数值	不接受 float 即使可转换	zr_vm_lib_thread/src/zr_vm_lib_thread/runtime/runtime.c	no-comment	类型谓词直接表达
zr_vm_lib_thread/src/zr_vm_lib_thread/runtime/runtime.c	zr_vm_task_read_strict_int	function	全仓本模块仅定义/声明；同名 zr_vm_lib_task 函数另有原子容器调用者	读取必须为整数的原生参数并抛类型/元数错误	本模块无可达调用；uint64→int64 未验上限，若恢复使用需核查	zr_vm_lib_thread/src/zr_vm_lib_thread/runtime/runtime.c;zr_vm_lib_thread/src/zr_vm_lib_thread/runtime/runtime_wrappers.c	no-comment	本模块未调用；极值限制保留在约束列
zr_vm_lib_thread/src/zr_vm_lib_thread/runtime/runtime.c	zr_vm_task_read_strict_uint	function	全仓本模块仅定义/声明；同名 zr_vm_lib_task 函数另有原子容器调用者	读取非负整数参数并抛类型/元数错误	有符号负数拒绝，输出可空	zr_vm_lib_thread/src/zr_vm_lib_thread/runtime/runtime.c;zr_vm_lib_thread/src/zr_vm_lib_thread/runtime/runtime_wrappers.c	no-comment	类型与符号前置检查明确
zr_vm_lib_thread/src/zr_vm_lib_thread/runtime/runtime.c	zr_vm_task_value_equals	function	全仓本模块仅定义/声明；同名 zr_vm_lib_task 函数另有原子容器调用者	比较 primitive/整数混合类型或对象同一性	对象按指针身份，不调用用户相等元方法	zr_vm_lib_thread/src/zr_vm_lib_thread/runtime/runtime.c;zr_vm_lib_thread/src/zr_vm_lib_thread/runtime/runtime_wrappers.c	no-comment	本模块无调用，比较规则可由函数分支直接读出
zr_vm_lib_thread/src/zr_vm_lib_thread/runtime/runtime.c	zr_vm_task_execute_callable_body	function	zr_vm_task_execute_handle	在 TryRun 保护边界调用旧本地 Task callable	无参同步调用；状态由 request.completed 标记	zr_vm_lib_thread/src/zr_vm_lib_thread/runtime/runtime.c	no-comment	单回调适配器，意图在 execute_handle
zr_vm_lib_thread/src/zr_vm_lib_thread/runtime/runtime.c	zr_vm_task_raise_fault	function	zr_vm_task_wait_for_handle	把 faulted Task 的保存错误恢复为 VM 抛出	NormalizeThrownValue 失败回退 status 和 Debug_RunError	zr_vm_lib_thread/src/zr_vm_lib_thread/runtime/runtime.c;zr_vm_core/src/zr_vm_core/exception.c	no-comment	Task 失败重抛的直接适配器
zr_vm_lib_thread/src/zr_vm_lib_thread/runtime/runtime.c	zr_vm_task_handle_mark_faulted	function	zr_vm_task_execute_handle	把当前异常或 fallback 保存到旧 Task handle 并复位 VM	必须在所属 VM state；fault 后清 callable 根并 ResetThread	zr_vm_lib_thread/src/zr_vm_lib_thread/runtime/runtime.c;zr_vm_core/src/zr_vm_core/state.c	commented	失败应转为 Task 状态而不污染 scheduler 泵
zr_vm_lib_thread/src/zr_vm_lib_thread/runtime/runtime.c	zr_vm_task_execute_handle	function	zr_vm_task_scheduler_step_internal	在 caller VM 中执行旧本地队列 callable 并结算 Task	TryRun 捕获异常；成功/失败都清 callable GC 根	zr_vm_lib_thread/src/zr_vm_lib_thread/runtime/runtime.c;zr_vm_library/src/zr_vm_library/native_binding/native_binding_dispatch.c	TODO	旧本地 Task 链与 canonical task_runtime 的角色需确认
zr_vm_lib_thread/src/zr_vm_lib_thread/runtime/runtime.c	zr_vm_task_scheduler_step_internal	function	zr_vm_task_scheduler_pump_internal;zr_vm_task_wait_for_handle	优先处理 worker 消息，再执行本地队列一项	旧本地队列与旧 direct worker pending 数组联动；不是 canonical Job 调度入口	zr_vm_lib_thread/src/zr_vm_lib_thread/runtime/runtime.c;zr_vm_lib_thread/src/zr_vm_lib_thread/runtime/runtime_workers.c	TODO	旧链大部分无生产入口，需确认保留目的
zr_vm_lib_thread/src/zr_vm_lib_thread/runtime/runtime.c	zr_vm_task_scheduler_pump_internal	function	全仓仅定义	递归保护下连续推进旧 scheduler 队列	当前没有外部调用者；返回执行步数	zr_vm_lib_thread/src/zr_vm_lib_thread/runtime/runtime.c	TODO	未使用且可能属于废弃直接 worker/Task 泵
zr_vm_lib_thread/src/zr_vm_lib_thread/runtime/runtime.c	zr_vm_task_create_async_handle	function	全仓仅定义	建立旧本地 Task handle 并保留 callable/scheduler	当前无调用者；与 canonical TaskRuntime 分工待确认	zr_vm_lib_thread/src/zr_vm_lib_thread/runtime/runtime.c;zr_vm_library/src/zr_vm_library/task_runtime.c	TODO	死路径意图不明
zr_vm_lib_thread/src/zr_vm_lib_thread/runtime/runtime.c	zr_vm_task_wait_for_handle	function	自身递归；全仓无外部 caller	在旧 Task handle 未终结时泵其 owner scheduler	当前没有外部调用者；缺 scheduler 时抛错	zr_vm_lib_thread/src/zr_vm_lib_thread/runtime/runtime.c	TODO	死路径不应被误写为现行 Task.result
zr_vm_lib_thread/src/zr_vm_lib_thread/runtime/runtime.c	zr_vm_thread_scheduler_construct	function	g_thread_scheduler_meta_methods;new thread.ThreadScheduler	按宿主配置创建 attached 或 isolated provider，保存策略/预算快照	workerCount 须正且 <=UINT32_MAX；当前未检查上界	zr_vm_lib_thread/src/zr_vm_lib_thread/runtime/runtime.c;tests/thread/test_thread_runtime.c;zr_vm_lib_thread/src/zr_vm_lib_thread/runtime/runtime_workers.c	BUG	4294967297 的 int64 被窄化为 1，脚本请求与实际 worker 数不同
zr_vm_lib_thread/src/zr_vm_lib_thread/runtime/runtime.c	zr_vm_thread_scheduler_schedule	function	g_thread_scheduler_methods;tests/thread/test_thread_runtime.c	消费 canonical Job 并委派附着域或隔离域后端	项目必须 supportMultithread；后端由实例而非全局实时配置决定	zr_vm_lib_thread/src/zr_vm_lib_thread/runtime/runtime.c;zr_vm_library/src/zr_vm_library/task_runtime.c;tests/thread/test_thread_runtime.c	commented	相同 Task 协议由两种后端实现
zr_vm_lib_thread/src/zr_vm_lib_thread/runtime/runtime.c	g_task_single_generic_parameter	state	g_task_types Lock/SharedLock	为守卫类声明 T 载荷类型变量	仅静态元数据，不承诺守卫跨线程可传	zr_vm_lib_thread/src/zr_vm_lib_thread/runtime/runtime.c	no-comment	descriptor 中守卫泛型位置直接可见
zr_vm_lib_thread/src/zr_vm_lib_thread/runtime/runtime.c	g_send_constraints	state	g_send_generic_parameter	为跨域可移动 T 施加 Send 约束	与编译器协议位保持一致	zr_vm_lib_thread/src/zr_vm_lib_thread/runtime/runtime.c;zr_vm_parser/src/zr_vm_parser/compiler/compile_expression_types.c	no-comment	单个约束名自明
zr_vm_lib_thread/src/zr_vm_lib_thread/runtime/runtime.c	g_send_sync_constraints	state	g_send_sync_generic_parameter	为共享载荷 T 同时施加 Send 与 Sync	共享可读性需要两个协议	zr_vm_lib_thread/src/zr_vm_lib_thread/runtime/runtime.c;zr_vm_parser/src/zr_vm_parser/compiler/compile_expression_types.c	no-comment	约束列表本身清晰
zr_vm_lib_thread/src/zr_vm_lib_thread/runtime/runtime.c	g_send_generic_parameter	state	g_thread_scheduler_methods;g_transfer_meta_methods;g_task_types	让 Job 结果/Transfer/Channel 载荷满足可移动协议	实际旧 transport encoder 支持类型少于静态 Send 集合	zr_vm_lib_thread/src/zr_vm_lib_thread/runtime/runtime.c;zr_vm_lib_thread/src/zr_vm_lib_thread/runtime/runtime_transport.c	TODO	静态能力与 legacy envelope 动态白名单可能不一致
zr_vm_lib_thread/src/zr_vm_lib_thread/runtime/runtime.c	g_send_sync_generic_parameter	state	g_shared_meta_methods;g_shared_mutex_meta_methods;g_task_types	要求共享载荷可移动且可并发共享	实际 native cell 编码器仍按有限种类识别	zr_vm_lib_thread/src/zr_vm_lib_thread/runtime/runtime.c;zr_vm_lib_thread/src/zr_vm_lib_thread/runtime/runtime_wrappers.c	TODO	需核准协议约束与运行时可承载值集合
zr_vm_lib_thread/src/zr_vm_lib_thread/runtime/runtime.c	g_thread_scheduler_schedule_parameters	state	g_thread_scheduler_methods	公开被消费的 zr.task.Job<T> 形参	不可复用已消费 Job	zr_vm_lib_thread/src/zr_vm_lib_thread/runtime/runtime.c;zr_vm_library/src/zr_vm_library/task_runtime.c	no-comment	参数名和完整类型直接说明
zr_vm_lib_thread/src/zr_vm_lib_thread/runtime/runtime.c	g_thread_scheduler_constructor_parameters	state	g_thread_scheduler_meta_methods	公开 workerCount 初始化参数	文案固定称 attached，但宿主可选 isolated；运行时 int64→uint32 未验上界	zr_vm_lib_thread/src/zr_vm_lib_thread/runtime/runtime.c;tests/thread/test_thread_runtime.c	BUG	元数据对 isolated 模式的承诺错误并遗漏上界
zr_vm_lib_thread/src/zr_vm_lib_thread/runtime/runtime.c	g_thread_value_parameters	state	g_shared_meta_methods;g_transfer_meta_methods;g_unique_mutex_meta_methods	公开包装构造器的泛型载荷参数	具体 Send/Sync 限制由所用 generic 参数表给出	zr_vm_lib_thread/src/zr_vm_lib_thread/runtime/runtime.c	no-comment	单个 value:T 参数直接表达
zr_vm_lib_thread/src/zr_vm_lib_thread/runtime/runtime.c	g_send_sync_implements	state	g_task_types Channel/Shared/WeakShared/Mutex	声明包装类型满足 Send 与 Sync 标记协议	活动 Lock/SharedLock 不使用此列表	zr_vm_lib_thread/src/zr_vm_lib_thread/runtime/runtime.c	commented	类型表注释解释守卫被排除
zr_vm_lib_thread/src/zr_vm_lib_thread/runtime/runtime.c	g_send_implements	state	g_task_types Transfer	声明一次性移交包装满足 Send	不承诺共享 Sync	zr_vm_lib_thread/src/zr_vm_lib_thread/runtime/runtime.c	no-comment	单元素协议列表自明
zr_vm_lib_thread/src/zr_vm_lib_thread/runtime/runtime.c	g_thread_scheduler_methods	state	g_task_types ThreadScheduler	把 schedule 绑定至 canonical Task Scheduler 角色	Job<T> 单次消费，泛型结果满足 Send	zr_vm_lib_thread/src/zr_vm_lib_thread/runtime/runtime.c;zr_vm_parser/src/zr_vm_parser/compiler/compile_expression_types.c	commented	角色位影响编译器调用检查
zr_vm_lib_thread/src/zr_vm_lib_thread/runtime/runtime.c	g_thread_scheduler_meta_methods	state	g_task_types ThreadScheduler	公开 workerCount 构造回调和返回类型	描述文本只说 attached，实际构造可进 isolated 分支	zr_vm_lib_thread/src/zr_vm_lib_thread/runtime/runtime.c;tests/thread/test_thread_runtime.c	BUG	公开描述符文案与配置后端不一致
zr_vm_lib_thread/src/zr_vm_lib_thread/runtime/runtime.c	g_channel_methods	state	g_task_types Channel	绑定 FIFO 发送/接收/关闭/状态/长度方法	recv 非阻塞，close 不清未读队列	zr_vm_lib_thread/src/zr_vm_lib_thread/runtime/runtime.c;zr_vm_lib_thread/src/zr_vm_lib_thread/runtime/runtime_transport.c	no-comment	每个方法的文案已交代操作与返回
zr_vm_lib_thread/src/zr_vm_lib_thread/runtime/runtime.c	g_shared_methods	state	g_task_types Shared	绑定 load/store/clone/downgrade/release/isAlive	release 是显式 native 强引用释放，GC 不自动调用	zr_vm_lib_thread/src/zr_vm_lib_thread/runtime/runtime.c;zr_vm_lib_thread/src/zr_vm_lib_thread/runtime/runtime_wrappers.c	BUG	方法表仅有显式 release，包装对象丢弃会泄漏
zr_vm_lib_thread/src/zr_vm_lib_thread/runtime/runtime.c	g_weak_shared_methods	state	g_task_types WeakShared	绑定 upgrade/isAlive 以查询弱引用	没有 release/drop 方法，weakCount 无正常归还入口	zr_vm_lib_thread/src/zr_vm_lib_thread/runtime/runtime.c;zr_vm_lib_thread/src/zr_vm_lib_thread/runtime/runtime_wrappers.c	BUG	WeakShared 由 downgrade 创建后原生弱引用泄漏
zr_vm_lib_thread/src/zr_vm_lib_thread/runtime/runtime.c	g_transfer_methods	state	g_task_types Transfer	绑定 take/isTaken 单次消费接口	Channel 传输时 encode 可在入队失败前消费	zr_vm_lib_thread/src/zr_vm_lib_thread/runtime/runtime.c;zr_vm_lib_thread/src/zr_vm_lib_thread/runtime/runtime_transport.c	TODO	投递失败后是否回滚消费需定契约
zr_vm_lib_thread/src/zr_vm_lib_thread/runtime/runtime.c	g_unique_mutex_methods	state	g_task_types UniqueMutex	公开独占锁 guard 获取	guard 须显式 unlock，GC 不释放 native 许可	zr_vm_lib_thread/src/zr_vm_lib_thread/runtime/runtime.c;zr_vm_lib_thread/src/zr_vm_lib_thread/runtime/runtime_wrappers.c	BUG	丢弃仍活动 guard 会永久持锁
zr_vm_lib_thread/src/zr_vm_lib_thread/runtime/runtime.c	g_shared_mutex_methods	state	g_task_types SharedMutex	公开共享读与独占写 guard 获取	守卫须显式 unlock，读写许可受同一 native cell 管理	zr_vm_lib_thread/src/zr_vm_lib_thread/runtime/runtime.c;zr_vm_lib_thread/src/zr_vm_lib_thread/runtime/runtime_wrappers.c	BUG	丢弃 guard 不归还 reader/writer 状态
zr_vm_lib_thread/src/zr_vm_lib_thread/runtime/runtime.c	g_lock_methods	state	g_task_types Lock	公开独占 guard 读写与释放接口	不能跨 await/线程，必须 unlock	zr_vm_lib_thread/src/zr_vm_lib_thread/runtime/runtime.c;zr_vm_lib_thread/src/zr_vm_lib_thread/runtime/runtime_wrappers.c	BUG	无析构，弃置 guard 后锁状态不恢复
zr_vm_lib_thread/src/zr_vm_lib_thread/runtime/runtime.c	g_shared_lock_methods	state	g_task_types SharedLock	公开只读 guard 的 load/unlock	不能 store，必须 unlock	zr_vm_lib_thread/src/zr_vm_lib_thread/runtime/runtime.c;zr_vm_lib_thread/src/zr_vm_lib_thread/runtime/runtime_wrappers.c	BUG	无析构，弃置 guard 后 readerCount 不下降
zr_vm_lib_thread/src/zr_vm_lib_thread/runtime/runtime.c	g_shared_meta_methods	state	g_task_types Shared	绑定 Shared<T> 构造器与 Send+Sync 约束	原生 cell 靠显式 release；构造时实际值受 encoder 限制	zr_vm_lib_thread/src/zr_vm_lib_thread/runtime/runtime.c;zr_vm_lib_thread/src/zr_vm_lib_thread/runtime/runtime_wrappers.c	BUG	成功构造对象没有 GC drop 路径
zr_vm_lib_thread/src/zr_vm_lib_thread/runtime/runtime.c	g_channel_meta_methods	state	g_task_types Channel	绑定无参 Channel 构造器	构造 native FIFO 后 close/GC 均不销毁	zr_vm_lib_thread/src/zr_vm_lib_thread/runtime/runtime.c;zr_vm_lib_thread/src/zr_vm_lib_thread/runtime/runtime_transport.c	TODO	构造器文案称 same-isolate，类型描述/提示称 cross-isolate；当前隔离域可用范围需端到端验证
zr_vm_lib_thread/src/zr_vm_lib_thread/runtime/runtime.c	g_transfer_meta_methods	state	g_task_types Transfer	绑定单值移交包装构造器	传输可移动性在 encoder/跨域协议进一步验证	zr_vm_lib_thread/src/zr_vm_lib_thread/runtime/runtime.c;zr_vm_lib_thread/src/zr_vm_lib_thread/runtime/runtime_transport.c	no-comment	构造签名及 Send 约束已在数据中
zr_vm_lib_thread/src/zr_vm_lib_thread/runtime/runtime.c	g_unique_mutex_meta_methods	state	g_task_types UniqueMutex	绑定独占同步容器构造器	Send 载荷且项目允许多线程	zr_vm_lib_thread/src/zr_vm_lib_thread/runtime/runtime.c;zr_vm_lib_thread/src/zr_vm_lib_thread/runtime/runtime_wrappers.c	no-comment	约束名与构造文案直接表达
zr_vm_lib_thread/src/zr_vm_lib_thread/runtime/runtime.c	g_shared_mutex_meta_methods	state	g_task_types SharedMutex	绑定读写同步容器构造器	Send+Sync 载荷且项目允许多线程	zr_vm_lib_thread/src/zr_vm_lib_thread/runtime/runtime.c;zr_vm_lib_thread/src/zr_vm_lib_thread/runtime/runtime_wrappers.c	no-comment	约束名与构造文案直接表达
zr_vm_lib_thread/src/zr_vm_lib_thread/runtime/runtime.c	g_task_types	state	g_task_descriptor;native registry;tests/thread/test_thread_runtime.c	集中发布 Send/Sync、ThreadScheduler 与 transport/guard 类型	marker 协议位供编译器判断；Lock/SharedLock 不可跨线程或 await	zr_vm_lib_thread/src/zr_vm_lib_thread/runtime/runtime.c;tests/thread/test_thread_runtime.c;zr_vm_parser/src/zr_vm_parser/compiler/compile_expression_types.c	commented	跨编译器与运行时的能力边界
zr_vm_lib_thread/src/zr_vm_lib_thread/runtime/runtime.c	g_task_hints	state	g_task_descriptor;native metadata	向工具链提供 zr.thread 类型提示	仅元数据，不赋予运行时能力	zr_vm_lib_thread/src/zr_vm_lib_thread/runtime/runtime.c;zr_vm_library/src/zr_vm_library/native_binding/native_binding_metadata.c	no-comment	类型提示表内容自描述
zr_vm_lib_thread/src/zr_vm_lib_thread/runtime/runtime.c	g_task_hints_json	state	g_task_descriptor;native metadata	声明原生提示 JSON schema 与模块身份	与 g_task_hints 同描述符发布	zr_vm_lib_thread/src/zr_vm_lib_thread/runtime/runtime.c	no-comment	静态 JSON 内容自描述
zr_vm_lib_thread/src/zr_vm_lib_thread/runtime/runtime.c	g_task_descriptor	state	ZrVmThread_Runtime_GetModuleDescriptor;ZrVmThread_Register;native registry	集中声明运行时提供者 ABI、类型表和公开哈希	静态生命期；phase=Runtime；校验 ABI/contract hash 后物化	zr_vm_lib_thread/src/zr_vm_lib_thread/runtime/runtime.c;zr_vm_library/src/zr_vm_library/native_binding/native_binding_registry_plugin.c;tests/library/test_official_provider_convergence.c	commented	跨模块注册与契约一致性边界
zr_vm_lib_thread/src/zr_vm_lib_thread/runtime/runtime.c	ZrVmThread_Runtime_GetModuleDescriptor/实现	function	ZrVmThread_GetModuleDescriptor;ZrVm_GetNativeModule_v1	返回本文件静态 zr.thread 描述符	不转移所有权	zr_vm_lib_thread/src/zr_vm_lib_thread/runtime/runtime.c;zr_vm_lib_thread/src/zr_vm_lib_thread/module.c	no-comment	单语句静态访问器
zr_vm_lib_thread/src/zr_vm_lib_thread/runtime/runtime_transport.c	kTaskChannelTransportField	state	zr_vm_task_channel_construct;zr_vm_task_channel_try_get_transport	连接 VM Channel façade 与原生 FIFO	仅借用指针；GC 不负责销毁	zr_vm_lib_thread/src/zr_vm_lib_thread/runtime/runtime_transport.c;zr_vm_lib_thread/src/zr_vm_lib_thread/runtime/runtime_wrappers.c	BUG	对象可回收而原生 FIFO 没有释放入口
zr_vm_lib_thread/src/zr_vm_lib_thread/runtime/runtime_transport.c	kTaskTransferValueField	state	zr_vm_task_transfer_construct;zr_vm_task_transfer_try_encode;zr_vm_task_transfer_take	保存一次性移交包装尚未消费的 VM 值	与 runtime_wrappers.c 同名字段字符串须一致	zr_vm_lib_thread/src/zr_vm_lib_thread/runtime/runtime_transport.c;zr_vm_lib_thread/src/zr_vm_lib_thread/runtime/runtime_wrappers.c	no-comment	两文件读写位置直观且由 Transfer 函数注释解释
zr_vm_lib_thread/src/zr_vm_lib_thread/runtime/runtime_transport.c	kTaskTransferTakenField	state	zr_vm_task_transfer_take;zr_vm_task_transfer_try_encode	记录 Transfer 是否已单次消费	encode 提前于 Channel 入队设置此状态	zr_vm_lib_thread/src/zr_vm_lib_thread/runtime/runtime_transport.c;zr_vm_lib_thread/src/zr_vm_lib_thread/runtime/runtime_wrappers.c	TODO	失败投递是否保持 taken 待确认
zr_vm_lib_thread/src/zr_vm_lib_thread/runtime/runtime_transport.c	zr_vm_task_duplicate_native_string	function	zr_vm_task_transport_encode_value;zr_vm_task_transport_clone_value	为 native envelope 复制文本所有权	VM 字符串显式长度允许内嵌 NUL；strlen 截断	zr_vm_lib_thread/src/zr_vm_lib_thread/runtime/runtime_transport.c;tests/core/test_string_builder.c	BUG	输入含 NUL 时后缀不可往返
zr_vm_lib_thread/src/zr_vm_lib_thread/runtime/runtime_transport.c	zr_vm_task_transport_clone_value	function	zr_vm_task_shared_load;zr_vm_task_lock_snapshot_value;zr_vm_task_transport_clone_value	为 Shared/Mutex 读取与嵌套 Transfer 创建独立 payload 引用	成功后调用方须 transport_clear；Channel 仍为借用	zr_vm_lib_thread/src/zr_vm_lib_thread/runtime/runtime_transport.c;zr_vm_lib_thread/src/zr_vm_lib_thread/runtime/runtime_wrappers.c	commented	所有权边界解释了跨锁拷贝
zr_vm_lib_thread/src/zr_vm_lib_thread/runtime/runtime_transport.c	zr_vm_task_transport_clear	function	zr_vm_task_channel_recv;zr_vm_task_shared_cell_release_strong;zr_vm_task_worker_launch_free	结清 native 字符串与 cell 引用	可能递归触发释放；应在被清理 cell 锁外调用	zr_vm_lib_thread/src/zr_vm_lib_thread/runtime/runtime_transport.c;zr_vm_lib_thread/src/zr_vm_lib_thread/runtime/runtime_wrappers.c;zr_vm_lib_thread/src/zr_vm_lib_thread/runtime/runtime_workers.c	commented	锁外析构约束非显然
zr_vm_lib_thread/src/zr_vm_lib_thread/runtime/runtime_transport.c	zr_vm_task_channel_try_get_transport	function	zr_vm_task_transport_encode_value	从 VM façade 提取已有 Channel 原生队列指针	只借用，不增加引用；需合法对象与字段	zr_vm_lib_thread/src/zr_vm_lib_thread/runtime/runtime_transport.c	no-comment	字段类型检查与返回值直接说明
zr_vm_lib_thread/src/zr_vm_lib_thread/runtime/runtime_transport.c	zr_vm_task_channel_make_value	function	zr_vm_task_transport_decode_value	在接收 VM 域为同一 Channel FIFO 建立 façade	不取得 FIFO 所有权，失败无回滚指针需要	zr_vm_lib_thread/src/zr_vm_lib_thread/runtime/runtime_transport.c	no-comment	构造字段路径简单且 Channel 所有权由结构注释说明
zr_vm_lib_thread/src/zr_vm_lib_thread/runtime/runtime_transport.c	zr_vm_task_transfer_try_encode	function	zr_vm_task_transport_encode_value;zr_vm_task_channel_send	把未取出的 Transfer 转为一次性 envelope	递归编码成功后立即置 taken；入队失败无回滚	zr_vm_lib_thread/src/zr_vm_lib_thread/runtime/runtime_transport.c;zr_vm_lib_thread/src/zr_vm_lib_thread/runtime/runtime_wrappers.c	TODO	需核准移交提交点
zr_vm_lib_thread/src/zr_vm_lib_thread/runtime/runtime_transport.c	zr_vm_task_transfer_make_value	function	zr_vm_task_transport_decode_value	接收域将 Transfer payload 重建成可 take 的包装对象	新建 handle 后解码可能触发 GC；需核查临时 handle 根	zr_vm_lib_thread/src/zr_vm_lib_thread/runtime/runtime_transport.c;zr_vm_lib_thread/src/zr_vm_lib_thread/runtime/runtime.c	TODO	目标对象在递归解码前尚未显式 rooting
zr_vm_lib_thread/src/zr_vm_lib_thread/runtime/runtime_transport.c	zr_vm_task_shared_try_encode	function	zr_vm_task_transport_encode_value	为 Shared/WeakShared native envelope 增加对应 cell 引用	失败不应留下额外引用；成功由 clear 归还	zr_vm_lib_thread/src/zr_vm_lib_thread/runtime/runtime_transport.c;zr_vm_lib_thread/src/zr_vm_lib_thread/runtime/runtime_wrappers.c	no-comment	strong/weak 选择和加引用直接可见
zr_vm_lib_thread/src/zr_vm_lib_thread/runtime/runtime_transport.c	zr_vm_task_mutex_try_encode	function	zr_vm_task_transport_encode_value	为 UniqueMutex/SharedMutex native envelope 保留 cell	Guard 不在可编码列表；成功由 clear 归还	zr_vm_lib_thread/src/zr_vm_lib_thread/runtime/runtime_transport.c;zr_vm_lib_thread/src/zr_vm_lib_thread/runtime/runtime_wrappers.c	no-comment	kind 选择与 retain 位置直接可见
zr_vm_lib_thread/src/zr_vm_lib_thread/runtime/runtime_transport.c	zr_vm_task_transport_encode_value	function	zr_vm_task_channel_send;zr_vm_task_shared_cell_new;zr_vm_task_mutex_cell_new;zr_vm_task_worker_run_launch	把受支持的 VM 值变为原生队列或旧 worker envelope	显式 primitive/字符串/包装类型白名单；不等价于任意 Send 对象	zr_vm_lib_thread/src/zr_vm_lib_thread/runtime/runtime_transport.c;zr_vm_lib_thread/src/zr_vm_lib_thread/runtime/runtime_wrappers.c;zr_vm_lib_thread/src/zr_vm_lib_thread/runtime/runtime_workers.c	commented	区别当前 isolated ownership-transfer
zr_vm_lib_thread/src/zr_vm_lib_thread/runtime/runtime_transport.c	zr_vm_task_transport_decode_value	function	zr_vm_task_channel_recv;zr_vm_task_shared_load;zr_vm_task_worker_build_callable	在接收 VM 域物化 envelope；原 envelope 仍由调用者清理	Shared/Weak/Mutex 先 retain 再构造；构造失败未 rollback	zr_vm_lib_thread/src/zr_vm_lib_thread/runtime/runtime_transport.c;zr_vm_lib_thread/src/zr_vm_lib_thread/runtime/runtime_wrappers.c;zr_vm_lib_thread/src/zr_vm_lib_thread/runtime/runtime_workers.c	BUG	失败路径遗留原生引用
zr_vm_lib_thread/src/zr_vm_lib_thread/runtime/runtime_transport.c	zr_vm_task_channel_get_transport_internal	function	zr_vm_task_channel_send;zr_vm_task_channel_recv;zr_vm_task_channel_close	从 Channel self 取得 FIFO 原生状态	只借用，要求 façade 仍有 nativePointer	zr_vm_lib_thread/src/zr_vm_lib_thread/runtime/runtime_transport.c	no-comment	私有字段查找直接表达
zr_vm_lib_thread/src/zr_vm_lib_thread/runtime/runtime_transport.c	zr_vm_task_channel_construct	function	g_channel_meta_methods;new thread.Channel	创建脚本可用的原生 FIFO 及 VM façade	FIFO/未读消息及同步原语无 drop	zr_vm_lib_thread/src/zr_vm_lib_thread/runtime/runtime_transport.c;zr_vm_lib_thread/src/zr_vm_lib_thread/runtime/runtime.c;tests/thread/test_thread_runtime.c	BUG	对象 GC 后 native 资源留存
zr_vm_lib_thread/src/zr_vm_lib_thread/runtime/runtime_transport.c	zr_vm_task_channel_send	function	g_channel_methods;Channel.send	将已编码消息发布到原生 FIFO 并唤醒 scheduler	非阻塞无容量限制；Transfer 在关闭判断前可能 taken	zr_vm_lib_thread/src/zr_vm_lib_thread/runtime/runtime_transport.c;zr_vm_lib_thread/src/zr_vm_lib_thread/runtime/runtime.c;tests/thread/test_thread_runtime.c	TODO	投递失败时 Transfer 消费契约未明确
zr_vm_lib_thread/src/zr_vm_lib_thread/runtime/runtime_transport.c	zr_vm_task_channel_recv	function	g_channel_methods;Channel.recv	从 FIFO 取出一条消息，在调用方域物化并清理 native envelope	空时返回 null；close 后仍可排空	zr_vm_lib_thread/src/zr_vm_lib_thread/runtime/runtime_transport.c;zr_vm_lib_thread/src/zr_vm_lib_thread/runtime/runtime.c;tests/thread/test_thread_runtime.c	commented	非阻塞语义与关闭后的排空行为非显然
zr_vm_lib_thread/src/zr_vm_lib_thread/runtime/runtime_transport.c	zr_vm_task_channel_close	function	g_channel_methods;Channel.close	拒绝未来发送并唤醒等待者	不删除未读消息或 native FIFO；可重复设置 closed	zr_vm_lib_thread/src/zr_vm_lib_thread/runtime/runtime_transport.c;zr_vm_lib_thread/src/zr_vm_lib_thread/runtime/runtime.c	no-comment	状态修改与唤醒直接可见，泄漏在 construct 记录
zr_vm_lib_thread/src/zr_vm_lib_thread/runtime/runtime_transport.c	zr_vm_task_channel_is_closed	function	g_channel_methods;Channel.isClosed	读取 FIFO 关闭快照	持锁读取，不代表之后发送仍会成功	zr_vm_lib_thread/src/zr_vm_lib_thread/runtime/runtime_transport.c;zr_vm_lib_thread/src/zr_vm_lib_thread/runtime/runtime.c	no-comment	同步快照代码自明
zr_vm_lib_thread/src/zr_vm_lib_thread/runtime/runtime_transport.c	zr_vm_task_channel_length	function	g_channel_methods;Channel.length	读取当前排队消息数供脚本观察	锁内快照，随后可变化；返回 int64	zr_vm_lib_thread/src/zr_vm_lib_thread/runtime/runtime_transport.c;zr_vm_lib_thread/src/zr_vm_lib_thread/runtime/runtime.c	no-comment	长度查询和锁范围直接可见
zr_vm_lib_thread/src/zr_vm_lib_thread/runtime/runtime_transport.c	channel.send:encode_before_closed	block	zr_vm_task_channel_send;zr_vm_task_transfer_try_encode	发送前先将 Transfer payload 编码	closed 分支清 envelope 却不重置原 Transfer	zr_vm_lib_thread/src/zr_vm_lib_thread/runtime/runtime_transport.c;zr_vm_lib_thread/src/zr_vm_lib_thread/runtime/runtime_wrappers.c	TODO	需确定失败发送的移交回滚义务
zr_vm_lib_thread/src/zr_vm_lib_thread/runtime/runtime_transport.c	channel.recv:detach_then_decode	block	zr_vm_task_channel_recv;zr_vm_task_transport_decode_value	在锁内摘链，锁外解码，避免 VM 分配过程持 FIFO 锁	解码失败后消息已消耗并清理	zr_vm_lib_thread/src/zr_vm_lib_thread/runtime/runtime_transport.c;tests/thread/test_thread_runtime.c	no-comment	锁边界和失败消费在函数代码中可见
zr_vm_lib_thread/src/zr_vm_lib_thread/runtime/runtime_wrappers.c	kTaskTransferValueField	state	zr_vm_task_transfer_construct;zr_vm_task_transfer_take	保留一次性本域 VM 值直到 take 或 transport encode	须与 runtime_transport.c 的同名字面字段一致	zr_vm_lib_thread/src/zr_vm_lib_thread/runtime/runtime_wrappers.c;zr_vm_lib_thread/src/zr_vm_lib_thread/runtime/runtime_transport.c	no-comment	构造与消费读写对照清楚
zr_vm_lib_thread/src/zr_vm_lib_thread/runtime/runtime_wrappers.c	kTaskTransferTakenField	state	zr_vm_task_transfer_take;zr_vm_task_transfer_is_taken	阻止 Transfer 重复消费	Channel 发送失败仍可能已设置 taken	zr_vm_lib_thread/src/zr_vm_lib_thread/runtime/runtime_wrappers.c;zr_vm_lib_thread/src/zr_vm_lib_thread/runtime/runtime_transport.c	TODO	失败移交契约未明确
zr_vm_lib_thread/src/zr_vm_lib_thread/runtime/runtime_wrappers.c	zr_vm_task_shared_cell_from_handle	function	zr_vm_task_shared_load;zr_vm_task_shared_release;zr_vm_task_shared_try_get_cell	从 Shared/WeakShared façade 借用原生 cell	仅字段读取，不延长 cell 寿命	zr_vm_lib_thread/src/zr_vm_lib_thread/runtime/runtime_wrappers.c;zr_vm_lib_thread/src/zr_vm_lib_thread/runtime/runtime_internal.h	no-comment	字段解包简单且生命周期在 SharedCell 注释说明
zr_vm_lib_thread/src/zr_vm_lib_thread/runtime/runtime_wrappers.c	zr_vm_task_shared_handle_is_weak	function	zr_vm_task_shared_try_get_cell	识别 WeakShared façade 以选弱引用路径	非法对象字段使用默认 false	zr_vm_lib_thread/src/zr_vm_lib_thread/runtime/runtime_wrappers.c	no-comment	布尔字段访问直接可见
zr_vm_lib_thread/src/zr_vm_lib_thread/runtime/runtime_wrappers.c	zr_vm_task_mutex_cell_from_handle	function	zr_vm_task_mutex_lock_internal;zr_vm_task_mutex_try_get_cell	从 Mutex façade 借用 native cell	不能将借用指针越过最后引用释放	zr_vm_lib_thread/src/zr_vm_lib_thread/runtime/runtime_wrappers.c	no-comment	单字段解包直接可见
zr_vm_lib_thread/src/zr_vm_lib_thread/runtime/runtime_wrappers.c	zr_vm_task_mutex_handle_kind	function	zr_vm_task_mutex_lock_internal;zr_vm_task_mutex_try_get_cell	区分唯一与共享 Mutex 类型	与 cell.kind 校验责任在后续调用	zr_vm_lib_thread/src/zr_vm_lib_thread/runtime/runtime_wrappers.c	no-comment	字段读取和返回值自明
zr_vm_lib_thread/src/zr_vm_lib_thread/runtime/runtime_wrappers.c	zr_vm_task_lock_cell_from_handle	function	zr_vm_task_lock_snapshot_value;zr_vm_task_lock_unlock_internal	从 Guard façade 借用同一 MutexCell	Guard unlock 后字段置 null	zr_vm_lib_thread/src/zr_vm_lib_thread/runtime/runtime_wrappers.c	no-comment	guard 字段读取清晰
zr_vm_lib_thread/src/zr_vm_lib_thread/runtime/runtime_wrappers.c	zr_vm_task_lock_kind_from_handle	function	zr_vm_task_lock_unlock_internal;zr_vm_task_lock_store	区分独占与共享 Guard 操作	SharedLock 不允许 store	zr_vm_lib_thread/src/zr_vm_lib_thread/runtime/runtime_wrappers.c	no-comment	枚举字段与调用者分支自明
zr_vm_lib_thread/src/zr_vm_lib_thread/runtime/runtime_wrappers.c	zr_vm_task_lock_is_active	function	zr_vm_task_lock_snapshot_value;zr_vm_task_lock_unlock_internal	防止已解锁 Guard 再次访问 cell	布尔状态只由显式 unlock 清除	zr_vm_lib_thread/src/zr_vm_lib_thread/runtime/runtime_wrappers.c	no-comment	条件与写入点一一对应
zr_vm_lib_thread/src/zr_vm_lib_thread/runtime/runtime_wrappers.c	zr_vm_task_shared_cell_is_alive_locked	function	zr_vm_task_shared_cell_is_alive_native;zr_vm_task_shared_store;zr_vm_task_shared_cell_add_strong_ref	在锁内判断强引用存活状态	调用者已持 cell mutex	zr_vm_lib_thread/src/zr_vm_lib_thread/runtime/runtime_wrappers.c	no-comment	函数名与断言条件直接表达
zr_vm_lib_thread/src/zr_vm_lib_thread/runtime/runtime_wrappers.c	zr_vm_task_shared_cell_is_alive_native	function	zr_vm_task_shared_is_alive;zr_vm_task_weak_shared_is_alive	对脚本暴露 Shared cell 存活快照	只读快照，不保留引用	zr_vm_lib_thread/src/zr_vm_lib_thread/runtime/runtime_wrappers.c;zr_vm_lib_thread/src/zr_vm_lib_thread/runtime/runtime.c	no-comment	取锁读取路径简单
zr_vm_lib_thread/src/zr_vm_lib_thread/runtime/runtime_wrappers.c	zr_vm_task_shared_cell_add_strong_ref	function	zr_vm_task_shared_clone;zr_vm_task_weak_shared_upgrade;zr_vm_task_transport_decode_value	为新强 façade 或 native envelope 保留 cell	仅 ALIVE 且 strongCount>0 可加引用，之后必须归还	zr_vm_lib_thread/src/zr_vm_lib_thread/runtime/runtime_wrappers.c;zr_vm_lib_thread/src/zr_vm_lib_thread/runtime/runtime_transport.c	no-comment	状态检查与计数变更直接可见
zr_vm_lib_thread/src/zr_vm_lib_thread/runtime/runtime_wrappers.c	zr_vm_task_shared_cell_add_weak_ref	function	zr_vm_task_shared_try_encode;zr_vm_task_transport_clone_value	为已有 WeakShared 的传输副本保留弱引用	成功后 transport_clear 应归还	zr_vm_lib_thread/src/zr_vm_lib_thread/runtime/runtime_wrappers.c;zr_vm_lib_thread/src/zr_vm_lib_thread/runtime/runtime_transport.c	no-comment	计数规则直接可见
zr_vm_lib_thread/src/zr_vm_lib_thread/runtime/runtime_wrappers.c	zr_vm_task_shared_cell_add_weak_ref_if_alive	function	zr_vm_task_shared_downgrade	仅在活强引用存在时生成新 WeakShared	成功 façade 缺少 release/drop	zr_vm_lib_thread/src/zr_vm_lib_thread/runtime/runtime_wrappers.c;zr_vm_lib_thread/src/zr_vm_lib_thread/runtime/runtime.c	BUG	downgrade 创建的弱引用不能由脚本归还
zr_vm_lib_thread/src/zr_vm_lib_thread/runtime/runtime_wrappers.c	zr_vm_task_shared_cell_release_strong	function	zr_vm_task_shared_construct(失败回滚);zr_vm_task_shared_release;zr_vm_task_transport_clear	消费强引用并在最后一个 strong 时清除 payload/cell	两个 strong 并发 release：先减到1者解锁，另一减到0并 free，前者再回锁 UAF	zr_vm_lib_thread/src/zr_vm_lib_thread/runtime/runtime_wrappers.c;zr_vm_lib_thread/src/zr_vm_lib_thread/runtime/runtime_transport.c;tests/thread/test_thread_runtime.c	BUG	Shared.clone 可得两强引用，二次回锁访问已销毁 mutex
zr_vm_lib_thread/src/zr_vm_lib_thread/runtime/runtime_wrappers.c	zr_vm_task_shared_cell_release_weak	function	zr_vm_task_transport_clear	消费 native envelope 弱引用并在最后引用消失时清 cell	只处理传输 envelope，脚本 WeakShared façade 无入口	zr_vm_lib_thread/src/zr_vm_lib_thread/runtime/runtime_wrappers.c;zr_vm_lib_thread/src/zr_vm_lib_thread/runtime/runtime_transport.c;zr_vm_lib_thread/src/zr_vm_lib_thread/runtime/runtime.c	BUG	成功 downgrade 的 weakCount 无归还路径
zr_vm_lib_thread/src/zr_vm_lib_thread/runtime/runtime_wrappers.c	zr_vm_task_shared_cell_new	function	zr_vm_task_shared_construct	以已编码载荷创建 strongCount=1 的共享 cell	初始化失败须清已编码 payload；GC façade 不调用 release	zr_vm_lib_thread/src/zr_vm_lib_thread/runtime/runtime_wrappers.c;zr_vm_lib_thread/src/zr_vm_lib_thread/runtime/runtime_transport.c	BUG	普通 GC 丢弃 Shared 留存原生 cell
zr_vm_lib_thread/src/zr_vm_lib_thread/runtime/runtime_wrappers.c	zr_vm_task_shared_make_value	function	zr_vm_task_shared_clone;zr_vm_task_shared_downgrade;zr_vm_task_weak_shared_upgrade;zr_vm_task_transport_decode_value	把调用者预留的 cell 引用映射为 VM Shared/WeakShared façade	创建失败调用者未统一回滚预留引用	zr_vm_lib_thread/src/zr_vm_lib_thread/runtime/runtime_wrappers.c;zr_vm_lib_thread/src/zr_vm_lib_thread/runtime/runtime_transport.c	BUG	多条 caller 在失败返回后留下 strong/weak 引用
zr_vm_lib_thread/src/zr_vm_lib_thread/runtime/runtime_wrappers.c	zr_vm_task_shared_try_get_cell	function	zr_vm_task_shared_try_encode	识别带原生 cell 的 Shared/WeakShared 值以编码	只借用指针，强弱类型通过对象字段区分	zr_vm_lib_thread/src/zr_vm_lib_thread/runtime/runtime_wrappers.c;zr_vm_lib_thread/src/zr_vm_lib_thread/runtime/runtime_transport.c	no-comment	返回字段检查直接可见
zr_vm_lib_thread/src/zr_vm_lib_thread/runtime/runtime_wrappers.c	zr_vm_task_mutex_cell_add_ref	function	zr_vm_task_mutex_try_encode;zr_vm_task_lock_make_value;zr_vm_task_transport_decode_value	为传输 envelope 或 Guard 预留 MutexCell 引用	成功者必须由 clear/unlock 归还	zr_vm_lib_thread/src/zr_vm_lib_thread/runtime/runtime_wrappers.c;zr_vm_lib_thread/src/zr_vm_lib_thread/runtime/runtime_transport.c	no-comment	refCount 计数与调用用途明确
zr_vm_lib_thread/src/zr_vm_lib_thread/runtime/runtime_wrappers.c	zr_vm_task_mutex_cell_release	function	zr_vm_task_transport_clear;zr_vm_task_lock_unlock_internal;zr_vm_task_mutex_construct_internal	结清 MutexCell 引用，最后一个清理同步原语及 payload	若活动 guard 被 GC 丢弃则不会调用	zr_vm_lib_thread/src/zr_vm_lib_thread/runtime/runtime_wrappers.c;zr_vm_lib_thread/src/zr_vm_lib_thread/runtime/runtime_transport.c	BUG	guard 与 mutex façade 缺少 GC drop
zr_vm_lib_thread/src/zr_vm_lib_thread/runtime/runtime_wrappers.c	zr_vm_task_mutex_cell_new	function	zr_vm_task_mutex_construct_internal	编码初值并建立唯一或共享原生同步 cell	项目需 supportMultithread；值须能被旧 encoder 接受	zr_vm_lib_thread/src/zr_vm_lib_thread/runtime/runtime_wrappers.c;zr_vm_lib_thread/src/zr_vm_lib_thread/runtime/runtime_transport.c	no-comment	构造路径已有参数与错误文案
zr_vm_lib_thread/src/zr_vm_lib_thread/runtime/runtime_wrappers.c	zr_vm_task_mutex_make_value	function	zr_vm_task_transport_decode_value	以已保留的 cell 引用创建目标域 Mutex façade	构造失败 caller retain 没回滚	zr_vm_lib_thread/src/zr_vm_lib_thread/runtime/runtime_wrappers.c;zr_vm_lib_thread/src/zr_vm_lib_thread/runtime/runtime_transport.c	BUG	失败物化留下多计引用
zr_vm_lib_thread/src/zr_vm_lib_thread/runtime/runtime_wrappers.c	zr_vm_task_mutex_try_get_cell	function	zr_vm_task_mutex_try_encode	识别可传输 Mutex façade 与 kind	只借用 cell，不接受 Guard	zr_vm_lib_thread/src/zr_vm_lib_thread/runtime/runtime_wrappers.c;zr_vm_lib_thread/src/zr_vm_lib_thread/runtime/runtime_transport.c	no-comment	类型/字段分支直接可见
zr_vm_lib_thread/src/zr_vm_lib_thread/runtime/runtime_wrappers.c	zr_vm_task_lock_make_value	function	zr_vm_task_mutex_lock_internal	为取得的读写许可创建 Guard 并额外保留 cell	必须显式 unlock；VM GC 无 guard 析构	zr_vm_lib_thread/src/zr_vm_lib_thread/runtime/runtime_wrappers.c;zr_vm_lib_thread/src/zr_vm_lib_thread/runtime/runtime.c	BUG	丢弃活动 Guard 后许可与引用留存
zr_vm_lib_thread/src/zr_vm_lib_thread/runtime/runtime_wrappers.c	zr_vm_task_lock_snapshot_value	function	zr_vm_task_lock_load;zr_vm_task_shared_lock_load	持 cell 锁拷贝当前载荷，再让调用方锁外解码	Guard 必须 active；clone 结果须 clear	zr_vm_lib_thread/src/zr_vm_lib_thread/runtime/runtime_wrappers.c;zr_vm_lib_thread/src/zr_vm_lib_thread/runtime/runtime_transport.c	no-comment	锁边界与 clone/clear 配对可见
zr_vm_lib_thread/src/zr_vm_lib_thread/runtime/runtime_wrappers.c	zr_vm_task_mutex_construct_internal	function	zr_vm_task_unique_mutex_construct;zr_vm_task_shared_mutex_construct	共用构造流程同时维持类型/载荷协议限制	依赖 supportMultithread 与 native encoder 白名单	zr_vm_lib_thread/src/zr_vm_lib_thread/runtime/runtime_wrappers.c;zr_vm_lib_thread/src/zr_vm_lib_thread/runtime/runtime.c	no-comment	两个调用点直接传 type/kind/错误文案
zr_vm_lib_thread/src/zr_vm_lib_thread/runtime/runtime_wrappers.c	zr_vm_task_mutex_lock_internal	function	zr_vm_task_unique_mutex_lock;zr_vm_task_shared_mutex_read;zr_vm_task_shared_mutex_write	以同一条件变量协调读写许可并创建 Guard	等待期间未 safepoint；Guard 要显式 unlock	zr_vm_lib_thread/src/zr_vm_lib_thread/runtime/runtime_wrappers.c;zr_vm_lib_thread/src/zr_vm_lib_thread/runtime/runtime.c;zr_vm_core/src/zr_vm_core/gc/gc_domain_mutator.c	TODO	GC_AWARE 等待者可能使同域 STW 暂停超时，待并发验证
zr_vm_lib_thread/src/zr_vm_lib_thread/runtime/runtime_wrappers.c	zr_vm_task_lock_unlock_internal	function	zr_vm_task_lock_unlock;zr_vm_task_shared_lock_unlock	归还 Guard 持有的读写许可和 native 引用	只可对 active 且 kind 匹配的 Guard 调一次	zr_vm_lib_thread/src/zr_vm_lib_thread/runtime/runtime_wrappers.c;zr_vm_lib_thread/src/zr_vm_lib_thread/runtime/runtime.c	commented	归还许可与 façade 失效必须同步理解
zr_vm_lib_thread/src/zr_vm_lib_thread/runtime/runtime_wrappers.c	zr_vm_task_shared_construct	function	g_shared_meta_methods;new thread.Shared	创建带 Send+Sync 载荷的共享包装	需显式 release；GC 回收不会减少 strongCount	zr_vm_lib_thread/src/zr_vm_lib_thread/runtime/runtime_wrappers.c;zr_vm_lib_thread/src/zr_vm_lib_thread/runtime/runtime.c;tests/thread/test_thread_runtime.c	BUG	省略 release 留存 cell/payload
zr_vm_lib_thread/src/zr_vm_lib_thread/runtime/runtime_wrappers.c	zr_vm_task_shared_load	function	g_shared_methods;Shared.load	在持锁快照后向脚本返回当前载荷	已 release 的 handle 会返回 null；待确认与空值区分	zr_vm_lib_thread/src/zr_vm_lib_thread/runtime/runtime_wrappers.c;zr_vm_lib_thread/src/zr_vm_lib_thread/runtime/runtime.c	TODO	失效 Shared.load 的 null 与合法 null 值不可区分
zr_vm_lib_thread/src/zr_vm_lib_thread/runtime/runtime_wrappers.c	zr_vm_task_shared_store	function	g_shared_methods;Shared.store	编码新值并在 cell 锁内替换，锁外清旧值	Transfer 在存活校验前可能已 taken	zr_vm_lib_thread/src/zr_vm_lib_thread/runtime/runtime_wrappers.c;zr_vm_lib_thread/src/zr_vm_lib_thread/runtime/runtime.c;zr_vm_lib_thread/src/zr_vm_lib_thread/runtime/runtime_transport.c	TODO	失败 store 是否回滚一次性源值待明确
zr_vm_lib_thread/src/zr_vm_lib_thread/runtime/runtime_wrappers.c	zr_vm_task_shared_clone	function	g_shared_methods;Shared.clone	为已有共享 cell 生成另一强 façade	先 retain 再 make；make 失败未回滚	zr_vm_lib_thread/src/zr_vm_lib_thread/runtime/runtime_wrappers.c;zr_vm_lib_thread/src/zr_vm_lib_thread/runtime/runtime.c	BUG	内存分配失败留下 strongCount
zr_vm_lib_thread/src/zr_vm_lib_thread/runtime/runtime_wrappers.c	zr_vm_task_shared_downgrade	function	g_shared_methods;Shared.downgrade	为强 façade 生成可 upgrade 的 WeakShared	WeakShared 无 release/drop；make 失败也未回滚	zr_vm_lib_thread/src/zr_vm_lib_thread/runtime/runtime_wrappers.c;zr_vm_lib_thread/src/zr_vm_lib_thread/runtime/runtime.c	BUG	weakCount 在 façade 消失后仍保留
zr_vm_lib_thread/src/zr_vm_lib_thread/runtime/runtime_wrappers.c	zr_vm_task_shared_release	function	g_shared_methods;Shared.release	显式结清一个强 façade 所有权并置空 cell 字段	重复调用不再减计数；并发两 façade release 有 UAF 交错	zr_vm_lib_thread/src/zr_vm_lib_thread/runtime/runtime_wrappers.c;zr_vm_lib_thread/src/zr_vm_lib_thread/runtime/runtime.c	BUG	release_strong 二次回锁可能访问另一个线程释放的 cell
zr_vm_lib_thread/src/zr_vm_lib_thread/runtime/runtime_wrappers.c	zr_vm_task_shared_is_alive	function	g_shared_methods;Shared.isAlive	查询共享 cell 当前是否仍可操作	仅瞬时快照，不保证后续 load/store	zr_vm_lib_thread/src/zr_vm_lib_thread/runtime/runtime_wrappers.c;zr_vm_lib_thread/src/zr_vm_lib_thread/runtime/runtime.c	no-comment	锁内状态读取直接可见
zr_vm_lib_thread/src/zr_vm_lib_thread/runtime/runtime_wrappers.c	zr_vm_task_weak_shared_upgrade	function	g_weak_shared_methods;WeakShared.upgrade	仍有强引用时生成新的 Shared façade	失败返回 null；成功 retain 后 make 失败未回滚	zr_vm_lib_thread/src/zr_vm_lib_thread/runtime/runtime_wrappers.c;zr_vm_lib_thread/src/zr_vm_lib_thread/runtime/runtime.c	BUG	失败物化残留 strongCount
zr_vm_lib_thread/src/zr_vm_lib_thread/runtime/runtime_wrappers.c	zr_vm_task_weak_shared_is_alive	function	g_weak_shared_methods;WeakShared.isAlive	查询弱引用指向的 cell 是否仍有强引用	快照，不延长强引用寿命	zr_vm_lib_thread/src/zr_vm_lib_thread/runtime/runtime_wrappers.c;zr_vm_lib_thread/src/zr_vm_lib_thread/runtime/runtime.c	no-comment	快照读取直接可见
zr_vm_lib_thread/src/zr_vm_lib_thread/runtime/runtime_wrappers.c	zr_vm_task_transfer_construct	function	g_transfer_meta_methods;new thread.Transfer	本域包装待移交的一个值	项目须支持多线程；消费时验证 native transport 类型	zr_vm_lib_thread/src/zr_vm_lib_thread/runtime/runtime_wrappers.c;zr_vm_lib_thread/src/zr_vm_lib_thread/runtime/runtime_transport.c	commented	构造与移交时间不同
zr_vm_lib_thread/src/zr_vm_lib_thread/runtime/runtime_wrappers.c	zr_vm_task_transfer_take	function	g_transfer_methods;Transfer.take	单次取回尚在包装中的值	已消费返回 null 并清 VM 字段	zr_vm_lib_thread/src/zr_vm_lib_thread/runtime/runtime_wrappers.c;zr_vm_lib_thread/src/zr_vm_lib_thread/runtime/runtime.c	commented	消费后清值维持单次所有权
zr_vm_lib_thread/src/zr_vm_lib_thread/runtime/runtime_wrappers.c	zr_vm_task_transfer_is_taken	function	g_transfer_methods;Transfer.isTaken	观察 Transfer 是否已被 take 或编码消费	Channel 拒发也可能置 true	zr_vm_lib_thread/src/zr_vm_lib_thread/runtime/runtime_wrappers.c;zr_vm_lib_thread/src/zr_vm_lib_thread/runtime/runtime.c;zr_vm_lib_thread/src/zr_vm_lib_thread/runtime/runtime_transport.c	TODO	暴露的失败状态语义需定
zr_vm_lib_thread/src/zr_vm_lib_thread/runtime/runtime_wrappers.c	zr_vm_task_unique_mutex_construct	function	g_unique_mutex_meta_methods;new thread.UniqueMutex	用共用构造器创建独占载荷容器	初值必须 Send，项目允许多线程	zr_vm_lib_thread/src/zr_vm_lib_thread/runtime/runtime_wrappers.c;zr_vm_lib_thread/src/zr_vm_lib_thread/runtime/runtime.c	no-comment	薄封装明示 kind/type
zr_vm_lib_thread/src/zr_vm_lib_thread/runtime/runtime_wrappers.c	zr_vm_task_unique_mutex_lock	function	g_unique_mutex_methods;UniqueMutex.lock	申请独占 Guard	释放需调用 Guard.unlock；等待可能阻塞 GC	zr_vm_lib_thread/src/zr_vm_lib_thread/runtime/runtime_wrappers.c;zr_vm_lib_thread/src/zr_vm_lib_thread/runtime/runtime.c	no-comment	薄封装目标 kind 直接可见，风险在 helper
zr_vm_lib_thread/src/zr_vm_lib_thread/runtime/runtime_wrappers.c	zr_vm_task_shared_mutex_construct	function	g_shared_mutex_meta_methods;new thread.SharedMutex	用共用构造器创建读写共享容器	初值必须 Send+Sync，项目允许多线程	zr_vm_lib_thread/src/zr_vm_lib_thread/runtime/runtime_wrappers.c;zr_vm_lib_thread/src/zr_vm_lib_thread/runtime/runtime.c	no-comment	薄封装明示 kind/type
zr_vm_lib_thread/src/zr_vm_lib_thread/runtime/runtime_wrappers.c	zr_vm_task_shared_mutex_read	function	g_shared_mutex_methods;SharedMutex.read	申请共享读 Guard	必须 SharedLock.unlock；多个读者可并行	zr_vm_lib_thread/src/zr_vm_lib_thread/runtime/runtime_wrappers.c;zr_vm_lib_thread/src/zr_vm_lib_thread/runtime/runtime.c	no-comment	薄封装传共享 kind
zr_vm_lib_thread/src/zr_vm_lib_thread/runtime/runtime_wrappers.c	zr_vm_task_shared_mutex_write	function	g_shared_mutex_methods;SharedMutex.write	申请独占写 Guard	必须 Lock.unlock，等待所有读者退出	zr_vm_lib_thread/src/zr_vm_lib_thread/runtime/runtime_wrappers.c;zr_vm_lib_thread/src/zr_vm_lib_thread/runtime/runtime.c	no-comment	薄封装传独占 kind
zr_vm_lib_thread/src/zr_vm_lib_thread/runtime/runtime_wrappers.c	zr_vm_task_lock_load	function	g_lock_methods;Lock.load	读取独占 Guard 下的当前值	先 clone 后锁外解码；调用方清快照	zr_vm_lib_thread/src/zr_vm_lib_thread/runtime/runtime_wrappers.c;zr_vm_lib_thread/src/zr_vm_lib_thread/runtime/runtime_transport.c	no-comment	snapshot helper 已表达边界
zr_vm_lib_thread/src/zr_vm_lib_thread/runtime/runtime_wrappers.c	zr_vm_task_lock_store	function	g_lock_methods;Lock.store	在独占 Guard 下替换受保护值	先 encode Transfer，再校验 Guard active；失败消费待定	zr_vm_lib_thread/src/zr_vm_lib_thread/runtime/runtime_wrappers.c;zr_vm_lib_thread/src/zr_vm_lib_thread/runtime/runtime_transport.c	TODO	已失效 Guard store 可先消费 Transfer
zr_vm_lib_thread/src/zr_vm_lib_thread/runtime/runtime_wrappers.c	zr_vm_task_lock_unlock	function	g_lock_methods;Lock.unlock	解除独占 Guard 并释放引用	重复 unlock 报错	zr_vm_lib_thread/src/zr_vm_lib_thread/runtime/runtime_wrappers.c;zr_vm_lib_thread/src/zr_vm_lib_thread/runtime/runtime.c	no-comment	薄封装到共用 helper
zr_vm_lib_thread/src/zr_vm_lib_thread/runtime/runtime_wrappers.c	zr_vm_task_shared_lock_load	function	g_shared_lock_methods;SharedLock.load	只读 Guard 快照载荷	须 active，不能 store	zr_vm_lib_thread/src/zr_vm_lib_thread/runtime/runtime_wrappers.c;zr_vm_lib_thread/src/zr_vm_lib_thread/runtime/runtime.c	no-comment	直接复用 lock_load
zr_vm_lib_thread/src/zr_vm_lib_thread/runtime/runtime_wrappers.c	zr_vm_task_shared_lock_unlock	function	g_shared_lock_methods;SharedLock.unlock	归还读许可与 cell 引用	只能 active Guard 调一次	zr_vm_lib_thread/src/zr_vm_lib_thread/runtime/runtime_wrappers.c;zr_vm_lib_thread/src/zr_vm_lib_thread/runtime/runtime.c	no-comment	薄封装到共用 helper
zr_vm_lib_thread/src/zr_vm_lib_thread/runtime/runtime_wrappers.c	release_strong:two_strong_interleaving	block	Shared.clone;Shared.release;zr_vm_task_shared_cell_release_strong	并发强引用归还后决定 cell 清理	strong=2、weak=0：T1减至1解锁，T2减至0销毁，T1二次回锁	zr_vm_lib_thread/src/zr_vm_lib_thread/runtime/runtime_wrappers.c;tests/thread/test_thread_runtime.c	BUG	合法两 façade 并发调用可访问已释放 mutex
zr_vm_lib_thread/src/zr_vm_lib_thread/runtime/runtime_wrappers.c	mutex.lock:gc_aware_wait	block	zr_vm_task_mutex_lock_internal;GcDomain_StopTheWorldBegin	native 回调等待许可时保持 mutator 参与状态	descriptor flags=0 GC_AWARE；无 poll；STW 超时阈值	zr_vm_lib_thread/src/zr_vm_lib_thread/runtime/runtime_wrappers.c;zr_vm_library/include/zr_vm_library/native_binding.h;zr_vm_core/src/zr_vm_core/gc/gc_domain_mutator.c	TODO	需并发压力证明具体可观察停顿
zr_vm_lib_thread/src/zr_vm_lib_thread/runtime/runtime_wrappers.c	shared.store:encode_before_alive	block	zr_vm_task_shared_store;zr_vm_task_transfer_try_encode	先编码再以锁内 ALIVE 判断是否提交	Transfer 可能被 taken 后提交失败	zr_vm_lib_thread/src/zr_vm_lib_thread/runtime/runtime_wrappers.c;zr_vm_lib_thread/src/zr_vm_lib_thread/runtime/runtime_transport.c	TODO	确认失败 store 的消费契约
zr_vm_lib_thread/src/zr_vm_lib_thread/runtime/runtime_workers.c	kTaskPendingWorkersField	state	zr_vm_task_worker_append_pending_handle;zr_vm_task_scheduler_process_external	旧 direct-worker 路径以根数组保留未决 Task handle	本模块 spawn_thread_worker 无生产调用；启动失败可能未撤销根	zr_vm_lib_thread/src/zr_vm_lib_thread/runtime/runtime_workers.c;zr_vm_lib_thread/src/zr_vm_lib_thread/runtime/runtime.c	TODO	旧链是否保留及失败撤销契约待核
zr_vm_lib_thread/src/zr_vm_lib_thread/runtime/runtime_workers.c	kTaskWorkerIsolateIdField	state	zr_vm_task_spawn_thread_worker;zr_vm_task_scheduler_process_external	旧 Task façade 上记录 worker isolate 诊断 id	仅旧 direct-worker 路径写入	zr_vm_lib_thread/src/zr_vm_lib_thread/runtime/runtime_workers.c;zr_vm_lib_thread/src/zr_vm_lib_thread/runtime/runtime.c	no-comment	读写点可查且旧入口 TODO 已说明
zr_vm_lib_thread/src/zr_vm_lib_thread/runtime/runtime_workers.c	kThreadSchedulerAttachedRuntimeField	state	zr_vm_thread_attached_scheduler_init;zr_vm_thread_attached_scheduler_runtime	将 attached provider 原生状态接在 VM scheduler 对象上	nativePointer 不随 GC 对象析构	zr_vm_lib_thread/src/zr_vm_lib_thread/runtime/runtime_workers.c	BUG	成功构造后同步状态无回收
zr_vm_lib_thread/src/zr_vm_lib_thread/runtime/runtime_workers.c	ZrVmAttachedDomainWorkerLaunch	type	zr_vm_thread_attached_scheduler_start_worker;zr_vm_thread_attached_scheduler_worker_run	将新 state 与 provider 指针移交 detached worker	worker 释放 launch；caller global 必须比 worker 长寿	zr_vm_lib_thread/src/zr_vm_lib_thread/runtime/runtime_workers.c;zr_vm_library/src/zr_vm_library/task_runtime.c	commented	借用 global 与移交 state 的区别
zr_vm_lib_thread/src/zr_vm_lib_thread/runtime/runtime_workers.c	zr_vm_thread_attached_scheduler_runtime	function	zr_vm_thread_attached_scheduler_schedule	从 scheduler façade 借用 attached provider	不增加 native 状态引用	zr_vm_lib_thread/src/zr_vm_lib_thread/runtime/runtime_workers.c	no-comment	字段类型检查及借用直接可见
zr_vm_lib_thread/src/zr_vm_lib_thread/runtime/runtime_workers.c	zr_vm_thread_attached_scheduler_await	function	ZrLibrary_TaskRuntime_RegisterAwaitHook;Task.result	Task.result 等待时轮询 canonical Task 终态	Task 完成不表示 detached worker 退出；等待 native 回调无 safepoint	zr_vm_lib_thread/src/zr_vm_lib_thread/runtime/runtime_workers.c;zr_vm_library/src/zr_vm_library/task_runtime.c;tests/thread/test_thread_runtime.c	BUG	宿主 result 后销毁 global 可与 worker cleanup 交错；另有 GC TODO
zr_vm_lib_thread/src/zr_vm_lib_thread/runtime/runtime_workers.c	zr_vm_thread_attached_scheduler_worker_finished	function	zr_vm_thread_attached_scheduler_worker_run	worker 最终退出后释放 provider 活跃计数并通知等待者	runtime 本身须仍存活	zr_vm_lib_thread/src/zr_vm_lib_thread/runtime/runtime_workers.c	no-comment	锁内计数/通知直接可见
zr_vm_lib_thread/src/zr_vm_lib_thread/runtime/runtime_workers.c	zr_vm_thread_attached_scheduler_worker_run	function	zr_vm_thread_attached_scheduler_worker_entry	在共享 GcDomain 新 state 执行并结清队列中的 canonical Job	Task 结果可先于 ReleasePreparedJob/MutatorExit/State_Free 可见	zr_vm_lib_thread/src/zr_vm_lib_thread/runtime/runtime_workers.c;zr_vm_library/src/zr_vm_library/task_runtime.c;zr_vm_core/src/zr_vm_core/state.c	BUG	等待 Task 终态不能替代 worker join
zr_vm_lib_thread/src/zr_vm_lib_thread/runtime/runtime_workers.c	zr_vm_thread_attached_scheduler_worker_entry	function	zr_vm_thread_attached_scheduler_start_worker	将 Windows/POSIX OS 线程转入相同 worker_run	两分支都 detached；无 join handle	zr_vm_lib_thread/src/zr_vm_lib_thread/runtime/runtime_workers.c	no-comment	平台适配仅转发
zr_vm_lib_thread/src/zr_vm_lib_thread/runtime/runtime_workers.c	zr_vm_thread_attached_scheduler_start_worker	function	zr_vm_thread_attached_scheduler_schedule	为 caller global 创建新 mutator state 并启动 detached worker	启动失败释放 state/launch；成功需 global 活到退出	zr_vm_lib_thread/src/zr_vm_lib_thread/runtime/runtime_workers.c;zr_vm_core/src/zr_vm_core/state.c	no-comment	资源交接与失败分支清晰
zr_vm_lib_thread/src/zr_vm_lib_thread/runtime/runtime_workers.c	zr_vm_thread_attached_scheduler_init	function	zr_vm_thread_scheduler_construct	按 workerCount 建 provider、注册 canonical Task await hook	workerCount>0；成功 native runtime 无析构	zr_vm_lib_thread/src/zr_vm_lib_thread/runtime/runtime_workers.c;zr_vm_lib_thread/src/zr_vm_lib_thread/runtime/runtime.c;zr_vm_library/src/zr_vm_library/task_runtime.c	BUG	同步状态和 await hook context 以裸指针留存
zr_vm_lib_thread/src/zr_vm_lib_thread/runtime/runtime_workers.c	zr_vm_thread_attached_scheduler_schedule	function	zr_vm_thread_scheduler_schedule;tests/thread/test_thread_runtime.c	消费 cold Job 并入队，按限制惰性启动 worker	启动失败并发队列可能仍有请求待核	zr_vm_lib_thread/src/zr_vm_lib_thread/runtime/runtime_workers.c;zr_vm_lib_thread/src/zr_vm_lib_thread/runtime/runtime.c;zr_vm_library/src/zr_vm_library/task_runtime.c;tests/thread/test_thread_runtime.c	TODO	失败路径只移除本请求，其他排队请求可否推进待验证
zr_vm_lib_thread/src/zr_vm_lib_thread/runtime/runtime_workers.c	zr_vm_task_worker_strdup	function	zr_vm_task_worker_clone_project;zr_vm_task_spawn_thread_worker;zr_vm_thread_isolated_scheduler_schedule	复制传给 worker 的原生项目路径/错误文本	malloc 返回内存由 launch_free 或消息 clear 释放	zr_vm_lib_thread/src/zr_vm_lib_thread/runtime/runtime_workers.c;zr_vm_lib_thread/src/zr_vm_lib_thread/runtime/runtime_isolated_domain.c	no-comment	普通 native 文本复制与 free 配对可见
zr_vm_lib_thread/src/zr_vm_lib_thread/runtime/runtime_workers.c	zr_vm_task_worker_launch_free	function	zr_vm_thread_isolated_launch_free;zr_vm_task_worker_entry;zr_vm_task_spawn_thread_worker	释放 worker 工件的捕获引用和项目字符串	不删除 binaryPath 文件本身；调用方需 unlink	zr_vm_lib_thread/src/zr_vm_lib_thread/runtime/runtime_workers.c;zr_vm_lib_thread/src/zr_vm_lib_thread/runtime/runtime_isolated_domain.c	commented	文件路径所有权区别非显然
zr_vm_lib_thread/src/zr_vm_lib_thread/runtime/runtime_workers.c	zr_vm_task_worker_clone_project	function	zr_vm_thread_isolated_worker_run;zr_vm_task_worker_run_launch	在新 worker global 重建项目元数据以供模块加载	project 内字符串分配依赖 worker state；由 Project_Free 释放	zr_vm_lib_thread/src/zr_vm_lib_thread/runtime/runtime_workers.c;zr_vm_lib_thread/src/zr_vm_lib_thread/runtime/runtime_isolated_domain.c	no-comment	字段拷贝和调用点说明用途
zr_vm_lib_thread/src/zr_vm_lib_thread/runtime/runtime_workers.c	zr_vm_task_worker_make_temp_path	function	zr_vm_thread_isolated_scheduler_schedule;zr_vm_task_spawn_thread_worker	创建可交给 Writer 的临时二进制路径	成功已创建文件；序列化失败必须删除	zr_vm_lib_thread/src/zr_vm_lib_thread/runtime/runtime_workers.c;zr_vm_lib_thread/src/zr_vm_lib_thread/runtime/runtime_isolated_domain.c	commented	调用者易误以为仅生成路径
zr_vm_lib_thread/src/zr_vm_lib_thread/runtime/runtime_workers.c	zr_vm_task_worker_append_pending_handle	function	zr_vm_task_spawn_thread_worker	旧 direct-worker 以 scheduler 根数组保留 handle 到消息到达	当前无生产入口；启动失败不移除已 push handle	zr_vm_lib_thread/src/zr_vm_lib_thread/runtime/runtime_workers.c;zr_vm_lib_thread/src/zr_vm_lib_thread/runtime/runtime.c	TODO	若旧入口恢复需核对失败撤销与 root 清理
zr_vm_lib_thread/src/zr_vm_lib_thread/runtime/runtime_workers.c	zr_vm_task_worker_load_function	function	zr_vm_thread_isolated_worker_run;zr_vm_task_worker_run_launch	在 worker global 从序列化二进制加载 callable metadata	reader/source 均在返回前关闭；function 属于 worker state	zr_vm_lib_thread/src/zr_vm_lib_thread/runtime/runtime_workers.c;zr_vm_lib_thread/src/zr_vm_lib_thread/runtime/runtime_isolated_domain.c;zr_vm_core/src/zr_vm_core/io.c	no-comment	资源关闭与输出约束直接可见
zr_vm_lib_thread/src/zr_vm_lib_thread/runtime/runtime_workers.c	zr_vm_task_worker_build_callable	function	zr_vm_task_worker_run_launch	旧 direct-worker 将 native transport captures 解码到新 closure	仅旧入口调用；不是 isolated canonical ownership transfer	zr_vm_lib_thread/src/zr_vm_lib_thread/runtime/runtime_workers.c;zr_vm_lib_thread/src/zr_vm_lib_thread/runtime/runtime_transport.c;zr_vm_lib_thread/src/zr_vm_lib_thread/runtime/runtime_isolated_domain.c	no-comment	调用者与 decode 路径可区别
zr_vm_lib_thread/src/zr_vm_lib_thread/runtime/runtime_workers.c	ZrVmTaskWorkerExecuteRequest	type	zr_vm_task_worker_execute_body;zr_vm_task_worker_execute_callable	传递 callable/result/completed 给 TryRun 保护回调	仅同步 TryRun 范围有效	zr_vm_lib_thread/src/zr_vm_lib_thread/runtime/runtime_workers.c;zr_vm_core/src/zr_vm_core/exception.c	no-comment	局部回调载荷自明
zr_vm_lib_thread/src/zr_vm_lib_thread/runtime/runtime_workers.c	zr_vm_task_worker_execute_body	function	zr_vm_task_worker_execute_callable;ZrCore_Exception_TryRun	调用 worker 域脚本函数并抓取返回值	异常或栈失败不标 completed，调用方转故障	zr_vm_lib_thread/src/zr_vm_lib_thread/runtime/runtime_workers.c;zr_vm_core/src/zr_vm_core/exception.c	no-comment	受 TryRun 守护的调用体意图明显
zr_vm_lib_thread/src/zr_vm_lib_thread/runtime/runtime_workers.c	zr_vm_task_worker_execute_callable	function	zr_vm_thread_isolated_worker_run;zr_vm_task_worker_run_launch	在 worker 域受保护运行脚本 callable	要求非 native script callable；失败由上层 fault	zr_vm_lib_thread/src/zr_vm_lib_thread/runtime/runtime_workers.c;zr_vm_lib_thread/src/zr_vm_lib_thread/runtime/runtime_isolated_domain.c	no-comment	TryRun 与完成标志直接表达
zr_vm_lib_thread/src/zr_vm_lib_thread/runtime/runtime_workers.c	zr_vm_task_worker_enqueue_message	function	zr_vm_task_worker_queue_error_message;zr_vm_task_worker_run_launch	旧 direct-worker 将完成或错误 envelope 送 caller 消息队列	malloc 失败静默丢消息；当前入口无生产调用	zr_vm_lib_thread/src/zr_vm_lib_thread/runtime/runtime_workers.c;zr_vm_lib_thread/src/zr_vm_lib_thread/runtime/runtime.c	TODO	若旧入口恢复，等待 Task 可能永久未决
zr_vm_lib_thread/src/zr_vm_lib_thread/runtime/runtime_workers.c	zr_vm_task_worker_queue_error_message	function	zr_vm_task_worker_run_launch	把旧 worker 故障转换为 caller 域可解码字符串消息	依赖 enqueue_message 成功；失败静默	zr_vm_lib_thread/src/zr_vm_lib_thread/runtime/runtime_workers.c;zr_vm_lib_thread/src/zr_vm_lib_thread/runtime/runtime.c	TODO	旧路径故障投递失败语义待定
zr_vm_lib_thread/src/zr_vm_lib_thread/runtime/runtime_workers.c	zr_vm_task_worker_run_launch	function	zr_vm_task_worker_entry	旧 direct-worker 新建隔离 global、解码 captures、执行并回送消息	借用 caller global allocator userData；入口尚无生产调用	zr_vm_lib_thread/src/zr_vm_lib_thread/runtime/runtime_workers.c;zr_vm_lib_thread/src/zr_vm_lib_thread/runtime/runtime_transport.c;zr_vm_core/src/zr_vm_core/global.c	TODO	若旧入口恢复须建立 caller global 存活门禁
zr_vm_lib_thread/src/zr_vm_lib_thread/runtime/runtime_workers.c	zr_vm_task_worker_entry	function	zr_vm_task_worker_start	旧 direct-worker OS 入口运行旧 launch 并最终释放工件	Windows/POSIX detached；临时文件在 run_launch cleanup unlink	zr_vm_lib_thread/src/zr_vm_lib_thread/runtime/runtime_workers.c	no-comment	平台适配只转发
zr_vm_lib_thread/src/zr_vm_lib_thread/runtime/runtime_workers.c	zr_vm_task_worker_start	function	zr_vm_task_spawn_thread_worker	旧 direct-worker 启动 detached OS 线程	无 join handle；成功后 worker 接手 launch	zr_vm_lib_thread/src/zr_vm_lib_thread/runtime/runtime_workers.c	TODO	旧入口是否仍属模块契约待确认
zr_vm_lib_thread/src/zr_vm_lib_thread/runtime/runtime_workers.c	zr_vm_task_spawn_thread_worker	function	全仓仅声明与定义；zr_vm_lib_task 有同名但独立实现	旧 direct-worker 入口将 script callable 序列化并启动隔离线程	当前 zr.thread 描述符未绑定；旧 pending/消息清理语义待核	zr_vm_lib_thread/src/zr_vm_lib_thread/runtime/runtime_workers.c;zr_vm_lib_thread/src/zr_vm_lib_thread/runtime/runtime.c;zr_vm_lib_task/src/zr_vm_lib_task/runtime/runtime_workers.c	TODO	无实际调用链，不能视作当前 ThreadScheduler 行为
zr_vm_lib_thread/src/zr_vm_lib_thread/runtime/runtime_workers.c	attached.await:gc_aware_wait	block	Task.result;zr_vm_thread_attached_scheduler_await;GcDomain_StopTheWorldBegin	等待 Task 时持续占据 GC_AWARE mutator 状态	10ms timedwait 重试未 Poll/BlockingDetached；STW 有 timeout	zr_vm_lib_thread/src/zr_vm_lib_thread/runtime/runtime_workers.c;zr_vm_library/include/zr_vm_library/native_binding.h;zr_vm_core/src/zr_vm_core/gc/gc_domain_mutator.c	TODO	需定向压力用例验证暂停超时
zr_vm_lib_thread/src/zr_vm_lib_thread/runtime/runtime_workers.c	attached.worker:result_before_exit	block	zr_vm_thread_attached_scheduler_worker_run;zr_vm_thread_attached_scheduler_await	canonical Task 终态发布允许 result 返回	后续仍 ReleasePreparedJob、MutatorExit、State_Free	zr_vm_lib_thread/src/zr_vm_lib_thread/runtime/runtime_workers.c;zr_vm_library/src/zr_vm_library/task_runtime.c;tests/thread/test_thread_runtime.c	BUG	Task.result 不是 worker join
zr_vm_lib_thread/src/zr_vm_lib_thread/runtime/runtime_isolated_domain.c	kThreadSchedulerIsolatedRuntimeField	state	zr_vm_thread_isolated_scheduler_init;zr_vm_thread_isolated_scheduler_runtime	把 isolated provider 原生状态绑定到实例	成功 nativePointer 无析构	zr_vm_lib_thread/src/zr_vm_lib_thread/runtime/runtime_isolated_domain.c;zr_vm_lib_thread/src/zr_vm_lib_thread/runtime/runtime.c	BUG	对象释放不会销毁 provider mutex/queue
zr_vm_lib_thread/src/zr_vm_lib_thread/runtime/runtime_isolated_domain.c	kThreadSchedulerIsolatedRuntimeHeadField	state	zr_vm_thread_isolated_scheduler_init;zr_vm_thread_isolated_scheduler_shutdown_all	在 root 串联所有 isolated provider 供全局 shutdown	链节点 native runtime 无释放；依赖 root 有效	zr_vm_lib_thread/src/zr_vm_lib_thread/runtime/runtime_isolated_domain.c;zr_vm_lib_thread/src/zr_vm_lib_thread/runtime/runtime.c	BUG	shutdown 后链表仍保留分配节点
zr_vm_lib_thread/src/zr_vm_lib_thread/runtime/runtime_isolated_domain.c	kThreadSchedulerIsolatedShutdownField	state	zr_vm_thread_isolated_scheduler_schedule;zr_vm_thread_isolated_scheduler_shutdown_all	root 上记录全局拒绝新 isolated 工作	shutdown 只故障化 pending，不等待 live	zr_vm_lib_thread/src/zr_vm_lib_thread/runtime/runtime_isolated_domain.c;zr_vm_lib_thread/src/zr_vm_lib_thread/runtime/runtime.c	TODO	当前契约明确不等待 worker；若需安全销毁屏障，应另定等待退出的宿主接口
zr_vm_lib_thread/src/zr_vm_lib_thread/runtime/runtime_isolated_domain.c	ZrVmIsolatedDomainLaunch/前置声明	type	ZrVmIsolatedDomainRuntime.pendingHead;ZrVmIsolatedDomainLaunch 定义	允许 provider 保存待启动 launch 链表指针	完整定义在同文件稍后	zr_vm_lib_thread/src/zr_vm_lib_thread/runtime/runtime_isolated_domain.c	no-comment	前置声明用途由相邻结构可见
zr_vm_lib_thread/src/zr_vm_lib_thread/runtime/runtime_isolated_domain.c	ZrVmIsolatedDomainRuntime	type	zr_vm_thread_isolated_scheduler_init;zr_vm_thread_isolated_scheduler_dispatch_pending;zr_vm_thread_isolated_scheduler_shutdown_all	保存实例队列、并发配额和 await hook	workerLimit 按已派出未确认任务计；native 状态无析构	zr_vm_lib_thread/src/zr_vm_lib_thread/runtime/runtime_isolated_domain.c;zr_vm_lib_thread/src/zr_vm_lib_thread/runtime/runtime.c	BUG	原生结构长期挂在 root/scheduler，无回收
zr_vm_lib_thread/src/zr_vm_lib_thread/runtime/runtime_isolated_domain.c	ZrVmIsolatedDomainLaunch	type	zr_vm_thread_isolated_scheduler_schedule;zr_vm_thread_isolated_launch_begin;zr_vm_thread_isolated_worker_run	承载 caller/worker handshake、Job 根和跨域 envelope	未启动由 caller 清理；已启动 worker 最终释放；完成先于 worker 退出	zr_vm_lib_thread/src/zr_vm_lib_thread/runtime/runtime_isolated_domain.c;zr_vm_core/src/zr_vm_core/ownership_transfer.c;zr_vm_library/src/zr_vm_library/task_runtime.c	commented	三阶段所有权交接非显然
zr_vm_lib_thread/src/zr_vm_lib_thread/runtime/runtime_isolated_domain.c	zr_vm_thread_isolated_value_copy_contract	function	zr_vm_thread_isolated_contract_for_value;zr_vm_thread_isolated_launch_begin	为诊断 request 与标量值建立核心跨域按值复制契约	带 DROP_ON_FAILURE，schema 版本/哈希固定	zr_vm_lib_thread/src/zr_vm_lib_thread/runtime/runtime_isolated_domain.c;zr_vm_core/src/zr_vm_core/ownership_transfer.c	no-comment	固定 contract 直接说明
zr_vm_lib_thread/src/zr_vm_lib_thread/runtime/runtime_isolated_domain.c	zr_vm_thread_isolated_contract_for_value	function	zr_vm_thread_isolated_launch_begin;zr_vm_thread_isolated_worker_run	对捕获/结果选标量复制、GC 结构化克隆或拒绝资源	结构克隆受快照预算；ownership 值须独立 provider	zr_vm_lib_thread/src/zr_vm_lib_thread/runtime/runtime_isolated_domain.c;zr_vm_core/src/zr_vm_core/ownership_transfer.c	commented	跨域类型边界需解释
zr_vm_lib_thread/src/zr_vm_lib_thread/runtime/runtime_isolated_domain.c	zr_vm_thread_isolated_release_capture_envelopes	function	zr_vm_thread_isolated_launch_begin	caller 端在构建请求失败时结清已准备的 capture envelope	只释放 caller 尚持有项，置 null 防重复释放	zr_vm_lib_thread/src/zr_vm_lib_thread/runtime/runtime_isolated_domain.c;zr_vm_core/src/zr_vm_core/ownership_transfer.c	no-comment	失败清理与函数名一致
zr_vm_lib_thread/src/zr_vm_lib_thread/runtime/runtime_isolated_domain.c	zr_vm_thread_isolated_abort_pending_caller_transfers	function	zr_vm_task_scheduler_process_external;zr_vm_thread_isolated_cancel_before_request	worker 故障确认时让 caller 端结清未 Claim 的 request/capture envelope	只能在 caller state 中调用，launch 必须尚活	zr_vm_lib_thread/src/zr_vm_lib_thread/runtime/runtime_isolated_domain.c;zr_vm_lib_thread/src/zr_vm_lib_thread/runtime/runtime.c;zr_vm_core/src/zr_vm_core/ownership_transfer.c	no-comment	跨文件调用与 cleanup 直接可查
zr_vm_lib_thread/src/zr_vm_lib_thread/runtime/runtime_isolated_domain.c	zr_vm_thread_isolated_scheduler_runtime	function	zr_vm_thread_isolated_scheduler_schedule;zr_vm_thread_isolated_scheduler_dispatch_pending	从 scheduler 对象借用 isolated provider 状态	不增引用，nativePointer 须有效	zr_vm_lib_thread/src/zr_vm_lib_thread/runtime/runtime_isolated_domain.c	no-comment	字段类型检查直接可见
zr_vm_lib_thread/src/zr_vm_lib_thread/runtime/runtime_isolated_domain.c	zr_vm_thread_isolated_launch_signal_ready	function	zr_vm_thread_isolated_worker_run;zr_vm_thread_isolated_launch_begin	把新 worker 域身份或启动故障发布给 caller	caller 才能按目标域创建 ownership envelope	zr_vm_lib_thread/src/zr_vm_lib_thread/runtime/runtime_isolated_domain.c;zr_vm_core/src/zr_vm_core/ownership_transfer.c	no-comment	同步字段/信号用途可由 begin 看到
zr_vm_lib_thread/src/zr_vm_lib_thread/runtime/runtime_isolated_domain.c	zr_vm_thread_isolated_completion_processed	function	zr_vm_task_scheduler_process_external;zr_vm_thread_isolated_launch_begin	完成消息被 caller 处理后归还并发槽并唤醒 worker teardown	不等待 worker 退出；workerLimit 计数语义需澄清	zr_vm_lib_thread/src/zr_vm_lib_thread/runtime/runtime_isolated_domain.c;zr_vm_lib_thread/src/zr_vm_lib_thread/runtime/runtime.c;zr_vm_core/src/zr_vm_core/global.c;zr_vm_core/src/zr_vm_core/execution/execution_memory.c	BUG	Task.result 可在 worker allocator teardown 前返回并释放 callerGlobal
zr_vm_lib_thread/src/zr_vm_lib_thread/runtime/runtime_isolated_domain.c	zr_vm_thread_isolated_launch_free	function	zr_vm_thread_isolated_worker_entry;zr_vm_thread_isolated_scheduler_schedule;zr_vm_thread_isolated_fault_queued_launches	按 launch 所有权结清工件、临时文件、信号状态	只有正确 side 在 worker 完成握手后可释放	zr_vm_lib_thread/src/zr_vm_lib_thread/runtime/runtime_isolated_domain.c;zr_vm_lib_thread/src/zr_vm_lib_thread/runtime/runtime_workers.c	commented	pending 与 worker 的释放责任不同
zr_vm_lib_thread/src/zr_vm_lib_thread/runtime/runtime_isolated_domain.c	zr_vm_thread_isolated_wait_for_completion	function	zr_vm_thread_isolated_worker_run	worker 等 caller 域处理完成消息后确定 result envelope 去向	只是完成 ack，不保证宿主等待 worker 退出	zr_vm_lib_thread/src/zr_vm_lib_thread/runtime/runtime_isolated_domain.c;zr_vm_lib_thread/src/zr_vm_lib_thread/runtime/runtime.c	no-comment	条件字段和调用链可见
zr_vm_lib_thread/src/zr_vm_lib_thread/runtime/runtime_isolated_domain.c	zr_vm_thread_isolated_enqueue_fault	function	zr_vm_thread_isolated_worker_run	worker 用预分配消息把故障交给 caller 来 fault Job	失败仍需 worker/caller handshake；需核查消息入队失败语义	zr_vm_lib_thread/src/zr_vm_lib_thread/runtime/runtime_isolated_domain.c;zr_vm_lib_thread/src/zr_vm_lib_thread/runtime/runtime.c	TODO	队列拒绝时 Task fault/ack 是否可完成待定
zr_vm_lib_thread/src/zr_vm_lib_thread/runtime/runtime_isolated_domain.c	zr_vm_thread_isolated_build_callable	function	zr_vm_thread_isolated_worker_run	在 worker 域 Claim 捕获 envelope 并重建 closure	claim 成功后 worker 持有值；失败需 abort 未消费 envelopes	zr_vm_lib_thread/src/zr_vm_lib_thread/runtime/runtime_isolated_domain.c;zr_vm_core/src/zr_vm_core/ownership_transfer.c;zr_vm_lib_thread/src/zr_vm_lib_thread/runtime/runtime_workers.c	commented	捕获所有权从 caller 转 worker
zr_vm_lib_thread/src/zr_vm_lib_thread/runtime/runtime_isolated_domain.c	zr_vm_thread_isolated_worker_run	function	zr_vm_thread_isolated_worker_entry	独立 global 中载入 script Job、执行并发布结果 envelope	allocator 与 userData 从 callerGlobal 借用，Task 先终态后 worker Global_Free	zr_vm_lib_thread/src/zr_vm_lib_thread/runtime/runtime_isolated_domain.c;zr_vm_core/src/zr_vm_core/global.c;zr_vm_core/src/zr_vm_core/execution/execution_memory.c;tests/thread/test_thread_runtime.c	BUG	宿主 result 后 free callerGlobal 时 worker teardown 可触发 UAF
zr_vm_lib_thread/src/zr_vm_lib_thread/runtime/runtime_isolated_domain.c	zr_vm_thread_isolated_worker_entry	function	zr_vm_thread_isolated_start_worker	Windows/POSIX detached 入口执行 worker 并释放 launch	无可 join handle；最终释放晚于完成 ack	zr_vm_lib_thread/src/zr_vm_lib_thread/runtime/runtime_isolated_domain.c	no-comment	两个分支仅适配线程签名
zr_vm_lib_thread/src/zr_vm_lib_thread/runtime/runtime_isolated_domain.c	zr_vm_thread_isolated_start_worker	function	zr_vm_thread_isolated_launch_begin	启动独立域 detached OS worker	成功 worker 接手 launch；失败 caller 清理	zr_vm_lib_thread/src/zr_vm_lib_thread/runtime/runtime_isolated_domain.c	no-comment	资源移交和失败返回直接可见
zr_vm_lib_thread/src/zr_vm_lib_thread/runtime/runtime_isolated_domain.c	zr_vm_thread_isolated_cancel_before_request	function	zr_vm_thread_isolated_launch_begin	caller 在 request 发布前取消已启动 worker	须通知 worker、故障化 Job，并等待 completion ack	zr_vm_lib_thread/src/zr_vm_lib_thread/runtime/runtime_isolated_domain.c;zr_vm_library/src/zr_vm_library/task_runtime.c	no-comment	取消握手字段和调用点清楚
zr_vm_lib_thread/src/zr_vm_lib_thread/runtime/runtime_isolated_domain.c	zr_vm_thread_isolated_launch_begin	function	zr_vm_thread_isolated_scheduler_dispatch_pending	从 queued launch 启 worker、待域身份、提交 capture/request envelopes	捕获在实际启动才逐个取值，不是 schedule 时快照	zr_vm_lib_thread/src/zr_vm_lib_thread/runtime/runtime_isolated_domain.c;zr_vm_core/src/zr_vm_core/ownership_transfer.c;zr_vm_library/src/zr_vm_library/task_runtime.c	TODO	需明确排队期间捕获值可变及跨 capture alias 契约
zr_vm_lib_thread/src/zr_vm_lib_thread/runtime/runtime_isolated_domain.c	zr_vm_thread_isolated_scheduler_is_shutdown	function	zr_vm_thread_isolated_scheduler_dispatch_pending;zr_vm_thread_isolated_launch_begin	从 root 判断全局是否拒绝新 isolated 工作	缺 root 也视为 shutdown	zr_vm_lib_thread/src/zr_vm_lib_thread/runtime/runtime_isolated_domain.c	no-comment	状态读取和默认值直接可见
zr_vm_lib_thread/src/zr_vm_lib_thread/runtime/runtime_isolated_domain.c	zr_vm_thread_isolated_fault_queued_launches	function	zr_vm_thread_isolated_scheduler_shutdown_all	将尚未启动的 pending Job 故障化并释放 launch	不触及 live detached worker	zr_vm_lib_thread/src/zr_vm_lib_thread/runtime/runtime_isolated_domain.c;zr_vm_library/src/zr_vm_library/task_runtime.c	no-comment	队列范围与释放过程直观
zr_vm_lib_thread/src/zr_vm_lib_thread/runtime/runtime_isolated_domain.c	zr_vm_thread_isolated_scheduler_shutdown_all	function	ZrVmThread_Runtime_ShutdownIsolatedSchedulers	遍历 root 注册 provider 并 fault 尚未启动的 Job	既不等待 live worker，也不泵 completion	zr_vm_lib_thread/src/zr_vm_lib_thread/runtime/runtime_isolated_domain.c;zr_vm_lib_thread/src/zr_vm_lib_thread/runtime/runtime.c;tests/thread/test_thread_runtime.c	TODO	当前契约明确不等待 worker；若需安全销毁屏障，应另定等待退出的宿主接口
zr_vm_lib_thread/src/zr_vm_lib_thread/runtime/runtime_isolated_domain.c	zr_vm_thread_isolated_scheduler_dispatch_pending	function	zr_vm_thread_isolated_await;zr_vm_thread_isolated_scheduler_schedule;zr_vm_task_scheduler_process_external	按并发槽推进 queued launch 到 worker 启动	槽在 completion ack 即释放，OS 线程可仍清理	zr_vm_lib_thread/src/zr_vm_lib_thread/runtime/runtime_isolated_domain.c;zr_vm_lib_thread/src/zr_vm_lib_thread/runtime/runtime.c	TODO	workerLimit 是任务还是线程上限待定
zr_vm_lib_thread/src/zr_vm_lib_thread/runtime/runtime_isolated_domain.c	zr_vm_thread_isolated_await	function	ZrLibrary_TaskRuntime_RegisterAwaitHook;Task.result	等待 Task 时交替启动 pending 与消费 caller 域完成消息	只看 Task 终态，不等待 worker 最终退出	zr_vm_lib_thread/src/zr_vm_lib_thread/runtime/runtime_isolated_domain.c;zr_vm_library/src/zr_vm_library/task_runtime.c;tests/thread/test_thread_runtime.c	BUG	返回后宿主 Global_Free 仍可与 worker teardown 交错
zr_vm_lib_thread/src/zr_vm_lib_thread/runtime/runtime_isolated_domain.c	zr_vm_thread_isolated_scheduler_init	function	zr_vm_thread_scheduler_construct	按实例 workerCount/quota 创建 provider 并注册 await hook	quota 三限额>0；构造时快照，native runtime 不析构	zr_vm_lib_thread/src/zr_vm_lib_thread/runtime/runtime_isolated_domain.c;zr_vm_lib_thread/src/zr_vm_lib_thread/runtime/runtime.c;tests/thread/test_thread_runtime.c	BUG	provider 对象及同步原语长期泄漏
zr_vm_lib_thread/src/zr_vm_lib_thread/runtime/runtime_isolated_domain.c	zr_vm_thread_isolated_scheduler_schedule	function	zr_vm_thread_scheduler_schedule;tests/thread/test_thread_runtime.c	消费 canonical Job、序列化 script function，入队待隔离 worker	仅 script callable；配额来自实例快照；Writer 失败临时文件遗留	zr_vm_lib_thread/src/zr_vm_lib_thread/runtime/runtime_isolated_domain.c;zr_vm_lib_thread/src/zr_vm_lib_thread/runtime/runtime_workers.c;zr_vm_library/src/zr_vm_library/task_runtime.c;tests/thread/test_thread_runtime.c	BUG	先创建 temp 文件，Writer 失败分支未 remove
zr_vm_lib_thread/src/zr_vm_lib_thread/runtime/runtime_isolated_domain.c	isolated:deferred_capture_snapshot	block	zr_vm_thread_isolated_scheduler_schedule;zr_vm_thread_isolated_launch_begin	排队 Job 在实际启动时从 rooted closure 读取 capture 并克隆	workerLimit=1 且第二 Job queued 时，提交后修改捕获可改变转移值；各 capture 独立克隆	zr_vm_lib_thread/src/zr_vm_lib_thread/runtime/runtime_isolated_domain.c;zr_vm_core/src/zr_vm_core/ownership_transfer.c;tests/thread/test_thread_runtime.c	TODO	尚无快照时点与别名保持的契约或定向测试
zr_vm_lib_thread/src/zr_vm_lib_thread/runtime/runtime_isolated_domain.c	isolated:allocator_borrow_after_task_result	block	zr_vm_thread_isolated_scheduler_schedule;zr_vm_thread_isolated_worker_run;Task.result;ZrCore_GlobalState_Free	让 worker 用 caller allocator 配额计费并在完成后清理全局	artifact.userAllocationArguments 指向 callerGlobal；Task 终态/ack 先于 worker cleanup	zr_vm_lib_thread/src/zr_vm_lib_thread/runtime/runtime_isolated_domain.c;zr_vm_core/src/zr_vm_core/global.c;zr_vm_core/src/zr_vm_core/execution/execution_memory.c;zr_vm_library/src/zr_vm_library/task_runtime.c	BUG	宿主在 result 后释放 callerGlobal，worker RawFree 可能解引用已释放对象
zr_vm_lib_thread/src/zr_vm_lib_thread/runtime/runtime_isolated_domain.c	isolated:temp_writer_failure	block	zr_vm_thread_isolated_scheduler_schedule;zr_vm_task_worker_make_temp_path;ZrParser_Writer_WriteBinaryFile	写入可由 worker 独立加载的 function 文件	temp path 创建即有文件；Writer 失败前 artifact 尚未接管路径	zr_vm_lib_thread/src/zr_vm_lib_thread/runtime/runtime_isolated_domain.c;zr_vm_lib_thread/src/zr_vm_lib_thread/runtime/runtime_workers.c;zr_vm_parser/src/zr_vm_parser/writer.c	BUG	失败路径遗漏 remove(tempPath)
zr_vm_lib_thread/src/zr_vm_lib_thread/runtime/runtime_internal.h	ZR_VM_THREAD_RUNTIME_INTERNAL_H	macro	runtime.c;runtime_transport.c;runtime_workers.c;runtime_wrappers.c;runtime_isolated_domain.c	防止私有协议重复定义	普通 include guard	zr_vm_lib_thread/src/zr_vm_lib_thread/runtime/runtime_internal.h	no-comment	防重复包含自明
zr_vm_lib_thread/src/zr_vm_lib_thread/runtime/runtime_internal.h	_POSIX_C_SOURCE=200809L	macro	runtime_workers.c:mkstemp;runtime_internal.h:pthread_cond_timedwait	非 Windows 构建启用 POSIX API	仅环境未定义时设置	zr_vm_lib_thread/src/zr_vm_lib_thread/runtime/runtime_internal.h;zr_vm_lib_thread/src/zr_vm_lib_thread/runtime/runtime_workers.c	no-comment	平台条件和调用 API 可见
zr_vm_lib_thread/src/zr_vm_lib_thread/runtime/runtime_internal.h	EZrVmTaskTransportKind	type	zr_vm_task_transport_encode_value;zr_vm_task_transport_decode_value	旧原生 Channel/Shared/Mutex envelope 的值种类	isolated scheduler 用 core OwnershipTransfer	zr_vm_lib_thread/src/zr_vm_lib_thread/runtime/runtime_internal.h;zr_vm_lib_thread/src/zr_vm_lib_thread/runtime/runtime_transport.c;zr_vm_lib_thread/src/zr_vm_lib_thread/runtime/runtime_isolated_domain.c	commented	两套传输协议须区分
zr_vm_lib_thread/src/zr_vm_lib_thread/runtime/runtime_internal.h	ZR_VM_TASK_SHARED_NATIVE_CELL_FIELD	macro	zr_vm_task_shared_make_value;zr_vm_task_shared_release	Shared/WeakShared façade 的原生 cell 指针字段	指针借用，按类型归还引用	zr_vm_lib_thread/src/zr_vm_lib_thread/runtime/runtime_internal.h;zr_vm_lib_thread/src/zr_vm_lib_thread/runtime/runtime_wrappers.c	no-comment	读写点与 SharedCell 注释对应
zr_vm_lib_thread/src/zr_vm_lib_thread/runtime/runtime_internal.h	ZR_VM_TASK_SHARED_IS_WEAK_FIELD	macro	zr_vm_task_shared_make_value;zr_vm_task_shared_try_get_cell	标记 façade 使用弱引用视图	指针借用，按类型归还引用	zr_vm_lib_thread/src/zr_vm_lib_thread/runtime/runtime_internal.h;zr_vm_lib_thread/src/zr_vm_lib_thread/runtime/runtime_wrappers.c	no-comment	读写点与 SharedCell 注释对应
zr_vm_lib_thread/src/zr_vm_lib_thread/runtime/runtime_internal.h	ZR_VM_TASK_MUTEX_NATIVE_CELL_FIELD	macro	zr_vm_task_mutex_make_value;zr_vm_task_mutex_cell_from_handle	Mutex façade 的原生 cell 指针字段	Guard 字段独立	zr_vm_lib_thread/src/zr_vm_lib_thread/runtime/runtime_internal.h;zr_vm_lib_thread/src/zr_vm_lib_thread/runtime/runtime_wrappers.c	no-comment	宏名和读写处清楚
zr_vm_lib_thread/src/zr_vm_lib_thread/runtime/runtime_internal.h	ZR_VM_TASK_MUTEX_KIND_FIELD	macro	zr_vm_task_mutex_make_value;zr_vm_task_mutex_handle_kind	区分 UniqueMutex 与 SharedMutex 的 façade 字段	Guard 字段独立	zr_vm_lib_thread/src/zr_vm_lib_thread/runtime/runtime_internal.h;zr_vm_lib_thread/src/zr_vm_lib_thread/runtime/runtime_wrappers.c	no-comment	宏名和读写处清楚
zr_vm_lib_thread/src/zr_vm_lib_thread/runtime/runtime_internal.h	ZR_VM_TASK_LOCK_MUTEX_CELL_FIELD	macro	zr_vm_task_lock_make_value;zr_vm_task_lock_unlock_internal	Guard 持有的 MutexCell 指针字段	unlock 清 active 与 cell；GC 不代偿	zr_vm_lib_thread/src/zr_vm_lib_thread/runtime/runtime_internal.h;zr_vm_lib_thread/src/zr_vm_lib_thread/runtime/runtime_wrappers.c	BUG	丢弃活动 Guard 仍占锁
zr_vm_lib_thread/src/zr_vm_lib_thread/runtime/runtime_internal.h	ZR_VM_TASK_LOCK_KIND_FIELD	macro	zr_vm_task_lock_make_value;zr_vm_task_lock_unlock_internal	Guard 所持读或独占许可种类	unlock 清 active 与 cell；GC 不代偿	zr_vm_lib_thread/src/zr_vm_lib_thread/runtime/runtime_internal.h;zr_vm_lib_thread/src/zr_vm_lib_thread/runtime/runtime_wrappers.c	BUG	丢弃活动 Guard 仍占锁
zr_vm_lib_thread/src/zr_vm_lib_thread/runtime/runtime_internal.h	ZR_VM_TASK_LOCK_ACTIVE_FIELD	macro	zr_vm_task_lock_make_value;zr_vm_task_lock_unlock_internal	标记 Guard 许可尚未显式归还	unlock 清 active 与 cell；GC 不代偿	zr_vm_lib_thread/src/zr_vm_lib_thread/runtime/runtime_internal.h;zr_vm_lib_thread/src/zr_vm_lib_thread/runtime/runtime_wrappers.c	BUG	丢弃活动 Guard 仍占锁
zr_vm_lib_thread/src/zr_vm_lib_thread/runtime/runtime_internal.h	EZrVmTaskMutexKind	type	zr_vm_task_mutex_construct_internal;zr_vm_task_mutex_try_encode	区分 UniqueMutex 与 SharedMutex	容器类型与 Guard kind 独立	zr_vm_lib_thread/src/zr_vm_lib_thread/runtime/runtime_internal.h;zr_vm_lib_thread/src/zr_vm_lib_thread/runtime/runtime_wrappers.c	no-comment	调用选择直接可见
zr_vm_lib_thread/src/zr_vm_lib_thread/runtime/runtime_internal.h	EZrVmTaskLockKind	type	zr_vm_task_mutex_lock_internal;zr_vm_task_lock_unlock_internal	区分独占与共享 Guard	SharedLock 不能 store	zr_vm_lib_thread/src/zr_vm_lib_thread/runtime/runtime_internal.h;zr_vm_lib_thread/src/zr_vm_lib_thread/runtime/runtime_wrappers.c	no-comment	枚举含义直观
zr_vm_lib_thread/src/zr_vm_lib_thread/runtime/runtime_internal.h	ZrVmTaskMutex	type	zr_vm_task_sync_mutex_init;zr_vm_task_sync_mutex_lock	统一 Win/POSIX native mutex 类型	wait 需持对应 mutex	zr_vm_lib_thread/src/zr_vm_lib_thread/runtime/runtime_internal.h	no-comment	条件编译映射清晰
zr_vm_lib_thread/src/zr_vm_lib_thread/runtime/runtime_internal.h	ZrVmTaskCondition	type	zr_vm_task_sync_condition_init;zr_vm_task_sync_condition_wait	统一 Win/POSIX 条件变量类型	wait 需持对应 mutex	zr_vm_lib_thread/src/zr_vm_lib_thread/runtime/runtime_internal.h	no-comment	条件编译映射清晰
zr_vm_lib_thread/src/zr_vm_lib_thread/runtime/runtime_internal.h	ZrVmTaskTransportValue	type	zr_vm_task_transport_clone_value;zr_vm_task_transport_clear;ChannelMessage	原生队列的值副本或带引用 cell	STRING/TRANSFER/SHARED/MUTEX 成功编码须 clear	zr_vm_lib_thread/src/zr_vm_lib_thread/runtime/runtime_internal.h;zr_vm_lib_thread/src/zr_vm_lib_thread/runtime/runtime_transport.c	commented	kind 决定所有权
zr_vm_lib_thread/src/zr_vm_lib_thread/runtime/runtime_internal.h	EZrVmTaskSharedCellLifecycle	type	zr_vm_task_shared_cell_is_alive_locked;zr_vm_task_shared_cell_release_strong	控制 Shared ALIVE/DESTROYING/DROPPED 阶段	释放可能在锁外清 payload 后回锁	zr_vm_lib_thread/src/zr_vm_lib_thread/runtime/runtime_internal.h;zr_vm_lib_thread/src/zr_vm_lib_thread/runtime/runtime_wrappers.c	no-comment	状态转移在 release_strong 行说明
zr_vm_lib_thread/src/zr_vm_lib_thread/runtime/runtime_internal.h	ZrVmTaskSharedCell	type	zr_vm_task_shared_cell_new;zr_vm_task_shared_cell_release_strong	Shared/WeakShared 共用强弱计数和 payload	GC 不调 release；两个 strong 并发释放可 UAF	zr_vm_lib_thread/src/zr_vm_lib_thread/runtime/runtime_internal.h;zr_vm_lib_thread/src/zr_vm_lib_thread/runtime/runtime_wrappers.c	BUG	原生引用与释放交错有缺陷
zr_vm_lib_thread/src/zr_vm_lib_thread/runtime/runtime_internal.h	ZrVmTaskMutexCell	type	zr_vm_task_mutex_cell_new;zr_vm_task_mutex_lock_internal;zr_vm_task_lock_unlock_internal	管理原生值、读写许可和 Guard 引用	Guard 必须显式 unlock	zr_vm_lib_thread/src/zr_vm_lib_thread/runtime/runtime_internal.h;zr_vm_lib_thread/src/zr_vm_lib_thread/runtime/runtime_wrappers.c	BUG	GC 丢弃活动 Guard 不归还许可
zr_vm_lib_thread/src/zr_vm_lib_thread/runtime/runtime_internal.h	ZR_VM_TASK_SCHEDULER_MESSAGE_*	type	zr_vm_task_worker_enqueue_message;zr_vm_task_scheduler_process_external;zr_vm_task_scheduler_enqueue_isolated_completion	区分旧 direct-worker 与新 canonical completion 消息	字段按 kind 分流	zr_vm_lib_thread/src/zr_vm_lib_thread/runtime/runtime_internal.h;zr_vm_lib_thread/src/zr_vm_lib_thread/runtime/runtime.c;zr_vm_lib_thread/src/zr_vm_lib_thread/runtime/runtime_workers.c	no-comment	消息分支可见
zr_vm_lib_thread/src/zr_vm_lib_thread/runtime/runtime_internal.h	ZrVmTaskSchedulerMessage	type	zr_vm_task_scheduler_process_external;zr_vm_task_worker_enqueue_message;zr_vm_task_scheduler_enqueue_isolated_completion	跨 worker/caller 域交旧 payload 或 core envelope	isolated workItem/envelope 由 caller 完成后 ack	zr_vm_lib_thread/src/zr_vm_lib_thread/runtime/runtime_internal.h;zr_vm_lib_thread/src/zr_vm_lib_thread/runtime/runtime.c;zr_vm_lib_thread/src/zr_vm_lib_thread/runtime/runtime_workers.c;zr_vm_lib_thread/src/zr_vm_lib_thread/runtime/runtime_isolated_domain.c	commented	两类消息责任不同
zr_vm_lib_thread/src/zr_vm_lib_thread/runtime/runtime_internal.h	ZrVmTaskSchedulerRuntime	type	zr_vm_task_scheduler_get_runtime;zr_vm_task_scheduler_process_external	caller 消费的原生完成队列	worker 仅入队；nativePointer 无析构	zr_vm_lib_thread/src/zr_vm_lib_thread/runtime/runtime_internal.h;zr_vm_lib_thread/src/zr_vm_lib_thread/runtime/runtime.c	BUG	队列同步资源未释放
zr_vm_lib_thread/src/zr_vm_lib_thread/runtime/runtime_internal.h	ZrVmAttachedDomainRequest	type	zr_vm_thread_attached_scheduler_schedule;zr_vm_thread_attached_scheduler_worker_run	把 canonical workItem 排入 attached FIFO	worker 执行和 Release 后释放	zr_vm_lib_thread/src/zr_vm_lib_thread/runtime/runtime_internal.h;zr_vm_lib_thread/src/zr_vm_lib_thread/runtime/runtime_workers.c	no-comment	生产消费配对直接可见
zr_vm_lib_thread/src/zr_vm_lib_thread/runtime/runtime_internal.h	ZrVmAttachedDomainRuntime	type	zr_vm_thread_attached_scheduler_init;zr_vm_thread_attached_scheduler_worker_run	保存 attached 队列、配额和 await hook	worker 借 caller global，宿主须待退出	zr_vm_lib_thread/src/zr_vm_lib_thread/runtime/runtime_internal.h;zr_vm_lib_thread/src/zr_vm_lib_thread/runtime/runtime_workers.c	commented	跨线程生命周期非显然
zr_vm_lib_thread/src/zr_vm_lib_thread/runtime/runtime_internal.h	ZrVmTaskWorkerLaunch	type	zr_vm_thread_isolated_scheduler_schedule;zr_vm_thread_isolated_worker_run;zr_vm_task_spawn_thread_worker	保存脚本二进制、项目路径、allocator 上下文	路径/捕获 owned；allocator.userArgs 借 caller global	zr_vm_lib_thread/src/zr_vm_lib_thread/runtime/runtime_internal.h;zr_vm_lib_thread/src/zr_vm_lib_thread/runtime/runtime_isolated_domain.c;zr_vm_lib_thread/src/zr_vm_lib_thread/runtime/runtime_workers.c	commented	工件含 owning 与 borrowed 字段
zr_vm_lib_thread/src/zr_vm_lib_thread/runtime/runtime_internal.h	ZrVmTaskChannelMessage	type	zr_vm_task_channel_send;zr_vm_task_channel_recv	FIFO 节点持有 native envelope	recv 清理，遗留消息无 Channel drop	zr_vm_lib_thread/src/zr_vm_lib_thread/runtime/runtime_internal.h;zr_vm_lib_thread/src/zr_vm_lib_thread/runtime/runtime_transport.c	BUG	丢弃 Channel 时未读消息泄漏
zr_vm_lib_thread/src/zr_vm_lib_thread/runtime/runtime_internal.h	ZrVmTaskChannelTransport	type	zr_vm_task_channel_construct;zr_vm_task_channel_send;zr_vm_task_channel_recv	原生 FIFO、closed 状态及 scheduler 通知	VM façade 借用，close 不销毁	zr_vm_lib_thread/src/zr_vm_lib_thread/runtime/runtime_internal.h;zr_vm_lib_thread/src/zr_vm_lib_thread/runtime/runtime_transport.c	BUG	无 FIFO 回收路径
zr_vm_lib_thread/src/zr_vm_lib_thread/runtime/runtime_internal.h	zr_vm_task_sync_mutex_init	function	SharedCell/MutexCell/provider/Channel 构造	初始化平台 native mutex	销毁前不能有 waiter	zr_vm_lib_thread/src/zr_vm_lib_thread/runtime/runtime_internal.h;zr_vm_lib_thread/src/zr_vm_lib_thread/runtime/runtime_wrappers.c;zr_vm_lib_thread/src/zr_vm_lib_thread/runtime/runtime_workers.c;zr_vm_lib_thread/src/zr_vm_lib_thread/runtime/runtime_isolated_domain.c;zr_vm_lib_thread/src/zr_vm_lib_thread/runtime/runtime_transport.c	no-comment	平台 API 转发直接可见
zr_vm_lib_thread/src/zr_vm_lib_thread/runtime/runtime_internal.h	zr_vm_task_sync_mutex_destroy	function	zr_vm_task_shared_cell_release_strong;zr_vm_task_mutex_cell_release;zr_vm_thread_isolated_launch_free	销毁无 waiter 的 native mutex	销毁前不能有 waiter	zr_vm_lib_thread/src/zr_vm_lib_thread/runtime/runtime_internal.h;zr_vm_lib_thread/src/zr_vm_lib_thread/runtime/runtime_wrappers.c;zr_vm_lib_thread/src/zr_vm_lib_thread/runtime/runtime_workers.c;zr_vm_lib_thread/src/zr_vm_lib_thread/runtime/runtime_isolated_domain.c;zr_vm_lib_thread/src/zr_vm_lib_thread/runtime/runtime_transport.c	no-comment	平台 API 转发直接可见；provider 未析构在相关行记录
zr_vm_lib_thread/src/zr_vm_lib_thread/runtime/runtime_internal.h	zr_vm_task_sync_mutex_lock	function	channel.send/recv;shared_release;worker queue	进入 native 互斥区保护队列/计数	递归 transport_clear 在相关 cell 锁外	zr_vm_lib_thread/src/zr_vm_lib_thread/runtime/runtime_internal.h;zr_vm_lib_thread/src/zr_vm_lib_thread/runtime/runtime_transport.c;zr_vm_lib_thread/src/zr_vm_lib_thread/runtime/runtime_wrappers.c;zr_vm_lib_thread/src/zr_vm_lib_thread/runtime/runtime_workers.c	no-comment	对称包装自明
zr_vm_lib_thread/src/zr_vm_lib_thread/runtime/runtime_internal.h	zr_vm_task_sync_mutex_unlock	function	channel.send/recv;shared_release;worker queue	离开 native 互斥区后允许等待者推进	递归 transport_clear 在相关 cell 锁外	zr_vm_lib_thread/src/zr_vm_lib_thread/runtime/runtime_internal.h;zr_vm_lib_thread/src/zr_vm_lib_thread/runtime/runtime_transport.c;zr_vm_lib_thread/src/zr_vm_lib_thread/runtime/runtime_wrappers.c;zr_vm_lib_thread/src/zr_vm_lib_thread/runtime/runtime_workers.c	no-comment	对称包装自明
zr_vm_lib_thread/src/zr_vm_lib_thread/runtime/runtime_internal.h	zr_vm_task_sync_condition_init	function	attached/isolated provider;Channel;MutexCell	初始化平台条件变量	Windows destroy 无操作	zr_vm_lib_thread/src/zr_vm_lib_thread/runtime/runtime_internal.h;zr_vm_lib_thread/src/zr_vm_lib_thread/runtime/runtime_wrappers.c;zr_vm_lib_thread/src/zr_vm_lib_thread/runtime/runtime_workers.c;zr_vm_lib_thread/src/zr_vm_lib_thread/runtime/runtime_isolated_domain.c	no-comment	系统 API 适配明确
zr_vm_lib_thread/src/zr_vm_lib_thread/runtime/runtime_internal.h	zr_vm_task_sync_condition_destroy	function	zr_vm_thread_isolated_launch_free;zr_vm_task_mutex_cell_release	销毁无 waiter 的平台条件变量	Windows destroy 无操作	zr_vm_lib_thread/src/zr_vm_lib_thread/runtime/runtime_internal.h;zr_vm_lib_thread/src/zr_vm_lib_thread/runtime/runtime_wrappers.c;zr_vm_lib_thread/src/zr_vm_lib_thread/runtime/runtime_workers.c;zr_vm_lib_thread/src/zr_vm_lib_thread/runtime/runtime_isolated_domain.c	no-comment	系统 API 适配明确
zr_vm_lib_thread/src/zr_vm_lib_thread/runtime/runtime_internal.h	zr_vm_task_sync_condition_signal	function	channel.send;attached worker;isolated completion;lock_unlock	broadcast 唤醒全部 waiter	谓词变动后 signal，waiter 自查	zr_vm_lib_thread/src/zr_vm_lib_thread/runtime/runtime_internal.h;zr_vm_lib_thread/src/zr_vm_lib_thread/runtime/runtime_transport.c;zr_vm_lib_thread/src/zr_vm_lib_thread/runtime/runtime_wrappers.c;zr_vm_lib_thread/src/zr_vm_lib_thread/runtime/runtime_workers.c;zr_vm_lib_thread/src/zr_vm_lib_thread/runtime/runtime_isolated_domain.c	commented	函数名 signal 但实现广播
zr_vm_lib_thread/src/zr_vm_lib_thread/runtime/runtime_internal.h	zr_vm_task_sync_condition_wait	function	attached await;isolated handshake;mutex_lock_internal	持锁限时等待并重获 mutex	false 表 timeout 或 OS 错误；循环重查谓词	zr_vm_lib_thread/src/zr_vm_lib_thread/runtime/runtime_internal.h;zr_vm_lib_thread/src/zr_vm_lib_thread/runtime/runtime_wrappers.c;zr_vm_lib_thread/src/zr_vm_lib_thread/runtime/runtime_workers.c;zr_vm_lib_thread/src/zr_vm_lib_thread/runtime/runtime_isolated_domain.c	commented	同步约束非显然
zr_vm_lib_thread/src/zr_vm_lib_thread/runtime/runtime_internal.h	zr_vm_task_sync_sleep_ms	function	zr_vm_task_scheduler_wait_for_external	无队列 runtime 时让出 CPU	不能代替 GC safepoint	zr_vm_lib_thread/src/zr_vm_lib_thread/runtime/runtime_internal.h;zr_vm_lib_thread/src/zr_vm_lib_thread/runtime/runtime.c	no-comment	平台 sleep 包装直接可见
zr_vm_lib_thread/src/zr_vm_lib_thread/runtime/runtime_internal.h	runtime_internal.h:caller_queue_contract	function	zr_vm_task_scheduler_enqueue_isolated_completion;zr_vm_task_scheduler_process_external;zr_vm_thread_isolated_completion_processed	隔离 worker 交 caller 域完成 Task 后等待确认	worker 不能在 caller 域物化结果或释放 caller 根	zr_vm_lib_thread/src/zr_vm_lib_thread/runtime/runtime_internal.h;zr_vm_lib_thread/src/zr_vm_lib_thread/runtime/runtime.c;zr_vm_lib_thread/src/zr_vm_lib_thread/runtime/runtime_isolated_domain.c	no-comment	实现均有逐函数台账
zr_vm_lib_thread/src/zr_vm_lib_thread/runtime/runtime_internal.h	runtime_internal.h:native_transport_contract	function	zr_vm_task_transport_encode_value;zr_vm_task_transport_decode_value;zr_vm_task_shared_cell_add_strong_ref	连接 Channel/Shared/Mutex/旧 worker envelope	不用于 isolated core 所有权转移	zr_vm_lib_thread/src/zr_vm_lib_thread/runtime/runtime_internal.h;zr_vm_lib_thread/src/zr_vm_lib_thread/runtime/runtime_transport.c;zr_vm_lib_thread/src/zr_vm_lib_thread/runtime/runtime_wrappers.c;zr_vm_lib_thread/src/zr_vm_lib_thread/runtime/runtime_workers.c	no-comment	实现均有逐函数台账
zr_vm_lib_thread/src/zr_vm_lib_thread/runtime/runtime_internal.h	runtime_internal.h:scheduler_backend_contract	function	zr_vm_thread_attached_scheduler_init;zr_vm_thread_isolated_scheduler_init;zr_vm_thread_scheduler_construct	前门按策略转发 canonical Job	两后端共享 TaskRuntime，但域模型不同	zr_vm_lib_thread/src/zr_vm_lib_thread/runtime/runtime_internal.h;zr_vm_lib_thread/src/zr_vm_lib_thread/runtime/runtime.c;zr_vm_lib_thread/src/zr_vm_lib_thread/runtime/runtime_workers.c;zr_vm_lib_thread/src/zr_vm_lib_thread/runtime/runtime_isolated_domain.c;zr_vm_library/src/zr_vm_library/task_runtime.c	no-comment	前门和后端均有实现台账
zr_vm_lib_thread/src/zr_vm_lib_thread/runtime/runtime_internal.h	runtime_internal.h:script_callback_contract	function	zr_vm_task_channel_construct;zr_vm_task_shared_construct;zr_vm_task_transfer_take;zr_vm_task_lock_unlock	描述符将跨文件脚本回调绑定到 runtime.c	只有 g_task_types/g_*_methods 公开的入口可被脚本调用	zr_vm_lib_thread/src/zr_vm_lib_thread/runtime/runtime_internal.h;zr_vm_lib_thread/src/zr_vm_lib_thread/runtime/runtime.c;zr_vm_lib_thread/src/zr_vm_lib_thread/runtime/runtime_transport.c;zr_vm_lib_thread/src/zr_vm_lib_thread/runtime/runtime_wrappers.c	no-comment	逐回调实现台账已列
