file	unit	kind	callers	intent	constraints	evidence	decision	reason
zr_vm_library/src/zr_vm_library/project/project.c	library_project_string_text	function	zr_vm_library/src/zr_vm_library/project/project.c:94	仅将可空 GC 字符串转换成借用文本	项目及传入指针在调用期间有效；具体失败条件由局部检查决定	zr_vm_library/src/zr_vm_library/project/project.c:80	no-comment	仅将可空 GC 字符串转换成借用文本，名称与局部检查已说明契约。
zr_vm_library/src/zr_vm_library/project/project.c	library_project_optional_string_matches	function	zr_vm_library/src/zr_vm_library/project/project.c:1009	同名依赖边去重时，空字段代表双方均未声明；不能把缺省值与任意文本视为相等。	不能把缺省值与任意文本视为相等。	zr_vm_library/src/zr_vm_library/project/project.c:93	commented	调用方需了解：同名依赖边去重时，空字段代表双方均未声明；不能把缺省值与任意文本视为相等。
zr_vm_library/src/zr_vm_library/project/project.c	zr_library_project_trace_enabled	function	zr_vm_library/src/zr_vm_library/project/project.c:121	运行入口的环境变量诊断开关只影响观察输出，不参与项目语义。	项目及传入指针在调用期间有效；具体失败条件由局部检查决定	zr_vm_library/src/zr_vm_library/project/project.c:104	commented	调用方需了解：运行入口的环境变量诊断开关只影响观察输出，不参与项目语义。
zr_vm_library/src/zr_vm_library/project/project.c	zr_library_project_trace	function	zr_vm_library/src/zr_vm_library/project/project.c:2424	入口编译、模块建立和执行阶段共用这一诊断通道，便于在异常屏障外追踪失败。	项目及传入指针在调用期间有效；具体失败条件由局部检查决定	zr_vm_library/src/zr_vm_library/project/project.c:118	commented	调用方需了解：入口编译、模块建立和执行阶段共用这一诊断通道，便于在异常屏障外追踪失败。
zr_vm_library/src/zr_vm_library/project/project.c	library_project_free_path_alias_array	function	zr_vm_library/src/zr_vm_library/project/project.c:167	项目根与依赖包的别名数组由原生分配器持有；GC 字符串由 VM 自行管理。	GC 字符串由 VM 自行管理。	zr_vm_library/src/zr_vm_library/project/project.c:134	commented	调用方需了解：项目根与依赖包的别名数组由原生分配器持有；GC 字符串由 VM 自行管理。
zr_vm_library/src/zr_vm_library/project/project.c	library_project_free_dependency_ref_array	function	zr_vm_library/src/zr_vm_library/project/project.c:202	依赖边可能在解析途中部分构建，释放时必须使用已分配容量。	原生分配和打开的归档由同一项目生命周期回收；GC 字符串不逐项释放	zr_vm_library/src/zr_vm_library/project/project.c:148	commented	调用方需了解：依赖边可能在解析途中部分构建，释放时必须使用已分配容量。
zr_vm_library/src/zr_vm_library/project/project.c	library_project_free_path_aliases	function	zr_vm_library/src/zr_vm_library/project/project.c:2027	项目析构和构造失败共用此清理入口，使旧版别名不泄漏。	原生分配和打开的归档由同一项目生命周期回收；GC 字符串不逐项释放	zr_vm_library/src/zr_vm_library/project/project.c:162	commented	调用方需了解：项目析构和构造失败共用此清理入口，使旧版别名不泄漏。
zr_vm_library/src/zr_vm_library/project/project.c	library_project_free_resources	function	zr_vm_library/src/zr_vm_library/project/project.c:2065	资源列表由原生分配器持有；项目构造失败时即使只写入部分条目也要释放整块。	项目构造失败时即使只写入部分条目也要释放整块。	zr_vm_library/src/zr_vm_library/project/project.c:173	commented	调用方需了解：资源列表由原生分配器持有；项目构造失败时即使只写入部分条目也要释放整块。
zr_vm_library/src/zr_vm_library/project/project.c	library_project_free_dependencies	function	zr_vm_library/src/zr_vm_library/project/project.c:2026	先关闭包归档再释放依赖图数组，确保归档条目借用指针不越过项目生命周期。	原生分配和打开的归档由同一项目生命周期回收；GC 字符串不逐项释放	zr_vm_library/src/zr_vm_library/project/project.c:190	commented	调用方需了解：先关闭包归档再释放依赖图数组，确保归档条目借用指针不越过项目生命周期。
zr_vm_library/src/zr_vm_library/project/project.c	library_project_validate_alias_key	function	zr_vm_library/src/zr_vm_library/project/project.c:334	旧版 @ 别名只能作为导入前缀，阻止相对段和路径分隔符混入键域。	项目及传入指针在调用期间有效；具体失败条件由局部检查决定	zr_vm_library/src/zr_vm_library/project/project.c:231	commented	调用方需了解：旧版 @ 别名只能作为导入前缀，阻止相对段和路径分隔符混入键域。
zr_vm_library/src/zr_vm_library/project/project.c	library_project_validate_alias_module_prefix	function	zr_vm_library/src/zr_vm_library/project/project.c:338	别名目标须是可规范化的模块前缀，后续 import 才能安全拼接子模块名。	项目及传入指针在调用期间有效；具体失败条件由局部检查决定	zr_vm_library/src/zr_vm_library/project/project.c:250	commented	调用方需了解：别名目标须是可规范化的模块前缀，后续 import 才能安全拼接子模块名。
zr_vm_library/src/zr_vm_library/project/project.c	library_project_parse_path_alias_map	function	zr_vm_library/src/zr_vm_library/project/project.c:373	根项目和依赖包共用的旧版别名解析；先登记数组归属，使中途失败仍可清理。	先登记数组归属，使中途失败仍可清理。	zr_vm_library/src/zr_vm_library/project/project.c:282	commented	调用方需了解：根项目和依赖包共用的旧版别名解析；先登记数组归属，使中途失败仍可清理。
zr_vm_library/src/zr_vm_library/project/project.c	library_project_parse_path_aliases	function	zr_vm_library/src/zr_vm_library/project/project.c:2161	将旧版 pathAliases 装入项目，供 import 解析保留根项目的简写语义。	输入、所属 project 和输出缓冲须有效；失败返回值不可作为已解析身份或路径使用	zr_vm_library/src/zr_vm_library/project/project.c:365	commented	调用方需了解：将旧版 pathAliases 装入项目，供 import 解析保留根项目的简写语义。
zr_vm_library/src/zr_vm_library/project/project.c	library_project_has_suffix	function	zr_vm_library/src/zr_vm_library/project/project.c:531	只用于既定扩展名判断	项目及传入指针在调用期间有效；具体失败条件由局部检查决定	zr_vm_library/src/zr_vm_library/project/project.c:379	no-comment	只用于既定扩展名判断，参数和返回值无跨层状态。
zr_vm_library/src/zr_vm_library/project/project.c	library_project_parse_resource_entry_value	function	zr_vm_library/src/zr_vm_library/project/project.c:478	资源配置允许简写或对象形式，统一给打包器逻辑名、源路径及压缩选择。	输入、所属 project 和输出缓冲须有效；失败返回值不可作为已解析身份或路径使用	zr_vm_library/src/zr_vm_library/project/project.c:393	commented	调用方需了解：资源配置允许简写或对象形式，统一给打包器逻辑名、源路径及压缩选择。
zr_vm_library/src/zr_vm_library/project/project.c	library_project_parse_resources	function	zr_vm_library/src/zr_vm_library/project/project.c:2152	manifest 资源声明在项目构造时固化，数组由项目析构清理。	输入、所属 project 和输出缓冲须有效；失败返回值不可作为已解析身份或路径使用	zr_vm_library/src/zr_vm_library/project/project.c:435	commented	调用方需了解：manifest 资源声明在项目构造时固化，数组由项目析构清理。
zr_vm_library/src/zr_vm_library/project/project.c	library_project_get_manifest_assembly_output	function	zr_vm_library/src/zr_vm_library/project/project.c:2063	从 manifest 读取非空的 .zrm 输出路径，供后续程序集路径解析使用。	只核对后缀，绝对路径由后续解析器处理；返回文本借用 manifest JSON。	zr_vm_library/src/zr_vm_library/project/project.c:506;zr_vm_library/src/zr_vm_library/project/project.c:529;zr_vm_library/src/zr_vm_library/project/project_import_resolver.c:1210	commented	注释按真实校验边界说明路径可包含目录
zr_vm_library/src/zr_vm_library/project/project.c	library_project_validate_dependency_name	function	zr_vm_library/src/zr_vm_library/project/project.c:560	依赖名字将成为 $ 包键的一部分，需要与文件路径和模块子段分开。	项目及传入指针在调用期间有效；具体失败条件由局部检查决定	zr_vm_library/src/zr_vm_library/project/project.c:540	commented	调用方需了解：依赖名字将成为 $ 包键的一部分，需要与文件路径和模块子段分开。
zr_vm_library/src/zr_vm_library/project/project.c	library_project_validate_dependency_key	function	zr_vm_library/src/zr_vm_library/project/project.c:1289	对依赖键的条件已由相邻 name 校验器说明	项目及传入指针在调用期间有效；具体失败条件由局部检查决定	zr_vm_library/src/zr_vm_library/project/project.c:558	no-comment	对依赖键的条件已由相邻 name 校验器说明，此包装没有新增约束。
zr_vm_library/src/zr_vm_library/project/project.c	library_project_validate_dependency_version	function	zr_vm_library/src/zr_vm_library/project/project.c:803	旧版依赖版本文本仅过基础字符门禁；严格三段数字比较在候选选择阶段执行。	严格三段数字比较在候选选择阶段执行。	zr_vm_library/src/zr_vm_library/project/project.c:564	commented	调用方需了解：旧版依赖版本文本仅过基础字符门禁；严格三段数字比较在候选选择阶段执行。
zr_vm_library/src/zr_vm_library/project/project.c	library_project_parse_semver3	function	zr_vm_library/src/zr_vm_library/project/project.c:628	候选版本排序需要三段数字值，不能用字典序比较版本文本。	十进制累加未查 UINT64 溢出；例如 18446744073709551616.0.0 回绕成 0.0.0，使候选排序和区间判断错误。	zr_vm_library/src/zr_vm_library/project/project.c:584; zr_vm_library/src/zr_vm_library/project/project.c:599	BUG	十进制累加未查 UINT64 溢出；例如 18446744073709551616.0.0 回绕成 0.0.0，使候选排序和区间判断错误。
zr_vm_library/src/zr_vm_library/project/project.c	library_project_compare_semver3	function	zr_vm_library/src/zr_vm_library/project/project.c:675	引用候选与声明区间统一使用三段数值版本；不可解析文本应由调用者处理为无效。	不可解析文本应由调用者处理为无效。	zr_vm_library/src/zr_vm_library/project/project.c:618	commented	调用方需了解：引用候选与声明区间统一使用三段数值版本；不可解析文本应由调用者处理为无效。
zr_vm_library/src/zr_vm_library/project/project.c	library_project_compare_semver3_parts	function	zr_vm_library/src/zr_vm_library/project/project.c:1739	仅比较已经解析的三个整数分量	项目及传入指针在调用期间有效；具体失败条件由局部检查决定	zr_vm_library/src/zr_vm_library/project/project.c:648	no-comment	仅比较已经解析的三个整数分量，不建立新前置条件。
zr_vm_library/src/zr_vm_library/project/project.c	library_project_version_satisfies_declared_range	function	zr_vm_library/src/zr_vm_library/project/project.c:1338	引用候选只应满足 minInclusive/maxExclusive 的区间才可入选。	compare_semver3 返回失败时条件直接跳过；声明 bad 之类非三段数字边界可绕过区间过滤，且前置 validate_dependency_version 不要求三段数字。	zr_vm_library/src/zr_vm_library/project/project.c:664; zr_vm_library/src/zr_vm_library/project/project.c:681	BUG	compare_semver3 返回失败时条件直接跳过；声明 bad 之类非三段数字边界可绕过区间过滤，且前置 validate_dependency_version 不要求三段数字。
zr_vm_library/src/zr_vm_library/project/project.c	library_project_validate_assembly_name	function	zr_vm_library/src/zr_vm_library/project/project.c:797	程序集身份用于候选与锁定引用匹配，不能含路径语义。	项目及传入指针在调用期间有效；具体失败条件由局部检查决定	zr_vm_library/src/zr_vm_library/project/project.c:696	commented	调用方需了解：程序集身份用于候选与锁定引用匹配，不能含路径语义。
zr_vm_library/src/zr_vm_library/project/project.c	library_project_normalize_public_key_token	function	zr_vm_library/src/zr_vm_library/project/project.c:817	程序集 token 在身份比较前统一大小写，以免相同密钥被当成不同候选。	项目及传入指针在调用期间有效；具体失败条件由局部检查决定	zr_vm_library/src/zr_vm_library/project/project.c:724	commented	调用方需了解：程序集 token 在身份比较前统一大小写，以免相同密钥被当成不同候选。
zr_vm_library/src/zr_vm_library/project/project.c	library_project_get_manifest_assembly_identity	function	zr_vm_library/src/zr_vm_library/project/project.c:1314	根和候选清单共用程序集身份读取，兼容旧顶层字段与 assembly 块。	项目及传入指针在调用期间有效；具体失败条件由局部检查决定	zr_vm_library/src/zr_vm_library/project/project.c:750	commented	调用方需了解：根和候选清单共用程序集身份读取，兼容旧顶层字段与 assembly 块。
zr_vm_library/src/zr_vm_library/project/project.c	library_project_resolve_manifest_path	function	zr_vm_library/src/zr_vm_library/project/project.c:1296	依赖声明路径相对于所属项目目录而非进程工作目录解析，以保持递归依赖稳定。	输入、所属 project 和输出缓冲须有效；失败返回值不可作为已解析身份或路径使用	zr_vm_library/src/zr_vm_library/project/project.c:854	commented	调用方需了解：依赖声明路径相对于所属项目目录而非进程工作目录解析，以保持递归依赖稳定。
zr_vm_library/src/zr_vm_library/project/project.c	library_project_get_dependency_declaration	function	zr_vm_library/src/zr_vm_library/project/project.c:1290	把旧版依赖的简写和对象格式投影为路径、身份及范围，供递归构图使用。	项目及传入指针在调用期间有效；具体失败条件由局部检查决定	zr_vm_library/src/zr_vm_library/project/project.c:874	commented	调用方需了解：把旧版依赖的简写和对象格式投影为路径、身份及范围，供递归构图使用。
zr_vm_library/src/zr_vm_library/project/project.c	library_project_append_dependency_ref	function	zr_vm_library/src/zr_vm_library/project/project.c:1378	将依赖包索引挂到当前 owner 的有向边上；同名等价边合并，供 import 作用域查询。	同名等价边合并，供 import 作用域查询。	zr_vm_library/src/zr_vm_library/project/project.c:969	commented	调用方需了解：将依赖包索引挂到当前 owner 的有向边上；同名等价边合并，供 import 作用域查询。
zr_vm_library/src/zr_vm_library/project/project.c	library_project_find_dependency_package	function	zr_vm_library/src/zr_vm_library/project/project.c:1344	依赖图通过名字与版本复用已占位的包节点，供循环引用和重复边共享索引。	项目及传入指针在调用期间有效；具体失败条件由局部检查决定	zr_vm_library/src/zr_vm_library/project/project.c:1069	commented	调用方需了解：依赖图通过名字与版本复用已占位的包节点，供循环引用和重复边共享索引。
zr_vm_library/src/zr_vm_library/project/project.c	library_project_append_dependency_package	function	zr_vm_library/src/zr_vm_library/project/project.c:1347	先登记包节点再递归解析其依赖，令循环依赖能引用同一个包索引。	去重只按名字和版本，未比较路径或程序集身份；需用同名同版本不同来源的清单核对预期冲突策略。	zr_vm_library/src/zr_vm_library/project/project.c:1097	TODO	去重只按名字和版本，未比较路径或程序集身份；需用同名同版本不同来源的清单核对预期冲突策略。
zr_vm_library/src/zr_vm_library/project/project.c	library_project_parse_dependency_package_fields	function	zr_vm_library/src/zr_vm_library/project/project.c:1351	将源码项目清单固化为包节点；包级别别名和依赖边随后参与 import 解析。	包级别别名和依赖边随后参与 import 解析。	zr_vm_library/src/zr_vm_library/project/project.c:1137	commented	调用方需了解：将源码项目清单固化为包节点；包级别别名和依赖边随后参与 import 解析。
zr_vm_library/src/zr_vm_library/project/project.c	library_project_parse_zrm_package_fields	function	zr_vm_library/src/zr_vm_library/project/project.c:1847	从归档元数据建立包节点，并将已打开的 ZRM 句柄转移给项目析构管理。	输入、所属 project 和输出缓冲须有效；失败返回值不可作为已解析身份或路径使用	zr_vm_library/src/zr_vm_library/project/project.c:1210	commented	调用方需了解：从归档元数据建立包节点，并将已打开的 ZRM 句柄转移给项目析构管理。
zr_vm_library/src/zr_vm_library/project/project.c	library_project_parse_dependency_entry	function	zr_vm_library/src/zr_vm_library/project/project.c:1422	根或包内的 $ 依赖均先建立包节点再写 owner 引用边，支持递归与循环。	输入、所属 project 和输出缓冲须有效；失败返回值不可作为已解析身份或路径使用	zr_vm_library/src/zr_vm_library/project/project.c:1260	commented	调用方需了解：根或包内的 $ 依赖均先建立包节点再写 owner 引用边，支持递归与循环。
zr_vm_library/src/zr_vm_library/project/project.c	library_project_parse_dependencies	function	zr_vm_library/src/zr_vm_library/project/project.c:67	旧版依赖段按 owner 展开，根项目与嵌套包沿用同一作用域规则。	输入、所属 project 和输出缓冲须有效；失败返回值不可作为已解析身份或路径使用	zr_vm_library/src/zr_vm_library/project/project.c:1400	commented	调用方需了解：旧版依赖段按 owner 展开，根项目与嵌套包沿用同一作用域规则。
zr_vm_library/src/zr_vm_library/project/project.c	library_project_get_reference_declaration	function	zr_vm_library/src/zr_vm_library/project/project.c:1790	把 assembly 引用声明归一为候选选择参数，区分名字、版本范围和别名要求。	项目及传入指针在调用期间有效；具体失败条件由局部检查决定	zr_vm_library/src/zr_vm_library/project/project.c:1436	commented	调用方需了解：把 assembly 引用声明归一为候选选择参数，区分名字、版本范围和别名要求。
zr_vm_library/src/zr_vm_library/project/project.c	library_project_get_reference_candidate_declaration	function	zr_vm_library/src/zr_vm_library/project/project.c:1712	候选文件路径与可选版本先解析为统一形式，供后续读取真实清单核对。	项目及传入指针在调用期间有效；具体失败条件由局部检查决定	zr_vm_library/src/zr_vm_library/project/project.c:1529	commented	调用方需了解：候选文件路径与可选版本先解析为统一形式，供后续读取真实清单核对。
zr_vm_library/src/zr_vm_library/project/project.c	library_project_reference_candidate_matches	function	zr_vm_library/src/zr_vm_library/project/project.c:1724	候选必须以实际 JSON/ZRM 元数据匹配程序集身份及版本，不能只信声明路径。	项目及传入指针在调用期间有效；具体失败条件由局部检查决定	zr_vm_library/src/zr_vm_library/project/project.c:1574	commented	调用方需了解：候选必须以实际 JSON/ZRM 元数据匹配程序集身份及版本，不能只信声明路径。
zr_vm_library/src/zr_vm_library/project/project.c	library_project_select_reference_candidate	function	zr_vm_library/src/zr_vm_library/project/project.c:1798	符合区间的候选取最高版本，平手维持清单顺序。	某个候选文件缺失会使整个搜索失败而不尝试后续候选；需核对候选列表是否允许失效路径并补场景测试。	zr_vm_library/src/zr_vm_library/project/project.c:1679	TODO	某个候选文件缺失会使整个搜索失败而不尝试后续候选；需核对候选列表是否允许失效路径并补场景测试。
zr_vm_library/src/zr_vm_library/project/project.c	library_project_parse_reference_entry	function	zr_vm_library/src/zr_vm_library/project/project.c:1983	非 $ assembly 引用选择一个可用包，再将其挂入当前 owner 的导入边。	输入、所属 project 和输出缓冲须有效；失败返回值不可作为已解析身份或路径使用	zr_vm_library/src/zr_vm_library/project/project.c:1756	commented	调用方需了解：非 $ assembly 引用选择一个可用包，再将其挂入当前 owner 的导入边。
zr_vm_library/src/zr_vm_library/project/project.c	library_project_parse_references	function	zr_vm_library/src/zr_vm_library/project/project.c:73	根项目与嵌套依赖共享 assembly 引用解析，ZRM 归档所有权转给依赖包节点。	输入、所属 project 和输出缓冲须有效；失败返回值不可作为已解析身份或路径使用	zr_vm_library/src/zr_vm_library/project/project.c:1961	commented	调用方需了解：根项目与嵌套依赖共享 assembly 引用解析，ZRM 归档所有权转给依赖包节点。
zr_vm_library/src/zr_vm_library/project/project.c	ZrLibrary_Project_New	function	zr_vm_library/src/zr_vm_library/common_state.c:111; tests/library/test_project_import_provider_version_selection.c:206; tests/library/test_project_import_resolver.c:60	公共项目构造入口把 v1 依赖图与 v2 声明、AOT 选项及资源统一装入运行时视图；失败回收原生数组。	project->file 和 directory 的 GC 字符串创建结果未检查，短暂分配失败后仍可能交付项目；CLI runtime 会读取 file，import 解析会读取 directory。用字符串分配故障注入验证。	zr_vm_library/src/zr_vm_library/project/project.c:1998; zr_vm_library/src/zr_vm_library/project/project.c:2020	BUG	project->file 和 directory 的 GC 字符串创建结果未检查，短暂分配失败后仍可能交付项目；CLI runtime 会读取 file，import 解析会读取 directory。用字符串分配故障注入验证。
zr_vm_library/src/zr_vm_library/project/project.c	ZrLibrary_Project_Free	function	zr_vm_library/src/zr_vm_library/common_state.c:135; tests/library/test_project_import_provider_version_selection.c:76; tests/library/test_project_import_resolver.c:312	由全局状态析构调用；先清 AOT 状态与归档，再释放项目原生数组，GC 字符串不逐个释放。	先清 AOT 状态与归档，再释放项目原生数组，GC 字符串不逐个释放。	zr_vm_library/src/zr_vm_library/project/project.c:2248	commented	调用方需了解：由全局状态析构调用；先清 AOT 状态与归档，再释放项目原生数组，GC 字符串不逐个释放。
zr_vm_library/src/zr_vm_library/project/project.c	library_project_resolve_source_path	function	zr_vm_library/src/zr_vm_library/project/project.c:2512	固定长度缓冲包装公共路径 API	输入、所属 project 和输出缓冲须有效；失败返回值不可作为已解析身份或路径使用	zr_vm_library/src/zr_vm_library/project/project.c:2264	no-comment	固定长度缓冲包装公共路径 API，契约已在 project.h。
zr_vm_library/src/zr_vm_library/project/project.c	library_project_resolve_binary_path	function	zr_vm_library/src/zr_vm_library/project/project.c:2600	固定长度缓冲包装公共路径 API	输入、所属 project 和输出缓冲须有效；失败返回值不可作为已解析身份或路径使用	zr_vm_library/src/zr_vm_library/project/project.c:2269	no-comment	固定长度缓冲包装公共路径 API，契约已在 project.h。
zr_vm_library/src/zr_vm_library/project/project.c	library_project_load_resolved_file	function	zr_vm_library/src/zr_vm_library/project/project.c:2597	把文件读者交给 VM 的 Io 生命周期，由模块加载器在消费结束时关闭。	输入、所属 project 和输出缓冲须有效；失败返回值不可作为已解析身份或路径使用	zr_vm_library/src/zr_vm_library/project/project.c:2275	commented	调用方需了解：把文件读者交给 VM 的 Io 生命周期，由模块加载器在消费结束时关闭。
zr_vm_library/src/zr_vm_library/project/project.c	library_project_memory_read_implementation	function	zr_vm_library/src/zr_vm_library/project/project.c:2364	ZRM 条目解压后作为只读 Io 输入，读取视图只在对应 reader 关闭前有效。	项目及传入指针在调用期间有效；具体失败条件由局部检查决定	zr_vm_library/src/zr_vm_library/project/project.c:2287	commented	调用方需了解：ZRM 条目解压后作为只读 Io 输入，读取视图只在对应 reader 关闭前有效。
zr_vm_library/src/zr_vm_library/project/project.c	library_project_memory_close_implementation	function	zr_vm_library/src/zr_vm_library/project/project.c:2365	关闭内存 Io 时一并释放归档解压字节，避免模块加载结束后滞留。	原生分配和打开的归档由同一项目生命周期回收；GC 字符串不逐项释放	zr_vm_library/src/zr_vm_library/project/project.c:2305	commented	调用方需了解：关闭内存 Io 时一并释放归档解压字节，避免模块加载结束后滞留。
zr_vm_library/src/zr_vm_library/project/project.c	library_project_load_zrm_module_entry	function	zr_vm_library/src/zr_vm_library/project/project.c:2605	只允许 runtime phase 的依赖归档参与普通模块加载，解压结果交 Io 持有。	VM state 与 project 在调用期间有效；异常和 Io 生命周期由入口协调	zr_vm_library/src/zr_vm_library/project/project.c:2322	commented	调用方需了解：只允许 runtime phase 的依赖归档参与普通模块加载，解压结果交 Io 持有。
zr_vm_library/src/zr_vm_library/project/project.c	library_project_copy_diagnostic_path	function	zr_vm_library/src/zr_vm_library/project/project.c:2614	加载失败诊断统一路径分隔写法，便于 CLI 和测试比较跨平台错误位置。	项目及传入指针在调用期间有效；具体失败条件由局部检查决定	zr_vm_library/src/zr_vm_library/project/project.c:2372	commented	调用方需了解：加载失败诊断统一路径分隔写法，便于 CLI 和测试比较跨平台错误位置。
zr_vm_library/src/zr_vm_library/project/project.c	library_project_normalize_failure	function	zr_vm_library/src/zr_vm_library/project/project.c:2481	将 VM 异常与线程状态收敛为项目运行入口可返回的错误状态和诊断。	项目及传入指针在调用期间有效；具体失败条件由局部检查决定	zr_vm_library/src/zr_vm_library/project/project.c:2391	commented	调用方需了解：将 VM 异常与线程状态收敛为项目运行入口可返回的错误状态和诊断。
zr_vm_library/src/zr_vm_library/project/project.c	library_project_execute_body	function	zr_vm_library/src/zr_vm_library/project/project.c:2474	项目入口在 TryRun 异常屏障内调用，并以栈锚保持结果基点稳定。	VM state 与 project 在调用期间有效；异常和 Io 生命周期由入口协调	zr_vm_library/src/zr_vm_library/project/project.c:2414	commented	调用方需了解：项目入口在 TryRun 异常屏障内调用，并以栈锚保持结果基点稳定。
zr_vm_library/src/zr_vm_library/project/project.c	library_project_execute_function	function	zr_vm_library/src/zr_vm_library/project/project.c:2561	为 Run 安装异常屏障并复制结果，避免 VM 异常越过 C 公共入口。	VM state 与 project 在调用期间有效；异常和 Io 生命周期由入口协调	zr_vm_library/src/zr_vm_library/project/project.c:2461	commented	调用方需了解：为 Run 安装异常屏障并复制结果，避免 VM 异常越过 C 公共入口。
zr_vm_library/src/zr_vm_library/project/project.c	ZrLibrary_Project_Run	function	zr_vm_cli/src/zr_vm_cli/runtime/runtime.c:1069; zr_vm_library/src/zr_vm_library/project/project.c:2572; tests/parser/test_compiler_regressions.c:98	CLI 与回归测试从此入口编译项目 entry、准备模块元数据并执行，返回线程状态和结果。	Module_Create 失败时仍进入 execute_function，后者先把失败线程状态重置为 FINE；分配故障可能被吞掉且函数缺少项目模块上下文。	zr_vm_library/src/zr_vm_library/project/project.c:2495; zr_vm_library/src/zr_vm_library/project/project.c:2550	BUG	Module_Create 失败时仍进入 execute_function，后者先把失败线程状态重置为 FINE；分配故障可能被吞掉且函数缺少项目模块上下文。
zr_vm_library/src/zr_vm_library/project/project.c	ZrLibrary_Project_Do	function	仓库当前无生产调用；ZrLibrary_Project_Run 的无结果包装入口	只创建被丢弃的结果并委托 Run；公开声明已写无结果包装契约	公开声明已写无结果包装契约。	zr_vm_library/src/zr_vm_library/project/project.c:2569	no-comment	只创建被丢弃的结果并委托 Run；公开声明已写无结果包装契约。
zr_vm_library/src/zr_vm_library/project/project.c	ZrLibrary_Project_SourceLoadImplementation	function	zr_vm_cli/src/zr_vm_cli/runtime/runtime.c:714; zr_vm_library/src/zr_vm_library/common_state.c:121; tests/library/test_project_import_resolver.c:908	作为 global->sourceLoader 回调，按项目键依次查源、二进制和运行期 ZRM 条目；全部失败才设置模块加载诊断。	全部失败才设置模块加载诊断。	zr_vm_library/src/zr_vm_library/project/project.c:2576	commented	调用方需了解：作为 global->sourceLoader 回调，按项目键依次查源、二进制和运行期 ZRM 条目；全部失败才设置模块加载诊断。
zr_vm_library/src/zr_vm_library/project/project_aot_options.c	library_project_parse_aot_options	function	zr_vm_library/src/zr_vm_library/project/project.c:2135	项目构造阶段固定 AOT 模式的默认值，再让 CLI 编译选项选择是否要求完整 AOT。	输入、所属 project 和输出缓冲须有效；失败返回值不可作为已解析身份或路径使用	zr_vm_library/src/zr_vm_library/project/project_aot_options.c:6	commented	调用方需了解：项目构造阶段固定 AOT 模式的默认值，再让 CLI 编译选项选择是否要求完整 AOT。
zr_vm_library/src/zr_vm_library/project/project_exports.c	library_project_export_validate_target	function	zr_vm_library/src/zr_vm_library/project/project_exports.c:150	导出目标用于后续声明查找；拒绝文件路径与保留分隔符，实际声明有效性由 AOT 导出收集器核对。	拒绝文件路径与保留分隔符，实际声明有效性由 AOT 导出收集器核对。	zr_vm_library/src/zr_vm_library/project/project_exports.c:9	commented	调用方需了解：导出目标用于后续声明查找；拒绝文件路径与保留分隔符，实际声明有效性由 AOT 导出收集器核对。
zr_vm_library/src/zr_vm_library/project/project_exports.c	library_project_export_parse_kind	function	zr_vm_library/src/zr_vm_library/project/project_exports.c:149	仅将三个固定协议字符串映射到枚举	输入、所属 project 和输出缓冲须有效；失败返回值不可作为已解析身份或路径使用	zr_vm_library/src/zr_vm_library/project/project_exports.c:36	no-comment	仅将三个固定协议字符串映射到枚举，失败行为由返回值明确。
zr_vm_library/src/zr_vm_library/project/project_exports.c	library_project_export_declaration_exists	function	zr_vm_library/src/zr_vm_library/project/project_exports.c:151	导出表以 kind 与 target 的组合去重，同名的不同声明种类仍分别保留。	项目及传入指针在调用期间有效；具体失败条件由局部检查决定	zr_vm_library/src/zr_vm_library/project/project_exports.c:60	commented	调用方需了解：导出表以 kind 与 target 的组合去重，同名的不同声明种类仍分别保留。
zr_vm_library/src/zr_vm_library/project/project_exports.c	library_project_free_export_declarations	function	zr_vm_library/src/zr_vm_library/project/project.c:2205	project 清理可在解析中途调用，因此依据分配容量而非已提交数量释放数组。	原生分配和打开的归档由同一项目生命周期回收；GC 字符串不逐项释放	zr_vm_library/src/zr_vm_library/project/project_exports.c:84	commented	调用方需了解：project 清理可在解析中途调用，因此依据分配容量而非已提交数量释放数组。
zr_vm_library/src/zr_vm_library/project/project_exports.c	library_project_parse_export_declarations	function	zr_vm_library/src/zr_vm_library/project/project.c:2201	manifest 导出根转为项目声明，随后由 CLI AOT exports 选择保留的公开符号。	输入、所属 project 和输出缓冲须有效；失败返回值不可作为已解析身份或路径使用	zr_vm_library/src/zr_vm_library/project/project_exports.c:101	commented	调用方需了解：manifest 导出根转为项目声明，随后由 CLI AOT exports 选择保留的公开符号。
zr_vm_library/src/zr_vm_library/project/project_features.c	library_project_feature_validate_name	function	zr_vm_library/src/zr_vm_library/project/project_features.c:91	feature 名在编译期按名称精确匹配；此处排除路径和保留分隔符，不解析语言标识符语法。	此处排除路径和保留分隔符，不解析语言标识符语法。	zr_vm_library/src/zr_vm_library/project/project_features.c:9	commented	调用方需了解：feature 名在编译期按名称精确匹配；此处排除路径和保留分隔符，不解析语言标识符语法。
zr_vm_library/src/zr_vm_library/project/project_features.c	library_project_free_feature_switches	function	zr_vm_library/src/zr_vm_library/project/project.c:2145	解析失败时 project 析构也会到此；分配容量与已提交计数可以不同。	分配容量与已提交计数可以不同。	zr_vm_library/src/zr_vm_library/project/project_features.c:37	commented	调用方需了解：解析失败时 project 析构也会到此；分配容量与已提交计数可以不同。
zr_vm_library/src/zr_vm_library/project/project_features.c	library_project_parse_feature_switches	function	zr_vm_library/src/zr_vm_library/project/project.c:2143	将 manifest 布尔 feature 投影到属性绑定、编译期求值和 AOT 条件根的共同输入。	输入、所属 project 和输出缓冲须有效；失败返回值不可作为已解析身份或路径使用	zr_vm_library/src/zr_vm_library/project/project_features.c:54	commented	调用方需了解：将 manifest 布尔 feature 投影到属性绑定、编译期求值和 AOT 条件根的共同输入。
zr_vm_library/src/zr_vm_library/project/project_import_provider_location.c	project_import_provider_location_set_error	function	zr_vm_library/src/zr_vm_library/project/project_import_provider_location.c:245	可选错误缓冲的格式化写入器	项目及传入指针在调用期间有效；具体失败条件由局部检查决定	zr_vm_library/src/zr_vm_library/project/project_import_provider_location.c:7	no-comment	可选错误缓冲的格式化写入器，签名和局部容量检查已足够。
zr_vm_library/src/zr_vm_library/project/project_import_provider_location.c	project_import_provider_dynamic_library_extension	function	zr_vm_library/src/zr_vm_library/project/project_import_provider_location.c:227	平台动态库后缀的编译期映射	项目及传入指针在调用期间有效；具体失败条件由局部检查决定	zr_vm_library/src/zr_vm_library/project/project_import_provider_location.c:27	no-comment	平台动态库后缀的编译期映射，不持有运行状态。
zr_vm_library/src/zr_vm_library/project/project_import_provider_location.c	project_import_provider_backend_directory	function	zr_vm_library/src/zr_vm_library/project/project_import_provider_location.c:200	AOT provider 只支持有约定动态库布局的 C 和 LLVM 后端。	项目及传入指针在调用期间有效；具体失败条件由局部检查决定	zr_vm_library/src/zr_vm_library/project/project_import_provider_location.c:38	commented	调用方需了解：AOT provider 只支持有约定动态库布局的 C 和 LLVM 后端。
zr_vm_library/src/zr_vm_library/project/project_import_provider_location.c	project_import_provider_copy_descriptor_module_name	function	zr_vm_library/src/zr_vm_library/project/project_import_provider_location.c:400	AOT 描述符使用包内模块名，需从版本固定包键中剥离包身份。	项目及传入指针在调用期间有效；具体失败条件由局部检查决定	zr_vm_library/src/zr_vm_library/project/project_import_provider_location.c:50	commented	调用方需了解：AOT 描述符使用包内模块名，需从版本固定包键中剥离包身份。
zr_vm_library/src/zr_vm_library/project/project_import_provider_location.c	project_import_provider_sanitize_module_name	function	zr_vm_library/src/zr_vm_library/project/project_import_provider_location.c:209	动态库名与 AOT runtime 当前的字符收敛规则一致。	超长名字在此静默截断；需核对编译端同长度规则及截断碰撞，入口为长多段模块名。	zr_vm_library/src/zr_vm_library/project/project_import_provider_location.c:79	TODO	超长名字在此静默截断；需核对编译端同长度规则及截断碰撞，入口为长多段模块名。
zr_vm_library/src/zr_vm_library/project/project_import_provider_location.c	project_import_provider_path_ends_with_module_file	function	zr_vm_library/src/zr_vm_library/project/project_import_provider_location.c:167	只有路径末尾确属目标模块的 .zro 时才能剥出 AOT 二进制根。	项目及传入指针在调用期间有效；具体失败条件由局部检查决定	zr_vm_library/src/zr_vm_library/project/project_import_provider_location.c:105	commented	调用方需了解：只有路径末尾确属目标模块的 .zro 时才能剥出 AOT 二进制根。
zr_vm_library/src/zr_vm_library/project/project_import_provider_location.c	project_import_provider_copy_binary_root	function	zr_vm_library/src/zr_vm_library/project/project_import_provider_location.c:202	从模块二进制候选路径恢复包级根，供后端动态库布局使用。	项目及传入指针在调用期间有效；具体失败条件由局部检查决定	zr_vm_library/src/zr_vm_library/project/project_import_provider_location.c:158	commented	调用方需了解：从模块二进制候选路径恢复包级根，供后端动态库布局使用。
zr_vm_library/src/zr_vm_library/project/project_import_provider_location.c	project_import_provider_build_library_path	function	zr_vm_library/src/zr_vm_library/project/project_import_provider_location.c:411	与 AOT 编译产物布局约定一致地构造 aot_c/aot_llvm 库路径，后续加载者再查存在性。	调用期间借用输入；输出容量不足或协议校验失败时返回失败	zr_vm_library/src/zr_vm_library/project/project_import_provider_location.c:186	commented	调用方需了解：与 AOT 编译产物布局约定一致地构造 aot_c/aot_llvm 库路径，后续加载者再查存在性。
zr_vm_library/src/zr_vm_library/project/project_import_provider_location.c	ZrLibrary_Project_ResolveImportProviderLocation	function	zr_vm_library/src/zr_vm_library/project/project_import_provider_location.c:367; tests/library/test_project_import_resolver.c:588	先固定模块身份与 owner 版本约束，再定位 ZRM 条目或项目文件候选；结果指针借用项目。	结果指针借用项目。	zr_vm_library/src/zr_vm_library/project/project_import_provider_location.c:231	commented	调用方需了解：先固定模块身份与 owner 版本约束，再定位 ZRM 条目或项目文件候选；结果指针借用项目。
zr_vm_library/src/zr_vm_library/project/project_import_provider_location.c	ZrLibrary_Project_ResolveImportProviderAotLoadRequest	function	zr_vm_library/src/zr_vm_library/aot_runtime.c:3051; tests/library/test_project_import_provider_version_selection.c:121; tests/library/test_project_import_resolver.c:615	运行时 provider 定位还需 runtime phase 与后端库路径；ZRM 的库路径留空，AOT 装载层会拒绝归档条目。	ZRM 的库路径留空，AOT 装载层会拒绝归档条目。	zr_vm_library/src/zr_vm_library/project/project_import_provider_location.c:340	commented	调用方需了解：运行时 provider 定位还需 runtime phase 与后端库路径；ZRM 的库路径留空，AOT 装载层会拒绝归档条目。
zr_vm_library/src/zr_vm_library/project/project_import_resolver.c	project_resolver_string_text	function	zr_vm_library/src/zr_vm_library/project/project_import_resolver.c:242	可空 SZrString 转借用文本	输入、所属 project 和输出缓冲须有效；失败返回值不可作为已解析身份或路径使用	zr_vm_library/src/zr_vm_library/project/project_import_resolver.c:10	no-comment	可空 SZrString 转借用文本，无额外状态或所有权转移。
zr_vm_library/src/zr_vm_library/project/project_import_resolver.c	project_resolver_set_error	function	zr_vm_library/src/zr_vm_library/project/project_import_resolver.c:699	可选诊断缓冲写入器	输入、所属 project 和输出缓冲须有效；失败返回值不可作为已解析身份或路径使用	zr_vm_library/src/zr_vm_library/project/project_import_resolver.c:22	no-comment	可选诊断缓冲写入器，容量和空指针路径在函数中显式处理。
zr_vm_library/src/zr_vm_library/project/project_import_resolver.c	project_resolver_copy_text	function	zr_vm_library/src/zr_vm_library/project/project_import_resolver.c:270	固定的带容量文本复制	输入、所属 project 和输出缓冲须有效；失败返回值不可作为已解析身份或路径使用	zr_vm_library/src/zr_vm_library/project/project_import_resolver.c:42	no-comment	固定的带容量文本复制，名称和局部检查已经说明语义。
zr_vm_library/src/zr_vm_library/project/project_import_resolver.c	project_resolver_is_reserved_official_module_key	function	zr_vm_library/src/zr_vm_library/project/project_import_resolver.c:781	用户源模块不能占用 zr 官方模块根；推导当前键时须先守住这一边界。	推导当前键时须先守住这一边界。	zr_vm_library/src/zr_vm_library/project/project_import_resolver.c:64	commented	调用方需了解：用户源模块不能占用 zr 官方模块根；推导当前键时须先守住这一边界。
zr_vm_library/src/zr_vm_library/project/project_import_resolver.c	project_resolver_has_suffix	function	zr_vm_library/src/zr_vm_library/project/project_import_resolver.c:153	只识别既定模块扩展名	输入、所属 project 和输出缓冲须有效；失败返回值不可作为已解析身份或路径使用	zr_vm_library/src/zr_vm_library/project/project_import_resolver.c:71	no-comment	只识别既定模块扩展名，调用方解释其结果。
zr_vm_library/src/zr_vm_library/project/project_import_resolver.c	project_resolver_is_path_separator	function	zr_vm_library/src/zr_vm_library/project/project_import_resolver.c:100	仅合并两种平台路径分隔符	输入、所属 project 和输出缓冲须有效；失败返回值不可作为已解析身份或路径使用	zr_vm_library/src/zr_vm_library/project/project_import_resolver.c:81	no-comment	仅合并两种平台路径分隔符，无独立项目契约。
zr_vm_library/src/zr_vm_library/project/project_import_resolver.c	project_resolver_path_prefix_matches	function	zr_vm_library/src/zr_vm_library/project/project_import_resolver.c:265	源码归属比较兼容平台分隔符；Windows 还按文件系统习惯忽略大小写。	Windows 还按文件系统习惯忽略大小写。	zr_vm_library/src/zr_vm_library/project/project_import_resolver.c:86	commented	调用方需了解：源码归属比较兼容平台分隔符；Windows 还按文件系统习惯忽略大小写。
zr_vm_library/src/zr_vm_library/project/project_import_resolver.c	project_resolver_is_absolute_path	function	zr_vm_library/src/zr_vm_library/project/project_import_resolver.c:751	路径绝对性委托库文件 API	输入、所属 project 和输出缓冲须有效；失败返回值不可作为已解析身份或路径使用	zr_vm_library/src/zr_vm_library/project/project_import_resolver.c:120	no-comment	路径绝对性委托库文件 API，本函数无新增约束。
zr_vm_library/src/zr_vm_library/project/project_import_resolver.c	project_resolver_normalize_module_key_text	function	zr_vm_library/src/zr_vm_library/project/project_import_resolver.c:672	模块缓存和文件定位共用分隔符及扩展名规范化，不在此绑定具体项目。	内嵌 . 和 .. 段未拒绝，foo/../../secret 可从普通 import 进入 source 根拼接，File_NormalizePath 会折叠到根外文件；复现入口为 ResolveImportModuleKey 后 SourceLoadImplementation。	zr_vm_library/src/zr_vm_library/project/project_import_resolver.c:135; zr_vm_library/src/zr_vm_library/project/project_import_resolver.c:1048	BUG	内嵌 . 和 .. 段未拒绝，foo/../../secret 可从普通 import 进入 source 根拼接，File_NormalizePath 会折叠到根外文件；复现入口为 ResolveImportModuleKey 后 SourceLoadImplementation。
zr_vm_library/src/zr_vm_library/project/project_import_resolver.c	project_resolver_module_path_equals	function	zr_vm_library/src/zr_vm_library/project/project_import_resolver.c:771	显式模块名与物理源码推导的键允许点和斜杠写法等价，避免重复模块身份。	输入、所属 project 和输出缓冲须有效；失败返回值不可作为已解析身份或路径使用	zr_vm_library/src/zr_vm_library/project/project_import_resolver.c:211	commented	调用方需了解：显式模块名与物理源码推导的键允许点和斜杠写法等价，避免重复模块身份。
zr_vm_library/src/zr_vm_library/project/project_import_resolver.c	project_resolver_build_source_root	function	zr_vm_library/src/zr_vm_library/project/project_import_resolver.c:708	当前模块的物理归属以项目目录加 source 配置为基准，而非进程工作目录。	输入、所属 project 和输出缓冲须有效；失败返回值不可作为已解析身份或路径使用	zr_vm_library/src/zr_vm_library/project/project_import_resolver.c:231	commented	调用方需了解：当前模块的物理归属以项目目录加 source 配置为基准，而非进程工作目录。
zr_vm_library/src/zr_vm_library/project/project_import_resolver.c	project_resolver_relative_path_from_root	function	zr_vm_library/src/zr_vm_library/project/project_import_resolver.c:710	目录归属必须同时匹配路径前缀和边界分隔符，防止 src2 被误判为 src 内部。	输入、所属 project 和输出缓冲须有效；失败返回值不可作为已解析身份或路径使用	zr_vm_library/src/zr_vm_library/project/project_import_resolver.c:253	commented	调用方需了解：目录归属必须同时匹配路径前缀和边界分隔符，防止 src2 被误判为 src 内部。
zr_vm_library/src/zr_vm_library/project/project_import_resolver.c	project_resolver_convert_dot_suffix	function	zr_vm_library/src/zr_vm_library/project/project_import_resolver.c:886	旧版别名、依赖和相对 import 的点后缀转成逻辑路径，空段及文件分隔符不能混入。	输入、所属 project 和输出缓冲须有效；失败返回值不可作为已解析身份或路径使用	zr_vm_library/src/zr_vm_library/project/project_import_resolver.c:281	commented	调用方需了解：旧版别名、依赖和相对 import 的点后缀转成逻辑路径，空段及文件分隔符不能混入。
zr_vm_library/src/zr_vm_library/project/project_import_resolver.c	project_resolver_join_module_paths	function	zr_vm_library/src/zr_vm_library/project/project_import_resolver.c:401	拼接逻辑模块前缀与后缀，输出仍是模块键而非已验证的磁盘路径。	输入、所属 project 和输出缓冲须有效；失败返回值不可作为已解析身份或路径使用	zr_vm_library/src/zr_vm_library/project/project_import_resolver.c:326	commented	调用方需了解：拼接逻辑模块前缀与后缀，输出仍是模块键而非已验证的磁盘路径。
zr_vm_library/src/zr_vm_library/project/project_import_resolver.c	project_resolver_apply_relative_import	function	zr_vm_library/src/zr_vm_library/project/project_import_resolver.c:1008	相对 import 从当前模块所在目录起算，越过逻辑根时拒绝。	输入、所属 project 和输出缓冲须有效；失败返回值不可作为已解析身份或路径使用	zr_vm_library/src/zr_vm_library/project/project_import_resolver.c:361	commented	调用方需了解：相对 import 从当前模块所在目录起算，越过逻辑根时拒绝。
zr_vm_library/src/zr_vm_library/project/project_import_resolver.c	project_resolver_parse_dependency_module_key	function	zr_vm_library/src/zr_vm_library/project/project_import_resolver.c:505	拆出版本固定的 $name@version/module 身份；返回的模块后缀借用输入文本。	返回的模块后缀借用输入文本。	zr_vm_library/src/zr_vm_library/project/project_import_resolver.c:405	commented	调用方需了解：拆出版本固定的 $name@version/module 身份；返回的模块后缀借用输入文本。
zr_vm_library/src/zr_vm_library/project/project_import_resolver.c	project_resolver_find_dependency_package	function	zr_vm_library/src/zr_vm_library/project/project_import_resolver.c:514	版本固定包键须定位到项目已经解析并持有的包节点。	输入、所属 project 和输出缓冲须有效；失败返回值不可作为已解析身份或路径使用	zr_vm_library/src/zr_vm_library/project/project_import_resolver.c:466	commented	调用方需了解：版本固定包键须定位到项目已经解析并持有的包节点。
zr_vm_library/src/zr_vm_library/project/project_import_resolver.c	project_resolver_current_dependency_package	function	zr_vm_library/src/zr_vm_library/project/project_import_resolver.c:838	当前模块的包归属决定依赖与别名作用域，模块后缀借用当前键。	输入、所属 project 和输出缓冲须有效；失败返回值不可作为已解析身份或路径使用	zr_vm_library/src/zr_vm_library/project/project_import_resolver.c:494	commented	调用方需了解：当前模块的包归属决定依赖与别名作用域，模块后缀借用当前键。
zr_vm_library/src/zr_vm_library/project/project_import_resolver.c	project_resolver_find_dependency_ref	function	zr_vm_library/src/zr_vm_library/project/project_import_resolver.c:866	依赖名字只在当前包或根项目的直接引用表查找，保持 owner 作用域。	输入、所属 project 和输出缓冲须有效；失败返回值不可作为已解析身份或路径使用	zr_vm_library/src/zr_vm_library/project/project_import_resolver.c:518	commented	调用方需了解：依赖名字只在当前包或根项目的直接引用表查找，保持 owner 作用域。
zr_vm_library/src/zr_vm_library/project/project_import_resolver.c	project_resolver_find_dependency_ref_by_package_index	function	zr_vm_library/src/zr_vm_library/project/project_import_resolver.c:1107	规范包键不携带原引用别名；构图已拒绝同一 owner 对同一包的不同区间，故可按包索引取首条等价边。	构图已拒绝同一 owner 对同一包的不同区间，故可按包索引取首条等价边。	zr_vm_library/src/zr_vm_library/project/project_import_resolver.c:549	commented	调用方需了解：规范包键不携带原引用别名；构图已拒绝同一 owner 对同一包的不同区间，故可按包索引取首条等价边。
zr_vm_library/src/zr_vm_library/project/project_import_resolver.c	project_resolver_dependency_package_key	function	zr_vm_library/src/zr_vm_library/project/project_import_resolver.c:735	将包名字、已选版本与模块后缀固化为缓存键；省略后缀时使用包入口。	省略后缀时使用包入口。	zr_vm_library/src/zr_vm_library/project/project_import_resolver.c:578	commented	调用方需了解：将包名字、已选版本与模块后缀固化为缓存键；省略后缀时使用包入口。
zr_vm_library/src/zr_vm_library/project/project_import_resolver.c	project_resolver_build_package_source_root	function	zr_vm_library/src/zr_vm_library/project/project_import_resolver.c:728	依赖源码物理根取包目录及其 source 配置，不能复用根项目 source。	输入、所属 project 和输出缓冲须有效；失败返回值不可作为已解析身份或路径使用	zr_vm_library/src/zr_vm_library/project/project_import_resolver.c:625	commented	调用方需了解：依赖源码物理根取包目录及其 source 配置，不能复用根项目 source。
zr_vm_library/src/zr_vm_library/project/project_import_resolver.c	project_resolver_from_candidate	function	zr_vm_library/src/zr_vm_library/project/project_import_resolver.c:661	候选指针须先是有效可读内存；签名只能区分逻辑类型，不能验证任意 userData 指针的安全性。	签名只能区分逻辑类型，不能验证任意 userData 指针的安全性。	zr_vm_library/src/zr_vm_library/project/project_import_resolver.c:647	commented	调用方需了解：候选指针须先是有效可读内存；签名只能区分逻辑类型，不能验证任意 userData 指针的安全性。
zr_vm_library/src/zr_vm_library/project/project_import_resolver.c	ZrLibrary_Project_GetFromGlobal	function	zr_vm_parser/src/zr_vm_parser/compiler/compile_tool_evaluator.c:524; zr_vm_parser/src/zr_vm_parser/compiler/compile_tool_project_provider.c:308; zr_vm_parser/src/zr_vm_parser/compiler/compiler_attribute_binding.c:448	优先使用 sourceLoaderUserData 的项目，再查 userData；返回视图由全局调用方维持生命周期。	返回视图由全局调用方维持生命周期。	zr_vm_library/src/zr_vm_library/project/project_import_resolver.c:654	commented	调用方需了解：优先使用 sourceLoaderUserData 的项目，再查 userData；返回视图由全局调用方维持生命周期。
zr_vm_library/src/zr_vm_library/project/project_import_resolver.c	ZrLibrary_Project_NormalizeModuleKey	function	zr_vm_cli/src/zr_vm_cli/project/project.c:428; zr_vm_library/src/zr_vm_library/project/project.c:335; zr_vm_library/src/zr_vm_library/project/project_import_resolver.c:372	公开声明已经说明规范键用途；实现仅委托同文件 normalization	实现仅委托同文件 normalization。	zr_vm_library/src/zr_vm_library/project/project_import_resolver.c:669	no-comment	公开声明已经说明规范键用途；实现仅委托同文件 normalization。
zr_vm_library/src/zr_vm_library/project/project_import_resolver.c	ZrLibrary_Project_DeriveCurrentModuleKey	function	zr_vm_parser/src/zr_vm_parser/project_imports.c:1174; tests/library/test_project_import_resolver.c:21; tests/parser/test_project_import_canonicalization.c:3406	解析器以物理源位置推导项目或包的键，并核对显式键，避免相对 import 使用错误归属。	项目及传入指针在调用期间有效；具体失败条件由局部检查决定	zr_vm_library/src/zr_vm_library/project/project_import_resolver.c:676	commented	调用方需了解：解析器以物理源位置推导项目或包的键，并核对显式键，避免相对 import 使用错误归属。
zr_vm_library/src/zr_vm_library/project/project_import_resolver.c	ZrLibrary_Project_ResolveImportModuleKey	function	zr_vm_parser/src/zr_vm_parser/project_imports.c:219; zr_vm_library/src/zr_vm_library/project/project_import_provider_location.c:271; tests/library/test_project_import_resolver.c:14	根据当前 owner 统一旧版依赖、别名、相对及普通 import，结果用于模块缓存和装载。	当前包没有 pathAliases 时会回退根项目别名；需核对包隔离是否允许继承根别名，并补同名别名场景。	zr_vm_library/src/zr_vm_library/project/project_import_resolver.c:813	TODO	当前包没有 pathAliases 时会回退根项目别名；需核对包隔离是否允许继承根别名，并补同名别名场景。
zr_vm_library/src/zr_vm_library/project/project_import_resolver.c	ZrLibrary_Project_GetDependencyImportVersionRange	function	zr_vm_parser/src/zr_vm_parser/compiler/module_init_analysis.c:594; zr_vm_library/src/zr_vm_library/project/project_import_provider_location.c:281; tests/library/test_project_import_resolver.c:645	跨依赖模块加载需携带 owner 声明的程序集和版本限制；输出字符串借用项目。	AOT runtime 目前以 project->entry 作 currentModuleKey；需核对依赖包内部导入其私有依赖时是否丢失 owner，验证入口为 A→B 的 AOT 加载。 构图已拒绝同一 owner 对同一包的不同区间，故规范包键丢失别名后仍可回查等价引用。	zr_vm_library/src/zr_vm_library/project/project_import_resolver.c:1059	TODO	AOT runtime 目前以 project->entry 作 currentModuleKey；需核对依赖包内部导入其私有依赖时是否丢失 owner，验证入口为 A→B 的 AOT 加载。 构图已拒绝同一 owner 对同一包的不同区间，故规范包键丢失别名后仍可回查等价引用。
zr_vm_library/src/zr_vm_library/project/project_import_resolver.c	project_resolver_module_file_from_root	function	zr_vm_library/src/zr_vm_library/project/project_import_resolver.c:1270	模块键转换为某个已选根下的源或产物候选文件，存在性留给加载阶段。	最后 PathJoin 固定按 MAX_PATH_LENGTH 写入，忽略本函数 bufferSize；ResolveSourcePath/BinaryPath/IntermediatePath 传小缓冲时可越界。用 main 和 8 字节缓冲做 ASan 验证。	zr_vm_library/src/zr_vm_library/project/project_import_resolver.c:1127; zr_vm_library/src/zr_vm_library/file.c:1073	BUG	最后 PathJoin 固定按 MAX_PATH_LENGTH 写入，忽略本函数 bufferSize；ResolveSourcePath/BinaryPath/IntermediatePath 传小缓冲时可越界。用 main 和 8 字节缓冲做 ASan 验证。
zr_vm_library/src/zr_vm_library/project/project_import_resolver.c	project_resolver_build_project_root_path	function	zr_vm_library/src/zr_vm_library/project/project_import_resolver.c:1277	源、二进制和中间产物均以项目目录为基准，绝对 root 配置保留其定位语义。	输入、所属 project 和输出缓冲须有效；失败返回值不可作为已解析身份或路径使用	zr_vm_library/src/zr_vm_library/project/project_import_resolver.c:1162	commented	调用方需了解：源、二进制和中间产物均以项目目录为基准，绝对 root 配置保留其定位语义。
zr_vm_library/src/zr_vm_library/project/project_import_resolver.c	project_resolver_build_package_root_path	function	zr_vm_library/src/zr_vm_library/project/project_import_resolver.c:1263	依赖模块使用其包目录和产物根，避免落到根项目同名模块上。	输入、所属 project 和输出缓冲须有效；失败返回值不可作为已解析身份或路径使用	zr_vm_library/src/zr_vm_library/project/project_import_resolver.c:1185	commented	调用方需了解：依赖模块使用其包目录和产物根，避免落到根项目同名模块上。
zr_vm_library/src/zr_vm_library/project/project_import_resolver.c	project_resolver_resolve_project_relative_path	function	zr_vm_library/src/zr_vm_library/project/project_import_resolver.c:1345	程序集输出配置允许绝对位置或项目相对位置，并在交付 CLI 前规范化。	输入、所属 project 和输出缓冲须有效；失败返回值不可作为已解析身份或路径使用	zr_vm_library/src/zr_vm_library/project/project_import_resolver.c:1208	commented	调用方需了解：程序集输出配置允许绝对位置或项目相对位置，并在交付 CLI 前规范化。
zr_vm_library/src/zr_vm_library/project/project_import_resolver.c	project_resolver_resolve_module_path	function	zr_vm_library/src/zr_vm_library/project/project_import_resolver.c:1295	区分项目模块和版本固定依赖包；ZRM 包由专用条目 API 装载，此处只生成文件候选。	ZRM 包由专用条目 API 装载，此处只生成文件候选。	zr_vm_library/src/zr_vm_library/project/project_import_resolver.c:1234	commented	调用方需了解：区分项目模块和版本固定依赖包；ZRM 包由专用条目 API 装载，此处只生成文件候选。
zr_vm_library/src/zr_vm_library/project/project_import_resolver.c	ZrLibrary_Project_ResolveSourcePath	function	zr_vm_cli/src/zr_vm_cli/project/project.c:440; zr_vm_library/src/zr_vm_library/project/project.c:2266; zr_vm_library/src/zr_vm_library/project/project_import_provider_location.c:313	公开声明已有源路径契约	输入、所属 project 和输出缓冲须有效；失败返回值不可作为已解析身份或路径使用	zr_vm_library/src/zr_vm_library/project/project_import_resolver.c:1291	no-comment	公开声明已有源路径契约，具体根选择由 resolve_module_path 注释说明。
zr_vm_library/src/zr_vm_library/project/project_import_resolver.c	ZrLibrary_Project_ResolveBinaryPath	function	zr_vm_cli/src/zr_vm_cli/project/project.c:460; zr_vm_library/src/zr_vm_library/project/project.c:2271; zr_vm_library/src/zr_vm_library/project/project_import_provider_location.c:317	公开声明已有二进制路径契约	输入、所属 project 和输出缓冲须有效；失败返回值不可作为已解析身份或路径使用	zr_vm_library/src/zr_vm_library/project/project_import_resolver.c:1303	no-comment	公开声明已有二进制路径契约，具体根选择由 resolve_module_path 注释说明。
zr_vm_library/src/zr_vm_library/project/project_import_resolver.c	ZrLibrary_Project_ResolveIntermediatePath	function	zr_vm_cli/src/zr_vm_cli/project/project.c:480; zr_vm_library/src/zr_vm_library/project/project_import_provider_location.c:321	公开声明已有中间路径契约	输入、所属 project 和输出缓冲须有效；失败返回值不可作为已解析身份或路径使用	zr_vm_library/src/zr_vm_library/project/project_import_resolver.c:1315	no-comment	公开声明已有中间路径契约，具体根选择由 resolve_module_path 注释说明。
zr_vm_library/src/zr_vm_library/project/project_import_resolver.c	ZrLibrary_Project_ResolveAssemblyOutputPath	function	zr_vm_cli/src/zr_vm_cli/compiler/compiler.c:347; tests/library/test_project_import_resolver.c:706	CLI 产物选择显式 assembly.output，否则以 binary 根和程序集名生成 ZRM 文件名。	输入、所属 project 和输出缓冲须有效；失败返回值不可作为已解析身份或路径使用	zr_vm_library/src/zr_vm_library/project/project_import_resolver.c:1328	commented	调用方需了解：CLI 产物选择显式 assembly.output，否则以 binary 根和程序集名生成 ZRM 文件名。
zr_vm_library/src/zr_vm_library/project/project_import_resolver.c	ZrLibrary_Project_ResolveZrmModuleEntry	function	zr_vm_library/src/zr_vm_library/project/project.c:2334; zr_vm_library/src/zr_vm_library/project/project_import_provider_location.c:295; tests/library/test_project_import_resolver.c:898	只查询已打开依赖归档的模块条目；返回指针随项目关闭归档而失效。	返回指针随项目关闭归档而失效。	zr_vm_library/src/zr_vm_library/project/project_import_resolver.c:1366	commented	调用方需了解：只查询已打开依赖归档的模块条目；返回指针随项目关闭归档而失效。
zr_vm_library/src/zr_vm_library/project/project_manifest_v2.c	library_project_manifest_v2_has_required_string	function	zr_vm_library/src/zr_vm_library/project/project_manifest_v2.c:49	只判断 v2 必填字段是否为非空字符串；基础字段组合由 validate_base 说明	基础字段组合由 validate_base 说明。	zr_vm_library/src/zr_vm_library/project/project_manifest_v2.c:11	no-comment	只判断 v2 必填字段是否为非空字符串；基础字段组合由 validate_base 说明。
zr_vm_library/src/zr_vm_library/project/project_manifest_v2.c	library_project_manifest_validate_version	function	zr_vm_library/src/zr_vm_library/project/project.c:2013	无 manifestVersion 的旧清单按 v1 解释，显式版本仅接受当前支持的整数 1 或 2。	项目及传入指针在调用期间有效；具体失败条件由局部检查决定	zr_vm_library/src/zr_vm_library/project/project_manifest_v2.c:23	commented	调用方需了解：无 manifestVersion 的旧清单按 v1 解释，显式版本仅接受当前支持的整数 1 或 2。
zr_vm_library/src/zr_vm_library/project/project_manifest_v2.c	library_project_manifest_v2_validate_base	function	zr_vm_library/src/zr_vm_library/project/project.c:2014	v2 项目构造需先具备非空基础定位字段，再建立声明数组。	项目及传入指针在调用期间有效；具体失败条件由局部检查决定	zr_vm_library/src/zr_vm_library/project/project_manifest_v2.c:48	commented	调用方需了解：v2 项目构造需先具备非空基础定位字段，再建立声明数组。
zr_vm_library/src/zr_vm_library/project/project_manifest_v2.c	library_project_manifest_v2_string_text	function	zr_vm_library/src/zr_vm_library/project/project_manifest_v2.c:180	仅将可空 GC 字符串转借用文本	项目及传入指针在调用期间有效；具体失败条件由局部检查决定	zr_vm_library/src/zr_vm_library/project/project_manifest_v2.c:57	no-comment	仅将可空 GC 字符串转借用文本，不建立新所有权。
zr_vm_library/src/zr_vm_library/project/project_manifest_v2.c	library_project_manifest_v2_parse_specifier	function	zr_vm_library/src/zr_vm_library/project/project_manifest_v2.c:75	直接委托公开 ModuleSpecifier_Parse；同一解析契约已在声明处说明	同一解析契约已在声明处说明。	zr_vm_library/src/zr_vm_library/project/project_manifest_v2.c:61	no-comment	直接委托公开 ModuleSpecifier_Parse；同一解析契约已在声明处说明。
zr_vm_library/src/zr_vm_library/project/project_manifest_v2.c	library_project_manifest_v2_parse_package_root	function	zr_vm_library/src/zr_vm_library/project/project_manifest_v2.c:218	声明的包身份只能是 @ 包根，不能用子模块名代替根。	输入、所属 project 和输出缓冲须有效；失败返回值不可作为已解析身份或路径使用	zr_vm_library/src/zr_vm_library/project/project_manifest_v2.c:70	commented	调用方需了解：声明的包身份只能是 @ 包根，不能用子模块名代替根。
zr_vm_library/src/zr_vm_library/project/project_manifest_v2.c	library_project_manifest_v2_parse_alias_root	function	zr_vm_library/src/zr_vm_library/project/project_manifest_v2.c:174	别名表键只能声明 # 根，子段留给 import 请求拼接。	输入、所属 project 和输出缓冲须有效；失败返回值不可作为已解析身份或路径使用	zr_vm_library/src/zr_vm_library/project/project_manifest_v2.c:86	commented	调用方需了解：别名表键只能声明 # 根，子段留给 import 请求拼接。
zr_vm_library/src/zr_vm_library/project/project_manifest_v2.c	library_project_manifest_v2_alias_target_is_supported	function	zr_vm_library/src/zr_vm_library/project/project_manifest_v2.c:176	限制别名目标类别，避免递归别名与相对目标引入不确定绑定；包目标必须是根。	包目标必须是根。	zr_vm_library/src/zr_vm_library/project/project_manifest_v2.c:96	commented	调用方需了解：限制别名目标类别，避免递归别名与相对目标引入不确定绑定；包目标必须是根。
zr_vm_library/src/zr_vm_library/project/project_manifest_v2.c	library_project_manifest_v2_export_key_to_canonical	function	zr_vm_library/src/zr_vm_library/project/project_manifest_v2.c:246	包公开键以根或根内子段表示，拒绝导出根外位置并归一供去重。	项目及传入指针在调用期间有效；具体失败条件由局部检查决定	zr_vm_library/src/zr_vm_library/project/project_manifest_v2.c:108	commented	调用方需了解：包公开键以根或根内子段表示，拒绝导出根外位置并归一供去重。
zr_vm_library/src/zr_vm_library/project/project_manifest_v2.c	library_project_manifest_v2_parse_aliases	function	zr_vm_library/src/zr_vm_library/project/project_manifest_v2.c:573	v2 别名保存已解析目标，数组归项目持有；重复根不能靠声明顺序覆盖。	重复根不能靠声明顺序覆盖。	zr_vm_library/src/zr_vm_library/project/project_manifest_v2.c:136	commented	调用方需了解：v2 别名保存已解析目标，数组归项目持有；重复根不能靠声明顺序覆盖。
zr_vm_library/src/zr_vm_library/project/project_manifest_v2.c	library_project_manifest_v2_parse_package	function	zr_vm_library/src/zr_vm_library/project/project_manifest_v2.c:574	本包导出只能指工作区身份，公开键须唯一，保证显式包边界。	输入、所属 project 和输出缓冲须有效；失败返回值不可作为已解析身份或路径使用	zr_vm_library/src/zr_vm_library/project/project_manifest_v2.c:198	commented	调用方需了解：本包导出只能指工作区身份，公开键须唯一，保证显式包边界。
zr_vm_library/src/zr_vm_library/project/project_manifest_v2.c	library_project_manifest_v2_parse_dependency_source	function	zr_vm_library/src/zr_vm_library/project/project_manifest_v2.c:388	每条依赖必须恰有一种来源与非空版本要求，以便锁文件核对。	输入、所属 project 和输出缓冲须有效；失败返回值不可作为已解析身份或路径使用	zr_vm_library/src/zr_vm_library/project/project_manifest_v2.c:272	commented	调用方需了解：每条依赖必须恰有一种来源与非空版本要求，以便锁文件核对。
zr_vm_library/src/zr_vm_library/project/project_manifest_v2.c	library_project_manifest_v2_parse_dependency_collection	function	zr_vm_library/src/zr_vm_library/project/project_manifest_v2.c:406	runtime 与 build 依赖分别建表；同 phase 不允许重复包，失败交项目清理原生数组。	同 phase 不允许重复包，失败交项目清理原生数组。	zr_vm_library/src/zr_vm_library/project/project_manifest_v2.c:325	commented	调用方需了解：runtime 与 build 依赖分别建表；同 phase 不允许重复包，失败交项目清理原生数组。
zr_vm_library/src/zr_vm_library/project/project_manifest_v2.c	library_project_manifest_v2_parse_dependencies	function	zr_vm_library/src/zr_vm_library/project/project_manifest_v2.c:575	运行和构建依赖分属不同 provider phase，清单解析保留两个独立集合。	输入、所属 project 和输出缓冲须有效；失败返回值不可作为已解析身份或路径使用	zr_vm_library/src/zr_vm_library/project/project_manifest_v2.c:403	commented	调用方需了解：运行和构建依赖分属不同 provider phase，清单解析保留两个独立集合。
zr_vm_library/src/zr_vm_library/project/project_manifest_v2.c	library_project_manifest_v2_declares_package	function	zr_vm_library/src/zr_vm_library/project/project_manifest_v2.c:452	只在已解析依赖数组中查包身份；作用域前提由别名目标验证器说明	作用域前提由别名目标验证器说明。	zr_vm_library/src/zr_vm_library/project/project_manifest_v2.c:422	no-comment	只在已解析依赖数组中查包身份；作用域前提由别名目标验证器说明。
zr_vm_library/src/zr_vm_library/project/project_manifest_v2.c	library_project_manifest_v2_validate_alias_package_targets	function	zr_vm_library/src/zr_vm_library/project/project_manifest_v2.c:576	runtime 别名只能指本包或 runtime dependencies，buildDependencies 不扩大运行导入域。	项目及传入指针在调用期间有效；具体失败条件由局部检查决定	zr_vm_library/src/zr_vm_library/project/project_manifest_v2.c:442	commented	调用方需了解：runtime 别名只能指本包或 runtime dependencies，buildDependencies 不扩大运行导入域。
zr_vm_library/src/zr_vm_library/project/project_manifest_v2.c	library_project_manifest_v2_append_file_alias_suffix	function	zr_vm_library/src/zr_vm_library/project/project_manifest_v2.c:637	只有目录和项目归档定位符能拼子项，单个 .zr/.zrm 文件不能作为模块目录。	项目及传入指针在调用期间有效；具体失败条件由局部检查决定	zr_vm_library/src/zr_vm_library/project/project_manifest_v2.c:460	commented	调用方需了解：只有目录和项目归档定位符能拼子项，单个 .zr/.zrm 文件不能作为模块目录。
zr_vm_library/src/zr_vm_library/project/project_manifest_v2.c	library_project_manifest_v2_free_declarations	function	zr_vm_library/src/zr_vm_library/project/project.c:2233; zr_vm_library/src/zr_vm_library/project/project_manifest_v2.c:577	项目失败回滚和析构共享清理，原生数组及锁字符串连续块释放，GC 字符串仍归 VM。	原生分配和打开的归档由同一项目生命周期回收；GC 字符串不逐项释放	zr_vm_library/src/zr_vm_library/project/project_manifest_v2.c:502	commented	调用方需了解：项目失败回滚和析构共享清理，原生数组及锁字符串连续块释放，GC 字符串仍归 VM。
zr_vm_library/src/zr_vm_library/project/project_manifest_v2.c	library_project_manifest_v2_parse_declarations	function	zr_vm_library/src/zr_vm_library/project/project.c:2219	v2 声明拒绝旧版字段并在失败时回滚，避免半成品状态混入项目。	输入、所属 project 和输出缓冲须有效；失败返回值不可作为已解析身份或路径使用	zr_vm_library/src/zr_vm_library/project/project_manifest_v2.c:561	commented	调用方需了解：v2 声明拒绝旧版字段并在失败时回滚，避免半成品状态混入项目。
zr_vm_library/src/zr_vm_library/project/project_manifest_v2.c	ZrLibrary_Project_ResolveManifestAlias	function	tests/library/test_project_manifest_v2.c:174	按声明根替换请求并保留子段，输出容量不足时失败。	当前 production 未直接调用此接口；需追踪 v2 import 的实际 canonicalization 链，确认别名声明已消费。	zr_vm_library/src/zr_vm_library/project/project_manifest_v2.c:585	TODO	当前 production 未直接调用此接口；需追踪 v2 import 的实际 canonicalization 链，确认别名声明已消费。
zr_vm_library/src/zr_vm_library/project/project_manifest_v2.c	ZrLibrary_Project_ResolvePackageExport	function	tests/library/test_project_manifest_v2.c:195	本包 import 仅匹配显式公开键，未导出的内部模块不得由此解析。	当前 production 未直接调用此接口；需追踪 v2 import 的实际 canonicalization 链，确认导出表边界已落实。	zr_vm_library/src/zr_vm_library/project/project_manifest_v2.c:656	TODO	当前 production 未直接调用此接口；需追踪 v2 import 的实际 canonicalization 链，确认导出表边界已落实。
zr_vm_library/src/zr_vm_library/project/project_manifest_v2.c	library_project_manifest_v2_has_nonempty_string	function	zr_vm_library/src/zr_vm_library/project/project_manifest_v2.c:1253	已存在 GC 字符串的非空谓词	项目及传入指针在调用期间有效；具体失败条件由局部检查决定	zr_vm_library/src/zr_vm_library/project/project_manifest_v2.c:695	no-comment	已存在 GC 字符串的非空谓词，调用方决定必填字段。
zr_vm_library/src/zr_vm_library/project/project_manifest_v2.c	library_project_manifest_v2_path_source_is_portable	function	zr_vm_library/src/zr_vm_library/project/project_manifest_v2.c:1003	发布投影排除本机绝对路径及 file URI，保留相对 path 来源。	相对来源仍可含反斜线；需核对发布格式是否允许平台相关分隔符，并用跨平台消费验证。	zr_vm_library/src/zr_vm_library/project/project_manifest_v2.c:703	TODO	相对来源仍可含反斜线；需核对发布格式是否允许平台相关分隔符，并用跨平台消费验证。
zr_vm_library/src/zr_vm_library/project/project_manifest_v2.c	library_project_manifest_v2_text_equals_ignore_case	function	zr_vm_library/src/zr_vm_library/project/project_manifest_v2.c:913	仅供 loopback hostname 文本比较	项目及传入指针在调用期间有效；具体失败条件由局部检查决定	zr_vm_library/src/zr_vm_library/project/project_manifest_v2.c:714	no-comment	仅供 loopback hostname 文本比较，不改变网络来源策略。
zr_vm_library/src/zr_vm_library/project/project_manifest_v2.c	library_project_manifest_v2_hex_value	function	zr_vm_library/src/zr_vm_library/project/project_manifest_v2.c:843	IPv6 解析的十六进制字符转换	项目及传入指针在调用期间有效；具体失败条件由局部检查决定	zr_vm_library/src/zr_vm_library/project/project_manifest_v2.c:739	no-comment	IPv6 解析的十六进制字符转换，失败哨兵由调用方检查。
zr_vm_library/src/zr_vm_library/project/project_manifest_v2.c	library_project_manifest_v2_parse_ipv4_words	function	zr_vm_library/src/zr_vm_library/project/project_manifest_v2.c:833	网络来源检查需识别 IPv6 尾部的 IPv4 字面量，不能仅按 hostname 看待。	输入、所属 project 和输出缓冲须有效；失败返回值不可作为已解析身份或路径使用	zr_vm_library/src/zr_vm_library/project/project_manifest_v2.c:753	commented	调用方需了解：网络来源检查需识别 IPv6 尾部的 IPv4 字面量，不能仅按 hostname 看待。
zr_vm_library/src/zr_vm_library/project/project_manifest_v2.c	library_project_manifest_v2_parse_ipv6_address	function	zr_vm_library/src/zr_vm_library/project/project_manifest_v2.c:983	展开压缩和 IPv4 尾部后判定 IPv6 loopback，服务发布来源的本机地址门禁。	输入、所属 project 和输出缓冲须有效；失败返回值不可作为已解析身份或路径使用	zr_vm_library/src/zr_vm_library/project/project_manifest_v2.c:794	commented	调用方需了解：展开压缩和 IPv4 尾部后判定 IPv6 loopback，服务发布来源的本机地址门禁。
zr_vm_library/src/zr_vm_library/project/project_manifest_v2.c	library_project_manifest_v2_is_loopback_host	function	zr_vm_library/src/zr_vm_library/project/project_manifest_v2.c:994	可发布来源不应绑定本机 loopback。	仅检查 localhost 和 127. 前缀，2130706433 或 0x7f000001 能通过普通主机分支；WSL getent 均解析为 127.0.0.1，绕过发布来源检查。	zr_vm_library/src/zr_vm_library/project/project_manifest_v2.c:912; tests/library/test_project_manifest_v2.c:536	BUG	仅检查 localhost 和 127. 前缀，2130706433 或 0x7f000001 能通过普通主机分支；WSL getent 均解析为 127.0.0.1，绕过发布来源检查。
zr_vm_library/src/zr_vm_library/project/project_manifest_v2.c	library_project_manifest_v2_is_registry_package_id	function	zr_vm_library/src/zr_vm_library/project/project_manifest_v2.c:1021	registry 的非 URI 形式只作为包名读取，不能混入本地路径。	项目及传入指针在调用期间有效；具体失败条件由局部检查决定	zr_vm_library/src/zr_vm_library/project/project_manifest_v2.c:919	commented	调用方需了解：registry 的非 URI 形式只作为包名读取，不能混入本地路径。
zr_vm_library/src/zr_vm_library/project/project_manifest_v2.c	library_project_manifest_v2_has_network_uri	function	zr_vm_library/src/zr_vm_library/project/project_manifest_v2.c:1006	按来源类型检查 scheme 与 authority，发布来源不应依赖 loopback 主机。	项目及传入指针在调用期间有效；具体失败条件由局部检查决定	zr_vm_library/src/zr_vm_library/project/project_manifest_v2.c:938	commented	调用方需了解：按来源类型检查 scheme 与 authority，发布来源不应依赖 loopback 主机。
zr_vm_library/src/zr_vm_library/project/project_manifest_v2.c	library_project_manifest_v2_has_network_scheme	function	zr_vm_library/src/zr_vm_library/project/project_manifest_v2.c:1020	已有 scheme 的来源需按网络 URI 校验，避免把 URI 当 registry 包名放行。	项目及传入指针在调用期间有效；具体失败条件由局部检查决定	zr_vm_library/src/zr_vm_library/project/project_manifest_v2.c:1001	commented	调用方需了解：已有 scheme 的来源需按网络 URI 校验，避免把 URI 当 registry 包名放行。
zr_vm_library/src/zr_vm_library/project/project_manifest_v2.c	library_project_manifest_v2_dependency_source_is_publishable	function	zr_vm_library/src/zr_vm_library/project/project_manifest_v2.c:1256	path、registry、git 在发布时有不同定位约束，区别于仅加载本地 manifest 的宽松检查。	项目及传入指针在调用期间有效；具体失败条件由局部检查决定	zr_vm_library/src/zr_vm_library/project/project_manifest_v2.c:1013	commented	调用方需了解：path、registry、git 在发布时有不同定位约束，区别于仅加载本地 manifest 的宽松检查。
zr_vm_library/src/zr_vm_library/project/project_manifest_v2.c	library_project_manifest_v2_copy_display_segments	function	zr_vm_library/src/zr_vm_library/project/project_manifest_v2.c:1064	规范内部身份转回稳定公开字面量，为 JSON 输出排序与往返保持统一写法。	项目及传入指针在调用期间有效；具体失败条件由局部检查决定	zr_vm_library/src/zr_vm_library/project/project_manifest_v2.c:1030	commented	调用方需了解：规范内部身份转回稳定公开字面量，为 JSON 输出排序与往返保持统一写法。
zr_vm_library/src/zr_vm_library/project/project_manifest_v2.c	library_project_manifest_v2_specifier_to_literal	function	zr_vm_library/src/zr_vm_library/project/project_manifest_v2.c:1321	写出已解析目标时保留其域和定位语义，不以磁盘路径代替模块身份。	项目及传入指针在调用期间有效；具体失败条件由局部检查决定	zr_vm_library/src/zr_vm_library/project/project_manifest_v2.c:1051	commented	调用方需了解：写出已解析目标时保留其域和定位语义，不以磁盘路径代替模块身份。
zr_vm_library/src/zr_vm_library/project/project_manifest_v2.c	library_project_manifest_v2_package_identity_to_literal	function	zr_vm_library/src/zr_vm_library/project/project_manifest_v2.c:1340; zr_vm_library/src/zr_vm_library/project/project_manifest_v2_lock.c:474	包锁与 manifest 写出共用 @ 包根字面量，避免两份协议身份分歧。	项目及传入指针在调用期间有效；具体失败条件由局部检查决定	zr_vm_library/src/zr_vm_library/project/project_manifest_v2.c:1102	commented	调用方需了解：包锁与 manifest 写出共用 @ 包根字面量，避免两份协议身份分歧。
zr_vm_library/src/zr_vm_library/project/project_manifest_v2.c	library_project_manifest_v2_alias_index_at_ordinal	function	zr_vm_library/src/zr_vm_library/project/project_manifest_v2.c:1314	按文本排序输出别名并拒重复，保证规范 manifest 与输入数组顺序无关。	项目及传入指针在调用期间有效；具体失败条件由局部检查决定	zr_vm_library/src/zr_vm_library/project/project_manifest_v2.c:1118	commented	调用方需了解：按文本排序输出别名并拒重复，保证规范 manifest 与输入数组顺序无关。
zr_vm_library/src/zr_vm_library/project/project_manifest_v2.c	library_project_manifest_v2_export_index_at_ordinal	function	zr_vm_library/src/zr_vm_library/project/project_manifest_v2.c:1354	包导出按规范键稳定排序并拒重复，保持公开清单可比较。	项目及传入指针在调用期间有效；具体失败条件由局部检查决定	zr_vm_library/src/zr_vm_library/project/project_manifest_v2.c:1155	commented	调用方需了解：包导出按规范键稳定排序并拒重复，保持公开清单可比较。
zr_vm_library/src/zr_vm_library/project/project_manifest_v2.c	library_project_manifest_v2_dependency_index_at_ordinal	function	zr_vm_library/src/zr_vm_library/project/project_manifest_v2.c:1411; zr_vm_library/src/zr_vm_library/project/project_manifest_v2_lock.c:455	依赖按规范身份排序，锁和 manifest 写出必须沿同一顺序。	项目及传入指针在调用期间有效；具体失败条件由局部检查决定	zr_vm_library/src/zr_vm_library/project/project_manifest_v2.c:1196	commented	调用方需了解：依赖按规范身份排序，锁和 manifest 写出必须沿同一顺序。
zr_vm_library/src/zr_vm_library/project/project_manifest_v2.c	library_project_manifest_v2_dependency_source_kind_is_valid	function	zr_vm_library/src/zr_vm_library/project/project_manifest_v2.c:1255	三种固定依赖来源的枚举门禁	项目及传入指针在调用期间有效；具体失败条件由局部检查决定	zr_vm_library/src/zr_vm_library/project/project_manifest_v2.c:1236	no-comment	三种固定依赖来源的枚举门禁，调用方组合来源约束。
zr_vm_library/src/zr_vm_library/project/project_manifest_v2.c	library_project_manifest_v2_validate_dependency_collection	function	zr_vm_library/src/zr_vm_library/project/project_manifest_v2.c:1275	序列化前确认版本和来源可发布；包根字面量由后续排序与写出链再验证。	包根字面量由后续排序与写出链再验证。	zr_vm_library/src/zr_vm_library/project/project_manifest_v2.c:1244	commented	调用方需了解：序列化前确认版本和来源可发布；包根字面量由后续排序与写出链再验证。
zr_vm_library/src/zr_vm_library/project/project_manifest_v2.c	library_project_manifest_v2_validate_writer_input	function	zr_vm_library/src/zr_vm_library/project/project_manifest_v2.c:1454; zr_vm_library/src/zr_vm_library/project/project_manifest_v2_lock.c:507	发布投影的前置门禁比本地加载严格，检查 v2 基础、来源与包导出关系。	调用期间借用输入；输出容量不足或协议校验失败时返回失败	zr_vm_library/src/zr_vm_library/project/project_manifest_v2.c:1266	commented	调用方需了解：发布投影的前置门禁比本地加载严格，检查 v2 基础、来源与包导出关系。
zr_vm_library/src/zr_vm_library/project/project_manifest_v2.c	library_project_manifest_v2_build_aliases	function	zr_vm_library/src/zr_vm_library/project/project_manifest_v2.c:1469	以规范顺序构建别名对象；失败时回收尚未交付给 manifest 的 JSON 节点。	失败时回收尚未交付给 manifest 的 JSON 节点。	zr_vm_library/src/zr_vm_library/project/project_manifest_v2.c:1300	commented	调用方需了解：以规范顺序构建别名对象；失败时回收尚未交付给 manifest 的 JSON 节点。
zr_vm_library/src/zr_vm_library/project/project_manifest_v2.c	library_project_manifest_v2_build_package	function	zr_vm_library/src/zr_vm_library/project/project_manifest_v2.c:1476	按规范排序建立包公开表，工作区目标转回协议字面量。	调用期间借用输入；输出容量不足或协议校验失败时返回失败	zr_vm_library/src/zr_vm_library/project/project_manifest_v2.c:1331	commented	调用方需了解：按规范排序建立包公开表，工作区目标转回协议字面量。
zr_vm_library/src/zr_vm_library/project/project_manifest_v2.c	library_project_manifest_v2_dependency_source_field	function	zr_vm_library/src/zr_vm_library/project/project_manifest_v2.c:1417; zr_vm_library/src/zr_vm_library/project/project_manifest_v2_lock.c:465	枚举到 JSON 字段名的固定映射	项目及传入指针在调用期间有效；具体失败条件由局部检查决定	zr_vm_library/src/zr_vm_library/project/project_manifest_v2.c:1379	no-comment	枚举到 JSON 字段名的固定映射，内部声明已有一致性契约。
zr_vm_library/src/zr_vm_library/project/project_manifest_v2.c	library_project_manifest_v2_build_dependencies	function	zr_vm_library/src/zr_vm_library/project/project_manifest_v2.c:1483	运行与构建依赖共用字段写出规则，来源 kind 决定 JSON 字段名。	调用期间借用输入；输出容量不足或协议校验失败时返回失败	zr_vm_library/src/zr_vm_library/project/project_manifest_v2.c:1394	commented	调用方需了解：运行与构建依赖共用字段写出规则，来源 kind 决定 JSON 字段名。
zr_vm_library/src/zr_vm_library/project/project_manifest_v2.c	ZrLibrary_ProjectManifestV2_Write	function	tests/library/test_project_manifest_v2.c:253	将 v2 可发布声明写成规范 JSON，失败清空输出，不修改项目内状态。	未写出 aotMode/features/resources/preserve/顶层 exports/supportMultithread；需明确本 API 是发布投影还是应提供完整项目往返，入口为带这些选项的 roundtrip 测试。	zr_vm_library/src/zr_vm_library/project/project_manifest_v2.c:1440	TODO	未写出 aotMode/features/resources/preserve/顶层 exports/supportMultithread；需明确本 API 是发布投影还是应提供完整项目往返，入口为带这些选项的 roundtrip 测试。
zr_vm_library/src/zr_vm_library/project/project_manifest_v2_lock.c	library_project_manifest_v2_lock_set_error	function	zr_vm_library/src/zr_vm_library/project/project_manifest_v2_lock.c:288	可选诊断缓冲写入器	项目及传入指针在调用期间有效；具体失败条件由局部检查决定	zr_vm_library/src/zr_vm_library/project/project_manifest_v2_lock.c:11	no-comment	可选诊断缓冲写入器，空指针和容量在本地处理。
zr_vm_library/src/zr_vm_library/project/project_manifest_v2_lock.c	library_project_manifest_v2_lock_field_count	function	zr_vm_library/src/zr_vm_library/project/project_manifest_v2_lock.c:115	cJSON 查找仅取首个同名字段，严格计数才能拒绝重复键和混入的协议字段。	项目及传入指针在调用期间有效；具体失败条件由局部检查决定	zr_vm_library/src/zr_vm_library/project/project_manifest_v2_lock.c:31	commented	调用方需了解：cJSON 查找仅取首个同名字段，严格计数才能拒绝重复键和混入的协议字段。
zr_vm_library/src/zr_vm_library/project/project_manifest_v2_lock.c	library_project_manifest_v2_lock_find_dependency	function	zr_vm_library/src/zr_vm_library/project/project_manifest_v2_lock.c:50	锁项必须在对应 phase 的 manifest 依赖段中有唯一声明，避免把重复身份当有效。	项目及传入指针在调用期间有效；具体失败条件由局部检查决定	zr_vm_library/src/zr_vm_library/project/project_manifest_v2_lock.c:49	commented	调用方需了解：锁项必须在对应 phase 的 manifest 依赖段中有唯一声明，避免把重复身份当有效。
zr_vm_library/src/zr_vm_library/project/project_manifest_v2_lock.c	library_project_manifest_v2_lock_parse_provider	function	zr_vm_library/src/zr_vm_library/project/project_manifest_v2_lock.c:135	锁定来源类型须与 manifest 来源一致，不能用 registry 锁替代 path 声明。	输入、所属 project 和输出缓冲须有效；失败返回值不可作为已解析身份或路径使用	zr_vm_library/src/zr_vm_library/project/project_manifest_v2_lock.c:70	commented	调用方需了解：锁定来源类型须与 manifest 来源一致，不能用 registry 锁替代 path 声明。
zr_vm_library/src/zr_vm_library/project/project_manifest_v2_lock.c	library_project_manifest_v2_lock_parse_entry	function	zr_vm_library/src/zr_vm_library/project/project_manifest_v2_lock.c:177	锁项协议固定四个非空字段，拒绝缺项、额外项和重复项。	此处不验证 semver、哈希格式或版本约束满足；编译工具消费链另做校验，需核对 runtime 消费是否同样落实。	zr_vm_library/src/zr_vm_library/project/project_manifest_v2_lock.c:93	TODO	此处不验证 semver、哈希格式或版本约束满足；编译工具消费链另做校验，需核对 runtime 消费是否同样落实。
zr_vm_library/src/zr_vm_library/project/project_manifest_v2_lock.c	library_project_manifest_v2_lock_validate_collection	function	zr_vm_library/src/zr_vm_library/project/project_manifest_v2_lock.c:324	深拷贝前按所属依赖集合核对包身份、来源和存储大小，防止部分锁状态进入项目。	项目及传入指针在调用期间有效；具体失败条件由局部检查决定	zr_vm_library/src/zr_vm_library/project/project_manifest_v2_lock.c:146	commented	调用方需了解：深拷贝前按所属依赖集合核对包身份、来源和存储大小，防止部分锁状态进入项目。
zr_vm_library/src/zr_vm_library/project/project_manifest_v2_lock.c	library_project_manifest_v2_lock_copy_collection	function	zr_vm_library/src/zr_vm_library/project/project_manifest_v2_lock.c:368	验证后将 JSON 借用文本复制到项目持有的连续块；rawLock 可在返回后释放。	rawLock 可在返回后释放。	zr_vm_library/src/zr_vm_library/project/project_manifest_v2_lock.c:215	commented	调用方需了解：验证后将 JSON 借用文本复制到项目持有的连续块；rawLock 可在返回后释放。
zr_vm_library/src/zr_vm_library/project/project_manifest_v2_lock.c	ZrLibrary_ProjectManifestV2_ReadDependencyLock	function	tests/library/test_project_manifest_v2.c:381; tests/parser/test_compile_tool_project_import.c:530	锁读入成功才原子替换旧块；失败保留原锁，借出的文本在下一次成功读入或项目释放后失效。	失败保留原锁，借出的文本在下一次成功读入或项目释放后失效。	zr_vm_library/src/zr_vm_library/project/project_manifest_v2_lock.c:267	commented	调用方需了解：锁读入成功才原子替换旧块；失败保留原锁，借出的文本在下一次成功读入或项目释放后失效。
zr_vm_library/src/zr_vm_library/project/project_manifest_v2_lock.c	library_project_manifest_v2_find_lock_entry	function	zr_vm_library/src/zr_vm_library/project/project_manifest_v2_lock.c:416	同名包可跨 runtime/build phase 出现，锁选择必须同时匹配身份与 phase 且唯一。	项目及传入指针在调用期间有效；具体失败条件由局部检查决定	zr_vm_library/src/zr_vm_library/project/project_manifest_v2_lock.c:415	commented	调用方需了解：同名包可跨 runtime/build phase 出现，锁选择必须同时匹配身份与 phase 且唯一。
zr_vm_library/src/zr_vm_library/project/project_manifest_v2_lock.c	library_project_manifest_v2_build_lock_dependency_collection	function	zr_vm_library/src/zr_vm_library/project/project_manifest_v2_lock.c:513	按 manifest 的规范顺序序列化锁项，每个声明必须恰有同 phase、同来源的锁结果。	调用期间借用输入；输出容量不足或协议校验失败时返回失败	zr_vm_library/src/zr_vm_library/project/project_manifest_v2_lock.c:436	commented	调用方需了解：按 manifest 的规范顺序序列化锁项，每个声明必须恰有同 phase、同来源的锁结果。
zr_vm_library/src/zr_vm_library/project/project_manifest_v2_lock.c	ZrLibrary_ProjectManifestV2_WriteDependencyLock	function	tests/library/test_project_manifest_v2.c:281	依据 manifest 依赖声明校验并排序锁项，再将锁文件单独写出。	失败时清空输出；调用期间借用 entries 文本。	zr_vm_library/src/zr_vm_library/project/project_manifest_v2_lock.c:492;zr_vm_library/src/zr_vm_library/project/project_manifest_v2_lock.c:507;zr_vm_library/src/zr_vm_library/project/project_manifest_v2_lock.c:516	commented	注释说明独立写出不等于脱离 manifest 声明
zr_vm_library/src/zr_vm_library/project/project_module_specifier.c	module_specifier_set_error	function	zr_vm_library/src/zr_vm_library/project/project_module_specifier.c:245	仅实现可选错误缓冲协议	结果与输入身份的域、包根和缓冲容量绑定	zr_vm_library/src/zr_vm_library/project/project_module_specifier.c:7	no-comment	仅实现可选错误缓冲协议，无独立解析语义。
zr_vm_library/src/zr_vm_library/project/project_module_specifier.c	module_specifier_copy_text	function	zr_vm_library/src/zr_vm_library/project/project_module_specifier.c:120	带容量文本复制与清空失败输出	结果与输入身份的域、包根和缓冲容量绑定	zr_vm_library/src/zr_vm_library/project/project_module_specifier.c:27	no-comment	带容量文本复制与清空失败输出，名称和局部检查足够。
zr_vm_library/src/zr_vm_library/project/project_module_specifier.c	module_specifier_is_identifier_start	function	zr_vm_library/src/zr_vm_library/project/project_module_specifier.c:50	标识符首字符谓词	结果与输入身份的域、包根和缓冲容量绑定	zr_vm_library/src/zr_vm_library/project/project_module_specifier.c:45	no-comment	标识符首字符谓词，由 copy_segments 组合为完整段语法。
zr_vm_library/src/zr_vm_library/project/project_module_specifier.c	module_specifier_is_identifier_continue	function	zr_vm_library/src/zr_vm_library/project/project_module_specifier.c:82	标识符后续字符谓词	结果与输入身份的域、包根和缓冲容量绑定	zr_vm_library/src/zr_vm_library/project/project_module_specifier.c:49	no-comment	标识符后续字符谓词，由 copy_segments 组合为完整段语法。
zr_vm_library/src/zr_vm_library/project/project_module_specifier.c	module_specifier_is_segment_separator	function	zr_vm_library/src/zr_vm_library/project/project_module_specifier.c:72	仅识别点与斜线分段符	结果与输入身份的域、包根和缓冲容量绑定	zr_vm_library/src/zr_vm_library/project/project_module_specifier.c:53	no-comment	仅识别点与斜线分段符，归一意图已在 copy_segments 注释。
zr_vm_library/src/zr_vm_library/project/project_module_specifier.c	module_specifier_copy_segments	function	zr_vm_library/src/zr_vm_library/project/project_module_specifier.c:196	manifest 与 parser 共用标识符分段语法，将点和斜线写法折叠为同一身份。	结果与输入身份的域、包根和缓冲容量绑定	zr_vm_library/src/zr_vm_library/project/project_module_specifier.c:58	commented	调用方需了解：manifest 与 parser 共用标识符分段语法，将点和斜线写法折叠为同一身份。
zr_vm_library/src/zr_vm_library/project/project_module_specifier.c	module_specifier_split_root	function	zr_vm_library/src/zr_vm_library/project/project_module_specifier.c:206	alias 与 package 的根和可空子段在绑定前分开，供重写时保留请求后缀。	结果与输入身份的域、包根和缓冲容量绑定	zr_vm_library/src/zr_vm_library/project/project_module_specifier.c:100	commented	调用方需了解：alias 与 package 的根和可空子段在绑定前分开，供重写时保留请求后缀。
zr_vm_library/src/zr_vm_library/project/project_module_specifier.c	module_specifier_is_official_native_literal	function	zr_vm_library/src/zr_vm_library/project/project_module_specifier.c:269	zr 官方命名空间优先分类，防止 registered native 字面量抢占。	结果与输入身份的域、包根和缓冲容量绑定	zr_vm_library/src/zr_vm_library/project/project_module_specifier.c:124	commented	调用方需了解：zr 官方命名空间优先分类，防止 registered native 字面量抢占。
zr_vm_library/src/zr_vm_library/project/project_module_specifier.c	module_specifier_is_file_locator	function	zr_vm_library/src/zr_vm_library/project/project_module_specifier.c:256	file: 只保留定位符外形，裸磁盘路径不能混作规范模块身份。	结果与输入身份的域、包根和缓冲容量绑定	zr_vm_library/src/zr_vm_library/project/project_module_specifier.c:129	commented	调用方需了解：file: 只保留定位符外形，裸磁盘路径不能混作规范模块身份。
zr_vm_library/src/zr_vm_library/project/project_module_specifier.c	module_specifier_identity_is_valid	function	zr_vm_library/src/zr_vm_library/project/project_module_specifier.c:321	身份比较及相对解析前验证域与包名，拒绝未建立的身份状态。	结果与输入身份的域、包根和缓冲容量绑定	zr_vm_library/src/zr_vm_library/project/project_module_specifier.c:151	commented	调用方需了解：身份比较及相对解析前验证域与包名，拒绝未建立的身份状态。
zr_vm_library/src/zr_vm_library/project/project_module_specifier.c	module_specifier_parse_relative	function	zr_vm_library/src/zr_vm_library/project/project_module_specifier.c:279	相对请求先保存父层级，实际目标需等到已有当前模块身份时再求值。	输入、所属 project 和输出缓冲须有效；失败返回值不可作为已解析身份或路径使用	zr_vm_library/src/zr_vm_library/project/project_module_specifier.c:169	commented	调用方需了解：相对请求先保存父层级，实际目标需等到已有当前模块身份时再求值。
zr_vm_library/src/zr_vm_library/project/project_module_specifier.c	module_specifier_parse_alias	function	zr_vm_library/src/zr_vm_library/project/project_module_specifier.c:287	保留 # 根及子段，不在语法解析时查项目别名目标。	输入、所属 project 和输出缓冲须有效；失败返回值不可作为已解析身份或路径使用	zr_vm_library/src/zr_vm_library/project/project_module_specifier.c:201	commented	调用方需了解：保留 # 根及子段，不在语法解析时查项目别名目标。
zr_vm_library/src/zr_vm_library/project/project_module_specifier.c	module_specifier_parse_package	function	zr_vm_library/src/zr_vm_library/project/project_module_specifier.c:295	保留 @ 包根及子段，不在语法解析时决定实际 provider。	输入、所属 project 和输出缓冲须有效；失败返回值不可作为已解析身份或路径使用	zr_vm_library/src/zr_vm_library/project/project_module_specifier.c:219	commented	调用方需了解：保留 @ 包根及子段，不在语法解析时决定实际 provider。
zr_vm_library/src/zr_vm_library/project/project_module_specifier.c	ZrLibrary_ModuleSpecifier_Parse	function	zr_vm_parser/src/zr_vm_parser/compiler/compile_tool_artifact.c:543; zr_vm_parser/src/zr_vm_parser/compiler/compile_tool_project_provider.c:37; zr_vm_parser/src/zr_vm_parser/project_imports.c:93	parser 与 manifest 的统一字面量分类入口；失败后的输出可能含部分字段，不得继续使用。	失败后的输出可能含部分字段，不得继续使用。	zr_vm_library/src/zr_vm_library/project/project_module_specifier.c:238	commented	调用方需了解：parser 与 manifest 的统一字面量分类入口；失败后的输出可能含部分字段，不得继续使用。
zr_vm_library/src/zr_vm_library/project/project_module_specifier.c	ZrLibrary_ModuleIdentity_Equals	function	zr_vm_parser/src/zr_vm_parser/compiler/compile_tool_project_provider.c:138; zr_vm_library/src/zr_vm_library/project/project_manifest_v2_lock.c:57; tests/library/test_project_module_specifier.c:47	包锁和 provider 去重比较域、模块段与包名，避免同名跨域身份混淆。	结果与输入身份的域、包根和缓冲容量绑定	zr_vm_library/src/zr_vm_library/project/project_module_specifier.c:319	commented	调用方需了解：包锁和 provider 去重比较域、模块段与包名，避免同名跨域身份混淆。
zr_vm_library/src/zr_vm_library/project/project_module_specifier.c	ZrLibrary_ModuleSpecifier_ResolveRelative	function	tests/library/test_project_module_specifier.c:93	相对请求只能从工作区或包内非根模块求值，越过所属根则失败。	当前直接调用仅库测试；需核对生产相对 import 仍走旧 resolver 时两套身份规则的收敛关系。	zr_vm_library/src/zr_vm_library/project/project_module_specifier.c:328	TODO	当前直接调用仅库测试；需核对生产相对 import 仍走旧 resolver 时两套身份规则的收敛关系。
zr_vm_library/src/zr_vm_library/project/project_preserve.c	library_project_preserve_validate_target	function	zr_vm_library/src/zr_vm_library/project/project_preserve.c:118	preserve 目标用于后续声明查找；此处只排除路径和保留分隔符，实际声明有效性由 AOT 根收集器核对。	此处只排除路径和保留分隔符，实际声明有效性由 AOT 根收集器核对。	zr_vm_library/src/zr_vm_library/project/project_preserve.c:9	commented	调用方需了解：preserve 目标用于后续声明查找；此处只排除路径和保留分隔符，实际声明有效性由 AOT 根收集器核对。
zr_vm_library/src/zr_vm_library/project/project_preserve.c	library_project_preserve_parse_kind	function	zr_vm_library/src/zr_vm_library/project/project_preserve.c:227	仅将三个固定规则类别映射到枚举	输入、所属 project 和输出缓冲须有效；失败返回值不可作为已解析身份或路径使用	zr_vm_library/src/zr_vm_library/project/project_preserve.c:36	no-comment	仅将三个固定规则类别映射到枚举，无独立跨层状态。
zr_vm_library/src/zr_vm_library/project/project_preserve.c	library_project_preserve_parse_members	function	zr_vm_library/src/zr_vm_library/project/project_preserve.c:233	仅将可缺省的成员扩展选项映射到枚举	输入、所属 project 和输出缓冲须有效；失败返回值不可作为已解析身份或路径使用	zr_vm_library/src/zr_vm_library/project/project_preserve.c:59	no-comment	仅将可缺省的成员扩展选项映射到枚举，调用限制已由解析入口说明。
zr_vm_library/src/zr_vm_library/project/project_preserve.c	library_project_preserve_parse_generic_arguments	function	zr_vm_library/src/zr_vm_library/project/project_preserve.c:266	generic 保留规则的实参是非空声明名列表，后续 CLI 会按该列表构造具体实例根。	输入、所属 project 和输出缓冲须有效；失败返回值不可作为已解析身份或路径使用	zr_vm_library/src/zr_vm_library/project/project_preserve.c:82	commented	调用方需了解：generic 保留规则的实参是非空声明名列表，后续 CLI 会按该列表构造具体实例根。
zr_vm_library/src/zr_vm_library/project/project_preserve.c	library_project_free_preserve_rules	function	zr_vm_library/src/zr_vm_library/project/project.c:2185	已分配但尚未提交的规则可能仍持有 genericArguments；按容量逐项释放以覆盖解析失败。	按容量逐项释放以覆盖解析失败。	zr_vm_library/src/zr_vm_library/project/project_preserve.c:134	commented	调用方需了解：已分配但尚未提交的规则可能仍持有 genericArguments；按容量逐项释放以覆盖解析失败。
zr_vm_library/src/zr_vm_library/project/project_preserve.c	library_project_parse_preserve_rules	function	zr_vm_library/src/zr_vm_library/project/project.c:2191	manifest preserve 规则经项目对象传给 CLI AOT roots；feature/featureValue 成对限定规则是否启用。	feature/featureValue 成对限定规则是否启用。	zr_vm_library/src/zr_vm_library/project/project_preserve.c:168	commented	调用方需了解：manifest preserve 规则经项目对象传给 CLI AOT roots；feature/featureValue 成对限定规则是否启用。
zr_vm_library/include/zr_vm_library/project.h	ZrLibrary_ModuleIdentity_Equals@declaration	function	zr_vm_parser/src/zr_vm_parser/compiler/compile_tool_project_provider.c:138; zr_vm_library/src/zr_vm_library/project/project_manifest_v2_lock.c:57; zr_vm_library/src/zr_vm_library/project/project_module_specifier.c:319	比较规范身份而非原始 import 字面量，避免路径分隔写法影响去重。	结果与输入身份的域、包根和缓冲容量绑定	zr_vm_library/include/zr_vm_library/project.h:318	commented	调用方需了解：比较规范身份而非原始 import 字面量，避免路径分隔写法影响去重。
zr_vm_library/include/zr_vm_library/project.h	ZrLibrary_ModuleSpecifier_Parse@declaration	function	zr_vm_parser/src/zr_vm_parser/compiler/compile_tool_artifact.c:543; zr_vm_parser/src/zr_vm_parser/compiler/compile_tool_project_provider.c:37; zr_vm_parser/src/zr_vm_parser/project_imports.c:93	将 import 字面量解析成显式类别与身份；失败时 errorBuffer 可接收诊断。	失败时 errorBuffer 可接收诊断。	zr_vm_library/include/zr_vm_library/project.h:312	commented	调用方需了解：将 import 字面量解析成显式类别与身份；失败时 errorBuffer 可接收诊断。
zr_vm_library/include/zr_vm_library/project.h	ZrLibrary_ModuleSpecifier_ResolveRelative@declaration	function	zr_vm_library/src/zr_vm_library/project/project_module_specifier.c:328; tests/library/test_project_module_specifier.c:93	以当前模块身份为基准解析相对 import；越过其归属域根时失败。	越过其归属域根时失败。	zr_vm_library/include/zr_vm_library/project.h:322	commented	调用方需了解：以当前模块身份为基准解析相对 import；越过其归属域根时失败。
zr_vm_library/include/zr_vm_library/project.h	ZrLibrary_ProjectManifestV2_ReadDependencyLock@declaration	function	zr_vm_library/src/zr_vm_library/project/project_manifest_v2_lock.c:267; tests/library/test_project_manifest_v2.c:381; tests/parser/test_compile_tool_project_import.c:530	将锁文件绑定到已有项目声明；失败时不应将部分结果视为有效锁状态。	失败时不应将部分结果视为有效锁状态。	zr_vm_library/include/zr_vm_library/project.h:355	commented	调用方需了解：将锁文件绑定到已有项目声明；失败时不应将部分结果视为有效锁状态。
zr_vm_library/include/zr_vm_library/project.h	ZrLibrary_ProjectManifestV2_Write@declaration	function	zr_vm_library/src/zr_vm_library/project/project_manifest_v2.c:1440; tests/library/test_project_manifest_v2.c:253	将项目中可发布的 v2 声明写成规范 manifest 投影；调用者提供足够大的输出缓冲。	调用者提供足够大的输出缓冲。	zr_vm_library/include/zr_vm_library/project.h:342	commented	调用方需了解：将项目中可发布的 v2 声明写成规范 manifest 投影；调用者提供足够大的输出缓冲。
zr_vm_library/include/zr_vm_library/project.h	ZrLibrary_ProjectManifestV2_WriteDependencyLock@declaration	function	zr_vm_library/src/zr_vm_library/project/project_manifest_v2_lock.c:492; tests/library/test_project_manifest_v2.c:281	输出经解析的依赖锁，供可重复构建和依赖验证使用。	调用期间借用输入；输出容量不足或协议校验失败时返回失败	zr_vm_library/include/zr_vm_library/project.h:347	commented	调用方需了解：输出经解析的依赖锁，供可重复构建和依赖验证使用。
zr_vm_library/include/zr_vm_library/project.h	ZrLibrary_Project_DeriveCurrentModuleKey@declaration	function	zr_vm_parser/src/zr_vm_parser/project_imports.c:1174; zr_vm_library/src/zr_vm_library/project/project_import_resolver.c:676; tests/library/test_project_import_resolver.c:21	从显式键或源文件位置推导当前模块键，为相对 import 提供可信基点。	结果与输入身份的域、包根和缓冲容量绑定	zr_vm_library/include/zr_vm_library/project.h:368	commented	调用方需了解：从显式键或源文件位置推导当前模块键，为相对 import 提供可信基点。
zr_vm_library/include/zr_vm_library/project.h	ZrLibrary_Project_Do@declaration	function	仓库当前无生产调用；ZrLibrary_Project_Run 的无结果包装入口	无结果包装入口，只委托 Run 并丢弃结果；需要诊断的调用者应使用 Run。	需要诊断的调用者应使用 Run。	zr_vm_library/include/zr_vm_library/project.h:451	commented	调用方需了解：无结果包装入口，只委托 Run 并丢弃结果；需要诊断的调用者应使用 Run。
zr_vm_library/include/zr_vm_library/project.h	ZrLibrary_Project_Free@declaration	function	zr_vm_library/src/zr_vm_library/common_state.c:135; tests/library/test_project_import_provider_version_selection.c:76; tests/library/test_project_import_resolver.c:312	释放 New 建立的项目资源；调用后不得再使用项目中借出的归档和字符串视图。 @pre project 非空时 state 与 state->global 必须仍然有效。	调用后不得再使用项目中借出的归档和字符串视图。 @pre project 非空时 state 与 state->global 必须仍然有效。	zr_vm_library/include/zr_vm_library/project.h:306	commented	调用方需了解：释放 New 建立的项目资源；调用后不得再使用项目中借出的归档和字符串视图。 @pre project 非空时 state 与 state->global 必须仍然有效。
zr_vm_library/include/zr_vm_library/project.h	ZrLibrary_Project_GetDependencyImportVersionRange@declaration	function	zr_vm_parser/src/zr_vm_parser/compiler/module_init_analysis.c:594; zr_vm_library/src/zr_vm_library/project/project_import_provider_location.c:281; zr_vm_library/src/zr_vm_library/project/project_import_resolver.c:1059	查询跨依赖 import 的程序集与版本限制，供编译和元数据装载校验。	结果与输入身份的域、包根和缓冲容量绑定	zr_vm_library/include/zr_vm_library/project.h:386	commented	调用方需了解：查询跨依赖 import 的程序集与版本限制，供编译和元数据装载校验。
zr_vm_library/include/zr_vm_library/project.h	ZrLibrary_Project_GetFromGlobal@declaration	function	zr_vm_parser/src/zr_vm_parser/compiler/compile_tool_evaluator.c:524; zr_vm_parser/src/zr_vm_parser/compiler/compile_tool_project_provider.c:308; zr_vm_parser/src/zr_vm_parser/compiler/compiler_attribute_binding.c:448	从全局状态取当前有效项目；解析器和运行时在使用前据签名确认 userData 类型。	解析器和运行时在使用前据签名确认 userData 类型。	zr_vm_library/include/zr_vm_library/project.h:309	commented	调用方需了解：从全局状态取当前有效项目；解析器和运行时在使用前据签名确认 userData 类型。
zr_vm_library/include/zr_vm_library/project.h	ZrLibrary_Project_New@declaration	function	zr_vm_library/src/zr_vm_library/common_state.c:111; zr_vm_library/src/zr_vm_library/project/project.c:1998; tests/library/test_project_import_provider_version_selection.c:206	解析项目 manifest，并建立 CLI、解析器及运行器共用的项目状态。 @pre state、state->global、raw 与 file 为有效输入。 @return 失败时返回空指针；成功结果必须由 Project_Free 释放原始数组和归档。	成功结果必须由 Project_Free 释放原始数组和归档。	zr_vm_library/include/zr_vm_library/project.h:302	commented	调用方需了解：解析项目 manifest，并建立 CLI、解析器及运行器共用的项目状态。 @pre state、state->global、raw 与 file 为有效输入。 @return 失败时返回空指针；成功结果必须由 Project_Free 释放原始数组和归档。
zr_vm_library/include/zr_vm_library/project.h	ZrLibrary_Project_NormalizeModuleKey@declaration	function	zr_vm_cli/src/zr_vm_cli/project/project.c:428; zr_vm_library/src/zr_vm_library/project/project.c:335; zr_vm_library/src/zr_vm_library/project/project_import_resolver.c:372	把模块路径收敛为统一的 import 键，供缓存、解析和文件定位共用。	结果与输入身份的域、包根和缓冲容量绑定	zr_vm_library/include/zr_vm_library/project.h:363	commented	调用方需了解：把模块路径收敛为统一的 import 键，供缓存、解析和文件定位共用。
zr_vm_library/include/zr_vm_library/project.h	ZrLibrary_Project_ResolveAssemblyOutputPath@declaration	function	zr_vm_cli/src/zr_vm_cli/compiler/compiler.c:347; zr_vm_library/src/zr_vm_library/project/project_import_resolver.c:1328; tests/library/test_project_import_resolver.c:706	解析项目程序集最终产物位置，供 CLI 编译输出使用。	输入、所属 project 和输出缓冲须有效；失败返回值不可作为已解析身份或路径使用	zr_vm_library/include/zr_vm_library/project.h:436	commented	调用方需了解：解析项目程序集最终产物位置，供 CLI 编译输出使用。
zr_vm_library/include/zr_vm_library/project.h	ZrLibrary_Project_ResolveBinaryPath@declaration	function	zr_vm_cli/src/zr_vm_cli/project/project.c:460; zr_vm_library/src/zr_vm_library/project/project.c:2271; zr_vm_library/src/zr_vm_library/project/project_import_provider_location.c:317	解析规范模块键对应的编译后二进制位置。	输入、所属 project 和输出缓冲须有效；失败返回值不可作为已解析身份或路径使用	zr_vm_library/include/zr_vm_library/project.h:424	commented	调用方需了解：解析规范模块键对应的编译后二进制位置。
zr_vm_library/include/zr_vm_library/project.h	ZrLibrary_Project_ResolveImportModuleKey@declaration	function	zr_vm_parser/src/zr_vm_parser/project_imports.c:219; zr_vm_library/src/zr_vm_library/project/project_import_provider_location.c:271; zr_vm_library/src/zr_vm_library/project/project_import_resolver.c:813	把 import 请求解析成唯一模块键，统一工作区、别名和依赖包的边界。	输入、所属 project 和输出缓冲须有效；失败返回值不可作为已解析身份或路径使用	zr_vm_library/include/zr_vm_library/project.h:377	commented	调用方需了解：把 import 请求解析成唯一模块键，统一工作区、别名和依赖包的边界。
zr_vm_library/include/zr_vm_library/project.h	ZrLibrary_Project_ResolveImportProviderAotLoadRequest@declaration	function	zr_vm_library/src/zr_vm_library/aot_runtime.c:3051; zr_vm_library/src/zr_vm_library/project/project_import_provider_location.c:340; tests/library/test_project_import_provider_version_selection.c:121	在 provider 定位结果上加入 AOT 后端与动态库路径，供运行时加载。	输入、所属 project 和输出缓冲须有效；失败返回值不可作为已解析身份或路径使用	zr_vm_library/include/zr_vm_library/project.h:408	commented	调用方需了解：在 provider 定位结果上加入 AOT 后端与动态库路径，供运行时加载。
zr_vm_library/include/zr_vm_library/project.h	ZrLibrary_Project_ResolveImportProviderLocation@declaration	function	zr_vm_library/src/zr_vm_library/project/project_import_provider_location.c:231; tests/library/test_project_import_resolver.c:588	定位 import 的 provider，返回模块键与源、二进制或归档入口。 @note outLocation 中的指针借用 project，项目释放后失效。	输入、所属 project 和输出缓冲须有效；失败返回值不可作为已解析身份或路径使用	zr_vm_library/include/zr_vm_library/project.h:397	commented	调用方需了解：定位 import 的 provider，返回模块键与源、二进制或归档入口。 @note outLocation 中的指针借用 project，项目释放后失效。
zr_vm_library/include/zr_vm_library/project.h	ZrLibrary_Project_ResolveIntermediatePath@declaration	function	zr_vm_cli/src/zr_vm_cli/project/project.c:480; zr_vm_library/src/zr_vm_library/project/project_import_provider_location.c:321; zr_vm_library/src/zr_vm_library/project/project_import_resolver.c:1315	解析 AOT/编译中间产物位置，保持与源、二进制模块键一致。	输入、所属 project 和输出缓冲须有效；失败返回值不可作为已解析身份或路径使用	zr_vm_library/include/zr_vm_library/project.h:430	commented	调用方需了解：解析 AOT/编译中间产物位置，保持与源、二进制模块键一致。
zr_vm_library/include/zr_vm_library/project.h	ZrLibrary_Project_ResolveManifestAlias@declaration	function	zr_vm_library/src/zr_vm_library/project/project_manifest_v2.c:585; tests/library/test_project_manifest_v2.c:174	将 v2 alias 请求替换为 manifest 声明的目标，同时保留请求后缀。	输入、所属 project 和输出缓冲须有效；失败返回值不可作为已解析身份或路径使用	zr_vm_library/include/zr_vm_library/project.h:330	commented	调用方需了解：将 v2 alias 请求替换为 manifest 声明的目标，同时保留请求后缀。
zr_vm_library/include/zr_vm_library/project.h	ZrLibrary_Project_ResolvePackageExport@declaration	function	zr_vm_library/src/zr_vm_library/project/project_manifest_v2.c:656; tests/library/test_project_manifest_v2.c:195	只把包中显式导出的键解析为目标；未导出键须保持不可访问。	未导出键须保持不可访问。	zr_vm_library/include/zr_vm_library/project.h:336	commented	调用方需了解：只把包中显式导出的键解析为目标；未导出键须保持不可访问。
zr_vm_library/include/zr_vm_library/project.h	ZrLibrary_Project_ResolveSourcePath@declaration	function	zr_vm_cli/src/zr_vm_cli/project/project.c:440; zr_vm_library/src/zr_vm_library/project/project.c:2266; zr_vm_library/src/zr_vm_library/project/project_import_provider_location.c:313	解析规范模块键对应的源文件位置；依赖包会使用各自的源根。	依赖包会使用各自的源根。	zr_vm_library/include/zr_vm_library/project.h:418	commented	调用方需了解：解析规范模块键对应的源文件位置；依赖包会使用各自的源根。
zr_vm_library/include/zr_vm_library/project.h	ZrLibrary_Project_ResolveZrmModuleEntry@declaration	function	zr_vm_library/src/zr_vm_library/project/project.c:2334; zr_vm_library/src/zr_vm_library/project/project_import_provider_location.c:295; zr_vm_library/src/zr_vm_library/project/project_import_resolver.c:1366	在已打开依赖归档中查找模块条目；返回指针借用项目持有的 ZRM。	返回指针借用项目持有的 ZRM。	zr_vm_library/include/zr_vm_library/project.h:441	commented	调用方需了解：在已打开依赖归档中查找模块条目；返回指针借用项目持有的 ZRM。
zr_vm_library/include/zr_vm_library/project.h	ZrLibrary_Project_Run@declaration	function	zr_vm_cli/src/zr_vm_cli/runtime/runtime.c:1069; zr_vm_library/src/zr_vm_library/project/project.c:2495; tests/parser/test_compiler_regressions.c:98	运行当前项目入口，并把执行状态及结果交还 CLI 或测试调用者。	VM state 与 project 在调用期间有效；异常和 Io 生命周期由入口协调	zr_vm_library/include/zr_vm_library/project.h:448	commented	调用方需了解：运行当前项目入口，并把执行状态及结果交还 CLI 或测试调用者。
zr_vm_library/include/zr_vm_library/project.h	ZrLibrary_Project_SourceLoadImplementation@declaration	function	zr_vm_cli/src/zr_vm_cli/runtime/runtime.c:714; zr_vm_library/src/zr_vm_library/common_state.c:121; tests/library/test_project_import_resolver.c:908	VM 源加载回调；根据项目归属解析模块键并装载源、二进制或 ZRM 条目。	根据项目归属解析模块键并装载源、二进制或 ZRM 条目。	zr_vm_library/include/zr_vm_library/project.h:454	commented	调用方需了解：VM 源加载回调；根据项目归属解析模块键并装载源、二进制或 ZRM 条目。
zr_vm_library/src/zr_vm_library/project/project_aot_options.h	library_project_parse_aot_options@declaration	function	zr_vm_library/src/zr_vm_library/project/project.c:2135	解析项目 AOT 模式，缺省使用 hybrid，供 CLI 编译选项消费。	输入、所属 project 和输出缓冲须有效；失败返回值不可作为已解析身份或路径使用	zr_vm_library/src/zr_vm_library/project/project_aot_options.h:8	commented	调用方需了解：解析项目 AOT 模式，缺省使用 hybrid，供 CLI 编译选项消费。
zr_vm_library/src/zr_vm_library/project/project_exports.h	library_project_free_export_declarations@declaration	function	zr_vm_library/src/zr_vm_library/project/project.c:2205	项目构造失败或析构时释放原生导出数组；GC 字符串仍由 VM 持有。	GC 字符串仍由 VM 持有。	zr_vm_library/src/zr_vm_library/project/project_exports.h:10	commented	调用方需了解：项目构造失败或析构时释放原生导出数组；GC 字符串仍由 VM 持有。
zr_vm_library/src/zr_vm_library/project/project_exports.h	library_project_parse_export_declarations@declaration	function	zr_vm_library/src/zr_vm_library/project/project.c:2201	将 manifest exports 投影为 CLI AOT 导出根；失败由项目构造器统一清理。	失败由项目构造器统一清理。	zr_vm_library/src/zr_vm_library/project/project_exports.h:8	commented	调用方需了解：将 manifest exports 投影为 CLI AOT 导出根；失败由项目构造器统一清理。
zr_vm_library/src/zr_vm_library/project/project_features.h	library_project_free_feature_switches@declaration	function	zr_vm_library/src/zr_vm_library/project/project.c:2145	释放项目持有的原生 feature 数组，包括解析中途的分配。	原生分配和打开的归档由同一项目生命周期回收；GC 字符串不逐项释放	zr_vm_library/src/zr_vm_library/project/project_features.h:10	commented	调用方需了解：释放项目持有的原生 feature 数组，包括解析中途的分配。
zr_vm_library/src/zr_vm_library/project/project_features.h	library_project_parse_feature_switches@declaration	function	zr_vm_library/src/zr_vm_library/project/project.c:2143	解析 manifest features，供编译期条件和 AOT 保留规则共用。	输入、所属 project 和输出缓冲须有效；失败返回值不可作为已解析身份或路径使用	zr_vm_library/src/zr_vm_library/project/project_features.h:8	commented	调用方需了解：解析 manifest features，供编译期条件和 AOT 保留规则共用。
zr_vm_library/src/zr_vm_library/project/project_manifest_v2.h	library_project_manifest_v2_dependency_index_at_ordinal@declaration	function	zr_vm_library/src/zr_vm_library/project/project_manifest_v2.c:1196; zr_vm_library/src/zr_vm_library/project/project_manifest_v2_lock.c:455	按规范包身份选择指定序位，写出器借此获得与输入数组顺序无关的结果。	项目及传入指针在调用期间有效；具体失败条件由局部检查决定	zr_vm_library/src/zr_vm_library/project/project_manifest_v2.h:29	commented	调用方需了解：按规范包身份选择指定序位，写出器借此获得与输入数组顺序无关的结果。
zr_vm_library/src/zr_vm_library/project/project_manifest_v2.h	library_project_manifest_v2_dependency_source_field@declaration	function	zr_vm_library/src/zr_vm_library/project/project_manifest_v2.c:1379; zr_vm_library/src/zr_vm_library/project/project_manifest_v2_lock.c:465	依赖来源种类对应唯一 JSON 字段名，供清单与锁协议保持一致。	项目及传入指针在调用期间有效；具体失败条件由局部检查决定	zr_vm_library/src/zr_vm_library/project/project_manifest_v2.h:36	commented	调用方需了解：依赖来源种类对应唯一 JSON 字段名，供清单与锁协议保持一致。
zr_vm_library/src/zr_vm_library/project/project_manifest_v2.h	library_project_manifest_v2_free_declarations@declaration	function	zr_vm_library/src/zr_vm_library/project/project.c:2233; zr_vm_library/src/zr_vm_library/project/project_manifest_v2.c:502	构造失败和项目析构共用清理，包括锁读入后由项目持有的字符串块。	原生分配和打开的归档由同一项目生命周期回收；GC 字符串不逐项释放	zr_vm_library/src/zr_vm_library/project/project_manifest_v2.h:40	commented	调用方需了解：构造失败和项目析构共用清理，包括锁读入后由项目持有的字符串块。
zr_vm_library/src/zr_vm_library/project/project_manifest_v2.h	library_project_manifest_v2_package_identity_to_literal@declaration	function	zr_vm_library/src/zr_vm_library/project/project_manifest_v2.c:1102; zr_vm_library/src/zr_vm_library/project/project_manifest_v2_lock.c:474	将规范包身份转为公开 @ 根字面量，供 manifest 与锁写出共用。	项目及传入指针在调用期间有效；具体失败条件由局部检查决定	zr_vm_library/src/zr_vm_library/project/project_manifest_v2.h:23	commented	调用方需了解：将规范包身份转为公开 @ 根字面量，供 manifest 与锁写出共用。
zr_vm_library/src/zr_vm_library/project/project_manifest_v2.h	library_project_manifest_v2_parse_declarations@declaration	function	zr_vm_library/src/zr_vm_library/project/project.c:2219; zr_vm_library/src/zr_vm_library/project/project_manifest_v2.c:561	装入 v2 别名、包导出和两类依赖；失败时回滚原生声明数组。	失败时回滚原生声明数组。	zr_vm_library/src/zr_vm_library/project/project_manifest_v2.h:15	commented	调用方需了解：装入 v2 别名、包导出和两类依赖；失败时回滚原生声明数组。
zr_vm_library/src/zr_vm_library/project/project_manifest_v2.h	library_project_manifest_v2_validate_base@declaration	function	zr_vm_library/src/zr_vm_library/project/project.c:2014	v2 声明解析前确认项目最小可装载字段齐备。	项目及传入指针在调用期间有效；具体失败条件由局部检查决定	zr_vm_library/src/zr_vm_library/project/project_manifest_v2.h:12	commented	调用方需了解：v2 声明解析前确认项目最小可装载字段齐备。
zr_vm_library/src/zr_vm_library/project/project_manifest_v2.h	library_project_manifest_v2_validate_writer_input@declaration	function	zr_vm_library/src/zr_vm_library/project/project_manifest_v2.c:1454; zr_vm_library/src/zr_vm_library/project/project_manifest_v2_lock.c:507	写出规范发布清单之前执行比本地加载更严格的来源和身份检查。	调用期间借用输入；输出容量不足或协议校验失败时返回失败	zr_vm_library/src/zr_vm_library/project/project_manifest_v2.h:20	commented	调用方需了解：写出规范发布清单之前执行比本地加载更严格的来源和身份检查。
zr_vm_library/src/zr_vm_library/project/project_manifest_v2.h	library_project_manifest_validate_version@declaration	function	zr_vm_library/src/zr_vm_library/project/project.c:2013	构造项目时选择 v1/v2 清单语义；无显式版本按 v1 兼容。	无显式版本按 v1 兼容。	zr_vm_library/src/zr_vm_library/project/project_manifest_v2.h:9	commented	调用方需了解：构造项目时选择 v1/v2 清单语义；无显式版本按 v1 兼容。
zr_vm_library/src/zr_vm_library/project/project_preserve.h	library_project_free_preserve_rules@declaration	function	zr_vm_library/src/zr_vm_library/project/project.c:2185	清理规则及嵌套 genericArguments 原生数组，允许解析中途调用。	原生分配和打开的归档由同一项目生命周期回收；GC 字符串不逐项释放	zr_vm_library/src/zr_vm_library/project/project_preserve.h:10	commented	调用方需了解：清理规则及嵌套 genericArguments 原生数组，允许解析中途调用。
zr_vm_library/src/zr_vm_library/project/project_preserve.h	library_project_parse_preserve_rules@declaration	function	zr_vm_library/src/zr_vm_library/project/project.c:2191	解析 AOT preserve 规则及 feature 条件；成功后数组归 project 所有。	成功后数组归 project 所有。	zr_vm_library/src/zr_vm_library/project/project_preserve.h:8	commented	调用方需了解：解析 AOT preserve 规则及 feature 条件；成功后数组归 project 所有。
zr_vm_library/include/zr_vm_library/project.h	EZrLibrary_ModuleDomain	type	zr_vm_library/src/zr_vm_library/project/project_module_specifier.c:338	已规范化的模块归属域；相同文本在不同域中仍是不同模块身份。	相同文本在不同域中仍是不同模块身份。	zr_vm_library/include/zr_vm_library/project.h:18	commented	调用方需了解：已规范化的模块归属域；相同文本在不同域中仍是不同模块身份。
zr_vm_library/include/zr_vm_library/project.h	EZrLibrary_ModuleSpecifierKind	type	zr_vm_library/src/zr_vm_library/project/project_manifest_v2.c:76	import 字面量的语法类别；解析后才映射到模块身份或文件定位符。	解析后才映射到模块身份或文件定位符。	zr_vm_library/include/zr_vm_library/project.h:27	commented	调用方需了解：import 字面量的语法类别；解析后才映射到模块身份或文件定位符。
zr_vm_library/include/zr_vm_library/project.h	SZrLibrary_ModuleIdentity	type	zr_vm_parser/src/zr_vm_parser/compiler/compile_tool_artifact.c:95; zr_vm_parser/src/zr_vm_parser/project_imports.c:102; zr_vm_library/src/zr_vm_library/project/project_manifest_v2.c:71	解析器、依赖解析器和 AOT 共享的规范模块身份，保留域与包根以防同名冲突。	结果与输入身份的域、包根和缓冲容量绑定	zr_vm_library/include/zr_vm_library/project.h:39	commented	调用方需了解：解析器、依赖解析器和 AOT 共享的规范模块身份，保留域与包根以防同名冲突。
zr_vm_library/include/zr_vm_library/project.h	SZrLibrary_ModuleSpecifier	type	zr_vm_parser/src/zr_vm_parser/compiler/compile_tool_artifact.c:456; zr_vm_parser/src/zr_vm_parser/compiler/compile_tool_project_provider.c:34; zr_vm_parser/src/zr_vm_parser/project_imports.c:89	import 请求的中间表示；相对层级和 alias/file 定位符在解析前不能当规范键使用。	相对层级和 alias/file 定位符在解析前不能当规范键使用。	zr_vm_library/include/zr_vm_library/project.h:46	commented	调用方需了解：import 请求的中间表示；相对层级和 alias/file 定位符在解析前不能当规范键使用。
zr_vm_library/include/zr_vm_library/project.h	SZrLibrary_ProjectPathAlias	type	zr_vm_library/src/zr_vm_library/project/project.c:135; zr_vm_library/src/zr_vm_library/project/project_import_resolver.c:898	旧版项目路径别名，供 import 解析时将简写前缀映射到模块前缀。	结果与输入身份的域、包根和缓冲容量绑定	zr_vm_library/include/zr_vm_library/project.h:55	commented	调用方需了解：旧版项目路径别名，供 import 解析时将简写前缀映射到模块前缀。
zr_vm_library/include/zr_vm_library/project.h	SZrLibrary_ProjectManifestAlias	type	zr_vm_library/src/zr_vm_library/project/project_manifest_v2.c:158	v2 manifest 的别名映射；target 保留已解析的目标类别以限制后续重写。	target 保留已解析的目标类别以限制后续重写。	zr_vm_library/include/zr_vm_library/project.h:61	commented	调用方需了解：v2 manifest 的别名映射；target 保留已解析的目标类别以限制后续重写。
zr_vm_library/include/zr_vm_library/project.h	SZrLibrary_ProjectPackageExport	type	zr_vm_library/src/zr_vm_library/project/project_manifest_v2.c:229	包的显式导出表；ResolvePackageExport 只对已声明的键返回目标。	ResolvePackageExport 只对已声明的键返回目标。	zr_vm_library/include/zr_vm_library/project.h:67	commented	调用方需了解：包的显式导出表；ResolvePackageExport 只对已声明的键返回目标。
zr_vm_library/include/zr_vm_library/project.h	EZrLibrary_ProjectManifestDependencySourceKind	type	zr_vm_library/src/zr_vm_library/project/project_manifest_v2.c:278; zr_vm_library/src/zr_vm_library/project/project_manifest_v2_lock.c:72	v2 依赖来源的分类，用于锁文件验证与发布可移植性判断。	结果与输入身份的域、包根和缓冲容量绑定	zr_vm_library/include/zr_vm_library/project.h:73	commented	调用方需了解：v2 依赖来源的分类，用于锁文件验证与发布可移植性判断。
zr_vm_library/include/zr_vm_library/project.h	SZrLibrary_ProjectManifestDependency	type	zr_vm_parser/src/zr_vm_parser/compiler/compile_tool_artifact.c:401; zr_vm_parser/src/zr_vm_parser/compiler/compile_tool_project_provider.c:30; zr_vm_library/src/zr_vm_library/project/project_manifest_v2.c:275	manifest 中尚未锁定的依赖声明；版本约束与来源须在锁文件匹配时一起核对。	版本约束与来源须在锁文件匹配时一起核对。	zr_vm_library/include/zr_vm_library/project.h:80	commented	调用方需了解：manifest 中尚未锁定的依赖声明；版本约束与来源须在锁文件匹配时一起核对。
zr_vm_library/include/zr_vm_library/project.h	SZrLibrary_ProjectManifestDependencyLockEntry	type	zr_vm_parser/src/zr_vm_parser/compiler/compile_tool_artifact.c:254; zr_vm_library/src/zr_vm_library/project/project_manifest_v2_lock.c:218; tests/library/test_project_manifest_v2.c:209	锁文件中已解析依赖的视图；写入时借用调用者字符串，读入后由 project 持有其存储。	写入时借用调用者字符串，读入后由 project 持有其存储。	zr_vm_library/include/zr_vm_library/project.h:88	commented	调用方需了解：锁文件中已解析依赖的视图；写入时借用调用者字符串，读入后由 project 持有其存储。
zr_vm_library/include/zr_vm_library/project.h	SZrLibrary_ProjectDependencyReference	type	zr_vm_library/src/zr_vm_library/project/project.c:149; zr_vm_library/src/zr_vm_library/project/project_import_resolver.c:518	旧版依赖引用的名字、程序集与版本约束；packageIndex 指向同一项目的 package 数组。	packageIndex 指向同一项目的 package 数组。	zr_vm_library/include/zr_vm_library/project.h:98	commented	调用方需了解：旧版依赖引用的名字、程序集与版本约束；packageIndex 指向同一项目的 package 数组。
zr_vm_library/include/zr_vm_library/project.h	EZrLibrary_ProjectDependencyPackageArtifactKind	type	zr_vm_library/src/zr_vm_library/project/project_import_resolver.c:1261	依赖交付形式决定模块从项目文件还是 ZRM 归档加载。	结果与输入身份的域、包根和缓冲容量绑定	zr_vm_library/include/zr_vm_library/project.h:108	commented	调用方需了解：依赖交付形式决定模块从项目文件还是 ZRM 归档加载。
zr_vm_library/include/zr_vm_library/project.h	SZrLibrary_ProjectDependencyPackage	type	zr_vm_library/src/zr_vm_library/project/project.c:196; zr_vm_library/src/zr_vm_library/project/project_import_resolver.c:466	已解析依赖包；原始数组和已打开的 ZRM 由 Project_Free 统一回收。	原始数组和已打开的 ZRM 由 Project_Free 统一回收。	zr_vm_library/include/zr_vm_library/project.h:114	commented	调用方需了解：已解析依赖包；原始数组和已打开的 ZRM 由 Project_Free 统一回收。
zr_vm_library/include/zr_vm_library/project.h	SZrLibrary_ProjectImportProviderLocation	type	zr_vm_library/src/zr_vm_library/project/project_import_provider_location.c:237; tests/library/test_project_import_resolver.c:521	import provider 定位结果；归档、条目和 SZrString 指针均借用 project，释放项目后失效。	归档、条目和 SZrString 指针均借用 project，释放项目后失效。	zr_vm_library/include/zr_vm_library/project.h:137	commented	调用方需了解：import provider 定位结果；归档、条目和 SZrString 指针均借用 project，释放项目后失效。
zr_vm_library/include/zr_vm_library/project.h	SZrLibrary_ProjectImportProviderAotLoadRequest	type	zr_vm_library/src/zr_vm_library/aot_runtime.c:3008; zr_vm_library/src/zr_vm_library/project/project_import_provider_location.c:345; tests/library/test_project_import_provider_version_selection.c:116	AOT 加载请求把 provider 位置与后端库路径绑定，供 AOT runtime 构造加载描述符。	结果与输入身份的域、包根和缓冲容量绑定	zr_vm_library/include/zr_vm_library/project.h:154	commented	调用方需了解：AOT 加载请求把 provider 位置与后端库路径绑定，供 AOT runtime 构造加载描述符。
zr_vm_library/include/zr_vm_library/project.h	SZrLibrary_ProjectResource	type	zr_vm_cli/src/zr_vm_cli/compiler/compiler.c:391; zr_vm_library/src/zr_vm_library/project/project.c:462	项目资源的逻辑名与源路径，供后续资源打包阶段使用。	结果与输入身份的域、包根和缓冲容量绑定	zr_vm_library/include/zr_vm_library/project.h:175	commented	调用方需了解：项目资源的逻辑名与源路径，供后续资源打包阶段使用。
zr_vm_library/include/zr_vm_library/project.h	SZrLibrary_ProjectFeatureSwitch	type	zr_vm_cli/src/zr_vm_cli/compiler/compiler_aot.c:1579; zr_vm_parser/src/zr_vm_parser/compiler/compile_tool_evaluator.c:528; zr_vm_parser/src/zr_vm_parser/compiler/compiler_attribute_binding.c:452	manifest feature 布尔值，供属性绑定、编译期求值和 AOT 共享。	结果与输入身份的域、包根和缓冲容量绑定	zr_vm_library/include/zr_vm_library/project.h:182;zr_vm_parser/src/zr_vm_parser/compiler/compiler_attribute_binding.c:452	commented	调用方需了解：manifest feature 布尔值，供属性绑定、编译期求值和 AOT 共享。
zr_vm_library/include/zr_vm_library/project.h	EZrLibrary_ProjectAotMode	type	zr_vm_cli/src/zr_vm_cli/compiler/compiler.c:305	CLI 编译的 AOT 策略；缺省 hybrid，full-aot 要求完整静态覆盖。	缺省 hybrid，full-aot 要求完整静态覆盖。	zr_vm_library/include/zr_vm_library/project.h:188	commented	调用方需了解：CLI 编译的 AOT 策略；缺省 hybrid，full-aot 要求完整静态覆盖。
zr_vm_library/include/zr_vm_library/project.h	EZrLibrary_ProjectPreserveRuleKind	type	zr_vm_library/src/zr_vm_library/project/project_preserve.c:37	AOT 保留根的目标类别。	结果与输入身份的域、包根和缓冲容量绑定	zr_vm_library/include/zr_vm_library/project.h:194	commented	调用方需了解：AOT 保留根的目标类别。
zr_vm_library/include/zr_vm_library/project.h	EZrLibrary_ProjectPreserveMembers	type	zr_vm_cli/src/zr_vm_cli/compiler/compiler_aot.c:1528; zr_vm_library/src/zr_vm_library/project/project_preserve.c:60	类型保留根的成员扩展策略。	结果与输入身份的域、包根和缓冲容量绑定	zr_vm_library/include/zr_vm_library/project.h:201	commented	调用方需了解：类型保留根的成员扩展策略。
zr_vm_library/include/zr_vm_library/project.h	SZrLibrary_ProjectPreserveRule	type	zr_vm_cli/src/zr_vm_cli/compiler/compiler_aot.c:1591; zr_vm_library/src/zr_vm_library/project/project_preserve.c:83	manifest 保留声明；genericArguments 和 feature 条件供 CLI AOT 根收集器消费。	genericArguments 和 feature 条件供 CLI AOT 根收集器消费。	zr_vm_library/include/zr_vm_library/project.h:208	commented	调用方需了解：manifest 保留声明；genericArguments 和 feature 条件供 CLI AOT 根收集器消费。
zr_vm_library/include/zr_vm_library/project.h	EZrLibrary_ProjectExportDeclarationKind	type	zr_vm_cli/src/zr_vm_cli/compiler/compiler_aot_exports.c:215; zr_vm_library/src/zr_vm_library/project/project_exports.c:37	AOT 公共导出声明的目标类别。	结果与输入身份的域、包根和缓冲容量绑定	zr_vm_library/include/zr_vm_library/project.h:221	commented	调用方需了解：AOT 公共导出声明的目标类别。
zr_vm_library/include/zr_vm_library/project.h	SZrLibrary_ProjectExportDeclaration	type	zr_vm_cli/src/zr_vm_cli/compiler/compiler_aot_exports.c:290; zr_vm_library/src/zr_vm_library/project/project_exports.c:69	CLI AOT 将该声明转换成产物公开导出清单。	结果与输入身份的域、包根和缓冲容量绑定	zr_vm_library/include/zr_vm_library/project.h:228	commented	调用方需了解：CLI AOT 将该声明转换成产物公开导出清单。
zr_vm_library/include/zr_vm_library/project.h	SZrLibrary_Project	type	zr_vm_cli/src/zr_vm_cli/compiler/compiler_aot.c:1562; zr_vm_cli/src/zr_vm_cli/project/project.c:381; zr_vm_cli/src/zr_vm_cli/runtime/runtime.c:687	一个项目 manifest 的运行期视图；GC 字符串归 VM 管理，原始数组和归档由 Free 回收。	GC 字符串归 VM 管理，原始数组和归档由 Free 回收。	zr_vm_library/include/zr_vm_library/project.h:234	commented	调用方需了解：一个项目 manifest 的运行期视图；GC 字符串归 VM 管理，原始数组和归档由 Free 回收。
zr_vm_library/include/zr_vm_library/project.h	ZR_LIBRARY_BINARY_FILE_EXT	macro	仓库当前无消费；与公共模块扩展名常量的兼容别名	仅为公共二进制扩展名常量的别名	定义本身已足够	zr_vm_library/include/zr_vm_library/project.h:13	no-comment	仅为公共二进制扩展名常量的别名，当前扫描无消费；定义本身已足够
zr_vm_library/include/zr_vm_library/project.h	ZR_LIBRARY_PROJECT_SIGNATURE	macro	zr_vm_library/src/zr_vm_library/project/project_import_resolver.c:650	解析器和运行器借此辨认 global 上的 project 指针，避免把其他 userData 当项目。	结果与输入身份的域、包根和缓冲容量绑定	zr_vm_library/include/zr_vm_library/project.h:15	commented	调用方需了解：解析器和运行器借此辨认 global 上的 project 指针，避免把其他 userData 当项目。
zr_vm_library/src/zr_vm_library/project/project.c	ZR_JSON_READ_STRING	macro	zr_vm_library/src/zr_vm_library/project/project.c:2038	旧版项目可选字符串统一转为 VM 字符串；调用方必须自行决定缺失字段是否允许。	调用方必须自行决定缺失字段是否允许。	zr_vm_library/src/zr_vm_library/project/project.c:35	commented	调用方需了解：旧版项目可选字符串统一转为 VM 字符串；调用方必须自行决定缺失字段是否允许。
zr_vm_library/src/zr_vm_library/project/project.c	ZrLibraryProjectExecuteRequest	type	zr_vm_library/src/zr_vm_library/project/project.c:51	TryRun 回调与外层 Run 的交接状态；栈结果只在异常屏障结束前读取。	栈结果只在异常屏障结束前读取。	zr_vm_library/src/zr_vm_library/project/project.c:47	commented	调用方需了解：TryRun 回调与外层 Run 的交接状态；栈结果只在异常屏障结束前读取。
zr_vm_library/src/zr_vm_library/project/project.c	SZrLibrary_ProjectMemoryReader	type	zr_vm_library/src/zr_vm_library/project/project.c:58	ZRM 解压字节的 Io 所有者；close 回调负责归还字节及 reader。	close 回调负责归还字节及 reader。	zr_vm_library/src/zr_vm_library/project/project.c:54	commented	调用方需了解：ZRM 解压字节的 Io 所有者；close 回调负责归还字节及 reader。
zr_vm_library/include/zr_vm_library/project.h	SZrLibrary_Project.signature	state	zr_vm_cli/src/zr_vm_cli/compiler/compiler_aot.c:1562; zr_vm_cli/src/zr_vm_cli/project/project.c:381; zr_vm_cli/src/zr_vm_cli/runtime/runtime.c:687	项目签名保护 global->userData 的运行时类型解释	必须与 GetFromGlobal 的验证同步；项目释放后不可再取	zr_vm_library/include/zr_vm_library/project.h:235; zr_vm_library/src/zr_vm_library/project/project_import_resolver.c:650	commented	项目签名保护 global->userData 的运行时类型解释
zr_vm_library/include/zr_vm_library/project.h	SZrLibrary_Project.dependencyPackages/dependencyRefs	state	zr_vm_cli/src/zr_vm_cli/compiler/compiler_aot.c:1562; zr_vm_cli/src/zr_vm_cli/project/project.c:381; zr_vm_cli/src/zr_vm_cli/runtime/runtime.c:687	包节点和 owner 引用边组成旧版导入作用域图	packageIndex 必须指向同一项目当前包数组；释放顺序保持归档先于数组	zr_vm_library/include/zr_vm_library/project.h:289; zr_vm_library/src/zr_vm_library/project/project.c:969	commented	包节点和 owner 引用边组成旧版导入作用域图
zr_vm_library/include/zr_vm_library/project.h	SZrLibrary_Project.manifestDependencies/manifestBuildDependencies	state	zr_vm_cli/src/zr_vm_cli/compiler/compiler_aot.c:1562; zr_vm_cli/src/zr_vm_cli/project/project.c:381; zr_vm_cli/src/zr_vm_cli/runtime/runtime.c:687	runtime 与 build 两类 v2 依赖分表以隔离 provider phase	同一包可跨 phase 声明，锁项仍须带 phase	zr_vm_library/include/zr_vm_library/project.h:268; zr_vm_library/src/zr_vm_library/project/project_manifest_v2.c:403	commented	runtime 与 build 两类 v2 依赖分表以隔离 provider phase
zr_vm_library/include/zr_vm_library/project.h	SZrLibrary_Project.manifestDependencyLockEntries	state	zr_vm_cli/src/zr_vm_cli/compiler/compiler_aot.c:1562; zr_vm_cli/src/zr_vm_cli/project/project.c:381; zr_vm_cli/src/zr_vm_cli/runtime/runtime.c:687	锁读入的字符串和条目存于项目持有的连续块	下一次成功读取锁或 Project_Free 后，借用条目与文本失效	zr_vm_library/include/zr_vm_library/project.h:274; zr_vm_library/src/zr_vm_library/project/project_manifest_v2_lock.c:396	commented	锁读入的字符串和条目存于项目持有的连续块
zr_vm_library/include/zr_vm_library/project.h	SZrLibrary_Project.aotRuntime	state	zr_vm_cli/src/zr_vm_cli/compiler/compiler_aot.c:1562; zr_vm_cli/src/zr_vm_cli/project/project.c:381; zr_vm_cli/src/zr_vm_cli/runtime/runtime.c:687	项目 AOT 运行缓存的所有权锚点	Project_Free 在项目原生内存释放前调用 AotRuntime_FreeProjectState	zr_vm_library/include/zr_vm_library/project.h:257; zr_vm_library/src/zr_vm_library/project/project.c:2253	commented	项目 AOT 运行缓存的所有权锚点
zr_vm_library/include/zr_vm_library/project.h	SZrLibrary_ProjectFeatureSwitch.name/value	state	zr_vm_cli/src/zr_vm_cli/compiler/compiler_aot.c:1579; zr_vm_parser/src/zr_vm_parser/compiler/compile_tool_evaluator.c:528; zr_vm_parser/src/zr_vm_parser/compiler/compiler_attribute_binding.c:454;zr_vm_parser/src/zr_vm_parser/compiler/compiler_attribute_binding.c:455	编译期和 AOT 共用的布尔 feature 映射	名称精确匹配，未声明 feature 不自动等于 false	zr_vm_library/include/zr_vm_library/project.h:183; zr_vm_cli/src/zr_vm_cli/compiler/compiler_aot.c:1579;zr_vm_parser/src/zr_vm_parser/compiler/compiler_attribute_binding.c:454;zr_vm_parser/src/zr_vm_parser/compiler/compiler_attribute_binding.c:455	commented	编译期和 AOT 共用的布尔 feature 映射
zr_vm_library/include/zr_vm_library/project.h	SZrLibrary_ProjectPreserveRule.feature/featureValue	state	zr_vm_cli/src/zr_vm_cli/compiler/compiler_aot.c:1591; zr_vm_library/src/zr_vm_library/project/project_preserve.c:83	按项目 feature 值启用或跳过对应 AOT 根	feature 与 featureValue 成对出现；未找到声明时规则不匹配	zr_vm_library/include/zr_vm_library/project.h:215; zr_vm_cli/src/zr_vm_cli/compiler/compiler_aot.c:1562	commented	按项目 feature 值启用或跳过对应 AOT 根
zr_vm_library/src/zr_vm_library/project/project.c	ZrLibrary_Project_New v1/v2 construction branch	block	zr_vm_library/src/zr_vm_library/common_state.c:111; zr_vm_library/src/zr_vm_library/project/project.c:1998; tests/library/test_project_import_provider_version_selection.c:206	清单版本决定旧版依赖图或 v2 声明路径	不能让部分解析的原生数组越过失败出口	zr_vm_library/src/zr_vm_library/project/project.c:2013	commented	清单版本决定旧版依赖图或 v2 声明路径
zr_vm_library/src/zr_vm_library/project/project.c	ZrLibrary_Project_Run module allocation branch	block	zr_vm_cli/src/zr_vm_cli/runtime/runtime.c:1069; zr_vm_library/src/zr_vm_library/project/project.c:2495; tests/parser/test_compiler_regressions.c:98	入口函数执行前建立项目模块元数据与常量原型	Module_Create 失败仍执行且 execute_function 会清掉失败状态	zr_vm_library/src/zr_vm_library/project/project.c:2550	BUG	BUG: Module_Create 失败仍执行且 execute_function 会清掉失败状态
zr_vm_library/src/zr_vm_library/project/project_import_resolver.c	ZrLibrary_Project_ResolveImportModuleKey owner alias branch	block	zr_vm_parser/src/zr_vm_parser/project_imports.c:219; zr_vm_library/src/zr_vm_library/project/project_import_provider_location.c:271; zr_vm_library/src/zr_vm_library/project/project_import_resolver.c:813	当前依赖包优先使用自己的 alias 作用域	包无别名时回退根别名是否符合隔离要求待测试	zr_vm_library/src/zr_vm_library/project/project_import_resolver.c:917	TODO	TODO: 包无别名时回退根别名是否符合隔离要求待测试
zr_vm_library/src/zr_vm_library/project/project_import_resolver.c	ZrLibrary_Project_GetDependencyImportVersionRange AOT owner context	block	zr_vm_parser/src/zr_vm_parser/compiler/module_init_analysis.c:594; zr_vm_library/src/zr_vm_library/project/project_import_provider_location.c:281; tests/library/test_project_import_resolver.c:645	AOT 加载依赖包内部模块时应沿用该模块的 owner 引用作用域	AOT runtime 以根项目 entry 作为 currentModuleKey，依赖 A 私有引用 B 时可能找不到版本范围；需补传递依赖 AOT 场景	zr_vm_library/src/zr_vm_library/project/project_import_resolver.c:1059; zr_vm_library/src/zr_vm_library/aot_runtime.c:3051	TODO	TODO: AOT runtime 以根项目 entry 作为 currentModuleKey，依赖 A 私有引用 B 时可能找不到版本范围；需补传递依赖 AOT 场景
zr_vm_library/src/zr_vm_library/project/project_manifest_v2_lock.c	ZrLibrary_ProjectManifestV2_ReadDependencyLock atomic replacement	block	zr_vm_library/src/zr_vm_library/project/project_manifest_v2_lock.c:267; tests/library/test_project_manifest_v2.c:381; tests/parser/test_compile_tool_project_import.c:530	新锁校验和深拷贝都完成后才替换旧锁	失败须保留旧锁指针和所有字符串	zr_vm_library/src/zr_vm_library/project/project_manifest_v2_lock.c:396	commented	新锁校验和深拷贝都完成后才替换旧锁
zr_vm_library/src/zr_vm_library/project/project_manifest_v2.c	ZrLibrary_ProjectManifestV2_Write publishability gate	block	zr_vm_library/src/zr_vm_library/project/project_manifest_v2.c:1440; tests/library/test_project_manifest_v2.c:253	本地可加载清单与可发布投影有不同来源边界	数值形式 loopback 主机可绕过网络来源门禁	zr_vm_library/src/zr_vm_library/project/project_manifest_v2.c:1256	BUG	BUG: 数值形式 loopback 主机可绕过网络来源门禁
