file	unit	kind	callers	intent	constraints	evidence	decision	reason
zr_vm_lib_debug/CMakeLists.txt	zr_vm_debug target gate	config	root CMakeLists.txt; zr_vm_cli/CMakeLists.txt; tests/CMakeLists.txt	仅当首方源和 network target 均存在时声明调试库	上层通过 TARGET 判断可用性	zr_vm_lib_debug/CMakeLists.txt:if(zr_debug_module_src AND zr_vm_debug_has_network)	commented	注释说明网络前提与上层链接意图
zr_vm_lib_debug/include/zr_vm_lib_debug/conf.h	ZR_DEBUG_API	macro	debug.h; profile.h; coverage.h; module.h	统一公开符号导出修饰	等同 ZR_API	conf.h:#define ZR_DEBUG_API	no-comment	别名定义和用途已清楚
zr_vm_lib_debug/include/zr_vm_lib_debug/conf.h	ZR_DEBUG_*_CAPACITY	macro	debug.h 快照; module.c 缓冲; debug_internal.h	固定文本与异常栈快照的上限	超限可能截断	conf.h:三项容量宏; debug.c:zr_debug_copy_text	commented	容量是跨公开结构的协议约束
zr_vm_lib_debug/include/zr_vm_debug/debug.h	zr_vm_debug/debug.h compatibility include	interface	历史 include 调用方; 当前 debug.h	将旧 include 路径映射到当前公开 API	不定义新 ABI	兼容头:include zr_vm_lib_debug/debug.h	commented	说明保留文件的迁移目的
zr_vm_lib_debug/include/zr_vm_lib_debug/module.h	ZrVmLibDebug_GetModuleDescriptor	interface	tests/library/test_debug_library.c; tests/library/test_official_provider_convergence.c; ZrVm_GetNativeModule_v1	提供完整 zr.debug 静态描述符	返回描述符静态存储; 注册依赖非空 global	module.c:ZrVmLibDebug_GetModuleDescriptor	commented	声明注释记录调用角色
zr_vm_lib_debug/include/zr_vm_lib_debug/module.h	ZrVmLibDebug_GetSandboxedModuleDescriptor	interface	tests/library/test_debug_library.c	提供调用时禁止写 API 的沙箱描述符	返回描述符静态存储; 注册依赖非空 global	module.c:ZrVmLibDebug_GetSandboxedModuleDescriptor	commented	声明注释记录调用角色
zr_vm_lib_debug/include/zr_vm_lib_debug/module.h	ZrVmLibDebug_Register	interface	tests/library/test_debug_library.c	宿主将完整 provider 放入 native registry	返回描述符静态存储; 注册依赖非空 global	module.c:ZrVmLibDebug_Register	commented	声明注释记录调用角色
zr_vm_lib_debug/include/zr_vm_lib_debug/module.h	ZrVmLibDebug_RegisterSandboxed	interface	tests/library/test_debug_library.c	宿主将沙箱 provider 放入 native registry	返回描述符静态存储; 注册依赖非空 global	module.c:ZrVmLibDebug_RegisterSandboxed	commented	声明注释记录调用角色
zr_vm_lib_debug/include/zr_vm_lib_debug/module.h	ZrVm_GetNativeModule_v1	interface	native plugin loader dlsym; module.c	动态共享库通过约定符号发布描述符	返回描述符静态存储; 注册依赖非空 global	module.c:ZrVm_GetNativeModule_v1	commented	声明注释记录调用角色
zr_vm_lib_debug/src/zr_vm_lib_debug/debug_breakpoint_condition.h	zr_debug_breakpoint_condition_evaluate	interface	debug.c 断点命中路径	在当前主帧以无副作用策略判断条件	空条件视真; 失败由 hook 处理	debug_breakpoint_condition.c:zr_debug_breakpoint_condition_evaluate	commented	接口注释记录运行上下文
zr_vm_lib_debug/src/zr_vm_lib_debug/debug_breakpoint_condition.c	zr_debug_breakpoint_condition_value_truthy	function	zr_debug_breakpoint_condition_evaluate	把表达式结果转断点真值	支持布尔数字对象等; null 假	debug_breakpoint_condition.c:switch(value->type)	commented	说明独立于 bool 类型的脚本语义
zr_vm_lib_debug/src/zr_vm_lib_debug/debug_breakpoint_condition.c	zr_debug_breakpoint_condition_evaluate	function	debug.c 断点检查; debug_breakpoint_condition.h	避免条件表达式产生 getter/调用等副作用	frameId 固定 1; 失败返回 false	debug_breakpoint_condition.c:zr_debug_evaluate_expression_with_capabilities	commented	解释白名单和调用链意图
zr_vm_lib_debug/src/zr_vm_lib_debug/debug_breakpoint_logpoint.h	zr_debug_breakpoint_logpoint_format	interface	debug.c 断点命中路径	把模板与只读插值拼为输出事件	失败插值转错误文本; 输出可能截断	debug_breakpoint_logpoint.c:zr_debug_breakpoint_logpoint_format	commented	记录成功与局部失败的差别
zr_vm_lib_debug/src/zr_vm_lib_debug/debug_breakpoint_logpoint.c	zr_debug_breakpoint_logpoint_append	function	zr_debug_breakpoint_logpoint_format	把多段文本安全拼入同一固定缓冲	保留 NUL	debug_breakpoint_logpoint.c:snprintf	commented	说明缓冲共享不变量
zr_vm_lib_debug/src/zr_vm_lib_debug/debug_breakpoint_logpoint.c	zr_debug_breakpoint_logpoint_format	function	debug.c 断点命中路径	格式化 logpoint 并附换行输出	frameId 固定 1; 插值只读; 超长截断	debug_breakpoint_logpoint.c:zr_debug_evaluate_expression_with_capabilities	commented	注释解释错误片段不取消事件
zr_vm_lib_debug/include/zr_vm_lib_debug/coverage.h	ZrDebugCoverageLine	struct	coverage.c:zr_debug_coverage_add_line; CLI 报告	按函数和源行保存可执行/命中快照	函数借用 VM; 行指针受 Coverage 生命周期限制	coverage.c:zr_debug_coverage_add_line	commented	所有权和身份有长期价值
zr_vm_lib_debug/include/zr_vm_lib_debug/coverage.h	ZrDebugCoverage	struct	CLI runtime; tests/profile/test_coverage.c	持有单 state 采集和原 hook 配置	Init/Destroy 成对; 同 state 单活动会话	coverage.c:Start/Stop; CLI runtime	commented	说明与 VM hook 的关系
zr_vm_lib_debug/include/zr_vm_lib_debug/coverage.h	ZrDebug_Coverage_Init	interface	CLI runtime; test_coverage	初始化调用方分配对象	未初始化对象首次调用	coverage.c:ZrDebug_Coverage_Init	commented	公开声明给出生命周期或调用前提
zr_vm_lib_debug/include/zr_vm_lib_debug/coverage.h	ZrDebug_Coverage_Reset	interface	可供宿主复用对象	清除行结果保留容量	活动期间需先 Stop	coverage.c:ZrDebug_Coverage_Reset	commented	公开声明给出生命周期或调用前提
zr_vm_lib_debug/include/zr_vm_lib_debug/coverage.h	ZrDebug_Coverage_RegisterFunction	interface	RegisterFunctionTree; 宿主	注册一个函数的可执行行	失败可能留下部分行	coverage.c:ZrDebug_Coverage_RegisterFunction	commented	公开声明给出生命周期或调用前提
zr_vm_lib_debug/include/zr_vm_lib_debug/coverage.h	ZrDebug_Coverage_RegisterFunctionTree	interface	CLI runtime; test_coverage	注册入口和所有嵌套函数	失败可能部分注册	coverage.c:ZrDebug_Coverage_RegisterFunctionTree	commented	公开声明给出生命周期或调用前提
zr_vm_lib_debug/include/zr_vm_lib_debug/coverage.h	ZrDebug_Coverage_Start	interface	CLI runtime; test_coverage	安装 LINE hook 开始采集	同 state 只允许一个活动 Coverage	coverage.c:ZrDebug_Coverage_Start	commented	公开声明给出生命周期或调用前提
zr_vm_lib_debug/include/zr_vm_lib_debug/coverage.h	ZrDebug_Coverage_Stop	interface	CLI runtime; test_coverage	恢复先前 hook 并冻结报告	state 必须仍存活	coverage.c:ZrDebug_Coverage_Stop	commented	公开声明给出生命周期或调用前提
zr_vm_lib_debug/include/zr_vm_lib_debug/coverage.h	ZrDebug_Coverage_Destroy	interface	CLI runtime; test_coverage	释放行数组和活动 hook	返回行指针随之失效	coverage.c:ZrDebug_Coverage_Destroy	commented	公开声明给出生命周期或调用前提
zr_vm_lib_debug/include/zr_vm_lib_debug/coverage.h	ZrDebug_Coverage_GetLineCount	interface	CLI 报告; test_coverage	读取报告行数	空对象返回 0	coverage.c:ZrDebug_Coverage_GetLineCount	commented	公开声明给出生命周期或调用前提
zr_vm_lib_debug/include/zr_vm_lib_debug/coverage.h	ZrDebug_Coverage_GetLine	interface	CLI 报告; test_coverage	按索引借用行结果	后续注册/采集扩容、Reset 或 Destroy 前有效	coverage.c:ZrDebug_Coverage_GetLine	commented	公开声明给出生命周期或调用前提
zr_vm_lib_debug/src/zr_vm_lib_debug/coverage.c	g_active_coverages	state	find_active; register_active; unregister_active; coverage_hook	从 hook 的 state 反查采集会话	无锁进程表; 每 state 单实例	coverage.c:链表和 Start/Stop	TODO	并发 state 的同步约束未证实; 注释给出核查方向
zr_vm_lib_debug/src/zr_vm_lib_debug/coverage.c	ZrDebugCoverageLocation	struct	capture_location; record_line	暂借 VM 栈帧信息转成持有的行快照	借用指针只在 hook 内有效	coverage.c:capture_location/add_line	commented	解释临时视图生命周期
zr_vm_lib_debug/src/zr_vm_lib_debug/coverage.c	zr_debug_coverage_copy_text	function	add_line; record_line	复制名称和源到定长快照	目的已由类型/字段注释涵盖	coverage.c:zr_debug_coverage_copy_text; tests/profile/test_coverage.c	no-comment	调用、名称和公开头注释已充分说明，无额外实现注释
zr_vm_lib_debug/src/zr_vm_lib_debug/coverage.c	zr_debug_coverage_event_mask	function	coverage_hook	筛选旧 hook 原先订阅事件	避免 Coverage 扩 mask 改变旧 hook 观察结果	coverage.c:zr_debug_coverage_event_mask; tests/profile/test_coverage.c	commented	已在非显然调用/状态边界添加注释
zr_vm_lib_debug/src/zr_vm_lib_debug/coverage.c	zr_debug_coverage_function_name	function	add_line; capture_location	取得默认函数名	名称与返回值直接可见	coverage.c:zr_debug_coverage_function_name; tests/profile/test_coverage.c	no-comment	调用、名称和公开头注释已充分说明，无额外实现注释
zr_vm_lib_debug/src/zr_vm_lib_debug/coverage.c	zr_debug_coverage_function_source	function	add_line; capture_location	取得默认源文件	名称与返回值直接可见	coverage.c:zr_debug_coverage_function_source; tests/profile/test_coverage.c	no-comment	调用、名称和公开头注释已充分说明，无额外实现注释
zr_vm_lib_debug/src/zr_vm_lib_debug/coverage.c	zr_debug_coverage_find_active	function	register_active; coverage_hook	按 state 查活动会话	链表唯一性由 register_active 保证	coverage.c:zr_debug_coverage_find_active; tests/profile/test_coverage.c	no-comment	调用、名称和公开头注释已充分说明，无额外实现注释
zr_vm_lib_debug/src/zr_vm_lib_debug/coverage.c	zr_debug_coverage_register_active	function	Coverage_Start	拒绝同 state 第二会话	hook 无其它上下文可恢复会话	coverage.c:zr_debug_coverage_register_active; tests/profile/test_coverage.c	commented	已在非显然调用/状态边界添加注释
zr_vm_lib_debug/src/zr_vm_lib_debug/coverage.c	zr_debug_coverage_unregister_active	function	Coverage_Stop	卸载对应 state 的会话	Stop 后 hook 不得再看到旧对象	coverage.c:zr_debug_coverage_unregister_active; tests/profile/test_coverage.c	commented	已在非显然调用/状态边界添加注释
zr_vm_lib_debug/src/zr_vm_lib_debug/coverage.c	zr_debug_coverage_reserve_lines	function	add_line	扩容行表	倍增容量未校验溢出; hook 分配失败静默少报	coverage.c:zr_debug_coverage_reserve_lines; tests/profile/test_coverage.c	TODO	保留具体边界与后续核查入口
zr_vm_lib_debug/src/zr_vm_lib_debug/coverage.c	zr_debug_coverage_find_line	function	add_line	按函数身份和行查重	同名函数不能合并	coverage.c:zr_debug_coverage_find_line; tests/profile/test_coverage.c	commented	已在非显然调用/状态边界添加注释
zr_vm_lib_debug/src/zr_vm_lib_debug/coverage.c	zr_debug_coverage_add_line	function	RegisterFunction; record_line	合并预注册和运行命中	函数指针/行号作为唯一键	coverage.c:zr_debug_coverage_add_line; tests/profile/test_coverage.c	commented	已在非显然调用/状态边界添加注释
zr_vm_lib_debug/src/zr_vm_lib_debug/coverage.c	zr_debug_coverage_capture_location	function	record_line	从当前激活帧取得可报告位置	失败或行号 0 不计入	coverage.c:zr_debug_coverage_capture_location; tests/profile/test_coverage.c	commented	已在非显然调用/状态边界添加注释
zr_vm_lib_debug/src/zr_vm_lib_debug/coverage.c	zr_debug_coverage_record_line	function	coverage_hook	处理 LINE 事件并拷贝信息	分配失败时静默少报	coverage.c:zr_debug_coverage_record_line; tests/profile/test_coverage.c	commented	已在非显然调用/状态边界添加注释
zr_vm_lib_debug/src/zr_vm_lib_debug/coverage.c	zr_debug_coverage_hook	function	ZrCore_Debug_Hook via Start	包装旧 hook 并追加覆盖率采集	旧 mask 外事件不转发	coverage.c:zr_debug_coverage_hook; tests/profile/test_coverage.c	commented	已在非显然调用/状态边界添加注释
zr_vm_lib_debug/src/zr_vm_lib_debug/coverage.c	ZrDebug_Coverage_Init	function	CLI runtime; test_coverage	清空对象	不得用于活动对象	coverage.c:ZrDebug_Coverage_Init; tests/profile/test_coverage.c	no-comment	调用、名称和公开头注释已充分说明，无额外实现注释
zr_vm_lib_debug/src/zr_vm_lib_debug/coverage.c	ZrDebug_Coverage_Reset	function	宿主公开 API	清行数保留容量	活动时调用会丢既有计数	coverage.c:ZrDebug_Coverage_Reset; tests/profile/test_coverage.c	no-comment	调用、名称和公开头注释已充分说明，无额外实现注释
zr_vm_lib_debug/src/zr_vm_lib_debug/coverage.c	ZrDebug_Coverage_RegisterFunction	function	RegisterFunctionTree	列出静态可执行行	失败可能部分注册	coverage.c:ZrDebug_Coverage_RegisterFunction; tests/profile/test_coverage.c	commented	已在非显然调用/状态边界添加注释
zr_vm_lib_debug/src/zr_vm_lib_debug/coverage.c	ZrDebug_Coverage_RegisterFunctionTree	function	CLI runtime; test_coverage	递归函数树覆盖率	失败可能部分注册	coverage.c:ZrDebug_Coverage_RegisterFunctionTree; tests/profile/test_coverage.c	commented	已在非显然调用/状态边界添加注释
zr_vm_lib_debug/src/zr_vm_lib_debug/coverage.c	ZrDebug_Coverage_Start	function	CLI runtime; test_coverage	保存旧 hook 并扩 LINE mask	外部换 hook 时 Stop 可能覆盖	coverage.c:ZrDebug_Coverage_Start; tests/profile/test_coverage.c	TODO	保留具体边界与后续核查入口
zr_vm_lib_debug/src/zr_vm_lib_debug/coverage.c	ZrDebug_Coverage_Stop	function	CLI runtime; test_coverage	恢复旧 hook 并冻结报告	state 必须仍有效	coverage.c:ZrDebug_Coverage_Stop; tests/profile/test_coverage.c	commented	已在非显然调用/状态边界添加注释
zr_vm_lib_debug/src/zr_vm_lib_debug/coverage.c	ZrDebug_Coverage_Destroy	function	CLI runtime; test_coverage	释放内部行表	GetLine 指针失效	coverage.c:ZrDebug_Coverage_Destroy; tests/profile/test_coverage.c	no-comment	调用、名称和公开头注释已充分说明，无额外实现注释
zr_vm_lib_debug/src/zr_vm_lib_debug/coverage.c	ZrDebug_Coverage_GetLineCount	function	CLI runtime; test_coverage	读取行数	空对象返回 0	coverage.c:ZrDebug_Coverage_GetLineCount; tests/profile/test_coverage.c	no-comment	调用、名称和公开头注释已充分说明，无额外实现注释
zr_vm_lib_debug/src/zr_vm_lib_debug/coverage.c	ZrDebug_Coverage_GetLine	function	CLI runtime; test_coverage	借用行结果	越界返回 null	coverage.c:ZrDebug_Coverage_GetLine; tests/profile/test_coverage.c	no-comment	调用、名称和公开头注释已充分说明，无额外实现注释
zr_vm_lib_debug/include/zr_vm_lib_debug/profile.h	ZrDebugProfileEntry	struct	profile.c; CLI runtime; tests/profile/test_profile_deterministic.c	按函数原型聚合调用/返回与 clock tick 换算时间	function 借用 VM; 时间口径 POSIX/MSVC 不同	profile.h:结构字段; profile.c:hook/Start/Stop	commented	结构注释说明计时口径和生命周期
zr_vm_lib_debug/include/zr_vm_lib_debug/profile.h	ZrDebugProfileSample	struct	profile.c; CLI runtime; tests/profile/test_profile_deterministic.c	按函数和源码行聚合 COUNT 样本	内容在 Reset/Destroy 前有效	profile.h:结构字段; profile.c:hook/Start/Stop	commented	结构注释说明计时口径和生命周期
zr_vm_lib_debug/include/zr_vm_lib_debug/profile.h	ZrDebugProfileFrame	struct	profile.c; CLI runtime; tests/profile/test_profile_deterministic.c	内部帧记录起点与子调用耗时	匹配 RETURN 时弹出	profile.h:结构字段; profile.c:hook/Start/Stop	commented	结构注释说明计时口径和生命周期
zr_vm_lib_debug/include/zr_vm_lib_debug/profile.h	ZrDebugProfile	struct	profile.c; CLI runtime; tests/profile/test_profile_deterministic.c	state 上活动会话、hook 备份及数组	同 state 单实例; 调用方持有对象	profile.h:结构字段; profile.c:hook/Start/Stop	commented	结构注释说明计时口径和生命周期
zr_vm_lib_debug/include/zr_vm_lib_debug/profile.h	ZrDebug_Profile_Init	interface	CLI runtime; profile tests	初始化调用方分配对象	仅未初始化对象；复用前需先 Destroy	profile.c:ZrDebug_Profile_Init	commented	公开 API 说明调用生命周期和结果借用
zr_vm_lib_debug/include/zr_vm_lib_debug/profile.h	ZrDebug_Profile_Reset	interface	宿主公开 API	清聚合统计而保留容量	活动时应先 Stop	profile.c:ZrDebug_Profile_Reset	commented	公开 API 说明调用生命周期和结果借用
zr_vm_lib_debug/include/zr_vm_lib_debug/profile.h	ZrDebug_Profile_Start	interface	profile tests	安装 CALL/RETURN 时间统计	同 state 单活动 Profile	profile.c:ZrDebug_Profile_Start	commented	公开 API 说明调用生命周期和结果借用
zr_vm_lib_debug/include/zr_vm_lib_debug/profile.h	ZrDebug_Profile_StartWithSampling	interface	CLI runtime; profile tests	安装时间统计并启用 COUNT 采样	period 必须非零; 旧 COUNT 周期须兼容	profile.c:ZrDebug_Profile_StartWithSampling	commented	公开 API 说明调用生命周期和结果借用
zr_vm_lib_debug/include/zr_vm_lib_debug/profile.h	ZrDebug_Profile_Stop	interface	CLI runtime; profile tests	恢复旧 hook 并冻结统计	state 必须存活	profile.c:ZrDebug_Profile_Stop	commented	公开 API 说明调用生命周期和结果借用
zr_vm_lib_debug/include/zr_vm_lib_debug/profile.h	ZrDebug_Profile_Destroy	interface	CLI runtime; profile tests	释放聚合数组	结果指针失效	profile.c:ZrDebug_Profile_Destroy	commented	公开 API 说明调用生命周期和结果借用
zr_vm_lib_debug/include/zr_vm_lib_debug/profile.h	ZrDebug_Profile_GetEntryCount	interface	CLI runtime	取得函数聚合项数	空对象返回 0	profile.c:ZrDebug_Profile_GetEntryCount	commented	公开 API 说明调用生命周期和结果借用
zr_vm_lib_debug/include/zr_vm_lib_debug/profile.h	ZrDebug_Profile_GetEntry	interface	CLI runtime	借用函数聚合结果	活动扩容、Reset 或 Destroy 前有效	profile.c:ZrDebug_Profile_GetEntry	commented	公开 API 说明调用生命周期和结果借用
zr_vm_lib_debug/include/zr_vm_lib_debug/profile.h	ZrDebug_Profile_FindByName	interface	profile tests	按函数名查首个项	同名函数可能多个	profile.c:ZrDebug_Profile_FindByName	commented	公开 API 说明调用生命周期和结果借用
zr_vm_lib_debug/include/zr_vm_lib_debug/profile.h	ZrDebug_Profile_GetSampleCount	interface	CLI runtime; profile tests	取得行样本项数	空对象返回 0	profile.c:ZrDebug_Profile_GetSampleCount	commented	公开 API 说明调用生命周期和结果借用
zr_vm_lib_debug/include/zr_vm_lib_debug/profile.h	ZrDebug_Profile_GetTotalSampleCount	interface	CLI runtime	取得累计 COUNT 次数	空对象返回 0	profile.c:ZrDebug_Profile_GetTotalSampleCount	commented	公开 API 说明调用生命周期和结果借用
zr_vm_lib_debug/include/zr_vm_lib_debug/profile.h	ZrDebug_Profile_GetSample	interface	CLI runtime; profile tests	借用行样本	活动扩容、Reset 或 Destroy 前有效	profile.c:ZrDebug_Profile_GetSample	commented	公开 API 说明调用生命周期和结果借用
zr_vm_lib_debug/src/zr_vm_lib_debug/profile.c	g_active_profiles	state	find_active; register_active; unregister_active; profile_hook	从 hook state 反查 Profile	无锁进程链表; 每 state 单实例	profile.c:链表和 Start/Stop	TODO	并发 state 的同步约束需核对
zr_vm_lib_debug/src/zr_vm_lib_debug/profile.c	ZrDebugProfileLocation	struct	capture_location; find_or_add_entry/sample	暂借当前栈帧名字与源位置	只在 hook 回调内有效	profile.c:capture_location	commented	临时视图目的需要注明
zr_vm_lib_debug/src/zr_vm_lib_debug/profile.c	zr_debug_profile_now_ns	function	record_call; record_return	将 C 运行库 clock tick 换算为纳秒	POSIX 计进程 CPU; MSVC CRT 计墙钟	profile.c:zr_debug_profile_now_ns; tests/profile/test_profile_deterministic.c	TODO	不同平台与同进程多线程污染口径均待测试后统一契约
zr_vm_lib_debug/src/zr_vm_lib_debug/profile.c	zr_debug_profile_copy_text	function	find_or_add_entry/sample	复制名称/来源到快照	定长截断	profile.c:zr_debug_profile_copy_text; tests/profile/test_profile_deterministic.c	no-comment	名称、公开头及相邻上层注释已说明，无额外实现注释
zr_vm_lib_debug/src/zr_vm_lib_debug/profile.c	zr_debug_profile_event_mask	function	profile_hook	只转发旧观察者订阅事件	Profile 扩事件不能扰乱旧 hook	profile.c:zr_debug_profile_event_mask; tests/profile/test_profile_deterministic.c	commented	说明非显然计时/事件链
zr_vm_lib_debug/src/zr_vm_lib_debug/profile.c	zr_debug_profile_find_active	function	register_active; profile_hook	按 state 定位采集会话	活动链表唯一性	profile.c:zr_debug_profile_find_active; tests/profile/test_profile_deterministic.c	no-comment	名称、公开头及相邻上层注释已说明，无额外实现注释
zr_vm_lib_debug/src/zr_vm_lib_debug/profile.c	zr_debug_profile_register_active	function	Start_internal	拒绝同 state 的第二采集会话	hook 无上下文指针	profile.c:zr_debug_profile_register_active; tests/profile/test_profile_deterministic.c	commented	说明非显然计时/事件链
zr_vm_lib_debug/src/zr_vm_lib_debug/profile.c	zr_debug_profile_unregister_active	function	Stop	从活动表摘除 Profile	Stop 后不能再通过 hook 定位	profile.c:zr_debug_profile_unregister_active; tests/profile/test_profile_deterministic.c	no-comment	名称、公开头及相邻上层注释已说明，无额外实现注释
zr_vm_lib_debug/src/zr_vm_lib_debug/profile.c	zr_debug_profile_reserve_entries	function	find_or_add_entry	扩容函数聚合项	容量乘法未做溢出核查	profile.c:zr_debug_profile_reserve_entries; tests/profile/test_profile_deterministic.c	TODO	容量或 hook 交互未证实，已给出核查入口
zr_vm_lib_debug/src/zr_vm_lib_debug/profile.c	zr_debug_profile_reserve_frames	function	record_call	扩容活动计时栈	容量乘法未做溢出核查	profile.c:zr_debug_profile_reserve_frames; tests/profile/test_profile_deterministic.c	TODO	容量或 hook 交互未证实，已给出核查入口
zr_vm_lib_debug/src/zr_vm_lib_debug/profile.c	zr_debug_profile_reserve_samples	function	find_or_add_sample	扩容行采样	容量乘法未做溢出核查	profile.c:zr_debug_profile_reserve_samples; tests/profile/test_profile_deterministic.c	TODO	容量或 hook 交互未证实，已给出核查入口
zr_vm_lib_debug/src/zr_vm_lib_debug/profile.c	zr_debug_profile_find_or_add_entry	function	capture_frame	以函数指针聚合调用次数/时间	同一原型的不同闭包实例合并; 同名不同原型不合并	profile.c:zr_debug_profile_find_or_add_entry; tests/profile/test_profile_deterministic.c	commented	说明非显然计时/事件链
zr_vm_lib_debug/src/zr_vm_lib_debug/profile.c	zr_debug_profile_find_or_add_sample	function	record_sample	以函数/行聚合 COUNT 样本	同名函数不合并	profile.c:zr_debug_profile_find_or_add_sample; tests/profile/test_profile_deterministic.c	commented	说明非显然计时/事件链
zr_vm_lib_debug/src/zr_vm_lib_debug/profile.c	zr_debug_profile_capture_location	function	capture_frame; record_sample	从当前激活帧借用名字/行	GetInfo 失败仍可保留函数身份	profile.c:zr_debug_profile_capture_location; tests/profile/test_profile_deterministic.c	no-comment	名称、公开头及相邻上层注释已说明，无额外实现注释
zr_vm_lib_debug/src/zr_vm_lib_debug/profile.c	zr_debug_profile_capture_frame	function	record_call; record_return	映射当前帧到聚合项	分配失败丢弃该事件	profile.c:zr_debug_profile_capture_frame; tests/profile/test_profile_deterministic.c	no-comment	名称、公开头及相邻上层注释已说明，无额外实现注释
zr_vm_lib_debug/src/zr_vm_lib_debug/profile.c	zr_debug_profile_record_call	function	profile_hook CALL	计数并保存起始时刻	帧扩容失败可能只记 call_count	profile.c:zr_debug_profile_record_call; tests/profile/test_profile_deterministic.c	commented	说明非显然计时/事件链
zr_vm_lib_debug/src/zr_vm_lib_debug/profile.c	zr_debug_profile_record_return	function	profile_hook RETURN	结算 inclusive/self 时间	从最近同函数帧向下回退	profile.c:zr_debug_profile_record_return; tests/profile/test_profile_deterministic.c	commented	说明非显然计时/事件链
zr_vm_lib_debug/src/zr_vm_lib_debug/profile.c	zr_debug_profile_record_sample	function	profile_hook COUNT	计数当前行样本	采样周期为 0 时忽略	profile.c:zr_debug_profile_record_sample; tests/profile/test_profile_deterministic.c	no-comment	名称、公开头及相邻上层注释已说明，无额外实现注释
zr_vm_lib_debug/src/zr_vm_lib_debug/profile.c	zr_debug_profile_hook	function	ZrCore_Debug_Hook via Start	处理三类事件并转发旧 hook	仅转发旧 mask	profile.c:zr_debug_profile_hook; tests/profile/test_profile_deterministic.c	commented	说明非显然计时/事件链
zr_vm_lib_debug/src/zr_vm_lib_debug/profile.c	ZrDebug_Profile_Init	function	CLI runtime; tests	初始化对象	已由 header 解释	profile.c:ZrDebug_Profile_Init; tests/profile/test_profile_deterministic.c	no-comment	名称、公开头及相邻上层注释已说明，无额外实现注释
zr_vm_lib_debug/src/zr_vm_lib_debug/profile.c	ZrDebug_Profile_Reset	function	宿主公开 API	清计数保留容量	活动时调用可能丢统计	profile.c:ZrDebug_Profile_Reset; tests/profile/test_profile_deterministic.c	no-comment	名称、公开头及相邻上层注释已说明，无额外实现注释
zr_vm_lib_debug/src/zr_vm_lib_debug/profile.c	zr_debug_profile_start_internal	function	Start; StartWithSampling	安装 CALL/RETURN/COUNT 包装 hook	旧 COUNT 周期不同时拒绝; 外部换 hook 风险	profile.c:zr_debug_profile_start_internal; tests/profile/test_profile_deterministic.c	TODO	容量或 hook 交互未证实，已给出核查入口
zr_vm_lib_debug/src/zr_vm_lib_debug/profile.c	ZrDebug_Profile_Start	function	tests/profile	计时模式入口	委托 internal period=0	profile.c:ZrDebug_Profile_Start; tests/profile/test_profile_deterministic.c	no-comment	名称、公开头及相邻上层注释已说明，无额外实现注释
zr_vm_lib_debug/src/zr_vm_lib_debug/profile.c	ZrDebug_Profile_StartWithSampling	function	CLI runtime; tests/profile	计时及采样入口	period=0 失败	profile.c:ZrDebug_Profile_StartWithSampling; tests/profile/test_profile_deterministic.c	no-comment	名称、公开头及相邻上层注释已说明，无额外实现注释
zr_vm_lib_debug/src/zr_vm_lib_debug/profile.c	ZrDebug_Profile_Stop	function	CLI runtime; tests/profile	恢复旧 hook	state 须有效	profile.c:ZrDebug_Profile_Stop; tests/profile/test_profile_deterministic.c	no-comment	名称、公开头及相邻上层注释已说明，无额外实现注释
zr_vm_lib_debug/src/zr_vm_lib_debug/profile.c	ZrDebug_Profile_Destroy	function	CLI runtime; tests/profile	释放内部数组	指针失效	profile.c:ZrDebug_Profile_Destroy; tests/profile/test_profile_deterministic.c	no-comment	名称、公开头及相邻上层注释已说明，无额外实现注释
zr_vm_lib_debug/src/zr_vm_lib_debug/profile.c	ZrDebug_Profile_GetEntryCount	function	CLI runtime	返回函数数	空对象为 0	profile.c:ZrDebug_Profile_GetEntryCount; tests/profile/test_profile_deterministic.c	no-comment	名称、公开头及相邻上层注释已说明，无额外实现注释
zr_vm_lib_debug/src/zr_vm_lib_debug/profile.c	ZrDebug_Profile_GetEntry	function	CLI runtime	借用函数项	越界 null	profile.c:ZrDebug_Profile_GetEntry; tests/profile/test_profile_deterministic.c	no-comment	名称、公开头及相邻上层注释已说明，无额外实现注释
zr_vm_lib_debug/src/zr_vm_lib_debug/profile.c	ZrDebug_Profile_FindByName	function	tests/profile	按名称找首项	同名函数有歧义	profile.c:ZrDebug_Profile_FindByName; tests/profile/test_profile_deterministic.c	no-comment	名称、公开头及相邻上层注释已说明，无额外实现注释
zr_vm_lib_debug/src/zr_vm_lib_debug/profile.c	ZrDebug_Profile_GetSampleCount	function	CLI runtime; tests	返回采样行数	空对象为 0	profile.c:ZrDebug_Profile_GetSampleCount; tests/profile/test_profile_deterministic.c	no-comment	名称、公开头及相邻上层注释已说明，无额外实现注释
zr_vm_lib_debug/src/zr_vm_lib_debug/profile.c	ZrDebug_Profile_GetTotalSampleCount	function	CLI runtime	返回累计 COUNT 数	空对象为 0	profile.c:ZrDebug_Profile_GetTotalSampleCount; tests/profile/test_profile_deterministic.c	no-comment	名称、公开头及相邻上层注释已说明，无额外实现注释
zr_vm_lib_debug/src/zr_vm_lib_debug/profile.c	ZrDebug_Profile_GetSample	function	CLI runtime; tests	借用样本项	越界 null	profile.c:ZrDebug_Profile_GetSample; tests/profile/test_profile_deterministic.c	no-comment	名称、公开头及相邻上层注释已说明，无额外实现注释
zr_vm_lib_debug/src/zr_vm_lib_debug/module.c	ZR_ARRAY_COUNT	macro	g_debug_functions descriptor	在静态函数表上计算公开导出数	仅可用于数组非指针	module.c:g_debug_module_descriptor.functionCount	no-comment	宏定义与静态数组调用意图直观
zr_vm_lib_debug/src/zr_vm_lib_debug/module.c	ZR_DEBUG_SCRIPT_*_CAPACITY	macro	traceback_callback; ZrDebugScriptHookRecord	限定脚本堆栈文本与 hook mask 文本缓冲	超长输出截断	module.c:两处容量常量	no-comment	名称和使用位置给出容量意图
zr_vm_lib_debug/src/zr_vm_lib_debug/module.c	ZrDebugScriptHookRecord	struct	get_or_create_hook_record; script_hook_trampoline; sethook/gethook	按 state 保存脚本闭包和 hook 设置	state 借用; 节点需要生命周期清理	module.c:record 链表及 trampoline	commented	结构注释解释回调反查
zr_vm_lib_debug/src/zr_vm_lib_debug/module.c	g_debug_hook_records	state	find_hook_record; get_or_create_hook_record; clear_script_hook	全局保存各 state 的脚本 hook 配置	节点从不释放; state 指针过期	module.c:calloc/get_or_create; tests/library/test_debug_library.c:test_sethook_invokes_script_hook	BUG	可达流程每个新 state 调 sethook 后销毁，节点仍留进程链表; 另有复用/并发 TODO
zr_vm_lib_debug/src/zr_vm_lib_debug/module.c	g_debug_functions	state	trusted/sandboxed descriptor; native binder	两个 provider 共享相同脚本函数表	写权限在回调处凭 descriptor 身份校验	module.c:g_debug_functions; debug_require_write_api	commented	静态注册与权限模型相关
zr_vm_lib_debug/src/zr_vm_lib_debug/module.c	g_debug_type_hints_json	state	trusted/sandboxed descriptor; native type hint consumer	向编译器及工具公布脚本签名	须与函数表名字保持同步	module.c:typeHintsJson; tests/library/test_debug_library.c	commented	类型提示作为额外接口契约
zr_vm_lib_debug/src/zr_vm_lib_debug/module.c	g_debug_module_descriptor	state	ZrVmLibDebug_GetModuleDescriptor; Register; plugin entry	完整 zr.debug provider	静态存储; materialize 回调设置权限字段	module.c:descriptor; test_debug_library.c	commented	说明显式注册才可 import
zr_vm_lib_debug/src/zr_vm_lib_debug/module.c	g_debug_sandboxed_module_descriptor	state	GetSandboxedModuleDescriptor; RegisterSandboxed	沙箱调试 provider	同函数表; 写回调拒绝	module.c:descriptor; test_sandboxed_debug_module_rejects_write_apis	commented	区分 descriptor 身份和共享函数表
zr_vm_lib_debug/src/zr_vm_lib_debug/module.c	debug_write_int_field	function	make_stack_info_object; module_on_materialize	写脚本 info 对象整数属性	字段写失败无返回状态	module.c:debug_write_int_field; tests/library/test_debug_library.c	no-comment	命名、公开头或上层状态注释已足够
zr_vm_lib_debug/src/zr_vm_lib_debug/module.c	debug_write_bool_field	function	make_stack_info_object	写脚本 info 布尔属性	字段写失败无返回状态	module.c:debug_write_bool_field; tests/library/test_debug_library.c	no-comment	命名、公开头或上层状态注释已足够
zr_vm_lib_debug/src/zr_vm_lib_debug/module.c	debug_write_string_field	function	make_named_value_object; make_stack_info_object; gethook	写脚本 info 对象文本属性	源文本由 VM/调用者借用	module.c:debug_write_string_field; tests/library/test_debug_library.c	no-comment	命名、公开头或上层状态注释已足够
zr_vm_lib_debug/src/zr_vm_lib_debug/module.c	debug_write_value_field	function	make_named_value_object; make_stack_info_object; gethook	写脚本 info 对象值属性	复制语义委托 native binding	module.c:debug_write_value_field; tests/library/test_debug_library.c	no-comment	命名、公开头或上层状态注释已足够
zr_vm_lib_debug/src/zr_vm_lib_debug/module.c	debug_script_level_to_core	function	traceback; getinfo; getlocal; setlocal	脚本 1-based 帧转换 core 0-based 帧	过大整数截断; 负数折叠到 0	module.c:debug_script_level_to_core; tests/library/test_debug_library.c	TODO	源码标出未决契约和核查入口
zr_vm_lib_debug/src/zr_vm_lib_debug/module.c	debug_is_null_value	function	read_optional_string; sethook/gethook	统一空参数与 null 值检查	null 即未设	module.c:debug_is_null_value; tests/library/test_debug_library.c	no-comment	命名、公开头或上层状态注释已足够
zr_vm_lib_debug/src/zr_vm_lib_debug/module.c	debug_string_text	function	make_function_info_object	取编译函数的字符串字段	只借用 VM 字符串	module.c:debug_string_text; tests/library/test_debug_library.c	no-comment	命名、公开头或上层状态注释已足够
zr_vm_lib_debug/src/zr_vm_lib_debug/module.c	debug_namewhat_text	function	make_stack_info_object	将 core 名称来源枚举转脚本字段	未知值为空文本	module.c:debug_namewhat_text; tests/library/test_debug_library.c	no-comment	命名、公开头或上层状态注释已足够
zr_vm_lib_debug/src/zr_vm_lib_debug/module.c	debug_parse_what	function	getinfo	把 getinfo 选项字符转 core 位集	未知字符静默忽略	module.c:debug_parse_what; tests/library/test_debug_library.c	commented	相邻注释解释调用链目的或权限边界
zr_vm_lib_debug/src/zr_vm_lib_debug/module.c	debug_mask_to_text	function	sethook	将 c/r/l mask 规范化为输出字符串	count 位不在文本中	module.c:debug_mask_to_text; tests/library/test_debug_library.c	no-comment	命名、公开头或上层状态注释已足够
zr_vm_lib_debug/src/zr_vm_lib_debug/module.c	debug_parse_hook_mask_text	function	sethook	从字符串读 c/r/l 订阅位	未知字符被忽略	module.c:debug_parse_hook_mask_text; tests/library/test_debug_library.c	no-comment	命名、公开头或上层状态注释已足够
zr_vm_lib_debug/src/zr_vm_lib_debug/module.c	debug_context_allows_writes	function	require_write_api	由实际 descriptor 身份判断完整权限	不信任可改模块字段	module.c:debug_context_allows_writes; tests/library/test_debug_library.c	commented	相邻注释解释调用链目的或权限边界
zr_vm_lib_debug/src/zr_vm_lib_debug/module.c	debug_require_write_api	function	setlocal; setupvalue; sethook	沙箱写调用直接抛错误	RunError 不返回	module.c:debug_require_write_api; tests/library/test_debug_library.c	no-comment	命名、公开头或上层状态注释已足够
zr_vm_lib_debug/src/zr_vm_lib_debug/module.c	debug_find_hook_record	function	get_or_create; trampoline; gethook	按 state 找脚本 hook 配置	线性无锁全局链表	module.c:debug_find_hook_record; tests/library/test_debug_library.c	no-comment	命名、公开头或上层状态注释已足够
zr_vm_lib_debug/src/zr_vm_lib_debug/module.c	debug_get_or_create_hook_record	function	clear_script_hook; sethook	给 VM script hook 准备 per-state 配置	节点至进程结束未释放	module.c:debug_get_or_create_hook_record; tests/library/test_debug_library.c	commented	相邻注释解释调用链目的或权限边界
zr_vm_lib_debug/src/zr_vm_lib_debug/module.c	debug_store_module_hook_value	function	clear_script_hook; sethook	让模块 __hook 持有闭包 GC 根	模块已加载; 字段写无反馈	module.c:debug_store_module_hook_value; tests/library/test_debug_library.c	commented	相邻注释解释调用链目的或权限边界
zr_vm_lib_debug/src/zr_vm_lib_debug/module.c	debug_clear_script_hook	function	sethook	清除 VM hook、闭包引用和模块根	全局节点保留	module.c:debug_clear_script_hook; tests/library/test_debug_library.c	commented	相邻注释解释调用链目的或权限边界
zr_vm_lib_debug/src/zr_vm_lib_debug/module.c	debug_hook_event_name	function	script_hook_trampoline	将 core hook event 转脚本字符串	未知事件为 unknown	module.c:debug_hook_event_name; tests/library/test_debug_library.c	no-comment	命名、公开头或上层状态注释已足够
zr_vm_lib_debug/src/zr_vm_lib_debug/module.c	debug_script_hook_trampoline	function	ZrCore_Debug_Hook via sethook	调用脚本 hook(event,line)	core 抑制 hook 递归; 返回结果忽略	module.c:debug_script_hook_trampoline; tests/library/test_debug_library.c	commented	相邻注释解释调用链目的或权限边界
zr_vm_lib_debug/src/zr_vm_lib_debug/module.c	debug_read_vm_closure_argument	function	getupvalue; setupvalue; upvalueid	限制 upvalue 操作为 VM 闭包	native callable 返回 null	module.c:debug_read_vm_closure_argument; tests/library/test_debug_library.c	no-comment	命名、公开头或上层状态注释已足够
zr_vm_lib_debug/src/zr_vm_lib_debug/module.c	debug_make_named_value_object	function	getlocal; getupvalue	构造变量名和值的脚本对象	分配失败返回 null	module.c:debug_make_named_value_object; tests/library/test_debug_library.c	no-comment	命名、公开头或上层状态注释已足够
zr_vm_lib_debug/src/zr_vm_lib_debug/module.c	debug_make_stack_info_object	function	getinfo; make_function_info_object	按 what 位集构造脚本 info	仅填请求字段; 返回对象由 VM GC 管	module.c:debug_make_stack_info_object; tests/library/test_debug_library.c	commented	相邻注释解释调用链目的或权限边界
zr_vm_lib_debug/src/zr_vm_lib_debug/module.c	debug_make_function_info_object	function	getinfo	从函数元数据构造非活动栈 info	需可提取 SZrFunction	module.c:debug_make_function_info_object; tests/library/test_debug_library.c	no-comment	命名、公开头或上层状态注释已足够
zr_vm_lib_debug/src/zr_vm_lib_debug/module.c	debug_read_optional_string_argument	function	traceback; getinfo	解析可空字符串参数	类型错误由 CallContext 抛出	module.c:debug_read_optional_string_argument; tests/library/test_debug_library.c	no-comment	命名、公开头或上层状态注释已足够
zr_vm_lib_debug/src/zr_vm_lib_debug/module.c	debug_traceback_callback	function	g_debug_functions.traceback	将 core traceback 呈现为脚本字符串	固定 8192 缓冲; level 转换	module.c:debug_traceback_callback; tests/library/test_debug_library.c	commented	相邻注释解释调用链目的或权限边界
zr_vm_lib_debug/src/zr_vm_lib_debug/module.c	debug_getinfo_callback	function	g_debug_functions.getinfo	查询活动帧或函数元数据	临时压栈须恢复; 无帧返回 null	module.c:debug_getinfo_callback; tests/library/test_debug_library.c	commented	相邻注释解释调用链目的或权限边界
zr_vm_lib_debug/src/zr_vm_lib_debug/module.c	debug_getlocal_callback	function	g_debug_functions.getlocal	读活动帧局部变量	索引截断为 int32; 未找到返回 null	module.c:debug_getlocal_callback; tests/library/test_debug_library.c	commented	相邻注释解释调用链目的或权限边界
zr_vm_lib_debug/src/zr_vm_lib_debug/module.c	debug_setlocal_callback	function	g_debug_functions.setlocal	修改活动帧局部槽	trusted descriptor; 未找到 null	module.c:debug_setlocal_callback; tests/library/test_debug_library.c	commented	相邻注释解释调用链目的或权限边界
zr_vm_lib_debug/src/zr_vm_lib_debug/module.c	debug_getupvalue_callback	function	g_debug_functions.getupvalue	读取 VM 闭包捕获变量	非 VM 闭包/无索引 null	module.c:debug_getupvalue_callback; tests/library/test_debug_library.c	commented	相邻注释解释调用链目的或权限边界
zr_vm_lib_debug/src/zr_vm_lib_debug/module.c	debug_setupvalue_callback	function	g_debug_functions.setupvalue	修改 VM 闭包捕获变量	trusted descriptor; 无索引 null	module.c:debug_setupvalue_callback; tests/library/test_debug_library.c	commented	相邻注释解释调用链目的或权限边界
zr_vm_lib_debug/src/zr_vm_lib_debug/module.c	debug_upvalueid_callback	function	g_debug_functions.upvalueid	返回捕获 cell 身份	指针由 VM 持有; 无索引 null	module.c:debug_upvalueid_callback; tests/library/test_debug_library.c	commented	相邻注释解释调用链目的或权限边界
zr_vm_lib_debug/src/zr_vm_lib_debug/module.c	debug_sethook_callback	function	g_debug_functions.sethook	安装/清除脚本 hook	trusted descriptor; 与 Profile/Coverage 槽位冲突待核对	module.c:debug_sethook_callback; tests/library/test_debug_library.c	TODO	源码标出未决契约和核查入口
zr_vm_lib_debug/src/zr_vm_lib_debug/module.c	debug_gethook_callback	function	g_debug_functions.gethook	报告本 state 的脚本 hook 配置	非 trampoline 时报告空 hook	module.c:debug_gethook_callback; tests/library/test_debug_library.c	commented	相邻注释解释调用链目的或权限边界
zr_vm_lib_debug/src/zr_vm_lib_debug/module.c	debug_module_on_materialize	function	native binding module materialization	设置脚本可见权限和 hook 根字段	由 descriptor 身份写 __writeEnabled	module.c:debug_module_on_materialize; tests/library/test_debug_library.c	commented	相邻注释解释调用链目的或权限边界
zr_vm_lib_debug/src/zr_vm_lib_debug/module.c	ZrVmLibDebug_GetModuleDescriptor	function	tests/library; plugin entry	提供静态完整描述符	不转移所有权	module.c:ZrVmLibDebug_GetModuleDescriptor; tests/library/test_debug_library.c	no-comment	命名、公开头或上层状态注释已足够
zr_vm_lib_debug/src/zr_vm_lib_debug/module.c	ZrVmLibDebug_GetSandboxedModuleDescriptor	function	tests/library	提供静态沙箱描述符	不转移所有权	module.c:ZrVmLibDebug_GetSandboxedModuleDescriptor; tests/library/test_debug_library.c	no-comment	命名、公开头或上层状态注释已足够
zr_vm_lib_debug/src/zr_vm_lib_debug/module.c	ZrVmLibDebug_Register	function	tests/library	向宿主 native registry 注册完整模块	global 须有效	module.c:ZrVmLibDebug_Register; tests/library/test_debug_library.c	no-comment	命名、公开头或上层状态注释已足够
zr_vm_lib_debug/src/zr_vm_lib_debug/module.c	ZrVmLibDebug_RegisterSandboxed	function	tests/library	向宿主 native registry 注册沙箱模块	global 须有效	module.c:ZrVmLibDebug_RegisterSandboxed; tests/library/test_debug_library.c	no-comment	命名、公开头或上层状态注释已足够
zr_vm_lib_debug/src/zr_vm_lib_debug/module.c	ZrVm_GetNativeModule_v1	function	native plugin loader	以通用 ABI 符号给出完整描述符	仅 shared 构建导出	module.c:ZrVm_GetNativeModule_v1; tests/library/test_debug_library.c	no-comment	命名、公开头或上层状态注释已足够
zr_vm_lib_debug/src/zr_vm_lib_debug/debug_internal.h	ZR_DEBUG_WAIT_INFINITE	macro	debug.c; debug_snapshot.c; debug_protocol.c	协议等待无期限哨兵	网络轮询超时位宽一致	debug_internal.h:宏; debug_snapshot.c:ReadVariables	no-comment	宏名和值结合调用已清楚
zr_vm_lib_debug/src/zr_vm_lib_debug/debug_internal.h	ZR_DEBUG_PROTOCOL_NAME	macro	debug.c; debug_snapshot.c; debug_protocol.c	网络初始化握手协议名	双方须一致	debug_internal.h:宏; debug_snapshot.c:ReadVariables	no-comment	宏名和值结合调用已清楚
zr_vm_lib_debug/src/zr_vm_lib_debug/debug_internal.h	ZR_DEBUG_MAIN_THREAD_ID	macro	debug.c; debug_snapshot.c; debug_protocol.c	主线程首个协议 ID	线程表递增从此开始	debug_internal.h:宏; debug_snapshot.c:ReadVariables	no-comment	宏名和值结合调用已清楚
zr_vm_lib_debug/src/zr_vm_lib_debug/debug_internal.h	ZR_DEBUG_VARIABLE_HANDLE_BASE	macro	debug.c; debug_snapshot.c; debug_protocol.c	变量动态句柄编号起点	scope ID 乘十编码可能跨入区间	debug.c:zr_debug_scope_id; debug_snapshot.c:ReadScopes/ReadVariables; zr_vm_core/src/zr_vm_core/debug.c:GetStack	BUG	第 100 帧起 scope ID 与动态句柄区间重叠，ReadVariables 提前拒绝；完整调用链由 core GetStack 到 ReadStack/Scopes/Variables 已核对
zr_vm_lib_debug/src/zr_vm_lib_debug/debug_internal.h	ZR_DEBUG_INSTANCE_SYNTHETIC_FIELD_COUNT	macro	debug.c; debug_snapshot.c; debug_protocol.c	实例合成字段数	需与展开实现一致	debug_internal.h:宏; debug_snapshot.c:ReadVariables	no-comment	宏名和值结合调用已清楚
zr_vm_lib_debug/src/zr_vm_lib_debug/debug_internal.h	ZR_DEBUG_CANONICAL_TYPE_ID_INVALID	macro	debug.c; debug_snapshot.c; debug_protocol.c	canonical type 不可用哨兵	0 不是真实 type ID	debug_internal.h:宏; debug_snapshot.c:ReadVariables	no-comment	宏名和值结合调用已清楚
zr_vm_lib_debug/src/zr_vm_lib_debug/debug_internal.h	zr_debug_memory_barrier	function	zr_debug_bool_store/load	尝试发布跨线程暂停/异常布尔请求	volatile + barrier 并非标准原子	debug_internal.h:zr_debug_memory_barrier; tests/debug/test_debug_agent.c	TODO	源码给出证据及需检查 C 原子同步的入口
zr_vm_lib_debug/src/zr_vm_lib_debug/debug_internal.h	zr_debug_bool_store	function	debug.c Pause/Continue; protocol.c	提交控制请求	slot 可空; 线程模型未核实	debug_internal.h:zr_debug_bool_store; tests/debug/test_debug_agent.c	TODO	源码给出证据及需检查 C 原子同步的入口
zr_vm_lib_debug/src/zr_vm_lib_debug/debug_internal.h	zr_debug_bool_load	function	debug.c trace observer	读取控制请求	slot 可空; 线程模型未核实	debug_internal.h:zr_debug_bool_load; tests/debug/test_debug_agent.c	TODO	源码给出证据及需检查 C 原子同步的入口
zr_vm_lib_debug/src/zr_vm_lib_debug/debug_internal.h	EZrDebugRunMode	enum	debug.c; debug_snapshot.c; debug_protocol.c	记录执行/暂停/单步意图	起始帧和 PC 由 Agent 保存	debug_internal.h:EZrDebugRunMode; tests/debug/test_debug_agent.c	commented	结构注释解释跨文件不变量
zr_vm_lib_debug/src/zr_vm_lib_debug/debug_internal.h	EZrDebugPrototypeViewKind	enum	debug.c; debug_snapshot.c; debug_protocol.c	区分 prototype 元数据展开视图	不经脚本 getter	debug_internal.h:EZrDebugPrototypeViewKind; tests/debug/test_debug_agent.c	commented	结构注释解释跨文件不变量
zr_vm_lib_debug/src/zr_vm_lib_debug/debug_internal.h	ZrDebugBreakpoint	struct	debug.c; debug_snapshot.c; debug_protocol.c	保存宿主规格与已解析函数/PC	文本数组由 Agent 拥有	debug_internal.h:ZrDebugBreakpoint; tests/debug/test_debug_agent.c	commented	结构注释解释跨文件不变量
zr_vm_lib_debug/src/zr_vm_lib_debug/debug_internal.h	EZrDebugVariableHandleKind	enum	debug.c; debug_snapshot.c; debug_protocol.c	区分变量句柄的展开方式	ID 只在当前 stopState 有效	debug_internal.h:EZrDebugVariableHandleKind; tests/debug/test_debug_agent.c	commented	结构注释解释跨文件不变量
zr_vm_lib_debug/src/zr_vm_lib_debug/debug_internal.h	ZrDebugUnionView	struct	debug.c; debug_snapshot.c; debug_protocol.c	统一 carrier/inline union 的展示元数据	底层指针借用 VM	debug_internal.h:ZrDebugUnionView; tests/debug/test_debug_agent.c	commented	结构注释解释跨文件不变量
zr_vm_lib_debug/src/zr_vm_lib_debug/debug_internal.h	ZrDebugVariableHandle	struct	debug.c; debug_snapshot.c; debug_protocol.c	保存可展开值或分页窗口	继续运行清除	debug_internal.h:ZrDebugVariableHandle; tests/debug/test_debug_agent.c	commented	结构注释解释跨文件不变量
zr_vm_lib_debug/src/zr_vm_lib_debug/debug_internal.h	EZrDebugDataBreakpointKind	enum	debug.c; debug_snapshot.c; debug_protocol.c	区分局部槽和 upvalue watch	不覆盖通用对象字段	debug_internal.h:EZrDebugDataBreakpointKind; tests/debug/test_debug_agent.c	commented	结构注释解释跨文件不变量
zr_vm_lib_debug/src/zr_vm_lib_debug/debug_internal.h	ZrDebugDataBreakpoint	struct	debug.c; debug_snapshot.c; debug_protocol.c	保存比较快照和槽身份	依赖帧仍存活	debug_internal.h:ZrDebugDataBreakpoint; tests/debug/test_debug_agent.c	commented	结构注释解释跨文件不变量
zr_vm_lib_debug/src/zr_vm_lib_debug/debug_internal.h	ZrDebugThreadEntry	struct	debug.c; debug_snapshot.c; debug_protocol.c	把协议线程 ID 关联 VM state	observer 卸载时恢复旧 signal	debug_internal.h:ZrDebugThreadEntry; tests/debug/test_debug_agent.c	commented	结构注释解释跨文件不变量
zr_vm_lib_debug/src/zr_vm_lib_debug/debug_internal.h	ZrDebugAgent	struct	debug.c; debug_snapshot.c; debug_protocol.c	持有网络/断点/句柄/Manifest 与运行模式	借用 state/入口函数/auth_token 到 Stop	debug_internal.h:ZrDebugAgent; tests/debug/test_debug_agent.c	commented	结构注释解释跨文件不变量
zr_vm_lib_debug/src/zr_vm_lib_debug/debug_internal.h	internal function declarations	interface	debug.c; debug_snapshot.c; debug_protocol.c; debug_eval.c; semantic/union helpers	跨源文件共享 Agent 内部调用契约	不得暴露为脚本/ABI 公共承诺	debug_internal.h:decls; 对应源文件定义	no-comment	逐函数实现已在各自 C 文件台账登记，头部不重复机械注释
zr_vm_lib_debug/include/zr_vm_lib_debug/debug.h	ZrDebugAgent	struct	debug.c; debug_snapshot.c; debug_protocol.c; CLI runtime; DAP client	不透明 Agent 会话	AgentStop 后失效	debug.h:ZrDebugAgent; tests/debug/test_debug_agent.c	commented	公开类型给出使用与有效期
zr_vm_lib_debug/include/zr_vm_lib_debug/debug.h	EZrDebugStopReason	enum	debug.c; debug_snapshot.c; debug_protocol.c; CLI runtime; DAP client	停点原因分类	TERMINATED 为会话结束	debug.h:EZrDebugStopReason; tests/debug/test_debug_agent.c	commented	公开类型给出使用与有效期
zr_vm_lib_debug/include/zr_vm_lib_debug/debug.h	EZrDebugScopeKind	enum	debug.c; debug_snapshot.c; debug_protocol.c; CLI runtime; DAP client	变量树作用域类别	scope ID 当前停点使用	debug.h:EZrDebugScopeKind; tests/debug/test_debug_agent.c	commented	公开类型给出使用与有效期
zr_vm_lib_debug/include/zr_vm_lib_debug/debug.h	EZrDebugBreakpointKind	enum	debug.c; debug_snapshot.c; debug_protocol.c; CLI runtime; DAP client	行或函数断点类别	注册入口分开	debug.h:EZrDebugBreakpointKind; tests/debug/test_debug_agent.c	commented	公开类型给出使用与有效期
zr_vm_lib_debug/include/zr_vm_lib_debug/debug.h	EZrDebugExceptionFilter	enum	debug.c; debug_snapshot.c; debug_protocol.c; CLI runtime; DAP client	捕获/未捕获异常订阅	配置影响停点	debug.h:EZrDebugExceptionFilter; tests/debug/test_debug_agent.c	commented	公开类型给出使用与有效期
zr_vm_lib_debug/include/zr_vm_lib_debug/debug.h	ZrDebugAgentConfig	struct	debug.c; debug_snapshot.c; debug_protocol.c; CLI runtime; DAP client	网络绑定、暂停和认证配置	auth_token 借用到 AgentStop	debug.h:ZrDebugAgentConfig; tests/debug/test_debug_agent.c	commented	公开类型给出使用与有效期
zr_vm_lib_debug/include/zr_vm_lib_debug/debug.h	ZrDebugBreakpointSpec	struct	debug.c; debug_snapshot.c; debug_protocol.c; CLI runtime; DAP client	客户端断点配置	Agent 复制固定容量字符串	debug.h:ZrDebugBreakpointSpec; tests/debug/test_debug_agent.c	commented	公开类型给出使用与有效期
zr_vm_lib_debug/include/zr_vm_lib_debug/debug.h	ZrDebugStopEvent	struct	debug.c; debug_snapshot.c; debug_protocol.c; CLI runtime; DAP client	停点事件快照	文本可能截断	debug.h:ZrDebugStopEvent; tests/debug/test_debug_agent.c	commented	公开类型给出使用与有效期
zr_vm_lib_debug/include/zr_vm_lib_debug/debug.h	ZrDebugFrameSnapshot	struct	debug.c; debug_snapshot.c; debug_protocol.c; CLI runtime; DAP client	堆栈帧和异步/测试元数据快照	与本停点关联	debug.h:ZrDebugFrameSnapshot; tests/debug/test_debug_agent.c	commented	公开类型给出使用与有效期
zr_vm_lib_debug/include/zr_vm_lib_debug/debug.h	ZrDebugTestEntrySnapshot	struct	debug.c; debug_snapshot.c; debug_protocol.c; CLI runtime; DAP client	入口 TestManifest 测试项	ReadTestManifest 复制数组	debug.h:ZrDebugTestEntrySnapshot; tests/debug/test_debug_agent.c	commented	公开类型给出使用与有效期
zr_vm_lib_debug/include/zr_vm_lib_debug/debug.h	ZrDebugScopeSnapshot	struct	debug.c; debug_snapshot.c; debug_protocol.c; CLI runtime; DAP client	由帧 ID 与作用域种类编码的变量作用域 ID	scope_id 数值可跨停点复用；每次从当前 ReadScopes 获取	debug.h:ZrDebugScopeSnapshot; tests/debug/test_debug_agent.c	commented	公开类型给出使用与有效期
zr_vm_lib_debug/include/zr_vm_lib_debug/debug.h	ZrDebugValuePreview	struct	debug.c; debug_snapshot.c; debug_protocol.c; CLI runtime; DAP client	变量节点展示文本/子句柄	文本截断; 子句柄当前停点有效	debug.h:ZrDebugValuePreview; tests/debug/test_debug_agent.c	commented	公开类型给出使用与有效期
zr_vm_lib_debug/include/zr_vm_lib_debug/debug.h	ZrDebugEvaluateResult	struct	debug.c; debug_snapshot.c; debug_protocol.c; CLI runtime; DAP client	求值展示结果	可展开句柄当前停点有效	debug.h:ZrDebugEvaluateResult; tests/debug/test_debug_agent.c	commented	公开类型给出使用与有效期
zr_vm_lib_debug/include/zr_vm_lib_debug/debug.h	EZrDebugEvaluateFailureKind	enum	debug.c; debug_snapshot.c; debug_protocol.c; CLI runtime; DAP client	失败阶段分类	协议层可映射诊断	debug.h:EZrDebugEvaluateFailureKind; tests/debug/test_debug_agent.c	commented	公开类型给出使用与有效期
zr_vm_lib_debug/include/zr_vm_lib_debug/debug.h	ZrDebugEvaluateFailure	struct	debug.c; debug_snapshot.c; debug_protocol.c; CLI runtime; DAP client	结构化失败消息和位置	快照定长文本	debug.h:ZrDebugEvaluateFailure; tests/debug/test_debug_agent.c	commented	公开类型给出使用与有效期
zr_vm_lib_debug/include/zr_vm_lib_debug/debug.h	EZrDebugEvaluationEffect	enum	debug.c; debug_snapshot.c; debug_protocol.c; CLI runtime; DAP client	表达式作用位	白名单使用	debug.h:EZrDebugEvaluationEffect; tests/debug/test_debug_agent.c	commented	公开类型给出使用与有效期
zr_vm_lib_debug/include/zr_vm_lib_debug/debug.h	ZrDebugEvaluationEffectPolicy	struct	debug.c; debug_snapshot.c; debug_protocol.c; CLI runtime; DAP client	求值能力分类结果	canonical facts 可用性单独记录	debug.h:ZrDebugEvaluationEffectPolicy; tests/debug/test_debug_agent.c	commented	公开类型给出使用与有效期
zr_vm_lib_debug/include/zr_vm_lib_debug/debug.h	ZrDebug_AgentStart	interface	CLI runtime; tests/debug	按配置为入口 VM 启动调试监听器	state/function/auth_token 存活到 Stop; 成功返回自有 Agent	debug.h:ZrDebug_AgentStart; debug.c/debug_snapshot.c/debug_protocol.c	commented	公开声明注释说明调用意图和约束
zr_vm_lib_debug/include/zr_vm_lib_debug/debug.h	ZrDebug_AgentStop	interface	CLI runtime; tests/debug	解绑 observer 并关闭网络/资源	调用后 Agent 失效	debug.h:ZrDebug_AgentStop; debug.c/debug_snapshot.c/debug_protocol.c	commented	公开声明注释说明调用意图和约束
zr_vm_lib_debug/include/zr_vm_lib_debug/debug.h	ZrDebug_AgentGetEndpoint	interface	CLI runtime; tests/debug	取得 zrdbg 客户端或 DAP 桥使用的 loopback 端点	目标缓冲需足够	debug.h:ZrDebug_AgentGetEndpoint; debug.c/debug_snapshot.c/debug_protocol.c	commented	公开声明注释说明调用意图和约束
zr_vm_lib_debug/include/zr_vm_lib_debug/debug.h	ZrDebug_SetBreakpoints	interface	debug_protocol.c; tests/debug	替换行断点	字符串复制; 失败语义核对实现	debug.h:ZrDebug_SetBreakpoints; debug.c/debug_snapshot.c/debug_protocol.c	commented	公开声明注释说明调用意图和约束
zr_vm_lib_debug/include/zr_vm_lib_debug/debug.h	ZrDebug_SetFunctionBreakpoints	interface	debug_protocol.c	替换函数入口断点	不清行断点	debug.h:ZrDebug_SetFunctionBreakpoints; debug.c/debug_snapshot.c/debug_protocol.c	commented	公开声明注释说明调用意图和约束
zr_vm_lib_debug/include/zr_vm_lib_debug/debug.h	ZrDebug_SetExceptionBreakpoints	interface	debug_protocol.c	设定异常停点订阅	uncaught 由 NotifyException 触发	debug.h:ZrDebug_SetExceptionBreakpoints; debug.c/debug_snapshot.c/debug_protocol.c	commented	公开声明注释说明调用意图和约束
zr_vm_lib_debug/include/zr_vm_lib_debug/debug.h	ZrDebug_Continue	interface	debug_protocol.c	恢复运行并失效旧变量句柄	仅在停点合理	debug.h:ZrDebug_Continue; debug.c/debug_snapshot.c/debug_protocol.c	commented	公开声明注释说明调用意图和约束
zr_vm_lib_debug/include/zr_vm_lib_debug/debug.h	ZrDebug_Pause	interface	debug_protocol.c; tests/debug	提交在 trace 点暂停请求	跨线程同步待核对	debug.h:ZrDebug_Pause; debug.c/debug_snapshot.c/debug_protocol.c	commented	公开声明注释说明调用意图和约束
zr_vm_lib_debug/include/zr_vm_lib_debug/debug.h	ZrDebug_StepInto	interface	debug_protocol.c	单步进入调用	旧句柄清空	debug.h:ZrDebug_StepInto; debug.c/debug_snapshot.c/debug_protocol.c	commented	公开声明注释说明调用意图和约束
zr_vm_lib_debug/include/zr_vm_lib_debug/debug.h	ZrDebug_StepOver	interface	debug_protocol.c	跳过调用并停在当前帧后续位置	旧句柄清空	debug.h:ZrDebug_StepOver; debug.c/debug_snapshot.c/debug_protocol.c	commented	公开声明注释说明调用意图和约束
zr_vm_lib_debug/include/zr_vm_lib_debug/debug.h	ZrDebug_StepOut	interface	debug_protocol.c	继续到离开当前帧	旧句柄清空	debug.h:ZrDebug_StepOut; debug.c/debug_snapshot.c/debug_protocol.c	commented	公开声明注释说明调用意图和约束
zr_vm_lib_debug/include/zr_vm_lib_debug/debug.h	ZrDebug_ReadStack	interface	debug_protocol.c	读取当前运行栈或异常保存的帧快照	VM 栈须由调用方保持稳定（通常在停点）；函数不验证暂停状态；数组用 ZrDebug_Free	debug.h:ZrDebug_ReadStack; debug.c/debug_snapshot.c/debug_protocol.c	commented	公开声明注释说明调用意图和约束
zr_vm_lib_debug/include/zr_vm_lib_debug/debug.h	ZrDebug_ReadTestManifest	interface	debug.c; 协议测试发现	复制入口 TestManifest	返回数组用 ZrDebug_Free	debug.h:ZrDebug_ReadTestManifest; debug.c/debug_snapshot.c/debug_protocol.c	commented	公开声明注释说明调用意图和约束
zr_vm_lib_debug/include/zr_vm_lib_debug/debug.h	ZrDebug_ReadScopes	interface	debug_protocol.c	列出帧作用域	有效 frameId; 越界异常帧 BUG 在实现	debug.h:ZrDebug_ReadScopes; debug.c/debug_snapshot.c/debug_protocol.c	commented	公开声明注释说明调用意图和约束
zr_vm_lib_debug/include/zr_vm_lib_debug/debug.h	ZrDebug_ReadVariables	interface	debug_protocol.c	展开当前作用域或对支持分页的动态句柄取窗口	作用域 ID 取当前 ReadScopes；动态句柄仅本停点有效；返回数组需 Free	debug.h:ZrDebug_ReadVariables; debug.c/debug_snapshot.c/debug_protocol.c	commented	公开声明注释说明调用意图和约束
zr_vm_lib_debug/include/zr_vm_lib_debug/debug.h	ZrDebug_Evaluate	interface	debug_snapshot.c wrappers; tests/debug	在暂停帧按默认能力策略求值	暂停要求; 失败写 errorBuffer	debug.h:ZrDebug_Evaluate; debug.c/debug_snapshot.c/debug_protocol.c	commented	公开声明注释说明调用意图和约束
zr_vm_lib_debug/include/zr_vm_lib_debug/debug.h	ZrDebug_EvaluateWithCapabilities	interface	debug_snapshot.c wrappers; tests/debug	按作用白名单求值	暂停要求	debug.h:ZrDebug_EvaluateWithCapabilities; debug.c/debug_snapshot.c/debug_protocol.c	commented	公开声明注释说明调用意图和约束
zr_vm_lib_debug/include/zr_vm_lib_debug/debug.h	ZrDebug_EvaluateWithCapabilitiesDetailed	interface	debug_protocol_evaluate.c; tests/debug	按白名单求值并报告结构化失败	暂停要求; outFailure 可空	debug.h:ZrDebug_EvaluateWithCapabilitiesDetailed; debug.c/debug_snapshot.c/debug_protocol.c	commented	公开声明注释说明调用意图和约束
zr_vm_lib_debug/include/zr_vm_lib_debug/debug.h	ZrDebug_ClassifyEvaluationEffect	interface	debug_protocol_evaluate.c	分类表达式作用要求	解析失败返回 false	debug.h:ZrDebug_ClassifyEvaluationEffect; debug.c/debug_snapshot.c/debug_protocol.c	commented	公开声明注释说明调用意图和约束
zr_vm_lib_debug/include/zr_vm_lib_debug/debug.h	ZrDebug_EvaluationEffectPolicy_Allows	interface	debug_evaluation_effect.c	检查政策位集是否在白名单内	policy 有效	debug.h:ZrDebug_EvaluationEffectPolicy_Allows; debug.c/debug_snapshot.c/debug_protocol.c	commented	公开声明注释说明调用意图和约束
zr_vm_lib_debug/include/zr_vm_lib_debug/debug.h	ZrDebug_Free	interface	debug_protocol.c; CLI/test callers	释放 API 分配的快照数组	可传 null	debug.h:ZrDebug_Free; debug.c/debug_snapshot.c/debug_protocol.c	commented	公开声明注释说明调用意图和约束
zr_vm_lib_debug/include/zr_vm_lib_debug/debug.h	ZrDebug_NotifyException	interface	CLI runtime; tests/debug	报告未捕获异常并可能暂停	Agent 订阅 uncaught	debug.h:ZrDebug_NotifyException; debug.c/debug_snapshot.c/debug_protocol.c	commented	公开声明注释说明调用意图和约束
zr_vm_lib_debug/include/zr_vm_lib_debug/debug.h	ZrDebug_NotifyTerminated	interface	CLI runtime; tests/debug	告知协议客户端执行结束	仅已初始化客户端最多收到一次事件	debug.h:ZrDebug_NotifyTerminated; debug.c/debug_snapshot.c/debug_protocol.c	commented	公开声明注释说明调用意图和约束
zr_vm_lib_debug/src/zr_vm_lib_debug/module.c	debug_getinfo_callback::temporary_stack_restore	block	debug_getinfo_callback; g_debug_functions.getinfo	从 core 临时压栈中取出函数值后恢复脚本运行栈	仅 PUSH_FUNCTION 选项触发; 失败也需恢复	module.c:debug_getinfo_callback savedStackTop/GetInfo	commented	独立栈不变量已在块前说明
zr_vm_lib_debug/src/zr_vm_lib_debug/module.c	debug_sethook_callback::publish_hook_root	block	debug_sethook_callback; script_hook_trampoline	先发布闭包引用及模块 GC 根，再安装 VM hook	hook 可能立即回调; 闭包须可达	module.c:sethook record/store_module_hook/SetHook	commented	顺序保证回调首次事件可用
zr_vm_lib_debug/src/zr_vm_lib_debug/module.c	debug_sethook_callback::script_hook_collision	block	script zr.debug.sethook; CLI profile/coverage	脚本 hook 直接替换 VM 唯一 hook 槽位	共存契约未定义	module.c:ZrCore_Debug_SetHook; profile.c/coverage.c:Start	TODO	需检查宿主模式共存和冲突诊断
zr_vm_lib_debug/src/zr_vm_lib_debug/coverage.c	ZrDebug_Coverage_Start::publish_before_hook	block	Coverage_Start; coverage_hook	会话先注册且设活动标志再安装 hook	hook 回调只能按 state 找活动表	coverage.c:register_active/active/SetHook	commented	说明事件可立即到达时的顺序
zr_vm_lib_debug/src/zr_vm_lib_debug/coverage.c	zr_debug_coverage_record_line::allocation_failure	block	coverage_hook LINE	动态采集的单行分配失败时跳过该行	无错误回传给 CLI; 报告可能少行	coverage.c:record_line/add_line	TODO	需评估是否应暴露覆盖率不完整状态
zr_vm_lib_debug/src/zr_vm_lib_debug/profile.c	zr_debug_profile_start_internal::count_compatibility	block	Profile_StartWithSampling; old hook observer	与旧 COUNT hook 共用 VM 全局采样周期	旧周期不同则拒绝 Start	profile.c:start_internal previous_count/samplePeriod	commented	记录复用同一 hook 槽位的设计限制
zr_vm_lib_debug/src/zr_vm_lib_debug/profile.c	zr_debug_profile_start_internal::publish_before_hook	block	Profile_Start; profile_hook	先保存采样周期与活动状态，再安装 VM hook	hook 回调依赖二者	profile.c:start_internal sample_period/active/SetHook	commented	顺序不变量有独立价值
zr_vm_lib_debug/src/zr_vm_lib_debug/profile.c	zr_debug_profile_record_return::parent_self_time	block	profile_hook RETURN	将子帧耗时计入父帧 child_time 以计算 self time	若找不到匹配帧不结算	profile.c:record_return frame_count/child_time_ns	commented	解释 inclusive/self 计时口径
zr_vm_lib_debug/src/zr_vm_lib_debug/debug_breakpoint_logpoint.c	zr_debug_breakpoint_logpoint_format::interpolation_failure	block	debug.c logpoint hit	表达式求值失败变成文本片段仍发出日志	整条输出继续并加换行	debug_breakpoint_logpoint.c:<error:...> branch	commented	说明部分失败不取消事件
zr_vm_lib_debug/src/zr_vm_lib_debug/debug_snapshot.c	ZR_DEBUG_TYPE_OBJECT_FIELD_COUNT	macro	zr_debug_expand_type_object_handle	限定原型对象公开的子视图数量	文件内常量；不改变运行时布局	zr_vm_lib_debug/src/zr_vm_lib_debug/debug_snapshot.c:6	commented	已说明跨函数用途
zr_vm_lib_debug/src/zr_vm_lib_debug/debug_snapshot.c	ZR_DEBUG_INVALID_SLOT_INDEX	macro	zr_debug_find_receiver_slot;zr_debug_local_scope_accepts_slot;ZrDebug_ReadStack;ZrDebug_ReadScopes;ZrDebug_ReadVariables	标记接收者槽识别失败	文件内常量；不改变运行时布局	zr_vm_lib_debug/src/zr_vm_lib_debug/debug_snapshot.c:7	commented	已说明跨函数用途
zr_vm_lib_debug/src/zr_vm_lib_debug/debug_snapshot.c	ZR_DEBUG_STRING_CHUNK_SIZE	macro	zr_debug_string_chunk_count;zr_debug_expand_string_chunks_handle	固定长字符串子变量的字节块大小	文件内常量；不改变运行时布局	zr_vm_lib_debug/src/zr_vm_lib_debug/debug_snapshot.c:9	commented	已说明跨函数用途
zr_vm_lib_debug/src/zr_vm_lib_debug/debug_snapshot.c	zr_debug_object_get_field	function	zr_debug_exception_frames_object;zr_debug_exception_read_frame;zr_debug_try_resolve_indexed_storage	按文本键读取对象原始字段	字段缺失或分配失败返回空指针	zr_vm_lib_debug/src/zr_vm_lib_debug/debug_snapshot.c:11	no-comment	名称、参数及现有守卫已表达此职责；无额外跨层不变量
zr_vm_lib_debug/src/zr_vm_lib_debug/debug_snapshot.c	zr_debug_make_string_key	function	zr_debug_expand_prototype_view;zr_debug_safe_get_member_value	为对象查表构造字符串键	失败时输出键归零	zr_vm_lib_debug/src/zr_vm_lib_debug/debug_snapshot.c:29	no-comment	名称、参数及现有守卫已表达此职责；无额外跨层不变量
zr_vm_lib_debug/src/zr_vm_lib_debug/debug_snapshot.c	zr_debug_copy_value_snapshot	function	zr_debug_register_string_chunks_handle;zr_debug_read_indexed_storage_value;zr_debug_resolve_identifier_value;zr_debug_safe_get_member_value;zr_debug_safe_get_index_value	复制只借用的调试值快照	非对象清空所有权元数据；对象降为借用	zr_vm_lib_debug/src/zr_vm_lib_debug/debug_snapshot.c:49	commented	已补充跨层目的或关键约束
zr_vm_lib_debug/src/zr_vm_lib_debug/debug_snapshot.c	zr_debug_is_receiver_name	function	zr_debug_find_receiver_slot	识别方法接收者名称	仅 this 或 self	zr_vm_lib_debug/src/zr_vm_lib_debug/debug_snapshot.c:73	no-comment	名称、参数及现有守卫已表达此职责；无额外跨层不变量
zr_vm_lib_debug/src/zr_vm_lib_debug/debug_snapshot.c	zr_debug_try_get_vm_closure_from_value	function	zr_debug_closure_capture_value;ZrDebug_ReadVariables	排除 native 闭包后取得 VM 闭包	值与原始对象类型均需匹配	zr_vm_lib_debug/src/zr_vm_lib_debug/debug_snapshot.c:77	no-comment	名称、参数及现有守卫已表达此职责；无额外跨层不变量
zr_vm_lib_debug/src/zr_vm_lib_debug/debug_snapshot.c	zr_debug_frame_value_slot	function	ZrDebug_ReadStack;ZrDebug_ReadVariables;zr_vm_lib_debug/src/zr_vm_lib_debug/debug_formal_evaluation_execute.c::zr_debug_formal_read_frame_binding;zr_vm_lib_debug/src/zr_vm_lib_debug/debug_semantic_bindings.c::zr_debug_semantic_register_frame_variables;tests/debug/test_debug_snapshot_contracts.c::test_debug_snapshot_variables_use_core_local_and_upvalue_apis	按帧布局读取值槽	内联值布局优先；否则标准栈读取	zr_vm_lib_debug/src/zr_vm_lib_debug/debug_snapshot.c:95	commented	已补充跨层目的或关键约束
zr_vm_lib_debug/src/zr_vm_lib_debug/debug_snapshot.c	zr_debug_protocol_name	function	zr_debug_expand_prototype_view	把协议枚举映射为调试名称	未知协议显示 None	zr_vm_lib_debug/src/zr_vm_lib_debug/debug_snapshot.c:127	no-comment	名称、参数及现有守卫已表达此职责；无额外跨层不变量
zr_vm_lib_debug/src/zr_vm_lib_debug/debug_snapshot.c	zr_debug_value_type_name_safe	function	zr_debug_fill_value_preview;zr_debug_try_evaluate_index_window;zr_debug_evaluate_with_policy;ZrDebug_ReadStack	优先展示对象原型名称	无原型时回退值类型	zr_vm_lib_debug/src/zr_vm_lib_debug/debug_snapshot.c:147	no-comment	名称、参数及现有守卫已表达此职责；无额外跨层不变量
zr_vm_lib_debug/src/zr_vm_lib_debug/debug_snapshot.c	zr_debug_value_is_expandable	function	zr_debug_fill_value_preview;zr_debug_evaluate_with_policy;ZrDebug_ReadStack	判定对象和数组能否展开	必须存在底层对象	zr_vm_lib_debug/src/zr_vm_lib_debug/debug_snapshot.c:164	no-comment	名称、参数及现有守卫已表达此职责；无额外跨层不变量
zr_vm_lib_debug/src/zr_vm_lib_debug/debug_snapshot.c	zr_debug_value_as_string	function	zr_debug_string_needs_chunk_handle;zr_debug_expand_string_chunks_handle	取得字符串对象	只接受非空字符串值	zr_vm_lib_debug/src/zr_vm_lib_debug/debug_snapshot.c:175	no-comment	名称、参数及现有守卫已表达此职责；无额外跨层不变量
zr_vm_lib_debug/src/zr_vm_lib_debug/debug_snapshot.c	zr_debug_string_chunk_count	function	zr_debug_string_needs_chunk_handle;zr_debug_expand_string_chunks_handle	计算长字符串字节块数	空串为零块	zr_vm_lib_debug/src/zr_vm_lib_debug/debug_snapshot.c:185	no-comment	名称、参数及现有守卫已表达此职责；无额外跨层不变量
zr_vm_lib_debug/src/zr_vm_lib_debug/debug_snapshot.c	zr_debug_string_needs_chunk_handle	function	zr_debug_register_string_chunks_handle;zr_debug_attach_string_chunk_handle	决定长字符串是否提供分页句柄	字节长度达到预览容量才分页	zr_vm_lib_debug/src/zr_vm_lib_debug/debug_snapshot.c:189;tests/debug/test_debug_truncation.c	commented	已补充跨层目的或关键约束
zr_vm_lib_debug/src/zr_vm_lib_debug/debug_snapshot.c	zr_debug_exception_frames_object	function	zr_debug_exception_frame_count;zr_debug_exception_read_frame	定位当前异常的 stacks 数组	要求当前异常为对象且 stacks 为数组	zr_vm_lib_debug/src/zr_vm_lib_debug/debug_snapshot.c:216	no-comment	名称、参数及现有守卫已表达此职责；无额外跨层不变量
zr_vm_lib_debug/src/zr_vm_lib_debug/debug_snapshot.c	zr_debug_exception_frame_count	function	ZrDebug_ReadStack;ZrDebug_ReadScopes	取得异常栈帧数	无 stacks 返回零	zr_vm_lib_debug/src/zr_vm_lib_debug/debug_snapshot.c:235	no-comment	名称、参数及现有守卫已表达此职责；无额外跨层不变量
zr_vm_lib_debug/src/zr_vm_lib_debug/debug_snapshot.c	zr_debug_exception_read_frame	function	ZrDebug_ReadStack;zr_vm_lib_debug/src/zr_vm_lib_debug/debug.c::ZrDebug_NotifyException	读取异常快照的一基帧 ID	数组索引为 frameId 减一；输出先清零	zr_vm_lib_debug/src/zr_vm_lib_debug/debug_snapshot.c:240	commented	已补充跨层目的或关键约束
zr_vm_lib_debug/src/zr_vm_lib_debug/debug_snapshot.c	zr_debug_prototype_type_name	function	zr_debug_format_value_text_safe;zr_debug_expand_prototype_summary	为原型类别提供展示名	未知类别用 prototype	zr_vm_lib_debug/src/zr_vm_lib_debug/debug_snapshot.c:304	no-comment	名称、参数及现有守卫已表达此职责；无额外跨层不变量
zr_vm_lib_debug/src/zr_vm_lib_debug/debug_snapshot.c	zr_debug_find_call_info_by_frame_id	function	zr_debug_expand_inline_union_handle;ZrDebug_ReadScopes;zr_vm_lib_debug/src/zr_vm_lib_debug/debug_reference_summary.c::zr_debug_identifier_reference_summary	由一基帧 ID 定位 VM activation	失败清空函数输出	zr_vm_lib_debug/src/zr_vm_lib_debug/debug_snapshot.c:326	no-comment	名称、参数及现有守卫已表达此职责；无额外跨层不变量
zr_vm_lib_debug/src/zr_vm_lib_debug/debug_snapshot.c	zr_debug_resolve_value_prototype	function	zr_debug_value_type_name_safe;zr_debug_format_value_text_safe;zr_debug_register_value_handle;zr_debug_register_index_window_handle;zr_debug_expand_value_handle;zr_debug_safe_get_member_value;zr_debug_safe_get_index_value;ZrDebug_ReadVariables;zr_vm_lib_debug/src/zr_vm_lib_debug/debug_child_shape.c::zr_debug_value_child_shape;zr_vm_lib_debug/src/zr_vm_lib_debug/debug_child_shape.c::zr_debug_semantic_type_name	取得值的显式或基本类型原型	需有效 state/global；对象优先显式原型	zr_vm_lib_debug/src/zr_vm_lib_debug/debug_snapshot.c:346	no-comment	名称、参数及现有守卫已表达此职责；无额外跨层不变量
zr_vm_lib_debug/src/zr_vm_lib_debug/debug_snapshot.c	zr_debug_format_value_text_safe	function	zr_debug_fill_value_preview;zr_debug_expand_value_handle;zr_debug_evaluate_with_policy;ZrDebug_ReadStack;zr_vm_lib_debug/src/zr_vm_lib_debug/debug_breakpoint_logpoint.c::zr_debug_breakpoint_logpoint_format;tests/debug/test_debug_truncation.c::test_long_string_value_preview_marks_truncation	生成不执行用户代码的简短值文本	缓冲区总是截断终止	zr_vm_lib_debug/src/zr_vm_lib_debug/debug_snapshot.c:374	commented	已补充跨层目的或关键约束
zr_vm_lib_debug/src/zr_vm_lib_debug/debug_snapshot.c	zr_debug_call_info_line	function	ZrDebug_ReadStack;zr_vm_lib_debug/src/zr_vm_lib_debug/debug.c::ZrDebug_NotifyException	从指令偏移取得源行	顶帧无映射时回退最近停点行	zr_vm_lib_debug/src/zr_vm_lib_debug/debug_snapshot.c:462	no-comment	名称、参数及现有守卫已表达此职责；无额外跨层不变量
zr_vm_lib_debug/src/zr_vm_lib_debug/debug_snapshot.c	zr_debug_find_variable_handle	function	ZrDebug_ReadVariables	按句柄 ID 与停点代号查找快照	低于保留范围拒绝	zr_vm_lib_debug/src/zr_vm_lib_debug/debug_snapshot.c:482	commented	已补充跨层目的或关键约束
zr_vm_lib_debug/src/zr_vm_lib_debug/debug_snapshot.c	zr_debug_alloc_variable_handle	function	zr_debug_register_prototype_handle;zr_debug_register_prototype_view_handle;zr_debug_register_global_state_handle;zr_debug_register_exception_handle;zr_debug_register_value_handle;zr_debug_register_index_window_handle;zr_debug_register_inline_union_handle;zr_debug_register_string_chunks_handle	扩容并分配本停点句柄	ID 溢出到保留范围以下后拒绝	zr_vm_lib_debug/src/zr_vm_lib_debug/debug_snapshot.c:500	commented	已补充跨层目的或关键约束
zr_vm_lib_debug/src/zr_vm_lib_debug/debug_snapshot.c	zr_debug_register_prototype_handle	function	zr_debug_register_value_handle;zr_debug_expand_prototype_summary;zr_debug_expand_value_handle	注册可展开原型句柄	原型为借用指针	zr_vm_lib_debug/src/zr_vm_lib_debug/debug_snapshot.c:527	no-comment	名称、参数及现有守卫已表达此职责；无额外跨层不变量
zr_vm_lib_debug/src/zr_vm_lib_debug/debug_snapshot.c	zr_debug_register_prototype_view_handle	function	zr_debug_expand_type_object_handle;zr_debug_expand_prototype_summary	注册原型子视图句柄	视图类型不得为 NONE	zr_vm_lib_debug/src/zr_vm_lib_debug/debug_snapshot.c:546	no-comment	名称、参数及现有守卫已表达此职责；无额外跨层不变量
zr_vm_lib_debug/src/zr_vm_lib_debug/debug_snapshot.c	zr_debug_register_global_state_handle	function	ZrDebug_ReadVariables	注册全局调试状态句柄	需要 agent 和 state	zr_vm_lib_debug/src/zr_vm_lib_debug/debug_snapshot.c:568	no-comment	名称、参数及现有守卫已表达此职责；无额外跨层不变量
zr_vm_lib_debug/src/zr_vm_lib_debug/debug_snapshot.c	zr_debug_register_exception_handle	function	ZrDebug_ReadVariables	注册当前异常句柄	仅存在当前异常时可注册	zr_vm_lib_debug/src/zr_vm_lib_debug/debug_snapshot.c:584	no-comment	名称、参数及现有守卫已表达此职责；无额外跨层不变量
zr_vm_lib_debug/src/zr_vm_lib_debug/debug_snapshot.c	zr_debug_register_value_handle	function	zr_debug_fill_value_preview;zr_debug_evaluate_with_policy;ZrDebug_ReadStack	注册对象或数组值句柄	其他值不展开；原型对象走专用句柄	zr_vm_lib_debug/src/zr_vm_lib_debug/debug_snapshot.c:601	no-comment	名称、参数及现有守卫已表达此职责；无额外跨层不变量
zr_vm_lib_debug/src/zr_vm_lib_debug/debug_snapshot.c	zr_debug_register_index_window_handle	function	zr_debug_try_evaluate_index_window	保存数组窗口基值与偏移	必须是对象或数组	zr_vm_lib_debug/src/zr_vm_lib_debug/debug_snapshot.c:629	no-comment	名称、参数及现有守卫已表达此职责；无额外跨层不变量
zr_vm_lib_debug/src/zr_vm_lib_debug/debug_snapshot.c	zr_debug_register_inline_union_handle	function	zr_debug_fill_inline_union_preview	保存帧和槽以展开内联 union	帧 ID 必须非零	zr_vm_lib_debug/src/zr_vm_lib_debug/debug_snapshot.c:654	no-comment	名称、参数及现有守卫已表达此职责；无额外跨层不变量
zr_vm_lib_debug/src/zr_vm_lib_debug/debug_snapshot.c	zr_debug_register_string_chunks_handle	function	zr_debug_attach_string_chunk_handle	注册长字符串字节分页句柄	复制借用快照并记录块数	zr_vm_lib_debug/src/zr_vm_lib_debug/debug_snapshot.c:674;tests/debug/test_debug_truncation.c	no-comment	名称、参数及现有守卫已表达此职责；无额外跨层不变量
zr_vm_lib_debug/src/zr_vm_lib_debug/debug_snapshot.c	zr_debug_attach_string_chunk_handle	function	zr_debug_fill_value_preview;zr_debug_evaluate_with_policy	将字符串分页句柄挂到预览	成功后索引子变量为块数	zr_vm_lib_debug/src/zr_vm_lib_debug/debug_snapshot.c:695	no-comment	名称、参数及现有守卫已表达此职责；无额外跨层不变量
zr_vm_lib_debug/src/zr_vm_lib_debug/debug_snapshot.c	zr_debug_fill_text_preview	function	zr_debug_fill_value_preview;zr_debug_expand_string_chunks_handle;zr_debug_expand_global_state;zr_debug_expand_type_object_handle;zr_debug_expand_prototype_summary;zr_debug_expand_prototype_view;zr_debug_expand_union_value_handle;zr_debug_expand_inline_union_handle;zr_debug_expand_value_handle;zr_debug_fill_inline_union_preview;ZrDebug_ReadVariables	构造纯文本子变量预览	空输入使用空文本或默认类型	zr_vm_lib_debug/src/zr_vm_lib_debug/debug_snapshot.c:724	no-comment	名称、参数及现有守卫已表达此职责；无额外跨层不变量
zr_vm_lib_debug/src/zr_vm_lib_debug/debug_snapshot.c	zr_debug_fill_value_preview	function	zr_debug_expand_indexed_window;zr_debug_expand_prototype_view;zr_debug_expand_exception_value;zr_debug_expand_union_value_handle;zr_debug_expand_inline_union_handle;zr_debug_expand_value_handle;ZrDebug_ReadVariables	构造值预览及语义摘要	对象句柄与字符串分块句柄均受停点限制	zr_vm_lib_debug/src/zr_vm_lib_debug/debug_snapshot.c:745	commented	已补充跨层目的或关键约束
zr_vm_lib_debug/src/zr_vm_lib_debug/debug_snapshot.c	zr_debug_key_to_index	function	zr_debug_safe_get_index_value	把数值键转成非负索引	拒绝负数和非整数类型	zr_vm_lib_debug/src/zr_vm_lib_debug/debug_snapshot.c:788	no-comment	名称、参数及现有守卫已表达此职责；无额外跨层不变量
zr_vm_lib_debug/src/zr_vm_lib_debug/debug_snapshot.c	zr_debug_read_indexed_storage_value	function	zr_debug_expand_indexed_window	从内部索引数组读取借用值	缺失元素输出 null	zr_vm_lib_debug/src/zr_vm_lib_debug/debug_snapshot.c:813	no-comment	名称、参数及现有守卫已表达此职责；无额外跨层不变量
zr_vm_lib_debug/src/zr_vm_lib_debug/debug_snapshot.c	zr_debug_try_resolve_indexed_storage	function	zr_debug_expand_value_handle;zr_debug_safe_get_index_value;zr_debug_try_evaluate_index_window;ZrDebug_ReadVariables;zr_vm_lib_debug/src/zr_vm_lib_debug/debug_child_shape.c::zr_debug_value_child_shape	解析数组或容器内部索引存储	只读 __zr_items 和 __zr_entries	zr_vm_lib_debug/src/zr_vm_lib_debug/debug_snapshot.c:834	commented	已补充跨层目的或关键约束
zr_vm_lib_debug/src/zr_vm_lib_debug/debug_snapshot.c	zr_debug_expand_indexed_window	function	zr_debug_expand_value_handle;ZrDebug_ReadVariables	按窗口偏移生成数组子预览	返回数组由调用方释放	zr_vm_lib_debug/src/zr_vm_lib_debug/debug_snapshot.c:905	commented	已补充跨层目的或关键约束
zr_vm_lib_debug/src/zr_vm_lib_debug/debug_snapshot.c	zr_debug_expand_string_chunks_handle	function	ZrDebug_ReadVariables	按字节范围分页长字符串	固定 64 字节切块可拆开 UTF-8 字符；客户端将不完整字节解码为 U+FFFD	debug_snapshot.c:zr_debug_expand_string_chunks_handle;debug_protocol.c:zr_debug_agent_make_variables_result;zr_vm_library/third_party/zr_c_json/cJSON/cJSON.c:print_string_ptr;zr_vm_language_server_extension/src/debug/zrdbgClient.ts:drainFrames	BUG	长度 >= ZR_DEBUG_TEXT_CAPACITY 且 63 个 ASCII 后接 é 时首块仅含 C3；cJSON 原样输出；Node UTF-8 解码产生 U+FFFD（字节模拟 true）；需补跨边界协议用例
zr_vm_lib_debug/src/zr_vm_lib_debug/debug_snapshot.c	zr_debug_loaded_module_count	function	zr_debug_expand_global_state	读已加载模块的逻辑数组长度	不用哈希表元素数代替长度	zr_vm_lib_debug/src/zr_vm_lib_debug/debug_snapshot.c:1063;tests/debug/test_debug_snapshot_contracts.c;zr_vm_lib_debug/src/zr_vm_lib_debug/debug_protocol.c	no-comment	名称、参数及现有守卫已表达此职责；无额外跨层不变量
zr_vm_lib_debug/src/zr_vm_lib_debug/debug_snapshot.c	zr_debug_expand_global_state	function	ZrDebug_ReadVariables	展开调试全局状态摘要	固定六项且分配失败返回 false	zr_vm_lib_debug/src/zr_vm_lib_debug/debug_snapshot.c:1073	no-comment	名称、参数及现有守卫已表达此职责；无额外跨层不变量
zr_vm_lib_debug/src/zr_vm_lib_debug/debug_snapshot.c	zr_debug_expand_type_object_handle	function	ZrDebug_ReadVariables	展示原型的六类子视图	子视图使用本停点句柄	zr_vm_lib_debug/src/zr_vm_lib_debug/debug_snapshot.c:1120	no-comment	名称、参数及现有守卫已表达此职责；无额外跨层不变量
zr_vm_lib_debug/src/zr_vm_lib_debug/debug_snapshot.c	zr_debug_expand_prototype_summary	function	zr_debug_expand_prototype_view;ZrDebug_ReadVariables	展示原型元数据摘要	固定九项；父原型与字段视图可展开	zr_vm_lib_debug/src/zr_vm_lib_debug/debug_snapshot.c:1204	no-comment	名称、参数及现有守卫已表达此职责；无额外跨层不变量
zr_vm_lib_debug/src/zr_vm_lib_debug/debug_snapshot.c	zr_debug_expand_prototype_view	function	zr_debug_expand_statics_scope;ZrDebug_ReadVariables	按类型筛选描述符或协议视图	先计数后填充；缺直接值退化为描述符	zr_vm_lib_debug/src/zr_vm_lib_debug/debug_snapshot.c:1292	commented	已补充跨层目的或关键约束
zr_vm_lib_debug/src/zr_vm_lib_debug/debug_snapshot.c	zr_debug_expand_statics_scope	function	ZrDebug_ReadVariables	从原型静态描述符生成作用域	委托原型视图过滤	zr_vm_lib_debug/src/zr_vm_lib_debug/debug_snapshot.c:1481	no-comment	名称、参数及现有守卫已表达此职责；无额外跨层不变量
zr_vm_lib_debug/src/zr_vm_lib_debug/debug_snapshot.c	zr_debug_expand_exception_value	function	ZrDebug_ReadVariables	展示当前异常 error 子变量	要求异常存在	zr_vm_lib_debug/src/zr_vm_lib_debug/debug_snapshot.c:1493	no-comment	名称、参数及现有守卫已表达此职责；无额外跨层不变量
zr_vm_lib_debug/src/zr_vm_lib_debug/debug_snapshot.c	zr_debug_expand_union_value_handle	function	zr_debug_expand_value_handle	展开堆上 union 的 variant 与 payload	无法取 payload 时展示 unavailable	zr_vm_lib_debug/src/zr_vm_lib_debug/debug_snapshot.c:1524	no-comment	名称、参数及现有守卫已表达此职责；无额外跨层不变量
zr_vm_lib_debug/src/zr_vm_lib_debug/debug_snapshot.c	zr_debug_expand_inline_union_handle	function	ZrDebug_ReadVariables	展开帧内 union 的 variant 与 payload	按帧和槽重新读取布局	zr_vm_lib_debug/src/zr_vm_lib_debug/debug_snapshot.c:1605	no-comment	名称、参数及现有守卫已表达此职责；无额外跨层不变量
zr_vm_lib_debug/src/zr_vm_lib_debug/debug_snapshot.c	zr_debug_expand_value_handle	function	ZrDebug_ReadVariables	分流 union 数组和对象的子变量	隐藏 __zr_ 内部字段；合成 prototype	zr_vm_lib_debug/src/zr_vm_lib_debug/debug_snapshot.c:1682	commented	已补充跨层目的或关键约束
zr_vm_lib_debug/src/zr_vm_lib_debug/debug_snapshot.c	zr_debug_variable_handles_clear	function	zr_vm_lib_debug/src/zr_vm_lib_debug/debug.c::ZrDebug_AgentStop;zr_vm_lib_debug/src/zr_vm_lib_debug/debug.c::ZrDebug_Continue;zr_vm_lib_debug/src/zr_vm_lib_debug/debug.c::zr_debug_begin_step;zr_vm_lib_debug/src/zr_vm_lib_debug/debug_protocol.c::zr_debug_agent_fill_stop_event;zr_vm_lib_debug/src/zr_vm_lib_debug/debug_protocol.c::zr_debug_agent_pause_loop	释放本停点全部变量句柄	不重置下一个句柄 ID	zr_vm_lib_debug/src/zr_vm_lib_debug/debug_snapshot.c:1817	commented	已补充跨层目的或关键约束
zr_vm_lib_debug/src/zr_vm_lib_debug/debug_snapshot.c	zr_debug_find_receiver_slot	function	ZrDebug_ReadStack;ZrDebug_ReadScopes;ZrDebug_ReadVariables	识别方法帧首参数接收者	只认活动槽零 this/self	zr_vm_lib_debug/src/zr_vm_lib_debug/debug_snapshot.c:1831	no-comment	名称、参数及现有守卫已表达此职责；无额外跨层不变量
zr_vm_lib_debug/src/zr_vm_lib_debug/debug_snapshot.c	zr_debug_local_is_active_at_pc	function	zr_debug_resolve_identifier_value;ZrDebug_ReadVariables	判断局部元数据是否覆盖当前 PC	区间左闭右开	zr_vm_lib_debug/src/zr_vm_lib_debug/debug_snapshot.c:1852	no-comment	名称、参数及现有守卫已表达此职责；无额外跨层不变量
zr_vm_lib_debug/src/zr_vm_lib_debug/debug_snapshot.c	zr_debug_local_scope_accepts_slot	function	zr_debug_core_local_scope_entry;ZrDebug_ReadVariables	区分参数和局部变量槽位	接收者槽从列表排除	zr_vm_lib_debug/src/zr_vm_lib_debug/debug_snapshot.c:1859	no-comment	名称、参数及现有守卫已表达此职责；无额外跨层不变量
zr_vm_lib_debug/src/zr_vm_lib_debug/debug_snapshot.c	zr_debug_core_local_scope_entry	function	ZrDebug_ReadVariables	用 Core API 读取活动局部项	无匹配名称返回 false	zr_vm_lib_debug/src/zr_vm_lib_debug/debug_snapshot.c:1878	commented	已补充跨层目的或关键约束
zr_vm_lib_debug/src/zr_vm_lib_debug/debug_snapshot.c	zr_debug_closure_capture_value	function	zr_debug_resolve_identifier_value;zr_vm_lib_debug/src/zr_vm_lib_debug/debug_reference_summary.c::zr_debug_identifier_reference_summary	按名字读取 VM 闭包捕获槽	返回停点内有效的借用指针	zr_vm_lib_debug/src/zr_vm_lib_debug/debug_snapshot.c:1911	commented	已补充跨层目的或关键约束
zr_vm_lib_debug/src/zr_vm_lib_debug/debug_snapshot.c	zr_debug_fill_inline_union_preview	function	ZrDebug_ReadVariables	为帧内 union 构造可展开预览	句柄保存帧 ID 与槽号	zr_vm_lib_debug/src/zr_vm_lib_debug/debug_snapshot.c:1948	no-comment	名称、参数及现有守卫已表达此职责；无额外跨层不变量
zr_vm_lib_debug/src/zr_vm_lib_debug/debug_snapshot.c	zr_debug_resolve_identifier_value	function	zr_vm_lib_debug/src/zr_vm_lib_debug/debug_eval.c::zr_debug_eval_parse_primary;zr_vm_lib_debug/src/zr_vm_lib_debug/debug_semantic_bindings.c::zr_debug_semantic_register_summary_value_binding	供兼容求值器解析捕获局部与调试全局	失败清零输出并给诊断	zr_vm_lib_debug/src/zr_vm_lib_debug/debug_snapshot.c:1990	commented	已补充跨层目的或关键约束
zr_vm_lib_debug/src/zr_vm_lib_debug/debug_snapshot.c	zr_debug_safe_get_member_value	function	zr_vm_lib_debug/src/zr_vm_lib_debug/debug_eval.c::zr_debug_eval_parse_postfix	安全读取对象或原型成员	拒绝属性 getter 和实例静态成员	zr_vm_lib_debug/src/zr_vm_lib_debug/debug_snapshot.c:2072;zr_vm_lib_debug/src/zr_vm_lib_debug/debug_eval.c	commented	已补充跨层目的或关键约束
zr_vm_lib_debug/src/zr_vm_lib_debug/debug_snapshot.c	zr_debug_safe_get_index_value	function	zr_vm_lib_debug/src/zr_vm_lib_debug/debug_eval.c::zr_debug_eval_parse_postfix	安全读取直接索引存储	拒绝自定义索引协议执行	zr_vm_lib_debug/src/zr_vm_lib_debug/debug_snapshot.c:2152;zr_vm_lib_debug/src/zr_vm_lib_debug/debug_eval.c	commented	已补充跨层目的或关键约束
zr_vm_lib_debug/src/zr_vm_lib_debug/debug_snapshot.c	zr_debug_is_space_char	function	zr_debug_copy_trimmed_text;zr_debug_split_index_window_expression	识别窗口表达式中的空白	只处理 ASCII 空白	zr_vm_lib_debug/src/zr_vm_lib_debug/debug_snapshot.c:2222	no-comment	名称、参数及现有守卫已表达此职责；无额外跨层不变量
zr_vm_lib_debug/src/zr_vm_lib_debug/debug_snapshot.c	zr_debug_copy_trimmed_text	function	zr_debug_split_index_window_expression	截取并去除边界空白	拒绝空片段和缓冲区溢出	zr_vm_lib_debug/src/zr_vm_lib_debug/debug_snapshot.c:2226	no-comment	名称、参数及现有守卫已表达此职责；无额外跨层不变量
zr_vm_lib_debug/src/zr_vm_lib_debug/debug_snapshot.c	zr_debug_split_index_window_expression	function	zr_debug_try_evaluate_index_window	拆解末尾的索引窗口语法	需顶层 [start..end] 三个非空片段	zr_vm_lib_debug/src/zr_vm_lib_debug/debug_snapshot.c:2256	commented	已补充跨层目的或关键约束
zr_vm_lib_debug/src/zr_vm_lib_debug/debug_snapshot.c	zr_debug_value_to_non_negative_size	function	zr_debug_try_evaluate_index_window	把数值转成非负长度	拒绝负数和非整数	zr_vm_lib_debug/src/zr_vm_lib_debug/debug_snapshot.c:2346	no-comment	名称、参数及现有守卫已表达此职责；无额外跨层不变量
zr_vm_lib_debug/src/zr_vm_lib_debug/debug_snapshot.c	zr_debug_try_evaluate_index_window	function	zr_debug_evaluate_with_policy	处理兼容求值器的数组窗口	返回 true 表示已识别；成功由错误缓冲区判定	zr_vm_lib_debug/src/zr_vm_lib_debug/debug_snapshot.c:2371	commented	已补充跨层目的或关键约束
zr_vm_lib_debug/src/zr_vm_lib_debug/debug_snapshot.c	zr_debug_evaluate_with_policy	function	ZrDebug_Evaluate;ZrDebug_EvaluateWithCapabilitiesDetailed	按效果能力执行暂停态表达式并生成结果	失败清理结果；frameId 零映射首帧	zr_vm_lib_debug/src/zr_vm_lib_debug/debug_snapshot.c:2474;tests/debug/test_debug_expression_diagnostics.c;zr_vm_lib_debug/src/zr_vm_lib_debug/debug_protocol_evaluate.c	commented	已补充跨层目的或关键约束
zr_vm_lib_debug/src/zr_vm_lib_debug/debug_snapshot.c	ZrDebug_Evaluate	function	tests/debug/test_debug_expression_diagnostics.c::test_debug_evaluate_reports_missing_right_operand_with_cause_and_suggestion;tests/debug/test_debug_expression_diagnostics.c::test_debug_condition_expression_reports_missing_logical_operand_with_suggestion;tests/debug/test_debug_expression_diagnostics.c::test_debug_condition_rejects_unresolved_or_operand;tests/debug/test_debug_expression_diagnostics.c::test_debug_condition_rejects_unresolved_and_operand;tests/debug/test_debug_expression_diagnostics.c::test_debug_evaluate_composed_comparison_logical_expression_returns_bool;tests/debug/test_debug_expression_diagnostics.c::test_debug_evaluate_semantic_summary_escapes_string_constants;tests/debug/test_debug_expression_diagnostics.c::test_debug_evaluate_semantic_summary_reports_unsigned_numeric_range;tests/debug/test_debug_expression_diagnostics.c::test_debug_evaluate_rejects_runtime_global_without_canonical_identity;tests/debug/test_debug_expression_diagnostics.c::test_debug_condition_rejects_unresolved_comparison_operands;tests/debug/test_debug_expression_diagnostics.c::test_debug_condition_rejects_unresolved_ternary_branch;tests/debug/test_debug_expression_diagnostics.c::test_debug_condition_rejects_unresolved_branch_with_runtime_globals;tests/debug/test_debug_expression_diagnostics.c::test_debug_condition_reports_missing_ternary_consequent_with_cause_and_suggestion;tests/debug/test_debug_expression_diagnostics.c::test_debug_condition_reports_missing_ternary_alternate_with_cause_and_suggestion;tests/debug/test_debug_expression_diagnostics.c::test_debug_evaluate_reports_numeric_operand_type_error_with_cause_and_suggestion;tests/debug/test_debug_expression_diagnostics.c::test_debug_evaluate_reports_division_by_zero_with_cause_and_suggestion;tests/debug/test_debug_expression_diagnostics.c::test_debug_evaluate_reports_invalid_numeric_literal_with_cause_and_suggestion;tests/debug/test_debug_expression_diagnostics.c::test_debug_evaluate_reports_missing_member_name_with_cause_and_suggestion;tests/debug/test_debug_expression_diagnostics.c::test_debug_condition_reports_missing_index_close_with_cause_and_suggestion;tests/debug/test_debug_expression_diagnostics.c::test_debug_condition_reports_missing_group_close_with_cause_and_suggestion;tests/debug/test_debug_expression_diagnostics.c::test_debug_evaluate_reports_unterminated_string_with_cause_and_suggestion;tests/debug/test_debug_expression_diagnostics.c::test_debug_evaluate_reports_unsupported_string_escape_with_cause_and_suggestion;tests/debug/test_debug_truncation.c::test_long_string_value_preview_exposes_paged_chunks;tests/debug/test_debug_evaluation_effect_policy_cases.h::test_debug_evaluate_rejects_unresolved_function_call_without_canonical_facts;tests/debug/test_debug_evaluation_effect_policy_cases.h::test_debug_evaluate_rejects_assignment_with_cause_and_suggestion;tests/debug/test_debug_evaluation_effect_policy_cases.h::test_debug_evaluate_rejects_unresolved_inactive_branch;tests/debug/test_debug_formal_evaluation_cases.h::test_debug_evaluate_formal_shift_expression_returns_int;tests/debug/test_debug_formal_evaluation_cases.h::test_debug_evaluate_formal_bitwise_expressions_return_int;tests/debug/test_debug_formal_evaluation_cases.h::test_debug_evaluate_formal_nested_shift_arithmetic_returns_int	兼容求值入口	禁效果并启用旧窗口语法	zr_vm_lib_debug/src/zr_vm_lib_debug/debug_snapshot.c:2591;tests/debug/test_debug_expression_diagnostics.c;zr_vm_lib_debug/src/zr_vm_lib_debug/debug_protocol_evaluate.c	no-comment	名称、参数及现有守卫已表达此职责；无额外跨层不变量
zr_vm_lib_debug/src/zr_vm_lib_debug/debug_snapshot.c	ZrDebug_EvaluateWithCapabilities	function	tests/debug/test_debug_expression_diagnostics.c::test_debug_evaluate_rejects_runtime_global_without_canonical_identity;tests/debug/test_debug_canonical_binding_cases.h::debug_canonical_binding_hook;tests/debug/test_debug_canonical_binding_cases.h::debug_closure_binding_hook;tests/debug/test_debug_canonical_binding_cases.h::debug_runtime_root_binding_hook;tests/debug/test_debug_evaluate_result_transport_cases.h::test_debug_evaluate_result_publishes_canonical_type_and_stop_state;tests/debug/test_debug_evaluation_effect_policy_cases.h::test_debug_evaluate_with_capabilities_enforces_effect_set;tests/debug/test_debug_evaluation_effect_policy_cases.h::test_debug_evaluate_with_capabilities_preserves_formal_parse_diagnostic;tests/debug/test_debug_formal_evaluation_cases.h::test_debug_formal_array_literal_requires_explicit_allocation	能力化求值入口	委托详细诊断版本	zr_vm_lib_debug/src/zr_vm_lib_debug/debug_snapshot.c:2608;tests/debug/test_debug_expression_diagnostics.c;zr_vm_lib_debug/src/zr_vm_lib_debug/debug_protocol_evaluate.c	no-comment	名称、参数及现有守卫已表达此职责；无额外跨层不变量
zr_vm_lib_debug/src/zr_vm_lib_debug/debug_snapshot.c	ZrDebug_EvaluateWithCapabilitiesDetailed	function	ZrDebug_EvaluateWithCapabilities;zr_vm_lib_debug/src/zr_vm_lib_debug/debug_protocol_evaluate.c::zr_debug_protocol_make_evaluate_result_detailed;tests/debug/test_debug_evaluate_failure_transport_cases.h::test_debug_evaluate_failure_preserves_structured_diagnostic;zrdbg/1 evaluate	带结构化失败信息的求值入口	关闭旧窗口兼容路径	zr_vm_lib_debug/src/zr_vm_lib_debug/debug_snapshot.c:2625;tests/debug/test_debug_expression_diagnostics.c;zr_vm_lib_debug/src/zr_vm_lib_debug/debug_protocol_evaluate.c	no-comment	名称、参数及现有守卫已表达此职责；无额外跨层不变量
zr_vm_lib_debug/src/zr_vm_lib_debug/debug_snapshot.c	zr_debug_find_test_entry	function	ZrDebug_ReadStack	把运行帧映射到测试清单元数据	仅 entryFunction 的直系子函数	zr_vm_lib_debug/src/zr_vm_lib_debug/debug_snapshot.c:2644	no-comment	名称、参数及现有守卫已表达此职责；无额外跨层不变量
zr_vm_lib_debug/src/zr_vm_lib_debug/debug_snapshot.c	ZrDebug_ReadStack	function	zr_vm_lib_debug/src/zr_vm_lib_debug/debug_protocol.c::zr_debug_agent_make_stack_trace_result;zrdbg/1 stackTrace	向调试协议提供运行或异常栈快照	输出数组由 ZrDebug_Free 释放	zr_vm_lib_debug/src/zr_vm_lib_debug/debug_snapshot.c:2661;tests/debug/test_debug_snapshot_contracts.c;zr_vm_lib_debug/src/zr_vm_lib_debug/debug_protocol.c	commented	已补充跨层目的或关键约束
zr_vm_lib_debug/src/zr_vm_lib_debug/debug_snapshot.c	ZrDebug_ReadScopes	function	zr_vm_lib_debug/src/zr_vm_lib_debug/debug_protocol.c::zr_debug_agent_make_scopes_result;zrdbg/1 scopes	向调试协议提供帧作用域	异常分支未检查 frameId 上界	zr_vm_lib_debug/src/zr_vm_lib_debug/debug_snapshot.c:2863;tests/debug/test_debug_snapshot_contracts.c;zr_vm_lib_debug/src/zr_vm_lib_debug/debug_protocol.c	BUG	异常停点 stacks 非空且 frameId 大于帧数时仍返回 Exception scope；debug_protocol.c:1216-1228 直传任意数值 ID；需在 test_debug_agent_protocol.c 加越界请求回归
zr_vm_lib_debug/src/zr_vm_lib_debug/debug_snapshot.c	ZrDebug_ReadVariables	function	zr_vm_lib_debug/src/zr_vm_lib_debug/debug_protocol.c::zr_debug_agent_make_stack_trace_result;zr_vm_lib_debug/src/zr_vm_lib_debug/debug_protocol.c::zr_debug_agent_make_variables_result;tests/debug/test_debug_truncation.c::test_long_string_value_preview_exposes_paged_chunks;tests/debug/test_debug_formal_evaluation_cases.h::test_debug_formal_array_literal_requires_explicit_allocation;zrdbg/1 variables	按作用域或停点句柄展开变量	高号段只认有效句柄；输出数组需释放	zr_vm_lib_debug/src/zr_vm_lib_debug/debug_snapshot.c:2986;tests/debug/test_debug_snapshot_contracts.c;zr_vm_lib_debug/src/zr_vm_lib_debug/debug_protocol.c	BUG	合法深栈帧 frameId>=100 的算术 scopeId 落入 >=1000 动态句柄区间，无匹配 handle 时此函数直接返回 false；Core GetStack 无 99 帧上限，zr_debug_scope_id 仍生成这些 ID；建议 100 层非尾递归停点回归
zr_vm_lib_debug/src/zr_vm_lib_debug/debug_snapshot.c	ZrDebug_Free	function	zr_vm_lib_debug/src/zr_vm_lib_debug/debug_protocol.c::zr_debug_agent_make_stack_trace_result;zr_vm_lib_debug/src/zr_vm_lib_debug/debug_protocol.c::zr_debug_agent_make_scopes_result;zr_vm_lib_debug/src/zr_vm_lib_debug/debug_protocol.c::zr_debug_agent_make_variables_result;tests/debug/test_debug_agent_protocol.c::test_debug_agent_projects_typed_test_manifest;tests/debug/test_debug_truncation.c::test_long_string_value_preview_exposes_paged_chunks;tests/debug/test_debug_formal_evaluation_cases.h::test_debug_formal_array_literal_requires_explicit_allocation	释放快照 API 分配的输出数组	允许空指针	zr_vm_lib_debug/src/zr_vm_lib_debug/debug_snapshot.c:3360	no-comment	名称、参数及现有守卫已表达此职责；无额外跨层不变量
zr_vm_lib_debug/src/zr_vm_lib_debug/debug_snapshot.c	ZrDebug_ReadScopes::exception_frame_projection	block	debug_protocol.c::zr_debug_agent_process_scopes	异常停点将持久化栈投影为 Exception scope	请求 frameId 应属于已公布异常栈	zr_vm_lib_debug/src/zr_vm_lib_debug/debug_snapshot.c:2885;zr_vm_lib_debug/src/zr_vm_lib_debug/debug_protocol.c:1216	BUG	有 stacks 时大于帧数的非零 frameId 返回伪造 scope；完整路径见函数行
zr_vm_lib_debug/src/zr_vm_lib_debug/debug_snapshot.c	zr_debug_expand_string_chunks_handle::byte_slice	block	zr_debug_expand_string_chunks_handle	将长字符串切成可分页子项	固定 64 字节切块可拆开 UTF-8 字符；客户端将不完整字节解码为 U+FFFD	debug_snapshot.c:zr_debug_expand_string_chunks_handle;debug_protocol.c:zr_debug_agent_make_variables_result;zr_vm_library/third_party/zr_c_json/cJSON/cJSON.c:print_string_ptr;zr_vm_language_server_extension/src/debug/zrdbgClient.ts:drainFrames	BUG	长度 >= ZR_DEBUG_TEXT_CAPACITY 且 63 个 ASCII 后接 é 时首块仅含 C3；cJSON 原样输出；Node UTF-8 解码产生 U+FFFD（字节模拟 true）；需补跨边界协议用例
zr_vm_lib_debug/src/zr_vm_lib_debug/debug_snapshot.c	ZrDebug_ReadVariables::handle_dispatch	block	debug_protocol.c::zr_debug_agent_make_variables_result	阻断旧停点句柄回退为算术 scope ID	高号段仅接受 state_id 匹配的现存句柄	zr_vm_lib_debug/src/zr_vm_lib_debug/debug_snapshot.c:3017;docs/cli-and-tooling/debug-variable-handle-generations.md	BUG	高号段失败闭合与 frameId*10+kind 的 scope 编码重叠；frameId>=100 的真实 scope 被拒绝，若数值碰巧匹配动态 handle 还会误展开该 handle；证据 debug.c:zr_debug_scope_id 与本函数高号段分支
zr_vm_lib_debug/src/zr_vm_lib_debug/debug_snapshot.c	ZrDebug_ReadVariables::active_local_two_pass	block	ZrDebug_ReadVariables	先计数再用 Core API 填充当前 PC 的活动局部项	两遍活动局部变量序号一致；排除接收者	zr_vm_lib_debug/src/zr_vm_lib_debug/debug_snapshot.c:3154;tests/debug/test_debug_snapshot_contracts.c:160	commented	已有中文块注释说明两遍遍历和 Core 边界
zr_vm_lib_debug/src/zr_vm_lib_debug/debug_snapshot.c	ZrDebug_ReadStack::exception_frames	block	debug_protocol.c::zr_debug_agent_make_stack_trace_result	异常停点优先展示异常对象保存的栈	读取失败释放已分配数组	zr_vm_lib_debug/src/zr_vm_lib_debug/debug_snapshot.c:2679;zr_vm_lib_debug/src/zr_vm_lib_debug/debug.c:1901	commented	已有中文块注释说明异常栈优先级
zr_vm_lib_debug/src/zr_vm_lib_debug/debug_snapshot.c	zr_debug_evaluate_with_policy::legacy_window	block	ZrDebug_Evaluate	只在兼容入口识别旧索引窗口语法	true 表示语法已处理；错误缓冲区决定求值成功	zr_vm_lib_debug/src/zr_vm_lib_debug/debug_snapshot.c:2515;tests/debug/test_debug_expression_diagnostics.c:698	commented	已有中文块注释说明兼容边界
zr_vm_lib_debug/src/zr_vm_lib_debug/debug.c	zr_debug_text_looks_like_path	function	zr_debug_copy_text	识别截断文本是否为路径	按当前实现及调用方前提使用	zr_vm_lib_debug/src/zr_vm_lib_debug/debug.c:14;zr_vm_lib_debug/CMakeLists.txt;tests/debug/test_debug_agent.c	no-comment	名称和控制流已说明职责;无额外隐藏契约值得重复
zr_vm_lib_debug/src/zr_vm_lib_debug/debug.c	zr_debug_format_truncation_marker	function	zr_debug_copy_text	格式化省略字符数标记	按当前实现及调用方前提使用	zr_vm_lib_debug/src/zr_vm_lib_debug/debug.c:18;zr_vm_lib_debug/CMakeLists.txt;tests/debug/test_debug_agent.c	no-comment	名称和控制流已说明职责;无额外隐藏契约值得重复
zr_vm_lib_debug/src/zr_vm_lib_debug/debug.c	zr_debug_copy_text	function	zr_debug_agent_register_thread_state;zr_debug_data_breakpoint_parse_id;zr_debug_agent_data_breakpoint_info;zr_debug_agent_add_data_breakpoint;zr_debug_agent_trace_observer;ZrDebug_AgentStart;ZrDebug_ReadTestManifest;ZrDebug_AgentGetEndpoint;zr_debug_copy_breakpoint_from_spec;ZrDebug_NotifyException;zr_debug_breakpoint_condition_evaluate;zr_debug_value_semantic_summary;zr_debug_evaluate_failure_set;zr_debug_evaluate_expression_with_capabilities;ZrDebug_ClassifyEvaluationEffect;zr_debug_eval_set_error;zr_debug_formal_copy_diagnostic_failure;zr_debug_formal_prepare_expression_with_failure;zr_debug_formal_evaluate_expression;zr_debug_formal_evaluate_array_literal;zr_debug_formal_evaluate_node;zr_debug_agent_fill_exception_stack;zr_debug_agent_fill_stop_event;zr_debug_protocol_make_evaluate_result_detailed;zr_debug_exception_read_frame;zr_debug_format_value_text_safe;zr_debug_fill_text_preview;zr_debug_expand_value_handle;zr_debug_find_receiver_slot;zr_debug_resolve_identifier_value;zr_debug_safe_get_member_value;zr_debug_safe_get_index_value;zr_debug_try_evaluate_index_window;zr_debug_evaluate_with_policy;ZrDebug_ReadStack;ZrDebug_ReadScopes;zr_debug_union_value_view;zr_debug_inline_union_view;zr_debug_union_payload_display_name;zr_debug_union_payload_internal_name;tests/debug/test_debug_truncation.c:12;tests/debug/test_debug_truncation.c:23;tests/debug/test_debug_truncation.c:32	将文本压入定长调试字段并保留路径末尾	输出定长且以 NUL 终止;容量足够时路径截断保留末尾	zr_vm_lib_debug/src/zr_vm_lib_debug/debug.c:34;zr_vm_lib_debug/CMakeLists.txt;tests/debug/test_debug_truncation.c	TODO	UTF-8 代码点被字节截断的协议要求尚待核实;现有截断测试仅含 ASCII;下一步补多字节协议字段测试
zr_vm_lib_debug/src/zr_vm_lib_debug/debug.c	zr_debug_string_native	function	zr_debug_function_name;zr_debug_function_source;zr_debug_semantic_type_name;zr_debug_value_semantic_summary;zr_debug_identifier_reference_summary;zr_debug_semantic_register_summary_value_binding;zr_debug_value_type_name_safe;zr_debug_format_value_text_safe;zr_debug_expand_prototype_summary;zr_debug_expand_prototype_view;zr_debug_expand_value_handle;zr_debug_find_receiver_slot	取得可选 VM 字符串的原生文本	按当前实现及调用方前提使用	zr_vm_lib_debug/src/zr_vm_lib_debug/debug.c:90;zr_vm_lib_debug/CMakeLists.txt;tests/debug/test_debug_agent.c	no-comment	名称和控制流已说明职责;无额外隐藏契约值得重复
zr_vm_lib_debug/src/zr_vm_lib_debug/debug.c	zr_debug_function_name	function	zr_debug_breakpoint_matches_function;zr_debug_agent_fill_stop_event;zr_debug_agent_emit_breakpoint_resolved;zr_debug_format_value_text_safe;ZrDebug_ReadStack	给匿名函数提供可显示名称	按当前实现及调用方前提使用	zr_vm_lib_debug/src/zr_vm_lib_debug/debug.c:94;zr_vm_lib_debug/CMakeLists.txt;tests/debug/test_debug_agent.c	no-comment	名称和控制流已说明职责;无额外隐藏契约值得重复
zr_vm_lib_debug/src/zr_vm_lib_debug/debug.c	zr_debug_function_source	function	zr_debug_breakpoint_matches_function;zr_debug_agent_fill_stop_event;zr_debug_agent_emit_module_loaded;ZrDebug_ReadStack	取得函数的源码标识	按当前实现及调用方前提使用	zr_vm_lib_debug/src/zr_vm_lib_debug/debug.c:99;zr_vm_lib_debug/CMakeLists.txt;tests/debug/test_debug_agent.c	no-comment	名称和控制流已说明职责;无额外隐藏契约值得重复
zr_vm_lib_debug/src/zr_vm_lib_debug/debug.c	zr_debug_instruction_offset	function	zr_debug_data_breakpoint_resolve_local;zr_debug_begin_step;ZrDebug_NotifyException;zr_debug_identifier_reference_summary;zr_debug_call_info_line;zr_debug_resolve_identifier_value;ZrDebug_ReadStack;ZrDebug_ReadScopes;ZrDebug_ReadVariables	把当前 PC 换算为函数内偏移	按当前实现及调用方前提使用	zr_vm_lib_debug/src/zr_vm_lib_debug/debug.c:104;zr_vm_lib_debug/CMakeLists.txt;tests/debug/test_debug_agent.c	no-comment	名称和控制流已说明职责;无额外隐藏契约值得重复
zr_vm_lib_debug/src/zr_vm_lib_debug/debug.c	zr_debug_frame_depth	function	zr_debug_agent_should_stop_for_step;zr_debug_agent_should_defer_breakpoint_for_step;zr_debug_begin_step;zr_debug_expand_global_state	统计可调试 VM 帧深度	按当前实现及调用方前提使用	zr_vm_lib_debug/src/zr_vm_lib_debug/debug.c:114;zr_vm_lib_debug/CMakeLists.txt;tests/debug/test_debug_agent.c	no-comment	名称和控制流已说明职责;无额外隐藏契约值得重复
zr_vm_lib_debug/src/zr_vm_lib_debug/debug.c	zr_debug_stop_reason_name	function	zr_debug_agent_emit_stopped	映射停止原因的协议名称	按当前实现及调用方前提使用	zr_vm_lib_debug/src/zr_vm_lib_debug/debug.c:133;zr_vm_lib_debug/CMakeLists.txt;tests/debug/test_debug_agent.c	no-comment	名称和控制流已说明职责;无额外隐藏契约值得重复
zr_vm_lib_debug/src/zr_vm_lib_debug/debug.c	zr_debug_exception_filter_name	function	zr_debug_agent_emit_stopped	映射异常过滤器名称	按当前实现及调用方前提使用	zr_vm_lib_debug/src/zr_vm_lib_debug/debug.c:155;zr_vm_lib_debug/CMakeLists.txt;tests/debug/test_debug_agent.c	no-comment	名称和控制流已说明职责;无额外隐藏契约值得重复
zr_vm_lib_debug/src/zr_vm_lib_debug/debug.c	zr_debug_scope_kind_name	function	ZrDebug_ReadScopes	映射变量作用域展示名称	按当前实现及调用方前提使用	zr_vm_lib_debug/src/zr_vm_lib_debug/debug.c:167;zr_vm_lib_debug/CMakeLists.txt;tests/debug/test_debug_agent.c	no-comment	名称和控制流已说明职责;无额外隐藏契约值得重复
zr_vm_lib_debug/src/zr_vm_lib_debug/debug.c	zr_debug_value_type_name	function	zr_debug_semantic_type_name;zr_debug_eval_value_type_name;zr_debug_value_type_name_safe;zr_debug_format_value_text_safe;zr_debug_safe_get_member_value	映射 VM 值类型展示名称	按当前实现及调用方前提使用	zr_vm_lib_debug/src/zr_vm_lib_debug/debug.c:188;zr_vm_lib_debug/CMakeLists.txt;tests/debug/test_debug_agent.c	no-comment	名称和控制流已说明职责;无额外隐藏契约值得重复
zr_vm_lib_debug/src/zr_vm_lib_debug/debug.c	zr_debug_scope_id	function	zr_debug_agent_make_stack_trace_result;ZrDebug_ReadScopes	编码帧与作用域的变量引用	按当前实现及调用方前提使用	zr_vm_lib_debug/src/zr_vm_lib_debug/debug.c:226;zr_vm_lib_debug/src/zr_vm_lib_debug/debug_snapshot.c:2863,3019;zr_vm_core/src/zr_vm_core/debug.c:286;zr_vm_core/src/zr_vm_core/call_info.c:38	BUG	第 100 层及更深帧的 scopeId 落入动态 handle 区间;ReadScopes 发出该 ID 后 ReadVariables 拒绝;Core GetStack 无 99 层上限
zr_vm_lib_debug/src/zr_vm_lib_debug/debug.c	zr_debug_agent_find_thread_by_id	function	zr_debug_agent_begin_thread_access	按协议线程号查 VM 状态	按当前实现及调用方前提使用	zr_vm_lib_debug/src/zr_vm_lib_debug/debug.c:233;zr_vm_lib_debug/CMakeLists.txt;tests/debug/test_debug_agent.c	no-comment	名称和控制流已说明职责;无额外隐藏契约值得重复
zr_vm_lib_debug/src/zr_vm_lib_debug/debug.c	zr_debug_agent_find_thread_by_state	function	zr_debug_agent_thread_id_for_state;zr_debug_agent_register_thread_state	按 VM 状态查协议线程号	按当前实现及调用方前提使用	zr_vm_lib_debug/src/zr_vm_lib_debug/debug.c:249;zr_vm_lib_debug/CMakeLists.txt;tests/debug/test_debug_agent.c	no-comment	名称和控制流已说明职责;无额外隐藏契约值得重复
zr_vm_lib_debug/src/zr_vm_lib_debug/debug.c	zr_debug_agent_thread_id_for_state	function	zr_debug_agent_trace_observer	查询执行状态对应的线程号	按当前实现及调用方前提使用	zr_vm_lib_debug/src/zr_vm_lib_debug/debug.c:265;zr_vm_lib_debug/CMakeLists.txt;tests/debug/test_debug_agent.c	no-comment	名称和控制流已说明职责;无额外隐藏契约值得重复
zr_vm_lib_debug/src/zr_vm_lib_debug/debug.c	zr_debug_agent_effective_thread_id	function	zr_debug_agent_begin_thread_access;zr_debug_agent_check_data_breakpoints;zr_debug_agent_fill_stop_event;zr_debug_agent_emit_continued;zr_debug_agent_thread_id_from_params;zr_debug_agent_make_threads_result;zr_debug_exception_read_frame;ZrDebug_ReadStack;ZrDebug_ReadScopes	为缺省线程请求选择上次停止线程	按当前实现及调用方前提使用	zr_vm_lib_debug/src/zr_vm_lib_debug/debug.c:270;zr_vm_lib_debug/CMakeLists.txt;tests/debug/test_debug_agent.c	no-comment	名称和控制流已说明职责;无额外隐藏契约值得重复
zr_vm_lib_debug/src/zr_vm_lib_debug/debug.c	zr_debug_agent_register_thread_state	function	zr_debug_agent_trace_observer;ZrDebug_AgentStart	注册 VM 状态并安装 trace observer	按当前实现及调用方前提使用	zr_vm_lib_debug/src/zr_vm_lib_debug/debug.c:286;zr_vm_lib_debug/CMakeLists.txt;tests/debug/test_debug_agent.c	commented	关键调用约束或取舍已写在实现语句块
zr_vm_lib_debug/src/zr_vm_lib_debug/debug.c	zr_debug_agent_begin_thread_access	function	zr_debug_agent_data_breakpoint_info;zr_debug_agent_add_data_breakpoint;zr_debug_agent_make_stack_trace_result;zr_debug_agent_make_scopes_result;zr_debug_agent_make_variables_result;zr_debug_protocol_make_evaluate_result_detailed	在单个请求期间切换 agent 当前线程上下文	访问期间 agent->state 临时切换;必须成对恢复	zr_vm_lib_debug/src/zr_vm_lib_debug/debug.c:348;zr_vm_lib_debug/CMakeLists.txt;tests/debug/test_debug_agent.c	commented	关键调用约束或取舍已写在实现语句块
zr_vm_lib_debug/src/zr_vm_lib_debug/debug.c	zr_debug_agent_end_thread_access	function	zr_debug_agent_data_breakpoint_info;zr_debug_agent_add_data_breakpoint;zr_debug_agent_make_stack_trace_result;zr_debug_agent_make_scopes_result;zr_debug_agent_make_variables_result;zr_debug_protocol_make_evaluate_result_detailed	恢复请求前的 agent 线程上下文	访问期间 agent->state 临时切换;必须成对恢复	zr_vm_lib_debug/src/zr_vm_lib_debug/debug.c:384;zr_vm_lib_debug/CMakeLists.txt;tests/debug/test_debug_agent.c	no-comment	名称和控制流已说明职责;无额外隐藏契约值得重复
zr_vm_lib_debug/src/zr_vm_lib_debug/debug.c	zr_debug_data_breakpoint_copy_value_snapshot	function	zr_debug_data_breakpoint_resolve_local;zr_debug_data_breakpoint_resolve_upvalue;zr_debug_agent_add_data_breakpoint;zr_debug_agent_check_data_breakpoints	保存无拥有权的上次值基线	只借用 VM 对象;上次值用于比较;执行于 trace 安全点	zr_vm_lib_debug/src/zr_vm_lib_debug/debug.c:393;zr_vm_lib_debug/CMakeLists.txt;tests/debug/test_debug_data_breakpoint.c	commented	关键调用约束或取舍已写在实现语句块
zr_vm_lib_debug/src/zr_vm_lib_debug/debug.c	zr_debug_data_breakpoint_decode_scope_id	function	zr_debug_agent_data_breakpoint_info	从变量引用恢复帧及可监视作用域	dataId 和目标帧须仍可解析;仅监视参数 局部变量及 upvalue	zr_vm_lib_debug/src/zr_vm_lib_debug/debug.c:417;zr_vm_lib_debug/CMakeLists.txt;tests/debug/test_debug_data_breakpoint.c	no-comment	名称和控制流已说明职责;无额外隐藏契约值得重复
zr_vm_lib_debug/src/zr_vm_lib_debug/debug.c	zr_debug_data_breakpoint_local_scope_accepts_slot	function	zr_debug_data_breakpoint_resolve_local	区分参数与局部变量栈槽	dataId 和目标帧须仍可解析;仅监视参数 局部变量及 upvalue	zr_vm_lib_debug/src/zr_vm_lib_debug/debug.c:455;zr_vm_lib_debug/CMakeLists.txt;tests/debug/test_debug_data_breakpoint.c	no-comment	名称和控制流已说明职责;无额外隐藏契约值得重复
zr_vm_lib_debug/src/zr_vm_lib_debug/debug.c	zr_debug_data_breakpoint_try_get_vm_closure_from_value	function	zr_debug_data_breakpoint_resolve_upvalue	识别可读取 upvalue 的 VM 闭包	dataId 和目标帧须仍可解析;仅监视参数 局部变量及 upvalue	zr_vm_lib_debug/src/zr_vm_lib_debug/debug.c:472;zr_vm_lib_debug/CMakeLists.txt;tests/debug/test_debug_data_breakpoint.c	no-comment	名称和控制流已说明职责;无额外隐藏契约值得重复
zr_vm_lib_debug/src/zr_vm_lib_debug/debug.c	zr_debug_data_breakpoint_resolve_local	function	zr_debug_agent_data_breakpoint_info;zr_debug_agent_add_data_breakpoint;zr_debug_agent_check_data_breakpoints	按当前帧与名称定位活跃局部变量	dataId 和目标帧须仍可解析;仅监视参数 局部变量及 upvalue	zr_vm_lib_debug/src/zr_vm_lib_debug/debug.c:490;zr_vm_lib_debug/CMakeLists.txt;tests/debug/test_debug_data_breakpoint.c	commented	关键调用约束或取舍已写在实现语句块
zr_vm_lib_debug/src/zr_vm_lib_debug/debug.c	zr_debug_data_breakpoint_resolve_upvalue	function	zr_debug_agent_data_breakpoint_info;zr_debug_agent_add_data_breakpoint;zr_debug_agent_check_data_breakpoints	按当前帧与名称定位闭包捕获值	dataId 和目标帧须仍可解析;仅监视参数 局部变量及 upvalue	zr_vm_lib_debug/src/zr_vm_lib_debug/debug.c:573;zr_vm_lib_debug/CMakeLists.txt;tests/debug/test_debug_data_breakpoint.c	no-comment	名称和控制流已说明职责;无额外隐藏契约值得重复
zr_vm_lib_debug/src/zr_vm_lib_debug/debug.c	zr_debug_data_breakpoint_parse_id	function	zr_debug_agent_add_data_breakpoint	解析客户端回传的数据断点标识	dataId 和目标帧须仍可解析;仅监视参数 局部变量及 upvalue	zr_vm_lib_debug/src/zr_vm_lib_debug/debug.c:637;zr_vm_lib_debug/CMakeLists.txt;tests/debug/test_debug_data_breakpoint.c	commented	关键调用约束或取舍已写在实现语句块
zr_vm_lib_debug/src/zr_vm_lib_debug/debug.c	zr_debug_agent_data_breakpoint_info	function	zr_debug_agent_process_data_breakpoint_info	把作用域变量转换为可监视 dataId	dataId 和目标帧须仍可解析;仅监视参数 局部变量及 upvalue	zr_vm_lib_debug/src/zr_vm_lib_debug/debug.c:689;zr_vm_lib_debug/CMakeLists.txt;tests/debug/test_debug_data_breakpoint.c	no-comment	名称和控制流已说明职责;无额外隐藏契约值得重复
zr_vm_lib_debug/src/zr_vm_lib_debug/debug.c	zr_debug_agent_clear_data_breakpoints	function	ZrDebug_AgentStop;zr_debug_agent_process_set_data_breakpoints	释放当前数据断点集合	dataId 和目标帧须仍可解析;仅监视参数 局部变量及 upvalue	zr_vm_lib_debug/src/zr_vm_lib_debug/debug.c:771;zr_vm_lib_debug/CMakeLists.txt;tests/debug/test_debug_data_breakpoint.c	no-comment	名称和控制流已说明职责;无额外隐藏契约值得重复
zr_vm_lib_debug/src/zr_vm_lib_debug/debug.c	zr_debug_agent_add_data_breakpoint	function	zr_debug_agent_process_set_data_breakpoints	验证 dataId 并安装写入监视基线	dataId 和目标帧须仍可解析;仅监视参数 局部变量及 upvalue	zr_vm_lib_debug/src/zr_vm_lib_debug/debug.c:784;zr_vm_lib_debug/CMakeLists.txt;tests/debug/test_debug_data_breakpoint.c	commented	关键调用约束或取舍已写在实现语句块
zr_vm_lib_debug/src/zr_vm_lib_debug/debug.c	zr_debug_agent_check_data_breakpoints	function	zr_debug_agent_trace_observer	在 trace 安全点比较被监视值	只借用 VM 对象;上次值用于比较;执行于 trace 安全点	zr_vm_lib_debug/src/zr_vm_lib_debug/debug.c:870;zr_vm_lib_debug/CMakeLists.txt;tests/debug/test_debug_data_breakpoint.c	commented	关键调用约束或取舍已写在实现语句块
zr_vm_lib_debug/src/zr_vm_lib_debug/debug.c	zr_debug_normalize_path_for_compare	function	zr_debug_source_paths_equal	标准化路径分隔符与平台大小写	按当前实现及调用方前提使用	zr_vm_lib_debug/src/zr_vm_lib_debug/debug.c:923;zr_vm_lib_debug/CMakeLists.txt;tests/debug/test_debug_agent.c	no-comment	名称和控制流已说明职责;无额外隐藏契约值得重复
zr_vm_lib_debug/src/zr_vm_lib_debug/debug.c	zr_debug_normalized_path_is_module_like	function	zr_debug_source_paths_equal	识别无目录的模块式源标识	按当前实现及调用方前提使用	zr_vm_lib_debug/src/zr_vm_lib_debug/debug.c:952;zr_vm_lib_debug/CMakeLists.txt;tests/debug/test_debug_agent.c	no-comment	名称和控制流已说明职责;无额外隐藏契约值得重复
zr_vm_lib_debug/src/zr_vm_lib_debug/debug.c	zr_debug_normalized_path_copy_stem	function	zr_debug_source_paths_equal	提取源码标识的模块 stem	按当前实现及调用方前提使用	zr_vm_lib_debug/src/zr_vm_lib_debug/debug.c:960;zr_vm_lib_debug/CMakeLists.txt;tests/debug/test_debug_agent.c	no-comment	名称和控制流已说明职责;无额外隐藏契约值得重复
zr_vm_lib_debug/src/zr_vm_lib_debug/debug.c	zr_debug_source_paths_equal	function	zr_debug_breakpoint_matches_function	匹配源码绝对路径或模块名	按当前实现及调用方前提使用	zr_vm_lib_debug/src/zr_vm_lib_debug/debug.c:990;zr_vm_lib_debug/CMakeLists.txt;tests/debug/test_debug_agent.c	commented	关键调用约束或取舍已写在实现语句块
zr_vm_lib_debug/src/zr_vm_lib_debug/debug.c	zr_debug_breakpoint_matches_module	function	zr_debug_agent_try_resolve_pending_breakpoints_for_function;zr_debug_agent_should_stop_for_breakpoint	限制断点所属模块	断点位置可能延迟到函数执行时解析;规格字符串需复制	zr_vm_lib_debug/src/zr_vm_lib_debug/debug.c:1017;zr_vm_lib_debug/CMakeLists.txt;tests/debug/test_debug_agent.c	no-comment	名称和控制流已说明职责;无额外隐藏契约值得重复
zr_vm_lib_debug/src/zr_vm_lib_debug/debug.c	zr_debug_breakpoint_matches_function	function	zr_debug_resolve_breakpoint_recursive;zr_debug_agent_should_stop_for_breakpoint	限制断点所属函数及源文件	断点位置可能延迟到函数执行时解析;规格字符串需复制	zr_vm_lib_debug/src/zr_vm_lib_debug/debug.c:1025;zr_vm_lib_debug/CMakeLists.txt;tests/debug/test_debug_agent.c	no-comment	名称和控制流已说明职责;无额外隐藏契约值得重复
zr_vm_lib_debug/src/zr_vm_lib_debug/debug.c	zr_debug_function_from_constant	function	zr_debug_refine_line_breakpoint_with_constant_roots	从函数常量找到可执行元数据	按当前实现及调用方前提使用	zr_vm_lib_debug/src/zr_vm_lib_debug/debug.c:1043;zr_vm_lib_debug/CMakeLists.txt;tests/debug/test_debug_agent.c	no-comment	名称和控制流已说明职责;无额外隐藏契约值得重复
zr_vm_lib_debug/src/zr_vm_lib_debug/debug.c	zr_debug_function_line_span	function	zr_debug_line_breakpoint_candidate_is_better	计算函数源码跨度用于断点候选排序	按当前实现及调用方前提使用	zr_vm_lib_debug/src/zr_vm_lib_debug/debug.c:1064;zr_vm_lib_debug/CMakeLists.txt;tests/debug/test_debug_agent.c	no-comment	名称和控制流已说明职责;无额外隐藏契约值得重复
zr_vm_lib_debug/src/zr_vm_lib_debug/debug.c	zr_debug_line_breakpoint_candidate_is_better	function	zr_debug_refine_line_breakpoint_with_constant_roots	选择行断点更精确的归属函数	断点位置可能延迟到函数执行时解析;规格字符串需复制	zr_vm_lib_debug/src/zr_vm_lib_debug/debug.c:1075;zr_vm_lib_debug/CMakeLists.txt;tests/debug/test_debug_agent.c	no-comment	名称和控制流已说明职责;无额外隐藏契约值得重复
zr_vm_lib_debug/src/zr_vm_lib_debug/debug.c	zr_debug_breakpoint_resolve_function_entry	function	zr_debug_resolve_breakpoint_recursive	找函数断点的首个执行位置	断点位置可能延迟到函数执行时解析;规格字符串需复制	zr_vm_lib_debug/src/zr_vm_lib_debug/debug.c:1104;zr_vm_lib_debug/CMakeLists.txt;tests/debug/test_debug_agent.c	no-comment	名称和控制流已说明职责;无额外隐藏契约值得重复
zr_vm_lib_debug/src/zr_vm_lib_debug/debug.c	zr_debug_resolve_breakpoint_recursive	function	zr_debug_resolve_breakpoint_recursive;zr_debug_refine_line_breakpoint_with_constant_roots;zr_debug_breakpoint_try_resolve_with_function_root;zr_debug_replace_breakpoints_of_kind	递归解析函数树中的断点	断点位置可能延迟到函数执行时解析;规格字符串需复制	zr_vm_lib_debug/src/zr_vm_lib_debug/debug.c:1141;zr_vm_lib_debug/CMakeLists.txt;tests/debug/test_debug_agent.c	commented	关键调用约束或取舍已写在实现语句块
zr_vm_lib_debug/src/zr_vm_lib_debug/debug.c	zr_debug_refine_line_breakpoint_with_constant_roots	function	zr_debug_breakpoint_try_resolve_with_function_root;zr_debug_replace_breakpoints_of_kind	从常量表函数根改进行断点定位	断点位置可能延迟到函数执行时解析;规格字符串需复制	zr_vm_lib_debug/src/zr_vm_lib_debug/debug.c:1192;zr_vm_lib_debug/CMakeLists.txt;tests/debug/test_debug_agent.c	commented	关键调用约束或取舍已写在实现语句块
zr_vm_lib_debug/src/zr_vm_lib_debug/debug.c	zr_debug_breakpoint_try_resolve_with_function_root	function	zr_debug_agent_try_resolve_pending_breakpoints_for_function	尝试用新出现的函数根解析待定断点	断点位置可能延迟到函数执行时解析;规格字符串需复制	zr_vm_lib_debug/src/zr_vm_lib_debug/debug.c:1221;zr_vm_lib_debug/CMakeLists.txt;tests/debug/test_debug_agent.c	no-comment	名称和控制流已说明职责;无额外隐藏契约值得重复
zr_vm_lib_debug/src/zr_vm_lib_debug/debug.c	zr_debug_agent_try_resolve_pending_breakpoints_for_function	function	zr_debug_agent_trace_observer	执行时解析未命中的延迟断点	断点位置可能延迟到函数执行时解析;规格字符串需复制	zr_vm_lib_debug/src/zr_vm_lib_debug/debug.c:1246;zr_vm_lib_debug/CMakeLists.txt;tests/debug/test_debug_agent.c	no-comment	名称和控制流已说明职责;无额外隐藏契约值得重复
zr_vm_lib_debug/src/zr_vm_lib_debug/debug.c	zr_debug_parse_uint_text	function	zr_debug_hit_condition_satisfied	解析命中次数表达式中的无符号整数	按当前实现及调用方前提使用	zr_vm_lib_debug/src/zr_vm_lib_debug/debug.c:1266;zr_vm_lib_debug/CMakeLists.txt;tests/debug/test_debug_agent.c	no-comment	名称和控制流已说明职责;无额外隐藏契约值得重复
zr_vm_lib_debug/src/zr_vm_lib_debug/debug.c	zr_debug_hit_condition_satisfied	function	zr_debug_agent_should_stop_for_breakpoint	判断命中次数过滤条件	按当前实现及调用方前提使用	zr_vm_lib_debug/src/zr_vm_lib_debug/debug.c:1301;zr_vm_lib_debug/CMakeLists.txt;tests/debug/test_debug_agent.c	no-comment	名称和控制流已说明职责;无额外隐藏契约值得重复
zr_vm_lib_debug/src/zr_vm_lib_debug/debug.c	zr_debug_breakpoint_condition_satisfied	function	zr_debug_agent_should_stop_for_breakpoint	安全求值断点布尔条件	断点位置可能延迟到函数执行时解析;规格字符串需复制	zr_vm_lib_debug/src/zr_vm_lib_debug/debug.c:1333;zr_vm_lib_debug/CMakeLists.txt;tests/debug/test_debug_agent.c	no-comment	名称和控制流已说明职责;无额外隐藏契约值得重复
zr_vm_lib_debug/src/zr_vm_lib_debug/debug.c	zr_debug_breakpoint_emit_logpoint	function	zr_debug_agent_should_stop_for_breakpoint	格式化并发送日志断点输出	事件或响应参数由发送层接管;连接未初始化时可能跳过发送	zr_vm_lib_debug/src/zr_vm_lib_debug/debug.c:1351;zr_vm_lib_debug/CMakeLists.txt;tests/debug/test_debug_agent.c	no-comment	名称和控制流已说明职责;无额外隐藏契约值得重复
zr_vm_lib_debug/src/zr_vm_lib_debug/debug.c	zr_debug_agent_should_stop_for_breakpoint	function	zr_debug_agent_trace_observer	在当前指令匹配断点条件并决定暂停	断点位置可能延迟到函数执行时解析;规格字符串需复制	zr_vm_lib_debug/src/zr_vm_lib_debug/debug.c:1364;zr_vm_lib_debug/CMakeLists.txt;tests/debug/test_debug_agent.c	no-comment	名称和控制流已说明职责;无额外隐藏契约值得重复
zr_vm_lib_debug/src/zr_vm_lib_debug/debug.c	zr_debug_agent_should_stop_for_step	function	zr_debug_agent_trace_observer	依据帧深度与位置决定单步停止	变量句柄在恢复执行时失效;暂停请求经同步辅助函数传递	zr_vm_lib_debug/src/zr_vm_lib_debug/debug.c:1414;zr_vm_lib_debug/CMakeLists.txt;tests/debug/test_debug_step_edges.c	no-comment	名称和控制流已说明职责;无额外隐藏契约值得重复
zr_vm_lib_debug/src/zr_vm_lib_debug/debug.c	zr_debug_agent_should_defer_breakpoint_for_step	function	zr_debug_agent_trace_observer	单步跳过时抑制被跳过调用内的断点	断点位置可能延迟到函数执行时解析;规格字符串需复制	zr_vm_lib_debug/src/zr_vm_lib_debug/debug.c:1464;zr_vm_lib_debug/CMakeLists.txt;tests/debug/test_debug_step_edges.c	no-comment	名称和控制流已说明职责;无额外隐藏契约值得重复
zr_vm_lib_debug/src/zr_vm_lib_debug/debug.c	zr_debug_agent_should_stop_for_caught_exception	function	zr_debug_agent_trace_observer	检测捕获异常的 CATCH 安全点	按当前实现及调用方前提使用	zr_vm_lib_debug/src/zr_vm_lib_debug/debug.c:1483;zr_vm_lib_debug/CMakeLists.txt;tests/debug/test_debug_agent.c	no-comment	名称和控制流已说明职责;无额外隐藏契约值得重复
zr_vm_lib_debug/src/zr_vm_lib_debug/debug.c	zr_debug_agent_trace_observer	function	ZrCore_Debug_SetTraceObserver 回调	VM trace 回调中轮询协议并选择停止原因	在 VM 执行线程处理协议;暂停循环阻塞直到继续或断线策略触发	zr_vm_lib_debug/src/zr_vm_lib_debug/debug.c:1492;zr_vm_lib_debug/CMakeLists.txt;tests/debug/test_debug_agent.c	commented	关键调用约束或取舍已写在实现语句块
zr_vm_lib_debug/src/zr_vm_lib_debug/debug.c	ZrDebug_AgentStart	function	zr_vm_cli/src/zr_vm_cli/runtime/runtime.c:996;tests/debug/test_debug_agent.c:548;tests/debug/test_debug_agent.c:594;tests/debug/test_debug_agent.c:658;tests/debug/test_debug_agent.c:739;tests/debug/test_debug_agent.c:892;tests/debug/test_debug_agent.c:1049;tests/debug/test_debug_agent.c:1266;tests/debug/test_debug_agent.c:1467;tests/debug/test_debug_agent.c:1735;tests/debug/test_debug_agent.c:1935;tests/debug/test_debug_agent.c:2107;tests/debug/test_debug_agent.c:2204;tests/debug/test_debug_agent.c:2304;tests/debug/test_debug_agent.c:2443;tests/debug/test_debug_agent.c:2603;tests/debug/test_debug_agent.c:2717;tests/debug/test_debug_agent.c:2834;tests/debug/test_debug_agent_protocol.c:377;tests/debug/test_debug_agent_protocol.c:449;tests/debug/test_debug_agent_protocol.c:506;tests/debug/test_debug_agent_protocol.c:611;tests/debug/test_debug_agent_protocol.c:722;tests/debug/test_debug_agent_protocol.c:836;tests/debug/test_debug_agent_protocol.c:881;tests/debug/test_debug_agent_protocol.c:951;tests/debug/test_debug_data_breakpoint.c:225;tests/debug/test_debug_step_edges.c:245;tests/debug/test_debug_threads.c:239;tests/debug/test_debug_variable_child_shape.c:303;tests/debug/test_debug_variable_child_shape.c:553;tests/debug/test_debug_variable_child_shape.c:737;CLI --debug/--debug-wait	为 CLI 执行创建监听器与调试 agent	entryFunction 和 state 在 agent 生命周期内有效;停止时卸载回调	zr_vm_lib_debug/src/zr_vm_lib_debug/debug.c:1562;zr_vm_lib_debug/CMakeLists.txt;tests/debug/test_debug_agent.c	commented	关键调用约束或取舍已写在实现语句块
zr_vm_lib_debug/src/zr_vm_lib_debug/debug.c	ZrDebug_AgentStop	function	ZrDebug_AgentStart;zr_vm_cli/src/zr_vm_cli/runtime/runtime.c:1019;tests/debug/test_debug_agent.c:567;tests/debug/test_debug_agent.c:629;tests/debug/test_debug_agent.c:704;tests/debug/test_debug_agent.c:857;tests/debug/test_debug_agent.c:998;tests/debug/test_debug_agent.c:1215;tests/debug/test_debug_agent.c:1401;tests/debug/test_debug_agent.c:1682;tests/debug/test_debug_agent.c:1889;tests/debug/test_debug_agent.c:2066;tests/debug/test_debug_agent.c:2176;tests/debug/test_debug_agent.c:2277;tests/debug/test_debug_agent.c:2390;tests/debug/test_debug_agent.c:2568;tests/debug/test_debug_agent.c:2681;tests/debug/test_debug_agent.c:2782;tests/debug/test_debug_agent.c:3001;tests/debug/test_debug_agent_protocol.c:425;tests/debug/test_debug_agent_protocol.c:463;tests/debug/test_debug_agent_protocol.c:584;tests/debug/test_debug_agent_protocol.c:692;tests/debug/test_debug_agent_protocol.c:807;tests/debug/test_debug_agent_protocol.c:856;tests/debug/test_debug_agent_protocol.c:898;tests/debug/test_debug_agent_protocol.c:1069;tests/debug/test_debug_data_breakpoint.c:462;tests/debug/test_debug_step_edges.c:359;tests/debug/test_debug_threads.c:381;tests/debug/test_debug_variable_child_shape.c:500;tests/debug/test_debug_variable_child_shape.c:699;tests/debug/test_debug_variable_child_shape.c:793	卸载 VM 回调并释放 agent 资源	entryFunction 和 state 在 agent 生命周期内有效;停止时卸载回调	zr_vm_lib_debug/src/zr_vm_lib_debug/debug.c:1638;zr_vm_lib_debug/CMakeLists.txt;tests/debug/test_debug_agent.c	commented	关键调用约束或取舍已写在实现语句块
zr_vm_lib_debug/src/zr_vm_lib_debug/debug.c	ZrDebug_ReadTestManifest	function	tests/debug/test_debug_agent_protocol.c:452	复制已解码测试清单供调用方读取	按当前实现及调用方前提使用	zr_vm_lib_debug/src/zr_vm_lib_debug/debug.c:1673;zr_vm_lib_debug/CMakeLists.txt;tests/debug/test_debug_agent.c	no-comment	名称和控制流已说明职责;无额外隐藏契约值得重复
zr_vm_lib_debug/src/zr_vm_lib_debug/debug.c	ZrDebug_AgentGetEndpoint	function	zr_vm_cli/src/zr_vm_cli/runtime/runtime.c:511;tests/debug/test_debug_agent.c:388;tests/debug/test_debug_agent_protocol.c:168;tests/debug/test_debug_data_breakpoint.c:112;tests/debug/test_debug_step_edges.c:123;tests/debug/test_debug_threads.c:116;tests/debug/test_debug_variable_child_shape.c:106	返回监听器实际绑定地址	按当前实现及调用方前提使用	zr_vm_lib_debug/src/zr_vm_lib_debug/debug.c:1718;zr_vm_lib_debug/CMakeLists.txt;tests/debug/test_debug_agent.c	no-comment	名称和控制流已说明职责;无额外隐藏契约值得重复
zr_vm_lib_debug/src/zr_vm_lib_debug/debug.c	zr_debug_copy_breakpoint_from_existing	function	zr_debug_replace_breakpoints_of_kind	保留另一类断点及其命中状态	断点位置可能延迟到函数执行时解析;规格字符串需复制	zr_vm_lib_debug/src/zr_vm_lib_debug/debug.c:1727;zr_vm_lib_debug/CMakeLists.txt;tests/debug/test_debug_agent.c	no-comment	名称和控制流已说明职责;无额外隐藏契约值得重复
zr_vm_lib_debug/src/zr_vm_lib_debug/debug.c	zr_debug_copy_breakpoint_from_spec	function	zr_debug_replace_breakpoints_of_kind	把临时请求规格复制为长期断点	断点位置可能延迟到函数执行时解析;规格字符串需复制	zr_vm_lib_debug/src/zr_vm_lib_debug/debug.c:1735;zr_vm_lib_debug/CMakeLists.txt;tests/debug/test_debug_agent.c	no-comment	名称和控制流已说明职责;无额外隐藏契约值得重复
zr_vm_lib_debug/src/zr_vm_lib_debug/debug.c	zr_debug_recount_breakpoints	function	zr_debug_replace_breakpoints_of_kind	更新行断点及函数断点数量	断点位置可能延迟到函数执行时解析;规格字符串需复制	zr_vm_lib_debug/src/zr_vm_lib_debug/debug.c:1766;zr_vm_lib_debug/CMakeLists.txt;tests/debug/test_debug_agent.c	no-comment	名称和控制流已说明职责;无额外隐藏契约值得重复
zr_vm_lib_debug/src/zr_vm_lib_debug/debug.c	zr_debug_replace_breakpoints_of_kind	function	ZrDebug_SetBreakpoints;ZrDebug_SetFunctionBreakpoints	原子替换指定种类的断点集合	断点位置可能延迟到函数执行时解析;规格字符串需复制	zr_vm_lib_debug/src/zr_vm_lib_debug/debug.c:1784;zr_vm_lib_debug/CMakeLists.txt;tests/debug/test_debug_agent.c	commented	关键调用约束或取舍已写在实现语句块
zr_vm_lib_debug/src/zr_vm_lib_debug/debug.c	ZrDebug_SetBreakpoints	function	zr_debug_agent_process_set_breakpoints	替换行断点	断点位置可能延迟到函数执行时解析;规格字符串需复制	zr_vm_lib_debug/src/zr_vm_lib_debug/debug.c:1835;zr_vm_lib_debug/CMakeLists.txt;tests/debug/test_debug_agent.c	no-comment	名称和控制流已说明职责;无额外隐藏契约值得重复
zr_vm_lib_debug/src/zr_vm_lib_debug/debug.c	ZrDebug_SetFunctionBreakpoints	function	zr_debug_agent_process_set_function_breakpoints	替换函数断点	断点位置可能延迟到函数执行时解析;规格字符串需复制	zr_vm_lib_debug/src/zr_vm_lib_debug/debug.c:1839;zr_vm_lib_debug/CMakeLists.txt;tests/debug/test_debug_agent.c	no-comment	名称和控制流已说明职责;无额外隐藏契约值得重复
zr_vm_lib_debug/src/zr_vm_lib_debug/debug.c	ZrDebug_SetExceptionBreakpoints	function	zr_debug_agent_process_set_exception_breakpoints	配置捕获与未捕获异常停止策略	断点位置可能延迟到函数执行时解析;规格字符串需复制	zr_vm_lib_debug/src/zr_vm_lib_debug/debug.c:1845;zr_vm_lib_debug/CMakeLists.txt;tests/debug/test_debug_agent.c	no-comment	名称和控制流已说明职责;无额外隐藏契约值得重复
zr_vm_lib_debug/src/zr_vm_lib_debug/debug.c	ZrDebug_Continue	function	zr_debug_agent_process_continue	恢复执行并清除旧变量句柄	变量句柄在恢复执行时失效;暂停请求经同步辅助函数传递	zr_vm_lib_debug/src/zr_vm_lib_debug/debug.c:1854;zr_vm_lib_debug/CMakeLists.txt;tests/debug/test_debug_agent.c	no-comment	名称和控制流已说明职责;无额外隐藏契约值得重复
zr_vm_lib_debug/src/zr_vm_lib_debug/debug.c	ZrDebug_Pause	function	zr_debug_agent_process_pause;tests/debug/test_debug_agent.c:2507;tests/debug/test_debug_agent.c:2896	从外部线程提交暂停请求	变量句柄在恢复执行时失效;暂停请求经同步辅助函数传递	zr_vm_lib_debug/src/zr_vm_lib_debug/debug.c:1864;zr_vm_lib_debug/CMakeLists.txt;tests/debug/test_debug_agent.c	commented	关键调用约束或取舍已写在实现语句块
zr_vm_lib_debug/src/zr_vm_lib_debug/debug.c	zr_debug_begin_step	function	ZrDebug_StepInto;ZrDebug_StepOver;ZrDebug_StepOut	记录单步恢复点并切换运行模式	变量句柄在恢复执行时失效;暂停请求经同步辅助函数传递	zr_vm_lib_debug/src/zr_vm_lib_debug/debug.c:1873;zr_vm_lib_debug/CMakeLists.txt;tests/debug/test_debug_step_edges.c	commented	关键调用约束或取舍已写在实现语句块
zr_vm_lib_debug/src/zr_vm_lib_debug/debug.c	ZrDebug_StepInto	function	zr_debug_agent_process_step	发起进入函数单步	变量句柄在恢复执行时失效;暂停请求经同步辅助函数传递	zr_vm_lib_debug/src/zr_vm_lib_debug/debug.c:1893;zr_vm_lib_debug/CMakeLists.txt;tests/debug/test_debug_step_edges.c	no-comment	名称和控制流已说明职责;无额外隐藏契约值得重复
zr_vm_lib_debug/src/zr_vm_lib_debug/debug.c	ZrDebug_StepOver	function	zr_debug_agent_process_step	发起跳过函数单步	变量句柄在恢复执行时失效;暂停请求经同步辅助函数传递	zr_vm_lib_debug/src/zr_vm_lib_debug/debug.c:1897;zr_vm_lib_debug/CMakeLists.txt;tests/debug/test_debug_step_edges.c	no-comment	名称和控制流已说明职责;无额外隐藏契约值得重复
zr_vm_lib_debug/src/zr_vm_lib_debug/debug.c	ZrDebug_StepOut	function	zr_debug_agent_process_step	发起跳出函数单步	变量句柄在恢复执行时失效;暂停请求经同步辅助函数传递	zr_vm_lib_debug/src/zr_vm_lib_debug/debug.c:1901;zr_vm_lib_debug/CMakeLists.txt;tests/debug/test_debug_step_edges.c	no-comment	名称和控制流已说明职责;无额外隐藏契约值得重复
zr_vm_lib_debug/src/zr_vm_lib_debug/debug.c	ZrDebug_NotifyException	function	zr_vm_cli/src/zr_vm_cli/runtime/runtime.c:1016;tests/debug/test_debug_agent.c:320	CLI 失败时报告未捕获异常停点	按当前实现及调用方前提使用	zr_vm_lib_debug/src/zr_vm_lib_debug/debug.c:1905;zr_vm_lib_debug/CMakeLists.txt;tests/debug/test_debug_agent.c	no-comment	名称和控制流已说明职责;无额外隐藏契约值得重复
zr_vm_lib_debug/src/zr_vm_lib_debug/debug_protocol.c	zr_debug_json_add_u64_hash	function	zr_debug_agent_make_stack_trace_result	用十六进制字符串保留 64 位哈希精度	按当前实现及调用方前提使用	zr_vm_lib_debug/src/zr_vm_lib_debug/debug_protocol.c:6;zr_vm_lib_debug/CMakeLists.txt;tests/debug/test_debug_agent_protocol.c	no-comment	名称和控制流已说明职责;无额外隐藏契约值得重复
zr_vm_lib_debug/src/zr_vm_lib_debug/debug_protocol.c	zr_debug_json_make_message_id	function	zr_debug_agent_send_response;zr_debug_agent_send_error_with_data	复制请求 id 到响应对象	按当前实现及调用方前提使用	zr_vm_lib_debug/src/zr_vm_lib_debug/debug_protocol.c:16;zr_vm_lib_debug/CMakeLists.txt;tests/debug/test_debug_agent_protocol.c	no-comment	名称和控制流已说明职责;无额外隐藏契约值得重复
zr_vm_lib_debug/src/zr_vm_lib_debug/debug_protocol.c	zr_debug_agent_send_json	function	zr_debug_agent_send_event;zr_debug_agent_send_response;zr_debug_agent_send_error_with_data	将 JSON 序列化为长度前缀网络帧	事件或响应参数由发送层接管;连接未初始化时可能跳过发送	zr_vm_lib_debug/src/zr_vm_lib_debug/debug_protocol.c:29;zr_vm_lib_debug/CMakeLists.txt;tests/debug/test_debug_agent_protocol.c	no-comment	名称和控制流已说明职责;无额外隐藏契约值得重复
zr_vm_lib_debug/src/zr_vm_lib_debug/debug_protocol.c	zr_debug_agent_send_event	function	zr_debug_agent_emit_stopped;zr_debug_agent_emit_output;zr_debug_agent_emit_continued;zr_debug_agent_emit_module_loaded;zr_debug_agent_emit_initialized;zr_debug_agent_emit_breakpoint_resolved;ZrDebug_NotifyTerminated	发送并接管事件参数对象	事件或响应参数由发送层接管;连接未初始化时可能跳过发送	zr_vm_lib_debug/src/zr_vm_lib_debug/debug_protocol.c:45;zr_vm_lib_debug/CMakeLists.txt;tests/debug/test_debug_agent_protocol.c	commented	关键调用约束或取舍已写在实现语句块
zr_vm_lib_debug/src/zr_vm_lib_debug/debug_protocol.c	zr_debug_agent_send_response	function	zr_debug_agent_process_initialize;zr_debug_agent_process_continue;zr_debug_agent_process_pause;zr_debug_agent_process_step;zr_debug_agent_process_set_breakpoints;zr_debug_agent_process_set_function_breakpoints;zr_debug_agent_process_set_exception_breakpoints;zr_debug_agent_process_data_breakpoint_info;zr_debug_agent_process_set_data_breakpoints;zr_debug_agent_process_threads;zr_debug_agent_process_stack_trace;zr_debug_agent_process_scopes;zr_debug_agent_process_variables;zr_debug_agent_process_evaluate;zr_debug_agent_process_disconnect	发送并接管请求结果对象	事件或响应参数由发送层接管;连接未初始化时可能跳过发送	zr_vm_lib_debug/src/zr_vm_lib_debug/debug_protocol.c:71;zr_vm_lib_debug/CMakeLists.txt;tests/debug/test_debug_agent_protocol.c	commented	关键调用约束或取舍已写在实现语句块
zr_vm_lib_debug/src/zr_vm_lib_debug/debug_protocol.c	zr_debug_agent_send_error_with_data	function	zr_debug_agent_send_error;zr_debug_agent_process_evaluate	发送携带可选结构化数据的错误	事件或响应参数由发送层接管;连接未初始化时可能跳过发送	zr_vm_lib_debug/src/zr_vm_lib_debug/debug_protocol.c:97;zr_vm_lib_debug/CMakeLists.txt;tests/debug/test_debug_agent_protocol.c	no-comment	名称和控制流已说明职责;无额外隐藏契约值得重复
zr_vm_lib_debug/src/zr_vm_lib_debug/debug_protocol.c	zr_debug_agent_send_error	function	zr_debug_agent_process_initialize;zr_debug_agent_process_set_breakpoints;zr_debug_agent_process_set_function_breakpoints;zr_debug_agent_process_data_breakpoint_info;zr_debug_agent_process_set_data_breakpoints;zr_debug_agent_process_threads;zr_debug_agent_process_stack_trace;zr_debug_agent_process_scopes;zr_debug_agent_process_variables;zr_debug_agent_process_evaluate;zr_debug_agent_process_message	发送普通协议错误	事件或响应参数由发送层接管;连接未初始化时可能跳过发送	zr_vm_lib_debug/src/zr_vm_lib_debug/debug_protocol.c:130;zr_vm_lib_debug/CMakeLists.txt;tests/debug/test_debug_agent_protocol.c	no-comment	名称和控制流已说明职责;无额外隐藏契约值得重复
zr_vm_lib_debug/src/zr_vm_lib_debug/debug_protocol.c	zr_debug_agent_close_client	function	ZrDebug_AgentStop;zr_debug_agent_process_initialize;zr_debug_agent_process_disconnect;zr_debug_agent_poll_messages	关闭当前客户端并清除握手状态	按当前实现及调用方前提使用	zr_vm_lib_debug/src/zr_vm_lib_debug/debug_protocol.c:137;zr_vm_lib_debug/CMakeLists.txt;tests/debug/test_debug_agent_protocol.c	no-comment	名称和控制流已说明职责;无额外隐藏契约值得重复
zr_vm_lib_debug/src/zr_vm_lib_debug/debug_protocol.c	zr_debug_agent_accept_client	function	zr_debug_agent_poll_messages	接纳新的调试协议连接	按当前实现及调用方前提使用	zr_vm_lib_debug/src/zr_vm_lib_debug/debug_protocol.c:149;zr_vm_lib_debug/CMakeLists.txt;tests/debug/test_debug_agent_protocol.c	no-comment	名称和控制流已说明职责;无额外隐藏契约值得重复
zr_vm_lib_debug/src/zr_vm_lib_debug/debug_protocol.c	zr_debug_exception_string_field	function	zr_debug_agent_fill_exception_stack	读取异常对象的字符串字段	按当前实现及调用方前提使用	zr_vm_lib_debug/src/zr_vm_lib_debug/debug_protocol.c:163;zr_vm_lib_debug/CMakeLists.txt;tests/debug/test_debug_agent_protocol.c	no-comment	名称和控制流已说明职责;无额外隐藏契约值得重复
zr_vm_lib_debug/src/zr_vm_lib_debug/debug_protocol.c	zr_debug_agent_fill_exception_stack	function	zr_debug_agent_fill_stop_event	复制当前异常的栈文本	按当前实现及调用方前提使用	zr_vm_lib_debug/src/zr_vm_lib_debug/debug_protocol.c:195;zr_vm_lib_debug/CMakeLists.txt;tests/debug/test_debug_agent_protocol.c	no-comment	名称和控制流已说明职责;无额外隐藏契约值得重复
zr_vm_lib_debug/src/zr_vm_lib_debug/debug_protocol.c	zr_debug_agent_fill_stop_event	function	zr_debug_agent_trace_observer;ZrDebug_NotifyException	更新停止快照并使旧变量句柄失效	按当前实现及调用方前提使用	zr_vm_lib_debug/src/zr_vm_lib_debug/debug_protocol.c:210;zr_vm_lib_debug/CMakeLists.txt;tests/debug/test_debug_agent_protocol.c	commented	关键调用约束或取舍已写在实现语句块
zr_vm_lib_debug/src/zr_vm_lib_debug/debug_protocol.c	zr_debug_agent_emit_stopped	function	zr_debug_agent_process_initialize;zr_debug_agent_pause_loop	发送当前停止快照事件	事件或响应参数由发送层接管;连接未初始化时可能跳过发送	zr_vm_lib_debug/src/zr_vm_lib_debug/debug_protocol.c:254;zr_vm_lib_debug/CMakeLists.txt;tests/debug/test_debug_agent_protocol.c	no-comment	名称和控制流已说明职责;无额外隐藏契约值得重复
zr_vm_lib_debug/src/zr_vm_lib_debug/debug_protocol.c	zr_debug_agent_emit_output	function	zr_debug_breakpoint_condition_satisfied;zr_debug_breakpoint_emit_logpoint	发送调试输出事件	事件或响应参数由发送层接管;连接未初始化时可能跳过发送	zr_vm_lib_debug/src/zr_vm_lib_debug/debug_protocol.c:287;zr_vm_lib_debug/CMakeLists.txt;tests/debug/test_debug_agent_protocol.c	no-comment	名称和控制流已说明职责;无额外隐藏契约值得重复
zr_vm_lib_debug/src/zr_vm_lib_debug/debug_protocol.c	zr_debug_agent_emit_continued	function	zr_debug_agent_process_continue;zr_debug_agent_process_step	发送继续执行事件	事件或响应参数由发送层接管;连接未初始化时可能跳过发送	zr_vm_lib_debug/src/zr_vm_lib_debug/debug_protocol.c:304;zr_vm_lib_debug/CMakeLists.txt;tests/debug/test_debug_agent_protocol.c	no-comment	名称和控制流已说明职责;无额外隐藏契约值得重复
zr_vm_lib_debug/src/zr_vm_lib_debug/debug_protocol.c	zr_debug_agent_emit_module_loaded	function	zr_debug_agent_emit_initialized	通知客户端入口模块已加载	事件或响应参数由发送层接管;连接未初始化时可能跳过发送	zr_vm_lib_debug/src/zr_vm_lib_debug/debug_protocol.c:321;zr_vm_lib_debug/CMakeLists.txt;tests/debug/test_debug_agent_protocol.c	no-comment	名称和控制流已说明职责;无额外隐藏契约值得重复
zr_vm_lib_debug/src/zr_vm_lib_debug/debug_protocol.c	zr_debug_agent_emit_initialized	function	zr_debug_agent_process_initialize	通知握手完成和模块加载	事件或响应参数由发送层接管;连接未初始化时可能跳过发送	zr_vm_lib_debug/src/zr_vm_lib_debug/debug_protocol.c:338;zr_vm_lib_debug/CMakeLists.txt;tests/debug/test_debug_agent_protocol.c	no-comment	名称和控制流已说明职责;无额外隐藏契约值得重复
zr_vm_lib_debug/src/zr_vm_lib_debug/debug_protocol.c	zr_debug_agent_emit_breakpoint_resolved	function	zr_debug_agent_try_resolve_pending_breakpoints_for_function;zr_debug_agent_process_set_breakpoints;zr_debug_agent_process_set_function_breakpoints	通知客户端断点解析状态	事件或响应参数由发送层接管;连接未初始化时可能跳过发送	zr_vm_lib_debug/src/zr_vm_lib_debug/debug_protocol.c:343;zr_vm_lib_debug/CMakeLists.txt;tests/debug/test_debug_agent_protocol.c	no-comment	名称和控制流已说明职责;无额外隐藏契约值得重复
zr_vm_lib_debug/src/zr_vm_lib_debug/debug_protocol.c	zr_debug_agent_process_initialize	function	zr_debug_agent_process_message;zrdbg method=initialize	校验认证并公布 zrdbg 能力	由 zrdbg JSON 请求分派;请求树在分派后释放	zr_vm_lib_debug/src/zr_vm_lib_debug/debug_protocol.c:368;zr_vm_lib_debug/CMakeLists.txt;tests/debug/test_debug_agent_protocol.c	commented	关键调用约束或取舍已写在实现语句块
zr_vm_lib_debug/src/zr_vm_lib_debug/debug_protocol.c	zr_debug_agent_process_continue	function	zr_debug_agent_process_message;zrdbg method=continue	处理 continue 请求	由 zrdbg JSON 请求分派;请求树在分派后释放	zr_vm_lib_debug/src/zr_vm_lib_debug/debug_protocol.c:420;zr_vm_lib_debug/CMakeLists.txt;tests/debug/test_debug_agent_protocol.c	no-comment	名称和控制流已说明职责;无额外隐藏契约值得重复
zr_vm_lib_debug/src/zr_vm_lib_debug/debug_protocol.c	zr_debug_agent_process_pause	function	zr_debug_agent_process_message;zrdbg method=pause	处理 pause 请求	由 zrdbg JSON 请求分派;请求树在分派后释放	zr_vm_lib_debug/src/zr_vm_lib_debug/debug_protocol.c:426;zr_vm_lib_debug/CMakeLists.txt;tests/debug/test_debug_agent_protocol.c	no-comment	名称和控制流已说明职责;无额外隐藏契约值得重复
zr_vm_lib_debug/src/zr_vm_lib_debug/debug_protocol.c	zr_debug_agent_process_step	function	zr_debug_agent_process_message;zrdbg method=step	路由三类单步请求	由 zrdbg JSON 请求分派;请求树在分派后释放	zr_vm_lib_debug/src/zr_vm_lib_debug/debug_protocol.c:431;zr_vm_lib_debug/CMakeLists.txt;tests/debug/test_debug_step_edges.c	no-comment	名称和控制流已说明职责;无额外隐藏契约值得重复
zr_vm_lib_debug/src/zr_vm_lib_debug/debug_protocol.c	zr_debug_breakpoint_spec_init	function	zr_debug_agent_collect_source_breakpoints;zr_debug_agent_process_set_function_breakpoints	清零临时断点规格	断点位置可能延迟到函数执行时解析;规格字符串需复制	zr_vm_lib_debug/src/zr_vm_lib_debug/debug_protocol.c:443;zr_vm_lib_debug/CMakeLists.txt;tests/debug/test_debug_agent_protocol.c	no-comment	名称和控制流已说明职责;无额外隐藏契约值得重复
zr_vm_lib_debug/src/zr_vm_lib_debug/debug_protocol.c	zr_debug_agent_collect_source_breakpoints	function	zr_debug_agent_process_set_breakpoints	解析行断点请求为临时规格	断点位置可能延迟到函数执行时解析;规格字符串需复制	zr_vm_lib_debug/src/zr_vm_lib_debug/debug_protocol.c:449;zr_vm_lib_debug/CMakeLists.txt;tests/debug/test_debug_agent_protocol.c	no-comment	名称和控制流已说明职责;无额外隐藏契约值得重复
zr_vm_lib_debug/src/zr_vm_lib_debug/debug_protocol.c	zr_debug_agent_make_breakpoint_result_array	function	zr_debug_agent_process_set_breakpoints;zr_debug_agent_process_set_function_breakpoints	生成指定断点种类的验证结果数组	成功返回新 cJSON 所有权;失败返回空值	zr_vm_lib_debug/src/zr_vm_lib_debug/debug_protocol.c:520;zr_vm_lib_debug/src/zr_vm_lib_debug/debug_protocol.c:546,591;tests/debug/test_debug_agent.c:1970,1996	BUG	已证实异类断点对象在 continue 前未释放
zr_vm_lib_debug/src/zr_vm_lib_debug/debug_protocol.c	zr_debug_agent_process_set_breakpoints	function	zr_debug_agent_process_message;zrdbg method=set_breakpoints	安装并回报行断点	由 zrdbg JSON 请求分派;请求树在分派后释放	zr_vm_lib_debug/src/zr_vm_lib_debug/debug_protocol.c:553;zr_vm_lib_debug/CMakeLists.txt;tests/debug/test_debug_agent_protocol.c	no-comment	名称和控制流已说明职责;无额外隐藏契约值得重复
zr_vm_lib_debug/src/zr_vm_lib_debug/debug_protocol.c	zr_debug_agent_process_set_function_breakpoints	function	zr_debug_agent_process_message;zrdbg method=set_function_breakpoints	安装并回报函数断点	由 zrdbg JSON 请求分派;请求树在分派后释放	zr_vm_lib_debug/src/zr_vm_lib_debug/debug_protocol.c:598;zr_vm_lib_debug/CMakeLists.txt;tests/debug/test_debug_agent_protocol.c	no-comment	名称和控制流已说明职责;无额外隐藏契约值得重复
zr_vm_lib_debug/src/zr_vm_lib_debug/debug_protocol.c	zr_debug_agent_process_set_exception_breakpoints	function	zr_debug_agent_process_message;zrdbg method=set_exception_breakpoints	解析并设置异常过滤器	由 zrdbg JSON 请求分派;请求树在分派后释放	zr_vm_lib_debug/src/zr_vm_lib_debug/debug_protocol.c:681;zr_vm_lib_debug/CMakeLists.txt;tests/debug/test_debug_agent_protocol.c	no-comment	名称和控制流已说明职责;无额外隐藏契约值得重复
zr_vm_lib_debug/src/zr_vm_lib_debug/debug_protocol.c	zr_debug_agent_process_data_breakpoint_info	function	zr_debug_agent_process_message;zrdbg method=data_breakpoint_info	查询变量可否成为数据断点	dataId 和目标帧须仍可解析;仅监视参数 局部变量及 upvalue	zr_vm_lib_debug/src/zr_vm_lib_debug/debug_protocol.c:722;zr_vm_lib_debug/CMakeLists.txt;tests/debug/test_debug_data_breakpoint.c	no-comment	名称和控制流已说明职责;无额外隐藏契约值得重复
zr_vm_lib_debug/src/zr_vm_lib_debug/debug_protocol.c	zr_debug_agent_process_set_data_breakpoints	function	zr_debug_agent_process_message;zrdbg method=set_data_breakpoints	替换数据断点并逐项报告验证结果	dataId 和目标帧须仍可解析;仅监视参数 局部变量及 upvalue	zr_vm_lib_debug/src/zr_vm_lib_debug/debug_protocol.c:784;zr_vm_lib_debug/CMakeLists.txt;tests/debug/test_debug_data_breakpoint.c	no-comment	名称和控制流已说明职责;无额外隐藏契约值得重复
zr_vm_lib_debug/src/zr_vm_lib_debug/debug_protocol.c	zr_debug_agent_thread_id_from_params	function	zr_debug_agent_process_set_exception_breakpoints;zr_debug_agent_process_data_breakpoint_info;zr_debug_agent_process_stack_trace;zr_debug_agent_process_scopes;zr_debug_agent_process_variables;zr_debug_agent_process_evaluate	解析或默认协议请求的线程号	按当前实现及调用方前提使用	zr_vm_lib_debug/src/zr_vm_lib_debug/debug_protocol.c:848;zr_vm_lib_debug/CMakeLists.txt;tests/debug/test_debug_agent_protocol.c	no-comment	名称和控制流已说明职责;无额外隐藏契约值得重复
zr_vm_lib_debug/src/zr_vm_lib_debug/debug_protocol.c	zr_debug_agent_make_threads_result	function	zr_debug_agent_process_threads	生成协议线程列表	成功返回新 cJSON 所有权;失败返回空值	zr_vm_lib_debug/src/zr_vm_lib_debug/debug_protocol.c:859;zr_vm_lib_debug/CMakeLists.txt;tests/debug/test_debug_agent_protocol.c	no-comment	名称和控制流已说明职责;无额外隐藏契约值得重复
zr_vm_lib_debug/src/zr_vm_lib_debug/debug_protocol.c	zr_debug_agent_make_stack_trace_result	function	zr_debug_agent_process_stack_trace	读取指定线程的栈与帧参数	成功返回新 cJSON 所有权;失败返回空值	zr_vm_lib_debug/src/zr_vm_lib_debug/debug_protocol.c:901;zr_vm_lib_debug/CMakeLists.txt;tests/debug/test_debug_agent_protocol.c	commented	关键调用约束或取舍已写在实现语句块
zr_vm_lib_debug/src/zr_vm_lib_debug/debug_protocol.c	zr_debug_agent_make_scopes_result	function	zr_debug_agent_process_scopes	读取指定线程帧的作用域	成功返回新 cJSON 所有权;失败返回空值	zr_vm_lib_debug/src/zr_vm_lib_debug/debug_protocol.c:1070;zr_vm_lib_debug/CMakeLists.txt;tests/debug/test_debug_agent_protocol.c	no-comment	名称和控制流已说明职责;无额外隐藏契约值得重复
zr_vm_lib_debug/src/zr_vm_lib_debug/debug_protocol.c	zr_debug_agent_make_variables_result	function	zr_debug_agent_process_variables	读取指定线程的变量页	成功返回新 cJSON 所有权;失败返回空值	zr_vm_lib_debug/src/zr_vm_lib_debug/debug_protocol.c:1124;zr_vm_lib_debug/CMakeLists.txt;tests/debug/test_debug_agent_protocol.c	no-comment	名称和控制流已说明职责;无额外隐藏契约值得重复
zr_vm_lib_debug/src/zr_vm_lib_debug/debug_protocol.c	zr_debug_agent_process_threads	function	zr_debug_agent_process_message;zrdbg method=threads	响应 threads 请求	由 zrdbg JSON 请求分派;请求树在分派后释放	zr_vm_lib_debug/src/zr_vm_lib_debug/debug_protocol.c:1196;zr_vm_lib_debug/CMakeLists.txt;tests/debug/test_debug_agent_protocol.c	no-comment	名称和控制流已说明职责;无额外隐藏契约值得重复
zr_vm_lib_debug/src/zr_vm_lib_debug/debug_protocol.c	zr_debug_agent_process_stack_trace	function	zr_debug_agent_process_message;zrdbg method=stack_trace	响应 stackTrace 请求	由 zrdbg JSON 请求分派;请求树在分派后释放	zr_vm_lib_debug/src/zr_vm_lib_debug/debug_protocol.c:1206;zr_vm_lib_debug/CMakeLists.txt;tests/debug/test_debug_agent_protocol.c	no-comment	名称和控制流已说明职责;无额外隐藏契约值得重复
zr_vm_lib_debug/src/zr_vm_lib_debug/debug_protocol.c	zr_debug_agent_process_scopes	function	zr_debug_agent_process_message;zrdbg method=scopes	响应 scopes 请求	由 zrdbg JSON 请求分派;请求树在分派后释放	zr_vm_lib_debug/src/zr_vm_lib_debug/debug_protocol.c:1217;zr_vm_lib_debug/CMakeLists.txt;tests/debug/test_debug_agent_protocol.c	no-comment	名称和控制流已说明职责;无额外隐藏契约值得重复
zr_vm_lib_debug/src/zr_vm_lib_debug/debug_protocol.c	zr_debug_agent_process_variables	function	zr_debug_agent_process_message;zrdbg method=variables	响应 variables 请求	由 zrdbg JSON 请求分派;请求树在分派后释放	zr_vm_lib_debug/src/zr_vm_lib_debug/debug_protocol.c:1236;zr_vm_lib_debug/CMakeLists.txt;tests/debug/test_debug_agent_protocol.c	no-comment	名称和控制流已说明职责;无额外隐藏契约值得重复
zr_vm_lib_debug/src/zr_vm_lib_debug/debug_protocol.c	zr_debug_agent_process_evaluate	function	zr_debug_agent_process_message;zrdbg method=evaluate	求值表达式并返回结构化失败信息	由 zrdbg JSON 请求分派;请求树在分派后释放	zr_vm_lib_debug/src/zr_vm_lib_debug/debug_protocol.c:1263;zr_vm_lib_debug/CMakeLists.txt;tests/debug/test_debug_agent_protocol.c	no-comment	名称和控制流已说明职责;无额外隐藏契约值得重复
zr_vm_lib_debug/src/zr_vm_lib_debug/debug_protocol.c	zr_debug_agent_process_disconnect	function	zr_debug_agent_process_message;zrdbg method=disconnect	响应断开请求并关闭客户端	由 zrdbg JSON 请求分派;请求树在分派后释放	zr_vm_lib_debug/src/zr_vm_lib_debug/debug_protocol.c:1304;zr_vm_lib_debug/CMakeLists.txt;tests/debug/test_debug_agent_protocol.c	no-comment	名称和控制流已说明职责;无额外隐藏契约值得重复
zr_vm_lib_debug/src/zr_vm_lib_debug/debug_protocol.c	zr_debug_agent_process_message	function	zr_debug_agent_poll_messages;zrdbg JSON method 分派	解析及分派 zrdbg JSON 请求	由 zrdbg JSON 请求分派;请求树在分派后释放	zr_vm_lib_debug/src/zr_vm_lib_debug/debug_protocol.c:1309;zr_vm_lib_debug/CMakeLists.txt;tests/debug/test_debug_agent_protocol.c	commented	关键调用约束或取舍已写在实现语句块
zr_vm_lib_debug/src/zr_vm_lib_debug/debug_protocol.c	zr_debug_agent_poll_messages	function	zr_debug_agent_trace_observer;zr_debug_agent_pause_loop	接收一帧协议消息或等待连接	在 VM 执行线程处理协议;暂停循环阻塞直到继续或断线策略触发	zr_vm_lib_debug/src/zr_vm_lib_debug/debug_protocol.c:1379;zr_vm_lib_debug/CMakeLists.txt;tests/debug/test_debug_agent_protocol.c	commented	关键调用约束或取舍已写在实现语句块
zr_vm_lib_debug/src/zr_vm_lib_debug/debug_protocol.c	zr_debug_agent_pause_loop	function	zr_debug_agent_trace_observer;ZrDebug_NotifyException	VM 执行线程暂停并服务调试请求	在 VM 执行线程处理协议;暂停循环阻塞直到继续或断线策略触发	zr_vm_lib_debug/src/zr_vm_lib_debug/debug_protocol.c:1417;zr_vm_lib_debug/CMakeLists.txt;tests/debug/test_debug_agent_protocol.c	commented	关键调用约束或取舍已写在实现语句块
zr_vm_lib_debug/src/zr_vm_lib_debug/debug_protocol.c	ZrDebug_NotifyTerminated	function	zr_vm_cli/src/zr_vm_cli/runtime/runtime.c:1018;tests/debug/test_debug_agent.c:329;tests/debug/test_debug_agent.c:850;tests/debug/test_debug_agent.c:991;tests/debug/test_debug_agent.c:1208;tests/debug/test_debug_agent.c:1394;tests/debug/test_debug_agent.c:1675;tests/debug/test_debug_agent.c:1884;tests/debug/test_debug_agent.c:2059;tests/debug/test_debug_agent.c:2169;tests/debug/test_debug_agent.c:2270;tests/debug/test_debug_agent.c:2383;tests/debug/test_debug_agent.c:2561;tests/debug/test_debug_agent.c:2775;tests/debug/test_debug_agent.c:2994;tests/debug/test_debug_agent_protocol.c:577;tests/debug/test_debug_agent_protocol.c:1062;tests/debug/test_debug_data_breakpoint.c:446;tests/debug/test_debug_step_edges.c:343;tests/debug/test_debug_threads.c:374	向已握手客户端发送一次终止事件	按当前实现及调用方前提使用	zr_vm_lib_debug/src/zr_vm_lib_debug/debug_protocol.c:1440;zr_vm_lib_debug/CMakeLists.txt;tests/debug/test_debug_agent_protocol.c	commented	关键调用约束或取舍已写在实现语句块
zr_vm_lib_debug/src/zr_vm_lib_debug/debug.c	zr_debug_copy_text/截断路径与普通文本	block	zr_debug_copy_text	将文本压入定长调试字段并保留路径末尾	输出定长且以 NUL 终止;容量足够时路径截断保留末尾	zr_vm_lib_debug/src/zr_vm_lib_debug/debug.c:78;tests/debug/test_debug_truncation.c:12,23,32	TODO	现有 strlen 按字节截断且 ASCII 截断测试未覆盖 UTF-8;下一步补多字节协议字段测试
zr_vm_lib_debug/src/zr_vm_lib_debug/debug.c	zr_debug_scope_id/深帧作用域句柄冲突	block	zr_debug_scope_id	编码帧与作用域的变量引用	按当前实现及调用方前提使用	zr_vm_lib_debug/src/zr_vm_lib_debug/debug.c:227;zr_vm_lib_debug/src/zr_vm_lib_debug/debug_snapshot.c:2863,3019;zr_vm_core/src/zr_vm_core/debug.c:286;zr_vm_core/src/zr_vm_core/call_info.c:38	BUG	第 100 层及更深 VM 帧生成 >=1000 的作用域 ID;ReadVariables 将其当作动态句柄拒绝;Core GetStack 无 99 层上限
zr_vm_lib_debug/src/zr_vm_lib_debug/debug.c	zr_debug_agent_register_thread_state/安装 trace observer	block	zr_debug_agent_register_thread_state	注册 VM 状态并安装 trace observer	按当前实现及调用方前提使用	zr_vm_lib_debug/src/zr_vm_lib_debug/debug.c:335;tests/debug;zr_vm_language_server_extension/src/debug/dapSession.ts	commented	跨层状态或资源约束需要在具体语句前说明
zr_vm_lib_debug/src/zr_vm_lib_debug/debug.c	zr_debug_agent_begin_thread_access/请求线程上下文切换	block	zr_debug_agent_begin_thread_access	在单个请求期间切换 agent 当前线程上下文	访问期间 agent->state 临时切换;必须成对恢复	zr_vm_lib_debug/src/zr_vm_lib_debug/debug.c:375;tests/debug;zr_vm_language_server_extension/src/debug/dapSession.ts	commented	跨层状态或资源约束需要在具体语句前说明
zr_vm_lib_debug/src/zr_vm_lib_debug/debug.c	zr_debug_data_breakpoint_copy_value_snapshot/非拥有值快照	block	zr_debug_data_breakpoint_copy_value_snapshot	保存无拥有权的上次值基线	只借用 VM 对象;上次值用于比较;执行于 trace 安全点	zr_vm_lib_debug/src/zr_vm_lib_debug/debug.c:403;tests/debug;zr_vm_language_server_extension/src/debug/dapSession.ts	commented	跨层状态或资源约束需要在具体语句前说明
zr_vm_lib_debug/src/zr_vm_lib_debug/debug.c	zr_debug_data_breakpoint_resolve_local/活跃变量序号	block	zr_debug_data_breakpoint_resolve_local	按当前帧与名称定位活跃局部变量	dataId 和目标帧须仍可解析;仅监视参数 局部变量及 upvalue	zr_vm_lib_debug/src/zr_vm_lib_debug/debug.c:533;tests/debug;zr_vm_language_server_extension/src/debug/dapSession.ts	commented	跨层状态或资源约束需要在具体语句前说明
zr_vm_lib_debug/src/zr_vm_lib_debug/debug.c	zr_debug_data_breakpoint_parse_id/dataId 往返	block	zr_debug_data_breakpoint_parse_id	解析客户端回传的数据断点标识	dataId 和目标帧须仍可解析;仅监视参数 局部变量及 upvalue	zr_vm_lib_debug/src/zr_vm_lib_debug/debug.c:651;tests/debug;zr_vm_language_server_extension/src/debug/dapSession.ts	commented	跨层状态或资源约束需要在具体语句前说明
zr_vm_lib_debug/src/zr_vm_lib_debug/debug.c	zr_debug_agent_add_data_breakpoint/初始比较基线	block	zr_debug_agent_add_data_breakpoint	验证 dataId 并安装写入监视基线	dataId 和目标帧须仍可解析;仅监视参数 局部变量及 upvalue	zr_vm_lib_debug/src/zr_vm_lib_debug/debug.c:859;tests/debug;zr_vm_language_server_extension/src/debug/dapSession.ts	commented	跨层状态或资源约束需要在具体语句前说明
zr_vm_lib_debug/src/zr_vm_lib_debug/debug.c	zr_debug_agent_check_data_breakpoints/目标失效时保留基线	block	zr_debug_agent_check_data_breakpoints	在 trace 安全点比较被监视值	只借用 VM 对象;上次值用于比较;执行于 trace 安全点	zr_vm_lib_debug/src/zr_vm_lib_debug/debug.c:903;tests/debug;zr_vm_language_server_extension/src/debug/dapSession.ts	commented	跨层状态或资源约束需要在具体语句前说明
zr_vm_lib_debug/src/zr_vm_lib_debug/debug.c	zr_debug_source_paths_equal/模块名退化匹配	block	zr_debug_source_paths_equal	匹配源码绝对路径或模块名	按当前实现及调用方前提使用	zr_vm_lib_debug/src/zr_vm_lib_debug/debug.c:1011;tests/debug;zr_vm_language_server_extension/src/debug/dapSession.ts	commented	跨层状态或资源约束需要在具体语句前说明
zr_vm_lib_debug/src/zr_vm_lib_debug/debug.c	zr_debug_resolve_breakpoint_recursive/子函数优先级	block	zr_debug_resolve_breakpoint_recursive	递归解析函数树中的断点	断点位置可能延迟到函数执行时解析;规格字符串需复制	zr_vm_lib_debug/src/zr_vm_lib_debug/debug.c:1148;tests/debug;zr_vm_language_server_extension/src/debug/dapSession.ts	commented	跨层状态或资源约束需要在具体语句前说明
zr_vm_lib_debug/src/zr_vm_lib_debug/debug.c	zr_debug_refine_line_breakpoint_with_constant_roots/常量函数根	block	zr_debug_refine_line_breakpoint_with_constant_roots	从常量表函数根改进行断点定位	断点位置可能延迟到函数执行时解析;规格字符串需复制	zr_vm_lib_debug/src/zr_vm_lib_debug/debug.c:1200;tests/debug;zr_vm_language_server_extension/src/debug/dapSession.ts	commented	跨层状态或资源约束需要在具体语句前说明
zr_vm_lib_debug/src/zr_vm_lib_debug/debug.c	zr_debug_agent_trace_observer/停止原因优先级	block	zr_debug_agent_trace_observer	VM trace 回调中轮询协议并选择停止原因	在 VM 执行线程处理协议;暂停循环阻塞直到继续或断线策略触发	zr_vm_lib_debug/src/zr_vm_lib_debug/debug.c:1518;tests/debug;zr_vm_language_server_extension/src/debug/dapSession.ts	commented	跨层状态或资源约束需要在具体语句前说明
zr_vm_lib_debug/src/zr_vm_lib_debug/debug.c	ZrDebug_AgentStart/TestManifest 生命周期	block	ZrDebug_AgentStart	为 CLI 执行创建监听器与调试 agent	entryFunction 和 state 在 agent 生命周期内有效;停止时卸载回调	zr_vm_lib_debug/src/zr_vm_lib_debug/debug.c:1597;tests/debug;zr_vm_language_server_extension/src/debug/dapSession.ts	commented	跨层状态或资源约束需要在具体语句前说明
zr_vm_lib_debug/src/zr_vm_lib_debug/debug.c	ZrDebug_AgentStop/先卸载回调	block	ZrDebug_AgentStop	卸载 VM 回调并释放 agent 资源	entryFunction 和 state 在 agent 生命周期内有效;停止时卸载回调	zr_vm_lib_debug/src/zr_vm_lib_debug/debug.c:1645;tests/debug;zr_vm_language_server_extension/src/debug/dapSession.ts	commented	跨层状态或资源约束需要在具体语句前说明
zr_vm_lib_debug/src/zr_vm_lib_debug/debug.c	zr_debug_replace_breakpoints_of_kind/替代数组提交	block	zr_debug_replace_breakpoints_of_kind	原子替换指定种类的断点集合	断点位置可能延迟到函数执行时解析;规格字符串需复制	zr_vm_lib_debug/src/zr_vm_lib_debug/debug.c:1803;tests/debug;zr_vm_language_server_extension/src/debug/dapSession.ts	commented	跨层状态或资源约束需要在具体语句前说明
zr_vm_lib_debug/src/zr_vm_lib_debug/debug.c	ZrDebug_Pause/跨线程暂停请求	block	ZrDebug_Pause	从外部线程提交暂停请求	变量句柄在恢复执行时失效;暂停请求经同步辅助函数传递	zr_vm_lib_debug/src/zr_vm_lib_debug/debug.c:1869;tests/debug;zr_vm_language_server_extension/src/debug/dapSession.ts	commented	跨层状态或资源约束需要在具体语句前说明
zr_vm_lib_debug/src/zr_vm_lib_debug/debug.c	zr_debug_begin_step/记录恢复点	block	zr_debug_begin_step	记录单步恢复点并切换运行模式	变量句柄在恢复执行时失效;暂停请求经同步辅助函数传递	zr_vm_lib_debug/src/zr_vm_lib_debug/debug.c:1883;tests/debug;zr_vm_language_server_extension/src/debug/dapSession.ts	commented	跨层状态或资源约束需要在具体语句前说明
zr_vm_lib_debug/src/zr_vm_lib_debug/debug_protocol.c	zr_debug_agent_send_event/事件参数所有权	block	zr_debug_agent_send_event	发送并接管事件参数对象	事件或响应参数由发送层接管;连接未初始化时可能跳过发送	zr_vm_lib_debug/src/zr_vm_lib_debug/debug_protocol.c:48;tests/debug;zr_vm_language_server_extension/src/debug/dapSession.ts	commented	跨层状态或资源约束需要在具体语句前说明
zr_vm_lib_debug/src/zr_vm_lib_debug/debug_protocol.c	zr_debug_agent_send_response/响应结果所有权	block	zr_debug_agent_send_response	发送并接管请求结果对象	事件或响应参数由发送层接管;连接未初始化时可能跳过发送	zr_vm_lib_debug/src/zr_vm_lib_debug/debug_protocol.c:74;tests/debug;zr_vm_language_server_extension/src/debug/dapSession.ts	commented	跨层状态或资源约束需要在具体语句前说明
zr_vm_lib_debug/src/zr_vm_lib_debug/debug_protocol.c	zr_debug_agent_fill_stop_event/暂停快照代号	block	zr_debug_agent_fill_stop_event	更新停止快照并使旧变量句柄失效	按当前实现及调用方前提使用	zr_vm_lib_debug/src/zr_vm_lib_debug/debug_protocol.c:232;tests/debug;zr_vm_language_server_extension/src/debug/dapSession.ts	commented	跨层状态或资源约束需要在具体语句前说明
zr_vm_lib_debug/src/zr_vm_lib_debug/debug_protocol.c	zr_debug_agent_process_initialize/握手事件顺序	block	zr_debug_agent_process_initialize	校验认证并公布 zrdbg 能力	由 zrdbg JSON 请求分派;请求树在分派后释放	zr_vm_lib_debug/src/zr_vm_lib_debug/debug_protocol.c:409;tests/debug;zr_vm_language_server_extension/src/debug/dapSession.ts	commented	跨层状态或资源约束需要在具体语句前说明
zr_vm_lib_debug/src/zr_vm_lib_debug/debug_protocol.c	zr_debug_agent_make_breakpoint_result_array/异类断点 JSON 泄漏	block	zr_debug_agent_make_breakpoint_result_array	生成指定断点种类的验证结果数组	成功返回新 cJSON 所有权;失败返回空值	zr_vm_lib_debug/src/zr_vm_lib_debug/debug_protocol.c:534;zr_vm_lib_debug/src/zr_vm_lib_debug/debug_protocol.c:546,591;tests/debug/test_debug_agent.c:1970,1996	BUG	行与函数断点并存的协议可达路径;对象创建后类型不符即 continue;没有加入结果树也没有释放
zr_vm_lib_debug/src/zr_vm_lib_debug/debug_protocol.c	zr_debug_agent_make_stack_trace_result/请求线程上下文	block	zr_debug_agent_make_stack_trace_result	读取指定线程的栈与帧参数	成功返回新 cJSON 所有权;失败返回空值	zr_vm_lib_debug/src/zr_vm_lib_debug/debug_protocol.c:911;tests/debug;zr_vm_language_server_extension/src/debug/dapSession.ts	commented	跨层状态或资源约束需要在具体语句前说明
zr_vm_lib_debug/src/zr_vm_lib_debug/debug_protocol.c	zr_debug_agent_process_message/认证前分派	block	zr_debug_agent_process_message	解析及分派 zrdbg JSON 请求	由 zrdbg JSON 请求分派;请求树在分派后释放	zr_vm_lib_debug/src/zr_vm_lib_debug/debug_protocol.c:1334;tests/debug;zr_vm_language_server_extension/src/debug/dapSession.ts	commented	跨层状态或资源约束需要在具体语句前说明
zr_vm_lib_debug/src/zr_vm_lib_debug/debug_protocol.c	zr_debug_agent_poll_messages/超时与断线区分	block	zr_debug_agent_poll_messages	接收一帧协议消息或等待连接	在 VM 执行线程处理协议;暂停循环阻塞直到继续或断线策略触发	zr_vm_lib_debug/src/zr_vm_lib_debug/debug_protocol.c:1400;tests/debug;zr_vm_language_server_extension/src/debug/dapSession.ts	commented	跨层状态或资源约束需要在具体语句前说明
zr_vm_lib_debug/src/zr_vm_lib_debug/debug_protocol.c	zr_debug_agent_pause_loop/断线恢复策略	block	zr_debug_agent_pause_loop	VM 执行线程暂停并服务调试请求	在 VM 执行线程处理协议;暂停循环阻塞直到继续或断线策略触发	zr_vm_lib_debug/src/zr_vm_lib_debug/debug_protocol.c:1427;tests/debug;zr_vm_language_server_extension/src/debug/dapSession.ts	commented	跨层状态或资源约束需要在具体语句前说明
zr_vm_lib_debug/src/zr_vm_lib_debug/debug_protocol.c	ZrDebug_NotifyTerminated/终止事件幂等	block	ZrDebug_NotifyTerminated	向已握手客户端发送一次终止事件	按当前实现及调用方前提使用	zr_vm_lib_debug/src/zr_vm_lib_debug/debug_protocol.c:1447;tests/debug;zr_vm_language_server_extension/src/debug/dapSession.ts	commented	跨层状态或资源约束需要在具体语句前说明
zr_vm_lib_debug/src/zr_vm_lib_debug/debug_eval.c	zr_debug_evaluate_failure_clear	function	zr_debug_evaluate_expression_with_capabilities; zr_debug_evaluate_failure_set; zr_debug_evaluate_with_policy	清空失败详情以便同一次请求重新写入	failure 可空	zr_vm_lib_debug/src/zr_vm_lib_debug/debug_eval.c:5; tests/debug/test_debug_expression_diagnostics.c; tests/debug/test_debug_evaluation_effect_policy_cases.h	no-comment	名称和局部控制流已明确单一职责；重复注释无额外信息
zr_vm_lib_debug/src/zr_vm_lib_debug/debug_eval.c	zr_debug_evaluate_failure_set	function	zr_debug_evaluate_expression_with_capabilities; zr_debug_formal_copy_diagnostic_failure; zr_debug_formal_evaluate_expression; zr_debug_formal_prepare_expression_with_failure; zr_debug_protocol_make_evaluate_result_detailed; zr_debug_evaluate_with_policy	设置失败种类、停止状态与稳定错误码	先清空旧字段；输出可空	zr_vm_lib_debug/src/zr_vm_lib_debug/debug_eval.c:11; tests/debug/test_debug_expression_diagnostics.c; tests/debug/test_debug_evaluation_effect_policy_cases.h	no-comment	名称和局部控制流已明确单一职责；重复注释无额外信息
zr_vm_lib_debug/src/zr_vm_lib_debug/debug_eval.c	zr_debug_eval_skip_ws	function	zr_debug_eval_match_char; zr_debug_eval_match_text; zr_debug_eval_parse_identifier; zr_debug_eval_parse_number; zr_debug_eval_parse_postfix; zr_debug_eval_parse_primary; zr_debug_eval_parse_string; zr_debug_evaluate_expression_with_capabilities	推进兼容解析器到下一个非空白字符	cursor 必须指向有效的零终止表达式	zr_vm_lib_debug/src/zr_vm_lib_debug/debug_eval.c:26; tests/debug/test_debug_expression_diagnostics.c; tests/debug/test_debug_evaluation_effect_policy_cases.h	no-comment	名称和局部控制流已明确单一职责；重复注释无额外信息
zr_vm_lib_debug/src/zr_vm_lib_debug/debug_eval.c	zr_debug_eval_match_char	function	zr_debug_eval_parse_expression; zr_debug_eval_parse_postfix; zr_debug_eval_parse_primary; zr_debug_eval_parse_unary	尝试消费单个期望字符	先跳过空白；不匹配不前进	zr_vm_lib_debug/src/zr_vm_lib_debug/debug_eval.c:33; tests/debug/test_debug_expression_diagnostics.c; tests/debug/test_debug_evaluation_effect_policy_cases.h	no-comment	名称和局部控制流已明确单一职责；重复注释无额外信息
zr_vm_lib_debug/src/zr_vm_lib_debug/debug_eval.c	zr_debug_eval_match_text	function	zr_debug_eval_parse_additive; zr_debug_eval_parse_equality; zr_debug_eval_parse_logical_and; zr_debug_eval_parse_logical_or; zr_debug_eval_parse_multiplicative; zr_debug_eval_parse_relational	尝试消费运算符文本	先跳过空白；调用方按较长运算符优先匹配	zr_vm_lib_debug/src/zr_vm_lib_debug/debug_eval.c:43; tests/debug/test_debug_expression_diagnostics.c; tests/debug/test_debug_evaluation_effect_policy_cases.h	no-comment	名称和局部控制流已明确单一职责；重复注释无额外信息
zr_vm_lib_debug/src/zr_vm_lib_debug/debug_eval.c	zr_debug_eval_peek_non_ws	function	zr_debug_eval_next_is_missing_alternate_boundary; zr_debug_eval_next_is_missing_consequent_boundary	不改动光标地观察下一个非空白字符	返回指针借用表达式存储	zr_vm_lib_debug/src/zr_vm_lib_debug/debug_eval.c:60; tests/debug/test_debug_expression_diagnostics.c; tests/debug/test_debug_evaluation_effect_policy_cases.h	no-comment	名称和局部控制流已明确单一职责；重复注释无额外信息
zr_vm_lib_debug/src/zr_vm_lib_debug/debug_eval.c	zr_debug_eval_next_is_missing_consequent_boundary	function	zr_debug_eval_parse_expression	判定条件表达式问号后的缺失边界	仅服务具体诊断	zr_vm_lib_debug/src/zr_vm_lib_debug/debug_eval.c:74; tests/debug/test_debug_expression_diagnostics.c; tests/debug/test_debug_evaluation_effect_policy_cases.h	no-comment	名称和局部控制流已明确单一职责；重复注释无额外信息
zr_vm_lib_debug/src/zr_vm_lib_debug/debug_eval.c	zr_debug_eval_next_is_missing_alternate_boundary	function	zr_debug_eval_parse_expression	判定冒号后的缺失边界	仅服务具体诊断	zr_vm_lib_debug/src/zr_vm_lib_debug/debug_eval.c:80; tests/debug/test_debug_expression_diagnostics.c; tests/debug/test_debug_evaluation_effect_policy_cases.h	no-comment	名称和局部控制流已明确单一职责；重复注释无额外信息
zr_vm_lib_debug/src/zr_vm_lib_debug/debug_eval.c	zr_debug_eval_is_ident_start	function	zr_debug_eval_is_ident_part; zr_debug_eval_parse_identifier	识别兼容语法的标识符首字符	ASCII 子集	zr_vm_lib_debug/src/zr_vm_lib_debug/debug_eval.c:86; tests/debug/test_debug_expression_diagnostics.c; tests/debug/test_debug_evaluation_effect_policy_cases.h	no-comment	名称和局部控制流已明确单一职责；重复注释无额外信息
zr_vm_lib_debug/src/zr_vm_lib_debug/debug_eval.c	zr_debug_eval_is_ident_part	function	zr_debug_eval_parse_identifier	识别兼容语法的标识符续字符	ASCII 子集	zr_vm_lib_debug/src/zr_vm_lib_debug/debug_eval.c:90; tests/debug/test_debug_expression_diagnostics.c; tests/debug/test_debug_evaluation_effect_policy_cases.h	no-comment	名称和局部控制流已明确单一职责；重复注释无额外信息
zr_vm_lib_debug/src/zr_vm_lib_debug/debug_eval.c	zr_debug_eval_parse_identifier	function	zr_debug_eval_parse_postfix; zr_debug_eval_parse_primary	消费标识符并写入有界名称缓冲区	光标消费全名；输出可能截断	zr_vm_lib_debug/src/zr_vm_lib_debug/debug_eval.c:94; tests/debug/test_debug_expression_diagnostics.c; tests/debug/test_debug_evaluation_effect_policy_cases.h	commented	紧邻声明或关键控制块说明跨层契约
zr_vm_lib_debug/src/zr_vm_lib_debug/debug_eval.c	zr_debug_eval_append_reference_suffix	function	zr_debug_eval_append_member_reference_suffix; zr_debug_eval_parse_postfix	给已有引用摘要追加后缀	无摘要时不追加；有界输出	zr_vm_lib_debug/src/zr_vm_lib_debug/debug_eval.c:120; tests/debug/test_debug_expression_diagnostics.c; tests/debug/test_debug_evaluation_effect_policy_cases.h	no-comment	名称和局部控制流已明确单一职责；重复注释无额外信息
zr_vm_lib_debug/src/zr_vm_lib_debug/debug_eval.c	zr_debug_eval_append_reference_summary	function	zr_debug_eval_parse_primary	添加变量的引用来源摘要	缓冲区由调用方持有；有界输出	zr_vm_lib_debug/src/zr_vm_lib_debug/debug_eval.c:140; tests/debug/test_debug_expression_diagnostics.c; tests/debug/test_debug_evaluation_effect_policy_cases.h	no-comment	名称和局部控制流已明确单一职责；重复注释无额外信息
zr_vm_lib_debug/src/zr_vm_lib_debug/debug_eval.c	zr_debug_eval_append_member_reference_suffix	function	zr_debug_eval_parse_postfix	把成员访问加入引用摘要	仅非空成员名	zr_vm_lib_debug/src/zr_vm_lib_debug/debug_eval.c:160; tests/debug/test_debug_expression_diagnostics.c; tests/debug/test_debug_evaluation_effect_policy_cases.h	no-comment	名称和局部控制流已明确单一职责；重复注释无额外信息
zr_vm_lib_debug/src/zr_vm_lib_debug/debug_eval.c	zr_debug_eval_is_integer_type	function	zr_debug_eval_to_number	判定运行时值类型是否为整数家族	只读取类型标签	zr_vm_lib_debug/src/zr_vm_lib_debug/debug_eval.c:172; tests/debug/test_debug_expression_diagnostics.c; tests/debug/test_debug_evaluation_effect_policy_cases.h	no-comment	名称和局部控制流已明确单一职责；重复注释无额外信息
zr_vm_lib_debug/src/zr_vm_lib_debug/debug_eval.c	zr_debug_eval_truthy	function	zr_debug_eval_parse_expression; zr_debug_eval_parse_logical_and; zr_debug_eval_parse_logical_or; zr_debug_eval_parse_unary	按兼容路径约定将值转为逻辑真值	用于短路和条件表达式	zr_vm_lib_debug/src/zr_vm_lib_debug/debug_eval.c:178; tests/debug/test_debug_expression_diagnostics.c; tests/debug/test_debug_evaluation_effect_policy_cases.h	no-comment	名称和局部控制流已明确单一职责；重复注释无额外信息
zr_vm_lib_debug/src/zr_vm_lib_debug/debug_eval.c	zr_debug_eval_to_number	function	zr_debug_eval_apply_numeric_binary; zr_debug_eval_equal_values; zr_debug_eval_parse_unary	将兼容值转换为计算用浮点数并标记整数来源	仅接受整数或浮点值	zr_vm_lib_debug/src/zr_vm_lib_debug/debug_eval.c:207; tests/debug/test_debug_expression_diagnostics.c; tests/debug/test_debug_evaluation_effect_policy_cases.h	no-comment	名称和局部控制流已明确单一职责；重复注释无额外信息
zr_vm_lib_debug/src/zr_vm_lib_debug/debug_eval.c	zr_debug_eval_assign_number	function	zr_debug_eval_apply_numeric_binary; zr_debug_eval_parse_number; zr_debug_eval_parse_unary	把计算结果写回 VM 数值	整数分支依赖结果可表示为 int64	zr_vm_lib_debug/src/zr_vm_lib_debug/debug_eval.c:238; tests/debug/test_debug_expression_diagnostics.c; tests/debug/test_debug_evaluation_effect_policy_cases.h	no-comment	名称和局部控制流已明确单一职责；重复注释无额外信息
zr_vm_lib_debug/src/zr_vm_lib_debug/debug_eval.c	zr_debug_eval_equal_values	function	zr_debug_eval_parse_equality	比较兼容路径的数值、布尔、空、字符串或对象身份	字符串对象须属于当前 VM 状态	zr_vm_lib_debug/src/zr_vm_lib_debug/debug_eval.c:250; tests/debug/test_debug_expression_diagnostics.c; tests/debug/test_debug_evaluation_effect_policy_cases.h	no-comment	名称和局部控制流已明确单一职责；重复注释无额外信息
zr_vm_lib_debug/src/zr_vm_lib_debug/debug_eval.c	zr_debug_eval_parse_string	function	zr_debug_eval_parse_primary	解析有限转义的双引号字面量并创建 VM 字符串	长度受 ZR_DEBUG_TEXT_CAPACITY 限制	zr_vm_lib_debug/src/zr_vm_lib_debug/debug_eval.c:294; tests/debug/test_debug_expression_diagnostics.c; tests/debug/test_debug_evaluation_effect_policy_cases.h	no-comment	名称和局部控制流已明确单一职责；重复注释无额外信息
zr_vm_lib_debug/src/zr_vm_lib_debug/debug_eval.c	zr_debug_eval_parse_number	function	zr_debug_eval_parse_primary	解析十进制整数字面量或小数	由兼容路径调用；以 double 累积	zr_vm_lib_debug/src/zr_vm_lib_debug/debug_eval.c:352; tests/debug/test_debug_expression_diagnostics.c; tests/debug/test_debug_evaluation_effect_policy_cases.h	no-comment	名称和局部控制流已明确单一职责；重复注释无额外信息
zr_vm_lib_debug/src/zr_vm_lib_debug/debug_eval.c	zr_debug_eval_parse_primary	function	zr_debug_eval_parse_postfix	解析分组、字面量或暂停帧标识符	短路分支仅验语法；禁止赋值和调用	zr_vm_lib_debug/src/zr_vm_lib_debug/debug_eval.c:388; tests/debug/test_debug_expression_diagnostics.c; tests/debug/test_debug_evaluation_effect_policy_cases.h	commented	紧邻声明或关键控制块说明跨层契约
zr_vm_lib_debug/src/zr_vm_lib_debug/debug_eval.c	zr_debug_eval_parse_postfix	function	zr_debug_eval_parse_unary	解析成员和索引后缀	读取由安全访问器执行；短路时不取值	zr_vm_lib_debug/src/zr_vm_lib_debug/debug_eval.c:467; tests/debug/test_debug_expression_diagnostics.c; tests/debug/test_debug_evaluation_effect_policy_cases.h	no-comment	名称和局部控制流已明确单一职责；重复注释无额外信息
zr_vm_lib_debug/src/zr_vm_lib_debug/debug_eval.c	zr_debug_eval_parse_unary	function	zr_debug_eval_parse_multiplicative	解析逻辑否定及数值负号	沿递归下降优先级传值	zr_vm_lib_debug/src/zr_vm_lib_debug/debug_eval.c:543; tests/debug/test_debug_expression_diagnostics.c; tests/debug/test_debug_evaluation_effect_policy_cases.h	no-comment	名称和局部控制流已明确单一职责；重复注释无额外信息
zr_vm_lib_debug/src/zr_vm_lib_debug/debug_eval.c	zr_debug_eval_apply_numeric_binary	function	zr_debug_eval_parse_additive; zr_debug_eval_parse_multiplicative; zr_debug_eval_parse_relational	执行兼容算术与数值比较并生成细化诊断	操作数必须为数值；除数非零	zr_vm_lib_debug/src/zr_vm_lib_debug/debug_eval.c:586; tests/debug/test_debug_expression_diagnostics.c; tests/debug/test_debug_evaluation_effect_policy_cases.h	no-comment	名称和局部控制流已明确单一职责；重复注释无额外信息
zr_vm_lib_debug/src/zr_vm_lib_debug/debug_eval.c	zr_debug_eval_parse_multiplicative	function	zr_debug_eval_parse_additive	解析乘除模运算优先级	右操作数失败交诊断包装器	zr_vm_lib_debug/src/zr_vm_lib_debug/debug_eval.c:643; tests/debug/test_debug_expression_diagnostics.c; tests/debug/test_debug_evaluation_effect_policy_cases.h	no-comment	名称和局部控制流已明确单一职责；重复注释无额外信息
zr_vm_lib_debug/src/zr_vm_lib_debug/debug_eval.c	zr_debug_eval_parse_additive	function	zr_debug_eval_parse_relational	解析加减运算优先级	右操作数失败交诊断包装器	zr_vm_lib_debug/src/zr_vm_lib_debug/debug_eval.c:700; tests/debug/test_debug_expression_diagnostics.c; tests/debug/test_debug_evaluation_effect_policy_cases.h	no-comment	名称和局部控制流已明确单一职责；重复注释无额外信息
zr_vm_lib_debug/src/zr_vm_lib_debug/debug_eval.c	zr_debug_eval_parse_relational	function	zr_debug_eval_parse_equality	解析大小比较运算优先级	先匹配双字符比较符	zr_vm_lib_debug/src/zr_vm_lib_debug/debug_eval.c:742; tests/debug/test_debug_expression_diagnostics.c; tests/debug/test_debug_evaluation_effect_policy_cases.h	no-comment	名称和局部控制流已明确单一职责；重复注释无额外信息
zr_vm_lib_debug/src/zr_vm_lib_debug/debug_eval.c	zr_debug_eval_parse_equality	function	zr_debug_eval_parse_logical_and	解析相等及不等运算优先级	结果由兼容值比较器产生	zr_vm_lib_debug/src/zr_vm_lib_debug/debug_eval.c:780; tests/debug/test_debug_expression_diagnostics.c; tests/debug/test_debug_evaluation_effect_policy_cases.h	no-comment	名称和局部控制流已明确单一职责；重复注释无额外信息
zr_vm_lib_debug/src/zr_vm_lib_debug/debug_eval.c	zr_debug_eval_parse_logical_and	function	zr_debug_eval_parse_logical_or	解析逻辑与并短路未选右侧	仍解析未选分支语法	zr_vm_lib_debug/src/zr_vm_lib_debug/debug_eval.c:818; tests/debug/test_debug_expression_diagnostics.c; tests/debug/test_debug_evaluation_effect_policy_cases.h	no-comment	名称和局部控制流已明确单一职责；重复注释无额外信息
zr_vm_lib_debug/src/zr_vm_lib_debug/debug_eval.c	zr_debug_eval_parse_logical_or	function	zr_debug_eval_parse_expression	解析逻辑或并短路未选右侧	仍解析未选分支语法	zr_vm_lib_debug/src/zr_vm_lib_debug/debug_eval.c:846; tests/debug/test_debug_expression_diagnostics.c; tests/debug/test_debug_evaluation_effect_policy_cases.h	no-comment	名称和局部控制流已明确单一职责；重复注释无额外信息
zr_vm_lib_debug/src/zr_vm_lib_debug/debug_eval.c	zr_debug_eval_parse_expression	function	zr_debug_eval_equal_values; zr_debug_eval_parse_postfix; zr_debug_eval_parse_primary; zr_debug_evaluate_expression_with_capabilities	解析条件运算及以下全部优先级	条件分支仅执行选中值	zr_vm_lib_debug/src/zr_vm_lib_debug/debug_eval.c:874; tests/debug/test_debug_expression_diagnostics.c; tests/debug/test_debug_evaluation_effect_policy_cases.h	no-comment	名称和局部控制流已明确单一职责；重复注释无额外信息
zr_vm_lib_debug/src/zr_vm_lib_debug/debug_eval.c	zr_debug_evaluate_expression_with_capabilities	function	zr_debug_evaluate_expression; zr_debug_evaluate_with_policy; zr_debug_breakpoint_condition_evaluate; zr_debug_breakpoint_logpoint_format	先尝试规范语义求值，再按授权进入兼容解析器	调用方决定能力位与兼容许可；输出初始化	zr_vm_lib_debug/src/zr_vm_lib_debug/debug_eval.c:932; tests/debug/test_debug_expression_diagnostics.c; tests/debug/test_debug_evaluation_effect_policy_cases.h	commented	紧邻声明或关键控制块说明跨层契约
zr_vm_lib_debug/src/zr_vm_lib_debug/debug_eval.c	zr_debug_evaluate_expression	function	zr_debug_try_evaluate_index_window	提供旧公开求值入口	无副作用能力；允许兼容路径	zr_vm_lib_debug/src/zr_vm_lib_debug/debug_eval.c:1055; tests/debug/test_debug_expression_diagnostics.c; tests/debug/test_debug_evaluation_effect_policy_cases.h	no-comment	名称和局部控制流已明确单一职责；重复注释无额外信息
zr_vm_lib_debug/src/zr_vm_lib_debug/debug_eval_diagnostics.c	zr_debug_eval_set_error	function	zr_debug_eval_apply_numeric_binary; zr_debug_eval_parse_equality; zr_debug_eval_parse_primary; zr_debug_eval_parse_string; zr_debug_eval_parse_unary; zr_debug_eval_refine_right_operand_error; zr_debug_eval_set_assignment_error; zr_debug_eval_set_division_by_zero_error; zr_debug_eval_set_function_call_error; zr_debug_eval_set_invalid_numeric_literal_error; zr_debug_eval_set_missing_conditional_alternate_error; zr_debug_eval_set_missing_conditional_consequent_error; zr_debug_eval_set_missing_conditional_separator_error; zr_debug_eval_set_missing_group_close_error; zr_debug_eval_set_missing_index_close_error; zr_debug_eval_set_missing_member_name_error; zr_debug_eval_set_modulo_operand_error; zr_debug_eval_set_numeric_operand_error; zr_debug_eval_set_unsupported_string_escape_error; zr_debug_eval_set_unterminated_string_error	向兼容解析器的错误缓冲区复制诊断	输出有界；parser 可空	zr_vm_lib_debug/src/zr_vm_lib_debug/debug_eval_diagnostics.c:5; tests/debug/test_debug_expression_diagnostics.c	no-comment	名称和局部控制流已明确单一职责；重复注释无额外信息
zr_vm_lib_debug/src/zr_vm_lib_debug/debug_eval_diagnostics.c	zr_debug_eval_value_type_name	function	zr_debug_eval_parse_unary; zr_debug_eval_set_modulo_operand_error; zr_debug_eval_set_numeric_operand_error	将值类型转换为诊断名称	空值指针退回通用名称	zr_vm_lib_debug/src/zr_vm_lib_debug/debug_eval_diagnostics.c:14; tests/debug/test_debug_expression_diagnostics.c	no-comment	名称和局部控制流已明确单一职责；重复注释无额外信息
zr_vm_lib_debug/src/zr_vm_lib_debug/debug_eval_diagnostics.c	zr_debug_eval_set_numeric_operand_error	function	zr_debug_eval_apply_numeric_binary	生成数值运算符类型错误	诊断不覆盖程序状态	zr_vm_lib_debug/src/zr_vm_lib_debug/debug_eval_diagnostics.c:22; tests/debug/test_debug_expression_diagnostics.c	no-comment	名称和局部控制流已明确单一职责；重复注释无额外信息
zr_vm_lib_debug/src/zr_vm_lib_debug/debug_eval_diagnostics.c	zr_debug_eval_set_division_by_zero_error	function	zr_debug_eval_apply_numeric_binary	生成除零诊断	兼容数值运算触发	zr_vm_lib_debug/src/zr_vm_lib_debug/debug_eval_diagnostics.c:45; tests/debug/test_debug_expression_diagnostics.c	no-comment	名称和局部控制流已明确单一职责；重复注释无额外信息
zr_vm_lib_debug/src/zr_vm_lib_debug/debug_eval_diagnostics.c	zr_debug_eval_set_missing_member_name_error	function	zr_debug_eval_parse_postfix	生成成员名缺失诊断	兼容后缀解析触发	zr_vm_lib_debug/src/zr_vm_lib_debug/debug_eval_diagnostics.c:62; tests/debug/test_debug_expression_diagnostics.c	no-comment	名称和局部控制流已明确单一职责；重复注释无额外信息
zr_vm_lib_debug/src/zr_vm_lib_debug/debug_eval_diagnostics.c	zr_debug_eval_set_missing_index_close_error	function	zr_debug_eval_parse_postfix	生成索引右括号缺失诊断	兼容后缀解析触发	zr_vm_lib_debug/src/zr_vm_lib_debug/debug_eval_diagnostics.c:73; tests/debug/test_debug_expression_diagnostics.c	no-comment	名称和局部控制流已明确单一职责；重复注释无额外信息
zr_vm_lib_debug/src/zr_vm_lib_debug/debug_eval_diagnostics.c	zr_debug_eval_set_missing_group_close_error	function	zr_debug_eval_parse_primary	生成分组右括号缺失诊断	兼容主项解析触发	zr_vm_lib_debug/src/zr_vm_lib_debug/debug_eval_diagnostics.c:85; tests/debug/test_debug_expression_diagnostics.c	no-comment	名称和局部控制流已明确单一职责；重复注释无额外信息
zr_vm_lib_debug/src/zr_vm_lib_debug/debug_eval_diagnostics.c	zr_debug_eval_set_missing_conditional_separator_error	function	zr_debug_eval_parse_expression	生成条件冒号缺失诊断	兼容条件解析触发	zr_vm_lib_debug/src/zr_vm_lib_debug/debug_eval_diagnostics.c:97; tests/debug/test_debug_expression_diagnostics.c	no-comment	名称和局部控制流已明确单一职责；重复注释无额外信息
zr_vm_lib_debug/src/zr_vm_lib_debug/debug_eval_diagnostics.c	zr_debug_eval_set_missing_conditional_consequent_error	function	zr_debug_eval_parse_expression	生成问号后结果表达式缺失诊断	兼容条件解析触发	zr_vm_lib_debug/src/zr_vm_lib_debug/debug_eval_diagnostics.c:109; tests/debug/test_debug_expression_diagnostics.c	no-comment	名称和局部控制流已明确单一职责；重复注释无额外信息
zr_vm_lib_debug/src/zr_vm_lib_debug/debug_eval_diagnostics.c	zr_debug_eval_set_missing_conditional_alternate_error	function	zr_debug_eval_parse_expression	生成冒号后结果表达式缺失诊断	兼容条件解析触发	zr_vm_lib_debug/src/zr_vm_lib_debug/debug_eval_diagnostics.c:121; tests/debug/test_debug_expression_diagnostics.c	no-comment	名称和局部控制流已明确单一职责；重复注释无额外信息
zr_vm_lib_debug/src/zr_vm_lib_debug/debug_eval_diagnostics.c	zr_debug_eval_set_unterminated_string_error	function	zr_debug_eval_parse_string	生成字符串未闭合诊断	兼容字符串解析触发	zr_vm_lib_debug/src/zr_vm_lib_debug/debug_eval_diagnostics.c:133; tests/debug/test_debug_expression_diagnostics.c	no-comment	名称和局部控制流已明确单一职责；重复注释无额外信息
zr_vm_lib_debug/src/zr_vm_lib_debug/debug_eval_diagnostics.c	zr_debug_eval_set_unsupported_string_escape_error	function	zr_debug_eval_parse_string	生成不受支持转义诊断	兼容字符串解析触发	zr_vm_lib_debug/src/zr_vm_lib_debug/debug_eval_diagnostics.c:145; tests/debug/test_debug_expression_diagnostics.c	no-comment	名称和局部控制流已明确单一职责；重复注释无额外信息
zr_vm_lib_debug/src/zr_vm_lib_debug/debug_eval_diagnostics.c	zr_debug_eval_set_invalid_numeric_literal_error	function	zr_debug_eval_parse_number	生成多小数点字面量诊断	兼容数值解析触发	zr_vm_lib_debug/src/zr_vm_lib_debug/debug_eval_diagnostics.c:161; tests/debug/test_debug_expression_diagnostics.c	no-comment	名称和局部控制流已明确单一职责；重复注释无额外信息
zr_vm_lib_debug/src/zr_vm_lib_debug/debug_eval_diagnostics.c	zr_debug_eval_set_function_call_error	function	zr_debug_eval_parse_postfix; zr_debug_eval_parse_primary	拒绝兼容路径中的函数调用	避免执行任意用户代码	zr_vm_lib_debug/src/zr_vm_lib_debug/debug_eval_diagnostics.c:172; tests/debug/test_debug_expression_diagnostics.c	no-comment	名称和局部控制流已明确单一职责；重复注释无额外信息
zr_vm_lib_debug/src/zr_vm_lib_debug/debug_eval_diagnostics.c	zr_debug_eval_set_assignment_error	function	zr_debug_eval_parse_primary; zr_debug_evaluate_expression_with_capabilities	拒绝兼容路径中的赋值	调试求值保持只读	zr_vm_lib_debug/src/zr_vm_lib_debug/debug_eval_diagnostics.c:184; tests/debug/test_debug_expression_diagnostics.c	no-comment	名称和局部控制流已明确单一职责；重复注释无额外信息
zr_vm_lib_debug/src/zr_vm_lib_debug/debug_eval_diagnostics.c	zr_debug_eval_cursor_starts_assignment	function	zr_debug_eval_parse_primary; zr_debug_evaluate_expression_with_capabilities	识别单等号赋值而排除双等号	仅供兼容语法保护	zr_vm_lib_debug/src/zr_vm_lib_debug/debug_eval_diagnostics.c:196; tests/debug/test_debug_expression_diagnostics.c	no-comment	名称和局部控制流已明确单一职责；重复注释无额外信息
zr_vm_lib_debug/src/zr_vm_lib_debug/debug_eval_diagnostics.c	zr_debug_eval_set_modulo_operand_error	function	zr_debug_eval_apply_numeric_binary	生成模运算类型或零除数诊断	只在校验失败时使用	zr_vm_lib_debug/src/zr_vm_lib_debug/debug_eval_diagnostics.c:211; tests/debug/test_debug_expression_diagnostics.c	no-comment	名称和局部控制流已明确单一职责；重复注释无额外信息
zr_vm_lib_debug/src/zr_vm_lib_debug/debug_eval_diagnostics.c	zr_debug_eval_error_is_expected_expression	function	zr_debug_eval_refine_right_operand_error	识别可被更具体错误替代的通用诊断	不改动缓冲区	zr_vm_lib_debug/src/zr_vm_lib_debug/debug_eval_diagnostics.c:236; tests/debug/test_debug_expression_diagnostics.c	no-comment	名称和局部控制流已明确单一职责；重复注释无额外信息
zr_vm_lib_debug/src/zr_vm_lib_debug/debug_eval_diagnostics.c	zr_debug_eval_cursor_is_missing_expression_boundary	function	zr_debug_eval_refine_right_operand_error	判断右操作数在结束或闭括号处缺失	不改动光标	zr_vm_lib_debug/src/zr_vm_lib_debug/debug_eval_diagnostics.c:242; tests/debug/test_debug_expression_diagnostics.c	no-comment	名称和局部控制流已明确单一职责；重复注释无额外信息
zr_vm_lib_debug/src/zr_vm_lib_debug/debug_eval_diagnostics.c	zr_debug_eval_refine_right_operand_error	function	zr_debug_eval_parse_right_operand	将通用右操作数错误细分为缺失或非法起点	保留已有更具体诊断	zr_vm_lib_debug/src/zr_vm_lib_debug/debug_eval_diagnostics.c:257; tests/debug/test_debug_expression_diagnostics.c	commented	紧邻声明或关键控制块说明跨层契约
zr_vm_lib_debug/src/zr_vm_lib_debug/debug_eval_diagnostics.c	zr_debug_eval_parse_right_operand	function	zr_debug_eval_parse_additive; zr_debug_eval_parse_equality; zr_debug_eval_parse_multiplicative; zr_debug_eval_parse_relational; zr_debug_eval_parse_right_operand_with_skip	调用指定优先级解析器并补充右操作数错误	回调可空；失败不抹去既有诊断	zr_vm_lib_debug/src/zr_vm_lib_debug/debug_eval_diagnostics.c:286; tests/debug/test_debug_expression_diagnostics.c	no-comment	名称和局部控制流已明确单一职责；重复注释无额外信息
zr_vm_lib_debug/src/zr_vm_lib_debug/debug_eval_diagnostics.c	zr_debug_eval_parse_right_operand_with_skip	function	zr_debug_eval_parse_expression; zr_debug_eval_parse_logical_and; zr_debug_eval_parse_logical_or	临时设置短路模式解析右操作数	返回前恢复 skip_evaluation	zr_vm_lib_debug/src/zr_vm_lib_debug/debug_eval_diagnostics.c:298; tests/debug/test_debug_expression_diagnostics.c	commented	紧邻声明或关键控制块说明跨层契约
zr_vm_lib_debug/src/zr_vm_lib_debug/debug_formal_evaluation.c	zr_debug_formal_is_reference_free_value_expression	function	zr_debug_formal_evaluate_expression	识别无暂停帧引用的值表达式	规范事实缺失时只放行该受限 AST	zr_vm_lib_debug/src/zr_vm_lib_debug/debug_formal_evaluation.c:17; tests/debug/test_debug_evaluation_effect_policy_cases.h; tests/debug/test_debug_canonical_binding_cases.h	no-comment	名称和局部控制流已明确单一职责；重复注释无额外信息
zr_vm_lib_debug/src/zr_vm_lib_debug/debug_formal_evaluation.c	zr_debug_formal_allows_legacy_live_scope_compatibility	function	zr_debug_formal_evaluate_expression	判定语义事实缺口能否交旧活动作用域解析器	仅已解析读取或成员访问	zr_vm_lib_debug/src/zr_vm_lib_debug/debug_formal_evaluation.c:62; tests/debug/test_debug_evaluation_effect_policy_cases.h; tests/debug/test_debug_canonical_binding_cases.h	commented	紧邻声明或关键控制块说明跨层契约
zr_vm_lib_debug/src/zr_vm_lib_debug/debug_formal_evaluation.c	zr_debug_formal_diagnostic_text	function	zr_debug_formal_copy_diagnostic_failure	安全取得结构化诊断字符串	空字符串对象返回空文本	zr_vm_lib_debug/src/zr_vm_lib_debug/debug_formal_evaluation.c:101; tests/debug/test_debug_evaluation_effect_policy_cases.h; tests/debug/test_debug_canonical_binding_cases.h	no-comment	名称和局部控制流已明确单一职责；重复注释无额外信息
zr_vm_lib_debug/src/zr_vm_lib_debug/debug_formal_evaluation.c	zr_debug_formal_capture_parser_diagnostic	function	parserState.structuredErrorCallback	解析回调保存最新结构化诊断	复制后由上下文释放	zr_vm_lib_debug/src/zr_vm_lib_debug/debug_formal_evaluation.c:105; tests/debug/test_debug_evaluation_effect_policy_cases.h; tests/debug/test_debug_canonical_binding_cases.h	no-comment	名称和局部控制流已明确单一职责；重复注释无额外信息
zr_vm_lib_debug/src/zr_vm_lib_debug/debug_formal_evaluation.c	zr_debug_formal_copy_diagnostic_failure	function	zr_debug_formal_evaluate_expression; zr_debug_formal_prepare_expression_with_failure	把解析或语义诊断转成调试失败详情	包含范围、原因与建议	zr_vm_lib_debug/src/zr_vm_lib_debug/debug_formal_evaluation.c:127; tests/debug/test_debug_evaluation_effect_policy_cases.h; tests/debug/test_debug_canonical_binding_cases.h	no-comment	名称和局部控制流已明确单一职责；重复注释无额外信息
zr_vm_lib_debug/src/zr_vm_lib_debug/debug_formal_evaluation.c	zr_debug_formal_free_prepared_expression	function	ZrDebug_ClassifyEvaluationEffect; zr_debug_formal_evaluate_expression; zr_debug_formal_prepare_expression_with_failure	按依赖顺序释放正式解析上下文	允许部分初始化；释放后清零	zr_vm_lib_debug/src/zr_vm_lib_debug/debug_formal_evaluation.c:151; tests/debug/test_debug_evaluation_effect_policy_cases.h; tests/debug/test_debug_canonical_binding_cases.h	commented	紧邻声明或关键控制块说明跨层契约
zr_vm_lib_debug/src/zr_vm_lib_debug/debug_formal_evaluation.c	zr_debug_formal_prepare_expression_with_failure	function	zr_debug_formal_evaluate_expression; zr_debug_formal_prepare_expression	解析完整语言表达式并注册暂停帧语义绑定	成功不保证规范事实；调用方负责释放	zr_vm_lib_debug/src/zr_vm_lib_debug/debug_formal_evaluation.c:174; tests/debug/test_debug_evaluation_effect_policy_cases.h; tests/debug/test_debug_canonical_binding_cases.h	commented	紧邻声明或关键控制块说明跨层契约
zr_vm_lib_debug/src/zr_vm_lib_debug/debug_formal_evaluation.c	zr_debug_formal_prepare_expression	function	ZrDebug_ClassifyEvaluationEffect	为副作用分类准备表达式上下文	失败详情可省略；成功后须释放	zr_vm_lib_debug/src/zr_vm_lib_debug/debug_formal_evaluation.c:269; tests/debug/test_debug_evaluation_effect_policy_cases.h; tests/debug/test_debug_canonical_binding_cases.h	commented	紧邻声明或关键控制块说明跨层契约
zr_vm_lib_debug/src/zr_vm_lib_debug/debug_formal_evaluation.c	zr_debug_formal_evaluate_expression	function	zr_debug_evaluate_expression_with_capabilities	先检查语义与副作用，再执行支持的 AST 子集	区分失败、未处理与成功；兼容权由外层决定	zr_vm_lib_debug/src/zr_vm_lib_debug/debug_formal_evaluation.c:284; tests/debug/test_debug_evaluation_effect_policy_cases.h; tests/debug/test_debug_canonical_binding_cases.h	commented	紧邻声明或关键控制块说明跨层契约
zr_vm_lib_debug/src/zr_vm_lib_debug/debug_formal_evaluation_execute.c	zr_debug_formal_value_is_integer	function	zr_debug_formal_evaluate_node; zr_debug_formal_value_as_number; zr_debug_formal_value_is_number	识别 VM 整数类型家族	空指针为假	zr_vm_lib_debug/src/zr_vm_lib_debug/debug_formal_evaluation_execute.c:3; tests/debug/test_debug_formal_evaluation_cases.h; tests/debug/test_debug_canonical_binding_cases.h	no-comment	名称和局部控制流已明确单一职责；重复注释无额外信息
zr_vm_lib_debug/src/zr_vm_lib_debug/debug_formal_evaluation_execute.c	zr_debug_formal_value_is_boolean	function	zr_debug_formal_evaluate_node	识别 VM 布尔值	空指针为假	zr_vm_lib_debug/src/zr_vm_lib_debug/debug_formal_evaluation_execute.c:17; tests/debug/test_debug_formal_evaluation_cases.h; tests/debug/test_debug_canonical_binding_cases.h	no-comment	名称和局部控制流已明确单一职责；重复注释无额外信息
zr_vm_lib_debug/src/zr_vm_lib_debug/debug_formal_evaluation_execute.c	zr_debug_formal_value_is_number	function	zr_debug_formal_evaluate_node	识别 VM 数值类型	整数或浮点	zr_vm_lib_debug/src/zr_vm_lib_debug/debug_formal_evaluation_execute.c:21; tests/debug/test_debug_formal_evaluation_cases.h; tests/debug/test_debug_canonical_binding_cases.h	no-comment	名称和局部控制流已明确单一职责；重复注释无额外信息
zr_vm_lib_debug/src/zr_vm_lib_debug/debug_formal_evaluation_execute.c	zr_debug_formal_value_as_number	function	zr_debug_formal_evaluate_node	把已确认的数值转为 double 以比较或计算	调用前须确认数值类型	zr_vm_lib_debug/src/zr_vm_lib_debug/debug_formal_evaluation_execute.c:27; tests/debug/test_debug_formal_evaluation_cases.h; tests/debug/test_debug_canonical_binding_cases.h	no-comment	名称和局部控制流已明确单一职责；重复注释无额外信息
zr_vm_lib_debug/src/zr_vm_lib_debug/debug_formal_evaluation_execute.c	zr_debug_formal_integer_add_overflows	function	zr_debug_formal_evaluate_node	预检 int64 加法是否溢出	执行加法前调用	zr_vm_lib_debug/src/zr_vm_lib_debug/debug_formal_evaluation_execute.c:34; tests/debug/test_debug_formal_evaluation_cases.h; tests/debug/test_debug_canonical_binding_cases.h	no-comment	名称和局部控制流已明确单一职责；重复注释无额外信息
zr_vm_lib_debug/src/zr_vm_lib_debug/debug_formal_evaluation_execute.c	zr_debug_formal_integer_subtract_overflows	function	zr_debug_formal_evaluate_node	预检 int64 减法是否溢出	执行减法前调用	zr_vm_lib_debug/src/zr_vm_lib_debug/debug_formal_evaluation_execute.c:39; tests/debug/test_debug_formal_evaluation_cases.h; tests/debug/test_debug_canonical_binding_cases.h	no-comment	名称和局部控制流已明确单一职责；重复注释无额外信息
zr_vm_lib_debug/src/zr_vm_lib_debug/debug_formal_evaluation_execute.c	zr_debug_formal_integer_multiply_overflows	function	zr_debug_formal_evaluate_node	预检 int64 乘法是否溢出	特殊处理 INT64_MIN 与负一	zr_vm_lib_debug/src/zr_vm_lib_debug/debug_formal_evaluation_execute.c:44; tests/debug/test_debug_formal_evaluation_cases.h; tests/debug/test_debug_canonical_binding_cases.h	no-comment	名称和局部控制流已明确单一职责；重复注释无额外信息
zr_vm_lib_debug/src/zr_vm_lib_debug/debug_formal_evaluation_execute.c	zr_debug_formal_read_frame_binding	function	zr_debug_formal_read_reference_value	通过规范身份读取暂停帧局部变量栈槽	symbol/type/place 三重匹配	zr_vm_lib_debug/src/zr_vm_lib_debug/debug_formal_evaluation_execute.c:64; tests/debug/test_debug_formal_evaluation_cases.h; tests/debug/test_debug_canonical_binding_cases.h	commented	紧邻声明或关键控制块说明跨层契约
zr_vm_lib_debug/src/zr_vm_lib_debug/debug_formal_evaluation_execute.c	zr_debug_formal_read_runtime_root	function	zr_debug_formal_read_reference_value	按语义 token 解析运行时 zr 根对象	只接受 runtime-root 来源	zr_vm_lib_debug/src/zr_vm_lib_debug/debug_formal_evaluation_execute.c:118; tests/debug/test_debug_formal_evaluation_cases.h; tests/debug/test_debug_canonical_binding_cases.h	no-comment	名称和局部控制流已明确单一职责；重复注释无额外信息
zr_vm_lib_debug/src/zr_vm_lib_debug/debug_formal_evaluation_execute.c	zr_debug_formal_read_closure_capture	function	zr_debug_formal_read_reference_value	核对来源、token 与范围后读取闭包捕获	上下文须对应当前暂停函数	zr_vm_lib_debug/src/zr_vm_lib_debug/debug_formal_evaluation_execute.c:154; tests/debug/test_debug_formal_evaluation_cases.h; tests/debug/test_debug_canonical_binding_cases.h	commented	紧邻声明或关键控制块说明跨层契约
zr_vm_lib_debug/src/zr_vm_lib_debug/debug_formal_evaluation_execute.c	zr_debug_formal_read_reference_value	function	zr_debug_formal_evaluate_node; zr_debug_formal_has_paused_array_index_facts	按语义来源分派局部、运行时根与闭包读取	不解析未知来源	zr_vm_lib_debug/src/zr_vm_lib_debug/debug_formal_evaluation_execute.c:207; tests/debug/test_debug_formal_evaluation_cases.h; tests/debug/test_debug_canonical_binding_cases.h	no-comment	名称和局部控制流已明确单一职责；重复注释无额外信息
zr_vm_lib_debug/src/zr_vm_lib_debug/debug_formal_evaluation_execute.c	zr_debug_formal_has_paused_array_index_facts	function	zr_debug_formal_prepare_expression_with_failure	识别可由暂停数组实值验证的索引表达式	只接受整数字面量索引链	zr_vm_lib_debug/src/zr_vm_lib_debug/debug_formal_evaluation_execute.c:228; tests/debug/test_debug_formal_evaluation_cases.h; tests/debug/test_debug_canonical_binding_cases.h	commented	紧邻声明或关键控制块说明跨层契约
zr_vm_lib_debug/src/zr_vm_lib_debug/debug_formal_evaluation_execute.c	zr_debug_formal_evaluate_array_literal	function	zr_debug_formal_evaluate_node	在获授权时构造数组并逐个求值元素	元素不支持则回传未处理	zr_vm_lib_debug/src/zr_vm_lib_debug/debug_formal_evaluation_execute.c:279; tests/debug/test_debug_formal_evaluation_cases.h; tests/debug/test_debug_canonical_binding_cases.h	commented	紧邻声明或关键控制块说明跨层契约
zr_vm_lib_debug/src/zr_vm_lib_debug/debug_formal_evaluation_execute.c	zr_debug_formal_evaluate_node	function	zr_debug_formal_evaluate_array_literal; zr_debug_formal_evaluate_expression	递归执行受支持的正式 AST 节点	true 与 outSupported 分别代表执行成功和覆盖情况	zr_vm_lib_debug/src/zr_vm_lib_debug/debug_formal_evaluation_execute.c:347; tests/debug/test_debug_formal_evaluation_cases.h; tests/debug/test_debug_canonical_binding_cases.h	commented	紧邻声明或关键控制块说明跨层契约
zr_vm_lib_debug/src/zr_vm_lib_debug/debug_evaluation_effect.c	zr_debug_evaluation_effect_range_contains	function	zr_debug_evaluation_effect_has_unresolved_reference	判断语义事实范围是否位于表达式内	先核对源文件再比较位置	zr_vm_lib_debug/src/zr_vm_lib_debug/debug_evaluation_effect.c:9; tests/debug/test_debug_evaluation_effect_policy_cases.h	no-comment	名称和局部控制流已明确单一职责；重复注释无额外信息
zr_vm_lib_debug/src/zr_vm_lib_debug/debug_evaluation_effect.c	zr_debug_evaluation_effect_has_unresolved_reference	function	zr_debug_evaluation_effect_has_canonical_facts	扫描表达式范围内未解析引用	事实数组有效时才遍历	zr_vm_lib_debug/src/zr_vm_lib_debug/debug_evaluation_effect.c:31; tests/debug/test_debug_evaluation_effect_policy_cases.h	no-comment	名称和局部控制流已明确单一职责；重复注释无额外信息
zr_vm_lib_debug/src/zr_vm_lib_debug/debug_evaluation_effect.c	zr_debug_evaluation_effect_identifier_is_resolved	function	zr_debug_evaluation_effect_identifiers_are_resolved	确认标识符的符号和类型均已解析	节点身份必须一致	zr_vm_lib_debug/src/zr_vm_lib_debug/debug_evaluation_effect.c:52; tests/debug/test_debug_evaluation_effect_policy_cases.h	no-comment	名称和局部控制流已明确单一职责；重复注释无额外信息
zr_vm_lib_debug/src/zr_vm_lib_debug/debug_evaluation_effect.c	zr_debug_evaluation_effect_identifiers_are_resolved	function	zr_debug_evaluation_effect_has_canonical_facts	递归验证 AST 中所有标识符的解析事实	覆盖函数参数、成员、索引与运算子树	zr_vm_lib_debug/src/zr_vm_lib_debug/debug_evaluation_effect.c:74; tests/debug/test_debug_evaluation_effect_policy_cases.h	no-comment	名称和局部控制流已明确单一职责；重复注释无额外信息
zr_vm_lib_debug/src/zr_vm_lib_debug/debug_evaluation_effect.c	zr_debug_evaluation_effect_classify_structure	function	ZrDebug_ClassifyEvaluationEffect; zr_debug_formal_evaluate_expression	从 AST 结构收集调用、分配与写入等能力位	递归覆盖整棵表达式	zr_vm_lib_debug/src/zr_vm_lib_debug/debug_evaluation_effect.c:223; tests/debug/test_debug_evaluation_effect_policy_cases.h	no-comment	名称和局部控制流已明确单一职责；重复注释无额外信息
zr_vm_lib_debug/src/zr_vm_lib_debug/debug_evaluation_effect.c	zr_debug_evaluation_effect_has_canonical_facts	function	zr_debug_formal_prepare_expression_with_failure	确认根事实精确且引用完整	缺少事实时不得声明纯表达式	zr_vm_lib_debug/src/zr_vm_lib_debug/debug_evaluation_effect.c:329; tests/debug/test_debug_evaluation_effect_policy_cases.h	commented	紧邻声明或关键控制块说明跨层契约
zr_vm_lib_debug/src/zr_vm_lib_debug/debug_evaluation_effect.c	zr_debug_evaluation_effect_classify_resolved_ownership	function	zr_debug_evaluation_effect_classify_resolved_properties	从所有权事实追加 owner mutation 能力位	只处理非违规事实	zr_vm_lib_debug/src/zr_vm_lib_debug/debug_evaluation_effect.c:342; tests/debug/test_debug_evaluation_effect_policy_cases.h	no-comment	名称和局部控制流已明确单一职责；重复注释无额外信息
zr_vm_lib_debug/src/zr_vm_lib_debug/debug_evaluation_effect.c	zr_debug_evaluation_effect_classify_resolved_properties	function	ZrDebug_ClassifyEvaluationEffect; zr_debug_formal_evaluate_expression	从解析事实追加 getter 与所有权能力位	只在规范事实可用时被外层调用	zr_vm_lib_debug/src/zr_vm_lib_debug/debug_evaluation_effect.c:358; tests/debug/test_debug_evaluation_effect_policy_cases.h	commented	紧邻声明或关键控制块说明跨层契约
zr_vm_lib_debug/src/zr_vm_lib_debug/debug_evaluation_effect.c	ZrDebug_ClassifyEvaluationEffect	function	tests/debug 的副作用策略与规范绑定用例	向外部调试调用方返回表达式副作用策略	isPure 要求规范事实且无能力位	zr_vm_lib_debug/src/zr_vm_lib_debug/debug_evaluation_effect.c:506; tests/debug/test_debug_evaluation_effect_policy_cases.h	commented	紧邻声明或关键控制块说明跨层契约
zr_vm_lib_debug/src/zr_vm_lib_debug/debug_evaluation_effect.c	ZrDebug_EvaluationEffectPolicy_Allows	function	tests/debug/test_debug_evaluation_effect_policy_cases.h	判断策略的能力位是否被调用方许可	无规范事实一律拒绝	zr_vm_lib_debug/src/zr_vm_lib_debug/debug_evaluation_effect.c:550; tests/debug/test_debug_evaluation_effect_policy_cases.h	no-comment	名称和局部控制流已明确单一职责；重复注释无额外信息
zr_vm_lib_debug/src/zr_vm_lib_debug/debug_protocol_evaluate.c	zr_debug_protocol_evaluate_failure_kind_name	function	zr_debug_protocol_make_evaluate_failure_data	将内部失败枚举映射到协议字符串	未知种类回退 none	zr_vm_lib_debug/src/zr_vm_lib_debug/debug_protocol_evaluate.c:3; tests/debug/test_debug_evaluate_result_transport_cases.h; tests/debug/test_debug_evaluate_failure_transport_cases.h	no-comment	名称和局部控制流已明确单一职责；重复注释无额外信息
zr_vm_lib_debug/src/zr_vm_lib_debug/debug_protocol_evaluate.c	zr_debug_protocol_make_evaluate_failure_data	function	zr_debug_agent_process_evaluate; test_debug_evaluate_failure_preserves_structured_diagnostic	生成 error.data 的结构化 JSON	无失败返回空；结果归调用方	zr_vm_lib_debug/src/zr_vm_lib_debug/debug_protocol_evaluate.c:25; tests/debug/test_debug_evaluate_result_transport_cases.h; tests/debug/test_debug_evaluate_failure_transport_cases.h	commented	紧邻声明或关键控制块说明跨层契约
zr_vm_lib_debug/src/zr_vm_lib_debug/debug_protocol_evaluate.c	zr_debug_protocol_evaluate_allowed_effect_flags	function	zr_debug_agent_process_evaluate	按协议 context 映射求值能力位	未知上下文默认无能力	zr_vm_lib_debug/src/zr_vm_lib_debug/debug_protocol_evaluate.c:55; tests/debug/test_debug_evaluate_result_transport_cases.h; tests/debug/test_debug_evaluate_failure_transport_cases.h	commented	紧邻声明或关键控制块说明跨层契约
zr_vm_lib_debug/src/zr_vm_lib_debug/debug_protocol_evaluate.c	zr_debug_protocol_make_evaluate_result_detailed	function	zr_debug_protocol_make_evaluate_result; zr_debug_agent_process_evaluate	切换线程求值并组装 evaluate 响应	所有成功失败路径恢复线程状态	zr_vm_lib_debug/src/zr_vm_lib_debug/debug_protocol_evaluate.c:75; tests/debug/test_debug_evaluate_result_transport_cases.h; tests/debug/test_debug_evaluate_failure_transport_cases.h	commented	紧邻声明或关键控制块说明跨层契约
zr_vm_lib_debug/src/zr_vm_lib_debug/debug_protocol_evaluate.c	zr_debug_protocol_make_evaluate_result	function	test_debug_evaluate_result_publishes_canonical_type_and_stop_state	提供不需要结构化失败详情的协议包装器	由详细入口执行实际工作	zr_vm_lib_debug/src/zr_vm_lib_debug/debug_protocol_evaluate.c:141; tests/debug/test_debug_evaluate_result_transport_cases.h; tests/debug/test_debug_evaluate_failure_transport_cases.h	commented	紧邻声明或关键控制块说明跨层契约
zr_vm_lib_debug/src/zr_vm_lib_debug/debug_eval_internal.h	ZrDebugEvalParser	type	zr_debug_evaluate_expression_with_capabilities; 兼容解析各级函数	保存单次兼容解析的光标、错误及引用摘要输出和短路状态	表达式与缓冲区归调用方；短路只跳过取值	zr_vm_lib_debug/src/zr_vm_lib_debug/debug_eval_internal.h:9; debug_eval.c:1015	commented	类型说明明确所有权和短路状态
zr_vm_lib_debug/src/zr_vm_lib_debug/debug_eval_internal.h	FZrDebugEvalParseValue	type	zr_debug_eval_parse_right_operand; zr_debug_eval_parse_right_operand_with_skip	统一各优先级右操作数的解析回调签名	失败交诊断包装器处理	zr_vm_lib_debug/src/zr_vm_lib_debug/debug_eval_internal.h:21; debug_eval_diagnostics.c:286	commented	类型声明说明回调目的
zr_vm_lib_debug/src/zr_vm_lib_debug/debug_evaluation_effect_internal.h	SZrDebugFormalEvaluationContext	type	zr_debug_formal_prepare_expression_with_failure; zr_debug_formal_free_prepared_expression	保存正式解析、推断、诊断、AST 与事实的资源集合	初始化标志控制部分初始化后的释放；事实借用编译器状态	zr_vm_lib_debug/src/zr_vm_lib_debug/debug_evaluation_effect_internal.h:13; debug_formal_evaluation.c:151	commented	类型说明明确生存期与释放顺序
zr_vm_lib_debug/src/zr_vm_lib_debug/debug_eval.c	zr_debug_evaluate_expression_with_capabilities/formal-first	block	zr_debug_evaluate_expression_with_capabilities	正式求值后才允许兼容路径	能力位由协议或内部调用方授予；正式语义错误不得回退	debug_eval.c:968; debug_snapshot.c:2518	commented	控制块说明回退边界
zr_vm_lib_debug/src/zr_vm_lib_debug/debug_eval.c	zr_debug_eval_parse_primary/short-circuit	block	zr_debug_eval_parse_primary	未选分支继续验证语法而不读取暂停帧	skip_evaluation 不允许调用或赋值	debug_eval.c:439; debug_eval_diagnostics.c:298	commented	控制块说明时序约束
zr_vm_lib_debug/src/zr_vm_lib_debug/debug_formal_evaluation.c	zr_debug_formal_prepare_expression_with_failure/binding-registration	block	zr_debug_formal_prepare_expression_with_failure	暂停帧绑定注册失败时停止类型推断	上下文仍由调用方检查与释放	debug_formal_evaluation.c:239; debug_semantic_bindings.c:682	commented	控制块说明部分上下文的处理
zr_vm_lib_debug/src/zr_vm_lib_debug/debug_formal_evaluation.c	zr_debug_formal_evaluate_expression/effect-gate	block	zr_debug_formal_evaluate_expression	先结构性拒写再检查事实与能力位	无事实的引用不能直接执行正式路径	debug_formal_evaluation.c:348; debug_evaluation_effect.c:329	commented	控制块说明安全检查顺序
zr_vm_lib_debug/src/zr_vm_lib_debug/debug_formal_evaluation_execute.c	zr_debug_formal_read_frame_binding/identity-match	block	zr_debug_formal_read_frame_binding	局部变量读取要求三重规范身份匹配	避免同名或过期栈槽误读	debug_formal_evaluation_execute.c:88; debug_semantic_bindings.c:682	commented	控制块说明暂停帧绑定身份
zr_vm_lib_debug/src/zr_vm_lib_debug/debug_formal_evaluation_execute.c	zr_debug_formal_read_closure_capture/origin-match	block	zr_debug_formal_read_closure_capture	捕获读取要求来源、token 与范围吻合	不匹配时不读运行时捕获	debug_formal_evaluation_execute.c:183; tests/debug/test_debug_canonical_binding_cases.h	commented	控制块说明捕获身份约束
zr_vm_lib_debug/src/zr_vm_lib_debug/debug_formal_evaluation_execute.c	zr_debug_formal_evaluate_node/short-circuit	block	zr_debug_formal_evaluate_node	逻辑运算在结果已决定时不读取右值	副作用分类事先覆盖整棵 AST	debug_formal_evaluation_execute.c:601; debug_formal_evaluation.c:348	commented	控制块说明执行顺序
zr_vm_lib_debug/src/zr_vm_lib_debug/debug_formal_evaluation_execute.c	zr_debug_formal_evaluate_node/left-shift-range	block	zr_debug_formal_evaluate_node	左移前只检查非负与位数	2 << 62 超出 int64 正值范围；需确认类型推断是否拦截	debug_formal_evaluation_execute.c:839; tests/debug/test_debug_formal_evaluation_cases.h:1	TODO	现有测试仅覆盖 1 << 2；下一步沿 ZrDebug_Evaluate 路径补溢出用例
zr_vm_lib_debug/src/zr_vm_lib_debug/debug_protocol_evaluate.c	zr_debug_protocol_make_evaluate_result_detailed/thread-restore	block	zr_debug_protocol_make_evaluate_result_detailed	求值时临时切换请求线程状态	成功、求值失败及 JSON 分配失败均恢复先前状态	debug_protocol_evaluate.c:95; debug_protocol.c:1279	commented	控制块说明线程状态恢复
zr_vm_lib_debug/src/zr_vm_lib_debug/debug_eval_internal.h	zr_debug_eval_set_error	interface	对应实现及本模块内部调用者	write bounded compatibility diagnostic	契约由对应实现与所属类型定义约束	zr_vm_lib_debug/src/zr_vm_lib_debug/debug_eval_internal.h; 对应实现文件	no-comment	私有声明的名称与对应实现已完整表达用途
zr_vm_lib_debug/src/zr_vm_lib_debug/debug_eval_internal.h	zr_debug_eval_value_type_name	interface	对应实现及本模块内部调用者	format value type for error	契约由对应实现与所属类型定义约束	zr_vm_lib_debug/src/zr_vm_lib_debug/debug_eval_internal.h; 对应实现文件	no-comment	私有声明的名称与对应实现已完整表达用途
zr_vm_lib_debug/src/zr_vm_lib_debug/debug_eval_internal.h	zr_debug_eval_set_numeric_operand_error	interface	对应实现及本模块内部调用者	numeric type error	契约由对应实现与所属类型定义约束	zr_vm_lib_debug/src/zr_vm_lib_debug/debug_eval_internal.h; 对应实现文件	no-comment	私有声明的名称与对应实现已完整表达用途
zr_vm_lib_debug/src/zr_vm_lib_debug/debug_eval_internal.h	zr_debug_eval_set_division_by_zero_error	interface	对应实现及本模块内部调用者	zero divisor error	契约由对应实现与所属类型定义约束	zr_vm_lib_debug/src/zr_vm_lib_debug/debug_eval_internal.h; 对应实现文件	no-comment	私有声明的名称与对应实现已完整表达用途
zr_vm_lib_debug/src/zr_vm_lib_debug/debug_eval_internal.h	zr_debug_eval_set_missing_member_name_error	interface	对应实现及本模块内部调用者	member syntax error	契约由对应实现与所属类型定义约束	zr_vm_lib_debug/src/zr_vm_lib_debug/debug_eval_internal.h; 对应实现文件	no-comment	私有声明的名称与对应实现已完整表达用途
zr_vm_lib_debug/src/zr_vm_lib_debug/debug_eval_internal.h	zr_debug_eval_set_missing_index_close_error	interface	对应实现及本模块内部调用者	index syntax error	契约由对应实现与所属类型定义约束	zr_vm_lib_debug/src/zr_vm_lib_debug/debug_eval_internal.h; 对应实现文件	no-comment	私有声明的名称与对应实现已完整表达用途
zr_vm_lib_debug/src/zr_vm_lib_debug/debug_eval_internal.h	zr_debug_eval_set_missing_group_close_error	interface	对应实现及本模块内部调用者	group syntax error	契约由对应实现与所属类型定义约束	zr_vm_lib_debug/src/zr_vm_lib_debug/debug_eval_internal.h; 对应实现文件	no-comment	私有声明的名称与对应实现已完整表达用途
zr_vm_lib_debug/src/zr_vm_lib_debug/debug_eval_internal.h	zr_debug_eval_set_missing_conditional_separator_error	interface	对应实现及本模块内部调用者	conditional syntax error	契约由对应实现与所属类型定义约束	zr_vm_lib_debug/src/zr_vm_lib_debug/debug_eval_internal.h; 对应实现文件	no-comment	私有声明的名称与对应实现已完整表达用途
zr_vm_lib_debug/src/zr_vm_lib_debug/debug_eval_internal.h	zr_debug_eval_set_missing_conditional_consequent_error	interface	对应实现及本模块内部调用者	conditional syntax error	契约由对应实现与所属类型定义约束	zr_vm_lib_debug/src/zr_vm_lib_debug/debug_eval_internal.h; 对应实现文件	no-comment	私有声明的名称与对应实现已完整表达用途
zr_vm_lib_debug/src/zr_vm_lib_debug/debug_eval_internal.h	zr_debug_eval_set_missing_conditional_alternate_error	interface	对应实现及本模块内部调用者	conditional syntax error	契约由对应实现与所属类型定义约束	zr_vm_lib_debug/src/zr_vm_lib_debug/debug_eval_internal.h; 对应实现文件	no-comment	私有声明的名称与对应实现已完整表达用途
zr_vm_lib_debug/src/zr_vm_lib_debug/debug_eval_internal.h	zr_debug_eval_set_unterminated_string_error	interface	对应实现及本模块内部调用者	string syntax error	契约由对应实现与所属类型定义约束	zr_vm_lib_debug/src/zr_vm_lib_debug/debug_eval_internal.h; 对应实现文件	no-comment	私有声明的名称与对应实现已完整表达用途
zr_vm_lib_debug/src/zr_vm_lib_debug/debug_eval_internal.h	zr_debug_eval_set_unsupported_string_escape_error	interface	对应实现及本模块内部调用者	string escape error	契约由对应实现与所属类型定义约束	zr_vm_lib_debug/src/zr_vm_lib_debug/debug_eval_internal.h; 对应实现文件	no-comment	私有声明的名称与对应实现已完整表达用途
zr_vm_lib_debug/src/zr_vm_lib_debug/debug_eval_internal.h	zr_debug_eval_set_invalid_numeric_literal_error	interface	对应实现及本模块内部调用者	number syntax error	契约由对应实现与所属类型定义约束	zr_vm_lib_debug/src/zr_vm_lib_debug/debug_eval_internal.h; 对应实现文件	no-comment	私有声明的名称与对应实现已完整表达用途
zr_vm_lib_debug/src/zr_vm_lib_debug/debug_eval_internal.h	zr_debug_eval_set_function_call_error	interface	对应实现及本模块内部调用者	disallow user call	契约由对应实现与所属类型定义约束	zr_vm_lib_debug/src/zr_vm_lib_debug/debug_eval_internal.h; 对应实现文件	no-comment	私有声明的名称与对应实现已完整表达用途
zr_vm_lib_debug/src/zr_vm_lib_debug/debug_eval_internal.h	zr_debug_eval_set_assignment_error	interface	对应实现及本模块内部调用者	disallow assignment	契约由对应实现与所属类型定义约束	zr_vm_lib_debug/src/zr_vm_lib_debug/debug_eval_internal.h; 对应实现文件	no-comment	私有声明的名称与对应实现已完整表达用途
zr_vm_lib_debug/src/zr_vm_lib_debug/debug_eval_internal.h	zr_debug_eval_cursor_starts_assignment	interface	对应实现及本模块内部调用者	single equals detector	契约由对应实现与所属类型定义约束	zr_vm_lib_debug/src/zr_vm_lib_debug/debug_eval_internal.h; 对应实现文件	no-comment	私有声明的名称与对应实现已完整表达用途
zr_vm_lib_debug/src/zr_vm_lib_debug/debug_eval_internal.h	zr_debug_eval_set_modulo_operand_error	interface	对应实现及本模块内部调用者	modulo operand error	契约由对应实现与所属类型定义约束	zr_vm_lib_debug/src/zr_vm_lib_debug/debug_eval_internal.h; 对应实现文件	no-comment	私有声明的名称与对应实现已完整表达用途
zr_vm_lib_debug/src/zr_vm_lib_debug/debug_eval_internal.h	zr_debug_eval_refine_right_operand_error	interface	对应实现及本模块内部调用者	refine generic parse error	契约由对应实现与所属类型定义约束	zr_vm_lib_debug/src/zr_vm_lib_debug/debug_eval_internal.h; 对应实现文件	no-comment	私有声明的名称与对应实现已完整表达用途
zr_vm_lib_debug/src/zr_vm_lib_debug/debug_eval_internal.h	zr_debug_eval_parse_right_operand	interface	对应实现及本模块内部调用者	callback parse wrapper	契约由对应实现与所属类型定义约束	zr_vm_lib_debug/src/zr_vm_lib_debug/debug_eval_internal.h; 对应实现文件	no-comment	私有声明的名称与对应实现已完整表达用途
zr_vm_lib_debug/src/zr_vm_lib_debug/debug_eval_internal.h	zr_debug_eval_parse_right_operand_with_skip	interface	对应实现及本模块内部调用者	scoped short circuit parse	契约由对应实现与所属类型定义约束	zr_vm_lib_debug/src/zr_vm_lib_debug/debug_eval_internal.h; 对应实现文件	no-comment	私有声明的名称与对应实现已完整表达用途
zr_vm_lib_debug/src/zr_vm_lib_debug/debug_evaluation_effect_internal.h	zr_debug_evaluation_effect_classify_structure	interface	对应实现及本模块内部调用者	structural effects	契约由对应实现与所属类型定义约束	zr_vm_lib_debug/src/zr_vm_lib_debug/debug_evaluation_effect_internal.h; 对应实现文件	no-comment	私有声明的名称与对应实现已完整表达用途
zr_vm_lib_debug/src/zr_vm_lib_debug/debug_evaluation_effect_internal.h	zr_debug_evaluation_effect_classify_resolved_properties	interface	对应实现及本模块内部调用者	semantic effects	契约由对应实现与所属类型定义约束	zr_vm_lib_debug/src/zr_vm_lib_debug/debug_evaluation_effect_internal.h; 对应实现文件	no-comment	私有声明的名称与对应实现已完整表达用途
zr_vm_lib_debug/src/zr_vm_lib_debug/debug_evaluation_effect_internal.h	zr_debug_evaluation_effect_has_canonical_facts	interface	对应实现及本模块内部调用者	fact completeness	契约由对应实现与所属类型定义约束	zr_vm_lib_debug/src/zr_vm_lib_debug/debug_evaluation_effect_internal.h; 对应实现文件	no-comment	私有声明的名称与对应实现已完整表达用途
zr_vm_lib_debug/src/zr_vm_lib_debug/debug_evaluation_effect_internal.h	zr_debug_formal_prepare_expression	interface	对应实现及本模块内部调用者	prepare formal context	契约由对应实现与所属类型定义约束	zr_vm_lib_debug/src/zr_vm_lib_debug/debug_evaluation_effect_internal.h; 对应实现文件	commented	公开声明已说明调用方可见的作用及资源责任
zr_vm_lib_debug/src/zr_vm_lib_debug/debug_evaluation_effect_internal.h	zr_debug_formal_prepare_expression_with_failure	interface	对应实现及本模块内部调用者	prepare formal context with diagnostic	契约由对应实现与所属类型定义约束	zr_vm_lib_debug/src/zr_vm_lib_debug/debug_evaluation_effect_internal.h; 对应实现文件	no-comment	私有声明的名称与对应实现已完整表达用途
zr_vm_lib_debug/src/zr_vm_lib_debug/debug_evaluation_effect_internal.h	zr_debug_formal_free_prepared_expression	interface	对应实现及本模块内部调用者	free formal context	契约由对应实现与所属类型定义约束	zr_vm_lib_debug/src/zr_vm_lib_debug/debug_evaluation_effect_internal.h; 对应实现文件	commented	公开声明已说明调用方可见的作用及资源责任
zr_vm_lib_debug/src/zr_vm_lib_debug/debug_evaluation_effect_internal.h	zr_debug_formal_has_paused_array_index_facts	interface	对应实现及本模块内部调用者	narrow array fact allowance	契约由对应实现与所属类型定义约束	zr_vm_lib_debug/src/zr_vm_lib_debug/debug_evaluation_effect_internal.h; 对应实现文件	no-comment	私有声明的名称与对应实现已完整表达用途
zr_vm_lib_debug/src/zr_vm_lib_debug/debug_evaluation_effect_internal.h	zr_debug_formal_evaluate_node	interface	对应实现及本模块内部调用者	execute formal AST	契约由对应实现与所属类型定义约束	zr_vm_lib_debug/src/zr_vm_lib_debug/debug_evaluation_effect_internal.h; 对应实现文件	commented	公开声明已说明调用方可见的作用及资源责任
zr_vm_lib_debug/src/zr_vm_lib_debug/debug_protocol_evaluate.h	zr_debug_protocol_evaluate_allowed_effect_flags	interface	对应实现及本模块内部调用者	protocol context capabilities	契约由对应实现与所属类型定义约束	zr_vm_lib_debug/src/zr_vm_lib_debug/debug_protocol_evaluate.h; 对应实现文件	commented	公开声明已说明调用方可见的作用及资源责任
zr_vm_lib_debug/src/zr_vm_lib_debug/debug_protocol_evaluate.h	zr_debug_protocol_make_evaluate_result	interface	对应实现及本模块内部调用者	JSON result wrapper	契约由对应实现与所属类型定义约束	zr_vm_lib_debug/src/zr_vm_lib_debug/debug_protocol_evaluate.h; 对应实现文件	commented	公开声明已说明调用方可见的作用及资源责任
zr_vm_lib_debug/src/zr_vm_lib_debug/debug_protocol_evaluate.h	zr_debug_protocol_make_evaluate_result_detailed	interface	zr_debug_agent_process_evaluate	JSON result with failure	契约由对应实现与所属类型定义约束	zr_vm_lib_debug/src/zr_vm_lib_debug/debug_protocol_evaluate.h; 对应实现文件	commented	公开声明已说明调用方可见的作用及资源责任
zr_vm_lib_debug/src/zr_vm_lib_debug/debug_protocol_evaluate.h	zr_debug_protocol_make_evaluate_failure_data	interface	对应实现及本模块内部调用者	JSON structured failure	契约由对应实现与所属类型定义约束	zr_vm_lib_debug/src/zr_vm_lib_debug/debug_protocol_evaluate.h; 对应实现文件	commented	公开声明已说明调用方可见的作用及资源责任
zr_vm_lib_debug/src/zr_vm_lib_debug/debug_semantic_facts.c	zr_debug_semantic_append_fragment	function	各事实格式化 helper	将事实片段加入有界摘要	已有内容先于新片段保留	debug_semantic_facts.c;debug_snapshot.c;tests/debug/test_debug_expression_diagnostics.c	commented	容量退让属于跨事实共用约束
zr_vm_lib_debug/src/zr_vm_lib_debug/debug_semantic_facts.c	zr_debug_semantic_expression_kind_text	function	zr_debug_semantic_append_expression_fact	表达式事实种类转显示词	未知枚举回退 unknown	debug_semantic_facts.c;debug_snapshot.c;tests/debug/test_debug_expression_diagnostics.c	no-comment	switch 映射与枚举名直接对应
zr_vm_lib_debug/src/zr_vm_lib_debug/debug_semantic_facts.c	zr_debug_semantic_exactness_text	function	zr_debug_semantic_append_expression_fact	精确度转显示词	未知枚举回退 unknown	debug_semantic_facts.c;debug_snapshot.c;tests/debug/test_debug_expression_diagnostics.c	no-comment	映射无额外状态或边界
zr_vm_lib_debug/src/zr_vm_lib_debug/debug_semantic_facts.c	zr_debug_semantic_reference_kind_text	function	zr_debug_semantic_append_reference_fact	引用行为转显示词	未知枚举回退 unknown	debug_semantic_facts.c;debug_snapshot.c;tests/debug/test_debug_expression_diagnostics.c	no-comment	映射与语义枚举直接对应
zr_vm_lib_debug/src/zr_vm_lib_debug/debug_semantic_facts.c	zr_debug_semantic_ownership_kind_text	function	zr_debug_semantic_append_ownership_fact	所有权行为转显示词	未知枚举回退 unknown	debug_semantic_facts.c;debug_snapshot.c;tests/debug/test_debug_expression_diagnostics.c	no-comment	映射与语义枚举直接对应
zr_vm_lib_debug/src/zr_vm_lib_debug/debug_semantic_facts.c	zr_debug_semantic_ownership_qualifier_text	function	zr_debug_semantic_append_ownership_fact	限定符转用户词	none 回退 plain	debug_semantic_facts.c;debug_snapshot.c;tests/debug/test_debug_expression_diagnostics.c	no-comment	映射与限定符直接对应
zr_vm_lib_debug/src/zr_vm_lib_debug/debug_semantic_facts.c	zr_debug_semantic_string_text	function	事实格式化 helper	兼容短字符串和长字符串取文本	返回借用的 VM 字符串	debug_semantic_facts.c;debug_snapshot.c;tests/debug/test_debug_expression_diagnostics.c	no-comment	分支由 shortStringLength 标志直观表示
zr_vm_lib_debug/src/zr_vm_lib_debug/debug_semantic_facts.c	zr_debug_semantic_append_fragment_text	function	zr_debug_semantic_append_escaped_string_constant	按剩余容量写入常量片段	used 指向当前有效尾部	debug_semantic_facts.c;debug_snapshot.c;tests/debug/test_debug_expression_diagnostics.c	no-comment	长度检查和更新已直接说明
zr_vm_lib_debug/src/zr_vm_lib_debug/debug_semantic_facts.c	zr_debug_semantic_append_fragment_byte	function	zr_debug_semantic_append_escaped_string_constant	转义控制字节并保留普通字节	控制字节表示为十六进制	debug_semantic_facts.c;debug_snapshot.c;tests/debug/test_debug_expression_diagnostics.c	no-comment	字节分类与转义字面量直观
zr_vm_lib_debug/src/zr_vm_lib_debug/debug_semantic_facts.c	zr_debug_semantic_append_escaped_string_constant	function	zr_debug_semantic_append_expression_fact	按字节转义推断出的字符串常量	受固定 fragment 容量限制	debug_semantic_facts.c;debug_snapshot.c;tests/debug/test_debug_expression_diagnostics.c	commented	字节长度而非 C 字符串长度决定事实范围
zr_vm_lib_debug/src/zr_vm_lib_debug/debug_semantic_facts.c	zr_debug_semantic_append_expression_fact	function	zr_debug_semantic_walk_node_at_depth	汇总类型、调用、成员与常量事实	只消费推断生成的 fact	debug_semantic_facts.c;debug_snapshot.c;tests/debug/test_debug_expression_diagnostics.c	no-comment	输出字段在函数内按事实标志分段呈现
zr_vm_lib_debug/src/zr_vm_lib_debug/debug_semantic_facts.c	zr_debug_semantic_append_numeric_fact	function	zr_debug_semantic_walk_node_at_depth	汇总数值范围与溢出风险	float 与整数范围分别格式化	debug_semantic_facts.c;debug_snapshot.c;tests/debug/test_debug_expression_diagnostics.c	no-comment	事实标志和格式分支直接说明
zr_vm_lib_debug/src/zr_vm_lib_debug/debug_semantic_facts.c	zr_debug_semantic_append_reference_fact	function	zr_debug_semantic_walk_node_at_depth	去重引用事实并跳过声明	同一 fact 指针才去重	debug_semantic_facts.c;debug_snapshot.c;tests/debug/test_debug_expression_diagnostics.c	commented	AST 与位置查找可能回到相同事实
zr_vm_lib_debug/src/zr_vm_lib_debug/debug_semantic_facts.c	zr_debug_semantic_append_ownership_fact	function	zr_debug_semantic_walk_node_at_depth	汇总所有权事实或诊断	同一 fact 指针才去重	debug_semantic_facts.c;debug_snapshot.c;tests/debug/test_debug_expression_diagnostics.c	no-comment	违反诊断和普通事实分支清楚
zr_vm_lib_debug/src/zr_vm_lib_debug/debug_semantic_facts.c	zr_debug_semantic_reachability_cause_text	function	zr_debug_semantic_append_reachability_fact	不可达原因转显示词	未知原因保守表述	debug_semantic_facts.c;debug_snapshot.c;tests/debug/test_debug_expression_diagnostics.c	no-comment	枚举分支直接提供用户措辞
zr_vm_lib_debug/src/zr_vm_lib_debug/debug_semantic_facts.c	zr_debug_semantic_append_logical_fact	function	zr_debug_semantic_walk_node_at_depth	补充已知布尔值与短路事实	同一 fact 指针才去重	debug_semantic_facts.c;debug_snapshot.c;tests/debug/test_debug_expression_diagnostics.c	no-comment	事实标志直接控制文本
zr_vm_lib_debug/src/zr_vm_lib_debug/debug_semantic_facts.c	zr_debug_semantic_append_reachability_fact	function	zr_debug_semantic_walk_node_at_depth	只报告不可达节点	可达节点不添加片段	debug_semantic_facts.c;debug_snapshot.c;tests/debug/test_debug_expression_diagnostics.c	no-comment	状态门槛和原因映射直接说明
zr_vm_lib_debug/src/zr_vm_lib_debug/debug_semantic_facts.c	zr_debug_semantic_walk_list	function	zr_debug_semantic_walk_node_at_depth	遍历 AST 子列表	每个子项深度从 1 重新开始	debug_semantic_facts.c;debug_snapshot.c;tests/debug/test_debug_expression_diagnostics.c	no-comment	列表循环与递归入口直接说明
zr_vm_lib_debug/src/zr_vm_lib_debug/debug_semantic_facts.c	zr_debug_semantic_should_suppress_nested_literal_fact	function	zr_debug_semantic_walk_node_at_depth	避免嵌套字面量事实淹没摘要	根字面量仍保留	debug_semantic_facts.c;debug_snapshot.c;tests/debug/test_debug_expression_diagnostics.c	commented	根/嵌套的摘要取舍需说明
zr_vm_lib_debug/src/zr_vm_lib_debug/debug_semantic_facts.c	zr_debug_semantic_walk_node_at_depth	function	zr_debug_semantic_walk_node;zr_debug_semantic_walk_list	从 AST 与位置索引重放推断事实	walk 借用 context 和 buffer	debug_semantic_facts.c;debug_snapshot.c;tests/debug/test_debug_expression_diagnostics.c	commented	写入与读取顺序、位置补偿及遍历范围跨层关联
zr_vm_lib_debug/src/zr_vm_lib_debug/debug_semantic_facts.c	zr_debug_semantic_walk_node	function	zr_debug_semantic_append_flow_facts	以深度零遍历根表达式	根字面量不受抑制	debug_semantic_facts.c;debug_snapshot.c;tests/debug/test_debug_expression_diagnostics.c	no-comment	薄包装的语义由被调函数说明
zr_vm_lib_debug/src/zr_vm_lib_debug/debug_semantic_facts.c	zr_debug_semantic_append_flow_facts	function	zr_debug_append_expression_facts	管理单次事实遍历游标	context/AST 有效至文本生成结束	debug_semantic_facts.c;debug_snapshot.c;tests/debug/test_debug_expression_diagnostics.c	no-comment	游标初始化与调用关系直接可见
zr_vm_lib_debug/src/zr_vm_lib_debug/debug_semantic_facts.c	zr_debug_append_reference_summaries	function	zr_debug_append_expression_facts	把已解析读取映射为暂停帧来源	只对 read 事实去重	debug_semantic_facts.c;debug_snapshot.c;tests/debug/test_debug_expression_diagnostics.c	commented	语义事实与运行时来源联合时需限定范围
zr_vm_lib_debug/src/zr_vm_lib_debug/debug_semantic_facts.c	zr_debug_append_expression_facts	function	两个公开摘要入口	重新解析推断并汇总文本	清理推断类型、编译状态、AST、解析状态	debug_semantic_facts.c;debug_snapshot.c;tests/debug/test_debug_expression_diagnostics.c	commented	摘要依赖推断事实生命周期及失败回退
zr_vm_lib_debug/src/zr_vm_lib_debug/debug_semantic_facts.c	zr_debug_append_expression_semantic_facts	function	debug_snapshot.c;tests/debug/test_debug_expression_diagnostics.c	为求值结果追加语义事实	已有值摘要不清空	debug_semantic_facts.c;debug_snapshot.c;tests/debug/test_debug_expression_diagnostics.c	commented	对上层求值结果有独立契约
zr_vm_lib_debug/src/zr_vm_lib_debug/debug_semantic_facts.c	zr_debug_append_expression_reference_summary	function	debug_snapshot.c	为求值结果形成来源摘要	只输出可解析标识符	debug_semantic_facts.c;debug_snapshot.c;tests/debug/test_debug_expression_diagnostics.c	commented	对上层求值结果有独立契约
zr_vm_lib_debug/src/zr_vm_lib_debug/debug_semantic_facts.c	ZrDebugSemanticFactWalk	type	zr_debug_semantic_append_flow_facts;zr_debug_semantic_walk_node_at_depth	保存事实去重游标及借用的输出上下文	不持有 context 或 buffer	debug_semantic_facts.c;debug_snapshot.c;tests/debug/test_debug_expression_diagnostics.c	commented	多个事实类别共享一次遍历状态
zr_vm_lib_debug/src/zr_vm_lib_debug/debug_semantic_facts.c	zr_debug_semantic_walk_node_at_depth::reference_order	block	zr_debug_semantic_walk_node_at_depth	写入事实先于读取事实	同节点可有多种引用事实	debug_semantic_facts.c;debug_snapshot.c;tests/debug/test_debug_expression_diagnostics.c	commented	顺序影响诊断语义
zr_vm_lib_debug/src/zr_vm_lib_debug/debug_semantic_facts.c	zr_debug_semantic_walk_node_at_depth::position_fallback	block	zr_debug_semantic_walk_node_at_depth	从位置索引补足节点级事实	仅在当前 expression 的 context 查询	debug_semantic_facts.c;debug_snapshot.c;tests/debug/test_debug_expression_diagnostics.c	commented	事实可能未直接附 AST
zr_vm_lib_debug/src/zr_vm_lib_debug/debug_semantic_facts.c	zr_debug_append_expression_facts::cleanup	block	zr_debug_append_expression_facts	按初始化状态释放解析与推断对象	语义事实不得在释放后读取	debug_semantic_facts.c;debug_snapshot.c;tests/debug/test_debug_expression_diagnostics.c	commented	生命周期跨 parser/compiler/AST
zr_vm_lib_debug/src/zr_vm_lib_debug/debug_semantic_bindings.c	zr_debug_semantic_apply_exact_value_range	function	zr_debug_semantic_register_runtime_root;zr_debug_semantic_register_summary_value_binding;zr_debug_semantic_register_canonical_frame_binding	把暂停值转为精确范围或布尔事实	unsigned 超 INT64_MAX 时不设置 int64 范围	debug_semantic_bindings.c;debug_formal_evaluation.c;debug_semantic_facts.c;tests/debug/test_debug_canonical_binding_cases.h;zr_vm_parser/src/zr_vm_parser/type_environment_bindings.c	commented	精确性边界影响类型推断
zr_vm_lib_debug/src/zr_vm_lib_debug/debug_semantic_bindings.c	zr_debug_semantic_register_runtime_root	function	zr_debug_semantic_register_bindings	以运行时 token 注册 zr 根	元数据缺席可跳过；其他错误失败	debug_semantic_bindings.c;debug_formal_evaluation.c;debug_semantic_facts.c;tests/debug/test_debug_canonical_binding_cases.h;zr_vm_parser/src/zr_vm_parser/type_environment_bindings.c	commented	运行时根不是普通局部绑定
zr_vm_lib_debug/src/zr_vm_lib_debug/debug_semantic_bindings.c	zr_debug_semantic_register_summary_value_binding	function	zr_debug_semantic_register_summary_node	从暂停值补充只读摘要所需类型	已有环境绑定优先	debug_semantic_bindings.c;debug_formal_evaluation.c;debug_semantic_facts.c;tests/debug/test_debug_canonical_binding_cases.h;zr_vm_parser/src/zr_vm_parser/type_environment_bindings.c	commented	宽松摘要回退与规范绑定不同
zr_vm_lib_debug/src/zr_vm_lib_debug/debug_semantic_bindings.c	zr_debug_semantic_register_summary_list	function	zr_debug_semantic_register_summary_node	遍历表达式子列表	空列表直接返回	debug_semantic_bindings.c;debug_formal_evaluation.c;debug_semantic_facts.c;tests/debug/test_debug_canonical_binding_cases.h;zr_vm_parser/src/zr_vm_parser/type_environment_bindings.c	no-comment	仅循环转发子节点
zr_vm_lib_debug/src/zr_vm_lib_debug/debug_semantic_bindings.c	zr_debug_semantic_register_summary_node	function	zr_debug_semantic_register_summary_list;zr_debug_semantic_register_summary_bindings	遍历参与表达式推断的标识符	属性名不当作独立变量	debug_semantic_bindings.c;debug_formal_evaluation.c;debug_semantic_facts.c;tests/debug/test_debug_canonical_binding_cases.h;zr_vm_parser/src/zr_vm_parser/type_environment_bindings.c	commented	AST 选择决定暂停值注册边界
zr_vm_lib_debug/src/zr_vm_lib_debug/debug_semantic_bindings.c	zr_debug_semantic_type_ref_to_inferred	function	zr_debug_semantic_register_canonical_frame_binding;zr_debug_semantic_register_entry_typed_locals;zr_debug_semantic_collect_callable_parameter_types;zr_debug_semantic_register_entry_callables;zr_debug_semantic_register_closure_captures	把编译类型引用转换为推断对象	数组元素类型及所有权随本次环境释放	debug_semantic_bindings.c;debug_formal_evaluation.c;debug_semantic_facts.c;tests/debug/test_debug_canonical_binding_cases.h;zr_vm_parser/src/zr_vm_parser/type_environment_bindings.c	commented	跨编译产物与推断环境的所有权转换
zr_vm_lib_debug/src/zr_vm_lib_debug/debug_semantic_bindings.c	zr_debug_semantic_find_typed_local_binding	function	zr_debug_semantic_register_canonical_frame_binding	按栈槽定位编译期局部类型	找不到返回空	debug_semantic_bindings.c;debug_formal_evaluation.c;debug_semantic_facts.c;tests/debug/test_debug_canonical_binding_cases.h;zr_vm_parser/src/zr_vm_parser/type_environment_bindings.c	no-comment	单一线性查找无隐藏契约
zr_vm_lib_debug/src/zr_vm_lib_debug/debug_semantic_bindings.c	zr_debug_semantic_register_canonical_frame_binding	function	zr_debug_semantic_register_frame_variables	校验活动槽名并注入规范 symbol/type/place	失配则整帧无法安全注册	debug_semantic_bindings.c;debug_formal_evaluation.c;debug_semantic_facts.c;tests/debug/test_debug_canonical_binding_cases.h;zr_vm_parser/src/zr_vm_parser/type_environment_bindings.c	commented	暂停位置与编译身份必须一致
zr_vm_lib_debug/src/zr_vm_lib_debug/debug_semantic_bindings.c	zr_debug_semantic_register_entry_typed_locals	function	zr_debug_semantic_register_bindings	缺帧时注册入口顶层局部	只注册有 source 与规范 ID 的绑定	debug_semantic_bindings.c;debug_formal_evaluation.c;debug_semantic_facts.c;tests/debug/test_debug_canonical_binding_cases.h;zr_vm_parser/src/zr_vm_parser/type_environment_bindings.c	commented	元数据降级有明确门槛
zr_vm_lib_debug/src/zr_vm_lib_debug/debug_semantic_bindings.c	zr_debug_semantic_free_inferred_type_array	function	zr_debug_semantic_register_entry_callables	释放可调用签名临时类型数组	逐元素释放后销毁容器	debug_semantic_bindings.c;debug_formal_evaluation.c;debug_semantic_facts.c;tests/debug/test_debug_canonical_binding_cases.h;zr_vm_parser/src/zr_vm_parser/type_environment_bindings.c	no-comment	清理责任由名称及循环明确
zr_vm_lib_debug/src/zr_vm_lib_debug/debug_semantic_bindings.c	zr_debug_semantic_collect_callable_parameter_types	function	zr_debug_semantic_register_entry_callables	从参数元数据构造推断签名	临时数组由调用者释放	debug_semantic_bindings.c;debug_formal_evaluation.c;debug_semantic_facts.c;tests/debug/test_debug_canonical_binding_cases.h;zr_vm_parser/src/zr_vm_parser/type_environment_bindings.c	no-comment	容器构造及元素推送直接可见
zr_vm_lib_debug/src/zr_vm_lib_debug/debug_semantic_bindings.c	zr_debug_semantic_register_entry_callables	function	zr_debug_semantic_register_bindings	为顶层函数提供编译期签名	只接受带返回类型的子函数	debug_semantic_bindings.c;debug_formal_evaluation.c;debug_semantic_facts.c;tests/debug/test_debug_canonical_binding_cases.h;zr_vm_parser/src/zr_vm_parser/type_environment_bindings.c	commented	不调用运行时函数即可推断调用
zr_vm_lib_debug/src/zr_vm_lib_debug/debug_semantic_bindings.c	zr_debug_semantic_register_frame_variables	function	zr_debug_semantic_register_bindings	按 Core Debug 活动绑定注册暂停帧	任一槽名/身份失配返回 metadata unavailable	debug_semantic_bindings.c;debug_formal_evaluation.c;debug_semantic_facts.c;tests/debug/test_debug_canonical_binding_cases.h;zr_vm_parser/src/zr_vm_parser/type_environment_bindings.c	commented	PC 与栈槽身份关系关键
zr_vm_lib_debug/src/zr_vm_lib_debug/debug_semantic_bindings.c	zr_debug_semantic_register_closure_captures	function	zr_debug_semantic_register_bindings	注册带 token 的闭包捕获	源声明冲突可跳过；其他同名冲突失败	debug_semantic_bindings.c;debug_formal_evaluation.c;debug_semantic_facts.c;tests/debug/test_debug_canonical_binding_cases.h;zr_vm_parser/src/zr_vm_parser/type_environment_bindings.c	commented	捕获身份与同名源绑定的取舍
zr_vm_lib_debug/src/zr_vm_lib_debug/debug_semantic_bindings.c	zr_debug_semantic_register_bindings	function	debug_formal_evaluation.c;zr_debug_semantic_register_summary_bindings;tests/debug/test_debug_canonical_binding_cases.h	配置正式暂停求值的规范语义环境	失败时正式推断不得继续	debug_semantic_bindings.c;debug_formal_evaluation.c;debug_semantic_facts.c;tests/debug/test_debug_canonical_binding_cases.h;zr_vm_parser/src/zr_vm_parser/type_environment_bindings.c	commented	帧、捕获、运行时根和原型共同决定推断
zr_vm_lib_debug/src/zr_vm_lib_debug/debug_semantic_bindings.c	zr_debug_semantic_register_summary_bindings	function	debug_semantic_facts.c	为摘要推断尝试规范绑定并补值	有表达式时允许部分摘要	debug_semantic_bindings.c;debug_formal_evaluation.c;debug_semantic_facts.c;tests/debug/test_debug_canonical_binding_cases.h;zr_vm_parser/src/zr_vm_parser/type_environment_bindings.c	commented	诊断结果与正式执行的失败语义不同
zr_vm_lib_debug/src/zr_vm_lib_debug/debug_semantic_bindings.c	zr_debug_semantic_register_bindings::frame_fallback	block	zr_debug_semantic_register_bindings	Core Debug 返回 invalid argument 时退到入口签名	元数据不可用的其他状态不降级	debug_semantic_bindings.c;debug_formal_evaluation.c;debug_semantic_facts.c;tests/debug/test_debug_canonical_binding_cases.h;zr_vm_parser/src/zr_vm_parser/type_environment_bindings.c	commented	不同状态对应不同安全边界
zr_vm_lib_debug/src/zr_vm_lib_debug/debug_semantic_bindings.c	zr_debug_semantic_register_closure_captures::name_collision	block	zr_debug_semantic_register_closure_captures	源声明已注册时避免重复捕获	非源声明同名视为元数据冲突	debug_semantic_bindings.c;debug_formal_evaluation.c;debug_semantic_facts.c;tests/debug/test_debug_canonical_binding_cases.h;zr_vm_parser/src/zr_vm_parser/type_environment_bindings.c	commented	防止两套语义身份覆盖
zr_vm_lib_debug/src/zr_vm_lib_debug/debug_union.c	zr_debug_union_checked_add_size	function	zr_debug_union_find_prototype_record	检查编码游标加法溢出	失败不改 out	debug_union.c;debug_snapshot.c;zr_vm_parser/src/zr_vm_parser/compiler/compiler_union.c;zr_vm_core/src/zr_vm_core/execution/execution_inline_frame.c;tests/debug/test_debug_variable_child_shape.c	no-comment	常规边界工具且名称明确
zr_vm_lib_debug/src/zr_vm_lib_debug/debug_union.c	zr_debug_union_checked_mul_size	function	zr_debug_union_find_prototype_record	检查变长记录大小乘法溢出	失败不改 out	debug_union.c;debug_snapshot.c;zr_vm_parser/src/zr_vm_parser/compiler/compiler_union.c;zr_vm_core/src/zr_vm_core/execution/execution_inline_frame.c;tests/debug/test_debug_variable_child_shape.c	no-comment	常规边界工具且名称明确
zr_vm_lib_debug/src/zr_vm_lib_debug/debug_union.c	zr_debug_union_entry_function	function	zr_debug_union_value_view;zr_debug_inline_union_view	定位存放原型表的入口或显式上下文	返回借用函数指针	debug_union.c;debug_snapshot.c;zr_vm_parser/src/zr_vm_parser/compiler/compiler_union.c;zr_vm_core/src/zr_vm_core/execution/execution_inline_frame.c;tests/debug/test_debug_variable_child_shape.c	commented	嵌套函数与入口元数据位置不同
zr_vm_lib_debug/src/zr_vm_lib_debug/debug_union.c	zr_debug_union_find_prototype_record	function	zr_debug_union_find_prototype_record_by_name;zr_debug_inline_union_view	安全遍历编译产物变长原型表	每段边界和溢出均校验	debug_union.c;debug_snapshot.c;zr_vm_parser/src/zr_vm_parser/compiler/compiler_union.c;zr_vm_core/src/zr_vm_core/execution/execution_inline_frame.c;tests/debug/test_debug_variable_child_shape.c	commented	原始字节表到借用结构体的边界
zr_vm_lib_debug/src/zr_vm_lib_debug/debug_union.c	zr_debug_union_function_string_constant	function	zr_debug_union_find_prototype_record_by_name;zr_debug_union_find_variant_member;zr_debug_inline_union_view	按索引借用函数常量字符串	仅接受字符串常量	debug_union.c;debug_snapshot.c;zr_vm_parser/src/zr_vm_parser/compiler/compiler_union.c;zr_vm_core/src/zr_vm_core/execution/execution_inline_frame.c;tests/debug/test_debug_variable_child_shape.c	no-comment	类型和索引检查直接说明
zr_vm_lib_debug/src/zr_vm_lib_debug/debug_union.c	zr_debug_union_type_name_matches	function	zr_debug_union_find_prototype_record_by_name	对照运行时实例名与编译原型基名	仅去除泛型后缀	debug_union.c;debug_snapshot.c;zr_vm_parser/src/zr_vm_parser/compiler/compiler_union.c;zr_vm_core/src/zr_vm_core/execution/execution_inline_frame.c;tests/debug/test_debug_variable_child_shape.c	commented	名称表示在两层不同
zr_vm_lib_debug/src/zr_vm_lib_debug/debug_union.c	zr_debug_union_find_prototype_record_by_name	function	zr_debug_union_value_view	为 boxed carrier 找 union 原型	只选 union 类型	debug_union.c;debug_snapshot.c;zr_vm_parser/src/zr_vm_parser/compiler/compiler_union.c;zr_vm_core/src/zr_vm_core/execution/execution_inline_frame.c;tests/debug/test_debug_variable_child_shape.c	no-comment	遍历和类型过滤直接可见
zr_vm_lib_debug/src/zr_vm_lib_debug/debug_union.c	zr_debug_union_find_variant_member	function	zr_debug_union_value_view	按名称找编译变体成员	只选 union variant	debug_union.c;debug_snapshot.c;zr_vm_parser/src/zr_vm_parser/compiler/compiler_union.c;zr_vm_core/src/zr_vm_core/execution/execution_inline_frame.c;tests/debug/test_debug_variable_child_shape.c	no-comment	遍历和成员过滤直接可见
zr_vm_lib_debug/src/zr_vm_lib_debug/debug_union.c	zr_debug_union_object_get_field	function	union 元数据读取 helper;zr_debug_union_payload_value_from_carrier	用 VM 字符串键直接读对象字段	返回对象内部借用值	debug_union.c;debug_snapshot.c;zr_vm_parser/src/zr_vm_parser/compiler/compiler_union.c;zr_vm_core/src/zr_vm_core/execution/execution_inline_frame.c;tests/debug/test_debug_variable_child_shape.c	no-comment	直接字段访问且检查清楚
zr_vm_lib_debug/src/zr_vm_lib_debug/debug_union.c	zr_debug_union_object_set_field	function	zr_debug_materialize_inline_union_slot	给临时 carrier 写内部字段	以 VM 线程状态判断写入成功	debug_union.c;debug_snapshot.c;zr_vm_parser/src/zr_vm_parser/compiler/compiler_union.c;zr_vm_core/src/zr_vm_core/execution/execution_inline_frame.c;tests/debug/test_debug_variable_child_shape.c	no-comment	写入及状态检查直接可见
zr_vm_lib_debug/src/zr_vm_lib_debug/debug_union.c	zr_debug_union_make_string_value	function	zr_debug_materialize_inline_union_slot;zr_debug_union_safe_get_member_value	构造 union 名称字符串值	输出先归零	debug_union.c;debug_snapshot.c;zr_vm_parser/src/zr_vm_parser/compiler/compiler_union.c;zr_vm_core/src/zr_vm_core/execution/execution_inline_frame.c;tests/debug/test_debug_variable_child_shape.c	no-comment	创建字符串并封装值直观
zr_vm_lib_debug/src/zr_vm_lib_debug/debug_union.c	zr_debug_union_object_string_field	function	zr_debug_value_is_union_carrier;zr_debug_union_value_view;zr_debug_union_payload_display_name;zr_debug_union_payload_internal_name;zr_debug_union_payload_field_layout	读取字符串元字段	只接受非空字符串对象	debug_union.c;debug_snapshot.c;zr_vm_parser/src/zr_vm_parser/compiler/compiler_union.c;zr_vm_core/src/zr_vm_core/execution/execution_inline_frame.c;tests/debug/test_debug_variable_child_shape.c	no-comment	类型检查已表达约束
zr_vm_lib_debug/src/zr_vm_lib_debug/debug_union.c	zr_debug_union_object_int_field	function	zr_debug_union_value_view;zr_debug_union_payload_field_layout	读取整数元字段	结果收窄为 uint32	debug_union.c;debug_snapshot.c;zr_vm_parser/src/zr_vm_parser/compiler/compiler_union.c;zr_vm_core/src/zr_vm_core/execution/execution_inline_frame.c;tests/debug/test_debug_variable_child_shape.c	no-comment	字段类型检查与赋值直接可见
zr_vm_lib_debug/src/zr_vm_lib_debug/debug_union.c	zr_debug_union_object_array_field	function	zr_debug_union_value_view;zr_debug_inline_union_view	读取 payloadFields 数组	只接受非空数组对象	debug_union.c;debug_snapshot.c;zr_vm_parser/src/zr_vm_parser/compiler/compiler_union.c;zr_vm_core/src/zr_vm_core/execution/execution_inline_frame.c;tests/debug/test_debug_variable_child_shape.c	no-comment	类型检查已表达约束
zr_vm_lib_debug/src/zr_vm_lib_debug/debug_union.c	zr_debug_union_array_object_at	function	zr_debug_union_payload_display_name;zr_debug_union_payload_internal_name;zr_debug_union_payload_value_from_inline	读取 payload 描述符对象	元素必须为对象	debug_union.c;debug_snapshot.c;zr_vm_parser/src/zr_vm_parser/compiler/compiler_union.c;zr_vm_core/src/zr_vm_core/execution/execution_inline_frame.c;tests/debug/test_debug_variable_child_shape.c	no-comment	类型检查已表达约束
zr_vm_lib_debug/src/zr_vm_lib_debug/debug_union.c	zr_debug_union_variant_metadata	function	zr_debug_union_value_view;zr_debug_inline_union_view	借用变体装饰器元数据	常量索引在函数内有效	debug_union.c;debug_snapshot.c;zr_vm_parser/src/zr_vm_parser/compiler/compiler_union.c;zr_vm_core/src/zr_vm_core/execution/execution_inline_frame.c;tests/debug/test_debug_variable_child_shape.c	commented	payload 布局来源跨编译层
zr_vm_lib_debug/src/zr_vm_lib_debug/debug_union.c	zr_debug_union_parse_payload_index	function	zr_debug_count_union_carrier_payload_fields;zr_debug_union_safe_get_member_value	识别 payloadN 内部字段	数字解析检查 uint32 溢出	debug_union.c;debug_snapshot.c;zr_vm_parser/src/zr_vm_parser/compiler/compiler_union.c;zr_vm_core/src/zr_vm_core/execution/execution_inline_frame.c;tests/debug/test_debug_variable_child_shape.c	no-comment	前缀和十进制检查清楚
zr_vm_lib_debug/src/zr_vm_lib_debug/debug_union.c	zr_debug_count_union_carrier_payload_fields	function	zr_debug_union_value_view;debug_child_shape.c	按 carrier 内部键计数 payload	仅用于无原型回退及子节点形状	debug_union.c;debug_snapshot.c;zr_vm_parser/src/zr_vm_parser/compiler/compiler_union.c;zr_vm_core/src/zr_vm_core/execution/execution_inline_frame.c;tests/debug/test_debug_variable_child_shape.c	commented	fallback 数量需与展开路径一致
zr_vm_lib_debug/src/zr_vm_lib_debug/debug_union.c	zr_debug_value_is_union_carrier	function	debug_child_shape.c;debug_snapshot.c	以内部 variant 字段识别 boxed union	仅 object 或 array 值	debug_union.c;debug_snapshot.c;zr_vm_parser/src/zr_vm_parser/compiler/compiler_union.c;zr_vm_core/src/zr_vm_core/execution/execution_inline_frame.c;tests/debug/test_debug_variable_child_shape.c	commented	值分类供多个调试入口共用
zr_vm_lib_debug/src/zr_vm_lib_debug/debug_union.c	zr_debug_union_value_view	function	zr_debug_union_safe_get_member_value;zr_debug_format_union_value_text;debug_snapshot.c	把 boxed carrier 与原型元数据合成视图	视图指针借用且可缺原型	debug_union.c;debug_snapshot.c;zr_vm_parser/src/zr_vm_parser/compiler/compiler_union.c;zr_vm_core/src/zr_vm_core/execution/execution_inline_frame.c;tests/debug/test_debug_variable_child_shape.c	commented	运行时字段与声明参数的两级回退
zr_vm_lib_debug/src/zr_vm_lib_debug/debug_union.c	zr_debug_union_load_unsigned_int	function	zr_debug_inline_union_view;zr_debug_union_load_field	按 tag/字段宽度读取无符号整数	只支持 1/2/4/8 字节	debug_union.c;debug_snapshot.c;zr_vm_parser/src/zr_vm_parser/compiler/compiler_union.c;zr_vm_core/src/zr_vm_core/execution/execution_inline_frame.c;tests/debug/test_debug_variable_child_shape.c	no-comment	宽度分支直接说明
zr_vm_lib_debug/src/zr_vm_lib_debug/debug_union.c	zr_debug_union_find_variant_by_tag	function	zr_debug_inline_union_view	按 tag 值定位变体	tag 存于成员 fieldOffset	debug_union.c;debug_snapshot.c;zr_vm_parser/src/zr_vm_parser/compiler/compiler_union.c;zr_vm_core/src/zr_vm_core/execution/execution_inline_frame.c;tests/debug/test_debug_variable_child_shape.c	no-comment	编译成员条件直接说明
zr_vm_lib_debug/src/zr_vm_lib_debug/debug_union.c	zr_debug_inline_union_view	function	zr_debug_inline_union_slot_view	从原始帧槽读 tag 并定位变体	tag 范围必须落在 place 内	debug_union.c;debug_snapshot.c;zr_vm_parser/src/zr_vm_parser/compiler/compiler_union.c;zr_vm_core/src/zr_vm_core/execution/execution_inline_frame.c;tests/debug/test_debug_variable_child_shape.c	commented	原始字节与编译原型拼接
zr_vm_lib_debug/src/zr_vm_lib_debug/debug_union.c	zr_debug_inline_union_slot_view	function	zr_debug_materialize_inline_union_slot;debug_snapshot.c	取得当前帧 inline union 的 place 与视图	返回地址仅在暂停帧有效	debug_union.c;debug_snapshot.c;zr_vm_parser/src/zr_vm_parser/compiler/compiler_union.c;zr_vm_core/src/zr_vm_core/execution/execution_inline_frame.c;tests/debug/test_debug_variable_child_shape.c	commented	帧地址与布局生命周期关键
zr_vm_lib_debug/src/zr_vm_lib_debug/debug_union.c	zr_debug_union_payload_field_layout	function	zr_debug_union_payload_value_from_inline	把装饰器字段描述转换为可读布局	大宽度字段是否总是 SZrTypeValue 未核实	debug_union.c;debug_snapshot.c;zr_vm_parser/src/zr_vm_parser/compiler/compiler_union.c;zr_vm_core/src/zr_vm_core/execution/execution_inline_frame.c;tests/debug/test_debug_variable_child_shape.c	TODO	compiler_union.c 可为非泛型无所有权字段写原始布局；需测大 struct payload
zr_vm_lib_debug/src/zr_vm_lib_debug/debug_union.c	zr_debug_union_load_signed_int	function	zr_debug_union_load_field	按宽度读取有符号整数	只支持 1/2/4/8 字节	debug_union.c;debug_snapshot.c;zr_vm_parser/src/zr_vm_parser/compiler/compiler_union.c;zr_vm_core/src/zr_vm_core/execution/execution_inline_frame.c;tests/debug/test_debug_variable_child_shape.c	no-comment	宽度分支直接说明
zr_vm_lib_debug/src/zr_vm_lib_debug/debug_union.c	zr_debug_union_load_field	function	zr_debug_union_payload_value_from_inline	把布局字节转调试值	只读已分类 POD 或值槽	debug_union.c;debug_snapshot.c;zr_vm_parser/src/zr_vm_parser/compiler/compiler_union.c;zr_vm_core/src/zr_vm_core/execution/execution_inline_frame.c;tests/debug/test_debug_variable_child_shape.c	commented	不能触发脚本成员访问
zr_vm_lib_debug/src/zr_vm_lib_debug/debug_union.c	zr_debug_union_payload_display_name	function	debug_snapshot.c;zr_debug_union_safe_get_member_value	选用户字段名或 payloadN 回退	输出缓存需有容量	debug_union.c;debug_snapshot.c;zr_vm_parser/src/zr_vm_parser/compiler/compiler_union.c;zr_vm_core/src/zr_vm_core/execution/execution_inline_frame.c;tests/debug/test_debug_variable_child_shape.c	commented	内部存储名与展示名分离
zr_vm_lib_debug/src/zr_vm_lib_debug/debug_union.c	zr_debug_union_payload_internal_name	function	zr_debug_union_payload_value_from_carrier;zr_debug_materialize_inline_union_slot	选编译器内部存储名或生成回退	输出缓存需有容量	debug_union.c;debug_snapshot.c;zr_vm_parser/src/zr_vm_parser/compiler/compiler_union.c;zr_vm_core/src/zr_vm_core/execution/execution_inline_frame.c;tests/debug/test_debug_variable_child_shape.c	commented	carrier 读取必须遵循内部字段名
zr_vm_lib_debug/src/zr_vm_lib_debug/debug_union.c	zr_debug_union_payload_value_from_carrier	function	debug_snapshot.c;zr_debug_union_safe_get_member_value	从 boxed carrier 读 payload	缺字段显示 null；返回浅拷贝值	debug_union.c;debug_snapshot.c;zr_vm_parser/src/zr_vm_parser/compiler/compiler_union.c;zr_vm_core/src/zr_vm_core/execution/execution_inline_frame.c;tests/debug/test_debug_variable_child_shape.c	commented	容错展示与值借用关系
zr_vm_lib_debug/src/zr_vm_lib_debug/debug_union.c	zr_debug_union_payload_value_from_inline	function	debug_snapshot.c;zr_debug_materialize_inline_union_slot	按元数据从帧内联字节解码 payload	必须先做偏移和长度校验	debug_union.c;debug_snapshot.c;zr_vm_parser/src/zr_vm_parser/compiler/compiler_union.c;zr_vm_core/src/zr_vm_core/execution/execution_inline_frame.c;tests/debug/test_debug_variable_child_shape.c	commented	源地址是暂停栈帧中的原始字节
zr_vm_lib_debug/src/zr_vm_lib_debug/debug_union.c	zr_debug_materialize_inline_union_slot	function	debug_snapshot.c::zr_debug_resolve_identifier_value	将帧内 union 封装为求值 carrier	每次创建新 GC ignored root 未解除	debug_snapshot.c::zr_debug_resolve_identifier_value;debug_snapshot.c::zr_debug_variable_handles_clear;debug_union.c::zr_debug_materialize_inline_union_slot;zr_vm_core/src/zr_vm_core/gc/gc.c::ZrCore_GarbageCollector_IgnoreObject;zr_vm_core/src/zr_vm_core/gc/gc.c::ZrCore_GarbageCollector_Free;zr_vm_core/src/zr_vm_core/gc/gc_mark.c::garbage_collector_mark_ignored_roots	BUG	暂停帧活动 inline union 局部变量求值可达 materialize；每次 Object_New 成功 Ignore 后入 ignoredObjects；后续字段或 payload 构造失败也直接返回；GC 每轮将表项标根，句柄清理没有 Unignore，直到 VM/GC Free 才清表
zr_vm_lib_debug/src/zr_vm_lib_debug/debug_union.c	zr_debug_union_safe_get_member_value	function	debug_snapshot.c::zr_debug_safe_get_member_value;debug_snapshot.c::zr_debug_expand_union_carrier	只读提供 type/variant/payload	不执行脚本 getter	debug_union.c;debug_snapshot.c;zr_vm_parser/src/zr_vm_parser/compiler/compiler_union.c;zr_vm_core/src/zr_vm_core/execution/execution_inline_frame.c;tests/debug/test_debug_variable_child_shape.c	commented	调试求值需受限成员映射
zr_vm_lib_debug/src/zr_vm_lib_debug/debug_union.c	zr_debug_format_union_value_text	function	debug_snapshot.c	生成 boxed union 值预览	无 union 视图时交由普通格式器	debug_union.c;debug_snapshot.c;zr_vm_parser/src/zr_vm_parser/compiler/compiler_union.c;zr_vm_core/src/zr_vm_core/execution/execution_inline_frame.c;tests/debug/test_debug_variable_child_shape.c	commented	展示路径需识别专门格式
zr_vm_lib_debug/src/zr_vm_lib_debug/debug_union.c	zr_debug_format_inline_union_text	function	zr_debug_format_union_value_text;debug_snapshot.c	格式化视图中的类型和变体	仅使用已构成视图的文本	debug_union.c;debug_snapshot.c;zr_vm_parser/src/zr_vm_parser/compiler/compiler_union.c;zr_vm_core/src/zr_vm_core/execution/execution_inline_frame.c;tests/debug/test_debug_variable_child_shape.c	no-comment	单一 snprintf 且格式明确
zr_vm_lib_debug/src/zr_vm_lib_debug/debug_union.c	ZR_DEBUG_UNION_TYPE_FIELD	macro	compiler_union.c;execution_inline_frame.c;debug_union.c	对应编译器与运行时的 carrier 内部字段	字段字符串必须跨层一致	debug_union.c;debug_snapshot.c;zr_vm_parser/src/zr_vm_parser/compiler/compiler_union.c;zr_vm_core/src/zr_vm_core/execution/execution_inline_frame.c;tests/debug/test_debug_variable_child_shape.c	commented	宏组前有跨层契约说明
zr_vm_lib_debug/src/zr_vm_lib_debug/debug_union.c	ZR_DEBUG_UNION_VARIANT_FIELD	macro	compiler_union.c;execution_inline_frame.c;debug_union.c	对应编译器与运行时的 carrier 内部字段	字段字符串必须跨层一致	debug_union.c;debug_snapshot.c;zr_vm_parser/src/zr_vm_parser/compiler/compiler_union.c;zr_vm_core/src/zr_vm_core/execution/execution_inline_frame.c;tests/debug/test_debug_variable_child_shape.c	commented	宏组前有跨层契约说明
zr_vm_lib_debug/src/zr_vm_lib_debug/debug_union.c	ZR_DEBUG_UNION_PAYLOAD_PREFIX	macro	compiler_union.c;execution_inline_frame.c;debug_union.c	对应编译器与运行时的 carrier 内部字段	字段字符串必须跨层一致	debug_union.c;debug_snapshot.c;zr_vm_parser/src/zr_vm_parser/compiler/compiler_union.c;zr_vm_core/src/zr_vm_core/execution/execution_inline_frame.c;tests/debug/test_debug_variable_child_shape.c	commented	宏组前有跨层契约说明
zr_vm_lib_debug/src/zr_vm_lib_debug/debug_union.c	ZrDebugUnionPrototypeRecord	type	zr_debug_union_find_prototype_record;zr_debug_union_value_view;zr_debug_inline_union_view	借用变长原型表中当前原型和成员数组	函数元数据释放后指针失效	debug_union.c;debug_snapshot.c;zr_vm_parser/src/zr_vm_parser/compiler/compiler_union.c;zr_vm_core/src/zr_vm_core/execution/execution_inline_frame.c;tests/debug/test_debug_variable_child_shape.c	commented	结构体持有借用指针
zr_vm_lib_debug/src/zr_vm_lib_debug/debug_union.c	zr_debug_union_value_view::fallback_count	block	zr_debug_union_value_view	先按 carrier 实存字段计数再用声明参数覆盖	缺少原型时仍可展示	debug_union.c;debug_snapshot.c;zr_vm_parser/src/zr_vm_parser/compiler/compiler_union.c;zr_vm_core/src/zr_vm_core/execution/execution_inline_frame.c;tests/debug/test_debug_variable_child_shape.c	commented	两级元数据回退是展示策略
zr_vm_lib_debug/src/zr_vm_lib_debug/debug_union.c	zr_debug_inline_union_view::tag_bounds	block	zr_debug_inline_union_view	读 tag 前验证帧内范围	不可越过 place 边界	debug_union.c;debug_snapshot.c;zr_vm_parser/src/zr_vm_parser/compiler/compiler_union.c;zr_vm_core/src/zr_vm_core/execution/execution_inline_frame.c;tests/debug/test_debug_variable_child_shape.c	commented	原始字节读取安全边界
zr_vm_lib_debug/src/zr_vm_lib_debug/debug_union.c	zr_debug_union_payload_field_layout::value_slot_heuristic	block	zr_debug_union_payload_field_layout	宽度不足 POD 后猜测值槽	可能把大型原始 struct 当作 SZrTypeValue	debug_union.c;debug_snapshot.c;zr_vm_parser/src/zr_vm_parser/compiler/compiler_union.c;zr_vm_core/src/zr_vm_core/execution/execution_inline_frame.c;tests/debug/test_debug_variable_child_shape.c	TODO	需从编译字段布局补充分辨标志并用大 struct union payload 验证
zr_vm_lib_debug/src/zr_vm_lib_debug/debug_union.c	zr_debug_materialize_inline_union_slot::ignored_root	block	zr_debug_materialize_inline_union_slot	创建 carrier 后加入 GC ignore registry	成功重复求值及后续构造失败均未解除 ignored root	debug_snapshot.c::zr_debug_resolve_identifier_value;debug_snapshot.c::zr_debug_variable_handles_clear;debug_union.c::zr_debug_materialize_inline_union_slot;zr_vm_core/src/zr_vm_core/gc/gc.c::ZrCore_GarbageCollector_IgnoreObject;zr_vm_core/src/zr_vm_core/gc/gc.c::ZrCore_GarbageCollector_Free;zr_vm_core/src/zr_vm_core/gc/gc_mark.c::garbage_collector_mark_ignored_roots	BUG	暂停帧活动 inline union 局部变量求值可达 materialize；每次 Object_New 成功 Ignore 后入 ignoredObjects；后续字段或 payload 构造失败也直接返回；GC 每轮将表项标根，句柄清理没有 Unignore，直到 VM/GC Free 才清表
zr_vm_lib_debug/src/zr_vm_lib_debug/debug_reference_summary.c	zr_debug_reference_scope_label	function	zr_debug_reference_summary_from_scope	将调试 scope 类型映射成用户词	未知 scope 无摘要	debug_reference_summary.c;debug_eval.c;debug_semantic_facts.c;debug_snapshot.c	no-comment	枚举 switch 输出直接说明
zr_vm_lib_debug/src/zr_vm_lib_debug/debug_reference_summary.c	zr_debug_reference_summary_from_scope	function	debug_snapshot.c;zr_debug_identifier_reference_summary	从 scope 与名称生成简短来源	空名称或未知 scope 留空	debug_reference_summary.c;debug_eval.c;debug_semantic_facts.c;debug_snapshot.c	commented	快照与求值共用措辞
zr_vm_lib_debug/src/zr_vm_lib_debug/debug_reference_summary.c	zr_debug_identifier_reference_summary	function	debug_eval.c;debug_semantic_facts.c	按暂停帧顺序定位标识符来源	捕获优先于局部；仅内建全局回退	debug_reference_summary.c;debug_eval.c;debug_semantic_facts.c;debug_snapshot.c	commented	须与兼容求值器的解析优先级一致
zr_vm_lib_debug/src/zr_vm_lib_debug/debug_reference_summary.c	zr_debug_identifier_reference_summary::lookup_order	block	zr_debug_identifier_reference_summary	先捕获再活动局部再内建全局	frameId 零映射首帧	debug_reference_summary.c;debug_eval.c;debug_semantic_facts.c;debug_snapshot.c	commented	来源摘要和求值器解析结果必须相符
zr_vm_lib_debug/src/zr_vm_lib_debug/debug_child_shape.c	zr_debug_child_object_get_field	function	zr_debug_value_semantic_summary	读取 union carrier 的内部名字字段	返回对象内部借用值	debug_child_shape.c;debug_snapshot.c;tests/debug/test_debug_variable_child_shape.c	no-comment	直接对象键读取并检查失败
zr_vm_lib_debug/src/zr_vm_lib_debug/debug_child_shape.c	zr_debug_count_visible_object_entries	function	zr_debug_value_child_shape;debug_snapshot.c	统计非内部对象子节点	跳过 __zr_ 前缀	debug_child_shape.c;debug_snapshot.c;tests/debug/test_debug_variable_child_shape.c	commented	数量必须对应快照展开过滤
zr_vm_lib_debug/src/zr_vm_lib_debug/debug_child_shape.c	zr_debug_value_child_shape	function	debug_snapshot.c::zr_debug_fill_value_preview;debug_snapshot.c::zr_debug_evaluate_with_policy	计算 named/indexed 节点数	union/数组/库容器/实例各有独立展开形状	debug_child_shape.c;debug_snapshot.c;tests/debug/test_debug_variable_child_shape.c	commented	协议计数需对应真实展开路径
zr_vm_lib_debug/src/zr_vm_lib_debug/debug_child_shape.c	zr_debug_semantic_type_name	function	zr_debug_value_semantic_summary	优先使用对象原型名	非对象回退值类型名	debug_child_shape.c;debug_snapshot.c;tests/debug/test_debug_variable_child_shape.c	no-comment	类型选择逻辑直接可见
zr_vm_lib_debug/src/zr_vm_lib_debug/debug_child_shape.c	zr_debug_semantic_ownership_name	function	zr_debug_semantic_append_ownership	所有权枚举转用户词	none 映射为空	debug_child_shape.c;debug_snapshot.c;tests/debug/test_debug_variable_child_shape.c	no-comment	枚举 switch 直接说明
zr_vm_lib_debug/src/zr_vm_lib_debug/debug_child_shape.c	zr_debug_semantic_append_ownership	function	zr_debug_value_semantic_summary	在值摘要尾部添加所有权	缓冲空间不足时省略	debug_child_shape.c;debug_snapshot.c;tests/debug/test_debug_variable_child_shape.c	no-comment	追加条件与容量检查直接可见
zr_vm_lib_debug/src/zr_vm_lib_debug/debug_child_shape.c	zr_debug_value_semantic_summary	function	debug_snapshot.c::zr_debug_fill_value_preview;debug_snapshot.c::zr_debug_evaluate_with_policy	描述值种类、展开形状和所有权	输出有界且值可为空	debug_child_shape.c;debug_snapshot.c;tests/debug/test_debug_variable_child_shape.c	commented	统一预览与求值摘要文本
zr_vm_lib_debug/src/zr_vm_lib_debug/debug_child_shape.c	zr_debug_value_child_shape::union_shape	block	zr_debug_value_child_shape	内部 union 字段映射为 variant 加 payload	named 数应等于 union 展开数	debug_child_shape.c;debug_snapshot.c;tests/debug/test_debug_variable_child_shape.c	commented	避免把内部字段直接公开
zr_vm_lib_debug/src/zr_vm_lib_debug/debug_child_shape.c	zr_debug_value_child_shape::indexed_storage	block	zr_debug_value_child_shape	数组用 indexed；库容器合成命名存储节点	应与 debug_snapshot.c 展开策略同步	debug_child_shape.c;debug_snapshot.c;tests/debug/test_debug_variable_child_shape.c	commented	协议计数与子节点枚举跨函数耦合
zr_vm_lib_debug/src/zr_vm_lib_debug/debug_internal.h	zr_debug_copy_text	interface	zr_debug_agent_register_thread_state;zr_debug_data_breakpoint_parse_id;zr_debug_agent_data_breakpoint_info;zr_debug_agent_add_data_breakpoint;zr_debug_agent_trace_observer;ZrDebug_AgentStart;ZrDebug_ReadTestManifest;ZrDebug_AgentGetEndpoint;zr_debug_copy_breakpoint_from_spec;ZrDebug_NotifyException;zr_debug_breakpoint_condition_evaluate;zr_debug_value_semantic_summary;zr_debug_evaluate_failure_set;zr_debug_evaluate_expression_with_capabilities;ZrDebug_ClassifyEvaluationEffect;zr_debug_eval_set_error;zr_debug_formal_copy_diagnostic_failure;zr_debug_formal_prepare_expression_with_failure;zr_debug_formal_evaluate_expression;zr_debug_formal_evaluate_array_literal;zr_debug_formal_evaluate_node;zr_debug_agent_fill_exception_stack;zr_debug_agent_fill_stop_event;zr_debug_protocol_make_evaluate_result_detailed;zr_debug_exception_read_frame;zr_debug_format_value_text_safe;zr_debug_fill_text_preview;zr_debug_expand_value_handle;zr_debug_find_receiver_slot;zr_debug_resolve_identifier_value;zr_debug_safe_get_member_value;zr_debug_safe_get_index_value;zr_debug_try_evaluate_index_window;zr_debug_evaluate_with_policy;ZrDebug_ReadStack;ZrDebug_ReadScopes;zr_debug_union_value_view;zr_debug_inline_union_view;zr_debug_union_payload_display_name;zr_debug_union_payload_internal_name;tests/debug/test_debug_truncation.c:12;tests/debug/test_debug_truncation.c:23;tests/debug/test_debug_truncation.c:32	将文本压入定长调试字段并保留路径末尾	输出定长且以 NUL 终止;容量足够时路径截断保留末尾	zr_vm_lib_debug/src/zr_vm_lib_debug/debug_internal.h:228;zr_vm_lib_debug/src/zr_vm_lib_debug/debug.c:zr_debug_copy_text;对应实现台账	TODO	同名实现已标 TODO：UTF-8 代码点被字节截断的协议要求尚待核实;现有截断测试仅含 ASCII;下一步补多字节协议字段测试；本声明无独立修复路径
zr_vm_lib_debug/src/zr_vm_lib_debug/debug_internal.h	zr_debug_string_native	interface	zr_debug_function_name;zr_debug_function_source;zr_debug_semantic_type_name;zr_debug_value_semantic_summary;zr_debug_identifier_reference_summary;zr_debug_semantic_register_summary_value_binding;zr_debug_value_type_name_safe;zr_debug_format_value_text_safe;zr_debug_expand_prototype_summary;zr_debug_expand_prototype_view;zr_debug_expand_value_handle;zr_debug_find_receiver_slot	取得可选 VM 字符串的原生文本	按当前实现及调用方前提使用	zr_vm_lib_debug/src/zr_vm_lib_debug/debug_internal.h:229;zr_vm_lib_debug/src/zr_vm_lib_debug/debug.c:zr_debug_string_native;对应实现台账	no-comment	内部跨文件声明只提供类型入口；同名实现 zr_vm_lib_debug/src/zr_vm_lib_debug/debug.c 的已审定义承载功能与约束，本头无独立公开契约
zr_vm_lib_debug/src/zr_vm_lib_debug/debug_internal.h	zr_debug_function_name	interface	zr_debug_breakpoint_matches_function;zr_debug_agent_fill_stop_event;zr_debug_agent_emit_breakpoint_resolved;zr_debug_format_value_text_safe;ZrDebug_ReadStack	给匿名函数提供可显示名称	按当前实现及调用方前提使用	zr_vm_lib_debug/src/zr_vm_lib_debug/debug_internal.h:230;zr_vm_lib_debug/src/zr_vm_lib_debug/debug.c:zr_debug_function_name;对应实现台账	no-comment	内部跨文件声明只提供类型入口；同名实现 zr_vm_lib_debug/src/zr_vm_lib_debug/debug.c 的已审定义承载功能与约束，本头无独立公开契约
zr_vm_lib_debug/src/zr_vm_lib_debug/debug_internal.h	zr_debug_function_source	interface	zr_debug_breakpoint_matches_function;zr_debug_agent_fill_stop_event;zr_debug_agent_emit_module_loaded;ZrDebug_ReadStack	取得函数的源码标识	按当前实现及调用方前提使用	zr_vm_lib_debug/src/zr_vm_lib_debug/debug_internal.h:231;zr_vm_lib_debug/src/zr_vm_lib_debug/debug.c:zr_debug_function_source;对应实现台账	no-comment	内部跨文件声明只提供类型入口；同名实现 zr_vm_lib_debug/src/zr_vm_lib_debug/debug.c 的已审定义承载功能与约束，本头无独立公开契约
zr_vm_lib_debug/src/zr_vm_lib_debug/debug_internal.h	zr_debug_instruction_offset	interface	zr_debug_data_breakpoint_resolve_local;zr_debug_begin_step;ZrDebug_NotifyException;zr_debug_identifier_reference_summary;zr_debug_call_info_line;zr_debug_resolve_identifier_value;ZrDebug_ReadStack;ZrDebug_ReadScopes;ZrDebug_ReadVariables	把当前 PC 换算为函数内偏移	按当前实现及调用方前提使用	zr_vm_lib_debug/src/zr_vm_lib_debug/debug_internal.h:232;zr_vm_lib_debug/src/zr_vm_lib_debug/debug.c:zr_debug_instruction_offset;对应实现台账	no-comment	内部跨文件声明只提供类型入口；同名实现 zr_vm_lib_debug/src/zr_vm_lib_debug/debug.c 的已审定义承载功能与约束，本头无独立公开契约
zr_vm_lib_debug/src/zr_vm_lib_debug/debug_internal.h	zr_debug_frame_depth	interface	zr_debug_agent_should_stop_for_step;zr_debug_agent_should_defer_breakpoint_for_step;zr_debug_begin_step;zr_debug_expand_global_state	统计可调试 VM 帧深度	按当前实现及调用方前提使用	zr_vm_lib_debug/src/zr_vm_lib_debug/debug_internal.h:233;zr_vm_lib_debug/src/zr_vm_lib_debug/debug.c:zr_debug_frame_depth;对应实现台账	no-comment	内部跨文件声明只提供类型入口；同名实现 zr_vm_lib_debug/src/zr_vm_lib_debug/debug.c 的已审定义承载功能与约束，本头无独立公开契约
zr_vm_lib_debug/src/zr_vm_lib_debug/debug_internal.h	zr_debug_stop_reason_name	interface	zr_debug_agent_emit_stopped	映射停止原因的协议名称	按当前实现及调用方前提使用	zr_vm_lib_debug/src/zr_vm_lib_debug/debug_internal.h:234;zr_vm_lib_debug/src/zr_vm_lib_debug/debug.c:zr_debug_stop_reason_name;对应实现台账	no-comment	内部跨文件声明只提供类型入口；同名实现 zr_vm_lib_debug/src/zr_vm_lib_debug/debug.c 的已审定义承载功能与约束，本头无独立公开契约
zr_vm_lib_debug/src/zr_vm_lib_debug/debug_internal.h	zr_debug_exception_filter_name	interface	zr_debug_agent_emit_stopped	映射异常过滤器名称	按当前实现及调用方前提使用	zr_vm_lib_debug/src/zr_vm_lib_debug/debug_internal.h:235;zr_vm_lib_debug/src/zr_vm_lib_debug/debug.c:zr_debug_exception_filter_name;对应实现台账	no-comment	内部跨文件声明只提供类型入口；同名实现 zr_vm_lib_debug/src/zr_vm_lib_debug/debug.c 的已审定义承载功能与约束，本头无独立公开契约
zr_vm_lib_debug/src/zr_vm_lib_debug/debug_internal.h	zr_debug_scope_kind_name	interface	ZrDebug_ReadScopes	映射变量作用域展示名称	按当前实现及调用方前提使用	zr_vm_lib_debug/src/zr_vm_lib_debug/debug_internal.h:236;zr_vm_lib_debug/src/zr_vm_lib_debug/debug.c:zr_debug_scope_kind_name;对应实现台账	no-comment	内部跨文件声明只提供类型入口；同名实现 zr_vm_lib_debug/src/zr_vm_lib_debug/debug.c 的已审定义承载功能与约束，本头无独立公开契约
zr_vm_lib_debug/src/zr_vm_lib_debug/debug_internal.h	zr_debug_value_type_name	interface	zr_debug_semantic_type_name;zr_debug_eval_value_type_name;zr_debug_value_type_name_safe;zr_debug_format_value_text_safe;zr_debug_safe_get_member_value	映射 VM 值类型展示名称	按当前实现及调用方前提使用	zr_vm_lib_debug/src/zr_vm_lib_debug/debug_internal.h:237;zr_vm_lib_debug/src/zr_vm_lib_debug/debug.c:zr_debug_value_type_name;对应实现台账	no-comment	内部跨文件声明只提供类型入口；同名实现 zr_vm_lib_debug/src/zr_vm_lib_debug/debug.c 的已审定义承载功能与约束，本头无独立公开契约
zr_vm_lib_debug/src/zr_vm_lib_debug/debug_internal.h	zr_debug_prototype_type_name	interface	zr_debug_format_value_text_safe;zr_debug_expand_prototype_summary	为原型类别提供展示名	未知类别用 prototype	zr_vm_lib_debug/src/zr_vm_lib_debug/debug_internal.h:238;zr_vm_lib_debug/src/zr_vm_lib_debug/debug_snapshot.c:zr_debug_prototype_type_name;对应实现台账	no-comment	内部跨文件声明只提供类型入口；同名实现 zr_vm_lib_debug/src/zr_vm_lib_debug/debug_snapshot.c 的已审定义承载功能与约束，本头无独立公开契约
zr_vm_lib_debug/src/zr_vm_lib_debug/debug_internal.h	zr_debug_scope_id	interface	zr_debug_agent_make_stack_trace_result;ZrDebug_ReadScopes	编码帧与作用域的变量引用	按当前实现及调用方前提使用	zr_vm_lib_debug/src/zr_vm_lib_debug/debug_internal.h:239;zr_vm_lib_debug/src/zr_vm_lib_debug/debug.c:zr_debug_scope_id;对应实现台账	BUG	同名实现已标 BUG：第 100 层及更深帧的 scopeId 落入动态 handle 区间;ReadScopes 发出该 ID 后 ReadVariables 拒绝;Core GetStack 无 99 层上限；本声明无独立修复路径
zr_vm_lib_debug/src/zr_vm_lib_debug/debug_internal.h	zr_debug_exception_read_frame	interface	ZrDebug_ReadStack;zr_vm_lib_debug/src/zr_vm_lib_debug/debug.c::ZrDebug_NotifyException	读取异常快照的一基帧 ID	数组索引为 frameId 减一；输出先清零	zr_vm_lib_debug/src/zr_vm_lib_debug/debug_internal.h:240;zr_vm_lib_debug/src/zr_vm_lib_debug/debug_snapshot.c:zr_debug_exception_read_frame;对应实现台账	no-comment	内部跨文件声明只提供类型入口；同名实现 zr_vm_lib_debug/src/zr_vm_lib_debug/debug_snapshot.c 的已审定义承载功能与约束，本头无独立公开契约
zr_vm_lib_debug/src/zr_vm_lib_debug/debug_internal.h	zr_debug_exception_frame_count	interface	ZrDebug_ReadStack;ZrDebug_ReadScopes	取得异常栈帧数	无 stacks 返回零	zr_vm_lib_debug/src/zr_vm_lib_debug/debug_internal.h:241;zr_vm_lib_debug/src/zr_vm_lib_debug/debug_snapshot.c:zr_debug_exception_frame_count;对应实现台账	no-comment	内部跨文件声明只提供类型入口；同名实现 zr_vm_lib_debug/src/zr_vm_lib_debug/debug_snapshot.c 的已审定义承载功能与约束，本头无独立公开契约
zr_vm_lib_debug/src/zr_vm_lib_debug/debug_internal.h	zr_debug_find_call_info_by_frame_id	interface	zr_debug_expand_inline_union_handle;ZrDebug_ReadScopes;zr_vm_lib_debug/src/zr_vm_lib_debug/debug_reference_summary.c::zr_debug_identifier_reference_summary	由一基帧 ID 定位 VM activation	失败清空函数输出	zr_vm_lib_debug/src/zr_vm_lib_debug/debug_internal.h:242;zr_vm_lib_debug/src/zr_vm_lib_debug/debug_snapshot.c:zr_debug_find_call_info_by_frame_id;对应实现台账	no-comment	内部跨文件声明只提供类型入口；同名实现 zr_vm_lib_debug/src/zr_vm_lib_debug/debug_snapshot.c 的已审定义承载功能与约束，本头无独立公开契约
zr_vm_lib_debug/src/zr_vm_lib_debug/debug_internal.h	zr_debug_frame_value_slot	interface	ZrDebug_ReadStack;ZrDebug_ReadVariables;zr_vm_lib_debug/src/zr_vm_lib_debug/debug_formal_evaluation_execute.c::zr_debug_formal_read_frame_binding;zr_vm_lib_debug/src/zr_vm_lib_debug/debug_semantic_bindings.c::zr_debug_semantic_register_frame_variables;tests/debug/test_debug_snapshot_contracts.c::test_debug_snapshot_variables_use_core_local_and_upvalue_apis	按帧布局读取值槽	内联值布局优先；否则标准栈读取	zr_vm_lib_debug/src/zr_vm_lib_debug/debug_internal.h:243;zr_vm_lib_debug/src/zr_vm_lib_debug/debug_snapshot.c:zr_debug_frame_value_slot;对应实现台账	no-comment	内部跨文件声明只提供类型入口；同名实现 zr_vm_lib_debug/src/zr_vm_lib_debug/debug_snapshot.c 的已审定义承载功能与约束，本头无独立公开契约
zr_vm_lib_debug/src/zr_vm_lib_debug/debug_internal.h	zr_debug_closure_capture_value	interface	zr_debug_resolve_identifier_value;zr_vm_lib_debug/src/zr_vm_lib_debug/debug_reference_summary.c::zr_debug_identifier_reference_summary	按名字读取 VM 闭包捕获槽	返回停点内有效的借用指针	zr_vm_lib_debug/src/zr_vm_lib_debug/debug_internal.h:247;zr_vm_lib_debug/src/zr_vm_lib_debug/debug_snapshot.c:zr_debug_closure_capture_value;对应实现台账	no-comment	内部跨文件声明只提供类型入口；同名实现 zr_vm_lib_debug/src/zr_vm_lib_debug/debug_snapshot.c 的已审定义承载功能与约束，本头无独立公开契约
zr_vm_lib_debug/src/zr_vm_lib_debug/debug_internal.h	zr_debug_resolve_value_prototype	interface	zr_debug_value_type_name_safe;zr_debug_format_value_text_safe;zr_debug_register_value_handle;zr_debug_register_index_window_handle;zr_debug_expand_value_handle;zr_debug_safe_get_member_value;zr_debug_safe_get_index_value;ZrDebug_ReadVariables;zr_vm_lib_debug/src/zr_vm_lib_debug/debug_child_shape.c::zr_debug_value_child_shape;zr_vm_lib_debug/src/zr_vm_lib_debug/debug_child_shape.c::zr_debug_semantic_type_name	取得值的显式或基本类型原型	需有效 state/global；对象优先显式原型	zr_vm_lib_debug/src/zr_vm_lib_debug/debug_internal.h:251;zr_vm_lib_debug/src/zr_vm_lib_debug/debug_snapshot.c:zr_debug_resolve_value_prototype;对应实现台账	no-comment	内部跨文件声明只提供类型入口；同名实现 zr_vm_lib_debug/src/zr_vm_lib_debug/debug_snapshot.c 的已审定义承载功能与约束，本头无独立公开契约
zr_vm_lib_debug/src/zr_vm_lib_debug/debug_internal.h	zr_debug_count_visible_object_entries	interface	zr_debug_value_child_shape;debug_snapshot.c	统计非内部对象子节点	跳过 __zr_ 前缀	zr_vm_lib_debug/src/zr_vm_lib_debug/debug_internal.h:252;zr_vm_lib_debug/src/zr_vm_lib_debug/debug_child_shape.c:zr_debug_count_visible_object_entries;对应实现台账	no-comment	内部跨文件声明只提供类型入口；同名实现 zr_vm_lib_debug/src/zr_vm_lib_debug/debug_child_shape.c 的已审定义承载功能与约束，本头无独立公开契约
zr_vm_lib_debug/src/zr_vm_lib_debug/debug_internal.h	zr_debug_value_child_shape	interface	debug_snapshot.c::zr_debug_fill_value_preview;debug_snapshot.c::zr_debug_evaluate_with_policy	计算 named/indexed 节点数	union/数组/库容器/实例各有独立展开形状	zr_vm_lib_debug/src/zr_vm_lib_debug/debug_internal.h:253;zr_vm_lib_debug/src/zr_vm_lib_debug/debug_child_shape.c:zr_debug_value_child_shape;对应实现台账	no-comment	内部跨文件声明只提供类型入口；同名实现 zr_vm_lib_debug/src/zr_vm_lib_debug/debug_child_shape.c 的已审定义承载功能与约束，本头无独立公开契约
zr_vm_lib_debug/src/zr_vm_lib_debug/debug_internal.h	zr_debug_value_semantic_summary	interface	debug_snapshot.c::zr_debug_fill_value_preview;debug_snapshot.c::zr_debug_evaluate_with_policy	描述值种类、展开形状和所有权	输出有界且值可为空	zr_vm_lib_debug/src/zr_vm_lib_debug/debug_internal.h:257;zr_vm_lib_debug/src/zr_vm_lib_debug/debug_child_shape.c:zr_debug_value_semantic_summary;对应实现台账	no-comment	内部跨文件声明只提供类型入口；同名实现 zr_vm_lib_debug/src/zr_vm_lib_debug/debug_child_shape.c 的已审定义承载功能与约束，本头无独立公开契约
zr_vm_lib_debug/src/zr_vm_lib_debug/debug_internal.h	zr_debug_value_is_union_carrier	interface	debug_child_shape.c;debug_snapshot.c	以内部 variant 字段识别 boxed union	仅 object 或 array 值	zr_vm_lib_debug/src/zr_vm_lib_debug/debug_internal.h:263;zr_vm_lib_debug/src/zr_vm_lib_debug/debug_union.c:zr_debug_value_is_union_carrier;对应实现台账	no-comment	内部跨文件声明只提供类型入口；同名实现 zr_vm_lib_debug/src/zr_vm_lib_debug/debug_union.c 的已审定义承载功能与约束，本头无独立公开契约
zr_vm_lib_debug/src/zr_vm_lib_debug/debug_internal.h	zr_debug_count_union_carrier_payload_fields	interface	zr_debug_union_value_view;debug_child_shape.c	按 carrier 内部键计数 payload	仅用于无原型回退及子节点形状	zr_vm_lib_debug/src/zr_vm_lib_debug/debug_internal.h:264;zr_vm_lib_debug/src/zr_vm_lib_debug/debug_union.c:zr_debug_count_union_carrier_payload_fields;对应实现台账	no-comment	内部跨文件声明只提供类型入口；同名实现 zr_vm_lib_debug/src/zr_vm_lib_debug/debug_union.c 的已审定义承载功能与约束，本头无独立公开契约
zr_vm_lib_debug/src/zr_vm_lib_debug/debug_internal.h	zr_debug_union_value_view	interface	zr_debug_union_safe_get_member_value;zr_debug_format_union_value_text;debug_snapshot.c	把 boxed carrier 与原型元数据合成视图	视图指针借用且可缺原型	zr_vm_lib_debug/src/zr_vm_lib_debug/debug_internal.h:265;zr_vm_lib_debug/src/zr_vm_lib_debug/debug_union.c:zr_debug_union_value_view;对应实现台账	no-comment	内部跨文件声明只提供类型入口；同名实现 zr_vm_lib_debug/src/zr_vm_lib_debug/debug_union.c 的已审定义承载功能与约束，本头无独立公开契约
zr_vm_lib_debug/src/zr_vm_lib_debug/debug_internal.h	zr_debug_inline_union_view	interface	zr_debug_inline_union_slot_view	从原始帧槽读 tag 并定位变体	tag 范围必须落在 place 内	zr_vm_lib_debug/src/zr_vm_lib_debug/debug_internal.h:268;zr_vm_lib_debug/src/zr_vm_lib_debug/debug_union.c:zr_debug_inline_union_view;对应实现台账	no-comment	内部跨文件声明只提供类型入口；同名实现 zr_vm_lib_debug/src/zr_vm_lib_debug/debug_union.c 的已审定义承载功能与约束，本头无独立公开契约
zr_vm_lib_debug/src/zr_vm_lib_debug/debug_internal.h	zr_debug_inline_union_slot_view	interface	zr_debug_materialize_inline_union_slot;debug_snapshot.c	取得当前帧 inline union 的 place 与视图	返回地址仅在暂停帧有效	zr_vm_lib_debug/src/zr_vm_lib_debug/debug_internal.h:273;zr_vm_lib_debug/src/zr_vm_lib_debug/debug_union.c:zr_debug_inline_union_slot_view;对应实现台账	no-comment	内部跨文件声明只提供类型入口；同名实现 zr_vm_lib_debug/src/zr_vm_lib_debug/debug_union.c 的已审定义承载功能与约束，本头无独立公开契约
zr_vm_lib_debug/src/zr_vm_lib_debug/debug_internal.h	zr_debug_union_payload_display_name	interface	debug_snapshot.c;zr_debug_union_safe_get_member_value	选用户字段名或 payloadN 回退	输出缓存需有容量	zr_vm_lib_debug/src/zr_vm_lib_debug/debug_internal.h:279;zr_vm_lib_debug/src/zr_vm_lib_debug/debug_union.c:zr_debug_union_payload_display_name;对应实现台账	no-comment	内部跨文件声明只提供类型入口；同名实现 zr_vm_lib_debug/src/zr_vm_lib_debug/debug_union.c 的已审定义承载功能与约束，本头无独立公开契约
zr_vm_lib_debug/src/zr_vm_lib_debug/debug_internal.h	zr_debug_union_payload_value_from_carrier	interface	debug_snapshot.c;zr_debug_union_safe_get_member_value	从 boxed carrier 读 payload	缺字段显示 null；返回浅拷贝值	zr_vm_lib_debug/src/zr_vm_lib_debug/debug_internal.h:284;zr_vm_lib_debug/src/zr_vm_lib_debug/debug_union.c:zr_debug_union_payload_value_from_carrier;对应实现台账	no-comment	内部跨文件声明只提供类型入口；同名实现 zr_vm_lib_debug/src/zr_vm_lib_debug/debug_union.c 的已审定义承载功能与约束，本头无独立公开契约
zr_vm_lib_debug/src/zr_vm_lib_debug/debug_internal.h	zr_debug_union_payload_value_from_inline	interface	debug_snapshot.c;zr_debug_materialize_inline_union_slot	按元数据从帧内联字节解码 payload	必须先做偏移和长度校验	zr_vm_lib_debug/src/zr_vm_lib_debug/debug_internal.h:289;zr_vm_lib_debug/src/zr_vm_lib_debug/debug_union.c:zr_debug_union_payload_value_from_inline;对应实现台账	no-comment	内部跨文件声明只提供类型入口；同名实现 zr_vm_lib_debug/src/zr_vm_lib_debug/debug_union.c 的已审定义承载功能与约束，本头无独立公开契约
zr_vm_lib_debug/src/zr_vm_lib_debug/debug_internal.h	zr_debug_materialize_inline_union_slot	interface	debug_snapshot.c::zr_debug_resolve_identifier_value	将帧内 union 封装为求值 carrier	每次创建新 GC ignored root 未解除	zr_vm_lib_debug/src/zr_vm_lib_debug/debug_internal.h:295;zr_vm_lib_debug/src/zr_vm_lib_debug/debug_union.c:zr_debug_materialize_inline_union_slot;对应实现台账	BUG	同名实现已标 BUG：暂停帧活动 inline union 局部变量求值可达 materialize；每次 Object_New 成功 Ignore 后入 ignoredObjects；后续字段或 payload 构造失败也直接返回；GC 每轮将表项标根，句柄清理没有 Unignore，直到 VM/GC Free 才清表；本声明无独立修复路径
zr_vm_lib_debug/src/zr_vm_lib_debug/debug_internal.h	zr_debug_union_safe_get_member_value	interface	debug_snapshot.c::zr_debug_safe_get_member_value;debug_snapshot.c::zr_debug_expand_union_carrier	只读提供 type/variant/payload	不执行脚本 getter	zr_vm_lib_debug/src/zr_vm_lib_debug/debug_internal.h:300;zr_vm_lib_debug/src/zr_vm_lib_debug/debug_union.c:zr_debug_union_safe_get_member_value;对应实现台账	no-comment	内部跨文件声明只提供类型入口；同名实现 zr_vm_lib_debug/src/zr_vm_lib_debug/debug_union.c 的已审定义承载功能与约束，本头无独立公开契约
zr_vm_lib_debug/src/zr_vm_lib_debug/debug_internal.h	zr_debug_format_union_value_text	interface	debug_snapshot.c	生成 boxed union 值预览	无 union 视图时交由普通格式器	zr_vm_lib_debug/src/zr_vm_lib_debug/debug_internal.h:304;zr_vm_lib_debug/src/zr_vm_lib_debug/debug_union.c:zr_debug_format_union_value_text;对应实现台账	no-comment	内部跨文件声明只提供类型入口；同名实现 zr_vm_lib_debug/src/zr_vm_lib_debug/debug_union.c 的已审定义承载功能与约束，本头无独立公开契约
zr_vm_lib_debug/src/zr_vm_lib_debug/debug_internal.h	zr_debug_format_inline_union_text	interface	zr_debug_format_union_value_text;debug_snapshot.c	格式化视图中的类型和变体	仅使用已构成视图的文本	zr_vm_lib_debug/src/zr_vm_lib_debug/debug_internal.h:308;zr_vm_lib_debug/src/zr_vm_lib_debug/debug_union.c:zr_debug_format_inline_union_text;对应实现台账	no-comment	内部跨文件声明只提供类型入口；同名实现 zr_vm_lib_debug/src/zr_vm_lib_debug/debug_union.c 的已审定义承载功能与约束，本头无独立公开契约
zr_vm_lib_debug/src/zr_vm_lib_debug/debug_internal.h	zr_debug_append_expression_semantic_facts	interface	debug_snapshot.c;tests/debug/test_debug_expression_diagnostics.c	为求值结果追加语义事实	已有值摘要不清空	zr_vm_lib_debug/src/zr_vm_lib_debug/debug_internal.h:311;zr_vm_lib_debug/src/zr_vm_lib_debug/debug_semantic_facts.c:zr_debug_append_expression_semantic_facts;对应实现台账	no-comment	内部跨文件声明只提供类型入口；同名实现 zr_vm_lib_debug/src/zr_vm_lib_debug/debug_semantic_facts.c 的已审定义承载功能与约束，本头无独立公开契约
zr_vm_lib_debug/src/zr_vm_lib_debug/debug_internal.h	zr_debug_append_expression_reference_summary	interface	debug_snapshot.c	为求值结果形成来源摘要	只输出可解析标识符	zr_vm_lib_debug/src/zr_vm_lib_debug/debug_internal.h:316;zr_vm_lib_debug/src/zr_vm_lib_debug/debug_semantic_facts.c:zr_debug_append_expression_reference_summary;对应实现台账	no-comment	内部跨文件声明只提供类型入口；同名实现 zr_vm_lib_debug/src/zr_vm_lib_debug/debug_semantic_facts.c 的已审定义承载功能与约束，本头无独立公开契约
zr_vm_lib_debug/src/zr_vm_lib_debug/debug_internal.h	zr_debug_semantic_register_bindings	interface	debug_formal_evaluation.c;zr_debug_semantic_register_summary_bindings;tests/debug/test_debug_canonical_binding_cases.h	配置正式暂停求值的规范语义环境	失败时正式推断不得继续	zr_vm_lib_debug/src/zr_vm_lib_debug/debug_internal.h:321;zr_vm_lib_debug/src/zr_vm_lib_debug/debug_semantic_bindings.c:zr_debug_semantic_register_bindings;对应实现台账	no-comment	内部跨文件声明只提供类型入口；同名实现 zr_vm_lib_debug/src/zr_vm_lib_debug/debug_semantic_bindings.c 的已审定义承载功能与约束，本头无独立公开契约
zr_vm_lib_debug/src/zr_vm_lib_debug/debug_internal.h	zr_debug_semantic_register_summary_bindings	interface	debug_semantic_facts.c	为摘要推断尝试规范绑定并补值	有表达式时允许部分摘要	zr_vm_lib_debug/src/zr_vm_lib_debug/debug_internal.h:324;zr_vm_lib_debug/src/zr_vm_lib_debug/debug_semantic_bindings.c:zr_debug_semantic_register_summary_bindings;对应实现台账	no-comment	内部跨文件声明只提供类型入口；同名实现 zr_vm_lib_debug/src/zr_vm_lib_debug/debug_semantic_bindings.c 的已审定义承载功能与约束，本头无独立公开契约
zr_vm_lib_debug/src/zr_vm_lib_debug/debug_internal.h	zr_debug_formal_evaluate_expression	interface	zr_debug_evaluate_expression_with_capabilities	先检查语义与副作用，再执行支持的 AST 子集	区分失败、未处理与成功；兼容权由外层决定	zr_vm_lib_debug/src/zr_vm_lib_debug/debug_internal.h:328;zr_vm_lib_debug/src/zr_vm_lib_debug/debug_formal_evaluation.c:zr_debug_formal_evaluate_expression;对应实现台账	no-comment	内部跨文件声明只提供类型入口；同名实现 zr_vm_lib_debug/src/zr_vm_lib_debug/debug_formal_evaluation.c 的已审定义承载功能与约束，本头无独立公开契约
zr_vm_lib_debug/src/zr_vm_lib_debug/debug_internal.h	zr_debug_reference_summary_from_scope	interface	debug_snapshot.c;zr_debug_identifier_reference_summary	从 scope 与名称生成简短来源	空名称或未知 scope 留空	zr_vm_lib_debug/src/zr_vm_lib_debug/debug_internal.h:339;zr_vm_lib_debug/src/zr_vm_lib_debug/debug_reference_summary.c:zr_debug_reference_summary_from_scope;对应实现台账	no-comment	内部跨文件声明只提供类型入口；同名实现 zr_vm_lib_debug/src/zr_vm_lib_debug/debug_reference_summary.c 的已审定义承载功能与约束，本头无独立公开契约
zr_vm_lib_debug/src/zr_vm_lib_debug/debug_internal.h	zr_debug_identifier_reference_summary	interface	debug_eval.c;debug_semantic_facts.c	按暂停帧顺序定位标识符来源	捕获优先于局部；仅内建全局回退	zr_vm_lib_debug/src/zr_vm_lib_debug/debug_internal.h:343;zr_vm_lib_debug/src/zr_vm_lib_debug/debug_reference_summary.c:zr_debug_identifier_reference_summary;对应实现台账	no-comment	内部跨文件声明只提供类型入口；同名实现 zr_vm_lib_debug/src/zr_vm_lib_debug/debug_reference_summary.c 的已审定义承载功能与约束，本头无独立公开契约
zr_vm_lib_debug/src/zr_vm_lib_debug/debug_internal.h	zr_debug_format_value_text_safe	interface	zr_debug_fill_value_preview;zr_debug_expand_value_handle;zr_debug_evaluate_with_policy;ZrDebug_ReadStack;zr_vm_lib_debug/src/zr_vm_lib_debug/debug_breakpoint_logpoint.c::zr_debug_breakpoint_logpoint_format;tests/debug/test_debug_truncation.c::test_long_string_value_preview_marks_truncation	生成不执行用户代码的简短值文本	缓冲区总是截断终止	zr_vm_lib_debug/src/zr_vm_lib_debug/debug_internal.h:348;zr_vm_lib_debug/src/zr_vm_lib_debug/debug_snapshot.c:zr_debug_format_value_text_safe;对应实现台账	no-comment	内部跨文件声明只提供类型入口；同名实现 zr_vm_lib_debug/src/zr_vm_lib_debug/debug_snapshot.c 的已审定义承载功能与约束，本头无独立公开契约
zr_vm_lib_debug/src/zr_vm_lib_debug/debug_internal.h	zr_debug_resolve_identifier_value	interface	zr_vm_lib_debug/src/zr_vm_lib_debug/debug_eval.c::zr_debug_eval_parse_primary;zr_vm_lib_debug/src/zr_vm_lib_debug/debug_semantic_bindings.c::zr_debug_semantic_register_summary_value_binding	供兼容求值器解析捕获局部与调试全局	失败清零输出并给诊断	zr_vm_lib_debug/src/zr_vm_lib_debug/debug_internal.h:352;zr_vm_lib_debug/src/zr_vm_lib_debug/debug_snapshot.c:zr_debug_resolve_identifier_value;对应实现台账	no-comment	内部跨文件声明只提供类型入口；同名实现 zr_vm_lib_debug/src/zr_vm_lib_debug/debug_snapshot.c 的已审定义承载功能与约束，本头无独立公开契约
zr_vm_lib_debug/src/zr_vm_lib_debug/debug_internal.h	zr_debug_safe_get_member_value	interface	zr_vm_lib_debug/src/zr_vm_lib_debug/debug_eval.c::zr_debug_eval_parse_postfix	安全读取对象或原型成员	拒绝属性 getter 和实例静态成员	zr_vm_lib_debug/src/zr_vm_lib_debug/debug_internal.h:358;zr_vm_lib_debug/src/zr_vm_lib_debug/debug_snapshot.c:zr_debug_safe_get_member_value;对应实现台账	no-comment	内部跨文件声明只提供类型入口；同名实现 zr_vm_lib_debug/src/zr_vm_lib_debug/debug_snapshot.c 的已审定义承载功能与约束，本头无独立公开契约
zr_vm_lib_debug/src/zr_vm_lib_debug/debug_internal.h	zr_debug_try_resolve_indexed_storage	interface	zr_debug_expand_value_handle;zr_debug_safe_get_index_value;zr_debug_try_evaluate_index_window;ZrDebug_ReadVariables;zr_vm_lib_debug/src/zr_vm_lib_debug/debug_child_shape.c::zr_debug_value_child_shape	解析数组或容器内部索引存储	只读 __zr_items 和 __zr_entries	zr_vm_lib_debug/src/zr_vm_lib_debug/debug_internal.h:364;zr_vm_lib_debug/src/zr_vm_lib_debug/debug_snapshot.c:zr_debug_try_resolve_indexed_storage;对应实现台账	no-comment	内部跨文件声明只提供类型入口；同名实现 zr_vm_lib_debug/src/zr_vm_lib_debug/debug_snapshot.c 的已审定义承载功能与约束，本头无独立公开契约
zr_vm_lib_debug/src/zr_vm_lib_debug/debug_internal.h	zr_debug_safe_get_index_value	interface	zr_vm_lib_debug/src/zr_vm_lib_debug/debug_eval.c::zr_debug_eval_parse_postfix	安全读取直接索引存储	拒绝自定义索引协议执行	zr_vm_lib_debug/src/zr_vm_lib_debug/debug_internal.h:369;zr_vm_lib_debug/src/zr_vm_lib_debug/debug_snapshot.c:zr_debug_safe_get_index_value;对应实现台账	no-comment	内部跨文件声明只提供类型入口；同名实现 zr_vm_lib_debug/src/zr_vm_lib_debug/debug_snapshot.c 的已审定义承载功能与约束，本头无独立公开契约
zr_vm_lib_debug/src/zr_vm_lib_debug/debug_internal.h	zr_debug_agent_close_client	interface	ZrDebug_AgentStop;zr_debug_agent_process_initialize;zr_debug_agent_process_disconnect;zr_debug_agent_poll_messages	关闭当前客户端并清除握手状态	按当前实现及调用方前提使用	zr_vm_lib_debug/src/zr_vm_lib_debug/debug_internal.h:376;zr_vm_lib_debug/src/zr_vm_lib_debug/debug_protocol.c:zr_debug_agent_close_client;对应实现台账	no-comment	内部跨文件声明只提供类型入口；同名实现 zr_vm_lib_debug/src/zr_vm_lib_debug/debug_protocol.c 的已审定义承载功能与约束，本头无独立公开契约
zr_vm_lib_debug/src/zr_vm_lib_debug/debug_internal.h	zr_debug_agent_fill_stop_event	interface	zr_debug_agent_trace_observer;ZrDebug_NotifyException	更新停止快照并使旧变量句柄失效	按当前实现及调用方前提使用	zr_vm_lib_debug/src/zr_vm_lib_debug/debug_internal.h:377;zr_vm_lib_debug/src/zr_vm_lib_debug/debug_protocol.c:zr_debug_agent_fill_stop_event;对应实现台账	no-comment	内部跨文件声明只提供类型入口；同名实现 zr_vm_lib_debug/src/zr_vm_lib_debug/debug_protocol.c 的已审定义承载功能与约束，本头无独立公开契约
zr_vm_lib_debug/src/zr_vm_lib_debug/debug_internal.h	zr_debug_agent_emit_breakpoint_resolved	interface	zr_debug_agent_try_resolve_pending_breakpoints_for_function;zr_debug_agent_process_set_breakpoints;zr_debug_agent_process_set_function_breakpoints	通知客户端断点解析状态	事件或响应参数由发送层接管;连接未初始化时可能跳过发送	zr_vm_lib_debug/src/zr_vm_lib_debug/debug_internal.h:383;zr_vm_lib_debug/src/zr_vm_lib_debug/debug_protocol.c:zr_debug_agent_emit_breakpoint_resolved;对应实现台账	no-comment	内部跨文件声明只提供类型入口；同名实现 zr_vm_lib_debug/src/zr_vm_lib_debug/debug_protocol.c 的已审定义承载功能与约束，本头无独立公开契约
zr_vm_lib_debug/src/zr_vm_lib_debug/debug_internal.h	zr_debug_agent_poll_messages	interface	zr_debug_agent_trace_observer;zr_debug_agent_pause_loop	接收一帧协议消息或等待连接	在 VM 执行线程处理协议;暂停循环阻塞直到继续或断线策略触发	zr_vm_lib_debug/src/zr_vm_lib_debug/debug_internal.h:384;zr_vm_lib_debug/src/zr_vm_lib_debug/debug_protocol.c:zr_debug_agent_poll_messages;对应实现台账	no-comment	内部跨文件声明只提供类型入口；同名实现 zr_vm_lib_debug/src/zr_vm_lib_debug/debug_protocol.c 的已审定义承载功能与约束，本头无独立公开契约
zr_vm_lib_debug/src/zr_vm_lib_debug/debug_internal.h	zr_debug_agent_pause_loop	interface	zr_debug_agent_trace_observer;ZrDebug_NotifyException	VM 执行线程暂停并服务调试请求	在 VM 执行线程处理协议;暂停循环阻塞直到继续或断线策略触发	zr_vm_lib_debug/src/zr_vm_lib_debug/debug_internal.h:385;zr_vm_lib_debug/src/zr_vm_lib_debug/debug_protocol.c:zr_debug_agent_pause_loop;对应实现台账	no-comment	内部跨文件声明只提供类型入口；同名实现 zr_vm_lib_debug/src/zr_vm_lib_debug/debug_protocol.c 的已审定义承载功能与约束，本头无独立公开契约
zr_vm_lib_debug/src/zr_vm_lib_debug/debug_internal.h	zr_debug_agent_emit_output	interface	zr_debug_breakpoint_condition_satisfied;zr_debug_breakpoint_emit_logpoint	发送调试输出事件	事件或响应参数由发送层接管;连接未初始化时可能跳过发送	zr_vm_lib_debug/src/zr_vm_lib_debug/debug_internal.h:386;zr_vm_lib_debug/src/zr_vm_lib_debug/debug_protocol.c:zr_debug_agent_emit_output;对应实现台账	no-comment	内部跨文件声明只提供类型入口；同名实现 zr_vm_lib_debug/src/zr_vm_lib_debug/debug_protocol.c 的已审定义承载功能与约束，本头无独立公开契约
zr_vm_lib_debug/src/zr_vm_lib_debug/debug_internal.h	zr_debug_call_info_line	interface	ZrDebug_ReadStack;zr_vm_lib_debug/src/zr_vm_lib_debug/debug.c::ZrDebug_NotifyException	从指令偏移取得源行	顶帧无映射时回退最近停点行	zr_vm_lib_debug/src/zr_vm_lib_debug/debug_internal.h:388;zr_vm_lib_debug/src/zr_vm_lib_debug/debug_snapshot.c:zr_debug_call_info_line;对应实现台账	no-comment	内部跨文件声明只提供类型入口；同名实现 zr_vm_lib_debug/src/zr_vm_lib_debug/debug_snapshot.c 的已审定义承载功能与约束，本头无独立公开契约
zr_vm_lib_debug/src/zr_vm_lib_debug/debug_internal.h	zr_debug_variable_handles_clear	interface	zr_vm_lib_debug/src/zr_vm_lib_debug/debug.c::ZrDebug_AgentStop;zr_vm_lib_debug/src/zr_vm_lib_debug/debug.c::ZrDebug_Continue;zr_vm_lib_debug/src/zr_vm_lib_debug/debug.c::zr_debug_begin_step;zr_vm_lib_debug/src/zr_vm_lib_debug/debug_protocol.c::zr_debug_agent_fill_stop_event;zr_vm_lib_debug/src/zr_vm_lib_debug/debug_protocol.c::zr_debug_agent_pause_loop	释放本停点全部变量句柄	不重置下一个句柄 ID	zr_vm_lib_debug/src/zr_vm_lib_debug/debug_internal.h:390;zr_vm_lib_debug/src/zr_vm_lib_debug/debug_snapshot.c:zr_debug_variable_handles_clear;对应实现台账	no-comment	内部跨文件声明只提供类型入口；同名实现 zr_vm_lib_debug/src/zr_vm_lib_debug/debug_snapshot.c 的已审定义承载功能与约束，本头无独立公开契约
zr_vm_lib_debug/src/zr_vm_lib_debug/debug_internal.h	zr_debug_agent_find_thread_by_id	interface	zr_debug_agent_begin_thread_access	按协议线程号查 VM 状态	按当前实现及调用方前提使用	zr_vm_lib_debug/src/zr_vm_lib_debug/debug_internal.h:391;zr_vm_lib_debug/src/zr_vm_lib_debug/debug.c:zr_debug_agent_find_thread_by_id;对应实现台账	no-comment	内部跨文件声明只提供类型入口；同名实现 zr_vm_lib_debug/src/zr_vm_lib_debug/debug.c 的已审定义承载功能与约束，本头无独立公开契约
zr_vm_lib_debug/src/zr_vm_lib_debug/debug_internal.h	zr_debug_agent_find_thread_by_state	interface	zr_debug_agent_thread_id_for_state;zr_debug_agent_register_thread_state	按 VM 状态查协议线程号	按当前实现及调用方前提使用	zr_vm_lib_debug/src/zr_vm_lib_debug/debug_internal.h:392;zr_vm_lib_debug/src/zr_vm_lib_debug/debug.c:zr_debug_agent_find_thread_by_state;对应实现台账	no-comment	内部跨文件声明只提供类型入口；同名实现 zr_vm_lib_debug/src/zr_vm_lib_debug/debug.c 的已审定义承载功能与约束，本头无独立公开契约
zr_vm_lib_debug/src/zr_vm_lib_debug/debug_internal.h	zr_debug_agent_thread_id_for_state	interface	zr_debug_agent_trace_observer	查询执行状态对应的线程号	按当前实现及调用方前提使用	zr_vm_lib_debug/src/zr_vm_lib_debug/debug_internal.h:393;zr_vm_lib_debug/src/zr_vm_lib_debug/debug.c:zr_debug_agent_thread_id_for_state;对应实现台账	no-comment	内部跨文件声明只提供类型入口；同名实现 zr_vm_lib_debug/src/zr_vm_lib_debug/debug.c 的已审定义承载功能与约束，本头无独立公开契约
zr_vm_lib_debug/src/zr_vm_lib_debug/debug_internal.h	zr_debug_agent_effective_thread_id	interface	zr_debug_agent_begin_thread_access;zr_debug_agent_check_data_breakpoints;zr_debug_agent_fill_stop_event;zr_debug_agent_emit_continued;zr_debug_agent_thread_id_from_params;zr_debug_agent_make_threads_result;zr_debug_exception_read_frame;ZrDebug_ReadStack;ZrDebug_ReadScopes	为缺省线程请求选择上次停止线程	按当前实现及调用方前提使用	zr_vm_lib_debug/src/zr_vm_lib_debug/debug_internal.h:394;zr_vm_lib_debug/src/zr_vm_lib_debug/debug.c:zr_debug_agent_effective_thread_id;对应实现台账	no-comment	内部跨文件声明只提供类型入口；同名实现 zr_vm_lib_debug/src/zr_vm_lib_debug/debug.c 的已审定义承载功能与约束，本头无独立公开契约
zr_vm_lib_debug/src/zr_vm_lib_debug/debug_internal.h	zr_debug_agent_register_thread_state	interface	zr_debug_agent_trace_observer;ZrDebug_AgentStart	注册 VM 状态并安装 trace observer	按当前实现及调用方前提使用	zr_vm_lib_debug/src/zr_vm_lib_debug/debug_internal.h:395;zr_vm_lib_debug/src/zr_vm_lib_debug/debug.c:zr_debug_agent_register_thread_state;对应实现台账	no-comment	内部跨文件声明只提供类型入口；同名实现 zr_vm_lib_debug/src/zr_vm_lib_debug/debug.c 的已审定义承载功能与约束，本头无独立公开契约
zr_vm_lib_debug/src/zr_vm_lib_debug/debug_internal.h	zr_debug_agent_begin_thread_access	interface	zr_debug_agent_data_breakpoint_info;zr_debug_agent_add_data_breakpoint;zr_debug_agent_make_stack_trace_result;zr_debug_agent_make_scopes_result;zr_debug_agent_make_variables_result;zr_debug_protocol_make_evaluate_result_detailed	在单个请求期间切换 agent 当前线程上下文	访问期间 agent->state 临时切换;必须成对恢复	zr_vm_lib_debug/src/zr_vm_lib_debug/debug_internal.h:399;zr_vm_lib_debug/src/zr_vm_lib_debug/debug.c:zr_debug_agent_begin_thread_access;对应实现台账	no-comment	内部跨文件声明只提供类型入口；同名实现 zr_vm_lib_debug/src/zr_vm_lib_debug/debug.c 的已审定义承载功能与约束，本头无独立公开契约
zr_vm_lib_debug/src/zr_vm_lib_debug/debug_internal.h	zr_debug_agent_end_thread_access	interface	zr_debug_agent_data_breakpoint_info;zr_debug_agent_add_data_breakpoint;zr_debug_agent_make_stack_trace_result;zr_debug_agent_make_scopes_result;zr_debug_agent_make_variables_result;zr_debug_protocol_make_evaluate_result_detailed	恢复请求前的 agent 线程上下文	访问期间 agent->state 临时切换;必须成对恢复	zr_vm_lib_debug/src/zr_vm_lib_debug/debug_internal.h:404;zr_vm_lib_debug/src/zr_vm_lib_debug/debug.c:zr_debug_agent_end_thread_access;对应实现台账	no-comment	内部跨文件声明只提供类型入口；同名实现 zr_vm_lib_debug/src/zr_vm_lib_debug/debug.c 的已审定义承载功能与约束，本头无独立公开契约
zr_vm_lib_debug/src/zr_vm_lib_debug/debug_internal.h	zr_debug_agent_data_breakpoint_info	interface	zr_debug_agent_process_data_breakpoint_info	把作用域变量转换为可监视 dataId	dataId 和目标帧须仍可解析;仅监视参数 局部变量及 upvalue	zr_vm_lib_debug/src/zr_vm_lib_debug/debug_internal.h:405;zr_vm_lib_debug/src/zr_vm_lib_debug/debug.c:zr_debug_agent_data_breakpoint_info;对应实现台账	no-comment	内部跨文件声明只提供类型入口；同名实现 zr_vm_lib_debug/src/zr_vm_lib_debug/debug.c 的已审定义承载功能与约束，本头无独立公开契约
zr_vm_lib_debug/src/zr_vm_lib_debug/debug_internal.h	zr_debug_agent_clear_data_breakpoints	interface	ZrDebug_AgentStop;zr_debug_agent_process_set_data_breakpoints	释放当前数据断点集合	dataId 和目标帧须仍可解析;仅监视参数 局部变量及 upvalue	zr_vm_lib_debug/src/zr_vm_lib_debug/debug_internal.h:413;zr_vm_lib_debug/src/zr_vm_lib_debug/debug.c:zr_debug_agent_clear_data_breakpoints;对应实现台账	no-comment	内部跨文件声明只提供类型入口；同名实现 zr_vm_lib_debug/src/zr_vm_lib_debug/debug.c 的已审定义承载功能与约束，本头无独立公开契约
zr_vm_lib_debug/src/zr_vm_lib_debug/debug_internal.h	zr_debug_agent_add_data_breakpoint	interface	zr_debug_agent_process_set_data_breakpoints	验证 dataId 并安装写入监视基线	dataId 和目标帧须仍可解析;仅监视参数 局部变量及 upvalue	zr_vm_lib_debug/src/zr_vm_lib_debug/debug_internal.h:414;zr_vm_lib_debug/src/zr_vm_lib_debug/debug.c:zr_debug_agent_add_data_breakpoint;对应实现台账	no-comment	内部跨文件声明只提供类型入口；同名实现 zr_vm_lib_debug/src/zr_vm_lib_debug/debug.c 的已审定义承载功能与约束，本头无独立公开契约
zr_vm_lib_debug/src/zr_vm_lib_debug/debug_internal.h	zr_debug_agent_check_data_breakpoints	interface	zr_debug_agent_trace_observer	在 trace 安全点比较被监视值	只借用 VM 对象;上次值用于比较;执行于 trace 安全点	zr_vm_lib_debug/src/zr_vm_lib_debug/debug_internal.h:419;zr_vm_lib_debug/src/zr_vm_lib_debug/debug.c:zr_debug_agent_check_data_breakpoints;对应实现台账	no-comment	内部跨文件声明只提供类型入口；同名实现 zr_vm_lib_debug/src/zr_vm_lib_debug/debug.c 的已审定义承载功能与约束，本头无独立公开契约
zr_vm_lib_debug/src/zr_vm_lib_debug/debug_internal.h	zr_debug_evaluate_expression	interface	zr_debug_try_evaluate_index_window	提供旧公开求值入口	无副作用能力；允许兼容路径	zr_vm_lib_debug/src/zr_vm_lib_debug/debug_internal.h:420;zr_vm_lib_debug/src/zr_vm_lib_debug/debug_eval.c:zr_debug_evaluate_expression;对应实现台账	no-comment	内部跨文件声明只提供类型入口；同名实现 zr_vm_lib_debug/src/zr_vm_lib_debug/debug_eval.c 的已审定义承载功能与约束，本头无独立公开契约
zr_vm_lib_debug/src/zr_vm_lib_debug/debug_internal.h	zr_debug_evaluate_expression_with_capabilities	interface	zr_debug_evaluate_expression; zr_debug_evaluate_with_policy; zr_debug_breakpoint_condition_evaluate; zr_debug_breakpoint_logpoint_format	先尝试规范语义求值，再按授权进入兼容解析器	调用方决定能力位与兼容许可；输出初始化	zr_vm_lib_debug/src/zr_vm_lib_debug/debug_internal.h:428;zr_vm_lib_debug/src/zr_vm_lib_debug/debug_eval.c:zr_debug_evaluate_expression_with_capabilities;对应实现台账	no-comment	内部跨文件声明只提供类型入口；同名实现 zr_vm_lib_debug/src/zr_vm_lib_debug/debug_eval.c 的已审定义承载功能与约束，本头无独立公开契约
zr_vm_lib_debug/src/zr_vm_lib_debug/debug_internal.h	zr_debug_evaluate_failure_clear	interface	zr_debug_evaluate_expression_with_capabilities; zr_debug_evaluate_failure_set; zr_debug_evaluate_with_policy	清空失败详情以便同一次请求重新写入	failure 可空	zr_vm_lib_debug/src/zr_vm_lib_debug/debug_internal.h:441;zr_vm_lib_debug/src/zr_vm_lib_debug/debug_eval.c:zr_debug_evaluate_failure_clear;对应实现台账	no-comment	内部跨文件声明只提供类型入口；同名实现 zr_vm_lib_debug/src/zr_vm_lib_debug/debug_eval.c 的已审定义承载功能与约束，本头无独立公开契约
zr_vm_lib_debug/src/zr_vm_lib_debug/debug_internal.h	zr_debug_evaluate_failure_set	interface	zr_debug_evaluate_expression_with_capabilities; zr_debug_formal_copy_diagnostic_failure; zr_debug_formal_evaluate_expression; zr_debug_formal_prepare_expression_with_failure; zr_debug_protocol_make_evaluate_result_detailed; zr_debug_evaluate_with_policy	设置失败种类、停止状态与稳定错误码	先清空旧字段；输出可空	zr_vm_lib_debug/src/zr_vm_lib_debug/debug_internal.h:442;zr_vm_lib_debug/src/zr_vm_lib_debug/debug_eval.c:zr_debug_evaluate_failure_set;对应实现台账	no-comment	内部跨文件声明只提供类型入口；同名实现 zr_vm_lib_debug/src/zr_vm_lib_debug/debug_eval.c 的已审定义承载功能与约束，本头无独立公开契约
zr_vm_lib_debug/include/zr_vm_debug/debug.h	ZR_VM_DEBUG_DEBUG_COMPAT_H	macro	包含 zr_vm_lib_debug/include/zr_vm_debug/debug.h 的首方翻译单元;预处理器 #ifndef/#endif	避免本头重复包含时重定义类型与声明	守卫名须与本文件 #ifndef 及结尾 #endif 成对	zr_vm_lib_debug/include/zr_vm_debug/debug.h:1-2;zr_vm_lib_debug/include/zr_vm_debug/debug.h:7	no-comment	标准头文件包含守卫；宏名和包围关系已直接说明作用
zr_vm_lib_debug/include/zr_vm_lib_debug/conf.h	ZR_VM_DEBUG_CONF_H	macro	包含 zr_vm_lib_debug/include/zr_vm_lib_debug/conf.h 的首方翻译单元;预处理器 #ifndef/#endif	避免本头重复包含时重定义类型与声明	守卫名须与本文件 #ifndef 及结尾 #endif 成对	zr_vm_lib_debug/include/zr_vm_lib_debug/conf.h:1-2;zr_vm_lib_debug/include/zr_vm_lib_debug/conf.h:15	no-comment	标准头文件包含守卫；宏名和包围关系已直接说明作用
zr_vm_lib_debug/include/zr_vm_lib_debug/conf.h	ZR_DEBUG_TEXT_CAPACITY	macro	ZrDebugStopEvent;ZrDebugValuePreview;ZrDebugBreakpoint;zr_debug_copy_text	限定调试协议按值文本字段的字节容量	固定 256 字节包含 NUL；复制路径可能截断	zr_vm_lib_debug/include/zr_vm_lib_debug/conf.h:11;conf.h:10-13;debug.h:ZrDebugStopEvent;debug.c:zr_debug_copy_text	no-comment	conf.h 相邻组注释已解释公开快照的截断界限
zr_vm_lib_debug/include/zr_vm_lib_debug/conf.h	ZR_DEBUG_NAME_CAPACITY	macro	ZrDebugFrameSnapshot;ZrDebugValuePreview;ZrDebugBreakpoint	限定调试帧、变量、断点名称字段的字节容量	固定 128 字节包含 NUL；过长名称经复制函数截断	zr_vm_lib_debug/include/zr_vm_lib_debug/conf.h:12;conf.h:10-13;debug.h:ZrDebugFrameSnapshot;debug_internal.h:ZrDebugBreakpoint	no-comment	conf.h 相邻组注释已解释固定字段及调用方可见边界
zr_vm_lib_debug/include/zr_vm_lib_debug/conf.h	ZR_DEBUG_EXCEPTION_STACK_CAPACITY	macro	ZrDebugStopEvent.exception_stack;zr_debug_agent_fill_exception_stack	限定停止事件中异常栈文本的按值容量	固定 4096 字节包含 NUL；截断不改变异常帧集合	zr_vm_lib_debug/include/zr_vm_lib_debug/conf.h:13;conf.h:10-13;debug.h:ZrDebugStopEvent;debug_protocol.c:zr_debug_agent_fill_exception_stack	no-comment	conf.h 相邻组注释与字段名称已表达公开容量
zr_vm_lib_debug/include/zr_vm_lib_debug/coverage.h	ZR_VM_DEBUG_COVERAGE_H	macro	包含 zr_vm_lib_debug/include/zr_vm_lib_debug/coverage.h 的首方翻译单元;预处理器 #ifndef/#endif	避免本头重复包含时重定义类型与声明	守卫名须与本文件 #ifndef 及结尾 #endif 成对	zr_vm_lib_debug/include/zr_vm_lib_debug/coverage.h:1-2;zr_vm_lib_debug/include/zr_vm_lib_debug/coverage.h:64	no-comment	标准头文件包含守卫；宏名和包围关系已直接说明作用
zr_vm_lib_debug/include/zr_vm_lib_debug/coverage.h	ZR_DEBUG_COVERAGE_NAME_CAPACITY	macro	ZrDebugCoverageLine.name;ZrDebug_Coverage_RegisterFunction	使 Coverage 名称快照沿用调试库统一名称容量	等于 ZR_DEBUG_NAME_CAPACITY；不能与公开结果结构脱节	zr_vm_lib_debug/include/zr_vm_lib_debug/coverage.h:7;coverage.h:7,18;conf.h:12;coverage.c:ZrDebug_Coverage_RegisterFunction	no-comment	别名关系与结构字段已直接表达用途
zr_vm_lib_debug/include/zr_vm_lib_debug/coverage.h	ZR_DEBUG_COVERAGE_SOURCE_CAPACITY	macro	ZrDebugCoverageLine.source;ZrDebug_Coverage_RegisterFunction	使 Coverage 来源文本沿用调试库统一文本容量	等于 ZR_DEBUG_TEXT_CAPACITY；公开结构大小受其影响	zr_vm_lib_debug/include/zr_vm_lib_debug/coverage.h:8;coverage.h:8,19;conf.h:11;coverage.c:ZrDebug_Coverage_RegisterFunction	no-comment	别名关系与结构字段已直接表达用途
zr_vm_lib_debug/include/zr_vm_lib_debug/debug.h	ZR_VM_DEBUG_DEBUG_H	macro	包含 zr_vm_lib_debug/include/zr_vm_lib_debug/debug.h 的首方翻译单元;预处理器 #ifndef/#endif	避免本头重复包含时重定义类型与声明	守卫名须与本文件 #ifndef 及结尾 #endif 成对	zr_vm_lib_debug/include/zr_vm_lib_debug/debug.h:1-2;zr_vm_lib_debug/include/zr_vm_lib_debug/debug.h:340	no-comment	标准头文件包含守卫；宏名和包围关系已直接说明作用
zr_vm_lib_debug/include/zr_vm_lib_debug/module.h	ZR_VM_LIB_DEBUG_MODULE_H	macro	包含 zr_vm_lib_debug/include/zr_vm_lib_debug/module.h 的首方翻译单元;预处理器 #ifndef/#endif	避免本头重复包含时重定义类型与声明	守卫名须与本文件 #ifndef 及结尾 #endif 成对	zr_vm_lib_debug/include/zr_vm_lib_debug/module.h:1-2;zr_vm_lib_debug/include/zr_vm_lib_debug/module.h:30	no-comment	标准头文件包含守卫；宏名和包围关系已直接说明作用
zr_vm_lib_debug/include/zr_vm_lib_debug/profile.h	ZR_VM_DEBUG_PROFILE_H	macro	包含 zr_vm_lib_debug/include/zr_vm_lib_debug/profile.h 的首方翻译单元;预处理器 #ifndef/#endif	避免本头重复包含时重定义类型与声明	守卫名须与本文件 #ifndef 及结尾 #endif 成对	zr_vm_lib_debug/include/zr_vm_lib_debug/profile.h:1-2;zr_vm_lib_debug/include/zr_vm_lib_debug/profile.h:97	no-comment	标准头文件包含守卫；宏名和包围关系已直接说明作用
zr_vm_lib_debug/include/zr_vm_lib_debug/profile.h	ZR_DEBUG_PROFILE_NAME_CAPACITY	macro	ZrDebugProfileEntry.name;ZrDebugProfileSample.name;profile hook	使 Profile 聚合项与样本使用统一名称容量	等于 ZR_DEBUG_NAME_CAPACITY；输出字段按值存储	zr_vm_lib_debug/include/zr_vm_lib_debug/profile.h:7;profile.h:7,19,30;conf.h:12;profile.c:zr_debug_profile_find_or_add_entry	no-comment	别名关系及两个结果字段已直接表达用途
zr_vm_lib_debug/include/zr_vm_lib_debug/profile.h	ZR_DEBUG_PROFILE_SOURCE_CAPACITY	macro	ZrDebugProfileEntry.source;ZrDebugProfileSample.source;profile hook	使 Profile 来源路径使用统一文本容量	等于 ZR_DEBUG_TEXT_CAPACITY；输出字段按值存储	zr_vm_lib_debug/include/zr_vm_lib_debug/profile.h:8;profile.h:8,20,31;conf.h:11;profile.c:zr_debug_profile_find_or_add_entry	no-comment	别名关系及两个结果字段已直接表达用途
zr_vm_lib_debug/src/zr_vm_lib_debug/debug_breakpoint_condition.h	ZR_VM_DEBUG_BREAKPOINT_CONDITION_H	macro	包含 zr_vm_lib_debug/src/zr_vm_lib_debug/debug_breakpoint_condition.h 的首方翻译单元;预处理器 #ifndef/#endif	避免本头重复包含时重定义类型与声明	守卫名须与本文件 #ifndef 及结尾 #endif 成对	zr_vm_lib_debug/src/zr_vm_lib_debug/debug_breakpoint_condition.h:1-2;zr_vm_lib_debug/src/zr_vm_lib_debug/debug_breakpoint_condition.h:18	no-comment	标准头文件包含守卫；宏名和包围关系已直接说明作用
zr_vm_lib_debug/src/zr_vm_lib_debug/debug_breakpoint_logpoint.h	ZR_VM_DEBUG_BREAKPOINT_LOGPOINT_H	macro	包含 zr_vm_lib_debug/src/zr_vm_lib_debug/debug_breakpoint_logpoint.h 的首方翻译单元;预处理器 #ifndef/#endif	避免本头重复包含时重定义类型与声明	守卫名须与本文件 #ifndef 及结尾 #endif 成对	zr_vm_lib_debug/src/zr_vm_lib_debug/debug_breakpoint_logpoint.h:1-2;zr_vm_lib_debug/src/zr_vm_lib_debug/debug_breakpoint_logpoint.h:17	no-comment	标准头文件包含守卫；宏名和包围关系已直接说明作用
zr_vm_lib_debug/src/zr_vm_lib_debug/debug_eval_internal.h	ZR_VM_LIB_DEBUG_EVAL_INTERNAL_H	macro	包含 zr_vm_lib_debug/src/zr_vm_lib_debug/debug_eval_internal.h 的首方翻译单元;预处理器 #ifndef/#endif	避免本头重复包含时重定义类型与声明	守卫名须与本文件 #ifndef 及结尾 #endif 成对	zr_vm_lib_debug/src/zr_vm_lib_debug/debug_eval_internal.h:1-2;zr_vm_lib_debug/src/zr_vm_lib_debug/debug_eval_internal.h:59	no-comment	标准头文件包含守卫；宏名和包围关系已直接说明作用
zr_vm_lib_debug/src/zr_vm_lib_debug/debug_evaluation_effect_internal.h	ZR_VM_DEBUG_EVALUATION_EFFECT_INTERNAL_H	macro	包含 zr_vm_lib_debug/src/zr_vm_lib_debug/debug_evaluation_effect_internal.h 的首方翻译单元;预处理器 #ifndef/#endif	避免本头重复包含时重定义类型与声明	守卫名须与本文件 #ifndef 及结尾 #endif 成对	zr_vm_lib_debug/src/zr_vm_lib_debug/debug_evaluation_effect_internal.h:1-2;zr_vm_lib_debug/src/zr_vm_lib_debug/debug_evaluation_effect_internal.h:72	no-comment	标准头文件包含守卫；宏名和包围关系已直接说明作用
zr_vm_lib_debug/src/zr_vm_lib_debug/debug_internal.h	ZR_VM_DEBUG_DEBUG_INTERNAL_H	macro	包含 zr_vm_lib_debug/src/zr_vm_lib_debug/debug_internal.h 的首方翻译单元;预处理器 #ifndef/#endif	避免本头重复包含时重定义类型与声明	守卫名须与本文件 #ifndef 及结尾 #endif 成对	zr_vm_lib_debug/src/zr_vm_lib_debug/debug_internal.h:1-2;zr_vm_lib_debug/src/zr_vm_lib_debug/debug_internal.h:448	no-comment	标准头文件包含守卫；宏名和包围关系已直接说明作用
zr_vm_lib_debug/src/zr_vm_lib_debug/debug_protocol_evaluate.h	ZR_VM_DEBUG_PROTOCOL_EVALUATE_H	macro	包含 zr_vm_lib_debug/src/zr_vm_lib_debug/debug_protocol_evaluate.h 的首方翻译单元;预处理器 #ifndef/#endif	避免本头重复包含时重定义类型与声明	守卫名须与本文件 #ifndef 及结尾 #endif 成对	zr_vm_lib_debug/src/zr_vm_lib_debug/debug_protocol_evaluate.h:1-2;zr_vm_lib_debug/src/zr_vm_lib_debug/debug_protocol_evaluate.h:29	no-comment	标准头文件包含守卫；宏名和包围关系已直接说明作用
zr_vm_lib_debug/src/zr_vm_lib_debug/module.c	ZR_DEBUG_SCRIPT_TRACEBACK_BUFFER_SIZE	macro	debug_traceback_callback	为脚本 debug.traceback 的临时输出限定栈缓冲大小	固定 8192 字节；结果须以 NUL 终止	zr_vm_lib_debug/src/zr_vm_lib_debug/module.c:21;module.c:21,635-668;zr.debug.traceback	no-comment	宏名、唯一使用点和公开 traceback 回调足以说明容量用途
zr_vm_lib_debug/src/zr_vm_lib_debug/module.c	ZR_DEBUG_SCRIPT_HOOK_MASK_TEXT_CAPACITY	macro	ZrDebugScriptHookRecord.maskText;debug_sethook_callback;debug_gethook_callback	缓存脚本 hook 的事件 mask 文本以便 gethook 回读	固定 8 字节；sethook 复制后补 NUL	zr_vm_lib_debug/src/zr_vm_lib_debug/module.c:22;module.c:22,28,901,972-973,1006;zr.debug.sethook/gethook	no-comment	掩码字段及 sethook/gethook 调用链直观，无额外容量协议
