file	unit	kind	callers	intent	constraints	evidence	decision	reason
zr_vm_language_server/src/zr_vm_language_server/semantic/semantic_analyzer.c	semantic_append_stable_slot_hover	function	ZrLanguageServer_SemanticAnalyzer_GetHoverInfo@zr_vm_language_server/src/zr_vm_language_server/semantic/semantic_analyzer.c:2003	为类型悬停补入稳定成员槽位的原型说明，帮助用户区分类型成员与临时推断	展示文本基于当前 AST 与语义上下文；所有追加写入需受目标缓冲区容量约束	zr_vm_language_server/src/zr_vm_language_server/semantic/semantic_analyzer.c:16	no-comment	名称和所在阶段已表达局部职责；无额外独立调用契约
zr_vm_language_server/src/zr_vm_language_server/semantic/semantic_analyzer.c	semantic_source_uri_equals	function	semantic_file_range_contains_position@zr_vm_language_server/src/zr_vm_language_server/semantic/semantic_analyzer.c:93	避免类型定位跨越显式不同的文件来源	展示文本基于当前 AST 与语义上下文；所有追加写入需受目标缓冲区容量约束	zr_vm_language_server/src/zr_vm_language_server/semantic/semantic_analyzer.c:37	no-comment	名称和所在阶段已表达局部职责；无额外独立调用契约
zr_vm_language_server/src/zr_vm_language_server/semantic/semantic_analyzer.c	semantic_get_string_view	function	semantic_find_type_info_at_position@zr_vm_language_server/src/zr_vm_language_server/semantic/semantic_analyzer.c:138	统一短字符串和长字符串的展示视图，供固定缓冲区格式化使用	展示文本基于当前 AST 与语义上下文；所有追加写入需受目标缓冲区容量约束	zr_vm_language_server/src/zr_vm_language_server/semantic/semantic_analyzer.c:72	no-comment	名称和所在阶段已表达局部职责；无额外独立调用契约
zr_vm_language_server/src/zr_vm_language_server/semantic/semantic_analyzer.c	semantic_file_range_contains_position	function	semantic_find_type_info_at_position@zr_vm_language_server/src/zr_vm_language_server/semantic/semantic_analyzer.c:173	限定声明类型检索到悬停所在的源码范围	展示文本基于当前 AST 与语义上下文；所有追加写入需受目标缓冲区容量约束	zr_vm_language_server/src/zr_vm_language_server/semantic/semantic_analyzer.c:92	no-comment	名称和所在阶段已表达局部职责；无额外独立调用契约
zr_vm_language_server/src/zr_vm_language_server/semantic/semantic_analyzer.c	semantic_find_type_info_at_position	function	semantic_find_type_node_at_position@zr_vm_language_server/src/zr_vm_language_server/semantic/semantic_analyzer.c:209	在嵌套 AST 类型语法中定位光标指向的最具体类型节点	展示文本基于当前 AST 与语义上下文；所有追加写入需受目标缓冲区容量约束	zr_vm_language_server/src/zr_vm_language_server/semantic/semantic_analyzer.c:108	no-comment	名称和所在阶段已表达局部职责；无额外独立调用契约
zr_vm_language_server/src/zr_vm_language_server/semantic/semantic_analyzer.c	semantic_find_type_node_at_position	function	ZrLanguageServer_SemanticAnalyzer_GetHoverInfo@zr_vm_language_server/src/zr_vm_language_server/semantic/semantic_analyzer.c:2038	从声明树选择供悬停解析的类型语法节点	展示文本基于当前 AST 与语义上下文；所有追加写入需受目标缓冲区容量约束	zr_vm_language_server/src/zr_vm_language_server/semantic/semantic_analyzer.c:176	no-comment	名称和所在阶段已表达局部职责；无额外独立调用契约
zr_vm_language_server/src/zr_vm_language_server/semantic/semantic_analyzer.c	semantic_find_type_record_by_id	function	semantic_symbol_display_type_info@zr_vm_language_server/src/zr_vm_language_server/semantic/semantic_analyzer.c:531	把规范类型 ID 映射到当前语义上下文的类型记录	展示文本基于当前 AST 与语义上下文；所有追加写入需受目标缓冲区容量约束	zr_vm_language_server/src/zr_vm_language_server/semantic/semantic_analyzer.c:499	no-comment	名称和所在阶段已表达局部职责；无额外独立调用契约
zr_vm_language_server/src/zr_vm_language_server/semantic/semantic_analyzer.c	semantic_symbol_display_type_info	function	ZrLanguageServer_SemanticAnalyzer_GetHoverInfo@zr_vm_language_server/src/zr_vm_language_server/semantic/semantic_analyzer.c:2030	优先选择可证明的规范类型作为符号展示类型	展示文本基于当前 AST 与语义上下文；所有追加写入需受目标缓冲区容量约束	zr_vm_language_server/src/zr_vm_language_server/semantic/semantic_analyzer.c:516	no-comment	名称和所在阶段已表达局部职责；无额外独立调用契约
zr_vm_language_server/src/zr_vm_language_server/semantic/semantic_analyzer.c	semantic_extract_direct_identifier_name	function	semantic_resolve_callable_signature_symbol@zr_vm_language_server/src/zr_vm_language_server/semantic/semantic_analyzer.c:592	给可调用声明签名检索提供直接标识符名称	展示文本基于当前 AST 与语义上下文；所有追加写入需受目标缓冲区容量约束	zr_vm_language_server/src/zr_vm_language_server/semantic/semantic_analyzer.c:541	no-comment	名称和所在阶段已表达局部职责；无额外独立调用契约
zr_vm_language_server/src/zr_vm_language_server/semantic/semantic_analyzer.c	semantic_ast_can_supply_signature	function	semantic_resolve_callable_signature_symbol@zr_vm_language_server/src/zr_vm_language_server/semantic/semantic_analyzer.c:601	限定可生成源码签名的 AST 声明种类	展示文本基于当前 AST 与语义上下文；所有追加写入需受目标缓冲区容量约束	zr_vm_language_server/src/zr_vm_language_server/semantic/semantic_analyzer.c:561	no-comment	名称和所在阶段已表达局部职责；无额外独立调用契约
zr_vm_language_server/src/zr_vm_language_server/semantic/semantic_analyzer.c	semantic_resolve_callable_signature_symbol	function	ZrLanguageServer_SemanticAnalyzer_GetHoverInfo@zr_vm_language_server/src/zr_vm_language_server/semantic/semantic_analyzer.c:2031	把光标符号与实际可调用声明对应起来，避免成员调用展示错误签名	展示文本基于当前 AST 与语义上下文；所有追加写入需受目标缓冲区容量约束	zr_vm_language_server/src/zr_vm_language_server/semantic/semantic_analyzer.c:579	no-comment	名称和所在阶段已表达局部职责；无额外独立调用契约
zr_vm_language_server/src/zr_vm_language_server/semantic/semantic_analyzer.c	semantic_symbol_kind_text	function	semantic_symbol_kind_text_for_symbol@zr_vm_language_server/src/zr_vm_language_server/semantic/semantic_analyzer.c:713	把内部符号种类映射到悬停标题的稳定分类	展示文本基于当前 AST 与语义上下文；所有追加写入需受目标缓冲区容量约束	zr_vm_language_server/src/zr_vm_language_server/semantic/semantic_analyzer.c:608	no-comment	名称和所在阶段已表达局部职责；无额外独立调用契约
zr_vm_language_server/src/zr_vm_language_server/semantic/semantic_analyzer.c	semantic_file_range_contains_range	function	semantic_range_is_declared_in_extern_block@zr_vm_language_server/src/zr_vm_language_server/semantic/semantic_analyzer.c:677	判断声明范围是否包住目标范围，供 extern 来源识别	展示文本基于当前 AST 与语义上下文；所有追加写入需受目标缓冲区容量约束	zr_vm_language_server/src/zr_vm_language_server/semantic/semantic_analyzer.c:625	no-comment	名称和所在阶段已表达局部职责；无额外独立调用契约
zr_vm_language_server/src/zr_vm_language_server/semantic/semantic_analyzer.c	semantic_range_is_declared_in_extern_block	function	semantic_symbol_is_ffi_extern@zr_vm_language_server/src/zr_vm_language_server/semantic/semantic_analyzer.c:700	从 AST 范围确认声明是否来自 extern 块，供悬停标明 FFI 来源	展示文本基于当前 AST 与语义上下文；所有追加写入需受目标缓冲区容量约束	zr_vm_language_server/src/zr_vm_language_server/semantic/semantic_analyzer.c:641	no-comment	名称和所在阶段已表达局部职责；无额外独立调用契约
zr_vm_language_server/src/zr_vm_language_server/semantic/semantic_analyzer.c	semantic_symbol_is_ffi_extern	function	semantic_symbol_kind_text_for_symbol@zr_vm_language_server/src/zr_vm_language_server/semantic/semantic_analyzer.c:704	防止普通函数被标为 FFI extern 来源	展示文本基于当前 AST 与语义上下文；所有追加写入需受目标缓冲区容量约束	zr_vm_language_server/src/zr_vm_language_server/semantic/semantic_analyzer.c:689	no-comment	名称和所在阶段已表达局部职责；无额外独立调用契约
zr_vm_language_server/src/zr_vm_language_server/semantic/semantic_analyzer.c	semantic_symbol_kind_text_for_symbol	function	ZrLanguageServer_SemanticAnalyzer_GetHoverInfo@zr_vm_language_server/src/zr_vm_language_server/semantic/semantic_analyzer.c:2028	结合上下文选择悬停使用的符号类别文本	展示文本基于当前 AST 与语义上下文；所有追加写入需受目标缓冲区容量约束	zr_vm_language_server/src/zr_vm_language_server/semantic/semantic_analyzer.c:703	no-comment	名称和所在阶段已表达局部职责；无额外独立调用契约
zr_vm_language_server/src/zr_vm_language_server/semantic/semantic_analyzer.c	semantic_access_modifier_text	function	ZrLanguageServer_SemanticAnalyzer_GetHoverInfo@zr_vm_language_server/src/zr_vm_language_server/semantic/semantic_analyzer.c:2029	将访问控制元数据转为悬停可读标签	展示文本基于当前 AST 与语义上下文；所有追加写入需受目标缓冲区容量约束	zr_vm_language_server/src/zr_vm_language_server/semantic/semantic_analyzer.c:716	no-comment	名称和所在阶段已表达局部职责；无额外独立调用契约
zr_vm_language_server/src/zr_vm_language_server/semantic/semantic_analyzer.c	semantic_parameter_source_form_text	function	semantic_append_parameter_list@zr_vm_language_server/src/zr_vm_language_server/semantic/semantic_analyzer.c:1215	在签名展示中保留参数原始调用形式	展示文本基于当前 AST 与语义上下文；所有追加写入需受目标缓冲区容量约束	zr_vm_language_server/src/zr_vm_language_server/semantic/semantic_analyzer.c:726	no-comment	名称和所在阶段已表达局部职责；无额外独立调用契约
zr_vm_language_server/src/zr_vm_language_server/semantic/semantic_analyzer.c	semantic_buffer_append	function	semantic_append_generic_parameter_decl@zr_vm_language_server/src/zr_vm_language_server/semantic/semantic_analyzer.c:975	在固定容量内增补悬停片段，维持完整响应的缓冲区边界	展示文本基于当前 AST 与语义上下文；所有追加写入需受目标缓冲区容量约束	zr_vm_language_server/src/zr_vm_language_server/semantic/semantic_analyzer.c:741	no-comment	名称和所在阶段已表达局部职责；无额外独立调用契约
zr_vm_language_server/src/zr_vm_language_server/semantic/semantic_analyzer.c	semantic_append_symbol_ffi_hover_metadata	function	ZrLanguageServer_SemanticAnalyzer_GetHoverInfo@zr_vm_language_server/src/zr_vm_language_server/semantic/semantic_analyzer.c:2086	把外部调用约定等 FFI 元数据并入符号悬停	展示文本基于当前 AST 与语义上下文；所有追加写入需受目标缓冲区容量约束	zr_vm_language_server/src/zr_vm_language_server/semantic/semantic_analyzer.c:771	no-comment	名称和所在阶段已表达局部职责；无额外独立调用契约
zr_vm_language_server/src/zr_vm_language_server/semantic/semantic_analyzer.c	semantic_exact_type_failure_text	function	semantic_type_text_is_specific@zr_vm_language_server/src/zr_vm_language_server/semantic/semantic_analyzer.c:809	给无法证明的类型使用明确失败占位，避免误报 object 为精确结果	展示文本基于当前 AST 与语义上下文；所有追加写入需受目标缓冲区容量约束	zr_vm_language_server/src/zr_vm_language_server/semantic/semantic_analyzer.c:803	no-comment	名称和所在阶段已表达局部职责；无额外独立调用契约
zr_vm_language_server/src/zr_vm_language_server/semantic/semantic_analyzer.c	semantic_type_text_is_specific	function	semantic_precise_inferred_type_text@zr_vm_language_server/src/zr_vm_language_server/semantic/semantic_analyzer.c:826	决定类型文本能否作为已解析类型展示，而非模糊占位	展示文本基于当前 AST 与语义上下文；所有追加写入需受目标缓冲区容量约束	zr_vm_language_server/src/zr_vm_language_server/semantic/semantic_analyzer.c:807	no-comment	名称和所在阶段已表达局部职责；无额外独立调用契约
zr_vm_language_server/src/zr_vm_language_server/semantic/semantic_analyzer.c	semantic_precise_inferred_type_text	function	semantic_format_display_type_from_ast_or_inferred@zr_vm_language_server/src/zr_vm_language_server/semantic/semantic_analyzer.c:940	仅对精确推断类型生成悬停文本，未知类型走失败占位	展示文本基于当前 AST 与语义上下文；所有追加写入需受目标缓冲区容量约束	zr_vm_language_server/src/zr_vm_language_server/semantic/semantic_analyzer.c:814	no-comment	名称和所在阶段已表达局部职责；无额外独立调用契约
zr_vm_language_server/src/zr_vm_language_server/semantic/semantic_analyzer.c	semantic_type_reference_range	function	semantic_format_type_from_ast@zr_vm_language_server/src/zr_vm_language_server/semantic/semantic_analyzer.c:885	确定类型引用的查询坐标，供声明和泛型签名展示	展示文本基于当前 AST 与语义上下文；所有追加写入需受目标缓冲区容量约束	zr_vm_language_server/src/zr_vm_language_server/semantic/semantic_analyzer.c:834	no-comment	名称和所在阶段已表达局部职责；无额外独立调用契约
zr_vm_language_server/src/zr_vm_language_server/semantic/semantic_analyzer.c	semantic_format_type_from_ast	function	semantic_format_display_type_from_ast_or_inferred@zr_vm_language_server/src/zr_vm_language_server/semantic/semantic_analyzer.c:923	从声明类型语法取得规范类型文本，供签名生成	展示文本基于当前 AST 与语义上下文；所有追加写入需受目标缓冲区容量约束	zr_vm_language_server/src/zr_vm_language_server/semantic/semantic_analyzer.c:867	no-comment	名称和所在阶段已表达局部职责；无额外独立调用契约
zr_vm_language_server/src/zr_vm_language_server/semantic/semantic_analyzer.c	semantic_format_display_type_from_ast_or_inferred	function	semantic_build_ast_signature@zr_vm_language_server/src/zr_vm_language_server/semantic/semantic_analyzer.c:1275	在源码声明类型和推断事实之间选择可证明的展示形式	展示文本基于当前 AST 与语义上下文；所有追加写入需受目标缓冲区容量约束	zr_vm_language_server/src/zr_vm_language_server/semantic/semantic_analyzer.c:908	no-comment	名称和所在阶段已表达局部职责；无额外独立调用契约
zr_vm_language_server/src/zr_vm_language_server/semantic/semantic_analyzer.c	semantic_append_generic_parameter_decl	function	semantic_append_generic_declaration@zr_vm_language_server/src/zr_vm_language_server/semantic/semantic_analyzer.c:1016	在声明签名中保留单个泛型参数及其约束	展示文本基于当前 AST 与语义上下文；所有追加写入需受目标缓冲区容量约束	zr_vm_language_server/src/zr_vm_language_server/semantic/semantic_analyzer.c:946	no-comment	名称和所在阶段已表达局部职责；无额外独立调用契约
zr_vm_language_server/src/zr_vm_language_server/semantic/semantic_analyzer.c	semantic_append_generic_declaration	function	semantic_build_ast_signature@zr_vm_language_server/src/zr_vm_language_server/semantic/semantic_analyzer.c:1257	在悬停签名中保留泛型参数列表的源码契约	展示文本基于当前 AST 与语义上下文；所有追加写入需受目标缓冲区容量约束	zr_vm_language_server/src/zr_vm_language_server/semantic/semantic_analyzer.c:998	no-comment	名称和所在阶段已表达局部职责；无额外独立调用契约
zr_vm_language_server/src/zr_vm_language_server/semantic/semantic_analyzer.c	semantic_parameter_has_constraints	function	semantic_append_generic_constraints@zr_vm_language_server/src/zr_vm_language_server/semantic/semantic_analyzer.c:1049	决定参数签名是否需要额外显示泛型约束	展示文本基于当前 AST 与语义上下文；所有追加写入需受目标缓冲区容量约束	zr_vm_language_server/src/zr_vm_language_server/semantic/semantic_analyzer.c:1029	no-comment	名称和所在阶段已表达局部职责；无额外独立调用契约
zr_vm_language_server/src/zr_vm_language_server/semantic/semantic_analyzer.c	semantic_append_generic_constraints	function	semantic_append_where_clauses@zr_vm_language_server/src/zr_vm_language_server/semantic/semantic_analyzer.c:1122	把参数自身的泛型约束并入可调用签名	展示文本基于当前 AST 与语义上下文；所有追加写入需受目标缓冲区容量约束	zr_vm_language_server/src/zr_vm_language_server/semantic/semantic_analyzer.c:1037	no-comment	名称和所在阶段已表达局部职责；无额外独立调用契约
zr_vm_language_server/src/zr_vm_language_server/semantic/semantic_analyzer.c	semantic_append_where_clauses	function	semantic_build_ast_signature@zr_vm_language_server/src/zr_vm_language_server/semantic/semantic_analyzer.c:1285	把 where 限制呈现在悬停签名中，避免签名只显示不受约束的泛型	展示文本基于当前 AST 与语义上下文；所有追加写入需受目标缓冲区容量约束	zr_vm_language_server/src/zr_vm_language_server/semantic/semantic_analyzer.c:1104	no-comment	名称和所在阶段已表达局部职责；无额外独立调用契约
zr_vm_language_server/src/zr_vm_language_server/semantic/semantic_analyzer.c	semantic_append_inheritance_clause	function	semantic_build_ast_signature@zr_vm_language_server/src/zr_vm_language_server/semantic/semantic_analyzer.c:1485	把父类型和接口关系呈现在类型声明悬停中	展示文本基于当前 AST 与语义上下文；所有追加写入需受目标缓冲区容量约束	zr_vm_language_server/src/zr_vm_language_server/semantic/semantic_analyzer.c:1136	no-comment	名称和所在阶段已表达局部职责；无额外独立调用契约
zr_vm_language_server/src/zr_vm_language_server/semantic/semantic_analyzer.c	semantic_append_parameter_list	function	semantic_build_ast_signature@zr_vm_language_server/src/zr_vm_language_server/semantic/semantic_analyzer.c:1266	在可调用签名中保留参数名、传递方式与类型	展示文本基于当前 AST 与语义上下文；所有追加写入需受目标缓冲区容量约束	zr_vm_language_server/src/zr_vm_language_server/semantic/semantic_analyzer.c:1180	no-comment	名称和所在阶段已表达局部职责；无额外独立调用契约
zr_vm_language_server/src/zr_vm_language_server/semantic/semantic_analyzer.c	semantic_build_ast_signature	function	ZrLanguageServer_SemanticAnalyzer_GetHoverInfo@zr_vm_language_server/src/zr_vm_language_server/semantic/semantic_analyzer.c:2056	从 AST 声明及规范推断事实构建完整的源码签名	展示文本基于当前 AST 与语义上下文；所有追加写入需受目标缓冲区容量约束	zr_vm_language_server/src/zr_vm_language_server/semantic/semantic_analyzer.c:1230	no-comment	名称和所在阶段已表达局部职责；无额外独立调用契约
zr_vm_language_server/src/zr_vm_language_server/semantic/semantic_analyzer.c	ZrLanguageServer_SemanticAnalyzer_EnsureCacheStorage	function	ZrLanguageServer_SemanticAnalyzer_New@zr_vm_language_server/src/zr_vm_language_server/semantic/semantic_analyzer.c:1689	在分析器启用缓存时按需建立可回收存储，失败时继续无缓存分析	分析器拥有符号、缓存和 compilerState；普通 AST 由文档持有，保留旧 AST 由快照或局部缓存持有	zr_vm_language_server/src/zr_vm_language_server/semantic/semantic_analyzer.c:1594	commented	源码注释已说明调用链或资源边界
zr_vm_language_server/src/zr_vm_language_server/semantic/semantic_analyzer.c	semantic_analyzer_free_cache_storage	function	ZrLanguageServer_SemanticAnalyzer_Free@zr_vm_language_server/src/zr_vm_language_server/semantic/semantic_analyzer.c:1744	回收分析器的缓存数组而不触碰文档拥有的 AST	分析器拥有符号、缓存和 compilerState；普通 AST 由文档持有，保留旧 AST 由快照或局部缓存持有	zr_vm_language_server/src/zr_vm_language_server/semantic/semantic_analyzer.c:1629	no-comment	名称和所在阶段已表达局部职责；无额外独立调用契约
zr_vm_language_server/src/zr_vm_language_server/semantic/semantic_analyzer.c	ZrLanguageServer_SemanticAnalyzer_New	function	ZrLanguageServer_SemanticAnalyzer_DetachCurrentStateForSnapshot@zr_vm_language_server/src/zr_vm_language_server/semantic/semantic_analyzer.c:1797;ZrLanguageServer_Lsp_GetOrCreateAnalyzer@zr_vm_language_server/src/zr_vm_language_server/interface/lsp_interface.c:1218;test_scoped_semantic_analysis_limits_body_facts_and_reuses_scope_cache@tests/language_server/test_lsp_local_semantic_scope_cases.h:151	建立文档级分析器并延后创建昂贵的编译器状态	分析器拥有符号、缓存和 compilerState；普通 AST 由文档持有，保留旧 AST 由快照或局部缓存持有	zr_vm_language_server/src/zr_vm_language_server/semantic/semantic_analyzer.c:1646	commented	源码注释已说明调用链或资源边界
zr_vm_language_server/src/zr_vm_language_server/semantic/semantic_analyzer.c	ZrLanguageServer_SemanticAnalyzer_SetExternalProviderGeneration	function	ZrLanguageServer_Lsp_GetOrCreateAnalyzer@zr_vm_language_server/src/zr_vm_language_server/interface/lsp_interface.c:1209	provider 代次改变时清除旧缓存与借用事实，强制下一轮重建	分析器拥有符号、缓存和 compilerState；普通 AST 由文档持有，保留旧 AST 由快照或局部缓存持有	zr_vm_language_server/src/zr_vm_language_server/semantic/semantic_analyzer.c:1695	commented	源码注释已说明调用链或资源边界
zr_vm_language_server/src/zr_vm_language_server/semantic/semantic_analyzer.c	ZrLanguageServer_SemanticAnalyzer_SetVirtualDeclarationUriResolver	function	project_reanalyze_loaded_document@zr_vm_language_server/src/zr_vm_language_server/project/lsp_project.c:1846	项目分析时临时挂接虚拟声明 URI 解析器并传递给局部分析器	分析器拥有符号、缓存和 compilerState；普通 AST 由文档持有，保留旧 AST 由快照或局部缓存持有	zr_vm_language_server/src/zr_vm_language_server/semantic/semantic_analyzer.c:1713	commented	源码注释已说明调用链或资源边界
zr_vm_language_server/src/zr_vm_language_server/semantic/semantic_analyzer.c	ZrLanguageServer_SemanticAnalyzer_Free	function	ZrLanguageServer_SemanticAnalyzer_DetachCurrentStateForSnapshot@zr_vm_language_server/src/zr_vm_language_server/semantic/semantic_analyzer.c:1805;ZrLanguageServer_LspContext_Free@zr_vm_language_server/src/zr_vm_language_server/interface/lsp_interface.c:1099;test_scoped_semantic_analysis_limits_body_facts_and_reuses_scope_cache@tests/language_server/test_lsp_local_semantic_scope_cases.h:179	配对释放分析器拥有的状态、缓存与保留旧 AST	分析器拥有符号、缓存和 compilerState；普通 AST 由文档持有，保留旧 AST 由快照或局部缓存持有	zr_vm_language_server/src/zr_vm_language_server/semantic/semantic_analyzer.c:1735	commented	源码注释已说明调用链或资源边界
zr_vm_language_server/src/zr_vm_language_server/semantic/semantic_analyzer.c	ZrLanguageServer_SemanticAnalyzer_DetachCurrentStateForSnapshot	function	ZrLanguageServer_LspSemanticSnapshotCache_Capture@zr_vm_language_server/src/zr_vm_language_server/interface/lsp_semantic_snapshot_cache.c:224	将当前分析事实与保留的旧 AST 转移到历史快照，同时原位提供空白活动分析器	分析器拥有符号、缓存和 compilerState；普通 AST 由文档持有，保留旧 AST 由快照或局部缓存持有	zr_vm_language_server/src/zr_vm_language_server/semantic/semantic_analyzer.c:1777	commented	源码注释已说明调用链或资源边界
zr_vm_language_server/src/zr_vm_language_server/semantic/semantic_analyzer.c	ZrLanguageServer_SemanticAnalyzer_InvalidateScopedQueryAnalyzerBorrowingAst	function	snapshot_cache_release_entry@zr_vm_language_server/src/zr_vm_language_server/interface/lsp_semantic_snapshot_cache.c:47	历史快照释放前撤销局部缓存对其 AST 的借用	分析器拥有符号、缓存和 compilerState；普通 AST 由文档持有，保留旧 AST 由快照或局部缓存持有	zr_vm_language_server/src/zr_vm_language_server/semantic/semantic_analyzer.c:1846	commented	源码注释已说明调用链或资源边界
zr_vm_language_server/src/zr_vm_language_server/semantic/semantic_analyzer.c	ZrLanguageServer_SemanticAnalyzer_GetDiagnostics	function	ZrLanguageServer_Lsp_GetDiagnostics@zr_vm_language_server/src/zr_vm_language_server/interface/lsp_interface.c:1670;test_semantic_analyzer_get_diagnostics@tests/language_server/test_semantic_analyzer.c:1814	返回当前分析器拥有的诊断指针视图供 LSP 响应序列化	只查询当前语义事实；返回诊断和符号指针为借用，返回类型副本由调用方释放	zr_vm_language_server/src/zr_vm_language_server/semantic/semantic_analyzer.c:1866	commented	源码注释已说明调用链或资源边界
zr_vm_language_server/src/zr_vm_language_server/semantic/semantic_analyzer.c	ZrLanguageServer_SemanticAnalyzer_GetSymbolAt	function	ZrLanguageServer_SemanticAnalyzer_GetHoverInfo@zr_vm_language_server/src/zr_vm_language_server/semantic/semantic_analyzer.c:1994;ZrLanguageServer_Lsp_FindSymbolAtUsageOrDefinition@zr_vm_language_server/src/zr_vm_language_server/interface/lsp_interface_support.c:5222;test_symbol_projection_rejects_unavailable_canonical_identity@tests/language_server/test_lsp_symbol_projection_cases.h:64	先按 parser 规范符号 ID 查询，再映射为 LSP 展示层符号	只查询当前语义事实；返回诊断和符号指针为借用，返回类型副本由调用方释放	zr_vm_language_server/src/zr_vm_language_server/semantic/semantic_analyzer.c:1890	commented	源码注释已说明调用链或资源边界
zr_vm_language_server/src/zr_vm_language_server/semantic/semantic_analyzer.c	ZrLanguageServer_SemanticAnalyzer_ResolveTypeAtPosition	function	ZrLanguageServer_SemanticAnalyzer_GetHoverInfo@zr_vm_language_server/src/zr_vm_language_server/semantic/semantic_analyzer.c:1997;test_lsp_semantic_query_collects_receiver_completion_items@tests/language_server/test_lsp_interface.c:7904	仅在 parser 提供规范且精确的事实时给调用方返回可释放的类型副本	只查询当前语义事实；返回诊断和符号指针为借用，返回类型副本由调用方释放	zr_vm_language_server/src/zr_vm_language_server/semantic/semantic_analyzer.c:1918	commented	源码注释已说明调用链或资源边界
zr_vm_language_server/src/zr_vm_language_server/semantic/semantic_analyzer.c	ZrLanguageServer_SemanticAnalyzer_GetHoverInfo/no-symbol exact-type branch	block	ZrLanguageServer_SemanticAnalyzer_GetHoverInfo	悬停对象借用本地变量地址，函数返回后 typeInfo 指针悬空	无符号且规范类型查询成功时触发；调用方若读取返回对象的 typeInfo 即访问无效地址	zr_vm_language_server/src/zr_vm_language_server/semantic/semantic_analyzer.c:2008	BUG	独立控制块承载可达缺陷或待核查前提，源码已就近标记
zr_vm_language_server/src/zr_vm_language_server/semantic/semantic_analyzer.c	ZrLanguageServer_Diagnostic_New	function	ZrLanguageServer_Diagnostic_FromStructured@zr_vm_language_server/src/zr_vm_language_server/semantic/semantic_analyzer_diagnostic_projection.c:81;collect_parser_diagnostic@zr_vm_language_server/src/zr_vm_language_server/incremental_parser.c:79;test_semantic_query_replaces_stale_duplicate_diagnostic@tests/language_server/test_lsp_semantic_query_diagnostic_replacement_cases.h:89	建立 LSP 自有诊断对象并保留严重程度、位置和错误码	展示对象由调用方释放；GC 字符串与传入 typeInfo 的所有权不随对象转移	zr_vm_language_server/src/zr_vm_language_server/semantic/semantic_analyzer.c:2125	no-comment	名称和所在阶段已表达局部职责；无额外独立调用契约
zr_vm_language_server/src/zr_vm_language_server/semantic/semantic_analyzer.c	ZrLanguageServer_Diagnostic_AddRelatedInformation	function	ZrLanguageServer_Diagnostic_FromStructured@zr_vm_language_server/src/zr_vm_language_server/semantic/semantic_analyzer_diagnostic_projection.c:129;project_diagnostic_add_related_information@zr_vm_language_server/src/zr_vm_language_server/project/lsp_project_diagnostics.c:102	为结构化诊断补入相关位置，供 LSP 客户端关联展示	展示对象由调用方释放；GC 字符串与传入 typeInfo 的所有权不随对象转移	zr_vm_language_server/src/zr_vm_language_server/semantic/semantic_analyzer.c:2159	no-comment	名称和所在阶段已表达局部职责；无额外独立调用契约
zr_vm_language_server/src/zr_vm_language_server/semantic/semantic_analyzer.c	ZrLanguageServer_Diagnostic_Free	function	ZrLanguageServer_SemanticAnalyzer_ReleaseDiagnostics@zr_vm_language_server/src/zr_vm_language_server/semantic/semantic_analyzer_analysis.c:87;clear_parser_diagnostics@zr_vm_language_server/src/zr_vm_language_server/incremental_parser.c:36;test_semantic_query_collapses_duplicate_stale_diagnostics@tests/language_server/test_lsp_semantic_query_diagnostic_replacement_cases.h:330	结束 LSP 诊断对象及附属数组的所有权	展示对象由调用方释放；GC 字符串与传入 typeInfo 的所有权不随对象转移	zr_vm_language_server/src/zr_vm_language_server/semantic/semantic_analyzer.c:2188	no-comment	名称和所在阶段已表达局部职责；无额外独立调用契约
zr_vm_language_server/src/zr_vm_language_server/semantic/semantic_analyzer.c	ZrLanguageServer_CompletionItem_New	function	token_metadata_append_completion_descriptors@zr_vm_language_server/src/zr_vm_language_server/lsp_token_metadata.c:135	建立可发布的补全展示项并借用其类型事实	展示对象由调用方释放；GC 字符串与传入 typeInfo 的所有权不随对象转移	zr_vm_language_server/src/zr_vm_language_server/semantic/semantic_analyzer.c:2215	no-comment	名称和所在阶段已表达局部职责；无额外独立调用契约
zr_vm_language_server/src/zr_vm_language_server/semantic/semantic_analyzer.c	ZrLanguageServer_CompletionItem_Free	function	ZrLanguageServer_Lsp_GetCompletion@zr_vm_language_server/src/zr_vm_language_server/interface/lsp_interface.c:1842;test_canonical_visible_symbol_completion_survives_symbol_table_detachment@tests/language_server/test_lsp_canonical_completion_cases.h:205	结束补全展示项的所有权，类型事实仍由分析器管理	展示对象由调用方释放；GC 字符串与传入 typeInfo 的所有权不随对象转移	zr_vm_language_server/src/zr_vm_language_server/semantic/semantic_analyzer.c:2245	no-comment	名称和所在阶段已表达局部职责；无额外独立调用契约
zr_vm_language_server/src/zr_vm_language_server/semantic/semantic_analyzer.c	ZrLanguageServer_HoverInfo_New	function	ZrLanguageServer_SemanticAnalyzer_GetHoverInfo@zr_vm_language_server/src/zr_vm_language_server/semantic/semantic_analyzer.c:2008	建立悬停展示对象，借用可选类型指针而不延长其寿命	展示对象由调用方释放；GC 字符串与传入 typeInfo 的所有权不随对象转移	zr_vm_language_server/src/zr_vm_language_server/semantic/semantic_analyzer.c:2266	commented	源码注释已说明调用链或资源边界
zr_vm_language_server/src/zr_vm_language_server/semantic/semantic_analyzer.c	ZrLanguageServer_SemanticAnalyzer_GetHoverInfo	function	test_semantic_analyzer_exact_type_failure_surfaces_explicit_hover@tests/language_server/test_semantic_analyzer.c:1220	把规范查询结果、声明签名和 FFI 元数据拼装为一次悬停响应	只查询当前语义事实；返回诊断和符号指针为借用，返回类型副本由调用方释放	zr_vm_language_server/src/zr_vm_language_server/semantic/semantic_analyzer.c:1966;zr_vm_language_server/src/zr_vm_language_server/semantic/semantic_analyzer.c:2008;zr_vm_language_server/src/zr_vm_language_server/semantic/semantic_analyzer.c:2281	BUG	无符号但有精确表达式类型时，把栈上 resolvedType 交给只借用类型指针的 HoverInfo_New，随后释放类型并返回悬空指针
zr_vm_language_server/src/zr_vm_language_server/semantic/semantic_analyzer.c	ZrLanguageServer_HoverInfo_Free	function	test_semantic_analyzer_closed_generic_receiver_calls_stay_local_to_type_metadata@tests/language_server/test_semantic_analyzer.c:2653	结束悬停展示对象的所有权，不释放借用的类型事实	缓存存储可回收并重新创建；旧事实的 AST 与 provider 代次必须同时有效	zr_vm_language_server/src/zr_vm_language_server/semantic/semantic_analyzer.c:2292	no-comment	名称和所在阶段已表达局部职责；无额外独立调用契约
zr_vm_language_server/src/zr_vm_language_server/semantic/semantic_analyzer.c	ZrLanguageServer_SemanticAnalyzer_SetCacheEnabled	function	ZrLanguageServer_SemanticAnalyzer_GetOrCreateScopedQueryAnalyzer@zr_vm_language_server/src/zr_vm_language_server/semantic/semantic_analyzer_scope_cache.c:277;test_semantic_analyzer_cache@tests/language_server/test_semantic_analyzer.c:4520	让主分析器和局部查询分析器采用一致的缓存策略	缓存存储可回收并重新创建；旧事实的 AST 与 provider 代次必须同时有效	zr_vm_language_server/src/zr_vm_language_server/semantic/semantic_analyzer.c:2305	commented	源码注释已说明调用链或资源边界
zr_vm_language_server/src/zr_vm_language_server/semantic/semantic_analyzer.c	ZrLanguageServer_SemanticAnalyzer_ClearCache	function	ZrLanguageServer_SemanticAnalyzer_SetExternalProviderGeneration@zr_vm_language_server/src/zr_vm_language_server/semantic/semantic_analyzer.c:1705;project_reanalyze_loaded_document@zr_vm_language_server/src/zr_vm_language_server/project/lsp_project.c:1840;test_semantic_analyzer_cache@tests/language_server/test_semantic_analyzer.c:4536	文档或 provider 变化时撤销缓存标志和局部查询结果	缓存存储可回收并重新创建；旧事实的 AST 与 provider 代次必须同时有效	zr_vm_language_server/src/zr_vm_language_server/semantic/semantic_analyzer.c:2319	commented	源码注释已说明调用链或资源边界
zr_vm_language_server/src/zr_vm_language_server/semantic/semantic_analyzer.c	ZrLanguageServer_SemanticAnalyzer_GetCacheStorageBytes	function	lsp_semantic_cache_lru_consider_analyzer@zr_vm_language_server/src/zr_vm_language_server/interface/lsp_semantic_cache_lru.c:43;test_lsp_workspace_semantic_cache_lru_evicts_oldest_storage@tests/language_server/test_lsp_snapshot_cache_cases.h:1071	为工作区缓存预算统计分析器及局部缓存的存储量	缓存存储可回收并重新创建；旧事实的 AST 与 provider 代次必须同时有效	zr_vm_language_server/src/zr_vm_language_server/semantic/semantic_analyzer.c:2341	no-comment	名称和所在阶段已表达局部职责；无额外独立调用契约
zr_vm_language_server/src/zr_vm_language_server/semantic/semantic_analyzer.c	ZrLanguageServer_SemanticAnalyzer_ReleaseCacheStorage	function	ZrLanguageServer_LspSemanticCacheLru_Enforce@zr_vm_language_server/src/zr_vm_language_server/interface/lsp_semantic_cache_lru.c:205;test_semantic_analyzer_releases_cache_storage@tests/language_server/test_semantic_analyzer.c:4581	在预算回收时只释放可重建的缓存存储，保留分析器身份	缓存存储可回收并重新创建；旧事实的 AST 与 provider 代次必须同时有效	zr_vm_language_server/src/zr_vm_language_server/semantic/semantic_analyzer.c:2383	commented	源码注释已说明调用链或资源边界
zr_vm_language_server/src/zr_vm_language_server/semantic/semantic_analyzer_analysis.c	semantic_analysis_ranges_equal	function	ZrLanguageServer_SemanticAnalyzer_AnalyzeScope@zr_vm_language_server/src/zr_vm_language_server/semantic/semantic_analyzer_analysis.c:162	比较完整作用域范围，避免同哈希但坐标不同的局部缓存误命中	缓存命中须同时满足 AST 内容、作用域位置及旧 AST 寿命条件	zr_vm_language_server/src/zr_vm_language_server/semantic/semantic_analyzer_analysis.c:8	no-comment	名称和所在阶段已表达局部职责；无额外独立调用契约
zr_vm_language_server/src/zr_vm_language_server/semantic/semantic_analyzer_analysis.c	semantic_analysis_cache_hash	function	ZrLanguageServer_SemanticAnalyzer_AnalyzeScope@zr_vm_language_server/src/zr_vm_language_server/semantic/semantic_analyzer_analysis.c:158	将整树与选中作用域的内容指纹组合成局部分析键	缓存命中须同时满足 AST 内容、作用域位置及旧 AST 寿命条件	zr_vm_language_server/src/zr_vm_language_server/semantic/semantic_analyzer_analysis.c:19	no-comment	名称和所在阶段已表达局部职责；无额外独立调用契约
zr_vm_language_server/src/zr_vm_language_server/semantic/semantic_analyzer_analysis.c	semantic_analysis_root_is_valid	function	ZrLanguageServer_SemanticAnalyzer_AnalyzeScope@zr_vm_language_server/src/zr_vm_language_server/semantic/semantic_analyzer_analysis.c:138	拒绝不属于当前 AST 的局部分析根	缓存命中须同时满足 AST 内容、作用域位置及旧 AST 寿命条件	zr_vm_language_server/src/zr_vm_language_server/semantic/semantic_analyzer_analysis.c:29	no-comment	名称和所在阶段已表达局部职责；无额外独立调用契约
zr_vm_language_server/src/zr_vm_language_server/semantic/semantic_analyzer_analysis.c	ZrLanguageServer_SemanticAnalyzer_ClearCachedDiagnosticRefs	function	ZrLanguageServer_SemanticAnalyzer_ClearCache@zr_vm_language_server/src/zr_vm_language_server/semantic/semantic_analyzer.c:2337	诊断释放前撤销缓存数组中借用的诊断指针	缓存命中须同时满足 AST 内容、作用域位置及旧 AST 寿命条件	zr_vm_language_server/src/zr_vm_language_server/semantic/semantic_analyzer_analysis.c:41	commented	源码注释已说明调用链或资源边界
zr_vm_language_server/src/zr_vm_language_server/semantic/semantic_analyzer_analysis.c	ZrLanguageServer_SemanticAnalyzer_ReleaseDiagnostics	function	ZrLanguageServer_SemanticAnalyzer_Free@zr_vm_language_server/src/zr_vm_language_server/semantic/semantic_analyzer.c:1741	结束当前诊断快照并按重算或析构场景决定是否重建数组	缓存命中须同时满足 AST 内容、作用域位置及旧 AST 寿命条件	zr_vm_language_server/src/zr_vm_language_server/semantic/semantic_analyzer_analysis.c:54	commented	源码注释已说明调用链或资源边界
zr_vm_language_server/src/zr_vm_language_server/semantic/semantic_analyzer_analysis.c	ZrLanguageServer_SemanticAnalyzer_GetMetrics	function	test_analysis_provider_generation_invalidates_same_ast_cache@tests/language_server/test_lsp_analysis_provider_generation_cases.h:70	向缓存观测者复制当前请求、执行与失效指标	缓存命中须同时满足 AST 内容、作用域位置及旧 AST 寿命条件	zr_vm_language_server/src/zr_vm_language_server/semantic/semantic_analyzer_analysis.c:110	no-comment	名称和所在阶段已表达局部职责；无额外独立调用契约
zr_vm_language_server/src/zr_vm_language_server/semantic/semantic_analyzer_analysis.c	ZrLanguageServer_SemanticAnalyzer_AnalyzeScope	function	ZrLanguageServer_SemanticAnalyzer_Analyze@zr_vm_language_server/src/zr_vm_language_server/semantic/semantic_analyzer_analysis.c:242;test_analysis_provider_generation_invalidates_same_ast_cache@tests/language_server/test_lsp_analysis_provider_generation_cases.h:67	为所选声明重建规范符号、类型及诊断事实，并在安全条件下复用旧局部结果	缓存命中须同时满足 AST 内容、作用域位置及旧 AST 寿命条件	zr_vm_language_server/src/zr_vm_language_server/semantic/semantic_analyzer_analysis.c:128	commented	源码注释已说明调用链或资源边界
zr_vm_language_server/src/zr_vm_language_server/semantic/semantic_analyzer_analysis.c	ZrLanguageServer_SemanticAnalyzer_Analyze	function	project_reanalyze_loaded_document@zr_vm_language_server/src/zr_vm_language_server/project/lsp_project.c:1859;test_analysis_provider_generation_invalidates_same_ast_cache@tests/language_server/test_lsp_analysis_provider_generation_cases.h:71	给项目索引和打开文档提供整树语义分析入口	缓存命中须同时满足 AST 内容、作用域位置及旧 AST 寿命条件	zr_vm_language_server/src/zr_vm_language_server/semantic/semantic_analyzer_analysis.c:239	commented	源码注释已说明调用链或资源边界
zr_vm_language_server/src/zr_vm_language_server/semantic/semantic_analyzer_change.c	semantic_change_range_is_within	function	ZrLanguageServer_SemanticAnalyzer_ClassifyFileChange@zr_vm_language_server/src/zr_vm_language_server/semantic/semantic_analyzer_change.c:85	判断编辑是否完整落在同一个候选声明或正文内	边界修改或无法确认所属声明时按模块变化保守处理	zr_vm_language_server/src/zr_vm_language_server/semantic/semantic_analyzer_change.c:5	no-comment	名称和所在阶段已表达局部职责；无额外独立调用契约
zr_vm_language_server/src/zr_vm_language_server/semantic/semantic_analyzer_change.c	semantic_change_empty_range_touches_boundary	function	ZrLanguageServer_SemanticAnalyzer_ClassifyFileChange@zr_vm_language_server/src/zr_vm_language_server/semantic/semantic_analyzer_change.c:88	把声明边界插入视为高影响编辑，防止局部缓存误保留	边界修改或无法确认所属声明时按模块变化保守处理	zr_vm_language_server/src/zr_vm_language_server/semantic/semantic_analyzer_change.c:13	no-comment	名称和所在阶段已表达局部职责；无额外独立调用契约
zr_vm_language_server/src/zr_vm_language_server/semantic/semantic_analyzer_change.c	semantic_change_reset_declaration	function	ZrLanguageServer_SemanticAnalyzer_ClassifyFileChange@zr_vm_language_server/src/zr_vm_language_server/semantic/semantic_analyzer_change.c:76	在无法证明局部归属时抹去旧声明分类，让调用方按模块失效	边界修改或无法确认所属声明时按模块变化保守处理	zr_vm_language_server/src/zr_vm_language_server/semantic/semantic_analyzer_change.c:22	no-comment	名称和所在阶段已表达局部职责；无额外独立调用契约
zr_vm_language_server/src/zr_vm_language_server/semantic/semantic_analyzer_change.c	semantic_change_scope_body	function	ZrLanguageServer_SemanticAnalyzer_ClassifyFileChange@zr_vm_language_server/src/zr_vm_language_server/semantic/semantic_analyzer_change.c:97	选择声明的可独立修改正文，供编辑影响分类	边界修改或无法确认所属声明时按模块变化保守处理	zr_vm_language_server/src/zr_vm_language_server/semantic/semantic_analyzer_change.c:33	no-comment	名称和所在阶段已表达局部职责；无额外独立调用契约
zr_vm_language_server/src/zr_vm_language_server/semantic/semantic_analyzer_change.c	ZrLanguageServer_SemanticAnalyzer_ClassifyFileChange	function	ZrLanguageServer_Lsp_UpdateDocumentCore@zr_vm_language_server/src/zr_vm_language_server/interface/lsp_interface.c:1418;test_lsp_top_level_insertion_records_module_change@tests/language_server/test_lsp_snapshot_cache_cases.h:740	按编辑相对声明和正文的位置，决定缓存失效的最小安全范围	边界修改或无法确认所属声明时按模块变化保守处理	zr_vm_language_server/src/zr_vm_language_server/semantic/semantic_analyzer_change.c:64	commented	源码注释已说明调用链或资源边界
zr_vm_language_server/src/zr_vm_language_server/semantic/semantic_analyzer_constant_condition.c	constant_condition_sources_match	function	constant_condition_symbol_is_before_use@zr_vm_language_server/src/zr_vm_language_server/semantic/semantic_analyzer_constant_condition.c:62	避免显式不同来源的声明参与当前条件常量判断	仅接受字面量、精确逻辑事实或先于使用点的 const 布尔初始化	zr_vm_language_server/src/zr_vm_language_server/semantic/semantic_analyzer_constant_condition.c:6	commented	源码注释已说明调用链或资源边界
zr_vm_language_server/src/zr_vm_language_server/semantic/semantic_analyzer_constant_condition.c	constant_condition_compare_position	function	constant_condition_symbol_is_before_use@zr_vm_language_server/src/zr_vm_language_server/semantic/semantic_analyzer_constant_condition.c:63	比较声明与使用点顺序，禁止使用点前推未来初始化值	仅接受字面量、精确逻辑事实或先于使用点的 const 布尔初始化	zr_vm_language_server/src/zr_vm_language_server/semantic/semantic_analyzer_constant_condition.c:22	no-comment	名称和所在阶段已表达局部职责；无额外独立调用契约
zr_vm_language_server/src/zr_vm_language_server/semantic/semantic_analyzer_constant_condition.c	constant_condition_symbol_is_before_use	function	constant_condition_try_variable_initializer@zr_vm_language_server/src/zr_vm_language_server/semantic/semantic_analyzer_constant_condition.c:146	限制 const 布尔初始化事实只作用于声明后的引用	仅接受字面量、精确逻辑事实或先于使用点的 const 布尔初始化	zr_vm_language_server/src/zr_vm_language_server/semantic/semantic_analyzer_constant_condition.c:48	no-comment	名称和所在阶段已表达局部职责；无额外独立调用契约
zr_vm_language_server/src/zr_vm_language_server/semantic/semantic_analyzer_constant_condition.c	constant_condition_identifier_name	function	constant_condition_try_variable_initializer@zr_vm_language_server/src/zr_vm_language_server/semantic/semantic_analyzer_constant_condition.c:135	从可直接解析的标识符表达式取得条件变量名	仅接受字面量、精确逻辑事实或先于使用点的 const 布尔初始化	zr_vm_language_server/src/zr_vm_language_server/semantic/semantic_analyzer_constant_condition.c:66	no-comment	名称和所在阶段已表达局部职责；无额外独立调用契约
zr_vm_language_server/src/zr_vm_language_server/semantic/semantic_analyzer_constant_condition.c	constant_condition_boolean_literal	function	constant_condition_try_variable_initializer@zr_vm_language_server/src/zr_vm_language_server/semantic/semantic_analyzer_constant_condition.c:151	把字面布尔值作为确定可达性证据	仅接受字面量、精确逻辑事实或先于使用点的 const 布尔初始化	zr_vm_language_server/src/zr_vm_language_server/semantic/semantic_analyzer_constant_condition.c:86	no-comment	名称和所在阶段已表达局部职责；无额外独立调用契约
zr_vm_language_server/src/zr_vm_language_server/semantic/semantic_analyzer_constant_condition.c	constant_condition_try_logical_fact	function	ZrLanguageServer_SemanticAnalyzer_TryEvaluateConstantBooleanCondition@zr_vm_language_server/src/zr_vm_language_server/semantic/semantic_analyzer_constant_condition.c:188	复用 parser 已发布的精确逻辑事实，避免重复推断	仅接受字面量、精确逻辑事实或先于使用点的 const 布尔初始化	zr_vm_language_server/src/zr_vm_language_server/semantic/semantic_analyzer_constant_condition.c:95	no-comment	名称和所在阶段已表达局部职责；无额外独立调用契约
zr_vm_language_server/src/zr_vm_language_server/semantic/semantic_analyzer_constant_condition.c	constant_condition_try_variable_initializer	function	ZrLanguageServer_SemanticAnalyzer_TryEvaluateConstantBooleanCondition@zr_vm_language_server/src/zr_vm_language_server/semantic/semantic_analyzer_constant_condition.c:192	只把先声明的 const 布尔字面初始化视为稳定条件	仅接受字面量、精确逻辑事实或先于使用点的 const 布尔初始化	zr_vm_language_server/src/zr_vm_language_server/semantic/semantic_analyzer_constant_condition.c:123	no-comment	名称和所在阶段已表达局部职责；无额外独立调用契约
zr_vm_language_server/src/zr_vm_language_server/semantic/semantic_analyzer_constant_condition.c	ZrLanguageServer_SemanticAnalyzer_TryEvaluateConstantBooleanCondition	function	semantic_if_loop_exit_flow@zr_vm_language_server/src/zr_vm_language_server/semantic/semantic_analyzer_reachability.c:150	只在有精确证据时给可达性分析提供已知布尔值	仅接受字面量、精确逻辑事实或先于使用点的 const 布尔初始化	zr_vm_language_server/src/zr_vm_language_server/semantic/semantic_analyzer_constant_condition.c:165	commented	源码注释已说明调用链或资源边界
zr_vm_language_server/src/zr_vm_language_server/semantic/semantic_analyzer_declaration_binding.c	ZrLanguageServer_SemanticAnalyzer_RegisterDeclarationTypeBinding	function	ZrLanguageServer_SemanticAnalyzer_CollectSymbolsFromAst@zr_vm_language_server/src/zr_vm_language_server/semantic/semantic_analyzer_symbols.c:1831	把已有规范声明身份和可见范围登记进类型环境	不能以 LSP 展示的返回类型覆盖编译器完整可调用类型	zr_vm_language_server/src/zr_vm_language_server/semantic/semantic_analyzer_declaration_binding.c:6	commented	源码注释已说明调用链或资源边界
zr_vm_language_server/src/zr_vm_language_server/semantic/semantic_analyzer_declaration_binding.c	ZrLanguageServer_SemanticAnalyzer_RegisterSymbolSemantics	function	ZrLanguageServer_SemanticAnalyzer_RegisterFieldSymbolFromAst@zr_vm_language_server/src/zr_vm_language_server/semantic/semantic_analyzer_support.c:593	复用 parser 已登记的声明身份，避免展示符号覆盖编译器的完整 callable 类型	不能以 LSP 展示的返回类型覆盖编译器完整可调用类型	zr_vm_language_server/src/zr_vm_language_server/semantic/semantic_analyzer_declaration_binding.c:56	commented	源码注释已说明调用链或资源边界
zr_vm_language_server/src/zr_vm_language_server/semantic/semantic_analyzer_declaration_binding.c	ZrLanguageServer_SemanticAnalyzer_RegisterVariableTypeBinding	function	ZrLanguageServer_SemanticAnalyzer_RegisterDeclarationTypeBinding@zr_vm_language_server/src/zr_vm_language_server/semantic/semantic_analyzer_declaration_binding.c:40	即使变量类型暂未知也保留声明身份，避免后续引用漂移	不能以 LSP 展示的返回类型覆盖编译器完整可调用类型	zr_vm_language_server/src/zr_vm_language_server/semantic/semantic_analyzer_declaration_binding.c:122	commented	源码注释已说明调用链或资源边界
zr_vm_language_server/src/zr_vm_language_server/semantic/semantic_analyzer_diagnostic_fixes.c	ZrLanguageServer_Diagnostic_AddFix	function	ZrLanguageServer_Diagnostic_FromStructured@zr_vm_language_server/src/zr_vm_language_server/semantic/semantic_analyzer_diagnostic_projection.c:112	将 parser 修复建议复制到可发布的 LSP 诊断对象	修复文本需拷贝到诊断对象；诊断释放前有效	zr_vm_language_server/src/zr_vm_language_server/semantic/semantic_analyzer_diagnostic_fixes.c:6	commented	源码注释已说明调用链或资源边界
zr_vm_language_server/src/zr_vm_language_server/semantic/semantic_analyzer_diagnostic_projection.c	semantic_diagnostic_severity_from_structured	function	ZrLanguageServer_Diagnostic_FromStructured@zr_vm_language_server/src/zr_vm_language_server/semantic/semantic_analyzer_diagnostic_projection.c:83	把 parser 严重程度映射到 LSP 协议的诊断等级	全部可选字段和修复信息必须复制成功后才能发布	zr_vm_language_server/src/zr_vm_language_server/semantic/semantic_analyzer_diagnostic_projection.c:7	no-comment	名称和所在阶段已表达局部职责；无额外独立调用契约
zr_vm_language_server/src/zr_vm_language_server/semantic/semantic_analyzer_diagnostic_projection.c	semantic_diagnostic_clone_string	function	ZrLanguageServer_Diagnostic_FromStructured@zr_vm_language_server/src/zr_vm_language_server/semantic/semantic_analyzer_diagnostic_projection.c:92	复制结构化诊断的 GC 字符串，避免展示对象借用临时字段	全部可选字段和修复信息必须复制成功后才能发布	zr_vm_language_server/src/zr_vm_language_server/semantic/semantic_analyzer_diagnostic_projection.c:22	no-comment	名称和所在阶段已表达局部职责；无额外独立调用契约
zr_vm_language_server/src/zr_vm_language_server/semantic/semantic_analyzer_diagnostic_projection.c	semantic_diagnostic_copy_descriptor	function	ZrLanguageServer_Diagnostic_FromStructured@zr_vm_language_server/src/zr_vm_language_server/semantic/semantic_analyzer_diagnostic_projection.c:105	为 LSP 诊断补入注册表描述 ID 与帮助链接	全部可选字段和修复信息必须复制成功后才能发布	zr_vm_language_server/src/zr_vm_language_server/semantic/semantic_analyzer_diagnostic_projection.c:37	no-comment	名称和所在阶段已表达局部职责；无额外独立调用契约
zr_vm_language_server/src/zr_vm_language_server/semantic/semantic_analyzer_diagnostic_projection.c	ZrLanguageServer_Diagnostic_FromStructured	function	ZrLanguageServer_SemanticAnalyzer_AppendSemanticQueryDiagnostics@zr_vm_language_server/src/zr_vm_language_server/semantic/semantic_analyzer_query_diagnostics.c:185;collect_structured_parser_diagnostic@zr_vm_language_server/src/zr_vm_language_server/incremental_parser.c:103;test_semantic_analyzer_get_diagnostics@tests/language_server/test_semantic_analyzer.c:1796	将 parser 的结构化诊断完整复制为 LSP 自有对象	全部可选字段和修复信息必须复制成功后才能发布	zr_vm_language_server/src/zr_vm_language_server/semantic/semantic_analyzer_diagnostic_projection.c:61	commented	源码注释已说明调用链或资源边界
zr_vm_language_server/src/zr_vm_language_server/semantic/semantic_analyzer_expression_query.c	ZR_LSP_EXPRESSION_FACT_NEARBY_COLUMN_TOLERANCE	macro	语义分析器内部声明及相邻阶段调用	限制编辑中间态悬停的邻近列回退范围	优先规范位置和 AST 节点；邻近列仅用于编辑中间态的回退	zr_vm_language_server/src/zr_vm_language_server/semantic/semantic_analyzer_expression_query.c:6	commented	类型或宏的用途已在相邻注释中说明
zr_vm_language_server/src/zr_vm_language_server/semantic/semantic_analyzer_expression_query.c	ZR_LSP_VISIBLE_RANGE_LINE_WIDTH	macro	语义分析器内部声明及相邻阶段调用	给多行范围的候选优先级计算提供稳定权重	优先规范位置和 AST 节点；邻近列仅用于编辑中间态的回退	zr_vm_language_server/src/zr_vm_language_server/semantic/semantic_analyzer_expression_query.c:7	no-comment	名称与局部使用点已说明目的
zr_vm_language_server/src/zr_vm_language_server/semantic/semantic_analyzer_expression_query.c	expression_query_source_uri_equals	function	expression_query_range_contains_position@zr_vm_language_server/src/zr_vm_language_server/semantic/semantic_analyzer_expression_query.c:19	显式 URI 不同时拒绝跨文件匹配表达式事实	优先规范位置和 AST 节点；邻近列仅用于编辑中间态的回退	zr_vm_language_server/src/zr_vm_language_server/semantic/semantic_analyzer_expression_query.c:9	no-comment	名称和所在阶段已表达局部职责；无额外独立调用契约
zr_vm_language_server/src/zr_vm_language_server/semantic/semantic_analyzer_expression_query.c	expression_query_range_contains_position	function	expression_query_node_contains_position@zr_vm_language_server/src/zr_vm_language_server/semantic/semantic_analyzer_expression_query.c:111	按偏移或行列确定光标是否位于表达式事实内	优先规范位置和 AST 节点；邻近列仅用于编辑中间态的回退	zr_vm_language_server/src/zr_vm_language_server/semantic/semantic_analyzer_expression_query.c:17	no-comment	名称和所在阶段已表达局部职责；无额外独立调用契约
zr_vm_language_server/src/zr_vm_language_server/semantic/semantic_analyzer_expression_query.c	expression_query_visible_range_contains_position	function	expression_query_visible_range_distance@zr_vm_language_server/src/zr_vm_language_server/semantic/semantic_analyzer_expression_query.c:85	按用户可见行列解释编辑中间态的表达式范围	优先规范位置和 AST 节点；邻近列仅用于编辑中间态的回退	zr_vm_language_server/src/zr_vm_language_server/semantic/semantic_analyzer_expression_query.c:37	no-comment	名称和所在阶段已表达局部职责；无额外独立调用契约
zr_vm_language_server/src/zr_vm_language_server/semantic/semantic_analyzer_expression_query.c	expression_query_visible_range_width	function	ZrLanguageServer_SemanticAnalyzer_FindExpressionFactAtPosition@zr_vm_language_server/src/zr_vm_language_server/semantic/semantic_analyzer_expression_query.c:638	让更窄的可见表达式事实在同距离回退中优先	优先规范位置和 AST 节点；邻近列仅用于编辑中间态的回退	zr_vm_language_server/src/zr_vm_language_server/semantic/semantic_analyzer_expression_query.c:60	no-comment	名称和所在阶段已表达局部职责；无额外独立调用契约
zr_vm_language_server/src/zr_vm_language_server/semantic/semantic_analyzer_expression_query.c	expression_query_visible_range_distance	function	ZrLanguageServer_SemanticAnalyzer_FindExpressionFactAtPosition@zr_vm_language_server/src/zr_vm_language_server/semantic/semantic_analyzer_expression_query.c:633	量化光标与事实的列距离，限制回退候选	优先规范位置和 AST 节点；邻近列仅用于编辑中间态的回退	zr_vm_language_server/src/zr_vm_language_server/semantic/semantic_analyzer_expression_query.c:77	no-comment	名称和所在阶段已表达局部职责；无额外独立调用契约
zr_vm_language_server/src/zr_vm_language_server/semantic/semantic_analyzer_expression_query.c	expression_query_node_contains_position	function	ZrLanguageServer_SemanticAnalyzer_FindExpressionNodeAtPosition@zr_vm_language_server/src/zr_vm_language_server/semantic/semantic_analyzer_expression_query.c:299	限定 AST 递归检索到包含光标的表达式节点	优先规范位置和 AST 节点；邻近列仅用于编辑中间态的回退	zr_vm_language_server/src/zr_vm_language_server/semantic/semantic_analyzer_expression_query.c:108	no-comment	名称和所在阶段已表达局部职责；无额外独立调用契约
zr_vm_language_server/src/zr_vm_language_server/semantic/semantic_analyzer_expression_query.c	expression_query_node_visibly_contains_position	function	ZrLanguageServer_SemanticAnalyzer_FindExpressionNodeAtPosition@zr_vm_language_server/src/zr_vm_language_server/semantic/semantic_analyzer_expression_query.c:343	在 AST 偏移暂不稳定时按可见行列定位节点	优先规范位置和 AST 节点；邻近列仅用于编辑中间态的回退	zr_vm_language_server/src/zr_vm_language_server/semantic/semantic_analyzer_expression_query.c:114	no-comment	名称和所在阶段已表达局部职责；无额外独立调用契约
zr_vm_language_server/src/zr_vm_language_server/semantic/semantic_analyzer_expression_query.c	expression_query_compound_gap_contains_position	function	ZrLanguageServer_SemanticAnalyzer_FindExpressionNodeAtPosition@zr_vm_language_server/src/zr_vm_language_server/semantic/semantic_analyzer_expression_query.c:324	把复合表达式两子节点之间的操作位置归给父表达式	优先规范位置和 AST 节点；邻近列仅用于编辑中间态的回退	zr_vm_language_server/src/zr_vm_language_server/semantic/semantic_analyzer_expression_query.c:120	no-comment	名称和所在阶段已表达局部职责；无额外独立调用契约
zr_vm_language_server/src/zr_vm_language_server/semantic/semantic_analyzer_expression_query.c	expression_query_unary_operator_contains_position	function	ZrLanguageServer_SemanticAnalyzer_FindExpressionNodeAtPosition@zr_vm_language_server/src/zr_vm_language_server/semantic/semantic_analyzer_expression_query.c:394	把一元运算符上的悬停归给整体表达式类型	优先规范位置和 AST 节点；邻近列仅用于编辑中间态的回退	zr_vm_language_server/src/zr_vm_language_server/semantic/semantic_analyzer_expression_query.c:149	no-comment	名称和所在阶段已表达局部职责；无额外独立调用契约
zr_vm_language_server/src/zr_vm_language_server/semantic/semantic_analyzer_expression_query.c	ZrLanguageServer_SemanticAnalyzer_FindExpressionNodeAtPosition	function	expression_query_find_node_in_array@zr_vm_language_server/src/zr_vm_language_server/semantic/semantic_analyzer_expression_query.c:574;local_query_find_expression_fact@zr_vm_language_server/src/zr_vm_language_server/semantic/lsp_local_semantic_query.c:333;test_lsp_semantic_query_collects_receiver_completion_items@tests/language_server/test_lsp_interface.c:7777	沿 AST 递归寻找光标对应的最具体表达式节点	优先规范位置和 AST 节点；邻近列仅用于编辑中间态的回退	zr_vm_language_server/src/zr_vm_language_server/semantic/semantic_analyzer_expression_query.c:188	commented	源码注释已说明调用链或资源边界
zr_vm_language_server/src/zr_vm_language_server/semantic/semantic_analyzer_expression_query.c	expression_query_find_node_in_array	function	ZrLanguageServer_SemanticAnalyzer_FindExpressionNodeAtPosition@zr_vm_language_server/src/zr_vm_language_server/semantic/semantic_analyzer_expression_query.c:199	从同一词法容器的子节点中选择包含光标的表达式	优先规范位置和 AST 节点；邻近列仅用于编辑中间态的回退	zr_vm_language_server/src/zr_vm_language_server/semantic/semantic_analyzer_expression_query.c:566	no-comment	名称和所在阶段已表达局部职责；无额外独立调用契约
zr_vm_language_server/src/zr_vm_language_server/semantic/semantic_analyzer_expression_query.c	ZrLanguageServer_SemanticAnalyzer_FindExpressionFactAtPosition/nearby fallback	block	ZrLanguageServer_SemanticAnalyzer_FindExpressionFactAtPosition	邻近列回退未校验候选事实所属 AST 表达式	需验证同一行多表达式时是否误选相邻事实	zr_vm_language_server/src/zr_vm_language_server/semantic/semantic_analyzer_expression_query.c:621	TODO	独立控制块承载可达缺陷或待核查前提，源码已就近标记
zr_vm_language_server/src/zr_vm_language_server/semantic/semantic_analyzer_expression_query.c	ZrLanguageServer_SemanticAnalyzer_FindExpressionFactAtPosition	function	local_query_find_expression_fact@zr_vm_language_server/src/zr_vm_language_server/semantic/lsp_local_semantic_query.c:341	按规范位置、AST 节点及短距离回退顺序定位悬停表达式事实	优先规范位置和 AST 节点；邻近列仅用于编辑中间态的回退	zr_vm_language_server/src/zr_vm_language_server/semantic/semantic_analyzer_expression_query.c:588;zr_vm_language_server/src/zr_vm_language_server/semantic/semantic_analyzer_expression_query.c:634	TODO	四列邻近回退未校验表达式归属；需用同一行多个表达式的悬停用例核查是否串类型
zr_vm_language_server/src/zr_vm_language_server/semantic/semantic_analyzer_extern_bindings.c	extern_parameter_diagnostic_location	function	register_extern_function_type_binding_in_env@zr_vm_language_server/src/zr_vm_language_server/semantic/semantic_analyzer_extern_bindings.c:141	把外部函数参数错误定位到可编辑的参数名称	参数类型需精确；两个类型环境的符号与类型 ID 保持一致	zr_vm_language_server/src/zr_vm_language_server/semantic/semantic_analyzer_extern_bindings.c:3	no-comment	名称和所在阶段已表达局部职责；无额外独立调用契约
zr_vm_language_server/src/zr_vm_language_server/semantic/semantic_analyzer_extern_bindings.c	find_function_type_binding_for_declaration	function	register_extern_function_type_binding_in_env@zr_vm_language_server/src/zr_vm_language_server/semantic/semantic_analyzer_extern_bindings.c:174	按声明 AST 定位刚登记的外部函数签名	参数类型需精确；两个类型环境的符号与类型 ID 保持一致	zr_vm_language_server/src/zr_vm_language_server/semantic/semantic_analyzer_extern_bindings.c:19	no-comment	名称和所在阶段已表达局部职责；无额外独立调用契约
zr_vm_language_server/src/zr_vm_language_server/semantic/semantic_analyzer_extern_bindings.c	find_function_type_binding_by_identity	function	ZrLanguageServer_SemanticAnalyzer_RegisterCanonicalExternFunctionBindings@zr_vm_language_server/src/zr_vm_language_server/semantic/semantic_analyzer_extern_bindings.c:219	在编译期类型环境中找出与运行时同 ID 的外部函数绑定	参数类型需精确；两个类型环境的符号与类型 ID 保持一致	zr_vm_language_server/src/zr_vm_language_server/semantic/semantic_analyzer_extern_bindings.c:42	no-comment	名称和所在阶段已表达局部职责；无额外独立调用契约
zr_vm_language_server/src/zr_vm_language_server/semantic/semantic_analyzer_extern_bindings.c	register_extern_function_type_binding_in_env	function	ZrLanguageServer_SemanticAnalyzer_RegisterCanonicalExternFunctionBindings@zr_vm_language_server/src/zr_vm_language_server/semantic/semantic_analyzer_extern_bindings.c:197	先登记外部函数的完整参数与返回类型，供两个类型环境共享	参数类型需精确；两个类型环境的符号与类型 ID 保持一致	zr_vm_language_server/src/zr_vm_language_server/semantic/semantic_analyzer_extern_bindings.c:67;zr_vm_language_server/src/zr_vm_language_server/semantic/semantic_analyzer_extern_bindings.c:143	TODO	参数类型解析失败后跳过该参数但仍登记缩短的签名；需核对 LSP 查询是否会消费部分绑定
zr_vm_language_server/src/zr_vm_language_server/semantic/semantic_analyzer_extern_bindings.c	register_extern_function_type_binding_in_env/parameter failure	block	register_extern_function_type_binding_in_env	参数类型推断失败时仍可能登记缩短的外部函数签名	parser 的声明参数数量检查可能拒绝该签名，但需确认其他 LSP 消费者是否先使用部分绑定	zr_vm_language_server/src/zr_vm_language_server/semantic/semantic_analyzer_extern_bindings.c:143	TODO	独立控制块承载可达缺陷或待核查前提，源码已就近标记
zr_vm_language_server/src/zr_vm_language_server/semantic/semantic_analyzer_extern_bindings.c	ZrLanguageServer_SemanticAnalyzer_RegisterCanonicalExternFunctionBindings	function	ZrLanguageServer_SemanticAnalyzer_CollectSymbolsFromAst@zr_vm_language_server/src/zr_vm_language_server/semantic/semantic_analyzer_symbols.c:1944	让外部函数的运行时与编译期绑定使用同一规范符号和完整签名	参数类型需精确；两个类型环境的符号与类型 ID 保持一致	zr_vm_language_server/src/zr_vm_language_server/semantic/semantic_analyzer_extern_bindings.c:179	commented	源码注释已说明调用链或资源边界
zr_vm_language_server/src/zr_vm_language_server/semantic/semantic_analyzer_internal.h	semantic_string_native	function	semantic_append_generic_constraints@zr_vm_language_server/src/zr_vm_language_server/semantic/semantic_analyzer.c:1057;lsp_property_action_has_field_collision@zr_vm_language_server/src/zr_vm_language_server/lsp_property_code_actions.c:290	给内部事实比较提供兼容短串与长串的文本视图	声明仅供本模块；借用的 AST、编译器状态和语义事实受 analyzer 生命周期约束	zr_vm_language_server/src/zr_vm_language_server/semantic/semantic_analyzer_internal.h:22	no-comment	名称和所在阶段已表达局部职责；无额外独立调用契约
zr_vm_language_server/src/zr_vm_language_server/semantic/semantic_analyzer_internal.h	ZrLanguageServer_SemanticAnalyzer_IsWeakObjectType	function	ZrLanguageServer_SemanticAnalyzer_IsPreciseInferredType@zr_vm_language_server/src/zr_vm_language_server/semantic/semantic_analyzer_internal.h:43	排除只表示未知值的无名 object，阻止模糊类型进入精确查询	声明仅供本模块；借用的 AST、编译器状态和语义事实受 analyzer 生命周期约束	zr_vm_language_server/src/zr_vm_language_server/semantic/semantic_analyzer_internal.h:35	commented	源码注释已说明调用链或资源边界
zr_vm_language_server/src/zr_vm_language_server/semantic/semantic_analyzer_internal.h	ZrLanguageServer_SemanticAnalyzer_IsPreciseInferredType	function	semantic_symbol_display_type_info@zr_vm_language_server/src/zr_vm_language_server/semantic/semantic_analyzer.c:523;signature_copy_exact_construct_type@zr_vm_language_server/src/zr_vm_language_server/lsp_signature_help.c:1000	统一悬停、类型查询与诊断对精确推断结果的判定	声明仅供本模块；借用的 AST、编译器状态和语义事实受 analyzer 生命周期约束	zr_vm_language_server/src/zr_vm_language_server/semantic/semantic_analyzer_internal.h:42	no-comment	名称和所在阶段已表达局部职责；无额外独立调用契约
zr_vm_language_server/src/zr_vm_language_server/semantic/semantic_analyzer_internal.h	ZrLanguageServer_SemanticAnalyzer_PerformTypeChecking	interface	ZrLanguageServer_SemanticAnalyzer_AnalyzeScope@zr_vm_language_server/src/zr_vm_language_server/semantic/semantic_analyzer_analysis.c:211	在符号阶段之后分派各 AST 契约并发布精确类型、所有权和控制流事实	声明仅供本模块；借用的 AST、编译器状态和语义事实受 analyzer 生命周期约束	zr_vm_language_server/src/zr_vm_language_server/semantic/semantic_analyzer_internal.h:47	commented	声明处已有跨阶段契约说明
zr_vm_language_server/src/zr_vm_language_server/semantic/semantic_analyzer_internal.h	ZrLanguageServer_SemanticAnalyzer_TypecheckValueChildren	interface	ZrLanguageServer_SemanticAnalyzer_PerformTypeChecking@zr_vm_language_server/src/zr_vm_language_server/semantic/semantic_analyzer_typecheck.c:1148	将无需新作用域的值表达式递归分派到类型检查器	声明仅供本模块；借用的 AST、编译器状态和语义事实受 analyzer 生命周期约束	zr_vm_language_server/src/zr_vm_language_server/semantic/semantic_analyzer_internal.h:50	no-comment	声明只供 analyzer 模块内部调用；契约在实现与模块头说明
zr_vm_language_server/src/zr_vm_language_server/semantic/semantic_analyzer_internal.h	ZrLanguageServer_SemanticAnalyzer_IsImplicitRuntimeIdentifier	interface	仓内未找到直接调用；需按模块内部入口或仓外 API 消费范围复核	识别 this 与 super 隐式运行时名称；当前仓内尚无调用	声明仅供本模块；借用的 AST、编译器状态和语义事实受 analyzer 生命周期约束	zr_vm_language_server/src/zr_vm_language_server/semantic/semantic_analyzer_internal.h:54	TODO	仓内搜索无直接调用；需确认动态符号消费者后决定移除
zr_vm_language_server/src/zr_vm_language_server/semantic/semantic_analyzer_internal.h	ZrLanguageServer_SemanticAnalyzer_AddDefinitionReferenceForSymbol	interface	ZrLanguageServer_SemanticAnalyzer_RegisterFieldSymbolFromAst@zr_vm_language_server/src/zr_vm_language_server/semantic/semantic_analyzer_support.c:598	给展示符号补入定义引用，供 LSP 定义与引用查询	声明仅供本模块；借用的 AST、编译器状态和语义事实受 analyzer 生命周期约束	zr_vm_language_server/src/zr_vm_language_server/semantic/semantic_analyzer_internal.h:58	no-comment	声明只供 analyzer 模块内部调用；契约在实现与模块头说明
zr_vm_language_server/src/zr_vm_language_server/semantic/semantic_analyzer_internal.h	ZrLanguageServer_SemanticAnalyzer_AddDefinitionReferenceForRange	interface	ZrLanguageServer_SemanticAnalyzer_AddDefinitionReferenceForSymbol@zr_vm_language_server/src/zr_vm_language_server/semantic/semantic_analyzer_support.c:123;ZrLanguageServer_LspPropertyContract_RegisterSourceSymbol@zr_vm_language_server/src/zr_vm_language_server/semantic/lsp_property_contract.c:96	将规范声明身份对应到可跳转的精确源码范围	声明仅供本模块；借用的 AST、编译器状态和语义事实受 analyzer 生命周期约束	zr_vm_language_server/src/zr_vm_language_server/semantic/semantic_analyzer_internal.h:62	no-comment	声明只供 analyzer 模块内部调用；契约在实现与模块头说明
zr_vm_language_server/src/zr_vm_language_server/semantic/semantic_analyzer_internal.h	ZrLanguageServer_SemanticAnalyzer_ComputeAstHash	interface	semantic_analysis_cache_hash@zr_vm_language_server/src/zr_vm_language_server/semantic/semantic_analyzer_analysis.c:20;project_reanalyze_loaded_document@zr_vm_language_server/src/zr_vm_language_server/project/lsp_project.c:1835	向项目索引和局部缓存提供当前 AST 内容指纹	声明仅供本模块；借用的 AST、编译器状态和语义事实受 analyzer 生命周期约束	zr_vm_language_server/src/zr_vm_language_server/semantic/semantic_analyzer_internal.h:67	no-comment	声明只供 analyzer 模块内部调用；契约在实现与模块头说明
zr_vm_language_server/src/zr_vm_language_server/semantic/semantic_analyzer_internal.h	ZrLanguageServer_SemanticAnalyzer_EnsureCacheStorage	interface	ZrLanguageServer_SemanticAnalyzer_New@zr_vm_language_server/src/zr_vm_language_server/semantic/semantic_analyzer.c:1689	在分析器启用缓存时按需建立可回收存储，失败时继续无缓存分析	声明仅供本模块；借用的 AST、编译器状态和语义事实受 analyzer 生命周期约束	zr_vm_language_server/src/zr_vm_language_server/semantic/semantic_analyzer_internal.h:69	no-comment	声明只供 analyzer 模块内部调用；契约在实现与模块头说明
zr_vm_language_server/src/zr_vm_language_server/semantic/semantic_analyzer_internal.h	ZrLanguageServer_SemanticAnalyzer_SetExternalProviderGeneration	interface	ZrLanguageServer_Lsp_GetOrCreateAnalyzer@zr_vm_language_server/src/zr_vm_language_server/interface/lsp_interface.c:1209	provider 代次改变时清除旧缓存与借用事实，强制下一轮重建	声明仅供本模块；借用的 AST、编译器状态和语义事实受 analyzer 生命周期约束	zr_vm_language_server/src/zr_vm_language_server/semantic/semantic_analyzer_internal.h:72	no-comment	声明只供 analyzer 模块内部调用；契约在实现与模块头说明
zr_vm_language_server/src/zr_vm_language_server/semantic/semantic_analyzer_internal.h	ZrLanguageServer_SemanticAnalyzer_SetVirtualDeclarationUriResolver	interface	project_reanalyze_loaded_document@zr_vm_language_server/src/zr_vm_language_server/project/lsp_project.c:1846	项目分析时临时挂接虚拟声明 URI 解析器并传递给局部分析器	声明仅供本模块；借用的 AST、编译器状态和语义事实受 analyzer 生命周期约束	zr_vm_language_server/src/zr_vm_language_server/semantic/semantic_analyzer_internal.h:76	no-comment	声明只供 analyzer 模块内部调用；契约在实现与模块头说明
zr_vm_language_server/src/zr_vm_language_server/semantic/semantic_analyzer_internal.h	ZrLanguageServer_SemanticAnalyzer_DetachCurrentStateForSnapshot	interface	ZrLanguageServer_LspSemanticSnapshotCache_Capture@zr_vm_language_server/src/zr_vm_language_server/interface/lsp_semantic_snapshot_cache.c:224	将当前分析事实与保留的旧 AST 转移到历史快照，同时原位提供空白活动分析器	声明仅供本模块；借用的 AST、编译器状态和语义事实受 analyzer 生命周期约束	zr_vm_language_server/src/zr_vm_language_server/semantic/semantic_analyzer_internal.h:81	no-comment	声明只供 analyzer 模块内部调用；契约在实现与模块头说明
zr_vm_language_server/src/zr_vm_language_server/semantic/semantic_analyzer_internal.h	ZrLanguageServer_SemanticAnalyzer_InvalidateScopedQueryAnalyzerBorrowingAst	interface	snapshot_cache_release_entry@zr_vm_language_server/src/zr_vm_language_server/interface/lsp_semantic_snapshot_cache.c:47	历史快照释放前撤销局部缓存对其 AST 的借用	声明仅供本模块；借用的 AST、编译器状态和语义事实受 analyzer 生命周期约束	zr_vm_language_server/src/zr_vm_language_server/semantic/semantic_analyzer_internal.h:87	no-comment	声明只供 analyzer 模块内部调用；契约在实现与模块头说明
zr_vm_language_server/src/zr_vm_language_server/semantic/semantic_analyzer_internal.h	ZrLanguageServer_SemanticAnalyzer_ClearCachedDiagnosticRefs	interface	ZrLanguageServer_SemanticAnalyzer_ClearCache@zr_vm_language_server/src/zr_vm_language_server/semantic/semantic_analyzer.c:2337	诊断释放前撤销缓存数组中借用的诊断指针	声明仅供本模块；借用的 AST、编译器状态和语义事实受 analyzer 生命周期约束	zr_vm_language_server/src/zr_vm_language_server/semantic/semantic_analyzer_internal.h:92	no-comment	声明只供 analyzer 模块内部调用；契约在实现与模块头说明
zr_vm_language_server/src/zr_vm_language_server/semantic/semantic_analyzer_internal.h	ZrLanguageServer_SemanticAnalyzer_ReleaseDiagnostics	interface	ZrLanguageServer_SemanticAnalyzer_Free@zr_vm_language_server/src/zr_vm_language_server/semantic/semantic_analyzer.c:1741	结束当前诊断快照并按重算或析构场景决定是否重建数组	声明仅供本模块；借用的 AST、编译器状态和语义事实受 analyzer 生命周期约束	zr_vm_language_server/src/zr_vm_language_server/semantic/semantic_analyzer_internal.h:94	no-comment	声明只供 analyzer 模块内部调用；契约在实现与模块头说明
zr_vm_language_server/src/zr_vm_language_server/semantic/semantic_analyzer_internal.h	ZrLanguageServer_SemanticAnalyzer_IsAnalysisRoot	interface	semantic_analysis_root_is_valid@zr_vm_language_server/src/zr_vm_language_server/semantic/semantic_analyzer_analysis.c:37	防止外来 AST 节点被作为当前文档的局部分析根	声明仅供本模块；借用的 AST、编译器状态和语义事实受 analyzer 生命周期约束	zr_vm_language_server/src/zr_vm_language_server/semantic/semantic_analyzer_internal.h:99	no-comment	声明只供 analyzer 模块内部调用；契约在实现与模块头说明
zr_vm_language_server/src/zr_vm_language_server/semantic/semantic_analyzer_internal.h	ZrLanguageServer_SemanticAnalyzer_PrepareState	interface	ZrLanguageServer_SemanticAnalyzer_AnalyzeScope@zr_vm_language_server/src/zr_vm_language_server/semantic/semantic_analyzer_analysis.c:184	重建 compilerState、HIR 与共享语义上下文供本轮符号和类型阶段使用	声明仅供本模块；借用的 AST、编译器状态和语义事实受 analyzer 生命周期约束	zr_vm_language_server/src/zr_vm_language_server/semantic/semantic_analyzer_internal.h:103	no-comment	声明只供 analyzer 模块内部调用；契约在实现与模块头说明
zr_vm_language_server/src/zr_vm_language_server/semantic/semantic_analyzer_internal.h	ZrLanguageServer_SemanticAnalyzer_BootstrapTypePrototypes	interface	ZrLanguageServer_SemanticAnalyzer_PrepareState@zr_vm_language_server/src/zr_vm_language_server/semantic/semantic_analyzer_support.c:390	分析前建立声明类型原型，使符号收集与类型推断查询同一套类型元数据	声明仅供本模块；借用的 AST、编译器状态和语义事实受 analyzer 生命周期约束	zr_vm_language_server/src/zr_vm_language_server/semantic/semantic_analyzer_internal.h:107	no-comment	声明只供 analyzer 模块内部调用；契约在实现与模块头说明
zr_vm_language_server/src/zr_vm_language_server/semantic/semantic_analyzer_internal.h	ZrLanguageServer_SemanticAnalyzer_BuildDeclaredTypeInferredType	interface	semantic_format_type_from_ast@zr_vm_language_server/src/zr_vm_language_server/semantic/semantic_analyzer.c:890;signature_convert_ast_type_with_context@zr_vm_language_server/src/zr_vm_language_server/lsp_signature_help.c:1813	规定 analyzer 内部分阶段处理器之间的共享契约：构造符合规范身份的结果	声明仅供本模块；借用的 AST、编译器状态和语义事实受 analyzer 生命周期约束	zr_vm_language_server/src/zr_vm_language_server/semantic/semantic_analyzer_internal.h:111	no-comment	声明只供 analyzer 模块内部调用；契约在实现与模块头说明
zr_vm_language_server/src/zr_vm_language_server/semantic/semantic_analyzer_internal.h	ZrLanguageServer_SemanticAnalyzer_RegisterCanonicalExternFunctionBindings	interface	ZrLanguageServer_SemanticAnalyzer_CollectSymbolsFromAst@zr_vm_language_server/src/zr_vm_language_server/semantic/semantic_analyzer_symbols.c:1944	让外部函数的运行时与编译期绑定使用同一规范符号和完整签名	声明仅供本模块；借用的 AST、编译器状态和语义事实受 analyzer 生命周期约束	zr_vm_language_server/src/zr_vm_language_server/semantic/semantic_analyzer_internal.h:118	no-comment	声明只供 analyzer 模块内部调用；契约在实现与模块头说明
zr_vm_language_server/src/zr_vm_language_server/semantic/semantic_analyzer_internal.h	ZrLanguageServer_SemanticAnalyzer_RegisterSymbolSemantics	interface	ZrLanguageServer_SemanticAnalyzer_RegisterFieldSymbolFromAst@zr_vm_language_server/src/zr_vm_language_server/semantic/semantic_analyzer_support.c:593	复用 parser 已登记的声明身份，避免展示符号覆盖编译器的完整 callable 类型	声明仅供本模块；借用的 AST、编译器状态和语义事实受 analyzer 生命周期约束	zr_vm_language_server/src/zr_vm_language_server/semantic/semantic_analyzer_internal.h:125	no-comment	声明只供 analyzer 模块内部调用；契约在实现与模块头说明
zr_vm_language_server/src/zr_vm_language_server/semantic/semantic_analyzer_internal.h	ZrLanguageServer_SemanticAnalyzer_RegisterVariableTypeBinding	interface	ZrLanguageServer_SemanticAnalyzer_RegisterDeclarationTypeBinding@zr_vm_language_server/src/zr_vm_language_server/semantic/semantic_analyzer_declaration_binding.c:40	即使变量类型暂未知也保留声明身份，避免后续引用漂移	声明仅供本模块；借用的 AST、编译器状态和语义事实受 analyzer 生命周期约束	zr_vm_language_server/src/zr_vm_language_server/semantic/semantic_analyzer_internal.h:131	no-comment	声明只供 analyzer 模块内部调用；契约在实现与模块头说明
zr_vm_language_server/src/zr_vm_language_server/semantic/semantic_analyzer_internal.h	ZrLanguageServer_SemanticAnalyzer_RegisterDeclarationTypeBinding	interface	ZrLanguageServer_SemanticAnalyzer_CollectSymbolsFromAst@zr_vm_language_server/src/zr_vm_language_server/semantic/semantic_analyzer_symbols.c:1831	把已有规范声明身份和可见范围登记进类型环境	声明仅供本模块；借用的 AST、编译器状态和语义事实受 analyzer 生命周期约束	zr_vm_language_server/src/zr_vm_language_server/semantic/semantic_analyzer_internal.h:134	no-comment	声明只供 analyzer 模块内部调用；契约在实现与模块头说明
zr_vm_language_server/src/zr_vm_language_server/semantic/semantic_analyzer_internal.h	ZrLanguageServer_SemanticAnalyzer_ConsumeCompilerErrorDiagnostic	interface	ZrLanguageServer_SemanticAnalyzer_AnalyzeScope@zr_vm_language_server/src/zr_vm_language_server/semantic/semantic_analyzer_analysis.c:206	把一次性编译器错误转成规范查询事实，并保留其最具体来源位置	声明仅供本模块；借用的 AST、编译器状态和语义事实受 analyzer 生命周期约束	zr_vm_language_server/src/zr_vm_language_server/semantic/semantic_analyzer_internal.h:138	no-comment	声明只供 analyzer 模块内部调用；契约在实现与模块头说明
zr_vm_language_server/src/zr_vm_language_server/semantic/semantic_analyzer_internal.h	ZrLanguageServer_SemanticAnalyzer_ReportCannotInferExactType	interface	register_extern_function_type_binding_in_env@zr_vm_language_server/src/zr_vm_language_server/semantic/semantic_analyzer_extern_bindings.c:99	对不能证明精确类型的节点报告统一错误码，保留更早编译器错误	声明仅供本模块；借用的 AST、编译器状态和语义事实受 analyzer 生命周期约束	zr_vm_language_server/src/zr_vm_language_server/semantic/semantic_analyzer_internal.h:141	no-comment	声明只供 analyzer 模块内部调用；契约在实现与模块头说明
zr_vm_language_server/src/zr_vm_language_server/semantic/semantic_analyzer_internal.h	ZrLanguageServer_SemanticAnalyzer_RegisterTypecheckReceiverBindings	interface	semantic_typecheck_callable_body@zr_vm_language_server/src/zr_vm_language_server/semantic/semantic_analyzer_typecheck.c:546	在方法正文检查前建立当前实例接收者的精确类型	声明仅供本模块；借用的 AST、编译器状态和语义事实受 analyzer 生命周期约束	zr_vm_language_server/src/zr_vm_language_server/semantic/semantic_analyzer_internal.h:146	no-comment	声明只供 analyzer 模块内部调用；契约在实现与模块头说明
zr_vm_language_server/src/zr_vm_language_server/semantic/semantic_analyzer_internal.h	ZrLanguageServer_SemanticAnalyzer_InferExactExpressionType	interface	infer_symbol_expression_type@zr_vm_language_server/src/zr_vm_language_server/semantic/semantic_analyzer_symbols.c:263	只把 parser 可证明的表达式类型写入规范事实，拒绝弱 object 占位	声明仅供本模块；借用的 AST、编译器状态和语义事实受 analyzer 生命周期约束	zr_vm_language_server/src/zr_vm_language_server/semantic/semantic_analyzer_internal.h:151	no-comment	声明只供 analyzer 模块内部调用；契约在实现与模块头说明
zr_vm_language_server/src/zr_vm_language_server/semantic/semantic_analyzer_internal.h	ZrLanguageServer_SemanticAnalyzer_TryEvaluateConstantBooleanCondition	interface	semantic_if_loop_exit_flow@zr_vm_language_server/src/zr_vm_language_server/semantic/semantic_analyzer_reachability.c:150	只在有精确证据时给可达性分析提供已知布尔值	声明仅供本模块；借用的 AST、编译器状态和语义事实受 analyzer 生命周期约束	zr_vm_language_server/src/zr_vm_language_server/semantic/semantic_analyzer_internal.h:156	no-comment	声明只供 analyzer 模块内部调用；契约在实现与模块头说明
zr_vm_language_server/src/zr_vm_language_server/semantic/semantic_analyzer_internal.h	ZrLanguageServer_SemanticAnalyzer_RecordConstantLoopConditionFacts	interface	ZrLanguageServer_SemanticAnalyzer_PerformTypeChecking@zr_vm_language_server/src/zr_vm_language_server/semantic/semantic_analyzer_typecheck.c:1443	发布循环条件恒值及恒假正文不可达事实	声明仅供本模块；借用的 AST、编译器状态和语义事实受 analyzer 生命周期约束	zr_vm_language_server/src/zr_vm_language_server/semantic/semantic_analyzer_internal.h:162	no-comment	声明只供 analyzer 模块内部调用；契约在实现与模块头说明
zr_vm_language_server/src/zr_vm_language_server/semantic/semantic_analyzer_internal.h	ZrLanguageServer_SemanticAnalyzer_ReachabilityCauseForExitNode	interface	ZrLanguageServer_SemanticAnalyzer_PerformTypeChecking@zr_vm_language_server/src/zr_vm_language_server/semantic/semantic_analyzer_typecheck.c:1212	把终止 AST 节点归因于 return、throw、break 或穷尽分支	声明仅供本模块；借用的 AST、编译器状态和语义事实受 analyzer 生命周期约束	zr_vm_language_server/src/zr_vm_language_server/semantic/semantic_analyzer_internal.h:168	no-comment	声明只供 analyzer 模块内部调用；契约在实现与模块头说明
zr_vm_language_server/src/zr_vm_language_server/semantic/semantic_analyzer_internal.h	ZrLanguageServer_SemanticAnalyzer_StatementDefinitelyExits	interface	ZrLanguageServer_SemanticAnalyzer_PerformTypeChecking@zr_vm_language_server/src/zr_vm_language_server/semantic/semantic_analyzer_typecheck.c:1217	为后续语句的不可达判断证明当前语句所有路径均终止	声明仅供本模块；借用的 AST、编译器状态和语义事实受 analyzer 生命周期约束	zr_vm_language_server/src/zr_vm_language_server/semantic/semantic_analyzer_internal.h:171	no-comment	声明只供 analyzer 模块内部调用；契约在实现与模块头说明
zr_vm_language_server/src/zr_vm_language_server/semantic/semantic_analyzer_internal.h	ZrLanguageServer_SemanticAnalyzer_FindExpressionNodeAtPosition	interface	expression_query_find_node_in_array@zr_vm_language_server/src/zr_vm_language_server/semantic/semantic_analyzer_expression_query.c:574;local_query_find_expression_fact@zr_vm_language_server/src/zr_vm_language_server/semantic/lsp_local_semantic_query.c:333;test_lsp_semantic_query_collects_receiver_completion_items@tests/language_server/test_lsp_interface.c:7777	沿 AST 递归寻找光标对应的最具体表达式节点	声明仅供本模块；借用的 AST、编译器状态和语义事实受 analyzer 生命周期约束	zr_vm_language_server/src/zr_vm_language_server/semantic/semantic_analyzer_internal.h:175	no-comment	声明只供 analyzer 模块内部调用；契约在实现与模块头说明
zr_vm_language_server/src/zr_vm_language_server/semantic/semantic_analyzer_internal.h	ZrLanguageServer_SemanticAnalyzer_FindExpressionFactAtPosition	interface	local_query_find_expression_fact@zr_vm_language_server/src/zr_vm_language_server/semantic/lsp_local_semantic_query.c:341	按规范位置、AST 节点及短距离回退顺序定位悬停表达式事实	声明仅供本模块；借用的 AST、编译器状态和语义事实受 analyzer 生命周期约束	zr_vm_language_server/src/zr_vm_language_server/semantic/semantic_analyzer_internal.h:179	no-comment	声明只供 analyzer 模块内部调用；契约在实现与模块头说明
zr_vm_language_server/src/zr_vm_language_server/semantic/semantic_analyzer_internal.h	ZrLanguageServer_SemanticAnalyzer_RegisterFieldSymbolFromAst	interface	ZrLanguageServer_SemanticAnalyzer_CollectSymbolsFromAst@zr_vm_language_server/src/zr_vm_language_server/semantic/semantic_analyzer_symbols.c:2099	同步发布字段符号身份及需要确定性清理的实例字段事实	声明仅供本模块；借用的 AST、编译器状态和语义事实受 analyzer 生命周期约束	zr_vm_language_server/src/zr_vm_language_server/semantic/semantic_analyzer_internal.h:183	no-comment	声明只供 analyzer 模块内部调用；契约在实现与模块头说明
zr_vm_language_server/src/zr_vm_language_server/semantic/semantic_analyzer_internal.h	ZrLanguageServer_SemanticAnalyzer_CollectSymbolsFromAst	interface	ZrLanguageServer_SemanticAnalyzer_AnalyzeScope@zr_vm_language_server/src/zr_vm_language_server/semantic/semantic_analyzer_analysis.c:196	按词法作用域把 AST 声明投影成展示符号、规范身份及定义引用	声明仅供本模块；借用的 AST、编译器状态和语义事实受 analyzer 生命周期约束	zr_vm_language_server/src/zr_vm_language_server/semantic/semantic_analyzer_internal.h:190	no-comment	声明只供 analyzer 模块内部调用；契约在实现与模块头说明
zr_vm_language_server/src/zr_vm_language_server/semantic/semantic_analyzer_internal.h	ZrLanguageServer_SemanticAnalyzer_AppendSemanticQueryDiagnostics	interface	ZrLanguageServer_SemanticAnalyzer_AnalyzeScope@zr_vm_language_server/src/zr_vm_language_server/semantic/semantic_analyzer_analysis.c:224;test_semantic_query_replaces_stale_duplicate_diagnostic@tests/language_server/test_lsp_semantic_query_diagnostic_replacement_cases.h:103	先完成控制流事实，再合并编译器与规则层的结构化查询诊断	声明仅供本模块；借用的 AST、编译器状态和语义事实受 analyzer 生命周期约束	zr_vm_language_server/src/zr_vm_language_server/semantic/semantic_analyzer_internal.h:194	no-comment	声明只供 analyzer 模块内部调用；契约在实现与模块头说明
zr_vm_language_server/src/zr_vm_language_server/semantic/semantic_analyzer_internal.h	ZrLanguageServer_SemanticAnalyzer_PublishCurrentCompilerQueryDiagnostic	interface	ZrLanguageServer_SemanticAnalyzer_ConsumeCompilerErrorDiagnostic@zr_vm_language_server/src/zr_vm_language_server/semantic/semantic_analyzer_support.c:423	把当前编译器错误写入 parser 的结构化查询事实	声明仅供本模块；借用的 AST、编译器状态和语义事实受 analyzer 生命周期约束	zr_vm_language_server/src/zr_vm_language_server/semantic/semantic_analyzer_internal.h:196	no-comment	声明只供 analyzer 模块内部调用；契约在实现与模块头说明
zr_vm_language_server/src/zr_vm_language_server/semantic/semantic_analyzer_query_diagnostics.c	query_diagnostic_same_source	function	query_diagnostic_same_range@zr_vm_language_server/src/zr_vm_language_server/semantic/semantic_analyzer_query_diagnostics.c:24	避免来自不同显式来源的诊断被当作同一问题	先解析控制流事实；同码同位置的诊断只保留一份	zr_vm_language_server/src/zr_vm_language_server/semantic/semantic_analyzer_query_diagnostics.c:8	no-comment	名称和所在阶段已表达局部职责；无额外独立调用契约
zr_vm_language_server/src/zr_vm_language_server/semantic/semantic_analyzer_query_diagnostics.c	query_diagnostic_has_offset	function	query_diagnostic_same_range@zr_vm_language_server/src/zr_vm_language_server/semantic/semantic_analyzer_query_diagnostics.c:28	判断诊断比较应采用偏移还是行列坐标	先解析控制流事实；同码同位置的诊断只保留一份	zr_vm_language_server/src/zr_vm_language_server/semantic/semantic_analyzer_query_diagnostics.c:19	no-comment	名称和所在阶段已表达局部职责；无额外独立调用契约
zr_vm_language_server/src/zr_vm_language_server/semantic/semantic_analyzer_query_diagnostics.c	query_diagnostic_same_range	function	query_diagnostic_find_reported_slot@zr_vm_language_server/src/zr_vm_language_server/semantic/semantic_analyzer_query_diagnostics.c:100	确认两个诊断对应同一源码位置以支持替换合并	先解析控制流事实；同码同位置的诊断只保留一份	zr_vm_language_server/src/zr_vm_language_server/semantic/semantic_analyzer_query_diagnostics.c:23	no-comment	名称和所在阶段已表达局部职责；无额外独立调用契约
zr_vm_language_server/src/zr_vm_language_server/semantic/semantic_analyzer_query_diagnostics.c	query_diagnostic_same_code	function	query_diagnostic_find_reported_slot@zr_vm_language_server/src/zr_vm_language_server/semantic/semantic_analyzer_query_diagnostics.c:101	同位置但不同问题码的诊断必须分别保留	先解析控制流事实；同码同位置的诊断只保留一份	zr_vm_language_server/src/zr_vm_language_server/semantic/semantic_analyzer_query_diagnostics.c:42	no-comment	名称和所在阶段已表达局部职责；无额外独立调用契约
zr_vm_language_server/src/zr_vm_language_server/semantic/semantic_analyzer_query_diagnostics.c	ZrLanguageServer_SemanticAnalyzer_PublishCurrentCompilerQueryDiagnostic	function	ZrLanguageServer_SemanticAnalyzer_ConsumeCompilerErrorDiagnostic@zr_vm_language_server/src/zr_vm_language_server/semantic/semantic_analyzer_support.c:423	把当前编译器错误写入 parser 的结构化查询事实	先解析控制流事实；同码同位置的诊断只保留一份	zr_vm_language_server/src/zr_vm_language_server/semantic/semantic_analyzer_query_diagnostics.c:51	commented	源码注释已说明调用链或资源边界
zr_vm_language_server/src/zr_vm_language_server/semantic/semantic_analyzer_query_diagnostics.c	ZrLanguageServer_SemanticAnalyzer_ReportCannotInferExactType	function	register_extern_function_type_binding_in_env@zr_vm_language_server/src/zr_vm_language_server/semantic/semantic_analyzer_extern_bindings.c:99	对不能证明精确类型的节点报告统一错误码，保留更早编译器错误	先解析控制流事实；同码同位置的诊断只保留一份	zr_vm_language_server/src/zr_vm_language_server/semantic/semantic_analyzer_query_diagnostics.c:64	commented	源码注释已说明调用链或资源边界
zr_vm_language_server/src/zr_vm_language_server/semantic/semantic_analyzer_query_diagnostics.c	query_diagnostic_find_reported_slot	function	ZrLanguageServer_SemanticAnalyzer_AppendSemanticQueryDiagnostics@zr_vm_language_server/src/zr_vm_language_server/semantic/semantic_analyzer_query_diagnostics.c:183	定位已发布的同码同位置诊断槽位供规范事实替换	先解析控制流事实；同码同位置的诊断只保留一份	zr_vm_language_server/src/zr_vm_language_server/semantic/semantic_analyzer_query_diagnostics.c:89	commented	源码注释已说明调用链或资源边界
zr_vm_language_server/src/zr_vm_language_server/semantic/semantic_analyzer_query_diagnostics.c	query_diagnostic_remove_other_reported_slots	function	ZrLanguageServer_SemanticAnalyzer_AppendSemanticQueryDiagnostics@zr_vm_language_server/src/zr_vm_language_server/semantic/semantic_analyzer_query_diagnostics.c:189	替换规范诊断后删除剩余重复槽位，避免响应重复错误	先解析控制流事实；同码同位置的诊断只保留一份	zr_vm_language_server/src/zr_vm_language_server/semantic/semantic_analyzer_query_diagnostics.c:109	no-comment	名称和所在阶段已表达局部职责；无额外独立调用契约
zr_vm_language_server/src/zr_vm_language_server/semantic/semantic_analyzer_query_diagnostics.c	ZrLanguageServer_SemanticAnalyzer_AppendSemanticQueryDiagnostics	function	ZrLanguageServer_SemanticAnalyzer_AnalyzeScope@zr_vm_language_server/src/zr_vm_language_server/semantic/semantic_analyzer_analysis.c:224;test_semantic_query_replaces_stale_duplicate_diagnostic@tests/language_server/test_lsp_semantic_query_diagnostic_replacement_cases.h:103	先完成控制流事实，再合并编译器与规则层的结构化查询诊断	先解析控制流事实；同码同位置的诊断只保留一份	zr_vm_language_server/src/zr_vm_language_server/semantic/semantic_analyzer_query_diagnostics.c:152	commented	源码注释已说明调用链或资源边界
zr_vm_language_server/src/zr_vm_language_server/semantic/semantic_analyzer_query_source.c	ZrLanguageServer_SemanticAnalyzer_BindQuerySource	function	ZrLanguageServer_SemanticAnalyzer_GetSymbolAt@zr_vm_language_server/src/zr_vm_language_server/semantic/semantic_analyzer.c:1898;lsp_code_lens_append_reference_counts@zr_vm_language_server/src/zr_vm_language_server/lsp_code_lens.c:217	查询缺 URI 时绑定当前 AST 来源，保持显式跨文件查询不变	显式 source 不可改写；分析器未绑定 AST 时保留原位置	zr_vm_language_server/src/zr_vm_language_server/semantic/semantic_analyzer_query_source.c:4	commented	源码注释已说明调用链或资源边界
zr_vm_language_server/src/zr_vm_language_server/semantic/semantic_analyzer_query_source.h	ZrLanguageServer_SemanticAnalyzer_BindQuerySource	interface	ZrLanguageServer_SemanticAnalyzer_GetSymbolAt@zr_vm_language_server/src/zr_vm_language_server/semantic/semantic_analyzer.c:1898;lsp_code_lens_append_reference_counts@zr_vm_language_server/src/zr_vm_language_server/lsp_code_lens.c:217	查询缺 URI 时绑定当前 AST 来源，保持显式跨文件查询不变	显式 source 不可改写；结果值不转移 AST 所有权	zr_vm_language_server/src/zr_vm_language_server/semantic/semantic_analyzer_query_source.h:7	commented	声明处已有跨阶段契约说明
zr_vm_language_server/src/zr_vm_language_server/semantic/semantic_analyzer_reachability.c	semantic_control_record_logical_fact	function	ZrLanguageServer_SemanticAnalyzer_RecordConstantLoopConditionFacts@zr_vm_language_server/src/zr_vm_language_server/semantic/semantic_analyzer_reachability.c:505	为控制流判定发布可追溯的精确布尔事实	未知条件与缺失分支保持保守；局部 break 不等同离开外层	zr_vm_language_server/src/zr_vm_language_server/semantic/semantic_analyzer_reachability.c:3	no-comment	名称和所在阶段已表达局部职责；无额外独立调用契约
zr_vm_language_server/src/zr_vm_language_server/semantic/semantic_analyzer_reachability.c	semantic_control_record_unreachable_fact	function	ZrLanguageServer_SemanticAnalyzer_RecordConstantLoopConditionFacts@zr_vm_language_server/src/zr_vm_language_server/semantic/semantic_analyzer_reachability.c:514	记录不可达节点及触发它的控制流原因供诊断查询	未知条件与缺失分支保持保守；局部 break 不等同离开外层	zr_vm_language_server/src/zr_vm_language_server/semantic/semantic_analyzer_reachability.c:25	no-comment	名称和所在阶段已表达局部职责；无额外独立调用契约
zr_vm_language_server/src/zr_vm_language_server/semantic/semantic_analyzer_reachability.c	ZrLanguageServer_SemanticAnalyzer_ReachabilityCauseForExitNode	function	ZrLanguageServer_SemanticAnalyzer_PerformTypeChecking@zr_vm_language_server/src/zr_vm_language_server/semantic/semantic_analyzer_typecheck.c:1212	把终止 AST 节点归因于 return、throw、break 或穷尽分支	未知条件与缺失分支保持保守；局部 break 不等同离开外层	zr_vm_language_server/src/zr_vm_language_server/semantic/semantic_analyzer_reachability.c:44	no-comment	名称和所在阶段已表达局部职责；无额外独立调用契约
zr_vm_language_server/src/zr_vm_language_server/semantic/semantic_analyzer_reachability.c	SZrSemanticLoopExitFlow	type	语义分析器内部声明及相邻阶段调用	把离开外层控制流与局部循环退出分开，防止 break 被当作函数返回	未知条件与缺失分支保持保守；局部 break 不等同离开外层	zr_vm_language_server/src/zr_vm_language_server/semantic/semantic_analyzer_reachability.c:71	commented	类型或宏的用途已在相邻注释中说明
zr_vm_language_server/src/zr_vm_language_server/semantic/semantic_analyzer_reachability.c	semantic_loop_flow_no_exit	function	semantic_block_loop_exit_flow@zr_vm_language_server/src/zr_vm_language_server/semantic/semantic_analyzer_reachability.c:112	为未知循环控制流提供保守初始状态	未知条件与缺失分支保持保守；局部 break 不等同离开外层	zr_vm_language_server/src/zr_vm_language_server/semantic/semantic_analyzer_reachability.c:77	no-comment	名称和所在阶段已表达局部职责；无额外独立调用契约
zr_vm_language_server/src/zr_vm_language_server/semantic/semantic_analyzer_reachability.c	semantic_loop_flow_enclosing_exit	function	semantic_statement_loop_exit_flow@zr_vm_language_server/src/zr_vm_language_server/semantic/semantic_analyzer_reachability.c:298	标记所有路径都离开外层控制流的终止情形	未知条件与缺失分支保持保守；局部 break 不等同离开外层	zr_vm_language_server/src/zr_vm_language_server/semantic/semantic_analyzer_reachability.c:84	no-comment	名称和所在阶段已表达局部职责；无额外独立调用契约
zr_vm_language_server/src/zr_vm_language_server/semantic/semantic_analyzer_reachability.c	semantic_loop_flow_local_exit	function	semantic_statement_loop_exit_flow@zr_vm_language_server/src/zr_vm_language_server/semantic/semantic_analyzer_reachability.c:301	区分 break 或 continue 的本地退出与函数级退出	未知条件与缺失分支保持保守；局部 break 不等同离开外层	zr_vm_language_server/src/zr_vm_language_server/semantic/semantic_analyzer_reachability.c:93	no-comment	名称和所在阶段已表达局部职责；无额外独立调用契约
zr_vm_language_server/src/zr_vm_language_server/semantic/semantic_analyzer_reachability.c	semantic_block_loop_exit_flow	function	semantic_statement_loop_exit_flow@zr_vm_language_server/src/zr_vm_language_server/semantic/semantic_analyzer_reachability.c:304	组合顺序语句的退出事实，保留先前可能的局部跳出	未知条件与缺失分支保持保守；局部 break 不等同离开外层	zr_vm_language_server/src/zr_vm_language_server/semantic/semantic_analyzer_reachability.c:109	no-comment	名称和所在阶段已表达局部职责；无额外独立调用契约
zr_vm_language_server/src/zr_vm_language_server/semantic/semantic_analyzer_reachability.c	semantic_if_loop_exit_flow	function	semantic_statement_loop_exit_flow@zr_vm_language_server/src/zr_vm_language_server/semantic/semantic_analyzer_reachability.c:307	按确定条件或双分支结果判断循环体是否必然退出	未知条件与缺失分支保持保守；局部 break 不等同离开外层	zr_vm_language_server/src/zr_vm_language_server/semantic/semantic_analyzer_reachability.c:138	no-comment	名称和所在阶段已表达局部职责；无额外独立调用契约
zr_vm_language_server/src/zr_vm_language_server/semantic/semantic_analyzer_reachability.c	semantic_switch_loop_exit_flow	function	semantic_statement_loop_exit_flow@zr_vm_language_server/src/zr_vm_language_server/semantic/semantic_analyzer_reachability.c:310	只有含 default 且各 case 均终止时才判定 switch 退出	未知条件与缺失分支保持保守；局部 break 不等同离开外层	zr_vm_language_server/src/zr_vm_language_server/semantic/semantic_analyzer_reachability.c:180	no-comment	名称和所在阶段已表达局部职责；无额外独立调用契约
zr_vm_language_server/src/zr_vm_language_server/semantic/semantic_analyzer_reachability.c	semantic_try_loop_exit_flow	function	semantic_statement_loop_exit_flow@zr_vm_language_server/src/zr_vm_language_server/semantic/semantic_analyzer_reachability.c:313	综合 try、catch 与 finally 的终止路径，防止遗漏覆盖式退出	未知条件与缺失分支保持保守；局部 break 不等同离开外层	zr_vm_language_server/src/zr_vm_language_server/semantic/semantic_analyzer_reachability.c:220	no-comment	名称和所在阶段已表达局部职责；无额外独立调用契约
zr_vm_language_server/src/zr_vm_language_server/semantic/semantic_analyzer_reachability.c	semantic_while_loop_exit_flow	function	semantic_statement_loop_exit_flow@zr_vm_language_server/src/zr_vm_language_server/semantic/semantic_analyzer_reachability.c:316	只有常真条件及正文终止路径都成立时判定 while 不回落	未知条件与缺失分支保持保守；局部 break 不等同离开外层	zr_vm_language_server/src/zr_vm_language_server/semantic/semantic_analyzer_reachability.c:266	no-comment	名称和所在阶段已表达局部职责；无额外独立调用契约
zr_vm_language_server/src/zr_vm_language_server/semantic/semantic_analyzer_reachability.c	semantic_for_loop_exit_flow	function	semantic_statement_loop_exit_flow@zr_vm_language_server/src/zr_vm_language_server/semantic/semantic_analyzer_reachability.c:319	对省略或常真条件的 for 分析循环体退出路径	未知条件与缺失分支保持保守；局部 break 不等同离开外层	zr_vm_language_server/src/zr_vm_language_server/semantic/semantic_analyzer_reachability.c:278	no-comment	名称和所在阶段已表达局部职责；无额外独立调用契约
zr_vm_language_server/src/zr_vm_language_server/semantic/semantic_analyzer_reachability.c	semantic_statement_loop_exit_flow	function	semantic_block_loop_exit_flow@zr_vm_language_server/src/zr_vm_language_server/semantic/semantic_analyzer_reachability.c:120	将不同语句的退出状态投影到循环控制流三值信息	未知条件与缺失分支保持保守；局部 break 不等同离开外层	zr_vm_language_server/src/zr_vm_language_server/semantic/semantic_analyzer_reachability.c:290	no-comment	名称和所在阶段已表达局部职责；无额外独立调用契约
zr_vm_language_server/src/zr_vm_language_server/semantic/semantic_analyzer_reachability.c	semantic_statement_exits_enclosing_flow	function	ZrLanguageServer_SemanticAnalyzer_StatementDefinitelyExits@zr_vm_language_server/src/zr_vm_language_server/semantic/semantic_analyzer_reachability.c:436	拒绝把局部循环跳出误判成外层控制流结束	未知条件与缺失分支保持保守；局部 break 不等同离开外层	zr_vm_language_server/src/zr_vm_language_server/semantic/semantic_analyzer_reachability.c:326	no-comment	名称和所在阶段已表达局部职责；无额外独立调用契约
zr_vm_language_server/src/zr_vm_language_server/semantic/semantic_analyzer_reachability.c	semantic_loop_condition_is_constant_true	function	semantic_while_loop_exit_flow@zr_vm_language_server/src/zr_vm_language_server/semantic/semantic_analyzer_reachability.c:271	只接受可证明常真的 while 条件作为不回落依据	未知条件与缺失分支保持保守；局部 break 不等同离开外层	zr_vm_language_server/src/zr_vm_language_server/semantic/semantic_analyzer_reachability.c:333	no-comment	名称和所在阶段已表达局部职责；无额外独立调用契约
zr_vm_language_server/src/zr_vm_language_server/semantic/semantic_analyzer_reachability.c	semantic_for_loop_condition_is_constant_true_or_omitted	function	semantic_for_loop_exit_flow@zr_vm_language_server/src/zr_vm_language_server/semantic/semantic_analyzer_reachability.c:283	将缺省 for 条件或可证明常真条件作为不回落依据	未知条件与缺失分支保持保守；局部 break 不等同离开外层	zr_vm_language_server/src/zr_vm_language_server/semantic/semantic_analyzer_reachability.c:345	no-comment	名称和所在阶段已表达局部职责；无额外独立调用契约
zr_vm_language_server/src/zr_vm_language_server/semantic/semantic_analyzer_reachability.c	ZrLanguageServer_SemanticAnalyzer_StatementDefinitelyExits	function	ZrLanguageServer_SemanticAnalyzer_PerformTypeChecking@zr_vm_language_server/src/zr_vm_language_server/semantic/semantic_analyzer_typecheck.c:1217	为后续语句的不可达判断证明当前语句所有路径均终止	未知条件与缺失分支保持保守；局部 break 不等同离开外层	zr_vm_language_server/src/zr_vm_language_server/semantic/semantic_analyzer_reachability.c:355	commented	源码注释已说明调用链或资源边界
zr_vm_language_server/src/zr_vm_language_server/semantic/semantic_analyzer_reachability.c	ZrLanguageServer_SemanticAnalyzer_RecordConstantLoopConditionFacts	function	ZrLanguageServer_SemanticAnalyzer_PerformTypeChecking@zr_vm_language_server/src/zr_vm_language_server/semantic/semantic_analyzer_typecheck.c:1443	发布循环条件恒值及恒假正文不可达事实	未知条件与缺失分支保持保守；局部 break 不等同离开外层	zr_vm_language_server/src/zr_vm_language_server/semantic/semantic_analyzer_reachability.c:484	commented	源码注释已说明调用链或资源边界
zr_vm_language_server/src/zr_vm_language_server/semantic/semantic_analyzer_scope.c	semantic_analysis_scope_contains_position	function	semantic_analysis_scope_find@zr_vm_language_server/src/zr_vm_language_server/semantic/semantic_analyzer_scope.c:35	限定局部查询光标属于候选声明范围	候选必须在当前 AST 内；普通表达式不是独立分析根	zr_vm_language_server/src/zr_vm_language_server/semantic/semantic_analyzer_scope.c:3	no-comment	名称和所在阶段已表达局部职责；无额外独立调用契约
zr_vm_language_server/src/zr_vm_language_server/semantic/semantic_analyzer_scope.c	semantic_analysis_scope_is_root_type	function	semantic_analysis_scope_contains_root@zr_vm_language_server/src/zr_vm_language_server/semantic/semantic_analyzer_scope.c:116	只允许函数、方法、lambda 和访问器作为独立分析根	候选必须在当前 AST 内；普通表达式不是独立分析根	zr_vm_language_server/src/zr_vm_language_server/semantic/semantic_analyzer_scope.c:15	no-comment	名称和所在阶段已表达局部职责；无额外独立调用契约
zr_vm_language_server/src/zr_vm_language_server/semantic/semantic_analyzer_scope.c	semantic_analysis_scope_find	function	semantic_analysis_scope_find_in_nodes@zr_vm_language_server/src/zr_vm_language_server/semantic/semantic_analyzer_scope.c:90	沿脚本与类型成员树定位包含光标的最内层声明	候选必须在当前 AST 内；普通表达式不是独立分析根	zr_vm_language_server/src/zr_vm_language_server/semantic/semantic_analyzer_scope.c:32	no-comment	名称和所在阶段已表达局部职责；无额外独立调用契约
zr_vm_language_server/src/zr_vm_language_server/semantic/semantic_analyzer_scope.c	semantic_analysis_scope_find_in_nodes	function	semantic_analysis_scope_find@zr_vm_language_server/src/zr_vm_language_server/semantic/semantic_analyzer_scope.c:41	在同级声明中选择包含目标位置的独立分析根	候选必须在当前 AST 内；普通表达式不是独立分析根	zr_vm_language_server/src/zr_vm_language_server/semantic/semantic_analyzer_scope.c:80	no-comment	名称和所在阶段已表达局部职责；无额外独立调用契约
zr_vm_language_server/src/zr_vm_language_server/semantic/semantic_analyzer_scope.c	ZrLanguageServer_SemanticAnalyzer_FindAnalysisRootAtPosition	function	ZrLanguageServer_SemanticAnalyzer_ClassifyFileChange@zr_vm_language_server/src/zr_vm_language_server/semantic/semantic_analyzer_change.c:81;test_analysis_root_resolver_rejects_non_callable_wrappers@tests/language_server/test_lsp_local_semantic_scope_cases.h:80	为局部查询与编辑分类找出光标位置的最内层独立声明根	候选必须在当前 AST 内；普通表达式不是独立分析根	zr_vm_language_server/src/zr_vm_language_server/semantic/semantic_analyzer_scope.c:99	commented	源码注释已说明调用链或资源边界
zr_vm_language_server/src/zr_vm_language_server/semantic/semantic_analyzer_scope.c	semantic_analysis_scope_contains_root	function	semantic_analysis_scope_nodes_contain_root@zr_vm_language_server/src/zr_vm_language_server/semantic/semantic_analyzer_scope.c:159	验证候选声明确实位于当前 AST 的合法根链中	候选必须在当前 AST 内；普通表达式不是独立分析根	zr_vm_language_server/src/zr_vm_language_server/semantic/semantic_analyzer_scope.c:109	no-comment	名称和所在阶段已表达局部职责；无额外独立调用契约
zr_vm_language_server/src/zr_vm_language_server/semantic/semantic_analyzer_scope.c	semantic_analysis_scope_nodes_contain_root	function	semantic_analysis_scope_contains_root@zr_vm_language_server/src/zr_vm_language_server/semantic/semantic_analyzer_scope.c:121	在声明列表中验证候选根属于当前 AST	候选必须在当前 AST 内；普通表达式不是独立分析根	zr_vm_language_server/src/zr_vm_language_server/semantic/semantic_analyzer_scope.c:150	no-comment	名称和所在阶段已表达局部职责；无额外独立调用契约
zr_vm_language_server/src/zr_vm_language_server/semantic/semantic_analyzer_scope.c	ZrLanguageServer_SemanticAnalyzer_IsAnalysisRoot	function	semantic_analysis_root_is_valid@zr_vm_language_server/src/zr_vm_language_server/semantic/semantic_analyzer_analysis.c:37	防止外来 AST 节点被作为当前文档的局部分析根	候选必须在当前 AST 内；普通表达式不是独立分析根	zr_vm_language_server/src/zr_vm_language_server/semantic/semantic_analyzer_scope.c:167	commented	源码注释已说明调用链或资源边界
zr_vm_language_server/src/zr_vm_language_server/semantic/semantic_analyzer_scope_cache.c	scoped_cache_range_length	function	scoped_cache_change_decision@zr_vm_language_server/src/zr_vm_language_server/semantic/semantic_analyzer_scope_cache.c:220	把编辑前后范围长度纳入安全复用前提	先检查依赖，再保留旧 AST，最后用新作用域哈希复核	zr_vm_language_server/src/zr_vm_language_server/semantic/semantic_analyzer_scope_cache.c:4	no-comment	名称和所在阶段已表达局部职责；无额外独立调用契约
zr_vm_language_server/src/zr_vm_language_server/semantic/semantic_analyzer_scope_cache.c	scoped_cache_ranges_overlap	function	scoped_cache_change_decision@zr_vm_language_server/src/zr_vm_language_server/semantic/semantic_analyzer_scope_cache.c:222	有范围重叠时拒绝保留原局部查询事实	先检查依赖，再保留旧 AST，最后用新作用域哈希复核	zr_vm_language_server/src/zr_vm_language_server/semantic/semantic_analyzer_scope_cache.c:10	no-comment	名称和所在阶段已表达局部职责；无额外独立调用契约
zr_vm_language_server/src/zr_vm_language_server/semantic/semantic_analyzer_scope_cache.c	scoped_cache_ranges_equal	function	scoped_cache_dependency_to_callable@zr_vm_language_server/src/zr_vm_language_server/semantic/semantic_analyzer_scope_cache.c:149	复核新旧作用域坐标完全一致才可复用旧事实	先检查依赖，再保留旧 AST，最后用新作用域哈希复核	zr_vm_language_server/src/zr_vm_language_server/semantic/semantic_analyzer_scope_cache.c:17	no-comment	名称和所在阶段已表达局部职责；无额外独立调用契约
zr_vm_language_server/src/zr_vm_language_server/semantic/semantic_analyzer_scope_cache.c	scoped_cache_range_contains	function	scoped_cache_dependency_to_callable@zr_vm_language_server/src/zr_vm_language_server/semantic/semantic_analyzer_scope_cache.c:141	限定依赖检查只统计已缓存局部作用域内的事实	先检查依赖，再保留旧 AST，最后用新作用域哈希复核	zr_vm_language_server/src/zr_vm_language_server/semantic/semantic_analyzer_scope_cache.c:28	no-comment	名称和所在阶段已表达局部职责；无额外独立调用契约
zr_vm_language_server/src/zr_vm_language_server/semantic/semantic_analyzer_scope_cache.c	scoped_cache_is_supported_callable_type	function	scoped_cache_changed_callable@zr_vm_language_server/src/zr_vm_language_server/semantic/semantic_analyzer_scope_cache.c:48	缓存依赖证明只处理已支持的函数和方法声明	先检查依赖，再保留旧 AST，最后用新作用域哈希复核	zr_vm_language_server/src/zr_vm_language_server/semantic/semantic_analyzer_scope_cache.c:35	no-comment	名称和所在阶段已表达局部职责；无额外独立调用契约
zr_vm_language_server/src/zr_vm_language_server/semantic/semantic_analyzer_scope_cache.c	scoped_cache_changed_callable	function	scoped_cache_change_decision@zr_vm_language_server/src/zr_vm_language_server/semantic/semantic_analyzer_scope_cache.c:232	从旧 AST 定位被修改的可调用声明以判断依赖	先检查依赖，再保留旧 AST，最后用新作用域哈希复核	zr_vm_language_server/src/zr_vm_language_server/semantic/semantic_analyzer_scope_cache.c:41	no-comment	名称和所在阶段已表达局部职责；无额外独立调用契约
zr_vm_language_server/src/zr_vm_language_server/semantic/semantic_analyzer_scope_cache.c	scoped_cache_callable_declaration_range	function	scoped_cache_dependency_to_callable@zr_vm_language_server/src/zr_vm_language_server/semantic/semantic_analyzer_scope_cache.c:127	取可调用声明的身份范围，与引用事实匹配直接依赖	先检查依赖，再保留旧 AST，最后用新作用域哈希复核	zr_vm_language_server/src/zr_vm_language_server/semantic/semantic_analyzer_scope_cache.c:60	no-comment	名称和所在阶段已表达局部职责；无额外独立调用契约
zr_vm_language_server/src/zr_vm_language_server/semantic/semantic_analyzer_scope_cache.c	scoped_cache_callable_return_type	function	scoped_cache_change_decision@zr_vm_language_server/src/zr_vm_language_server/semantic/semantic_analyzer_scope_cache.c:236	区分显式稳定返回类型与可能受正文影响的推断返回类型	先检查依赖，再保留旧 AST，最后用新作用域哈希复核	zr_vm_language_server/src/zr_vm_language_server/semantic/semantic_analyzer_scope_cache.c:74	no-comment	名称和所在阶段已表达局部职责；无额外独立调用契约
zr_vm_language_server/src/zr_vm_language_server/semantic/semantic_analyzer_scope_cache.c	EZrScopedCacheDependency	type	语义分析器内部声明及相邻阶段调用	区分确定无依赖、确定直接依赖与证据不足，阻止缓存误保留	先检查依赖，再保留旧 AST，最后用新作用域哈希复核	zr_vm_language_server/src/zr_vm_language_server/semantic/semantic_analyzer_scope_cache.c:92	commented	类型或宏的用途已在相邻注释中说明
zr_vm_language_server/src/zr_vm_language_server/semantic/semantic_analyzer_scope_cache.c	EZrScopedCacheChangeDecision	type	语义分析器内部声明及相邻阶段调用	把编辑判定转换为可统计的保留或失效原因	先检查依赖，再保留旧 AST，最后用新作用域哈希复核	zr_vm_language_server/src/zr_vm_language_server/semantic/semantic_analyzer_scope_cache.c:99	commented	类型或宏的用途已在相邻注释中说明
zr_vm_language_server/src/zr_vm_language_server/semantic/semantic_analyzer_scope_cache.c	scoped_cache_dependency_to_callable	function	scoped_cache_change_decision@zr_vm_language_server/src/zr_vm_language_server/semantic/semantic_analyzer_scope_cache.c:240	依据已解析引用和精确表达式事实判断局部结果是否依赖被编辑的调用目标	先检查依赖，再保留旧 AST，最后用新作用域哈希复核	zr_vm_language_server/src/zr_vm_language_server/semantic/semantic_analyzer_scope_cache.c:107	commented	源码注释已说明调用链或资源边界
zr_vm_language_server/src/zr_vm_language_server/semantic/semantic_analyzer_scope_cache.c	scoped_cache_dependency_decision	function	scoped_cache_change_decision@zr_vm_language_server/src/zr_vm_language_server/semantic/semantic_analyzer_scope_cache.c:239	将三值依赖事实转为保留、直接失效或保守失效	先检查依赖，再保留旧 AST，最后用新作用域哈希复核	zr_vm_language_server/src/zr_vm_language_server/semantic/semantic_analyzer_scope_cache.c:201	no-comment	名称和所在阶段已表达局部职责；无额外独立调用契约
zr_vm_language_server/src/zr_vm_language_server/semantic/semantic_analyzer_scope_cache.c	scoped_cache_change_decision	function	ZrLanguageServer_SemanticAnalyzer_PrepareScopedQueryCacheForChange@zr_vm_language_server/src/zr_vm_language_server/semantic/semantic_analyzer_scope_cache.c:328	综合长度、声明影响和依赖事实选择最小安全失效范围	先检查依赖，再保留旧 AST，最后用新作用域哈希复核	zr_vm_language_server/src/zr_vm_language_server/semantic/semantic_analyzer_scope_cache.c:211	no-comment	名称和所在阶段已表达局部职责；无额外独立调用契约
zr_vm_language_server/src/zr_vm_language_server/semantic/semantic_analyzer_scope_cache.c	ZrLanguageServer_SemanticAnalyzer_GetOrCreateScopedQueryAnalyzer	function	test_analysis_provider_generation_invalidates_same_ast_cache@tests/language_server/test_lsp_analysis_provider_generation_cases.h:63	提供主分析器拥有的独立局部查询分析器，按父级 provider 与缓存策略初始化	先检查依赖，再保留旧 AST，最后用新作用域哈希复核	zr_vm_language_server/src/zr_vm_language_server/semantic/semantic_analyzer_scope_cache.c:259	commented	源码注释已说明调用链或资源边界
zr_vm_language_server/src/zr_vm_language_server/semantic/semantic_analyzer_scope_cache.c	ZrLanguageServer_SemanticAnalyzer_InvalidateScopedQueryAnalyzer	function	ZrLanguageServer_SemanticAnalyzer_Free@zr_vm_language_server/src/zr_vm_language_server/semantic/semantic_analyzer.c:1740;ZrLanguageServer_Lsp_UpdateDocumentCore@zr_vm_language_server/src/zr_vm_language_server/interface/lsp_interface.c:1451	撤销局部分析器及其旧 AST 事实，防止版本或 provider 更替后查询旧内容	先检查依赖，再保留旧 AST，最后用新作用域哈希复核	zr_vm_language_server/src/zr_vm_language_server/semantic/semantic_analyzer_scope_cache.c:287	commented	源码注释已说明调用链或资源边界
zr_vm_language_server/src/zr_vm_language_server/semantic/semantic_analyzer_scope_cache.c	ZrLanguageServer_SemanticAnalyzer_PrepareScopedQueryCacheForChange	function	ZrLanguageServer_Lsp_UpdateDocumentCore@zr_vm_language_server/src/zr_vm_language_server/interface/lsp_interface.c:1425	在旧 AST 被增量解析替换前判定依赖及是否需要保留旧树	先检查依赖，再保留旧 AST，最后用新作用域哈希复核	zr_vm_language_server/src/zr_vm_language_server/semantic/semantic_analyzer_scope_cache.c:309	commented	源码注释已说明调用链或资源边界
zr_vm_language_server/src/zr_vm_language_server/semantic/semantic_analyzer_scope_cache.c	ZrLanguageServer_SemanticAnalyzer_CommitScopedQueryCachePreservation	function	ZrLanguageServer_Lsp_UpdateDocumentCore@zr_vm_language_server/src/zr_vm_language_server/interface/lsp_interface.c:1516	新 AST 出现后复核作用域范围与哈希并完成旧树所有权交接	先检查依赖，再保留旧 AST，最后用新作用域哈希复核	zr_vm_language_server/src/zr_vm_language_server/semantic/semantic_analyzer_scope_cache.c:358	commented	源码注释已说明调用链或资源边界
zr_vm_language_server/src/zr_vm_language_server/semantic/semantic_analyzer_support.c	ZrLanguageServer_SemanticAnalyzer_ExtractIdentifierName	function	collect_foreach_scope@zr_vm_language_server/src/zr_vm_language_server/semantic/semantic_analyzer_symbols.c:1394	为声明和局部绑定收集取出简单标识符名称	事实与符号引用不得越过当前 AST 和编译器状态的有效期	zr_vm_language_server/src/zr_vm_language_server/semantic/semantic_analyzer_support.c:9	no-comment	名称和所在阶段已表达局部职责；无额外独立调用契约
zr_vm_language_server/src/zr_vm_language_server/semantic/semantic_analyzer_support.c	string_equals_literal	function	ZrLanguageServer_SemanticAnalyzer_IsImplicitRuntimeIdentifier@zr_vm_language_server/src/zr_vm_language_server/semantic/semantic_analyzer_support.c:52	比较内部保留字名供隐式接收者识别	事实与符号引用不得越过当前 AST 和编译器状态的有效期	zr_vm_language_server/src/zr_vm_language_server/semantic/semantic_analyzer_support.c:24	no-comment	名称和所在阶段已表达局部职责；无额外独立调用契约
zr_vm_language_server/src/zr_vm_language_server/semantic/semantic_analyzer_support.c	ZrLanguageServer_SemanticAnalyzer_IsImplicitRuntimeIdentifier	function	仓内未找到直接调用；需按模块内部入口或仓外 API 消费范围复核	识别 this 与 super 隐式运行时名称；当前仓内尚无调用	事实与符号引用不得越过当前 AST 和编译器状态的有效期	zr_vm_language_server/src/zr_vm_language_server/semantic/semantic_analyzer_support.c:51	TODO	仓内调用搜索仅有定义与内部声明；需核对动态符号使用及移除条件
zr_vm_language_server/src/zr_vm_language_server/semantic/semantic_analyzer_support.c	ZrLanguageServer_SemanticAnalyzer_GetClassPropertySymbolName	function	ZrLanguageServer_SemanticAnalyzer_CollectSymbolsFromAst@zr_vm_language_server/src/zr_vm_language_server/semantic/semantic_analyzer_symbols.c:2147	从旧式属性访问器节点提取供符号表登记的声明名	事实与符号引用不得越过当前 AST 和编译器状态的有效期	zr_vm_language_server/src/zr_vm_language_server/semantic/semantic_analyzer_support.c:55	no-comment	名称和所在阶段已表达局部职责；无额外独立调用契约
zr_vm_language_server/src/zr_vm_language_server/semantic/semantic_analyzer_support.c	ZrLanguageServer_SemanticAnalyzer_AddDefinitionReferenceForRange	function	ZrLanguageServer_SemanticAnalyzer_AddDefinitionReferenceForSymbol@zr_vm_language_server/src/zr_vm_language_server/semantic/semantic_analyzer_support.c:123;ZrLanguageServer_LspPropertyContract_RegisterSourceSymbol@zr_vm_language_server/src/zr_vm_language_server/semantic/lsp_property_contract.c:96	将规范声明身份对应到可跳转的精确源码范围	事实与符号引用不得越过当前 AST 和编译器状态的有效期	zr_vm_language_server/src/zr_vm_language_server/semantic/semantic_analyzer_support.c:74	no-comment	名称和所在阶段已表达局部职责；无额外独立调用契约
zr_vm_language_server/src/zr_vm_language_server/semantic/semantic_analyzer_support.c	ZrLanguageServer_SemanticAnalyzer_AddDefinitionReferenceForSymbol	function	ZrLanguageServer_SemanticAnalyzer_RegisterFieldSymbolFromAst@zr_vm_language_server/src/zr_vm_language_server/semantic/semantic_analyzer_support.c:598	给展示符号补入定义引用，供 LSP 定义与引用查询	事实与符号引用不得越过当前 AST 和编译器状态的有效期	zr_vm_language_server/src/zr_vm_language_server/semantic/semantic_analyzer_support.c:113	no-comment	名称和所在阶段已表达局部职责；无额外独立调用契约
zr_vm_language_server/src/zr_vm_language_server/semantic/semantic_analyzer_support.c	compute_node_hash_recursive	function	ZrLanguageServer_SemanticAnalyzer_ComputeAstHash@zr_vm_language_server/src/zr_vm_language_server/semantic/semantic_analyzer_support.c:307	把 AST 内容映射为局部缓存指纹，避免无变更时重复完整分析	事实与符号引用不得越过当前 AST 和编译器状态的有效期	zr_vm_language_server/src/zr_vm_language_server/semantic/semantic_analyzer_support.c:127	no-comment	名称和所在阶段已表达局部职责；无额外独立调用契约
zr_vm_language_server/src/zr_vm_language_server/semantic/semantic_analyzer_support.c	ZrLanguageServer_SemanticAnalyzer_ComputeAstHash	function	semantic_analysis_cache_hash@zr_vm_language_server/src/zr_vm_language_server/semantic/semantic_analyzer_analysis.c:20;project_reanalyze_loaded_document@zr_vm_language_server/src/zr_vm_language_server/project/lsp_project.c:1835	向项目索引和局部缓存提供当前 AST 内容指纹	事实与符号引用不得越过当前 AST 和编译器状态的有效期	zr_vm_language_server/src/zr_vm_language_server/semantic/semantic_analyzer_support.c:302	commented	源码注释已说明调用链或资源边界
zr_vm_language_server/src/zr_vm_language_server/semantic/semantic_analyzer_support.c	reset_symbol_tracking	function	ZrLanguageServer_SemanticAnalyzer_PrepareState@zr_vm_language_server/src/zr_vm_language_server/semantic/semantic_analyzer_support.c:347	新分析轮次前重建符号表与引用追踪器，断开旧 AST 身份	事实与符号引用不得越过当前 AST 和编译器状态的有效期	zr_vm_language_server/src/zr_vm_language_server/semantic/semantic_analyzer_support.c:310	no-comment	名称和所在阶段已表达局部职责；无额外独立调用契约
zr_vm_language_server/src/zr_vm_language_server/semantic/semantic_analyzer_support.c	ZrLanguageServer_SemanticAnalyzer_PrepareState	function	ZrLanguageServer_SemanticAnalyzer_AnalyzeScope@zr_vm_language_server/src/zr_vm_language_server/semantic/semantic_analyzer_analysis.c:184	重建 compilerState、HIR 与共享语义上下文供本轮符号和类型阶段使用	事实与符号引用不得越过当前 AST 和编译器状态的有效期	zr_vm_language_server/src/zr_vm_language_server/semantic/semantic_analyzer_support.c:340	commented	源码注释已说明调用链或资源边界
zr_vm_language_server/src/zr_vm_language_server/semantic/semantic_analyzer_support.c	ZrLanguageServer_SemanticAnalyzer_ConsumeCompilerErrorDiagnostic	function	ZrLanguageServer_SemanticAnalyzer_AnalyzeScope@zr_vm_language_server/src/zr_vm_language_server/semantic/semantic_analyzer_analysis.c:206	把一次性编译器错误转成规范查询事实，并保留其最具体来源位置	事实与符号引用不得越过当前 AST 和编译器状态的有效期	zr_vm_language_server/src/zr_vm_language_server/semantic/semantic_analyzer_support.c:398	commented	源码注释已说明调用链或资源边界
zr_vm_language_server/src/zr_vm_language_server/semantic/semantic_analyzer_support.c	ZrLanguageServer_SemanticAnalyzer_InferExactExpressionType	function	infer_symbol_expression_type@zr_vm_language_server/src/zr_vm_language_server/semantic/semantic_analyzer_symbols.c:263	只把 parser 可证明的表达式类型写入规范事实，拒绝弱 object 占位	事实与符号引用不得越过当前 AST 和编译器状态的有效期	zr_vm_language_server/src/zr_vm_language_server/semantic/semantic_analyzer_support.c:433	commented	源码注释已说明调用链或资源边界
zr_vm_language_server/src/zr_vm_language_server/semantic/semantic_analyzer_support.c	create_field_symbol_type	function	ZrLanguageServer_SemanticAnalyzer_RegisterFieldSymbolFromAst@zr_vm_language_server/src/zr_vm_language_server/semantic/semantic_analyzer_support.c:570	为字段展示与清理事实取得可释放的类型副本	事实与符号引用不得越过当前 AST 和编译器状态的有效期	zr_vm_language_server/src/zr_vm_language_server/semantic/semantic_analyzer_support.c:473	no-comment	名称和所在阶段已表达局部职责；无额外独立调用契约
zr_vm_language_server/src/zr_vm_language_server/semantic/semantic_analyzer_support.c	record_field_cleanup_step	function	ZrLanguageServer_SemanticAnalyzer_RegisterFieldSymbolFromAst@zr_vm_language_server/src/zr_vm_language_server/semantic/semantic_analyzer_support.c:611	将拥有型实例字段的析构顺序登记给语义清理元数据	事实与符号引用不得越过当前 AST 和编译器状态的有效期	zr_vm_language_server/src/zr_vm_language_server/semantic/semantic_analyzer_support.c:506	no-comment	名称和所在阶段已表达局部职责；无额外独立调用契约
zr_vm_language_server/src/zr_vm_language_server/semantic/semantic_analyzer_support.c	ZrLanguageServer_SemanticAnalyzer_RegisterFieldSymbolFromAst	function	ZrLanguageServer_SemanticAnalyzer_CollectSymbolsFromAst@zr_vm_language_server/src/zr_vm_language_server/semantic/semantic_analyzer_symbols.c:2099	同步发布字段符号身份及需要确定性清理的实例字段事实	事实与符号引用不得越过当前 AST 和编译器状态的有效期	zr_vm_language_server/src/zr_vm_language_server/semantic/semantic_analyzer_support.c:531	commented	源码注释已说明调用链或资源边界
zr_vm_language_server/src/zr_vm_language_server/semantic/semantic_analyzer_symbols.c	semantic_free_collected_generic_parameters	function	register_function_type_binding_in_env@zr_vm_language_server/src/zr_vm_language_server/semantic/semantic_analyzer_symbols.c:504	函数签名登记结束后释放临时泛型参数约束数组	作用域与编译器上下文必须配对恢复；临时推断类型由当前阶段释放	zr_vm_language_server/src/zr_vm_language_server/semantic/semantic_analyzer_symbols.c:18	no-comment	名称和所在阶段已表达局部职责；无额外独立调用契约
zr_vm_language_server/src/zr_vm_language_server/semantic/semantic_analyzer_symbols.c	semantic_extract_generic_argument_name_string	function	semantic_collect_generic_parameter_info@zr_vm_language_server/src/zr_vm_language_server/semantic/semantic_analyzer_symbols.c:137	从泛型参数 AST 取得可用于规范签名的名称	作用域与编译器上下文必须配对恢复；临时推断类型由当前阶段释放	zr_vm_language_server/src/zr_vm_language_server/semantic/semantic_analyzer_symbols.c:41	no-comment	名称和所在阶段已表达局部职责；无额外独立调用契约
zr_vm_language_server/src/zr_vm_language_server/semantic/semantic_analyzer_symbols.c	semantic_collect_generic_parameter_info	function	register_function_type_binding_in_env@zr_vm_language_server/src/zr_vm_language_server/semantic/semantic_analyzer_symbols.c:491	保留可调用声明的泛型参数及约束供类型环境登记	作用域与编译器上下文必须配对恢复；临时推断类型由当前阶段释放	zr_vm_language_server/src/zr_vm_language_server/semantic/semantic_analyzer_symbols.c:71	no-comment	名称和所在阶段已表达局部职责；无额外独立调用契约
zr_vm_language_server/src/zr_vm_language_server/semantic/semantic_analyzer_symbols.c	semantic_collect_parameter_passing_modes	function	register_function_type_binding_in_env@zr_vm_language_server/src/zr_vm_language_server/semantic/semantic_analyzer_symbols.c:493	把参数传递方式与参数类型并列登记，避免签名丢失所有权契约	作用域与编译器上下文必须配对恢复；临时推断类型由当前阶段释放	zr_vm_language_server/src/zr_vm_language_server/semantic/semantic_analyzer_symbols.c:149	no-comment	名称和所在阶段已表达局部职责；无额外独立调用契约
zr_vm_language_server/src/zr_vm_language_server/semantic/semantic_analyzer_symbols.c	allocate_object_type_info	function	create_type_info_from_type_node_with_callable_context@zr_vm_language_server/src/zr_vm_language_server/semantic/semantic_analyzer_symbols.c:204	为符号展示创建独立的对象类型记录	作用域与编译器上下文必须配对恢复；临时推断类型由当前阶段释放	zr_vm_language_server/src/zr_vm_language_server/semantic/semantic_analyzer_symbols.c:170	no-comment	名称和所在阶段已表达局部职责；无额外独立调用契约
zr_vm_language_server/src/zr_vm_language_server/semantic/semantic_analyzer_symbols.c	semantic_free_type_info	function	collect_function_parameters@zr_vm_language_server/src/zr_vm_language_server/semantic/semantic_analyzer_symbols.c:784	符号表完成深拷贝后回收临时推断类型	作用域与编译器上下文必须配对恢复；临时推断类型由当前阶段释放	zr_vm_language_server/src/zr_vm_language_server/semantic/semantic_analyzer_symbols.c:185	no-comment	名称和所在阶段已表达局部职责；无额外独立调用契约
zr_vm_language_server/src/zr_vm_language_server/semantic/semantic_analyzer_symbols.c	create_type_info_from_type_node_with_callable_context	function	create_type_info_for_callable_return@zr_vm_language_server/src/zr_vm_language_server/semantic/semantic_analyzer_symbols.c:381	结合可调用所属类型解释声明类型中的泛型名称	作用域与编译器上下文必须配对恢复；临时推断类型由当前阶段释放	zr_vm_language_server/src/zr_vm_language_server/semantic/semantic_analyzer_symbols.c:194	no-comment	名称和所在阶段已表达局部职责；无额外独立调用契约
zr_vm_language_server/src/zr_vm_language_server/semantic/semantic_analyzer_symbols.c	copy_inferred_type_into	function	create_type_info_from_inferred_type@zr_vm_language_server/src/zr_vm_language_server/semantic/semantic_analyzer_symbols.c:293	避免符号表长期借用临时推断对象	作用域与编译器上下文必须配对恢复；临时推断类型由当前阶段释放	zr_vm_language_server/src/zr_vm_language_server/semantic/semantic_analyzer_symbols.c:222	no-comment	名称和所在阶段已表达局部职责；无额外独立调用契约
zr_vm_language_server/src/zr_vm_language_server/semantic/semantic_analyzer_symbols.c	semantic_parameter_diagnostic_location	function	create_type_info_for_callable_return@zr_vm_language_server/src/zr_vm_language_server/semantic/semantic_analyzer_symbols.c:417	参数类型解析失败时把诊断定位到可编辑的参数声明	作用域与编译器上下文必须配对恢复；临时推断类型由当前阶段释放	zr_vm_language_server/src/zr_vm_language_server/semantic/semantic_analyzer_symbols.c:233	no-comment	名称和所在阶段已表达局部职责；无额外独立调用契约
zr_vm_language_server/src/zr_vm_language_server/semantic/semantic_analyzer_symbols.c	infer_symbol_expression_type	function	create_type_info_for_variable@zr_vm_language_server/src/zr_vm_language_server/semantic/semantic_analyzer_symbols.c:347	从初始化表达式取得变量展示类型，并仅接受精确事实	作用域与编译器上下文必须配对恢复；临时推断类型由当前阶段释放	zr_vm_language_server/src/zr_vm_language_server/semantic/semantic_analyzer_symbols.c:255	no-comment	名称和所在阶段已表达局部职责；无额外独立调用契约
zr_vm_language_server/src/zr_vm_language_server/semantic/semantic_analyzer_symbols.c	create_type_info_from_inferred_type	function	create_type_info_for_variable@zr_vm_language_server/src/zr_vm_language_server/semantic/semantic_analyzer_symbols.c:348	将 parser 推断类型转换为符号表可持有的副本	作用域与编译器上下文必须配对恢复；临时推断类型由当前阶段释放	zr_vm_language_server/src/zr_vm_language_server/semantic/semantic_analyzer_symbols.c:285	no-comment	名称和所在阶段已表达局部职责；无额外独立调用契约
zr_vm_language_server/src/zr_vm_language_server/semantic/semantic_analyzer_symbols.c	create_type_info_from_type_node	function	create_type_info_for_variable@zr_vm_language_server/src/zr_vm_language_server/semantic/semantic_analyzer_symbols.c:334	将显式类型标注转成符号展示所需的推断类型	作用域与编译器上下文必须配对恢复；临时推断类型由当前阶段释放	zr_vm_language_server/src/zr_vm_language_server/semantic/semantic_analyzer_symbols.c:297	no-comment	名称和所在阶段已表达局部职责；无额外独立调用契约
zr_vm_language_server/src/zr_vm_language_server/semantic/semantic_analyzer_symbols.c	create_type_info_for_variable	function	ZrLanguageServer_SemanticAnalyzer_CollectSymbolsFromAst@zr_vm_language_server/src/zr_vm_language_server/semantic/semantic_analyzer_symbols.c:1765	优先使用显式标注，再用初始化事实确定变量的展示类型	作用域与编译器上下文必须配对恢复；临时推断类型由当前阶段释放	zr_vm_language_server/src/zr_vm_language_server/semantic/semantic_analyzer_symbols.c:324	no-comment	名称和所在阶段已表达局部职责；无额外独立调用契约
zr_vm_language_server/src/zr_vm_language_server/semantic/semantic_analyzer_symbols.c	create_type_info_for_callable_return	function	register_function_type_binding_in_env@zr_vm_language_server/src/zr_vm_language_server/semantic/semantic_analyzer_symbols.c:495	为函数符号确定返回展示类型，同时保留完整 callable 类型的规范身份	作用域与编译器上下文必须配对恢复；临时推断类型由当前阶段释放	zr_vm_language_server/src/zr_vm_language_server/semantic/semantic_analyzer_symbols.c:366	no-comment	名称和所在阶段已表达局部职责；无额外独立调用契约
zr_vm_language_server/src/zr_vm_language_server/semantic/semantic_analyzer_symbols.c	register_function_type_binding_in_env	function	register_function_type_binding@zr_vm_language_server/src/zr_vm_language_server/semantic/semantic_analyzer_symbols.c:600	在类型环境登记函数的参数、泛型和返回类型，以供调用推断	作用域与编译器上下文必须配对恢复；临时推断类型由当前阶段释放	zr_vm_language_server/src/zr_vm_language_server/semantic/semantic_analyzer_symbols.c:463	no-comment	名称和所在阶段已表达局部职责；无额外独立调用契约
zr_vm_language_server/src/zr_vm_language_server/semantic/semantic_analyzer_symbols.c	register_function_type_binding	function	ZrLanguageServer_SemanticAnalyzer_CollectSymbolsFromAst@zr_vm_language_server/src/zr_vm_language_server/semantic/semantic_analyzer_symbols.c:1823	让运行时和编译期查询共享可调用声明的类型绑定	作用域与编译器上下文必须配对恢复；临时推断类型由当前阶段释放	zr_vm_language_server/src/zr_vm_language_server/semantic/semantic_analyzer_symbols.c:597	no-comment	名称和所在阶段已表达局部职责；无额外独立调用契约
zr_vm_language_server/src/zr_vm_language_server/semantic/semantic_analyzer_symbols.c	file_range_contains_range	function	find_matching_class_property_symbol@zr_vm_language_server/src/zr_vm_language_server/semantic/semantic_analyzer_symbols.c:702	限定属性访问器匹配到同一个声明容器	作用域与编译器上下文必须配对恢复；临时推断类型由当前阶段释放	zr_vm_language_server/src/zr_vm_language_server/semantic/semantic_analyzer_symbols.c:608	no-comment	名称和所在阶段已表达局部职责；无额外独立调用契约
zr_vm_language_server/src/zr_vm_language_server/semantic/semantic_analyzer_symbols.c	get_class_property_accessor_type	function	find_matching_class_property_symbol@zr_vm_language_server/src/zr_vm_language_server/semantic/semantic_analyzer_symbols.c:671	区分 getter 与 setter 供旧式属性符号合并	作用域与编译器上下文必须配对恢复；临时推断类型由当前阶段释放	zr_vm_language_server/src/zr_vm_language_server/semantic/semantic_analyzer_symbols.c:621	no-comment	名称和所在阶段已表达局部职责；无额外独立调用契约
zr_vm_language_server/src/zr_vm_language_server/semantic/semantic_analyzer_symbols.c	get_class_property_selection_range	function	promote_class_property_symbol_to_getter@zr_vm_language_server/src/zr_vm_language_server/semantic/semantic_analyzer_symbols.c:728	取访问器名称范围供定义跳转与悬停高亮	作用域与编译器上下文必须配对恢复；临时推断类型由当前阶段释放	zr_vm_language_server/src/zr_vm_language_server/semantic/semantic_analyzer_symbols.c:630	no-comment	名称和所在阶段已表达局部职责；无额外独立调用契约
zr_vm_language_server/src/zr_vm_language_server/semantic/semantic_analyzer_symbols.c	add_definition_reference_for_range	function	ZrLanguageServer_SemanticAnalyzer_CollectSymbolsFromAst@zr_vm_language_server/src/zr_vm_language_server/semantic/semantic_analyzer_symbols.c:2175	按显式范围把声明身份发布到定义引用追踪器	作用域与编译器上下文必须配对恢复；临时推断类型由当前阶段释放	zr_vm_language_server/src/zr_vm_language_server/semantic/semantic_analyzer_symbols.c:648	no-comment	名称和所在阶段已表达局部职责；无额外独立调用契约
zr_vm_language_server/src/zr_vm_language_server/semantic/semantic_analyzer_symbols.c	find_matching_class_property_symbol	function	ZrLanguageServer_SemanticAnalyzer_CollectSymbolsFromAst@zr_vm_language_server/src/zr_vm_language_server/semantic/semantic_analyzer_symbols.c:2150	将同一属性的 getter 与 setter 合并到一个展示符号	作用域与编译器上下文必须配对恢复；临时推断类型由当前阶段释放	zr_vm_language_server/src/zr_vm_language_server/semantic/semantic_analyzer_symbols.c:655	no-comment	名称和所在阶段已表达局部职责；无额外独立调用契约
zr_vm_language_server/src/zr_vm_language_server/semantic/semantic_analyzer_symbols.c	promote_class_property_symbol_to_getter	function	ZrLanguageServer_SemanticAnalyzer_CollectSymbolsFromAst@zr_vm_language_server/src/zr_vm_language_server/semantic/semantic_analyzer_symbols.c:2174	在双访问器声明中优先以 getter 类型表示属性读取结果	作用域与编译器上下文必须配对恢复；临时推断类型由当前阶段释放	zr_vm_language_server/src/zr_vm_language_server/semantic/semantic_analyzer_symbols.c:721	no-comment	名称和所在阶段已表达局部职责；无额外独立调用契约
zr_vm_language_server/src/zr_vm_language_server/semantic/semantic_analyzer_symbols.c	collect_function_parameters	function	collect_function_like_scope@zr_vm_language_server/src/zr_vm_language_server/semantic/semantic_analyzer_symbols.c:1482	在函数作用域内登记参数符号及规范类型绑定	作用域与编译器上下文必须配对恢复；临时推断类型由当前阶段释放	zr_vm_language_server/src/zr_vm_language_server/semantic/semantic_analyzer_symbols.c:732	no-comment	名称和所在阶段已表达局部职责；无额外独立调用契约
zr_vm_language_server/src/zr_vm_language_server/semantic/semantic_analyzer_symbols.c	find_type_member_info_by_name	function	register_imported_destructured_type_aliases@zr_vm_language_server/src/zr_vm_language_server/semantic/semantic_analyzer_symbols.c:886	在已导入类型元数据中定位解构别名目标成员	作用域与编译器上下文必须配对恢复；临时推断类型由当前阶段释放	zr_vm_language_server/src/zr_vm_language_server/semantic/semantic_analyzer_symbols.c:788	no-comment	名称和所在阶段已表达局部职责；无额外独立调用契约
zr_vm_language_server/src/zr_vm_language_server/semantic/semantic_analyzer_symbols.c	register_type_name_binding_in_env	function	register_imported_destructured_type_aliases@zr_vm_language_server/src/zr_vm_language_server/semantic/semantic_analyzer_symbols.c:893	把类型声明名写入推断环境供后续成员与泛型解析	作用域与编译器上下文必须配对恢复；临时推断类型由当前阶段释放	zr_vm_language_server/src/zr_vm_language_server/semantic/semantic_analyzer_symbols.c:806	no-comment	名称和所在阶段已表达局部职责；无额外独立调用契约
zr_vm_language_server/src/zr_vm_language_server/semantic/semantic_analyzer_symbols.c	register_imported_destructured_type_aliases	function	ZrLanguageServer_SemanticAnalyzer_CollectSymbolsFromAst@zr_vm_language_server/src/zr_vm_language_server/semantic/semantic_analyzer_symbols.c:1755	让导入语句的解构类型名在当前模块可解析	作用域与编译器上下文必须配对恢复；临时推断类型由当前阶段释放	zr_vm_language_server/src/zr_vm_language_server/semantic/semantic_analyzer_symbols.c:831	no-comment	名称和所在阶段已表达局部职责；无额外独立调用契约
zr_vm_language_server/src/zr_vm_language_server/semantic/semantic_analyzer_symbols.c	push_runtime_type_binding_scope	function	create_type_info_for_callable_return@zr_vm_language_server/src/zr_vm_language_server/semantic/semantic_analyzer_symbols.c:392	进入词法块前建立子类型环境以隔离局部绑定	作用域与编译器上下文必须配对恢复；临时推断类型由当前阶段释放	zr_vm_language_server/src/zr_vm_language_server/semantic/semantic_analyzer_symbols.c:898	no-comment	名称和所在阶段已表达局部职责；无额外独立调用契约
zr_vm_language_server/src/zr_vm_language_server/semantic/semantic_analyzer_symbols.c	pop_runtime_type_binding_scope	function	create_type_info_for_callable_return@zr_vm_language_server/src/zr_vm_language_server/semantic/semantic_analyzer_symbols.c:458	退出词法块后恢复父类型环境并结束临时作用域	作用域与编译器上下文必须配对恢复；临时推断类型由当前阶段释放	zr_vm_language_server/src/zr_vm_language_server/semantic/semantic_analyzer_symbols.c:919	no-comment	名称和所在阶段已表达局部职责；无额外独立调用契约
zr_vm_language_server/src/zr_vm_language_server/semantic/semantic_analyzer_symbols.c	SZrSemanticCompilerContextSnapshot	type	语义分析器内部声明及相邻阶段调用	在符号遍历的嵌套声明间保存并恢复父级类型与函数上下文	作用域与编译器上下文必须配对恢复；临时推断类型由当前阶段释放	zr_vm_language_server/src/zr_vm_language_server/semantic/semantic_analyzer_symbols.c:940	commented	类型或宏的用途已在相邻注释中说明
zr_vm_language_server/src/zr_vm_language_server/semantic/semantic_analyzer_symbols.c	semantic_extract_owner_type_name	function	semantic_push_compiler_context@zr_vm_language_server/src/zr_vm_language_server/semantic/semantic_analyzer_symbols.c:995	从方法所属类型取得接收者与泛型上下文名称	作用域与编译器上下文必须配对恢复；临时推断类型由当前阶段释放	zr_vm_language_server/src/zr_vm_language_server/semantic/semantic_analyzer_symbols.c:947	no-comment	名称和所在阶段已表达局部职责；无额外独立调用契约
zr_vm_language_server/src/zr_vm_language_server/semantic/semantic_analyzer_symbols.c	semantic_push_compiler_context	function	collect_function_like_scope@zr_vm_language_server/src/zr_vm_language_server/semantic/semantic_analyzer_symbols.c:1454	遍历类型成员时暂存并切换当前类型与函数上下文	作用域与编译器上下文必须配对恢复；临时推断类型由当前阶段释放	zr_vm_language_server/src/zr_vm_language_server/semantic/semantic_analyzer_symbols.c:974	commented	源码注释已说明调用链或资源边界
zr_vm_language_server/src/zr_vm_language_server/semantic/semantic_analyzer_symbols.c	semantic_pop_compiler_context	function	collect_function_like_scope@zr_vm_language_server/src/zr_vm_language_server/semantic/semantic_analyzer_symbols.c:1492	成员遍历结束后恢复父级编译器上下文	作用域与编译器上下文必须配对恢复；临时推断类型由当前阶段释放	zr_vm_language_server/src/zr_vm_language_server/semantic/semantic_analyzer_symbols.c:1008	no-comment	名称和所在阶段已表达局部职责；无额外独立调用契约
zr_vm_language_server/src/zr_vm_language_server/semantic/semantic_analyzer_symbols.c	create_named_object_type_info	function	register_enum_member_symbol@zr_vm_language_server/src/zr_vm_language_server/semantic/semantic_analyzer_symbols.c:1063	为枚举或 union 变体建立指向所属命名类型的展示信息	作用域与编译器上下文必须配对恢复；临时推断类型由当前阶段释放	zr_vm_language_server/src/zr_vm_language_server/semantic/semantic_analyzer_symbols.c:1023	no-comment	名称和所在阶段已表达局部职责；无额外独立调用契约
zr_vm_language_server/src/zr_vm_language_server/semantic/semantic_analyzer_symbols.c	register_enum_member_symbol	function	ZrLanguageServer_SemanticAnalyzer_CollectSymbolsFromAst@zr_vm_language_server/src/zr_vm_language_server/semantic/semantic_analyzer_symbols.c:2446	把枚举成员登记为可导航的独立符号	作用域与编译器上下文必须配对恢复；临时推断类型由当前阶段释放	zr_vm_language_server/src/zr_vm_language_server/semantic/semantic_analyzer_symbols.c:1045	no-comment	名称和所在阶段已表达局部职责；无额外独立调用契约
zr_vm_language_server/src/zr_vm_language_server/semantic/semantic_analyzer_symbols.c	register_union_variant_symbol	function	ZrLanguageServer_SemanticAnalyzer_CollectSymbolsFromAst@zr_vm_language_server/src/zr_vm_language_server/semantic/semantic_analyzer_symbols.c:2490	把 union 变体登记为可导航的独立符号	作用域与编译器上下文必须配对恢复；临时推断类型由当前阶段释放	zr_vm_language_server/src/zr_vm_language_server/semantic/semantic_analyzer_symbols.c:1084	no-comment	名称和所在阶段已表达局部职责；无额外独立调用契约
zr_vm_language_server/src/zr_vm_language_server/semantic/semantic_analyzer_symbols.c	compute_extern_callable_name_range	function	ZrLanguageServer_SemanticAnalyzer_CollectSymbolsFromAst@zr_vm_language_server/src/zr_vm_language_server/semantic/semantic_analyzer_symbols.c:1959	把外部函数的定义跳转定位到名称而非整个 extern 块	作用域与编译器上下文必须配对恢复；临时推断类型由当前阶段释放	zr_vm_language_server/src/zr_vm_language_server/semantic/semantic_analyzer_symbols.c:1123	no-comment	名称和所在阶段已表达局部职责；无额外独立调用契约
zr_vm_language_server/src/zr_vm_language_server/semantic/semantic_analyzer_symbols.c	get_inherited_type_name	function	collect_function_like_scope@zr_vm_language_server/src/zr_vm_language_server/semantic/semantic_analyzer_symbols.c:1471	为实例方法的 super 绑定找到父类型名称	作用域与编译器上下文必须配对恢复；临时推断类型由当前阶段释放	zr_vm_language_server/src/zr_vm_language_server/semantic/semantic_analyzer_symbols.c:1161	no-comment	名称和所在阶段已表达局部职责；无额外独立调用契约
zr_vm_language_server/src/zr_vm_language_server/semantic/semantic_analyzer_symbols.c	register_implicit_runtime_symbol	function	collect_function_like_scope@zr_vm_language_server/src/zr_vm_language_server/semantic/semantic_analyzer_symbols.c:1470	把 this 或 super 引入实例方法作用域及类型环境	作用域与编译器上下文必须配对恢复；临时推断类型由当前阶段释放	zr_vm_language_server/src/zr_vm_language_server/semantic/semantic_analyzer_symbols.c:1188	no-comment	名称和所在阶段已表达局部职责；无额外独立调用契约
zr_vm_language_server/src/zr_vm_language_server/semantic/semantic_analyzer_symbols.c	collect_single_parameter_symbol	function	collect_function_like_scope@zr_vm_language_server/src/zr_vm_language_server/semantic/semantic_analyzer_symbols.c:1484	给统一属性 setter 的隐式 value 参数建立可查询符号	作用域与编译器上下文必须配对恢复；临时推断类型由当前阶段释放	zr_vm_language_server/src/zr_vm_language_server/semantic/semantic_analyzer_symbols.c:1231	no-comment	名称和所在阶段已表达局部职责；无额外独立调用契约
zr_vm_language_server/src/zr_vm_language_server/semantic/semantic_analyzer_symbols.c	semantic_scope_range_for_node	function	collect_foreach_scope@zr_vm_language_server/src/zr_vm_language_server/semantic/semantic_analyzer_symbols.c:1387	让循环绑定的可见范围覆盖对应循环体	作用域与编译器上下文必须配对恢复；临时推断类型由当前阶段释放	zr_vm_language_server/src/zr_vm_language_server/semantic/semantic_analyzer_symbols.c:1299	no-comment	名称和所在阶段已表达局部职责；无额外独立调用契约
zr_vm_language_server/src/zr_vm_language_server/semantic/semantic_analyzer_symbols.c	create_type_info_for_foreach_element	function	collect_foreach_scope@zr_vm_language_server/src/zr_vm_language_server/semantic/semantic_analyzer_symbols.c:1395	由迭代对象类型推断 foreach 绑定的元素类型	作用域与编译器上下文必须配对恢复；临时推断类型由当前阶段释放	zr_vm_language_server/src/zr_vm_language_server/semantic/semantic_analyzer_symbols.c:1311	no-comment	名称和所在阶段已表达局部职责；无额外独立调用契约
zr_vm_language_server/src/zr_vm_language_server/semantic/semantic_analyzer_symbols.c	collect_foreach_scope	function	ZrLanguageServer_SemanticAnalyzer_CollectSymbolsFromAst@zr_vm_language_server/src/zr_vm_language_server/semantic/semantic_analyzer_symbols.c:2577	隔离 foreach 元素绑定，使其只在循环作用域可见	作用域与编译器上下文必须配对恢复；临时推断类型由当前阶段释放	zr_vm_language_server/src/zr_vm_language_server/semantic/semantic_analyzer_symbols.c:1364	commented	源码注释已说明调用链或资源边界
zr_vm_language_server/src/zr_vm_language_server/semantic/semantic_analyzer_symbols.c	collect_function_like_scope	function	collect_unified_property_accessor_scopes@zr_vm_language_server/src/zr_vm_language_server/semantic/semantic_analyzer_symbols.c:1528	统一方法、函数和访问器的接收者、参数与正文符号边界	作用域与编译器上下文必须配对恢复；临时推断类型由当前阶段释放	zr_vm_language_server/src/zr_vm_language_server/semantic/semantic_analyzer_symbols.c:1435	commented	源码注释已说明调用链或资源边界
zr_vm_language_server/src/zr_vm_language_server/semantic/semantic_analyzer_symbols.c	collect_unified_property_accessor_scopes	function	ZrLanguageServer_SemanticAnalyzer_CollectSymbolsFromAst@zr_vm_language_server/src/zr_vm_language_server/semantic/semantic_analyzer_symbols.c:2249	为统一属性声明中的各访问器分别建立参数和正文作用域	作用域与编译器上下文必须配对恢复；临时推断类型由当前阶段释放	zr_vm_language_server/src/zr_vm_language_server/semantic/semantic_analyzer_symbols.c:1495	no-comment	名称和所在阶段已表达局部职责；无额外独立调用契约
zr_vm_language_server/src/zr_vm_language_server/semantic/semantic_analyzer_symbols.c	collect_symbols_from_node_array	function	ZrLanguageServer_SemanticAnalyzer_CollectSymbolsFromAst@zr_vm_language_server/src/zr_vm_language_server/semantic/semantic_analyzer_symbols.c:1925	按词法顺序递归收集同一容器的声明	作用域与编译器上下文必须配对恢复；临时推断类型由当前阶段释放	zr_vm_language_server/src/zr_vm_language_server/semantic/semantic_analyzer_symbols.c:1544	no-comment	名称和所在阶段已表达局部职责；无额外独立调用契约
zr_vm_language_server/src/zr_vm_language_server/semantic/semantic_analyzer_symbols.c	collect_using_statement_symbols	function	ZrLanguageServer_SemanticAnalyzer_CollectSymbolsFromAst@zr_vm_language_server/src/zr_vm_language_server/semantic/semantic_analyzer_symbols.c:1799	让 using 模式 payload 只在匹配正文作用域可见	作用域与编译器上下文必须配对恢复；临时推断类型由当前阶段释放	zr_vm_language_server/src/zr_vm_language_server/semantic/semantic_analyzer_symbols.c:1559;zr_vm_language_server/src/zr_vm_language_server/semantic/semantic_analyzer_symbols.c:1597	TODO	无正文 using 模式的 payload 会进入当前符号作用域，需确认其 else 分支可见性契约
zr_vm_language_server/src/zr_vm_language_server/semantic/semantic_analyzer_symbols.c	collect_using_statement_symbols/no-body else scope	block	collect_using_statement_symbols	无正文 using 模式绑定会进入外层符号环境	需核对该语法组合是否可达及 else 分支是否应访问 payload	zr_vm_language_server/src/zr_vm_language_server/semantic/semantic_analyzer_symbols.c:1597	TODO	独立控制块承载可达缺陷或待核查前提，源码已就近标记
zr_vm_language_server/src/zr_vm_language_server/semantic/semantic_analyzer_symbols.c	collect_switch_expression_symbols	function	ZrLanguageServer_SemanticAnalyzer_CollectSymbolsFromAst@zr_vm_language_server/src/zr_vm_language_server/semantic/semantic_analyzer_symbols.c:2546	让每个 switch case 的 union payload 拥有独立符号作用域	作用域与编译器上下文必须配对恢复；临时推断类型由当前阶段释放	zr_vm_language_server/src/zr_vm_language_server/semantic/semantic_analyzer_symbols.c:1618	commented	源码注释已说明调用链或资源边界
zr_vm_language_server/src/zr_vm_language_server/semantic/semantic_analyzer_symbols.c	ZrLanguageServer_SemanticAnalyzer_CollectSymbolsFromAst	function	ZrLanguageServer_SemanticAnalyzer_AnalyzeScope@zr_vm_language_server/src/zr_vm_language_server/semantic/semantic_analyzer_analysis.c:196	按词法作用域把 AST 声明投影成展示符号、规范身份及定义引用	作用域与编译器上下文必须配对恢复；临时推断类型由当前阶段释放	zr_vm_language_server/src/zr_vm_language_server/semantic/semantic_analyzer_symbols.c:1707	commented	源码注释已说明调用链或资源边界
zr_vm_language_server/src/zr_vm_language_server/semantic/semantic_analyzer_typecheck.c	semantic_text_equals	function	ZrLanguageServer_SemanticAnalyzer_PerformTypeChecking@zr_vm_language_server/src/zr_vm_language_server/semantic/semantic_analyzer_typecheck.c:1061	识别逻辑运算符的短路语义，决定右侧是否不可达	可调用体、分支和循环使用各自类型环境；未知类型不得伪装为精确	zr_vm_language_server/src/zr_vm_language_server/semantic/semantic_analyzer_typecheck.c:33	no-comment	名称和所在阶段已表达局部职责；无额外独立调用契约
zr_vm_language_server/src/zr_vm_language_server/semantic/semantic_analyzer_typecheck.c	semantic_record_reachability_fact_at_range	function	semantic_record_reachability_fact@zr_vm_language_server/src/zr_vm_language_server/semantic/semantic_analyzer_typecheck.c:92	按最精确范围发布不可达事实供诊断查询	可调用体、分支和循环使用各自类型环境；未知类型不得伪装为精确	zr_vm_language_server/src/zr_vm_language_server/semantic/semantic_analyzer_typecheck.c:37	no-comment	名称和所在阶段已表达局部职责；无额外独立调用契约
zr_vm_language_server/src/zr_vm_language_server/semantic/semantic_analyzer_typecheck.c	semantic_reachability_fact_range_for_node	function	semantic_record_reachability_fact@zr_vm_language_server/src/zr_vm_language_server/semantic/semantic_analyzer_typecheck.c:94	让声明或表达式的不可达提示覆盖用户可见源码	可调用体、分支和循环使用各自类型环境；未知类型不得伪装为精确	zr_vm_language_server/src/zr_vm_language_server/semantic/semantic_analyzer_typecheck.c:57	no-comment	名称和所在阶段已表达局部职责；无额外独立调用契约
zr_vm_language_server/src/zr_vm_language_server/semantic/semantic_analyzer_typecheck.c	semantic_publish_current_compiler_diagnostic	function	semantic_check_primary_call_with_parser_inference@zr_vm_language_server/src/zr_vm_language_server/semantic/semantic_analyzer_typecheck.c:810	把 parser 当前错误发布为结构化查询事实后清理临时错误状态	可调用体、分支和循环使用各自类型环境；未知类型不得伪装为精确	zr_vm_language_server/src/zr_vm_language_server/semantic/semantic_analyzer_typecheck.c:583;zr_vm_language_server/src/zr_vm_language_server/semantic/semantic_analyzer_typecheck.c:599;zr_vm_parser/src/zr_vm_parser/compiler/compiler_semantic_query_diagnostics.c:60;zr_vm_parser/src/zr_vm_parser/compiler/compiler_semantic_query_diagnostics.c:82;zr_vm_parser/src/zr_vm_parser/compiler/compiler_semantic_query_diagnostics.c:85	BUG	parser 发布结构化诊断返回 false 时仍清空 compilerState 错误，当前错误从 LSP 诊断链丢失
zr_vm_language_server/src/zr_vm_language_server/semantic/semantic_analyzer_typecheck.c	semantic_record_reachability_fact	function	semantic_record_constant_if_condition_facts@zr_vm_language_server/src/zr_vm_language_server/semantic/semantic_analyzer_typecheck.c:188	为已终止控制流之后的节点记录原因和触发节点	可调用体、分支和循环使用各自类型环境；未知类型不得伪装为精确	zr_vm_language_server/src/zr_vm_language_server/semantic/semantic_analyzer_typecheck.c:84	no-comment	名称和所在阶段已表达局部职责；无额外独立调用契约
zr_vm_language_server/src/zr_vm_language_server/semantic/semantic_analyzer_typecheck.c	semantic_record_logical_fact	function	semantic_record_constant_if_condition_facts@zr_vm_language_server/src/zr_vm_language_server/semantic/semantic_analyzer_typecheck.c:179	为确定条件和短路路径记录精确逻辑事实	可调用体、分支和循环使用各自类型环境；未知类型不得伪装为精确	zr_vm_language_server/src/zr_vm_language_server/semantic/semantic_analyzer_typecheck.c:99	no-comment	名称和所在阶段已表达局部职责；无额外独立调用契约
zr_vm_language_server/src/zr_vm_language_server/semantic/semantic_analyzer_typecheck.c	semantic_has_constant_branch_reachability_fact	function	semantic_record_constant_if_condition_facts@zr_vm_language_server/src/zr_vm_language_server/semantic/semantic_analyzer_typecheck.c:175	避免对已有的常量分支重复发布不可达事实	可调用体、分支和循环使用各自类型环境；未知类型不得伪装为精确	zr_vm_language_server/src/zr_vm_language_server/semantic/semantic_analyzer_typecheck.c:122	no-comment	名称和所在阶段已表达局部职责；无额外独立调用契约
zr_vm_language_server/src/zr_vm_language_server/semantic/semantic_analyzer_typecheck.c	semantic_record_constant_if_condition_facts	function	ZrLanguageServer_SemanticAnalyzer_PerformTypeChecking@zr_vm_language_server/src/zr_vm_language_server/semantic/semantic_analyzer_typecheck.c:1079	在 if 条件可证明时标注未选分支的不可达性	可调用体、分支和循环使用各自类型环境；未知类型不得伪装为精确	zr_vm_language_server/src/zr_vm_language_server/semantic/semantic_analyzer_typecheck.c:148	no-comment	名称和所在阶段已表达局部职责；无额外独立调用契约
zr_vm_language_server/src/zr_vm_language_server/semantic/semantic_analyzer_typecheck.c	SZrSemanticTypecheckContextSnapshot	type	语义分析器内部声明及相邻阶段调用	在可调用体类型检查前后保存并恢复父级编译器上下文	可调用体、分支和循环使用各自类型环境；未知类型不得伪装为精确	zr_vm_language_server/src/zr_vm_language_server/semantic/semantic_analyzer_typecheck.c:196	commented	类型或宏的用途已在相邻注释中说明
zr_vm_language_server/src/zr_vm_language_server/semantic/semantic_analyzer_typecheck.c	semantic_typecheck_push_runtime_type_binding_scope	function	semantic_typecheck_callable_body@zr_vm_language_server/src/zr_vm_language_server/semantic/semantic_analyzer_typecheck.c:545	类型检查进入块前隔离新的局部变量绑定	可调用体、分支和循环使用各自类型环境；未知类型不得伪装为精确	zr_vm_language_server/src/zr_vm_language_server/semantic/semantic_analyzer_typecheck.c:203	no-comment	名称和所在阶段已表达局部职责；无额外独立调用契约
zr_vm_language_server/src/zr_vm_language_server/semantic/semantic_analyzer_typecheck.c	semantic_typecheck_pop_runtime_type_binding_scope	function	semantic_typecheck_callable_body@zr_vm_language_server/src/zr_vm_language_server/semantic/semantic_analyzer_typecheck.c:572	类型检查离开块后恢复父级绑定环境	可调用体、分支和循环使用各自类型环境；未知类型不得伪装为精确	zr_vm_language_server/src/zr_vm_language_server/semantic/semantic_analyzer_typecheck.c:226	no-comment	名称和所在阶段已表达局部职责；无额外独立调用契约
zr_vm_language_server/src/zr_vm_language_server/semantic/semantic_analyzer_typecheck.c	semantic_typecheck_register_variable_binding	function	semantic_typecheck_register_parameter_bindings@zr_vm_language_server/src/zr_vm_language_server/semantic/semantic_analyzer_typecheck.c:330	把局部声明身份和类型写入当前推断环境	可调用体、分支和循环使用各自类型环境；未知类型不得伪装为精确	zr_vm_language_server/src/zr_vm_language_server/semantic/semantic_analyzer_typecheck.c:246	no-comment	名称和所在阶段已表达局部职责；无额外独立调用契约
zr_vm_language_server/src/zr_vm_language_server/semantic/semantic_analyzer_typecheck.c	semantic_typecheck_register_parameter_bindings	function	semantic_typecheck_callable_body@zr_vm_language_server/src/zr_vm_language_server/semantic/semantic_analyzer_typecheck.c:548	在函数正文检查前登记参数类型及身份	可调用体、分支和循环使用各自类型环境；未知类型不得伪装为精确	zr_vm_language_server/src/zr_vm_language_server/semantic/semantic_analyzer_typecheck.c:314	no-comment	名称和所在阶段已表达局部职责；无额外独立调用契约
zr_vm_language_server/src/zr_vm_language_server/semantic/semantic_analyzer_typecheck.c	semantic_typecheck_register_foreach_binding	function	ZrLanguageServer_SemanticAnalyzer_PerformTypeChecking@zr_vm_language_server/src/zr_vm_language_server/semantic/semantic_analyzer_typecheck.c:1488	给循环体推断环境引入迭代元素类型	可调用体、分支和循环使用各自类型环境；未知类型不得伪装为精确	zr_vm_language_server/src/zr_vm_language_server/semantic/semantic_analyzer_typecheck.c:339	no-comment	名称和所在阶段已表达局部职责；无额外独立调用契约
zr_vm_language_server/src/zr_vm_language_server/semantic/semantic_analyzer_typecheck.c	semantic_typecheck_extract_owner_type_name	function	semantic_typecheck_push_compiler_context@zr_vm_language_server/src/zr_vm_language_server/semantic/semantic_analyzer_typecheck.c:437	获取方法所属类型以解析 this、super 和泛型成员	可调用体、分支和循环使用各自类型环境；未知类型不得伪装为精确	zr_vm_language_server/src/zr_vm_language_server/semantic/semantic_analyzer_typecheck.c:390	no-comment	名称和所在阶段已表达局部职责；无额外独立调用契约
zr_vm_language_server/src/zr_vm_language_server/semantic/semantic_analyzer_typecheck.c	semantic_typecheck_push_compiler_context	function	semantic_typecheck_callable_body@zr_vm_language_server/src/zr_vm_language_server/semantic/semantic_analyzer_typecheck.c:544	检查可调用体时暂存并切换当前类型与函数上下文	可调用体、分支和循环使用各自类型环境；未知类型不得伪装为精确	zr_vm_language_server/src/zr_vm_language_server/semantic/semantic_analyzer_typecheck.c:416	no-comment	名称和所在阶段已表达局部职责；无额外独立调用契约
zr_vm_language_server/src/zr_vm_language_server/semantic/semantic_analyzer_typecheck.c	semantic_typecheck_pop_compiler_context	function	semantic_typecheck_callable_body@zr_vm_language_server/src/zr_vm_language_server/semantic/semantic_analyzer_typecheck.c:573	检查可调用体后恢复父级类型与函数上下文	可调用体、分支和循环使用各自类型环境；未知类型不得伪装为精确	zr_vm_language_server/src/zr_vm_language_server/semantic/semantic_analyzer_typecheck.c:450	no-comment	名称和所在阶段已表达局部职责；无额外独立调用契约
zr_vm_language_server/src/zr_vm_language_server/semantic/semantic_analyzer_typecheck.c	semantic_typecheck_record_super_constructor_facts	function	semantic_typecheck_callable_body@zr_vm_language_server/src/zr_vm_language_server/semantic/semantic_analyzer_typecheck.c:553	为构造器 super 调用发布可供后续查询的语义事实	可调用体、分支和循环使用各自类型环境；未知类型不得伪装为精确	zr_vm_language_server/src/zr_vm_language_server/semantic/semantic_analyzer_typecheck.c:466	no-comment	名称和所在阶段已表达局部职责；无额外独立调用契约
zr_vm_language_server/src/zr_vm_language_server/semantic/semantic_analyzer_typecheck.c	semantic_typecheck_callable_body	function	ZrLanguageServer_SemanticAnalyzer_PerformTypeChecking@zr_vm_language_server/src/zr_vm_language_server/semantic/semantic_analyzer_typecheck.c:1255	先登记接收者和参数，再在隔离的类型环境中检查正文	可调用体、分支和循环使用各自类型环境；未知类型不得伪装为精确	zr_vm_language_server/src/zr_vm_language_server/semantic/semantic_analyzer_typecheck.c:535	commented	源码注释已说明调用链或资源边界
zr_vm_language_server/src/zr_vm_language_server/semantic/semantic_analyzer_typecheck.c	semantic_clear_compiler_error	function	semantic_publish_current_compiler_diagnostic@zr_vm_language_server/src/zr_vm_language_server/semantic/semantic_analyzer_typecheck.c:599	当前编译器诊断处理完后撤销一次性错误状态	可调用体、分支和循环使用各自类型环境；未知类型不得伪装为精确	zr_vm_language_server/src/zr_vm_language_server/semantic/semantic_analyzer_typecheck.c:576	no-comment	名称和所在阶段已表达局部职责；无额外独立调用契约
zr_vm_language_server/src/zr_vm_language_server/semantic/semantic_analyzer_typecheck.c	semantic_publish_current_compiler_diagnostic/publish-failure branch	block	semantic_publish_current_compiler_diagnostic	结构化事实发布失败后仍清编译器错误	parser 的 PublishCurrentDiagnostic 返回 false 时，本次错误不再进入 LSP 结果	zr_vm_language_server/src/zr_vm_language_server/semantic/semantic_analyzer_typecheck.c:599	BUG	独立控制块承载可达缺陷或待核查前提，源码已就近标记
zr_vm_language_server/src/zr_vm_language_server/semantic/semantic_analyzer_typecheck.c	semantic_type_from_ast	function	semantic_typecheck_register_variable_binding@zr_vm_language_server/src/zr_vm_language_server/semantic/semantic_analyzer_typecheck.c:261	将显式声明类型解析为兼容性检查可用的推断类型	可调用体、分支和循环使用各自类型环境；未知类型不得伪装为精确	zr_vm_language_server/src/zr_vm_language_server/semantic/semantic_analyzer_typecheck.c:603	no-comment	名称和所在阶段已表达局部职责；无额外独立调用契约
zr_vm_language_server/src/zr_vm_language_server/semantic/semantic_analyzer_typecheck.c	semantic_infer_node_type	function	semantic_typecheck_register_variable_binding@zr_vm_language_server/src/zr_vm_language_server/semantic/semantic_analyzer_typecheck.c:277;test_assignment_ownership_uses_parser_diagnostic_projection@tests/language_server/test_lsp_source_contracts.c:1499	从表达式推断精确类型，失败时优先发布 parser 原因而非重复错误	可调用体、分支和循环使用各自类型环境；未知类型不得伪装为精确	zr_vm_language_server/src/zr_vm_language_server/semantic/semantic_analyzer_typecheck.c:625	no-comment	名称和所在阶段已表达局部职责；无额外独立调用契约
zr_vm_language_server/src/zr_vm_language_server/semantic/semantic_analyzer_typecheck.c	semantic_typecheck_using_statement	function	ZrLanguageServer_SemanticAnalyzer_PerformTypeChecking@zr_vm_language_server/src/zr_vm_language_server/semantic/semantic_analyzer_typecheck.c:1245	在 using 匹配正文内引入 payload，并登记资源确定性清理事实	可调用体、分支和循环使用各自类型环境；未知类型不得伪装为精确	zr_vm_language_server/src/zr_vm_language_server/semantic/semantic_analyzer_typecheck.c:654;zr_vm_language_server/src/zr_vm_language_server/semantic/semantic_analyzer_typecheck.c:696	TODO	无正文 using 模式的 payload 会进入当前类型环境，需确认其 else 分支可见性契约
zr_vm_language_server/src/zr_vm_language_server/semantic/semantic_analyzer_typecheck.c	semantic_typecheck_using_statement/no-body else environment	block	semantic_typecheck_using_statement	无正文 using 模式绑定会进入外层类型环境	需与符号阶段共同核对 else 分支对 payload 的可见性	zr_vm_language_server/src/zr_vm_language_server/semantic/semantic_analyzer_typecheck.c:696	TODO	独立控制块承载可达缺陷或待核查前提，源码已就近标记
zr_vm_language_server/src/zr_vm_language_server/semantic/semantic_analyzer_typecheck.c	semantic_typecheck_switch_expression	function	ZrLanguageServer_SemanticAnalyzer_PerformTypeChecking@zr_vm_language_server/src/zr_vm_language_server/semantic/semantic_analyzer_typecheck.c:1436	逐 case 限定 payload 类型作用域，再判断 union 穷尽性及 default 可达性	可调用体、分支和循环使用各自类型环境；未知类型不得伪装为精确	zr_vm_language_server/src/zr_vm_language_server/semantic/semantic_analyzer_typecheck.c:716	commented	源码注释已说明调用链或资源边界
zr_vm_language_server/src/zr_vm_language_server/semantic/semantic_analyzer_typecheck.c	semantic_check_primary_call_with_parser_inference	function	ZrLanguageServer_SemanticAnalyzer_PerformTypeChecking@zr_vm_language_server/src/zr_vm_language_server/semantic/semantic_analyzer_typecheck.c:1091	让成员调用错误经 parser 统一推断和结构化诊断链发布	可调用体、分支和循环使用各自类型环境；未知类型不得伪装为精确	zr_vm_language_server/src/zr_vm_language_server/semantic/semantic_analyzer_typecheck.c:796	no-comment	名称和所在阶段已表达局部职责；无额外独立调用契约
zr_vm_language_server/src/zr_vm_language_server/semantic/semantic_analyzer_typecheck.c	semantic_find_enclosing_callable	function	ZrLanguageServer_SemanticAnalyzer_PerformTypeChecking@zr_vm_language_server/src/zr_vm_language_server/semantic/semantic_analyzer_typecheck.c:964	为 return 契约找到最内层函数或方法声明	可调用体、分支和循环使用各自类型环境；未知类型不得伪装为精确	zr_vm_language_server/src/zr_vm_language_server/semantic/semantic_analyzer_typecheck.c:815	no-comment	名称和所在阶段已表达局部职责；无额外独立调用契约
zr_vm_language_server/src/zr_vm_language_server/semantic/semantic_analyzer_typecheck.c	semantic_callable_return_type	function	ZrLanguageServer_SemanticAnalyzer_PerformTypeChecking@zr_vm_language_server/src/zr_vm_language_server/semantic/semantic_analyzer_typecheck.c:965	取得声明的返回类型标注供 return 兼容性检查	可调用体、分支和循环使用各自类型环境；未知类型不得伪装为精确	zr_vm_language_server/src/zr_vm_language_server/semantic/semantic_analyzer_typecheck.c:850	no-comment	名称和所在阶段已表达局部职责；无额外独立调用契约
zr_vm_language_server/src/zr_vm_language_server/semantic/semantic_analyzer_typecheck.c	ZrLanguageServer_SemanticAnalyzer_PerformTypeChecking	function	ZrLanguageServer_SemanticAnalyzer_AnalyzeScope@zr_vm_language_server/src/zr_vm_language_server/semantic/semantic_analyzer_analysis.c:211	在符号阶段之后分派各 AST 契约并发布精确类型、所有权和控制流事实	可调用体、分支和循环使用各自类型环境；未知类型不得伪装为精确	zr_vm_language_server/src/zr_vm_language_server/semantic/semantic_analyzer_typecheck.c:869	commented	源码注释已说明调用链或资源边界
zr_vm_language_server/src/zr_vm_language_server/semantic/semantic_analyzer_typecheck_bindings.c	callable_has_static_receiver	function	ZrLanguageServer_SemanticAnalyzer_RegisterTypecheckReceiverBindings@zr_vm_language_server/src/zr_vm_language_server/semantic/semantic_analyzer_typecheck_bindings.c:86	判定方法是否拥有实例接收者，防止静态体出现 this	静态方法不继承实例接收者；绑定只在方法环境内可见	zr_vm_language_server/src/zr_vm_language_server/semantic/semantic_analyzer_typecheck_bindings.c:3	no-comment	名称和所在阶段已表达局部职责；无额外独立调用契约
zr_vm_language_server/src/zr_vm_language_server/semantic/semantic_analyzer_typecheck_bindings.c	register_canonical_receiver_binding	function	ZrLanguageServer_SemanticAnalyzer_RegisterTypecheckReceiverBindings@zr_vm_language_server/src/zr_vm_language_server/semantic/semantic_analyzer_typecheck_bindings.c:97	为 this 或 super 写入规范身份与类型环境绑定	静态方法不继承实例接收者；绑定只在方法环境内可见	zr_vm_language_server/src/zr_vm_language_server/semantic/semantic_analyzer_typecheck_bindings.c:22	no-comment	名称和所在阶段已表达局部职责；无额外独立调用契约
zr_vm_language_server/src/zr_vm_language_server/semantic/semantic_analyzer_typecheck_bindings.c	ZrLanguageServer_SemanticAnalyzer_RegisterTypecheckReceiverBindings	function	semantic_typecheck_callable_body@zr_vm_language_server/src/zr_vm_language_server/semantic/semantic_analyzer_typecheck.c:546	在方法正文检查前建立当前实例接收者的精确类型	静态方法不继承实例接收者；绑定只在方法环境内可见	zr_vm_language_server/src/zr_vm_language_server/semantic/semantic_analyzer_typecheck_bindings.c:78	commented	源码注释已说明调用链或资源边界
zr_vm_language_server/src/zr_vm_language_server/semantic/semantic_analyzer_union_patterns.c	union_lsp_switch_case_can_use_subject_union_type	function	ZrLanguageServer_SemanticAnalyzer_ResolveSwitchUnionPattern@zr_vm_language_server/src/zr_vm_language_server/semantic/semantic_analyzer_union_patterns.c:488	只对简写 case 使用 switch 主表达式的 union 类型解释变体	解析结果的 resourceType 需释放；payload 只能在匹配分支作用域可见	zr_vm_language_server/src/zr_vm_language_server/semantic/semantic_analyzer_union_patterns.c:24	no-comment	名称和所在阶段已表达局部职责；无额外独立调用契约
zr_vm_language_server/src/zr_vm_language_server/semantic/semantic_analyzer_union_patterns.c	union_lsp_variant_field_parameter	function	ZrLanguageServer_SemanticAnalyzer_RegisterUnionPatternBindings@zr_vm_language_server/src/zr_vm_language_server/semantic/semantic_analyzer_union_patterns.c:635	按 payload 顺序找到变体字段的声明类型	解析结果的 resourceType 需释放；payload 只能在匹配分支作用域可见	zr_vm_language_server/src/zr_vm_language_server/semantic/semantic_analyzer_union_patterns.c:30	no-comment	名称和所在阶段已表达局部职责；无额外独立调用契约
zr_vm_language_server/src/zr_vm_language_server/semantic/semantic_analyzer_union_patterns.c	union_lsp_binding_name	function	union_lsp_register_payload_binding@zr_vm_language_server/src/zr_vm_language_server/semantic/semantic_analyzer_union_patterns.c:325	从变体绑定节点提取将要引入分支作用域的名称	解析结果的 resourceType 需释放；payload 只能在匹配分支作用域可见	zr_vm_language_server/src/zr_vm_language_server/semantic/semantic_analyzer_union_patterns.c:52	no-comment	名称和所在阶段已表达局部职责；无额外独立调用契约
zr_vm_language_server/src/zr_vm_language_server/semantic/semantic_analyzer_union_patterns.c	union_lsp_text_equals_span	function	union_lsp_primitive_type_from_span@zr_vm_language_server/src/zr_vm_language_server/semantic/semantic_analyzer_union_patterns.c:102	比较规范泛型形参与文本实参，定位替换目标	解析结果的 resourceType 需释放；payload 只能在匹配分支作用域可见	zr_vm_language_server/src/zr_vm_language_server/semantic/semantic_analyzer_union_patterns.c:59	no-comment	名称和所在阶段已表达局部职责；无额外独立调用契约
zr_vm_language_server/src/zr_vm_language_server/semantic/semantic_analyzer_union_patterns.c	union_lsp_trim_span	function	union_lsp_generic_argument_span_at@zr_vm_language_server/src/zr_vm_language_server/semantic/semantic_analyzer_union_patterns.c:178	去掉泛型实参文本两侧空白后再作类型匹配	解析结果的 resourceType 需释放；payload 只能在匹配分支作用域可见	zr_vm_language_server/src/zr_vm_language_server/semantic/semantic_analyzer_union_patterns.c:68	no-comment	名称和所在阶段已表达局部职责；无额外独立调用契约
zr_vm_language_server/src/zr_vm_language_server/semantic/semantic_analyzer_union_patterns.c	union_lsp_primitive_type_from_span	function	union_lsp_apply_generic_payload_substitution@zr_vm_language_server/src/zr_vm_language_server/semantic/semantic_analyzer_union_patterns.c:254	把泛型实参文本识别为精确原始类型	解析结果的 resourceType 需释放；payload 只能在匹配分支作用域可见	zr_vm_language_server/src/zr_vm_language_server/semantic/semantic_analyzer_union_patterns.c:95	no-comment	名称和所在阶段已表达局部职责；无额外独立调用契约
zr_vm_language_server/src/zr_vm_language_server/semantic/semantic_analyzer_union_patterns.c	union_lsp_create_base_type_name	function	union_lsp_apply_generic_payload_substitution@zr_vm_language_server/src/zr_vm_language_server/semantic/semantic_analyzer_union_patterns.c:224	从泛型实例名提取 union 原型名以定位声明	解析结果的 resourceType 需释放；payload 只能在匹配分支作用域可见	zr_vm_language_server/src/zr_vm_language_server/semantic/semantic_analyzer_union_patterns.c:128	no-comment	名称和所在阶段已表达局部职责；无额外独立调用契约
zr_vm_language_server/src/zr_vm_language_server/semantic/semantic_analyzer_union_patterns.c	union_lsp_generic_argument_span_at	function	union_lsp_apply_generic_payload_substitution@zr_vm_language_server/src/zr_vm_language_server/semantic/semantic_analyzer_union_patterns.c:248	按参数索引选择泛型实例文本中对应的类型实参	解析结果的 resourceType 需释放；payload 只能在匹配分支作用域可见	zr_vm_language_server/src/zr_vm_language_server/semantic/semantic_analyzer_union_patterns.c:147;zr_vm_language_server/src/zr_vm_language_server/semantic/semantic_analyzer_union_patterns.c:186	TODO	仅按尖括号深度分割泛型实参，需核对规范类型文本是否可含函数参数逗号
zr_vm_language_server/src/zr_vm_language_server/semantic/semantic_analyzer_union_patterns.c	union_lsp_generic_argument_span_at/comma split	block	union_lsp_generic_argument_span_at	泛型实参文本只按尖括号嵌套分割	需确认规范类型名允许的逗号嵌套形式并补 union payload 用例	zr_vm_language_server/src/zr_vm_language_server/semantic/semantic_analyzer_union_patterns.c:186	TODO	独立控制块承载可达缺陷或待核查前提，源码已就近标记
zr_vm_language_server/src/zr_vm_language_server/semantic/semantic_analyzer_union_patterns.c	union_lsp_apply_generic_payload_substitution	function	union_lsp_create_payload_type@zr_vm_language_server/src/zr_vm_language_server/semantic/semantic_analyzer_union_patterns.c:299	将 union payload 的泛型形参替换为资源实例的实际类型	解析结果的 resourceType 需释放；payload 只能在匹配分支作用域可见	zr_vm_language_server/src/zr_vm_language_server/semantic/semantic_analyzer_union_patterns.c:202	commented	源码注释已说明调用链或资源边界
zr_vm_language_server/src/zr_vm_language_server/semantic/semantic_analyzer_union_patterns.c	union_lsp_create_payload_type	function	ZrLanguageServer_SemanticAnalyzer_RegisterUnionPatternBindings@zr_vm_language_server/src/zr_vm_language_server/semantic/semantic_analyzer_union_patterns.c:642	为匹配分支创建具体 payload 类型副本	解析结果的 resourceType 需释放；payload 只能在匹配分支作用域可见	zr_vm_language_server/src/zr_vm_language_server/semantic/semantic_analyzer_union_patterns.c:271	no-comment	名称和所在阶段已表达局部职责；无额外独立调用契约
zr_vm_language_server/src/zr_vm_language_server/semantic/semantic_analyzer_union_patterns.c	union_lsp_register_payload_binding	function	ZrLanguageServer_SemanticAnalyzer_RegisterUnionPatternBindings@zr_vm_language_server/src/zr_vm_language_server/semantic/semantic_analyzer_union_patterns.c:647	把 payload 名称按调用阶段写入展示符号或类型环境	解析结果的 resourceType 需释放；payload 只能在匹配分支作用域可见	zr_vm_language_server/src/zr_vm_language_server/semantic/semantic_analyzer_union_patterns.c:319	no-comment	名称和所在阶段已表达局部职责；无额外独立调用契约
zr_vm_language_server/src/zr_vm_language_server/semantic/semantic_analyzer_union_patterns.c	ZrLanguageServer_SemanticAnalyzer_UnionPatternResolutionInit	function	collect_using_statement_symbols@zr_vm_language_server/src/zr_vm_language_server/semantic/semantic_analyzer_symbols.c:1575	为一次模式查询建立空结果，供失败路径统一释放	解析结果的 resourceType 需释放；payload 只能在匹配分支作用域可见	zr_vm_language_server/src/zr_vm_language_server/semantic/semantic_analyzer_union_patterns.c:364	no-comment	名称和所在阶段已表达局部职责；无额外独立调用契约
zr_vm_language_server/src/zr_vm_language_server/semantic/semantic_analyzer_union_patterns.c	ZrLanguageServer_SemanticAnalyzer_UnionPatternResolutionFree	function	collect_using_statement_symbols@zr_vm_language_server/src/zr_vm_language_server/semantic/semantic_analyzer_symbols.c:1614	释放解析结果中的资源类型副本，保留 AST 借用所有权不变	解析结果的 resourceType 需释放；payload 只能在匹配分支作用域可见	zr_vm_language_server/src/zr_vm_language_server/semantic/semantic_analyzer_union_patterns.c:375	no-comment	名称和所在阶段已表达局部职责；无额外独立调用契约
zr_vm_language_server/src/zr_vm_language_server/semantic/semantic_analyzer_union_patterns.c	ZrLanguageServer_SemanticAnalyzer_ResolveUsingUnionPattern	function	collect_using_statement_symbols@zr_vm_language_server/src/zr_vm_language_server/semantic/semantic_analyzer_symbols.c:1576	依据 using 资源的精确类型定位变体并保留分支绑定信息	解析结果的 resourceType 需释放；payload 只能在匹配分支作用域可见	zr_vm_language_server/src/zr_vm_language_server/semantic/semantic_analyzer_union_patterns.c:389	commented	源码注释已说明调用链或资源边界
zr_vm_language_server/src/zr_vm_language_server/semantic/semantic_analyzer_union_patterns.c	ZrLanguageServer_SemanticAnalyzer_ResolveSwitchUnionPattern	function	collect_switch_expression_symbols@zr_vm_language_server/src/zr_vm_language_server/semantic/semantic_analyzer_symbols.c:1661	依据 switch 主表达式类型解释简写变体并保留分支绑定信息	解析结果的 resourceType 需释放；payload 只能在匹配分支作用域可见	zr_vm_language_server/src/zr_vm_language_server/semantic/semantic_analyzer_union_patterns.c:447	commented	源码注释已说明调用链或资源边界
zr_vm_language_server/src/zr_vm_language_server/semantic/semantic_analyzer_union_patterns.c	union_lsp_switch_is_exhaustive	function	ZrLanguageServer_SemanticAnalyzer_AnalyzeSwitchUnionExhaustiveness@zr_vm_language_server/src/zr_vm_language_server/semantic/semantic_analyzer_union_patterns.c:596	逐个 union 变体验证至少有一个 case 命中，证明 default 冗余	解析结果的 resourceType 需释放；payload 只能在匹配分支作用域可见	zr_vm_language_server/src/zr_vm_language_server/semantic/semantic_analyzer_union_patterns.c:512	no-comment	名称和所在阶段已表达局部职责；无额外独立调用契约
zr_vm_language_server/src/zr_vm_language_server/semantic/semantic_analyzer_union_patterns.c	ZrLanguageServer_SemanticAnalyzer_AnalyzeSwitchUnionExhaustiveness	function	semantic_typecheck_switch_expression@zr_vm_language_server/src/zr_vm_language_server/semantic/semantic_analyzer_typecheck.c:777	变体全覆盖时将 default 分支作为不可达事实发布	解析结果的 resourceType 需释放；payload 只能在匹配分支作用域可见	zr_vm_language_server/src/zr_vm_language_server/semantic/semantic_analyzer_union_patterns.c:578	commented	源码注释已说明调用链或资源边界
zr_vm_language_server/src/zr_vm_language_server/semantic/semantic_analyzer_union_patterns.c	ZrLanguageServer_SemanticAnalyzer_RegisterUnionPatternBindings	function	collect_using_statement_symbols@zr_vm_language_server/src/zr_vm_language_server/semantic/semantic_analyzer_symbols.c:1588	把已解析的 payload 名称与实例化类型限定到匹配分支	解析结果的 resourceType 需释放；payload 只能在匹配分支作用域可见	zr_vm_language_server/src/zr_vm_language_server/semantic/semantic_analyzer_union_patterns.c:619	commented	源码注释已说明调用链或资源边界
zr_vm_language_server/src/zr_vm_language_server/semantic/semantic_analyzer_union_patterns.h	SZrSemanticUnionPatternResolution	type	语义分析器内部声明及相邻阶段调用	跨符号收集与类型检查传递变体、payload 和借用的资源类型	模式解析借用 AST；调用方必须配对 Init 与 Free	zr_vm_language_server/src/zr_vm_language_server/semantic/semantic_analyzer_union_patterns.h:7	commented	类型或宏的用途已在相邻注释中说明
zr_vm_language_server/src/zr_vm_language_server/semantic/semantic_analyzer_union_patterns.h	ZrLanguageServer_SemanticAnalyzer_UnionPatternResolutionInit	interface	collect_using_statement_symbols@zr_vm_language_server/src/zr_vm_language_server/semantic/semantic_analyzer_symbols.c:1575	为一次模式查询建立空结果，供失败路径统一释放	模式解析借用 AST；调用方必须配对 Init 与 Free	zr_vm_language_server/src/zr_vm_language_server/semantic/semantic_analyzer_union_patterns.h:16	commented	声明处已有跨阶段契约说明
zr_vm_language_server/src/zr_vm_language_server/semantic/semantic_analyzer_union_patterns.h	ZrLanguageServer_SemanticAnalyzer_UnionPatternResolutionFree	interface	collect_using_statement_symbols@zr_vm_language_server/src/zr_vm_language_server/semantic/semantic_analyzer_symbols.c:1614	释放解析结果中的资源类型副本，保留 AST 借用所有权不变	模式解析借用 AST；调用方必须配对 Init 与 Free	zr_vm_language_server/src/zr_vm_language_server/semantic/semantic_analyzer_union_patterns.h:20	no-comment	声明只供 analyzer 模块内部调用；契约在实现与模块头说明
zr_vm_language_server/src/zr_vm_language_server/semantic/semantic_analyzer_union_patterns.h	ZrLanguageServer_SemanticAnalyzer_ResolveUsingUnionPattern	interface	collect_using_statement_symbols@zr_vm_language_server/src/zr_vm_language_server/semantic/semantic_analyzer_symbols.c:1576	依据 using 资源的精确类型定位变体并保留分支绑定信息	模式解析借用 AST；调用方必须配对 Init 与 Free	zr_vm_language_server/src/zr_vm_language_server/semantic/semantic_analyzer_union_patterns.h:25	commented	声明处已有跨阶段契约说明
zr_vm_language_server/src/zr_vm_language_server/semantic/semantic_analyzer_union_patterns.h	ZrLanguageServer_SemanticAnalyzer_ResolveSwitchUnionPattern	interface	collect_switch_expression_symbols@zr_vm_language_server/src/zr_vm_language_server/semantic/semantic_analyzer_symbols.c:1661	依据 switch 主表达式类型解释简写变体并保留分支绑定信息	模式解析借用 AST；调用方必须配对 Init 与 Free	zr_vm_language_server/src/zr_vm_language_server/semantic/semantic_analyzer_union_patterns.h:32	commented	声明处已有跨阶段契约说明
zr_vm_language_server/src/zr_vm_language_server/semantic/semantic_analyzer_union_patterns.h	ZrLanguageServer_SemanticAnalyzer_AnalyzeSwitchUnionExhaustiveness	interface	semantic_typecheck_switch_expression@zr_vm_language_server/src/zr_vm_language_server/semantic/semantic_analyzer_typecheck.c:777	变体全覆盖时将 default 分支作为不可达事实发布	模式解析借用 AST；调用方必须配对 Init 与 Free	zr_vm_language_server/src/zr_vm_language_server/semantic/semantic_analyzer_union_patterns.h:40	commented	声明处已有跨阶段契约说明
zr_vm_language_server/src/zr_vm_language_server/semantic/semantic_analyzer_union_patterns.h	ZrLanguageServer_SemanticAnalyzer_RegisterUnionPatternBindings	interface	collect_using_statement_symbols@zr_vm_language_server/src/zr_vm_language_server/semantic/semantic_analyzer_symbols.c:1588	把已解析的 payload 名称与实例化类型限定到匹配分支	模式解析借用 AST；调用方必须配对 Init 与 Free	zr_vm_language_server/src/zr_vm_language_server/semantic/semantic_analyzer_union_patterns.h:47	commented	声明处已有跨阶段契约说明
zr_vm_language_server/src/zr_vm_language_server/semantic/semantic_analyzer_value_children.c	typecheck_children	function	ZrLanguageServer_SemanticAnalyzer_TypecheckValueChildren@zr_vm_language_server/src/zr_vm_language_server/semantic/semantic_analyzer_value_children.c:134	让值表达式子节点继承父节点当前词法环境接受类型检查	声明、可调用体和分支作用域由主调度器处理	zr_vm_language_server/src/zr_vm_language_server/semantic/semantic_analyzer_value_children.c:4	no-comment	名称和所在阶段已表达局部职责；无额外独立调用契约
zr_vm_language_server/src/zr_vm_language_server/semantic/semantic_analyzer_value_children.c	ZrLanguageServer_SemanticAnalyzer_TypecheckValueChildren	function	ZrLanguageServer_SemanticAnalyzer_PerformTypeChecking@zr_vm_language_server/src/zr_vm_language_server/semantic/semantic_analyzer_typecheck.c:1148	将无需新作用域的值表达式递归分派到类型检查器	声明、可调用体和分支作用域由主调度器处理	zr_vm_language_server/src/zr_vm_language_server/semantic/semantic_analyzer_value_children.c:15	commented	源码注释已说明调用链或资源边界
zr_vm_language_server/src/zr_vm_language_server/semantic/semantic_type_format.c	ZrLanguageServer_SemanticAnalyzer_FormatTypeId	function	lsp_property_action_append_explicit_field@zr_vm_language_server/src/zr_vm_language_server/lsp_property_code_actions.c:353;test_lsp_hover_formats_reference_type_from_type_id@tests/language_server/test_lsp_expression_fact_hover.c:712	沿 parser 规范类型注册表把类型 ID 写入 LSP 展示缓冲区	调用方提供有效缓冲区和容量；类型 ID 属于当前语义上下文	zr_vm_language_server/src/zr_vm_language_server/semantic/semantic_type_format.c:6	commented	源码注释已说明调用链或资源边界
