file	unit	kind	callers	intent	constraints	evidence	decision	reason
zr_vm_parser/src/zr_vm_parser/semantic/semantic_facts.c	semantic_facts_has_offset	helper	zr_vm_parser/src/zr_vm_parser/semantic/semantic_facts.c:35;zr_vm_parser/src/zr_vm_parser/semantic/semantic_facts.c:36;zr_vm_parser/src/zr_vm_parser/semantic/semantic_facts.c:37;zr_vm_parser/src/zr_vm_parser/semantic/semantic_facts.c:38;zr_vm_parser/src/zr_vm_parser/semantic/semantic_facts.c:62;zr_vm_parser/src/zr_vm_parser/semantic/semantic_facts.c:63;zr_vm_parser/src/zr_vm_parser/semantic/semantic_facts.c:64;zr_vm_parser/src/zr_vm_parser/semantic/semantic_facts.c:65;zr_vm_parser/src/zr_vm_parser/semantic/semantic_facts.c:92;zr_vm_parser/src/zr_vm_parser/semantic/semantic_facts.c:93;zr_vm_parser/src/zr_vm_parser/semantic/semantic_facts.c:94;zr_vm_parser/src/zr_vm_parser/semantic/semantic_facts.c:95	区分可用非零偏移与行列回退	允许空位置；零偏移单独不能证明提供偏移	zr_vm_parser/src/zr_vm_parser/semantic/semantic_facts.c:7	no-comment	单个非空/大于零条件已直接表达入口约定; offset>0是坐标分支可用性标记，0并非非法位置；contains/start与dedup的OR组合不同，不能把三个入口说成统一offset策略。
zr_vm_parser/src/zr_vm_parser/semantic/semantic_facts.c	semantic_facts_same_source	helper	zr_vm_parser/src/zr_vm_parser/semantic/semantic_facts.c:32;zr_vm_parser/src/zr_vm_parser/semantic/semantic_facts.c:58;zr_vm_parser/src/zr_vm_parser/semantic/semantic_facts.c:88	让独立URI字符串对象代表同一来源	一侧空另一侧非空不相等；两侧非空按内容比较	zr_vm_parser/src/zr_vm_parser/semantic/semantic_facts.c:11	no-comment	空指针分支和String_Equal已完整呈现同源条件; 两个NULL相等、仅一方NULL不等，非NULL可按字符串内容同源；不规范化URI，也不产生字符串所有权。
zr_vm_parser/src/zr_vm_parser/semantic/semantic_facts.c	semantic_facts_same_string	helper	zr_vm_parser/src/zr_vm_parser/semantic/semantic_facts.c:584;zr_vm_parser/src/zr_vm_parser/semantic/semantic_facts.c:586	用于诊断code/message文本去重	同指针相等；不同指针只有两边非空才比较内容	zr_vm_parser/src/zr_vm_parser/semantic/semantic_facts.c:21	no-comment	短布尔表达式直接体现nullable文本规则; 只用于AppendDiagnostic的code/message文本去重；同指针与两边非NULL内容相等等价，区别于位置/AST身份。
zr_vm_parser/src/zr_vm_parser/semantic/semantic_facts.c	semantic_facts_same_range	helper	zr_vm_parser/src/zr_vm_parser/semantic/semantic_facts.c:581	为诊断去重比较同一来源中的同一范围，避免把不同源文件的坐标当作同一位置。	diagnostic去重先同源，四个端点任一个offset>0就同时比较两边起止offset，全部0才比较四个行列字段；不校验范围正序。	zr_vm_parser/src/zr_vm_parser/semantic/semantic_facts.c:28;zr_vm_parser/src/zr_vm_parser/semantic/semantic_facts.c:32;zr_vm_parser/src/zr_vm_parser/semantic/semantic_facts.c:45;zr_vm_parser/src/zr_vm_parser/semantic/semantic_facts.c:581;zr_vm_parser/src/zr_vm_parser/semantic/semantic_facts.c:588	commented	已独立复核的调用契约；diagnostic去重先同源，四个端点任一个offset>0就同时比较两边起止offset，全部0才比较四个行列字段；不校验范围正序。
zr_vm_parser/src/zr_vm_parser/semantic/semantic_facts.c	semantic_facts_range_contains_position	helper	zr_vm_parser/src/zr_vm_parser/semantic/semantic_facts.c:883;zr_vm_parser/src/zr_vm_parser/semantic/semantic_facts.c:909;zr_vm_parser/src/zr_vm_parser/semantic/semantic_facts.c:948;zr_vm_parser/src/zr_vm_parser/semantic/semantic_facts.c:1096;zr_vm_parser/src/zr_vm_parser/semantic/semantic_facts.c:1140;zr_vm_parser/src/zr_vm_parser/semantic/semantic_facts.c:1184;zr_vm_parser/src/zr_vm_parser/semantic/semantic_facts.c:1236;zr_vm_parser/src/zr_vm_parser/semantic/semantic_facts.c:1240	为位置查询统一以 position.start 作为光标，检查同源闭边界命中。	position.end 仅参与 offset 坐标模式的资格判断，不扩大查询区域；双方具备 offset 信息时使用 offset，否则回退到行列。	zr_vm_parser/src/zr_vm_parser/semantic/semantic_facts.c:51;zr_vm_parser/src/zr_vm_parser/semantic/semantic_facts.c:58;zr_vm_parser/src/zr_vm_parser/semantic/semantic_facts.c:81	commented	已独立复核的调用契约；每个range/query自身任一端offset>0时共同选offset比较，实际cursor是query.start且包含end；query.end只影响分支选择。否则start行列作闭区间命中。
zr_vm_parser/src/zr_vm_parser/semantic/semantic_facts.c	semantic_facts_range_starts_at_position	helper	zr_vm_parser/src/zr_vm_parser/semantic/semantic_facts.c:913;zr_vm_parser/src/zr_vm_parser/semantic/semantic_facts.c:916	让共享边界的reference优先当前segment	与containment使用相同来源/坐标方式	zr_vm_parser/src/zr_vm_parser/semantic/semantic_facts.c:84	no-comment	调用者startsAtPosition条件与helper等值比较已直接表达优先依据; FindReference共享边界时起点偏好先于宽度和kind；同源与contains相同分支条件，query.end参与可用性判断但不作为匹配点。
zr_vm_parser/src/zr_vm_parser/semantic/semantic_facts.c	semantic_facts_range_width	helper	zr_vm_parser/src/zr_vm_parser/semantic/semantic_facts.c:884;zr_vm_parser/src/zr_vm_parser/semantic/semantic_facts.c:910;zr_vm_parser/src/zr_vm_parser/semantic/semantic_facts.c:949;zr_vm_parser/src/zr_vm_parser/semantic/semantic_facts.c:1141;zr_vm_parser/src/zr_vm_parser/semantic/semantic_facts.c:1185;zr_vm_parser/src/zr_vm_parser/semantic/semantic_facts.c:1244	供多个位置候选选择较局部的投影；评分依赖 offset 跨度。	命中检查虽可回退到行列，缺少 offset 的候选仍没有按实际文本跨度选取最局部投影的保障。	zr_vm_parser/src/zr_vm_parser/semantic/semantic_facts.c:106;zr_vm_parser/src/zr_vm_parser/semantic/semantic_facts.c:107;zr_vm_parser/src/zr_vm_parser/semantic/semantic_facts.c:113	commented	已独立复核的调用契约；所有位置finder评分取end.offset-start.offset；NULL/反序为0，行列fallback的候选仍不按行列跨度评分。API不检查offset齐备，不能把最窄无条件理解为文本范围最窄。
zr_vm_parser/src/zr_vm_parser/semantic/semantic_facts.c	semantic_facts_range_is_known	helper	zr_vm_parser/src/zr_vm_parser/semantic/semantic_facts.c:171;zr_vm_parser/src/zr_vm_parser/semantic/semantic_facts.c:176	识别可成为definition projection的非空位置	source或任一坐标非零即已知；不验证范围完整性	zr_vm_parser/src/zr_vm_parser/semantic/semantic_facts.c:116	no-comment	字段析取可直接读出已知与未知边界; source或任一坐标即可标已知；用于单definition projection，不意味着坐标完整或合法顺序，也不解析source URI。
zr_vm_parser/src/zr_vm_parser/semantic/semantic_facts.c	semantic_facts_reference_priority	helper	zr_vm_parser/src/zr_vm_parser/semantic/semantic_facts.c:911	在同位置、同跨度的多个引用角色重叠时，偏好写入、调用等更强的语义投影。	此偏好只用于位置筛选后的角色取舍，不覆盖精确位置与局部范围的选择。	zr_vm_parser/src/zr_vm_parser/semantic/semantic_facts.c:133;zr_vm_parser/src/zr_vm_parser/semantic/semantic_facts.c:910;zr_vm_parser/src/zr_vm_parser/semantic/semantic_facts.c:923	commented	已独立复核的调用契约；FindReference仅在start偏好相同且offset宽度相同后比较WRITE/MEMBER_WRITE4、CALL3、MEMBER_ACCESS2、READ1、其它0；不是全局种类优先。
zr_vm_parser/src/zr_vm_parser/semantic/semantic_facts.c	semantic_facts_reference_is_symbol_definition	helper	zr_vm_parser/src/zr_vm_parser/semantic/semantic_facts.c:166;zr_vm_parser/src/zr_vm_parser/semantic/semantic_facts.c:291;zr_vm_parser/src/zr_vm_parser/semantic/semantic_facts.c:306;zr_vm_parser/src/zr_vm_parser/semantic/semantic_facts.c:353	筛出线性数据流的resolved声明/写入种子	必须resolved且symbolId非0	zr_vm_parser/src/zr_vm_parser/semantic/semantic_facts.c:151	no-comment	输入资格与两个枚举值的短判定清晰; resolved且非0symbol的DECLARATION/WRITE才可成为线性种子，MEMBER_WRITE不属于这个资格集合；读取前项时仍要求同symbol。
zr_vm_parser/src/zr_vm_parser/semantic/semantic_facts.c	semantic_facts_reference_set_own_definition	helper	zr_vm_parser/src/zr_vm_parser/semantic/semantic_facts.c:658;zr_vm_parser/src/zr_vm_parser/semantic/semantic_facts.c:678	为线性 reaching-definition 与 definite-assignment 解析建立声明/写入事实的自身定义种子。	引用已解析到非零 SymbolId，且角色是 DECLARATION 或 WRITE；借用的 source 与当前快照保持有效。	zr_vm_parser/src/zr_vm_parser/semantic/semantic_facts.c:165	commented	已独立复核的调用契约；对符合资格的声明优先已知declarationRange，WRITE或未知声明位置用自身range；hasDefinitionRange按宽松known判断，不清理不符合资格记录已有字段。
zr_vm_parser/src/zr_vm_parser/semantic/semantic_facts.c	semantic_facts_reference_free_definition_ranges	helper	zr_vm_parser/src/zr_vm_parser/semantic/semantic_facts.c:501;zr_vm_parser/src/zr_vm_parser/semantic/semantic_facts.c:654;zr_vm_parser/src/zr_vm_parser/semantic/semantic_facts.c:677	销毁reference的多定义容器并construct空	需有效context/state/fact；不释放range.source	zr_vm_parser/src/zr_vm_parser/semantic/semantic_facts.c:179	no-comment	Free与Construct的资源动作直接可见；来源借用由shared contract解释; 使用context state释放多定义native容器再Construct，source只按值借用不逐条释放；Reset和linear RD均调用它。
zr_vm_parser/src/zr_vm_parser/semantic/semantic_facts.c	semantic_facts_reference_copy_definition_ranges	helper	zr_vm_parser/src/zr_vm_parser/semantic/semantic_facts.c:650	为追加事实复制独立的多定义 native 容器；各 range.source 仍借用原来源。	dst 尚未持有旧容器，src 容器与元素在复制期间有效。; 未初始化或空 src 视为空成功；TRUE 不构成底层分配失败已处理的保证。	zr_vm_parser/src/zr_vm_parser/semantic/semantic_facts.c:195;zr_vm_parser/src/zr_vm_parser/semantic/semantic_facts.c:201;zr_vm_parser/src/zr_vm_parser/semantic/semantic_facts.c:222	commented	已独立复核的调用契约；AppendReference先Construct独立dst容器；未valid/空src视为空成功，非空逐个复制SZrFileRange；src source仍借用，TRUE不验证Push分配成功或复制数量。
zr_vm_parser/src/zr_vm_parser/semantic/semantic_facts.c	semantic_facts_reference_free_argument_mappings	helper	zr_vm_parser/src/zr_vm_parser/semantic/semantic_facts.c:502;zr_vm_parser/src/zr_vm_parser/semantic/semantic_facts.c:655	释放call reference参数映射容器	需context/state/fact；内嵌range.source不在此释放	zr_vm_parser/src/zr_vm_parser/semantic/semantic_facts.c:225	no-comment	容器资源动作与调用处临时清理次序直接可见; Reset与AppendReference第二复制失败清理路径释放native映射数组并Construct，TypeId/range仅值复制，无单元素对象析构。
zr_vm_parser/src/zr_vm_parser/semantic/semantic_facts.c	semantic_facts_reference_copy_argument_mappings	helper	zr_vm_parser/src/zr_vm_parser/semantic/semantic_facts.c:653	将 producer 的暂存调用参数映射复制到事实自有 native 容器。	映射中的 ID/索引/tag 按值复制，range.source 借用；空源成功，非空仅以最终长度相等判断复制完成，不校验参数兼容性。	zr_vm_parser/src/zr_vm_parser/semantic/semantic_facts.c:240;zr_vm_parser/src/zr_vm_parser/semantic/semantic_facts.c:246;zr_vm_parser/src/zr_vm_parser/semantic/semantic_facts.c:268	commented	已独立复核的调用契约；独立复制SZrSemanticCallArgumentFact数组，所有索引/ID/tag和range.source按值；空src成功，非空最后仅检长度，不能视为参数兼容性校验或OOM报告。
zr_vm_parser/src/zr_vm_parser/semantic/semantic_facts.c	semantic_facts_find_previous_definition	helper	zr_vm_parser/src/zr_vm_parser/semantic/semantic_facts.c:684	为线性 reaching-definition 解析查找同符号的已发布前驱定义。	这是发布顺序上的回退，不证明 CFG 支配关系；分支合流结果由后续 CFG 分析发布。	zr_vm_parser/src/zr_vm_parser/semantic/semantic_facts.c:274;zr_vm_parser/src/zr_vm_parser/semantic/semantic_facts.c:286;zr_vm_parser/src/zr_vm_parser/semantic/semantic_facts.c:297	commented	已独立复核的调用契约；从beforeIndex向前只取第一条同symbol、resolved声明/WRITE且hasDefinitionRange；数据顺序是publication order，不是offset或CFG支配关系。
zr_vm_parser/src/zr_vm_parser/semantic/semantic_facts.c	semantic_facts_reference_definite_assignment_source_state	helper	zr_vm_parser/src/zr_vm_parser/semantic/semantic_facts.c:357;zr_vm_parser/src/zr_vm_parser/semantic/semantic_facts.c:712	把最近定义转换成线性赋值种子	WRITE为INIT；declaration须已提供非UNKNOWN状态	zr_vm_parser/src/zr_vm_parser/semantic/semantic_facts.c:300	no-comment	两类种子的局部分支已完整表达赋值来源; WRITE输出INIT；DECLARATION必须hasState且非UNKNOWN，outState入口先置UNKNOWN且可NULL。helper失败表示无种子，非语义违规。
zr_vm_parser/src/zr_vm_parser/semantic/semantic_facts.c	semantic_facts_find_previous_definite_assignment_state	helper	zr_vm_parser/src/zr_vm_parser/semantic/semantic_facts.c:721	为线性 definite-assignment 解析读取同符号最近发布的赋值状态。	最近状态即使 UNKNOWN 也遮蔽更早的已初始化状态；不跨分支推导 CFG 合流结果。	zr_vm_parser/src/zr_vm_parser/semantic/semantic_facts.c:332;zr_vm_parser/src/zr_vm_parser/semantic/semantic_facts.c:342;zr_vm_parser/src/zr_vm_parser/semantic/semantic_facts.c:357	commented	已独立复核的调用契约；遇到最近同symbol resolved声明/WRITE即返回source_state结果；最近UNKNOWN声明会遮蔽更早INIT，不继续向前补。
zr_vm_parser/src/zr_vm_parser/semantic/semantic_facts.c	semantic_facts_free_expression_facts	helper	zr_vm_parser/src/zr_vm_parser/semantic/semantic_facts.c:493	Reset前释放每个expression复制的inferredType	不销毁AST/source/constant string/VM展示字符串	zr_vm_parser/src/zr_vm_parser/semantic/semantic_facts.c:363	no-comment	唯一释放payload及Reset调用次序可直接读出；shared contract覆盖其它字段; 每条只释放复制的inferredType递归native资源；node/source/constant string及四展示字符串不在此Free。外层Reset负责length0。
zr_vm_parser/src/zr_vm_parser/semantic/semantic_facts.c	semantic_facts_free_numeric_facts	helper	zr_vm_parser/src/zr_vm_parser/semantic/semantic_facts.c:507	Reset前释放numeric额外range segments	固定内嵌段不另释放	zr_vm_parser/src/zr_vm_parser/semantic/semantic_facts.c:379	no-comment	NumericRangeSegments_Free的参数与随后清length直接说明职责; RangeSegments_Free清计数/inline并释放extra native；不释放AST或source。正常numeric producer在Append后释放自己的extra，事实副本由Reset释放。
zr_vm_parser/src/zr_vm_parser/semantic/semantic_facts.c	semantic_facts_free_ownership_intrinsic_facts	helper	zr_vm_parser/src/zr_vm_parser/semantic/semantic_facts.c:520	Reset前释放intrinsic input/result inferredType	AST/argument/source不归此helper	zr_vm_parser/src/zr_vm_parser/semantic/semantic_facts.c:398	no-comment	循环中两个Type_Free调用已明确payload边界; 逐条Free inputType/resultType的native类型子树；node/argument和位置借用，不能释放producer传入的原始类型。
zr_vm_parser/src/zr_vm_parser/semantic/semantic_facts.c	semantic_facts_free_receiver_guard_facts	helper	zr_vm_parser/src/zr_vm_parser/semantic/semantic_facts.c:524	Reset前释放guard receiver/guarded inferredType	receiver/firstSegment AST只借用	zr_vm_parser/src/zr_vm_parser/semantic/semantic_facts.c:416	no-comment	两种类型释放与节点字段不涉及释放的实现直接清楚; 逐条Free receiverType/guardedType复制资源；chain节点/索引属于AST snapshot，只清事实不接管receiver节点。
zr_vm_parser/src/zr_vm_parser/semantic/semantic_facts.c	semantic_facts_clone_string	helper	zr_vm_parser/src/zr_vm_parser/semantic/semantic_facts.c:616;zr_vm_parser/src/zr_vm_parser/semantic/semantic_facts.c:617;zr_vm_parser/src/zr_vm_parser/semantic/semantic_facts.c:618;zr_vm_parser/src/zr_vm_parser/semantic/semantic_facts.c:619;zr_vm_parser/src/zr_vm_parser/semantic/semantic_facts.c:647;zr_vm_parser/src/zr_vm_parser/semantic/semantic_facts.c:649;zr_vm_parser/src/zr_vm_parser/semantic/semantic_facts.c:809	以 context 的 VM state 重建事实使用的可选展示文本。	原生事实保存返回地址不登记 GC 根；已 rooted 的原输入不能保住独立长串副本。BUG: [NATIVE_CONTEXT_INTERNAL_VM_CLONE_UNROOTED] 合法 AppendOwnership 保存长度大于 SHORT_MAX 的独立消息后，在未安装补充 host trace/未建立副本根、同线程 FullGC 成功进入 STW 并完成默认 incremental 的相关标记与回收阶段时，副本可回收；随后 REPL violation 展示于 repl_string_text:94 首次读取已释放对象。短串驻留不能推广为长串保活。与 context URI 克隆属同一缺根族；只作静态链证明，尚无动态复现。	zr_vm_parser/src/zr_vm_parser/semantic/semantic_facts.c:438;zr_vm_parser/src/zr_vm_parser/semantic/semantic_facts.c:445;zr_vm_parser/src/zr_vm_parser/semantic/semantic_facts.c:450;zr_vm_parser/src/zr_vm_parser/semantic/semantic_facts.c:808;zr_vm_parser/src/zr_vm_parser/semantic/semantic_facts.c:814;zr_vm_core/src/zr_vm_core/string.c:725;zr_vm_core/src/zr_vm_core/string.c:763;zr_vm_core/include/zr_vm_core/raw_object.h:53;zr_vm_core/include/zr_vm_core/raw_object.h:87;zr_vm_core/src/zr_vm_core/gc/gc.c:438;zr_vm_core/src/zr_vm_core/gc/gc.c:466;zr_vm_core/src/zr_vm_core/gc/gc_cycle.c:3090;zr_vm_core/src/zr_vm_core/gc/gc_cycle.c:3256;zr_vm_core/src/zr_vm_core/gc/gc_mark.c:1303;zr_vm_core/src/zr_vm_core/gc/gc_mark.c:1426;zr_vm_core/src/zr_vm_core/gc/gc_sweep.c:16;zr_vm_core/src/zr_vm_core/gc/gc_sweep.c:40;zr_vm_cli/src/zr_vm_cli/repl/repl_semantic_facts.c:90;zr_vm_cli/src/zr_vm_cli/repl/repl_semantic_facts.c:96;zr_vm_cli/src/zr_vm_cli/repl/repl_semantic_facts.c:143;zr_vm_cli/src/zr_vm_cli/repl/repl_semantic_facts.c:160	BUG	已独立复核的调用契约；非NULL文本经context state String_Create；短串驻留可返回同一对象，长串为GC对象。NULL可来自可选输入/无state/GetNative/创建失败，结果不是native容器单独释放；不承诺GC root。
zr_vm_parser/src/zr_vm_parser/semantic/semantic_facts.c	semantic_facts_init_array	helper	zr_vm_parser/src/zr_vm_parser/semantic/semantic_facts.c:470;zr_vm_parser/src/zr_vm_parser/semantic/semantic_facts.c:471;zr_vm_parser/src/zr_vm_parser/semantic/semantic_facts.c:472;zr_vm_parser/src/zr_vm_parser/semantic/semantic_facts.c:473;zr_vm_parser/src/zr_vm_parser/semantic/semantic_facts.c:474;zr_vm_parser/src/zr_vm_parser/semantic/semantic_facts.c:475;zr_vm_parser/src/zr_vm_parser/semantic/semantic_facts.c:476;zr_vm_parser/src/zr_vm_parser/semantic/semantic_facts.c:480;zr_vm_parser/src/zr_vm_parser/semantic/semantic_facts.c:482	为事实发布准备统一的原生数组存储，供 context 的 Init/Reset/Free 生命周期管理。	void 初始化不向调用者传播分配失败，不能把数组有效标志当作缓冲申请成功证明。	zr_vm_parser/src/zr_vm_parser/semantic/semantic_facts.c:456;zr_vm_parser/src/zr_vm_parser/semantic/semantic_facts.c:457;zr_vm_parser/src/zr_vm_parser/semantic/semantic_facts.c:462;zr_vm_core/include/zr_vm_core/array.h:29;zr_vm_core/include/zr_vm_core/array.h:98	commented	已独立复核的调用契约；Init九fact数组使用小容量，Array_Init为void且无可靠head检查结果；context/state有效是本helper调用者Facts_Init保证。
zr_vm_parser/src/zr_vm_parser/semantic/semantic_facts.c	semantic_facts_numeric_range_width	helper	zr_vm_parser/src/zr_vm_parser/semantic/semantic_facts.c:1031;zr_vm_parser/src/zr_vm_parser/semantic/semantic_facts.c:1032	为同一节点的既有数值投影比较范围信息量，供查询选择展示候选。	仅度量 signed 范围，unsigned 信息由候选选择另行解释；无有效范围用最大宽度表示，评分覆盖完整 Int64 边界。	zr_vm_parser/src/zr_vm_parser/semantic/semantic_facts.c:982;zr_vm_parser/src/zr_vm_parser/semantic/semantic_facts.c:986;zr_vm_parser/src/zr_vm_parser/semantic/semantic_facts.c:1001	commented	已独立复核的调用契约；无hasRange/反序用UINT64_MAX；INT64_MIN通过-(min+1)+1避免有符号取负溢出；跨0跨度以uint64相加，完整signed域跨度仍可表示。
zr_vm_parser/src/zr_vm_parser/semantic/semantic_facts.c	semantic_facts_numeric_candidate_is_better	helper	zr_vm_parser/src/zr_vm_parser/semantic/semantic_facts.c:1059	按投影的信息量为节点查询选取一条已经发布的数值事实。	不合并候选范围或汇总风险；只有其它信息评分均相同时才优先 mayOverflow 为真的候选，完全平局保留前项。具体信息评分门槛见公共数值查询契约。	zr_vm_parser/src/zr_vm_parser/semantic/semantic_facts.c:1007;zr_vm_parser/src/zr_vm_parser/semantic/semantic_facts.c:1019;zr_vm_parser/src/zr_vm_parser/semantic/semantic_facts.c:1042	commented	已独立复核的调用契约；同node不合并facts；先较高exactness，再存在/更多segment，再hasRange，再较小signed范围宽度，再unsigned存在，再mayOverflow TRUE；完全相同留前项。
zr_vm_parser/src/zr_vm_parser/semantic/semantic_facts.c	semantic_facts_reachability_priority	helper	zr_vm_parser/src/zr_vm_parser/semantic/semantic_facts.c:1097	优先采用控制转移之后死代码的原因，帮助诊断定位使后续代码不可达的转移。	这类原因描述转移后的不可达代码，不表示转移语句本身不可达；此取舍不负责选择最局部范围。	zr_vm_parser/src/zr_vm_parser/semantic/semantic_facts.c:1070	commented	已独立复核的调用契约；AFTER_RETURN/THROW/BREAK/CONTINUE优先其它cause；表示转移之后不可达的原因，不表示cursor位于转移语句本身，不看状态或范围宽度。
zr_vm_parser/src/zr_vm_parser/semantic/semantic_facts.c	ZrParser_SemanticFacts_Init	api	zr_vm_parser/src/zr_vm_parser/semantic.c:98	初始化新 context 的事实与关系子系统，供生产阶段发布可由后续查询复用的证据。	要求有效 state 且 context 尚未持有待释放的旧事实载荷；本 API 不负责 context 本体，void 返回不报告初始化或分配结果。	zr_vm_parser/src/zr_vm_parser/semantic/semantic_facts.c:465	no-comment	公共契约位于本批头部候选注释，实现避免重复同一契约；Context_New的init_arrays调用初始化九native数组及relations。要求未持有旧容器与有效state，不能重复Init已有资源；无返回值不形成OOM完整初始化承诺。
zr_vm_parser/src/zr_vm_parser/semantic/semantic_facts.c	ZrParser_SemanticFacts_Reset	api	tests/parser/test_semantic_query_public_contract_cases.h:435;zr_vm_parser/src/zr_vm_parser/semantic.c:237;zr_vm_parser/src/zr_vm_parser/semantic/semantic_facts.c:547	结束当前事实批次的使用，使 context 的事实容器可以接收下一批生产结果。	释放事实持有的原生载荷并使旧事实与关系借用失效；保留可复用缓冲。此 Reset 不重置全 context 的注册实体、ID 计数或 provider generation。	zr_vm_parser/src/zr_vm_parser/semantic/semantic_facts.c:486;zr_vm_parser/src/zr_vm_parser/semantic/semantic_facts.c:493;zr_vm_parser/src/zr_vm_parser/semantic/semantic_facts.c:537	no-comment	公共契约位于本批头部候选注释，实现避免重复同一契约；Context_Reset与Free调用；先逐类型/嵌套映射/segments/diagnostic清理再各length0，relation length也清；顶层buffer保留，所有旧fact借用失效。它不重置context ID分配器。
zr_vm_parser/src/zr_vm_parser/semantic/semantic_facts.c	ZrParser_SemanticFacts_Free	api	zr_vm_parser/src/zr_vm_parser/semantic.c:183	结束 context 事实子系统的使用并释放其持有的原生载荷。	不释放 context 本体；正常由 SemanticContext_Free 完成整体销毁。调用后不得继续使用事实或 relations 的借用指针。	zr_vm_parser/src/zr_vm_parser/semantic/semantic_facts.c:542	no-comment	公共契约位于本批头部候选注释，实现避免重复同一契约；先Reset后Free九顶层数组及relations；Context_Free另释放context本体。state必须仍活着，同allocator；NULL/stateNULL直接返回，不能当作无state回收。
zr_vm_parser/src/zr_vm_parser/semantic/semantic_facts.c	ZrParser_SemanticFacts_AppendDiagnostic	api	tests/language_server/test_lsp_semantic_query_diagnostic_replacement_cases.h:80;tests/language_server/test_lsp_semantic_query_diagnostic_replacement_cases.h:204;tests/language_server/test_lsp_semantic_query_diagnostic_replacement_cases.h:307;tests/parser/test_semantic_query_contract.c:95;tests/parser/test_semantic_query_contract.c:99;tests/parser/test_semantic_query_diagnostics.c:66;tests/parser/test_semantic_query_diagnostics.c:95;tests/parser/test_semantic_query_public_contract_cases.h:424;zr_vm_parser/src/zr_vm_parser/compiler/compiler_class_ownership.c:72;zr_vm_parser/src/zr_vm_parser/compiler/compiler_generic_semantics.c:692;zr_vm_parser/src/zr_vm_parser/compiler/compiler_semantic_query_diagnostics.c:60;zr_vm_parser/src/zr_vm_parser/compiler/compiler_semantic_query_diagnostics.c:82;zr_vm_parser/src/zr_vm_parser/semantic/const_assignment.c:598;zr_vm_parser/src/zr_vm_parser/semantic/interface_contract.c:297	发布可供后续语义查询使用的完整结构化诊断。	需要有效 code/message 及修复或不可修复理由；相同位置/code/message 的既有诊断可复用，不合并其余载荷。context 持有独立原生副本，AST/source 仍借用。; TRUE 包括已有同一诊断的情形；FALSE 报告校验或显式复制失败，不保证报告底层 Push 分配失败。	zr_vm_parser/src/zr_vm_parser/semantic/semantic_facts.c:560;zr_vm_parser/src/zr_vm_parser/semantic/semantic_facts.c:566;zr_vm_parser/src/zr_vm_parser/semantic/semantic_facts.c:599	no-comment	公共契约位于本批头部候选注释，实现避免重复同一契约；要求code/message、fix或noFixReason；同location/code/message已有项TRUE且不合并severity/related/fix。独立StructuredDiagnostic_Copy承接native数组与VM文本，Reset配对Free；显式copy失败FALSE，底层Push无状态。
zr_vm_parser/src/zr_vm_parser/semantic/semantic_facts.c	ZrParser_SemanticFacts_AppendExpression	api	tests/parser/test_canonical_consumers.c:514;tests/parser/test_canonical_consumers.c:552;tests/parser/test_ownership_receiver_guard_contract_cases.h:134;tests/parser/test_semantic_facts.c:184;tests/parser/test_semantic_facts.c:230;tests/parser/test_semantic_facts.c:231;tests/parser/test_semantic_query.c:67;tests/parser/test_semantic_query.c:158;tests/parser/test_semantic_query.c:280;tests/parser/test_semantic_query_call_expression_refinement_cases.h:48;tests/parser/test_semantic_query_call_expression_refinement_cases.h:51;tests/parser/test_semantic_query_call_selection_cases.h:47;tests/parser/test_semantic_query_call_selection_cases.h:135;tests/parser/test_semantic_query_call_selection_cases.h:211;tests/parser/test_semantic_query_call_selection_cases.h:227;tests/parser/test_semantic_query_call_selection_cases.h:309;tests/parser/test_semantic_query_call_selection_cases.h:405;tests/parser/test_semantic_query_call_source_identity_cases.h:61;tests/parser/test_semantic_query_calls.c:377;tests/parser/test_semantic_query_contract.c:78;zr_vm_parser/src/zr_vm_parser/type_inference/type_inference_array_diagnostics.c:97;zr_vm_parser/src/zr_vm_parser/type_inference/type_inference_call_semantic_facts.c:1019;zr_vm_parser/src/zr_vm_parser/type_inference/type_inference_semantic_facts.c:324;zr_vm_parser/src/zr_vm_parser/type_inference/type_inference_super_constructor_semantic_facts.c:155	发布节点的表达式证据，使后续语义查询复用生产阶段的类型、常量与展示信息。	非空同节点代表最近发布的投影；已有 TypeId 须由生产方保持与 context 同代。context 管理类型原生载荷；可选展示文本以 state 重建但未因此取得 context GC 根。类型名、AST/source 与常量字符串仍借用；同节点替换使旧类型载荷失效。; FALSE 仅报告输入或事实数组有效性检查失败；类型 Copy 无失败返回，可选文本重建为 NULL 也可成功，不保证报告全部分配失败。	zr_vm_parser/src/zr_vm_parser/semantic/semantic_facts.c:602;zr_vm_parser/src/zr_vm_parser/semantic/semantic_facts.c:607;zr_vm_parser/src/zr_vm_parser/semantic/semantic_facts.c:635	no-comment	公共契约位于本批头部候选注释，实现避免重复同一契约；先完整type Copy再补无效typeId及四展示clone；四clone NULL不拒绝、CanonicalFromInferred INVALID也不拒绝。非空同node替换并先Free旧type；空node追加。constant string与AST/source直接借用。
zr_vm_parser/src/zr_vm_parser/semantic/semantic_facts.c	ZrParser_SemanticFacts_AppendExpression::same_node_replacement	block	zr_vm_parser/src/zr_vm_parser/semantic/semantic_facts.c:621;zr_vm_parser/src/zr_vm_parser/semantic/semantic_facts.c:629	复制inferredType与可选展示文本，补无效typeId；同非空node覆盖旧记录并释放旧类型，空node追加；constant string、AST/source借用。	仅非空 node 按指针身份替换；range 相同但 node 不同不合并。复制在释放旧 inferredType 前完成；替换后旧类型载荷借用失效，NULL node 走追加。	zr_vm_parser/src/zr_vm_parser/semantic/semantic_facts.c:621;zr_vm_parser/src/zr_vm_parser/semantic/semantic_facts.c:621;zr_vm_parser/src/zr_vm_parser/semantic/semantic_facts.c:629	commented	用node身份而非range替换，copy在旧typeFree前已完成，避免事实依赖producer临时type；不会将同range不同node合并，FindByNode看到最终该node投影。
zr_vm_parser/src/zr_vm_parser/semantic/semantic_facts.c	ZrParser_SemanticFacts_AppendReference	api	tests/parser/test_canonical_consumers.c:561;tests/parser/test_compiler_const_assignment_query_producer.c:127;tests/parser/test_compiler_const_assignment_query_producer.c:203;tests/parser/test_semantic_display.c:201;tests/parser/test_semantic_display_unresolved_cases.h:51;tests/parser/test_semantic_display_unresolved_cases.h:56;tests/parser/test_semantic_display_unresolved_cases.h:65;tests/parser/test_semantic_display_unresolved_cases.h:67;tests/parser/test_semantic_display_unresolved_cases.h:70;tests/parser/test_semantic_display_unresolved_cases.h:73;tests/parser/test_semantic_facts.c:121;tests/parser/test_semantic_facts.c:142;tests/parser/test_semantic_query.c:85;tests/parser/test_semantic_query.c:106;tests/parser/test_semantic_query.c:348;tests/parser/test_semantic_query.c:410;tests/parser/test_semantic_query.c:420;tests/parser/test_semantic_query_call_caller_identity_cases.h:65;tests/parser/test_semantic_query_call_edge_refinement_cases.h:48;tests/parser/test_semantic_query_call_edge_refinement_cases.h:55;tests/parser/test_semantic_query_call_edge_refinement_cases.h:72;tests/parser/test_semantic_query_call_edge_refinement_cases.h:76;tests/parser/test_semantic_query_call_edge_refinement_cases.h:144;tests/parser/test_semantic_query_call_edge_refinement_cases.h:236;tests/parser/test_semantic_query_call_edge_refinement_cases.h:240;tests/parser/test_semantic_query_call_expression_refinement_cases.h:64;tests/parser/test_semantic_query_call_selection_cases.h:56;tests/parser/test_semantic_query_call_selection_cases.h:64;tests/parser/test_semantic_query_call_selection_cases.h:146;tests/parser/test_semantic_query_call_selection_cases.h:152;tests/parser/test_semantic_query_call_selection_cases.h:222;tests/parser/test_semantic_query_call_selection_cases.h:320;tests/parser/test_semantic_query_call_selection_cases.h:327;tests/parser/test_semantic_query_call_selection_cases.h:347;tests/parser/test_semantic_query_call_selection_cases.h:412;tests/parser/test_semantic_query_call_source_identity_cases.h:77;tests/parser/test_semantic_query_call_unresolved_reason_cases.h:49;tests/parser/test_semantic_query_call_unresolved_reason_cases.h:129;tests/parser/test_semantic_query_calls.c:226;tests/parser/test_semantic_query_calls.c:311;tests/parser/test_semantic_query_calls.c:314;tests/parser/test_semantic_query_calls.c:386;tests/parser/test_semantic_query_calls.c:456;tests/parser/test_semantic_query_diagnostics.c:398;tests/parser/test_semantic_query_diagnostics.c:406;tests/parser/test_semantic_query_diagnostics.c:447;tests/parser/test_semantic_query_diagnostics.c:453;tests/parser/test_semantic_query_diagnostics.c:476;tests/parser/test_semantic_query_diagnostics.c:484;tests/parser/test_semantic_query_diagnostics.c:512;tests/parser/test_semantic_query_relations.c:787;tests/parser/test_semantic_query_relations.c:796;tests/parser/test_semantic_query_relations.c:805;tests/parser/test_semantic_query_symbols.c:202;tests/parser/test_semantic_query_symbols.c:1996;zr_vm_language_server/src/zr_vm_language_server/semantic/semantic_analyzer_support.c:109;zr_vm_parser/src/zr_vm_parser/compiler/compiler_callable_binding_refinement.c:49;zr_vm_parser/src/zr_vm_parser/semantic/semantic_type_use.c:186;zr_vm_parser/src/zr_vm_parser/type_environment_bindings.c:74;zr_vm_parser/src/zr_vm_parser/type_inference/type_inference_call_semantic_facts.c:381;zr_vm_parser/src/zr_vm_parser/type_inference/type_inference_call_semantic_facts.c:526;zr_vm_parser/src/zr_vm_parser/type_inference/type_inference_call_semantic_facts.c:649;zr_vm_parser/src/zr_vm_parser/type_inference/type_inference_call_semantic_facts.c:724;zr_vm_parser/src/zr_vm_parser/type_inference/type_inference_call_semantic_facts.c:770;zr_vm_parser/src/zr_vm_parser/type_inference/type_inference_call_semantic_facts.c:838;zr_vm_parser/src/zr_vm_parser/type_inference/type_inference_call_semantic_facts.c:1053;zr_vm_parser/src/zr_vm_parser/type_inference/type_inference_identifier_facts.c:60;zr_vm_parser/src/zr_vm_parser/type_inference/type_inference_member_facts.c:114;zr_vm_parser/src/zr_vm_parser/type_inference/type_inference_super_constructor_semantic_facts.c:187;zr_vm_parser/src/zr_vm_parser/type_system.c:1713	发布引用身份及相关定义、调用和外部目标证据，供导航与后续语义分析共用。	context 持有独立嵌套原生容器，生产方返回后可释放输入容器；name、AST/source 借用。context ID 的同代性由生产方保证，本 API 不重映射；可选 signature/owner 文本重建失败并不自动拒绝事实。; FALSE 报告输入或容器复制 helper 的显式失败；这些失败分支清理未发布的原生副本，不保证检测所有分配失败。	zr_vm_parser/src/zr_vm_parser/semantic/semantic_facts.c:638;zr_vm_parser/src/zr_vm_parser/semantic/semantic_facts.c:642;zr_vm_parser/src/zr_vm_parser/semantic/semantic_facts.c:659	no-comment	公共契约位于本批头部候选注释，实现避免重复同一契约；克隆signature/external-owner但不检查NULL，再独立复制两nested数组；mapping显式失败清理两容器。补声明/WRITE单definition并追加不去重；primary-call producer随后Free暂存mapping所以复制必须独立。
zr_vm_parser/src/zr_vm_parser/semantic/semantic_facts.c	ZrParser_SemanticFacts_ResolveLinearReachingDefinitions	api	tests/parser/test_compiler_semantic_query_diagnostics.c:755;tests/parser/test_compiler_semantic_query_diagnostics.c:840;tests/parser/test_compiler_semantic_query_diagnostics.c:923;tests/parser/test_reference_fact_emission.c:208;tests/parser/test_semantic_facts.c:1067;tests/parser/test_semantic_query.c:464;tests/parser/test_semantic_query_relations.c:806;zr_vm_language_server/src/zr_vm_language_server/semantic/lsp_semantic_definition_query.c:71;zr_vm_parser/src/zr_vm_parser/compiler/compiler_semantic_query_diagnostics.c:100	在不建立控制流模型的事实批次中提供按发布顺序解释的定义导航证据。	仅 READ 使用同 symbol 的已有 resolved 声明/写入证据；结果不代表分支或循环上的路径合并，也不保证清除未获得新证据的既有单一定义投影。; TRUE 表示该线性解析完成；FALSE 表示输入有效性检查失败。	zr_vm_parser/src/zr_vm_parser/semantic/semantic_facts.c:663;zr_vm_parser/src/zr_vm_parser/semantic/semantic_facts.c:677;zr_vm_parser/src/zr_vm_parser/semantic/semantic_facts.c:687	no-comment	公共契约位于本批头部候选注释，实现避免重复同一契约；逐条销毁多definition容器，更新合格声明/WRITE自身definition；resolved READ找最近已知前项。READ无前项保持已有单definition字段；不构建CFG、不清call mappings。后续compiler CFG阶段另覆盖。
zr_vm_parser/src/zr_vm_parser/semantic/semantic_facts.c	ZrParser_SemanticFacts_ResolveLinearDefiniteAssignments	api	tests/parser/test_semantic_facts.c:545;tests/parser/test_semantic_query.c:961;zr_vm_language_server/src/zr_vm_language_server/semantic/semantic_analyzer_query_diagnostics.c:168;zr_vm_parser/src/zr_vm_parser/compiler/compiler_semantic_query_diagnostics.c:97	在按发布顺序解释的事实批次中提供读取的赋值状态证据。	不表示控制流路径合并；最近相关定义状态未知时，不能用更早已赋值状态补作证据。; TRUE 表示线性解析完成，可仍含未初始化读取；FALSE 不表示语义违规本身。	zr_vm_parser/src/zr_vm_parser/semantic/semantic_facts.c:695;zr_vm_parser/src/zr_vm_parser/semantic/semantic_facts.c:708;zr_vm_parser/src/zr_vm_parser/semantic/semantic_facts.c:729	no-comment	公共契约位于本批头部候选注释，实现避免重复同一契约；WRITE置INIT、READ继承最近种子；READ无种子明确UNKNOWN/hasFALSE，声明状态不重写。结果表示遍历流程完成，不能据TRUE判定所有read已初始化。
zr_vm_parser/src/zr_vm_parser/semantic/semantic_facts.c	ZrParser_SemanticFacts_AppendNumeric	api	tests/parser/test_semantic_facts.c:355;tests/parser/test_semantic_facts.c:356;tests/parser/test_semantic_query.c:137;tests/parser/test_semantic_query.c:210;zr_vm_parser/src/zr_vm_parser/type_inference/type_inference_semantic_facts.c:482	发布数值范围及风险证据，供后续查询、展示和诊断读取。	输入分段的 count、inline/extra 形状及边界须一致；context 管理独立原生分段载荷，AST/source 借用。; FALSE 报告输入或分段复制的显式失败；不保证检测分配失败，也不能据此推定畸形源的部分 extra 载荷已清理。	zr_vm_parser/src/zr_vm_parser/semantic/semantic_facts.c:737;zr_vm_parser/src/zr_vm_parser/semantic/semantic_facts.c:745;zr_vm_parser/src/zr_vm_parser/semantic/semantic_facts.c:756;zr_vm_parser/src/zr_vm_parser/type_system_numeric_segments.c:101;zr_vm_parser/src/zr_vm_parser/type_system_numeric_segments.c:134	no-comment	公共契约位于本批头部候选注释，实现避免重复同一契约；copy值字段但先Construct独立extra，再NumericRangeSegments_Copy。成功后顶层Push，ResetFreeextra；Copy后期失败不在本层Free临时extra，非法/不一致segment链须另证合法producer，未直接判BUG。
zr_vm_parser/src/zr_vm_parser/semantic/semantic_facts.c	ZrParser_SemanticNumericFact_RangeSegmentAt	api	tests/language_server/test_lsp_numeric_branch_assignment_semantic_query.c:204;tests/language_server/test_lsp_numeric_branch_assignment_semantic_query.c:235;tests/language_server/test_lsp_numeric_branch_semantic_query.c:218;tests/parser/test_numeric_branch_assignment_dataflow.c:226;tests/parser/test_numeric_branch_assignment_dataflow.c:230;tests/parser/test_numeric_branch_segment_sets.c:153;zr_vm_language_server/src/zr_vm_language_server/semantic/lsp_numeric_range_text.c:65	为数值证据的消费者提供指定范围段的只读视图。	index 为零起点段序号；返回指针借用输入 fact 的存储，与 context 中是否登记该 fact 无关。; 空 fact、越界或缺少相应 extra 载荷时返回 NULL。	zr_vm_parser/src/zr_vm_parser/semantic/semantic_facts.c:760;zr_vm_parser/src/zr_vm_parser/semantic/semantic_facts.c:763;zr_vm_parser/src/zr_vm_parser/semantic/semantic_facts.c:770;zr_vm_parser/src/zr_vm_parser/type_system_numeric_segments.c:78;zr_vm_parser/src/zr_vm_parser/type_system_numeric_segments.c:98	no-comment	公共契约位于本批头部候选注释，实现避免重复同一契约；返回inline或extra内部借用，额外At验证count/valid/length；越界/无fact NULL，fact Reset/Free或其存储变化后不可持有。
zr_vm_parser/src/zr_vm_parser/semantic/semantic_facts.c	ZrParser_SemanticFacts_AppendReachability	api	tests/parser/test_semantic_facts.c:386;tests/parser/test_semantic_facts.c:387;tests/parser/test_semantic_facts.c:415;tests/parser/test_semantic_facts.c:416;tests/parser/test_semantic_facts.c:481;tests/parser/test_semantic_query.c:122;tests/parser/test_semantic_query.c:216;zr_vm_language_server/src/zr_vm_language_server/semantic/semantic_analyzer_reachability.c:41;zr_vm_language_server/src/zr_vm_language_server/semantic/semantic_analyzer_typecheck.c:54;zr_vm_language_server/src/zr_vm_language_server/semantic/semantic_analyzer_union_patterns.c:615;zr_vm_parser/src/zr_vm_parser/type_inference/cfg.c:918;zr_vm_parser/src/zr_vm_parser/type_inference/type_inference_semantic_facts.c:530;zr_vm_parser/src/zr_vm_parser/type_inference/type_inference_semantic_facts.c:711	发布节点可达性及原因证据，供后续诊断和位置查询使用。	node、causeNode 与 source 借用当前 AST/语义快照，context 不接管它们。; FALSE 表示输入或事实数组有效性检查失败，不保证检测底层数组分配失败。	zr_vm_parser/src/zr_vm_parser/semantic/semantic_facts.c:773	no-comment	公共契约位于本批头部候选注释，实现避免重复同一契约；CFG_Emit与shortcircuit producer按值发布node/state/cause/causeNode/range，借用AST/source；不重新计算reachable，不去重且selector仅看cause优先。
zr_vm_parser/src/zr_vm_parser/semantic/semantic_facts.c	ZrParser_SemanticFacts_AppendLogical	api	tests/parser/test_semantic_facts.c:310;tests/parser/test_semantic_query.c:223;zr_vm_language_server/src/zr_vm_language_server/semantic/semantic_analyzer_reachability.c:22;zr_vm_language_server/src/zr_vm_language_server/semantic/semantic_analyzer_typecheck.c:119;zr_vm_parser/src/zr_vm_parser/type_inference/type_inference_interval_logic.c:142;zr_vm_parser/src/zr_vm_parser/type_inference/type_inference_semantic_facts.c:520;zr_vm_parser/src/zr_vm_parser/type_inference/type_inference_semantic_facts.c:556;zr_vm_parser/src/zr_vm_parser/type_inference/type_inference_semantic_facts.c:592;zr_vm_parser/src/zr_vm_parser/type_inference/type_inference_semantic_facts.c:624;zr_vm_parser/src/zr_vm_parser/type_inference/type_inference_semantic_facts.c:702	发布逻辑分类和可选已知值证据，供后续推断与语义查询复用。	AST、relatedNode 和 source 借用当前快照；knownValue 的使用须遵守 hasKnownValue 及 consumer 的分类门槛。; FALSE 表示输入或事实数组有效性检查失败，不保证检测底层数组分配失败。	zr_vm_parser/src/zr_vm_parser/semantic/semantic_facts.c:786	no-comment	公共契约位于本批头部候选注释，实现避免重复同一契约；按值发布kind/exactness/hasKnownValue/relatedNode，shortcircuit producer提供truth已知；事实层不判断known真假或折叠重叠facts。
zr_vm_parser/src/zr_vm_parser/semantic/semantic_facts.c	ZrParser_SemanticFacts_AppendOwnership	api	tests/parser/test_semantic_facts.c:451;tests/parser/test_semantic_facts.c:453;tests/parser/test_semantic_facts.c:460;tests/parser/test_semantic_query.c:229;tests/parser/test_semantic_query.c:291;zr_vm_parser/src/zr_vm_parser/compiler/compiler_reference_escape_statements.c:203;zr_vm_parser/src/zr_vm_parser/type_inference/dataflow_ownership_observations.c:135;zr_vm_parser/src/zr_vm_parser/type_inference/dataflow_ownership_observations.c:234;zr_vm_parser/src/zr_vm_parser/type_inference/dataflow_ownership_symbols.c:174;zr_vm_parser/src/zr_vm_parser/type_inference/type_inference_call_diagnostics.c:277;zr_vm_parser/src/zr_vm_parser/type_inference/type_inference_ownership_intrinsic.c:136;zr_vm_parser/src/zr_vm_parser/type_inference/type_inference_semantic_facts.c:780	发布所有权 transition/violation 投影，借用 AST/source/relatedNode，并以当前 state 重建可选消息。	非空消息创建失败时拒绝发布；创建成功不意味着内部消息已取得 GC 根。消息由 debug/REPL 实际读取，内部 clone 缺根限制见共享事实生命周期说明。	zr_vm_parser/src/zr_vm_parser/semantic/semantic_facts.c:799;zr_vm_parser/src/zr_vm_parser/semantic/semantic_facts.c:803;zr_vm_parser/src/zr_vm_parser/semantic/semantic_facts.c:815	no-comment	公共契约位于本批头部候选注释，实现避免重复同一契约；可选非NULLmessage必须clone成功否则不追加，与Expression/Reference不同。compiler owner-return提供diagnostic.message；debug/REPL按violation显示，分类query另建diagnostic。region/symbol保持原域值不新分配。
zr_vm_parser/src/zr_vm_parser/semantic/semantic_facts.c	ZrParser_SemanticFacts_AppendOwnershipIntrinsic	api	zr_vm_parser/src/zr_vm_parser/type_inference/type_inference_ownership_intrinsic.c:127	发布 ownership intrinsic 的决策和类型证据，供同一快照的后续消费者使用。	context 管理 input/result 类型的独立原生容器；类型名、node/argument 及各 range.source 仍借用。; FALSE 表示输入或事实数组有效性检查失败；类型 Copy 无失败返回，不保证检测分配失败。	zr_vm_parser/src/zr_vm_parser/semantic/semantic_facts.c:818	no-comment	公共契约位于本批头部候选注释，实现避免重复同一契约；深Copy input/result两type，再值Push；canonical operation/place/loan/tag不验证。producerinput/result仅借用，ResetFree复制type；不是Move分析wrapper。
zr_vm_parser/src/zr_vm_parser/semantic/semantic_facts.c	ZrParser_SemanticFacts_AppendReceiverGuard	api	tests/parser/test_ownership_receiver_guard_contract_cases.h:188;tests/parser/test_ownership_receiver_guard_contract_cases.h:285;tests/parser/test_ownership_receiver_guard_contract_cases.h:602;zr_vm_parser/src/zr_vm_parser/type_inference/type_inference_receiver_guard.c:112	发布 receiver guard 的访问链证据，供 compiler 在当前 AST 快照中解释 guard。	context 管理类型的独立原生容器；类型名、receiver/firstSegment/node/source 以及链序号仍绑定当前快照。; FALSE 表示输入或事实数组有效性检查失败；类型 Copy 无失败返回，不保证检测分配失败。	zr_vm_parser/src/zr_vm_parser/semantic/semantic_facts.c:834	no-comment	公共契约位于本批头部候选注释，实现避免重复同一契约；Copy两type，按值保存chain start/end与segment identity；producerinfer_receiver_guard随后Free guarded/修改receiverType仍不影响事实副本，Reset只清type。
zr_vm_parser/src/zr_vm_parser/semantic/semantic_facts.c	ZrParser_SemanticFacts_FindExpressionByNode	api	tests/language_server/test_lsp_completion_snapshot_fact_cases.h:82;tests/language_server/test_lsp_local_semantic_scope_cases.h:191;tests/language_server/test_lsp_local_semantic_scope_cases.h:196;tests/language_server/test_lsp_local_semantic_scope_cases.h:206;tests/language_server/test_lsp_local_semantic_scope_cases.h:239;tests/language_server/test_lsp_local_semantic_scope_cases.h:242;tests/language_server/test_lsp_native_construct_receiver_fact_cases.h:60;tests/language_server/test_lsp_native_construct_receiver_fact_cases.h:117;tests/language_server/test_lsp_native_construct_receiver_fact_cases.h:220;tests/language_server/test_lsp_native_construct_receiver_fact_cases.h:300;tests/language_server/test_lsp_native_construct_receiver_fact_cases.h:399;tests/language_server/test_semantic_analyzer_exact_type_cases.h:75;tests/language_server/test_semantic_analyzer_exact_type_cases.h:78;tests/parser/test_cast_operand_facts.c:62;tests/parser/test_expression_fact_emission.c:137;tests/parser/test_expression_fact_emission.c:184;tests/parser/test_expression_fact_emission.c:228;tests/parser/test_expression_fact_emission.c:313;tests/parser/test_expression_fact_emission.c:351;tests/parser/test_expression_fact_emission.c:397;tests/parser/test_expression_fact_emission.c:439;tests/parser/test_expression_fact_emission.c:498;tests/parser/test_expression_fact_emission.c:678;tests/parser/test_expression_fact_emission.c:679;tests/parser/test_expression_fact_emission.c:681;tests/parser/test_expression_fact_emission.c:785;tests/parser/test_expression_fact_emission.c:847;tests/parser/test_expression_fact_emission.c:848;tests/parser/test_expression_fact_emission.c:907;tests/parser/test_expression_fact_emission.c:908;tests/parser/test_expression_fact_emission.c:1156;tests/parser/test_expression_fact_emission.c:1157;tests/parser/test_expression_fact_emission.c:1212;tests/parser/test_expression_fact_emission.c:1213;tests/parser/test_expression_fact_emission.c:1262;tests/parser/test_expression_fact_emission.c:1263;tests/parser/test_logical_fact_emission.c:112;tests/parser/test_logical_fact_emission.c:192;tests/parser/test_logical_fact_emission.c:233;tests/parser/test_numeric_range_inference.c:417;tests/parser/test_ownership_intrinsic_member_separation.c:1456;tests/parser/test_semantic_facts.c:185;tests/parser/test_semantic_facts.c:233;tests/parser/test_type_inference.c:1115;tests/parser/test_type_inference.c:1158;zr_vm_cli/src/zr_vm_cli/repl/repl_semantic_fact_walkers.c:210;zr_vm_language_server/src/zr_vm_language_server/interface/lsp_canonical_symbol_display.c:77;zr_vm_language_server/src/zr_vm_language_server/interface/lsp_completion_semantic_facts.c:518;zr_vm_language_server/src/zr_vm_language_server/interface/lsp_signature_semantic_facts.c:458;zr_vm_language_server/src/zr_vm_language_server/lsp_signature_help.c:890;zr_vm_language_server/src/zr_vm_language_server/lsp_signature_help.c:997;zr_vm_language_server/src/zr_vm_language_server/semantic/lsp_local_semantic_query.c:281;zr_vm_language_server/src/zr_vm_language_server/semantic/lsp_local_semantic_query.c:335;zr_vm_language_server/src/zr_vm_language_server/semantic/semantic_analyzer_expression_query.c:609;zr_vm_lib_debug/src/zr_vm_lib_debug/debug_formal_evaluation.c:251;zr_vm_lib_debug/src/zr_vm_lib_debug/debug_semantic_facts.c:580;zr_vm_parser/src/zr_vm_parser/compiler/compile_expression_receiver_guard.c:99;zr_vm_parser/src/zr_vm_parser/compiler/compile_expression_receiver_guard.c:230;zr_vm_parser/src/zr_vm_parser/compiler/compile_expression_receiver_guard.c:281;zr_vm_parser/src/zr_vm_parser/compiler/compile_expression_receiver_guard.c:320;zr_vm_parser/src/zr_vm_parser/compiler/compile_expression_receiver_guard.c:570;zr_vm_parser/src/zr_vm_parser/compiler/compiler_semantic_ir_optional.c:51;zr_vm_parser/src/zr_vm_parser/type_inference/type_inference_call_argument_semantic_facts.c:134	为节点语义查询提供该节点最近发布的表达式证据。	不补造或重新推断缺失事实；同节点替换还会使旧 inferredType 原生载荷失效。; 返回当前 context 事实数组内的借用指针或 NULL；对应数组增长、Reset/Free 后不得持有，也不能将记录或其 context ID 跨快照使用。	zr_vm_parser/src/zr_vm_parser/semantic/semantic_facts.c:850	no-comment	公共契约位于本批头部候选注释，实现避免重复同一契约；非NULLnodeidentity返回首项；通常Append同node替换维持单项，不生成新事实。返回存储内借用，替换后内容变、增长/Reset/Free失效。
zr_vm_parser/src/zr_vm_parser/semantic/semantic_facts.c	ZrParser_SemanticFacts_FindExpressionAtPosition	api	tests/language_server/test_lsp_local_semantic_snapshot_cases.h:49;tests/language_server/test_lsp_signature_snapshot_fact_cases.h:51;tests/language_server/test_semantic_analyzer_exact_type_cases.h:144;tests/parser/test_semantic_facts.c:186;tests/parser/test_semantic_facts.c:234;zr_vm_language_server/src/zr_vm_language_server/semantic/semantic_analyzer_expression_query.c:601;zr_vm_parser/src/zr_vm_parser/semantic/semantic_query.c:765;zr_vm_parser/src/zr_vm_parser/semantic/semantic_query.c:893;zr_vm_parser/src/zr_vm_parser/semantic/semantic_query_canonical.c:299	为位置语义查询提供当前位置的表达式证据。	位置仅取 position.start；双方各有非零端 offset 时按 offset 闭区间命中，否则按行列。命中须同源，跨度评分只取 offset 差。 该选择仅定位已有投影，不证明类型可供规范查询使用；等宽候选采用后项。; 返回当前 context 事实数组内的借用指针或 NULL；对应数组增长、Reset/Free 后不得持有，也不能将记录或其 context ID 跨快照使用。	zr_vm_parser/src/zr_vm_parser/semantic/semantic_facts.c:869	no-comment	公共契约位于本批头部候选注释，实现避免重复同一契约；同源闭命中中offset宽度最小；<=使完全等宽后项优先，行列fallback不改变评分；无命中NULL，不聚合expression层次。
zr_vm_parser/src/zr_vm_parser/semantic/semantic_facts.c	ZrParser_SemanticFacts_FindReferenceAtPosition	api	tests/language_server/test_lsp_interface.c:8227;tests/language_server/test_semantic_analyzer.c:1474;tests/language_server/test_semantic_analyzer.c:1492;tests/language_server/test_semantic_analyzer.c:4071;tests/parser/test_assignment_reference_diagnostic_cases.h:60;tests/parser/test_assignment_reference_diagnostic_cases.h:62;tests/parser/test_reference_fact_emission.c:118;tests/parser/test_reference_fact_emission.c:120;tests/parser/test_reference_fact_emission.c:210;tests/parser/test_reference_fact_emission.c:281;tests/parser/test_reference_fact_emission.c:387;tests/parser/test_reference_fact_emission.c:389;tests/parser/test_reference_fact_emission.c:521;tests/parser/test_reference_fact_emission.c:523;tests/parser/test_reference_fact_emission.c:595;tests/parser/test_reference_fact_emission.c:596;tests/parser/test_reference_fact_emission.c:748;tests/parser/test_reference_fact_emission.c:750;tests/parser/test_semantic_facts.c:271;tests/parser/test_semantic_facts.c:277;tests/parser/test_semantic_facts.c:282;zr_vm_cli/src/zr_vm_cli/repl/repl_semantic_fact_walkers.c:280;zr_vm_cli/src/zr_vm_cli/repl/repl_semantic_fact_walkers.c:295;zr_vm_cli/src/zr_vm_cli/repl/repl_semantic_facts.c:311;zr_vm_language_server/src/zr_vm_language_server/interface/lsp_interface_support.c:2143;zr_vm_language_server/src/zr_vm_language_server/semantic/lsp_local_semantic_query.c:543;zr_vm_language_server/src/zr_vm_language_server/semantic/lsp_local_semantic_query.c:672;zr_vm_lib_debug/src/zr_vm_lib_debug/debug_evaluation_effect.c:374;zr_vm_lib_debug/src/zr_vm_lib_debug/debug_semantic_facts.c:598;zr_vm_parser/src/zr_vm_parser/semantic/semantic_query.c:788;zr_vm_parser/src/zr_vm_parser/semantic/semantic_query.c:818;zr_vm_parser/src/zr_vm_parser/semantic/semantic_query.c:899;zr_vm_parser/src/zr_vm_parser/semantic/semantic_query_canonical.c:298;zr_vm_parser/src/zr_vm_parser/semantic/semantic_query_property.c:147	为导航和位置语义查询提供当前位置的引用证据。	位置仅取 position.start；两个 range 各有至少一个非零端 offset 时按 offset 闭区间命中，否则按行列。命中须同源；先偏好 range 起点与光标相同的候选，再比较较小 offset 跨度和较高引用用途优先级，完全平局保留前项。返回事实仍须满足具体 consumer 的身份门槛。; 返回当前 context 事实数组内的借用指针或 NULL；对应数组增长、Reset/Free 后不得持有，也不能将记录或其 context ID 跨快照使用。	zr_vm_parser/src/zr_vm_parser/semantic/semantic_facts.c:894;zr_vm_parser/src/zr_vm_parser/semantic/semantic_facts.c:909;zr_vm_parser/src/zr_vm_parser/semantic/semantic_facts.c:923	no-comment	公共契约位于本批头部候选注释，实现避免重复同一契约；闭命中先起点等cursor，然后offset宽度，再kind优先。共享边界fixture249–288证明segment起点可覆盖更窄base。全部相同保持前项。
zr_vm_parser/src/zr_vm_parser/semantic/semantic_facts.c	ZrParser_SemanticFacts_FindReferenceAtPositionByKind	api	tests/parser/test_compiler_semantic_query_diagnostics.c:756;tests/parser/test_compiler_semantic_query_diagnostics.c:760;tests/parser/test_compiler_semantic_query_diagnostics.c:772;tests/parser/test_compiler_semantic_query_diagnostics.c:841;tests/parser/test_compiler_semantic_query_diagnostics.c:845;tests/parser/test_compiler_semantic_query_diagnostics.c:857;tests/parser/test_compiler_semantic_query_diagnostics.c:861;tests/parser/test_compiler_semantic_query_diagnostics.c:924;tests/parser/test_compiler_semantic_query_diagnostics.c:928;tests/parser/test_compiler_semantic_query_diagnostics.c:940;tests/parser/test_semantic_facts.c:547;tests/parser/test_semantic_facts.c:551;tests/parser/test_semantic_facts.c:555;tests/parser/test_semantic_facts.c:559;tests/parser/test_semantic_facts.c:644;tests/parser/test_semantic_facts.c:733;tests/parser/test_semantic_facts.c:819;tests/parser/test_semantic_facts.c:910;tests/parser/test_semantic_facts.c:920;tests/parser/test_semantic_facts.c:1068;tests/parser/test_semantic_facts.c:1072;tests/parser/test_semantic_facts.c:1083;tests/parser/test_semantic_query_symbols.c:1817;tests/parser/test_semantic_query_symbols.c:2098;tests/parser/test_semantic_query_symbols.c:2102;tests/parser/test_semantic_query_symbols.c:2254;tests/parser/test_semantic_query_symbols.c:2258;zr_vm_language_server/src/zr_vm_language_server/lsp_canonical_signature_help.c:212;zr_vm_language_server/src/zr_vm_language_server/lsp_signature_help.c:893;zr_vm_lib_debug/src/zr_vm_lib_debug/debug_semantic_facts.c:604	为需要特定引用用途的语义查询提供当前位置的引用证据。	位置仅取 position.start；双方各有非零端 offset 时按 offset 闭区间命中，否则按行列。命中须同源，跨度评分只取 offset 差。 用途由 kind 限定；等宽候选保留前项，不采用普通引用位置查询的起点偏好。; 返回当前 context 事实数组内的借用指针或 NULL；对应数组增长、Reset/Free 后不得持有，也不能将记录或其 context ID 跨快照使用。	zr_vm_parser/src/zr_vm_parser/semantic/semantic_facts.c:931	no-comment	公共契约位于本批头部候选注释，实现避免重复同一契约；先精确kind过滤，闭命中后严格<选较小offset宽度，平局留前项；不采用普通reference起点或kind priority规则。
zr_vm_parser/src/zr_vm_parser/semantic/semantic_facts.c	ZrParser_SemanticFacts_FindReferenceByNodeAndKind	api	tests/debug/test_debug_canonical_binding_cases.h:221;tests/debug/test_debug_canonical_binding_cases.h:389;tests/debug/test_debug_canonical_binding_cases.h:511;tests/debug/test_debug_canonical_binding_cases.h:558;tests/parser/test_expression_fragment_parser.c:179;tests/parser/test_expression_fragment_parser.c:249;tests/parser/test_expression_fragment_parser.c:331;tests/parser/test_expression_fragment_parser.c:344;tests/parser/test_pre_semantic_ir_dynamic_object_local.inc:113;tests/parser/test_reference_field_fact_cases.h:103;tests/parser/test_reference_field_fact_cases.h:173;tests/parser/test_reference_field_fact_cases.h:209;tests/parser/test_reference_field_fact_cases.h:266;tests/parser/test_reference_field_fact_cases.h:268;tests/parser/test_reference_field_fact_cases.h:95;tests/parser/test_semantic_declaration_binding_cases.h:159;tests/parser/test_semantic_query_call_type_lifetime_cases.h:111;tests/parser/test_type_inference_dynamic_return.inc:45;zr_vm_lib_debug/src/zr_vm_lib_debug/debug_evaluation_effect.c:185;zr_vm_lib_debug/src/zr_vm_lib_debug/debug_formal_evaluation_execute.c:249;zr_vm_lib_debug/src/zr_vm_lib_debug/debug_formal_evaluation_execute.c:398;zr_vm_lib_debug/src/zr_vm_lib_debug/debug_semantic_facts.c:556;zr_vm_lib_debug/src/zr_vm_lib_debug/debug_semantic_facts.c:563;zr_vm_lib_debug/src/zr_vm_lib_debug/debug_semantic_facts.c:569;zr_vm_parser/src/zr_vm_parser/compiler/compile_expression_receiver_guard.c:96;zr_vm_parser/src/zr_vm_parser/compiler/compiler_bindings.c:478;zr_vm_parser/src/zr_vm_parser/compiler/compiler_semantic_ir_optional.c:47;zr_vm_parser/src/zr_vm_parser/type_inference/type_inference_member_facts.c:100;zr_vm_parser/src/zr_vm_parser/type_inference/type_inference_member_facts.c:160;zr_vm_parser/src/zr_vm_parser/type_inference/type_inference_ownership_intrinsic.c:82	为依赖节点 identity 和引用用途的分析提供已有引用证据。；未标注动态 object 的编译和 return 推断测试按节点及 READ 取得事实，核对来源 SymbolId 保留而 canonical TypeId 仍未知；前者另验证 legacy GET_STACK 与 source CFG fallback。	kind 区分同节点的不同用途；该查询不验证 resolved、ID 或 source 的有效性，也不补造缺失事实。; 返回当前 context 事实数组内的借用指针或 NULL；对应数组增长、Reset/Free 后不得持有，也不能将记录或其 context ID 跨快照使用。；两测试有意读取 TypeId=INVALID 的事实来断言未知身份，不以该值查询 canonical 节点；同一 compiler/context/AST 在消费期间存活，查询至最后解引用之间无事实追加、Reset 或 Free。	zr_vm_parser/src/zr_vm_parser/semantic/semantic_facts.c:959;tests/parser/test_pre_semantic_ir_dynamic_object_local.inc:71;tests/parser/test_pre_semantic_ir_dynamic_object_local.inc:116;tests/parser/test_pre_semantic_ir_dynamic_object_local.inc:117;tests/parser/test_pre_semantic_ir_dynamic_object_local.inc:146;tests/parser/test_type_inference_dynamic_return.inc:1;tests/parser/test_type_inference_dynamic_return.inc:48;tests/parser/test_type_inference_dynamic_return.inc:49;tests/parser/test_type_inference_dynamic_return.inc:55	no-comment	公共契约位于本批头部候选注释，实现避免重复同一契约；同node且kind相等首项即返回，不筛resolved/IDs；caller必须验证要用的身份，空node不查询匿名fact。 三个遗漏的 .inc 调用函数经独立及根代理 FULL 复核后补入，不继承原语料不存在的 FULL 状态；本 getter 的实际调用正确。
zr_vm_parser/src/zr_vm_parser/semantic/semantic_facts.c	ZrParser_SemanticFacts_FindNumericByNode	api	tests/language_server/test_lsp_local_semantic_scope_cases.h:186;tests/language_server/test_lsp_local_semantic_scope_cases.h:199;tests/language_server/test_lsp_local_semantic_scope_cases.h:209;tests/language_server/test_lsp_local_semantic_scope_cases.h:585;tests/parser/bitwise_zero_minus_shift_supported_count_range_test_support.c:115;tests/parser/test_bitwise_zero_minus_rhs_range_inference.c:112;tests/parser/test_bitwise_zero_minus_shift_exact_zero_count_range_inference.c:112;tests/parser/test_bitwise_zero_minus_unary_rhs_range_inference.c:112;tests/parser/test_bitwise_zero_wrapper_range_inference.c:112;tests/parser/test_expression_fact_emission.c:138;tests/parser/test_expression_fact_emission.c:263;tests/parser/test_expression_fact_emission.c:314;tests/parser/test_expression_fact_emission.c:352;tests/parser/test_expression_fact_emission.c:398;tests/parser/test_expression_fact_emission.c:574;tests/parser/test_expression_fact_emission.c:604;tests/parser/test_expression_fact_emission.c:636;tests/parser/test_expression_fact_emission.c:717;tests/parser/test_expression_fact_emission.c:750;tests/parser/test_expression_fact_emission.c:849;tests/parser/test_expression_fact_emission.c:962;tests/parser/test_expression_fact_emission.c:1009;tests/parser/test_expression_fact_emission.c:1056;tests/parser/test_expression_fact_emission.c:1102;tests/parser/test_expression_fact_emission.c:1158;tests/parser/test_expression_fact_emission.c:1214;tests/parser/test_expression_fact_emission.c:1264;tests/parser/test_expression_fact_emission.c:1309;tests/parser/test_numeric_branch_assignment_dataflow.c:146;tests/parser/test_numeric_branch_assignment_dataflow.c:205;tests/parser/test_numeric_branch_assignment_dataflow.c:282;tests/parser/test_numeric_branch_assignment_dataflow.c:341;tests/parser/test_numeric_branch_assignment_dataflow.c:401;tests/parser/test_numeric_branch_assignment_dataflow.c:462;tests/parser/test_numeric_branch_assignment_dataflow.c:529;tests/parser/test_numeric_branch_assignment_dataflow.c:584;tests/parser/test_numeric_branch_assignment_dataflow.c:641;tests/parser/test_numeric_branch_refinement.c:141;tests/parser/test_numeric_branch_refinement.c:198;tests/parser/test_numeric_branch_refinement.c:255;tests/parser/test_numeric_branch_refinement.c:313;tests/parser/test_numeric_branch_refinement.c:371;tests/parser/test_numeric_branch_refinement.c:429;tests/parser/test_numeric_branch_refinement.c:497;tests/parser/test_numeric_branch_refinement.c:566;tests/parser/test_numeric_branch_refinement.c:637;tests/parser/test_numeric_branch_refinement.c:697;tests/parser/test_numeric_branch_refinement.c:756;tests/parser/test_numeric_branch_refinement.c:815;tests/parser/test_numeric_branch_refinement.c:875;tests/parser/test_numeric_branch_refinement.c:934;tests/parser/test_numeric_branch_refinement.c:994;tests/parser/test_numeric_branch_segment_sets.c:205;tests/parser/test_numeric_branch_segment_sets.c:259;tests/parser/test_numeric_branch_segment_sets.c:316;tests/parser/test_numeric_for_header_assignment_dataflow.c:146;tests/parser/test_numeric_foreach_cardinality_dataflow.c:164;tests/parser/test_numeric_loop_assignment_dataflow.c:188;tests/parser/test_numeric_loop_assignment_dataflow.c:242;tests/parser/test_numeric_loop_assignment_dataflow.c:299;tests/parser/test_numeric_loop_assignment_dataflow.c:357;tests/parser/test_numeric_loop_assignment_dataflow.c:408;tests/parser/test_numeric_loop_assignment_dataflow.c:463;tests/parser/test_numeric_loop_assignment_dataflow.c:530;tests/parser/test_numeric_loop_assignment_dataflow.c:577;tests/parser/test_numeric_loop_assignment_dataflow.c:628;tests/parser/test_numeric_loop_assignment_dataflow.c:678;tests/parser/test_numeric_loop_assignment_dataflow.c:729;tests/parser/test_numeric_loop_assignment_dataflow.c:780;tests/parser/test_numeric_loop_assignment_dataflow.c:831;tests/parser/test_numeric_loop_assignment_dataflow.c:882;tests/parser/test_numeric_loop_assignment_dataflow.c:933;tests/parser/test_numeric_loop_constant_condition_dataflow.c:128;tests/parser/test_numeric_loop_constant_condition_dataflow.c:178;tests/parser/test_numeric_loop_constant_condition_dataflow.c:220;tests/parser/test_numeric_loop_self_dependency_conditional_delta_bitwise_arithmetic_offset_dataflow.c:110;tests/parser/test_numeric_loop_self_dependency_conditional_delta_bitwise_offset_expression_dataflow.c:110;tests/parser/test_numeric_loop_self_dependency_conditional_delta_dataflow.c:110;tests/parser/test_numeric_loop_self_dependency_conditional_delta_negative_offset_expression_dataflow.c:112;tests/parser/test_numeric_loop_self_dependency_conditional_delta_negative_offset_product_dataflow.c:113;tests/parser/test_numeric_loop_self_dependency_conditional_delta_negative_offset_zero_inclusive_additive_dataflow.c:113;tests/parser/test_numeric_loop_self_dependency_conditional_delta_negative_offset_zero_inclusive_difference_dataflow.c:113;tests/parser/test_numeric_loop_self_dependency_conditional_delta_negative_offset_zero_inclusive_identity_dataflow.c:113;tests/parser/test_numeric_loop_self_dependency_conditional_delta_negative_offset_zero_inclusive_product_dataflow.c:113;tests/parser/test_numeric_loop_self_dependency_conditional_delta_negative_offset_zero_inclusive_subtractive_dataflow.c:113;tests/parser/test_numeric_loop_self_dependency_conditional_delta_negative_offset_zero_inclusive_sum_dataflow.c:113;tests/parser/test_numeric_loop_self_dependency_conditional_delta_negative_offset_zero_inclusive_unary_dataflow.c:113;tests/parser/test_numeric_loop_self_dependency_conditional_delta_offset_expression_dataflow.c:110;tests/parser/test_numeric_loop_self_dependency_conditional_delta_target_positive_dataflow.c:112;tests/parser/test_numeric_loop_self_dependency_conditional_delta_target_unary_dataflow.c:112;tests/parser/test_numeric_loop_self_dependency_dataflow.c:110;tests/parser/test_numeric_loop_self_dependency_dataflow.c:156;tests/parser/test_numeric_loop_self_dependency_dataflow.c:207;tests/parser/test_numeric_loop_self_dependency_dataflow.c:258;tests/parser/test_numeric_loop_self_dependency_dataflow.c:309;tests/parser/test_numeric_loop_self_dependency_dataflow.c:361;tests/parser/test_numeric_loop_self_dependency_dataflow.c:414;tests/parser/test_numeric_loop_self_dependency_dataflow.c:467;tests/parser/test_numeric_loop_self_dependency_dataflow.c:519;tests/parser/test_numeric_loop_self_dependency_dataflow.c:571;tests/parser/test_numeric_loop_self_dependency_dataflow.c:622;tests/parser/test_numeric_loop_self_dependency_dataflow.c:673;tests/parser/test_numeric_loop_self_dependency_dataflow.c:726;tests/parser/test_numeric_loop_self_dependency_symbolic_coeff_cross_deeper_scale_dataflow.c:110;tests/parser/test_numeric_loop_self_dependency_symbolic_coeff_cross_five_additional_scale_dataflow.c:110;tests/parser/test_numeric_loop_self_dependency_symbolic_coeff_cross_four_additional_scale_dataflow.c:110;tests/parser/test_numeric_loop_self_dependency_symbolic_coeff_cross_four_additional_scale_reader_dataflow.c:122;tests/parser/test_numeric_loop_self_dependency_symbolic_coeff_cross_seven_additional_scale_dataflow.c:110;tests/parser/test_numeric_loop_self_dependency_symbolic_coeff_cross_six_additional_scale_dataflow.c:110;tests/parser/test_numeric_loop_self_dependency_symbolic_coeff_cross_three_additional_scale_dataflow.c:110;tests/parser/test_numeric_loop_self_dependency_symbolic_coefficient_cross_dataflow.c:110;tests/parser/test_numeric_loop_self_dependency_symbolic_coefficient_dataflow.c:110;tests/parser/test_numeric_loop_self_dependency_symbolic_dataflow.c:110;tests/parser/test_numeric_loop_self_dependency_symbolic_product_dataflow.c:110;tests/parser/test_numeric_nested_loop_assignment_dataflow.c:149;tests/parser/test_numeric_range_inference.c:117;tests/parser/test_numeric_range_inference.c:167;tests/parser/test_numeric_range_inference.c:204;tests/parser/test_numeric_range_inference.c:249;tests/parser/test_numeric_range_inference.c:286;tests/parser/test_numeric_range_inference.c:331;tests/parser/test_numeric_range_inference.c:369;tests/parser/test_selfdep_bitwise_idempotent_wrapper_offset.c:111;tests/parser/test_selfdep_neg_zero_product_unary_same_diff.c:113;tests/parser/test_semantic_facts.c:358;tests/parser/test_type_inference.c:1116;tests/parser/test_type_inference.c:1159;zr_vm_cli/src/zr_vm_cli/repl/repl_semantic_fact_walkers.c:82;zr_vm_language_server/src/zr_vm_language_server/interface/lsp_completion_semantic_facts.c:519;zr_vm_language_server/src/zr_vm_language_server/interface/lsp_inlay_hints.c:242;zr_vm_language_server/src/zr_vm_language_server/interface/lsp_signature_semantic_facts.c:459;zr_vm_language_server/src/zr_vm_language_server/semantic/lsp_local_semantic_query.c:358;zr_vm_lib_debug/src/zr_vm_lib_debug/debug_semantic_facts.c:588;zr_vm_parser/src/zr_vm_parser/type_inference/type_inference_interval_logic.c:22	为节点语义查询提供按既有信息排序选出的单条数值事实，不合并范围或汇总其它候选的风险。	mayOverflow 只在 exactness、分段信息、signed 范围存在性及宽度、unsigned 范围存在性均相同时作为最后偏好；完全平局保留前项，返回事实不能解释为无溢出证明。; 返回当前 context 事实数组内的借用指针或 NULL；对应数组增长、Reset/Free 后不得持有，也不能将记录或其 context ID 跨快照使用。	zr_vm_parser/src/zr_vm_parser/semantic/semantic_facts.c:1045;zr_vm_parser/src/zr_vm_parser/semantic/semantic_facts.c:1055;zr_vm_parser/src/zr_vm_parser/semantic/semantic_facts.c:1060;zr_vm_parser/src/zr_vm_parser/semantic/semantic_facts.c:1019;zr_vm_parser/src/zr_vm_parser/semantic/semantic_facts.c:1042	no-comment	公共契约位于本批头部候选注释，实现避免重复同一契约；同node按比较helper选现存单条，不合并range分段；max域signed width、overflowtag可能改变选择，NULLnode拒绝。
zr_vm_parser/src/zr_vm_parser/semantic/semantic_facts.c	ZrParser_SemanticFacts_FindReachabilityAtPosition	api	tests/language_server/test_semantic_analyzer.c:2994;tests/language_server/test_semantic_analyzer.c:2996;tests/language_server/test_semantic_analyzer.c:3088;tests/language_server/test_semantic_analyzer.c:3090;tests/parser/test_cfg_constant_conditions.c:208;tests/parser/test_cfg_finally_abrupt.c:175;tests/parser/test_cfg_float_arithmetic_conditions.c:140;tests/parser/test_cfg_integer_bitwise_conditions.c:126;tests/parser/test_cfg_reachability.c:313;tests/parser/test_cfg_reachability.c:364;tests/parser/test_cfg_reachability.c:391;tests/parser/test_cfg_reachability.c:419;tests/parser/test_cfg_reachability.c:447;tests/parser/test_cfg_reachability.c:477;tests/parser/test_cfg_reachability.c:735;tests/parser/test_cfg_reachability.c:766;tests/parser/test_cfg_reachability.c:796;tests/parser/test_cfg_reachability.c:828;tests/parser/test_cfg_reachability.c:859;tests/parser/test_cfg_reachability.c:889;tests/parser/test_cfg_reachability.c:922;tests/parser/test_cfg_reachability.c:954;tests/parser/test_cfg_reachability.c:982;tests/parser/test_cfg_reachability.c:1015;tests/parser/test_cfg_reachability.c:1045;tests/parser/test_cfg_reachability.c:1078;tests/parser/test_cfg_reachability.c:1109;tests/parser/test_cfg_reachability.c:1142;tests/parser/test_cfg_reachability.c:1183;tests/parser/test_cfg_switch_constants.c:185;tests/parser/test_cfg_throw_effects.c:38;tests/parser/test_cfg_try_catch_edges.c:437;tests/parser/test_cfg_typed_catch_branch_flow.c:301;tests/parser/test_cfg_typed_catch_flow.c:431;tests/parser/test_cfg_typed_catch_loop_flow.c:343;tests/parser/test_cfg_typed_catch_switch_flow.c:378;tests/parser/test_cfg_union_exhaustiveness.c:106;tests/parser/test_expression_fact_emission.c:536;tests/parser/test_expression_fact_emission.c:1312;tests/parser/test_semantic_facts.c:389;tests/parser/test_semantic_facts.c:418;zr_vm_cli/src/zr_vm_cli/repl/repl_semantic_facts.c:371;zr_vm_language_server/src/zr_vm_language_server/semantic/lsp_local_semantic_query.c:455;zr_vm_language_server/src/zr_vm_language_server/semantic/lsp_local_semantic_query.c:463;zr_vm_language_server/src/zr_vm_language_server/semantic/lsp_local_semantic_query.c:548;zr_vm_lib_debug/src/zr_vm_lib_debug/debug_semantic_facts.c:617;zr_vm_parser/src/zr_vm_parser/semantic/semantic_query.c:907	为位置语义查询提供节点可达性和原因的已有证据。	只定位包含 position.start 的同源事实；优先直接转移之后的原因，等优先级保留前项。返回事实未按可达状态筛选，诊断 consumer 仍须检查 state。; 返回当前 context 事实数组内的借用指针或 NULL；对应数组增长、Reset/Free 后不得持有，也不能将记录或其 context ID 跨快照使用。	zr_vm_parser/src/zr_vm_parser/semantic/semantic_facts.c:1082;zr_vm_parser/src/zr_vm_parser/semantic/semantic_facts.c:1096;zr_vm_parser/src/zr_vm_parser/semantic/semantic_facts.c:1100;zr_vm_parser/src/zr_vm_parser/semantic/semantic_query.c:505;zr_vm_parser/src/zr_vm_parser/semantic/semantic_query.c:520	no-comment	公共契约位于本批头部候选注释，实现避免重复同一契约；同源闭命中只比四after-control causes优先，不看范围大小和state；完全同priority首项，不能称最近或最具体不可达范围。
zr_vm_parser/src/zr_vm_parser/semantic/semantic_facts.c	ZrParser_SemanticFacts_FindLogicalByNode	api	tests/parser/test_expression_fact_emission.c:440;tests/parser/test_expression_fact_emission.c:535;tests/parser/test_expression_fact_emission.c:1310;tests/parser/test_logical_fact_emission.c:113;tests/parser/test_logical_fact_emission.c:193;tests/parser/test_logical_fact_emission.c:234;tests/parser/test_numeric_range_inference.c:418;tests/parser/test_numeric_range_inference.c:490;tests/parser/test_semantic_facts.c:311;zr_vm_cli/src/zr_vm_cli/repl/repl_semantic_fact_walkers.c:116;zr_vm_language_server/src/zr_vm_language_server/interface/lsp_completion_semantic_facts.c:520;zr_vm_language_server/src/zr_vm_language_server/interface/lsp_inlay_hints.c:243;zr_vm_language_server/src/zr_vm_language_server/interface/lsp_signature_semantic_facts.c:460;zr_vm_language_server/src/zr_vm_language_server/semantic/lsp_local_semantic_query.c:401;zr_vm_language_server/src/zr_vm_language_server/semantic/lsp_local_semantic_query.c:414;zr_vm_language_server/src/zr_vm_language_server/semantic/lsp_local_semantic_query.c:422;zr_vm_language_server/src/zr_vm_language_server/semantic/lsp_local_semantic_query.c:430;zr_vm_language_server/src/zr_vm_language_server/semantic/lsp_local_semantic_query.c:437;zr_vm_language_server/src/zr_vm_language_server/semantic/semantic_analyzer_constant_condition.c:108;zr_vm_lib_debug/src/zr_vm_lib_debug/debug_semantic_facts.c:612;zr_vm_parser/src/zr_vm_parser/type_inference/type_inference_interval_logic.c:122;zr_vm_parser/src/zr_vm_parser/type_inference/type_inference_semantic_facts.c:647	为节点语义查询和后续推断提供已有逻辑证据。	同节点可有不同用途的逻辑事实；返回首条并不证明 hasKnownValue 或可作条件证明，consumer 须检查相应字段。; 返回当前 context 事实数组内的借用指针或 NULL；对应数组增长、Reset/Free 后不得持有，也不能将记录或其 context ID 跨快照使用。	zr_vm_parser/src/zr_vm_parser/semantic/semantic_facts.c:1107;zr_vm_parser/src/zr_vm_parser/semantic/semantic_facts.c:1117;zr_vm_parser/src/zr_vm_parser/semantic/semantic_facts.c:1120;zr_vm_parser/src/zr_vm_parser/type_inference/type_inference_semantic_facts.c:647;zr_vm_parser/src/zr_vm_parser/type_inference/type_inference_semantic_facts.c:652	no-comment	公共契约位于本批头部候选注释，实现避免重复同一契约；同非NULLnode首项，AppendLogical允许重复所以非最终重发布规则；调用方按kind/exactness使用投影。
zr_vm_parser/src/zr_vm_parser/semantic/semantic_facts.c	ZrParser_SemanticFacts_FindLogicalAtPosition	api	tests/parser/test_logical_fact_emission.c:114;tests/parser/test_logical_fact_emission.c:235;tests/parser/test_semantic_facts.c:312;zr_vm_language_server/src/zr_vm_language_server/semantic/lsp_local_semantic_query.c:407;zr_vm_parser/src/zr_vm_parser/semantic/semantic_query.c:913	为位置语义查询提供当前位置的逻辑证据。	位置仅取 position.start；双方各有非零端 offset 时按 offset 闭区间命中，否则按行列。命中须同源，跨度评分只取 offset 差。 等宽候选采用后项；返回事实不保证存在 knownValue。; 返回当前 context 事实数组内的借用指针或 NULL；对应数组增长、Reset/Free 后不得持有，也不能将记录或其 context ID 跨快照使用。	zr_vm_parser/src/zr_vm_parser/semantic/semantic_facts.c:1126	no-comment	公共契约位于本批头部候选注释，实现避免重复同一契约；闭命中按offset宽度，<=等宽后项；不把logical类别当priority，保持与Expression相同平局规则。
zr_vm_parser/src/zr_vm_parser/semantic/semantic_facts.c	ZrParser_SemanticFacts_FindOwnershipByNode	api	tests/parser/test_expression_fact_emission.c:909;tests/parser/test_ownership_intrinsic_member_separation.c:1000;tests/parser/test_ownership_intrinsic_member_separation.c:1113;tests/parser/test_ownership_intrinsic_member_separation.c:1535;zr_vm_cli/src/zr_vm_cli/repl/repl_semantic_fact_walkers.c:244;zr_vm_language_server/src/zr_vm_language_server/semantic/lsp_local_semantic_query.c:485;zr_vm_lib_debug/src/zr_vm_lib_debug/debug_evaluation_effect.c:352;zr_vm_lib_debug/src/zr_vm_lib_debug/debug_semantic_facts.c:622	为节点语义查询提供已有所有权证据。	同节点可并存迁移与错误事实；返回首条不能解释为最严重违规或完整生命周期证明。; 返回当前 context 事实数组内的借用指针或 NULL；对应数组增长、Reset/Free 后不得持有，也不能将记录或其 context ID 跨快照使用。	zr_vm_parser/src/zr_vm_parser/semantic/semantic_facts.c:1151	no-comment	公共契约位于本批头部候选注释，实现避免重复同一契约；同node首项可为MOVE/COPY/BORROW/ERROR之一，不要求violation，不聚合节点全部transition；debug和query不能用首项暗示无其它错误。
zr_vm_parser/src/zr_vm_parser/semantic/semantic_facts.c	ZrParser_SemanticFacts_FindOwnershipAtPosition	api	tests/language_server/test_ownership_diagnostics.c:329;tests/language_server/test_ownership_diagnostics.c:583;tests/language_server/test_ownership_diagnostics.c:586;tests/language_server/test_ownership_diagnostics.c:795;tests/language_server/test_ownership_diagnostics_region_cases.h:45;tests/language_server/test_ownership_diagnostics_region_cases.h:48;tests/language_server/test_ownership_diagnostics_region_cases.h:132;tests/language_server/test_ownership_diagnostics_region_cases.h:277;tests/language_server/test_ownership_diagnostics_region_cases.h:359;tests/language_server/test_ownership_diagnostics_region_cases.h:438;tests/language_server/test_ownership_diagnostics_region_cases.h:522;tests/language_server/test_ownership_diagnostics_region_cases.h:525;tests/language_server/test_ownership_diagnostics_region_cases.h:606;tests/language_server/test_ownership_diagnostics_region_cases.h:609;tests/language_server/test_ownership_diagnostics_region_cases.h:708;tests/language_server/test_ownership_diagnostics_region_cases.h:711;tests/language_server/test_semantic_analyzer.c:3383;tests/language_server/test_semantic_analyzer.c:3448;tests/language_server/test_semantic_analyzer.c:3548;tests/language_server/test_semantic_analyzer.c:3552;tests/language_server/test_semantic_analyzer.c:3641;tests/language_server/test_semantic_analyzer.c:3728;tests/language_server/test_semantic_analyzer.c:3822;tests/language_server/test_semantic_analyzer.c:3918;tests/language_server/test_semantic_analyzer.c:4005;tests/parser/test_assignment_reference_diagnostic_cases.h:74;tests/parser/test_compiler_return_ownership_diagnostics.c:147;tests/parser/test_compiler_semantic_query_diagnostics.c:1537;tests/parser/test_compiler_semantic_query_diagnostics.c:1668;tests/parser/test_semantic_facts.c:455;tests/parser/test_semantic_facts.c:462;zr_vm_language_server/src/zr_vm_language_server/interface/lsp_completion_semantic_facts.c:523;zr_vm_language_server/src/zr_vm_language_server/interface/lsp_signature_semantic_facts.c:463;zr_vm_language_server/src/zr_vm_language_server/semantic/lsp_local_semantic_query.c:493;zr_vm_parser/src/zr_vm_parser/semantic/semantic_query.c:919	为位置语义查询提供当前位置的所有权证据。	位置仅取 position.start；双方各有非零端 offset 时按 offset 闭区间命中，否则按行列。命中须同源，跨度评分只取 offset 差。 violation 仅在跨度相等时优先，其余平局保留前项；返回事实仍须按 qualifier、ID 和见证解释。; 返回当前 context 事实数组内的借用指针或 NULL；对应数组增长、Reset/Free 后不得持有，也不能将记录或其 context ID 跨快照使用。	zr_vm_parser/src/zr_vm_parser/semantic/semantic_facts.c:1170	no-comment	公共契约位于本批头部候选注释，实现避免重复同一契约；闭命中严格较小offsetwidth先，等宽violation覆盖非violation，仍平局前项；更宽violation不胜过更窄普通fact。
zr_vm_parser/src/zr_vm_parser/semantic/semantic_facts.c	ZrParser_SemanticFacts_FindOwnershipIntrinsicByNode	api	tests/parser/test_ownership_intrinsic_member_separation.c:998;tests/parser/test_ownership_intrinsic_member_separation.c:1109;tests/parser/test_ownership_intrinsic_member_separation.c:1142;zr_vm_language_server/src/zr_vm_language_server/interface/lsp_completion_semantic_facts.c:525;zr_vm_language_server/src/zr_vm_language_server/interface/lsp_signature_semantic_facts.c:466;zr_vm_parser/src/zr_vm_parser/compiler/compile_expression_ownership_intrinsic.c:43;zr_vm_parser/src/zr_vm_parser/compiler/compile_expression_ownership_intrinsic.c:52	为节点语义查询提供已有 ownership intrinsic 决策证据。	缺失事实不会由查询补造；返回记录不额外认证 operation、loanId 或 consuming。; 返回当前 context 事实数组内的借用指针或 NULL；对应数组增长、Reset/Free 后不得持有，也不能将记录或其 context ID 跨快照使用。	zr_vm_parser/src/zr_vm_parser/semantic/semantic_facts.c:1196	no-comment	公共契约位于本批头部候选注释，实现避免重复同一契约；nodeidentity首项，借用canonical operation/input/resulttype/place投影，不计算intrinsic决策。
zr_vm_parser/src/zr_vm_parser/semantic/semantic_facts.c	ZrParser_SemanticFacts_FindOwnershipIntrinsicAtPosition	api	zr_vm_language_server/src/zr_vm_language_server/semantic/lsp_local_semantic_query.c:565	为位置语义查询提供当前位置的 ownership intrinsic 决策证据。	位置仅取 position.start；双方各有非零端 offset 时按 offset 闭区间命中，否则按行列。命中须同源，跨度评分只取 offset 差。 必须命中整体 range；nameRange 可帮助定位名称，不能绕过整体范围。等宽候选保留前项。; 返回当前 context 事实数组内的借用指针或 NULL；对应数组增长、Reset/Free 后不得持有，也不能将记录或其 context ID 跨快照使用。	zr_vm_parser/src/zr_vm_parser/semantic/semantic_facts.c:1216;zr_vm_parser/src/zr_vm_parser/semantic/semantic_facts.c:1236;zr_vm_parser/src/zr_vm_parser/semantic/semantic_facts.c:1247	no-comment	公共契约位于本批头部候选注释，实现避免重复同一契约；必须先命中整体range；若nameRange也命中改用其offsetwidth评分，否则整体width。不是所有name匹配全局优先，等width前项。
zr_vm_parser/src/zr_vm_parser/semantic/semantic_facts.c	ZrParser_SemanticFacts_FindReceiverGuardByNode	api	tests/parser/test_ownership_intrinsic_member_separation.c:1195;tests/parser/test_ownership_intrinsic_member_separation.c:1244;tests/parser/test_ownership_optional_callable_cases.h:228;tests/parser/test_ownership_receiver_guard_contract_cases.h:575;tests/parser/test_ownership_receiver_guard_contract_cases.h:577;tests/parser/test_ownership_receiver_guard_contract_cases.h:611;tests/parser/test_ownership_receiver_guard_contract_cases.h:613;tests/parser/test_pre_semantic_ir_optional_value.inc:462;zr_vm_parser/src/zr_vm_parser/compiler/compile_expression_receiver_guard.c:144;zr_vm_parser/src/zr_vm_parser/compiler/compile_expression_receiver_guard.c:335;zr_vm_parser/src/zr_vm_parser/compiler/compile_expression_receiver_guard.c:383;zr_vm_parser/src/zr_vm_parser/compiler/compile_expression_receiver_guard.c:491;zr_vm_parser/src/zr_vm_parser/type_inference/dataflow_ownership_moves.c:384	为 compiler 和所有权分析提供当前 segment 的 receiver guard 证据。；弱引用 optional 调用测试按首个 member 节点取 guard，核对 WEAK_WAKE/OPTIONAL 与保留的 source CFG、参数副作用及 wake/drop/throw 路径。	按同一 AST 快照的 segment identity 使用；返回记录不证明可直接 lowering，compiler 仍须验证 receiver、链边界和模式。; 返回当前 context 事实数组内的借用指针或 NULL；对应数组增长、Reset/Free 后不得持有，也不能将记录或其 context ID 跨快照使用。；该测试在同一 compiler/AST 快照内先断言结果非空，再核对 kind/mode；取值至最后一次解引用间没有追加、Reset 或 Free，不把 getter 视为完整 lowering 验证。	zr_vm_parser/src/zr_vm_parser/semantic/semantic_facts.c:1254;tests/parser/test_pre_semantic_ir_optional_value.inc:400;tests/parser/test_pre_semantic_ir_optional_value.inc:465;tests/parser/test_pre_semantic_ir_optional_value.inc:467;tests/parser/test_pre_semantic_ir_optional_value.inc:576	no-comment	公共契约位于本批头部候选注释，实现避免重复同一契约；首条同segmentnode fact借给lowering/ownership消费，receiver/firstSegment/chain字段来自AST snapshot；不是按range或receiveridentity查找。 三个遗漏的 .inc 调用函数经独立及根代理 FULL 复核后补入，不继承原语料不存在的 FULL 状态；本 getter 的实际调用正确。
zr_vm_parser/include/zr_vm_parser/semantic_facts.h	ZR_VM_PARSER_SEMANTIC_FACTS_H	include guard	zr_vm_parser/include/zr_vm_parser/semantic.h:66	防止重复包含facts的公开记录与API	同translation unit可经semantic.h与直接include同时进入	zr_vm_parser/include/zr_vm_parser/semantic_facts.h:5;zr_vm_parser/include/zr_vm_parser/semantic_facts.h:607	no-comment	普通include guard名称、#ifndef/#define/#endif已完整表达机械意图。; 机械防重包含已由ifndef/define/endif完整表达；无需把guard误作公开数据类型。
zr_vm_parser/include/zr_vm_parser/semantic_facts.h	ZR_VM_PARSER_SEMANTIC_ID_TYPES_DECLARED	shared typedef guard	zr_vm_parser/include/zr_vm_parser/canonical_type.h:9;zr_vm_parser/include/zr_vm_parser/type_system.h:19;zr_vm_parser/include/zr_vm_parser/semantic.h:17	semantic、canonical_type 与 type_system 共享这组 ID typedef，避免同一 translation unit 重复声明。	四类 ID 仍是相同底层整数类型，C 不会静态阻止跨身份域混用。	zr_vm_parser/include/zr_vm_parser/semantic_facts.h:18;zr_vm_parser/include/zr_vm_parser/type_system.h:19;zr_vm_parser/include/zr_vm_parser/canonical_type.h:9;zr_vm_parser/include/zr_vm_parser/semantic.h:17	commented	已独立复核的调用契约；四个别名由共享guard保证同一translation unit只声明一次；type_system/canonical_type/semantic使用同一guard，C底层UInt32仍允许误混域。
zr_vm_parser/include/zr_vm_parser/semantic_facts.h	TZrTypeId	typedef	zr_vm_parser/src/zr_vm_parser/semantic/semantic_facts.c:613;zr_vm_parser/src/zr_vm_parser/semantic/semantic_facts.c:614;zr_vm_parser/src/zr_vm_parser/semantic.c:204;zr_vm_parser/src/zr_vm_parser/semantic.c:244	经当前 semantic/canonical context 登记或预留的类型身份；跨 context、Reset 或语义快照不能仅凭同一整数恢复类型。	typedef本身不绑定context；经Semantic/CanonicalType登记或reserve的TypeId按当前context解释，reset计数重启。须避免把所有携带TypeId的独立IR/测试数值硬说成已登记身份。	zr_vm_parser/include/zr_vm_parser/semantic_facts.h:21;zr_vm_parser/src/zr_vm_parser/semantic/semantic_facts.c:613;zr_vm_parser/src/zr_vm_parser/semantic.c:197;zr_vm_parser/src/zr_vm_parser/semantic/semantic_facts.c:613;zr_vm_parser/src/zr_vm_parser/semantic/semantic_facts.c:614;zr_vm_parser/src/zr_vm_parser/semantic.c:204;zr_vm_parser/src/zr_vm_parser/semantic.c:244	commented	已独立复核的调用契约；typedef本身不绑定context；经Semantic/CanonicalType登记或reserve的TypeId按当前context解释，reset计数重启。须避免把所有携带TypeId的独立IR/测试数值硬说成已登记身份。
zr_vm_parser/include/zr_vm_parser/semantic_facts.h	TZrSymbolId	typedef	zr_vm_parser/src/zr_vm_parser/type_inference/type_inference_identifier_facts.c:43;zr_vm_parser/src/zr_vm_parser/type_inference/type_inference_identifier_facts.c:52;zr_vm_parser/src/zr_vm_parser/semantic.c:205;zr_vm_parser/src/zr_vm_parser/semantic.c:251	当前语义 context 的符号身份域；C 底层整数与其它 ID 相同，实际身份须结合所属 context、快照和 reference origin。	已登记SymbolId按当前context符号表解释；identifier producer能isResolved=true而typeId仍为0，且runtime/closure fact有额外origin身份，不可仅凭整数或resolved布尔跨快照恢复实体。	zr_vm_parser/include/zr_vm_parser/semantic_facts.h:23;zr_vm_parser/src/zr_vm_parser/type_inference/type_inference_identifier_facts.c:14;zr_vm_parser/src/zr_vm_parser/semantic.c:204;zr_vm_parser/src/zr_vm_parser/type_inference/type_inference_identifier_facts.c:43;zr_vm_parser/src/zr_vm_parser/type_inference/type_inference_identifier_facts.c:52;zr_vm_parser/src/zr_vm_parser/semantic.c:205;zr_vm_parser/src/zr_vm_parser/semantic.c:251	commented	已独立复核的调用契约；已登记SymbolId按当前context符号表解释；identifier producer能isResolved=true而typeId仍为0，且runtime/closure fact有额外origin身份，不可仅凭整数或resolved布尔跨快照恢复实体。
zr_vm_parser/include/zr_vm_parser/semantic_facts.h	TZrOverloadSetId	typedef	zr_vm_parser/src/zr_vm_parser/semantic.c:206;zr_vm_parser/src/zr_vm_parser/semantic.c:258;zr_vm_parser/include/zr_vm_parser/semantic.h:233;zr_vm_parser/include/zr_vm_parser/semantic.h:235;zr_vm_parser/include/zr_vm_parser/semantic.h:331	当前context的重载集合身份；不是单一callee SymbolId。	重载集合身份对应context集合；成员为callee SymbolId，不能把OverloadSetId当作callee ID；同底层类型不提供静态保护。	zr_vm_parser/include/zr_vm_parser/semantic_facts.h:25;zr_vm_parser/src/zr_vm_parser/semantic.c:206;zr_vm_parser/src/zr_vm_parser/semantic.c:258;zr_vm_parser/include/zr_vm_parser/semantic.h:233;zr_vm_parser/include/zr_vm_parser/semantic.h:235;zr_vm_parser/include/zr_vm_parser/semantic.h:331	commented	已独立复核的调用契约；重载集合身份对应context集合；成员为callee SymbolId，不能把OverloadSetId当作callee ID；同底层类型不提供静态保护。
zr_vm_parser/include/zr_vm_parser/semantic_facts.h	TZrLifetimeRegionId	typedef	zr_vm_parser/src/zr_vm_parser/semantic.c:207;zr_vm_parser/src/zr_vm_parser/semantic.c:265;zr_vm_parser/include/zr_vm_parser/semantic_facts.h:319;zr_vm_parser/include/zr_vm_parser/semantic_facts.h:320	context 所有权分析的生命周期区域身份；0 为未分配/未知，与 SemanticIr RegionId、LoanId 和 PlaceId 分域。	所有权dataflow使用context reserve得到region ID；不是function SemanticIr RegionId，也不是LoanId/PlaceId或零起点CFG BlockId。0未知；context reset允许数值复用。	zr_vm_parser/include/zr_vm_parser/semantic_facts.h:27;zr_vm_parser/src/zr_vm_parser/type_inference/dataflow_ownership.c:553;zr_vm_parser/src/zr_vm_parser/semantic.c:261;zr_vm_parser/include/zr_vm_parser/semantic_ir.h:10;zr_vm_parser/src/zr_vm_parser/semantic.c:207;zr_vm_parser/src/zr_vm_parser/semantic.c:265;zr_vm_parser/include/zr_vm_parser/semantic_facts.h:319;zr_vm_parser/include/zr_vm_parser/semantic_facts.h:320;zr_vm_parser/src/zr_vm_parser/type_inference/dataflow_ownership.c:653;zr_vm_parser/src/zr_vm_parser/type_inference/dataflow_ownership.c:658;zr_vm_parser/include/zr_vm_parser/semantic_ir.h:10;zr_vm_parser/include/zr_vm_parser/semantic_ir.h:19;zr_vm_parser/include/zr_vm_parser/place.h:8;zr_vm_parser/include/zr_vm_parser/place.h:12	commented	已独立复核的调用契约；所有权dataflow使用context reserve得到region ID；不是function SemanticIr RegionId，也不是LoanId/PlaceId或零起点CFG BlockId。0未知；context reset允许数值复用。
zr_vm_parser/include/zr_vm_parser/semantic_facts.h	ZR_SEMANTIC_ID_INVALID	macro	zr_vm_parser/src/zr_vm_parser/semantic/semantic_facts.c:153;zr_vm_parser/src/zr_vm_parser/semantic/semantic_facts.c:159;zr_vm_parser/src/zr_vm_parser/semantic/semantic_facts.c:613;zr_vm_parser/src/zr_vm_parser/semantic/semantic_facts.c:614;zr_vm_parser/src/zr_vm_parser/semantic.c:242;zr_vm_parser/src/zr_vm_parser/semantic.c:249;zr_vm_parser/src/zr_vm_parser/semantic.c:256;zr_vm_parser/src/zr_vm_parser/semantic.c:263	本组 Type/Symbol/OverloadSet/LifetimeRegion ID 保留的 0 无效值；不能据此解释其它 ID 或零起点索引。	本宏覆盖本组四类semantic ID的0 sentinel；不能推广为所有索引/ID域都0无效：CFG block0有效、INVALID_BLOCK UINT32_MAX，argument/parameter/chain ordinal0有效。	zr_vm_parser/include/zr_vm_parser/semantic_facts.h:31;zr_vm_parser/include/zr_vm_parser/semantic_facts.h:21;zr_vm_parser/include/zr_vm_parser/cfg.h:9;zr_vm_parser/include/zr_vm_parser/semantic_facts.h:217;zr_vm_parser/src/zr_vm_parser/semantic/semantic_facts.c:153;zr_vm_parser/src/zr_vm_parser/semantic/semantic_facts.c:159;zr_vm_parser/src/zr_vm_parser/semantic/semantic_facts.c:613;zr_vm_parser/src/zr_vm_parser/semantic/semantic_facts.c:614;zr_vm_parser/src/zr_vm_parser/semantic.c:242;zr_vm_parser/src/zr_vm_parser/semantic.c:249;zr_vm_parser/src/zr_vm_parser/semantic.c:256;zr_vm_parser/src/zr_vm_parser/semantic.c:263;zr_vm_parser/include/zr_vm_parser/semantic_ir.h:10;zr_vm_parser/include/zr_vm_parser/semantic_ir.h:19	commented	已独立复核的调用契约；本宏覆盖本组四类semantic ID的0 sentinel；不能推广为所有索引/ID域都0无效：CFG block0有效、INVALID_BLOCK UINT32_MAX，argument/parameter/chain ordinal0有效。
zr_vm_parser/include/zr_vm_parser/semantic_facts.h	SZrSemanticContext forward declaration	type	zr_vm_parser/src/zr_vm_parser/semantic/semantic_facts.c:465;zr_vm_parser/src/zr_vm_parser/semantic/semantic_facts.c:470	context 的完整数组/状态定义由 semantic.h 提供，facts API 在此只借用其地址。	此处为 struct tag 的前置 typedef；布局和 state/事实数组在 semantic.h。API 借用 context 地址，未由此声明取得 context、state 或 AST 的所有权。	zr_vm_parser/include/zr_vm_parser/semantic_facts.h:36;zr_vm_parser/include/zr_vm_parser/semantic.h:296;zr_vm_parser/include/zr_vm_parser/semantic.h:296;zr_vm_parser/include/zr_vm_parser/semantic.h:355;zr_vm_parser/src/zr_vm_parser/semantic/semantic_facts.c:465;zr_vm_parser/src/zr_vm_parser/semantic/semantic_facts.c:483	commented	前置声明允许 facts API 使用 context 指针；实际 Init 读取 context->state 并初始化事实数组，完整布局由 semantic.h 提供。
zr_vm_parser/include/zr_vm_parser/semantic_facts.h	EZrSemanticFactExactness	enum	zr_vm_parser/src/zr_vm_parser/semantic/semantic_facts.c:1019;zr_vm_parser/src/zr_vm_parser/semantic/semantic_facts.c:1020	标记事实证据的精确程度，供后续查询决定是否采用投影。	该标签不证明分析成功或 TypeId 有效；数值查询在信息竞争时优先更精确的证据。	zr_vm_parser/include/zr_vm_parser/semantic_facts.h:41;zr_vm_parser/src/zr_vm_parser/semantic/semantic_facts.c:1007;zr_vm_parser/src/zr_vm_parser/type_inference/type_inference_semantic_facts.c:306;zr_vm_parser/src/zr_vm_parser/semantic/semantic_facts.c:1019;zr_vm_parser/src/zr_vm_parser/semantic/semantic_facts.c:1020	commented	已独立复核的调用契约；NumericBetter按枚举数值越大越优先；expression producer EXACT不等于所有query都允许投影。不能把exactness当分析成功或TypeId有效标志。
zr_vm_parser/include/zr_vm_parser/semantic_facts.h	EZrSemanticCallConversion	enum	zr_vm_parser/src/zr_vm_parser/type_inference/type_inference_call_argument_semantic_facts.c:163;zr_vm_parser/src/zr_vm_parser/type_inference/type_inference_call_argument_semantic_facts.c:175;zr_vm_parser/src/zr_vm_parser/type_inference/type_inference_call_semantic_facts.c:379	实参与形参的转换标签：有效 canonical TypeId 相等为 EXACT，不同为 IMPLICIT，UNKNOWN 不提供有效转换证据。	标签不独立证明兼容性已检查；producer 可根据 validateCompatibility 跳过该检查，consumer 仍须遵守自己的调用契约门槛。	zr_vm_parser/include/zr_vm_parser/semantic_facts.h:50;zr_vm_parser/src/zr_vm_parser/type_inference/type_inference_call_argument_semantic_facts.c:116;zr_vm_parser/src/zr_vm_parser/semantic/semantic_query_canonical.c:201;zr_vm_parser/src/zr_vm_parser/type_inference/type_inference_call_argument_semantic_facts.c:163;zr_vm_parser/src/zr_vm_parser/type_inference/type_inference_call_argument_semantic_facts.c:175;zr_vm_parser/src/zr_vm_parser/type_inference/type_inference_call_semantic_facts.c:379;zr_vm_parser/src/zr_vm_parser/semantic/semantic_query_canonical.c:208;zr_vm_parser/src/zr_vm_parser/semantic/semantic_query_canonical.c:256	commented	两个有效 canonical TypeId 相等时标 EXACT，不同时标 IMPLICIT；validateCompatibility 为真才先执行兼容性检查。普通 call producer 传 FALSE，故标签本身不能证明兼容。query 仍须检查映射的 ID/tag 与自身调用契约。
zr_vm_parser/include/zr_vm_parser/semantic_facts.h	EZrSemanticExpressionFactKind	enum	zr_vm_parser/src/zr_vm_parser/type_inference/type_inference_semantic_facts.c:52;zr_vm_parser/src/zr_vm_parser/type_inference/type_inference_semantic_facts.c:92	表达式投影形状tag，供展示/consumer分类，不重新解析AST。	kind 是 AST 表达式形状投影；primary/member 映射为 MEMBER，construct 可映射为 CALL 或 OWNERSHIP_BUILTIN。它不证明 canonical TypeId 或 resolved 状态。	zr_vm_parser/include/zr_vm_parser/semantic_facts.h:56;zr_vm_parser/src/zr_vm_parser/type_inference/type_inference_semantic_facts.c:47;zr_vm_parser/src/zr_vm_parser/type_inference/type_inference_semantic_facts.c:52;zr_vm_parser/src/zr_vm_parser/type_inference/type_inference_semantic_facts.c:92	no-comment	枚举项明示表达式用途；producer 按 AST 种类映射，primary 归 MEMBER 且可另有 hasCallInfo；kind 不认证类型或解析状态。无需重复枚举名。
zr_vm_parser/include/zr_vm_parser/semantic_facts.h	EZrSemanticValueKind	enum	zr_vm_parser/src/zr_vm_parser/type_inference/type_inference_semantic_facts.c:96;zr_vm_parser/src/zr_vm_parser/type_inference/type_inference_semantic_facts.c:111;zr_vm_parser/src/zr_vm_parser/type_inference/type_inference_semantic_facts.c:134;zr_vm_parser/src/zr_vm_parser/type_inference/type_inference_semantic_facts.c:149	constantValue union的有效成员tag；还须hasConstant为true。	hasConstant 控制 union 值是否存在；valueKind 按 baseType 选择成员，不凭 tag 单独读取常量。	zr_vm_parser/include/zr_vm_parser/semantic_facts.h:74;zr_vm_parser/src/zr_vm_parser/type_inference/type_inference_semantic_facts.c:96;zr_vm_parser/src/zr_vm_parser/type_inference/type_inference_semantic_facts.c:96;zr_vm_parser/src/zr_vm_parser/type_inference/type_inference_semantic_facts.c:111;zr_vm_parser/src/zr_vm_parser/type_inference/type_inference_semantic_facts.c:134;zr_vm_parser/src/zr_vm_parser/type_inference/type_inference_semantic_facts.c:149	no-comment	值类别经baseType分组为宽整数/浮点类别；hasConstant独立控制union有效性。该约束写union及Expression，不重复枚举名。
zr_vm_parser/include/zr_vm_parser/semantic_facts.h	EZrSemanticDiagnosticSeverity	enum	zr_vm_parser/src/zr_vm_parser/semantic/semantic_query.c:654;zr_vm_parser/src/zr_vm_parser/semantic/semantic_query.c:665	表达式诊断 severity；当前 query 将 DEFAULT、ERROR 及未识别值映射为 ERROR。	当前诊断 query 将 DEFAULT、ERROR 和未知枚举映射为 ERROR，将 WARNING、INFO、HINT 分别映射为对应类别；DEFAULT 不根据别的诊断类别再推导严重性。	zr_vm_parser/include/zr_vm_parser/semantic_facts.h:85;zr_vm_parser/src/zr_vm_parser/semantic/semantic_query.c:653;zr_vm_parser/src/zr_vm_parser/type_inference/type_inference_array_diagnostics.c:61;zr_vm_parser/src/zr_vm_parser/semantic/semantic_query.c:654;zr_vm_parser/src/zr_vm_parser/semantic/semantic_query.c:665	commented	严重性由诊断 query 的明确映射决定：DEFAULT 和未知枚举回退为 ERROR；枚举标签本身不表示已经按其他诊断类别推导严重性。
zr_vm_parser/include/zr_vm_parser/semantic_facts.h	EZrSemanticReferenceKind	enum	zr_vm_parser/src/zr_vm_parser/semantic/semantic_facts.c:137;zr_vm_parser/src/zr_vm_parser/semantic/semantic_facts.c:146;zr_vm_parser/src/zr_vm_parser/semantic/semantic_facts.c:153;zr_vm_parser/src/zr_vm_parser/semantic/semantic_facts.c:159;zr_vm_parser/src/zr_vm_parser/semantic/semantic_facts.c:684;zr_vm_parser/src/zr_vm_parser/semantic/semantic_facts.c:687;zr_vm_parser/src/zr_vm_parser/semantic/semantic_facts.c:720;zr_vm_parser/src/zr_vm_parser/semantic/semantic_facts.c:729	表示引用在程序中的用途，供导航、调用与数据流查询解释同一节点的不同证据。	DECLARATION/WRITE 可贡献定义，READ 可读取定义和赋值状态；该分类本身不证明身份已解析。	zr_vm_parser/include/zr_vm_parser/semantic_facts.h:96;zr_vm_parser/src/zr_vm_parser/semantic/semantic_facts.c:133;zr_vm_parser/src/zr_vm_parser/semantic/semantic_facts.c:137;zr_vm_parser/src/zr_vm_parser/semantic/semantic_facts.c:146;zr_vm_parser/src/zr_vm_parser/semantic/semantic_facts.c:153;zr_vm_parser/src/zr_vm_parser/semantic/semantic_facts.c:159;zr_vm_parser/src/zr_vm_parser/semantic/semantic_facts.c:684;zr_vm_parser/src/zr_vm_parser/semantic/semantic_facts.c:687;zr_vm_parser/src/zr_vm_parser/semantic/semantic_facts.c:720;zr_vm_parser/src/zr_vm_parser/semantic/semantic_facts.c:729	commented	已独立复核的调用契约；同node可有不同用途事实；DECLARATION/WRITE为linear definitions seed，只有READ继承；position选择WRITE/MEMBER_WRITE>CALL>MEMBER_ACCESS>READ>其他。
zr_vm_parser/include/zr_vm_parser/semantic_facts.h	EZrSemanticExternalTargetKind	enum	zr_vm_parser/src/zr_vm_parser/semantic/semantic_query_symbols.c:339;zr_vm_parser/src/zr_vm_parser/semantic/semantic_query_symbols.c:347	外部 provider 目标类别；使用时结合 hasExternalTarget、owner/token/hash 与 provider 快照，generation 为 0 不单独使事实无效。	外部类别须配合hasExternalTarget及owner/token/hash；producer和query completeness没有generation非0门槛，generation是快照匹配证据不能冒充查询必需nonzero条件。	zr_vm_parser/include/zr_vm_parser/semantic_facts.h:108;zr_vm_parser/src/zr_vm_parser/type_inference/type_inference_call_semantic_facts.c:466;zr_vm_parser/src/zr_vm_parser/semantic/semantic_query_symbols.c:336;zr_vm_parser/src/zr_vm_parser/semantic/semantic_query_symbols.c:339;zr_vm_parser/src/zr_vm_parser/semantic/semantic_query_symbols.c:347	commented	已独立复核的调用契约；外部类别须配合hasExternalTarget及owner/token/hash；producer和query completeness没有generation非0门槛，generation是快照匹配证据不能冒充查询必需nonzero条件。
zr_vm_parser/include/zr_vm_parser/semantic_facts.h	EZrSemanticDefiniteAssignmentState	enum	zr_vm_parser/src/zr_vm_parser/semantic/semantic_facts.c:312;zr_vm_parser/src/zr_vm_parser/semantic/semantic_facts.c:323;zr_vm_parser/src/zr_vm_parser/semantic/semantic_facts.c:353;zr_vm_parser/src/zr_vm_parser/semantic/semantic_facts.c:357;zr_vm_parser/src/zr_vm_parser/semantic/semantic_query.c:536;zr_vm_parser/src/zr_vm_parser/semantic/semantic_query.c:539;zr_vm_parser/src/zr_vm_parser/semantic/semantic_query.c:558;zr_vm_parser/src/zr_vm_parser/semantic/semantic_query.c:566	定义赋值状态；hasDefiniteAssignmentState 控制存在性，UNKNOWN 不等于 UNINIT。	hasDefiniteAssignmentState区分不存在和状态；UNKNOWN不等于UNINIT，READ UNINIT错误/MAYBE_INIT警告。nearest UNKNOWN不穿越更早INIT。	zr_vm_parser/include/zr_vm_parser/semantic_facts.h:119;zr_vm_parser/src/zr_vm_parser/semantic/semantic_facts.c:300;zr_vm_parser/src/zr_vm_parser/semantic/semantic_query.c:533;zr_vm_parser/src/zr_vm_parser/semantic/semantic_facts.c:312;zr_vm_parser/src/zr_vm_parser/semantic/semantic_facts.c:323;zr_vm_parser/src/zr_vm_parser/semantic/semantic_facts.c:353;zr_vm_parser/src/zr_vm_parser/semantic/semantic_facts.c:357;zr_vm_parser/src/zr_vm_parser/semantic/semantic_query.c:536;zr_vm_parser/src/zr_vm_parser/semantic/semantic_query.c:539;zr_vm_parser/src/zr_vm_parser/semantic/semantic_query.c:558;zr_vm_parser/src/zr_vm_parser/semantic/semantic_query.c:566	commented	已独立复核的调用契约；hasDefiniteAssignmentState区分不存在和状态；UNKNOWN不等于UNINIT，READ UNINIT错误/MAYBE_INIT警告。nearest UNKNOWN不穿越更早INIT。
zr_vm_parser/include/zr_vm_parser/semantic_facts.h	EZrSemanticNumericFactKind	enum	zr_vm_parser/src/zr_vm_parser/type_inference/type_inference_semantic_facts.c:413;zr_vm_parser/src/zr_vm_parser/type_inference/type_inference_semantic_facts.c:421;zr_vm_parser/src/zr_vm_parser/semantic/semantic_facts.c:1019;zr_vm_parser/src/zr_vm_parser/semantic/semantic_facts.c:1040	literal/promotion/conversion/range来源分类，与值的exactness分开。	kind 标记数值事实来源，与 exactness 分开；Numeric 选择不按 kind 排名，也不据 kind 合并事实。	zr_vm_parser/include/zr_vm_parser/semantic_facts.h:126;zr_vm_parser/src/zr_vm_parser/semantic/semantic_facts.c:1007;zr_vm_parser/src/zr_vm_parser/type_inference/type_inference_semantic_facts.c:403;zr_vm_parser/src/zr_vm_parser/type_inference/type_inference_semantic_facts.c:413;zr_vm_parser/src/zr_vm_parser/type_inference/type_inference_semantic_facts.c:421;zr_vm_parser/src/zr_vm_parser/semantic/semantic_facts.c:1019;zr_vm_parser/src/zr_vm_parser/semantic/semantic_facts.c:1040	no-comment	枚举标签表达numeric fact来源，selector不按kind排序；源/目标type、exactness/range/overflow决定证据。kind本身无需新增TODO。
zr_vm_parser/include/zr_vm_parser/semantic_facts.h	EZrSemanticReachabilityState	enum	zr_vm_parser/src/zr_vm_parser/semantic/semantic_query.c:505;zr_vm_parser/src/zr_vm_parser/semantic/semantic_query.c:520	可达性状态；unreachable才会成为对应query诊断候选。	UNKNOWN 不等于 REACHABLE；位置查询不筛 state，诊断生产仅接受 UNREACHABLE。	zr_vm_parser/include/zr_vm_parser/semantic_facts.h:134;zr_vm_parser/src/zr_vm_parser/semantic/semantic_query.c:500;zr_vm_parser/src/zr_vm_parser/semantic/semantic_facts.c:1082;zr_vm_parser/src/zr_vm_parser/semantic/semantic_query.c:505;zr_vm_parser/src/zr_vm_parser/semantic/semantic_query.c:520	no-comment	UNKNOWN/REACHABLE/UNREACHABLE名已明确；diagnostic materializer另外检查UNREACHABLE，position finder不筛该状态。无需给enum重复结构约束。
zr_vm_parser/include/zr_vm_parser/semantic_facts.h	EZrSemanticReachabilityCause	enum	zr_vm_parser/src/zr_vm_parser/semantic/semantic_facts.c:1072;zr_vm_parser/src/zr_vm_parser/semantic/semantic_facts.c:1078;zr_vm_parser/src/zr_vm_parser/semantic/semantic_facts.c:1097;zr_vm_parser/src/zr_vm_parser/semantic/semantic_facts.c:1100	记录节点为何不可达，供诊断和位置查询说明控制流证据。	AFTER_RETURN/THROW/BREAK/CONTINUE 指转移之后的不可达原因，不表示当前事实节点就是转移语句。	zr_vm_parser/include/zr_vm_parser/semantic_facts.h:143;zr_vm_parser/src/zr_vm_parser/type_inference/type_inference_semantic_facts.c:489;zr_vm_parser/src/zr_vm_parser/semantic/semantic_facts.c:1097;zr_vm_parser/src/zr_vm_parser/semantic/semantic_facts.c:1072;zr_vm_parser/src/zr_vm_parser/semantic/semantic_facts.c:1078;zr_vm_parser/src/zr_vm_parser/semantic/semantic_facts.c:1097;zr_vm_parser/src/zr_vm_parser/semantic/semantic_facts.c:1100	commented	已独立复核的调用契约；AFTER_RETURN等表示后继不可达原因，不是当前事实节点本身就是return；position优先四种AFTER_原因，不按width/state挑选。causeNode由producer借用。
zr_vm_parser/include/zr_vm_parser/semantic_facts.h	EZrSemanticLogicalFactKind	enum	zr_vm_parser/src/zr_vm_parser/type_inference/type_inference_semantic_facts.c:647;zr_vm_parser/src/zr_vm_parser/type_inference/type_inference_semantic_facts.c:652	逻辑事实用途；hasKnownValue 控制值存在性，条件证明 consumer 另筛 ALWAYS_TRUE/FALSE。	hasKnownValue控制knownValue，不同kind可同node多条。用于条件证明的consumer仅认可ALWAYS_TRUE/FALSE；SHORT_CIRCUIT已有已知值不等于可当条件证明。	zr_vm_parser/include/zr_vm_parser/semantic_facts.h:157;zr_vm_parser/src/zr_vm_parser/type_inference/type_inference_semantic_facts.c:489;zr_vm_parser/src/zr_vm_parser/type_inference/type_inference_semantic_facts.c:647;zr_vm_parser/src/zr_vm_parser/type_inference/type_inference_semantic_facts.c:652	commented	已独立复核的调用契约；hasKnownValue控制knownValue，不同kind可同node多条。用于条件证明的consumer仅认可ALWAYS_TRUE/FALSE；SHORT_CIRCUIT已有已知值不等于可当条件证明。
zr_vm_parser/include/zr_vm_parser/semantic_facts.h	EZrSemanticOwnershipFactKind	enum	zr_vm_parser/src/zr_vm_parser/type_inference/type_inference_semantic_facts.c:739;zr_vm_parser/src/zr_vm_parser/type_inference/type_inference_semantic_facts.c:752;zr_vm_parser/src/zr_vm_parser/type_inference/type_inference_semantic_facts.c:773;zr_vm_parser/src/zr_vm_parser/type_inference/type_inference_semantic_facts.c:779	ownership declaration/transition/error类别，必须结合qualifier/isViolation解释。	kind 须结合 qualifier、isViolation 和身份字段解释；builtin LOAN 投影为 MOVE，SHARE/DEGRADE/UNIQUE 可投影为 COPY，不能逐字推断完整操作。	zr_vm_parser/include/zr_vm_parser/semantic_facts.h:166;zr_vm_parser/src/zr_vm_parser/type_inference/type_inference_semantic_facts.c:737;zr_vm_parser/src/zr_vm_parser/semantic/semantic_query_ownership_diagnostics.c:7;zr_vm_parser/src/zr_vm_parser/type_inference/type_inference_semantic_facts.c:739;zr_vm_parser/src/zr_vm_parser/type_inference/type_inference_semantic_facts.c:752;zr_vm_parser/src/zr_vm_parser/type_inference/type_inference_semantic_facts.c:773;zr_vm_parser/src/zr_vm_parser/type_inference/type_inference_semantic_facts.c:779	no-comment	类别需与qualifier/isViolation组合解释；borrow/loan builtin语义映射可能MOVE或COPY，不得逐字从kind名推断完整操作。此说明放ownership结构。
zr_vm_parser/include/zr_vm_parser/semantic_facts.h	EZrReceiverGuardKind	enum	zr_vm_parser/src/zr_vm_parser/type_inference/type_inference_receiver_guard.c:85;zr_vm_parser/src/zr_vm_parser/type_inference/type_inference_receiver_guard.c:86;zr_vm_parser/src/zr_vm_parser/type_inference/type_inference_receiver_guard.c:101	null检查或weak wake的运行时guard种类。	NULL 枚举值 0 是合法 null guard；WEAK_WAKE 用于 weak receiver，非未知/失效 sentinel。	zr_vm_parser/include/zr_vm_parser/semantic_facts.h:343;zr_vm_parser/src/zr_vm_parser/type_inference/type_inference_receiver_guard.c:46;zr_vm_parser/src/zr_vm_parser/compiler/compile_expression_receiver_guard.c:57;zr_vm_parser/src/zr_vm_parser/type_inference/type_inference_receiver_guard.c:85;zr_vm_parser/src/zr_vm_parser/type_inference/type_inference_receiver_guard.c:86;zr_vm_parser/src/zr_vm_parser/type_inference/type_inference_receiver_guard.c:101	no-comment	NULL枚举值0是合法null guard，不是未知/invalid sentinel；weak优先guard_kind已有producer和compiler验证，名称足够。
zr_vm_parser/include/zr_vm_parser/semantic_facts.h	EZrReceiverGuardMode	enum	zr_vm_parser/src/zr_vm_parser/type_inference/type_inference_receiver_guard.c:102;zr_vm_parser/src/zr_vm_parser/type_inference/type_inference_receiver_guard.c:105	直接访问或optional访问的guard执行模式。	DIRECT 枚举值 0 是合法直接模式；OPTIONAL 控制跳过访问链与结果 lift，不能将零初始化解释为 UNKNOWN。	zr_vm_parser/include/zr_vm_parser/semantic_facts.h:348;zr_vm_parser/src/zr_vm_parser/type_inference/type_inference_receiver_guard.c:68;zr_vm_parser/src/zr_vm_parser/compiler/compile_expression_receiver_guard.c:195;zr_vm_parser/src/zr_vm_parser/type_inference/type_inference_receiver_guard.c:102;zr_vm_parser/src/zr_vm_parser/type_inference/type_inference_receiver_guard.c:105	no-comment	DIRECT=0是合法直接guard模式；OPTIONAL控制跳过及lift。名称与结构约束足够；不加UNKNOWN或失效承诺。
zr_vm_parser/include/zr_vm_parser/semantic_facts.h	EZrReceiverGuardResultLift	enum	zr_vm_parser/src/zr_vm_parser/type_inference/type_inference_receiver_guard.c:104;zr_vm_parser/src/zr_vm_parser/type_inference/type_inference_receiver_guard.c:105;zr_vm_parser/src/zr_vm_parser/type_inference/type_inference_receiver_guard.c:150;zr_vm_parser/src/zr_vm_parser/type_inference/type_inference_receiver_guard.c:154	表示 receiver guard 跳过访问链时提供何种结果，供 compiler 生成 optional 访问的指令。	DIRECT 使用 UNCHANGED；optional 结果可为 NULLABLE，最终为 NULL/void 时使用 VOID_NOOP。	zr_vm_parser/include/zr_vm_parser/semantic_facts.h:356;zr_vm_parser/src/zr_vm_parser/type_inference/type_inference_receiver_guard.c:95;zr_vm_parser/src/zr_vm_parser/type_inference/type_inference_receiver_guard.c:104;zr_vm_parser/src/zr_vm_parser/type_inference/type_inference_receiver_guard.c:105;zr_vm_parser/src/zr_vm_parser/type_inference/type_inference_receiver_guard.c:150;zr_vm_parser/src/zr_vm_parser/type_inference/type_inference_receiver_guard.c:154	commented	已独立复核的调用契约；optional初始NULLABLE，最终result NULL baseType改VOID_NOOP；DIRECT保持UNCHANGED。零初始化是合法UNCHANGED而非UNKNOWN。
zr_vm_parser/include/zr_vm_parser/semantic_facts.h	SZrSemanticConstantValue	union	zr_vm_parser/src/zr_vm_parser/type_inference/type_inference_semantic_facts.c:136;zr_vm_cli/src/zr_vm_cli/repl/repl_semantic_facts.c:238	承载表达式事实中可供常量展示和语义查询读取的值。	仅在 hasConstant 为真时按 valueKind 读取相应成员；stringValue 借用 AST 的 GC 字符串，Append 不重建它。	zr_vm_parser/include/zr_vm_parser/semantic_facts.h:179;zr_vm_parser/src/zr_vm_parser/type_inference/type_inference_semantic_facts.c:123;zr_vm_parser/src/zr_vm_parser/semantic/semantic_facts.c:602	commented	已独立复核的调用契约；literal string仅借用AST的stringValue，AppendExpression不克隆union字符串；其他union成员以valueKind+hasConstant选择。hasConstant false不能读取未赋值union当常量。
zr_vm_parser/include/zr_vm_parser/semantic_facts.h	SZrSemanticExpressionFact	struct	zr_vm_parser/src/zr_vm_parser/semantic/semantic_facts.c:611;zr_vm_parser/src/zr_vm_parser/semantic/semantic_facts.c:635	保存节点最近发布的表达式证据，供后续语义查询复用类型、常量、调用、成员与诊断信息。	Append 独立复制类型原生容器并重建可选展示文本；类型名、AST、source 与常量字符串仍借用当前快照。hasCallInfo/hasMemberInfo/hasConstant 分别控制相应载荷。	zr_vm_parser/include/zr_vm_parser/semantic_facts.h:190;zr_vm_parser/src/zr_vm_parser/type_inference/type_inference_semantic_facts.c:215;zr_vm_parser/src/zr_vm_parser/type_inference/type_inference_array_diagnostics.c:61;zr_vm_parser/src/zr_vm_parser/semantic/semantic_facts.c:602;zr_vm_parser/src/zr_vm_parser/type_system.c:389;zr_vm_parser/src/zr_vm_parser/semantic/semantic_facts.c:611;zr_vm_parser/src/zr_vm_parser/semantic/semantic_facts.c:635	commented	已独立复核的调用契约；并非所有type内容独立：native element/segment容器深复制，但typeName借用；四个optional字符串clone可返回NULL而Append仍true。同node覆盖可使旧类型载荷指针失效。
zr_vm_parser/include/zr_vm_parser/semantic_facts.h	SZrSemanticCallArgumentFact	struct	zr_vm_parser/src/zr_vm_parser/type_inference/type_inference_call_argument_semantic_facts.c:209;zr_vm_parser/src/zr_vm_parser/type_inference/type_inference_call_argument_semantic_facts.c:210;zr_vm_parser/src/zr_vm_parser/type_inference/type_inference_call_argument_semantic_facts.c:224;zr_vm_parser/src/zr_vm_parser/type_inference/type_inference_call_argument_semantic_facts.c:251;zr_vm_parser/src/zr_vm_parser/semantic/semantic_facts.c:258;zr_vm_parser/src/zr_vm_parser/semantic/semantic_facts.c:265	实参到形参的映射；argumentIndex/parameterIndex 为零起点序号，TypeId 属于当前 canonical context，range.source 借用；映射可缺省。	argumentIndex/parameterIndex是零起点ordinal不是semantic ID；range借用source，TypeId需同context canonical类型解释；spread当前允许空映射成功，不能承诺每次调用都有每实参一行。	zr_vm_parser/include/zr_vm_parser/semantic_facts.h:216;zr_vm_parser/src/zr_vm_parser/type_inference/type_inference_call_argument_semantic_facts.c:181;zr_vm_parser/src/zr_vm_parser/semantic/semantic_query_canonical.c:201;zr_vm_parser/src/zr_vm_parser/type_inference/type_inference_call_argument_semantic_facts.c:209;zr_vm_parser/src/zr_vm_parser/type_inference/type_inference_call_argument_semantic_facts.c:210;zr_vm_parser/src/zr_vm_parser/type_inference/type_inference_call_argument_semantic_facts.c:224;zr_vm_parser/src/zr_vm_parser/type_inference/type_inference_call_argument_semantic_facts.c:251;zr_vm_parser/src/zr_vm_parser/semantic/semantic_facts.c:258;zr_vm_parser/src/zr_vm_parser/semantic/semantic_facts.c:265;zr_vm_parser/src/zr_vm_parser/semantic/semantic_query_canonical.c:208;zr_vm_parser/src/zr_vm_parser/semantic/semantic_query_canonical.c:256	commented	argumentIndex/parameterIndex 为零起点 ordinal，TypeId 按同一 canonical context 解释，argumentRange.source 借用。spread producer 在初始化映射数组前返回 TRUE；canonical query 对未初始化/空映射也直接接受，故映射缺省不证明逐实参转换或兼容性。存在映射时才校验数量、序号、类型、passing mode、conversion 一致性与源范围。
zr_vm_parser/include/zr_vm_parser/semantic_facts.h	SZrSemanticReferenceFact	struct	zr_vm_parser/src/zr_vm_parser/type_inference/type_inference_identifier_facts.c:36;zr_vm_parser/src/zr_vm_parser/type_inference/type_inference_identifier_facts.c:60;zr_vm_parser/src/zr_vm_parser/semantic/semantic_facts.c:646;zr_vm_parser/src/zr_vm_parser/semantic/semantic_facts.c:659	保存引用的身份、定义、调用映射、赋值状态与外部目标证据，供导航和后续语义分析共用。	isResolved 不代替各 consumer 的 ID 和完整性门槛；context ID 不能跨快照凭数值恢复，provider token 与 origin token/index 又是不同身份域。嵌套原生数组由 context 管理，name、AST 和 source 借用当前快照。	zr_vm_parser/include/zr_vm_parser/semantic_facts.h:230;zr_vm_parser/src/zr_vm_parser/type_inference/type_inference_identifier_facts.c:14;zr_vm_parser/src/zr_vm_parser/semantic/semantic_facts.c:638;zr_vm_lib_debug/src/zr_vm_lib_debug/debug_formal_evaluation_execute.c:64;zr_vm_parser/src/zr_vm_parser/type_inference/type_inference_identifier_facts.c:36;zr_vm_parser/src/zr_vm_parser/type_inference/type_inference_identifier_facts.c:60;zr_vm_parser/src/zr_vm_parser/semantic/semantic_facts.c:646;zr_vm_parser/src/zr_vm_parser/semantic/semantic_facts.c:659	commented	已独立复核的调用契约；isResolved只表示producer判定，不能保证symbol/type/place/外部证据齐全。两个native数组复制；name和sources借用；signatureDisplay/externalOwnerIdentity cloneNULL仍可成功。origin token/index与provider tokens均不是SymbolId。
zr_vm_parser/include/zr_vm_parser/semantic_facts.h	SZrSemanticReferenceFact::definition projections	contract block	zr_vm_parser/src/zr_vm_parser/semantic/semantic_facts.c:171;zr_vm_parser/src/zr_vm_parser/semantic/semantic_facts.c:176;zr_vm_parser/src/zr_vm_parser/semantic/semantic_facts.c:677;zr_vm_parser/src/zr_vm_parser/semantic/semantic_facts.c:687	hasDefinitionRange 控制单一定义投影；definitionRanges 保存 CFG 的多个候选范围并由 context 管理原生容器，range.source 仍借用。	scalar definitionRange以hasDefinitionRange控制；definitionRanges为CFG多个候选原生range数组，source仍借用。linear清多定义数组但无前项时不全清scalar。	zr_vm_parser/include/zr_vm_parser/semantic_facts.h:234;zr_vm_parser/src/zr_vm_parser/semantic/semantic_facts.c:151;zr_vm_parser/src/zr_vm_parser/type_inference/semantic_reaching_definitions.c:750;zr_vm_parser/src/zr_vm_parser/semantic/semantic_facts.c:171;zr_vm_parser/src/zr_vm_parser/semantic/semantic_facts.c:176;zr_vm_parser/src/zr_vm_parser/semantic/semantic_facts.c:677;zr_vm_parser/src/zr_vm_parser/semantic/semantic_facts.c:687	commented	已独立复核的调用契约；scalar definitionRange以hasDefinitionRange控制；definitionRanges为CFG多个候选原生range数组，source仍借用。linear清多定义数组但无前项时不全清scalar。
zr_vm_parser/include/zr_vm_parser/semantic_facts.h	SZrSemanticReferenceFact::assignment state	contract block	zr_vm_parser/src/zr_vm_parser/semantic/semantic_query.c:535;zr_vm_parser/src/zr_vm_parser/semantic/semantic_query.c:539;zr_vm_parser/src/zr_vm_parser/semantic/semantic_facts.c:720;zr_vm_parser/src/zr_vm_parser/semantic/semantic_facts.c:729	hasDefiniteAssignmentState 控制状态存在性；UNKNOWN 不是 UNINIT，查询仅对有状态的 READ 投影相应诊断。	存在性由hasDefiniteAssignmentState控制，isResolved并不替代该flag；query只READ且flag真时报告UNINIT/MAYBE_INIT。	zr_vm_parser/include/zr_vm_parser/semantic_facts.h:257;zr_vm_parser/src/zr_vm_parser/semantic/semantic_facts.c:300;zr_vm_parser/src/zr_vm_parser/semantic/semantic_query.c:533;zr_vm_parser/src/zr_vm_parser/semantic/semantic_query.c:535;zr_vm_parser/src/zr_vm_parser/semantic/semantic_query.c:539;zr_vm_parser/src/zr_vm_parser/semantic/semantic_facts.c:720;zr_vm_parser/src/zr_vm_parser/semantic/semantic_facts.c:729	commented	已独立复核的调用契约；存在性由hasDefiniteAssignmentState控制，isResolved并不替代该flag；query只READ且flag真时报告UNINIT/MAYBE_INIT。
zr_vm_parser/include/zr_vm_parser/semantic_facts.h	SZrSemanticReferenceFact::external identity generation	contract block	zr_vm_parser/src/zr_vm_parser/semantic/semantic_query_symbols.c:339;zr_vm_parser/src/zr_vm_parser/semantic/semantic_query_symbols.c:347;zr_vm_parser/src/zr_vm_parser/semantic/semantic_facts.c:648;zr_vm_parser/src/zr_vm_parser/semantic/semantic_facts.c:649	provider 发布的 owner、generation、metadata/signature token 与 hash；这些域不同于 semantic ID，generation 0 不单独阻止外部目标投影。	provider generation64不同于TypeId/context代号；metadataToken/signatureToken32及signatureHash64由provider发布，不是ordinal/semantic ID；owner文本clone。generation0允许发布和complete query。	zr_vm_parser/include/zr_vm_parser/semantic_facts.h:249;zr_vm_parser/src/zr_vm_parser/type_inference/type_inference_call_semantic_facts.c:466;zr_vm_parser/src/zr_vm_parser/semantic/semantic_query_symbols.c:336;zr_vm_parser/src/zr_vm_parser/semantic/semantic_query_symbols.c:339;zr_vm_parser/src/zr_vm_parser/semantic/semantic_query_symbols.c:347;zr_vm_parser/src/zr_vm_parser/semantic/semantic_facts.c:648;zr_vm_parser/src/zr_vm_parser/semantic/semantic_facts.c:649	commented	已独立复核的调用契约；provider generation64不同于TypeId/context代号；metadataToken/signatureToken32及signatureHash64由provider发布，不是ordinal/semantic ID；owner文本clone。generation0允许发布和complete query。
zr_vm_parser/include/zr_vm_parser/semantic_facts.h	SZrSemanticNumericFact	struct	zr_vm_parser/src/zr_vm_parser/type_inference/type_inference_semantic_facts.c:419;zr_vm_parser/src/zr_vm_parser/type_inference/type_inference_semantic_facts.c:479;zr_vm_parser/src/zr_vm_parser/semantic/semantic_facts.c:745;zr_vm_parser/src/zr_vm_parser/semantic/semantic_facts.c:756;zr_vm_parser/src/zr_vm_parser/semantic/semantic_facts.c:1019;zr_vm_parser/src/zr_vm_parser/semantic/semantic_facts.c:1040	保存数值表达式的范围和风险证据，供语义查询、范围展示及溢出诊断使用。	hasRange 配合数值类型决定 signed/double 边界，hasUnsignedRange 控制 unsigned 投影。分段原生载荷由 context 管理，AST/source 借用；mayOverflow 是风险证据，不能当作分析流程失败。	zr_vm_parser/include/zr_vm_parser/semantic_facts.h:269;zr_vm_parser/src/zr_vm_parser/type_inference/type_inference_semantic_facts.c:328;zr_vm_cli/src/zr_vm_cli/repl/repl_semantic_facts.c:7;zr_vm_parser/src/zr_vm_parser/semantic/semantic_facts.c:1007;zr_vm_parser/src/zr_vm_parser/type_inference/type_inference_semantic_facts.c:419;zr_vm_parser/src/zr_vm_parser/type_inference/type_inference_semantic_facts.c:479;zr_vm_parser/src/zr_vm_parser/semantic/semantic_facts.c:745;zr_vm_parser/src/zr_vm_parser/semantic/semantic_facts.c:756;zr_vm_parser/src/zr_vm_parser/semantic/semantic_facts.c:1019;zr_vm_parser/src/zr_vm_parser/semantic/semantic_facts.c:1040	commented	已独立复核的调用契约；需说清hasRange与source/target数值类决定signed/double边界；hasUnsignedRange独立，分段count2后进入native extra。mayOverflow是风险证据，selector平局最后优先TRUE。
zr_vm_parser/include/zr_vm_parser/semantic_facts.h	SZrSemanticReachabilityFact	struct	zr_vm_parser/src/zr_vm_parser/semantic/semantic_facts.c:781;zr_vm_parser/src/zr_vm_parser/semantic/semantic_facts.c:783;zr_vm_parser/src/zr_vm_parser/semantic/semantic_query.c:505;zr_vm_parser/src/zr_vm_parser/semantic/semantic_query.c:520	节点可达性及cause节点投影；均不拥有AST/source。	node和causeNode均AST借用，range的source借用，不存在causeRange独立字段；diagnostic consumer按state=UNREACHABLE筛选，position无该筛选。	zr_vm_parser/include/zr_vm_parser/semantic_facts.h:291;zr_vm_parser/src/zr_vm_parser/type_inference/type_inference_semantic_facts.c:489;zr_vm_parser/src/zr_vm_parser/semantic/semantic_query.c:500;zr_vm_parser/src/zr_vm_parser/semantic/semantic_facts.c:781;zr_vm_parser/src/zr_vm_parser/semantic/semantic_facts.c:783;zr_vm_parser/src/zr_vm_parser/semantic/semantic_query.c:505;zr_vm_parser/src/zr_vm_parser/semantic/semantic_query.c:520	commented	已独立复核的调用契约；node和causeNode均AST借用，range的source借用，不存在causeRange独立字段；diagnostic consumer按state=UNREACHABLE筛选，position无该筛选。
zr_vm_parser/include/zr_vm_parser/semantic_facts.h	SZrSemanticLogicalFact	struct	zr_vm_parser/src/zr_vm_parser/semantic/semantic_facts.c:794;zr_vm_parser/src/zr_vm_parser/semantic/semantic_facts.c:796;zr_vm_parser/src/zr_vm_parser/type_inference/type_inference_semantic_facts.c:647;zr_vm_parser/src/zr_vm_parser/type_inference/type_inference_semantic_facts.c:652	保存条件和短路表达式的已知逻辑证据，供后续推断和语义查询解释节点。	hasKnownValue 控制值存在性；relatedNode 是借用的相关 AST 见证，不固定表示左条件。能否用作条件证明仍由 consumer 按 kind 判断。	zr_vm_parser/include/zr_vm_parser/semantic_facts.h:302;zr_vm_parser/src/zr_vm_parser/type_inference/type_inference_semantic_facts.c:489;zr_vm_parser/src/zr_vm_parser/semantic/semantic_facts.c:794;zr_vm_parser/src/zr_vm_parser/semantic/semantic_facts.c:796;zr_vm_parser/src/zr_vm_parser/type_inference/type_inference_semantic_facts.c:647;zr_vm_parser/src/zr_vm_parser/type_inference/type_inference_semantic_facts.c:652	commented	已独立复核的调用契约；knownValue由hasKnownValue控制；relatedNode可为右侧/operand/跳过分支而非固定左条件，不能虚构operator或RHS evaluated字段。
zr_vm_parser/include/zr_vm_parser/semantic_facts.h	SZrSemanticOwnershipFact	struct	zr_vm_parser/src/zr_vm_parser/semantic/semantic_facts.c:807;zr_vm_parser/src/zr_vm_parser/semantic/semantic_facts.c:814;zr_vm_cli/src/zr_vm_cli/repl/repl_semantic_facts.c:151;zr_vm_cli/src/zr_vm_cli/repl/repl_semantic_facts.c:152	所有权 transition/violation 与 region/cause 投影；diagnosticMessage 可供 debug/REPL 展示。	Append 重建可选消息，但当前原生事实未为内部 VM 长串副本建立根；其生命周期限制见共享事实说明。	zr_vm_parser/include/zr_vm_parser/semantic_facts.h:315;zr_vm_parser/src/zr_vm_parser/compiler/compiler_reference_escape_statements.c:128;zr_vm_parser/src/zr_vm_parser/type_inference/dataflow_ownership_observations.c:116;zr_vm_parser/src/zr_vm_parser/semantic/semantic_query_ownership_diagnostics.c:7;zr_vm_lib_debug/src/zr_vm_lib_debug/debug_semantic_facts.c:387;zr_vm_cli/src/zr_vm_cli/repl/repl_semantic_facts.c:143;zr_vm_parser/src/zr_vm_parser/semantic/semantic_facts.c:807;zr_vm_parser/src/zr_vm_parser/semantic/semantic_facts.c:814;zr_vm_cli/src/zr_vm_cli/repl/repl_semantic_facts.c:151;zr_vm_cli/src/zr_vm_cli/repl/repl_semantic_facts.c:152	commented	已独立复核的调用契约；消息可选的纠正成立；region必须明确LifetimeRegion域，symbol非所有producer都填。builtin/escape合法事实ID可0；classified query对此有具体gate，不是通用fact有效性。
zr_vm_parser/include/zr_vm_parser/semantic_facts.h	SZrOwnershipIntrinsicFact	struct	zr_vm_parser/src/zr_vm_parser/semantic/semantic_facts.c:827;zr_vm_parser/src/zr_vm_parser/semantic/semantic_facts.c:830;zr_vm_parser/src/zr_vm_parser/type_inference/type_inference_ownership_intrinsic.c:121;zr_vm_parser/src/zr_vm_parser/type_inference/type_inference_ownership_intrinsic.c:127	intrinsic 决策与 input/result 类型投影；Append 复制类型原生容器，类型名、AST 和 source 借用。placeId 与 loanId 分域，当前 producer 的 loanId 为 0。	input/result native载荷复制但typeName借用；PlaceId与LoanId分域，当前intrinsic producer loanId=0；consuming是操作判定非通用所有权状态；AST/range借用。	zr_vm_parser/include/zr_vm_parser/semantic_facts.h:329;zr_vm_parser/src/zr_vm_parser/type_inference/type_inference_ownership_intrinsic.c:52;zr_vm_parser/include/zr_vm_parser/place.h:8;zr_vm_parser/include/zr_vm_parser/semantic_ir.h:10;zr_vm_parser/src/zr_vm_parser/semantic/semantic_facts.c:827;zr_vm_parser/src/zr_vm_parser/semantic/semantic_facts.c:830;zr_vm_parser/src/zr_vm_parser/type_inference/type_inference_ownership_intrinsic.c:121;zr_vm_parser/src/zr_vm_parser/type_inference/type_inference_ownership_intrinsic.c:127	commented	已独立复核的调用契约；input/result native载荷复制但typeName借用；PlaceId与LoanId分域，当前intrinsic producer loanId=0；consuming是操作判定非通用所有权状态；AST/range借用。
zr_vm_parser/include/zr_vm_parser/semantic_facts.h	SZrReceiverGuardFact	struct	zr_vm_parser/src/zr_vm_parser/type_inference/type_inference_receiver_guard.c:96;zr_vm_parser/src/zr_vm_parser/type_inference/type_inference_receiver_guard.c:109;zr_vm_parser/src/zr_vm_parser/semantic/semantic_facts.c:843;zr_vm_parser/src/zr_vm_parser/semantic/semantic_facts.c:846	保存 receiver 访问链的 guard 决策，供 compiler 在同一 AST 快照中解释检查和跳过访问的结果。	chainSegmentStart/End 是零起点半开区间 [start,end)，node 为 firstSegment；两种类型的原生容器独立，类型名、receiver 和 source 仍借用。	zr_vm_parser/include/zr_vm_parser/semantic_facts.h:365;zr_vm_parser/src/zr_vm_parser/type_inference/type_inference_receiver_guard.c:31;zr_vm_parser/src/zr_vm_parser/compiler/compile_expression_receiver_guard.c:57;zr_vm_parser/src/zr_vm_parser/type_inference/type_inference_receiver_guard.c:96;zr_vm_parser/src/zr_vm_parser/type_inference/type_inference_receiver_guard.c:109;zr_vm_parser/src/zr_vm_parser/semantic/semantic_facts.c:843;zr_vm_parser/src/zr_vm_parser/semantic/semantic_facts.c:846	commented	已独立复核的调用契约；必须给chainSegmentStart/End零起点半开[start,end)，firstSegment=node且receiver为前节点/primary.property；两种type native载荷独立但typeName借用。
zr_vm_parser/include/zr_vm_parser/semantic_facts.h	SZrSemanticDiagnosticFact	struct	zr_vm_parser/src/zr_vm_parser/semantic/semantic_facts.c:533;zr_vm_parser/src/zr_vm_parser/semantic/semantic_facts.c:537;zr_vm_parser/src/zr_vm_parser/semantic/semantic_facts.c:593;zr_vm_parser/src/zr_vm_parser/semantic/semantic_facts.c:598;zr_vm_parser/src/zr_vm_parser/diagnostics/diagnostic_copy.c:17;zr_vm_parser/src/zr_vm_parser/diagnostics/diagnostic_copy.c:98	保存生产阶段的结构化诊断，供后续语义查询继续使用完整诊断证据。	Append 为 context 建立独立原生诊断载荷，Reset 负责释放；node 和诊断范围的 source 仍借用，VM 文本由 GC 管理。	zr_vm_parser/include/zr_vm_parser/semantic_facts.h:382;zr_vm_parser/src/zr_vm_parser/semantic/semantic_facts.c:486;zr_vm_parser/src/zr_vm_parser/diagnostics/diagnostic_copy.c:7;zr_vm_parser/src/zr_vm_parser/semantic/semantic_facts.c:533;zr_vm_parser/src/zr_vm_parser/semantic/semantic_facts.c:537;zr_vm_parser/src/zr_vm_parser/semantic/semantic_facts.c:593;zr_vm_parser/src/zr_vm_parser/semantic/semantic_facts.c:598;zr_vm_parser/src/zr_vm_parser/diagnostics/diagnostic_copy.c:17;zr_vm_parser/src/zr_vm_parser/diagnostics/diagnostic_copy.c:98	commented	已独立复核的调用契约；StructuredDiagnostic Copy重建VM文本及独立native related/fix数组；Reset逐条Free native内容而不单独释放GC字符串，node/source继续借用。
zr_vm_parser/include/zr_vm_parser/semantic.h	semantic context fact arrays and provider generation	state block	zr_vm_parser/src/zr_vm_parser/semantic.c:98;zr_vm_parser/src/zr_vm_parser/semantic.c:237;zr_vm_parser/src/zr_vm_parser/compiler.c:715	承载一次语义分析快照的身份、canonical 图与查询事实。	state/AST/普通字符串及 source 由外部 owner 保持有效。context 拥有原生顶层缓冲及推断类型、重载成员、canonical 定义、引用映射和诊断等嵌套存储；原生所有权不登记 GC root。Reset 结束身份并清宿主配置和缓存。BUG: 可见候选的独立长 URI 克隆未 root。 该缺根风险的静态证据限定为默认 incremental、无补充 host trace、同线程 FullGC 成功进入 STW 并完成相关标记与回收阶段；与本批 URI/ownership 消息 BUG 记录共用证据，尚无动态复现。	zr_vm_parser/include/zr_vm_parser/semantic.h:296;zr_vm_parser/src/zr_vm_parser/semantic.c:197;zr_vm_parser/src/zr_vm_parser/semantic/semantic_facts.c:465;zr_vm_parser/include/zr_vm_parser/semantic.h:296;zr_vm_parser/include/zr_vm_parser/semantic.h:355;zr_vm_parser/src/zr_vm_parser/semantic.c:197;zr_vm_parser/src/zr_vm_parser/semantic.c:237;zr_vm_parser/src/zr_vm_parser/semantic.c:596;zr_vm_parser/src/zr_vm_parser/semantic.c:602;zr_vm_parser/src/zr_vm_parser/semantic/semantic_facts.c:486;zr_vm_parser/src/zr_vm_parser/semantic/semantic_facts.c:539;zr_vm_core/src/zr_vm_core/string.c:725;zr_vm_core/src/zr_vm_core/string.c:763;zr_vm_core/include/zr_vm_core/raw_object.h:53;zr_vm_core/include/zr_vm_core/raw_object.h:87;zr_vm_core/src/zr_vm_core/gc/gc.c:438;zr_vm_core/src/zr_vm_core/gc/gc.c:466;zr_vm_core/src/zr_vm_core/gc/gc_cycle.c:3090;zr_vm_core/src/zr_vm_core/gc/gc_cycle.c:3256;zr_vm_core/src/zr_vm_core/gc/gc_mark.c:1303;zr_vm_core/src/zr_vm_core/gc/gc_mark.c:1426;zr_vm_core/src/zr_vm_core/gc/gc_sweep.c:16;zr_vm_core/src/zr_vm_core/gc/gc_sweep.c:40;zr_vm_cli/src/zr_vm_cli/repl/repl_semantic_facts.c:90;zr_vm_cli/src/zr_vm_cli/repl/repl_semantic_facts.c:96;zr_vm_cli/src/zr_vm_cli/repl/repl_semantic_facts.c:143;zr_vm_cli/src/zr_vm_cli/repl/repl_semantic_facts.c:160	BUG	state/provider callback 为外部借用；facts 生命周期负责九个原生数组与指定嵌套载荷。SemanticContext_Reset 清 provider generation 和 ID 计数，Facts_Reset 不清这些身份状态；query 诊断缓存由 context 的 query reset 管理。内部 VM clone 缺根与 ownership 消息的已证静态 GC 族相同；URI 发布没有登记副本根，未声称该 URI 已动态复现。
zr_vm_parser/include/zr_vm_parser/semantic_facts.h	ZrParser_SemanticFacts_ResolveControlFlowReachingDefinitions	api declaration	tests/parser/test_compiler_semantic_query_diagnostics.c:770;tests/parser/test_compiler_semantic_query_diagnostics.c:855;tests/parser/test_compiler_semantic_query_diagnostics.c:938;tests/parser/test_semantic_facts.c:917;tests/parser/test_semantic_facts.c:1082;zr_vm_language_server/src/zr_vm_language_server/semantic/lsp_semantic_definition_query.c:75;zr_vm_parser/src/zr_vm_parser/compiler/compiler_semantic_query_diagnostics.c:108	为后续定义导航提供控制流路径上的引用定义证据。	借用稳定 context/reference facts 与 root AST；当前根覆盖限定于 script/function declaration 和 block 路径，不承诺覆盖所有可调用体。已写入结果不因后续失败回滚。; TRUE 表示本次解析流程成功；FALSE 表示输入或显式分析失败，不保证捕获全部分配失败。	zr_vm_parser/include/zr_vm_parser/semantic_facts.h:436;zr_vm_parser/src/zr_vm_parser/type_inference/semantic_reaching_definitions.c:750;zr_vm_parser/src/zr_vm_parser/type_inference/semantic_reaching_definitions.c:866;zr_vm_parser/src/zr_vm_parser/type_inference/semantic_reaching_definitions.c:929	commented	已独立复核的调用契约；当前仅script/function declaration递归block调度，不能“各CFG”暗示所有AST可调用成员。root/refs/context同步借用；每成功CFG应用readslots，后续失败不回滚；所有临时slots/cfg/result/maps清理。
zr_vm_parser/include/zr_vm_parser/semantic_facts.h	ZrParser_SemanticFacts_ResolveControlFlowDefiniteAssignments	api declaration	tests/parser/test_semantic_facts.c:643;tests/parser/test_semantic_facts.c:732;tests/parser/test_semantic_facts.c:818;tests/parser/test_semantic_facts.c:907;zr_vm_language_server/src/zr_vm_language_server/semantic/semantic_analyzer_query_diagnostics.c:163;zr_vm_parser/src/zr_vm_parser/compiler/compiler_semantic_query_diagnostics.c:104	为后续未初始化读取诊断提供控制流路径上的赋值状态证据。	借用同一快照的 context/reference facts 与 root AST；当前根覆盖限定于 script/function declaration 和 block 路径，不承诺覆盖所有可调用体。已写入状态不因后续失败回滚。; TRUE 表示分析流程成功，可仍含语义违规；FALSE 表示输入或显式分析失败。	zr_vm_parser/include/zr_vm_parser/semantic_facts.h:449;zr_vm_parser/src/zr_vm_parser/type_inference/semantic_definite_assignment.c:610;zr_vm_parser/src/zr_vm_parser/type_inference/semantic_definite_assignment.c:735;zr_vm_parser/src/zr_vm_parser/type_inference/semantic_definite_assignment.c:800	commented	已独立复核的调用契约；true是流程成功，不保证无UNINIT；遍历同样script/function declaration/block，成员覆盖不能凭API名保证。前向solver临时数组、CFG及result释放，早前应用状态保留。
zr_vm_parser/include/zr_vm_parser/semantic_facts.h	ZrParser_SemanticFacts_ResolveControlFlowOwnership	api declaration	zr_vm_language_server/src/zr_vm_language_server/semantic/semantic_analyzer_query_diagnostics.c:165;zr_vm_parser/src/zr_vm_parser/compiler/compiler_semantic_query_diagnostics.c:112	为 compiler 与语义查询提供控制流中的所有权迁移和违规证据。	调用期间 reference facts 的索引、身份及 root AST 须稳定；临时分析载荷由本次调用管理，区域绑定和已发布事实在失败后可能保留。; TRUE 表示分析及发布流程成功，可仍含语义违规；FALSE 表示输入或分析未完成。	zr_vm_parser/include/zr_vm_parser/semantic_facts.h:456;zr_vm_parser/src/zr_vm_parser/type_inference/dataflow_ownership.c:666;zr_vm_parser/src/zr_vm_parser/type_inference/dataflow_ownership.c:781;zr_vm_parser/src/zr_vm_parser/type_inference/dataflow_ownership.c:852	commented	已独立复核的调用契约；实际dispatch覆盖script/函数/类与struct成员/accessor/block；reference索引须稳定。区域绑定与partial observations可能保留，temporary map/pool/observations由driver释放；true可含违规。
zr_vm_parser/include/zr_vm_parser/semantic_facts.h	ZrParser_SemanticFacts_Init	api declaration	zr_vm_parser/src/zr_vm_parser/semantic.c:98	初始化新 context 的事实与关系子系统，供生产阶段发布可由后续查询复用的证据。	要求有效 state 且 context 尚未持有待释放的旧事实载荷；本 API 不负责 context 本体，void 返回不报告初始化或分配结果。	zr_vm_parser/include/zr_vm_parser/semantic_facts.h:397;zr_vm_parser/src/zr_vm_parser/semantic/semantic_facts.c:465	commented	已独立复核的调用契约；九array与relations初始化；传NULLcontext/state静默no-op，void不承诺OOM结果；应传尚无旧native内容的context，不负责context本体。
zr_vm_parser/include/zr_vm_parser/semantic_facts.h	ZrParser_SemanticFacts_Reset	api declaration	tests/parser/test_semantic_query_public_contract_cases.h:435;zr_vm_parser/src/zr_vm_parser/semantic.c:237;zr_vm_parser/src/zr_vm_parser/semantic/semantic_facts.c:547	结束当前事实批次的使用，使 context 的事实容器可以接收下一批生产结果。	释放事实持有的原生载荷并使旧事实与关系借用失效；保留可复用缓冲。此 Reset 不重置全 context 的注册实体、ID 计数或 provider generation。	zr_vm_parser/include/zr_vm_parser/semantic_facts.h:401;zr_vm_parser/src/zr_vm_parser/semantic/semantic_facts.c:486;zr_vm_parser/src/zr_vm_parser/semantic.c:197	commented	已独立复核的调用契约；payload free后九array lengths清0+relationsReset且buffer可复用；应明确Facts_Reset不清全context type/symbol ID注册计数或externalProviderGeneration。
zr_vm_parser/include/zr_vm_parser/semantic_facts.h	ZrParser_SemanticFacts_Free	api declaration	zr_vm_parser/src/zr_vm_parser/semantic.c:183	结束 context 事实子系统的使用并释放其持有的原生载荷。	不释放 context 本体；正常由 SemanticContext_Free 完成整体销毁。调用后不得继续使用事实或 relations 的借用指针。	zr_vm_parser/include/zr_vm_parser/semantic_facts.h:405;zr_vm_parser/src/zr_vm_parser/semantic/semantic_facts.c:542;zr_vm_parser/src/zr_vm_parser/semantic.c:133	commented	已独立复核的调用契约；Facts_Free只释放facts与relations容器，不free context本体；正常SemanticContext_New堆分配本体，SemanticContext_Free最后RawFree该本体。独立临时浅拷贝context不能调用该完整Free。
zr_vm_parser/include/zr_vm_parser/semantic_facts.h	ZrParser_SemanticFacts_AppendExpression	api declaration	tests/parser/test_canonical_consumers.c:514;tests/parser/test_canonical_consumers.c:552;tests/parser/test_ownership_receiver_guard_contract_cases.h:134;tests/parser/test_semantic_facts.c:184;tests/parser/test_semantic_facts.c:230;tests/parser/test_semantic_facts.c:231;tests/parser/test_semantic_query.c:67;tests/parser/test_semantic_query.c:158;tests/parser/test_semantic_query.c:280;tests/parser/test_semantic_query_call_expression_refinement_cases.h:48;tests/parser/test_semantic_query_call_expression_refinement_cases.h:51;tests/parser/test_semantic_query_call_selection_cases.h:47;tests/parser/test_semantic_query_call_selection_cases.h:135;tests/parser/test_semantic_query_call_selection_cases.h:211;tests/parser/test_semantic_query_call_selection_cases.h:227;tests/parser/test_semantic_query_call_selection_cases.h:309;tests/parser/test_semantic_query_call_selection_cases.h:405;tests/parser/test_semantic_query_call_source_identity_cases.h:61;tests/parser/test_semantic_query_calls.c:377;tests/parser/test_semantic_query_contract.c:78;zr_vm_parser/src/zr_vm_parser/type_inference/type_inference_array_diagnostics.c:97;zr_vm_parser/src/zr_vm_parser/type_inference/type_inference_call_semantic_facts.c:1019;zr_vm_parser/src/zr_vm_parser/type_inference/type_inference_semantic_facts.c:324;zr_vm_parser/src/zr_vm_parser/type_inference/type_inference_super_constructor_semantic_facts.c:155	发布节点的表达式证据，使后续语义查询复用生产阶段的类型、常量与展示信息。	非空同节点代表最近发布的投影；已有 TypeId 须由生产方保持与 context 同代。context 管理类型原生载荷；可选展示文本以 state 重建但未因此取得 context GC 根。类型名、AST/source 与常量字符串仍借用；同节点替换使旧类型载荷失效。; FALSE 仅报告输入或事实数组有效性检查失败；类型 Copy 无失败返回，可选文本重建为 NULL 也可成功，不保证报告全部分配失败。	zr_vm_parser/include/zr_vm_parser/semantic_facts.h:411;zr_vm_parser/src/zr_vm_parser/semantic/semantic_facts.c:602;zr_vm_parser/src/zr_vm_parser/type_system.c:389	commented	已独立复核的调用契约；复制type调用void；四optional clone未检查失败。false只有context/fact/array有效性显式检查；typeId无效时派生，cloneNULL也可true；node非NULL覆盖并释放旧type。
zr_vm_parser/include/zr_vm_parser/semantic_facts.h	ZrParser_SemanticFacts_AppendDiagnostic	api declaration	tests/language_server/test_lsp_semantic_query_diagnostic_replacement_cases.h:80;tests/language_server/test_lsp_semantic_query_diagnostic_replacement_cases.h:204;tests/language_server/test_lsp_semantic_query_diagnostic_replacement_cases.h:307;tests/parser/test_semantic_query_contract.c:95;tests/parser/test_semantic_query_contract.c:99;tests/parser/test_semantic_query_diagnostics.c:66;tests/parser/test_semantic_query_diagnostics.c:95;tests/parser/test_semantic_query_public_contract_cases.h:424;zr_vm_parser/src/zr_vm_parser/compiler/compiler_class_ownership.c:72;zr_vm_parser/src/zr_vm_parser/compiler/compiler_generic_semantics.c:692;zr_vm_parser/src/zr_vm_parser/compiler/compiler_semantic_query_diagnostics.c:60;zr_vm_parser/src/zr_vm_parser/compiler/compiler_semantic_query_diagnostics.c:82;zr_vm_parser/src/zr_vm_parser/semantic/const_assignment.c:598;zr_vm_parser/src/zr_vm_parser/semantic/interface_contract.c:297	发布可供后续语义查询使用的完整结构化诊断。	需要有效 code/message 及修复或不可修复理由；相同位置/code/message 的既有诊断可复用，不合并其余载荷。context 持有独立原生副本，AST/source 仍借用。; TRUE 包括已有同一诊断的情形；FALSE 报告校验或显式复制失败，不保证报告底层 Push 分配失败。	zr_vm_parser/include/zr_vm_parser/semantic_facts.h:417;zr_vm_parser/src/zr_vm_parser/semantic/semantic_facts.c:560;zr_vm_parser/src/zr_vm_parser/semantic/semantic_facts.c:28;zr_vm_parser/src/zr_vm_parser/diagnostics/diagnostic_copy.c:7;zr_vm_parser/src/zr_vm_parser/semantic/semantic_facts.c:566;zr_vm_parser/src/zr_vm_parser/semantic/semantic_facts.c:599	commented	code/message 必须非空；至少提供有效非空 fixes 或已指定 noFixReason，两者不是互斥条件。去重仅比较 location/code/message，不合并 severity/fixes；显式 StructuredDiagnostic_Copy 失败返回 FALSE，Push 无失败返回。
zr_vm_parser/include/zr_vm_parser/semantic_facts.h	ZrParser_SemanticFacts_AppendReference	api declaration	tests/parser/test_canonical_consumers.c:561;tests/parser/test_compiler_const_assignment_query_producer.c:127;tests/parser/test_compiler_const_assignment_query_producer.c:203;tests/parser/test_semantic_display.c:201;tests/parser/test_semantic_display_unresolved_cases.h:51;tests/parser/test_semantic_display_unresolved_cases.h:56;tests/parser/test_semantic_display_unresolved_cases.h:65;tests/parser/test_semantic_display_unresolved_cases.h:67;tests/parser/test_semantic_display_unresolved_cases.h:70;tests/parser/test_semantic_display_unresolved_cases.h:73;tests/parser/test_semantic_facts.c:121;tests/parser/test_semantic_facts.c:142;tests/parser/test_semantic_query.c:85;tests/parser/test_semantic_query.c:106;tests/parser/test_semantic_query.c:348;tests/parser/test_semantic_query.c:410;tests/parser/test_semantic_query.c:420;tests/parser/test_semantic_query_call_caller_identity_cases.h:65;tests/parser/test_semantic_query_call_edge_refinement_cases.h:48;tests/parser/test_semantic_query_call_edge_refinement_cases.h:55;tests/parser/test_semantic_query_call_edge_refinement_cases.h:72;tests/parser/test_semantic_query_call_edge_refinement_cases.h:76;tests/parser/test_semantic_query_call_edge_refinement_cases.h:144;tests/parser/test_semantic_query_call_edge_refinement_cases.h:236;tests/parser/test_semantic_query_call_edge_refinement_cases.h:240;tests/parser/test_semantic_query_call_expression_refinement_cases.h:64;tests/parser/test_semantic_query_call_selection_cases.h:56;tests/parser/test_semantic_query_call_selection_cases.h:64;tests/parser/test_semantic_query_call_selection_cases.h:146;tests/parser/test_semantic_query_call_selection_cases.h:152;tests/parser/test_semantic_query_call_selection_cases.h:222;tests/parser/test_semantic_query_call_selection_cases.h:320;tests/parser/test_semantic_query_call_selection_cases.h:327;tests/parser/test_semantic_query_call_selection_cases.h:347;tests/parser/test_semantic_query_call_selection_cases.h:412;tests/parser/test_semantic_query_call_source_identity_cases.h:77;tests/parser/test_semantic_query_call_unresolved_reason_cases.h:49;tests/parser/test_semantic_query_call_unresolved_reason_cases.h:129;tests/parser/test_semantic_query_calls.c:226;tests/parser/test_semantic_query_calls.c:311;tests/parser/test_semantic_query_calls.c:314;tests/parser/test_semantic_query_calls.c:386;tests/parser/test_semantic_query_calls.c:456;tests/parser/test_semantic_query_diagnostics.c:398;tests/parser/test_semantic_query_diagnostics.c:406;tests/parser/test_semantic_query_diagnostics.c:447;tests/parser/test_semantic_query_diagnostics.c:453;tests/parser/test_semantic_query_diagnostics.c:476;tests/parser/test_semantic_query_diagnostics.c:484;tests/parser/test_semantic_query_diagnostics.c:512;tests/parser/test_semantic_query_relations.c:787;tests/parser/test_semantic_query_relations.c:796;tests/parser/test_semantic_query_relations.c:805;tests/parser/test_semantic_query_symbols.c:202;tests/parser/test_semantic_query_symbols.c:1996;zr_vm_language_server/src/zr_vm_language_server/semantic/semantic_analyzer_support.c:109;zr_vm_parser/src/zr_vm_parser/compiler/compiler_callable_binding_refinement.c:49;zr_vm_parser/src/zr_vm_parser/semantic/semantic_type_use.c:186;zr_vm_parser/src/zr_vm_parser/type_environment_bindings.c:74;zr_vm_parser/src/zr_vm_parser/type_inference/type_inference_call_semantic_facts.c:381;zr_vm_parser/src/zr_vm_parser/type_inference/type_inference_call_semantic_facts.c:526;zr_vm_parser/src/zr_vm_parser/type_inference/type_inference_call_semantic_facts.c:649;zr_vm_parser/src/zr_vm_parser/type_inference/type_inference_call_semantic_facts.c:724;zr_vm_parser/src/zr_vm_parser/type_inference/type_inference_call_semantic_facts.c:770;zr_vm_parser/src/zr_vm_parser/type_inference/type_inference_call_semantic_facts.c:838;zr_vm_parser/src/zr_vm_parser/type_inference/type_inference_call_semantic_facts.c:1053;zr_vm_parser/src/zr_vm_parser/type_inference/type_inference_identifier_facts.c:60;zr_vm_parser/src/zr_vm_parser/type_inference/type_inference_member_facts.c:114;zr_vm_parser/src/zr_vm_parser/type_inference/type_inference_super_constructor_semantic_facts.c:187;zr_vm_parser/src/zr_vm_parser/type_system.c:1713	发布引用身份及相关定义、调用和外部目标证据，供导航与后续语义分析共用。	context 持有独立嵌套原生容器，生产方返回后可释放输入容器；name、AST/source 借用。context ID 的同代性由生产方保证，本 API 不重映射；可选 signature/owner 文本重建失败并不自动拒绝事实。; FALSE 报告输入或容器复制 helper 的显式失败；这些失败分支清理未发布的原生副本，不保证检测所有分配失败。	zr_vm_parser/include/zr_vm_parser/semantic_facts.h:424;zr_vm_parser/src/zr_vm_parser/semantic/semantic_facts.c:638;zr_vm_parser/src/zr_vm_parser/semantic/semantic_facts.c:195	commented	已独立复核的调用契约；native nested copies失败分支清理两array；signature/owner cloneNULL不被false拒绝，不能泛写复制失败会false；name/source借用，typed IDs原值复制未重映射。
zr_vm_parser/include/zr_vm_parser/semantic_facts.h	ZrParser_SemanticFacts_ResolveLinearReachingDefinitions	api declaration	tests/parser/test_compiler_semantic_query_diagnostics.c:755;tests/parser/test_compiler_semantic_query_diagnostics.c:840;tests/parser/test_compiler_semantic_query_diagnostics.c:923;tests/parser/test_reference_fact_emission.c:208;tests/parser/test_semantic_facts.c:1067;tests/parser/test_semantic_query.c:464;tests/parser/test_semantic_query_relations.c:806;zr_vm_language_server/src/zr_vm_language_server/semantic/lsp_semantic_definition_query.c:71;zr_vm_parser/src/zr_vm_parser/compiler/compiler_semantic_query_diagnostics.c:100	在不建立控制流模型的事实批次中提供按发布顺序解释的定义导航证据。	仅 READ 使用同 symbol 的已有 resolved 声明/写入证据；结果不代表分支或循环上的路径合并，也不保证清除未获得新证据的既有单一定义投影。; TRUE 表示该线性解析完成；FALSE 表示输入有效性检查失败。	zr_vm_parser/include/zr_vm_parser/semantic_facts.h:430;zr_vm_parser/src/zr_vm_parser/semantic/semantic_facts.c:663;zr_vm_parser/src/zr_vm_parser/semantic/semantic_facts.c:151	commented	已独立复核的调用契约；线性顺序同Symbol resolved DECL/WRITE给READ贡献定义，不建立CFG。先释放多定义容器，不承诺无前项READ的既有scalar definition全清。
zr_vm_parser/include/zr_vm_parser/semantic_facts.h	ZrParser_SemanticFacts_ResolveLinearDefiniteAssignments	api declaration	tests/parser/test_semantic_facts.c:545;tests/parser/test_semantic_query.c:961;zr_vm_language_server/src/zr_vm_language_server/semantic/semantic_analyzer_query_diagnostics.c:168;zr_vm_parser/src/zr_vm_parser/compiler/compiler_semantic_query_diagnostics.c:97	在按发布顺序解释的事实批次中提供读取的赋值状态证据。	不表示控制流路径合并；最近相关定义状态未知时，不能用更早已赋值状态补作证据。; TRUE 表示线性解析完成，可仍含未初始化读取；FALSE 不表示语义违规本身。	zr_vm_parser/include/zr_vm_parser/semantic_facts.h:443;zr_vm_parser/src/zr_vm_parser/semantic/semantic_facts.c:695;zr_vm_parser/src/zr_vm_parser/semantic/semantic_facts.c:300	commented	已独立复核的调用契约；WRITE INIT、READ nearest同symbol state；nearest UNKNOWN不跨越旧INIT，未知flagfalse。返回false为输入/实现显式失败而非未初始化diagnostic。
zr_vm_parser/include/zr_vm_parser/semantic_facts.h	ZrParser_SemanticFacts_AppendNumeric	api declaration	tests/parser/test_semantic_facts.c:355;tests/parser/test_semantic_facts.c:356;tests/parser/test_semantic_query.c:137;tests/parser/test_semantic_query.c:210;zr_vm_parser/src/zr_vm_parser/type_inference/type_inference_semantic_facts.c:482	发布数值范围及风险证据，供后续查询、展示和诊断读取。	输入分段的 count、inline/extra 形状及边界须一致；context 管理独立原生分段载荷，AST/source 借用。; FALSE 报告输入或分段复制的显式失败；不保证检测分配失败，也不能据此推定畸形源的部分 extra 载荷已清理。	zr_vm_parser/include/zr_vm_parser/semantic_facts.h:463;zr_vm_parser/src/zr_vm_parser/semantic/semantic_facts.c:737;zr_vm_parser/src/zr_vm_parser/type_system_numeric_segments.c:46;zr_vm_parser/src/zr_vm_parser/type_inference/type_inference_semantic_facts.c:403	commented	已独立复核的调用契约；要求源分段形状一致且min<=max；copy helper显式失败false，底层array无OOM检查。late malformed segment可留下copyextra却API未free，未证实合法producer触发，不能给全失败clean保证或新增BUG。
zr_vm_parser/include/zr_vm_parser/semantic_facts.h	ZrParser_SemanticNumericFact_RangeSegmentAt	api declaration	tests/language_server/test_lsp_numeric_branch_assignment_semantic_query.c:204;tests/language_server/test_lsp_numeric_branch_assignment_semantic_query.c:235;tests/language_server/test_lsp_numeric_branch_semantic_query.c:218;tests/parser/test_numeric_branch_assignment_dataflow.c:226;tests/parser/test_numeric_branch_assignment_dataflow.c:230;tests/parser/test_numeric_branch_segment_sets.c:153;zr_vm_language_server/src/zr_vm_language_server/semantic/lsp_numeric_range_text.c:65	为数值证据的消费者提供指定范围段的只读视图。	index 为零起点段序号；返回指针借用输入 fact 的存储，与 context 中是否登记该 fact 无关。; 空 fact、越界或缺少相应 extra 载荷时返回 NULL。	zr_vm_parser/include/zr_vm_parser/semantic_facts.h:469;zr_vm_parser/src/zr_vm_parser/semantic/semantic_facts.c:760;zr_vm_parser/src/zr_vm_parser/type_system_numeric_segments.c:78	commented	已独立复核的调用契约；index是零起点段ordinal；count内inline及extraAt，返回输入fact借用，不要求context；null/越界/不完整extra可NULL。
zr_vm_parser/include/zr_vm_parser/semantic_facts.h	ZrParser_SemanticFacts_AppendReachability	api declaration	tests/parser/test_semantic_facts.c:386;tests/parser/test_semantic_facts.c:387;tests/parser/test_semantic_facts.c:415;tests/parser/test_semantic_facts.c:416;tests/parser/test_semantic_facts.c:481;tests/parser/test_semantic_query.c:122;tests/parser/test_semantic_query.c:216;zr_vm_language_server/src/zr_vm_language_server/semantic/semantic_analyzer_reachability.c:41;zr_vm_language_server/src/zr_vm_language_server/semantic/semantic_analyzer_typecheck.c:54;zr_vm_language_server/src/zr_vm_language_server/semantic/semantic_analyzer_union_patterns.c:615;zr_vm_parser/src/zr_vm_parser/type_inference/cfg.c:918;zr_vm_parser/src/zr_vm_parser/type_inference/type_inference_semantic_facts.c:530;zr_vm_parser/src/zr_vm_parser/type_inference/type_inference_semantic_facts.c:711	发布节点可达性及原因证据，供后续诊断和位置查询使用。	node、causeNode 与 source 借用当前 AST/语义快照，context 不接管它们。; FALSE 表示输入或事实数组有效性检查失败，不保证检测底层数组分配失败。	zr_vm_parser/include/zr_vm_parser/semantic_facts.h:476;zr_vm_parser/src/zr_vm_parser/semantic/semantic_facts.c:773	commented	已独立复核的调用契约；仅value copy，不存在复制helper失败；false来自context/fact/array有效性检查，Push未查OOM；node/cause/source借用。
zr_vm_parser/include/zr_vm_parser/semantic_facts.h	ZrParser_SemanticFacts_AppendLogical	api declaration	tests/parser/test_semantic_facts.c:310;tests/parser/test_semantic_query.c:223;zr_vm_language_server/src/zr_vm_language_server/semantic/semantic_analyzer_reachability.c:22;zr_vm_language_server/src/zr_vm_language_server/semantic/semantic_analyzer_typecheck.c:119;zr_vm_parser/src/zr_vm_parser/type_inference/type_inference_interval_logic.c:142;zr_vm_parser/src/zr_vm_parser/type_inference/type_inference_semantic_facts.c:520;zr_vm_parser/src/zr_vm_parser/type_inference/type_inference_semantic_facts.c:556;zr_vm_parser/src/zr_vm_parser/type_inference/type_inference_semantic_facts.c:592;zr_vm_parser/src/zr_vm_parser/type_inference/type_inference_semantic_facts.c:624;zr_vm_parser/src/zr_vm_parser/type_inference/type_inference_semantic_facts.c:702	发布逻辑分类和可选已知值证据，供后续推断与语义查询复用。	AST、relatedNode 和 source 借用当前快照；knownValue 的使用须遵守 hasKnownValue 及 consumer 的分类门槛。; FALSE 表示输入或事实数组有效性检查失败，不保证检测底层数组分配失败。	zr_vm_parser/include/zr_vm_parser/semantic_facts.h:482;zr_vm_parser/src/zr_vm_parser/semantic/semantic_facts.c:786;zr_vm_parser/src/zr_vm_parser/semantic/semantic_facts.c:790	commented	已独立复核的调用契约；同为value copy；false只有输入/array检查而非复制失败；known flag/related AST全部原值复制，Push void。
zr_vm_parser/include/zr_vm_parser/semantic_facts.h	ZrParser_SemanticFacts_AppendOwnership	api declaration	tests/parser/test_semantic_facts.c:451;tests/parser/test_semantic_facts.c:453;tests/parser/test_semantic_facts.c:460;tests/parser/test_semantic_query.c:229;tests/parser/test_semantic_query.c:291;zr_vm_parser/src/zr_vm_parser/compiler/compiler_reference_escape_statements.c:203;zr_vm_parser/src/zr_vm_parser/type_inference/dataflow_ownership_observations.c:135;zr_vm_parser/src/zr_vm_parser/type_inference/dataflow_ownership_observations.c:234;zr_vm_parser/src/zr_vm_parser/type_inference/dataflow_ownership_symbols.c:174;zr_vm_parser/src/zr_vm_parser/type_inference/type_inference_call_diagnostics.c:277;zr_vm_parser/src/zr_vm_parser/type_inference/type_inference_ownership_intrinsic.c:136;zr_vm_parser/src/zr_vm_parser/type_inference/type_inference_semantic_facts.c:780	发布所有权 transition/violation 投影，借用 AST/source/relatedNode，并以当前 state 重建可选消息。	非空消息创建失败时拒绝发布；创建成功不意味着内部消息已取得 GC 根。消息由 debug/REPL 实际读取，内部 clone 缺根限制见共享事实生命周期说明。	zr_vm_parser/include/zr_vm_parser/semantic_facts.h:487;zr_vm_parser/src/zr_vm_parser/semantic/semantic_facts.c:799;zr_vm_parser/src/zr_vm_parser/compiler/compiler_reference_escape_statements.c:191;zr_vm_lib_debug/src/zr_vm_lib_debug/debug_semantic_facts.c:387;zr_vm_cli/src/zr_vm_cli/repl/repl_semantic_facts.c:143	commented	已独立复核的调用契约；唯一optional消息cloneNULL显式拒绝的事实append；非NULLsource且cloneNULLfalse，NULLmessage合法，debug/REPL fallback/classified query可消费。
zr_vm_parser/include/zr_vm_parser/semantic_facts.h	ZrParser_SemanticFacts_AppendOwnershipIntrinsic	api declaration	zr_vm_parser/src/zr_vm_parser/type_inference/type_inference_ownership_intrinsic.c:127	发布 ownership intrinsic 的决策和类型证据，供同一快照的后续消费者使用。	context 管理 input/result 类型的独立原生容器；类型名、node/argument 及各 range.source 仍借用。; FALSE 表示输入或事实数组有效性检查失败；类型 Copy 无失败返回，不保证检测分配失败。	zr_vm_parser/include/zr_vm_parser/semantic_facts.h:493;zr_vm_parser/src/zr_vm_parser/semantic/semantic_facts.c:818;zr_vm_parser/src/zr_vm_parser/semantic/semantic_facts.c:823;zr_vm_parser/src/zr_vm_parser/type_inference/type_inference_ownership_intrinsic.c:104	commented	已独立复核的调用契约；两InferredType_Copy均void，不检测类型复制失败；false来自输入/array检查，Push无OOM检查；原producer的类型scratch可Free而typeName仍借用。
zr_vm_parser/include/zr_vm_parser/semantic_facts.h	ZrParser_SemanticFacts_AppendReceiverGuard	api declaration	tests/parser/test_ownership_receiver_guard_contract_cases.h:188;tests/parser/test_ownership_receiver_guard_contract_cases.h:285;tests/parser/test_ownership_receiver_guard_contract_cases.h:602;zr_vm_parser/src/zr_vm_parser/type_inference/type_inference_receiver_guard.c:112	发布 receiver guard 的访问链证据，供 compiler 在当前 AST 快照中解释 guard。	context 管理类型的独立原生容器；类型名、receiver/firstSegment/node/source 以及链序号仍绑定当前快照。; FALSE 表示输入或事实数组有效性检查失败；类型 Copy 无失败返回，不保证检测分配失败。	zr_vm_parser/include/zr_vm_parser/semantic_facts.h:500;zr_vm_parser/src/zr_vm_parser/semantic/semantic_facts.c:834;zr_vm_parser/src/zr_vm_parser/semantic/semantic_facts.c:839;zr_vm_parser/src/zr_vm_parser/type_inference/type_inference_receiver_guard.c:95	commented	已独立复核的调用契约；两类型copyvoid；false同输入有效性，typeName非独立VM复制；ordinal和AST快照借用，无重新登记ID。
zr_vm_parser/include/zr_vm_parser/semantic_facts.h	ZrParser_SemanticFacts_FindExpressionByNode	api declaration	tests/language_server/test_lsp_completion_snapshot_fact_cases.h:82;tests/language_server/test_lsp_local_semantic_scope_cases.h:191;tests/language_server/test_lsp_local_semantic_scope_cases.h:196;tests/language_server/test_lsp_local_semantic_scope_cases.h:206;tests/language_server/test_lsp_local_semantic_scope_cases.h:239;tests/language_server/test_lsp_local_semantic_scope_cases.h:242;tests/language_server/test_lsp_native_construct_receiver_fact_cases.h:60;tests/language_server/test_lsp_native_construct_receiver_fact_cases.h:117;tests/language_server/test_lsp_native_construct_receiver_fact_cases.h:220;tests/language_server/test_lsp_native_construct_receiver_fact_cases.h:300;tests/language_server/test_lsp_native_construct_receiver_fact_cases.h:399;tests/language_server/test_semantic_analyzer_exact_type_cases.h:75;tests/language_server/test_semantic_analyzer_exact_type_cases.h:78;tests/parser/test_cast_operand_facts.c:62;tests/parser/test_expression_fact_emission.c:137;tests/parser/test_expression_fact_emission.c:184;tests/parser/test_expression_fact_emission.c:228;tests/parser/test_expression_fact_emission.c:313;tests/parser/test_expression_fact_emission.c:351;tests/parser/test_expression_fact_emission.c:397;tests/parser/test_expression_fact_emission.c:439;tests/parser/test_expression_fact_emission.c:498;tests/parser/test_expression_fact_emission.c:678;tests/parser/test_expression_fact_emission.c:679;tests/parser/test_expression_fact_emission.c:681;tests/parser/test_expression_fact_emission.c:785;tests/parser/test_expression_fact_emission.c:847;tests/parser/test_expression_fact_emission.c:848;tests/parser/test_expression_fact_emission.c:907;tests/parser/test_expression_fact_emission.c:908;tests/parser/test_expression_fact_emission.c:1156;tests/parser/test_expression_fact_emission.c:1157;tests/parser/test_expression_fact_emission.c:1212;tests/parser/test_expression_fact_emission.c:1213;tests/parser/test_expression_fact_emission.c:1262;tests/parser/test_expression_fact_emission.c:1263;tests/parser/test_logical_fact_emission.c:112;tests/parser/test_logical_fact_emission.c:192;tests/parser/test_logical_fact_emission.c:233;tests/parser/test_numeric_range_inference.c:417;tests/parser/test_ownership_intrinsic_member_separation.c:1456;tests/parser/test_semantic_facts.c:185;tests/parser/test_semantic_facts.c:233;tests/parser/test_type_inference.c:1115;tests/parser/test_type_inference.c:1158;zr_vm_cli/src/zr_vm_cli/repl/repl_semantic_fact_walkers.c:210;zr_vm_language_server/src/zr_vm_language_server/interface/lsp_canonical_symbol_display.c:77;zr_vm_language_server/src/zr_vm_language_server/interface/lsp_completion_semantic_facts.c:518;zr_vm_language_server/src/zr_vm_language_server/interface/lsp_signature_semantic_facts.c:458;zr_vm_language_server/src/zr_vm_language_server/lsp_signature_help.c:890;zr_vm_language_server/src/zr_vm_language_server/lsp_signature_help.c:997;zr_vm_language_server/src/zr_vm_language_server/semantic/lsp_local_semantic_query.c:281;zr_vm_language_server/src/zr_vm_language_server/semantic/lsp_local_semantic_query.c:335;zr_vm_language_server/src/zr_vm_language_server/semantic/semantic_analyzer_expression_query.c:609;zr_vm_lib_debug/src/zr_vm_lib_debug/debug_formal_evaluation.c:251;zr_vm_lib_debug/src/zr_vm_lib_debug/debug_semantic_facts.c:580;zr_vm_parser/src/zr_vm_parser/compiler/compile_expression_receiver_guard.c:99;zr_vm_parser/src/zr_vm_parser/compiler/compile_expression_receiver_guard.c:230;zr_vm_parser/src/zr_vm_parser/compiler/compile_expression_receiver_guard.c:281;zr_vm_parser/src/zr_vm_parser/compiler/compile_expression_receiver_guard.c:320;zr_vm_parser/src/zr_vm_parser/compiler/compile_expression_receiver_guard.c:570;zr_vm_parser/src/zr_vm_parser/compiler/compiler_semantic_ir_optional.c:51;zr_vm_parser/src/zr_vm_parser/type_inference/type_inference_call_argument_semantic_facts.c:134	为节点语义查询提供该节点最近发布的表达式证据。	不补造或重新推断缺失事实；同节点替换还会使旧 inferredType 原生载荷失效。; 返回当前 context 事实数组内的借用指针或 NULL；对应数组增长、Reset/Free 后不得持有，也不能将记录或其 context ID 跨快照使用。	zr_vm_parser/include/zr_vm_parser/semantic_facts.h:508;zr_vm_parser/src/zr_vm_parser/semantic/semantic_facts.c:850;zr_vm_parser/src/zr_vm_parser/semantic/semantic_facts.c:602	commented	已独立复核的调用契约；查first同非NULLnode，不保证语义是最终有效；同node append覆盖只保证最近发布projection。借用地址即使未增长，同node替换会释放旧inferred type载荷。
zr_vm_parser/include/zr_vm_parser/semantic_facts.h	ZrParser_SemanticFacts_FindExpressionAtPosition	api declaration	tests/language_server/test_lsp_local_semantic_snapshot_cases.h:49;tests/language_server/test_lsp_signature_snapshot_fact_cases.h:51;tests/language_server/test_semantic_analyzer_exact_type_cases.h:144;tests/parser/test_semantic_facts.c:186;tests/parser/test_semantic_facts.c:234;zr_vm_language_server/src/zr_vm_language_server/semantic/semantic_analyzer_expression_query.c:601;zr_vm_parser/src/zr_vm_parser/semantic/semantic_query.c:765;zr_vm_parser/src/zr_vm_parser/semantic/semantic_query.c:893;zr_vm_parser/src/zr_vm_parser/semantic/semantic_query_canonical.c:299	为位置语义查询提供当前位置的表达式证据。	位置仅取 position.start；双方各有非零端 offset 时按 offset 闭区间命中，否则按行列。命中须同源，跨度评分只取 offset 差。 该选择仅定位已有投影，不证明类型可供规范查询使用；等宽候选采用后项。; 返回当前 context 事实数组内的借用指针或 NULL；对应数组增长、Reset/Free 后不得持有，也不能将记录或其 context ID 跨快照使用。	zr_vm_parser/include/zr_vm_parser/semantic_facts.h:515;zr_vm_parser/src/zr_vm_parser/semantic/semantic_facts.c:869;zr_vm_parser/src/zr_vm_parser/semantic/semantic_facts.c:51	commented	已独立复核的调用契约；命中只测试position.start而不是整query区间；双方各自存在非0任端offset才offset闭区间，否则行列。评分始终offset差，不是fallback行列宽；等宽后项。
zr_vm_parser/include/zr_vm_parser/semantic_facts.h	ZrParser_SemanticFacts_FindReferenceAtPosition	api declaration	tests/language_server/test_lsp_interface.c:8227;tests/language_server/test_semantic_analyzer.c:1474;tests/language_server/test_semantic_analyzer.c:1492;tests/language_server/test_semantic_analyzer.c:4071;tests/parser/test_assignment_reference_diagnostic_cases.h:60;tests/parser/test_assignment_reference_diagnostic_cases.h:62;tests/parser/test_reference_fact_emission.c:118;tests/parser/test_reference_fact_emission.c:120;tests/parser/test_reference_fact_emission.c:210;tests/parser/test_reference_fact_emission.c:281;tests/parser/test_reference_fact_emission.c:387;tests/parser/test_reference_fact_emission.c:389;tests/parser/test_reference_fact_emission.c:521;tests/parser/test_reference_fact_emission.c:523;tests/parser/test_reference_fact_emission.c:595;tests/parser/test_reference_fact_emission.c:596;tests/parser/test_reference_fact_emission.c:748;tests/parser/test_reference_fact_emission.c:750;tests/parser/test_semantic_facts.c:271;tests/parser/test_semantic_facts.c:277;tests/parser/test_semantic_facts.c:282;zr_vm_cli/src/zr_vm_cli/repl/repl_semantic_fact_walkers.c:280;zr_vm_cli/src/zr_vm_cli/repl/repl_semantic_fact_walkers.c:295;zr_vm_cli/src/zr_vm_cli/repl/repl_semantic_facts.c:311;zr_vm_language_server/src/zr_vm_language_server/interface/lsp_interface_support.c:2143;zr_vm_language_server/src/zr_vm_language_server/semantic/lsp_local_semantic_query.c:543;zr_vm_language_server/src/zr_vm_language_server/semantic/lsp_local_semantic_query.c:672;zr_vm_lib_debug/src/zr_vm_lib_debug/debug_evaluation_effect.c:374;zr_vm_lib_debug/src/zr_vm_lib_debug/debug_semantic_facts.c:598;zr_vm_parser/src/zr_vm_parser/semantic/semantic_query.c:788;zr_vm_parser/src/zr_vm_parser/semantic/semantic_query.c:818;zr_vm_parser/src/zr_vm_parser/semantic/semantic_query.c:899;zr_vm_parser/src/zr_vm_parser/semantic/semantic_query_canonical.c:298;zr_vm_parser/src/zr_vm_parser/semantic/semantic_query_property.c:147	为导航和位置语义查询提供当前位置的引用证据。	位置仅取 position.start；两个 range 各有至少一个非零端 offset 时按 offset 闭区间命中，否则按行列。命中须同源；先偏好 range 起点与光标相同的候选，再比较较小 offset 跨度和较高引用用途优先级，完全平局保留前项。返回事实仍须满足具体 consumer 的身份门槛。; 返回当前 context 事实数组内的借用指针或 NULL；对应数组增长、Reset/Free 后不得持有，也不能将记录或其 context ID 跨快照使用。	zr_vm_parser/include/zr_vm_parser/semantic_facts.h:522;zr_vm_parser/src/zr_vm_parser/semantic/semantic_facts.c:894;zr_vm_parser/src/zr_vm_parser/semantic/semantic_facts.c:51	commented	已独立复核的调用契约；start偏好，再width，再kind优先，完全平局前项。需明确width仅offset，linecolumn命中仍offset评分；query.end只有决定分支的用途，不按query整段包含。
zr_vm_parser/include/zr_vm_parser/semantic_facts.h	ZrParser_SemanticFacts_FindReferenceAtPositionByKind	api declaration	tests/parser/test_compiler_semantic_query_diagnostics.c:756;tests/parser/test_compiler_semantic_query_diagnostics.c:760;tests/parser/test_compiler_semantic_query_diagnostics.c:772;tests/parser/test_compiler_semantic_query_diagnostics.c:841;tests/parser/test_compiler_semantic_query_diagnostics.c:845;tests/parser/test_compiler_semantic_query_diagnostics.c:857;tests/parser/test_compiler_semantic_query_diagnostics.c:861;tests/parser/test_compiler_semantic_query_diagnostics.c:924;tests/parser/test_compiler_semantic_query_diagnostics.c:928;tests/parser/test_compiler_semantic_query_diagnostics.c:940;tests/parser/test_semantic_facts.c:547;tests/parser/test_semantic_facts.c:551;tests/parser/test_semantic_facts.c:555;tests/parser/test_semantic_facts.c:559;tests/parser/test_semantic_facts.c:644;tests/parser/test_semantic_facts.c:733;tests/parser/test_semantic_facts.c:819;tests/parser/test_semantic_facts.c:910;tests/parser/test_semantic_facts.c:920;tests/parser/test_semantic_facts.c:1068;tests/parser/test_semantic_facts.c:1072;tests/parser/test_semantic_facts.c:1083;tests/parser/test_semantic_query_symbols.c:1817;tests/parser/test_semantic_query_symbols.c:2098;tests/parser/test_semantic_query_symbols.c:2102;tests/parser/test_semantic_query_symbols.c:2254;tests/parser/test_semantic_query_symbols.c:2258;zr_vm_language_server/src/zr_vm_language_server/lsp_canonical_signature_help.c:212;zr_vm_language_server/src/zr_vm_language_server/lsp_signature_help.c:893;zr_vm_lib_debug/src/zr_vm_lib_debug/debug_semantic_facts.c:604	为需要特定引用用途的语义查询提供当前位置的引用证据。	位置仅取 position.start；双方各有非零端 offset 时按 offset 闭区间命中，否则按行列。命中须同源，跨度评分只取 offset 差。 用途由 kind 限定；等宽候选保留前项，不采用普通引用位置查询的起点偏好。; 返回当前 context 事实数组内的借用指针或 NULL；对应数组增长、Reset/Free 后不得持有，也不能将记录或其 context ID 跨快照使用。	zr_vm_parser/include/zr_vm_parser/semantic_facts.h:529;zr_vm_parser/src/zr_vm_parser/semantic/semantic_facts.c:931;zr_vm_parser/src/zr_vm_parser/semantic/semantic_facts.c:51	commented	已独立复核的调用契约；kind过滤后contains(position.start)，offsetwidth最小，平局前项；不继承普通Reference start偏好或kindpriority；零offset不能解释为column宽。
zr_vm_parser/include/zr_vm_parser/semantic_facts.h	ZrParser_SemanticFacts_FindReferenceByNodeAndKind	api declaration	tests/debug/test_debug_canonical_binding_cases.h:221;tests/debug/test_debug_canonical_binding_cases.h:389;tests/debug/test_debug_canonical_binding_cases.h:511;tests/debug/test_debug_canonical_binding_cases.h:558;tests/parser/test_expression_fragment_parser.c:179;tests/parser/test_expression_fragment_parser.c:249;tests/parser/test_expression_fragment_parser.c:331;tests/parser/test_expression_fragment_parser.c:344;tests/parser/test_pre_semantic_ir_dynamic_object_local.inc:113;tests/parser/test_reference_field_fact_cases.h:103;tests/parser/test_reference_field_fact_cases.h:173;tests/parser/test_reference_field_fact_cases.h:209;tests/parser/test_reference_field_fact_cases.h:266;tests/parser/test_reference_field_fact_cases.h:268;tests/parser/test_reference_field_fact_cases.h:95;tests/parser/test_semantic_declaration_binding_cases.h:159;tests/parser/test_semantic_query_call_type_lifetime_cases.h:111;tests/parser/test_type_inference_dynamic_return.inc:45;zr_vm_lib_debug/src/zr_vm_lib_debug/debug_evaluation_effect.c:185;zr_vm_lib_debug/src/zr_vm_lib_debug/debug_formal_evaluation_execute.c:249;zr_vm_lib_debug/src/zr_vm_lib_debug/debug_formal_evaluation_execute.c:398;zr_vm_lib_debug/src/zr_vm_lib_debug/debug_semantic_facts.c:556;zr_vm_lib_debug/src/zr_vm_lib_debug/debug_semantic_facts.c:563;zr_vm_lib_debug/src/zr_vm_lib_debug/debug_semantic_facts.c:569;zr_vm_parser/src/zr_vm_parser/compiler/compile_expression_receiver_guard.c:96;zr_vm_parser/src/zr_vm_parser/compiler/compiler_bindings.c:478;zr_vm_parser/src/zr_vm_parser/compiler/compiler_semantic_ir_optional.c:47;zr_vm_parser/src/zr_vm_parser/type_inference/type_inference_member_facts.c:100;zr_vm_parser/src/zr_vm_parser/type_inference/type_inference_member_facts.c:160;zr_vm_parser/src/zr_vm_parser/type_inference/type_inference_ownership_intrinsic.c:82	为依赖节点 identity 和引用用途的分析提供已有引用证据。；未标注动态 object 的编译和 return 推断测试按节点及 READ 取得事实，核对来源 SymbolId 保留而 canonical TypeId 仍未知；前者另验证 legacy GET_STACK 与 source CFG fallback。	kind 区分同节点的不同用途；该查询不验证 resolved、ID 或 source 的有效性，也不补造缺失事实。; 返回当前 context 事实数组内的借用指针或 NULL；对应数组增长、Reset/Free 后不得持有，也不能将记录或其 context ID 跨快照使用。；两测试有意读取 TypeId=INVALID 的事实来断言未知身份，不以该值查询 canonical 节点；同一 compiler/context/AST 在消费期间存活，查询至最后解引用之间无事实追加、Reset 或 Free。	zr_vm_parser/include/zr_vm_parser/semantic_facts.h:537;zr_vm_parser/src/zr_vm_parser/semantic/semantic_facts.c:959;tests/parser/test_pre_semantic_ir_dynamic_object_local.inc:71;tests/parser/test_pre_semantic_ir_dynamic_object_local.inc:116;tests/parser/test_pre_semantic_ir_dynamic_object_local.inc:117;tests/parser/test_pre_semantic_ir_dynamic_object_local.inc:146;tests/parser/test_type_inference_dynamic_return.inc:1;tests/parser/test_type_inference_dynamic_return.inc:48;tests/parser/test_type_inference_dynamic_return.inc:49;tests/parser/test_type_inference_dynamic_return.inc:55	commented	已独立复核的调用契约；按node指针identity和kind first，不查source/ID/resolved；NULLnode/context或未命中NULL，借用referencearray内元素。 三个遗漏的 .inc 调用函数经独立及根代理 FULL 复核后补入，不继承原语料不存在的 FULL 状态；本 getter 的实际调用正确。
zr_vm_parser/include/zr_vm_parser/semantic_facts.h	ZrParser_SemanticFacts_FindNumericByNode	api declaration	tests/language_server/test_lsp_local_semantic_scope_cases.h:186;tests/language_server/test_lsp_local_semantic_scope_cases.h:199;tests/language_server/test_lsp_local_semantic_scope_cases.h:209;tests/language_server/test_lsp_local_semantic_scope_cases.h:585;tests/parser/bitwise_zero_minus_shift_supported_count_range_test_support.c:115;tests/parser/test_bitwise_zero_minus_rhs_range_inference.c:112;tests/parser/test_bitwise_zero_minus_shift_exact_zero_count_range_inference.c:112;tests/parser/test_bitwise_zero_minus_unary_rhs_range_inference.c:112;tests/parser/test_bitwise_zero_wrapper_range_inference.c:112;tests/parser/test_expression_fact_emission.c:138;tests/parser/test_expression_fact_emission.c:263;tests/parser/test_expression_fact_emission.c:314;tests/parser/test_expression_fact_emission.c:352;tests/parser/test_expression_fact_emission.c:398;tests/parser/test_expression_fact_emission.c:574;tests/parser/test_expression_fact_emission.c:604;tests/parser/test_expression_fact_emission.c:636;tests/parser/test_expression_fact_emission.c:717;tests/parser/test_expression_fact_emission.c:750;tests/parser/test_expression_fact_emission.c:849;tests/parser/test_expression_fact_emission.c:962;tests/parser/test_expression_fact_emission.c:1009;tests/parser/test_expression_fact_emission.c:1056;tests/parser/test_expression_fact_emission.c:1102;tests/parser/test_expression_fact_emission.c:1158;tests/parser/test_expression_fact_emission.c:1214;tests/parser/test_expression_fact_emission.c:1264;tests/parser/test_expression_fact_emission.c:1309;tests/parser/test_numeric_branch_assignment_dataflow.c:146;tests/parser/test_numeric_branch_assignment_dataflow.c:205;tests/parser/test_numeric_branch_assignment_dataflow.c:282;tests/parser/test_numeric_branch_assignment_dataflow.c:341;tests/parser/test_numeric_branch_assignment_dataflow.c:401;tests/parser/test_numeric_branch_assignment_dataflow.c:462;tests/parser/test_numeric_branch_assignment_dataflow.c:529;tests/parser/test_numeric_branch_assignment_dataflow.c:584;tests/parser/test_numeric_branch_assignment_dataflow.c:641;tests/parser/test_numeric_branch_refinement.c:141;tests/parser/test_numeric_branch_refinement.c:198;tests/parser/test_numeric_branch_refinement.c:255;tests/parser/test_numeric_branch_refinement.c:313;tests/parser/test_numeric_branch_refinement.c:371;tests/parser/test_numeric_branch_refinement.c:429;tests/parser/test_numeric_branch_refinement.c:497;tests/parser/test_numeric_branch_refinement.c:566;tests/parser/test_numeric_branch_refinement.c:637;tests/parser/test_numeric_branch_refinement.c:697;tests/parser/test_numeric_branch_refinement.c:756;tests/parser/test_numeric_branch_refinement.c:815;tests/parser/test_numeric_branch_refinement.c:875;tests/parser/test_numeric_branch_refinement.c:934;tests/parser/test_numeric_branch_refinement.c:994;tests/parser/test_numeric_branch_segment_sets.c:205;tests/parser/test_numeric_branch_segment_sets.c:259;tests/parser/test_numeric_branch_segment_sets.c:316;tests/parser/test_numeric_for_header_assignment_dataflow.c:146;tests/parser/test_numeric_foreach_cardinality_dataflow.c:164;tests/parser/test_numeric_loop_assignment_dataflow.c:188;tests/parser/test_numeric_loop_assignment_dataflow.c:242;tests/parser/test_numeric_loop_assignment_dataflow.c:299;tests/parser/test_numeric_loop_assignment_dataflow.c:357;tests/parser/test_numeric_loop_assignment_dataflow.c:408;tests/parser/test_numeric_loop_assignment_dataflow.c:463;tests/parser/test_numeric_loop_assignment_dataflow.c:530;tests/parser/test_numeric_loop_assignment_dataflow.c:577;tests/parser/test_numeric_loop_assignment_dataflow.c:628;tests/parser/test_numeric_loop_assignment_dataflow.c:678;tests/parser/test_numeric_loop_assignment_dataflow.c:729;tests/parser/test_numeric_loop_assignment_dataflow.c:780;tests/parser/test_numeric_loop_assignment_dataflow.c:831;tests/parser/test_numeric_loop_assignment_dataflow.c:882;tests/parser/test_numeric_loop_assignment_dataflow.c:933;tests/parser/test_numeric_loop_constant_condition_dataflow.c:128;tests/parser/test_numeric_loop_constant_condition_dataflow.c:178;tests/parser/test_numeric_loop_constant_condition_dataflow.c:220;tests/parser/test_numeric_loop_self_dependency_conditional_delta_bitwise_arithmetic_offset_dataflow.c:110;tests/parser/test_numeric_loop_self_dependency_conditional_delta_bitwise_offset_expression_dataflow.c:110;tests/parser/test_numeric_loop_self_dependency_conditional_delta_dataflow.c:110;tests/parser/test_numeric_loop_self_dependency_conditional_delta_negative_offset_expression_dataflow.c:112;tests/parser/test_numeric_loop_self_dependency_conditional_delta_negative_offset_product_dataflow.c:113;tests/parser/test_numeric_loop_self_dependency_conditional_delta_negative_offset_zero_inclusive_additive_dataflow.c:113;tests/parser/test_numeric_loop_self_dependency_conditional_delta_negative_offset_zero_inclusive_difference_dataflow.c:113;tests/parser/test_numeric_loop_self_dependency_conditional_delta_negative_offset_zero_inclusive_identity_dataflow.c:113;tests/parser/test_numeric_loop_self_dependency_conditional_delta_negative_offset_zero_inclusive_product_dataflow.c:113;tests/parser/test_numeric_loop_self_dependency_conditional_delta_negative_offset_zero_inclusive_subtractive_dataflow.c:113;tests/parser/test_numeric_loop_self_dependency_conditional_delta_negative_offset_zero_inclusive_sum_dataflow.c:113;tests/parser/test_numeric_loop_self_dependency_conditional_delta_negative_offset_zero_inclusive_unary_dataflow.c:113;tests/parser/test_numeric_loop_self_dependency_conditional_delta_offset_expression_dataflow.c:110;tests/parser/test_numeric_loop_self_dependency_conditional_delta_target_positive_dataflow.c:112;tests/parser/test_numeric_loop_self_dependency_conditional_delta_target_unary_dataflow.c:112;tests/parser/test_numeric_loop_self_dependency_dataflow.c:110;tests/parser/test_numeric_loop_self_dependency_dataflow.c:156;tests/parser/test_numeric_loop_self_dependency_dataflow.c:207;tests/parser/test_numeric_loop_self_dependency_dataflow.c:258;tests/parser/test_numeric_loop_self_dependency_dataflow.c:309;tests/parser/test_numeric_loop_self_dependency_dataflow.c:361;tests/parser/test_numeric_loop_self_dependency_dataflow.c:414;tests/parser/test_numeric_loop_self_dependency_dataflow.c:467;tests/parser/test_numeric_loop_self_dependency_dataflow.c:519;tests/parser/test_numeric_loop_self_dependency_dataflow.c:571;tests/parser/test_numeric_loop_self_dependency_dataflow.c:622;tests/parser/test_numeric_loop_self_dependency_dataflow.c:673;tests/parser/test_numeric_loop_self_dependency_dataflow.c:726;tests/parser/test_numeric_loop_self_dependency_symbolic_coeff_cross_deeper_scale_dataflow.c:110;tests/parser/test_numeric_loop_self_dependency_symbolic_coeff_cross_five_additional_scale_dataflow.c:110;tests/parser/test_numeric_loop_self_dependency_symbolic_coeff_cross_four_additional_scale_dataflow.c:110;tests/parser/test_numeric_loop_self_dependency_symbolic_coeff_cross_four_additional_scale_reader_dataflow.c:122;tests/parser/test_numeric_loop_self_dependency_symbolic_coeff_cross_seven_additional_scale_dataflow.c:110;tests/parser/test_numeric_loop_self_dependency_symbolic_coeff_cross_six_additional_scale_dataflow.c:110;tests/parser/test_numeric_loop_self_dependency_symbolic_coeff_cross_three_additional_scale_dataflow.c:110;tests/parser/test_numeric_loop_self_dependency_symbolic_coefficient_cross_dataflow.c:110;tests/parser/test_numeric_loop_self_dependency_symbolic_coefficient_dataflow.c:110;tests/parser/test_numeric_loop_self_dependency_symbolic_dataflow.c:110;tests/parser/test_numeric_loop_self_dependency_symbolic_product_dataflow.c:110;tests/parser/test_numeric_nested_loop_assignment_dataflow.c:149;tests/parser/test_numeric_range_inference.c:117;tests/parser/test_numeric_range_inference.c:167;tests/parser/test_numeric_range_inference.c:204;tests/parser/test_numeric_range_inference.c:249;tests/parser/test_numeric_range_inference.c:286;tests/parser/test_numeric_range_inference.c:331;tests/parser/test_numeric_range_inference.c:369;tests/parser/test_selfdep_bitwise_idempotent_wrapper_offset.c:111;tests/parser/test_selfdep_neg_zero_product_unary_same_diff.c:113;tests/parser/test_semantic_facts.c:358;tests/parser/test_type_inference.c:1116;tests/parser/test_type_inference.c:1159;zr_vm_cli/src/zr_vm_cli/repl/repl_semantic_fact_walkers.c:82;zr_vm_language_server/src/zr_vm_language_server/interface/lsp_completion_semantic_facts.c:519;zr_vm_language_server/src/zr_vm_language_server/interface/lsp_inlay_hints.c:242;zr_vm_language_server/src/zr_vm_language_server/interface/lsp_signature_semantic_facts.c:459;zr_vm_language_server/src/zr_vm_language_server/semantic/lsp_local_semantic_query.c:358;zr_vm_lib_debug/src/zr_vm_lib_debug/debug_semantic_facts.c:588;zr_vm_parser/src/zr_vm_parser/type_inference/type_inference_interval_logic.c:22	为节点语义查询提供按既有信息排序选出的单条数值事实，不合并范围或汇总其它候选的风险。	mayOverflow 只在 exactness、分段信息、signed 范围存在性及宽度、unsigned 范围存在性均相同时作为最后偏好；完全平局保留前项，返回事实不能解释为无溢出证明。; 返回当前 context 事实数组内的借用指针或 NULL；对应数组增长、Reset/Free 后不得持有，也不能将记录或其 context ID 跨快照使用。	zr_vm_parser/include/zr_vm_parser/semantic_facts.h:545;zr_vm_parser/src/zr_vm_parser/semantic/semantic_facts.c:1045;zr_vm_parser/src/zr_vm_parser/semantic/semantic_facts.c:982	commented	已独立复核的调用契约；必须明写数值方向：exactness更高、segments存在/更多、hasRange、signed更窄、hasUnsigned、mayOverflow TRUE；不是更少段或无溢出优先；tie前项。
zr_vm_parser/include/zr_vm_parser/semantic_facts.h	ZrParser_SemanticFacts_FindReachabilityAtPosition	api declaration	tests/language_server/test_semantic_analyzer.c:2994;tests/language_server/test_semantic_analyzer.c:2996;tests/language_server/test_semantic_analyzer.c:3088;tests/language_server/test_semantic_analyzer.c:3090;tests/parser/test_cfg_constant_conditions.c:208;tests/parser/test_cfg_finally_abrupt.c:175;tests/parser/test_cfg_float_arithmetic_conditions.c:140;tests/parser/test_cfg_integer_bitwise_conditions.c:126;tests/parser/test_cfg_reachability.c:313;tests/parser/test_cfg_reachability.c:364;tests/parser/test_cfg_reachability.c:391;tests/parser/test_cfg_reachability.c:419;tests/parser/test_cfg_reachability.c:447;tests/parser/test_cfg_reachability.c:477;tests/parser/test_cfg_reachability.c:735;tests/parser/test_cfg_reachability.c:766;tests/parser/test_cfg_reachability.c:796;tests/parser/test_cfg_reachability.c:828;tests/parser/test_cfg_reachability.c:859;tests/parser/test_cfg_reachability.c:889;tests/parser/test_cfg_reachability.c:922;tests/parser/test_cfg_reachability.c:954;tests/parser/test_cfg_reachability.c:982;tests/parser/test_cfg_reachability.c:1015;tests/parser/test_cfg_reachability.c:1045;tests/parser/test_cfg_reachability.c:1078;tests/parser/test_cfg_reachability.c:1109;tests/parser/test_cfg_reachability.c:1142;tests/parser/test_cfg_reachability.c:1183;tests/parser/test_cfg_switch_constants.c:185;tests/parser/test_cfg_throw_effects.c:38;tests/parser/test_cfg_try_catch_edges.c:437;tests/parser/test_cfg_typed_catch_branch_flow.c:301;tests/parser/test_cfg_typed_catch_flow.c:431;tests/parser/test_cfg_typed_catch_loop_flow.c:343;tests/parser/test_cfg_typed_catch_switch_flow.c:378;tests/parser/test_cfg_union_exhaustiveness.c:106;tests/parser/test_expression_fact_emission.c:536;tests/parser/test_expression_fact_emission.c:1312;tests/parser/test_semantic_facts.c:389;tests/parser/test_semantic_facts.c:418;zr_vm_cli/src/zr_vm_cli/repl/repl_semantic_facts.c:371;zr_vm_language_server/src/zr_vm_language_server/semantic/lsp_local_semantic_query.c:455;zr_vm_language_server/src/zr_vm_language_server/semantic/lsp_local_semantic_query.c:463;zr_vm_language_server/src/zr_vm_language_server/semantic/lsp_local_semantic_query.c:548;zr_vm_lib_debug/src/zr_vm_lib_debug/debug_semantic_facts.c:617;zr_vm_parser/src/zr_vm_parser/semantic/semantic_query.c:907	为位置语义查询提供节点可达性和原因的已有证据。	只定位包含 position.start 的同源事实；优先直接转移之后的原因，等优先级保留前项。返回事实未按可达状态筛选，诊断 consumer 仍须检查 state。; 返回当前 context 事实数组内的借用指针或 NULL；对应数组增长、Reset/Free 后不得持有，也不能将记录或其 context ID 跨快照使用。	zr_vm_parser/include/zr_vm_parser/semantic_facts.h:552;zr_vm_parser/src/zr_vm_parser/semantic/semantic_facts.c:1082;zr_vm_parser/src/zr_vm_parser/semantic/semantic_facts.c:51	commented	已独立复核的调用契约；四种AFTER_RETURN/THROW/BREAK/CONTINUE cause优先；既不按width也不按state过滤。与其他positionlookup同contains规则，不能把事实node称为return本身。
zr_vm_parser/include/zr_vm_parser/semantic_facts.h	ZrParser_SemanticFacts_FindLogicalByNode	api declaration	tests/parser/test_expression_fact_emission.c:440;tests/parser/test_expression_fact_emission.c:535;tests/parser/test_expression_fact_emission.c:1310;tests/parser/test_logical_fact_emission.c:113;tests/parser/test_logical_fact_emission.c:193;tests/parser/test_logical_fact_emission.c:234;tests/parser/test_numeric_range_inference.c:418;tests/parser/test_numeric_range_inference.c:490;tests/parser/test_semantic_facts.c:311;zr_vm_cli/src/zr_vm_cli/repl/repl_semantic_fact_walkers.c:116;zr_vm_language_server/src/zr_vm_language_server/interface/lsp_completion_semantic_facts.c:520;zr_vm_language_server/src/zr_vm_language_server/interface/lsp_inlay_hints.c:243;zr_vm_language_server/src/zr_vm_language_server/interface/lsp_signature_semantic_facts.c:460;zr_vm_language_server/src/zr_vm_language_server/semantic/lsp_local_semantic_query.c:401;zr_vm_language_server/src/zr_vm_language_server/semantic/lsp_local_semantic_query.c:414;zr_vm_language_server/src/zr_vm_language_server/semantic/lsp_local_semantic_query.c:422;zr_vm_language_server/src/zr_vm_language_server/semantic/lsp_local_semantic_query.c:430;zr_vm_language_server/src/zr_vm_language_server/semantic/lsp_local_semantic_query.c:437;zr_vm_language_server/src/zr_vm_language_server/semantic/semantic_analyzer_constant_condition.c:108;zr_vm_lib_debug/src/zr_vm_lib_debug/debug_semantic_facts.c:612;zr_vm_parser/src/zr_vm_parser/type_inference/type_inference_interval_logic.c:122;zr_vm_parser/src/zr_vm_parser/type_inference/type_inference_semantic_facts.c:647	为节点语义查询和后续推断提供已有逻辑证据。	同节点可有不同用途的逻辑事实；返回首条并不证明 hasKnownValue 或可作条件证明，consumer 须检查相应字段。; 返回当前 context 事实数组内的借用指针或 NULL；对应数组增长、Reset/Free 后不得持有，也不能将记录或其 context ID 跨快照使用。	zr_vm_parser/include/zr_vm_parser/semantic_facts.h:559;zr_vm_parser/src/zr_vm_parser/semantic/semantic_facts.c:1107;zr_vm_parser/src/zr_vm_parser/type_inference/type_inference_semantic_facts.c:627	commented	已独立复核的调用契约；node identity first，hasKnownValue/分类不在finder gate；专用producer consumer627-660另行筛ALWAYS_TRUE/FALSE。
zr_vm_parser/include/zr_vm_parser/semantic_facts.h	ZrParser_SemanticFacts_FindLogicalAtPosition	api declaration	tests/parser/test_logical_fact_emission.c:114;tests/parser/test_logical_fact_emission.c:235;tests/parser/test_semantic_facts.c:312;zr_vm_language_server/src/zr_vm_language_server/semantic/lsp_local_semantic_query.c:407;zr_vm_parser/src/zr_vm_parser/semantic/semantic_query.c:913	为位置语义查询提供当前位置的逻辑证据。	位置仅取 position.start；双方各有非零端 offset 时按 offset 闭区间命中，否则按行列。命中须同源，跨度评分只取 offset 差。 等宽候选采用后项；返回事实不保证存在 knownValue。; 返回当前 context 事实数组内的借用指针或 NULL；对应数组增长、Reset/Free 后不得持有，也不能将记录或其 context ID 跨快照使用。	zr_vm_parser/include/zr_vm_parser/semantic_facts.h:566;zr_vm_parser/src/zr_vm_parser/semantic/semantic_facts.c:1126;zr_vm_parser/src/zr_vm_parser/semantic/semantic_facts.c:51	commented	已独立复核的调用契约；contains(position.start)，widthoffset差最小，equal后项；行列fallback只参与命中，不算行列span，knownValue不筛选。
zr_vm_parser/include/zr_vm_parser/semantic_facts.h	ZrParser_SemanticFacts_FindOwnershipByNode	api declaration	tests/parser/test_expression_fact_emission.c:909;tests/parser/test_ownership_intrinsic_member_separation.c:1000;tests/parser/test_ownership_intrinsic_member_separation.c:1113;tests/parser/test_ownership_intrinsic_member_separation.c:1535;zr_vm_cli/src/zr_vm_cli/repl/repl_semantic_fact_walkers.c:244;zr_vm_language_server/src/zr_vm_language_server/semantic/lsp_local_semantic_query.c:485;zr_vm_lib_debug/src/zr_vm_lib_debug/debug_evaluation_effect.c:352;zr_vm_lib_debug/src/zr_vm_lib_debug/debug_semantic_facts.c:622	为节点语义查询提供已有所有权证据。	同节点可并存迁移与错误事实；返回首条不能解释为最严重违规或完整生命周期证明。; 返回当前 context 事实数组内的借用指针或 NULL；对应数组增长、Reset/Free 后不得持有，也不能将记录或其 context ID 跨快照使用。	zr_vm_parser/include/zr_vm_parser/semantic_facts.h:573;zr_vm_parser/src/zr_vm_parser/semantic/semantic_facts.c:1151;zr_vm_parser/src/zr_vm_parser/type_inference/dataflow_ownership_observations.c:184	commented	已独立复核的调用契约；同node首条，追加允许同node transition/error并存；不能把首条当最严重违规，position另有排序。
zr_vm_parser/include/zr_vm_parser/semantic_facts.h	ZrParser_SemanticFacts_FindOwnershipAtPosition	api declaration	tests/language_server/test_ownership_diagnostics.c:329;tests/language_server/test_ownership_diagnostics.c:583;tests/language_server/test_ownership_diagnostics.c:586;tests/language_server/test_ownership_diagnostics.c:795;tests/language_server/test_ownership_diagnostics_region_cases.h:45;tests/language_server/test_ownership_diagnostics_region_cases.h:48;tests/language_server/test_ownership_diagnostics_region_cases.h:132;tests/language_server/test_ownership_diagnostics_region_cases.h:277;tests/language_server/test_ownership_diagnostics_region_cases.h:359;tests/language_server/test_ownership_diagnostics_region_cases.h:438;tests/language_server/test_ownership_diagnostics_region_cases.h:522;tests/language_server/test_ownership_diagnostics_region_cases.h:525;tests/language_server/test_ownership_diagnostics_region_cases.h:606;tests/language_server/test_ownership_diagnostics_region_cases.h:609;tests/language_server/test_ownership_diagnostics_region_cases.h:708;tests/language_server/test_ownership_diagnostics_region_cases.h:711;tests/language_server/test_semantic_analyzer.c:3383;tests/language_server/test_semantic_analyzer.c:3448;tests/language_server/test_semantic_analyzer.c:3548;tests/language_server/test_semantic_analyzer.c:3552;tests/language_server/test_semantic_analyzer.c:3641;tests/language_server/test_semantic_analyzer.c:3728;tests/language_server/test_semantic_analyzer.c:3822;tests/language_server/test_semantic_analyzer.c:3918;tests/language_server/test_semantic_analyzer.c:4005;tests/parser/test_assignment_reference_diagnostic_cases.h:74;tests/parser/test_compiler_return_ownership_diagnostics.c:147;tests/parser/test_compiler_semantic_query_diagnostics.c:1537;tests/parser/test_compiler_semantic_query_diagnostics.c:1668;tests/parser/test_semantic_facts.c:455;tests/parser/test_semantic_facts.c:462;zr_vm_language_server/src/zr_vm_language_server/interface/lsp_completion_semantic_facts.c:523;zr_vm_language_server/src/zr_vm_language_server/interface/lsp_signature_semantic_facts.c:463;zr_vm_language_server/src/zr_vm_language_server/semantic/lsp_local_semantic_query.c:493;zr_vm_parser/src/zr_vm_parser/semantic/semantic_query.c:919	为位置语义查询提供当前位置的所有权证据。	位置仅取 position.start；双方各有非零端 offset 时按 offset 闭区间命中，否则按行列。命中须同源，跨度评分只取 offset 差。 violation 仅在跨度相等时优先，其余平局保留前项；返回事实仍须按 qualifier、ID 和见证解释。; 返回当前 context 事实数组内的借用指针或 NULL；对应数组增长、Reset/Free 后不得持有，也不能将记录或其 context ID 跨快照使用。	zr_vm_parser/include/zr_vm_parser/semantic_facts.h:580;zr_vm_parser/src/zr_vm_parser/semantic/semantic_facts.c:1170;zr_vm_parser/src/zr_vm_parser/semantic/semantic_facts.c:51	commented	已独立复核的调用契约；contains start，先offsetwidth，只有equalwidth才violTRUE优先；其他完全平局前项。不能越过更窄非违规偏好宽违规。
zr_vm_parser/include/zr_vm_parser/semantic_facts.h	ZrParser_SemanticFacts_FindOwnershipIntrinsicByNode	api declaration	tests/parser/test_ownership_intrinsic_member_separation.c:998;tests/parser/test_ownership_intrinsic_member_separation.c:1109;tests/parser/test_ownership_intrinsic_member_separation.c:1142;zr_vm_language_server/src/zr_vm_language_server/interface/lsp_completion_semantic_facts.c:525;zr_vm_language_server/src/zr_vm_language_server/interface/lsp_signature_semantic_facts.c:466;zr_vm_parser/src/zr_vm_parser/compiler/compile_expression_ownership_intrinsic.c:43;zr_vm_parser/src/zr_vm_parser/compiler/compile_expression_ownership_intrinsic.c:52	为节点语义查询提供已有 ownership intrinsic 决策证据。	缺失事实不会由查询补造；返回记录不额外认证 operation、loanId 或 consuming。; 返回当前 context 事实数组内的借用指针或 NULL；对应数组增长、Reset/Free 后不得持有，也不能将记录或其 context ID 跨快照使用。	zr_vm_parser/include/zr_vm_parser/semantic_facts.h:587;zr_vm_parser/src/zr_vm_parser/semantic/semantic_facts.c:1196	commented	已独立复核的调用契约；按非空node first，未按operation/loanId/consuming查有效性；同快照borrowarray元素，NULL非诊断错误。
zr_vm_parser/include/zr_vm_parser/semantic_facts.h	ZrParser_SemanticFacts_FindOwnershipIntrinsicAtPosition	api declaration	zr_vm_language_server/src/zr_vm_language_server/semantic/lsp_local_semantic_query.c:565	为位置语义查询提供当前位置的 ownership intrinsic 决策证据。	位置仅取 position.start；双方各有非零端 offset 时按 offset 闭区间命中，否则按行列。命中须同源，跨度评分只取 offset 差。 必须命中整体 range；nameRange 可帮助定位名称，不能绕过整体范围。等宽候选保留前项。; 返回当前 context 事实数组内的借用指针或 NULL；对应数组增长、Reset/Free 后不得持有，也不能将记录或其 context ID 跨快照使用。	zr_vm_parser/include/zr_vm_parser/semantic_facts.h:595;zr_vm_parser/src/zr_vm_parser/semantic/semantic_facts.c:1216;zr_vm_parser/src/zr_vm_parser/semantic/semantic_facts.c:51	commented	已独立复核的调用契约；整体range须先contains，再nameRange命中时使用nameoffsetwidth否则整体offsetwidth，width最小平局前项。不是任何nameRange命中可绕过整体。
zr_vm_parser/include/zr_vm_parser/semantic_facts.h	ZrParser_SemanticFacts_FindReceiverGuardByNode	api declaration	tests/parser/test_ownership_intrinsic_member_separation.c:1195;tests/parser/test_ownership_intrinsic_member_separation.c:1244;tests/parser/test_ownership_optional_callable_cases.h:228;tests/parser/test_ownership_receiver_guard_contract_cases.h:575;tests/parser/test_ownership_receiver_guard_contract_cases.h:577;tests/parser/test_ownership_receiver_guard_contract_cases.h:611;tests/parser/test_ownership_receiver_guard_contract_cases.h:613;tests/parser/test_pre_semantic_ir_optional_value.inc:462;zr_vm_parser/src/zr_vm_parser/compiler/compile_expression_receiver_guard.c:144;zr_vm_parser/src/zr_vm_parser/compiler/compile_expression_receiver_guard.c:335;zr_vm_parser/src/zr_vm_parser/compiler/compile_expression_receiver_guard.c:383;zr_vm_parser/src/zr_vm_parser/compiler/compile_expression_receiver_guard.c:491;zr_vm_parser/src/zr_vm_parser/type_inference/dataflow_ownership_moves.c:384	为 compiler 和所有权分析提供当前 segment 的 receiver guard 证据。；弱引用 optional 调用测试按首个 member 节点取 guard，核对 WEAK_WAKE/OPTIONAL 与保留的 source CFG、参数副作用及 wake/drop/throw 路径。	按同一 AST 快照的 segment identity 使用；返回记录不证明可直接 lowering，compiler 仍须验证 receiver、链边界和模式。; 返回当前 context 事实数组内的借用指针或 NULL；对应数组增长、Reset/Free 后不得持有，也不能将记录或其 context ID 跨快照使用。；该测试在同一 compiler/AST 快照内先断言结果非空，再核对 kind/mode；取值至最后一次解引用间没有追加、Reset 或 Free，不把 getter 视为完整 lowering 验证。	zr_vm_parser/include/zr_vm_parser/semantic_facts.h:603;zr_vm_parser/src/zr_vm_parser/semantic/semantic_facts.c:1254;zr_vm_parser/src/zr_vm_parser/compiler/compile_expression_receiver_guard.c:127;tests/parser/test_pre_semantic_ir_optional_value.inc:400;tests/parser/test_pre_semantic_ir_optional_value.inc:465;tests/parser/test_pre_semantic_ir_optional_value.inc:467;tests/parser/test_pre_semantic_ir_optional_value.inc:576	commented	已独立复核的调用契约；node是segment identity first；compiler重新验证receiver、firstSegment、ordinal与mode，finder本身不证明guard可lower。 三个遗漏的 .inc 调用函数经独立及根代理 FULL 复核后补入，不继承原语料不存在的 FULL 状态；本 getter 的实际调用正确。
zr_vm_parser/include/zr_vm_parser/semantic_facts.h	semantic facts context-snapshot ownership contract	contract block	zr_vm_parser/src/zr_vm_parser/semantic.c:98;zr_vm_parser/src/zr_vm_parser/semantic.c:237;zr_vm_cli/src/zr_vm_cli/repl/repl_semantic_fact_walkers.c:244	事实与相关 AST/source 属于同一语义快照；ID 域由字段及所属注册表解释，ordinal 不作为 ID。	Append 复制指定原生容器；类型名、constant string、reference name 仍借用，部分展示文本在 state 中重建。; Find 返回数组内借用指针；数组增长、Reset/Free 使记录借用失效；同节点替换更新记录并释放旧类型载荷，使旧载荷的借用失效。; 位置查询仅判断 position.start：双方各有非零端 offset 时用 offset 闭区间，否则用行列，width 评分始终用 offset 差。; Init/Copy/Push 并非都报告分配失败；各 bool API 仅承诺实现显式检查的失败，不构成全局 OOM 或回滚保证。; 内部独立长串副本当前没有 context GC 根；只保持原输入有根不能保住副本，限制见 semantic_facts_clone_string 的 BUG。	zr_vm_parser/include/zr_vm_parser/semantic_facts.h:397;zr_vm_parser/src/zr_vm_parser/semantic/semantic_facts.c:438;zr_vm_parser/include/zr_vm_parser/semantic_facts.h:179;zr_vm_parser/src/zr_vm_parser/type_system.c:389;zr_vm_parser/src/zr_vm_parser/semantic/semantic_facts.c:51;zr_vm_parser/src/zr_vm_parser/semantic/semantic_facts.c:113;zr_vm_parser/src/zr_vm_parser/semantic/semantic_facts.c:607;zr_vm_parser/src/zr_vm_parser/semantic/semantic_facts.c:635;zr_vm_parser/src/zr_vm_parser/semantic/semantic_facts.c:808;zr_vm_parser/src/zr_vm_parser/semantic/semantic_facts.c:814;zr_vm_parser/src/zr_vm_parser/semantic/semantic_facts.c:1019;zr_vm_parser/src/zr_vm_parser/semantic/semantic_facts.c:1042;zr_vm_parser/src/zr_vm_parser/semantic.c:197;zr_vm_parser/src/zr_vm_parser/semantic.c:237	commented	共享快照契约集中区分指定 native owning copy、VM 字符串借用/重建而非自动 rooted、AST/source 借用、查询视图失效、ID 域以及显式失败不等于完整 OOM/回滚协议。各项已由事实实现与对应 consumer 支持；本行不是独立实现函数。
zr_vm_parser/src/zr_vm_parser/semantic/semantic_facts.c	semantic facts module role	module-role	zr_vm_parser/src/zr_vm_parser/type_inference/type_inference_call_semantic_facts.c:381;zr_vm_cli/src/zr_vm_cli/repl/repl_semantic_fact_walkers.c:244	保存与查询同一语义快照的事实投影，连接分析发布者与 compiler、LSP、debug/REPL 消费者。	本层管理原生复制载荷；借用输入、内部 VM 文本的 GC 根及完整 OOM 保证分别受对应契约约束。	zr_vm_parser/src/zr_vm_parser/semantic/semantic_facts.c:465;zr_vm_parser/include/zr_vm_parser/semantic_facts.h:397;zr_vm_parser/src/zr_vm_parser/semantic/semantic_facts.c:808;zr_vm_parser/src/zr_vm_parser/semantic/semantic_facts.c:815;zr_vm_cli/src/zr_vm_cli/repl/repl_semantic_facts.c:143;zr_vm_cli/src/zr_vm_cli/repl/repl_semantic_facts.c:160	commented	文件职责说明连接分析发布者与 REPL 等读取者；实现提供发布、查询和清理，复制与借用的公共契约集中于头部。
zr_vm_parser/include/zr_vm_parser/semantic_facts.h	semantic facts module role	module-role	zr_vm_parser/src/zr_vm_parser/type_inference/type_inference_call_semantic_facts.c:381;zr_vm_cli/src/zr_vm_cli/repl/repl_semantic_fact_walkers.c:244	声明语义事实的发布和查询契约，供分析器与 compiler、LSP、debug/REPL 在同一快照内协作。	ID 域、复制与借用、查询视图有效期以及内部 VM 文本缺根限制见共享事实生命周期说明。	zr_vm_parser/src/zr_vm_parser/semantic/semantic_facts.c:465;zr_vm_parser/include/zr_vm_parser/semantic_facts.h:397;zr_vm_parser/include/zr_vm_parser/semantic_facts.h:190;zr_vm_parser/include/zr_vm_parser/semantic_facts.h:377;zr_vm_parser/src/zr_vm_parser/semantic/semantic_facts.c:808;zr_vm_parser/src/zr_vm_parser/semantic/semantic_facts.c:815;zr_vm_cli/src/zr_vm_cli/repl/repl_semantic_facts.c:143;zr_vm_cli/src/zr_vm_cli/repl/repl_semantic_facts.c:160	commented	头部契约解释 ID 域、复制与借用、查询视图有效期和显式失败边界；声明与实际事实发布及消费路径对应。
